date,0,1,2,3,4,5,6,OT
1990/1/1 0:00,0.7855,1.611,0.861698,0.634196,0.211242,0.006838,0.525486,0.593
1990/1/2 0:00,0.7818,1.61,0.861104,0.633513,0.211242,0.006863,0.523972,0.594
1990/1/3 0:00,0.7867,1.6293,0.86103,0.648508,0.211242,0.006975,0.526316,0.5973
1990/1/4 0:00,0.786,1.637,0.862069,0.650618,0.211242,0.006953,0.523834,0.597
1990/1/5 0:00,0.7849,1.653,0.861995,0.656254,0.211242,0.00694,0.527426,0.5985
1990/1/6 0:00,0.7866,1.6537,0.86103,0.654879,0.211242,0.006887,0.526177,0.604
1990/1/7 0:00,0.7886,1.662,0.862887,0.661157,0.211242,0.006885,0.527565,0.607
1990/1/8 0:00,0.791,1.6568,0.864304,0.659631,0.211242,0.006878,0.527565,0.6084
1990/1/9 0:00,0.7939,1.6695,0.86423,0.66912,0.211242,0.006878,0.528123,0.6115
1990/1/10 0:00,0.7894,1.657,0.858369,0.659413,0.211242,0.006874,0.528123,0.609
1990/1/11 0:00,0.7917,1.6495,0.859107,0.663702,0.211242,0.006873,0.529381,0.612
1990/1/12 0:00,0.7941,1.6445,0.853752,0.658545,0.211242,0.006844,0.529101,0.614
1990/1/13 0:00,0.7935,1.6465,0.848176,0.660284,0.211242,0.006866,0.532765,0.6106
1990/1/14 0:00,0.7954,1.639,0.845309,0.652742,0.211242,0.006829,0.532056,0.6118
1990/1/15 0:00,0.7751,1.649,0.848896,0.66313,0.211242,0.006845,0.53135,0.6052
1990/1/16 0:00,0.7622,1.655,0.843526,0.668226,0.211242,0.006881,0.533049,0.5915
1990/1/17 0:00,0.7583,1.6572,0.839983,0.672043,0.211242,0.006924,0.532623,0.5945
1990/1/18 0:00,0.7605,1.657,0.837591,0.667557,0.211242,0.006976,0.534188,0.5928
1990/1/19 0:00,0.7635,1.678,0.841397,0.672948,0.211242,0.006987,0.535045,0.595
1990/1/20 0:00,0.766,1.6818,0.839913,0.670691,0.211242,0.00694,0.537201,0.597
1990/1/21 0:00,0.7685,1.6794,0.843313,0.664894,0.211242,0.006918,0.536481,0.602
1990/1/22 0:00,0.7702,1.6815,0.842886,0.667468,0.211242,0.006901,0.536193,0.5983
1990/1/23 0:00,0.7735,1.6817,0.841255,0.668003,0.211242,0.006879,0.535475,0.6003
1990/1/24 0:00,0.7655,1.695,0.840407,0.675584,0.211242,0.006878,0.535906,0.5998
1990/1/25 0:00,0.7665,1.702,0.841822,0.677094,0.211242,0.00689,0.538503,0.601
1990/1/26 0:00,0.7575,1.699,0.837872,0.674992,0.211242,0.006874,0.537779,0.5936
1990/1/27 0:00,0.7545,1.687,0.835352,0.668986,0.211242,0.006878,0.536769,0.5915
1990/1/28 0:00,0.7493,1.6925,0.8364,0.668003,0.211242,0.006887,0.536337,0.593
1990/1/29 0:00,0.7521,1.695,0.83167,0.668539,0.211242,0.006935,0.536625,0.5926
1990/1/30 0:00,0.7521,1.6905,0.833403,0.668003,0.211242,0.006925,0.535906,0.5925
1990/1/31 0:00,0.7457,1.696,0.828638,0.670107,0.211242,0.006931,0.536625,0.5815
1990/2/1 0:00,0.75,1.693,0.829187,0.6690351963043213,0.211242,0.006925,0.536193,0.585
1990/2/2 0:00,0.7567,1.6955,0.834028,0.6690351963043213,0.211242,0.006937,0.535045,0.5883
1990/2/3 0:00,0.7595,1.704,0.831947,0.6690351963043213,0.211242,0.006875,0.537634,0.5898
1990/2/4 0:00,0.7586,1.715,0.832432,0.6690351963043213,0.211242,0.006881,0.537346,0.5887
1990/2/5 0:00,0.7646,1.7147,0.83717,0.6690351963043213,0.211242,0.006854,0.536481,0.5897
1990/2/6 0:00,0.7652,1.71,0.835422,0.6690351963043213,0.211242,0.006806,0.535906,0.5902
1990/2/7 0:00,0.765,1.693,0.834725,0.6690351963043213,0.211242,0.006718,0.536193,0.5882
1990/2/8 0:00,0.7605,1.692,0.83696,0.6690351963043213,0.211242,0.006728,0.536049,0.5877
1990/2/9 0:00,0.7601,1.6892,0.838715,0.6690351963043213,0.211242,0.00672,0.535619,0.588
1990/2/10 0:00,0.7635,1.665,0.840195,0.6690351963043213,0.211242,0.006681,0.533333,0.5872
1990/2/11 0:00,0.7596,1.651,0.837521,0.6656572818756104,0.211242,0.006654,0.533333,0.5884
1990/2/12 0:00,0.7585,1.6388,0.839913,0.6656572818756104,0.211242,0.006676,0.534045,0.5878
1990/2/13 0:00,0.7611,1.649,0.84246,0.6656572818756104,0.211242,0.006676,0.533903,0.5891
1990/2/14 0:00,0.7596,1.639,0.843811,0.6656572818756104,0.211242,0.006613,0.533476,0.5889
1990/2/15 0:00,0.7607,1.6425,0.847817,0.6656572818756104,0.211242,0.00663,0.533618,0.5879
1990/2/16 0:00,0.7607,1.6181,0.847961,0.6656572818756104,0.211242,0.006608,0.534045,0.5907
1990/2/17 0:00,0.758,1.6103,0.848176,0.6656572818756104,0.211242,0.006563,0.533618,0.5892
1990/2/18 0:00,0.761,1.6003,0.849041,0.6656572818756104,0.211242,0.006555,0.532623,0.5863
1990/2/19 0:00,0.7635,1.609,0.851426,0.6656572818756104,0.211242,0.006569,0.533333,0.5874
1990/2/20 0:00,0.7563,1.6175,0.848896,0.6656572818756104,0.211242,0.006555,0.533333,0.5898
1990/2/21 0:00,0.7536,1.6235,0.847242,0.6656572818756104,0.211242,0.006563,0.533618,0.588
1990/2/22 0:00,0.7549,1.6103,0.844809,0.6656572818756104,0.211242,0.006515,0.533618,0.5855
1990/2/23 0:00,0.7565,1.6105,0.847961,0.6656572818756104,0.211242,0.006499,0.533476,0.5832
1990/2/24 0:00,0.752,1.5945,0.849762,0.6656572818756104,0.211242,0.006487,0.532056,0.5793
1990/2/25 0:00,0.7504,1.601,0.849834,0.6656572818756104,0.211242,0.006447,0.53135,0.581
1990/2/26 0:00,0.7474,1.604,0.851064,0.6656572818756104,0.211242,0.006498,0.531773,0.5785
1990/2/27 0:00,0.7469,1.618,0.850412,0.6656572818756104,0.211242,0.00639,0.530926,0.5805
1990/2/28 0:00,0.7452,1.6261,0.85034,0.6656572818756104,0.211242,0.006353,0.530786,0.5808
1990/3/1 0:00,0.7471,1.6275,0.850196,0.6656572818756104,0.211242,0.006299,0.529801,0.5767
1990/3/2 0:00,0.7523,1.6328402757644653,0.851571,0.6656572818756104,0.211242,0.00638,0.530082,0.5783
1990/3/3 0:00,0.7548,1.6328402757644653,0.854336,0.6656572818756104,0.211242,0.006336,0.530363,0.579
1990/3/4 0:00,0.7561,1.6328402757644653,0.855066,0.6656572818756104,0.211265,0.006293,0.530223,0.5778
1990/3/5 0:00,0.7605,1.6328402757644653,0.857486,0.6656572818756104,0.211265,0.006284,0.530645,0.577
1990/3/6 0:00,0.7669,1.6328402757644653,0.856678,0.6656572818756104,0.211242,0.006305,0.531915,0.579
1990/3/7 0:00,0.765,1.6328402757644653,0.855725,0.6656572818756104,0.211242,0.006342,0.532481,0.5782
1990/3/8 0:00,0.765,1.6328402757644653,0.858001,0.6656572818756104,0.211242,0.006343,0.533191,0.578
1990/3/9 0:00,0.763,1.6328402757644653,0.860807,0.6656572818756104,0.211242,0.006349,0.532765,0.5784
1990/3/10 0:00,0.7643,1.6328402757644653,0.860956,0.6656572818756104,0.211242,0.006306,0.531915,0.5783
1990/3/11 0:00,0.7663,1.6328402757644653,0.858222,0.6656572818756104,0.211242,0.006318,0.532623,0.5792
1990/3/12 0:00,0.7663,1.6328402757644653,0.859771,0.6656572818756104,0.211242,0.006322,0.532765,0.5796
1990/3/13 0:00,0.765,1.6328402757644653,0.858369,0.6656572818756104,0.211242,0.006299,0.532765,0.5795
1990/3/14 0:00,0.7654,1.6328402757644653,0.856898,0.6656572818756104,0.211242,0.006275,0.532765,0.5796
1990/3/15 0:00,0.7653,1.6328402757644653,0.855945,0.6656572818756104,0.211242,0.006254,0.532198,0.5777
1990/3/16 0:00,0.77,1.6328402757644653,0.860363,0.6656572818756104,0.211242,0.006285,0.532056,0.5788
1990/3/17 0:00,0.7732,1.6844825744628906,0.860659,0.7059938907623291,0.211242,0.00639,0.5664186477661133,0.5815
1990/3/18 0:00,0.7705,1.6844825744628906,0.859993,0.7059938907623291,0.211242,0.006335,0.5664186477661133,0.5827
1990/3/19 0:00,0.7655,1.6844825744628906,0.861326,0.7059938907623291,0.211242,0.006341,0.5664186477661133,0.5828
1990/3/20 0:00,0.7663,1.6910146474838257,0.862589,0.7097154259681702,0.211242,0.0063,0.5664186477661133,0.5818
1990/3/21 0:00,0.766,1.6844825744628906,0.861475,0.7059938907623291,0.211242,0.0063,0.5664186477661133,0.5817
1990/3/22 0:00,0.756,1.6744346618652344,0.86192,0.6967042684555054,0.211242,0.006299,0.5664186477661133,0.5755
1990/3/23 0:00,0.7503,1.6744346618652344,0.85955,0.6967042684555054,0.211242,0.006293,0.5664186477661133,0.5735
1990/3/24 0:00,0.75,1.6744346618652344,0.858074,0.6967042684555054,0.211242,0.006295,0.5664186477661133,0.5748
1990/3/25 0:00,0.7457,1.6744346618652344,0.858516,0.6967042684555054,0.211242,0.006295,0.5664186477661133,0.5685
1990/3/26 0:00,0.752,1.6744346618652344,0.856678,0.6967042684555054,0.211242,0.006317,0.5664186477661133,0.5708
1990/3/27 0:00,0.7552,1.6744346618652344,0.856898,0.6967042684555054,0.211242,0.006323,0.5664186477661133,0.5727
1990/3/28 0:00,0.7546,1.6744346618652344,0.859623,0.6967042684555054,0.211242,0.006315,0.5664186477661133,0.5726
1990/3/29 0:00,0.7565,1.668,0.860215,0.6967042684555054,0.211242,0.006329,0.5664186477661133,0.5726
1990/3/30 0:00,0.7577,1.6695,0.859476,0.6967042684555054,0.211242,0.006333,0.5664186477661133,0.5747
1990/3/31 0:00,0.7585,1.678,0.857486,0.6967042684555054,0.211242,0.006392,0.5664186477661133,0.5721
1990/4/1 0:00,0.7587,1.6763,0.858148,0.6967042684555054,0.211242,0.006369,0.5664186477661133,0.5739
1990/4/2 0:00,0.76,1.6813,0.848536,0.6967042684555054,0.211242,0.006548,0.5664186477661133,0.57
1990/4/3 0:00,0.7669,1.684,0.849618,0.7059938907623291,0.211242,0.006546,0.5664186477661133,0.5708
1990/4/4 0:00,0.7645,1.677,0.84674,0.6967042684555054,0.211242,0.006605,0.5664186477661133,0.5725
1990/4/5 0:00,0.7625,1.68,0.850557,0.6967042684555054,0.211242,0.006604,0.5664186477661133,0.5728
1990/4/6 0:00,0.7617,1.6917,0.851934,0.7004258036613464,0.211242,0.006564,0.5664186477661133,0.5735
1990/4/7 0:00,0.7605,1.6908,0.84868,0.7004258036613464,0.211242,0.006542,0.5664186477661133,0.5725
1990/4/8 0:00,0.764,1.6912,0.847817,0.7004258036613464,0.211242,0.006513,0.5664186477661133,0.5735
1990/4/9 0:00,0.764,1.6915,0.838786,0.705219,0.211242,0.006596,0.5664186477661133,0.5735
1990/4/10 0:00,0.7653,1.694,0.84488,0.708065,0.211242,0.006612,0.5664186477661133,0.5737
1990/4/11 0:00,0.7623,1.6895,0.843526,0.704225,0.211242,0.006598,0.5664186477661133,0.5739
1990/4/12 0:00,0.7668,1.6892,0.844523,0.701508,0.211242,0.00668,0.5664186477661133,0.5733
1990/4/13 0:00,0.766,1.6946,0.846167,0.70932,0.211242,0.006628,0.5664186477661133,0.5741
1990/4/14 0:00,0.772,1.693,0.848896,0.70373,0.211242,0.006609,0.5664186477661133,0.5757
1990/4/15 0:00,0.7678,1.6765,0.851426,0.697837,0.211242,0.006551,0.5664186477661133,0.5768
1990/4/16 0:00,0.7693,1.6838,0.852806,0.696379,0.211242,0.006605,0.5664186477661133,0.5752
1990/4/17 0:00,0.7676,1.675,0.849907,0.693963,0.211242,0.006596,0.5664186477661133,0.5768
1990/4/18 0:00,0.771,1.683,0.850557,0.69701,0.211242,0.006551,0.5664186477661133,0.5776
1990/4/19 0:00,0.7718,1.6882,0.85266,0.700035,0.211242,0.006555,0.5664186477661133,0.5819
1990/4/20 0:00,0.7775,1.6883,0.855945,0.695169,0.211242,0.006556,0.5664186477661133,0.5828
1990/4/21 0:00,0.7725,1.6848,0.8528264164924622,0.690703,0.211242,0.006513,0.5664186477661133,0.5812
1990/4/22 0:00,0.7751,1.6858,0.8673323392868042,0.694203,0.211242,0.006472,0.5664186477661133,0.5785
1990/4/23 0:00,0.774,1.7025,0.8673323392868042,0.695894,0.211242,0.006475,0.5664186477661133,0.5783
1990/4/24 0:00,0.7743,1.707,0.8673323392868042,0.697934,0.211242,0.00646,0.5680440664291382,0.5806
1990/4/25 0:00,0.775,1.7052,0.8673323392868042,0.696621,0.211242,0.006491,0.567693293094635,0.5823
1990/4/26 0:00,0.7756,1.7055,0.8673323392868042,0.696379,0.211242,0.006485,0.567693293094635,0.5816
1990/4/27 0:00,0.7792,1.713,0.8673323392868042,0.705965,0.211242,0.006506,0.5680440664291382,0.5823
1990/4/28 0:00,0.784,1.7205,0.8682372570037842,0.710379,0.211265,0.006508,0.5699336528778076,0.583
1990/4/29 0:00,0.7833,1.723,0.8682372570037842,0.706964,0.211242,0.006494,0.5699336528778076,0.5825
1990/4/30 0:00,0.7901,1.725,0.8649660348892212,0.706464,0.211242,0.006459,0.5699336528778076,0.5875
1990/5/1 0:00,0.7852,1.733,0.8649660348892212,0.709723,0.211242,0.006462,0.5699336528778076,0.586
1990/5/2 0:00,0.7851,1.7060655355453491,0.86717689037323,0.708868,0.211242,0.006436,0.567693293094635,0.5852
1990/5/3 0:00,0.7846,1.7060655355453491,0.86717689037323,0.711238,0.211242,0.006445,0.567693293094635,0.5873
1990/5/4 0:00,0.7875,1.7060655355453491,0.86717689037323,0.710227,0.211242,0.006478,0.567693293094635,0.5872
1990/5/5 0:00,0.7853,1.7060655355453491,0.86717689037323,0.707364,0.211242,0.006529,0.567693293094635,0.5872
1990/5/6 0:00,0.7916,1.7174865007400513,0.8623794317245483,0.706464,0.211242,0.006564,0.5699336528778076,0.5883
1990/5/7 0:00,0.7964,1.7174865007400513,0.8632520437240601,0.712251,0.211242,0.006611,0.5699336528778076,0.5903
1990/5/8 0:00,0.7974,1.7174865007400513,0.8632520437240601,0.717103,0.211242,0.006614,0.5699336528778076,0.5902
1990/5/9 0:00,0.799,1.7174865007400513,0.8632520437240601,0.714439,0.211242,0.006633,0.5699336528778076,0.59
1990/5/10 0:00,0.7974,1.7174865007400513,0.8632520437240601,0.713521,0.211242,0.006621,0.5699336528778076,0.5903
1990/5/11 0:00,0.8025,1.8713477849960327,0.9228750467300415,0.716589,0.2088661640882492,0.006618,0.570392906665802,0.5912
1990/5/12 0:00,0.8066,1.8713477849960327,0.9228750467300415,0.716178,0.2088661640882492,0.006716,0.5657915472984314,0.5933
1990/5/13 0:00,0.7965,1.8713477849960327,0.8719620108604431,0.712504,0.2088661640882492,0.006726,0.5657915472984314,0.5938
1990/5/14 0:00,0.7913,1.8713477849960327,0.8694784641265869,0.711744,0.2088661640882492,0.006729,0.570392906665802,0.5881
1990/5/15 0:00,0.7804,1.8713477849960327,0.8670234084129333,0.717875,0.2088661640882492,0.00678,0.570392906665802,0.5918
1990/5/16 0:00,0.7815,1.8713477849960327,0.8670234084129333,0.705965,0.2088661640882492,0.006754,0.570392906665802,0.5892
1990/5/17 0:00,0.7899,1.8713477849960327,0.8694784641265869,0.710732,0.2088661640882492,0.006741,0.570392906665802,0.5918
1990/5/18 0:00,0.7915,1.8713477849960327,0.8694784641265869,0.709824,0.2088661640882492,0.006789,0.5657915472984314,0.5928
1990/5/19 0:00,0.7819,1.8713477849960327,0.8670234084129333,0.70922,0.2088661640882492,0.006754,0.570392906665802,0.5923
1990/5/20 0:00,0.7838,1.8713477849960327,0.8694784641265869,0.71048,0.2088661640882492,0.006713,0.5657915472984314,0.595
1990/5/21 0:00,0.7839,1.8713477849960327,0.8694784641265869,0.720202,0.2088661640882492,0.006736,0.5657915472984314,0.5937
1990/5/22 0:00,0.7858,1.8713477849960327,0.8694784641265869,0.727273,0.2088661640882492,0.006741,0.5657915472984314,0.5942
1990/5/23 0:00,0.7859,1.8713477849960327,0.8694784641265869,0.727802,0.2088661640882492,0.006717,0.570392906665802,0.5918
1990/5/24 0:00,0.7792,1.8713477849960327,0.8670234084129333,0.725584,0.2088661640882492,0.006647,0.570392906665802,0.5894
1990/5/25 0:00,0.7897,1.8713477849960327,0.8694784641265869,0.730727,0.2088661640882492,0.006684,0.570392906665802,0.5888
1990/5/26 0:00,0.7916,1.8713477849960327,0.8694784641265869,0.732601,0.2088661640882492,0.006748,0.570392906665802,0.591
1990/5/27 0:00,0.7938,1.8713477849960327,0.8719620108604431,0.742005,0.2088661640882492,0.006843,0.570392906665802,0.5918
1990/5/28 0:00,0.794,1.8713477849960327,0.8719620108604431,0.737735,0.2088661640882492,0.006791,0.5657915472984314,0.594
1990/5/29 0:00,0.7859,1.8492,0.8694784641265869,0.737191,0.2088661640882492,0.006684,0.570392906665802,0.589
1990/5/30 0:00,0.785,1.8565,0.8694784641265869,0.740192,0.2088661640882492,0.006671,0.5657915472984314,0.5936
1990/5/31 0:00,0.79,1.872,0.8694784641265869,0.750638,0.20438575744628906,0.006678,0.5657915472984314,0.5987
1990/6/1 0:00,0.7925,1.877,0.8694784641265869,0.751315,0.2043318748474121,0.006676,0.5657915472984314,0.6017
1990/6/2 0:00,0.7953,1.8655,0.8719620108604431,0.744048,0.2088661640882492,0.00666,0.5657915472984314,0.6018
1990/6/3 0:00,0.7992,1.8717,0.8719620108604431,0.747105,0.20438575744628906,0.006675,0.5657915472984314,0.601
1990/6/4 0:00,0.7977,1.8713,0.8719620108604431,0.746826,0.20438575744628906,0.00666,0.5657915472984314,0.6015
1990/6/5 0:00,0.8025,1.884,0.9228750467300415,0.75959,0.2043318748474121,0.006651,0.5657915472984314,0.6085
1990/6/6 0:00,0.8061,1.8925,0.9228750467300415,0.765697,0.2043318748474121,0.00669,0.6199267506599426,0.6075
1990/6/7 0:00,0.8071,1.8998,0.9228750467300415,0.773395,0.2043318748474121,0.006782,0.6258548498153687,0.618
1990/6/8 0:00,0.8045,1.898,0.9228750467300415,0.767165,0.2043318748474121,0.006739,0.6258548498153687,0.6173
1990/6/9 0:00,0.807,1.919,0.9228750467300415,0.780336,0.2043318748474121,0.006776,0.6405733823776245,0.619
1990/6/10 0:00,0.808,1.9198,0.9228750467300415,0.774114,0.2043318748474121,0.006809,0.6258548498153687,0.6197
1990/6/11 0:00,0.8162,1.921,0.9332214593887329,0.777122,0.2043318748474121,0.006831,0.6258548498153687,0.622
1990/6/12 0:00,0.8205,1.9275,0.8572069406509399,0.785238,0.211242,0.006861,0.6463035941123962,0.6258
1990/6/13 0:00,0.8293,1.9515,0.883704,0.8537529706954956,0.211242,0.006821,0.6463035941123962,0.6308
1990/6/14 0:00,0.833,1.9453,0.88199,0.8537529706954956,0.211242,0.006824,0.6463035941123962,0.6295
1990/6/15 0:00,0.7951514720916748,1.9443,0.879353,0.7388491034507751,0.211242,0.006923,0.5715217590332031,0.628
1990/6/16 0:00,0.7951514720916748,1.9483,0.875503,0.7388491034507751,0.211242,0.00697,0.5715217590332031,0.6313
1990/6/17 0:00,0.7951514720916748,1.9465,0.878889,0.7388491034507751,0.211242,0.006963,0.5715217590332031,0.6303
1990/6/18 0:00,0.7951514720916748,1.9225,0.872981,0.7388491034507751,0.211242,0.00693,0.5657915472984314,0.6132
1990/6/19 0:00,0.7875998020172119,1.892,0.866176,0.741032063961029,0.211242,0.006948,0.5657915472984314,0.6153
1990/6/20 0:00,0.782157301902771,1.8758,0.860956,0.741032063961029,0.211242,0.006966,0.5657915472984314,0.6165
1990/6/21 0:00,0.7875998020172119,1.899,0.867378,0.7388491034507751,0.211242,0.007058,0.5715217590332031,0.624
1990/6/22 0:00,0.7875998020172119,1.908,0.863632,0.741032063961029,0.211242,0.00709,0.5715217590332031,0.6255
1990/6/23 0:00,0.782157301902771,1.894,0.859476,0.741032063961029,0.211242,0.007138,0.5715217590332031,0.6233
1990/6/24 0:00,0.7756555676460266,1.8555,0.854336,0.741032063961029,0.211242,0.007184,0.5657915472984314,0.6202
1990/6/25 0:00,0.7756555676460266,1.8485,0.859845,0.741032063961029,0.211242,0.007151,0.5657915472984314,0.6185
1990/6/26 0:00,0.782157301902771,1.864,0.859993,0.741032063961029,0.211242,0.007262,0.5657915472984314,0.6215
1990/6/27 0:00,0.782157301902771,1.8767,0.858811,0.741032063961029,0.211242,0.007281,0.5715217590332031,0.624
1990/6/28 0:00,0.782157301902771,1.8985,0.85859,0.741032063961029,0.211242,0.007317,0.5715217590332031,0.6275
1990/6/29 0:00,0.7875998020172119,1.9025,0.862515,0.741032063961029,0.211242,0.007299,0.5715217590332031,0.623
1990/6/30 0:00,0.7875998020172119,1.918,0.863931,0.741032063961029,0.210975,0.007273,0.5715217590332031,0.625
1990/7/1 0:00,0.7875998020172119,1.8847,0.863931,0.741032063961029,0.211242,0.007273,0.5657915472984314,0.6225
1990/7/2 0:00,0.7875998020172119,1.8683,0.866101,0.741032063961029,0.211242,0.007303,0.5657915472984314,0.619
1990/7/3 0:00,0.7810980677604675,1.846,0.867152,0.741032063961029,0.211242,0.007305,0.5657915472984314,0.613
1990/7/4 0:00,0.7875998020172119,1.884,0.869338,0.7388491034507751,0.211242,0.007348,0.5657915472984314,0.6215
1990/7/5 0:00,0.7951514720916748,1.8768,0.869943,0.7388491034507751,0.211242,0.007279,0.5657915472984314,0.6204
1990/7/6 0:00,0.7875998020172119,1.864,0.867002,0.741032063961029,0.211242,0.007285,0.5657915472984314,0.6183
1990/7/7 0:00,0.7875998020172119,1.871,0.865576,0.741032063961029,0.211242,0.007227,0.5657915472984314,0.616
1990/7/8 0:00,0.7875998020172119,1.8735,0.864678,0.741032063961029,0.211242,0.007232,0.5657915472984314,0.615
1990/7/9 0:00,0.7875998020172119,1.889,0.867378,0.7388491034507751,0.211242,0.007305,0.5657915472984314,0.619
1990/7/10 0:00,0.7875998020172119,1.8885,0.867303,0.741032063961029,0.211242,0.007302,0.5657915472984314,0.618
1990/7/11 0:00,0.7875998020172119,1.898,0.868282,0.7388491034507751,0.211242,0.007346,0.5657915472984314,0.6183
1990/7/12 0:00,0.7951514720916748,1.9118,0.870398,0.7388491034507751,0.211242,0.007468,0.5766379833221436,0.6165
1990/7/13 0:00,0.7875998020172119,1.9465,0.866176,0.741032063961029,0.211242,0.007553,0.5766379833221436,0.6163
1990/7/14 0:00,0.778519868850708,1.8680553436279297,0.86881,0.7388491034507751,0.211242,0.007673,0.5897954106330872,0.6193
1990/7/15 0:00,0.778519868850708,1.8680553436279297,0.869565,0.7388491034507751,0.211242,0.007694,0.59742671251297,0.6168
1990/7/16 0:00,0.778519868850708,1.8680553436279297,0.868508,0.7388491034507751,0.211242,0.007695,0.59742671251297,0.6155
1990/7/17 0:00,0.7860715389251709,1.8761202096939087,0.871688,0.7214888334274292,0.211242,0.007773,0.6092560291290283,0.6167
1990/7/18 0:00,0.778519868850708,1.7230403423309326,0.86783,0.7017302513122559,0.211242,0.007803,0.6072188019752502,0.6065
1990/7/19 0:00,0.787,1.7343318462371826,0.865426,0.707425594329834,0.211242,0.007859,0.6072188019752502,0.604
1990/7/20 0:00,0.7775,1.7165082693099976,0.85859,0.707425594329834,0.211242,0.007983,0.6072188019752502,0.598
1990/7/21 0:00,0.769,1.6997431516647339,0.851209,0.707425594329834,0.211242,0.007997,0.594183623790741,0.6
1990/7/22 0:00,0.782,1.7232309579849243,0.856898,0.707425594329834,0.211242,0.007952,0.6072188019752502,0.605
1990/7/23 0:00,0.782,1.7232309579849243,0.852297,0.707425594329834,0.211242,0.007933,0.6072188019752502,0.607
1990/7/24 0:00,0.778,1.7165082693099976,0.853971,0.7017302513122559,0.211242,0.007843,0.6072188019752502,0.6048
1990/7/25 0:00,0.7804,1.7165082693099976,0.855578,0.7017302513122559,0.211242,0.007809,0.6072188019752502,0.6063
1990/7/26 0:00,0.7833,1.7277997732162476,0.856164,0.7017302513122559,0.211242,0.007855,0.6072188019752502,0.609
1990/7/27 0:00,0.7812,1.7232309579849243,0.858001,0.7017302513122559,0.211242,0.007813,0.6072188019752502,0.6098
1990/7/28 0:00,0.7835,1.8712263107299805,0.858959,0.7214888334274292,0.211242,0.007788,0.6107925176620483,0.6139205694198608
1990/7/29 0:00,0.7821,1.8666574954986572,0.856898,0.7214888334274292,0.211242,0.007746,0.59896320104599,0.6139205694198608
1990/7/30 0:00,0.7848,1.8712263107299805,0.856311,0.741032063961029,0.211242,0.007695,0.59896320104599,0.6202946305274963
1990/7/31 0:00,0.7837,1.8712263107299805,0.858222,0.741032063961029,0.211242,0.007664,0.5943967700004578,0.6202946305274963
1990/8/1 0:00,0.7765,1.8599348068237305,0.858001,0.7214888334274292,0.211242,0.007776,0.6107925176620483,0.6078066229820251
1990/8/2 0:00,0.782,1.8666574954986572,0.863036,0.7271841764450073,0.211242,0.007886,0.6107925176620483,0.6139205694198608
1990/8/3 0:00,0.787,1.8712263107299805,0.861252,0.7214888334274292,0.211242,0.007855,0.6107925176620483,0.6139205694198608
1990/8/4 0:00,0.7785,1.8599348068237305,0.859993,0.7214888334274292,0.211242,0.007803,0.6107925176620483,0.6139205694198608
1990/8/5 0:00,0.7781,1.8599348068237305,0.855432,0.741032063961029,0.211242,0.007698,0.59896320104599,0.6202946305274963
1990/8/6 0:00,0.7794,1.8599348068237305,0.854701,0.7214888334274292,0.211242,0.007708,0.59896320104599,0.6139205694198608
1990/8/7 0:00,0.7725,1.8431696891784668,0.85778,0.7214888334274292,0.211242,0.007716,0.59896320104599,0.6034745573997498
1990/8/8 0:00,0.7707,1.8431696891784668,0.858738,0.7214888334274292,0.211242,0.007715,0.59896320104599,0.6034745573997498
1990/8/9 0:00,0.772,1.8431696891784668,0.860511,0.7214888334274292,0.211242,0.007736,0.59896320104599,0.6034745573997498
1990/8/10 0:00,0.7635,1.8431696891784668,0.8502522706985474,0.7121992111206055,0.191015,0.007752,0.6156994700431824,0.6406562924385071
1990/8/11 0:00,0.7653,1.8431696891784668,0.8502522706985474,0.7214888334274292,0.191015,0.007755,0.6156994700431824,0.6406562924385071
1990/8/12 0:00,0.7635,1.8431696891784668,0.8502522706985474,0.7121992111206055,0.191015,0.007834,0.6156994700431824,0.6406562924385071
1990/8/13 0:00,0.7658,1.8431696891784668,0.8502522706985474,0.7214888334274292,0.191015,0.007852,0.6156994700431824,0.6406562924385071
1990/8/14 0:00,0.7663,1.8431696891784668,0.8502522706985474,0.7214888334274292,0.191015,0.007767,0.6156994700431824,0.6406562924385071
1990/8/15 0:00,0.7684,1.8431696891784668,0.8502522706985474,0.7214888334274292,0.191015,0.007792,0.6156994700431824,0.6406562924385071
1990/8/16 0:00,0.7691,1.8431696891784668,0.8502522706985474,0.741032063961029,0.191015,0.007701,0.603870153427124,0.6685886383056641
1990/8/17 0:00,0.7722,1.8431696891784668,0.849648654460907,0.741032063961029,0.191015,0.00755,0.5894191861152649,0.6603369116783142
1990/8/18 0:00,0.774,1.8599348068237305,0.8619437217712402,0.741032063961029,0.191015,0.007513,0.5894191861152649,0.6335561871528625
1990/8/19 0:00,0.7768,1.8599348068237305,0.8619437217712402,0.741032063961029,0.191015,0.00744,0.5894191861152649,0.6335561871528625
1990/8/20 0:00,0.7773,1.8599348068237305,0.8619437217712402,0.741032063961029,0.191015,0.00746,0.5894191861152649,0.6335561871528625
1990/8/21 0:00,0.7692,1.8431696891784668,0.849648654460907,0.741032063961029,0.191015,0.007433,0.5894191861152649,0.6603369116783142
1990/8/22 0:00,0.77,1.8431696891784668,0.849648654460907,0.741032063961029,0.191015,0.007556,0.5894191861152649,0.6603369116783142
1990/8/23 0:00,0.7735,1.711870551109314,0.841282308101654,0.7427453398704529,0.18467336893081665,0.007631,0.582072,0.5750670433044434
1990/8/24 0:00,0.7667,1.711870551109314,0.841282308101654,0.7427453398704529,0.18467336893081665,0.007582,0.584283,0.5558204650878906
1990/8/25 0:00,0.7677,1.711870551109314,0.8406786918640137,0.7427453398704529,0.18467336893081665,0.00757,0.58326,0.5750670433044434
1990/8/26 0:00,0.766,1.711870551109314,0.841282308101654,0.7427453398704529,0.18467336893081665,0.007586,0.583431,0.5558204650878906
1990/8/27 0:00,0.7581,1.711870551109314,0.8406786918640137,0.7427453398704529,0.18467336893081665,0.007568,0.584454,0.554678738117218
1990/8/28 0:00,0.7675,1.711870551109314,0.8406786918640137,0.7427453398704529,0.18467336893081665,0.007522,0.58309,0.5750670433044434
1990/8/29 0:00,0.766,1.7054423093795776,0.8406786918640137,0.7427453398704529,0.18467336893081665,0.007505,0.582751,0.5558204650878906
1990/8/30 0:00,0.7701,1.7054423093795776,0.8406786918640137,0.7427453398704529,0.18467336893081665,0.007506,0.580552,0.5750670433044434
1990/8/31 0:00,0.771,1.7054423093795776,0.8406786918640137,0.7427453398704529,0.18467336893081665,0.007454,0.578704,0.5750670433044434
1990/9/1 0:00,0.7734,1.7054423093795776,0.8406786918640137,0.7427453398704529,0.18467336893081665,0.007416,0.576037,0.5750670433044434
1990/9/2 0:00,0.773,1.7054423093795776,0.8406786918640137,0.7407580614089966,0.18467336893081665,0.007375,0.573559,0.5750670433044434
1990/9/3 0:00,0.774,1.9257577657699585,0.8586351275444031,0.7407580614089966,0.19211512804031372,0.00735,0.573559,0.6335561871528625
1990/9/4 0:00,0.774,1.9257577657699585,0.8586351275444031,0.7407580614089966,0.19211512804031372,0.00735,0.569801,0.6335561871528625
1990/9/5 0:00,0.7675,1.7054423093795776,0.8406786918640137,0.7407580614089966,0.18467336893081665,0.007329,0.569963,0.5750670433044434
1990/9/6 0:00,0.77,1.7054423093795776,0.8406786918640137,0.7407580614089966,0.18467336893081665,0.007401,0.573559,0.5750670433044434
1990/9/7 0:00,0.772,1.7054423093795776,0.8406786918640137,0.7427453398704529,0.18467336893081665,0.007366,0.574713,0.5750670433044434
1990/9/8 0:00,0.7735,1.7054423093795776,0.8406786918640137,0.7407580614089966,0.18467336893081665,0.007429,0.573559,0.5750670433044434
1990/9/9 0:00,0.7784,1.9321860074996948,0.8586351275444031,0.7407580614089966,0.20168009400367737,0.007516,0.573394,0.6289041042327881
1990/9/10 0:00,0.7793,1.9257577657699585,0.8586351275444031,0.7407580614089966,0.20168009400367737,0.007402,0.570939,0.6289041042327881
1990/9/11 0:00,0.7775,1.9257577657699585,0.8586351275444031,0.7407580614089966,0.19915823638439178,0.007315,0.568828,0.6335561871528625
1990/9/12 0:00,0.7785,1.9257577657699585,0.8586351275444031,0.7407580614089966,0.20168009400367737,0.007329,0.568182,0.6289041042327881
1990/9/13 0:00,0.7728,1.7054423093795776,0.8406786918640137,0.7407580614089966,0.18467336893081665,0.00746,0.568343,0.5750670433044434
1990/9/14 0:00,0.7733,1.7054423093795776,0.8406786918640137,0.7407580614089966,0.18467336893081665,0.007429,0.56899,0.5750670433044434
1990/9/15 0:00,0.7728,1.7054423093795776,0.8406786918640137,0.7407580614089966,0.18467336893081665,0.007449,0.568505,0.5750670433044434
1990/9/16 0:00,0.7765,1.9257577657699585,0.8586351275444031,0.7407580614089966,0.19915823638439178,0.007405,0.566733,0.6335561871528625
1990/9/17 0:00,0.781,1.9257577657699585,0.8586351275444031,0.7407580614089966,0.20168009400367737,0.007358,0.566893,0.6289041042327881
1990/9/18 0:00,0.7889,1.9257577657699585,0.8583308458328247,0.7407580614089966,0.20168009400367737,0.007307,0.565611,0.6289041042327881
1990/9/19 0:00,0.7817,1.9228,0.8586351275444031,0.7407580614089966,0.20168009400367737,0.007526,0.572902,0.6289041042327881
1990/9/20 0:00,0.7778,1.9416,0.8586351275444031,0.7407580614089966,0.20168009400367737,0.00753,0.572902,0.6289041042327881
1990/9/21 0:00,0.782,1.9477,0.8592387437820435,0.7427453398704529,0.20414702594280243,0.007593,0.577367,0.6289041042327881
1990/9/22 0:00,0.7841,1.955,0.8583308458328247,0.7427453398704529,0.20168009400367737,0.007552,0.576535,0.6289041042327881
1990/9/23 0:00,0.7787,1.96,0.8586351275444031,0.7427453398704529,0.20168009400367737,0.007563,0.579206,0.6289041042327881
1990/9/24 0:00,0.776,1.9575,0.8586351275444031,0.7427453398704529,0.19915823638439178,0.00756,0.579206,0.6335561871528625
1990/9/25 0:00,0.7812,1.9642,0.8586351275444031,0.7427453398704529,0.20168009400367737,0.007564,0.579206,0.6289041042327881
1990/9/26 0:00,0.7836,1.9695,0.8583308458328247,0.7427453398704529,0.20414702594280243,0.007603,0.579374,0.6295452117919922
1990/9/27 0:00,0.785,1.961,0.8583308458328247,0.7427453398704529,0.20414702594280243,0.007599,0.578369,0.6289041042327881
1990/9/28 0:00,0.7826,1.965,0.8583308458328247,0.7427453398704529,0.20414702594280243,0.007607,0.577034,0.6289041042327881
1990/9/29 0:00,0.782,1.9763,0.8592387437820435,0.7427453398704529,0.20414702594280243,0.007607,0.577367,0.6295452117919922
1990/9/30 0:00,0.7817,1.9772,0.8592387437820435,0.7427453398704529,0.20414702594280243,0.007629,0.581734,0.6455398201942444
1990/10/1 0:00,0.7765,1.983,0.8618506789207458,0.800641,0.1524868607521057,0.007708,0.6498659253120422,0.6064474582672119
1990/10/2 0:00,0.7787,1.999,0.8629158139228821,0.809913,0.16432234644889832,0.007791,0.6498659253120422,0.6095382571220398
1990/10/3 0:00,0.7816,1.9965,0.8629158139228821,0.808081,0.16432234644889832,0.007816,0.6498659253120422,0.6095382571220398
1990/10/4 0:00,0.7796,1.987,0.8768315315246582,0.803536,0.16183000802993774,0.007819,0.6498659253120422,0.6007
1990/10/5 0:00,0.7793,1.997,0.8778966665267944,0.809389,0.16183000802993774,0.00783,0.6498659253120422,0.601
1990/10/6 0:00,0.7809,1.9915,0.8768315315246582,0.803213,0.16183000802993774,0.007794,0.6498659253120422,0.6032
1990/10/7 0:00,0.7875,1.9918,0.8757886290550232,0.80032,0.16183000802993774,0.007747,0.6498659253120422,0.6071
1990/10/8 0:00,0.7869,1.98,0.8757886290550232,0.795545,0.16183000802993774,0.007704,0.6498659253120422,0.6062
1990/10/9 0:00,0.7886,1.6209689378738403,0.7420051097869873,0.788644,0.12058650702238083,0.00929727777838707,0.6775057315826416,0.6058
1990/10/10 0:00,0.788,1.6209689378738403,0.7420051097869873,0.780336,0.12058650702238083,0.00929727777838707,0.6729639172554016,0.6045
1990/10/11 0:00,0.7873,1.6209689378738403,0.7420051097869873,0.781372,0.12058650702238083,0.00929727777838707,0.6729639172554016,0.5993
1990/10/12 0:00,0.788,1.6209689378738403,0.7420051097869873,0.784745,0.12058650702238083,0.00929727777838707,0.6775057315826416,0.5992
1990/10/13 0:00,0.7838,1.6209689378738403,0.7420051097869873,0.775494,0.12058650702238083,0.00929727777838707,0.6698021292686462,0.5972
1990/10/14 0:00,0.7833,1.6209689378738403,0.7420051097869873,0.766871,0.12058650702238083,0.009007531218230724,0.6698021292686462,0.5974
1990/10/15 0:00,0.784,1.6209689378738403,0.7420051097869873,0.766284,0.12058650702238083,0.009007531218230724,0.6698021292686462,0.6002
1990/10/16 0:00,0.7836,1.6209689378738403,0.7420051097869873,0.759878,0.12058650702238083,0.009007531218230724,0.6503719687461853,0.5988
1990/10/17 0:00,0.7853,1.6209689378738403,0.7420051097869873,0.753863,0.12058650702238083,0.009007531218230724,0.6503719687461853,0.5995
1990/10/18 0:00,0.7848,1.6209689378738403,0.7420051097869873,0.750751,0.12058650702238083,0.009007531218230724,0.6503719687461853,0.601
1990/10/19 0:00,0.7763,1.6209689378738403,0.7375658750534058,0.746269,0.12058650702238083,0.009007531218230724,0.6503719687461853,0.5977
1990/10/20 0:00,0.7727,1.6209689378738403,0.7375658750534058,0.748783,0.12058650702238083,0.009007531218230724,0.6503719687461853,0.5977
1990/10/21 0:00,0.7669,1.6209689378738403,0.7375658750534058,0.729661,0.12058650702238083,0.009007531218230724,0.6494671702384949,0.598
1990/10/22 0:00,0.7673,1.6209689378738403,0.7375658750534058,0.733945,0.12058650702238083,0.009007531218230724,0.6494671702384949,0.5979
1990/10/23 0:00,0.7651,1.6116293668746948,0.7388109564781189,0.7688617706298828,0.12058650702238083,0.009203010238707066,0.6698021292686462,0.596
1990/10/24 0:00,0.7688,1.6116293668746948,0.7388109564781189,0.7688617706298828,0.12058650702238083,0.009203010238707066,0.6698021292686462,0.5968
1990/10/25 0:00,0.7713,1.6116293668746948,0.7388109564781189,0.7688617706298828,0.12058650702238083,0.009203010238707066,0.6698021292686462,0.5965
1990/10/26 0:00,0.7679,1.6116293668746948,0.7388109564781189,0.7688617706298828,0.12058650702238083,0.009203010238707066,0.6698021292686462,0.593
1990/10/27 0:00,0.7696,1.6116293668746948,0.7388109564781189,0.7688617706298828,0.12058650702238083,0.009203010238707066,0.6698021292686462,0.594
1990/10/28 0:00,0.7683,1.6116293668746948,0.7388109564781189,0.7688617706298828,0.12058650702238083,0.009203010238707066,0.6698021292686462,0.5953
1990/10/29 0:00,0.7712,1.6116293668746948,0.7388109564781189,0.7688617706298828,0.12058650702238083,0.009203010238707066,0.6698021292686462,0.5957
1990/10/30 0:00,0.773,1.579207181930542,0.8388037085533142,0.6941853165626526,0.191015,0.007286474574357271,0.5713949799537659,0.5945
1990/10/31 0:00,0.771,1.579207181930542,0.8388037085533142,0.6941853165626526,0.191015,0.007286474574357271,0.5760378241539001,0.5891
1990/11/1 0:00,0.7713,1.579207181930542,0.8388037085533142,0.6941853165626526,0.191015,0.007286474574357271,0.5760378241539001,0.5865
1990/11/2 0:00,0.7742,1.579207181930542,0.8388037085533142,0.6941853165626526,0.191015,0.007286474574357271,0.5760378241539001,0.5865
1990/11/3 0:00,0.775,1.579207181930542,0.8388037085533142,0.6941853165626526,0.191015,0.007286474574357271,0.5760378241539001,0.5865
1990/11/4 0:00,0.773,1.579207181930542,0.8388037085533142,0.6941853165626526,0.191015,0.007286474574357271,0.5760378241539001,0.5865
1990/11/5 0:00,0.775,1.579207181930542,0.8388037085533142,0.6941853165626526,0.191015,0.007286474574357271,0.5760378241539001,0.5873
1990/11/6 0:00,0.775,1.579207181930542,0.8388037085533142,0.6941853165626526,0.191015,0.007286474574357271,0.5760378241539001,0.59
1990/11/7 0:00,0.7786,1.579207181930542,0.8388037085533142,0.6941853165626526,0.191015,0.007286474574357271,0.5713949799537659,0.5928
1990/11/8 0:00,0.7842,1.5837759971618652,0.8445847630500793,0.6941853165626526,0.191015,0.007286474574357271,0.5739839673042297,0.5925
1990/11/9 0:00,0.786,1.5837759971618652,0.8445847630500793,0.6941853165626526,0.191015,0.007286474574357271,0.5693411231040955,0.5943
1990/11/10 0:00,0.7846,1.5837759971618652,0.8445847630500793,0.6941853165626526,0.191015,0.007286474574357271,0.5739839673042297,0.5917
1990/11/11 0:00,0.7857,1.5837759971618652,0.8445847630500793,0.6941853165626526,0.189204,0.007286474574357271,0.5739839673042297,0.5905
1990/11/12 0:00,0.7871,1.5837759971618652,0.8445847630500793,0.6941853165626526,0.189204,0.007286474574357271,0.5739839673042297,0.591
1990/11/13 0:00,0.7818,1.579207181930542,0.8388037085533142,0.6941853165626526,0.189204,0.007286474574357271,0.5760378241539001,0.5898
1990/11/14 0:00,0.7844,1.5837759971618652,0.8445847630500793,0.6941853165626526,0.189297,0.007286474574357271,0.5739839673042297,0.5895
1990/11/15 0:00,0.7803,1.579207181930542,0.8388037085533142,0.6941853165626526,0.189297,0.007286474574357271,0.5760378241539001,0.5896
1990/11/16 0:00,0.7799,1.579207181930542,0.8388037085533142,0.6941853165626526,0.189297,0.007286474574357271,0.5760378241539001,0.5921
1990/11/17 0:00,0.779,1.579207181930542,0.8388037085533142,0.6941853165626526,0.189297,0.007286474574357271,0.5760378241539001,0.5908
1990/11/18 0:00,0.7776,1.579207181930542,0.8388037085533142,0.6941853165626526,0.189072,0.007286474574357271,0.5760378241539001,0.5909
1990/11/19 0:00,0.7728,1.579207181930542,0.8388037085533142,0.6941853165626526,0.188754,0.007286474574357271,0.5760378241539001,0.5885
1990/11/20 0:00,0.7703,1.579207181930542,0.8388037085533142,0.6941853165626526,0.188384,0.007286474574357271,0.5760378241539001,0.5841
1990/11/21 0:00,0.775,1.71064031124115,0.8650438785552979,0.7097154259681702,0.188551,0.00725,0.5762239098548889,0.5885
1990/11/22 0:00,0.7741,1.71064031124115,0.8650438785552979,0.7097154259681702,0.188551,0.007244,0.5762239098548889,0.5843
1990/11/23 0:00,0.7768,1.71064031124115,0.8650438785552979,0.7097154259681702,0.188551,0.007244,0.5762239098548889,0.5843
1990/11/24 0:00,0.7795,1.71064031124115,0.8650438785552979,0.7097154259681702,0.188551,0.00724,0.5762239098548889,0.585
1990/11/25 0:00,0.7792,1.7259008884429932,0.8628330230712891,0.7097154259681702,0.188551,0.007262,0.5781134963035583,0.5847
1990/11/26 0:00,0.7788,1.7259008884429932,0.8628330230712891,0.7097154259681702,0.188654,0.007267,0.5781134963035583,0.588
1990/11/27 0:00,0.778,1.71064031124115,0.8650438785552979,0.7097154259681702,0.188654,0.007241,0.5762239098548889,0.5853
1990/11/28 0:00,0.7764,1.71064031124115,0.8650438785552979,0.7097154259681702,0.188654,0.007218,0.5762239098548889,0.5848
1990/11/29 0:00,0.7795,1.71064031124115,0.8650438785552979,0.7097154259681702,0.187966,0.007222,0.5762239098548889,0.5875
1990/11/30 0:00,0.7807,1.71064031124115,0.8650438785552979,0.7097154259681702,0.187966,0.007249,0.5762239098548889,0.5876
1990/12/1 0:00,0.7838,1.7219318151474,0.8659487962722778,0.7097154259681702,0.187966,0.007228,0.5781134963035583,0.5887
1990/12/2 0:00,0.783,1.7219318151474,0.8659487962722778,0.7097154259681702,0.187744,0.007179,0.5781134963035583,0.5899
1990/12/3 0:00,0.7840331792831421,1.7219318151474,0.8659487962722778,0.7097154259681702,0.187744,0.007207,0.5781134963035583,0.5892
1990/12/4 0:00,0.7840331792831421,1.7219318151474,0.8659487962722778,0.7097154259681702,0.187744,0.007173,0.5781134963035583,0.5875
1990/12/5 0:00,0.7840331792831421,1.7219318151474,0.8659487962722778,0.7097154259681702,0.187744,0.007239,0.5781134963035583,0.5881
1990/12/6 0:00,0.7840331792831421,1.7219318151474,0.8659487962722778,0.7097154259681702,0.187966,0.007247,0.5781134963035583,0.5896
1990/12/7 0:00,0.7840331792831421,1.7371923923492432,0.8659487962722778,0.7097154259681702,0.187966,0.00727,0.5781134963035583,0.5912
1990/12/8 0:00,0.7840331792831421,1.7219318151474,0.8659487962722778,0.7097154259681702,0.187966,0.00722,0.5781134963035583,0.5902
1990/12/9 0:00,0.7840331792831421,1.7219318151474,0.8659487962722778,0.7097154259681702,0.187505,0.007235,0.5781134963035583,0.5882
1990/12/10 0:00,0.7840331792831421,1.7371923923492432,0.8659487962722778,0.7097154259681702,0.187505,0.007273,0.5781134963035583,0.5888
1990/12/11 0:00,0.7840331792831421,1.7219318151474,0.8659487962722778,0.7097154259681702,0.187631,0.007244,0.5781134963035583,0.5875
1990/12/12 0:00,0.7814098596572876,1.7173629999160767,0.866104245185852,0.7097154259681702,0.18741,0.007261,0.5781134963035583,0.5785
1990/12/13 0:00,0.7814098596572876,1.7173629999160767,0.866104245185852,0.7097154259681702,0.18741,0.007225,0.5781134963035583,0.582
1990/12/14 0:00,0.7814098596572876,1.7173629999160767,0.866104245185852,0.7097154259681702,0.18741,0.007257,0.5781134963035583,0.5825
1990/12/15 0:00,0.7757380604743958,1.579207181930542,0.8388037085533142,0.6941853165626526,0.18741,0.007286474574357271,0.5760378241539001,0.5834
1990/12/16 0:00,0.7689487934112549,1.6818891763687134,0.8527921438217163,0.6690351963043213,0.186951,0.007226258050650358,0.567215,0.5828
1990/12/17 0:00,0.7689487934112549,1.6818891763687134,0.8527921438217163,0.6690351963043213,0.186951,0.007226258050650358,0.566412,0.581
1990/12/18 0:00,0.7689487934112549,1.6818891763687134,0.8527921438217163,0.6690351963043213,0.186787,0.007226258050650358,0.564812,0.5811
1990/12/19 0:00,0.7689487934112549,1.6818891763687134,0.8527921438217163,0.6690351963043213,0.186619,0.007226258050650358,0.564493,0.583
1990/12/20 0:00,0.7689487934112549,1.6818891763687134,0.8527921438217163,0.6690351963043213,0.186619,0.007226258050650358,0.564334,0.5824
1990/12/21 0:00,0.7689487934112549,1.6818891763687134,0.8527921438217163,0.6690351963043213,0.186619,0.007226258050650358,0.563222,0.5795
1990/12/22 0:00,0.7689487934112549,1.6818891763687134,0.8527921438217163,0.6690351963043213,0.186619,0.007226258050650358,0.562588,0.5797
1990/12/23 0:00,0.7689487934112549,1.6818891763687134,0.8527921438217163,0.6690351963043213,0.18631,0.007301833014935255,0.560695,0.5763
1990/12/24 0:00,0.7689487934112549,1.6818891763687134,0.8527921438217163,0.6690351963043213,0.18631,0.007301833014935255,0.561167,0.574
1990/12/25 0:00,0.7689487934112549,1.6818891763687134,0.8527921438217163,0.6690351963043213,0.18631,0.007301833014935255,0.559284,0.5718
1990/12/26 0:00,0.7689487934112549,1.6818891763687134,0.8527921438217163,0.6690351963043213,0.186092,0.007301833014935255,0.558659,0.5712
1990/12/27 0:00,0.7689487934112549,1.6818891763687134,0.8527921438217163,0.6690351963043213,0.186092,0.007301833014935255,0.559128,0.576
1990/12/28 0:00,0.7689487934112549,1.6818891763687134,0.8527921438217163,0.6690351963043213,0.186092,0.007301833014935255,0.557724,0.575
1990/12/29 0:00,0.7689487934112549,1.6818891763687134,0.8527921438217163,0.6690351963043213,0.186092,0.007301833014935255,0.559284,0.5753
1990/12/30 0:00,0.7689487934112549,1.6818891763687134,0.8527921438217163,0.6690351963043213,0.186254,0.007301833014935255,0.563222,0.576
1990/12/31 0:00,0.7689487934112549,1.6818891763687134,0.8527921438217163,0.6690351963043213,0.186254,0.007301833014935255,0.563063,0.5752
1991/1/1 0:00,0.7689487934112549,1.6818891763687134,0.8527921438217163,0.6690351963043213,0.186254,0.007301833014935255,0.56243,0.575
1991/1/2 0:00,0.7689487934112549,1.6818891763687134,0.8527921438217163,0.6690351963043213,0.186254,0.007301833014935255,0.565611,0.5755
1991/1/3 0:00,0.7689487934112549,1.6818891763687134,0.8527921438217163,0.6690351963043213,0.186254,0.007301833014935255,0.565771,0.5763
1991/1/4 0:00,0.7689487934112549,1.6818891763687134,0.8527921438217163,0.6690351963043213,0.186254,0.007301833014935255,0.567215,0.5773
1991/1/5 0:00,0.7689487934112549,1.6818891763687134,0.8527921438217163,0.6690351963043213,0.186254,0.007301833014935255,0.564972,0.5754
1991/1/6 0:00,0.7689487934112549,1.6818891763687134,0.8527921438217163,0.6690351963043213,0.186254,0.007301833014935255,0.565707,0.5723
1991/1/7 0:00,0.7689487934112549,1.6818891763687134,0.8527921438217163,0.6690351963043213,0.185929,0.007490777876228094,0.564972,0.568
1991/1/8 0:00,0.7689487934112549,1.6818891763687134,0.8527921438217163,0.6690351963043213,0.185711,0.007301833014935255,0.564334,0.5685
1991/1/9 0:00,0.7689487934112549,1.6818891763687134,0.8527921438217163,0.6690351963043213,0.185711,0.007490777876228094,0.565931,0.5665
1991/1/10 0:00,0.7689487934112549,1.6818891763687134,0.8527921438217163,0.6690351963043213,0.185912,0.007301833014935255,0.567376,0.5686
1991/1/11 0:00,0.6652669906616211,1.539359450340271,0.7841109037399292,0.635526,0.186074,0.0077208406291902065,0.568666,0.5667
1991/1/12 0:00,0.6512309312820435,1.539359450340271,0.7761635184288025,0.636132,0.186074,0.008077215403318405,0.56802,0.5632
1991/1/13 0:00,0.6057854294776917,1.5018084049224854,0.7761635184288025,0.62901,0.186074,0.008077215403318405,0.568666,0.5618
1991/1/14 0:00,0.6512309312820435,1.539359450340271,0.7761635184288025,0.645203,0.186074,0.008077215403318405,0.571102,0.5624
1991/1/15 0:00,0.6512309312820435,1.539359450340271,0.7761635184288025,0.646078,0.186293,0.008077215403318405,0.571102,0.5627
1991/1/16 0:00,0.7137885689735413,1.6559994220733643,0.872372,0.64041,0.186293,0.007572511676698923,0.570613,0.5645
1991/1/17 0:00,0.7137885689735413,1.6559994220733643,0.871536,0.643708,0.186293,0.007572511676698923,0.570451,0.5648
1991/1/18 0:00,0.7820659279823303,1.7499825954437256,0.866176,0.651254,0.186293,0.0075293597765266895,0.571102,0.563
1991/1/19 0:00,0.7768109440803528,1.7434505224227905,0.862069,0.660066,0.186293,0.0075293597765266895,0.571102,0.5674
1991/1/20 0:00,0.7768109440803528,1.7499825954437256,0.864528,0.656599,0.18655,0.0075293597765266895,0.570776,0.5667
1991/1/21 0:00,0.7820659279823303,1.7499825954437256,0.864454,0.655523,0.18655,0.0075293597765266895,0.571265,0.565
1991/1/22 0:00,0.7820659279823303,1.7499825954437256,0.867679,0.661463,0.18655,0.0075293597765266895,0.57241,0.5664
1991/1/23 0:00,0.7768109440803528,1.7499825954437256,0.869717,0.660066,0.18655,0.007405598182231188,0.571102,0.571
1991/1/24 0:00,0.7768109440803528,1.7499825954437256,0.870246,0.652529,0.18655,0.007405598182231188,0.571429,0.5712
1991/1/25 0:00,0.7768109440803528,1.7499825954437256,0.868583,0.654108,0.18655,0.007405598182231188,0.572082,0.5711
1991/1/26 0:00,0.7768109440803528,1.7499825954437256,0.868131,0.655308,0.18655,0.007405598182231188,0.57323,0.5708
1991/1/27 0:00,0.7768109440803528,1.7499825954437256,0.869338,0.651169,0.18655,0.007405598182231188,0.574053,0.5714
1991/1/28 0:00,0.7775014638900757,1.6473006010055542,0.86881,0.66313,0.18655,0.007362049538642168,0.5667417049407959,0.5725
1991/1/29 0:00,0.7775014638900757,1.6473006010055542,0.869717,0.667111,0.18655,0.007362049538642168,0.5667417049407959,0.5757
1991/1/30 0:00,0.7775014638900757,1.6659893989562988,0.870549,0.668807,0.186679,0.007362049538642168,0.5667417049407959,0.574
1991/1/31 0:00,0.7775014638900757,1.6659893989562988,0.87146,0.66912,0.186679,0.007362049538642168,0.5667417049407959,0.5741
1991/2/1 0:00,0.7775014638900757,1.6659893989562988,0.872068,0.66335,0.186679,0.007362049538642168,0.5667417049407959,0.5735
1991/2/2 0:00,0.7835,1.6659893989562988,0.871992,0.6941853165626526,0.186505,0.007362049538642168,0.5790628790855408,0.5711
1991/2/3 0:00,0.7839,1.6659893989562988,0.871916,0.6941853165626526,0.186505,0.007362049538642168,0.5790628790855408,0.5717
1991/2/4 0:00,0.7825,1.6659893989562988,0.8726,0.6941853165626526,0.186505,0.007362049538642168,0.5790628790855408,0.5738
1991/2/5 0:00,0.7821,1.6659893989562988,0.87382,0.6941853165626526,0.186505,0.007362049538642168,0.5790628790855408,0.573
1991/2/6 0:00,0.7785,1.6659893989562988,0.874585,0.6941853165626526,0.186505,0.007362049538642168,0.5790628790855408,0.5731
1991/2/7 0:00,0.7776,1.6659893989562988,0.873897,0.6941853165626526,0.186234,0.007362049538642168,0.5790628790855408,0.5732
1991/2/8 0:00,0.779,1.6659893989562988,0.873897,0.6941853165626526,0.185925,0.007362049538642168,0.5790628790855408,0.5705
1991/2/9 0:00,0.7815,1.6659893989562988,0.87558,0.6941853165626526,0.185405,0.007362049538642168,0.5790628790855408,0.575
1991/2/10 0:00,0.784,1.6659893989562988,0.874279,0.6941853165626526,0.18557,0.007362049538642168,0.5790628790855408,0.5753
1991/2/11 0:00,0.7871,1.6659893989562988,0.874508,0.6941853165626526,0.18566,0.007362049538642168,0.5790628790855408,0.5755
1991/2/12 0:00,0.7855,1.6659893989562988,0.874126,0.6941853165626526,0.18566,0.007362049538642168,0.5790628790855408,0.5742
1991/2/13 0:00,0.7845,1.6659893989562988,0.873744,0.6941853165626526,0.18566,0.007362049538642168,0.5790628790855408,0.5735
1991/2/14 0:00,0.7841,1.6659893989562988,0.875887,0.6941853165626526,0.18566,0.007362049538642168,0.5790628790855408,0.573
1991/2/15 0:00,0.7845,1.6659893989562988,0.876578,0.6941853165626526,0.18566,0.007362049538642168,0.5790628790855408,0.5741
1991/2/16 0:00,0.7842,1.6659893989562988,0.876732,0.6941853165626526,0.18566,0.007362049538642168,0.5790628790855408,0.575
1991/2/17 0:00,0.7852,1.6659893989562988,0.875503,0.6941853165626526,0.18566,0.007362049538642168,0.5790628790855408,0.5744
1991/2/18 0:00,0.7781,1.6659893989562988,0.876655,0.6941853165626526,0.18566,0.007362049538642168,0.5790628790855408,0.5723
1991/2/19 0:00,0.7848,1.6659893989562988,0.875887,0.6941853165626526,0.18566,0.007362049538642168,0.5790628790855408,0.5745
1991/2/20 0:00,0.7856,1.692,0.876424,0.6941853165626526,0.18566,0.007325056474655867,0.5790628790855408,0.5798
1991/2/21 0:00,0.7867,1.6975,0.877578,0.6941853165626526,0.18566,0.007325056474655867,0.5790628790855408,0.5814
1991/2/22 0:00,0.7905,1.73,0.877886,0.7075324654579163,0.18566,0.00741,0.5889599323272705,0.5825
1991/2/23 0:00,0.7878,1.7295,0.876732,0.6941853165626526,0.185753,0.007390239741653204,0.5831923484802246,0.5822
1991/2/24 0:00,0.7896,1.7252,0.878889,0.6941853165626526,0.185753,0.007390239741653204,0.5831923484802246,0.582
1991/2/25 0:00,0.7958,1.7335,0.87943,0.6941853165626526,0.185753,0.007390239741653204,0.5831923484802246,0.5843
1991/2/26 0:00,0.7963,1.7325,0.880204,0.7105820178985596,0.185753,0.007390239741653204,0.5831923484802246,0.5863
1991/2/27 0:00,0.7995,1.742,0.879894,0.7311878800392151,0.185753,0.007390239741653204,0.5831923484802246,0.587
1991/2/28 0:00,0.7957,1.7275,0.879894,0.6828296184539795,0.185532,0.00742308609187603,0.590319,0.5839
1991/3/1 0:00,0.7974,1.7285,0.880669,0.7249345779418945,0.185532,0.00742308609187603,0.589623,0.5843
1991/3/2 0:00,0.8011,1.744,0.881446,0.74554044008255,0.185532,0.00742308609187603,0.592066,0.5845
1991/3/3 0:00,0.8002,1.738,0.881834,0.74554044008255,0.185532,0.00742308609187603,0.591191,0.5856
1991/3/4 0:00,0.7961,1.7443444728851318,0.881446,0.6828296184539795,0.185532,0.007498661056160927,0.590493,0.5737
1991/3/5 0:00,0.7935,1.7443444728851318,0.880902,0.6828296184539795,0.185532,0.0076224226504564285,0.590842,0.5643
1991/3/6 0:00,0.7965,1.7443444728851318,0.881601,0.7249345779418945,0.185532,0.007498661056160927,0.58997,0.5693
1991/3/7 0:00,0.7971,1.70577871799469,0.883783,0.7670941352844238,0.185532,0.0076224226504564285,0.592066,0.5678
1991/3/8 0:00,0.8004,1.708378791809082,0.884173,0.74554044008255,0.185532,0.007498661056160927,0.592839,0.5699
1991/3/9 0:00,0.7953,1.70577871799469,0.883939,0.6828296184539795,0.185532,0.0076224226504564285,0.592242,0.568
1991/3/10 0:00,0.794,1.70577871799469,0.88347,0.6828296184539795,0.185687,0.0076224226504564285,0.591716,0.5665
1991/3/11 0:00,0.796,1.70577871799469,0.885347,0.6828296184539795,0.185687,0.0076224226504564285,0.591541,0.5671
1991/3/12 0:00,0.7934,1.70577871799469,0.886132,0.6828296184539795,0.185687,0.0076224226504564285,0.590319,0.5673
1991/3/13 0:00,0.7955,1.70577871799469,0.88574,0.6828296184539795,0.185377,0.0076224226504564285,0.589275,0.568
1991/3/14 0:00,0.7943,1.70577871799469,0.884564,0.6828296184539795,0.185377,0.0076224226504564285,0.590493,0.5654
1991/3/15 0:00,0.7820659279823303,1.7123639583587646,0.885426,0.6943174004554749,0.185377,0.007708,0.590667,0.5635
1991/3/16 0:00,0.7827576994895935,1.7123639583587646,0.885112,0.6943174004554749,0.185377,0.007679,0.589623,0.5679
1991/3/17 0:00,0.7820659279823303,1.7123639583587646,0.884408,0.6943174004554749,0.185377,0.007691,0.58997,0.5661
1991/3/18 0:00,0.7820659279823303,1.7123639583587646,0.886525,0.6943174004554749,0.185377,0.007706,0.58997,0.5658
1991/3/19 0:00,0.7820659279823303,1.7123639583587646,0.887311,0.6828296184539795,0.185377,0.007649,0.590145,0.566
1991/3/20 0:00,0.7820659279823303,1.7123639583587646,0.887548,0.6828296184539795,0.185377,0.007622,0.589623,0.5628
1991/3/21 0:00,0.7743550539016724,1.7123639583587646,0.886918,0.6828296184539795,0.185377,0.007602,0.588928,0.5526
1991/3/22 0:00,0.7743550539016724,1.7123639583587646,0.888573,0.6828296184539795,0.185377,0.007623,0.590145,0.5565
1991/3/23 0:00,0.7743550539016724,1.7123639583587646,0.888415,0.6828296184539795,0.185377,0.00761,0.589275,0.5565
1991/3/24 0:00,0.7743550539016724,1.7123639583587646,0.890313,0.679607629776001,0.185849,0.007648,0.588928,0.5551
1991/3/25 0:00,0.7743550539016724,1.6964976787567139,0.890631,0.68306,0.185377,0.007629,0.590319,0.5563
1991/3/26 0:00,0.7743550539016724,1.6964976787567139,0.890472,0.682594,0.185377,0.007657,0.591017,0.5566
1991/3/27 0:00,0.7820659279823303,1.7034779787063599,0.892061,0.696961,0.185377,0.007758,0.598802,0.564
1991/3/28 0:00,0.7820659279823303,1.7034779787063599,0.89222,0.690131,0.185377,0.007704,0.597372,0.5633
1991/3/29 0:00,0.7743550539016724,1.7034779787063599,0.888099,0.68918,0.185271,0.007673,0.59453,0.5585
1991/3/30 0:00,0.7743550539016724,1.7034779787063599,0.883314,0.690846,0.185178,0.0077,0.597015,0.5618
1991/3/31 0:00,0.7743550539016724,1.7034779787063599,0.884408,0.688231,0.185268,0.007689,0.597372,0.5611
1991/4/1 0:00,0.7820659279823303,1.7034779787063599,0.886525,0.701262,0.185268,0.007734,0.600781,0.5654
1991/4/2 0:00,0.7775014638900757,1.708516240119934,0.885975,0.704722,0.185268,0.007695,0.601521372795105,0.5667
1991/4/3 0:00,0.7827564477920532,1.7152389287948608,0.880359,0.703235,0.185268,0.007706,0.6034108996391296,0.566
1991/4/4 0:00,0.7834482192993164,1.7311052083969116,0.880437,0.6901721954345703,0.18534,0.007715,0.6034108996391296,0.5673
1991/4/5 0:00,0.7834482192993164,1.7311052083969116,0.878889,0.6901721954345703,0.185117,0.00772,0.6034108996391296,0.569
1991/4/6 0:00,0.7834482192993164,1.7311052083969116,0.877501,0.6901721954345703,0.185117,0.007827,0.615240216255188,0.5682
1991/4/7 0:00,0.7834482192993164,1.7311052083969116,0.880282,0.6901721954345703,0.185117,0.007806,0.615240216255188,0.567
1991/4/8 0:00,0.7827564477920532,1.7311052083969116,0.879507,0.7075324654579163,0.185117,0.007676,0.5988444685935974,0.564
1991/4/9 0:00,0.7750455737113953,1.7243825197219849,0.881057,0.7075324654579163,0.184792,0.007688,0.5988444685935974,0.561
1991/4/10 0:00,0.7827564477920532,1.7311052083969116,0.882223,0.7075324654579163,0.184792,0.007695,0.6034108996391296,0.5627
1991/4/11 0:00,0.7827564477920532,1.7311052083969116,0.881679,0.6901721954345703,0.184792,0.007719,0.6034108996391296,0.5619
1991/4/12 0:00,0.7827564477920532,1.7311052083969116,0.880747,0.6901721954345703,0.184792,0.007719,0.6034108996391296,0.5623
1991/4/13 0:00,0.7750455737113953,1.7243825197219849,0.879507,0.6901721954345703,0.184792,0.007766,0.615240216255188,0.5618
1991/4/14 0:00,0.7750455737113953,1.7243825197219849,0.879662,0.6901721954345703,0.184792,0.0078,0.615240216255188,0.56
1991/4/15 0:00,0.7750455737113953,1.7243825197219849,0.880204,0.6901721954345703,0.184792,0.007788,0.615240216255188,0.5566
1991/4/16 0:00,0.7565470933914185,1.7018659114837646,0.879972,0.7468692660331726,0.18884094059467316,0.00777,0.5951934456825256,0.5562
1991/4/17 0:00,0.7565470933914185,1.7018659114837646,0.876655,0.7468692660331726,0.18884094059467316,0.007743,0.5951934456825256,0.5552
1991/4/18 0:00,0.7565470933914185,1.782405972480774,0.87558,0.7468692660331726,0.18884094059467316,0.007738,0.603870153427124,0.5588
1991/4/19 0:00,0.7565470933914185,1.782405972480774,0.87535,0.7468692660331726,0.18884094059467316,0.007764,0.6156994700431824,0.5576
1991/4/20 0:00,0.7565470933914185,1.782405972480774,0.874355,0.7468692660331726,0.18884094059467316,0.007784,0.6156994700431824,0.557
1991/4/21 0:00,0.7565470933914185,1.782405972480774,0.872981,0.7468692660331726,0.18884094059467316,0.007776,0.6156994700431824,0.554
1991/4/22 0:00,0.7565470933914185,1.782405972480774,0.871992,0.7468692660331726,0.18884094059467316,0.007785,0.6156994700431824,0.5496
1991/4/23 0:00,0.7565470933914185,1.782405972480774,0.86408,0.7468692660331726,0.18884094059467316,0.007792,0.6156994700431824,0.5507
1991/4/24 0:00,0.7565470933914185,1.782405972480774,0.865801,0.7468692660331726,0.18884094059467316,0.007839,0.6156994700431824,0.543
1991/4/25 0:00,0.7565470933914185,1.7758738994598389,0.861995,0.7468692660331726,0.18884094059467316,0.007902,0.6156994700431824,0.5435
1991/4/26 0:00,0.7565470933914185,1.7758738994598389,0.861401,0.7468692660331726,0.18884094059467316,0.00784,0.6156994700431824,0.544
1991/4/27 0:00,0.7565470933914185,1.7758738994598389,0.861104,0.7468692660331726,0.18884094059467316,0.007888,0.6156994700431824,0.5445
1991/4/28 0:00,0.7565470933914185,1.7758738994598389,0.861846,0.7468692660331726,0.1887223869562149,0.007964,0.6156994700431824,0.5435
1991/4/29 0:00,0.7565470933914185,1.782405972480774,0.86326,0.7468692660331726,0.1887223869562149,0.007952,0.6156994700431824,0.5405
1991/4/30 0:00,0.7565470933914185,1.782405972480774,0.865202,0.7468692660331726,0.1887223869562149,0.008006,0.6156994700431824,0.5403
1991/5/1 0:00,0.7565470933914185,1.782405972480774,0.868432,0.7468692660331726,0.1887223869562149,0.008032,0.6156994700431824,0.5375
1991/5/2 0:00,0.7585303783416748,1.845,0.871612,0.7468692660331726,0.1887223869562149,0.008013,0.6156994700431824,0.5379
1991/5/3 0:00,0.7663229703903198,1.877,0.874661,0.7116434574127197,0.18696722388267517,0.008058,0.615006,0.5495
1991/5/4 0:00,0.7663229703903198,1.871,0.875657,0.7116434574127197,0.18696722388267517,0.008039,0.615385,0.5515
1991/5/5 0:00,0.7663229703903198,1.871,0.875044,0.7116434574127197,0.18696722388267517,0.008006,0.616523,0.5494
1991/5/6 0:00,0.7598212361335754,1.831,0.870322,0.7116434574127197,0.18267148733139038,0.007974,0.614553,0.5442
1991/5/7 0:00,0.7598212361335754,1.792,0.866326,0.7072949409484863,0.18279004096984863,0.007871,0.61106,0.5417
1991/5/8 0:00,0.7598212361335754,1.8015,0.870322,0.7072949409484863,0.18279004096984863,0.007883,0.610501,0.5443
1991/5/9 0:00,0.7598212361335754,1.789,0.870474,0.7072949409484863,0.18279004096984863,0.007886,0.611808,0.5435
1991/5/10 0:00,0.7637237906455994,1.753,0.864828,0.7468692660331726,0.18884094059467316,0.007788,0.615240216255188,0.5385
1991/5/11 0:00,0.7637237906455994,1.7605,0.867077,0.7468692660331726,0.18884094059467316,0.007795,0.615240216255188,0.5397
1991/5/12 0:00,0.7565470933914185,1.679722785949707,0.867152,0.7688617706298828,0.15033431351184845,0.01073104701936245,0.6419450044631958,0.5415
1991/5/13 0:00,0.7565470933914185,1.679722785949707,0.866701,0.7688617706298828,0.15033431351184845,0.01073104701936245,0.6419450044631958,0.5422
1991/5/14 0:00,0.7565470933914185,1.679722785949707,0.865876,0.7688617706298828,0.15033431351184845,0.01073104701936245,0.6419450044631958,0.5405
1991/5/15 0:00,0.7565470933914185,1.679722785949707,0.863334,0.7688617706298828,0.15033431351184845,0.01073104701936245,0.6419450044631958,0.5403
1991/5/16 0:00,0.7565470933914185,1.673190712928772,0.856531,0.7688617706298828,0.15033431351184845,0.01073104701936245,0.6419450044631958,0.5405
1991/5/17 0:00,0.7565470933914185,1.673190712928772,0.852442,0.7688617706298828,0.15033431351184845,0.01073104701936245,0.6419450044631958,0.5365
1991/5/18 0:00,0.7565470933914185,1.673190712928772,0.851571,0.7688617706298828,0.15033431351184845,0.01073104701936245,0.6419450044631958,0.5409
1991/5/19 0:00,0.7565470933914185,1.673190712928772,0.853024,0.7688617706298828,0.15033431351184845,0.01073104701936245,0.6419450044631958,0.5406
1991/5/20 0:00,0.7604371309280396,1.673190712928772,0.848896,0.7688617706298828,0.15033431351184845,0.01073104701936245,0.6419450044631958,0.5399
1991/5/21 0:00,0.7461423873901367,1.781632423400879,0.850919,0.7584273219108582,0.18250198662281036,0.007965,0.617324709892273,0.5707048177719116
1991/5/22 0:00,0.7461423873901367,1.781632423400879,0.852442,0.7584273219108582,0.18250198662281036,0.00794,0.617324709892273,0.5707048177719116
1991/5/23 0:00,0.7461423873901367,1.781632423400879,0.846883,0.7584273219108582,0.18250198662281036,0.007927,0.617324709892273,0.5707048177719116
1991/5/24 0:00,0.7461423873901367,1.781632423400879,0.847961,0.7584273219108582,0.18250198662281036,0.007947,0.617324709892273,0.5707048177719116
1991/5/25 0:00,0.7064540386199951,1.7260650396347046,0.848176,0.710732,0.1858769655227661,0.007959,0.615240216255188,0.5611550211906433
1991/5/26 0:00,0.7064540386199951,1.7260650396347046,0.84832,0.719424,0.1803465485572815,0.007986,0.615240216255188,0.5410138368606567
1991/5/27 0:00,0.7195423245429993,1.8331217765808105,0.849834,0.712606,0.183097,0.007893,0.617324709892273,0.548543393611908
1991/5/28 0:00,0.7195423245429993,1.8331217765808105,0.845666,0.702001,0.182785,0.007878,0.617324709892273,0.5467499494552612
1991/5/29 0:00,0.7195423245429993,1.8331217765808105,0.845881,0.69483,0.182475,0.007832,0.617324709892273,0.5467499494552612
1991/5/30 0:00,0.7195423245429993,1.8331217765808105,0.843739,0.685166,0.182359,0.007832,0.617324709892273,0.5467499494552612
1991/5/31 0:00,0.7195423245429993,1.8331217765808105,0.84246,0.681199,0.182359,0.007817,0.617324709892273,0.5467499494552612
1991/6/1 0:00,0.7195423245429993,1.8331217765808105,0.840689,0.671366,0.182359,0.007813,0.617324709892273,0.5467499494552612
1991/6/2 0:00,0.7195423245429993,1.8331217765808105,0.841822,0.671682,0.182359,0.007788,0.617324709892273,0.5467499494552612
1991/6/3 0:00,0.7195423245429993,1.8331217765808105,0.843882,0.671366,0.182359,0.007773,0.617324709892273,0.5467499494552612
1991/6/4 0:00,0.7657286524772644,1.8431696891784668,0.844452,0.7214888334274292,0.182359,0.007769,0.6156994700431824,0.5476219058036804
1991/6/5 0:00,0.7657286524772644,1.8431696891784668,0.842247,0.7214888334274292,0.182359,0.007746,0.6067302227020264,0.5476219058036804
1991/6/6 0:00,0.7657286524772644,1.8431696891784668,0.843241,0.7214888334274292,0.182359,0.007725,0.6067302227020264,0.5476219058036804
1991/6/7 0:00,0.7657286524772644,1.8431696891784668,0.846883,0.7214888334274292,0.182359,0.007711,0.6067302227020264,0.5476219058036804
1991/6/8 0:00,0.7657286524772644,1.7562296390533447,0.847817,0.7388583421707153,0.182382,0.007727,0.609756,0.5476219058036804
1991/6/9 0:00,0.7657286524772644,1.7697105407714844,0.846024,0.7203465104103088,0.182382,0.007736776024103165,0.608347,0.5476219058036804
1991/6/10 0:00,0.7666141986846924,1.7434505224227905,0.844096,0.6803578734397888,0.182382,0.007687162142246962,0.608458,0.5471
1991/6/11 0:00,0.7666141986846924,1.7819032669067383,0.839842,0.6804323792457581,0.182382,0.0076224226504564285,0.607165,0.5482
1991/6/12 0:00,0.7666141986846924,1.7819032669067383,0.838715,0.6804323792457581,0.182193,0.0076224226504564285,0.606428,0.5453
1991/6/13 0:00,0.7666141986846924,1.7434505224227905,0.839983,0.6803578734397888,0.182193,0.0076224226504564285,0.60423,0.547
1991/6/14 0:00,0.7666141986846924,1.7434505224227905,0.841397,0.6803578734397888,0.182193,0.0076224226504564285,0.602954,0.5477
1991/6/15 0:00,0.7666141986846924,1.7819032669067383,0.838364,0.6804323792457581,0.182193,0.0076224226504564285,0.601034,0.5473
1991/6/16 0:00,0.7557269334793091,1.7819032669067383,0.83654,0.6804323792457581,0.182193,0.0077041564509272575,0.598982,0.5483
1991/6/17 0:00,0.7547,1.7319456338882446,0.83731,0.6760464906692505,0.182193,0.0077041564509272575,0.596837,0.5481
1991/6/18 0:00,0.7536,1.7319456338882446,0.83696,0.6760464906692505,0.182269,0.0077041564509272575,0.595061,0.5479
1991/6/19 0:00,0.7547,1.7319456338882446,0.834028,0.6760464906692505,0.182176,0.0077041564509272575,0.598444,0.5472
1991/6/20 0:00,0.7549,1.7319456338882446,0.833194,0.6803578734397888,0.182176,0.0077041564509272575,0.600601,0.5456
1991/6/21 0:00,0.7573,1.7040975093841553,0.835422,0.6803578734397888,0.182176,0.007493,0.607903,0.5463
1991/6/22 0:00,0.7602,1.7040975093841553,0.838012,0.6803578734397888,0.182359,0.007573,0.605327,0.548
1991/6/23 0:00,0.7599,1.7040975093841553,0.835561,0.6803578734397888,0.182359,0.007504,0.603318,0.5497
1991/6/24 0:00,0.7593,1.7040975093841553,0.834376,0.6803578734397888,0.182053,0.007454,0.60024,0.5492
1991/6/25 0:00,0.7605,1.7040975093841553,0.838223,0.6803578734397888,0.182053,0.007479,0.60042,0.5489
1991/6/26 0:00,0.7614,1.7040975093841553,0.838926,0.6803578734397888,0.182053,0.00748,0.603865,0.5484
1991/6/27 0:00,0.7638,1.7040975093841553,0.840972,0.6803578734397888,0.182193,0.007499,0.6035,0.5495
1991/6/28 0:00,0.7645,1.7040975093841553,0.840477,0.6803578734397888,0.182359,0.007465,0.601866,0.5504
1991/6/29 0:00,0.7659,1.7040975093841553,0.841184,0.6803578734397888,0.182359,0.007512,0.60024,0.549
1991/6/30 0:00,0.767,1.7040975093841553,0.839842,0.6803578734397888,0.182442,0.007515,0.601685,0.5483
1991/7/1 0:00,0.77,1.7040975093841553,0.840195,0.6803578734397888,0.182442,0.007523,0.603865,0.5463
1991/7/2 0:00,0.7666,1.7040975093841553,0.839278,0.6803578734397888,0.182442,0.007435,0.602047,0.545
1991/7/3 0:00,0.7663,1.7040975093841553,0.838223,0.6803578734397888,0.182442,0.007472,0.602954,0.5446
1991/7/4 0:00,0.7665,1.7040975093841553,0.840831,0.6803578734397888,0.182442,0.007505,0.605694,0.547
1991/7/5 0:00,0.7632,1.75,0.841893,0.7004258036613464,0.182442,0.007535,0.6029244065284729,0.5439
1991/7/6 0:00,0.7628,1.7495,0.841751,0.7004258036613464,0.182442,0.007503,0.6029244065284729,0.5423
1991/7/7 0:00,0.7595,1.7485,0.840831,0.7004258036613464,0.182442,0.007541,0.6029244065284729,0.5421
1991/7/8 0:00,0.7628,1.764,0.841468,0.7468692660331726,0.18434298038482666,0.007563,0.6000643372535706,0.5437
1991/7/9 0:00,0.7637,1.7652,0.842673,0.7468692660331726,0.18434298038482666,0.007524,0.6000643372535706,0.5435
1991/7/10 0:00,0.7638,1.762,0.842957,0.7468692660331726,0.18434298038482666,0.007503,0.6000643372535706,0.5447
1991/7/11 0:00,0.7661,1.771,0.846167,0.7561588883399963,0.18216802179813385,0.007531,0.6033836603164673,0.5453
1991/7/12 0:00,0.765,1.756,0.847529,0.7561588883399963,0.18216802179813385,0.007497,0.5980961918830872,0.5445
1991/7/13 0:00,0.7667,1.7477,0.845809,0.7561588883399963,0.18194879591464996,0.007468,0.5980961918830872,0.5438
1991/7/14 0:00,0.767,1.745,0.846024,0.7561588883399963,0.18194879591464996,0.007463,0.5980961918830872,0.543
1991/7/15 0:00,0.7645,1.747,0.847458,0.7468692660331726,0.18412375450134277,0.00745,0.6000643372535706,0.5413
1991/7/16 0:00,0.7625,1.7625,0.842957,0.7468692660331726,0.18434298038482666,0.007454,0.6000643372535706,0.5377
1991/7/17 0:00,0.757,1.764,0.843313,0.695807158946991,0.18153376877307892,0.007433,0.601866,0.533
1991/7/18 0:00,0.754,1.772,0.843455,0.695807158946991,0.18153376877307892,0.007433,0.602773,0.534
1991/7/19 0:00,0.7562,1.78,0.837521,0.695807158946991,0.18194621801376343,0.007511,0.604412,0.5348
1991/7/20 0:00,0.7552,1.775,0.83654,0.695807158946991,0.18194621801376343,0.0075,0.604047,0.5376
1991/7/21 0:00,0.7589,1.7698,0.837451,0.695807158946991,0.18194621801376343,0.007491,0.60423,0.5386
1991/7/22 0:00,0.7565,1.775,0.83612,0.695807158946991,0.18194621801376343,0.007502,0.602591,0.5372
1991/7/23 0:00,0.7538,1.783,0.839983,0.695807158946991,0.18194621801376343,0.007536,0.604412,0.537
1991/7/24 0:00,0.7582,1.7815,0.839278,0.695807158946991,0.18194621801376343,0.007515,0.605694,0.5382
1991/7/25 0:00,0.7552,1.7945,0.835631,0.665779,0.18194621801376343,0.007547,0.60551,0.5374
1991/7/26 0:00,0.7513,1.7965,0.834168,0.661507,0.18194621801376343,0.007536,0.60551,0.5368
1991/7/27 0:00,0.7541,1.7875,0.833333,0.654022,0.18194621801376343,0.007496,0.606061,0.5371
1991/7/28 0:00,0.7503,1.7927,0.828981,0.65445,0.18194621801376343,0.007509,0.605877,0.5337
1991/7/29 0:00,0.7523,1.813,0.83022,0.664673,0.18194621801376343,0.007663,0.608643,0.532
1991/7/30 0:00,0.7525,1.813,0.829738,0.66912,0.18217213451862335,0.007840078324079514,0.609756,0.533
1991/7/31 0:00,0.7574,1.822,0.831601,0.677507,0.18217213451862335,0.007934851571917534,0.610501,0.5347
1991/8/1 0:00,0.7574,1.8185,0.831393,0.671817,0.18217213451862335,0.007840078324079514,0.609756,0.534
1991/8/2 0:00,0.7583,1.8355,0.834864,0.682594,0.18475277721881866,0.007934851571917534,0.61237,0.534
1991/8/3 0:00,0.7575,1.8395,0.83619,0.685166,0.18475277721881866,0.007934851571917534,0.612745,0.5333
1991/8/4 0:00,0.7566,1.8308,0.83612,0.680041,0.18217213451862335,0.00797516293823719,0.613572,0.5326
1991/8/5 0:00,0.7582,1.817,0.83612,0.674536,0.18217213451862335,0.007934851571917534,0.612445,0.5336
1991/8/6 0:00,0.7573,1.8142,0.83647,0.671592,0.18217213451862335,0.007934851571917534,0.611359,0.5348
1991/8/7 0:00,0.7585,1.828,0.832016,0.676041,0.18217213451862335,0.007934851571917534,0.613685,0.5355
1991/8/8 0:00,0.758,1.801,0.831947,0.672721,0.18217213451862335,0.007934851571917534,0.611621,0.5358
1991/8/9 0:00,0.7582,1.8065,0.830565,0.67714,0.18217213451862335,0.007934851571917534,0.610874,0.536
1991/8/10 0:00,0.7568,1.829,0.830013,0.686719,0.18217213451862335,0.007934851571917534,0.613987,0.5352
1991/8/11 0:00,0.7574,1.8227,0.830013,0.684135,0.18217213451862335,0.007934851571917534,0.614628,0.5351
1991/8/12 0:00,0.7575,1.8245,0.83091,0.684463,0.18217213451862335,0.007934851571917534,0.612557,0.5356
1991/8/13 0:00,0.763,1.8178,0.833125,0.680133,0.18217213451862335,0.007853117771446705,0.613685,0.5373
1991/8/14 0:00,0.7629,1.825,0.835073,0.684229,0.18217213451862335,0.007853117771446705,0.614251,0.5369
1991/8/15 0:00,0.763,1.836,0.838504,0.689655,0.18475277721881866,0.007853117771446705,0.615006,0.5385
1991/8/16 0:00,0.764,1.834,0.837521,0.688563,0.18217213451862335,0.007853117771446705,0.614439,0.5407
1991/8/17 0:00,0.7631,1.8325,0.837872,0.686813,0.18217213451862335,0.007853117771446705,0.614628,0.5442
1991/8/18 0:00,0.7617,1.833,0.83682,0.688705,0.18207597732543945,0.00804948154836893,0.614628,0.5458284616470337
1991/8/19 0:00,0.7616,1.846,0.838012,0.698568,0.18465662002563477,0.00804948154836893,0.614628,0.5458284616470337
1991/8/20 0:00,0.7586,1.8515,0.839208,0.700771,0.18465662002563477,0.00804948154836893,0.616523,0.5446867346763611
1991/8/21 0:00,0.7535,1.856,0.838574,0.706714,0.18637171387672424,0.00804948154836893,0.616523,0.557354748249054
1991/8/22 0:00,0.7534,1.86,0.83612,0.710732,0.18637171387672424,0.00804948154836893,0.615309,0.5709534287452698
1991/8/23 0:00,0.7525,1.853,0.835911,0.704225,0.18465662002563477,0.00804948154836893,0.616029,0.5446867346763611
1991/8/24 0:00,0.7545,1.8655,0.835073,0.707965,0.18637171387672424,0.00804948154836893,0.616447,0.557354748249054
1991/8/25 0:00,0.7522,1.8595,0.834655,0.705965,0.18637171387672424,0.00804948154836893,0.616219,0.557354748249054
1991/8/26 0:00,0.7495,1.8615,0.83696,0.706714,0.18637171387672424,0.00804948154836893,0.61717,0.557354748249054
1991/8/27 0:00,0.7518,1.8635,0.835422,0.705716,0.18637171387672424,0.00804948154836893,0.616143,0.557354748249054
1991/8/28 0:00,0.7518,1.877,0.835631,0.711997,0.18637171387672424,0.00804948154836893,0.617093,0.5709534287452698
1991/8/29 0:00,0.75,1.891,0.83731,0.718391,0.18637171387672424,0.00804948154836893,0.617093,0.5709534287452698
1991/8/30 0:00,0.7465,1.891,0.838223,0.722282,0.1872875988483429,0.00804948154836893,0.617742,0.5727541446685791
1991/8/31 0:00,0.7471,1.907,0.837872,0.730994,0.1872875988483429,0.00804948154836893,0.617932,0.5727541446685791
1991/9/1 0:00,0.7477,1.9035,0.835282,0.727431,0.1872875988483429,0.00804948154836893,0.618123,0.5727541446685791
1991/9/2 0:00,0.7469,1.911,0.83257,0.731797,0.1872875988483429,0.00804948154836893,0.618047,0.5727541446685791
1991/9/3 0:00,0.7421,1.918,0.831601,0.736377,0.1872875988483429,0.00804948154836893,0.618047,0.5727541446685791
1991/9/4 0:00,0.7444,1.9085,0.831601,0.736648,0.1872875988483429,0.00804948154836893,0.618429,0.5727541446685791
1991/9/5 0:00,0.7447,1.9102,0.833472,0.738661,0.1872875988483429,0.007956063374876976,0.619963,0.5727541446685791
1991/9/6 0:00,0.7436,1.9248,0.835771,0.741565,0.1872875988483429,0.007956063374876976,0.619579,0.5727541446685791
1991/9/7 0:00,0.7466,1.9195,0.839278,0.74184,0.1872875988483429,0.007956063374876976,0.619195,0.5727541446685791
1991/9/8 0:00,0.7441,1.896,0.837521,0.728863,0.1872875988483429,0.00804948154836893,0.619118,0.5727541446685791
1991/9/9 0:00,0.7463,1.921,0.838786,0.737463,0.1872875988483429,0.007956063374876976,0.618812,0.5727541446685791
1991/9/10 0:00,0.7456,1.929,0.838364,0.748503,0.1549503356218338,0.008445806801319122,0.62054,0.5479258894920349
1991/9/11 0:00,0.7469,1.913,0.837802,0.741785,0.18849433958530426,0.007937,0.619963,0.5727541446685791
1991/9/12 0:00,0.7441,1.9257,0.838364,0.748391,0.18907809257507324,0.008,0.62054,0.5697985291481018
1991/9/13 0:00,0.7432,1.9355,0.839701,0.753012,0.19049657881259918,0.007971,0.621581,0.6688233613967896
1991/9/14 0:00,0.7443,1.9495,0.840336,0.765111,0.19049657881259918,0.008029,0.620848,0.6520171761512756
1991/9/15 0:00,0.7455,1.918,0.840831,0.761615,0.19049657881259918,0.007984,0.619579,0.6232633590698242
1991/9/16 0:00,0.7465,1.9095,0.838364,0.756144,0.19049657881259918,0.007981,0.619579,0.6232633590698242
1991/9/17 0:00,0.748,1.9035,0.839983,0.75643,0.1886056512594223,0.00788,0.619848,0.5969787836074829
1991/9/18 0:00,0.7481,1.849897027015686,0.841397,0.759878,0.18493963778018951,0.007897,0.619118,0.5707048177719116
1991/9/19 0:00,0.746,1.8765101432800293,0.839278,0.75188,0.1886056512594223,0.007833,0.618238,0.5697985291481018
1991/9/20 0:00,0.7437,1.8765101432800293,0.841043,0.761731,0.1886056512594223,0.007829,0.618697,0.6257326006889343
1991/9/21 0:00,0.7438,1.849897027015686,0.841468,0.76693,0.18493963778018951,0.007838,0.619387,0.599458634853363
1991/9/22 0:00,0.7437,1.849897027015686,0.842105,0.757174,0.18493963778018951,0.007817,0.619886,0.599458634853363
1991/9/23 0:00,0.7441,1.849897027015686,0.845237,0.757002,0.18493963778018951,0.007834,0.61931,0.599458634853363
1991/9/24 0:00,0.7443,1.849897027015686,0.844238,0.757863,0.18493963778018951,0.007852,0.62004,0.599458634853363
1991/9/25 0:00,0.7439,1.849897027015686,0.844452,0.757691,0.18493963778018951,0.007857,0.620733,0.599458634853363
1991/9/26 0:00,0.7414,1.849897027015686,0.843597,0.757576,0.18493963778018951,0.007859,0.620655,0.599458634853363
1991/9/27 0:00,0.7363,1.7713890075683594,0.8135468363761902,0.755572,0.18241173028945923,0.007849,0.620424,0.599458634853363
1991/9/28 0:00,0.728502094745636,1.7713890075683594,0.8192682266235352,0.751315,0.18241173028945923,0.007828,0.620424,0.5435245633125305
1991/9/29 0:00,0.7408634424209595,1.7705893516540527,0.8398337364196777,0.754603,0.183194,0.007809,0.620733,0.599458634853363
1991/9/30 0:00,0.7408634424209595,1.7705893516540527,0.8398337364196777,0.756716,0.183194,0.00783,0.621041,0.599458634853363
1991/10/1 0:00,0.7408634424209595,1.7705893516540527,0.8398337364196777,0.761035,0.183194,0.007857,0.621002,0.599458634853363
1991/10/2 0:00,0.7408634424209595,1.7705893516540527,0.8398337364196777,0.755173,0.183325,0.007921,0.62054,0.599458634853363
1991/10/3 0:00,0.7408634424209595,1.7705893516540527,0.8398337364196777,0.76266,0.183325,0.007921,0.620925,0.599458634853363
1991/10/4 0:00,0.7408634424209595,1.7705893516540527,0.8398337364196777,0.767813,0.183325,0.007918,0.621311,0.599458634853363
1991/10/5 0:00,0.7408634424209595,1.7705893516540527,0.8398337364196777,0.774293,0.183325,0.007916,0.621234,0.6041233539581299
1991/10/6 0:00,0.7408634424209595,1.790480613708496,0.8398337364196777,0.781861,0.183702,0.007932,0.622278,0.6186875104904175
1991/10/7 0:00,0.7408634424209595,1.790480613708496,0.8398337364196777,0.804829,0.184505,0.008021,0.624025,0.6186875104904175
1991/10/8 0:00,0.7408634424209595,1.790480613708496,0.8398337364196777,0.801282,0.184505,0.008006,0.624025,0.6186875104904175
1991/10/9 0:00,0.7408634424209595,1.790480613708496,0.8398337364196777,0.793651,0.184505,0.008003,0.625,0.6186875104904175
1991/10/10 0:00,0.7775881886482239,1.7928860187530518,0.8536712527275085,0.7618988752365112,0.184505,0.008006,0.625,0.5821599364280701
1991/10/11 0:00,0.7775881886482239,1.8742289543151855,0.8536712527275085,0.7654945254325867,0.184505,0.008113,0.625313,0.5865612626075745
1991/10/12 0:00,0.7775881886482239,1.8742289543151855,0.8536712527275085,0.7654945254325867,0.184505,0.008133,0.625586,0.5865612626075745
1991/10/13 0:00,0.7775881886482239,1.8742289543151855,0.8536712527275085,0.7654945254325867,0.184505,0.008133,0.626959,0.5865612626075745
1991/10/14 0:00,0.7569869160652161,1.8718235492706299,0.835422,0.7654945254325867,0.184761,0.00813,0.627392,0.5633713006973267
1991/10/15 0:00,0.7569869160652161,1.8718235492706299,0.834376,0.7654945254325867,0.183699,0.008065,0.627156,0.5633713006973267
1991/10/16 0:00,0.7569869160652161,1.8718235492706299,0.834028,0.7654945254325867,0.182522,0.008116,0.625782,0.5633713006973267
1991/10/17 0:00,0.7569869160652161,1.8718235492706299,0.830358,0.7654945254325867,0.182522,0.008151,0.628417,0.5633713006973267
1991/10/18 0:00,0.7569869160652161,1.8718235492706299,0.822368,0.7654945254325867,0.182522,0.008115,0.627746,0.5633713006973267
1991/10/19 0:00,0.7569869160652161,1.8718235492706299,0.819672,0.7446059584617615,0.181406,0.008131,0.627156,0.5508815050125122
1991/10/20 0:00,0.7673080563545227,1.9235,0.818465,0.7446059584617615,0.181271,0.00805,0.62637,0.5668684840202332
1991/10/21 0:00,0.7673080563545227,1.8915,0.825219,0.7446059584617615,0.181041,0.008048,0.626096,0.5668684840202332
1991/10/22 0:00,0.7673080563545227,1.8715,0.820345,0.741010308265686,0.181041,0.00804,0.625,0.5668684840202332
1991/10/23 0:00,0.7512089014053345,1.811,0.818331,0.741010308265686,0.180708,0.008003,0.623441,0.5464801788330078
1991/10/24 0:00,0.7512089014053345,1.7815,0.821288,0.741010308265686,0.180535,0.008037,0.624805,0.5464801788330078
1991/10/25 0:00,0.756402313709259,1.737,0.82203,0.7212517261505127,0.180871,0.008024,0.62162,0.5464801788330078
1991/10/26 0:00,0.7595943808555603,1.7082,0.812216,0.7212517261505127,0.180675,0.008251,0.62383,0.5480775833129883
1991/10/27 0:00,0.7272847294807434,1.7085,0.804894,0.7268058657646179,0.180675,0.008323,0.624025,0.5469358563423157
1991/10/28 0:00,0.7272847294807434,1.709,0.805477,0.7268058657646179,0.18074,0.008285,0.62422,0.5469358563423157
1991/10/29 0:00,0.7272847294807434,1.714,0.806712,0.7268058657646179,0.18074,0.008299,0.62383,0.5469358563423157
1991/10/30 0:00,0.7272847294807434,1.7295,0.802246,0.7268058657646179,0.18074,0.008363,0.623636,0.5508815050125122
1991/10/31 0:00,0.7220913171768188,1.769,0.797448,0.7465644478797913,0.181071,0.008351,0.626566,0.5508815050125122
1991/11/1 0:00,0.7220913171768188,1.779,0.801282,0.7465644478797913,0.181357,0.008333,0.628536,0.5508815050125122
1991/11/2 0:00,0.7272847294807434,1.734,0.804117,0.7268058657646179,0.181357,0.008333,0.628141,0.5508815050125122
1991/11/3 0:00,0.7272847294807434,1.706,0.796813,0.7268058657646179,0.181357,0.008379,0.628141,0.5469358563423157
1991/11/4 0:00,0.7307769060134888,1.701,0.801989,0.7268058657646179,0.181357,0.008358,0.628931,0.5469358563423157
1991/11/5 0:00,0.7272847294807434,1.7175,0.800833,0.6981359720230103,0.180453,0.008332,0.6210383772850037,0.5490880608558655
1991/11/6 0:00,0.7307769060134888,1.6895,0.802182,0.6981359720230103,0.180323,0.008267,0.6024582982063293,0.545142412185669
1991/11/7 0:00,0.7176,1.6975,0.79968,0.6981359720230103,0.180054,0.008197,0.6024582982063293,0.5479221940040588
1991/11/8 0:00,0.7222,1.714,0.80289,0.6981359720230103,0.180054,0.00823,0.6186267733573914,0.545142412185669
1991/11/9 0:00,0.7223,1.7098,0.800961,0.6981359720230103,0.180054,0.008263,0.6136953830718994,0.545142412185669
1991/11/10 0:00,0.7224,1.7,0.80032,0.6981359720230103,0.180054,0.008306,0.6024582982063293,0.545142412185669
1991/11/11 0:00,0.7196,1.6555,0.801667,0.6981359720230103,0.180054,0.008344,0.6137948036193848,0.5542038083076477
1991/11/12 0:00,0.7187,1.63,0.802118,0.6981359720230103,0.180054,0.008344,0.6137948036193848,0.5477333068847656
1991/11/13 0:00,0.715,1.6235,0.807754,0.6981359720230103,0.179746,0.0082,0.6024582982063293,0.5477333068847656
1991/11/14 0:00,0.7184,1.6135,0.807754,0.6981359720230103,0.179682,0.00821,0.6024582982063293,0.5477333068847656
1991/11/15 0:00,0.7201,1.6195,0.804829,0.6981359720230103,0.179682,0.008282,0.6024582982063293,0.5536615252494812
1991/11/16 0:00,0.7184,1.613,0.801989,0.6981359720230103,0.179682,0.008212,0.6024582982063293,0.5477333068847656
1991/11/17 0:00,0.7143,1.5865,0.80032,0.6981359720230103,0.179682,0.008195,0.6024582982063293,0.5566043257713318
1991/11/18 0:00,0.691,1.533,0.805477,0.7026390433311462,0.179585,0.008068,0.6098079681396484,0.5521116852760315
1991/11/19 0:00,0.695,1.5479,0.805283,0.6981359720230103,0.179247,0.00818,0.6024582982063293,0.5537294745445251
1991/11/20 0:00,0.6909,1.5535,0.802568,0.6981359720230103,0.179247,0.008143,0.6024582982063293,0.5537294745445251
1991/11/21 0:00,0.6968,1.538,0.801282,0.6892625093460083,0.179247,0.008152,0.6024582982063293,0.5521116852760315
1991/11/22 0:00,0.689,1.5330214500427246,0.790952,0.7026390433311462,0.178757,0.008039,0.6098079681396484,0.5521116852760315
1991/11/23 0:00,0.6935,1.5330214500427246,0.791452,0.7026390433311462,0.178757,0.008057,0.6098079681396484,0.5521116852760315
1991/11/24 0:00,0.6936,1.5330214500427246,0.791139,0.7026390433311462,0.178952,0.008074,0.6098079681396484,0.5521116852760315
1991/11/25 0:00,0.6881,1.5188775062561035,0.787402,0.7061911821365356,0.178952,0.00801,0.6098079681396484,0.5540357232093811
1991/11/26 0:00,0.6842,1.5330214500427246,0.784314,0.7061911821365356,0.178952,0.008029,0.6098079681396484,0.5552405118942261
1991/11/27 0:00,0.6881,1.5330214500427246,0.784006,0.7061911821365356,0.178952,0.00804,0.6098079681396484,0.5552405118942261
1991/11/28 0:00,0.6839,1.5330214500427246,0.785546,0.7061911821365356,0.177809,0.008094,0.6098079681396484,0.5521116852760315
1991/11/29 0:00,0.6843,1.5330214500427246,0.782167,0.7061911821365356,0.176239,0.00805,0.6098079681396484,0.5552405118942261
1991/11/30 0:00,0.6893,1.5273447036743164,0.777907,0.7061911821365356,0.175141,0.008039,0.6098079681396484,0.5552405118942261
1991/12/1 0:00,0.6822,1.5273447036743164,0.777545,0.7061911821365356,0.174395,0.008037,0.6098079681396484,0.5552405118942261
1991/12/2 0:00,0.6843,1.5022432804107666,0.777786,0.7061911821365356,0.173819,0.008039,0.6098079681396484,0.5571645498275757
1991/12/3 0:00,0.6829,1.5022432804107666,0.780336,0.7061911821365356,0.173819,0.008038,0.6098079681396484,0.5571645498275757
1991/12/4 0:00,0.6887,1.5022432804107666,0.783085,0.7061911821365356,0.173819,0.008021,0.6098079681396484,0.5571645498275757
1991/12/5 0:00,0.6916,1.4944568872451782,0.78235,0.7061911821365356,0.172357,0.008006,0.6098079681396484,0.5571645498275757
1991/12/6 0:00,0.6924,1.5086008310317993,0.783699,0.7061911821365356,0.172357,0.008036,0.6098079681396484,0.5571645498275757
1991/12/7 0:00,0.6934,1.5086008310317993,0.784375,0.7367732524871826,0.171245,0.008065,0.6057199835777283,0.5571645498275757
1991/12/8 0:00,0.6942,1.5086008310317993,0.785238,0.7367732524871826,0.171245,0.008058,0.6057199835777283,0.5540357232093811
1991/12/9 0:00,0.6902,1.5086008310317993,0.783392,0.7367732524871826,0.17066,0.008072,0.6057199835777283,0.5571645498275757
1991/12/10 0:00,0.6873,1.5086008310317993,0.78456,0.7367732524871826,0.17066,0.008074,0.6057199835777283,0.5571645498275757
1991/12/11 0:00,0.6881,1.5086008310317993,0.782963,0.7367732524871826,0.169471,0.008058,0.6057199835777283,0.5571645498275757
1991/12/12 0:00,0.6894,1.4819759130477905,0.784437,0.7342510223388672,0.169471,0.008238750509917736,0.6057199835777283,0.5571645498275757
1991/12/13 0:00,0.6916,1.4819759130477905,0.783945,0.7342510223388672,0.170515,0.008238750509917736,0.6057199835777283,0.5571645498275757
1991/12/14 0:00,0.691,1.4613254070281982,0.792833,0.6857317090034485,0.172429,0.008184653706848621,0.6098079681396484,0.5540357232093811
1991/12/15 0:00,0.6904,1.4613254070281982,0.793336,0.6857317090034485,0.172429,0.008184653706848621,0.6098079681396484,0.5540357232093811
1991/12/16 0:00,0.6885,1.4613254070281982,0.792581,0.6857317090034485,0.173424,0.008184653706848621,0.6098079681396484,0.5540357232093811
1991/12/17 0:00,0.6895,1.4613254070281982,0.789889,0.6857317090034485,0.173424,0.008184653706848621,0.6098079681396484,0.5540357232093811
1991/12/18 0:00,0.6894,1.4756183624267578,0.788208,0.6857317090034485,0.173424,0.008238750509917736,0.6098079681396484,0.5540357232093811
1991/12/19 0:00,0.689,1.4756183624267578,0.786535,0.6923925280570984,0.173424,0.008238750509917736,0.6098079681396484,0.5540357232093811
1991/12/20 0:00,0.6818,1.4756183624267578,0.78235,0.7008499503135681,0.173424,0.008238750509917736,0.6098079681396484,0.5571645498275757
1991/12/21 0:00,0.6735,1.4756183624267578,0.783208,0.7008499503135681,0.173424,0.00834430381655693,0.624769926071167,0.5532240271568298
1991/12/22 0:00,0.67,1.574450135231018,0.7859531044960022,0.7234482765197754,0.173178,0.008324133232235909,0.602952778339386,0.5497889518737793
1991/12/23 0:00,0.669,1.574450135231018,0.7859531044960022,0.7234482765197754,0.173178,0.008324133232235909,0.602952778339386,0.5497889518737793
1991/12/24 0:00,0.672,1.54,0.789344072341919,0.7053273320198059,0.173178,0.008324133232235909,0.6070407629013062,0.5497889518737793
1991/12/25 0:00,0.6736,1.5535,0.789344072341919,0.7142007946968079,0.173178,0.008324133232235909,0.6070407629013062,0.5497889518737793
1991/12/26 0:00,0.6736,1.54,0.789344072341919,0.7053273320198059,0.173178,0.008324133232235909,0.6070407629013062,0.5497889518737793
1991/12/27 0:00,0.6698,1.539,0.789344072341919,0.7053273320198059,0.173178,0.008324133232235909,0.6070407629013062,0.5497889518737793
1991/12/28 0:00,0.6723,1.548,0.789344072341919,0.7142007946968079,0.173178,0.008324133232235909,0.6070407629013062,0.5497889518737793
1991/12/29 0:00,0.669,1.5416,0.789344072341919,0.7053273320198059,0.173178,0.008324133232235909,0.6070407629013062,0.5497889518737793
1991/12/30 0:00,0.6655,1.5175,0.7790367603302002,0.7034366130828857,0.172729,0.008324133232235909,0.6102378964424133,0.5532240271568298
1991/12/31 0:00,0.672,1.532,0.789344072341919,0.6941891312599182,0.172729,0.008324133232235909,0.6180158853530884,0.5481711626052856
1992/1/1 0:00,0.672,1.5585,0.7816509008407593,0.692905,0.172729,0.008112,0.6024582982063293,0.5587267279624939
1992/1/2 0:00,0.675,1.5385,0.7816509008407593,0.688468,0.172729,0.008089,0.6024582982063293,0.5571089386940002
1992/1/3 0:00,0.6735,1.5145,0.7816509008407593,0.684697,0.172729,0.008058,0.6098079681396484,0.5590329766273499
1992/1/4 0:00,0.6812,1.5165,0.7792345285415649,0.684463,0.172729,0.00805,0.6098079681396484,0.5590329766273499
1992/1/5 0:00,0.6793,1.4855,0.787402,0.672043,0.172729,0.008002,0.6098079681396484,0.5540357232093811
1992/1/6 0:00,0.6755,1.454,0.791139,0.658545,0.172729,0.008003,0.5901371240615845,0.5540357232093811
1992/1/7 0:00,0.6782,1.446,0.791954,0.656168,0.172729,0.008009,0.5901371240615845,0.5540357232093811
1992/1/8 0:00,0.6762,1.4475,0.792958,0.684291422367096,0.172414,0.008037,0.6098079681396484,0.5540357232093811
1992/1/9 0:00,0.6694,1.4395,0.791077,0.684291422367096,0.172414,0.008063,0.6098079681396484,0.5540357232093811
1992/1/10 0:00,0.67,1.431,0.788519,0.684291422367096,0.172414,0.008239,0.6098079681396484,0.5540357232093811
1992/1/11 0:00,0.6705,1.4255,0.789952,0.6897612810134888,0.172414,0.008184653706848621,0.6098079681396484,0.5540357232093811
1992/1/12 0:00,0.6764,1.418,0.795988,0.6897612810134888,0.172414,0.008184653706848621,0.6098079681396484,0.5540357232093811
1992/1/13 0:00,0.6774,1.4175,0.796559,0.6897612810134888,0.172414,0.008184653706848621,0.6098079681396484,0.5540357232093811
1992/1/14 0:00,0.6871,1.4475,0.795925,0.6935692429542542,0.172414,0.008184653706848621,0.6098079681396484,0.5540357232093811
1992/1/15 0:00,0.6864,1.4439,0.792581,0.7020266652107239,0.172414,0.008184653706848621,0.6098079681396484,0.5540357232093811
1992/1/16 0:00,0.6878,1.446,0.793651,0.6935692429542542,0.172429,0.008184653706848621,0.6098079681396484,0.5540357232093811
1992/1/17 0:00,0.69,1.4525,0.795545,0.6935692429542542,0.173328,0.008184653706848621,0.6098079681396484,0.5540357232093811
1992/1/18 0:00,0.6961,1.4375,0.792456,0.6935692429542542,0.173774,0.008261226117610931,0.6098079681396484,0.5540357232093811
1992/1/19 0:00,0.694,1.43,0.797766,0.6935692429542542,0.173774,0.008261226117610931,0.6098079681396484,0.5540357232093811
1992/1/20 0:00,0.6955,1.4215,0.800128,0.7151290774345398,0.173774,0.008467,0.6087939739227295,0.5500952005386353
1992/1/21 0:00,0.7052,1.4363,0.800128,0.7128524780273438,0.173774,0.008421,0.607903,0.5525318384170532
1992/1/22 0:00,0.707,1.4475,0.801282,0.7175049781799316,0.173774,0.008491,0.608272,0.5525318384170532
1992/1/23 0:00,0.7053,1.449,0.801989,0.7175049781799316,0.174086,0.008529,0.608643,0.5525318384170532
1992/1/24 0:00,0.7125,1.4535,0.804635,0.7175049781799316,0.174086,0.008562,0.608458,0.5537813305854797
1992/1/25 0:00,0.7077,1.447,0.801603,0.7175049781799316,0.174086,0.0085,0.607533,0.5525318384170532
1992/1/26 0:00,0.7062,1.4455,0.804182,0.7526383399963379,0.12902109324932098,0.008575,0.607165,0.5928165912628174
1992/1/27 0:00,0.701,1.4345,0.802439,0.7526383399963379,0.12902109324932098,0.008518,0.60698,0.5583995580673218
1992/1/28 0:00,0.7044,1.432,0.802697,0.7526383399963379,0.12902109324932098,0.008466,0.606428,0.5928165912628174
1992/1/29 0:00,0.7067,1.4349,0.803471,0.7526383399963379,0.12902109324932098,0.008506,0.606796,0.5928165912628174
1992/1/30 0:00,0.7108,1.433,0.804182,0.7526383399963379,0.12902109324932098,0.008489,0.607349,0.5928165912628174
1992/1/31 0:00,0.7031,1.434,0.802246,0.74798583984375,0.15305662155151367,0.008442,0.607607,0.5525318384170532
1992/2/1 0:00,0.7051,1.4445,0.79968,0.7526383399963379,0.12902109324932098,0.008554,0.607533,0.5928165912628174
1992/2/2 0:00,0.7096,1.451,0.79885,0.7526383399963379,0.12902109324932098,0.008529,0.607829,0.5928165912628174
1992/2/3 0:00,0.7137,1.4755,0.801796,0.7050149440765381,0.173539,0.008556,0.607718,0.5518099069595337
1992/2/4 0:00,0.7157,1.4892,0.80289,0.7152547240257263,0.174089,0.008624,0.609013,0.5429388880729675
1992/2/5 0:00,0.7147,1.4876,0.803019,0.7050149440765381,0.174089,0.008645,0.609088,0.5518099069595337
1992/2/6 0:00,0.7035,1.4832,0.801089,0.7050149440765381,0.174089,0.008643,0.608828,0.5525318384170532
1992/2/7 0:00,0.7052,1.482,0.803471,0.7050149440765381,0.17442,0.008556,0.608347,0.5525318384170532
1992/2/8 0:00,0.7089,1.4743,0.803859,0.7050149440765381,0.17442,0.008525,0.607903,0.5525318384170532
1992/2/9 0:00,0.709,1.4905,0.803277,0.7050149440765381,0.17442,0.008591,0.607718,0.5525318384170532
1992/2/10 0:00,0.7078,1.4904,0.802053,0.7050149440765381,0.17442,0.008564,0.609199,0.5525318384170532
1992/2/11 0:00,0.7108,1.495,0.799105,0.7050149440765381,0.17442,0.008575,0.609199,0.5525318384170532
1992/2/12 0:00,0.7044,1.509,0.795355,0.7050149440765381,0.17442,0.008703,0.610054,0.552497923374176
1992/2/13 0:00,0.697,1.526,0.794597,0.697990894317627,0.17442,0.008764,0.611808,0.5481372475624084
1992/2/14 0:00,0.697,1.513,0.793336,0.697990894317627,0.17442,0.008757,0.613121,0.5500612854957581
1992/2/15 0:00,0.7092,1.5253,0.794913,0.697990894317627,0.17442,0.008814,0.615006,0.5505738854408264
1992/2/16 0:00,0.6931901574134827,1.5282,0.79384,0.697990894317627,0.17442,0.008834,0.615006,0.5481372475624084
1992/2/17 0:00,0.6931901574134827,1.5478,0.79321,0.7091290950775146,0.17442,0.008869,0.615574,0.5497550368309021
1992/2/18 0:00,0.7174402475357056,1.5585,0.792833,0.7193688750267029,0.174938,0.008818,0.616257,0.5477333068847656
1992/2/19 0:00,0.7174402475357056,1.552,0.791515,0.7193688750267029,0.174938,0.00878,0.614439,0.5477333068847656
1992/2/20 0:00,0.7174402475357056,1.543,0.793021,0.7193688750267029,0.174938,0.008818,0.614364,0.5477333068847656
1992/2/21 0:00,0.6931901574134827,1.5255,0.794281,0.697990894317627,0.174932,0.008879,0.614893,0.5481372475624084
1992/2/22 0:00,0.6931901574134827,1.5379,0.796052,0.7242942452430725,0.175205,0.009007,0.616713,0.5511330962181091
1992/2/23 0:00,0.6931901574134827,1.5424,0.795735,0.7242942452430725,0.175205,0.009025,0.616523,0.5527508854866028
1992/2/24 0:00,0.6931901574134827,1.5755,0.792707,0.7242942452430725,0.175205,0.00904,0.617932,0.5527508854866028
1992/2/25 0:00,0.7225508093833923,1.59,0.794597,0.7345340251922607,0.175205,0.009054,0.618812,0.5539340376853943
1992/2/26 0:00,0.6931901574134827,1.5703,0.785731,0.7349469661712646,0.174743,0.009066,0.619579,0.5527508854866028
1992/2/27 0:00,0.6931901574134827,1.535,0.788333,0.7260735034942627,0.174743,0.008949,0.619963,0.5511330962181091
1992/2/28 0:00,0.6931901574134827,1.542,0.784375,0.7242942452430725,0.174426,0.009005,0.619195,0.5527508854866028
1992/2/29 0:00,0.6514315605163574,1.534,0.784498,0.684463,0.174426,0.008969,0.61931,0.5425
1992/3/1 0:00,0.6514315605163574,1.5255,0.785731,0.68573,0.174116,0.008953,0.619118,0.5438
1992/3/2 0:00,0.6514315605163574,1.5385,0.784745,0.68918,0.174116,0.009021,0.61862,0.543
1992/3/3 0:00,0.6514315605163574,1.5322,0.783883,0.680735,0.174116,0.008977,0.619387,0.5432
1992/3/4 0:00,0.6514315605163574,1.5314,0.785546,0.6800013780593872,0.174116,0.008961,0.618506,0.537
1992/3/5 0:00,0.6514315605163574,1.5408,0.788955,0.6985100507736206,0.174116,0.009048,0.619195,0.5392
1992/3/6 0:00,0.653412938117981,1.5563,0.788457,0.7091627717018127,0.174116,0.00905,0.619502,0.5411
1992/3/7 0:00,0.6514315605163574,1.5415,0.789578,0.6985100507736206,0.174116,0.009056,0.61862,0.5442
1992/3/8 0:00,0.6514315605163574,1.535,0.792267,0.6985100507736206,0.174116,0.009062,0.618927,0.5438
1992/3/9 0:00,0.6521220803260803,1.542,0.793273,0.7068475484848022,0.174116,0.009132,0.6210119128227234,0.5473
1992/3/10 0:00,0.6521220803260803,1.546,0.790826,0.7157210111618042,0.174116,0.009204,0.6210119128227234,0.5469
1992/3/11 0:00,0.6521220803260803,1.5605,0.786968,0.7192731499671936,0.174116,0.009331,0.615805447101593,0.542
1992/3/12 0:00,0.6521220803260803,1.541,0.786535,0.7103996872901917,0.174116,0.009287,0.6210119128227234,0.5422
1992/3/13 0:00,0.6521220803260803,1.5393,0.78456,0.7103996872901917,0.174116,0.009311,0.6210119128227234,0.5426
1992/3/14 0:00,0.6521220803260803,1.517,0.782779,0.6918910145759583,0.174694,0.009281,0.6178315877914429,0.5376
1992/3/15 0:00,0.6521220803260803,1.5225,0.782167,0.6918910145759583,0.174694,0.009314,0.6178315877914429,0.5363
1992/3/16 0:00,0.6521220803260803,1.5175,0.779423,0.6918910145759583,0.174694,0.009407,0.6178315877914429,0.5339
1992/3/17 0:00,0.6565966606140137,1.515,0.7875241637229919,0.6918785572052002,0.174694,0.008715787902474403,0.6139426827430725,0.5356
1992/3/18 0:00,0.6565966606140137,1.519,0.7875241637229919,0.6918785572052002,0.174694,0.008715787902474403,0.6139426827430725,0.5371
1992/3/19 0:00,0.6565966606140137,1.5245,0.7875241637229919,0.6918785572052002,0.174694,0.008715787902474403,0.6213198304176331,0.542
1992/3/20 0:00,0.6565966606140137,1.527,0.7875241637229919,0.6918785572052002,0.174694,0.008715787902474403,0.6213198304176331,0.5422
1992/3/21 0:00,0.6565966606140137,1.522,0.7875241637229919,0.6918785572052002,0.173825,0.008715787902474403,0.6213198304176331,0.5438
1992/3/22 0:00,0.683546245098114,1.5035,0.7892042398452759,0.6826310753822327,0.173473,0.00856745894998312,0.6204590797424316,0.5445
1992/3/23 0:00,0.6565966606140137,1.5145,0.7875241637229919,0.6918785572052002,0.173473,0.008715787902474403,0.6213198304176331,0.5423
1992/3/24 0:00,0.683546245098114,1.496,0.789344072341919,0.6826310753822327,0.173473,0.008587629534304142,0.6204590797424316,0.5412
1992/3/25 0:00,0.683546245098114,1.4717,0.789344072341919,0.6826310753822327,0.173142,0.008587629534304142,0.6130819320678711,0.5383
1992/3/26 0:00,0.683546245098114,1.4675,0.789344072341919,0.6826310753822327,0.173142,0.008576308377087116,0.6130819320678711,0.5366
1992/3/27 0:00,0.683546245098114,1.4778,0.789344072341919,0.6826310753822327,0.173142,0.008587629534304142,0.6130819320678711,0.5372
1992/3/28 0:00,0.683546245098114,1.493,0.789344072341919,0.6826310753822327,0.173142,0.008587629534304142,0.6130819320678711,0.5373
1992/3/29 0:00,0.683546245098114,1.503,0.789344072341919,0.6826310753822327,0.173142,0.00856745894998312,0.6130819320678711,0.5378
1992/3/30 0:00,0.683546245098114,1.493,0.789344072341919,0.6826310753822327,0.173142,0.008587629534304142,0.6130819320678711,0.5366
1992/3/31 0:00,0.683546245098114,1.5065,0.789344072341919,0.6826310753822327,0.173142,0.00856745894998312,0.6204590797424316,0.5412
1992/4/1 0:00,0.7803382277488708,1.5075,0.818933367729187,0.6857317090034485,0.173142,0.008295152336359024,0.6098079681396484,0.5705455541610718
1992/4/2 0:00,0.7803382277488708,1.5097,0.818933367729187,0.6857317090034485,0.173142,0.008295152336359024,0.6098079681396484,0.5705455541610718
1992/4/3 0:00,0.7803382277488708,1.4935,0.818933367729187,0.6857317090034485,0.173142,0.008315322920680046,0.6098079681396484,0.5643031597137451
1992/4/4 0:00,0.7803382277488708,1.4948,0.818933367729187,0.6857317090034485,0.173142,0.008315322920680046,0.6098079681396484,0.5643031597137451
1992/4/5 0:00,0.8413513898849487,1.4779,0.9302329421043396,0.9390769004821777,0.14698927104473114,0.00954932440072298,0.7031033039093018,0.6700165867805481
1992/4/6 0:00,0.8413513898849487,1.478,0.9302329421043396,0.9390769004821777,0.14698927104473114,0.00954932440072298,0.7031033039093018,0.6700165867805481
1992/4/7 0:00,0.8413513898849487,1.4929,0.9302329421043396,0.9390769004821777,0.14698927104473114,0.00954932440072298,0.7031033039093018,0.6700165867805481
1992/4/8 0:00,0.8413513898849487,1.5012,0.9302329421043396,0.9390769004821777,0.14698927104473114,0.009728404693305492,0.7031033039093018,0.6700165867805481
1992/4/9 0:00,0.8413513898849487,1.4883,0.9302329421043396,0.9390769004821777,0.14698927104473114,0.00954932440072298,0.7031033039093018,0.6700165867805481
1992/4/10 0:00,0.8413513898849487,1.4795,0.9302329421043396,0.9390769004821777,0.14698927104473114,0.00954932440072298,0.7031033039093018,0.6700165867805481
1992/4/11 0:00,0.8413513898849487,1.4985,0.9302329421043396,0.9390769004821777,0.14698927104473114,0.009728404693305492,0.7031033039093018,0.6700165867805481
1992/4/12 0:00,0.8413513898849487,1.501,0.9302329421043396,0.9390769004821777,0.14698927104473114,0.009728404693305492,0.7031033039093018,0.6700165867805481
1992/4/13 0:00,0.863364577293396,1.5155,0.9302329421043396,0.9531345367431641,0.14698927104473114,0.010352862998843193,0.7145859003067017,0.7262969017028809
1992/4/14 0:00,0.8512827754020691,1.5085,0.9302329421043396,0.9531345367431641,0.14698927104473114,0.010141300037503242,0.7043502926826477,0.7219231128692627
1992/4/15 0:00,0.8413513898849487,1.4964,0.9302329421043396,0.9390769004821777,0.14698927104473114,0.00954932440072298,0.7031033039093018,0.6700165867805481
1992/4/16 0:00,0.8413513898849487,1.5015,0.9302329421043396,0.9390769004821777,0.14698927104473114,0.009728404693305492,0.7031033039093018,0.6700165867805481
1992/4/17 0:00,0.8413513898849487,1.489,0.9302329421043396,0.9390769004821777,0.14698927104473114,0.00954932440072298,0.7031033039093018,0.6700165867805481
1992/4/18 0:00,0.8413513898849487,1.4945,0.9302329421043396,0.9390769004821777,0.14698927104473114,0.00954932440072298,0.7031033039093018,0.6700165867805481
1992/4/19 0:00,0.8413513898849487,1.4861,0.9302329421043396,0.9390769004821777,0.14698927104473114,0.00954932440072298,0.7031033039093018,0.6700165867805481
1992/4/20 0:00,0.8413513898849487,1.485,0.9302329421043396,0.9390769004821777,0.14698927104473114,0.00954932440072298,0.7031033039093018,0.6700165867805481
1992/4/21 0:00,0.8413513898849487,1.4897,0.9302329421043396,0.9390769004821777,0.14698927104473114,0.00954932440072298,0.7031033039093018,0.6700165867805481
1992/4/22 0:00,0.8512827754020691,1.5045,0.9302329421043396,0.9531345367431641,0.14698927104473114,0.010141300037503242,0.7043502926826477,0.7219231128692627
1992/4/23 0:00,0.8378592133522034,1.6387056112289429,0.914054274559021,0.9338141679763794,0.1464240401983261,0.009617255069315434,0.6981909275054932,0.6933176517486572
1992/4/24 0:00,0.8378592133522034,1.6387056112289429,0.914054274559021,0.9338141679763794,0.1464240401983261,0.009617255069315434,0.6981909275054932,0.6933176517486572
1992/4/25 0:00,0.6327250599861145,1.6198850870132446,0.6732122302055359,0.666223,0.1214761957526207,0.00815587118268013,0.5792940855026245,0.505405843257904
1992/4/26 0:00,0.6327250599861145,1.6198850870132446,0.6732122302055359,0.665115,0.1214761957526207,0.00815587118268013,0.5792940855026245,0.505405843257904
1992/4/27 0:00,0.6327250599861145,1.6198850870132446,0.6732122302055359,0.658892,0.1214761957526207,0.00815587118268013,0.5792940855026245,0.505405843257904
1992/4/28 0:00,0.6327250599861145,1.6198850870132446,0.6732122302055359,0.654365,0.1214761957526207,0.00815587118268013,0.5792940855026245,0.505405843257904
1992/4/29 0:00,0.6327250599861145,1.6198850870132446,0.6732122302055359,0.655093,0.1214761957526207,0.00815587118268013,0.5792940855026245,0.505405843257904
1992/4/30 0:00,0.6327250599861145,1.6198850870132446,0.6732122302055359,0.655093,0.1214761957526207,0.00815587118268013,0.5792940855026245,0.505405843257904
1992/5/1 0:00,0.6327250599861145,1.6198850870132446,0.6732122302055359,0.66778,0.1214761957526207,0.00815587118268013,0.5792940855026245,0.505405843257904
1992/5/2 0:00,0.6327250599861145,1.6198850870132446,0.6732122302055359,0.66379,0.1214761957526207,0.00815587118268013,0.5792940855026245,0.505405843257904
1992/5/3 0:00,0.6327250599861145,1.6198850870132446,0.6729062795639038,0.671366,0.1214761957526207,0.00815587118268013,0.5916152596473694,0.508464515209198
1992/5/4 0:00,0.6327250599861145,1.6368467807769775,0.6729062795639038,0.673401,0.1214761957526207,0.00815587118268013,0.5916152596473694,0.5127688050270081
1992/5/5 0:00,0.6327250599861145,1.6368467807769775,0.6729062795639038,0.677048,0.1214761957526207,0.00815587118268013,0.5916152596473694,0.5127688050270081
1992/5/6 0:00,0.6327250599861145,1.6368467807769775,0.6729062795639038,0.673174,0.1214761957526207,0.00815587118268013,0.5916152596473694,0.5127688050270081
1992/5/7 0:00,0.6327250599861145,1.6368467807769775,0.6729062795639038,0.675904,0.1214761957526207,0.00815587118268013,0.5916152596473694,0.5127688050270081
1992/5/8 0:00,0.6327250599861145,1.6368467807769775,0.6729062795639038,0.673174,0.1214761957526207,0.00815587118268013,0.5916152596473694,0.5127688050270081
1992/5/9 0:00,0.649651050567627,1.6368467807769775,0.6729062795639038,0.680967,0.1214761957526207,0.00815587118268013,0.5965458154678345,0.5340524315834045
1992/5/10 0:00,0.649651050567627,1.6368467807769775,0.6729062795639038,0.67981,0.1214761957526207,0.00815587118268013,0.5965458154678345,0.5340524315834045
1992/5/11 0:00,0.6327250599861145,1.6368467807769775,0.6729062795639038,0.678518,0.1214761957526207,0.00815587118268013,0.5916152596473694,0.5127688050270081
1992/5/12 0:00,0.6327250599861145,1.6368467807769775,0.6729062795639038,0.675447,0.1214761957526207,0.00815587118268013,0.5916152596473694,0.5127688050270081
1992/5/13 0:00,0.649651050567627,1.6368467807769775,0.6729062795639038,0.685401,0.1214761957526207,0.00815587118268013,0.5965458154678345,0.5340524315834045
1992/5/14 0:00,0.649651050567627,1.6368467807769775,0.6729062795639038,0.688848,0.1214761957526207,0.00815587118268013,0.5965458154678345,0.5340524315834045
1992/5/15 0:00,0.649651050567627,1.6368467807769775,0.684837281703949,0.69979,0.1214761957526207,0.008392111398279667,0.5955318212509155,0.5265724658966064
1992/5/16 0:00,0.649651050567627,1.6368467807769775,0.7209175229072571,0.705766,0.1214761957526207,0.008392111398279667,0.5955318212509155,0.5493839979171753
1992/5/17 0:00,0.649651050567627,1.6368467807769775,0.684837281703949,0.702741,0.1214761957526207,0.008392111398279667,0.5955318212509155,0.5265724658966064
1992/5/18 0:00,0.649651050567627,1.6368467807769775,0.7209175229072571,0.713929,0.1214761957526207,0.008392111398279667,0.5955318212509155,0.5493839979171753
1992/5/19 0:00,0.649651050567627,1.646186351776123,0.7179010510444641,0.717103,0.1214761957526207,0.008392111398279667,0.5955318212509155,0.5493839979171753
1992/5/20 0:00,0.649651050567627,1.6368467807769775,0.7209175229072571,0.710227,0.1214761957526207,0.008392111398279667,0.5955318212509155,0.5493839979171753
1992/5/21 0:00,0.649651050567627,1.6368467807769775,0.7209175229072571,0.715564,0.1214761957526207,0.008392111398279667,0.5955318212509155,0.5493839979171753
1992/5/22 0:00,0.649651050567627,1.646186351776123,0.7179010510444641,0.719166,0.1214761957526207,0.008392111398279667,0.5955318212509155,0.5493839979171753
1992/5/23 0:00,0.7068549990653992,1.5366171598434448,0.76063,0.713419,0.16096583008766174,0.008295152336359024,0.6024582982063293,0.5537366271018982
1992/5/24 0:00,0.7068549990653992,1.5366171598434448,0.761035,0.713776,0.16096583008766174,0.008295152336359024,0.6024582982063293,0.5537366271018982
1992/5/25 0:00,0.7323603630065918,1.5317,0.75643,0.712504,0.15494315326213837,0.008295152336359024,0.6098079681396484,0.5539340376853943
1992/5/26 0:00,0.7202785611152649,1.503,0.755744,0.699301,0.16412468254566193,0.008295152336359024,0.6098079681396484,0.5539677739143372
1992/5/27 0:00,0.7323603630065918,1.5198,0.75815,0.704722,0.16412468254566193,0.008295152336359024,0.6098079681396484,0.5540646314620972
1992/5/28 0:00,0.7202785611152649,1.5055,0.756144,0.69735,0.16412468254566193,0.008295152336359024,0.6098079681396484,0.5539677739143372
1992/5/29 0:00,0.7103471755981445,1.5013,0.757863,0.695169,0.16862931847572327,0.008315322920680046,0.6098079681396484,0.557529091835022
1992/5/30 0:00,0.7323603630065918,1.5123,0.755116,0.701262,0.16412468254566193,0.008295152336359024,0.6098079681396484,0.5540646314620972
1992/5/31 0:00,0.7323603630065918,1.5152,0.755458,0.707714,0.16412468254566193,0.008295152336359024,0.6098079681396484,0.5540646314620972
1992/6/1 0:00,0.7323603630065918,1.512,0.752502,0.707714,0.16412468254566193,0.008295152336359024,0.6098079681396484,0.5540646314620972
1992/6/2 0:00,0.7103471755981445,1.496,0.748503,0.698812,0.16811420023441315,0.008315322920680046,0.6098079681396484,0.5556606650352478
1992/6/3 0:00,0.7261326909065247,1.5048,0.746826,0.701902,0.15287135541439056,0.008840137161314487,0.632031,0.5540646314620972
1992/6/4 0:00,0.7284806966781616,1.514,0.746826,0.704871,0.15281949937343597,0.008840137161314487,0.631712,0.5540646314620972
1992/6/5 0:00,0.7284806966781616,1.5165,0.747049,0.703482,0.15281949937343597,0.008840137161314487,0.636335,0.5540646314620972
1992/6/6 0:00,0.7284806966781616,1.5257,0.748783,0.703235,0.1543496698141098,0.008861400187015533,0.641437,0.5521405935287476
1992/6/7 0:00,0.696200430393219,1.522,0.750188,0.701262,0.16811420023441315,0.008950202725827694,0.637552,0.5495
1992/6/8 0:00,0.696200430393219,1.5352,0.75092,0.711491,0.1615840345621109,0.008950202725827694,0.637959,0.5515
1992/6/9 0:00,0.696200430393219,1.532,0.751202,0.714541,0.16125988960266113,0.008950202725827694,0.639591,0.5521
1992/6/10 0:00,0.6778993010520935,1.5223,0.752276,0.711339,0.172375,0.008950202725827694,0.638244,0.5518
1992/6/11 0:00,0.6778993010520935,1.5127,0.75375,0.702889,0.172375,0.008950202725827694,0.63743,0.5516
1992/6/12 0:00,0.6778993010520935,1.512,0.75092,0.700771,0.172375,0.008950202725827694,0.637267,0.55
1992/6/13 0:00,0.6749100089073181,1.498,0.753296,0.697107,0.172375,0.00911870226264,0.636213,0.5515
1992/6/14 0:00,0.6749100089073181,1.4924,0.754546,0.692041,0.172375,0.00911870226264,0.634316,0.555
1992/6/15 0:00,0.6769578456878662,1.4893,0.75643,0.687191,0.172375,0.009319,0.633312,0.5557
1992/6/16 0:00,0.6769578456878662,1.4863,0.759301,0.680967,0.172375,0.009229,0.634115,0.556
1992/6/17 0:00,0.6704499125480652,1.4725,0.766284,0.677599,0.172375,0.009246,0.634518,0.5568
1992/6/18 0:00,0.6769578456878662,1.4863,0.76365,0.679348,0.172375,0.009228,0.63674,0.556
1992/6/19 0:00,0.6704499125480652,1.477,0.757174,0.674309,0.172375,0.009247,0.637349,0.5556
1992/6/20 0:00,0.6704499125480652,1.4783,0.758495,0.674764,0.172375,0.009219,0.634316,0.5545
1992/6/21 0:00,0.6684020757675171,1.48,0.756029,0.670241,0.172375,0.00911870226264,0.629723,0.554
1992/6/22 0:00,0.6749100089073181,1.4882,0.75643,0.674309,0.172375,0.00911870226264,0.630517,0.554
1992/6/23 0:00,0.6684020757675171,1.4807,0.759878,0.666001,0.172375,0.00911870226264,0.627746,0.5545
1992/6/24 0:00,0.6749100089073181,1.4825,0.765814,0.666001,0.172375,0.00911870226264,0.629129,0.5547
1992/6/25 0:00,0.6684020757675171,1.4805,0.763825,0.665779,0.172375,0.00911870226264,0.629921,0.5545
1992/6/26 0:00,0.6684020757675171,1.4788,0.766401,0.665115,0.172375,0.00911870226264,0.628141,0.5545
1992/6/27 0:00,0.6783811450004578,1.4865,0.773096,0.670017,0.172375,0.008970373310148716,0.627274,0.5572
1992/6/28 0:00,0.6718732118606567,1.4808,0.771426,0.67331,0.172375,0.00911870226264,0.627746,0.5531
1992/6/29 0:00,0.6684020757675171,1.4682,0.764935,0.668449,0.172375,0.00895905215293169,0.627471,0.5455
1992/6/30 0:00,0.6684020757675171,1.4753,0.764176,0.669344,0.172375,0.00911870226264,0.627943,0.5393
1992/7/1 0:00,0.6749100089073181,1.4818,0.761325,0.667646,0.172375,0.00911870226264,0.628141,0.5385
1992/7/2 0:00,0.6749100089073181,1.4907,0.757174,0.670466,0.172375,0.00911870226264,0.627235,0.5382
1992/7/3 0:00,0.6749100089073181,1.483,0.75815,0.666445,0.172375,0.00911870226264,0.628417,0.5387
1992/7/4 0:00,0.6684020757675171,1.4765,0.759705,0.66778,0.172375,0.00911870226264,0.627156,0.55
1992/7/5 0:00,0.6684020757675171,1.4775,0.756029,0.665336,0.171836,0.00911870226264,0.626763,0.55
1992/7/6 0:00,0.6684020757675171,1.4712,0.753125,0.66357,0.171836,0.00911870226264,0.625391,0.548
1992/7/7 0:00,0.6684020757675171,1.4745,0.75188,0.669568,0.171836,0.00911870226264,0.625978,0.5472
1992/7/8 0:00,0.6749100089073181,1.487,0.75358,0.671501,0.171836,0.00911870226264,0.625195,0.5475
1992/7/9 0:00,0.6749100089073181,1.488,0.752276,0.669927,0.171836,0.00911870226264,0.625978,0.5486
1992/7/10 0:00,0.6684020757675171,1.4795,0.752559,0.667557,0.171836,0.00911870226264,0.624493,0.5468
1992/7/11 0:00,0.6749100089073181,1.488,0.74912,0.670691,0.171836,0.00911870226264,0.62422,0.545
1992/7/12 0:00,0.6749100089073181,1.4852,0.747831,0.666578,0.171836,0.00911870226264,0.624805,0.5455
1992/7/13 0:00,0.6684020757675171,1.4805,0.750019,0.668226,0.171836,0.00911870226264,0.625586,0.5463
1992/7/14 0:00,0.6749100089073181,1.4823,0.751371,0.667646,0.171836,0.00911870226264,0.625117,0.5477
1992/7/15 0:00,0.6828557252883911,1.49,0.7656852602958679,0.671276,0.171836,0.008970373310148716,0.624025,0.5495
1992/7/16 0:00,0.6828557252883911,1.4985,0.7656852602958679,0.681896,0.171836,0.008970373310148716,0.625117,0.5502
1992/7/17 0:00,0.6828557252883911,1.4915,0.7656852602958679,0.682035,0.171836,0.008970373310148716,0.6259,0.5505
1992/7/18 0:00,0.6828557252883911,1.495,0.7656852602958679,0.681896,0.171836,0.008970373310148716,0.625978,0.5555
1992/7/19 0:00,0.6828557252883911,1.4945,0.7656852602958679,0.681431,0.171836,0.008970373310148716,0.625782,0.555
1992/7/20 0:00,0.6828557252883911,1.4945,0.7656852602958679,0.686483,0.171836,0.008970373310148716,0.625861,0.5557
1992/7/21 0:00,0.6828557252883911,1.4903,0.7656852602958679,0.682594,0.171836,0.008970373310148716,0.626959,0.554
1992/7/22 0:00,0.6828557252883911,1.4882,0.7656852602958679,0.682268,0.171836,0.008970373310148716,0.627077,0.5561
1992/7/23 0:00,0.6828557252883911,1.4831,0.7656852602958679,0.681896,0.171689,0.00869477167725563,0.627156,0.559
1992/7/24 0:00,0.6828557252883911,1.4885,0.7656852602958679,0.684932,0.171689,0.00869477167725563,0.627668,0.561
1992/7/25 0:00,0.6828557252883911,1.491,0.7656852602958679,0.687285,0.171689,0.00869477167725563,0.627865,0.5613
1992/7/26 0:00,0.683546245098114,1.4855,0.7656852602958679,0.683527,0.171689,0.008312027901411057,0.6066311001777649,0.561
1992/7/27 0:00,0.683546245098114,1.4887,0.7656852602958679,0.688942,0.171689,0.008312027901411057,0.6066311001777649,0.5613
1992/7/28 0:00,0.683546245098114,1.4945,0.7656852602958679,0.695555,0.171689,0.008312027901411057,0.6066311001777649,0.561
1992/7/29 0:00,0.683546245098114,1.5043,0.7656852602958679,0.69735,0.171697,0.008291857317090034,0.6066311001777649,0.5593
1992/7/30 0:00,0.683546245098114,1.503,0.7656852602958679,0.694927,0.171689,0.00856745894998312,0.6204590797424316,0.558
1992/7/31 0:00,0.683546245098114,1.5035,0.7656852602958679,0.692041,0.171689,0.00856745894998312,0.6204590797424316,0.5585
1992/8/1 0:00,0.683546245098114,1.5072,0.7656852602958679,0.695169,0.171689,0.008291857317090034,0.6066311001777649,0.5595
1992/8/2 0:00,0.683546245098114,1.491,0.7656852602958679,0.686342,0.171984,0.008587629534304142,0.6204590797424316,0.5583
1992/8/3 0:00,0.683546245098114,1.4763,0.7656852602958679,0.673854,0.171984,0.008587629534304142,0.6204590797424316,0.5575
1992/8/4 0:00,0.683546245098114,1.4775,0.7656852602958679,0.672043,0.171984,0.008312027901411057,0.6066311001777649,0.559
1992/8/5 0:00,0.6894730925559998,1.476,0.7097585797309875,0.670691,0.114657,0.00972036924213171,0.6414831876754761,0.562
1992/8/6 0:00,0.6894730925559998,1.484,0.7128435969352722,0.672269,0.114657,0.00972036924213171,0.6414831876754761,0.562
1992/8/7 0:00,0.678547739982605,1.487,0.6939165592193604,0.714792013168335,0.114657,0.00972036924213171,0.6414831876754761,0.5613
1992/8/8 0:00,0.6743464469909668,1.4855,0.6939165592193604,0.6739373207092285,0.1212407723069191,0.008945168927311897,0.6290103793144226,0.5557
1992/8/9 0:00,0.6743464469909668,1.49,0.6939165592193604,0.6739373207092285,0.1212407723069191,0.008945168927311897,0.6290103793144226,0.5568
1992/8/10 0:00,0.6743464469909668,1.4923,0.6939165592193604,0.6739373207092285,0.1212407723069191,0.008945168927311897,0.6290103793144226,0.5584
1992/8/11 0:00,0.6813250780105591,1.4905,0.6965176463127136,0.6846546530723572,0.12007952481508255,0.008901,0.6381429433822632,0.5595
1992/8/12 0:00,0.6813250780105591,1.5018,0.6965176463127136,0.6846546530723572,0.12122304737567902,0.008897,0.6290103793144226,0.5587
1992/8/13 0:00,0.6813250780105591,1.4957,0.6965176463127136,0.6846546530723572,0.12007952481508255,0.008935,0.6381429433822632,0.5573
1992/8/14 0:00,0.6813250780105591,1.4913,0.6965176463127136,0.6846546530723572,0.12007952481508255,0.00899,0.6414831876754761,0.558
1992/8/15 0:00,0.7161862254142761,1.4965,0.7427709102630615,0.7702776193618774,0.12007952481508255,0.009029,0.6618878841400146,0.563
1992/8/16 0:00,0.7161862254142761,1.491,0.7427709102630615,0.7702776193618774,0.12007952481508255,0.009021,0.6618878841400146,0.565
1992/8/17 0:00,0.7161862254142761,1.5,0.7427709102630615,0.7736627459526062,0.12122304737567902,0.008961,0.6439420580863953,0.5648
1992/8/18 0:00,0.7161862254142761,1.4948,0.7427709102630615,0.7702776193618774,0.12007952481508255,0.008989,0.6618878841400146,0.5657
1992/8/19 0:00,0.7708835005760193,1.4905,0.73713618516922,0.7707250714302063,0.12074128538370132,0.008945,0.6436671614646912,0.5840944647789001
1992/8/20 0:00,0.7708835005760193,1.493,0.73713618516922,0.7673399448394775,0.12074128538370132,0.008997,0.6436671614646912,0.5865118503570557
1992/8/21 0:00,0.7708835005760193,1.494,0.73713618516922,0.7682028412818909,0.12074128538370132,0.009068,0.6436671614646912,0.5865118503570557
1992/8/22 0:00,0.7708835005760193,1.493,0.73713618516922,0.7682028412818909,0.12074128538370132,0.009122,0.6436671614646912,0.5865118503570557
1992/8/23 0:00,0.7708835005760193,1.4995,0.73713618516922,0.7682028412818909,0.12058650702238083,0.009137,0.669482409954071,0.5865118503570557
1992/8/24 0:00,0.7517107725143433,1.5005,0.7417987585067749,0.7566447854042053,0.12058650702238083,0.009198,0.6592870950698853,0.5673
1992/8/25 0:00,0.7616421580314636,1.503,0.7417987585067749,0.7566447854042053,0.12058650702238083,0.009255,0.6592870950698853,0.5725
1992/8/26 0:00,0.7517107725143433,1.4953,0.7417987585067749,0.7566447854042053,0.12074128538370132,0.009257,0.6334718465805054,0.5723
1992/8/27 0:00,0.7517107725143433,1.493,0.7417987585067749,0.7566447854042053,0.12074128538370132,0.009244,0.6334718465805054,0.5715
1992/8/28 0:00,0.7708835005760193,1.479,0.73713618516922,0.7682028412818909,0.12074128538370132,0.009176,0.6436671614646912,0.5865118503570557
1992/8/29 0:00,0.7708835005760193,1.4825,0.73713618516922,0.7682028412818909,0.12074128538370132,0.009211,0.6436671614646912,0.5865118503570557
1992/8/30 0:00,0.7708835005760193,1.4718,0.73713618516922,0.7682028412818909,0.12074128538370132,0.009203,0.6436671614646912,0.5865118503570557
1992/8/31 0:00,0.7708835005760193,1.4615,0.73713618516922,0.7682028412818909,0.12074128538370132,0.009269,0.6436671614646912,0.5903045535087585
1992/9/1 0:00,0.7708835005760193,1.4622,0.73713618516922,0.7682028412818909,0.12074128538370132,0.009221,0.6436671614646912,0.5865118503570557
1992/9/2 0:00,0.7708835005760193,1.4648,0.73713618516922,0.7682028412818909,0.12074128538370132,0.009288,0.6436671614646912,0.5903045535087585
1992/9/3 0:00,0.8462821841239929,1.4708,0.9214215874671936,0.9531345367431641,0.14733602106571198,0.009608,0.7043502926826477,0.690553605556488
1992/9/4 0:00,0.8462821841239929,1.475,0.9214215874671936,0.9531345367431641,0.14733602106571198,0.00962,0.7043502926826477,0.690553605556488
1992/9/5 0:00,0.8462821841239929,1.4755,0.9214215874671936,0.9531345367431641,0.14733602106571198,0.009634,0.7043502926826477,0.690553605556488
1992/9/6 0:00,0.79300856590271,1.477,0.7344560623168945,0.7682028412818909,0.1200912818312645,0.009597,0.669482409954071,0.5931198000907898
1992/9/7 0:00,0.8462821841239929,1.4791,0.9214215874671936,0.9531345367431641,0.14733602106571198,0.009602,0.7043502926826477,0.690553605556488
1992/9/8 0:00,0.7708835005760193,1.4784,0.73713618516922,0.7682028412818909,0.12074128538370132,0.009499,0.6436671614646912,0.5903045535087585
1992/9/9 0:00,0.7708835005760193,1.4755,0.73713618516922,0.7682028412818909,0.12074128538370132,0.009452,0.6436671614646912,0.5903045535087585
1992/9/10 0:00,0.7708835005760193,1.4847,0.73713618516922,0.7682028412818909,0.12074128538370132,0.00951,0.6436671614646912,0.5903045535087585
1992/9/11 0:00,0.7708835005760193,1.4875,0.73713618516922,0.7682028412818909,0.1200912818312645,0.009557,0.669482409954071,0.595556378364563
1992/9/12 0:00,0.79300856590271,1.4875,0.7344560623168945,0.7682028412818909,0.1200912818312645,0.009595,0.669482409954071,0.595556378364563
1992/9/13 0:00,0.7708835005760193,1.4854,0.73713618516922,0.7682028412818909,0.1200912818312645,0.009542,0.669482409954071,0.5931198000907898
1992/9/14 0:00,0.8462821841239929,1.4944,0.9214215874671936,0.9531345367431641,0.14733602106571198,0.009643,0.7043502926826477,0.690553605556488
1992/9/15 0:00,0.8462821841239929,1.4964,0.9214215874671936,0.9531345367431641,0.14733602106571198,0.00964,0.7043502926826477,0.690553605556488
1992/9/16 0:00,0.7708835005760193,1.4895,0.73713618516922,0.7682028412818909,0.12074128538370132,0.00947,0.6436671614646912,0.5927411317825317
1992/9/17 0:00,0.7708835005760193,1.492,0.73713618516922,0.7682028412818909,0.12074128538370132,0.009458,0.6436671614646912,0.5927411317825317
1992/9/18 0:00,0.7708835005760193,1.4877,0.73713618516922,0.7682028412818909,0.12074128538370132,0.009497,0.6436671614646912,0.5927411317825317
1992/9/19 0:00,0.7708835005760193,1.4915,0.73713618516922,0.7682028412818909,0.12074128538370132,0.009445,0.6436671614646912,0.5927411317825317
1992/9/20 0:00,0.7448705434799194,1.5008,0.73654,0.7682028412818909,0.12042384594678879,0.009461,0.6715329885482788,0.5982747077941895
1992/9/21 0:00,0.7448705434799194,1.501,0.734376,0.7682028412818909,0.12042384594678879,0.009519,0.6715329885482788,0.5982747077941895
1992/9/22 0:00,0.7271548509597778,1.4943,0.735294,0.7682028412818909,0.11846684664487839,0.009434,0.6752373576164246,0.5982747077941895
1992/9/23 0:00,0.7271548509597778,1.4925,0.733138,0.7494916915893555,0.11846684664487839,0.009437,0.6547051668167114,0.5672734379768372
1992/9/24 0:00,0.7271548509597778,1.4927,0.734053,0.7682028412818909,0.11846684664487839,0.009447,0.6752373576164246,0.5982747077941895
1992/9/25 0:00,0.7271548509597778,1.4947,0.732279,0.7260515689849854,0.11846684664487839,0.00945,0.6498643755912781,0.5672734379768372
1992/9/26 0:00,0.7271548509597778,1.4925,0.730194,0.7260515689849854,0.11846684664487839,0.00943,0.6517276763916016,0.5824403166770935
1992/9/27 0:00,0.7271548509597778,1.4838,0.73303,0.7494916915893555,0.11846684664487839,0.009412,0.6547051668167114,0.564836859703064
1992/9/28 0:00,0.7124645113945007,1.4865,0.731797,0.699545,0.12007952481508255,0.009434,0.6422109007835388,0.5626987814903259
1992/9/29 0:00,0.7124645113945007,1.4937,0.733138,0.700035,0.12007952481508255,0.009398,0.6422109007835388,0.5626987814903259
1992/9/30 0:00,0.7266717553138733,1.4948,0.728544,0.704722,0.114583,0.009477,0.6549991369247437,0.5824403166770935
1992/10/1 0:00,0.7443874478340149,1.4975,0.727114,0.705965,0.114639,0.009537,0.6594446301460266,0.6180325150489807
1992/10/2 0:00,0.7443874478340149,1.4965,0.727379,0.703334,0.114634,0.009604,0.6639937162399292,0.6180325150489807
1992/10/3 0:00,0.7266717553138733,1.485,0.725953,0.701508,0.114624,0.009667,0.6549991369247437,0.5800037384033203
1992/10/4 0:00,0.7266717553138733,1.4823,0.724953,0.705965,0.114654,0.009702,0.6504500508308411,0.5800037384033203
1992/10/5 0:00,0.6845235824584961,1.488,0.722648,0.709371,0.11942952126264572,0.009766,0.6414831876754761,0.5613
1992/10/6 0:00,0.6998832821846008,1.4621,0.722491,0.693193,0.11942952126264572,0.009629,0.6479195356369019,0.5637
1992/10/7 0:00,0.6998832821846008,1.4686,0.722543,0.690179,0.11942952126264572,0.009574,0.6479195356369019,0.566
1992/10/8 0:00,0.7185695767402649,1.4684,0.721241,0.689085,0.11942952126264572,0.009537,0.6479195356369019,0.5682
1992/10/9 0:00,0.7300646901130676,1.4763,0.723746,0.692761,0.11846684664487839,0.009522,0.6500250697135925,0.5713
1992/10/10 0:00,0.7185695767402649,1.4715,0.720461,0.693626,0.11942952126264572,0.009667,0.6479195356369019,0.5703
1992/10/11 0:00,0.7185695767402649,1.4745,0.7249,0.68975,0.11942952126264572,0.009651,0.6479195356369019,0.569
1992/10/12 0:00,0.6998832821846008,1.477,0.726586,0.693626,0.11942952126264572,0.009655,0.6479195356369019,0.5657
1992/10/13 0:00,0.723,1.4765,0.724795,0.691898,0.11914920806884766,0.009602,0.6476068496704102,0.568
1992/10/14 0:00,0.723,1.4729,0.72197,0.688326,0.11914920806884766,0.009653,0.6476068496704102,0.5685
1992/10/15 0:00,0.7175,1.4725,0.720098,0.686106,0.11942952126264572,0.009671,0.6479195356369019,0.5665
1992/10/16 0:00,0.715,1.4775,0.721241,0.693241,0.11942952126264572,0.009687,0.6479195356369019,0.5653
1992/10/17 0:00,0.7162,1.4858,0.721605,0.694444,0.11942952126264572,0.009681,0.6479195356369019,0.5672
1992/10/18 0:00,0.7135,1.4948,0.724008,0.697204,0.11942952126264572,0.009648,0.6479195356369019,0.5682
1992/10/19 0:00,0.7185,1.488,0.725426,0.695604,0.11942952126264572,0.009653,0.6479195356369019,0.5725
1992/10/20 0:00,0.7168,1.4915,0.723851,0.697934,0.11942952126264572,0.009684,0.642343,0.573
1992/10/21 0:00,0.7203,1.5037,0.728173,0.697691,0.12029273062944412,0.009713,0.643087,0.5743
1992/10/22 0:00,0.716,1.5055,0.727114,0.702247,0.12057304382324219,0.00977,0.642921,0.574
1992/10/23 0:00,0.712,1.5075,0.724375,0.704473,0.12057304382324219,0.009826,0.643087,0.574
1992/10/24 0:00,0.7135,1.5118,0.723694,0.708717,0.12057304382324219,0.009799,0.643004,0.577
1992/10/25 0:00,0.7115,1.5187,0.723066,0.714286,0.12057304382324219,0.009824,0.643501,0.5767
1992/10/26 0:00,0.706,1.513,0.722543,0.714541,0.12007082998752594,0.009881,0.643542,0.5755
1992/10/27 0:00,0.7117,1.4995,0.721345,0.708968,0.12057304382324219,0.009804,0.642674,0.5765
1992/10/28 0:00,0.7148,1.498,0.722178,0.705916,0.12057304382324219,0.009737,0.641849,0.5776
1992/10/29 0:00,0.7155,1.4935,0.722752,0.706864,0.11942952126264572,0.009735,0.64288,0.5765
1992/10/30 0:00,0.719,1.4975,0.724795,0.707965,0.11914920806884766,0.009737,0.645286,0.579
1992/10/31 0:00,0.7242,1.4905,0.725479,0.699203,0.11914920806884766,0.009615,0.643708,0.5815
1992/11/1 0:00,0.7221,1.4911,0.7289602756500244,0.70028,0.11933843791484833,0.009577,0.643625,0.5805
1992/11/2 0:00,0.7175,1.4995,0.7296123504638672,0.700771,0.12057304382324219,0.009594,0.643708,0.5817
1992/11/3 0:00,0.7224,1.4985,0.7289602756500244,0.701508,0.12113196402788162,0.009533,0.643418,0.5835
1992/11/4 0:00,0.726,1.5025,0.7289602756500244,0.701164,0.11982570588588715,0.009542,0.644953,0.5863
1992/11/5 0:00,0.7275,1.5065,0.7289602756500244,0.706364,0.11977384239435196,0.009581,0.645036,0.5855
1992/11/6 0:00,0.728,1.5085,0.7289602756500244,0.71048,0.11958461254835129,0.009657,0.648088,0.5855
1992/11/7 0:00,0.7288,1.508,0.7289602756500244,0.70932,0.11977384239435196,0.009592,0.651254,0.5855
1992/11/8 0:00,0.7288,1.5098,0.7289602756500244,0.711389,0.11958461254835129,0.009618,0.650407,0.5868
1992/11/9 0:00,0.734,1.5055,0.7322609424591064,0.710732,0.11977384239435196,0.009585,0.650026,0.5766884684562683
1992/11/10 0:00,0.7352,1.5058,0.7303972840309143,0.707214,0.12042384594678879,0.009533,0.650407,0.5766884684562683
1992/11/11 0:00,0.7345,1.5095,0.7296369075775146,0.713419,0.11977384239435196,0.009569,0.651042,0.5865421295166016
1992/11/12 0:00,0.7323,1.5108,0.7322609424591064,0.712352,0.11977384239435196,0.009574,0.651763,0.5766884684562683
1992/11/13 0:00,0.7327,1.5095,0.7296369075775146,0.713012,0.11977384239435196,0.009588,0.651254,0.5865421295166016
1992/11/14 0:00,0.7385,1.512,0.7277732491493225,0.712606,0.11977384239435196,0.009547,0.65189,0.5907835364341736
1992/11/15 0:00,0.7463093996047974,1.5172,0.7313567399978638,0.714031,0.1201801523566246,0.009551,0.652401,0.5766884684562683
1992/11/16 0:00,0.7439613938331604,1.5082,0.7339807748794556,0.711744,0.12042384594678879,0.009526,0.651678,0.5766884684562683
1992/11/17 0:00,0.7439613938331604,1.5055,0.7339807748794556,0.705716,0.12042384594678879,0.009489,0.649562,0.5766884684562683
1992/11/18 0:00,0.7459657192230225,1.5083,0.727537,0.706714,0.12083015590906143,0.009501,0.651678,0.5928936004638672
1992/11/19 0:00,0.7459657192230225,1.508,0.729395,0.707914,0.12083015590906143,0.009533,0.652614,0.5928936004638672
1992/11/20 0:00,0.7459657192230225,1.5063,0.726956,0.707714,0.11999092251062393,0.009611,0.651975,0.5907835364341736
1992/11/21 0:00,0.7459657192230225,1.5067,0.727802,0.706464,0.1201801523566246,0.009574,0.65083,0.5907835364341736
1992/11/22 0:00,0.7459657192230225,1.5084,0.727537,0.711238,0.11999092251062393,0.009643,0.651848,0.5907835364341736
1992/11/23 0:00,0.7636002898216248,1.5202,0.724008,0.720254,0.11999092251062393,0.009709,0.652827,0.5955960750579834
1992/11/24 0:00,0.7636002898216248,1.5192,0.721501,0.722804,0.11999092251062393,0.009756,0.652614,0.5955960750579834
1992/11/25 0:00,0.7636002898216248,1.5194,0.720357,0.728067,0.11999092251062393,0.00973,0.652443,0.5955960750579834
1992/11/26 0:00,0.736024022102356,1.52,0.717978,0.728863,0.11958461254835129,0.009682,0.652018,0.5955960750579834
1992/11/27 0:00,0.736024022102356,1.5307,0.718133,0.735727,0.11958461254835129,0.009732,0.652955,0.5955960750579834
1992/11/28 0:00,0.736024022102356,1.5385,0.71736,0.740741,0.11958461254835129,0.009814,0.65445,0.5955960750579834
1992/11/29 0:00,0.7322942614555359,1.5405,0.724375,0.743771,0.11958461254835129,0.009825,0.653894,0.5953
1992/11/30 0:00,0.7322942614555359,1.5315,0.722022,0.739645,0.11908239871263504,0.009884,0.653595,0.5936
1992/12/1 0:00,0.7322942614555359,1.5415,0.721865,0.742115,0.11908239871263504,0.009891,0.654322,0.591
1992/12/2 0:00,0.7342756390571594,1.5519,0.719528,0.750751,0.11846670508384705,0.00995,0.654793,0.588
1992/12/3 0:00,0.7326707243919373,1.5495,0.720721,0.757002,0.11846670508384705,0.009995,0.655867,0.5897
1992/12/4 0:00,0.7342756390571594,1.5512,0.721293,0.753012,0.11846670508384705,0.009997,0.655609,0.5918
1992/12/5 0:00,0.7322942614555359,1.5462,0.722543,0.751033,0.11846670508384705,0.010119,0.656297,0.5928
1992/12/6 0:00,0.7322942614555359,1.5483,0.723327,0.750469,0.11846670508384705,0.010151,0.655781,0.595
1992/12/7 0:00,0.7322942614555359,1.539,0.723484,0.748783,0.11846670508384705,0.010151,0.656599,0.5975
1992/12/8 0:00,0.7322942614555359,1.5415,0.719891,0.752559,0.11846670508384705,0.010114,0.656944,0.5931
1992/12/9 0:00,0.7746773362159729,1.5505,0.722074,0.757002,0.11887301504611969,0.01018,0.658198,0.6297609210014343
1992/12/10 0:00,0.7746773362159729,1.5421,0.720202,0.754717,0.11887301504611969,0.010115,0.657678,0.6297609210014343
1992/12/11 0:00,0.7713912725448608,1.5445,0.719269,0.75643,0.11887301504611969,0.010194,0.657678,0.6297609210014343
1992/12/12 0:00,0.7713912725448608,1.5645,0.718907,0.771605,0.11887301504611969,0.01027,0.661026,0.6315807700157166
1992/12/13 0:00,0.7535496950149536,1.5725,0.7338414192199707,0.778513,0.11887301504611969,0.01033,0.661945,0.6273393630981445
1992/12/14 0:00,0.7602099776268005,1.5675,0.7338414192199707,0.771903,0.11887301504611969,0.010215,0.661376,0.6273393630981445
1992/12/15 0:00,0.7602099776268005,1.5615,0.7338414192199707,0.764818,0.11887301504611969,0.010163,0.660284,0.6297567486763
1992/12/16 0:00,0.7602099776268005,1.5574,0.7338414192199707,0.761905,0.11887301504611969,0.010194,0.661026,0.6297567486763
1992/12/17 0:00,0.7602099776268005,1.5622,0.7338414192199707,0.76599,0.11887301504611969,0.010151,0.662032,0.6297567486763
1992/12/18 0:00,0.7602099776268005,1.5513,0.7313567399978638,0.75643,0.11887301504611969,0.010081,0.66107,0.6255195140838623
1992/12/19 0:00,0.7602099776268005,1.5493,0.7313567399978638,0.757576,0.11887301504611969,0.010147,0.66212,0.6255195140838623
1992/12/20 0:00,0.7415812611579895,1.5395,0.7313567399978638,0.751033,0.11846670508384705,0.010147,0.662032,0.6067789793014526
1992/12/21 0:00,0.7023085951805115,1.531,0.7262665033340454,0.740741,0.11920753121376038,0.010147,0.661813,0.6195432543754578
1992/12/22 0:00,0.7023085951805115,1.532,0.7262665033340454,0.740741,0.11920753121376038,0.010106,0.662559,0.6195432543754578
1992/12/23 0:00,0.7023085951805115,1.5244,0.7262665033340454,0.74129,0.11920753121376038,0.010201,0.661945,0.6195432543754578
1992/12/24 0:00,0.7388,1.5306,0.7277732491493225,0.748671,0.11846670508384705,0.010185,0.662427,0.6311882734298706
1992/12/25 0:00,0.736,1.5317,0.7277732491493225,0.745712,0.11846670508384705,0.010083,0.662076,0.6311882734298706
1992/12/26 0:00,0.7389,1.5415,0.7277732491493225,0.743771,0.11846670508384705,0.009995,0.661901,0.6311882734298706
1992/12/27 0:00,0.7375,1.5368,0.7293198108673096,0.751033,0.12042384594678879,0.008950749412178993,0.66335,0.6269468665122986
1992/12/28 0:00,0.7345,1.5378,0.7311834692955017,0.749625,0.12042384594678879,0.008950749412178993,0.66335,0.6269468665122986
1992/12/29 0:00,0.7325,1.5395,0.7311834692955017,0.749064,0.12042384594678879,0.008950749412178993,0.66357,0.6269468665122986
1992/12/30 0:00,0.7355,1.5387,0.7293198108673096,0.748783,0.12042384594678879,0.008950749412178993,0.66335,0.6269468665122986
1992/12/31 0:00,0.7415,1.5425,0.7329033017158508,0.749344,0.12042384594678879,0.008950749412178993,0.663966,0.6067789793014526
1993/1/1 0:00,0.7403,1.5422,0.7329033017158508,0.751033,0.12042384594678879,0.008950749412178993,0.664099,0.6067789793014526
1993/1/2 0:00,0.741,1.5385,0.7329033017158508,0.749569,0.12042384594678879,0.008950749412178993,0.664099,0.6067789793014526
1993/1/3 0:00,0.743,1.5393,0.7329033017158508,0.75358,0.12042384594678879,0.008950749412178993,0.663614,0.6067789793014526
1993/1/4 0:00,0.7455,1.5395,0.7329033017158508,0.753012,0.12042384594678879,0.008950749412178993,0.66379,0.6458133459091187
1993/1/5 0:00,0.7415,1.545,0.7338414192199707,0.76365,0.12042384594678879,0.008950749412178993,0.663834,0.6223559379577637
1993/1/6 0:00,0.7405,1.5422,0.7338414192199707,0.767636,0.12042384594678879,0.008950749412178993,0.66357,0.6223559379577637
1993/1/7 0:00,0.7402,1.5427,0.7338414192199707,0.768521,0.12042384594678879,0.009146228432655334,0.66379,0.6223559379577637
1993/1/8 0:00,0.7415,1.54,0.7338414192199707,0.764526,0.12042384594678879,0.008950749412178993,0.664231,0.6223559379577637
1993/1/9 0:00,0.7398,1.545,0.7338414192199707,0.769823,0.12042384594678879,0.009146228432655334,0.66454,0.6199385523796082
1993/1/10 0:00,0.7382,1.549,0.7328584790229797,0.773694,0.12042384594678879,0.00918023381382227,0.665336,0.6199385523796082
1993/1/11 0:00,0.7352,1.551,0.7328584790229797,0.775795,0.12042384594678879,0.00918023381382227,0.666001,0.6199385523796082
1993/1/12 0:00,0.7355,1.5535,0.7328584790229797,0.770416,0.12042384594678879,0.009146228432655334,0.665646,0.6241757869720459
1993/1/13 0:00,0.7405,1.5535,0.7338414192199707,0.768049,0.12042384594678879,0.008950749412178993,0.666001,0.6265931725502014
1993/1/14 0:00,0.7442,1.5535,0.7338414192199707,0.765404,0.12042384594678879,0.008950749412178993,0.666223,0.6265931725502014
1993/1/15 0:00,0.7445,1.5355,0.7329033017158508,0.755458,0.12042384594678879,0.008950749412178993,0.666223,0.6223559379577637
1993/1/16 0:00,0.742,1.534,0.7375658750534058,0.747943,0.12042384594678879,0.009067793376743793,0.666001,0.601
1993/1/17 0:00,0.743,1.535,0.7375658750534058,0.750469,0.12042384594678879,0.009067793376743793,0.666622,0.6015
1993/1/18 0:00,0.7444,1.5362,0.7375658750534058,0.751033,0.12042384594678879,0.009067793376743793,0.666667,0.6018
1993/1/19 0:00,0.743,1.5445,0.7375658750534058,0.755287,0.12042384594678879,0.009067793376743793,0.666445,0.604
1993/1/20 0:00,0.742,1.5475,0.7385039925575256,0.764234,0.12042384594678879,0.009067793376743793,0.666667,0.6047
1993/1/21 0:00,0.7404,1.5487,0.7385039925575256,0.772201,0.12042384594678879,0.00929727777838707,0.666622,0.6041
1993/1/22 0:00,0.7435,1.5462,0.7385039925575256,0.771903,0.11846670508384705,0.010076,0.666667,0.6067
1993/1/23 0:00,0.745,1.5436,0.7385039925575256,0.76599,0.11846670508384705,0.010052,0.666711,0.6046
1993/1/24 0:00,0.745,1.5503,0.731315,0.779423,0.11846670508384705,0.010081,0.668137,0.604
1993/1/25 0:00,0.7436,1.5696,0.731957,0.780031,0.11846670508384705,0.010101,0.670691,0.6021
1993/1/26 0:00,0.7442,1.5623,0.738716,0.774293,0.11846670508384705,0.010105,0.672224,0.6022
1993/1/27 0:00,0.7415,1.5673,0.739864,0.782473,0.11846670508384705,0.010096,0.671772,0.6027
1993/1/28 0:00,0.7435,1.563,0.738552,0.778513,0.11846670508384705,0.010055,0.671727,0.6037
1993/1/29 0:00,0.7442,1.584,0.739919,0.785238,0.11846670508384705,0.01013,0.674309,0.604
1993/1/30 0:00,0.7427,1.566,0.739809,0.776398,0.11846670508384705,0.010144,0.675311,0.6032
1993/1/31 0:00,0.7426,1.5745,0.743882,0.777001,0.11846670508384705,0.010226,0.677415,0.603
1993/2/1 0:00,0.7467,1.578,0.744602,0.779727,0.11887301504611969,0.010212,0.677369,0.6002
1993/2/2 0:00,0.7357,1.576,0.744435,0.778513,0.11846670508384705,0.010199,0.676911,0.5992
1993/2/3 0:00,0.7393,1.5813,0.743052,0.77912,0.11846670508384705,0.010235,0.674992,0.6022
1993/2/4 0:00,0.7397,1.5745,0.742225,0.776699,0.11846670508384705,0.010137,0.672585,0.6023
1993/2/5 0:00,0.7391,1.5775,0.74195,0.77912,0.11846670508384705,0.010166,0.673083,0.6022
1993/2/6 0:00,0.7403,1.576,0.745712,0.778513,0.12495136260986328,0.010125,0.671817,0.6017
1993/2/7 0:00,0.74,1.58,0.744879,0.77821,0.11846670508384705,0.010135,0.673174,0.603
1993/2/8 0:00,0.74,1.577,0.745712,0.777303,0.12495136260986328,0.010096,0.674082,0.6025
1993/2/9 0:00,0.7406,1.5785,0.743108,0.773395,0.11846670508384705,0.01005,0.674309,0.6027
1993/2/10 0:00,0.7382,1.5783,0.743494,0.775795,0.11846670508384705,0.010035,0.675402,0.603
1993/2/11 0:00,0.7392,1.586,0.74228,0.782473,0.11846670508384705,0.010053,0.678564,0.6029
1993/2/12 0:00,0.7395,1.5875,0.742005,0.780945,0.11846670508384705,0.010035,0.676224,0.6047
1993/2/13 0:00,0.7377,1.5865,0.741565,0.780214,0.11846670508384705,0.009963,0.674992,0.6045
1993/2/14 0:00,0.7355,1.578,0.744158,0.774893,0.11846670508384705,0.00995,0.673854,0.605
1993/2/15 0:00,0.7358,1.581,0.742005,0.777001,0.11846670508384705,0.010005,0.674354,0.6054
1993/2/16 0:00,0.7375,1.5815,0.7414,0.778816,0.11846670508384705,0.010025,0.674536,0.6055
1993/2/17 0:00,0.735,1.591,0.738552,0.791766,0.11846670508384705,0.01016,0.677277,0.6061
1993/2/18 0:00,0.735,1.61,0.737191,0.800641,0.11846670508384705,0.010238,0.678748,0.6107
1993/2/19 0:00,0.7373,1.6135,0.738007,0.800641,0.11846670508384705,0.010226,0.679348,0.6113
1993/2/20 0:00,0.7355,1.618,0.738116,0.802568,0.11846670508384705,0.010277,0.680504,0.6113
1993/2/21 0:00,0.7366,1.6215,0.738007,0.801925,0.11846670508384705,0.010288,0.678196,0.6125
1993/2/22 0:00,0.7315,1.6255,0.738389,0.801089,0.11846670508384705,0.01027,0.678012,0.612
1993/2/23 0:00,0.7363,1.6275,0.739372,0.7980054020881653,0.116973,0.010288,0.678564,0.6125
1993/2/24 0:00,0.7363,1.6365,0.741015,0.7980054020881653,0.11698,0.010315,0.67981,0.6123
1993/2/25 0:00,0.742,1.632,0.742115,0.7980054020881653,0.11698,0.010304,0.676819,0.613
1993/2/26 0:00,0.7302835583686829,1.6368,0.74129,0.7980054020881653,0.116996,0.010315,0.680041,0.614
1993/2/27 0:00,0.7302835583686829,1.623,0.740631,0.7980054020881653,0.117006,0.010267,0.679256,0.6152
1993/2/28 0:00,0.7302835583686829,1.635,0.739262,0.7980054020881653,0.117014,0.01032,0.680735,0.615
1993/3/1 0:00,0.7302835583686829,1.632,0.73828,0.7980054020881653,0.117022,0.010334,0.681199,0.6152
1993/3/2 0:00,0.7302835583686829,1.6345,0.737735,0.7980054020881653,0.117022,0.010309,0.681199,0.6165
1993/3/3 0:00,0.7302835583686829,1.6125,0.736757,0.8023870587348938,0.117044,0.010183,0.6799973249435425,0.6147
1993/3/4 0:00,0.7302835583686829,1.6105,0.736594,0.8023870587348938,0.117044,0.010241,0.6799973249435425,0.6185
1993/3/5 0:00,0.7302835583686829,1.616,0.737681,0.8074055314064026,0.117044,0.010284,0.6809827089309692,0.6203
1993/3/6 0:00,0.7302835583686829,1.621,0.736648,0.794281,0.117044,0.010317,0.6780782341957092,0.6215
1993/3/7 0:00,0.7669842839241028,1.605,0.738825,0.78125,0.117096,0.010227,0.6870604753494263,0.6548401117324829
1993/3/8 0:00,0.7669842839241028,1.5992,0.735943,0.777303,0.11711,0.010212,0.6737037301063538,0.6245619654655457
1993/3/9 0:00,0.7669842839241028,1.588,0.736485,0.772798,0.117132,0.010197,0.6737037301063538,0.6245619654655457
1993/3/10 0:00,0.7751604914665222,1.584,0.733568,0.769527,0.117132,0.010175,0.6674395203590393,0.6273393630981445
1993/3/11 0:00,0.7751604914665222,1.5715,0.732601,0.765931,0.11716,0.010166,0.6643726229667664,0.6297567486763
1993/3/12 0:00,0.7384597659111023,1.577,0.732386,0.770416,0.117178,0.010194,0.6730660796165466,0.6223
1993/3/13 0:00,0.7451200485229492,1.568,0.731261,0.75815,0.117184,0.010152,0.6536028981208801,0.624
1993/3/14 0:00,0.7451200485229492,1.566,0.731582,0.75643,0.117184,0.010162,0.6536028981208801,0.622
1993/3/15 0:00,0.7451200485229492,1.5695,0.726639,0.757863,0.117198,0.010184,0.6536028981208801,0.623
1993/3/16 0:00,0.7384597659111023,1.5725,0.728067,0.761035,0.117198,0.010176,0.6555458307266235,0.6225
1993/3/17 0:00,0.7451200485229492,1.563,0.726691,0.756144,0.117226,0.010127,0.6536028981208801,0.6207
1993/3/18 0:00,0.7467249631881714,1.563,0.725426,0.753296,0.117232,0.010143,0.6515523195266724,0.6227
1993/3/19 0:00,0.7451200485229492,1.5643,0.725847,0.754432,0.117243,0.010106,0.6536028981208801,0.6233
1993/3/20 0:00,0.7451200485229492,1.567,0.727167,0.754717,0.117247,0.01011,0.6536028981208801,0.6278
1993/3/21 0:00,0.7467249631881714,1.5652,0.727061,0.751597,0.117255,0.01006,0.6515523195266724,0.6299
1993/3/22 0:00,0.7745164036750793,1.5602,0.728863,0.751315,0.117262,0.009961,0.6554591655731201,0.6085578799247742
1993/3/23 0:00,0.7745164036750793,1.559,0.728226,0.75358,0.117269,0.009968,0.6554591655731201,0.6127992868423462
1993/3/24 0:00,0.7745164036750793,1.561,0.728226,0.75188,0.117275,0.009965,0.6554591655731201,0.6127992868423462
1993/3/25 0:00,0.7250592112541199,1.5448243618011475,0.72469,0.752842,0.117314,0.009987,0.6525021195411682,0.5955960750579834
1993/3/26 0:00,0.7266717553138733,1.5633894205093384,0.722804,0.747943,0.117336,0.009959,0.6407865881919861,0.5907812714576721
1993/3/27 0:00,0.7250592112541199,1.5633894205093384,0.722126,0.747105,0.117382,0.009978,0.6360021233558655,0.5907812714576721
1993/3/28 0:00,0.7250592112541199,1.5633894205093384,0.721501,0.749906,0.117426,0.009996,0.6360021233558655,0.5907812714576721
1993/3/29 0:00,0.7266717553138733,1.5633894205093384,0.720877,0.751597,0.117467,0.009968,0.6407865881919861,0.5907812714576721
1993/3/30 0:00,0.7266717553138733,1.5633894205093384,0.720721,0.751823,0.117507,0.00997,0.6407865881919861,0.5907812714576721
1993/3/31 0:00,0.7250592112541199,1.5633894205093384,0.720721,0.754034,0.117545,0.009974,0.6360021233558655,0.6288458704948425
1993/4/1 0:00,0.7546766996383667,1.552018165588379,0.7306192517280579,0.751202,0.117599,0.009972,0.6642305850982666,0.6458133459091187
1993/4/2 0:00,0.7546766996383667,1.552018165588379,0.7306192517280579,0.751428,0.117646,0.009985,0.6642305850982666,0.6458133459091187
1993/4/3 0:00,0.7562892436981201,1.552018165588379,0.7306192517280579,0.751936,0.117711,0.009968,0.6642305850982666,0.6458133459091187
1993/4/4 0:00,0.775,1.5469244718551636,0.7306192517280579,0.754148,0.117758,0.009977,0.6642305850982666,0.6196376085281372
1993/4/5 0:00,0.7755,1.5469244718551636,0.7306192517280579,0.750244,0.117818,0.009955,0.6642305850982666,0.6458133459091187
1993/4/6 0:00,0.777,1.5469244718551636,0.7306192517280579,0.749457,0.117888,0.009978,0.6642305850982666,0.6458133459091187
1993/4/7 0:00,0.7765,1.5469244718551636,0.7306192517280579,0.751597,0.117941,0.009954,0.6642305850982666,0.6458133459091187
1993/4/8 0:00,0.7562892436981201,1.552018165588379,0.7306192517280579,0.752672,0.118039,0.009967,0.6642305850982666,0.6458133459091187
1993/4/9 0:00,0.7711452841758728,1.5469244718551636,0.7326003313064575,0.763534,0.118076,0.010035,0.6643726229667664,0.6196376085281372
1993/4/10 0:00,0.7711452841758728,1.5469244718551636,0.7326003313064575,0.763359,0.118117,0.01004,0.6643726229667664,0.6196376085281372
1993/4/11 0:00,0.7727578282356262,1.5469244718551636,0.7326003313064575,0.761615,0.118138,0.009948,0.66617351770401,0.6196376085281372
1993/4/12 0:00,0.7727578282356262,1.545617699623108,0.7326003313064575,0.761615,0.118138,0.009862,0.66617351770401,0.6196376085281372
1993/4/13 0:00,0.7727578282356262,1.5469244718551636,0.7326003313064575,0.767165,0.118161,0.009904,0.6664363145828247,0.6196376085281372
1993/4/14 0:00,0.7727578282356262,1.545617699623108,0.7326003313064575,0.763359,0.118167,0.009865,0.6643726229667664,0.6196376085281372
1993/4/15 0:00,0.7727578282356262,1.5469244718551636,0.7326003313064575,0.772499,0.118173,0.009967,0.6664363145828247,0.6441179513931274
1993/4/16 0:00,0.7727578282356262,1.5469244718551636,0.7326003313064575,0.775795,0.11818,0.00996,0.6664363145828247,0.6441179513931274
1993/4/17 0:00,0.7711452841758728,1.5469244718551636,0.7326003313064575,0.777303,0.118182,0.01001,0.6664363145828247,0.6441179513931274
1993/4/18 0:00,0.7105773091316223,1.5633894205093384,0.705965,0.780945,0.118187,0.010121,0.6779489517211914,0.6108157634735107
1993/4/19 0:00,0.7105773091316223,1.568177580833435,0.708617,0.774593,0.118188,0.010125,0.6711168885231018,0.6129657030105591
1993/4/20 0:00,0.7105773091316223,1.5633894205093384,0.703482,0.777001,0.118194,0.010101,0.6711168885231018,0.6129657030105591
1993/4/21 0:00,0.7105773091316223,1.5633894205093384,0.703383,0.776096,0.118196,0.010045,0.6711168885231018,0.6188186407089233
1993/4/22 0:00,0.7107980251312256,1.5633894205093384,0.703235,0.780336,0.118201,0.010057,0.688705,0.6405681371688843
1993/4/23 0:00,0.7107980251312256,1.5633894205093384,0.702346,0.786473,0.118203,0.01006,0.691324,0.6318159699440002
1993/4/24 0:00,0.7107980251312256,1.6009924411773682,0.704473,0.787712,0.118208,0.010025,0.689513,0.6420597434043884
1993/4/25 0:00,0.7107980251312256,1.5633894205093384,0.706814,0.786782,0.118212,0.010036,0.688895,0.6376689076423645
1993/4/26 0:00,0.7107980251312256,1.5633894205093384,0.706764,0.784006,0.118217,0.01004,0.687616,0.6376689076423645
1993/4/27 0:00,0.7107980251312256,1.5633894205093384,0.706814,0.785238,0.118221,0.010069,0.688468,0.6318159699440002
1993/4/28 0:00,0.7107980251312256,1.5633894205093384,0.706614,0.784621,0.118226,0.010065,0.688705,0.6318159699440002
1993/4/29 0:00,0.708025336265564,1.615285038948059,0.704573,0.788644,0.118226,0.010163,0.688705,0.639
1993/4/30 0:00,0.708025336265564,1.5728938579559326,0.709622,0.778513,0.118226,0.010057,0.6879,0.6388
1993/5/1 0:00,0.708025336265564,1.5728938579559326,0.708767,0.775795,0.118224,0.01006,0.688279,0.639
1993/5/2 0:00,0.708025336265564,1.5728938579559326,0.710985,0.778695,0.118226,0.01005,0.688279,0.6405
1993/5/3 0:00,0.7119726538658142,1.5728938579559326,0.712809,0.774593,0.118226,0.010025,0.6776774525642395,0.637
1993/5/4 0:00,0.7143751382827759,1.5728938579559326,0.715052,0.77232,0.118231,0.01007,0.6776774525642395,0.6315
1993/5/5 0:00,0.7244797945022583,1.5668718814849854,0.716589,0.768344,0.1191229596734047,0.010058,0.6712318062782288,0.6311
1993/5/6 0:00,0.7244797945022583,1.57675302028656,0.716846,0.7656746506690979,0.1191229596734047,0.010103,0.665350615978241,0.6302
1993/5/7 0:00,0.7244797945022583,1.57675302028656,0.714898,0.7656746506690979,0.1191229596734047,0.010116,0.665350615978241,0.6327
1993/5/8 0:00,0.7220773100852966,1.57675302028656,0.713267,0.7656746506690979,0.1191229596734047,0.010115,0.665350615978241,0.6342
1993/5/9 0:00,0.7220773100852966,1.5973801612854004,0.71286,0.7715566754341125,0.1191229596734047,0.010136,0.6712318062782288,0.6335
1993/5/10 0:00,0.7244797945022583,1.5973801612854004,0.714541,0.7715566754341125,0.1191229596734047,0.010137,0.6712318062782288,0.6328
1993/5/11 0:00,0.7220773100852966,1.5973801612854004,0.711896,0.7715566754341125,0.1191229596734047,0.01015,0.6712318062782288,0.6343
1993/5/12 0:00,0.7133017778396606,1.6055395603179932,0.70922,0.7715566754341125,0.11920753121376038,0.010251,0.6758691072463989,0.6347
1993/5/13 0:00,0.7220773100852966,1.6055395603179932,0.711491,0.7828119993209839,0.1191229596734047,0.010259,0.6550602316856384,0.6395
1993/5/14 0:00,0.7244797945022583,1.6055395603179932,0.714541,0.7828119993209839,0.1191229596734047,0.010277,0.6512906551361084,0.6355
1993/5/15 0:00,0.7244797945022583,1.6055395603179932,0.71495,0.8015466332435608,0.1191229596734047,0.010306,0.6816341876983643,0.635
1993/5/16 0:00,0.7244797945022583,1.6055395603179932,0.717206,0.8015466332435608,0.1191229596734047,0.010331,0.6816341876983643,0.6323
1993/5/17 0:00,0.7244797945022583,1.6174224615097046,0.71736,0.801089,0.1191229596734047,0.010299,0.6816341876983643,0.6321
1993/5/18 0:00,0.7244797945022583,1.6174224615097046,0.716076,0.809192,0.11939379572868347,0.010336,0.6816341876983643,0.6358
1993/5/19 0:00,0.7244797945022583,1.6174224615097046,0.717515,0.810898,0.11939379572868347,0.010352,0.683154284954071,0.6335
1993/5/20 0:00,0.7244797945022583,1.6174224615097046,0.716076,0.806127,0.1191229596734047,0.010336,0.6816341876983643,0.6333
1993/5/21 0:00,0.7220773100852966,1.6174224615097046,0.712251,0.808407,0.11939379572868347,0.010437,0.683154284954071,0.6345
1993/5/22 0:00,0.7119726538658142,1.6234444379806519,0.713521,0.822368,0.118212,0.010593,0.6877915859222412,0.6383
1993/5/23 0:00,0.7348515391349792,1.6225582361221313,0.7360679507255554,0.855066,0.118368,0.010799,0.702572762966156,0.6432
1993/5/24 0:00,0.7348515391349792,1.6225582361221313,0.7360679507255554,0.873744,0.118381,0.011007,0.7064840793609619,0.6452
1993/5/25 0:00,0.7348515391349792,1.6225582361221313,0.7360679507255554,0.859107,0.118392,0.010957,0.7077218294143677,0.6442
1993/5/26 0:00,0.7348515391349792,1.6225582361221313,0.7360679507255554,0.861178,0.118401,0.011041,0.7077218294143677,0.646
1993/5/27 0:00,0.7348515391349792,1.6225582361221313,0.7360679507255554,0.848536,0.118398,0.010961,0.7104485630989075,0.6465
1993/5/28 0:00,0.7883576154708862,1.5469244718551636,0.7368390560150146,0.851789,0.118394,0.01105,0.7094453573226929,0.675072431564331
1993/5/29 0:00,0.7883576154708862,1.5469244718551636,0.7368390560150146,0.849618,0.118392,0.010993,0.7094453573226929,0.675072431564331
1993/5/30 0:00,0.7883576154708862,1.5469244718551636,0.7368390560150146,0.870701,0.11838,0.011186,0.7116944789886475,0.6691927313804626
1993/5/31 0:00,0.7883576154708862,1.5469244718551636,0.7368390560150146,0.858959,0.118371,0.011074,0.7129322290420532,0.6691927313804626
1993/6/1 0:00,0.7883576154708862,1.5469244718551636,0.7368390560150146,0.869187,0.118381,0.011212,0.7116944789886475,0.6691927313804626
1993/6/2 0:00,0.7883576154708862,1.5469244718551636,0.7368390560150146,0.859107,0.118385,0.011183,0.7129322290420532,0.6691927313804626
1993/6/3 0:00,0.7883576154708862,1.5469244718551636,0.7368390560150146,0.849834,0.118396,0.011188,0.7094453573226929,0.675072431564331
1993/6/4 0:00,0.783426821231842,1.5713937282562256,0.7372260689735413,0.856531,0.118388,0.010995470918715,0.7094453573226929,0.6691927313804626
1993/6/5 0:00,0.783426821231842,1.5713937282562256,0.7372260689735413,0.857265,0.118382,0.010995470918715,0.7094453573226929,0.6691927313804626
1993/6/6 0:00,0.783426821231842,1.5713937282562256,0.7372260689735413,0.85034,0.118377,0.010995470918715,0.7094453573226929,0.6691927313804626
1993/6/7 0:00,0.783426821231842,1.5713937282562256,0.7372260689735413,0.862441,0.118375,0.010995470918715,0.7112640142440796,0.6691927313804626
1993/6/8 0:00,0.783426821231842,1.5713937282562256,0.7372260689735413,0.869943,0.118375,0.010995470918715,0.7100262641906738,0.6691927313804626
1993/6/9 0:00,0.783426821231842,1.5713937282562256,0.7372260689735413,0.876271,0.118378,0.010995470918715,0.7100262641906738,0.6691927313804626
1993/6/10 0:00,0.783426821231842,1.5713937282562256,0.7372260689735413,0.853971,0.118387,0.010995470918715,0.7094453573226929,0.6691927313804626
1993/6/11 0:00,0.7051311731338501,1.6140174865722656,0.7279247045516968,0.882613,0.118394,0.011285632848739624,0.69586181640625,0.6226619482040405
1993/6/12 0:00,0.6229982376098633,1.5817409753799438,0.7124823927879333,0.889521,0.118399,0.010419338010251522,0.6961760520935059,0.5775156617164612
1993/6/13 0:00,0.783426821231842,1.5713937282562256,0.7372260689735413,0.879507,0.118403,0.010995470918715,0.7100262641906738,0.675072431564331
1993/6/14 0:00,0.7051311731338501,1.6140174865722656,0.7279247045516968,0.883236,0.118405,0.011285632848739624,0.69586181640625,0.6226619482040405
1993/6/15 0:00,0.7051311731338501,1.6140174865722656,0.7279247045516968,0.886525,0.11841,0.011285632848739624,0.6952008605003357,0.6226619482040405
1993/6/16 0:00,0.783426821231842,1.5713937282562256,0.7372260689735413,0.881057,0.118412,0.010995470918715,0.7100262641906738,0.675072431564331
1993/6/17 0:00,0.727872908115387,1.645659327507019,0.7320003509521484,0.861698,0.11841,0.011285632848739624,0.6955567598342896,0.6645
1993/6/18 0:00,0.727872908115387,1.645659327507019,0.7320003509521484,0.867679,0.118413,0.011285632848739624,0.6924402713775635,0.6628
1993/6/19 0:00,0.727872908115387,1.645659327507019,0.7320003509521484,0.864902,0.118419,0.011285632848739624,0.6955567598342896,0.667
1993/6/20 0:00,0.7397972345352173,1.634387493133545,0.748558759689331,0.869943,0.118424,0.011207127943634987,0.6807965636253357,0.6728
1993/6/21 0:00,0.7420821189880371,1.602,0.7351872324943542,0.867905,0.118426,0.010854694992303848,0.7066214084625244,0.672
1993/6/22 0:00,0.7528433799743652,1.6195,0.7351872324943542,0.885583,0.11843,0.010854694992303848,0.7078225016593933,0.6751
1993/6/23 0:00,0.7420821189880371,1.614,0.7351872324943542,0.888099,0.118433,0.010854694992303848,0.7078225016593933,0.6718
1993/6/24 0:00,0.7420821189880371,1.616,0.7351872324943542,0.895095,0.118436,0.010854694992303848,0.7054292559623718,0.6695
1993/6/25 0:00,0.7420821189880371,1.6127,0.7351872324943542,0.874891,0.118439,0.010854694992303848,0.7066214084625244,0.6716
1993/6/26 0:00,0.7314736843109131,1.61,0.730834,0.880282,0.118441,0.011285632848739624,0.7084834575653076,0.672
1993/6/27 0:00,0.7314736843109131,1.6055,0.732332,0.8463521599769592,0.118446,0.011285632848739624,0.7104485630989075,0.6721
1993/6/28 0:00,0.7314736843109131,1.6135,0.732601,0.8322147727012634,0.118476,0.010123157873749733,0.7070664167404175,0.6737
1993/6/29 0:00,0.7282357215881348,1.6105,0.733676,0.8305544257164001,0.118571,0.010044652968645096,0.6929019689559937,0.6663
1993/6/30 0:00,0.7314736843109131,1.6162,0.733514,0.8305544257164001,0.118621,0.010044652968645096,0.7070664167404175,0.6737
1993/7/1 0:00,0.7314736843109131,1.6091,0.735456,0.8305544257164001,0.118661,0.010044652968645096,0.7070664167404175,0.6718
1993/7/2 0:00,0.7314736843109131,1.618,0.737735,0.8305544257164001,0.118661,0.010044652968645096,0.7070664167404175,0.6744
1993/7/3 0:00,0.7528433799743652,1.6125,0.734148383140564,0.8305544257164001,0.118833,0.010044652968645096,0.7070664167404175,0.675
1993/7/4 0:00,0.7528433799743652,1.6172,0.734148383140564,0.8305544257164001,0.119056,0.010044652968645096,0.7070664167404175,0.6762
1993/7/5 0:00,0.7528433799743652,1.6185,0.734148383140564,0.8305544257164001,0.119263,0.010044652968645096,0.7070664167404175,0.6785
1993/7/6 0:00,0.7528433799743652,1.599,0.734148383140564,0.8305544257164001,0.119557,0.009776216000318527,0.7070664167404175,0.6753
1993/7/7 0:00,0.7528433799743652,1.608,0.734148383140564,0.8305544257164001,0.119693,0.009509118273854256,0.7088413238525391,0.6755
1993/7/8 0:00,0.7528433799743652,1.5885,0.734148383140564,0.8305544257164001,0.119837,0.009509118273854256,0.7097254395484924,0.6752
1993/7/9 0:00,0.7502583265304565,1.5815,0.734148383140564,0.8243175745010376,0.120116,0.008978244848549366,0.7088650465011597,0.6713
1993/7/10 0:00,0.7569186091423035,1.5576,0.734148383140564,0.8243175745010376,0.120265,0.009365095756947994,0.7078618407249451,0.6695
1993/7/11 0:00,0.7436308860778809,1.571,0.734148383140564,0.8243175745010376,0.120441,0.009365095756947994,0.7078618407249451,0.662
1993/7/12 0:00,0.7502911686897278,1.5652,0.734148383140564,0.8243175745010376,0.120604,0.009433610364794731,0.7078618407249451,0.6616
1993/7/13 0:00,0.7331697940826416,1.6140292882919312,0.7350291013717651,0.8243175745010376,0.120508,0.009227646514773369,0.7097254395484924,0.6628
1993/7/14 0:00,0.7305,1.6140292882919312,0.7350291013717651,0.8243175745010376,0.120391,0.009227646514773369,0.7097254395484924,0.6666
1993/7/15 0:00,0.7175,1.6140292882919312,0.7296324968338013,0.7979164719581604,0.120327,0.00929727777838707,0.6923792958259583,0.661
1993/7/16 0:00,0.715,1.6140292882919312,0.7296324968338013,0.7979164719581604,0.120291,0.00929727777838707,0.6923792958259583,0.656
1993/7/17 0:00,0.7181,1.6140292882919312,0.7309615015983582,0.7979164719581604,0.120252,0.00929727777838707,0.6923792958259583,0.6576
1993/7/18 0:00,0.7187,1.6140292882919312,0.7309615015983582,0.7979164719581604,0.12021,0.00929727777838707,0.6923792958259583,0.6604
1993/7/19 0:00,0.717,1.6140292882919312,0.7296324968338013,0.7979164719581604,0.120161,0.00929727777838707,0.6923792958259583,0.6588
1993/7/20 0:00,0.7192,1.6140292882919312,0.7309615015983582,0.7979164719581604,0.120133,0.008841912262141705,0.6950567960739136,0.664
1993/7/21 0:00,0.719,1.6140292882919312,0.7309615015983582,0.7979164719581604,0.120101,0.008841912262141705,0.6950567960739136,0.669
1993/7/22 0:00,0.7203,1.6140292882919312,0.7309615015983582,0.7979164719581604,0.120081,0.008937406353652477,0.6923792958259583,0.6673
1993/7/23 0:00,0.719,1.6140292882919312,0.7309615015983582,0.7979164719581604,0.120113,0.008841912262141705,0.6950567960739136,0.6647
1993/7/24 0:00,0.7154,1.63301682472229,0.7296324968338013,0.8491963148117065,0.11942108720541,0.011772,0.6945333480834961,0.6613
1993/7/25 0:00,0.7165,1.63301682472229,0.7296324968338013,0.8491963148117065,0.11942108720541,0.011779,0.6945333480834961,0.6678
1993/7/26 0:00,0.7143,1.63301682472229,0.7296324968338013,0.8491963148117065,0.11942108720541,0.011816,0.6945333480834961,0.668
1993/7/27 0:00,0.7165,1.63301682472229,0.7296324968338013,0.8491963148117065,0.11942108720541,0.011751,0.6945333480834961,0.6703
1993/7/28 0:00,0.7205,1.6326115131378174,0.7309615015983582,0.8491963148117065,0.11939379572868347,0.011871,0.6941483616828918,0.6560995578765869
1993/7/29 0:00,0.7227,1.6326115131378174,0.7309615015983582,0.8491963148117065,0.11939379572868347,0.011779,0.6895110607147217,0.6527974009513855
1993/7/30 0:00,0.72,1.6326115131378174,0.7309615015983582,0.8491963148117065,0.11939379572868347,0.011848,0.6941483616828918,0.6560995578765869
1993/7/31 0:00,0.7175,1.6326115131378174,0.7296324968338013,0.8491963148117065,0.11942108720541,0.011916,0.6941483616828918,0.6560995578765869
1993/8/1 0:00,0.7193,1.6326115131378174,0.7309615015983582,0.8491963148117065,0.11939379572868347,0.011858,0.6941483616828918,0.6560995578765869
1993/8/2 0:00,0.7215,1.6326115131378174,0.7309615015983582,0.8491963148117065,0.11939379572868347,0.011848,0.6941483616828918,0.6527974009513855
1993/8/3 0:00,0.7275,1.6326115131378174,0.7309615015983582,0.8491963148117065,0.11873754113912582,0.01179,0.6962841153144836,0.6642376780509949
1993/8/4 0:00,0.7281,1.6220265626907349,0.7327378392219543,0.860437,0.11873754113912582,0.011812,0.6970995664596558,0.6642376780509949
1993/8/5 0:00,0.7267,1.6220265626907349,0.7327378392219543,0.858738,0.11873754113912582,0.011772,0.6970995664596558,0.6642376780509949
1993/8/6 0:00,0.7243,1.6220265626907349,0.7327378392219543,0.864304,0.11939379572868347,0.011813,0.6970995664596558,0.6642376780509949
1993/8/7 0:00,0.7255,1.6220265626907349,0.7327378392219543,0.868056,0.11873754113912582,0.011851,0.6980658173561096,0.6642376780509949
1993/8/8 0:00,0.7207,1.6220265626907349,0.7327378392219543,0.863558,0.11939379572868347,0.011813,0.6970995664596558,0.6642376780509949
1993/8/9 0:00,0.7208,1.6220265626907349,0.7327378392219543,0.87146,0.11895829439163208,0.011834,0.6980658173561096,0.6642376780509949
1993/8/10 0:00,0.7185,1.6220265626907349,0.7327378392219543,0.868432,0.11942108720541,0.011857,0.6980658173561096,0.6675398349761963
1993/8/11 0:00,0.7142,1.6220265626907349,0.7324185371398926,0.873362,0.11898558586835861,0.011893,0.6980658173561096,0.6675398349761963
1993/8/12 0:00,0.7142,1.6220265626907349,0.7353367805480957,0.860215,0.11942108720541,0.011669,0.6970995664596558,0.6675398349761963
1993/8/13 0:00,0.7155,1.544996976852417,0.72648,0.869565,0.11942108720541,0.011806,0.6997340321540833,0.6375955939292908
1993/8/14 0:00,0.7108,1.5509556531906128,0.727908,0.868432,0.11942108720541,0.011795,0.6997340321540833,0.6279131174087524
1993/8/15 0:00,0.71,1.5509556531906128,0.728704,0.8726,0.11898558586835861,0.011792,0.6997340321540833,0.6279131174087524
1993/8/16 0:00,0.71,1.5509556531906128,0.729767,0.871992,0.11898558586835861,0.011773,0.6997340321540833,0.6279131174087524
1993/8/17 0:00,0.7115,1.5509556531906128,0.7303,0.870474,0.11898558586835861,0.01174,0.6997340321540833,0.6279131174087524
1993/8/18 0:00,0.7157,1.5639045238494873,0.733138,0.863558,0.11942108720541,0.011525,0.6987677812576294,0.6535105109214783
1993/8/19 0:00,0.7146,1.556771159172058,0.739754,0.861104,0.11942108720541,0.011482,0.6987677812576294,0.6365018486976624
1993/8/20 0:00,0.72,1.556771159172058,0.738498,0.857633,0.11939379572868347,0.011435,0.6941483616828918,0.625061571598053
1993/8/21 0:00,0.7215,1.556771159172058,0.737735,0.857633,0.11939379572868347,0.011427,0.6941483616828918,0.6295322179794312
1993/8/22 0:00,0.7327,1.5693774223327637,0.735727,0.861698,0.1199120581150055,0.011442,0.715308,0.6579811573028564
1993/8/23 0:00,0.7303,1.5693774223327637,0.735673,0.859476,0.1199120581150055,0.011378,0.715461,0.6579811573028564
1993/8/24 0:00,0.7323,1.5693774223327637,0.737409,0.857412,0.1199120581150055,0.01128,0.714031,0.656887412071228
1993/8/25 0:00,0.7324,1.5639045238494873,0.735024,0.863185,0.1199120581150055,0.011319,0.715717,0.6579811573028564
1993/8/26 0:00,0.732,1.5639045238494873,0.735186,0.863931,0.1199120581150055,0.011396,0.714286,0.6579811573028564
1993/8/27 0:00,0.7348,1.5639045238494873,0.733407,0.869338,0.1199120581150055,0.011395,0.714541,0.6579811573028564
1993/8/28 0:00,0.735,1.5693774223327637,0.735402,0.864678,0.1199120581150055,0.011293,0.714541,0.6579811573028564
1993/8/29 0:00,0.7375,1.5693774223327637,0.735835,0.869338,0.1199120581150055,0.011422,0.714541,0.6579811573028564
1993/8/30 0:00,0.7385,1.5693774223327637,0.737572,0.862069,0.1199120581150055,0.011379,0.715052,0.656887412071228
1993/8/31 0:00,0.7381,1.5693774223327637,0.736377,0.867679,0.1199120581150055,0.01137,0.71541,0.656887412071228
1993/9/1 0:00,0.7365,1.5639045238494873,0.734862,0.871992,0.1194765567779541,0.01137,0.717103,0.6629829406738281
1993/9/2 0:00,0.7363,1.5639045238494873,0.732923,0.8726,0.1194765567779541,0.01134,0.717206,0.6629829406738281
1993/9/3 0:00,0.7387,1.5509556531906128,0.730194,0.869187,0.1199120581150055,0.01132,0.717618,0.6470680236816406
1993/9/4 0:00,0.7403,1.5509556531906128,0.731689,0.8726,0.1194765567779541,0.011308,0.71736,0.6470680236816406
1993/9/5 0:00,0.7405,1.5656160116195679,0.73692,0.862962,0.1199120581150055,0.011011,0.715564,0.656887412071228
1993/9/6 0:00,0.7402,1.5656160116195679,0.735889,0.870095,0.11997619271278381,0.011056,0.715308,0.6579811573028564
1993/9/7 0:00,0.7425,1.5213853120803833,0.737354,0.869943,0.1199328601360321,0.010002468712627888,0.71495,0.6353851556777954
1993/9/8 0:00,0.7414,1.5848417282104492,0.7346951961517334,0.858001,0.12020637094974518,0.0095354113727808,0.714286,0.6590814590454102
1993/9/9 0:00,0.7436,1.5848417282104492,0.7346951961517334,0.855432,0.12020637094974518,0.0095354113727808,0.715564,0.6590814590454102
1993/9/10 0:00,0.742,1.5848417282104492,0.7346951961517334,0.859107,0.12020637094974518,0.0095354113727808,0.716076,0.6590814590454102
1993/9/11 0:00,0.7398,1.5848417282104492,0.7346951961517334,0.848896,0.12055966258049011,0.0095354113727808,0.71623,0.6590814590454102
1993/9/12 0:00,0.742,1.5848417282104492,0.7346951961517334,0.839631,0.12055966258049011,0.009087460115551949,0.71495,0.6590814590454102
1993/9/13 0:00,0.7415,1.5848417282104492,0.7346951961517334,0.837521,0.12055966258049011,0.009087460115551949,0.713929,0.6590814590454102
1993/9/14 0:00,0.7363,1.5848417282104492,0.7311253547668457,0.816993,0.12055966258049011,0.008990521542727947,0.709723,0.6555996537208557
1993/9/15 0:00,0.732,1.5848417282104492,0.7329890131950378,0.814797,0.12055966258049011,0.008990521542727947,0.704225,0.6555996537208557
1993/9/16 0:00,0.7422000169754028,1.5848417282104492,0.7321082949638367,0.815328,0.12055966258049011,0.008990521542727947,0.701607,0.6555996537208557
1993/9/17 0:00,0.7422000169754028,1.5848417282104492,0.7321082949638367,0.819001,0.12055966258049011,0.008990521542727947,0.700427,0.6555996537208557
1993/9/18 0:00,0.7422000169754028,1.5848417282104492,0.7321082949638367,0.819001,0.12055966258049011,0.008990521542727947,0.700918,0.6555996537208557
1993/9/19 0:00,0.707552433013916,1.667738914489746,0.7786673307418823,0.812348,0.12434889376163483,0.008972308598458767,0.6392030715942383,0.643762469291687
1993/9/20 0:00,0.707552433013916,1.667738914489746,0.7786673307418823,0.815993,0.12434889376163483,0.008972308598458767,0.6392030715942383,0.643762469291687
1993/9/21 0:00,0.707552433013916,1.667738914489746,0.7786673307418823,0.819001,0.12434889376163483,0.008972308598458767,0.6392030715942383,0.643762469291687
1993/9/22 0:00,0.707552433013916,1.667738914489746,0.7786673307418823,0.820749,0.12434889376163483,0.008972308598458767,0.6392030715942383,0.643762469291687
1993/9/23 0:00,0.707552433013916,1.667738914489746,0.7825952768325806,0.830565,0.12434889376163483,0.009153063409030437,0.630635678768158,0.643762469291687
1993/9/24 0:00,0.707552433013916,1.667738914489746,0.7786673307418823,0.825764,0.12434889376163483,0.009153063409030437,0.630635678768158,0.643762469291687
1993/9/25 0:00,0.707552433013916,1.667738914489746,0.7786673307418823,0.825764,0.12434889376163483,0.009153063409030437,0.630635678768158,0.643762469291687
1993/9/26 0:00,0.707552433013916,1.667738914489746,0.7825952768325806,0.829187,0.12434889376163483,0.009153063409030437,0.630635678768158,0.643762469291687
1993/9/27 0:00,0.707552433013916,1.667738914489746,0.7825952768325806,0.832639,0.12434889376163483,0.009153063409030437,0.630635678768158,0.643762469291687
1993/9/28 0:00,0.707552433013916,1.667738914489746,0.7825952768325806,0.832293,0.12434889376163483,0.009153063409030437,0.630635678768158,0.643762469291687
1993/9/29 0:00,0.7330577969551086,1.5501,0.7342185378074646,0.823723,0.12042384594678879,0.009308725595474243,0.7078618407249451,0.6555996537208557
1993/9/30 0:00,0.7330577969551086,1.55,0.7342185378074646,0.823723,0.12042384594678879,0.009308725595474243,0.7078618407249451,0.6555996537208557
1993/10/1 0:00,0.7330577969551086,1.5482,0.7342185378074646,0.821693,0.12042384594678879,0.009308725595474243,0.7078618407249451,0.6555996537208557
1993/10/2 0:00,0.7330577969551086,1.5483,0.7342185378074646,0.828844,0.12042384594678879,0.009308725595474243,0.7078618407249451,0.6590814590454102
1993/10/3 0:00,0.7330577969551086,1.5545,0.7342185378074646,0.832085,0.12042384594678879,0.009308725595474243,0.7078618407249451,0.6590814590454102
1993/10/4 0:00,0.7330577969551086,1.548,0.7342185378074646,0.819336,0.12042384594678879,0.009041456505656242,0.7064309120178223,0.6555996537208557
1993/10/5 0:00,0.7330577969551086,1.5505,0.7342185378074646,0.826105,0.12042384594678879,0.009308725595474243,0.7078618407249451,0.6555996537208557
1993/10/6 0:00,0.7552791833877563,1.552,0.7338414192199707,0.826788,0.12096597254276276,0.00926549918949604,0.693001,0.678489089012146
1993/10/7 0:00,0.7552791833877563,1.546,0.7338414192199707,0.826105,0.12096597254276276,0.00926549918949604,0.691802,0.6847702860832214
1993/10/8 0:00,0.7552791833877563,1.546,0.7338414192199707,0.831601,0.12083015590906143,0.00926549918949604,0.690131,0.6847702860832214
1993/10/9 0:00,0.7552791833877563,1.5525,0.7364283204078674,0.848536,0.12096597254276276,0.009360727854073048,0.692185,0.6773953437805176
1993/10/10 0:00,0.7552791833877563,1.5695,0.7346951961517334,0.873134,0.12033917009830475,0.0095354113727808,0.69701,0.676979660987854
1993/10/11 0:00,0.7486189007759094,1.5795,0.7346951961517334,0.880669,0.12033917009830475,0.0095354113727808,0.699056,0.668097972869873
1993/10/12 0:00,0.7486189007759094,1.5715,0.7364283204078674,0.869943,0.12033917009830475,0.009619227610528469,0.692665,0.6623052954673767
1993/10/13 0:00,0.8491063117980957,1.5708,0.9200817346572876,0.9515455365180969,0.14654935896396637,0.010620777495205402,0.693481,0.690553605556488
1993/10/14 0:00,0.8491063117980957,1.5722,0.9269757270812988,0.9515455365180969,0.14654935896396637,0.010536961257457733,0.699545,0.690553605556488
1993/10/15 0:00,0.8491063117980957,1.5805,0.9269757270812988,0.9165491461753845,0.14654935896396637,0.010536961257457733,0.702346,0.665203869342804
1993/10/16 0:00,0.8491063117980957,1.5795,0.9269757270812988,0.9165491461753845,0.14654935896396637,0.010536961257457733,0.702741,0.665203869342804
1993/10/17 0:00,0.8485280871391296,1.5909,0.9269757270812988,0.9515455365180969,0.14654935896396637,0.010620777495205402,0.694927,0.6935330033302307
1993/10/18 0:00,0.8491063117980957,1.5808,0.9269757270812988,0.9515455365180969,0.14654935896396637,0.010536961257457733,0.697107,0.690553605556488
1993/10/19 0:00,0.8491063117980957,1.5837,0.9269757270812988,0.9515455365180969,0.14654935896396637,0.010536961257457733,0.698178,0.6891421675682068
1993/10/20 0:00,0.8491063117980957,1.584,0.9269757270812988,0.9344072937965393,0.14654935896396637,0.010536961257457733,0.701508,0.6686051487922668
1993/10/21 0:00,0.8491063117980957,1.5812,0.9269757270812988,0.9344072937965393,0.14654935896396637,0.010536961257457733,0.700771,0.6700165867805481
1993/10/22 0:00,0.8540371060371399,1.5778,0.9293085932731628,0.9344072937965393,0.1468961089849472,0.009936,0.701016,0.7219231128692627
1993/10/23 0:00,0.7628,1.573,0.7359066605567932,0.7662796974182129,0.11930690705776215,0.009911,0.70205,0.6605
1993/10/24 0:00,0.7603,1.5735,0.7359066605567932,0.7662796974182129,0.11919806152582169,0.009972,0.702247,0.6614
1993/10/25 0:00,0.759,1.5725,0.7359066605567932,0.8042783737182617,0.11930690705776215,0.009921,0.700771,0.6608
1993/10/26 0:00,0.756,1.575,0.7359066605567932,0.7662796974182129,0.11919806152582169,0.009955,0.702494,0.6605
1993/10/27 0:00,0.7639199495315552,1.574,0.7359066605567932,0.7662796974182129,0.11919806152582169,0.009967,0.702247,0.658
1993/10/28 0:00,0.7705802321434021,1.5695,0.7359066605567932,0.8042783737182617,0.11919806152582169,0.009938,0.701164,0.6575
1993/10/29 0:00,0.7639199495315552,1.5725,0.7359066605567932,0.7662796974182129,0.11919806152582169,0.009941,0.702247,0.658
1993/10/30 0:00,0.7464010119438171,1.5759,0.7359066605567932,0.7662796974182129,0.119985,0.009975,0.703334,0.6603
1993/10/31 0:00,0.752390444278717,1.58,0.7329188585281372,0.8215779662132263,0.119992,0.01003,0.707965,0.661
1993/11/1 0:00,0.7464010119438171,1.581,0.7359066605567932,0.8211172819137573,0.119996,0.009983,0.706814,0.659
1993/11/2 0:00,0.7464010119438171,1.5795,0.7359066605567932,0.7662796974182129,0.119995,0.009875,0.70497,0.6555
1993/11/3 0:00,0.7464010119438171,1.574,0.7359066605567932,0.8211172819137573,0.119986,0.009823,0.705965,0.6566
1993/11/4 0:00,0.7464010119438171,1.5795,0.7359066605567932,0.8211172819137573,0.119985,0.009832,0.706714,0.6565
1993/11/5 0:00,0.7464010119438171,1.5775,0.7359066605567932,0.8211172819137573,0.119977,0.009838,0.706464,0.66
1993/11/6 0:00,0.752390444278717,1.5807,0.7359066605567932,0.8211172819137573,0.119977,0.009779,0.707664,0.66
1993/11/7 0:00,0.7464010119438171,1.5778,0.7359066605567932,0.7662796974182129,0.119982,0.009702,0.705467,0.655
1993/11/8 0:00,0.7464010119438171,1.5813,0.7359066605567932,0.8211172819137573,0.119979,0.009653,0.706314,0.656
1993/11/9 0:00,0.752390444278717,1.5805,0.7359066605567932,0.8211172819137573,0.11998,0.009626,0.708215,0.6545
1993/11/10 0:00,0.752390444278717,1.5793,0.7359066605567932,0.8211172819137573,0.11998,0.00969,0.70932,0.655
1993/11/11 0:00,0.7639199495315552,1.5778,0.7359066605567932,0.8211172819137573,0.12031596899032593,0.009692,0.707464,0.654
1993/11/12 0:00,0.7639199495315552,1.5805,0.7359066605567932,0.8211172819137573,0.12031596899032593,0.009756,0.706914,0.653
1993/11/13 0:00,0.7639199495315552,1.5794,0.7359066605567932,0.8211172819137573,0.12015637755393982,0.009926,0.708215,0.6515
1993/11/14 0:00,0.7639199495315552,1.5753,0.7359066605567932,0.8211172819137573,0.12015637755393982,0.009906,0.707864,0.653
1993/11/15 0:00,0.7705802321434021,1.5555,0.7359066605567932,0.8227301836013794,0.12031596899032593,0.009833,0.707264,0.6508
1993/11/16 0:00,0.7705802321434021,1.5605,0.7359066605567932,0.8227301836013794,0.12031596899032593,0.009835,0.708215,0.6502
1993/11/17 0:00,0.7705802321434021,1.558,0.7359066605567932,0.8227301836013794,0.12015637755393982,0.009911,0.708466,0.6469
1993/11/18 0:00,0.7705802321434021,1.5558,0.7359066605567932,0.8227301836013794,0.12031596899032593,0.00979,0.707564,0.6472
1993/11/19 0:00,0.7414153218269348,1.5505,0.73959,0.8227301836013794,0.11990965902805328,0.009801,0.707965,0.6475
1993/11/20 0:00,0.7414153218269348,1.5495,0.739919,0.8227301836013794,0.12025691568851471,0.009867,0.707965,0.6511
1993/11/21 0:00,0.74635249376297,1.5583,0.739098,0.8227301836013794,0.12031596899032593,0.00984,0.707965,0.6532
1993/11/22 0:00,0.74635249376297,1.565,0.739098,0.8227301836013794,0.12031836807727814,0.00995,0.708617,0.6525
1993/11/23 0:00,0.74635249376297,1.56,0.738443,0.8227301836013794,0.12031596899032593,0.009852,0.707714,0.6513
1993/11/24 0:00,0.7414153218269348,1.5505,0.739481,0.8227301836013794,0.11990965902805328,0.009823,0.707965,0.6509
1993/11/25 0:00,0.7394339442253113,1.548,0.737191,0.8227301836013794,0.12025691568851471,0.009889,0.707965,0.6555
1993/11/26 0:00,0.7786322236061096,1.5383,0.736106,0.8492123484611511,0.12031596899032593,0.009856,0.707965,0.6846479773521423
1993/11/27 0:00,0.7786322236061096,1.5302,0.735998,0.8492123484611511,0.12031596899032593,0.009823,0.708717,0.6846479773521423
1993/11/28 0:00,0.7786322236061096,1.536,0.732064,0.8437910079956055,0.12066322565078735,0.009881,0.706964,0.6857417225837708
1993/11/29 0:00,0.7786322236061096,1.536,0.731957,0.8437910079956055,0.12066322565078735,0.009896,0.706714,0.6857417225837708
1993/11/30 0:00,0.7786322236061096,1.541,0.731422,0.8437910079956055,0.12031596899032593,0.00986,0.707614,0.6857417225837708
1993/12/1 0:00,0.7786322236061096,1.5422,0.732172,0.8437910079956055,0.12066322565078735,0.009865,0.707214,0.6857417225837708
1993/12/2 0:00,0.7786322236061096,1.5353,0.730727,0.8437910079956055,0.12066322565078735,0.009862,0.707214,0.6857417225837708
1993/12/3 0:00,0.7786322236061096,1.5329,0.726956,0.8437910079956055,0.12015637755393982,0.009906,0.706614,0.6857417225837708
1993/12/4 0:00,0.7786322236061096,1.5348,0.724533,0.8437910079956055,0.12066322565078735,0.009894,0.707364,0.6857417225837708
1993/12/5 0:00,0.779016375541687,1.5313,0.726006,0.8476425409317017,0.119979,0.009818,0.706215,0.6857417225837708
1993/12/6 0:00,0.779016375541687,1.5325,0.726533,0.8476425409317017,0.119982,0.009828,0.705866,0.6857417225837708
1993/12/7 0:00,0.779016375541687,1.541,0.727537,0.8476425409317017,0.11997,0.009852,0.706215,0.6857417225837708
1993/12/8 0:00,0.779016375541687,1.5395,0.727537,0.8476425409317017,0.119946,0.00979,0.706215,0.6857417225837708
1993/12/9 0:00,0.779016375541687,1.539,0.726691,0.8476425409317017,0.119933,0.009833,0.707264,0.6857417225837708
1993/12/10 0:00,0.779016375541687,1.542,0.726216,0.8476425409317017,0.119939,0.009818,0.706964,0.6857417225837708
1993/12/11 0:00,0.779016375541687,1.5373,0.731261,0.8476425409317017,0.119941,0.009804,0.706714,0.6857417225837708
1993/12/12 0:00,0.779016375541687,1.5388,0.734214,0.8492123484611511,0.119943,0.009822,0.707064,0.6857417225837708
1993/12/13 0:00,0.779016375541687,1.5425,0.733299,0.8476425409317017,0.119941,0.009747,0.705965,0.6857417225837708
1993/12/14 0:00,0.779016375541687,1.5555,0.734592,0.8492123484611511,0.119934,0.009768,0.706814,0.6794605255126953
1993/12/15 0:00,0.779016375541687,1.56,0.73524,0.8492123484611511,0.119934,0.009728,0.706564,0.6794605255126953
1993/12/16 0:00,0.6445043683052063,1.539,0.6829254627227783,0.8476425409317017,0.119934,0.009721,0.707714,0.5817539095878601
1993/12/17 0:00,0.6445043683052063,1.5535,0.6829254627227783,0.8476425409317017,0.119941,0.009682,0.706714,0.5817539095878601
1993/12/18 0:00,0.6395735740661621,1.5565,0.6829254627227783,0.8476425409317017,0.119933,0.010025990195572376,0.706364,0.5817539095878601
1993/12/19 0:00,0.6395735740661621,1.5517,0.6829254627227783,0.8283578753471375,0.119917,0.009685463272035122,0.704722,0.5817539095878601
1993/12/20 0:00,0.6395735740661621,1.5463,0.6829254627227783,0.7111250162124634,0.1199,0.009606782346963882,0.698812,0.5576267242431641
1993/12/21 0:00,0.6395735740661621,1.552,0.6829254627227783,0.8283578753471375,0.119898,0.009685463272035122,0.702494,0.5782202482223511
1993/12/22 0:00,0.6395735740661621,1.5495,0.6829254627227783,0.8337454199790955,0.119883,0.009685463272035122,0.701262,0.5782202482223511
1993/12/23 0:00,0.6395735740661621,1.5475,0.6829254627227783,0.8283578753471375,0.119884,0.009685463272035122,0.702395,0.5782202482223511
1993/12/24 0:00,0.6395735740661621,1.5456,0.6829254627227783,0.8283578753471375,0.119893,0.009685463272035122,0.702247,0.5782202482223511
1993/12/25 0:00,0.6395735740661621,1.5445,0.6829254627227783,0.8283578753471375,0.119898,0.009685463272035122,0.703235,0.5817539095878601
1993/12/26 0:00,0.6395735740661621,1.5487,0.6829254627227783,0.8283578753471375,0.119898,0.009685463272035122,0.702741,0.5817539095878601
1993/12/27 0:00,0.6395735740661621,1.538,0.6829254627227783,0.8262681365013123,0.119898,0.009685463272035122,0.701508,0.5782202482223511
1993/12/28 0:00,0.6395735740661621,1.5255,0.6829254627227783,0.8476425409317017,0.119901,0.009893751703202724,0.706314,0.5837864875793457
1993/12/29 0:00,0.785324215888977,1.5228,0.7369802594184875,0.842744,0.119917,0.009506294503808022,0.704722,0.6893469095230103
1993/12/30 0:00,0.7539263367652893,1.5093,0.7351872324943542,0.837381,0.119936,0.009486299008131027,0.7055679559707642,0.668097972869873
1993/12/31 0:00,0.7832204699516296,1.5135,0.7369802594184875,0.841326,0.119941,0.009407132863998413,0.7055679559707642,0.6893469095230103
1994/1/1 0:00,0.7660081386566162,1.5135,0.7351872324943542,0.838926,0.119947,0.009486299008131027,0.7055679559707642,0.6823688745498657
1994/1/2 0:00,0.7539263367652893,1.5092,0.7351872324943542,0.837802,0.119957,0.009486299008131027,0.7055679559707642,0.668097972869873
1994/1/3 0:00,0.7539263367652893,1.5075,0.7351872324943542,0.83661,0.119952,0.009486299008131027,0.7055679559707642,0.668097972869873
1994/1/4 0:00,0.7539263367652893,1.503,0.7326003313064575,0.827883,0.119966,0.009486299008131027,0.7055679559707642,0.668097972869873
1994/1/5 0:00,0.7348905205726624,1.5063,0.723851,0.827815,0.119976,0.009486299008131027,0.7049819827079773,0.6590814590454102
1994/1/6 0:00,0.7348905205726624,1.5037,0.725953,0.824198,0.11998,0.009486299008131027,0.7049819827079773,0.6555996537208557
1994/1/7 0:00,0.7348905205726624,1.5096,0.727643,0.824878,0.119993,0.00933542288839817,0.7049819827079773,0.6555996537208557
1994/1/8 0:00,0.7469723224639893,1.5132,0.727908,0.820008,0.120002,0.009251972660422325,0.7035510540008545,0.6646161675453186
1994/1/9 0:00,0.745832622051239,1.519,0.727326,0.821018,0.120009,0.009251972660422325,0.7049819827079773,0.6646161675453186
1994/1/10 0:00,0.745832622051239,1.5352,0.725689,0.835422,0.120003,0.009519241750240326,0.7078618407249451,0.668097972869873
1994/1/11 0:00,0.745832622051239,1.5402,0.728067,0.831808,0.120019,0.009519241750240326,0.7078618407249451,0.668097972869873
1994/1/12 0:00,0.745832622051239,1.5365,0.731689,0.827267,0.120032,0.009519241750240326,0.7078618407249451,0.668097972869873
1994/1/13 0:00,0.745832622051239,1.5374,0.730087,0.829531,0.120048,0.009519241750240326,0.7078618407249451,0.668097972869873
1994/1/14 0:00,0.745832622051239,1.5318,0.728598,0.827472,0.120057,0.009519241750240326,0.7078618407249451,0.668097972869873
1994/1/15 0:00,0.745832622051239,1.5308,0.728438,0.832293,0.12006,0.009519241750240326,0.7078618407249451,0.668097972869873
1994/1/16 0:00,0.7377817630767822,1.534,0.728757,0.8285,0.120042,0.009534587152302265,0.706215,0.6590814590454102
1994/1/17 0:00,0.7377817630767822,1.5371,0.725216,0.834655,0.120048,0.009534587152302265,0.707214,0.6590814590454102
1994/1/18 0:00,0.7377817630767822,1.5385,0.725058,0.833681,0.120031,0.009534587152302265,0.707464,0.6590814590454102
1994/1/19 0:00,0.7377817630767822,1.5487,0.723589,0.841822,0.119996,0.009435425512492657,0.714031,0.6590814590454102
1994/1/20 0:00,0.7377817630767822,1.5445,0.723851,0.844238,0.119973,0.011216336861252785,0.713267,0.642066240310669
1994/1/21 0:00,0.7377817630767822,1.5425,0.725268,0.842673,0.119973,0.009586301632225513,0.712962,0.6543825268745422
1994/1/22 0:00,0.7377817630767822,1.5435,0.726903,0.846382,0.119973,0.010860049165785313,0.710985,0.642066240310669
1994/1/23 0:00,0.7377817630767822,1.541,0.726111,0.85266,0.119973,0.010860049165785313,0.709723,0.642066240310669
1994/1/24 0:00,0.7377817630767822,1.54,0.727167,0.848536,0.119949,0.010860049165785313,0.711086,0.642066240310669
1994/1/25 0:00,0.745832622051239,1.5398,0.727537,0.846024,0.11991,0.010186287574470043,0.7069473266601562,0.6689863801002502
1994/1/26 0:00,0.745832622051239,1.5335,0.727537,0.83661,0.119894,0.009670117869973183,0.7069473266601562,0.6633990406990051
1994/1/27 0:00,0.745832622051239,1.532,0.728438,0.834028,0.119888,0.009670117869973183,0.7069473266601562,0.6633990406990051
1994/1/28 0:00,0.745832622051239,1.5273,0.729395,0.829669,0.119888,0.009670117869973183,0.7069473266601562,0.6633990406990051
1994/1/29 0:00,0.745832622051239,1.5284,0.729076,0.831808,0.119893,0.009670117869973183,0.7069473266601562,0.6633990406990051
1994/1/30 0:00,0.7608662843704224,1.529,0.72881,0.833472,0.11989,0.009728757664561272,0.7069473266601562,0.675
1994/1/31 0:00,0.7608662843704224,1.529,0.729022,0.832709,0.119871,0.009728757664561272,0.7069473266601562,0.675
1994/2/1 0:00,0.7625,1.53,0.729501,0.832085,0.119862,0.009501,0.7078618407249451,0.6726
1994/2/2 0:00,0.7678,1.524,0.731636,0.82905,0.119848,0.009439,0.7078618407249451,0.6755
1994/2/3 0:00,0.768,1.5238,0.731529,0.832224,0.119814,0.009492,0.7078618407249451,0.6823688745498657
1994/2/4 0:00,0.77,1.5213,0.731048,0.835422,0.119762,0.009475,0.7074639797210693,0.6823688745498657
1994/2/5 0:00,0.7737,1.5225,0.730994,0.839278,0.119692,0.009498,0.7069777250289917,0.6904406547546387
1994/2/6 0:00,0.774,1.5231,0.731101,0.840336,0.119713,0.00948,0.7069777250289917,0.6904406547546387
1994/2/7 0:00,0.7734,1.525,0.733138,0.840901,0.119736,0.009446,0.7069777250289917,0.6904406547546387
1994/2/8 0:00,0.7734,1.53,0.73551,0.839419,0.119722,0.009432,0.7069777250289917,0.6904406547546387
1994/2/9 0:00,0.7742,1.5327,0.735781,0.839349,0.119717,0.009411,0.7069777250289917,0.6904406547546387
1994/2/10 0:00,0.775,1.5376,0.735348,0.839631,0.119732,0.009395,0.7069777250289917,0.6904406547546387
1994/2/11 0:00,0.778,1.536,0.734592,0.83661,0.119732,0.00937,0.7069777250289917,0.6904406547546387
1994/2/12 0:00,0.7769,1.5334,0.734107,0.83717,0.119717,0.009363,0.7069777250289917,0.6904406547546387
1994/2/13 0:00,0.7735,1.523,0.733837,0.838364,0.11969,0.009417,0.7069777250289917,0.6904406547546387
1994/2/14 0:00,0.7725,1.524,0.733353,0.838715,0.1197,0.009399,0.7069777250289917,0.6904406547546387
1994/2/15 0:00,0.7779,1.5181,0.733407,0.83382,0.119713,0.009377,0.7074639797210693,0.6904406547546387
1994/2/16 0:00,0.7821,1.5239,0.733407,0.839983,0.11971,0.009404,0.7069777250289917,0.6904406547546387
1994/2/17 0:00,0.7815,1.5262,0.733407,0.840548,0.119706,0.009346,0.7069777250289917,0.6904406547546387
1994/2/18 0:00,0.784,1.5244,0.738116,0.83696,0.119705,0.0093,0.7069777250289917,0.6893469095230103
1994/2/19 0:00,0.7822,1.5248,0.737518,0.838223,0.119705,0.009304,0.7069777250289917,0.6893469095230103
1994/2/20 0:00,0.781,1.526,0.73692,0.8371,0.119706,0.009351,0.7069777250289917,0.6893469095230103
1994/2/21 0:00,0.781,1.5295,0.736431,0.837731,0.119725,0.009338,0.7069777250289917,0.6893469095230103
1994/2/22 0:00,0.7838,1.5287,0.7342521548271179,0.835422,0.119745,0.009288,0.7069777250289917,0.6904406547546387
1994/2/23 0:00,0.783,1.531,0.7368390560150146,0.838926,0.119743,0.009309,0.7069777250289917,0.6893469095230103
1994/2/24 0:00,0.7861,1.5243,0.7342521548271179,0.829325,0.119739,0.009244,0.7069777250289917,0.6904406547546387
1994/2/25 0:00,0.7883,1.5115,0.7342521548271179,0.821153,0.119735,0.009211,0.7074639797210693,0.6869588494300842
1994/2/26 0:00,0.7897,1.5125,0.7342521548271179,0.825423,0.119726,0.009215,0.7074639797210693,0.6869588494300842
1994/2/27 0:00,0.79,1.5123,0.7342521548271179,0.815528,0.119729,0.009202,0.7060330510139465,0.6869588494300842
1994/2/28 0:00,0.7902,1.5085,0.7342521548271179,0.812612,0.11973,0.009228,0.7060330510139465,0.6869588494300842
1994/3/1 0:00,0.7875,1.5071,0.7342521548271179,0.812018,0.119736,0.009235,0.7060330510139465,0.6869588494300842
1994/3/2 0:00,0.7852,1.507,0.7342521548271179,0.815661,0.119743,0.009236,0.7060330510139465,0.6869588494300842
1994/3/3 0:00,0.7815,1.51,0.7326003313064575,0.817996,0.119748,0.009337,0.7060330510139465,0.6869588494300842
1994/3/4 0:00,0.7815,1.5168,0.7326003313064575,0.817996,0.119752,0.009337,0.7060330510139465,0.6869588494300842
1994/3/5 0:00,0.7865,1.5112,0.7342521548271179,0.814664,0.11976,0.009372,0.7060330510139465,0.6869588494300842
1994/3/6 0:00,0.7894,1.5161,0.7342521548271179,0.813339,0.119758,0.009382,0.7060330510139465,0.6869588494300842
1994/3/7 0:00,0.7845,1.5138,0.7342521548271179,0.811293,0.119759,0.009366,0.7060330510139465,0.6869588494300842
1994/3/8 0:00,0.7885,1.5127,0.7342521548271179,0.809127,0.119759,0.009392,0.7060330510139465,0.6869588494300842
1994/3/9 0:00,0.7883,1.5103,0.7342521548271179,0.809062,0.11976,0.009475,0.7060330510139465,0.6869588494300842
1994/3/10 0:00,0.787,1.5094,0.7342521548271179,0.810898,0.119752,0.009568,0.7060330510139465,0.6822599172592163
1994/3/11 0:00,0.7854,1.505,0.7344560623168945,0.8305544257164001,0.119759,0.009557,0.7074639797210693,0.6857417225837708
1994/3/12 0:00,0.7896,1.4948,0.7344560623168945,0.8305544257164001,0.119759,0.009517,0.7074639797210693,0.6904406547546387
1994/3/13 0:00,0.7951,1.503,0.7332270741462708,0.8213241696357727,0.119759,0.00957,0.7074639797210693,0.6833010911941528
1994/3/14 0:00,0.7955,1.5042,0.7332270741462708,0.8213241696357727,0.11976,0.009539,0.7074639797210693,0.6833010911941528
1994/3/15 0:00,0.7958,1.5072,0.7332270741462708,0.8213241696357727,0.11976,0.00953,0.7074639797210693,0.6880000233650208
1994/3/16 0:00,0.7984,1.5125,0.7332270741462708,0.8624268770217896,0.11976,0.009527,0.7097715735435486,0.6914818286895752
1994/3/17 0:00,0.8005,1.5215,0.7332270741462708,0.8693320751190186,0.11976,0.00951,0.7091394066810608,0.6914818286895752
1994/3/18 0:00,0.7983,1.522,0.7332270741462708,0.8624268770217896,0.119759,0.009542,0.7097715735435486,0.6867828965187073
1994/3/19 0:00,0.8026,1.5223,0.9001344442367554,0.8663085699081421,0.119758,0.009479,0.6722332835197449,0.6801742315292358
1994/3/20 0:00,0.8012,1.5145,0.7332270741462708,0.8693320751190186,0.119758,0.009527,0.7091394066810608,0.6914818286895752
1994/3/21 0:00,0.8017,1.5149,0.9001344442367554,0.8663085699081421,0.11976,0.009452,0.6722332835197449,0.6801742315292358
1994/3/22 0:00,0.8007,1.513,0.7332270741462708,0.8693320751190186,0.119759,0.009359,0.7091394066810608,0.6975350379943848
1994/3/23 0:00,0.8015,1.5133,0.9001344442367554,0.8663085699081421,0.11976,0.009375,0.6722332835197449,0.6791353821754456
1994/3/24 0:00,0.8,1.515,0.7332270741462708,0.8693320751190186,0.119771,0.009387,0.7091394066810608,0.6975350379943848
1994/3/25 0:00,0.7945,1.513,0.7332270741462708,0.8213241696357727,0.119783,0.009334,0.7074639797210693,0.6940532326698303
1994/3/26 0:00,0.7928,1.5115,0.7344560623168945,0.8305544257164001,0.119799,0.009346,0.7074639797210693,0.6904406547546387
1994/3/27 0:00,0.7943,1.5103,0.7332270741462708,0.8213241696357727,0.119801,0.009342,0.7074639797210693,0.6940532326698303
1994/3/28 0:00,0.7935,1.5134,0.727114,0.7874063849449158,0.119808,0.009365,0.686313271522522,0.6842381358146667
1994/3/29 0:00,0.7914,1.511,0.727484,0.8225359320640564,0.119808,0.009268,0.7049819827079773,0.6869588494300842
1994/3/30 0:00,0.7945,1.5127,0.72648,0.7260515689849854,0.12058650702238083,0.0092,0.6573940515518188,0.6424269676208496
1994/3/31 0:00,0.7983,1.5211,0.728969,0.7966378927230835,0.12058650702238083,0.009194,0.7031516432762146,0.6869611740112305
1994/4/1 0:00,0.7957,1.5345,0.730727,0.8437910079956055,0.12072232365608215,0.009289,0.709471,0.6975350379943848
1994/4/2 0:00,0.798,1.5495,0.729714,0.865558922290802,0.12036903202533722,0.00926,0.709471,0.6912538409233093
1994/4/3 0:00,0.801,1.5515,0.730353,0.865558922290802,0.12036903202533722,0.009228,0.71048,0.6912538409233093
1994/4/4 0:00,0.799,1.5485,0.730407,0.865558922290802,0.12061268091201782,0.009158,0.70927,0.6975350379943848
1994/4/5 0:00,0.793,1.5474,0.732064,0.8328886032104492,0.12096597254276276,0.009188,0.70922,0.6919500827789307
1994/4/6 0:00,0.7855,1.5405,0.732816,0.8328886032104492,0.12072232365608215,0.009152,0.709421,0.6904406547546387
1994/4/7 0:00,0.7914,1.541,0.731582,0.8328886032104492,0.12072232365608215,0.009155,0.709874,0.6904406547546387
1994/4/8 0:00,0.7935,1.5322,0.733138,0.8328886032104492,0.12072232365608215,0.009168,0.709723,0.6975350379943848
1994/4/9 0:00,0.7919,1.5355,0.732279,0.8328886032104492,0.12072232365608215,0.009132,0.709471,0.6904406547546387
1994/4/10 0:00,0.7905,1.5345,0.731636,0.8328886032104492,0.12072232365608215,0.009135,0.709723,0.6904406547546387
1994/4/11 0:00,0.792,1.532,0.73046,0.8328886032104492,0.12072232365608215,0.009187,0.709471,0.6904406547546387
1994/4/12 0:00,0.7921,1.5358,0.731797,0.8328886032104492,0.12072232365608215,0.009185,0.709471,0.6904406547546387
1994/4/13 0:00,0.792,1.545,0.73185,0.7534337043762207,0.12058650702238083,0.009187,0.6620470285415649,0.6429980993270874
1994/4/14 0:00,0.7892,1.5435,0.73046,0.7534337043762207,0.12058650702238083,0.009256,0.66511470079422,0.6429980993270874
1994/4/15 0:00,0.7876,1.5433,0.730887,0.7534337043762207,0.12058650702238083,0.009255,0.66511470079422,0.6429980993270874
1994/4/16 0:00,0.7885,1.5418,0.731208,0.7445602416992188,0.12058650702238083,0.009251,0.66511470079422,0.6429980993270874
1994/4/17 0:00,0.7905,1.5383,0.732332,0.7445602416992188,0.12058650702238083,0.009166,0.6620470285415649,0.6429980993270874
1994/4/18 0:00,0.7903,1.54,0.734322,0.7867115139961243,0.12058650702238083,0.009179,0.6891931295394897,0.6869588494300842
1994/4/19 0:00,0.7906,1.5405,0.735294,0.7867115139961243,0.12058650702238083,0.009172,0.6891931295394897,0.6869588494300842
1994/4/20 0:00,0.7911,1.5414,0.734592,0.7867115139961243,0.12058650702238083,0.009132,0.6891931295394897,0.6869588494300842
1994/4/21 0:00,0.789,1.5462,0.733783,0.7955849766731262,0.12058650702238083,0.009137,0.7054455280303955,0.6869588494300842
1994/4/22 0:00,0.7856,1.5529,0.732225,0.7534337043762207,0.12058650702238083,0.009134,0.6620470285415649,0.6429980993270874
1994/4/23 0:00,0.7872,1.5545,0.733407,0.7955849766731262,0.12058650702238083,0.009127,0.7054455280303955,0.6806776523590088
1994/4/24 0:00,0.7827,1.5583,0.733299,0.7768738269805908,0.12058650702238083,0.009083,0.6655120849609375,0.6350215077400208
1994/4/25 0:00,0.7813,1.5587,0.734754,0.7955849766731262,0.12058650702238083,0.009065,0.7054455280303955,0.6806776523590088
1994/4/26 0:00,0.796,1.5522,0.730834,0.7534337043762207,0.12058650702238083,0.009013,0.66511470079422,0.6429980993270874
1994/4/27 0:00,0.7934,1.553,0.729341,0.7534337043762207,0.12058650702238083,0.009014,0.66511470079422,0.6429980993270874
1994/4/28 0:00,0.7922,1.5495,0.730194,0.7534337043762207,0.12058650702238083,0.009068,0.66511470079422,0.6429980993270874
1994/4/29 0:00,0.7975,1.5504,0.73046,0.8151465654373169,0.12058650702238083,0.009076,0.7064309120178223,0.6877720355987549
1994/4/30 0:00,0.7982,1.5555,0.729714,0.8151465654373169,0.12058650702238083,0.009076,0.7064309120178223,0.6877720355987549
1994/5/1 0:00,0.7973,1.5525,0.730194,0.8094388246536255,0.12058650702238083,0.009034,0.7064309120178223,0.6875
1994/5/2 0:00,0.7948,1.55,0.730194,0.7477259635925293,0.12058650702238083,0.009054,0.6919814944267273,0.6854
1994/5/3 0:00,0.7912,1.5585,0.729022,0.7477259635925293,0.12058650702238083,0.009162,0.6864889860153198,0.6884
1994/5/4 0:00,0.7875,1.5432,0.728544,0.7477259635925293,0.12058650702238083,0.009206,0.6919814944267273,0.6885
1994/5/5 0:00,0.792,1.5479,0.731101,0.7477259635925293,0.12058650702238083,0.009265,0.6919814944267273,0.6889
1994/5/6 0:00,0.7906,1.5466,0.731315,0.7477259635925293,0.12058650702238083,0.00924,0.6919814944267273,0.693
1994/5/7 0:00,0.7917,1.5512,0.731208,0.7477259635925293,0.12058650702238083,0.009302,0.6919814944267273,0.6952
1994/5/8 0:00,0.7911,1.5515,0.729129,0.7477259635925293,0.12058650702238083,0.009252,0.6919814944267273,0.693
1994/5/9 0:00,0.7912,1.5525,0.728863,0.7477259635925293,0.12058650702238083,0.009234,0.6864889860153198,0.696
1994/5/10 0:00,0.788,1.5572,0.728544,0.7477259635925293,0.12058650702238083,0.009227,0.6864889860153198,0.697
1994/5/11 0:00,0.7873,1.5545,0.727484,0.7477259635925293,0.12058650702238083,0.009231,0.6864889860153198,0.697
1994/5/12 0:00,0.7871,1.557,0.728651,0.7477259635925293,0.12058650702238083,0.009158,0.6864889860153198,0.6949
1994/5/13 0:00,0.7825,1.5558,0.7344560623168945,0.7955849766731262,0.12058650702238083,0.009252,0.7054455280303955,0.6942
1994/5/14 0:00,0.7735,1.5556,0.73713618516922,0.7955849766731262,0.12058650702238083,0.009366,0.7054455280303955,0.6892
1994/5/15 0:00,0.7721,1.5572,0.73713618516922,0.7955849766731262,0.12058650702238083,0.009368,0.7054455280303955,0.6832
1994/5/16 0:00,0.773,1.5418,0.73713618516922,0.7867115139961243,0.12058650702238083,0.009341,0.6929627060890198,0.6833
1994/5/17 0:00,0.7729,1.5442,0.73713618516922,0.7955849766731262,0.12058650702238083,0.009377,0.7054455280303955,0.6836
1994/5/18 0:00,0.7758,1.5375,0.73713618516922,0.7867115139961243,0.12058650702238083,0.009353,0.6929627060890198,0.6875
1994/5/19 0:00,0.7772,1.5418,0.73713618516922,0.7867115139961243,0.12058650702238083,0.009264,0.6929627060890198,0.6872
1994/5/20 0:00,0.7782,1.5497,0.73713618516922,0.7955849766731262,0.12058650702238083,0.009247,0.7054455280303955,0.6873
1994/5/21 0:00,0.7785,1.549,0.73713618516922,0.7955849766731262,0.12058650702238083,0.009249,0.7054455280303955,0.6882
1994/5/22 0:00,0.7776,1.5505,0.7359066605567932,0.8443284034729004,0.12096597254276276,0.009283,0.706714,0.6857
1994/5/23 0:00,0.7792,1.5499,0.7359066605567932,0.8443284034729004,0.12096597254276276,0.009295,0.707464,0.6842
1994/5/24 0:00,0.779,1.5483,0.7359066605567932,0.8334259986877441,0.12096597254276276,0.009264,0.707965,0.6855
1994/5/25 0:00,0.7827,1.5504,0.7344560623168945,0.8334259986877441,0.12096597254276276,0.009258,0.707814,0.6871
1994/5/26 0:00,0.7837,1.5468,0.7344560623168945,0.8334259986877441,0.12072232365608215,0.009263,0.709471,0.689
1994/5/27 0:00,0.79,1.5444,0.7342521548271179,0.828775,0.12096597254276276,0.00927,0.709069,0.689
1994/5/28 0:00,0.7862,1.5473,0.7342521548271179,0.82802,0.12096597254276276,0.009234,0.708868,0.6899
1994/5/29 0:00,0.7862746715545654,1.5497,0.7342521548271179,0.833056,0.12096597254276276,0.00923,0.708215,0.692
1994/5/30 0:00,0.7862746715545654,1.5508,0.7342521548271179,0.828432,0.12096597254276276,0.00924,0.708215,0.6913
1994/5/31 0:00,0.7862746715545654,1.553,0.7342521548271179,0.833333,0.12096597254276276,0.009225,0.708968,0.694
1994/6/1 0:00,0.7862746715545654,1.5553,0.7368390560150146,0.837872,0.12072232365608215,0.009285,0.709723,0.6943
1994/6/2 0:00,0.7862746715545654,1.553,0.7368390560150146,0.837731,0.12072232365608215,0.009278,0.709975,0.692
1994/6/3 0:00,0.7862746715545654,1.5593,0.7420084476470947,0.838364,0.12072232365608215,0.009222,0.711238,0.692
1994/6/4 0:00,0.7945885062217712,1.5563,0.7330231666564941,0.834376,0.119956,0.009217,0.710328,0.6928
1994/6/5 0:00,0.7898933291435242,1.5242739915847778,0.7342521548271179,0.832709,0.119957,0.0092,0.71048,0.69
1994/6/6 0:00,0.7898933291435242,1.5803698301315308,0.7371681332588196,0.827815,0.119962,0.009151,0.709975,0.6918
1994/6/7 0:00,0.7898933291435242,1.5242739915847778,0.7342521548271179,0.829187,0.11996,0.009187,0.710227,0.6922
1994/6/8 0:00,0.7898933291435242,1.5803698301315308,0.7371681332588196,0.828363,0.119963,0.009167,0.710379,0.6939
1994/6/9 0:00,0.7898933291435242,1.7513803243637085,0.8302273750305176,0.82203,0.119966,0.009143,0.710732,0.6941
1994/6/10 0:00,0.7898933291435242,1.5803698301315308,0.7371681332588196,0.820681,0.119969,0.009158,0.710227,0.6953
1994/6/11 0:00,0.7898933291435242,1.7513803243637085,0.8302273750305176,0.810964,0.11997,0.009104,0.711238,0.6944
1994/6/12 0:00,0.778087317943573,1.902841329574585,0.8476757407188416,0.811293,0.1298561543226242,0.00907,0.70922,0.697
1994/6/13 0:00,0.778087317943573,1.8666901588439941,0.8476757407188416,0.806777,0.1293475329875946,0.009066,0.709471,0.6947
1994/6/14 0:00,0.778087317943573,1.8666901588439941,0.8494823575019836,0.805607,0.1293475329875946,0.009055,0.709471,0.6955
1994/6/15 0:00,0.778087317943573,1.8666901588439941,0.8476757407188416,0.806842,0.1293475329875946,0.009079,0.708466,0.6945
1994/6/16 0:00,0.778087317943573,2.0104761123657227,0.8494823575019836,0.803213,0.1303037703037262,0.009059,0.708366,0.6988
1994/6/17 0:00,0.778087317943573,1.7917648553848267,0.8494823575019836,0.804959,0.1293475329875946,0.009157,0.709975,0.7021
1994/6/18 0:00,0.778087317943573,2.0104761123657227,0.8494823575019836,0.803859,0.1303037703037262,0.009142,0.71048,0.6995
1994/6/19 0:00,0.778087317943573,1.8666901588439941,0.8476757407188416,0.806777,0.1293475329875946,0.009102,0.709975,0.6916
1994/6/20 0:00,0.7500300407409668,1.7807594537734985,0.8442603945732117,0.810307,0.12282518297433853,0.009102,0.6289753913879395,0.6981
1994/6/21 0:00,0.7500300407409668,1.7807594537734985,0.8442603945732117,0.807885,0.12282518297433853,0.009106,0.6289753913879395,0.6978
1994/6/22 0:00,0.7500300407409668,1.8759082555770874,0.8442603945732117,0.809127,0.12282518297433853,0.00906,0.6317294836044312,0.6986
1994/6/23 0:00,0.7500300407409668,1.8759082555770874,0.8458527326583862,0.797766,0.12282518297433853,0.009054,0.6252748966217041,0.6995
1994/6/24 0:00,0.7500300407409668,1.8759082555770874,0.8458527326583862,0.795862,0.12282518297433853,0.009021,0.6252748966217041,0.6996
1994/6/25 0:00,0.7500300407409668,1.8759082555770874,0.8458527326583862,0.796495,0.12282518297433853,0.008957,0.6284938454627991,0.699
1994/6/26 0:00,0.7500300407409668,1.8759082555770874,0.8458527326583862,0.79713,0.12282518297433853,0.008979,0.6252748966217041,0.6995
1994/6/27 0:00,0.7384374737739563,1.7494875192642212,0.8164536356925964,0.79713,0.12181307375431061,0.009063146077096462,0.613778293132782,0.6992
1994/6/28 0:00,0.707552433013916,1.667738914489746,0.7847641706466675,0.797575,0.12333619594573975,0.008972308598458767,0.633733868598938,0.6506604552268982
1994/6/29 0:00,0.707552433013916,1.667738914489746,0.7847641706466675,0.795798,0.12333619594573975,0.008972308598458767,0.633733868598938,0.6506604552268982
1994/6/30 0:00,0.707552433013916,1.667738914489746,0.7847641706466675,0.796052,0.12333619594573975,0.008972308598458767,0.633733868598938,0.6506604552268982
1994/7/1 0:00,0.707552433013916,1.667738914489746,0.7847641706466675,0.799488,0.12333619594573975,0.008972308598458767,0.633733868598938,0.6506604552268982
1994/7/2 0:00,0.707552433013916,1.667738914489746,0.7847641706466675,0.797639,0.12333619594573975,0.008972308598458767,0.633733868598938,0.6506604552268982
1994/7/3 0:00,0.707552433013916,1.667738914489746,0.7847641706466675,0.798722,0.12333619594573975,0.008972308598458767,0.633733868598938,0.6506604552268982
1994/7/4 0:00,0.707552433013916,1.667738914489746,0.7847641706466675,0.797003,0.12333619594573975,0.008972308598458767,0.633733868598938,0.6506604552268982
1994/7/5 0:00,0.707552433013916,1.667738914489746,0.7847641706466675,0.788644,0.12333619594573975,0.008972308598458767,0.6119019985198975,0.6506604552268982
1994/7/6 0:00,0.7124832272529602,1.6298483610153198,0.7293680310249329,0.790014,0.12122304737567902,0.008917,0.6515852808952332,0.6394670009613037
1994/7/7 0:00,0.747130811214447,1.7158652544021606,0.8339665532112122,0.787712,0.1284046769142151,0.008911,0.707264,0.6693517565727234
1994/7/8 0:00,0.747130811214447,1.7158652544021606,0.8339665532112122,0.786349,0.1284046769142151,0.008886,0.706914,0.6693517565727234
1994/7/9 0:00,0.747130811214447,1.7158652544021606,0.8339665532112122,0.791139,0.1284046769142151,0.008868,0.706814,0.6693517565727234
1994/7/10 0:00,0.747130811214447,1.7158652544021606,0.8339665532112122,0.790639,0.1284046769142151,0.008861,0.706364,0.6693517565727234
1994/7/11 0:00,0.747130811214447,1.7158652544021606,0.8339665532112122,0.797067,0.1284046769142151,0.008852,0.705866,0.6693517565727234
1994/7/12 0:00,0.747130811214447,1.7158652544021606,0.8339665532112122,0.795862,0.1284046769142151,0.008861,0.705816,0.6693517565727234
1994/7/13 0:00,0.747130811214447,1.7158652544021606,0.8339665532112122,0.793651,0.1284046769142151,0.008824,0.706215,0.6693517565727234
1994/7/14 0:00,0.747130811214447,1.760284662246704,0.843945324420929,0.794597,0.1284046769142151,0.008763,0.705567,0.6786801815032959
1994/7/15 0:00,0.747130811214447,1.760284662246704,0.843945324420929,0.79713,0.1284046769142151,0.008763,0.707464,0.6786801815032959
1994/7/16 0:00,0.747130811214447,1.7158652544021606,0.8339665532112122,0.798085,0.1284046769142151,0.008774,0.710076,0.6693517565727234
1994/7/17 0:00,0.747130811214447,1.7158652544021606,0.8339665532112122,0.792205,0.1284046769142151,0.008788,0.709824,0.6693517565727234
1994/7/18 0:00,0.747130811214447,1.7158652544021606,0.8339665532112122,0.787402,0.1284046769142151,0.008828,0.709975,0.6693517565727234
1994/7/19 0:00,0.747130811214447,1.7158652544021606,0.8339665532112122,0.786287,0.1284046769142151,0.008774,0.710631,0.6693517565727234
1994/7/20 0:00,0.747130811214447,1.7742120027542114,0.843945324420929,0.782595,0.1284046769142151,0.008755,0.709975,0.6786801815032959
1994/7/21 0:00,0.747130811214447,1.7158652544021606,0.8339665532112122,0.782228,0.1284046769142151,0.008773,0.710227,0.6693517565727234
1994/7/22 0:00,0.747130811214447,1.7158652544021606,0.8339665532112122,0.789266,0.1284046769142151,0.008965,0.713114,0.6693517565727234
1994/7/23 0:00,0.747130811214447,1.7158652544021606,0.8339665532112122,0.789889,0.1284046769142151,0.008958,0.714286,0.6693517565727234
1994/7/24 0:00,0.747130811214447,1.7158652544021606,0.8339665532112122,0.791452,0.1284046769142151,0.008969,0.713776,0.6693517565727234
1994/7/25 0:00,0.747130811214447,1.7158652544021606,0.8339665532112122,0.788395,0.1284046769142151,0.008976,0.713419,0.6693517565727234
1994/7/26 0:00,0.747130811214447,1.7158652544021606,0.8339665532112122,0.784621,0.1284046769142151,0.008986,0.714184,0.6693517565727234
1994/7/27 0:00,0.747130811214447,1.7158652544021606,0.8339665532112122,0.781739,0.1284046769142151,0.008985,0.714541,0.6693517565727234
1994/7/28 0:00,0.747130811214447,1.7158652544021606,0.8339665532112122,0.789079,0.1284046769142151,0.008984,0.714541,0.6693517565727234
1994/7/29 0:00,0.7932024598121643,1.8182026147842407,0.8609393239021301,0.9056978225708008,0.13553886115550995,0.008965,0.714286,0.7000657916069031
1994/7/30 0:00,0.7995,1.8182026147842407,0.8609393239021301,0.9383682012557983,0.1419278383255005,0.008989,0.713267,0.7000657916069031
1994/7/31 0:00,0.811,1.8182026147842407,0.9135932326316833,0.9383682012557983,0.1419278383255005,0.008975,0.713521,0.7132573127746582
1994/8/1 0:00,0.812,1.8182026147842407,0.9293133616447449,0.9383682012557983,0.14343950152397156,0.008976,0.713521,0.7132573127746582
1994/8/2 0:00,0.8116,1.8182026147842407,0.9293133616447449,0.9383682012557983,0.14343950152397156,0.008874,0.713419,0.7132573127746582
1994/8/3 0:00,0.7932024598121643,1.8182026147842407,0.8609393239021301,0.9056978225708008,0.13553886115550995,0.008876,0.713674,0.7000657916069031
1994/8/4 0:00,0.7932024598121643,1.8182026147842407,0.8609393239021301,0.9056978225708008,0.13553886115550995,0.008824,0.713521,0.7000657916069031
1994/8/5 0:00,0.7932024598121643,1.8182026147842407,0.8609393239021301,0.9056978225708008,0.13553886115550995,0.008781,0.712962,0.7000657916069031
1994/8/6 0:00,0.7932024598121643,1.8182026147842407,0.8609393239021301,0.9056978225708008,0.13553886115550995,0.008787,0.713776,0.7000657916069031
1994/8/7 0:00,0.7939190864562988,1.642,0.7630250453948975,0.7951279282569885,0.13553547859191895,0.008804,0.712504,0.6907373666763306
1994/8/8 0:00,0.7652395963668823,1.6387,0.739372,0.7951279282569885,0.12072232365608215,0.008839,0.712758,0.6725435256958008
1994/8/9 0:00,0.7713937163352966,1.6268,0.736106,0.7951279282569885,0.12072232365608215,0.008901,0.713878,0.6766149401664734
1994/8/10 0:00,0.7713937163352966,1.6415,0.735564,0.7951279282569885,0.12072232365608215,0.008862,0.714031,0.6766149401664734
1994/8/11 0:00,0.7713937163352966,1.6475,0.737735,0.7951279282569885,0.12072232365608215,0.008828,0.713521,0.6766149401664734
1994/8/12 0:00,0.7713937163352966,1.6505,0.736974,0.7951279282569885,0.12072232365608215,0.008828,0.714184,0.6766149401664734
1994/8/13 0:00,0.7713937163352966,1.658,0.733945,0.7951279282569885,0.12072232365608215,0.008857,0.714796,0.678542971611023
1994/8/14 0:00,0.7713937163352966,1.657,0.736974,0.7951279282569885,0.12072232365608215,0.008807,0.714541,0.6766149401664734
1994/8/15 0:00,0.7713937163352966,1.6603,0.733945,0.7951279282569885,0.12072232365608215,0.008787,0.714286,0.678542971611023
1994/8/16 0:00,0.7397040724754333,1.601064682006836,0.731957,0.7955886125564575,0.12055966258049011,0.008754,0.714133,0.6555996537208557
1994/8/17 0:00,0.7507511973381042,1.5960289239883423,0.731797,0.7955886125564575,0.120073,0.0088,0.714031,0.6646161675453186
1994/8/18 0:00,0.7507511973381042,1.5960289239883423,0.731475,0.7955886125564575,0.120078,0.008799,0.714745,0.6646161675453186
1994/8/19 0:00,0.7507511973381042,1.5960289239883423,0.730727,0.7955886125564575,0.120084,0.008772,0.714541,0.6646161675453186
1994/8/20 0:00,0.7507511973381042,1.5960289239883423,0.731261,0.7955886125564575,0.120091,0.008753,0.714388,0.6646161675453186
1994/8/21 0:00,0.7507511973381042,1.5960289239883423,0.731261,0.7955886125564575,0.120081,0.008763,0.713776,0.6646161675453186
1994/8/22 0:00,0.7507511973381042,1.5960289239883423,0.732225,0.8388198614120483,0.120077,0.008734,0.719166,0.6685614585876465
1994/8/23 0:00,0.7507511973381042,1.5960289239883423,0.733299,0.7955886125564575,0.120081,0.008702,0.714643,0.6646161675453186
1994/8/24 0:00,0.8037938475608826,1.767196536064148,0.9069818258285522,0.9383682012557983,0.120074,0.008611,0.714286,0.6986116766929626
1994/8/25 0:00,0.8037938475608826,1.767196536064148,0.9112939834594727,0.9383682012557983,0.120074,0.00863,0.714133,0.6986116766929626
1994/8/26 0:00,0.8037938475608826,1.767196536064148,0.9174597859382629,0.9383682012557983,0.120071,0.008638,0.714541,0.6986116766929626
1994/8/27 0:00,0.8037938475608826,1.767196536064148,0.9174597859382629,0.9383682012557983,0.120073,0.008659,0.714796,0.6986116766929626
1994/8/28 0:00,0.7507511973381042,1.5960289239883423,0.727696,0.7955886125564575,0.120073,0.008596,0.712758,0.6646161675453186
1994/8/29 0:00,0.7507511973381042,1.5750948190689087,0.730674,0.8062713146209717,0.120077,0.008636,0.711086,0.6646161675453186
1994/8/30 0:00,0.7507511973381042,1.5812050104141235,0.73692,0.8078411221504211,0.120083,0.00867,0.712251,0.6635224223136902
1994/8/31 0:00,0.7507511973381042,1.5812050104141235,0.738934,0.8078411221504211,0.120088,0.008631,0.711491,0.6635224223136902
1994/9/1 0:00,0.7507511973381042,1.5812050104141235,0.739536,0.8078411221504211,0.120094,0.008607,0.711389,0.6635224223136902
1994/9/2 0:00,0.7507511973381042,1.5304962396621704,0.74184,0.8094540238380432,0.120096,0.008613,0.711491,0.6635224223136902
1994/9/3 0:00,0.7507511973381042,1.5304962396621704,0.74129,0.8094540238380432,0.120097,0.00859,0.711997,0.6635224223136902
1994/9/4 0:00,0.7347097992897034,1.5467532873153687,0.740466,0.8023250699043274,0.1201,0.008554,0.7081230282783508,0.6545059084892273
1994/9/5 0:00,0.7347097992897034,1.5467532873153687,0.745101,0.8023250699043274,0.120103,0.00853,0.7081230282783508,0.6545059084892273
1994/9/6 0:00,0.7347097992897034,1.5467532873153687,0.746714,0.8023250699043274,0.120109,0.008581,0.6706108450889587,0.622218906879425
1994/9/7 0:00,0.7347097992897034,1.5467532873153687,0.746324,0.8023250699043274,0.120111,0.008539,0.6706108450889587,0.622218906879425
1994/9/8 0:00,0.7347097992897034,1.5467532873153687,0.747105,0.8023250699043274,0.120113,0.008489,0.6706108450889587,0.622218906879425
1994/9/9 0:00,0.7347097992897034,1.5522922277450562,0.748671,0.8023250699043274,0.120114,0.008409,0.6706108450889587,0.6231364011764526
1994/9/10 0:00,0.7347097992897034,1.5522922277450562,0.745323,0.8023250699043274,0.120114,0.008358,0.7081230282783508,0.6554234027862549
1994/9/11 0:00,0.7347097992897034,1.5522922277450562,0.74151,0.8023250699043274,0.120119,0.008399,0.7081230282783508,0.6554234027862549
1994/9/12 0:00,0.7347097992897034,1.5522922277450562,0.743882,0.8023250699043274,0.120123,0.008372,0.7081230282783508,0.6554234027862549
1994/9/13 0:00,0.7347097992897034,1.5522922277450562,0.745879,0.8023250699043274,0.120129,0.008252,0.6583848595619202,0.6202022433280945
1994/9/14 0:00,0.725421667098999,1.5522922277450562,0.743218,0.8023250699043274,0.120135,0.008198,0.6817325949668884,0.6446794867515564
1994/9/15 0:00,0.7347097992897034,1.5522922277450562,0.74173,0.8023250699043274,0.120137,0.008227,0.6958970427513123,0.6554234027862549
1994/9/16 0:00,0.7347097992897034,1.5522922277450562,0.74217,0.8023250699043274,0.120143,0.008247,0.6958970427513123,0.6554234027862549
1994/9/17 0:00,0.725421667098999,1.5522922277450562,0.74438,0.8023250699043274,0.120148,0.008218,0.6817325949668884,0.6446794867515564
1994/9/18 0:00,0.725421667098999,1.5522922277450562,0.744546,0.8023250699043274,0.120153,0.008174,0.6817325949668884,0.6446794867515564
1994/9/19 0:00,0.7215453386306763,1.5774961709976196,0.744602,0.7584273219108582,0.12113196402788162,0.008091,0.5982294678688049,0.6340683102607727
1994/9/20 0:00,0.7215453386306763,1.5774961709976196,0.74162,0.7584273219108582,0.12113196402788162,0.008076,0.5982294678688049,0.6504780054092407
1994/9/21 0:00,0.7215453386306763,1.5774961709976196,0.741125,0.7584273219108582,0.12113196402788162,0.00803,0.5982294678688049,0.6504780054092407
1994/9/22 0:00,0.7215453386306763,1.6282049417495728,0.739754,0.7584273219108582,0.12113196402788162,0.008147,0.5982294678688049,0.6504780054092407
1994/9/23 0:00,0.7215453386306763,1.6282049417495728,0.737572,0.7584273219108582,0.12113196402788162,0.008119,0.5982294678688049,0.6504780054092407
1994/9/24 0:00,0.7215453386306763,1.6282049417495728,0.737626,0.7584273219108582,0.12113196402788162,0.008063,0.5982294678688049,0.6504780054092407
1994/9/25 0:00,0.7215453386306763,1.6282049417495728,0.739044,0.7584273219108582,0.12113196402788162,0.008042,0.5982294678688049,0.6504780054092407
1994/9/26 0:00,0.7215453386306763,1.5774961709976196,0.740631,0.7584273219108582,0.12113196402788162,0.008061,0.5982294678688049,0.6504780054092407
1994/9/27 0:00,0.7215453386306763,1.6282049417495728,0.736648,0.7584273219108582,0.12113196402788162,0.00807,0.6000949740409851,0.6504780054092407
1994/9/28 0:00,0.7215453386306763,1.6282049417495728,0.735835,0.7584273219108582,0.12113196402788162,0.008045,0.6000949740409851,0.6504780054092407
1994/9/29 0:00,0.7215453386306763,1.6282049417495728,0.735456,0.7584273219108582,0.12113196402788162,0.008141,0.6000949740409851,0.6504780054092407
1994/9/30 0:00,0.7215453386306763,1.6282049417495728,0.733945,0.7584273219108582,0.12113196402788162,0.008112,0.6000949740409851,0.6504780054092407
1994/10/1 0:00,0.7215453386306763,1.6282049417495728,0.734053,0.7584273219108582,0.12113196402788162,0.008185,0.6000949740409851,0.6504780054092407
1994/10/2 0:00,0.7215453386306763,1.6282049417495728,0.734646,0.7584273219108582,0.12113196402788162,0.008201,0.6000949740409851,0.6504780054092407
1994/10/3 0:00,0.7215453386306763,1.622094750404358,0.732064,0.7401475310325623,0.12113196402788162,0.008203,0.6049231886863708,0.6014819741249084
1994/10/4 0:00,0.7215453386306763,1.6081302165985107,0.731475,0.7401475310325623,0.12113196402788162,0.008392111398279667,0.6110648512840271,0.6019167304039001
1994/10/5 0:00,0.7215453386306763,1.6081302165985107,0.731529,0.7401475310325623,0.12113196402788162,0.008392111398279667,0.6110648512840271,0.6019167304039001
1994/10/6 0:00,0.7215453386306763,1.6081302165985107,0.731261,0.7401475310325623,0.12113196402788162,0.008392111398279667,0.6110648512840271,0.6019167304039001
1994/10/7 0:00,0.7215453386306763,1.6081302165985107,0.729927,0.7401475310325623,0.12113196402788162,0.008392111398279667,0.6110648512840271,0.6019167304039001
1994/10/8 0:00,0.7215453386306763,1.6081302165985107,0.730834,0.7401475310325623,0.12113196402788162,0.008392111398279667,0.6110648512840271,0.6019167304039001
1994/10/9 0:00,0.7215453386306763,1.6081302165985107,0.732654,0.7664911150932312,0.12113196402788162,0.008392111398279667,0.6420466303825378,0.647463858127594
1994/10/10 0:00,0.7215453386306763,1.6081302165985107,0.730994,0.7401475310325623,0.12113196402788162,0.008392111398279667,0.6110648512840271,0.6019167304039001
1994/10/11 0:00,0.7215453386306763,1.6081302165985107,0.729395,0.7401475310325623,0.12113196402788162,0.008392111398279667,0.6110648512840271,0.6019167304039001
1994/10/12 0:00,0.7215453386306763,1.6081302165985107,0.731689,0.7401475310325623,0.12113196402788162,0.008392111398279667,0.6079971790313721,0.6014819741249084
1994/10/13 0:00,0.7215453386306763,1.622094750404358,0.733138,0.7608836889266968,0.12113196402788162,0.008151,0.6000949740409851,0.6504780054092407
1994/10/14 0:00,0.7215453386306763,1.622094750404358,0.733514,0.7584273219108582,0.12113196402788162,0.008114,0.6000949740409851,0.6504780054092407
1994/10/15 0:00,0.7362741231918335,1.6022,0.733353,0.7608836889266968,0.12042384594678879,0.0081,0.619745671749115,0.6364068984985352
1994/10/16 0:00,0.7362741231918335,1.59,0.730247,0.7401475310325623,0.12042384594678879,0.008087,0.6276415586471558,0.5963535904884338
1994/10/17 0:00,0.7362741231918335,1.589,0.727484,0.7401475310325623,0.12042384594678879,0.008167,0.6276415586471558,0.6005949974060059
1994/10/18 0:00,0.7362741231918335,1.5968,0.725163,0.707737147808075,0.12042384594678879,0.008143,0.6268887519836426,0.6005949974060059
1994/10/19 0:00,0.7362741231918335,1.5948,0.7249,0.707737147808075,0.12042384594678879,0.008091,0.6268887519836426,0.6005949974060059
1994/10/20 0:00,0.7362741231918335,1.6015,0.724533,0.707737147808075,0.12042384594678879,0.008142,0.6268887519836426,0.6005949974060059
1994/10/21 0:00,0.7362741231918335,1.6171,0.725689,0.707737147808075,0.12042384594678879,0.008135,0.6268887519836426,0.6005949974060059
1994/10/22 0:00,0.7362741231918335,1.6172,0.725742,0.707737147808075,0.12042384594678879,0.008071,0.6268887519836426,0.6005949974060059
1994/10/23 0:00,0.7175238728523254,1.6276,0.727484,0.682547,0.12122304737567902,0.00805,0.612078845500946,0.5985755920410156
1994/10/24 0:00,0.7175238728523254,1.6312,0.726216,0.690131,0.12122304737567902,0.008087,0.612078845500946,0.5985755920410156
1994/10/25 0:00,0.7175238728523254,1.6315,0.724113,0.689417,0.12122304737567902,0.008071,0.612078845500946,0.5985755920410156
1994/10/26 0:00,0.7175238728523254,1.6448,0.722804,0.695265,0.12122304737567902,0.008083,0.612078845500946,0.6001124382019043
1994/10/27 0:00,0.7175238728523254,1.6485,0.721241,0.693145,0.12122304737567902,0.00815,0.612078845500946,0.6006547212600708
1994/10/28 0:00,0.7175238728523254,1.6425,0.720617,0.692281,0.12122304737567902,0.008149,0.612078845500946,0.6001124382019043
1994/10/29 0:00,0.7175238728523254,1.646,0.720098,0.697593,0.12122304737567902,0.008143,0.612078845500946,0.6001124382019043
1994/10/30 0:00,0.7092735767364502,1.6389,0.718236,0.693385,0.12122304737567902,0.008047,0.612078845500946,0.587755560874939
1994/10/31 0:00,0.7220792174339294,1.6277,0.719735,0.682687,0.120097,0.007957,0.6268887519836426,0.6115818023681641
1994/11/1 0:00,0.7220792174339294,1.6233,0.720461,0.680643,0.120097,0.007931,0.6268887519836426,0.6115818023681641
1994/11/2 0:00,0.7677596211433411,1.622,0.720357,0.677048,0.120098,0.007883,0.6570038199424744,0.6935
1994/11/3 0:00,0.7677596211433411,1.623,0.718597,0.680087,0.120098,0.00794,0.6570038199424744,0.6916
1994/11/4 0:00,0.7677596211433411,1.6245,0.715512,0.682128,0.120093,0.007934,0.6570038199424744,0.6938
1994/11/5 0:00,0.7677596211433411,1.6225,0.715052,0.680782,0.120098,0.007906,0.6570038199424744,0.692
1994/11/6 0:00,0.7677596211433411,1.6255,0.715973,0.680596,0.120104,0.007915,0.6570038199424744,0.6873
1994/11/7 0:00,0.7521034479141235,1.6225,0.71541,0.679579,0.120111,0.007952,0.6570038199424744,0.687
1994/11/8 0:00,0.7735,1.631,0.715564,0.680735,0.120119,0.008797349408268929,0.6960195899009705,0.6893
1994/11/9 0:00,0.774,1.5863324403762817,0.714592,0.685448,0.120119,0.008857611566781998,0.693963,0.6915
1994/11/10 0:00,0.776,1.5863324403762817,0.71541,0.689845,0.120123,0.008857611566781998,0.694541,0.6938
1994/11/11 0:00,0.778,1.5863324403762817,0.716486,0.685119,0.120122,0.008857611566781998,0.692521,0.6938
1994/11/12 0:00,0.7765,1.5863324403762817,0.717257,0.683807,0.120126,0.008857611566781998,0.692281,0.6928
1994/11/13 0:00,0.7755,1.5863324403762817,0.717978,0.684229,0.120123,0.008857611566781998,0.692473,0.692
1994/11/14 0:00,0.7768,1.5863324403762817,0.716025,0.680735,0.12013,0.008857611566781998,0.693097,0.6935
1994/11/15 0:00,0.7797,1.5863324403762817,0.714541,0.680735,0.120122,0.008857611566781998,0.692041,0.6949
1994/11/16 0:00,0.7804,1.5863324403762817,0.715359,0.681756,0.120122,0.008857611566781998,0.692281,0.694
1994/11/17 0:00,0.7795,1.4839521646499634,0.715768,0.678196,0.12098493427038193,0.009156739339232445,0.690608,0.693
1994/11/18 0:00,0.7845,1.5716017484664917,0.7333692312240601,0.680967,0.12096597254276276,0.008956052362918854,0.691419,0.689
1994/11/19 0:00,0.784,1.5716017484664917,0.7333692312240601,0.680272,0.12083015590906143,0.008956052362918854,0.690846,0.6905
1994/11/20 0:00,0.78,1.5716017484664917,0.725837230682373,0.67838,0.12096597254276276,0.008956052362918854,0.691563,0.6885
1994/11/21 0:00,0.7772,1.5716017484664917,0.725837230682373,0.684229,0.12096597254276276,0.008956052362918854,0.691563,0.687
1994/11/22 0:00,0.7764,1.5716017484664917,0.7289299964904785,0.683948,0.12096597254276276,0.008956052362918854,0.691324,0.6847
1994/11/23 0:00,0.78,1.5716017484664917,0.7355273365974426,0.692521,0.12096597254276276,0.008956052362918854,0.692761,0.6858
1994/11/24 0:00,0.7784,1.5716017484664917,0.7324345707893372,0.702741,0.12096597254276276,0.008956052362918854,0.693963,0.6877
1994/11/25 0:00,0.7787,1.5716017484664917,0.7324345707893372,0.695169,0.12096597254276276,0.008956052362918854,0.696864,0.695
1994/11/26 0:00,0.7767,1.5716017484664917,0.7324345707893372,0.695604,0.12096597254276276,0.008956052362918854,0.696136,0.6945
1994/11/27 0:00,0.778,1.5716017484664917,0.7324345707893372,0.694686,0.12096597254276276,0.008956052362918854,0.696621,0.6956
1994/11/28 0:00,0.7765,1.617092490196228,0.7324345707893372,0.696621,0.12096597254276276,0.008895790204405785,0.696961,0.6962
1994/11/29 0:00,0.7748,1.5716017484664917,0.7324345707893372,0.703977,0.12096597254276276,0.008956052362918854,0.69808,0.693
1994/11/30 0:00,0.7743,1.5716017484664917,0.7324345707893372,0.699888,0.12096597254276276,0.008956052362918854,0.697107,0.6917
1994/12/1 0:00,0.7742,1.5716017484664917,0.7324345707893372,0.71048,0.12096597254276276,0.008956052362918854,0.699056,0.692
1994/12/2 0:00,0.784,1.5716017484664917,0.7399665713310242,0.711238,0.12096597254276276,0.008956052362918854,0.698812,0.6953
1994/12/3 0:00,0.7795,1.5716017484664917,0.7324345707893372,0.706964,0.12096597254276276,0.008956052362918854,0.698568,0.6935
1994/12/4 0:00,0.765,1.5716017484664917,0.7324345707893372,0.711845,0.12096597254276276,0.008956052362918854,0.698812,0.6902
1994/12/5 0:00,0.764,1.5716017484664917,0.7324345707893372,0.705965,0.12096597254276276,0.008956052362918854,0.698812,0.6908
1994/12/6 0:00,0.7635,1.5716017484664917,0.7324345707893372,0.706115,0.12096597254276276,0.008956052362918854,0.699301,0.6896
1994/12/7 0:00,0.7641531229019165,1.7077804803848267,0.8523844480514526,0.708215,0.20298068225383759,0.008605,0.69891,0.6902
1994/12/8 0:00,0.7641531229019165,1.7077804803848267,0.8523844480514526,0.706964,0.20298068225383759,0.008591,0.69891,0.6895
1994/12/9 0:00,0.7641531229019165,1.7077804803848267,0.8523844480514526,0.700035,0.20298068225383759,0.008566,0.698324,0.6879
1994/12/10 0:00,0.7641531229019165,1.7077804803848267,0.8523844480514526,0.695265,0.20298068225383759,0.00861,0.698324,0.6885
1994/12/11 0:00,0.7641531229019165,1.7077804803848267,0.8523844480514526,0.69056,0.20298068225383759,0.008598,0.699056,0.6887
1994/12/12 0:00,0.7641531229019165,1.7077804803848267,0.8523844480514526,0.690512,0.20298068225383759,0.008645,0.69979,0.6865
1994/12/13 0:00,0.7641531229019165,1.7077804803848267,0.8523844480514526,0.687758,0.20298068225383759,0.008666,0.700035,0.6885
1994/12/14 0:00,0.7708148956298828,1.6400941610336304,0.7452573776245117,0.695555,0.12096597254276276,0.008879,0.70497,0.6902
1994/12/15 0:00,0.7721405625343323,1.6400941610336304,0.7452573776245117,0.692281,0.12096597254276276,0.008881,0.704225,0.6915
1994/12/16 0:00,0.7708148956298828,1.6400941610336304,0.7452573776245117,0.695652,0.12096597254276276,0.008975,0.704722,0.6905
1994/12/17 0:00,0.7641531229019165,1.6400941610336304,0.7452573776245117,0.693818,0.12096597254276276,0.008773,0.702494,0.6907
1994/12/18 0:00,0.7708148956298828,1.6400941610336304,0.7452573776245117,0.694203,0.12096597254276276,0.008811,0.699741,0.6895
1994/12/19 0:00,0.7708148956298828,1.6400941610336304,0.7452573776245117,0.693674,0.12096597254276276,0.008811,0.701262,0.69
1994/12/20 0:00,0.7708148956298828,1.6400941610336304,0.7452573776245117,0.691324,0.12096597254276276,0.008822,0.700771,0.6894
1994/12/21 0:00,0.7708148956298828,1.6400941610336304,0.7452573776245117,0.690703,0.12096597254276276,0.008811,0.701262,0.6895
1994/12/22 0:00,0.7641531229019165,1.6845135688781738,0.8523844480514526,0.696233,0.20298068225383759,0.008765,0.701262,0.6867
1994/12/23 0:00,0.7641531229019165,1.7077804803848267,0.8523844480514526,0.694493,0.20298068225383759,0.008724,0.700771,0.685
1994/12/24 0:00,0.7527456879615784,1.7077804803848267,0.8523844480514526,0.697934,0.20298068225383759,0.008673,0.698568,0.6827
1994/12/25 0:00,0.7527456879615784,1.7077804803848267,0.8523844480514526,0.694782,0.20298068225383759,0.008711,0.699301,0.684
1994/12/26 0:00,0.7641531229019165,1.6400941610336304,0.7468035817146301,0.695265,0.14400556683540344,0.008776,0.701115,0.6848
1994/12/27 0:00,0.7708148956298828,1.6400941610336304,0.7452573776245117,0.695314,0.12096597254276276,0.008832,0.700771,0.6872
1994/12/28 0:00,0.7586924433708191,1.7077804803848267,0.8523844480514526,0.7418245673179626,0.20451720058918,0.008721,0.699301,0.6789
1994/12/29 0:00,0.7354414463043213,1.568725347518921,0.724113,0.7148301005363464,0.12055966258049011,0.008725,0.699203,0.679
1994/12/30 0:00,0.7354414463043213,1.5750147104263306,0.72448,0.7148301005363464,0.12055966258049011,0.008701,0.699937,0.678
1994/12/31 0:00,0.7354414463043213,1.5750147104263306,0.726216,0.7244101762771606,0.12055966258049011,0.008732,0.699203,0.678
1995/1/1 0:00,0.7421032190322876,1.5750147104263306,0.728014,0.7244101762771606,0.12055966258049011,0.008814,0.698324,0.6775
1995/1/2 0:00,0.7421032190322876,1.570205807685852,0.726639,0.7244101762771606,0.12055966258049011,0.008881,0.696476,0.6745
1995/1/3 0:00,0.7421032190322876,1.570205807685852,0.727537,0.7244101762771606,0.12055966258049011,0.008868,0.695169,0.6757
1995/1/4 0:00,0.7437081336975098,1.5215883255004883,0.728332,0.684838,0.12055966258049011,0.008852,0.695797,0.673
1995/1/5 0:00,0.7437081336975098,1.5215883255004883,0.728014,0.68975,0.12055966258049011,0.008843,0.698959,0.6724
1995/1/6 0:00,0.7370463609695435,1.5215883255004883,0.729661,0.684885,0.12055966258049011,0.008781,0.694686,0.6697
1995/1/7 0:00,0.7390941977500916,1.5505822896957397,0.73046,0.679348,0.12055966258049011,0.00879,0.693481,0.6655
1995/1/8 0:00,0.7370463609695435,1.5505822896957397,0.729501,0.675539,0.12055966258049011,0.00863,0.692857,0.663
1995/1/9 0:00,0.7370463609695435,1.5505822896957397,0.728014,0.674218,0.12042384594678879,0.0086,0.690131,0.6592
1995/1/10 0:00,0.7370463609695435,1.5505822896957397,0.725637,0.674992,0.12042384594678879,0.008611,0.685401,0.6557
1995/1/11 0:00,0.7370463609695435,1.5505822896957397,0.727484,0.678887,0.12042384594678879,0.008661,0.680643,0.6523
1995/1/12 0:00,0.7370463609695435,1.5505822896957397,0.727484,0.677736,0.12042384594678879,0.00863,0.683293,0.6534
1995/1/13 0:00,0.7370463609695435,1.5831929445266724,0.723694,0.671141,0.12042384594678879,0.009067793376743793,0.684932,0.6478
1995/1/14 0:00,0.7370463609695435,1.5831929445266724,0.724008,0.673854,0.12042384594678879,0.009067793376743793,0.68157,0.6497
1995/1/15 0:00,0.7370463609695435,1.5831929445266724,0.722961,0.666889,0.12042384594678879,0.009067793376743793,0.677277,0.653
1995/1/16 0:00,0.7154015302658081,1.5357894897460938,0.722126,0.660066,0.12122304737567902,0.008364883251488209,0.677736,0.6501250863075256
1995/1/17 0:00,0.7154015302658081,1.5357894897460938,0.721241,0.657895,0.12122304737567902,0.008364883251488209,0.681663,0.6538966298103333
1995/1/18 0:00,0.7154015302658081,1.5357894897460938,0.721761,0.659196,0.12122304737567902,0.008364883251488209,0.683293,0.6538966298103333
1995/1/19 0:00,0.7154015302658081,1.5172244310379028,0.723956,0.660066,0.12122304737567902,0.008364883251488209,0.681896,0.6490840911865234
1995/1/20 0:00,0.7154015302658081,1.5172244310379028,0.723589,0.660284,0.12122304737567902,0.008364883251488209,0.67981,0.6495779752731323
1995/1/21 0:00,0.7154015302658081,1.5357894897460938,0.719891,0.655308,0.12122304737567902,0.008364883251488209,0.677966,0.6501250863075256
1995/1/22 0:00,0.7154015302658081,1.5172244310379028,0.724743,0.655523,0.12122304737567902,0.008364883251488209,0.681663,0.6490840911865234
1995/1/23 0:00,0.7154015302658081,1.5172244310379028,0.723851,0.651042,0.12122304737567902,0.008364883251488209,0.678887,0.6495779752731323
1995/1/24 0:00,0.7154015302658081,1.5357894897460938,0.720929,0.652869,0.12122304737567902,0.008364883251488209,0.67981,0.6543905138969421
1995/1/25 0:00,0.7154015302658081,1.5357894897460938,0.720721,0.653808,0.12122304737567902,0.008364883251488209,0.678656,0.6543905138969421
1995/1/26 0:00,0.7038651704788208,1.5357894897460938,0.717978,0.66357,0.12122304737567902,0.008364883251488209,0.675219,0.644760251045227
1995/1/27 0:00,0.7038651704788208,1.5357894897460938,0.71772,0.656599,0.12122304737567902,0.008364883251488209,0.673718,0.644760251045227
1995/1/28 0:00,0.7038651704788208,1.552046537399292,0.717772,0.654236,0.12122304737567902,0.008364883251488209,0.662471,0.6463780403137207
1995/1/29 0:00,0.7038651704788208,1.5357894897460938,0.718081,0.662208,0.12122304737567902,0.008364883251488209,0.664011,0.644760251045227
1995/1/30 0:00,0.712115466594696,1.552046537399292,0.719062,0.658111,0.12122304737567902,0.008364883251488209,0.658111,0.6527560353279114
1995/1/31 0:00,0.712115466594696,1.552046537399292,0.719269,0.664231,0.12122304737567902,0.008364883251488209,0.659196,0.6527560353279114
1995/2/1 0:00,0.7154015302658081,1.552046537399292,0.720098,0.661376,0.12122304737567902,0.008364883251488209,0.658979,0.6545202732086182
1995/2/2 0:00,0.7038651704788208,1.552046537399292,0.716794,0.659413,0.12122304737567902,0.008364883251488209,0.661594,0.6463780403137207
1995/2/3 0:00,0.7038651704788208,1.5357894897460938,0.717412,0.654879,0.12122304737567902,0.008364883251488209,0.66357,0.644760251045227
1995/2/4 0:00,0.7038651704788208,1.5357894897460938,0.716589,0.659413,0.12122304737567902,0.008364883251488209,0.667557,0.644760251045227
1995/2/5 0:00,0.7038651704788208,1.5357894897460938,0.716949,0.667646,0.12122304737567902,0.008364883251488209,0.669031,0.644760251045227
1995/2/6 0:00,0.712115466594696,1.5357894897460938,0.718546,0.666844,0.12122304737567902,0.008364883251488209,0.669344,0.6511382460594177
1995/2/7 0:00,0.7038651704788208,1.5357894897460938,0.716794,0.672269,0.12122304737567902,0.008364883251488209,0.669344,0.644760251045227
1995/2/8 0:00,0.712115466594696,1.552046537399292,0.718546,0.668226,0.12122304737567902,0.008364883251488209,0.659196,0.6527560353279114
1995/2/9 0:00,0.7154015302658081,1.552046537399292,0.720565,0.674172,0.12122304737567902,0.008364883251488209,0.655093,0.6041787266731262
1995/2/10 0:00,0.7345,1.552046537399292,0.719942,0.671637,0.12042384594678879,0.008950749412178993,0.660066,0.6421750783920288
1995/2/11 0:00,0.7265,1.552046537399292,0.722282,0.664011,0.12047570943832397,0.008950749412178993,0.659631,0.6421750783920288
1995/2/12 0:00,0.7258,1.600990891456604,0.7227,0.6981508135795593,0.12047570943832397,0.008700774982571602,0.658979,0.6354255080223083
1995/2/13 0:00,0.7321,1.600990891456604,0.721605,0.6981508135795593,0.12042384594678879,0.008700774982571602,0.658328,0.6354255080223083
1995/2/14 0:00,0.7308,1.600990891456604,0.72338,0.6981508135795593,0.12042384594678879,0.008700774982571602,0.660066,0.6354255080223083
1995/2/15 0:00,0.73,1.5847338438034058,0.722282,0.6981508135795593,0.12042384594678879,0.008761037141084671,0.665336,0.6354255080223083
1995/2/16 0:00,0.727,1.5357894897460938,0.721917,0.676865,0.12042384594678879,0.008950749412178993,0.66357,0.6421750783920288
1995/2/17 0:00,0.72,1.5777509212493896,0.718391,0.67981,0.12113196402788162,0.0082161333411932,0.612078845500946,0.6012307405471802
1995/2/18 0:00,0.7215,1.5777509212493896,0.717618,0.682035,0.12113196402788162,0.0082161333411932,0.612078845500946,0.6019167304039001
1995/2/19 0:00,0.7199,1.5777509212493896,0.718288,0.689941,0.12113196402788162,0.0082161333411932,0.612078845500946,0.6012307405471802
1995/2/20 0:00,0.7165,1.5777509212493896,0.718701,0.690608,0.12122304737567902,0.0082161333411932,0.612078845500946,0.5985755920410156
1995/2/21 0:00,0.7163,1.5777509212493896,0.720046,0.68526,0.12122304737567902,0.0082161333411932,0.612078845500946,0.5985755920410156
1995/2/22 0:00,0.7165,1.5777509212493896,0.718856,0.681896,0.12122304737567902,0.0082161333411932,0.612078845500946,0.5985755920410156
1995/2/23 0:00,0.7203,1.5565077066421509,0.719321,0.685495,0.120244,0.008950749412178993,0.6398438811302185,0.6010820865631104
1995/2/24 0:00,0.7195,1.5565077066421509,0.719942,0.679071,0.120252,0.008950749412178993,0.6398438811302185,0.6010820865631104
1995/2/25 0:00,0.7195,1.5565077066421509,0.719269,0.678196,0.120259,0.008950749412178993,0.6398438811302185,0.6010820865631104
1995/2/26 0:00,0.7206,1.5565077066421509,0.720721,0.684885,0.120263,0.008950749412178993,0.6398438811302185,0.6017680764198303
1995/2/27 0:00,0.7255,1.5565077066421509,0.722439,0.685965,0.120265,0.008950749412178993,0.6472314596176147,0.6237860918045044
1995/2/28 0:00,0.7227,1.5565077066421509,0.722596,0.688231,0.120265,0.008950749412178993,0.639531135559082,0.6017680764198303
1995/3/1 0:00,0.719,1.5565077066421509,0.722126,0.68918,0.120262,0.008950749412178993,0.6398438811302185,0.5900952816009521
1995/3/2 0:00,0.725,1.5565077066421509,0.72338,0.68738,0.120266,0.008950749412178993,0.6472314596176147,0.6237860918045044
1995/3/3 0:00,0.728,1.5591858625411987,0.725111,0.68451,0.12042384594678879,0.008950749412178993,0.6413789987564087,0.6017680764198303
1995/3/4 0:00,0.7283,1.5591858625411987,0.727431,0.686813,0.12042384594678879,0.008950749412178993,0.6413789987564087,0.6017680764198303
1995/3/5 0:00,0.7275,1.5591858625411987,0.729235,0.690084,0.12042384594678879,0.008950749412178993,0.6413789987564087,0.5865398645401001
1995/3/6 0:00,0.7235,1.533481478691101,0.728969,0.688658,0.12113196402788162,0.008364883251488209,0.64612,0.6075198650360107
1995/3/7 0:00,0.725,1.533481478691101,0.728332,0.692041,0.12113196402788162,0.008364883251488209,0.641026,0.6019167304039001
1995/3/8 0:00,0.7285,1.533481478691101,0.728491,0.691802,0.12042384594678879,0.008950749412178993,0.64288,0.5955960750579834
1995/3/9 0:00,0.7356,1.5704560279846191,0.727431,0.686766,0.12042384594678879,0.009067793376743793,0.652742,0.6443
1995/3/10 0:00,0.736,1.5704560279846191,0.7249,0.686248,0.12042384594678879,0.009067793376743793,0.650195,0.646
1995/3/11 0:00,0.7364,1.5994499921798706,0.723275,0.684229,0.12042384594678879,0.009007531218230724,0.647878,0.6459
1995/3/12 0:00,0.7325,1.5704560279846191,0.721241,0.685871,0.12042384594678879,0.009067793376743793,0.6449141502380371,0.6445
1995/3/13 0:00,0.7386,1.5704560279846191,0.720981,0.686907,0.12042384594678879,0.009067793376743793,0.6662163734436035,0.645
1995/3/14 0:00,0.7325,1.5777509212493896,0.721501,0.677736,0.12042384594678879,0.008664550259709358,0.6436165571212769,0.6335998177528381
1995/3/15 0:00,0.7295,1.5777509212493896,0.722022,0.678794,0.12042384594678879,0.008664550259709358,0.6436165571212769,0.6335998177528381
1995/3/16 0:00,0.723,1.5777509212493896,0.719942,0.671817,0.12113196402788162,0.0082161333411932,0.612078845500946,0.6019167304039001
1995/3/17 0:00,0.706,1.5777509212493896,0.718649,0.675995,0.12122304737567902,0.0082161333411932,0.612078845500946,0.5904333591461182
1995/3/18 0:00,0.7015,1.6266952753067017,0.719683,0.7191299796104431,0.12122304737567902,0.008392111398279667,0.6110648512840271,0.588564932346344
1995/3/19 0:00,0.7,1.6347,0.718391,0.7191299796104431,0.12122304737567902,0.008392111398279667,0.6110648512840271,0.5667574405670166
1995/3/20 0:00,0.691,1.6548,0.715256,0.7265806794166565,0.12122304737567902,0.008392111398279667,0.6046285033226013,0.5589815378189087
1995/3/21 0:00,0.7025,1.6756,0.709723,0.7265806794166565,0.12122304737567902,0.008392111398279667,0.6110648512840271,0.5848070383071899
1995/3/22 0:00,0.704,1.6721,0.713521,0.7265806794166565,0.12122304737567902,0.008392111398279667,0.6110648512840271,0.5848070383071899
1995/3/23 0:00,0.7008,1.6655,0.71048,0.7265806794166565,0.12122304737567902,0.008392111398279667,0.6110648512840271,0.5622962713241577
1995/3/24 0:00,0.703,1.6266952753067017,0.70927,0.7191299796104431,0.12122304737567902,0.008392111398279667,0.6110648512840271,0.588564932346344
1995/3/25 0:00,0.712,1.6266952753067017,0.710985,0.707737147808075,0.12122304737567902,0.008392111398279667,0.6110648512840271,0.5968113541603088
1995/3/26 0:00,0.7045,1.6266952753067017,0.712301,0.7191299796104431,0.12122304737567902,0.008392111398279667,0.6110648512840271,0.588564932346344
1995/3/27 0:00,0.703,1.6266952753067017,0.714031,0.7191299796104431,0.12122304737567902,0.008392111398279667,0.6110648512840271,0.588564932346344
1995/3/28 0:00,0.6978,1.6266952753067017,0.713012,0.7191299796104431,0.12122304737567902,0.008392111398279667,0.6110648512840271,0.5667574405670166
1995/3/29 0:00,0.694,1.6266952753067017,0.709471,0.7191299796104431,0.12122304737567902,0.008392111398279667,0.6046285033226013,0.5700721740722656
1995/3/30 0:00,0.697,1.6266952753067017,0.710682,0.7191299796104431,0.12122304737567902,0.008392111398279667,0.6110648512840271,0.5700721740722656
1995/3/31 0:00,0.6935,1.6266952753067017,0.709723,0.7191299796104431,0.12122304737567902,0.008392111398279667,0.6046285033226013,0.5700721740722656
1995/4/1 0:00,0.6962,1.6266952753067017,0.710126,0.7191299796104431,0.12122304737567902,0.008392111398279667,0.6046285033226013,0.5700721740722656
1995/4/2 0:00,0.696,1.6266952753067017,0.707864,0.7191299796104431,0.12122304737567902,0.008392111398279667,0.6046285033226013,0.5700721740722656
1995/4/3 0:00,0.6989,1.6266952753067017,0.706764,0.7191299796104431,0.12122304737567902,0.008392111398279667,0.6110648512840271,0.5700721740722656
1995/4/4 0:00,0.699,1.6266952753067017,0.706964,0.7191299796104431,0.12122304737567902,0.008392111398279667,0.6110648512840271,0.5700721740722656
1995/4/5 0:00,0.6892,1.6266952753067017,0.706464,0.7191299796104431,0.12122304737567902,0.008392111398279667,0.6046285033226013,0.5700721740722656
1995/4/6 0:00,0.6882,1.6266952753067017,0.70373,0.7191299796104431,0.12122304737567902,0.008392111398279667,0.6046285033226013,0.5700721740722656
1995/4/7 0:00,0.699,1.6266952753067017,0.705716,0.7191299796104431,0.12122304737567902,0.008392111398279667,0.6110648512840271,0.5700721740722656
1995/4/8 0:00,0.6938,1.6266952753067017,0.70373,0.7191299796104431,0.12122304737567902,0.008392111398279667,0.6046285033226013,0.5700721740722656
1995/4/9 0:00,0.6865,1.6266952753067017,0.705219,0.7191299796104431,0.12122304737567902,0.008392111398279667,0.6046285033226013,0.5700721740722656
1995/4/10 0:00,0.6835,1.6406598091125488,0.702001,0.7191299796104431,0.12124057859182358,0.007843,0.610921323299408,0.5633763670921326
1995/4/11 0:00,0.6825,1.6334935426712036,0.702001,0.7191299796104431,0.12124057859182358,0.007828,0.610921323299408,0.5740126967430115
1995/4/12 0:00,0.677,1.6334935426712036,0.702001,0.7191299796104431,0.12125830352306366,0.007743,0.610921323299408,0.5740126967430115
1995/4/13 0:00,0.677,1.6334935426712036,0.703334,0.7191299796104431,0.12125830352306366,0.007766,0.610921323299408,0.5740126967430115
1995/4/14 0:00,0.676,1.6334935426712036,0.705219,0.7191299796104431,0.12125830352306366,0.007769,0.610921323299408,0.5740126967430115
1995/4/15 0:00,0.6732,1.6334935426712036,0.702889,0.7191299796104431,0.12186745554208755,0.007728,0.619579,0.5740126967430115
1995/4/16 0:00,0.6712,1.6334935426712036,0.702741,0.7191299796104431,0.12186745554208755,0.00768,0.618429,0.5740126967430115
1995/4/17 0:00,0.6705,1.6334935426712036,0.703087,0.7191299796104431,0.12186745554208755,0.007663,0.61862,0.5740126967430115
1995/4/18 0:00,0.6675,1.6334935426712036,0.703037,0.7191299796104431,0.12186745554208755,0.007704,0.615006,0.5740126967430115
1995/4/19 0:00,0.6665,1.6334935426712036,0.702149,0.7191299796104431,0.12186745554208755,0.007747,0.617475,0.5740126967430115
1995/4/20 0:00,0.6837929487228394,1.5777509212493896,0.702198,0.697593,0.12122304737567902,0.008452373556792736,0.61237,0.5700721740722656
1995/4/21 0:00,0.6878135204315186,1.5777509212493896,0.703829,0.697691,0.12122304737567902,0.008452373556792736,0.6046285033226013,0.5700721740722656
1995/4/22 0:00,0.6878135204315186,1.5681465864181519,0.703631,0.699056,0.12122304737567902,0.008504636585712433,0.6046285033226013,0.5700721740722656
1995/4/23 0:00,0.6878135204315186,1.5777509212493896,0.702395,0.693722,0.12122304737567902,0.008452373556792736,0.6046285033226013,0.5719406008720398
1995/4/24 0:00,0.6878135204315186,1.5777509212493896,0.70279,0.697204,0.12122304737567902,0.008452373556792736,0.6046285033226013,0.5700721740722656
1995/4/25 0:00,0.6878135204315186,1.5777509212493896,0.702001,0.694734,0.12122304737567902,0.008452373556792736,0.6046285033226013,0.5719406008720398
1995/4/26 0:00,0.6878135204315186,1.5681465864181519,0.697934,0.700378,0.12122304737567902,0.008504636585712433,0.6046285033226013,0.5700721740722656
1995/4/27 0:00,0.6878135204315186,1.5777509212493896,0.697107,0.69541,0.12122304737567902,0.008452373556792736,0.6046285033226013,0.5700721740722656
1995/4/28 0:00,0.6878135204315186,1.5777509212493896,0.696185,0.697447,0.12122304737567902,0.008452373556792736,0.6046285033226013,0.5700721740722656
1995/4/29 0:00,0.6927443146705627,1.6463665962219238,0.696621,0.697058,0.12124057859182358,0.007689,0.598008394241333,0.5633763670921326
1995/4/30 0:00,0.6927443146705627,1.6463665962219238,0.696573,0.697253,0.12124057859182358,0.007675,0.598008394241333,0.5633763670921326
1995/5/1 0:00,0.6927443146705627,1.6463665962219238,0.694541,0.690894,0.12124057859182358,0.007689,0.598008394241333,0.5652447938919067
1995/5/2 0:00,0.6927443146705627,1.6463665962219238,0.696136,0.686907,0.12124057859182358,0.007689,0.598008394241333,0.5652447938919067
1995/5/3 0:00,0.6927443146705627,1.6463665962219238,0.699888,0.684463,0.12124057859182358,0.007666,0.598008394241333,0.5652447938919067
1995/5/4 0:00,0.6997808218002319,1.6463665962219238,0.701508,0.681663,0.12124057859182358,0.007553,0.5900611877441406,0.5652447938919067
1995/5/5 0:00,0.6997808218002319,1.6463665962219238,0.701066,0.675539,0.12124057859182358,0.007463,0.5900611877441406,0.5652447938919067
1995/5/6 0:00,0.6997808218002319,1.6463665962219238,0.698812,0.676133,0.12124057859182358,0.007469,0.5900611877441406,0.5652447938919067
1995/5/7 0:00,0.6688292026519775,1.6649718284606934,0.6866000294685364,0.677277,0.12149372696876526,0.007593,0.5900611877441406,0.5412071347236633
1995/5/8 0:00,0.6688292026519775,1.6649718284606934,0.6866000294685364,0.678794,0.12149372696876526,0.007548,0.5900611877441406,0.5412071347236633
1995/5/9 0:00,0.6688292026519775,1.6649718284606934,0.6866000294685364,0.677369,0.12149372696876526,0.007603,0.5900611877441406,0.5412071347236633
1995/5/10 0:00,0.6688292026519775,1.6649718284606934,0.6866000294685364,0.678242,0.12149372696876526,0.007528,0.5900611877441406,0.5412071347236633
1995/5/11 0:00,0.6688292026519775,1.6649718284606934,0.6866000294685364,0.677277,0.12149372696876526,0.007592,0.5900611877441406,0.5412071347236633
1995/5/12 0:00,0.6688292026519775,1.6649718284606934,0.6866000294685364,0.6744,0.12149372696876526,0.007609,0.5900611877441406,0.5412071347236633
1995/5/13 0:00,0.6617926955223083,1.6649718284606934,0.6701957583427429,0.669658,0.12149372696876526,0.007668,0.5814065933227539,0.5350813865661621
1995/5/14 0:00,0.6617926955223083,1.6649718284606934,0.6701957583427429,0.66778,0.12149372696876526,0.007759,0.5842246413230896,0.5350813865661621
1995/5/15 0:00,0.6617926955223083,1.6649718284606934,0.6701957583427429,0.667423,0.12149372696876526,0.007764,0.5842246413230896,0.5350813865661621
1995/5/16 0:00,0.6617926955223083,1.6649718284606934,0.6698898077011108,0.672902,0.12149372696876526,0.007843,0.5965458154678345,0.538140058517456
1995/5/17 0:00,0.6787186861038208,1.6649718284606934,0.6866000294685364,0.680226,0.12124057859182358,0.00786,0.6056424975395203,0.5416036248207092
1995/5/18 0:00,0.6787186861038208,1.6649718284606934,0.6866000294685364,0.692089,0.12122304737567902,0.00795,0.6056424975395203,0.5416036248207092
1995/5/19 0:00,0.6787186861038208,1.6649718284606934,0.6866000294685364,0.685636,0.12124057859182358,0.007896,0.6056424975395203,0.5416036248207092
1995/5/20 0:00,0.6787186861038208,1.6649718284606934,0.6866000294685364,0.68975,0.12122304737567902,0.007935,0.6056424975395203,0.5416036248207092
1995/5/21 0:00,0.6787186861038208,1.6649718284606934,0.6866000294685364,0.683854,0.12122304737567902,0.007983,0.6056424975395203,0.5416036248207092
1995/5/22 0:00,0.6787186861038208,1.6649718284606934,0.6866000294685364,0.681524,0.12122304737567902,0.007976,0.6056424975395203,0.5416036248207092
1995/5/23 0:00,0.6617926955223083,1.6649718284606934,0.6698898077011108,0.674764,0.12149372696876526,0.007868,0.5965458154678345,0.538140058517456
1995/5/24 0:00,0.6617926955223083,1.6649718284606934,0.6698898077011108,0.678887,0.12149372696876526,0.007896,0.5965458154678345,0.538140058517456
1995/5/25 0:00,0.6787186861038208,1.6649718284606934,0.6866000294685364,0.680782,0.12122304737567902,0.007935,0.6056424975395203,0.5416036248207092
1995/5/26 0:00,0.6787186861038208,1.6649718284606934,0.6866000294685364,0.685401,0.12122304737567902,0.008079,0.6056424975395203,0.5416036248207092
1995/5/27 0:00,0.6787186861038208,1.6649718284606934,0.6866000294685364,0.690942,0.12122304737567902,0.00811,0.6056424975395203,0.5416036248207092
1995/5/28 0:00,0.6787186861038208,1.6649718284606934,0.6866000294685364,0.687002,0.12122304737567902,0.008048,0.6056424975395203,0.5416036248207092
1995/5/29 0:00,0.6787186861038208,1.6649718284606934,0.6866000294685364,0.682454,0.12122304737567902,0.008046,0.6056424975395203,0.5416036248207092
1995/5/30 0:00,0.6814,1.6649718284606934,0.6866000294685364,0.682594,0.12122304737567902,0.008099,0.6056424975395203,0.5416036248207092
1995/5/31 0:00,0.678,1.6649718284606934,0.6866000294685364,0.683387,0.1212407723069191,0.008095,0.6056424975395203,0.5416036248207092
1995/6/1 0:00,0.677,1.6649718284606934,0.6866000294685364,0.68918,0.1212407723069191,0.008079,0.6056424975395203,0.5416036248207092
1995/6/2 0:00,0.6725,1.6649718284606934,0.6866000294685364,0.682361,0.1214761957526207,0.007976,0.6056424975395203,0.5442658066749573
1995/6/3 0:00,0.6685,1.6649718284606934,0.6866000294685364,0.678841,0.12149372696876526,0.007882,0.6056424975395203,0.5442658066749573
1995/6/4 0:00,0.6702,1.6649718284606934,0.6866000294685364,0.680735,0.12149372696876526,0.007915,0.6056424975395203,0.5442658066749573
1995/6/5 0:00,0.676,1.6649718284606934,0.6866000294685364,0.679579,0.1212407723069191,0.007921,0.6056424975395203,0.5416036248207092
1995/6/6 0:00,0.6716,1.6649718284606934,0.6866000294685364,0.680041,0.12149372696876526,0.007829,0.6056424975395203,0.5442658066749573
1995/6/7 0:00,0.667,1.6350853443145752,0.6729062795639038,0.68937,0.120337,0.007757,0.6204524040222168,0.5828097462654114
1995/6/8 0:00,0.6659,1.6350853443145752,0.6729062795639038,0.687805,0.120337,0.007803,0.611355721950531,0.5828097462654114
1995/6/9 0:00,0.6655,1.6350853443145752,0.6729062795639038,0.682454,0.120351,0.007775,0.611355721950531,0.5828097462654114
1995/6/10 0:00,0.6713,1.6240063905715942,0.6890704035758972,0.682361,0.120337,0.008604288101196289,0.6241529583930969,0.5752643346786499
1995/6/11 0:00,0.6785,1.6240063905715942,0.6890704035758972,0.682035,0.120337,0.008604288101196289,0.6241529583930969,0.5752643346786499
1995/6/12 0:00,0.6825,1.6240063905715942,0.6890704035758972,0.682128,0.120337,0.008604288101196289,0.6241529583930969,0.5752643346786499
1995/6/13 0:00,0.6796,1.6240063905715942,0.6890704035758972,0.68055,0.120337,0.008604288101196289,0.6241529583930969,0.5752643346786499
1995/6/14 0:00,0.6745,1.5743074417114258,0.6948075890541077,0.677048,0.120337,0.009067793376743793,0.6278630495071411,0.583
1995/6/15 0:00,0.668,1.5743074417114258,0.7006606459617615,0.673809,0.12035,0.009067793376743793,0.6278630495071411,0.579
1995/6/16 0:00,0.6675,1.5573457479476929,0.7009032964706421,0.669389,0.120221,0.009067793376743793,0.6188392043113708,0.578
1995/6/17 0:00,0.6672,1.5930296182632446,0.707064,0.668896,0.120337,0.009007531218230724,0.6100677847862244,0.5796
1995/6/18 0:00,0.668,1.5930296182632446,0.707214,0.670466,0.120337,0.009007531218230724,0.6278630495071411,0.5832
1995/6/19 0:00,0.667,1.5930296182632446,0.71048,0.669792,0.120337,0.009007531218230724,0.6100677847862244,0.5785
1995/6/20 0:00,0.6695,1.5930296182632446,0.708567,0.673265,0.120337,0.009007531218230724,0.6278630495071411,0.5807
1995/6/21 0:00,0.676,1.5930296182632446,0.70922,0.677277,0.120337,0.009007531218230724,0.6278630495071411,0.5862
1995/6/22 0:00,0.67,1.5930296182632446,0.707314,0.674536,0.120773,0.009007531218230724,0.5984593033790588,0.5825
1995/6/23 0:00,0.6906249523162842,1.6001958847045898,0.705965,0.676224,0.120337,0.009007531218230724,0.6278630495071411,0.5823
1995/6/24 0:00,0.6610471606254578,1.5930296182632446,0.704771,0.670916,0.120337,0.009007531218230724,0.6220380067825317,0.566
1995/6/25 0:00,0.6610471606254578,1.5930296182632446,0.705219,0.669389,0.120337,0.009007531218230724,0.604242742061615,0.5633
1995/6/26 0:00,0.6610471606254578,1.5930296182632446,0.705119,0.666978,0.120337,0.009007531218230724,0.604242742061615,0.563
1995/6/27 0:00,0.6509513258934021,1.5930296182632446,0.703235,0.671051,0.120337,0.009007531218230724,0.6220380067825317,0.561
1995/6/28 0:00,0.6610471606254578,1.5930296182632446,0.704325,0.671141,0.120337,0.009007531218230724,0.6220380067825317,0.5622
1995/6/29 0:00,0.6610471606254578,1.5930296182632446,0.709069,0.669344,0.120337,0.009007531218230724,0.604242742061615,0.5626
1995/6/30 0:00,0.6610471606254578,1.5930296182632446,0.708215,0.671366,0.120337,0.009007531218230724,0.6220380067825317,0.5637
1995/7/1 0:00,0.6610471606254578,1.5930296182632446,0.706864,0.667913,0.120337,0.009007531218230724,0.604242742061615,0.562
1995/7/2 0:00,0.6509513258934021,1.5930296182632446,0.702988,0.657462,0.120337,0.009007531218230724,0.604242742061615,0.5536
1995/7/3 0:00,0.6577430367469788,1.5922837257385254,0.705219,0.655953,0.1214761957526207,0.008684219792485237,0.6106147170066833,0.5524
1995/7/4 0:00,0.6577430367469788,1.6220355033874512,0.705467,0.7075719237327576,0.1214761957526207,0.008684219792485237,0.615456759929657,0.549
1995/7/5 0:00,0.6577430367469788,1.6220355033874512,0.704473,0.7075719237327576,0.1214761957526207,0.008684219792485237,0.615456759929657,0.5493
1995/7/6 0:00,0.6577430367469788,1.6220355033874512,0.70373,0.7075719237327576,0.1214761957526207,0.008684219792485237,0.615456759929657,0.5512
1995/7/7 0:00,0.6577430367469788,1.6220355033874512,0.70497,0.7075719237327576,0.1214761957526207,0.008684219792485237,0.615456759929657,0.5502
1995/7/8 0:00,0.6577430367469788,1.6220355033874512,0.703087,0.7075719237327576,0.1214761957526207,0.008684219792485237,0.615456759929657,0.5485
1995/7/9 0:00,0.6520566940307617,1.6220355033874512,0.701951,0.7075719237327576,0.1214761957526207,0.008684219792485237,0.615456759929657,0.548
1995/7/10 0:00,0.6520566940307617,1.6220355033874512,0.701705,0.7075719237327576,0.1214761957526207,0.008684219792485237,0.615456759929657,0.5525
1995/7/11 0:00,0.6565,1.6220355033874512,0.700967,0.7075719237327576,0.1214761957526207,0.008684219792485237,0.615456759929657,0.5536
1995/7/12 0:00,0.6553,1.6220355033874512,0.698324,0.6973352432250977,0.1214761957526207,0.008684219792485237,0.615456759929657,0.552
1995/7/13 0:00,0.647,1.6220355033874512,0.697107,0.6973352432250977,0.12138697504997253,0.008684219792485237,0.627353,0.549
1995/7/14 0:00,0.649,1.6220355033874512,0.694686,0.6973352432250977,0.12138697504997253,0.008684219792485237,0.625782,0.5518
1995/7/15 0:00,0.65,1.6220355033874512,0.695943,0.6973352432250977,0.12138697504997253,0.008684219792485237,0.62383,0.5533
1995/7/16 0:00,0.649,1.6220355033874512,0.699545,0.6973352432250977,0.12138697504997253,0.008684219792485237,0.624025,0.558
1995/7/17 0:00,0.6455,1.6220355033874512,0.70028,0.6973352432250977,0.12138697504997253,0.008684219792485237,0.62422,0.5545
1995/7/18 0:00,0.6487,1.6220355033874512,0.698812,0.6973352432250977,0.12138697504997253,0.008684219792485237,0.626566,0.5597
1995/7/19 0:00,0.6515,1.6220355033874512,0.697983,0.6973352432250977,0.12138697504997253,0.008684219792485237,0.629802,0.5593
1995/7/20 0:00,0.6535,1.6220355033874512,0.697107,0.6973352432250977,0.12138697504997253,0.008684219792485237,0.628536,0.5615
1995/7/21 0:00,0.6507,1.6220355033874512,0.696379,0.6973352432250977,0.12138697504997253,0.008684219792485237,0.628536,0.5595
1995/7/22 0:00,0.6473,1.6220355033874512,0.695169,0.6973352432250977,0.12138697504997253,0.008684219792485237,0.625,0.5539
1995/7/23 0:00,0.644,1.6220355033874512,0.694927,0.6973352432250977,0.12138697504997253,0.008684219792485237,0.627943,0.5513
1995/7/24 0:00,0.6485,1.6220355033874512,0.695604,0.6973352432250977,0.12138697504997253,0.008684219792485237,0.629525,0.553
1995/7/25 0:00,0.652,1.6220355033874512,0.699203,0.6973352432250977,0.12138697504997253,0.008684219792485237,0.630915,0.5555
1995/7/26 0:00,0.652,1.6220355033874512,0.69735,0.6973352432250977,0.12138697504997253,0.008684219792485237,0.631313,0.5552
1995/7/27 0:00,0.645,1.6220355033874512,0.696864,0.6973352432250977,0.12138697504997253,0.008684219792485237,0.632511,0.5535
1995/7/28 0:00,0.6412,1.6220355033874512,0.694927,0.6973352432250977,0.12138697504997253,0.008684219792485237,0.630915,0.5515
1995/7/29 0:00,0.637,1.6220355033874512,0.694879,0.6953933835029602,0.12138697504997253,0.008684219792485237,0.619579,0.545
1995/7/30 0:00,0.6373,1.6220355033874512,0.694444,0.6953933835029602,0.12138697504997253,0.008684219792485237,0.614439,0.5437
1995/7/31 0:00,0.6355,1.6220355033874512,0.69604,0.6953933835029602,0.12138697504997253,0.008684219792485237,0.617665,0.5448
1995/8/1 0:00,0.6371,1.6220355033874512,0.697593,0.6953933835029602,0.12138697504997253,0.008684219792485237,0.615195,0.541
1995/8/2 0:00,0.633,1.6347,0.698178,0.6953933835029602,0.1214761957526207,0.008684219792485237,0.6031490564346313,0.5365
1995/8/3 0:00,0.6276,1.6308,0.692137,0.6912352442741394,0.1214761957526207,0.008684219792485237,0.5968260169029236,0.5345
1995/8/4 0:00,0.627,1.6306,0.690608,0.6912352442741394,0.1214761957526207,0.008684219792485237,0.5968260169029236,0.533
1995/8/5 0:00,0.627,1.6278,0.689275,0.6912352442741394,0.1214761957526207,0.008684219792485237,0.5968260169029236,0.5352
1995/8/6 0:00,0.6221,1.6235,0.689798,0.6912352442741394,0.1214761957526207,0.008724531158804893,0.593981921672821,0.5324
1995/8/7 0:00,0.6236,1.6232,0.68956,0.6912352442741394,0.1214761957526207,0.008724531158804893,0.593981921672821,0.5312
1995/8/8 0:00,0.6255,1.6332,0.68975,0.6912352442741394,0.1214761957526207,0.008724531158804893,0.593981921672821,0.5323
1995/8/9 0:00,0.6304,1.6305,0.690846,0.6923214793205261,0.120337,0.009007531218230724,0.6188576817512512,0.535
1995/8/10 0:00,0.6315,1.6318,0.689845,0.6923214793205261,0.120337,0.009007531218230724,0.6188576817512512,0.5355
1995/8/11 0:00,0.6225,1.6365,0.687332,0.6557407379150391,0.120337,0.009007531218230724,0.60423,0.5335
1995/8/12 0:00,0.6215,1.6322,0.686436,0.6496387720108032,0.120337,0.009007531218230724,0.60006,0.533
1995/8/13 0:00,0.6219,1.6277,0.687002,0.6496387720108032,0.120337,0.009007531218230724,0.596837,0.5325
1995/8/14 0:00,0.626,1.6308,0.686295,0.6496387720108032,0.120337,0.009007531218230724,0.596837,0.5358
1995/8/15 0:00,0.615,1.6392,0.686436,0.6190234422683716,0.120337,0.0089202169328928,0.589275,0.528
1995/8/16 0:00,0.6145,1.6388,0.687616,0.6881633400917053,0.120337,0.0089202169328928,0.595238,0.5235
1995/8/17 0:00,0.6115,1.6385,0.688231,0.6881633400917053,0.120337,0.0089202169328928,0.597015,0.5245
1995/8/18 0:00,0.611,1.6395,0.686907,0.6190234422683716,0.120337,0.0089202169328928,0.592768,0.5245
1995/8/19 0:00,0.6005,1.6351,0.685589,0.6190234422683716,0.120337,0.008752651512622833,0.587372,0.513
1995/8/20 0:00,0.5995,1.6324,0.685307,0.6190234422683716,0.120337,0.008752651512622833,0.583942,0.509
1995/8/21 0:00,0.5955,1.6347,0.684838,0.6190234422683716,0.120337,0.008752651512622833,0.583499,0.508
1995/8/22 0:00,0.587,1.6277,0.68171,0.6190234422683716,0.120337,0.008479517884552479,0.573066,0.496
1995/8/23 0:00,0.5867,1.6292,0.680226,0.6190234422683716,0.120337,0.008479517884552479,0.573066,0.4973
1995/8/24 0:00,0.5925,1.6315,0.680967,0.6190234422683716,0.120337,0.008479517884552479,0.572574,0.5013
1995/8/25 0:00,0.5894,1.6315,0.678426,0.6190234422683716,0.120337,0.008479517884552479,0.570939,0.496
1995/8/26 0:00,0.5925,1.6525,0.679902,0.626474142074585,0.120337,0.008581884205341339,0.575871,0.4963
1995/8/27 0:00,0.6081,1.662,0.683293,0.626474142074585,0.120337,0.0089202169328928,0.598623,0.5173
1995/8/28 0:00,0.6067,1.6705,0.680735,0.626474142074585,0.120337,0.008752651512622833,0.597015,0.5175
1995/8/29 0:00,0.627,1.6735,0.680504,0.6631914377212524,0.120337,0.009007531218230724,0.622278,0.5298
1995/8/30 0:00,0.611,1.672,0.679671,0.626474142074585,0.120337,0.0089202169328928,0.605327,0.5176
1995/8/31 0:00,0.6468223333358765,1.6641,0.680365,0.6692914366722107,0.12138697504997253,0.00887055043131113,0.605327,0.5085
1995/9/1 0:00,0.6788116693496704,1.6683,0.680272,0.6819968819618225,0.12122304737567902,0.00815587118268013,0.60241,0.5467880368232727
1995/9/2 0:00,0.6788116693496704,1.6722,0.681756,0.6819968819618225,0.12122304737567902,0.00815587118268013,0.599341,0.5416036248207092
1995/9/3 0:00,0.6681427955627441,1.621113657951355,0.680596,0.6684442162513733,0.12138697504997253,0.00815587118268013,0.591191,0.5538623332977295
1995/9/4 0:00,0.6681427955627441,1.621113657951355,0.679302,0.6684442162513733,0.1214761957526207,0.00815587118268013,0.582072,0.5534658432006836
1995/9/5 0:00,0.6681427955627441,1.621113657951355,0.679486,0.6684442162513733,0.12138697504997253,0.00815587118268013,0.593824,0.5538623332977295
1995/9/6 0:00,0.6681427955627441,1.621113657951355,0.682221,0.6684442162513733,0.12138697504997253,0.00815587118268013,0.591716,0.5538623332977295
1995/9/7 0:00,0.6801100969314575,1.6399348974227905,0.680921,0.6745461821556091,0.12233725190162659,0.00707,0.58651,0.5463048219680786
1995/9/8 0:00,0.6801100969314575,1.6399348974227905,0.681431,0.6745461821556091,0.12124057859182358,0.007176,0.587544,0.5463048219680786
1995/9/9 0:00,0.6801100969314575,1.6399348974227905,0.678887,0.6745461821556091,0.12233725190162659,0.007134,0.58326,0.5463048219680786
1995/9/10 0:00,0.6801100969314575,1.6399348974227905,0.678794,0.6745461821556091,0.12124057859182358,0.007206,0.590842,0.5467013120651245
1995/9/11 0:00,0.7691339254379272,1.7054423093795776,0.8406786918640137,0.7427453398704529,0.18467336893081665,0.007163,0.585309,0.5750670433044434
1995/9/12 0:00,0.8378592133522034,1.7627652883529663,0.9209553599357605,0.8536988496780396,0.1258178949356079,0.009000116027891636,0.582072,0.7214300632476807
1995/9/13 0:00,0.8378592133522034,1.7627652883529663,0.9209553599357605,0.8536988496780396,0.1258178949356079,0.00893753208220005,0.578536,0.7214300632476807
1995/9/14 0:00,0.8378592133522034,1.7627652883529663,0.9209553599357605,0.8536988496780396,0.1258178949356079,0.009000116027891636,0.581903,0.7214300632476807
1995/9/15 0:00,0.8378592133522034,1.7627652883529663,0.9209553599357605,0.8536988496780396,0.1258178949356079,0.009000116027891636,0.592242,0.7214300632476807
1995/9/16 0:00,0.8378592133522034,1.7627652883529663,0.9209553599357605,0.8536988496780396,0.1258178949356079,0.009000116027891636,0.589275,0.7214300632476807
1995/9/17 0:00,0.8378592133522034,1.7627652883529663,0.9209553599357605,0.8536988496780396,0.1258178949356079,0.009000116027891636,0.592417,0.7214300632476807
1995/9/18 0:00,0.8378592133522034,1.7627652883529663,0.9209553599357605,0.8536988496780396,0.1258178949356079,0.009000116027891636,0.584795,0.7214300632476807
1995/9/19 0:00,0.8378592133522034,1.7627652883529663,0.9209553599357605,0.8536988496780396,0.1258178949356079,0.009000116027891636,0.588235,0.7214300632476807
1995/9/20 0:00,0.8378592133522034,1.7627652883529663,0.9209553599357605,0.8536988496780396,0.1258178949356079,0.009000116027891636,0.584795,0.7214300632476807
1995/9/21 0:00,0.8378592133522034,1.7627652883529663,0.9209553599357605,0.8536988496780396,0.1258178949356079,0.009000116027891636,0.584624,0.7214300632476807
1995/9/22 0:00,0.8378592133522034,1.7627652883529663,0.9209553599357605,0.8536988496780396,0.1258178949356079,0.009000116027891636,0.584112,0.7214300632476807
1995/9/23 0:00,0.8378592133522034,1.7627652883529663,0.9209553599357605,0.8536988496780396,0.1258178949356079,0.009000116027891636,0.584454,0.7214300632476807
1995/9/24 0:00,0.8378592133522034,1.7627652883529663,0.9209553599357605,0.8536988496780396,0.1258178949356079,0.009000116027891636,0.581058,0.7214300632476807
1995/9/25 0:00,0.8378592133522034,1.7627652883529663,0.9209553599357605,0.8536988496780396,0.1258178949356079,0.009000116027891636,0.585309,0.7214300632476807
1995/9/26 0:00,0.8378592133522034,1.7627652883529663,0.9209553599357605,0.8536988496780396,0.1258178949356079,0.009000116027891636,0.582411,0.7214300632476807
1995/9/27 0:00,0.8378592133522034,1.7627652883529663,0.9209553599357605,0.8536988496780396,0.1258178949356079,0.009000116027891636,0.582411,0.7214300632476807
1995/9/28 0:00,0.8378592133522034,1.7627652883529663,0.9209553599357605,0.8536988496780396,0.1258178949356079,0.00893753208220005,0.578704,0.7214300632476807
1995/9/29 0:00,0.8378592133522034,1.7627652883529663,0.9209553599357605,0.8536988496780396,0.1258178949356079,0.00893753208220005,0.577034,0.7214300632476807
1995/9/30 0:00,0.8378592133522034,1.7627652883529663,0.9209553599357605,0.8536988496780396,0.1258178949356079,0.00893753208220005,0.578704,0.7214300632476807
1995/10/1 0:00,0.8378592133522034,1.7627652883529663,0.9209553599357605,0.8536988496780396,0.1258178949356079,0.009000116027891636,0.57971,0.7214300632476807
1995/10/2 0:00,0.8378592133522034,1.7627652883529663,0.9209553599357605,0.8536988496780396,0.1258178949356079,0.008906635455787182,0.573723,0.7214300632476807
1995/10/3 0:00,0.8378592133522034,1.7627652883529663,0.9209553599357605,0.8536988496780396,0.1258178949356079,0.008906635455787182,0.570613,0.7214300632476807
1995/10/4 0:00,0.8378592133522034,1.7627652883529663,0.9209553599357605,0.8536988496780396,0.1258178949356079,0.008906635455787182,0.568666,0.7214300632476807
1995/10/5 0:00,0.8378592133522034,1.7627652883529663,0.9209553599357605,0.8536988496780396,0.1258178949356079,0.008906635455787182,0.567666,0.7214300632476807
1995/10/6 0:00,0.8378592133522034,1.7627652883529663,0.9209553599357605,0.8536988496780396,0.1258178949356079,0.008906635455787182,0.570613,0.7214300632476807
1995/10/7 0:00,0.8378592133522034,1.7627652883529663,0.9209553599357605,0.8536988496780396,0.1258178949356079,0.008906635455787182,0.571919,0.7214300632476807
1995/10/8 0:00,0.8378592133522034,1.7627652883529663,0.9209553599357605,0.8536988496780396,0.1258178949356079,0.008906635455787182,0.569152,0.7214300632476807
1995/10/9 0:00,0.8378592133522034,1.7627652883529663,0.9209553599357605,0.8536988496780396,0.1258178949356079,0.008906635455787182,0.566893,0.7214300632476807
1995/10/10 0:00,0.8378592133522034,1.7627652883529663,0.9209553599357605,0.8536988496780396,0.1258178949356079,0.008906635455787182,0.566412,0.7214300632476807
1995/10/11 0:00,0.8378592133522034,1.7627652883529663,0.9209553599357605,0.8536988496780396,0.1258178949356079,0.008906635455787182,0.569152,0.7214300632476807
1995/10/12 0:00,0.8378592133522034,1.7627652883529663,0.9209553599357605,0.8536988496780396,0.1258178949356079,0.008906635455787182,0.571102,0.7214300632476807
1995/10/13 0:00,0.8378592133522034,1.7627652883529663,0.9209553599357605,0.8536988496780396,0.1258178949356079,0.008906635455787182,0.565771,0.7214300632476807
1995/10/14 0:00,0.8378592133522034,1.7627652883529663,0.9209553599357605,0.8536988496780396,0.1258178949356079,0.008906635455787182,0.565931,0.7214300632476807
1995/10/15 0:00,0.8378592133522034,1.7627652883529663,0.9209553599357605,0.8536988496780396,0.1258178949356079,0.008906635455787182,0.563539,0.7214300632476807
1995/10/16 0:00,0.8378592133522034,1.7627652883529663,0.9209553599357605,0.8536988496780396,0.1258178949356079,0.008906635455787182,0.563698,0.7214300632476807
1995/10/17 0:00,0.8378592133522034,1.7627652883529663,0.9209553599357605,0.8536988496780396,0.1258178949356079,0.008906635455787182,0.565291,0.7214300632476807
1995/10/18 0:00,0.8378592133522034,1.7627652883529663,0.9209553599357605,0.8536988496780396,0.1258178949356079,0.008906635455787182,0.56338,0.7214300632476807
1995/10/19 0:00,0.649651050567627,1.6866360902786255,0.7709285616874695,0.693626,0.15347683429718018,0.00894523411989212,0.56338,0.534892737865448
1995/10/20 0:00,0.6648900508880615,1.6866360902786255,0.7743184566497803,0.694203,0.15347683429718018,0.008649075403809547,0.581734,0.5432236194610596
1995/10/21 0:00,0.649651050567627,1.6368467807769775,0.6729062795639038,0.692041,0.1214761957526207,0.00815587118268013,0.5965458154678345,0.5340524315834045
1995/10/22 0:00,0.649651050567627,1.6368467807769775,0.7209175229072571,0.704573,0.1214761957526207,0.008392111398279667,0.5955318212509155,0.5493839979171753
1995/10/23 0:00,0.649651050567627,1.6368467807769775,0.684837281703949,0.701656,0.1214761957526207,0.008392111398279667,0.5955318212509155,0.5265724658966064
1995/10/24 0:00,0.649651050567627,1.6368467807769775,0.7209175229072571,0.708065,0.1214761957526207,0.008392111398279667,0.5955318212509155,0.5493839979171753
1995/10/25 0:00,0.649651050567627,1.6368467807769775,0.7209175229072571,0.705965,0.1214761957526207,0.008392111398279667,0.5955318212509155,0.5493839979171753
1995/10/26 0:00,0.649651050567627,1.646186351776123,0.7179010510444641,0.719166,0.1214761957526207,0.008392111398279667,0.5955318212509155,0.5493839979171753
1995/10/27 0:00,0.649651050567627,1.6368467807769775,0.7209175229072571,0.711896,0.1214761957526207,0.008392111398279667,0.5955318212509155,0.5493839979171753
1995/10/28 0:00,0.649651050567627,1.646186351776123,0.7179010510444641,0.717103,0.1214761957526207,0.008392111398279667,0.5955318212509155,0.5493839979171753
1995/10/29 0:00,0.649651050567627,1.646186351776123,0.7179010510444641,0.716589,0.1214761957526207,0.008392111398279667,0.5955318212509155,0.5493839979171753
1995/10/30 0:00,0.649651050567627,1.646186351776123,0.7179010510444641,0.722022,0.1214761957526207,0.008392111398279667,0.5955318212509155,0.5493839979171753
1995/10/31 0:00,0.649651050567627,1.646186351776123,0.7179010510444641,0.719424,0.1214761957526207,0.008392111398279667,0.5955318212509155,0.5493839979171753
1995/11/1 0:00,0.649651050567627,1.646186351776123,0.7179010510444641,0.724375,0.1214761957526207,0.008392111398279667,0.5955318212509155,0.5493839979171753
1995/11/2 0:00,0.649651050567627,1.646186351776123,0.7179010510444641,0.719683,0.1214761957526207,0.008392111398279667,0.5955318212509155,0.5493839979171753
1995/11/3 0:00,0.649651050567627,1.646186351776123,0.7179010510444641,0.716589,0.1214761957526207,0.008392111398279667,0.5955318212509155,0.5493839979171753
1995/11/4 0:00,0.649651050567627,1.646186351776123,0.7179010510444641,0.720461,0.1214761957526207,0.008392111398279667,0.5955318212509155,0.5493839979171753
1995/11/5 0:00,0.649651050567627,1.646186351776123,0.7179010510444641,0.724375,0.1214761957526207,0.008392111398279667,0.5955318212509155,0.5493839979171753
1995/11/6 0:00,0.649651050567627,1.646186351776123,0.7179010510444641,0.719424,0.1214761957526207,0.008392111398279667,0.5955318212509155,0.5493839979171753
1995/11/7 0:00,0.6697182655334473,1.695975661277771,0.7904287576675415,0.719683,0.14213624596595764,0.00867866538465023,0.596837,0.5471101403236389
1995/11/8 0:00,0.6648900508880615,1.695975661277771,0.7868449091911316,0.724218,0.16159012913703918,0.008642137050628662,0.592347,0.5382263660430908
1995/11/9 0:00,0.6648900508880615,1.695975661277771,0.7868449091911316,0.733138,0.16633166372776031,0.008642137050628662,0.591611,0.5382263660430908
1995/11/10 0:00,0.6648900508880615,1.695975661277771,0.7868449091911316,0.739481,0.16633166372776031,0.008642137050628662,0.592768,0.5382263660430908
1995/11/11 0:00,0.6697182655334473,1.695975661277771,0.7747103571891785,0.74239,0.12083978205919266,0.008795124478638172,0.595593,0.5470762252807617
1995/11/12 0:00,0.6697182655334473,1.695975661277771,0.7747103571891785,0.743937,0.12083978205919266,0.008795124478638172,0.595948,0.5470762252807617
1995/11/13 0:00,0.7276196479797363,1.7534111738204956,0.8214545845985413,0.758725,0.12702631950378418,0.00858612172305584,0.605144,0.6827314496040344
1995/11/14 0:00,0.7276196479797363,1.7534111738204956,0.8240551352500916,0.773096,0.12181307375431061,0.008972308598458767,0.607533,0.6777523159980774
1995/11/15 0:00,0.7276196479797363,1.7534111738204956,0.8214545845985413,0.755858,0.12702631950378418,0.00858612172305584,0.607533,0.6827314496040344
1995/11/16 0:00,0.7089909315109253,1.717528223991394,0.8018502593040466,0.752672,0.12948554754257202,0.008553578518331051,0.612933,0.5946221351623535
1995/11/17 0:00,0.7089909315109253,1.717528223991394,0.8018502593040466,0.750469,0.1553034782409668,0.008594457060098648,0.619579,0.5454151630401611
1995/11/18 0:00,0.7276196479797363,1.7534111738204956,0.8214545845985413,0.755858,0.12702631950378418,0.00858612172305584,0.619195,0.6688358187675476
1995/11/19 0:00,0.7276196479797363,1.7534111738204956,0.8214545845985413,0.760572,0.12702631950378418,0.00858612172305584,0.617475,0.6688358187675476
1995/11/20 0:00,0.7276196479797363,1.7534111738204956,0.8214545845985413,0.755572,0.12702631950378418,0.00858612172305584,0.617475,0.6688358187675476
1995/11/21 0:00,0.6697182655334473,1.695975661277771,0.7747103571891785,0.742832,0.1364770531654358,0.008553578518331051,0.614817,0.5502389669418335
1995/11/22 0:00,0.6697182655334473,1.695975661277771,0.7814953923225403,0.74184,0.1645747572183609,0.008706877008080482,0.618812,0.5473631024360657
1995/11/23 0:00,0.6697182655334473,1.695975661277771,0.7814953923225403,0.74499,0.1645747572183609,0.008706877008080482,0.616903,0.5368478298187256
1995/11/24 0:00,0.7089909315109253,1.717528223991394,0.8018502593040466,0.747664,0.1553034782409668,0.008594457060098648,0.616143,0.5454151630401611
1995/11/25 0:00,0.6697182655334473,1.695975661277771,0.7747103571891785,0.742776,0.1364770531654358,0.008553578518331051,0.614817,0.5502389669418335
1995/11/26 0:00,0.6697182655334473,1.695975661277771,0.7747103571891785,0.740905,0.1364770531654358,0.008553578518331051,0.613346,0.5502389669418335
1995/11/27 0:00,0.6697182655334473,1.695975661277771,0.7814953923225403,0.741675,0.1645747572183609,0.008706877008080482,0.615764,0.5368478298187256
1995/11/28 0:00,0.649651050567627,1.646186351776123,0.7179010510444641,0.743384,0.1214761957526207,0.008392111398279667,0.5955318212509155,0.5493839979171753
1995/11/29 0:00,0.649651050567627,1.646186351776123,0.7179010510444641,0.738116,0.1214761957526207,0.008392111398279667,0.5955318212509155,0.5493839979171753
1995/11/30 0:00,0.6489653587341309,1.6652,0.7204251289367676,0.740741,0.1214761957526207,0.008724531158804893,0.6052355170249939,0.5305
1995/12/1 0:00,0.6502562165260315,1.6577,0.7204251289367676,0.737518,0.12138697504997253,0.008724531158804893,0.616903,0.5303
1995/12/2 0:00,0.6828140020370483,1.6588,0.7148935794830322,0.731529,0.12122304737567902,0.008684219792485237,0.615764,0.5331
1995/12/3 0:00,0.6828140020370483,1.663,0.7148935794830322,0.736106,0.12122304737567902,0.008684219792485237,0.616523,0.5395
1995/12/4 0:00,0.6828140020370483,1.658,0.7148935794830322,0.727696,0.12122304737567902,0.008684219792485237,0.610501,0.5385
1995/12/5 0:00,0.6828140020370483,1.6585,0.7148935794830322,0.714541,0.12122304737567902,0.008684219792485237,0.602954,0.536
1995/12/6 0:00,0.6502562165260315,1.658,0.7204251289367676,0.718391,0.12138697504997253,0.008724531158804893,0.603682,0.528
1995/12/7 0:00,0.6502562165260315,1.6568,0.7204251289367676,0.716589,0.12138697504997253,0.008724531158804893,0.603865,0.5295
1995/12/8 0:00,0.6828140020370483,1.6635,0.7148935794830322,0.719062,0.12122304737567902,0.008684219792485237,0.604412,0.5378
1995/12/9 0:00,0.6828140020370483,1.6755,0.7804475426673889,0.728067,0.16494859755039215,0.009427446871995926,0.613121,0.5385
1995/12/10 0:00,0.6828140020370483,1.6775,0.7804475426673889,0.727802,0.16494859755039215,0.009427446871995926,0.612182,0.5345
1995/12/11 0:00,0.6828140020370483,1.672,0.7804475426673889,0.727431,0.16494859755039215,0.009427446871995926,0.612933,0.539
1995/12/12 0:00,0.6828140020370483,1.6677,0.796165943145752,0.720981,0.1609688252210617,0.008950202725827694,0.615574,0.5412
1995/12/13 0:00,0.6796332001686096,1.6542,0.7148935794830322,0.718804,0.120806,0.009007531218230724,0.613874,0.537
1995/12/14 0:00,0.6470754146575928,1.654,0.7076476216316223,0.710934,0.120806,0.009007531218230724,0.61106,0.5325
1995/12/15 0:00,0.6796332001686096,1.6582,0.7148935794830322,0.709723,0.120805,0.009007531218230724,0.610874,0.5338
1995/12/16 0:00,0.6470754146575928,1.6613,0.7076476216316223,0.71048,0.120806,0.009007531218230724,0.6005880832672119,0.5315
1995/12/17 0:00,0.6470754146575928,1.6522,0.7109802961349487,0.706614,0.120799,0.009007531218230724,0.6005880832672119,0.5285
1995/12/18 0:00,0.6470754146575928,1.6485,0.7109802961349487,0.716178,0.120799,0.009007531218230724,0.6005880832672119,0.527
1995/12/19 0:00,0.6470754146575928,1.654,0.7109802961349487,0.725531,0.120799,0.009007531218230724,0.6005880832672119,0.5245
1995/12/20 0:00,0.6470754146575928,1.6625,0.7109802961349487,0.729927,0.120802,0.009007531218230724,0.6005880832672119,0.5275
1995/12/21 0:00,0.6436492204666138,1.6645,0.7084562182426453,0.731689,0.120804,0.008700774982571602,0.5890369415283203,0.5419721603393555
1995/12/22 0:00,0.6436492204666138,1.6615,0.7084562182426453,0.729395,0.120806,0.008700774982571602,0.5890369415283203,0.5419721603393555
1995/12/23 0:00,0.6436492204666138,1.653,0.7084562182426453,0.726956,0.120809,0.008601114153862,0.584047794342041,0.5419721603393555
1995/12/24 0:00,0.6436492204666138,1.654,0.7084562182426453,0.732118,0.120809,0.008601114153862,0.584047794342041,0.5419721603393555
1995/12/25 0:00,0.6436492204666138,1.658,0.7084562182426453,0.735132,0.120809,0.008601114153862,0.584047794342041,0.5419721603393555
1995/12/26 0:00,0.6436492204666138,1.667,0.774010181427002,0.746491,0.120811,0.008795124478638172,0.5890369415283203,0.5360015630722046
1995/12/27 0:00,0.6975305676460266,1.6835,0.7758601307868958,0.752162,0.120811,0.008795124478638172,0.5877851247787476,0.5611502528190613
1995/12/28 0:00,0.6204,1.6885,0.774010181427002,0.749738,0.120806,0.008700774982571602,0.5827139019966125,0.544732928276062
1995/12/29 0:00,0.6235,1.6853,0.774010181427002,0.745434,0.120805,0.008700774982571602,0.5827139019966125,0.5440188050270081
1995/12/30 0:00,0.6187,1.6765,0.774010181427002,0.743992,0.120805,0.008700774982571602,0.5827139019966125,0.544732928276062
1995/12/31 0:00,0.6231,1.675,0.774010181427002,0.741455,0.120806,0.008700774982571602,0.5827139019966125,0.5440188050270081
1996/1/1 0:00,0.6211,1.6803,0.774010181427002,0.74173,0.120806,0.008700774982571602,0.5827139019966125,0.544732928276062
1996/1/2 0:00,0.617,1.68,0.774010181427002,0.733676,0.120804,0.008700774982571602,0.5827139019966125,0.544732928276062
1996/1/3 0:00,0.6145,1.6775,0.774010181427002,0.732332,0.120799,0.008700774982571602,0.5827139019966125,0.544732928276062
1996/1/4 0:00,0.6114,1.6767,0.774010181427002,0.733676,0.120801,0.008700774982571602,0.5827139019966125,0.544732928276062
1996/1/5 0:00,0.611,1.6723,0.774010181427002,0.726744,0.120795,0.008700774982571602,0.5827139019966125,0.544732928276062
1996/1/6 0:00,0.607,1.6745,0.774010181427002,0.728863,0.120799,0.008533209562301636,0.5730102062225342,0.546533465385437
1996/1/7 0:00,0.6114,1.6836,0.774010181427002,0.733676,0.120793,0.008700774982571602,0.5827139019966125,0.544732928276062
1996/1/8 0:00,0.6129,1.6665,0.774010181427002,0.724375,0.120792,0.008700774982571602,0.5827139019966125,0.544732928276062
1996/1/9 0:00,0.6436492204666138,1.6628,0.7084562182426453,0.728067,0.120789,0.008700774982571602,0.5890369415283203,0.5419721603393555
1996/1/10 0:00,0.6925808191299438,1.658702,0.7095528244972229,0.732123,0.120803,0.008923,0.5948619842529297,0.5612583756446838
1996/1/11 0:00,0.6925808191299438,1.657777,0.7095528244972229,0.730345,0.120798,0.009006,0.5936276316642761,0.5612583756446838
1996/1/12 0:00,0.6984448432922363,1.654724,0.7156851291656494,0.719339,0.120746,0.00887,0.611332356929779,0.5549477934837341
1996/1/13 0:00,0.6984448432922363,1.649213,0.7156851291656494,0.72136,0.120783,0.008961,0.6026459336280823,0.5579436421394348
1996/1/14 0:00,0.6984448432922363,1.642054,0.7156851291656494,0.716249,0.120756,0.008967,0.6026459336280823,0.5599027872085571
1996/1/15 0:00,0.7136838436126709,1.637376,0.7549299001693726,0.715872,0.120823,0.009182,0.597693,0.5930460095405579
1996/1/16 0:00,0.7136838436126709,1.631878,0.7494819164276123,0.720654,0.120805,0.008917,0.596067,0.5919010043144226
1996/1/17 0:00,0.7244905233383179,1.650364,0.7662209272384644,0.735719,0.120838,0.008817,0.592101,0.6035822629928589
1996/1/18 0:00,0.7078198194503784,1.652755,0.7515840530395508,0.733764,0.120822,0.008827,0.594567,0.5814316868782043
1996/1/19 0:00,0.7078198194503784,1.651038,0.7461360692977905,0.725096,0.120768,0.008757,0.595441,0.5780604481697083
1996/1/20 0:00,0.7136838436126709,1.652671,0.7494819164276123,0.724001,0.120807,0.008737,0.59451,0.5902170538902283
1996/1/21 0:00,0.7244905233383179,1.654142,0.7662209272384644,0.727491,0.120825,0.008795,0.59441,0.6125249862670898
1996/1/22 0:00,0.7244905233383179,1.647475,0.7515358328819275,0.719496,0.1306738555431366,0.008817,0.595638,0.5967493057250977
1996/1/23 0:00,0.7244905233383179,1.652134,0.7515358328819275,0.721457,0.12061148136854172,0.008791,0.597894,0.594415545463562
1996/1/24 0:00,0.6765688061714172,1.654556,0.658585,0.722921,0.12115155160427094,0.008722,0.594999,0.5355480313301086
1996/1/25 0:00,0.6765688061714172,1.657309,0.66035,0.723983,0.12115155160427094,0.008793,0.592604,0.5355480313301086
1996/1/26 0:00,0.6765688061714172,1.658507,0.658226,0.72159,0.12115155160427094,0.00877,0.594257,0.5355480313301086
1996/1/27 0:00,0.6765688061714172,1.649958,0.657526,0.713144,0.12115155160427094,0.008645,0.592132,0.5485244989395142
1996/1/28 0:00,0.6777663230895996,1.647557,0.655308,0.7048900127410889,0.12115155160427094,0.008595,0.592003,0.5485244989395142
1996/1/29 0:00,0.6777663230895996,1.645655,0.662996,0.6990849375724792,0.12115155160427094,0.008622,0.592117,0.548437774181366
1996/1/30 0:00,0.6777663230895996,1.640574,0.663419,0.6990849375724792,0.12115155160427094,0.008689,0.591495,0.5386240482330322
1996/1/31 0:00,0.6670974493026733,1.5953108072280884,0.660914,0.6929829716682434,0.12138697504997253,0.008914,0.5931,0.5416776537895203
1996/2/1 0:00,0.6670974493026733,1.6255143880844116,0.660962,0.6929829716682434,0.12138697504997253,0.008887,0.593355,0.5416776537895203
1996/2/2 0:00,0.6670974493026733,1.577582836151123,0.670105,0.6841190457344055,0.1214761957526207,0.008923,0.6110605597496033,0.5596514940261841
1996/2/3 0:00,0.6670974493026733,1.6077864170074463,0.672604,0.6929829716682434,0.1214761957526207,0.008835,0.6110605597496033,0.561325192451477
1996/2/4 0:00,0.6670974493026733,1.6077864170074463,0.672089,0.6929829716682434,0.1214761957526207,0.008751,0.6110605597496033,0.561325192451477
1996/2/5 0:00,0.6670974493026733,1.6077864170074463,0.669502,0.6929829716682434,0.1214761957526207,0.008743,0.6110605597496033,0.561325192451477
1996/2/6 0:00,0.6670974493026733,1.6077864170074463,0.669501,0.6929829716682434,0.1214761957526207,0.008736,0.6110605597496033,0.561325192451477
1996/2/7 0:00,0.6670974493026733,1.6077864170074463,0.671592,0.6929829716682434,0.1214761957526207,0.008719,0.6110605597496033,0.561325192451477
1996/2/8 0:00,0.6670974493026733,1.6077864170074463,0.669995,0.6929829716682434,0.1214761957526207,0.008745,0.6110605597496033,0.561325192451477
1996/2/9 0:00,0.6670974493026733,1.6077864170074463,0.669032,0.6929829716682434,0.1214761957526207,0.008648,0.6093430519104004,0.5761700868606567
1996/2/10 0:00,0.6670974493026733,1.6077864170074463,0.667156,0.702917218208313,0.1214761957526207,0.008475,0.6046285033226013,0.5543204545974731
1996/2/11 0:00,0.6670974493026733,1.6334935426712036,0.666978,0.7048900127410889,0.1214761957526207,0.008405,0.6046285033226013,0.5543204545974731
1996/2/12 0:00,0.6670974493026733,1.6334935426712036,0.672159,0.7008085250854492,0.1214761957526207,0.008345,0.6143448352813721,0.5743016600608826
1996/2/13 0:00,0.6670974493026733,1.6334935426712036,0.671006,0.6745461821556091,0.1214761957526207,0.008262,0.6056424975395203,0.5601294040679932
1996/2/14 0:00,0.6670974493026733,1.6334935426712036,0.66856,0.6876063942909241,0.1214761957526207,0.008306,0.6056424975395203,0.5601294040679932
1996/2/15 0:00,0.6670974493026733,1.6334935426712036,0.668649,0.6745461821556091,0.1214761957526207,0.008244,0.6056424975395203,0.5601294040679932
1996/2/16 0:00,0.6670974493026733,1.6334935426712036,0.667423,0.6745461821556091,0.1214761957526207,0.008197,0.6056424975395203,0.5601294040679932
1996/2/17 0:00,0.6670974493026733,1.6334935426712036,0.664542,0.7048900127410889,0.1214761957526207,0.008385,0.6046285033226013,0.5543204545974731
1996/2/18 0:00,0.6670974493026733,1.6258140802383423,0.663527,0.698788046836853,0.1214761957526207,0.00843,0.6046285033226013,0.5543204545974731
1996/2/19 0:00,0.6670974493026733,1.6334935426712036,0.656708,0.7008085250854492,0.1214761957526207,0.008349,0.6143448352813721,0.5743016600608826
1996/2/20 0:00,0.6670974493026733,1.6334935426712036,0.657566,0.6876063942909241,0.1214761957526207,0.008305,0.6056424975395203,0.5601294040679932
1996/2/21 0:00,0.6670974493026733,1.6334935426712036,0.654944,0.6745461821556091,0.1214761957526207,0.008221,0.6056424975395203,0.5601294040679932
1996/2/22 0:00,0.6670974493026733,1.6334935426712036,0.6555,0.6745461821556091,0.1214761957526207,0.008096,0.6056424975395203,0.5601294040679932
1996/2/23 0:00,0.6670974493026733,1.6334935426712036,0.659283,0.6745461821556091,0.1214761957526207,0.008159,0.6056424975395203,0.5601294040679932
1996/2/24 0:00,0.6670974493026733,1.6334935426712036,0.659914,0.6745461821556091,0.1214761957526207,0.008215,0.6056424975395203,0.5601294040679932
1996/2/25 0:00,0.6670974493026733,1.6334935426712036,0.659239,0.6745461821556091,0.1214761957526207,0.008236,0.6056424975395203,0.5601294040679932
1996/2/26 0:00,0.6670974493026733,1.6334935426712036,0.655883,0.7008085250854492,0.1214761957526207,0.008346,0.6143448352813721,0.5743016600608826
1996/2/27 0:00,0.6670974493026733,1.6334935426712036,0.657077,0.7048900127410889,0.1214761957526207,0.008356,0.6143448352813721,0.5743016600608826
1996/2/28 0:00,0.6621666550636292,1.6195290088653564,0.656188,0.6684442162513733,0.1214761957526207,0.00815587118268013,0.5751805901527405,0.5421556830406189
1996/2/29 0:00,0.6621666550636292,1.6195290088653564,0.654664,0.6684442162513733,0.1214761957526207,0.00815587118268013,0.5751805901527405,0.5421556830406189
1996/3/1 0:00,0.6621666550636292,1.6195290088653564,0.654171,0.6684442162513733,0.1214761957526207,0.00815587118268013,0.5751805901527405,0.5421556830406189
1996/3/2 0:00,0.6621666550636292,1.6195290088653564,0.657225,0.6684442162513733,0.1214761957526207,0.00815587118268013,0.5751805901527405,0.5421556830406189
1996/3/3 0:00,0.6621666550636292,1.6195290088653564,0.658354,0.6684442162513733,0.1214761957526207,0.00815587118268013,0.5751805901527405,0.5421556830406189
1996/3/4 0:00,0.6621666550636292,1.6195290088653564,0.659869,0.6684442162513733,0.1214761957526207,0.00815587118268013,0.5751805901527405,0.5421556830406189
1996/3/5 0:00,0.6621666550636292,1.6195290088653564,0.663769,0.6684442162513733,0.1214761957526207,0.00815587118268013,0.5842246413230896,0.5421556830406189
1996/3/6 0:00,0.6621666550636292,1.6195290088653564,0.663679,0.6684442162513733,0.1214761957526207,0.00815587118268013,0.5842246413230896,0.5421556830406189
1996/3/7 0:00,0.6621666550636292,1.6195290088653564,0.665071,0.6684442162513733,0.1214761957526207,0.00815587118268013,0.5842246413230896,0.5421556830406189
1996/3/8 0:00,0.6621666550636292,1.6195290088653564,0.662098,0.6684442162513733,0.1214761957526207,0.00815587118268013,0.5842246413230896,0.5421556830406189
1996/3/9 0:00,0.6621666550636292,1.6195290088653564,0.660566,0.6684442162513733,0.1214761957526207,0.00815587118268013,0.5751805901527405,0.5421556830406189
1996/3/10 0:00,0.6621666550636292,1.6195290088653564,0.661047,0.6684442162513733,0.1214761957526207,0.00815587118268013,0.5842246413230896,0.5421556830406189
1996/3/11 0:00,0.6621666550636292,1.6195290088653564,0.661025,0.6684442162513733,0.1214761957526207,0.00815587118268013,0.5842246413230896,0.5421556830406189
1996/3/12 0:00,0.6621666550636292,1.6195290088653564,0.662868,0.6684442162513733,0.1214761957526207,0.00815587118268013,0.5842246413230896,0.5421556830406189
1996/3/13 0:00,0.6621666550636292,1.6195290088653564,0.665912,0.6684442162513733,0.1214761957526207,0.00815587118268013,0.5842246413230896,0.5421556830406189
1996/3/14 0:00,0.6621666550636292,1.6195290088653564,0.666778,0.6684442162513733,0.1214761957526207,0.00815587118268013,0.5842246413230896,0.5421556830406189
1996/3/15 0:00,0.638017,1.6195290088653564,0.665625,0.6665023565292358,0.1214761957526207,0.00815587118268013,0.5792940855026245,0.521001398563385
1996/3/16 0:00,0.628148,1.6195290088653564,0.666134,0.662344217300415,0.1214761957526207,0.00815587118268013,0.5729710459709167,0.5074583888053894
1996/3/17 0:00,0.624907,1.6195290088653564,0.667356,0.662344217300415,0.1214761957526207,0.00815587118268013,0.5729710459709167,0.5074583888053894
1996/3/18 0:00,0.63004,1.6195290088653564,0.665779,0.662344217300415,0.1214761957526207,0.00815587118268013,0.5729710459709167,0.5074583888053894
1996/3/19 0:00,0.635001,1.6195290088653564,0.669254,0.6665023565292358,0.1214761957526207,0.00815587118268013,0.5792940855026245,0.521001398563385
1996/3/20 0:00,0.637088,1.6195290088653564,0.671297,0.6665023565292358,0.1214761957526207,0.00815587118268013,0.5792940855026245,0.521001398563385
1996/3/21 0:00,0.637645,1.6195290088653564,0.669904,0.6665023565292358,0.1214761957526207,0.00815587118268013,0.5792940855026245,0.521001398563385
1996/3/22 0:00,0.636543,1.6220355033874512,0.670849,0.653796911239624,0.1214761957526207,0.008684219792485237,0.5983070135116577,0.539595
1996/3/23 0:00,0.647493,1.6220355033874512,0.673354,0.6605471968650818,0.1214761957526207,0.008684219792485237,0.6106147170066833,0.545693
1996/3/24 0:00,0.651647,1.6220355033874512,0.674289,0.6605471968650818,0.1214761957526207,0.008684219792485237,0.6106147170066833,0.549023
1996/3/25 0:00,0.647607,1.6220355033874512,0.671366,0.6605471968650818,0.1214761957526207,0.008684219792485237,0.6106147170066833,0.548461
1996/3/26 0:00,0.647021,1.6220355033874512,0.67195,0.6605471968650818,0.1214761957526207,0.008684219792485237,0.6106147170066833,0.547042
1996/3/27 0:00,0.650999,1.6220355033874512,0.674971,0.6605471968650818,0.1214761957526207,0.008684219792485237,0.6106147170066833,0.547924
1996/3/28 0:00,0.651675,1.6220355033874512,0.676849,0.6605471968650818,0.1214761957526207,0.008684219792485237,0.6106147170066833,0.548267
1996/3/29 0:00,0.648596,1.6220355033874512,0.676538,0.6605471968650818,0.1214761957526207,0.008684219792485237,0.6106147170066833,0.54758
1996/3/30 0:00,0.650231,1.6220355033874512,0.675977,0.6605471968650818,0.1214761957526207,0.008684219792485237,0.6106147170066833,0.548963
1996/3/31 0:00,0.654669,1.6147,0.677277,0.6605471968650818,0.1214761957526207,0.008684219792485237,0.6106147170066833,0.551296
1996/4/1 0:00,0.658612,1.610534,0.681871,0.6605471968650818,0.1214761957526207,0.008684219792485237,0.6106147170066833,0.55584
1996/4/2 0:00,0.662386,1.609318,0.686197,0.6605471968650818,0.1214761957526207,0.008684219792485237,0.6106147170066833,0.559763
1996/4/3 0:00,0.665492,1.607571,0.689624,0.6973352432250977,0.1214761957526207,0.008684219792485237,0.615456759929657,0.561217
1996/4/4 0:00,0.663657,1.620789,0.68793,0.6973352432250977,0.1214761957526207,0.008684219792485237,0.615456759929657,0.559189
1996/4/5 0:00,0.662079,1.632903,0.686333,0.6605471968650818,0.1214761957526207,0.008684219792485237,0.6106147170066833,0.557464
1996/4/6 0:00,0.668629,1.638925,0.686676,0.6745461821556091,0.1214761957526207,0.008684219792485237,0.6212818026542664,0.563655
1996/4/7 0:00,0.670714,1.635065,0.685867,0.6666491627693176,0.1214761957526207,0.008684219792485237,0.6342892050743103,0.560951
1996/4/8 0:00,0.66932,1.629441,0.685484,0.6684442162513733,0.1214761957526207,0.008684219792485237,0.6342892050743103,0.561133
1996/4/9 0:00,0.670533,1.622042,0.687934,0.6973352432250977,0.1214761957526207,0.008684219792485237,0.6212818026542664,0.562507
1996/4/10 0:00,0.667579,1.620138,0.684625,0.665203,0.1214761957526207,0.008684219792485237,0.6164397597312927,0.560115
1996/4/11 0:00,0.668716,1.618673,0.68539,0.662865,0.120818,0.008903177455067635,0.6275017857551575,0.560554
1996/4/12 0:00,0.665448,1.617281,0.683495,0.663878,0.120794,0.009007531218230724,0.5983961224555969,0.557893
1996/4/13 0:00,0.666222,1.619166,0.684859,0.665912,0.120786,0.009007531218230724,0.5983961224555969,0.55913
1996/4/14 0:00,0.670802,1.620273,0.684971,0.665802,0.12078,0.009007531218230724,0.6220706105232239,0.561826
1996/4/15 0:00,0.66315,1.616896,0.68197,0.664851,0.12079,0.009007531218230724,0.5983961224555969,0.552322
1996/4/16 0:00,0.661464,1.61165,0.681995,0.662909,0.120806,0.009007531218230724,0.5983961224555969,0.548495
1996/4/17 0:00,0.660267,1.601173,0.684687,0.658887,0.120807,0.009007531218230724,0.5983961224555969,0.545207
1996/4/18 0:00,0.657851,1.602069,0.685299,0.663172,0.120794,0.009007531218230724,0.5983961224555969,0.543745
1996/4/19 0:00,0.649029,1.595526,0.679299,0.657552,0.120823,0.008903177455067635,0.5946601033210754,0.533903
1996/4/20 0:00,0.648524,1.595653,0.678395,0.65522,0.120805,0.009007531218230724,0.5934257507324219,0.53545
1996/4/21 0:00,0.652736,1.602499,0.679212,0.655335,0.120763,0.009007531218230724,0.5934257507324219,0.535804
1996/4/22 0:00,0.649607,1.603269,0.677251,0.654466,0.120786,0.009007531218230724,0.5934257507324219,0.53437
1996/4/23 0:00,0.641113,1.610352,0.674014,0.656903,0.120771,0.009007531218230724,0.5952810049057007,0.529141
1996/4/24 0:00,0.644317,1.607955,0.675765,0.651283,0.12079,0.009007531218230724,0.579551,0.536247
1996/4/25 0:00,0.647551,1.606159,0.677347,0.650755,0.120795,0.00883676391094923,0.579338,0.525368
1996/4/26 0:00,0.65565,1.608355,0.679935,0.650595,0.120785,0.00883676391094923,0.579078,0.532109
1996/4/27 0:00,0.658325,1.601595,0.679294,0.648421,0.120786,0.009007531218230724,0.579631,0.531876
1996/4/28 0:00,0.659592,1.606532,0.679889,0.655539,0.120845,0.008903177455067635,0.584097,0.530867
1996/4/29 0:00,0.657954,1.599878,0.679256,0.655711,0.120784,0.009007531218230724,0.584127,0.533262
1996/4/30 0:00,0.662668,1.59986,0.684632,0.656191,0.120781,0.009007531218230724,0.582979,0.535806
1996/5/1 0:00,0.664807,1.610598,0.685224,0.658501,0.120789,0.009007531218230724,0.584546,0.540308
1996/5/2 0:00,0.663991,1.608832,0.685299,0.653688,0.120758,0.009007531218230724,0.583684,0.539083
1996/5/3 0:00,0.658567,1.592778,0.683237,0.652583,0.120816,0.008903177455067635,0.584956,0.535931
1996/5/4 0:00,0.656455,1.587821,0.685473,0.646026,0.120804,0.009067793376743793,0.586769,0.534102
1996/5/5 0:00,0.658461,1.593407,0.684394,0.646922,0.120784,0.009007531218230724,0.5934257507324219,0.534835
1996/5/6 0:00,0.652882,1.592483,0.682762,0.649468,0.120829,0.008903177455067635,0.6003934741020203,0.531635
1996/5/7 0:00,0.651136,1.589233,0.679389,0.64653,0.120791,0.009067793376743793,0.5905816555023193,0.530161
1996/5/8 0:00,0.653887,1.589247,0.6821500658988953,0.646804,0.120829,0.008963439613580704,0.5991591215133667,0.530905
1996/5/9 0:00,0.656749,1.578158,0.6875342726707458,0.64631,0.120841,0.008963439613580704,0.6020032167434692,0.533864
1996/5/10 0:00,0.658108,1.584557,0.6875342726707458,0.649854,0.120839,0.008963439613580704,0.6020032167434692,0.536736
1996/5/11 0:00,0.662229,1.590194,0.6875342726707458,0.653537,0.120819,0.008903177455067635,0.5946601033210754,0.535185
1996/5/12 0:00,0.658068,1.582439,0.6912693381309509,0.648615,0.120774,0.009067793376743793,0.5934257507324219,0.533849
1996/5/13 0:00,0.657308,1.579097,0.6858851313591003,0.644941,0.1214761957526207,0.008784793317317963,0.6003934741020203,0.530764
1996/5/14 0:00,0.661136,1.57519,0.6858851313591003,0.643473,0.1214761957526207,0.008784793317317963,0.6003934741020203,0.529424
1996/5/15 0:00,0.67024,1.580012,0.6908315420150757,0.637836,0.1214761957526207,0.008744481950998306,0.6269120573997498,0.533956
1996/5/16 0:00,0.665912,1.5754,0.6858851313591003,0.636723,0.1214761957526207,0.008784793317317963,0.6003934741020203,0.529371
1996/5/17 0:00,0.666001,1.569664,0.6858851313591003,0.638972,0.1214761957526207,0.008784793317317963,0.6003934741020203,0.529811
1996/5/18 0:00,0.664342,1.560125,0.6858851313591003,0.637331,0.1214761957526207,0.008784793317317963,0.6003934741020203,0.526684
1996/5/19 0:00,0.665424,1.557452,0.6858851313591003,0.635907,0.1214761957526207,0.008784793317317963,0.6003934741020203,0.524122
1996/5/20 0:00,0.664939,1.552024,0.6858851313591003,0.634041,0.1214761957526207,0.008784793317317963,0.6003934741020203,0.527073
1996/5/21 0:00,0.662647,1.554702,0.6858851313591003,0.631476,0.1214761957526207,0.008784793317317963,0.6003934741020203,0.524477
1996/5/22 0:00,0.659084,1.55621,0.6858851313591003,0.634467,0.1214761957526207,0.008784793317317963,0.6003934741020203,0.522508
1996/5/23 0:00,0.658801,1.563409,0.6858851313591003,0.636694,0.1214761957526207,0.008784793317317963,0.6003934741020203,0.523003
1996/5/24 0:00,0.663023,1.566658,0.6858851313591003,0.636468,0.1214761957526207,0.008784793317317963,0.6003934741020203,0.524925
1996/5/25 0:00,0.660634,1.56314,0.6858851313591003,0.634874,0.120794,0.009067793376743793,0.5905816555023193,0.523942
1996/5/26 0:00,0.65084,1.562149,0.6858851313591003,0.635185,0.120797,0.009067793376743793,0.5905816555023193,0.520362
1996/5/27 0:00,0.647703,1.570278,0.6821500658988953,0.648777,0.120825,0.008963439613580704,0.5991591215133667,0.521524
1996/5/28 0:00,0.648027,1.575828,0.6858851313591003,0.654917,0.120798,0.009067793376743793,0.5905816555023193,0.527822
1996/5/29 0:00,0.647112,1.585595,0.6821500658988953,0.653912,0.120823,0.008963439613580704,0.5905816555023193,0.527173
1996/5/30 0:00,0.647745,1.578034,0.6912693381309509,0.654438,0.120808,0.009067793376743793,0.5905816555023193,0.532259
1996/5/31 0:00,0.647371,1.591162,0.6858851313591003,0.663548,0.120811,0.008903177455067635,0.5918160080909729,0.526726
1996/6/1 0:00,0.644606,1.589558,0.6858851313591003,0.664209,0.120792,0.009007531218230724,0.5905816555023193,0.523829
1996/6/2 0:00,0.644353,1.594834,0.6858851313591003,0.665779,0.120756,0.009007531218230724,0.5905816555023193,0.52352
1996/6/3 0:00,0.649734,1.613642,0.6848176121711731,0.670536,0.120847,0.008903177455067635,0.6052355170249939,0.528086
1996/6/4 0:00,0.651944,1.61977,0.6848176121711731,0.670306,0.12085,0.008903177455067635,0.6003934741020203,0.531111
1996/6/5 0:00,0.653914,1.617114,0.6895892024040222,0.667802,0.120764,0.009007531218230724,0.5934257507324219,0.533237
1996/6/6 0:00,0.658612,1.620711,0.6908977031707764,0.672924,0.120767,0.009007531218230724,0.5902465581893921,0.536333
1996/6/7 0:00,0.654207,1.619083,0.6908977031707764,0.674492,0.1208,0.009007531218230724,0.5874024629592896,0.532121
1996/6/8 0:00,0.652839,1.616118,0.6861261129379272,0.67288,0.120839,0.00873,0.6052355170249939,0.529234
1996/6/9 0:00,0.653399,1.605838,0.6885526776313782,0.668539,0.120793,0.009007531218230724,0.5905816555023193,0.529455
1996/6/10 0:00,0.651942,1.618911,0.6898611783981323,0.671658,0.120801,0.009007531218230724,0.5874024629592896,0.527609
1996/6/11 0:00,0.648375,1.609916,0.6821500658988953,0.66518,0.120827,0.008903177455067635,0.6003934741020203,0.528538
1996/6/12 0:00,0.649831,1.60872,0.6858851313591003,0.66359,0.120809,0.008903177455067635,0.5918160080909729,0.529886
1996/6/13 0:00,0.651627,1.60438,0.6821500658988953,0.659454,0.12082,0.008903177455067635,0.5918160080909729,0.530158
1996/6/14 0:00,0.649448,1.601211,0.6858851313591003,0.659352,0.120761,0.009007531218230724,0.5905816555023193,0.527409
1996/6/15 0:00,0.649468,1.603828,0.6858851313591003,0.657275,0.12077,0.009007531218230724,0.5905816555023193,0.525064
1996/6/16 0:00,0.647238,1.601236,0.6869216561317444,0.656818,0.120793,0.009007531218230724,0.5934257507324219,0.533764
1996/6/17 0:00,0.636497,1.619159,0.6869216561317444,0.665868,0.120803,0.009007531218230724,0.5981251001358032,0.53401
1996/6/18 0:00,0.639425,1.61356,0.6869216561317444,0.666912,0.120784,0.009007531218230724,0.5981251001358032,0.533397
1996/6/19 0:00,0.63578,1.608289,0.6821500658988953,0.660462,0.12083,0.008903177455067635,0.5954629182815552,0.530911
1996/6/20 0:00,0.636659,1.594515,0.6821500658988953,0.656283,0.120837,0.008903177455067635,0.5954629182815552,0.527229
1996/6/21 0:00,0.634134,1.587179,0.6858851313591003,0.652844,0.120772,0.009067793376743793,0.5952810049057007,0.515786
1996/6/22 0:00,0.630141,1.587304,0.6858851313591003,0.651434,0.120778,0.00921381264925003,0.5952810049057007,0.511326
1996/6/23 0:00,0.632954,1.588815,0.6858851313591003,0.653557,0.120753,0.00921381264925003,0.5952810049057007,0.513165
1996/6/24 0:00,0.632851,1.588133,0.6858851313591003,0.652191,0.120788,0.00921381264925003,0.5952810049057007,0.513105
1996/6/25 0:00,0.638024,1.607652,0.6821500658988953,0.6614,0.120829,0.008903177455067635,0.5954629182815552,0.516696
1996/6/26 0:00,0.638571,1.602186,0.6858851313591003,0.660719,0.120794,0.009007531218230724,0.5952810049057007,0.51448
1996/6/27 0:00,0.64548,1.608332,0.6885526776313782,0.669702,0.120813,0.008903177455067635,0.5918160080909729,0.518912
1996/6/28 0:00,0.646891,1.604382,0.6858851313591003,0.663415,0.120796,0.009007531218230724,0.5905816555023193,0.517901
1996/6/29 0:00,0.646819,1.604881,0.6858851313591003,0.661924,0.120786,0.009007531218230724,0.5905816555023193,0.526421
1996/6/30 0:00,0.649043,1.618157,0.6821500658988953,0.662009,0.120827,0.008903177455067635,0.6003934741020203,0.528058
1996/7/1 0:00,0.652097,1.633246,0.6869216561317444,0.659048,0.120762,0.009007531218230724,0.5905816555023193,0.532486
1996/7/2 0:00,0.6592333912849426,1.616016,0.678262,0.647786,0.12083,0.008903177455067635,0.6032375693321228,0.534077
1996/7/3 0:00,0.6592333912849426,1.61038,0.68034,0.648043,0.1214761957526207,0.008684219792485237,0.6032375693321228,0.53547
1996/7/4 0:00,0.6432790160179138,1.608292,0.678972,0.649101,0.1214761957526207,0.008724531158804893,0.6003934741020203,0.52948
1996/7/5 0:00,0.6432790160179138,1.612675,0.677511,0.647722,0.1214761957526207,0.008724531158804893,0.6003934741020203,0.524126
1996/7/6 0:00,0.6432790160179138,1.624415,0.677575,0.649594,0.1214761957526207,0.008724531158804893,0.6003934741020203,0.523899
1996/7/7 0:00,0.6432790160179138,1.621561,0.678494,0.648202,0.1214761957526207,0.008724531158804893,0.6003934741020203,0.52638
1996/7/8 0:00,0.6432790160179138,1.622626,0.676133,0.648451,0.1214761957526207,0.008724531158804893,0.6003934741020203,0.521973
1996/7/9 0:00,0.6384711265563965,1.631875,0.679188,0.652228,0.12138697504997253,0.008724531158804893,0.588138,0.525926
1996/7/10 0:00,0.6384711265563965,1.637028,0.680834,0.655224,0.1214761957526207,0.008724531158804893,0.585236,0.524714
1996/7/11 0:00,0.6384711265563965,1.636674,0.678235,0.649623,0.1214761957526207,0.008724531158804893,0.582144,0.521071
1996/7/12 0:00,0.6384711265563965,1.643368,0.678678,0.65401,0.1214761957526207,0.008724531158804893,0.585064,0.518686
1996/7/13 0:00,0.6384711265563965,1.646343,0.679263,0.650586,0.1214761957526207,0.008724531158804893,0.586563,0.516237
1996/7/14 0:00,0.6381721496582031,1.649923,0.682442,0.6568,0.1214761957526207,0.00887055043131113,0.58344,0.512748
1996/7/15 0:00,0.6384711265563965,1.642027,0.683132,0.663771,0.1214761957526207,0.008724531158804893,0.585379,0.518208
1996/7/16 0:00,0.6384711265563965,1.646499,0.680272,0.665092,0.12138697504997253,0.008724531158804893,0.588353,0.517586
1996/7/17 0:00,0.6384711265563965,1.653732,0.678802,0.672743,0.12138697504997253,0.008724531158804893,0.590198,0.516301
1996/7/18 0:00,0.6384711265563965,1.655214,0.680365,0.672741,0.12138697504997253,0.008724531158804893,0.592492,0.522896
1996/7/19 0:00,0.6445698738098145,1.652233,0.680716,0.672062,0.12138697504997253,0.008724531158804893,0.597611,0.523458
1996/7/20 0:00,0.660324,1.655463,0.680367,0.672605,0.12138697504997253,0.009296,0.595793,0.522264
1996/7/21 0:00,0.660635,1.653284,0.679739,0.673329,0.12138697504997253,0.009294,0.595023,0.518682
1996/7/22 0:00,0.654362,1.651717,0.678157,0.667045,0.12138697504997253,0.009321,0.594127,0.515004
1996/7/23 0:00,0.656109,1.652747,0.677695,0.674759,0.12138697504997253,0.009403,0.596044,0.517997
1996/7/24 0:00,0.65001,1.652338,0.674926,0.676469,0.12138697504997253,0.009314,0.593459,0.511409
1996/7/25 0:00,0.650039,1.65821,0.674405,0.679666,0.12138697504997253,0.009359,0.595071,0.511346
1996/7/26 0:00,0.647889,1.669894,0.787883460521698,0.685567,0.1655280590057373,0.009491,0.596598,0.511095
1996/7/27 0:00,0.644191,1.670903,0.787883460521698,0.683998,0.1655280590057373,0.009535,0.596993,0.508435
1996/7/28 0:00,0.649166,1.672155,0.787883460521698,0.681128,0.1649797260761261,0.009206902235746384,0.597407,0.510692
1996/7/29 0:00,0.646037,1.664086,0.6868447065353394,0.676473,0.12138697504997253,0.008724531158804893,0.597504,0.513736
1996/7/30 0:00,0.647554,1.677174,0.787883460521698,0.679362,0.1649797260761261,0.009206902235746384,0.598658,0.514618
1996/7/31 0:00,0.649994,1.6231987476348877,0.6858851313591003,0.667579,0.12138697504997253,0.008724531158804893,0.600481,0.516226
1996/8/1 0:00,0.65113,1.6231987476348877,0.6858851313591003,0.667423,0.12138697504997253,0.008724531158804893,0.602022,0.514971
1996/8/2 0:00,0.650403,1.6231987476348877,0.6858851313591003,0.661159,0.12138697504997253,0.008724531158804893,0.600277,0.514268
1996/8/3 0:00,0.643837,1.6231987476348877,0.6858851313591003,0.658326,0.12138697504997253,0.00887055043131113,0.597906,0.508255
1996/8/4 0:00,0.645851,1.6231987476348877,0.6858851313591003,0.656037,0.12138697504997253,0.00887055043131113,0.59982,0.510799
1996/8/5 0:00,0.63732,1.6231987476348877,0.6858851313591003,0.655738,0.12138697504997253,0.00887055043131113,0.601395,0.507638
1996/8/6 0:00,0.638093,1.6231987476348877,0.6858851313591003,0.653912,0.12138697504997253,0.00887055043131113,0.60286,0.508641
1996/8/7 0:00,0.640702,1.6231987476348877,0.6858851313591003,0.653685,0.12138697504997253,0.00887055043131113,0.600493,0.510067
1996/8/8 0:00,0.644007,1.6231987476348877,0.6858851313591003,0.651587,0.12138697504997253,0.00887055043131113,0.598491,0.51188
1996/8/9 0:00,0.638355,1.616348147392273,0.6858851313591003,0.648283,0.120815,0.008903177455067635,0.600096,0.515428
1996/8/10 0:00,0.638593,1.6027021408081055,0.6858851313591003,0.644284,0.1208,0.009153550490736961,0.598277,0.512838
1996/8/11 0:00,0.636983,1.6027021408081055,0.6858851313591003,0.644062,0.120804,0.009153550490736961,0.598982,0.510442
1996/8/12 0:00,0.638318,1.611203670501709,0.6858851313591003,0.646945,0.120788,0.009153550490736961,0.598527,0.509604
1996/8/13 0:00,0.640064,1.611203670501709,0.6858851313591003,0.649925,0.120758,0.009153550490736961,0.596764,0.511636
1996/8/14 0:00,0.643096,1.616348147392273,0.6821500658988953,0.641821,0.120818,0.008903177455067635,0.600012,0.5158
1996/8/15 0:00,0.646561,1.616348147392273,0.6821500658988953,0.642926,0.120844,0.008903177455067635,0.600733,0.520971
1996/8/16 0:00,0.64172,1.6231987476348877,0.6858851313591003,0.643606,0.12138697504997253,0.008724531158804893,0.598718,0.51877
1996/8/17 0:00,0.639765,1.6231987476348877,0.6858851313591003,0.648298,0.12138697504997253,0.008724531158804893,0.599005,0.51404
1996/8/18 0:00,0.640156,1.6231987476348877,0.6858851313591003,0.643574,0.12138697504997253,0.00887055043131113,0.598348,0.513224
1996/8/19 0:00,0.638694,1.6231987476348877,0.6858851313591003,0.643459,0.12138697504997253,0.00887055043131113,0.599257,0.509629
1996/8/20 0:00,0.637129,1.6231987476348877,0.6858851313591003,0.645216,0.12138697504997253,0.00887055043131113,0.599114,0.511031
1996/8/21 0:00,0.635953,1.6231987476348877,0.6858851313591003,0.64147,0.12138697504997253,0.00887055043131113,0.599041,0.510886
1996/8/22 0:00,0.633171,1.6231987476348877,0.6858851313591003,0.635942,0.12138697504997253,0.00887055043131113,0.60006,0.510799
1996/8/23 0:00,0.635729,1.6231987476348877,0.6858851313591003,0.637644,0.12138697504997253,0.008724531158804893,0.598205,0.513891
1996/8/24 0:00,0.635302,1.6231987476348877,0.6858851313591003,0.632958,0.12138697504997253,0.00887055043131113,0.598385,0.511146
1996/8/25 0:00,0.636723,1.6231987476348877,0.6858851313591003,0.630031,0.12138697504997253,0.008724531158804893,0.595013,0.514158
1996/8/26 0:00,0.636393,1.6231987476348877,0.6858851313591003,0.629001,0.12138697504997253,0.00887055043131113,0.594648,0.510517
1996/8/27 0:00,0.635468,1.596757,0.6858851313591003,0.627811,0.12138697504997253,0.00887055043131113,0.595182,0.510002
1996/8/28 0:00,0.633285,1.597035,0.6858851313591003,0.627069,0.12138697504997253,0.00887055043131113,0.592729,0.507568
1996/8/29 0:00,0.633524,1.600712,0.6858851313591003,0.62806,0.12138697504997253,0.00887055043131113,0.59424,0.505124
1996/8/30 0:00,0.634253,1.623649,0.6858851313591003,0.641364,0.12138697504997253,0.00887055043131113,0.594977,0.505718
1996/8/31 0:00,0.635716,1.622557,0.6858851313591003,0.639566,0.12138697504997253,0.00887055043131113,0.595922,0.507277
1996/9/1 0:00,0.637744,1.624328,0.6858851313591003,0.640577,0.12138697504997253,0.00887055043131113,0.595262,0.508778
1996/9/2 0:00,0.640056,1.623829,0.6858851313591003,0.635549,0.12138697504997253,0.00887055043131113,0.596223,0.507686
1996/9/3 0:00,0.636682,1.622665,0.6858851313591003,0.634822,0.12138697504997253,0.00887055043131113,0.597041,0.493928
1996/9/4 0:00,0.633388,1.623368,0.6858851313591003,0.632164,0.12138697504997253,0.00887055043131113,0.596388,0.491575
1996/9/5 0:00,0.635723,1.611084,0.6858851313591003,0.628956,0.12138697504997253,0.00887055043131113,0.595084,0.495225
1996/9/6 0:00,0.635653,1.608077,0.6858851313591003,0.629411,0.12138697504997253,0.00887055043131113,0.596337,0.492363
1996/9/7 0:00,0.642531,1.613205,0.6858851313591003,0.634656,0.12138697504997253,0.00887055043131113,0.596776,0.508516
1996/9/8 0:00,0.642187,1.607766,0.6858851313591003,0.629226,0.12138697504997253,0.00887055043131113,0.597121,0.506613
1996/9/9 0:00,0.641799,1.604023,0.6858851313591003,0.629059,0.12138697504997253,0.00887055043131113,0.599102,0.504516
1996/9/10 0:00,0.643887,1.609616,0.6858851313591003,0.631247,0.12138697504997253,0.008724531158804893,0.598623,0.513722
1996/9/11 0:00,0.644362,1.605333,0.6858851313591003,0.630073,0.12138697504997253,0.00887055043131113,0.600096,0.512382
1996/9/12 0:00,0.645153,1.616016,0.6858851313591003,0.634115,0.12138697504997253,0.008724531158804893,0.598169,0.515821
1996/9/13 0:00,0.643032,1.6153,0.6858851313591003,0.630842,0.12138697504997253,0.008724531158804893,0.598718,0.515331
1996/9/14 0:00,0.650494,1.616268,0.6858851313591003,0.625916,0.12138697504997253,0.008724531158804893,0.600901,0.520654
1996/9/15 0:00,0.653761,1.611572,0.6858851313591003,0.624836,0.12138697504997253,0.008724531158804893,0.600024,0.522398
1996/9/16 0:00,0.657118,1.615811,0.6858851313591003,0.627771,0.12138697504997253,0.008724531158804893,0.6006,0.522598
1996/9/17 0:00,0.656404,1.635972,0.6858851313591003,0.642394,0.12138697504997253,0.008724531158804893,0.604973,0.519489
1996/9/18 0:00,0.655218,1.641833,0.6828686594963074,0.644044,0.12138697504997253,0.008724531158804893,0.604167,0.517872
1996/9/19 0:00,0.654365,1.647577,0.6828686594963074,0.643445,0.12138697504997253,0.008724531158804893,0.600312,0.514888
1996/9/20 0:00,0.655656,1.638863,0.6828686594963074,0.640346,0.12138697504997253,0.008724531158804893,0.602082,0.516582
1996/9/21 0:00,0.656363,1.637846,0.6858851313591003,0.636543,0.12138697504997253,0.008724531158804893,0.601987,0.516728
1996/9/22 0:00,0.657374,1.64914,0.6828686594963074,0.641054,0.12138697504997253,0.008724531158804893,0.599413,0.517026
1996/9/23 0:00,0.657851,1.646524,0.6841771602630615,0.6618407368659973,0.12138697504997253,0.008724531158804893,0.599245,0.518323
1996/9/24 0:00,0.668294,1.649633,0.6884047389030457,0.6973352432250977,0.12138697504997253,0.008724531158804893,0.598838,0.524324
1996/9/25 0:00,0.6666,1.63667,0.6871936321258545,0.6618407368659973,0.12138697504997253,0.008724531158804893,0.596848,0.520944
1996/9/26 0:00,0.663813,1.631286,0.6871936321258545,0.6557387709617615,0.12138697504997253,0.008724531158804893,0.597635,0.516995
1996/9/27 0:00,0.664098,1.636883,0.6871936321258545,0.6618407368659973,0.12138697504997253,0.008724531158804893,0.598195,0.517491
1996/9/28 0:00,0.664232,1.644252,0.6841771602630615,0.6618407368659973,0.12138697504997253,0.008724531158804893,0.596099,0.515964
1996/9/29 0:00,0.666711,1.654148,0.6841771602630615,0.6692914366722107,0.12138697504997253,0.00887055043131113,0.596563,0.513171
1996/9/30 0:00,0.663331,1.651196,0.6841771602630615,0.6618407368659973,0.12138697504997253,0.00887055043131113,0.596718,0.51034
1996/10/1 0:00,0.654038,1.652015,0.6841771602630615,0.6618407368659973,0.12138697504997253,0.00887055043131113,0.594852,0.506481
1996/10/2 0:00,0.654083,1.649383,0.6841771602630615,0.6618407368659973,0.12138697504997253,0.00887055043131113,0.593216,0.507457
1996/10/3 0:00,0.650299,1.638737,0.6871936321258545,0.6618407368659973,0.12138697504997253,0.00887055043131113,0.590488,0.506867
1996/10/4 0:00,0.654721,1.636224,0.6871936321258545,0.6618407368659973,0.12138697504997253,0.00887055043131113,0.591743,0.506946
1996/10/5 0:00,0.627544,1.621043,0.6857384443283081,0.6496387720108032,0.1214761957526207,0.00887055043131113,0.585847,0.486354
1996/10/6 0:00,0.638465,1.618954,0.6871936321258545,0.653796911239624,0.12138697504997253,0.00887055043131113,0.587779,0.495396
1996/10/7 0:00,0.631356,1.614749,0.6871936321258545,0.653796911239624,0.12138697504997253,0.00887055043131113,0.589115,0.490443
1996/10/8 0:00,0.636421,1.606045,0.692654,0.6953933835029602,0.12138697504997253,0.00887055043131113,0.58864,0.490024
1996/10/9 0:00,0.638919,1.603244,0.694304,0.6973352432250977,0.12138697504997253,0.00887055043131113,0.59,0.497389
1996/10/10 0:00,0.632451,1.589904,0.691186,0.6953933835029602,0.12138697504997253,0.00887055043131113,0.591436,0.494729
1996/10/11 0:00,0.634327,1.591658,0.691802,0.6953933835029602,0.12138697504997253,0.00887055043131113,0.590405,0.493803
1996/10/12 0:00,0.634978,1.609616,0.69133,0.6953933835029602,0.12138697504997253,0.00887055043131113,0.58928,0.494046
1996/10/13 0:00,0.634356,1.611775,0.692606,0.6953933835029602,0.12138697504997253,0.00887055043131113,0.591686,0.49159
1996/10/14 0:00,0.632524,1.605712,0.689655,0.6953933835029602,0.12138697504997253,0.00887055043131113,0.591288,0.493751
1996/10/15 0:00,0.628056,1.591529,0.689292,0.6912352442741394,0.12138697504997253,0.00887055043131113,0.590113,0.491759
1996/10/16 0:00,0.628685,1.588886,0.687543,0.6912352442741394,0.12138697504997253,0.0089308125898242,0.589497,0.487215
1996/10/17 0:00,0.6423046588897705,1.595213,0.685983,0.6557387709617615,0.12138697504997253,0.00887055043131113,0.589408,0.487666
1996/10/18 0:00,0.6501837968826294,1.604311,0.68924,0.6973352432250977,0.1214761957526207,0.00887055043131113,0.586561,0.490335
1996/10/19 0:00,0.6501837968826294,1.605176,0.688266,0.6973352432250977,0.1214761957526207,0.00887055043131113,0.586201,0.493485
1996/10/20 0:00,0.6423046588897705,1.597973,0.68893,0.6973352432250977,0.1214761957526207,0.00887055043131113,0.58699,0.49138
1996/10/21 0:00,0.6501837968826294,1.599866,0.687677,0.6973352432250977,0.1214761957526207,0.00887055043131113,0.585956,0.490461
1996/10/22 0:00,0.6501837968826294,1.617566,0.685062,0.6557387709617615,0.1214761957526207,0.00887055043131113,0.584899,0.49242
1996/10/23 0:00,0.6207898259162903,1.605561,0.683352,0.6735970377922058,0.1214761957526207,0.008998,0.583324,0.486959
1996/10/24 0:00,0.6207898259162903,1.598021,0.68316,0.6735970377922058,0.1214761957526207,0.009034,0.583265,0.485357
1996/10/25 0:00,0.6194989681243896,1.592341,0.688343,0.7303586602210999,0.1214761957526207,0.009021,0.5990706086158752,0.487205
1996/10/26 0:00,0.6194989681243896,1.589595,0.689042,0.7303586602210999,0.1214761957526207,0.00915,0.5990706086158752,0.483558
1996/10/27 0:00,0.6194989681243896,1.593359,0.688167,0.7303586602210999,0.1214761957526207,0.00908,0.5990706086158752,0.484845
1996/10/28 0:00,0.6276751756668091,1.581316,0.688679,0.7303586602210999,0.1214761957526207,0.009164,0.5990706086158752,0.483806
1996/10/29 0:00,0.6418120861053467,1.585976,0.69012,0.7290760278701782,0.1214761957526207,0.009317,0.5990706086158752,0.4907
1996/10/30 0:00,0.6276751756668091,1.578631,0.688459,0.7573480606079102,0.1214761957526207,0.009309,0.5990706086158752,0.487156
1996/10/31 0:00,0.6276751756668091,1.580168,0.688805,0.7303586602210999,0.1214761957526207,0.009286,0.5990706086158752,0.486395
1996/11/1 0:00,0.6276751756668091,1.569929,0.688262,0.721494734287262,0.1214761957526207,0.009294,0.5990706086158752,0.483207
1996/11/2 0:00,0.6276751756668091,1.578484,0.687118,0.7005864381790161,0.1214761957526207,0.009337,0.5990706086158752,0.4812
1996/11/3 0:00,0.6499882936477661,1.582275,0.687032,0.6723144054412842,0.1214761957526207,0.009385,0.6040011644363403,0.490996
1996/11/4 0:00,0.648098349571228,1.576742,0.686758,0.6629138588905334,0.120807,0.009421,0.5905816555023193,0.494098
1996/11/5 0:00,0.6395325064659119,1.578831,0.686051,0.6993038058280945,0.120752,0.009493,0.5914671421051025,0.492149
1996/11/6 0:00,0.6395325064659119,1.571071,0.684877,0.6629138588905334,0.120754,0.009512,0.5952810049057007,0.491554
1996/11/7 0:00,0.6395325064659119,1.570015,0.682985,0.6629138588905334,0.120745,0.009466,0.5946463346481323,0.487349
1996/11/8 0:00,0.625785231590271,1.573787,0.678032,0.6641964912414551,0.120795,0.009468,0.5952810049057007,0.484258
1996/11/9 0:00,0.6208834648132324,1.572371,0.678032,0.6641964912414551,0.120734,0.009465,0.5946463346481323,0.484403
1996/11/10 0:00,0.6208834648132324,1.572014,0.680896,0.6641964912414551,0.120733,0.009374,0.5946463346481323,0.482952
1996/11/11 0:00,0.654758632183075,1.567643,0.68154,0.6629138588905334,0.120762,0.009384,0.5905816555023193,0.4874
1996/11/12 0:00,0.654758632183075,1.567757,0.680915,0.6629138588905334,0.120798,0.009384,0.5905816555023193,0.487551
1996/11/13 0:00,0.6276751756668091,1.577285,0.680267,0.667890727519989,0.120834,0.009323,0.5942285656929016,0.486751
1996/11/14 0:00,0.6264545321464539,1.5878,0.681657,0.6735970377922058,0.120744,0.009305,0.5914671421051025,0.489049
1996/11/15 0:00,0.6264545321464539,1.591064,0.686214,0.6735970377922058,0.120724,0.009372,0.5914671421051025,0.497199
1996/11/16 0:00,0.6321408748626709,1.5865,0.6871936321258545,0.6735970377922058,0.120732,0.009408,0.5914671421051025,0.502451
1996/11/17 0:00,0.6321408748626709,1.586776,0.6871936321258545,0.6735970377922058,0.120729,0.009466,0.5914671421051025,0.4996
1996/11/18 0:00,0.6456084847450256,1.592478,0.6871936321258545,0.6723144054412842,0.120803,0.009468,0.5874024629592896,0.4988
1996/11/19 0:00,0.6456084847450256,1.593503,0.6871936321258545,0.6723144054412842,0.12078,0.009518,0.5874024629592896,0.494752
1996/11/20 0:00,0.6456084847450256,1.594038,0.6834585666656494,0.6723144054412842,0.120818,0.009532,0.5874024629592896,0.4981
1996/11/21 0:00,0.6399221420288086,1.597439,0.689781,0.7108389735221863,0.12081,0.009517,0.5921018123626709,0.497451
1996/11/22 0:00,0.6399221420288086,1.594519,0.6868,0.6723144054412842,0.120804,0.009489,0.5921018123626709,0.50015
1996/11/23 0:00,0.6399221420288086,1.587659,0.689076,0.7108389735221863,0.120792,0.009534,0.5921018123626709,0.501501
1996/11/24 0:00,0.648098349571228,1.579058,0.68711,0.6690411567687988,0.120804,0.009495,0.5905816555023193,0.498301
1996/11/25 0:00,0.6346307396888733,1.58011,0.686342,0.6735970377922058,0.12074,0.009402,0.5914671421051025,0.496901
1996/11/26 0:00,0.6264545321464539,1.585941,0.682432,0.6735970377922058,0.120743,0.009493,0.5914671421051025,0.4981
1996/11/27 0:00,0.6264545321464539,1.585941,0.682432,0.6735970377922058,0.120743,0.009493,0.5914671421051025,0.4981
1996/11/28 0:00,0.6418120861053467,1.587782,0.683995,0.6723144054412842,0.1214761957526207,0.00946,0.5990706086158752,0.498599
1996/11/29 0:00,0.6499882936477661,1.5829,0.680566,0.6723144054412842,0.1214761957526207,0.00945,0.6040011644363403,0.497249
1996/11/30 0:00,0.6418120861053467,1.588623,0.675497,0.6723144054412842,0.12082618474960327,0.009648,0.6015297174453735,0.495348
1996/12/1 0:00,0.6499882936477661,1.5825,0.672992,0.6723144054412842,0.12082618474960327,0.009591,0.6064602732658386,0.494648
1996/12/2 0:00,0.6499882936477661,1.581158,0.676546,0.6723144054412842,0.12082618474960327,0.009559,0.6064602732658386,0.4978
1996/12/3 0:00,0.6499882936477661,1.579532,0.678402,0.6723144054412842,0.12082618474960327,0.00955,0.6064602732658386,0.496101
1996/12/4 0:00,0.6499882936477661,1.580084,0.678293,0.6723144054412842,0.1214761957526207,0.009475,0.6040011644363403,0.493551
1996/12/5 0:00,0.6499882936477661,1.578073,0.67887,0.6634504795074463,0.1214761957526207,0.009477,0.5991591215133667,0.494047
1996/12/6 0:00,0.6499882936477661,1.576627,0.677944,0.6634504795074463,0.1214761957526207,0.009476,0.5991591215133667,0.495802
1996/12/7 0:00,0.6276751756668091,1.575358,0.680902,0.6647331118583679,0.1214761957526207,0.009429,0.5942285656929016,0.486695
1996/12/8 0:00,0.6276751756668091,1.573157,0.67719,0.6647331118583679,0.1214761957526207,0.009415,0.5942285656929016,0.486357
1996/12/9 0:00,0.656648576259613,1.56697,0.67764,0.6634504795074463,0.1214761957526207,0.009383,0.5991591215133667,0.4876
1996/12/10 0:00,0.634335458278656,1.555644,0.674427,0.6647331118583679,0.1214761957526207,0.009256,0.6029999852180481,0.483597
1996/12/11 0:00,0.634335458278656,1.558712,0.676658,0.6647331118583679,0.1214761957526207,0.009224,0.5942285656929016,0.486305
1996/12/12 0:00,0.6346353888511658,1.573967456817627,0.672835,0.6647331118583679,0.1214761957526207,0.009189,0.5942285656929016,0.491748
1996/12/13 0:00,0.6327454447746277,1.5788686275482178,0.670307,0.7005864381790161,0.120774,0.009171,0.5921018123626709,0.488349
1996/12/14 0:00,0.619277834892273,1.5746254920959473,0.668852,0.6641964912414551,0.120714,0.009294,0.5946463346481323,0.490547
1996/12/15 0:00,0.6055305600166321,1.5746254920959473,0.670892,0.6335811614990234,0.120716,0.009231,0.5946463346481323,0.485857
1996/12/16 0:00,0.6104323267936707,1.5788686275482178,0.670827,0.6699711084365845,0.1208,0.009172,0.5868823528289795,0.480052
1996/12/17 0:00,0.6104323267936707,1.6512202024459839,0.671275,0.6429817080497742,0.120819,0.009154,0.5868823528289795,0.478752
1996/12/18 0:00,0.6104323267936707,1.6469770669937134,0.672743,0.6429817080497742,0.120823,0.00922,0.5868823528289795,0.4749
1996/12/19 0:00,0.6104323267936707,1.6469770669937134,0.672743,0.6429817080497742,0.120823,0.00922,0.5868823528289795,0.4749
1996/12/20 0:00,0.6123222708702087,1.5831106901168823,0.672858,0.6429817080497742,0.120829,0.009203,0.5879560708999634,0.47461
1996/12/21 0:00,0.5954239964485168,1.6010427474975586,0.672565,0.584435,0.120819,0.009175,0.5806210041046143,0.472553
1996/12/22 0:00,0.5973139405250549,1.5396307706832886,0.672136,0.58049,0.120862,0.009153,0.5904661417007446,0.463968
1996/12/23 0:00,0.5826587677001953,1.5084846019744873,0.667,0.574747,0.120856,0.008747344836592674,0.576606035232544,0.456137
1996/12/24 0:00,0.5848323106765747,1.5298811197280884,0.667111,0.57544,0.120812,0.008747344836592674,0.5755323171615601,0.456091
1996/12/25 0:00,0.571814,1.4554755687713623,0.668874,0.580162,0.12078,0.009219950996339321,0.5893924236297607,0.457146
1996/12/26 0:00,0.5763,1.53835928440094,0.667713,0.582843,0.12082,0.008747344836592674,0.5755323171615601,0.460962
1996/12/27 0:00,0.572428,1.4554755687713623,0.663702,0.582261,0.120758,0.009219950996339321,0.5893924236297607,0.451936
1996/12/28 0:00,0.56767,1.4554755687713623,0.661636,0.579054,0.120764,0.009219950996339321,0.5893924236297607,0.452755
1996/12/29 0:00,0.570614,1.4554755687713623,0.664983,0.584596,0.120755,0.009219950996339321,0.5893924236297607,0.454218
1996/12/30 0:00,0.578073,1.5298811197280884,0.666933,0.596992,0.120753,0.008851698599755764,0.5755323171615601,0.461216
1996/12/31 0:00,0.578189,1.5298811197280884,0.666733,0.596753,0.120753,0.008851698599755764,0.5755323171615601,0.461446
1997/1/1 0:00,0.573128,1.4554755687713623,0.665381,0.593635,0.120764,0.009219950996339321,0.5893924236297607,0.458483
1997/1/2 0:00,0.572314,1.4554755687713623,0.668896,0.593765,0.120803,0.009219950996339321,0.5893924236297607,0.457837
1997/1/3 0:00,0.570957,1.4714704751968384,0.670896,0.595096,0.120827,0.009115597233176231,0.5904661417007446,0.4565
1997/1/4 0:00,0.583575,1.5869215726852417,0.677557,0.599748,0.120756,0.008702948689460754,0.5755323171615601,0.470412
1997/1/5 0:00,0.581616,1.6156165599822998,0.677616,0.601734,0.120873,0.008538332767784595,0.5725668668746948,0.468066
1997/1/6 0:00,0.5887,1.6156165599822998,0.677938,0.609783,0.120837,0.008538332767784595,0.5725668668746948,0.472458
1997/1/7 0:00,0.5893,1.6156165599822998,0.675793,0.612773,0.120858,0.008538332767784595,0.5725668668746948,0.469959
1997/1/8 0:00,0.586,1.6156165599822998,0.677848,0.61025,0.120826,0.008538332767784595,0.5725668668746948,0.467407
1997/1/9 0:00,0.589241,1.5869215726852417,0.67895,0.609743,0.120755,0.008702948689460754,0.5755323171615601,0.469488
1997/1/10 0:00,0.594122,1.6156165599822998,0.67847,0.612923,0.120841,0.008538332767784595,0.5725668668746948,0.472642
1997/1/11 0:00,0.60226,1.5934464931488037,0.681137,0.616281,0.120783,0.008696281351149082,0.5817936658859253,0.475462
1997/1/12 0:00,0.598001,1.6156165599822998,0.680063,0.608481,0.120868,0.008538332767784595,0.5725668668746948,0.467606
1997/1/13 0:00,0.608022,1.6080982685089111,0.678996,0.61336,0.12088,0.008759493008255959,0.579436,0.475895
1997/1/14 0:00,0.602199,1.6080982685089111,0.681379,0.616918,0.120832,0.008198524825274944,0.577743,0.476638
1997/1/15 0:00,0.60464,1.5934464931488037,0.681663,0.614005,0.120793,0.008525514043867588,0.577027,0.476291
1997/1/16 0:00,0.59938,1.6080982685089111,0.679421,0.612862,0.120838,0.008198524825274944,0.577092,0.474247
1997/1/17 0:00,0.59924,1.5934464931488037,0.678264,0.609074,0.120803,0.008471919223666191,0.576327,0.4733
1997/1/18 0:00,0.595419,1.6080982685089111,0.677984,0.606428,0.120867,0.008144930005073547,0.577201,0.469706
1997/1/19 0:00,0.593119,1.5934464931488037,0.671932,0.602423,0.120812,0.008223536424338818,0.576537,0.468506
1997/1/20 0:00,0.60148,1.5934464931488037,0.674289,0.607655,0.120799,0.008471919223666191,0.577016,0.471147
1997/1/21 0:00,0.60132,1.6080982685089111,0.673085,0.609345,0.120846,0.008144930005073547,0.576072,0.467247
1997/1/22 0:00,0.60132,1.5934464931488037,0.675542,0.607647,0.120814,0.008223536424338818,0.576759,0.466007
1997/1/23 0:00,0.601,1.5934464931488037,0.674447,0.614256,0.120811,0.008223536424338818,0.578253,0.469853
1997/1/24 0:00,0.59884,1.5934464931488037,0.675198,0.611587,0.120805,0.008471919223666191,0.577534,0.467953
1997/1/25 0:00,0.59918,1.560677170753479,0.674767,0.610545,0.120813,0.008432548493146896,0.577389,0.465333
1997/1/26 0:00,0.594597,1.5252374410629272,0.672448,0.615247,0.120852,0.008353942073881626,0.575993,0.463061
1997/1/27 0:00,0.591716,1.5626304149627686,0.673401,0.614548,0.120819,0.008432548493146896,0.57621,0.458546
1997/1/28 0:00,0.586765,1.5009663105010986,0.67367,0.614855,0.120844,0.008722194470465183,0.575922,0.458546
1997/1/29 0:00,0.594738,1.560677170753479,0.674904,0.615655,0.120759,0.00863493513315916,0.575499,0.463232
1997/1/30 0:00,0.591118,1.5493414402008057,0.676998,0.615087,0.120745,0.008566420525312424,0.573988,0.4762920141220093
1997/1/31 0:00,0.591204,1.553734302520752,0.676087,0.612107,0.120816,0.008329310454428196,0.574268,0.476526141166687
1997/2/1 0:00,0.590595,1.5493414402008057,0.674403,0.603511,0.120726,0.008566420525312424,0.574375,0.46612274646759033
1997/2/2 0:00,0.5853,1.518545389175415,0.675583,0.604061,0.120774,0.008566420525312424,0.574621,0.476526141166687
1997/2/3 0:00,0.585734,1.4940234422683716,0.674013,0.604875,0.120827,0.008618956431746483,0.572533,0.46612274646759033
1997/2/4 0:00,0.584108,1.4926,0.67542,0.604203,0.120774,0.00893467292189598,0.57241,0.476526141166687
1997/2/5 0:00,0.582242,1.494447,0.67824,0.595982,0.120839,0.008618956431746483,0.573288,0.4744288921356201
1997/2/6 0:00,0.575885,1.4961,0.677942,0.595877,0.120743,0.00893467292189598,0.572803,0.476526141166687
1997/2/7 0:00,0.584941,1.512603,0.679908,0.603815,0.120779,0.008566420525312424,0.573065,0.476526141166687
1997/2/8 0:00,0.585383,1.515306,0.681601,0.600528,0.1208,0.008566420525312424,0.57346,0.476526141166687
1997/2/9 0:00,0.584066,1.516507,0.682432,0.603636,0.1214761957526207,0.008103837259113789,0.573017,0.4752342998981476
1997/2/10 0:00,0.590141,1.518941,0.681106,0.606075,0.1214761957526207,0.008103837259113789,0.57351,0.475564181804657
1997/2/11 0:00,0.591296,1.5705846548080444,0.682196,0.604864,0.1214761957526207,0.008134733885526657,0.576983,0.471337229013443
1997/2/12 0:00,0.588282,1.5397886037826538,0.678702,0.599102,0.1214761957526207,0.008134733885526657,0.577374,0.47351163625717163
1997/2/13 0:00,0.57909,1.5947091579437256,0.6653350591659546,0.597466,0.1214761957526207,0.007925721816718578,0.577489,0.46310824155807495
1997/2/14 0:00,0.578211,1.5947091579437256,0.6653350591659546,0.598336,0.1214761957526207,0.007925721816718578,0.577079,0.46310824155807495
1997/2/15 0:00,0.581068,1.5947091579437256,0.6653350591659546,0.594445,0.1214761957526207,0.007925721816718578,0.57853,0.46310824155807495
1997/2/16 0:00,0.584675,1.5835719108581543,0.6653350591659546,0.589828,0.1214761957526207,0.008048567920923233,0.579429,0.46310824155807495
1997/2/17 0:00,0.583792,1.5835719108581543,0.6653350591659546,0.585577,0.1214761957526207,0.008048567920923233,0.581386,0.46310824155807495
1997/2/18 0:00,0.584283,1.5835719108581543,0.6653350591659546,0.587572,0.1214761957526207,0.007985983975231647,0.579213,0.46310824155807495
1997/2/19 0:00,0.586,1.5835719108581543,0.6795703768730164,0.585553,0.1214761957526207,0.008048567920923233,0.579798,0.46961456537246704
1997/2/20 0:00,0.582116,1.5835719108581543,0.6653350591659546,0.581888,0.1214761957526207,0.008048567920923233,0.580831,0.46310824155807495
1997/2/21 0:00,0.578558,1.5835719108581543,0.6653350591659546,0.584859,0.1214761957526207,0.008048567920923233,0.583071,0.46310824155807495
1997/2/22 0:00,0.581675,1.5835719108581543,0.6653350591659546,0.588599,0.1214761957526207,0.008048567920923233,0.583766,0.46310824155807495
1997/2/23 0:00,0.578284,1.5397886037826538,0.674444,0.581348,0.1214761957526207,0.008197317831218243,0.583548,0.46310824155807495
1997/2/24 0:00,0.583025,1.5397886037826538,0.673761,0.58548,0.1214761957526207,0.008197317831218243,0.581168,0.46310824155807495
1997/2/25 0:00,0.588176,1.5397886037826538,0.675152,0.58215,0.1214761957526207,0.008197317831218243,0.581951,0.47351163625717163
1997/2/26 0:00,0.590795,1.5705846548080444,0.677623,0.586116,0.1214761957526207,0.008197317831218243,0.582804,0.46961456537246704
1997/2/27 0:00,0.593137,1.5705846548080444,0.678428,0.586421,0.1214761957526207,0.008197317831218243,0.5750972032546997,0.48372510075569153
1997/2/28 0:00,0.589164,1.5397886037826538,0.678266,0.580117,0.1214761957526207,0.008197317831218243,0.5776926279067993,0.47351163625717163
1997/3/1 0:00,0.589305,1.5397886037826538,0.677325,0.576846,0.1214761957526207,0.008197317831218243,0.5776926279067993,0.47351163625717163
1997/3/2 0:00,0.567557,1.4724041223526,0.674513,0.575583,0.1214761957526207,0.0085655702278018,0.5716168880462646,0.4654998183250427
1997/3/3 0:00,0.571929,1.4724041223526,0.673491,0.580671,0.1214761957526207,0.0085655702278018,0.5716168880462646,0.4651607871055603
1997/3/4 0:00,0.5853813886642456,1.5397886037826538,0.673739,0.58061,0.1214761957526207,0.008197317831218243,0.5776926279067993,0.46310824155807495
1997/3/5 0:00,0.5853813886642456,1.5397886037826538,0.674013,0.584029,0.1214761957526207,0.008197317831218243,0.5776926279067993,0.46310824155807495
1997/3/6 0:00,0.5853813886642456,1.5397886037826538,0.67472,0.582445,0.1214761957526207,0.008197317831218243,0.5776926279067993,0.46310824155807495
1997/3/7 0:00,0.5853813886642456,1.5397886037826538,0.674397,0.574144,0.1214761957526207,0.008197317831218243,0.5776926279067993,0.46310824155807495
1997/3/8 0:00,0.5853813886642456,1.5397886037826538,0.678034,0.578266,0.1214761957526207,0.008197317831218243,0.5776926279067993,0.47351163625717163
1997/3/9 0:00,0.5853813886642456,1.5397886037826538,0.679859,0.573592,0.1214761957526207,0.008197317831218243,0.5776926279067993,0.47351163625717163
1997/3/10 0:00,0.5853813886642456,1.5397886037826538,0.679506,0.580773,0.1214761957526207,0.008197317831218243,0.5776926279067993,0.47351163625717163
1997/3/11 0:00,0.5853813886642456,1.5397886037826538,0.678654,0.576325,0.1214761957526207,0.008197317831218243,0.5776926279067993,0.47351163625717163
1997/3/12 0:00,0.5853813886642456,1.5397886037826538,0.676158,0.569039,0.1214761957526207,0.008197317831218243,0.5776926279067993,0.47351163625717163
1997/3/13 0:00,0.5853813886642456,1.5397886037826538,0.674014,0.560574,0.1214761957526207,0.008197317831218243,0.5776926279067993,0.46310824155807495
1997/3/14 0:00,0.6681427955627441,1.6195290088653564,0.677964,0.6684442162513733,0.1214761957526207,0.00815587118268013,0.5933213233947754,0.5565245151519775
1997/3/15 0:00,0.6681427955627441,1.6195290088653564,0.676343,0.6684442162513733,0.1214761957526207,0.00815587118268013,0.5933213233947754,0.5565245151519775
1997/3/16 0:00,0.6681427955627441,1.6195290088653564,0.675902,0.6684442162513733,0.1214761957526207,0.00815587118268013,0.5933213233947754,0.5565245151519775
1997/3/17 0:00,0.6681427955627441,1.6195290088653564,0.677,0.6684442162513733,0.1214761957526207,0.00815587118268013,0.5933213233947754,0.5565245151519775
1997/3/18 0:00,0.6621666550636292,1.541818618774414,0.671254,0.6593421101570129,0.120861,0.008713639341294765,0.5919948220252991,0.5366232991218567
1997/3/19 0:00,0.6136049032211304,1.6433454751968384,0.672136,0.6190234422683716,0.120803,0.008604288101196289,0.5766419768333435,0.5030977129936218
1997/3/20 0:00,0.6136049032211304,1.638952612876892,0.673313,0.6190234422683716,0.120778,0.008604288101196289,0.5766419768333435,0.5030977129936218
1997/3/21 0:00,0.6621666550636292,1.5369826555252075,0.672583,0.6593421101570129,0.12084,0.008713639341294765,0.5919948220252991,0.5366232991218567
1997/3/22 0:00,0.6730735898017883,1.5323686599731445,0.674104,0.6702278852462769,0.120846,0.00938,0.6316050291061401,0.5457912087440491
1997/3/23 0:00,0.5467731356620789,1.4836747646331787,0.674174,0.6170690059661865,0.1214761957526207,0.009395,0.5904661417007446,0.403098
1997/3/24 0:00,0.5467731356620789,1.4836747646331787,0.671932,0.6170690059661865,0.1214761957526207,0.009262,0.5904661417007446,0.411064
1997/3/25 0:00,0.5467731356620789,1.4836747646331787,0.671999,0.6170690059661865,0.1214761957526207,0.009293,0.5904661417007446,0.41
1997/3/26 0:00,0.5467731356620789,1.4836747646331787,0.672249,0.6170690059661865,0.1214761957526207,0.009317,0.5904661417007446,0.411582
1997/3/27 0:00,0.5497557520866394,1.4836747646331787,0.672153,0.6170690059661865,0.1214761957526207,0.009283,0.5904661417007446,0.414724
1997/3/28 0:00,0.5296934843063354,1.5016028881072998,0.6620619297027588,0.6170690059661865,0.1214761957526207,0.009298,0.5904661417007446,0.414541
1997/3/29 0:00,0.5223421454429626,1.5016028881072998,0.6620619297027588,0.6170690059661865,0.1214761957526207,0.009237,0.5904661417007446,0.406822
1997/3/30 0:00,0.5223421454429626,1.4977304935455322,0.6620619297027588,0.6170690059661865,0.1214761957526207,0.009201,0.5904661417007446,0.406263
1997/3/31 0:00,0.5223421454429626,1.4977304935455322,0.6620619297027588,0.6170690059661865,0.1214761957526207,0.009195,0.5904661417007446,0.405741
1997/4/1 0:00,0.5223421454429626,1.4977304935455322,0.6620619297027588,0.6170690059661865,0.1214761957526207,0.00919,0.5904661417007446,0.40108
1997/4/2 0:00,0.5223421454429626,1.5266129970550537,0.6620619297027588,0.6170690059661865,0.1214761957526207,0.009166,0.5904661417007446,0.402839
1997/4/3 0:00,0.5223421454429626,1.4977304935455322,0.6620619297027588,0.6170690059661865,0.1214761957526207,0.009184,0.5904661417007446,0.401151
1997/4/4 0:00,0.5223421454429626,1.4977304935455322,0.6620619297027588,0.6170690059661865,0.1214761957526207,0.009174,0.5904661417007446,0.402711
1997/4/5 0:00,0.5223421454429626,1.5016028881072998,0.6620619297027588,0.6170690059661865,0.1214761957526207,0.009251,0.5904661417007446,0.404038
1997/4/6 0:00,0.5223421454429626,1.5016028881072998,0.6620619297027588,0.6170690059661865,0.1214761957526207,0.009255,0.5904661417007446,0.405931
1997/4/7 0:00,0.5223421454429626,1.5016028881072998,0.6620619297027588,0.6170690059661865,0.1214761957526207,0.009288,0.5904661417007446,0.397599
1997/4/8 0:00,0.5223421454429626,1.5016028881072998,0.6620619297027588,0.6170690059661865,0.1214761957526207,0.009286,0.5904661417007446,0.39958
1997/4/9 0:00,0.5223421454429626,1.5016028881072998,0.6620619297027588,0.6170690059661865,0.1214761957526207,0.009248,0.5904661417007446,0.397449
1997/4/10 0:00,0.5223421454429626,1.47088623046875,0.6583268642425537,0.6202266216278076,0.120833,0.009252,0.5853539109230042,0.393579
1997/4/11 0:00,0.5168448686599731,1.446016,0.6555081009864807,0.6165323853492737,0.12074,0.009244,0.5801014304161072,0.39601
1997/4/12 0:00,0.5223421454429626,1.445611,0.6517730355262756,0.6245753169059753,0.120839,0.009277,0.5853539109230042,0.393153
1997/4/13 0:00,0.5168448686599731,1.444977,0.6555081009864807,0.6165323853492737,0.120805,0.009211,0.5800439715385437,0.40221
1997/4/14 0:00,0.5223421454429626,1.455613,0.6517730355262756,0.6245753169059753,0.120845,0.009179,0.5853539109230042,0.40183
1997/4/15 0:00,0.5223421454429626,1.454596,0.6550575494766235,0.6202266216278076,0.120855,0.009244,0.5853539109230042,0.40269
1997/4/16 0:00,0.5168448686599731,1.442411,0.6555081009864807,0.6165323853492737,0.120763,0.00925,0.5800439715385437,0.401611
1997/4/17 0:00,0.5168448686599731,1.425485,0.6555081009864807,0.6165323853492737,0.120747,0.00926,0.5801014304161072,0.39906
1997/4/18 0:00,0.5168448686599731,1.431934,0.6555081009864807,0.6202266216278076,0.120815,0.009223,0.5800439715385437,0.39941
1997/4/19 0:00,0.5223421454429626,1.462654,0.6517730355262756,0.6245753169059753,0.120838,0.009198,0.5853539109230042,0.405012
1997/4/20 0:00,0.5168448686599731,1.448126,0.6555081009864807,0.6165323853492737,0.120795,0.009181,0.5800439715385437,0.394011
1997/4/21 0:00,0.5168448686599731,1.44885,0.6555081009864807,0.6165323853492737,0.120749,0.009186,0.5801014304161072,0.39485
1997/4/22 0:00,0.5168448686599731,1.445972,0.6555081009864807,0.6165323853492737,0.120768,0.009238,0.5800439715385437,0.39944
1997/4/23 0:00,0.5168448686599731,1.443911,0.6555081009864807,0.6165323853492737,0.120771,0.009263,0.5800439715385437,0.39934
1997/4/24 0:00,0.5168448686599731,1.448626,0.6555081009864807,0.6165323853492737,0.120791,0.009324,0.5800439715385437,0.40075
1997/4/25 0:00,0.5168448686599731,1.429378,0.6555081009864807,0.6202266216278076,0.120817,0.009315,0.5800439715385437,0.397981
1997/4/26 0:00,0.5168448686599731,1.422658,0.6555081009864807,0.6202266216278076,0.120816,0.00931,0.5800439715385437,0.39827
1997/4/27 0:00,0.5168448686599731,1.414617,0.6555081009864807,0.6165323853492737,0.120783,0.009319,0.5800439715385437,0.396491
1997/4/28 0:00,0.5168448686599731,1.431377,0.6555081009864807,0.6165323853492737,0.120805,0.009286,0.5800439715385437,0.40071
1997/4/29 0:00,0.5168448686599731,1.429007,0.6555081009864807,0.6165323853492737,0.120795,0.009281,0.5800439715385437,0.394361
1997/4/30 0:00,0.5168448686599731,1.435213,0.6555081009864807,0.6165323853492737,0.120788,0.009267,0.5800439715385437,0.397201
1997/5/1 0:00,0.7609278559684753,1.425472,0.73713618516922,0.8368076086044312,0.120756,0.00922,0.6882091760635376,0.682167112827301
1997/5/2 0:00,0.7609278559684753,1.42505,0.73713618516922,0.8368076086044312,0.12078,0.009183,0.6882091760635376,0.682167112827301
1997/5/3 0:00,0.7609278559684753,1.422631,0.73713618516922,0.8368076086044312,0.120767,0.009196,0.6882091760635376,0.682167112827301
1997/5/4 0:00,0.7609278559684753,1.422208,0.73713618516922,0.8368076086044312,0.120804,0.009087,0.6882091760635376,0.682167112827301
1997/5/5 0:00,0.7609278559684753,1.423373,0.73713618516922,0.8368076086044312,0.120767,0.009105,0.6882091760635376,0.682167112827301
1997/5/6 0:00,0.7609278559684753,1.41885,0.73713618516922,0.8368076086044312,0.120757,0.00909,0.6882091760635376,0.682167112827301
1997/5/7 0:00,0.7609278559684753,1.407387,0.73713618516922,0.8368076086044312,0.120763,0.009084,0.6882091760635376,0.682167112827301
1997/5/8 0:00,0.6081035137176514,1.40183,0.6757217645645142,0.6062270998954773,0.120755,0.009151436388492584,0.5927444696426392,0.49593839049339294
1997/5/9 0:00,0.6081035137176514,1.405069,0.6757217645645142,0.6062270998954773,0.120754,0.009151436388492584,0.5927444696426392,0.49593839049339294
1997/5/10 0:00,0.6081035137176514,1.418241,0.6757217645645142,0.6062270998954773,0.12079,0.009151436388492584,0.5927444696426392,0.49593839049339294
1997/5/11 0:00,0.6081035137176514,1.417983,0.6757217645645142,0.6062270998954773,0.120746,0.009151436388492584,0.5985087156295776,0.4989480674266815
1997/5/12 0:00,0.6081035137176514,1.421689,0.6757217645645142,0.6062270998954773,0.120768,0.009151436388492584,0.5927444696426392,0.49593839049339294
1997/5/13 0:00,0.6081035137176514,1.433233,0.6757217645645142,0.6062270998954773,0.120749,0.009151436388492584,0.5985087156295776,0.4989480674266815
1997/5/14 0:00,0.6081035137176514,1.44028,0.6757217645645142,0.6062270998954773,0.120764,0.009151436388492584,0.5927444696426392,0.49593839049339294
1997/5/15 0:00,0.5292818546295166,1.447605,0.6555081009864807,0.6099213361740112,0.120816,0.009115597233176231,0.5800439715385437,0.423638
1997/5/16 0:00,0.6081035137176514,1.43367,0.6757217645645142,0.6062270998954773,0.120768,0.009151436388492584,0.5927444696426392,0.49593839049339294
1997/5/17 0:00,0.6081035137176514,1.446261,0.6757217645645142,0.6062270998954773,0.120768,0.009151436388492584,0.5927444696426392,0.49593839049339294
1997/5/18 0:00,0.6081035137176514,1.445166,0.6757217645645142,0.6062270998954773,0.120759,0.009151436388492584,0.5927444696426392,0.49593839049339294
1997/5/19 0:00,0.6081035137176514,1.450655,0.6757217645645142,0.6062270998954773,0.120779,0.009151436388492584,0.5927444696426392,0.49593839049339294
1997/5/20 0:00,0.6081035137176514,1.4548,0.6757217645645142,0.6062270998954773,0.120755,0.009151436388492584,0.5927444696426392,0.49593839049339294
1997/5/21 0:00,0.6081035137176514,1.445655,0.6757217645645142,0.6099213361740112,0.120816,0.008914326317608356,0.5788843631744385,0.5039931535720825
1997/5/22 0:00,0.5276755094528198,1.466057,0.6503865122795105,0.58703,0.120783,0.008942719548940659,0.5632745623588562,0.43286946415901184
1997/5/23 0:00,0.5276755094528198,1.473503,0.6566805243492126,0.595527,0.120795,0.009151436388492584,0.5771346688270569,0.421549916267395
1997/5/24 0:00,0.5276755094528198,1.477459,0.6566805243492126,0.598354,0.120791,0.009151436388492584,0.5771346688270569,0.421549916267395
1997/5/25 0:00,0.5276755094528198,1.467166,0.6503865122795105,0.593419,0.120762,0.008942719548940659,0.5632745623588562,0.43286946415901184
1997/5/26 0:00,0.5276755094528198,1.467453,0.6503865122795105,0.595645,0.120783,0.008942719548940659,0.5632745623588562,0.43286946415901184
1997/5/27 0:00,0.5276755094528198,1.476752,0.6566805243492126,0.600727,0.120771,0.009151436388492584,0.5771346688270569,0.421549916267395
1997/5/28 0:00,0.6081035137176514,1.4561477899551392,0.6757217645645142,0.6062270998954773,0.12078,0.009151436388492584,0.5927444696426392,0.49593839049339294
1997/5/29 0:00,0.6081035137176514,1.4561477899551392,0.6757217645645142,0.6062270998954773,0.120783,0.009151436388492584,0.5927444696426392,0.49593839049339294
1997/5/30 0:00,0.6081035137176514,1.5337656736373901,0.6762972474098206,0.6062270998954773,0.120806,0.008950749412178993,0.5927444696426392,0.5040114521980286
1997/5/31 0:00,0.6081035137176514,1.4561477899551392,0.6757217645645142,0.6062270998954773,0.120745,0.009151436388492584,0.5985087156295776,0.4989480674266815
1997/6/1 0:00,0.6081035137176514,1.4561477899551392,0.6757217645645142,0.6062270998954773,0.120752,0.009151436388492584,0.5985087156295776,0.4989480674266815
1997/6/2 0:00,0.6081035137176514,1.4561477899551392,0.6757217645645142,0.6062270998954773,0.120751,0.009151436388492584,0.5985087156295776,0.4989480674266815
1997/6/3 0:00,0.6081035137176514,1.4561477899551392,0.6757217645645142,0.6062270998954773,0.120745,0.009151436388492584,0.5985087156295776,0.4989480674266815
1997/6/4 0:00,0.6081035137176514,1.4561477899551392,0.6757217645645142,0.6062270998954773,0.120743,0.009151436388492584,0.5985087156295776,0.4989480674266815
1997/6/5 0:00,0.6081035137176514,1.4947645664215088,0.6762972474098206,0.6062270998954773,0.120796,0.009151436388492584,0.5927444696426392,0.49593839049339294
1997/6/6 0:00,0.6081035137176514,1.4561477899551392,0.6757217645645142,0.6062270998954773,0.120746,0.009151436388492584,0.5985087156295776,0.4989480674266815
1997/6/7 0:00,0.6081035137176514,1.4605406522750854,0.6757217645645142,0.6062270998954773,0.120787,0.009151436388492584,0.5927444696426392,0.49593839049339294
1997/6/8 0:00,0.6081035137176514,1.4561477899551392,0.6757217645645142,0.6062270998954773,0.120774,0.009151436388492584,0.5927444696426392,0.49593839049339294
1997/6/9 0:00,0.6081035137176514,1.4947645664215088,0.6762972474098206,0.6062270998954773,0.120792,0.009151436388492584,0.5927444696426392,0.49593839049339294
1997/6/10 0:00,0.6081035137176514,1.4947645664215088,0.6762972474098206,0.6062270998954773,0.120792,0.009151436388492584,0.5927444696426392,0.49593839049339294
1997/6/11 0:00,0.6081035137176514,1.5337656736373901,0.6725621819496155,0.6099213361740112,0.120818,0.008713639341294765,0.5788843631744385,0.4935897886753082
1997/6/12 0:00,0.6212820410728455,1.6717404127120972,0.6673207879066467,0.6758968830108643,0.120825,0.008504627272486687,0.5842782258987427,0.5074084997177124
1997/6/13 0:00,0.6081035137176514,1.4561477899551392,0.6757217645645142,0.6062270998954773,0.120773,0.009151436388492584,0.5927444696426392,0.49593839049339294
1997/6/14 0:00,0.555817,1.525650143623352,0.6583268642425537,0.6099213361740112,0.120833,0.0085460739210248,0.5707262754440308,0.4619240462779999
1997/6/15 0:00,0.553205,1.448032259941101,0.6614864468574524,0.6062270998954773,0.120765,0.009151436388492584,0.5864831209182739,0.4488830864429474
1997/6/16 0:00,0.555055,1.525650143623352,0.6583268642425537,0.6099213361740112,0.120819,0.0085460739210248,0.5625070333480835,0.4619240462779999
1997/6/17 0:00,0.556211,1.448032259941101,0.6614864468574524,0.6062270998954773,0.120765,0.009151436388492584,0.5864831209182739,0.4488830864429474
1997/6/18 0:00,0.556928,1.448032259941101,0.6614864468574524,0.6062270998954773,0.120748,0.009151436388492584,0.5922473669052124,0.4499697983264923
1997/6/19 0:00,0.555267,1.448032259941101,0.6614864468574524,0.6062270998954773,0.12074,0.009151436388492584,0.5922473669052124,0.4499697983264923
1997/6/20 0:00,0.550755,1.448032259941101,0.6614864468574524,0.6062270998954773,0.120748,0.009151436388492584,0.5922473669052124,0.4499697983264923
1997/6/21 0:00,0.543554,1.4866490364074707,0.6620619297027588,0.6062270998954773,0.120796,0.009151436388492584,0.5864831209182739,0.4343472421169281
1997/6/22 0:00,0.545623,1.448032259941101,0.6555081009864807,0.6062270998954773,0.120748,0.009151436388492584,0.5828989148139954,0.4343472421169281
1997/6/23 0:00,0.542859,1.448032259941101,0.6555081009864807,0.6062270998954773,0.120745,0.009151436388492584,0.5828989148139954,0.4343472421169281
1997/6/24 0:00,0.543918,1.525650143623352,0.6620619297027588,0.6062270998954773,0.120803,0.008783183991909027,0.5726230144500732,0.447388231754303
1997/6/25 0:00,0.545709,1.524933099746704,0.665402,0.6062270998954773,0.120773,0.008783183991909027,0.5726230144500732,0.447388231754303
1997/6/26 0:00,0.550965,1.524933099746704,0.667022,0.6062270998954773,0.120752,0.008783183991909027,0.5812671184539795,0.4598715007305145
1997/6/27 0:00,0.555572,1.5293259620666504,0.669525,0.6099213361740112,0.120812,0.0085460739210248,0.5685838460922241,0.4619240462779999
1997/6/28 0:00,0.552911,1.5293259620666504,0.667691,0.6062270998954773,0.120792,0.008783183991909027,0.5726230144500732,0.4619240462779999
1997/6/29 0:00,0.550415,1.5293259620666504,0.663062,0.6062270998954773,0.120787,0.008783183991909027,0.5726230144500732,0.4619240462779999
1997/6/30 0:00,0.6136049032211304,1.6433454751968384,0.662054,0.6190234422683716,0.120806,0.008604288101196289,0.5766419768333435,0.5030977129936218
1997/7/1 0:00,0.6136049032211304,1.638952612876892,0.661439,0.6190234422683716,0.120783,0.008604288101196289,0.5766419768333435,0.5030977129936218
1997/7/2 0:00,0.6136049032211304,1.638952612876892,0.662339,0.6190234422683716,0.120777,0.008604288101196289,0.5766419768333435,0.5030977129936218
1997/7/3 0:00,0.6621666550636292,1.5369826555252075,0.661222,0.6593421101570129,0.120825,0.008713639341294765,0.5919948220252991,0.5366232991218567
1997/7/4 0:00,0.6136049032211304,1.6433454751968384,0.657093,0.6190234422683716,0.120794,0.008604288101196289,0.5705651640892029,0.5051502585411072
1997/7/5 0:00,0.6136049032211304,1.7031238079071045,0.65718,0.626474142074585,0.120813,0.008504627272486687,0.5689331889152527,0.5094610452651978
1997/7/6 0:00,0.6489881277084351,1.7031238079071045,0.654772,0.6819968819618225,0.120814,0.008295910432934761,0.5742704272270203,0.5347693562507629
1997/7/7 0:00,0.6136049032211304,1.638952612876892,0.651781,0.6190234422683716,0.120781,0.008395571261644363,0.5715151429176331,0.5051502585411072
1997/7/8 0:00,0.6136049032211304,1.6433454751968384,0.64954,0.6190234422683716,0.120808,0.008395571261644363,0.5715151429176331,0.5051502585411072
1997/7/9 0:00,0.6136049032211304,1.638952612876892,0.650907,0.6190234422683716,0.120773,0.008395571261644363,0.5715151429176331,0.5051502585411072
1997/7/10 0:00,0.6136049032211304,1.638952612876892,0.649217,0.6190234422683716,0.120754,0.008395571261644363,0.5715151429176331,0.5051502585411072
1997/7/11 0:00,0.6136049032211304,1.6433454751968384,0.650783,0.6190234422683716,0.120803,0.008395571261644363,0.5715151429176331,0.5051502585411072
1997/7/12 0:00,0.6136049032211304,1.638952612876892,0.650213,0.6190234422683716,0.120751,0.008395571261644363,0.577412486076355,0.5030977129936218
1997/7/13 0:00,0.6136049032211304,1.5987131595611572,0.651292,0.6190234422683716,0.12073,0.008395571261644363,0.577412486076355,0.5008906126022339
1997/7/14 0:00,0.6136049032211304,1.6433454751968384,0.654255,0.6190234422683716,0.120789,0.008395571261644363,0.5715151429176331,0.5051502585411072
1997/7/15 0:00,0.6136049032211304,1.638952612876892,0.654554,0.6190234422683716,0.120772,0.008395571261644363,0.5715151429176331,0.5051502585411072
1997/7/16 0:00,0.5606824159622192,1.4511609077453613,0.650146,0.602017,0.120745,0.008942719548940659,0.5690388083457947,0.4639844000339508
1997/7/17 0:00,0.5606824159622192,1.4511609077453613,0.646344,0.609059,0.120764,0.008942719548940659,0.5610190629959106,0.4639844000339508
1997/7/18 0:00,0.5606824159622192,1.4555537700653076,0.647728,0.605327,0.120803,0.008942719548940659,0.5632745623588562,0.4639844000339508
1997/7/19 0:00,0.5606824159622192,1.4511609077453613,0.648086,0.603112,0.120758,0.008942719548940659,0.5632745623588562,0.4639844000339508
1997/7/20 0:00,0.5606824159622192,1.4511609077453613,0.64874,0.606625,0.120752,0.008942719548940659,0.5690388083457947,0.4639844000339508
1997/7/21 0:00,0.5606824159622192,1.4555537700653076,0.644924,0.605538,0.120805,0.008942719548940659,0.5610190629959106,0.4639844000339508
1997/7/22 0:00,0.5606824159622192,1.4511609077453613,0.647011,0.605206,0.120763,0.008942719548940659,0.5610190629959106,0.4639844000339508
1997/7/23 0:00,0.5276755094528198,1.4861652851104736,0.6566805243492126,0.605462,0.12077,0.009151436388492584,0.5771346688270569,0.421549916267395
1997/7/24 0:00,0.5594805479049683,1.5112037658691406,0.6619451642036438,0.601245,0.120705,0.008783183991909027,0.5783872604370117,0.4598715007305145
1997/7/25 0:00,0.5276755094528198,1.49055814743042,0.6566805243492126,0.593518,0.120786,0.009151436388492584,0.5771346688270569,0.421549916267395
1997/7/26 0:00,0.5276755094528198,1.4861652851104736,0.6566805243492126,0.591493,0.120771,0.009151436388492584,0.5771346688270569,0.421549916267395
1997/7/27 0:00,0.5276755094528198,1.4661911725997925,0.6488323211669922,0.58253,0.120767,0.008725956082344055,0.562715,0.43286946415901184
1997/7/28 0:00,0.5276755094528198,1.4661911725997925,0.6488323211669922,0.583844,0.120779,0.008725956082344055,0.565323,0.43286946415901184
1997/7/29 0:00,0.5276755094528198,1.4596530199050903,0.6488323211669922,0.58818,0.120802,0.008725956082344055,0.565036,0.43286946415901184
1997/7/30 0:00,0.5276755094528198,1.4661911725997925,0.6488323211669922,0.591333,0.120767,0.008725956082344055,0.563079,0.43286946415901184
1997/7/31 0:00,0.5276755094528198,1.447990894317627,0.6488323211669922,0.581912,0.12077,0.008725956082344055,0.559268,0.43403851985931396
1997/8/1 0:00,0.5276755094528198,1.447990894317627,0.6488323211669922,0.580387,0.120782,0.008725956082344055,0.560994,0.4366512596607208
1997/8/2 0:00,0.5276755094528198,1.4596530199050903,0.6488323211669922,0.58199,0.120803,0.008725956082344055,0.559143,0.430256724357605
1997/8/3 0:00,0.5567431449890137,1.5827481746673584,0.6552395820617676,0.583207,0.120778,0.008151,0.557864,0.46497297286987305
1997/8/4 0:00,0.5567431449890137,1.5871410369873047,0.6491968631744385,0.579143,0.120791,0.008215,0.557072,0.46497297286987305
1997/8/5 0:00,0.5567431449890137,1.5827481746673584,0.6491968631744385,0.578847,0.120767,0.008083,0.55537,0.46497297286987305
1997/8/6 0:00,0.5276755094528198,1.4523837566375732,0.6488323211669922,0.574128,0.120794,0.008725956082344055,0.554093,0.43403851985931396
1997/8/7 0:00,0.5276755094528198,1.4596530199050903,0.6488323211669922,0.574235,0.120808,0.008725956082344055,0.550858,0.430256724357605
1997/8/8 0:00,0.5276755094528198,1.4861652851104736,0.6566805243492126,0.579839,0.120751,0.009151436388492584,0.5828989148139954,0.421549916267395
1997/8/9 0:00,0.5276755094528198,1.4861652851104736,0.6566805243492126,0.58844,0.120779,0.009151436388492584,0.5771346688270569,0.421549916267395
1997/8/10 0:00,0.5276755094528198,1.4861652851104736,0.6566805243492126,0.589147,0.120772,0.009151436388492584,0.5771346688270569,0.421549916267395
1997/8/11 0:00,0.5276755094528198,1.4861652851104736,0.6566805243492126,0.589102,0.120774,0.009151436388492584,0.5771346688270569,0.421549916267395
1997/8/12 0:00,0.5276755094528198,1.49055814743042,0.6566805243492126,0.590264,0.120793,0.009151436388492584,0.5771346688270569,0.421549916267395
1997/8/13 0:00,0.5276755094528198,1.4861652851104736,0.6566805243492126,0.587281,0.120784,0.009151436388492584,0.5771346688270569,0.421549916267395
1997/8/14 0:00,0.5276755094528198,1.4861652851104736,0.6566805243492126,0.583577,0.120758,0.009151436388492584,0.5771346688270569,0.421549916267395
1997/8/15 0:00,0.5276755094528198,1.4861652851104736,0.6566805243492126,0.583127,0.120778,0.009151436388492584,0.5771346688270569,0.421549916267395
1997/8/16 0:00,0.5177780985832214,1.4541552066802979,0.6478978991508484,0.58473,0.120758,0.009229853749275208,0.5800439715385437,0.408437
1997/8/17 0:00,0.5225675106048584,1.4541552066802979,0.6478978991508484,0.583696,0.120782,0.009229853749275208,0.5800439715385437,0.410627
1997/8/18 0:00,0.5177780985832214,1.4541552066802979,0.6478978991508484,0.57722,0.120753,0.009229853749275208,0.5800439715385437,0.404679
1997/8/19 0:00,0.5177780985832214,1.4541552066802979,0.6478978991508484,0.577511,0.120785,0.009229853749275208,0.5800439715385437,0.40226
1997/8/20 0:00,0.5177780985832214,1.4541552066802979,0.6478978991508484,0.577868,0.120749,0.009229853749275208,0.5801014304161072,0.40431
1997/8/21 0:00,0.5225675106048584,1.4541552066802979,0.6478978991508484,0.586589,0.120788,0.009229853749275208,0.5800439715385437,0.410195
1997/8/22 0:00,0.5225675106048584,1.469289779663086,0.6541919112205505,0.586531,0.1208,0.009229853749275208,0.5800439715385437,0.410195
1997/8/23 0:00,0.5225675106048584,1.469289779663086,0.6541919112205505,0.586599,0.120817,0.009125499986112118,0.5800439715385437,0.411386
1997/8/24 0:00,0.5225675106048584,1.4541552066802979,0.6478978991508484,0.583511,0.120782,0.009229853749275208,0.5800439715385437,0.410909
1997/8/25 0:00,0.5225675106048584,1.469289779663086,0.6504568457603455,0.586084,0.120821,0.009125499986112118,0.5800439715385437,0.410495
1997/8/26 0:00,0.5225675106048584,1.4541552066802979,0.6478978991508484,0.587285,0.120794,0.009229853749275208,0.5800439715385437,0.412044
1997/8/27 0:00,0.5225675106048584,1.469289779663086,0.6541919112205505,0.579546,0.1208,0.009229853749275208,0.5800439715385437,0.411036
1997/8/28 0:00,0.5225675106048584,1.4541552066802979,0.6478978991508484,0.577502,0.120751,0.009229853749275208,0.5801014304161072,0.413335
1997/8/29 0:00,0.5247626900672913,1.4867887496948242,0.6541919112205505,0.579544,0.1214761957526207,0.008993321098387241,0.5853539109230042,0.418908
1997/8/30 0:00,0.5294308662414551,1.4867887496948242,0.6541919112205505,0.580587,0.1214761957526207,0.008993321098387241,0.5853539109230042,0.422616
1997/8/31 0:00,0.5294308662414551,1.4867887496948242,0.6541919112205505,0.576596,0.1214761957526207,0.008993321098387241,0.5853539109230042,0.420616
1997/9/1 0:00,0.5294308662414551,1.4867887496948242,0.6541919112205505,0.578047,0.1214761957526207,0.008993321098387241,0.5853539109230042,0.42155
1997/9/2 0:00,0.5294308662414551,1.4867887496948242,0.6541919112205505,0.577445,0.1214761957526207,0.008993321098387241,0.5853539109230042,0.420566
1997/9/3 0:00,0.516408,1.4867887496948242,0.6620619297027588,0.6067637205123901,0.1214761957526207,0.008993321098387241,0.5904661417007446,0.418433
1997/9/4 0:00,0.522707,1.58116614818573,0.6602854132652283,0.6410672664642334,0.1214761957526207,0.008199,0.5625532269477844,0.424565
1997/9/5 0:00,0.52391,1.58116614818573,0.6602854132652283,0.6410672664642334,0.1214761957526207,0.008153,0.5625532269477844,0.42425
1997/9/6 0:00,0.522804,1.58116614818573,0.6602854132652283,0.6410672664642334,0.1214761957526207,0.008164,0.5625532269477844,0.422123
1997/9/7 0:00,0.519358,1.58116614818573,0.6602854132652283,0.6410672664642334,0.1214761957526207,0.008113,0.5625532269477844,0.419208
1997/9/8 0:00,0.521304,1.58116614818573,0.6602854132652283,0.6410672664642334,0.1214761957526207,0.008117,0.5625532269477844,0.418391
1997/9/9 0:00,0.524305,1.58116614818573,0.6602854132652283,0.6410672664642334,0.1214761957526207,0.008101,0.5625532269477844,0.4226
1997/9/10 0:00,0.527703,1.58116614818573,0.6602854132652283,0.6410672664642334,0.1214761957526207,0.008151,0.5625532269477844,0.424938
1997/9/11 0:00,0.529362,1.58116614818573,0.6602854132652283,0.6410672664642334,0.1214761957526207,0.008089,0.5625532269477844,0.428072
1997/9/12 0:00,0.527558,1.58116614818573,0.6602854132652283,0.6410672664642334,0.1214761957526207,0.008149,0.5625532269477844,0.426507
1997/9/13 0:00,0.523152,1.58116614818573,0.6602854132652283,0.6410672664642334,0.1214761957526207,0.008142,0.5625532269477844,0.424065
1997/9/14 0:00,0.516052,1.58116614818573,0.6602854132652283,0.6555331945419312,0.1214761957526207,0.008327,0.569953441619873,0.419274
1997/9/15 0:00,0.521452,1.58116614818573,0.6602854132652283,0.663495659828186,0.1214761957526207,0.00834,0.569953441619873,0.423581
1997/9/16 0:00,0.519258,1.58116614818573,0.6602854132652283,0.6410672664642334,0.1214761957526207,0.008289,0.5625532269477844,0.423873
1997/9/17 0:00,0.521159,1.58116614818573,0.6602854132652283,0.6410672664642334,0.1214761957526207,0.008257,0.5625532269477844,0.42345
1997/9/18 0:00,0.51921,1.58116614818573,0.6602854132652283,0.6555331945419312,0.1214761957526207,0.008323,0.5649916529655457,0.421008
1997/9/19 0:00,0.512906,1.58116614818573,0.6602854132652283,0.6555331945419312,0.1214761957526207,0.008308,0.5604270696640015,0.416858
1997/9/20 0:00,0.507452,1.58116614818573,0.6602854132652283,0.6675771474838257,0.1214761957526207,0.008387,0.5686001181602478,0.409436
1997/9/21 0:00,0.507252,1.58116614818573,0.6602854132652283,0.6675771474838257,0.1214761957526207,0.008394,0.5686001181602478,0.409018
1997/9/22 0:00,0.50765,1.5386910438537598,0.651079,0.6313519477844238,0.1214761957526207,0.008385,0.5707262754440308,0.4103
1997/9/23 0:00,0.510102,1.5386910438537598,0.653057,0.623389482498169,0.1214761957526207,0.008317,0.5625532269477844,0.411518
1997/9/24 0:00,0.5159,1.5386910438537598,0.656447,0.6190407872200012,0.1214761957526207,0.008319,0.5671178102493286,0.413367
1997/9/25 0:00,0.520908,1.5301284790039062,0.657114,0.6190407872200012,0.1214761957526207,0.008319,0.5671178102493286,0.416084
1997/9/26 0:00,0.522204,1.5301284790039062,0.65798,0.61414635181427,0.1214761957526207,0.008278,0.5625532269477844,0.419374
1997/9/27 0:00,0.522011,1.5301284790039062,0.658021,0.61414635181427,0.1214761957526207,0.008201,0.5625532269477844,0.4171
1997/9/28 0:00,0.52566,1.5301284790039062,0.656206,0.61414635181427,0.1214761957526207,0.008216,0.5625532269477844,0.418491
1997/9/29 0:00,0.528103,1.5301284790039062,0.658867,0.61414635181427,0.1214761957526207,0.008192,0.5625532269477844,0.4223
1997/9/30 0:00,0.5275,1.5301284790039062,0.65798,0.61414635181427,0.1214761957526207,0.008239,0.5625532269477844,0.417441
1997/10/1 0:00,0.524052,1.5301284790039062,0.657806,0.61414635181427,0.1214761957526207,0.008192,0.5625532269477844,0.416717
1997/10/2 0:00,0.52325,1.516038417816162,0.651759,0.61269611120224,0.1214761957526207,0.008109,0.550312,0.414426
1997/10/3 0:00,0.521058,1.516038417816162,0.651565,0.61269611120224,0.1214761957526207,0.008137,0.550358,0.414526
1997/10/4 0:00,0.520602,1.516038417816162,0.652273,0.61269611120224,0.1214761957526207,0.008071,0.549224,0.41405
1997/10/5 0:00,0.516205,1.5246009826660156,0.656446,0.6083474159240723,0.1214761957526207,0.008027,0.548742,0.412459
1997/10/6 0:00,0.517157,1.5246009826660156,0.656206,0.6083474159240723,0.1214761957526207,0.008042,0.549073,0.4133
1997/10/7 0:00,0.517505,1.5246009826660156,0.657631,0.6083474159240723,0.1214761957526207,0.008065,0.549753,0.414
1997/10/8 0:00,0.521657,1.516038417816162,0.65889,0.6083474159240723,0.1214761957526207,0.00808,0.549858,0.416992
1997/10/9 0:00,0.518352,1.516038417816162,0.658888,0.6083474159240723,0.1214761957526207,0.008043,0.548893,0.416675
1997/10/10 0:00,0.505951,1.5812644958496094,0.657009,0.6410672664642334,0.120793,0.008018,0.557243287563324,0.406188
1997/10/11 0:00,0.511756,1.5812644958496094,0.660085,0.6410672664642334,0.120773,0.008017,0.557243287563324,0.406547
1997/10/12 0:00,0.511252,1.5812644958496094,0.660391,0.6410672664642334,0.120768,0.008057,0.557243287563324,0.407019
1997/10/13 0:00,0.517609,1.5727019309997559,0.662011,0.6357482075691223,0.120797,0.00804,0.5705235600471497,0.408368
1997/10/14 0:00,0.5174,1.5445359945297241,0.662011,0.6283655762672424,0.120759,0.008851698599755764,0.5755323171615601,0.407578
1997/10/15 0:00,0.514557,1.5445359945297241,0.661091,0.6283655762672424,0.120773,0.00860690139234066,0.5705431699752808,0.403329
1997/10/16 0:00,0.509501,1.5445359945297241,0.656616,0.6283655762672424,0.120771,0.00860690139234066,0.5644663572311401,0.404198
1997/10/17 0:00,0.5109,1.469289779663086,0.6583268642425537,0.6099213361740112,0.120821,0.009115597233176231,0.5800439715385437,0.406887
1997/10/18 0:00,0.50995,1.4457027912139893,0.6555081009864807,0.6062270998954773,0.120756,0.008975153788924217,0.5800439715385437,0.406178
1997/10/19 0:00,0.505852,1.4457027912139893,0.6555081009864807,0.6062270998954773,0.120794,0.008975153788924217,0.5800439715385437,0.40455
1997/10/20 0:00,0.506001,1.469289779663086,0.6620619297027588,0.6062270998954773,0.120807,0.008975153788924217,0.5893924236297607,0.405619
1997/10/21 0:00,0.507304,1.4457027912139893,0.6555081009864807,0.6062270998954773,0.120795,0.008975153788924217,0.5800439715385437,0.406659
1997/10/22 0:00,0.507303,1.4457027912139893,0.6555081009864807,0.6062270998954773,0.120773,0.008975153788924217,0.5800439715385437,0.405378
1997/10/23 0:00,0.509751,1.469289779663086,0.6583268642425537,0.6099213361740112,0.120818,0.009115597233176231,0.5800439715385437,0.406787
1997/10/24 0:00,0.515902,1.4457027912139893,0.6555081009864807,0.6062270998954773,0.12078,0.008975153788924217,0.5800439715385437,0.413984
1997/10/25 0:00,0.513455,1.4457027912139893,0.6555081009864807,0.6062270998954773,0.120795,0.008975153788924217,0.5800439715385437,0.413526
1997/10/26 0:00,0.508254,1.469289779663086,0.6620619297027588,0.6062270998954773,0.120803,0.008975153788924217,0.5893924236297607,0.408918
1997/10/27 0:00,0.50925,1.4457027912139893,0.6555081009864807,0.6062270998954773,0.120788,0.008975153788924217,0.5800439715385437,0.4119
1997/10/28 0:00,0.508751,1.4457027912139893,0.6555081009864807,0.6062270998954773,0.120754,0.008975153788924217,0.5800439715385437,0.411885
1997/10/29 0:00,0.509252,1.4457027912139893,0.6555081009864807,0.6062270998954773,0.120767,0.008975153788924217,0.5800439715385437,0.41185
1997/10/30 0:00,0.508302,1.4457027912139893,0.6555081009864807,0.6062270998954773,0.12078,0.008975153788924217,0.5800439715385437,0.412294
1997/10/31 0:00,0.50565,1.425622,0.6555081009864807,0.6062270998954773,0.120797,0.008975153788924217,0.5800439715385437,0.41235
1997/11/1 0:00,0.509602,1.424908,0.6555081009864807,0.6062270998954773,0.120756,0.008975153788924217,0.5800439715385437,0.413026
1997/11/2 0:00,0.518109,1.43362,0.6555081009864807,0.6062270998954773,0.120794,0.009219950996339321,0.5800439715385437,0.417042
1997/11/3 0:00,0.52041,1.431564,0.6555081009864807,0.6067637205123901,0.1214761957526207,0.008993321098387241,0.5853539109230042,0.419024
1997/11/4 0:00,0.518,1.428621,0.6555081009864807,0.6067637205123901,0.1214761957526207,0.008993321098387241,0.5853539109230042,0.417791
1997/11/5 0:00,0.517507,1.417816,0.6555081009864807,0.6067637205123901,0.1214761957526207,0.008993321098387241,0.5853539109230042,0.41939
1997/11/6 0:00,0.5156,1.41655,0.6555081009864807,0.6067637205123901,0.1214761957526207,0.008993321098387241,0.5853539109230042,0.418408
1997/11/7 0:00,0.5196,1.415825,0.6555081009864807,0.6067637205123901,0.1214761957526207,0.008993321098387241,0.5853539109230042,0.424073
1997/11/8 0:00,0.512051,1.425415,0.6555081009864807,0.6067637205123901,0.1214761957526207,0.008993321098387241,0.5853539109230042,0.425315
1997/11/9 0:00,0.513005,1.423457,0.6539539098739624,0.6111124157905579,0.1214761957526207,0.008715500123798847,0.568246,0.425357
1997/11/10 0:00,0.517755,1.4201,0.6588979959487915,0.6067637205123901,0.1214761957526207,0.008715500123798847,0.569103,0.427757
1997/11/11 0:00,0.521704,1.428214,0.6588979959487915,0.6067637205123901,0.1214761957526207,0.008715500123798847,0.569265,0.430385
1997/11/12 0:00,0.528853,1.440518,0.6588979959487915,0.6067637205123901,0.1214761957526207,0.008715500123798847,0.572984,0.43332
1997/11/13 0:00,0.524055,1.443211,0.650146,0.6111124157905579,0.1214761957526207,0.008715500123798847,0.572377,0.432214
1997/11/14 0:00,0.5354,1.444261,0.648445,0.6111124157905579,0.1214761957526207,0.008715500123798847,0.570679,0.438831
1997/11/15 0:00,0.532903,1.444,0.647417,0.6111124157905579,0.1214761957526207,0.008715500123798847,0.568877,0.436406
1997/11/16 0:00,0.535368,1.45465,0.646033,0.604705,0.1214761957526207,0.008715500123798847,0.570776,0.439262
1997/11/17 0:00,0.53441,1.448126,0.648249,0.600517,0.1214761957526207,0.008715500123798847,0.570125,0.439762
1997/11/18 0:00,0.534314,1.446916,0.649328,0.601819,0.1214761957526207,0.008715500123798847,0.569979,0.44103
1997/11/19 0:00,0.53496,1.442711,0.649556,0.600643,0.1214761957526207,0.008715500123798847,0.572459,0.440406
1997/11/20 0:00,0.528706,1.442579,0.64924,0.60009,0.1214761957526207,0.008715500123798847,0.572197,0.437812
1997/11/21 0:00,0.53015,1.452659,0.649279,0.601389,0.1214761957526207,0.008715500123798847,0.57089,0.440612
1997/11/22 0:00,0.529359,1.45105,0.646842,0.598814,0.1214761957526207,0.008715500123798847,0.571804,0.439374
1997/11/23 0:00,0.531853,1.457004,0.647375,0.604481,0.1214761957526207,0.008715500123798847,0.572672,0.441373
1997/11/24 0:00,0.529064,1.453055,0.64491,0.601921,0.1214761957526207,0.008715500123798847,0.57468,0.438962
1997/11/25 0:00,0.527414,1.453605,0.644739,0.598557,0.1214761957526207,0.008715500123798847,0.574399,0.43675
1997/11/26 0:00,0.52071,1.442756,0.641077,0.586699,0.1214761957526207,0.008715500123798847,0.572197,0.431277
1997/11/27 0:00,0.520402,1.456517,0.642167,0.58576,0.1214761957526207,0.008715500123798847,0.571184,0.431964
1997/11/28 0:00,0.520406,1.455023,0.641945,0.5919,0.1214761957526207,0.008715500123798847,0.571429,0.433513
1997/11/29 0:00,0.519352,1.46042,0.638727,0.597603,0.1214761957526207,0.008715500123798847,0.572738,0.43442
1997/11/30 0:00,0.513605,1.4565,0.639836,0.592068,0.1214761957526207,0.008715500123798847,0.571396,0.430421
1997/12/1 0:00,0.516702,1.46731,0.639987,0.602653,0.1214761957526207,0.008715500123798847,0.575374,0.426857
1997/12/2 0:00,0.51685,1.46925,0.639276,0.604748,0.1214761957526207,0.008715500123798847,0.575457,0.425037
1997/12/3 0:00,0.514851,1.471314,0.639046,0.616542,0.1214761957526207,0.008786708116531372,0.577284,0.423573
1997/12/4 0:00,0.50235,1.465404,0.6512877941131592,0.622784,0.1214761957526207,0.008786708116531372,0.576951,0.411318
1997/12/5 0:00,0.49755,1.467066,0.6512877941131592,0.625399,0.1214761957526207,0.008786708116531372,0.576984,0.413043
1997/12/6 0:00,0.491599,1.468013,0.6512877941131592,0.626523,0.1214761957526207,0.008715500123798847,0.574548,0.411418
1997/12/7 0:00,0.492097,1.465704,0.6512877941131592,0.629785,0.1214761957526207,0.008715500123798847,0.575457,0.411318
1997/12/8 0:00,0.484742,1.455972,0.6512877941131592,0.633079,0.1214761957526207,0.008715500123798847,0.572951,0.40205
1997/12/9 0:00,0.491747,1.462769,0.6463437080383301,0.625606,0.1214761957526207,0.008715500123798847,0.564892,0.402029
1997/12/10 0:00,0.4932,1.469909,0.6474863290786743,0.629174,0.120814,0.00876470748335123,0.564302,0.407028
1997/12/11 0:00,0.491299,1.474408,0.6474863290786743,0.624867,0.120794,0.0087682930752635,0.565851,0.404338
1997/12/12 0:00,0.487995,1.4741,0.6474863290786743,0.620132,0.120807,0.0087682930752635,0.566813,0.40137
1997/12/13 0:00,0.491848,1.4721,0.6474863290786743,0.61556,0.120771,0.0087682930752635,0.56646,0.406897
1997/12/14 0:00,0.495448,1.479002,0.6474863290786743,0.618487,0.120795,0.0087682930752635,0.565307,0.406238
1997/12/15 0:00,0.4951,1.468553,0.6499749422073364,0.617189,0.120771,0.008944575674831867,0.562351,0.41652676463127136
1997/12/16 0:00,0.495848,1.47581,0.6499749422073364,0.615626,0.120771,0.008944575674831867,0.562746,0.41652676463127136
1997/12/17 0:00,0.5011,1.475702,0.6499749422073364,0.617303,0.120771,0.008944575674831867,0.562287,0.41652676463127136
1997/12/18 0:00,0.507151,1.483203,0.6499749422073364,0.618684,0.120783,0.008944575674831867,0.559362,0.41652676463127136
1997/12/19 0:00,0.5072,1.473003,0.6499749422073364,0.622045,0.120773,0.008944575674831867,0.557072,0.41673731803894043
1997/12/20 0:00,0.5007,1.45785,0.6488323211669922,0.615162,0.120758,0.008944575674831867,0.554739,0.41652676463127136
1997/12/21 0:00,0.5022,1.450625,0.6488323211669922,0.613977,0.120771,0.008944575674831867,0.551511,0.42030856013298035
1997/12/22 0:00,0.50135,1.443978,0.6488323211669922,0.607697,0.120798,0.008944575674831867,0.550131,0.4220530390739441
1997/12/23 0:00,0.51205,1.4517,0.6488323211669922,0.615304,0.1208,0.008944575674831867,0.550312,0.4223102331161499
1997/12/24 0:00,0.515453,1.448316,0.6450972557067871,0.615001,0.120823,0.00862885918468237,0.552501,0.42657652497291565
1997/12/25 0:00,0.511602,1.447471,0.6488323211669922,0.611536,0.120773,0.008944575674831867,0.550464,0.42405471205711365
1997/12/26 0:00,0.510602,1.44605,0.6450972557067871,0.609552,0.120818,0.00870746560394764,0.550721,0.42631933093070984
1997/12/27 0:00,0.507404,1.443511,0.6488323211669922,0.610794,0.12078,0.008944575674831867,0.549753,0.4220530390739441
1997/12/28 0:00,0.5087,1.432177,0.642278254032135,0.608169,0.120771,0.008944575674831867,0.548712,0.42631933093070984
1997/12/29 0:00,0.5606824159622192,1.42398,0.63367,0.602712,0.120805,0.008725956082344055,0.546926,0.46137166023254395
1997/12/30 0:00,0.5606824159622192,1.425072,0.636132,0.602217,0.120783,0.008725956082344055,0.54784,0.46137166023254395
1997/12/31 0:00,0.5606824159622192,1.428157,0.635214,0.603483,0.120797,0.008725956082344055,0.5473,0.46137166023254395
1998/1/1 0:00,0.5606824159622192,1.42538,0.635419,0.604573,0.120806,0.008725956082344055,0.548546,0.46137166023254395
1998/1/2 0:00,0.5606824159622192,1.435632,0.634357,0.605651,0.120768,0.008725956082344055,0.54727,0.46137166023254395
1998/1/3 0:00,0.5276755094528198,1.453159,0.642278254032135,0.613742,0.120753,0.008725956082344055,0.546852,0.43656033277511597
1998/1/4 0:00,0.5276755094528198,1.45076,0.642278254032135,0.615366,0.120795,0.008725956082344055,0.548381,0.43656033277511597
1998/1/5 0:00,0.5276755094528198,1.455,0.642278254032135,0.612257,0.120795,0.008725956082344055,0.548652,0.4383048117160797
1998/1/6 0:00,0.5276755094528198,1.4615,0.6385431885719299,0.613177,0.120818,0.008488846011459827,0.548441,0.432778537273407
1998/1/7 0:00,0.5276755094528198,1.4588,0.6450972557067871,0.61024,0.12082,0.008410239592194557,0.54933,0.4345230162143707
1998/1/8 0:00,0.5697203278541565,1.4593,0.627963,0.608939,0.120821,0.008410239592194557,0.550131,0.4638490378856659
1998/1/9 0:00,0.5697203278541565,1.4581753015518188,0.625391,0.611247,0.120823,0.008410239592194557,0.551815,0.4638490378856659
1998/1/10 0:00,0.5697203278541565,1.4581753015518188,0.625469,0.609793,0.120823,0.008410239592194557,0.551709,0.4638490378856659
1998/1/11 0:00,0.5756736993789673,1.4963524341583252,0.623908,0.611322,0.120824,0.008308,0.548697,0.46351000666618347
1998/1/12 0:00,0.5756736993789673,1.4963524341583252,0.62751,0.598337,0.120824,0.00822,0.54757,0.46351000666618347
1998/1/13 0:00,0.5746511220932007,1.4963524341583252,0.627943,0.601558,0.120821,0.008228,0.548035,0.46351000666618347
1998/1/14 0:00,0.5746511220932007,1.516310214996338,0.629961,0.601649,0.120817,0.008168,0.545852,0.46351000666618347
1998/1/15 0:00,0.5746511220932007,1.5267958641052246,0.629109,0.603519,0.120815,0.008138,0.54484,0.46351000666618347
1998/1/16 0:00,0.5746511220932007,1.5267958641052246,0.630517,0.602882,0.120815,0.008114,0.542667,0.46351000666618347
1998/1/17 0:00,0.5746511220932007,1.516310214996338,0.627235,0.606281,0.120817,0.008154,0.544736,0.46351000666618347
1998/1/18 0:00,0.5746511220932007,1.520768642425537,0.624493,0.604851,0.120818,0.008121,0.544425,0.46351000666618347
1998/1/19 0:00,0.5746511220932007,1.529455304145813,0.624922,0.601938,0.120818,0.008068,0.544514,0.46351000666618347
1998/1/20 0:00,0.5746511220932007,1.529455304145813,0.625489,0.599862,0.120818,0.008056,0.543907,0.46351000666618347
1998/1/21 0:00,0.5746511220932007,1.529455304145813,0.624805,0.601251,0.120818,0.008059,0.545346,0.46351000666618347
1998/1/22 0:00,0.5746511220932007,1.529455304145813,0.627235,0.603245,0.120817,0.00807,0.54539,0.46351000666618347
1998/1/23 0:00,0.5746511220932007,1.520768642425537,0.630955,0.606465,0.120817,0.008123,0.545792,0.46351000666618347
1998/1/24 0:00,0.5569508671760559,1.5354825258255005,0.632391,0.603938,0.120811,0.008075,0.545464,0.459311306476593
1998/1/25 0:00,0.5569508671760559,1.5267958641052246,0.635789,0.609292,0.120811,0.008109,0.546001,0.459311306476593
1998/1/26 0:00,0.5746511220932007,1.529455304145813,0.634035,0.604412,0.120817,0.008074,0.543892,0.46351000666618347
1998/1/27 0:00,0.5746511220932007,1.5354825258255005,0.636436,0.604887,0.120815,0.008055,0.544677,0.46351000666618347
1998/1/28 0:00,0.5746511220932007,1.5354825258255005,0.635586,0.602591,0.120814,0.008053,0.545167,0.46351000666618347
1998/1/29 0:00,0.5746511220932007,1.5354825258255005,0.635647,0.607017,0.120814,0.008021,0.546732,0.46351000666618347
1998/1/30 0:00,0.5746511220932007,1.5354825258255005,0.63478,0.602954,0.120814,0.007966,0.545479,0.46351000666618347
1998/1/31 0:00,0.5746511220932007,1.529455304145813,0.633633,0.601251,0.120817,0.007933,0.545643,0.46351000666618347
1998/2/1 0:00,0.5746511220932007,1.529455304145813,0.633754,0.603064,0.12082,0.007921,0.545673,0.46351000666618347
1998/2/2 0:00,0.5567431449890137,1.6010032892227173,0.6366581320762634,0.608902,0.12082,0.007933,0.546448,0.46497297286987305
1998/2/3 0:00,0.5567431449890137,1.6010032892227173,0.6366581320762634,0.60529,0.120821,0.007927,0.546299,0.46497297286987305
1998/2/4 0:00,0.5567431449890137,1.6010032892227173,0.6366581320762634,0.613346,0.12082,0.007856,0.544381,0.4647388458251953
1998/2/5 0:00,0.5567431449890137,1.6010032892227173,0.6366581320762634,0.61222,0.120818,0.007841,0.544247,0.46497297286987305
1998/2/6 0:00,0.5567431449890137,1.6010032892227173,0.6366581320762634,0.61177,0.12082,0.007828,0.544573,0.46497297286987305
1998/2/7 0:00,0.5567431449890137,1.6010032892227173,0.6366581320762634,0.610426,0.120821,0.007803,0.545881,0.46497297286987305
1998/2/8 0:00,0.5567431449890137,1.6010032892227173,0.6366581320762634,0.61361,0.120823,0.007781,0.544218,0.4647388458251953
1998/2/9 0:00,0.5567431449890137,1.6010032892227173,0.6366581320762634,0.604485,0.120821,0.007717,0.544514,0.46497297286987305
1998/2/10 0:00,0.5637796521186829,1.6010032892227173,0.6366581320762634,0.593542,0.120821,0.007649,0.542594,0.4638490378856659
1998/2/11 0:00,0.5637796521186829,1.6010032892227173,0.6366581320762634,0.591366,0.120821,0.007644,0.5437,0.4638490378856659
1998/2/12 0:00,0.5637796521186829,1.6010032892227173,0.6366581320762634,0.595238,0.120823,0.007594,0.539142,0.4596290588378906
1998/2/13 0:00,0.5816876292228699,1.5948140621185303,0.627727,0.596944,0.120821,0.007612,0.54019,0.4592900276184082
1998/2/14 0:00,0.5816876292228699,1.5948140621185303,0.628082,0.601431,0.120823,0.007598,0.541565,0.4592900276184082
1998/2/15 0:00,0.5816876292228699,1.5948140621185303,0.626253,0.608014,0.120823,0.007567,0.539884,0.4592900276184082
1998/2/16 0:00,0.5816876292228699,1.5948140621185303,0.626253,0.605877,0.120823,0.007592,0.540789,0.4592900276184082
1998/2/17 0:00,0.5816876292228699,1.5948140621185303,0.626782,0.604942,0.120823,0.007643,0.542446,0.46351000666618347
1998/2/18 0:00,0.5816876292228699,1.614771842956543,0.6259,0.606134,0.12082,0.007628,0.542094,0.46351000666618347
1998/2/19 0:00,0.5816876292228699,1.5948140621185303,0.626645,0.604047,0.120821,0.007534,0.540906,0.4592900276184082
1998/2/20 0:00,0.5816876292228699,1.5948140621185303,0.625782,0.603573,0.120821,0.007522,0.540599,0.4592900276184082
1998/2/21 0:00,0.5816876292228699,1.5948140621185303,0.626017,0.602156,0.120823,0.007561,0.5428,0.4592900276184082
1998/2/22 0:00,0.5816876292228699,1.5948140621185303,0.624512,0.601884,0.120823,0.007559,0.541932,0.4592900276184082
1998/2/23 0:00,0.5816876292228699,1.5948140621185303,0.627156,0.603682,0.120821,0.007575,0.54539,0.4592900276184082
1998/2/24 0:00,0.5816876292228699,1.5948140621185303,0.629089,0.60183,0.120821,0.007627,0.547555,0.46351000666618347
1998/2/25 0:00,0.5816876292228699,1.5948140621185303,0.626331,0.601685,0.120821,0.007579,0.545554,0.4592900276184082
1998/2/26 0:00,0.5816876292228699,1.614771842956543,0.62054,0.5997,0.12082,0.007571,0.545405,0.4592900276184082
1998/2/27 0:00,0.5479325652122498,1.5049608945846558,0.618582,0.60241,0.120821,0.007554,0.545316,0.4246
1998/2/28 0:00,0.5479325652122498,1.5249186754226685,0.620155,0.601685,0.12082,0.007543,0.545539,0.42735
1998/3/1 0:00,0.5359652638435364,1.4580971002578735,0.621697,0.601866,0.120821,0.008467481471598148,0.543331,0.42925
1998/3/2 0:00,0.5294308662414551,1.4580971002578735,0.624376,0.598408,0.120824,0.008467481471598148,0.543774,0.4266
1998/3/3 0:00,0.5316044092178345,1.4580971002578735,0.623519,0.597657,0.120821,0.008906880393624306,0.566183865070343,0.4271
1998/3/4 0:00,0.5294308662414551,1.4580971002578735,0.621987,0.587458,0.120824,0.008906880393624306,0.5672575831413269,0.42365
1998/3/5 0:00,0.5316044092178345,1.4580971002578735,0.623986,0.586235,0.120821,0.008906880393624306,0.566183865070343,0.42225
1998/3/6 0:00,0.5316044092178345,1.4580971002578735,0.62822,0.58782,0.120823,0.008906880393624306,0.566183865070343,0.42065
1998/3/7 0:00,0.5247626900672913,1.4580971002578735,0.629901,0.584761,0.120824,0.008906880393624306,0.5672575831413269,0.4163
1998/3/8 0:00,0.50825,1.466659665107727,0.627805,0.581328,0.120824,0.009125499986112118,0.5811176896095276,0.417
1998/3/9 0:00,0.50965,1.4632922410964966,0.628852,0.582479,0.1214761957526207,0.008993321098387241,0.5853539109230042,0.41715
1998/3/10 0:00,0.51075,1.4632922410964966,0.626233,0.589206,0.1214761957526207,0.008993321098387241,0.5853539109230042,0.4181
1998/3/11 0:00,0.50955,1.4867887496948242,0.6541919112205505,0.589518,0.1214761957526207,0.008993321098387241,0.5853539109230042,0.41705
1998/3/12 0:00,0.50865,1.5403826236724854,0.6566805243492126,0.589692,0.1214761957526207,0.008197317831218243,0.5660531520843506,0.419406533241272
1998/3/13 0:00,0.50925,1.5403826236724854,0.6566805243492126,0.591856,0.1214761957526207,0.008197317831218243,0.5660531520843506,0.419406533241272
1998/3/14 0:00,0.51055,1.5403826236724854,0.6566805243492126,0.591926,0.1214761957526207,0.008197317831218243,0.5660531520843506,0.419406533241272
1998/3/15 0:00,0.51265,1.5403826236724854,0.6566805243492126,0.59393,0.1214761957526207,0.008197317831218243,0.5660531520843506,0.4240209460258484
1998/3/16 0:00,0.50915,1.5403826236724854,0.6566805243492126,0.592979,0.1214761957526207,0.008197317831218243,0.5660531520843506,0.419406533241272
1998/3/17 0:00,0.51005,1.5403826236724854,0.6566805243492126,0.587993,0.1214761957526207,0.008197317831218243,0.5660531520843506,0.419406533241272
1998/3/18 0:00,0.51725,1.5403826236724854,0.6566805243492126,0.589136,0.1214761957526207,0.008197317831218243,0.5660531520843506,0.4240209460258484
1998/3/19 0:00,0.51715,1.5403826236724854,0.6566805243492126,0.589067,0.1214761957526207,0.008197317831218243,0.5660531520843506,0.4240209460258484
1998/3/20 0:00,0.51825,1.5403826236724854,0.6566805243492126,0.587959,0.1214761957526207,0.008197317831218243,0.5660531520843506,0.4240209460258484
1998/3/21 0:00,0.51875,1.5403826236724854,0.6566805243492126,0.592347,0.1214761957526207,0.008197317831218243,0.5660531520843506,0.4240209460258484
1998/3/22 0:00,0.51725,1.5403826236724854,0.6566805243492126,0.587786,0.1214761957526207,0.008197317831218243,0.5660531520843506,0.4240209460258484
1998/3/23 0:00,0.51715,1.5403826236724854,0.6566805243492126,0.587976,0.1214761957526207,0.008197317831218243,0.5660531520843506,0.4240209460258484
1998/3/24 0:00,0.51365,1.5403826236724854,0.6566805243492126,0.591139,0.1214761957526207,0.008197317831218243,0.5660531520843506,0.4240209460258484
1998/3/25 0:00,0.51375,1.5403826236724854,0.6566805243492126,0.588893,0.1214761957526207,0.008197317831218243,0.5660531520843506,0.4240209460258484
1998/3/26 0:00,0.51375,1.5403826236724854,0.6566805243492126,0.58548,0.1214761957526207,0.008197317831218243,0.5686485767364502,0.4240209460258484
1998/3/27 0:00,0.51555,1.5403826236724854,0.6566805243492126,0.586304,0.1214761957526207,0.008197317831218243,0.5660531520843506,0.4240209460258484
1998/3/28 0:00,0.51725,1.5403826236724854,0.6566805243492126,0.588963,0.1214761957526207,0.008197317831218243,0.5660531520843506,0.4240209460258484
1998/3/29 0:00,0.51925,1.5403826236724854,0.6566805243492126,0.585703,0.1214761957526207,0.008197317831218243,0.5686485767364502,0.4240209460258484
1998/3/30 0:00,0.52025,1.5403826236724854,0.6566805243492126,0.588547,0.1214761957526207,0.008197317831218243,0.5660531520843506,0.42739856243133545
1998/3/31 0:00,0.5349900126457214,1.5403826236724854,0.6566805243492126,0.590702,0.1214761957526207,0.008197317831218243,0.5660531520843506,0.4368254542350769
1998/4/1 0:00,0.5349900126457214,1.5403826236724854,0.6566805243492126,0.594106,0.1214761957526207,0.008197317831218243,0.5660531520843506,0.4368254542350769
1998/4/2 0:00,0.5349900126457214,1.5403826236724854,0.6566805243492126,0.599449,0.1214761957526207,0.008197317831218243,0.5660531520843506,0.4368254542350769
1998/4/3 0:00,0.5349900126457214,1.5403826236724854,0.6566805243492126,0.593067,0.1214761957526207,0.008197317831218243,0.5660531520843506,0.4368254542350769
1998/4/4 0:00,0.5349900126457214,1.5403826236724854,0.6566805243492126,0.595344,0.1214761957526207,0.008197317831218243,0.5660531520843506,0.4368254542350769
1998/4/5 0:00,0.5349900126457214,1.5403826236724854,0.6566805243492126,0.595274,0.1214761957526207,0.008197317831218243,0.5660531520843506,0.4368254542350769
1998/4/6 0:00,0.5349900126457214,1.5403826236724854,0.6566805243492126,0.596979,0.1214761957526207,0.008197317831218243,0.5660531520843506,0.4368254542350769
1998/4/7 0:00,0.5349900126457214,1.5403826236724854,0.6566805243492126,0.601793,0.1214761957526207,0.008197317831218243,0.5660531520843506,0.4368254542350769
1998/4/8 0:00,0.5349900126457214,1.5403826236724854,0.6566805243492126,0.602664,0.1214761957526207,0.008197317831218243,0.5660531520843506,0.4368254542350769
1998/4/9 0:00,0.5384821891784668,1.4245,0.6503865122795105,0.602954,0.1214761957526207,0.0085655702278018,0.5697762966156006,0.45058387517929077
1998/4/10 0:00,0.5384821891784668,1.4287,0.6503865122795105,0.604485,0.1214761957526207,0.0085655702278018,0.5697762966156006,0.45058387517929077
1998/4/11 0:00,0.5349900126457214,1.5403826236724854,0.6566805243492126,0.603427,0.1214761957526207,0.008197317831218243,0.5660531520843506,0.4368254542350769
1998/4/12 0:00,0.5349900126457214,1.5403826236724854,0.6566805243492126,0.601486,0.1214761957526207,0.008197317831218243,0.5660531520843506,0.4368254542350769
1998/4/13 0:00,0.5349900126457214,1.5403826236724854,0.6566805243492126,0.600709,0.1214761957526207,0.008197317831218243,0.5660531520843506,0.4368254542350769
1998/4/14 0:00,0.5276755094528198,1.505692720413208,0.6566805243492126,0.599449,0.120815,0.0085460739210248,0.5625070333480835,0.43286946415901184
1998/4/15 0:00,0.5276755094528198,1.505692720413208,0.6566805243492126,0.595841,0.120814,0.0085460739210248,0.5625070333480835,0.43286946415901184
1998/4/16 0:00,0.5276755094528198,1.505692720413208,0.6566805243492126,0.594583,0.120811,0.0085460739210248,0.5625070333480835,0.43286946415901184
1998/4/17 0:00,0.5276755094528198,1.505692720413208,0.6566805243492126,0.595912,0.120811,0.0085460739210248,0.5625070333480835,0.43286946415901184
1998/4/18 0:00,0.5276755094528198,1.505692720413208,0.6566805243492126,0.601793,0.120811,0.0085460739210248,0.5625070333480835,0.43286946415901184
1998/4/19 0:00,0.5276755094528198,1.505692720413208,0.6566805243492126,0.601251,0.120814,0.0085460739210248,0.5625070333480835,0.43286946415901184
1998/4/20 0:00,0.5276755094528198,1.505692720413208,0.6566805243492126,0.602954,0.120812,0.0085460739210248,0.5625070333480835,0.43286946415901184
1998/4/21 0:00,0.5276755094528198,1.505692720413208,0.6566805243492126,0.599916,0.120815,0.0085460739210248,0.5625070333480835,0.43286946415901184
1998/4/22 0:00,0.5276755094528198,1.505692720413208,0.6566805243492126,0.600402,0.120817,0.0085460739210248,0.5625070333480835,0.43286946415901184
1998/4/23 0:00,0.5276755094528198,1.505692720413208,0.6566805243492126,0.596694,0.120815,0.0085460739210248,0.5625070333480835,0.43286946415901184
1998/4/24 0:00,0.5276755094528198,1.505692720413208,0.6529454588890076,0.600384,0.120818,0.008337357081472874,0.5659534335136414,0.43286946415901184
1998/4/25 0:00,0.5276755094528198,1.505692720413208,0.6566805243492126,0.598623,0.120815,0.0085460739210248,0.5625070333480835,0.43286946415901184
1998/4/26 0:00,0.5276755094528198,1.505692720413208,0.6566805243492126,0.602664,0.120812,0.0085460739210248,0.5625070333480835,0.43286946415901184
1998/4/27 0:00,0.5276755094528198,1.505692720413208,0.6566805243492126,0.600258,0.120814,0.0085460739210248,0.5625070333480835,0.43286946415901184
1998/4/28 0:00,0.5276755094528198,1.505692720413208,0.6566805243492126,0.599341,0.120815,0.0085460739210248,0.5625070333480835,0.43286946415901184
1998/4/29 0:00,0.5276755094528198,1.505692720413208,0.6566805243492126,0.600709,0.120814,0.0085460739210248,0.5625070333480835,0.43286946415901184
1998/4/30 0:00,0.5276755094528198,1.505692720413208,0.6566805243492126,0.60595,0.120814,0.0085460739210248,0.5625070333480835,0.43286946415901184
1998/5/1 0:00,0.5276755094528198,1.505692720413208,0.6566805243492126,0.607128,0.120814,0.0085460739210248,0.5625070333480835,0.43286946415901184
1998/5/2 0:00,0.5276755094528198,1.505692720413208,0.6566805243492126,0.60698,0.120809,0.0085460739210248,0.5625070333480835,0.43286946415901184
1998/5/3 0:00,0.5276755094528198,1.505692720413208,0.6566805243492126,0.605144,0.120814,0.0085460739210248,0.5625070333480835,0.43286946415901184
1998/5/4 0:00,0.5276755094528198,1.4596530199050903,0.6488323211669922,0.60595,0.120812,0.008488846011459827,0.549813,0.430256724357605
1998/5/5 0:00,0.5504297614097595,1.558409333229065,0.6499749422073364,0.609162,0.120811,0.008177835494279861,0.551207,0.44935
1998/5/6 0:00,0.5504297614097595,1.5494740009307861,0.6499749422073364,0.613855,0.120811,0.008177835494279861,0.552578,0.4507
1998/5/7 0:00,0.5504297614097595,1.5494740009307861,0.6499749422073364,0.615669,0.120812,0.008177835494279861,0.554324,0.44975
1998/5/8 0:00,0.5504297614097595,1.5494740009307861,0.6499749422073364,0.617742,0.120817,0.008177835494279861,0.552578,0.448
1998/5/9 0:00,0.53835,1.5494740009307861,0.6499749422073364,0.618448,0.120812,0.008177835494279861,0.551025,0.44755
1998/5/10 0:00,0.54015,1.524640679359436,0.6566805243492126,0.62422,0.120812,0.008747344836592674,0.566183865070343,0.44805
1998/5/11 0:00,0.53475,1.4554755687713623,0.640123,0.621388,0.120812,0.008906880393624306,0.566183865070343,0.44515
1998/5/12 0:00,0.53965,1.4554755687713623,0.639591,0.629366,0.120812,0.008906880393624306,0.566183865070343,0.4489
1998/5/13 0:00,0.54035,1.4554755687713623,0.63804,0.631513,0.120809,0.008906880393624306,0.566183865070343,0.4487
1998/5/14 0:00,0.53925,1.4554755687713623,0.638284,0.628457,0.120809,0.008906880393624306,0.566183865070343,0.44835
1998/5/15 0:00,0.53945,1.4554755687713623,0.636902,0.621581,0.120808,0.009011234156787395,0.5800439715385437,0.4493
1998/5/16 0:00,0.54285,1.4554755687713623,0.638692,0.625274,0.120808,0.009011234156787395,0.5800439715385437,0.45135
1998/5/17 0:00,0.54385,1.4554755687713623,0.642261,0.627825,0.120815,0.008906880393624306,0.566183865070343,0.4533
1998/5/18 0:00,0.54745,1.461764931678772,0.643211,0.626802,0.120818,0.008906880393624306,0.566183865070343,0.45625
1998/5/19 0:00,0.54805,1.461764931678772,0.641766,0.619444,0.120817,0.008906880393624306,0.566183865070343,0.4559
1998/5/20 0:00,0.54795,1.461764931678772,0.643294,0.623131,0.120818,0.008906880393624306,0.566183865070343,0.45815
1998/5/21 0:00,0.54875,1.461764931678772,0.642921,0.626331,0.12082,0.008906880393624306,0.566183865070343,0.4605
1998/5/22 0:00,0.55165,1.461764931678772,0.646956,0.633633,0.120818,0.008906880393624306,0.566183865070343,0.4637
1998/5/23 0:00,0.55565,1.5771981477737427,0.648677,0.633854,0.120818,0.007976,0.5607432126998901,0.4668
1998/5/24 0:00,0.55685,1.5771981477737427,0.649857,0.633995,0.120818,0.008061,0.5607432126998901,0.4682
1998/5/25 0:00,0.55775,1.5771981477737427,0.652529,0.637308,0.120817,0.008044,0.5607432126998901,0.4729
1998/5/26 0:00,0.55525,1.5832253694534302,0.651254,0.633473,0.120815,0.007994,0.5607432126998901,0.4683
1998/5/27 0:00,0.55655,1.5832253694534302,0.652146,0.631912,0.120815,0.008016,0.5607432126998901,0.4711
1998/5/28 0:00,0.55615,1.5771981477737427,0.652188,0.631951,0.120818,0.008011,0.5607432126998901,0.4738
1998/5/29 0:00,0.56165,1.55724036693573,0.652955,0.635405,0.120823,0.00803,0.5607432126998901,0.47645
1998/5/30 0:00,0.56295,1.55724036693573,0.651593,0.637308,0.120823,0.008039,0.5607432126998901,0.4768
1998/5/31 0:00,0.56355,1.55724036693573,0.651678,0.639816,0.120823,0.008096,0.5607432126998901,0.4749
1998/6/1 0:00,0.57145,1.55724036693573,0.654965,0.640287,0.120821,0.008085,0.5607432126998901,0.48595
1998/6/2 0:00,0.57245,1.529455304145813,0.653211,0.639284,0.12082,0.008061,0.5578339099884033,0.47666874527931213
1998/6/3 0:00,0.57375,1.529455304145813,0.652486,0.638692,0.120818,0.008035,0.5578339099884033,0.4775477647781372
1998/6/4 0:00,0.57385,1.529455304145813,0.652273,0.642013,0.120817,0.008051,0.5578339099884033,0.4775477647781372
1998/6/5 0:00,0.57065,1.529455304145813,0.651721,0.641952,0.120817,0.008024,0.5578339099884033,0.4727608561515808
1998/6/6 0:00,0.56775,1.529455304145813,0.64973,0.641355,0.120817,0.008018,0.5578339099884033,0.4727608561515808
1998/6/7 0:00,0.56905,1.529455304145813,0.650703,0.642921,0.12082,0.007983,0.558581,0.47188183665275574
1998/6/8 0:00,0.57025,1.529455304145813,0.651169,0.639182,0.120818,0.007956,0.55966,0.47537359595298767
1998/6/9 0:00,0.56585,1.529455304145813,0.649562,0.639202,0.120818,0.007992,0.559942,0.47537359595298767
1998/6/10 0:00,0.56045,1.5163369178771973,0.646705,0.640636,0.120846,0.008054,0.559237,0.4606071710586548
1998/6/11 0:00,0.55875,1.5354825258255005,0.646621,0.639795,0.120812,0.008047,0.558972,0.46148619055747986
1998/6/12 0:00,0.5950708985328674,1.6428813934326172,0.647375,0.645494,0.120809,0.008045,0.557849,0.4918128252029419
1998/6/13 0:00,0.6380825042724609,1.6428813934326172,0.649182,0.65102,0.120811,0.008069,0.560255,0.533287525177002
1998/6/14 0:00,0.6557827591896057,1.6428813934326172,0.654579,0.656254,0.120814,0.008097,0.562193,0.542026937007904
1998/6/15 0:00,0.6557827591896057,1.629736304283142,0.657203,0.660764,0.120815,0.008216,0.564493,0.5412294268608093
1998/6/16 0:00,0.6557827591896057,1.6201798915863037,0.657376,0.661463,0.120817,0.008212,0.565547,0.5412294268608093
1998/6/17 0:00,0.6557827591896057,1.629736304283142,0.659848,0.667468,0.120815,0.00824,0.565451,0.5412294268608093
1998/6/18 0:00,0.6557827591896057,1.629736304283142,0.658631,0.668941,0.120814,0.008321,0.565771,0.5412294268608093
1998/6/19 0:00,0.6508519649505615,1.553734302520752,0.661726,0.672178,0.120815,0.008496875874698162,0.565931,0.5412294268608093
1998/6/20 0:00,0.6508519649505615,1.553734302520752,0.659674,0.675356,0.120815,0.008496875874698162,0.565787,0.5412294268608093
1998/6/21 0:00,0.6508519649505615,1.5499695539474487,0.659413,0.6744,0.120817,0.008496875874698162,0.565243,0.5412294268608093
1998/6/22 0:00,0.6508519649505615,1.5499695539474487,0.654707,0.672585,0.120817,0.008288159035146236,0.565451,0.5412294268608093
1998/6/23 0:00,0.6508519649505615,1.5499695539474487,0.652571,0.669389,0.12082,0.008209552615880966,0.565531,0.5403503775596619
1998/6/24 0:00,0.6489881277084351,1.6993590593338013,0.654151,0.6819968819618225,0.12082,0.008000540547072887,0.565099,0.5347693562507629
1998/6/25 0:00,0.6489881277084351,1.6993590593338013,0.657117,0.6819968819618225,0.120821,0.008209257386624813,0.567924,0.5347693562507629
1998/6/26 0:00,0.6489881277084351,1.6993590593338013,0.659413,0.6819968819618225,0.120823,0.008209257386624813,0.569476,0.5347693562507629
1998/6/27 0:00,0.6489881277084351,1.6993590593338013,0.657678,0.6819968819618225,0.120821,0.008209257386624813,0.571102,0.5347693562507629
1998/6/28 0:00,0.6081035137176514,1.5585989952087402,0.6759520769119263,0.6173986196517944,0.12082,0.008418269455432892,0.571494,0.5070405006408691
1998/6/29 0:00,0.6081035137176514,1.5585989952087402,0.6759520769119263,0.6173986196517944,0.120821,0.008418269455432892,0.573132,0.5070405006408691
1998/6/30 0:00,0.6081035137176514,1.5585989952087402,0.6796871423721313,0.6173986196517944,0.120817,0.008496875874698162,0.575175,0.5070405006408691
1998/7/1 0:00,0.6081035137176514,1.5585989952087402,0.6759520769119263,0.6173986196517944,0.120818,0.008496875874698162,0.574878,0.5070405006408691
1998/7/2 0:00,0.5841391682624817,1.566524863243103,0.6695445775985718,0.6173986196517944,0.12082,0.008212790824472904,0.574696,0.4827
1998/7/3 0:00,0.6378618478775024,1.6651209592819214,0.682003378868103,0.6673495769500732,0.120818,0.008734400384128094,0.577101,0.48775
1998/7/4 0:00,0.5841391682624817,1.566524863243103,0.6732796430587769,0.6173986196517944,0.120817,0.008337393403053284,0.576602,0.4805
1998/7/5 0:00,0.5668083429336548,1.558409333229065,0.6679243445396423,0.6173986196517944,0.120815,0.008291397243738174,0.573888,0.4742
1998/7/6 0:00,0.5668083429336548,1.558409333229065,0.6641892790794373,0.6173986196517944,0.120818,0.008386552333831787,0.574185,0.4693
1998/7/7 0:00,0.5668083429336548,1.558409333229065,0.6679243445396423,0.6173986196517944,0.120817,0.008386552333831787,0.573888,0.4682
1998/7/8 0:00,0.5668083429336548,1.558409333229065,0.657483696937561,0.6173986196517944,0.120821,0.008307945914566517,0.566926,0.4695
1998/7/9 0:00,0.5624474883079529,1.5335760116577148,0.6641892790794373,0.6099213361740112,0.120823,0.008747344836592674,0.5755323171615601,0.4678
1998/7/10 0:00,0.5624474883079529,1.5335760116577148,0.6641892790794373,0.6099213361740112,0.120821,0.008747344836592674,0.5755323171615601,0.4651
1998/7/11 0:00,0.5624474883079529,1.5335760116577148,0.6641892790794373,0.6099213361740112,0.120823,0.008747344836592674,0.5755323171615601,0.46195
1998/7/12 0:00,0.5624474883079529,1.5335760116577148,0.6641892790794373,0.6099213361740112,0.12082,0.008747344836592674,0.5755323171615601,0.4636
1998/7/13 0:00,0.5624474883079529,1.5335760116577148,0.6641892790794373,0.6099213361740112,0.120821,0.008747344836592674,0.5755323171615601,0.4574
1998/7/14 0:00,0.5624474883079529,1.5335760116577148,0.6641892790794373,0.6099213361740112,0.12082,0.008747344836592674,0.5755323171615601,0.453
1998/7/15 0:00,0.5624474883079529,1.5335760116577148,0.6641892790794373,0.6099213361740112,0.120818,0.008747344836592674,0.5755323171615601,0.45485
1998/7/16 0:00,0.5844606757164001,1.5311,0.6641892790794373,0.6099213361740112,0.120821,0.008747344836592674,0.5755323171615601,0.4541
1998/7/17 0:00,0.5844606757164001,1.5247,0.6641892790794373,0.6099213361740112,0.120823,0.008747344836592674,0.5755323171615601,0.4579
1998/7/18 0:00,0.5844606757164001,1.53115,0.6641892790794373,0.6099213361740112,0.12082,0.008747344836592674,0.5755323171615601,0.46325
1998/7/19 0:00,0.5844606757164001,1.5379,0.6641892790794373,0.6099213361740112,0.120821,0.008747344836592674,0.5755323171615601,0.4571
1998/7/20 0:00,0.5844606757164001,1.5355,0.6641892790794373,0.6099213361740112,0.120823,0.008747344836592674,0.5755323171615601,0.46285
1998/7/21 0:00,0.5844606757164001,1.535,0.6641892790794373,0.6099213361740112,0.12082,0.008747344836592674,0.5755323171615601,0.4658
1998/7/22 0:00,0.5844606757164001,1.5397,0.6641892790794373,0.6099213361740112,0.12082,0.008747344836592674,0.5755323171615601,0.468
1998/7/23 0:00,0.5844606757164001,1.5271,0.6641892790794373,0.6099213361740112,0.12082,0.008747344836592674,0.5755323171615601,0.466
1998/7/24 0:00,0.5844606757164001,1.5295,0.6641892790794373,0.6099213361740112,0.12082,0.008747344836592674,0.5755323171615601,0.4698
1998/7/25 0:00,0.6474237442016602,1.5307,0.6694771647453308,0.667557,0.120823,0.008713639341294765,0.5852074027061462,0.5307103395462036
1998/7/26 0:00,0.6474237442016602,1.5201,0.6694771647453308,0.65822,0.120823,0.008713639341294765,0.5852074027061462,0.5307103395462036
1998/7/27 0:00,0.6474237442016602,1.5222,0.6694771647453308,0.661113,0.120821,0.008713639341294765,0.5852074027061462,0.5307103395462036
1998/7/28 0:00,0.6728651523590088,1.5217,0.642674,0.660349,0.120821,0.00850492250174284,0.6192854642868042,0.5715005397796631
1998/7/29 0:00,0.6728651523590088,1.5336,0.643832,0.670916,0.120821,0.00850492250174284,0.5989140272140503,0.556569516658783
1998/7/30 0:00,0.6728651523590088,1.53345,0.641149,0.665956,0.12082,0.00850492250174284,0.6144109964370728,0.5715005397796631
1998/7/31 0:00,0.6728651523590088,1.5489,0.641313,0.669389,0.120821,0.00850492250174284,0.6144109964370728,0.5715005397796631
1998/8/1 0:00,0.6728651523590088,1.54945,0.64156,0.667312,0.120821,0.00850492250174284,0.6144109964370728,0.5715005397796631
1998/8/2 0:00,0.6728651523590088,1.5487,0.642178,0.668628,0.120818,0.00850492250174284,0.6192854642868042,0.5723795890808105
1998/8/3 0:00,0.6508519649505615,1.5499695539474487,0.64433,0.679625,0.120817,0.00850492250174284,0.5763908624649048,0.5412294268608093
1998/8/4 0:00,0.6254105567932129,1.6544512510299683,0.6698898077011108,0.677599,0.120815,0.008504627272486687,0.5730102062225342,0.5168996453285217
1998/8/5 0:00,0.6254105567932129,1.6544512510299683,0.6698898077011108,0.678702,0.120814,0.008504627272486687,0.5730102062225342,0.5168996453285217
1998/8/6 0:00,0.6254105567932129,1.6374895572662354,0.6729062795639038,0.672857,0.120817,0.008504627272486687,0.5755921602249146,0.517691969871521
1998/8/7 0:00,0.6254105567932129,1.6184242963790894,0.6732122302055359,0.6664,0.120817,0.008504627272486687,0.5748451948165894,0.5154848694801331
1998/8/8 0:00,0.6254105567932129,1.6184242963790894,0.6732122302055359,0.664319,0.120817,0.008504627272486687,0.5748451948165894,0.5154848694801331
1998/8/9 0:00,0.6254105567932129,1.6184242963790894,0.6694771647453308,0.668494,0.12082,0.008504627272486687,0.5748451948165894,0.5146058201789856
1998/8/10 0:00,0.6254105567932129,1.6184242963790894,0.6694771647453308,0.662383,0.12082,0.008504627272486687,0.5748451948165894,0.5146058201789856
1998/8/11 0:00,0.6327250599861145,1.6198850870132446,0.6732122302055359,0.658241,0.1214761957526207,0.00815587118268013,0.5792940855026245,0.505405843257904
1998/8/12 0:00,0.6327250599861145,1.6198850870132446,0.6732122302055359,0.663262,0.1214761957526207,0.00815587118268013,0.5792940855026245,0.505405843257904
1998/8/13 0:00,0.54785,1.559688687324524,0.6566805243492126,0.665447,0.1214761957526207,0.008197317831218243,0.5639269948005676,0.44868409633636475
1998/8/14 0:00,0.54945,1.559688687324524,0.6620619297027588,0.674809,0.1214761957526207,0.008197317831218243,0.5852922201156616,0.4611673653125763
1998/8/15 0:00,0.54595,1.559688687324524,0.6566805243492126,0.669882,0.1214761957526207,0.008197317831218243,0.5639269948005676,0.44868409633636475
1998/8/16 0:00,0.54345,1.559688687324524,0.6566805243492126,0.667156,0.1214761957526207,0.008197317831218243,0.5639269948005676,0.44868409633636475
1998/8/17 0:00,0.54225,1.559688687324524,0.6566805243492126,0.667423,0.1214761957526207,0.008197317831218243,0.5639269948005676,0.44868409633636475
1998/8/18 0:00,0.54665,1.559688687324524,0.6566805243492126,0.667111,0.1214761957526207,0.008197317831218243,0.5639269948005676,0.44868409633636475
1998/8/19 0:00,0.54465,1.559688687324524,0.6566805243492126,0.666289,0.1214761957526207,0.008197317831218243,0.5639269948005676,0.44868409633636475
1998/8/20 0:00,0.54365,1.559688687324524,0.6566805243492126,0.669792,0.1214761957526207,0.008197317831218243,0.5639269948005676,0.44868409633636475
1998/8/21 0:00,0.54375,1.559688687324524,0.6620619297027588,0.67815,0.1214761957526207,0.008197317831218243,0.5852922201156616,0.4466315507888794
1998/8/22 0:00,0.6327250599861145,1.6198850870132446,0.6729062795639038,0.671096,0.1214761957526207,0.00815587118268013,0.5916152596473694,0.508464515209198
1998/8/23 0:00,0.6327250599861145,1.6368467807769775,0.6729062795639038,0.676613,0.1214761957526207,0.00815587118268013,0.5916152596473694,0.5127688050270081
1998/8/24 0:00,0.6327250599861145,1.6368467807769775,0.6729062795639038,0.676842,0.1214761957526207,0.00815587118268013,0.5916152596473694,0.5127688050270081
1998/8/25 0:00,0.6327250599861145,1.6198850870132446,0.6732122302055359,0.670691,0.1214761957526207,0.00815587118268013,0.5916152596473694,0.508464515209198
1998/8/26 0:00,0.6327250599861145,1.6198850870132446,0.6729062795639038,0.671908,0.1214761957526207,0.00815587118268013,0.5916152596473694,0.508464515209198
1998/8/27 0:00,0.6327250599861145,1.6198850870132446,0.6732122302055359,0.667379,0.1214761957526207,0.00815587118268013,0.5792940855026245,0.505405843257904
1998/8/28 0:00,0.6327250599861145,1.6368467807769775,0.6729062795639038,0.67659,0.1214761957526207,0.00815587118268013,0.5916152596473694,0.5127688050270081
1998/8/29 0:00,0.6327250599861145,1.6368467807769775,0.6729062795639038,0.673469,0.1214761957526207,0.00815587118268013,0.5916152596473694,0.5127688050270081
1998/8/30 0:00,0.6327250599861145,1.6368467807769775,0.6729062795639038,0.675265,0.1214761957526207,0.00815587118268013,0.5916152596473694,0.5127688050270081
1998/8/31 0:00,0.6327250599861145,1.6368467807769775,0.6729062795639038,0.674946,0.1214761957526207,0.00815587118268013,0.5916152596473694,0.5127688050270081
1998/9/1 0:00,0.8378592133522034,1.6387056112289429,0.914054274559021,0.9338141679763794,0.1464240401983261,0.009617255069315434,0.6981909275054932,0.6933176517486572
1998/9/2 0:00,0.8378592133522034,1.6387056112289429,0.914054274559021,0.9338141679763794,0.1464240401983261,0.009617255069315434,0.6981909275054932,0.6933176517486572
1998/9/3 0:00,0.8378592133522034,1.6387056112289429,0.914054274559021,0.9338141679763794,0.1464240401983261,0.009617255069315434,0.6981909275054932,0.6933176517486572
1998/9/4 0:00,0.8378592133522034,1.6387056112289429,0.914054274559021,0.9338141679763794,0.1464240401983261,0.009617255069315434,0.6981909275054932,0.6933176517486572
1998/9/5 0:00,0.7620974183082581,1.727705478668213,0.8495556116104126,0.7584273219108582,0.18250198662281036,0.007988,0.6104120016098022,0.5763106942176819
1998/9/6 0:00,0.7620974183082581,1.727705478668213,0.8495556116104126,0.7584273219108582,0.18250198662281036,0.008026,0.6104120016098022,0.5763106942176819
1998/9/7 0:00,0.7620974183082581,1.727705478668213,0.8495556116104126,0.7584273219108582,0.18250198662281036,0.008026,0.6104120016098022,0.5763106942176819
1998/9/8 0:00,0.7620974183082581,1.727705478668213,0.8495556116104126,0.7584273219108582,0.18250198662281036,0.008049,0.6104120016098022,0.5763106942176819
1998/9/9 0:00,0.7620974183082581,1.727705478668213,0.8495556116104126,0.7584273219108582,0.1657678782939911,0.008091,0.6104120016098022,0.5807120203971863
1998/9/10 0:00,0.7620974183082581,1.727705478668213,0.8495556116104126,0.7584273219108582,0.1657678782939911,0.008137,0.6104120016098022,0.5807120203971863
1998/9/11 0:00,0.7620974183082581,1.727705478668213,0.8495556116104126,0.7584273219108582,0.1657678782939911,0.008138,0.6104120016098022,0.5807120203971863
1998/9/12 0:00,0.6183581352233887,1.589281678199768,0.6871936321258545,0.6570214033126831,0.1214761957526207,0.008175,0.5697941780090332,0.4964
1998/9/13 0:00,0.6183581352233887,1.589281678199768,0.6871936321258545,0.6570214033126831,0.1214761957526207,0.008191,0.5697941780090332,0.49615
1998/9/14 0:00,0.6183581352233887,1.589281678199768,0.6871936321258545,0.6570214033126831,0.1214761957526207,0.008205,0.5697941780090332,0.4983
1998/9/15 0:00,0.6183581352233887,1.589281678199768,0.6871936321258545,0.6570214033126831,0.1214761957526207,0.008247,0.5697941780090332,0.49895
1998/9/16 0:00,0.6183581352233887,1.589281678199768,0.6871936321258545,0.6794497966766357,0.1214761957526207,0.008347,0.5824546813964844,0.49815
1998/9/17 0:00,0.6183581352233887,1.589281678199768,0.6871936321258545,0.6835312843322754,0.1214761957526207,0.008367,0.5842782258987427,0.4936
1998/9/18 0:00,0.6183581352233887,1.589281678199768,0.6871936321258545,0.6835312843322754,0.1214761957526207,0.00835,0.5856315493583679,0.4931
1998/9/19 0:00,0.6183581352233887,1.589281678199768,0.6871936321258545,0.6714873313903809,0.1214761957526207,0.00833,0.5824546813964844,0.4969
1998/9/20 0:00,0.6183581352233887,1.589281678199768,0.6871936321258545,0.670081615447998,0.1214761957526207,0.008305,0.5697941780090332,0.49985
1998/9/21 0:00,0.6183581352233887,1.589281678199768,0.6871936321258545,0.670081615447998,0.1214761957526207,0.0083,0.5697941780090332,0.49965
1998/9/22 0:00,0.6164681911468506,1.5668598413467407,0.688970148563385,0.6939211487770081,0.120815,0.008249,0.5751465559005737,0.49765
1998/9/23 0:00,0.6164681911468506,1.5668598413467407,0.688970148563385,0.6939211487770081,0.120815,0.008173,0.5751465559005737,0.4963
1998/9/24 0:00,0.6183581352233887,1.589281678199768,0.6871936321258545,0.6570214033126831,0.1214761957526207,0.008156,0.5697941780090332,0.49735
1998/9/25 0:00,0.6183581352233887,1.589281678199768,0.6871936321258545,0.6570214033126831,0.1214761957526207,0.008149,0.5697941780090332,0.50215
1998/9/26 0:00,0.624755859375,1.589281678199768,0.6871936321258545,0.6570214033126831,0.1214761957526207,0.008126,0.5697941780090332,0.51415
1998/9/27 0:00,0.6037516593933105,1.5572295188903809,0.6822645664215088,0.6216236352920532,0.1214761957526207,0.008189,0.564239,0.4995
1998/9/28 0:00,0.6037516593933105,1.5572295188903809,0.6822645664215088,0.6216236352920532,0.1214761957526207,0.008218,0.566765,0.4956
1998/9/29 0:00,0.6037516593933105,1.5572295188903809,0.6822645664215088,0.6216236352920532,0.1214761957526207,0.008173,0.566348,0.49455
1998/9/30 0:00,0.6037516593933105,1.5572295188903809,0.6822645664215088,0.6216236352920532,0.1214761957526207,0.008185,0.567537,0.4951
1998/10/1 0:00,0.6037516593933105,1.5572295188903809,0.6822645664215088,0.6216236352920532,0.1214761957526207,0.008158,0.565867,0.4982
1998/10/2 0:00,0.6037516593933105,1.5734467506408691,0.6804880499839783,0.6216236352920532,0.1214761957526207,0.008023,0.56427,0.49765
1998/10/3 0:00,0.6037516593933105,1.5734467506408691,0.6804880499839783,0.6216236352920532,0.1214761957526207,0.008024,0.564908,0.498
1998/10/4 0:00,0.6037516593933105,1.5734467506408691,0.6804880499839783,0.6216236352920532,0.1214761957526207,0.008029,0.564653,0.50105
1998/10/5 0:00,0.6037516593933105,1.5734467506408691,0.6804880499839783,0.6216236352920532,0.1214761957526207,0.00798,0.563,0.5012
1998/10/6 0:00,0.6037516593933105,1.5572295188903809,0.6822645664215088,0.6216236352920532,0.1214761957526207,0.008087,0.566316,0.50385
1998/10/7 0:00,0.6037516593933105,1.5572295188903809,0.6822645664215088,0.6216236352920532,0.1214761957526207,0.008089,0.567408,0.5029
1998/10/8 0:00,0.6037516593933105,1.5572295188903809,0.6822645664215088,0.6216236352920532,0.1214761957526207,0.00815,0.568182,0.5085
1998/10/9 0:00,0.6069130897521973,1.5348076820373535,0.688970148563385,0.6899325847625732,0.120815,0.008292,0.572246,0.51265
1998/10/10 0:00,0.6072120666503906,1.5348076820373535,0.688970148563385,0.6864438652992249,0.120815,0.008243,0.571984,0.51455
1998/10/11 0:00,0.6072120666503906,1.5348076820373535,0.688970148563385,0.6864438652992249,0.120815,0.008246,0.572279,0.51765
1998/10/12 0:00,0.6072120666503906,1.5348076820373535,0.688970148563385,0.6899325847625732,0.120815,0.008303,0.573345,0.51655
1998/10/13 0:00,0.6072120666503906,1.5348076820373535,0.688970148563385,0.691338300704956,0.120815,0.008334,0.575308,0.51655
1998/10/14 0:00,0.6072120666503906,1.5348076820373535,0.688970148563385,0.6993007659912109,0.120815,0.008342,0.575457,0.5217
1998/10/15 0:00,0.6211280226707458,1.53253173828125,0.688970148563385,0.6993007659912109,0.120815,0.00844,0.576319,0.52335
1998/10/16 0:00,0.6072120666503906,1.5348076820373535,0.688970148563385,0.691338300704956,0.120815,0.00833,0.57346,0.5228
1998/10/17 0:00,0.6072120666503906,1.5348076820373535,0.688970148563385,0.6993007659912109,0.120815,0.008382,0.574614,0.5284
1998/10/18 0:00,0.6072120666503906,1.5348076820373535,0.6979130506515503,0.6993007659912109,0.120815,0.008363,0.574911,0.5314
1998/10/19 0:00,0.6072120666503906,1.5348076820373535,0.688970148563385,0.691338300704956,0.120815,0.00832,0.573921,0.53025
1998/10/20 0:00,0.6072120666503906,1.5348076820373535,0.6979130506515503,0.6993007659912109,0.120815,0.008398,0.576136,0.5329
1998/10/21 0:00,0.6072120666503906,1.5348076820373535,0.6979130506515503,0.6993007659912109,0.120815,0.008357,0.574878,0.5325
1998/10/22 0:00,0.6307945251464844,1.5348076820373535,0.6979130506515503,0.6993007659912109,0.120815,0.008398,0.575606,0.5394
1998/10/23 0:00,0.6307945251464844,1.5348076820373535,0.6941779851913452,0.6993007659912109,0.12082,0.008408,0.575805,0.54165
1998/10/24 0:00,0.6447104811668396,1.5410332679748535,0.6979130506515503,0.7038953900337219,0.120773,0.008479,0.577701,0.5388
1998/10/25 0:00,0.6447104811668396,1.53253173828125,0.6979130506515503,0.6980181336402893,0.120817,0.008463,0.576735,0.53905
1998/10/26 0:00,0.6447104811668396,1.53253173828125,0.6979130506515503,0.6980181336402893,0.120815,0.008485,0.577417,0.54455
1998/10/27 0:00,0.6447104811668396,1.5348076820373535,0.7048794627189636,0.7128992676734924,0.120814,0.008424,0.576934,0.5502
1998/10/28 0:00,0.6415490508079529,1.5556994676589966,0.6979130506515503,0.714981198310852,0.1214761957526207,0.008465,0.576701,0.5476
1998/10/29 0:00,0.6415490508079529,1.5556994676589966,0.6979130506515503,0.714981198310852,0.1214761957526207,0.008453,0.577284,0.54225
1998/10/30 0:00,0.6415490508079529,1.5572295188903809,0.7048794627189636,0.725217878818512,0.1214761957526207,0.008427,0.577884,0.54915
1998/10/31 0:00,0.6415490508079529,1.5572295188903809,0.6979130506515503,0.714981198310852,0.1214761957526207,0.008427,0.576851,0.5476
1998/11/1 0:00,0.6415490508079529,1.5556994676589966,0.7048794627189636,0.725217878818512,0.1214761957526207,0.008448,0.577868,0.54925
1998/11/2 0:00,0.6276330947875977,1.5572295188903809,0.6979130506515503,0.7162638306617737,0.1214761957526207,0.008377,0.575225,0.5454
1998/11/3 0:00,0.6276330947875977,1.5572295188903809,0.6979130506515503,0.7162638306617737,0.1214761957526207,0.008339,0.574911,0.54275
1998/11/4 0:00,0.6276330947875977,1.5572295188903809,0.6979130506515503,0.706895649433136,0.1214761957526207,0.008297,0.574086,0.542
1998/11/5 0:00,0.6276330947875977,1.5572295188903809,0.7048794627189636,0.7265005111694336,0.1214761957526207,0.008347,0.57549,0.54945
1998/11/6 0:00,0.6276330947875977,1.5572295188903809,0.6979130506515503,0.7083013653755188,0.1214761957526207,0.008331,0.574185,0.5479
1998/11/7 0:00,0.6276330947875977,1.5572295188903809,0.7048794627189636,0.7265005111694336,0.1214761957526207,0.008346,0.574713,0.54935
1998/11/8 0:00,0.6276330947875977,1.5572295188903809,0.7048794627189636,0.7171323299407959,0.1214761957526207,0.008305,0.572918,0.5498
1998/11/9 0:00,0.6276330947875977,1.5572295188903809,0.7048794627189636,0.704072117805481,0.1214761957526207,0.008249,0.568893,0.54925
1998/11/10 0:00,0.6276330947875977,1.5572295188903809,0.7048794627189636,0.704072117805481,0.1214761957526207,0.008277,0.570483,0.5522
1998/11/11 0:00,0.6276330947875977,1.5572295188903809,0.6912074685096741,0.693835437297821,0.1214761957526207,0.008244,0.568602,0.5488
1998/11/12 0:00,0.7620974183082581,1.6956533193588257,0.841282308101654,0.7522458434104919,0.13170120120048523,0.008301,0.570255,0.6213566064834595
1998/11/13 0:00,0.7620974183082581,1.6956533193588257,0.841282308101654,0.7522458434104919,0.13170120120048523,0.008292,0.569606,0.6213566064834595
1998/11/14 0:00,0.7620974183082581,1.6956533193588257,0.841282308101654,0.7522458434104919,0.13170120120048523,0.008318,0.569282,0.6213566064834595
1998/11/15 0:00,0.7620974183082581,1.6956533193588257,0.841282308101654,0.7522458434104919,0.1259157508611679,0.008403,0.571363,0.6226129531860352
1998/11/16 0:00,0.7620974183082581,1.6956533193588257,0.841282308101654,0.7522458434104919,0.1259157508611679,0.008415,0.571102,0.6226129531860352
1998/11/17 0:00,0.7620974183082581,1.6776256561279297,0.841282308101654,0.7522458434104919,0.1259157508611679,0.008455,0.573378,0.6226129531860352
1998/11/18 0:00,0.7620974183082581,1.6776256561279297,0.841282308101654,0.7522458434104919,0.1259157508611679,0.008447,0.573987,0.6226129531860352
1998/11/19 0:00,0.7620974183082581,1.6776256561279297,0.841282308101654,0.7542331218719482,0.12712618708610535,0.008485,0.575225,0.668890655040741
1998/11/20 0:00,0.7620974183082581,1.6776256561279297,0.841282308101654,0.7542331218719482,0.12712618708610535,0.008526,0.577117,0.668890655040741
1998/11/21 0:00,0.7620974183082581,1.6776256561279297,0.841282308101654,0.7542331218719482,0.12712618708610535,0.008543,0.576302,0.668890655040741
1998/11/22 0:00,0.7620974183082581,1.6776256561279297,0.841282308101654,0.7542331218719482,0.12712618708610535,0.008476,0.575573,0.668890655040741
1998/11/23 0:00,0.7098297476768494,1.5786,0.7488420605659485,0.746882,0.13131926953792572,0.008504,0.575921,0.577866792678833
1998/11/24 0:00,0.7098297476768494,1.5817,0.7488420605659485,0.746826,0.12883847951889038,0.008485,0.576153,0.577866792678833
1998/11/25 0:00,0.71976238489151,1.6013,0.7530823945999146,0.75188,0.12461540102958679,0.008526,0.577167,0.5936360359191895
1998/11/26 0:00,0.7045233845710754,1.6034,0.7488420605659485,0.749148,0.12364870309829712,0.008542,0.57607,0.577866792678833
1998/11/27 0:00,0.7124832272529602,1.5921895503997803,0.7521879076957703,0.755002,0.12518063187599182,0.008562,0.57612,0.6434727907180786
1998/11/28 0:00,0.60335,1.6227916479110718,0.7243074178695679,0.752304,0.1214761957526207,0.008536,0.575209,0.5533682107925415
1998/11/29 0:00,0.59505,1.6622434854507446,0.7212909460067749,0.734835,0.1214761957526207,0.008426,0.570581,0.5465604662895203
1998/11/30 0:00,0.59405,1.645745873451233,0.7174856662750244,0.723223,0.1214761957526207,0.008415,0.566476,0.54835
1998/12/1 0:00,0.58945,1.645745873451233,0.7174856662750244,0.718288,0.1214761957526207,0.008302,0.564239,0.5485
1998/12/2 0:00,0.59295,1.645745873451233,0.7244520783424377,0.719839,0.1214761957526207,0.008307,0.566011,0.5533
1998/12/3 0:00,0.59525,1.645745873451233,0.7244520783424377,0.723223,0.1214761957526207,0.008294,0.566428,0.5526
1998/12/4 0:00,0.60155,1.645745873451233,0.7244520783424377,0.723249,0.1214761957526207,0.008335,0.565771,0.55035
1998/12/5 0:00,0.60325,1.645745873451233,0.7244520783424377,0.733084,0.1214761957526207,0.008362,0.566316,0.5537
1998/12/6 0:00,0.60425,1.6227916479110718,0.7274685502052307,0.740631,0.1214761957526207,0.00848,0.566958,0.5547
1998/12/7 0:00,0.60605,1.6227916479110718,0.7274685502052307,0.740247,0.1214761957526207,0.008485,0.565451,0.55565
1998/12/8 0:00,0.60245,1.645745873451233,0.7244520783424377,0.724795,0.1214761957526207,0.008408,0.564621,0.55225
1998/12/9 0:00,0.60175,1.645745873451233,0.7174856662750244,0.7249,0.1214761957526207,0.008372,0.562272,0.5483
1998/12/10 0:00,0.59785,1.6777980327606201,0.788919985294342,0.716563,0.1401272714138031,0.008335,0.5799282789230347,0.5397
1998/12/11 0:00,0.60565,1.6777980327606201,0.773201584815979,0.724743,0.11715957522392273,0.008328,0.6043144464492798,0.5481
1998/12/12 0:00,0.60685,1.51898193359375,0.7167882919311523,0.720617,0.1214761957526207,0.008489602245390415,0.5876455307006836,0.5474
1998/12/13 0:00,0.6743464469909668,1.5880244970321655,0.7145739793777466,0.71736,0.1212407723069191,0.008744481950998306,0.6212818026542664,0.5457
1998/12/14 0:00,0.6743464469909668,1.5880244970321655,0.7145739793777466,0.720098,0.1212407723069191,0.008744481950998306,0.6212818026542664,0.54715
1998/12/15 0:00,0.649651050567627,1.646186351776123,0.7179010510444641,0.718288,0.1214761957526207,0.008392111398279667,0.5955318212509155,0.5493839979171753
1998/12/16 0:00,0.649651050567627,1.646186351776123,0.7179010510444641,0.720773,0.1214761957526207,0.008392111398279667,0.5955318212509155,0.5493839979171753
1998/12/17 0:00,0.649651050567627,1.646186351776123,0.7179010510444641,0.727961,0.1214761957526207,0.008392111398279667,0.5955318212509155,0.5493839979171753
1998/12/18 0:00,0.649651050567627,1.646186351776123,0.7179010510444641,0.735673,0.1214761957526207,0.008392111398279667,0.5955318212509155,0.5493839979171753
1998/12/19 0:00,0.649651050567627,1.646186351776123,0.7179010510444641,0.735402,0.1214761957526207,0.008392111398279667,0.5955318212509155,0.5493839979171753
1998/12/20 0:00,0.6878135204315186,1.5819116830825806,0.699643,0.737518,0.12122304737567902,0.008452373556792736,0.6046285033226013,0.5700721740722656
1998/12/21 0:00,0.6878135204315186,1.5819116830825806,0.710328,0.744103,0.12122304737567902,0.008452373556792736,0.6046285033226013,0.5700721740722656
1998/12/22 0:00,0.7096817493438721,1.5819116830825806,0.718184,0.755059,0.12122304737567902,0.008452373556792736,0.6110648512840271,0.6375609636306763
1998/12/23 0:00,0.702397882938385,1.598351240158081,0.714388,0.753125,0.12122304737567902,0.008574,0.6157793998718262,0.588564932346344
1998/12/24 0:00,0.7134749293327332,1.598351240158081,0.716692,0.761325,0.12122304737567902,0.008543,0.6075726747512817,0.6513347029685974
1998/12/25 0:00,0.7200493812561035,1.598351240158081,0.71958,0.764584,0.12113196402788162,0.008532,0.635104238986969,0.6502267718315125
1998/12/26 0:00,0.7200493812561035,1.598351240158081,0.719891,0.762718,0.12113196402788162,0.008546,0.635104238986969,0.6502267718315125
1998/12/27 0:00,0.7200493812561035,1.598351240158081,0.720617,0.761383,0.12113196402788162,0.008581,0.6122872233390808,0.6502267718315125
1998/12/28 0:00,0.7200493812561035,1.5797860622406006,0.72722,0.757863,0.12113196402788162,0.008598,0.6157793998718262,0.6502267718315125
1998/12/29 0:00,0.7200493812561035,1.5797860622406006,0.723537,0.754575,0.12113196402788162,0.008579,0.6157793998718262,0.6502267718315125
1998/12/30 0:00,0.7200493812561035,1.5797860622406006,0.73244,0.76743,0.12113196402788162,0.008661,0.6420466303825378,0.646777868270874
1998/12/31 0:00,0.7200493812561035,1.5858962535858154,0.738007,0.770832,0.12113196402788162,0.008536,0.6464453339576721,0.6443604826927185
1999/1/1 0:00,0.7200493812561035,1.5351874828338623,0.741785,0.774533,0.12113196402788162,0.00857,0.6464453339576721,0.6427426934242249
1999/1/2 0:00,0.7200493812561035,1.5858962535858154,0.736811,0.770179,0.12113196402788162,0.008504,0.6483108401298523,0.6443604826927185
1999/1/3 0:00,0.7200493812561035,1.5797860622406006,0.728332,0.770001,0.12113196402788162,0.008521,0.6420466303825378,0.6443604826927185
1999/1/4 0:00,0.7200493812561035,1.5797860622406006,0.727802,0.776096,0.12113196402788162,0.008559,0.6420466303825378,0.6443604826927185
1999/1/5 0:00,0.7200493812561035,1.5797860622406006,0.727431,0.774954,0.12113196402788162,0.008556,0.6420466303825378,0.6443604826927185
1999/1/6 0:00,0.7200493812561035,1.5797860622406006,0.7303,0.778271,0.12113196402788162,0.008571,0.6420466303825378,0.6443604826927185
1999/1/7 0:00,0.7200493812561035,1.616378903388977,0.722335,0.770475,0.12113196402788162,0.008435,0.6420466303825378,0.6443604826927185
1999/1/8 0:00,0.7200493812561035,1.5797860622406006,0.729714,0.777907,0.12113196402788162,0.008457,0.6420466303825378,0.6443604826927185
1999/1/9 0:00,0.7200493812561035,1.60505211353302,0.728438,0.770416,0.12113196402788162,0.00838,0.6420466303825378,0.6443604826927185
1999/1/10 0:00,0.7200493812561035,1.60505211353302,0.728969,0.76646,0.12113196402788162,0.008366,0.6420466303825378,0.646777868270874
1999/1/11 0:00,0.7200493812561035,1.5978137254714966,0.730567,0.769764,0.12113196402788162,0.00843,0.6420466303825378,0.6443604826927185
1999/1/12 0:00,0.7200493812561035,1.60505211353302,0.732869,0.762573,0.12113196402788162,0.008386,0.635104238986969,0.6502267718315125
1999/1/13 0:00,0.7200493812561035,1.6039239168167114,0.734862,0.758495,0.12113196402788162,0.008412,0.6079971790313721,0.6449666619300842
1999/1/14 0:00,0.7200493812561035,1.5351874828338623,0.745434,0.770594,0.12245665490627289,0.008494,0.6464453339576721,0.6263329982757568
1999/1/15 0:00,0.70537930727005,1.597098708152771,0.736214,0.759907,0.120817,0.00846,0.5906058549880981,0.6271843910217285
1999/1/16 0:00,0.7139133810997009,1.620139241218567,0.7397201061248779,0.759359,0.12082,0.00849,0.5906058549880981,0.6332252621650696
1999/1/17 0:00,0.7139133810997009,1.6572469472885132,0.7295094728469849,0.763242,0.120817,0.008495,0.6189056634902954,0.6315413117408752
1999/1/18 0:00,0.7139133810997009,1.6572469472885132,0.7240614891052246,0.763417,0.120814,0.008498,0.6189056634902954,0.6357827186584473
1999/1/19 0:00,0.7139133810997009,1.6572469472885132,0.7423206567764282,0.770772,0.12082,0.00852,0.6321122646331787,0.6245588064193726
1999/1/20 0:00,0.7139133810997009,1.6572469472885132,0.7295094728469849,0.766607,0.120818,0.0085,0.6258480548858643,0.6315413117408752
1999/1/21 0:00,0.7139133810997009,1.6572469472885132,0.7397201061248779,0.764,0.12082,0.008467,0.6251698732376099,0.6315413117408752
1999/1/22 0:00,0.7139133810997009,1.620139241218567,0.7397201061248779,0.755801,0.12082,0.008485,0.5906058549880981,0.6332252621650696
1999/1/23 0:00,0.7139133810997009,1.6213165521621704,0.7295094728469849,0.759763,0.120817,0.008435,0.5936735272407532,0.6332252621650696
1999/1/24 0:00,0.6952846646308899,1.6579076051712036,0.7111269235610962,0.752842,0.120814,0.008438,0.5884299278259277,0.5712389945983887
1999/1/25 0:00,0.7139133810997009,1.620139241218567,0.7240614891052246,0.755116,0.120812,0.008487,0.5936735272407532,0.6374666690826416
1999/1/26 0:00,0.6952846646308899,1.6579076051712036,0.7111269235610962,0.748391,0.120809,0.008456,0.5884299278259277,0.5712389945983887
1999/1/27 0:00,0.6655401587486267,1.651918649673462,0.7084562182426453,0.740521,0.120809,0.008375,0.5819151997566223,0.5661076903343201
1999/1/28 0:00,0.6655401587486267,1.651918649673462,0.7084562182426453,0.74107,0.120811,0.008358,0.5916315317153931,0.5661076903343201
1999/1/29 0:00,0.6655401587486267,1.651918649673462,0.7084562182426453,0.73959,0.120808,0.008351,0.5916315317153931,0.5661076903343201
1999/1/30 0:00,0.6655401587486267,1.651918649673462,0.7084562182426453,0.744823,0.120809,0.008376,0.5819151997566223,0.5661076903343201
1999/1/31 0:00,0.6854041218757629,1.6579076051712036,0.705066978931427,0.744241,0.120809,0.008466,0.5884299278259277,0.5712389945983887
1999/2/1 0:00,0.6854041218757629,1.6579076051712036,0.705066978931427,0.741235,0.120808,0.008462,0.5884299278259277,0.5712389945983887
1999/2/2 0:00,0.6854041218757629,1.6579076051712036,0.705066978931427,0.741592,0.120808,0.008469,0.5884299278259277,0.5712389945983887
1999/2/3 0:00,0.6854041218757629,1.6793317794799805,0.7677618265151978,0.730807,0.120811,0.008463,0.5813530683517456,0.5643129944801331
1999/2/4 0:00,0.6854041218757629,1.6793317794799805,0.7677618265151978,0.735564,0.120808,0.008487,0.5813530683517456,0.5643129944801331
1999/2/5 0:00,0.6854041218757629,1.6793317794799805,0.7677618265151978,0.727961,0.120815,0.008495,0.5813530683517456,0.5643129944801331
1999/2/6 0:00,0.7001662850379944,1.598351240158081,0.718907,0.721865,0.120814,0.008483,0.5936735272407532,0.576579213142395
1999/2/7 0:00,0.6943022608757019,1.6022394895553589,0.720383,0.72685,0.120817,0.008458,0.5872371792793274,0.576579213142395
1999/2/8 0:00,0.6877278089523315,1.5995285511016846,0.715256,0.730087,0.120815,0.008421,0.5872371792793274,0.576579213142395
1999/2/9 0:00,0.6813255548477173,1.5786,0.710177,0.733192,0.120817,0.008661376312375069,0.5919517278671265,0.579893946647644
1999/2/10 0:00,0.6731493473052979,1.5983,0.711212,0.737599,0.12082,0.008601114153862,0.5919517278671265,0.5790148973464966
1999/2/11 0:00,0.6731493473052979,1.59535,0.705716,0.733568,0.120817,0.008601114153862,0.5919517278671265,0.579893946647644
1999/2/12 0:00,0.7237493991851807,1.60695,0.715717,0.743108,0.120815,0.008903177455067635,0.5975567102432251,0.58185
1999/2/13 0:00,0.7237493991851807,1.6136,0.717154,0.742198,0.120814,0.008903177455067635,0.605689525604248,0.5865
1999/2/14 0:00,0.7165273427963257,1.5838239192962646,0.723746,0.74355,0.120808,0.009067793376743793,0.6009596586227417,0.5883
1999/2/15 0:00,0.7116355299949646,1.5838239192962646,0.721501,0.742942,0.120809,0.008963439613580704,0.6009596586227417,0.5872
1999/2/16 0:00,0.7165273427963257,1.5838239192962646,0.721293,0.739208,0.120808,0.009067793376743793,0.6048956513404846,0.5882
1999/2/17 0:00,0.7116355299949646,1.5838239192962646,0.714337,0.733353,0.120812,0.008963439613580704,0.6048956513404846,0.5828
1999/2/18 0:00,0.7043022513389587,1.5838239192962646,0.711491,0.72998,0.120811,0.008963439613580704,0.6048956513404846,0.583
1999/2/19 0:00,0.7116355299949646,1.5838239192962646,0.715052,0.733487,0.120814,0.008963439613580704,0.6048956513404846,0.5864
1999/2/20 0:00,0.7043022513389587,1.5838239192962646,0.712251,0.74195,0.120809,0.008963439613580704,0.6048956513404846,0.5835
1999/2/21 0:00,0.7116355299949646,1.5838239192962646,0.71495,0.74217,0.120809,0.008963439613580704,0.6048956513404846,0.5833
1999/2/22 0:00,0.7043022513389587,1.5838239192962646,0.711997,0.738934,0.120812,0.008963439613580704,0.6048956513404846,0.5789
1999/2/23 0:00,0.7116355299949646,1.5838239192962646,0.717875,0.740604,0.120811,0.008963439613580704,0.6048956513404846,0.58035
1999/2/24 0:00,0.7116355299949646,1.5838239192962646,0.717283,0.73373,0.120814,0.008963439613580704,0.6048956513404846,0.5823
1999/2/25 0:00,0.7116355299949646,1.6217085123062134,0.722335,0.730247,0.120817,0.008903177455067635,0.6103268265724182,0.5872
1999/2/26 0:00,0.65835,1.6048623323440552,0.724848,0.73185,0.120815,0.008903177455067635,0.5980654358863831,0.5891
1999/2/27 0:00,0.65695,1.5538098812103271,0.717772,0.728067,0.120817,0.008713639341294765,0.58784419298172,0.5598628520965576
1999/2/28 0:00,0.65995,1.5538098812103271,0.721266,0.728916,0.12082,0.008713639341294765,0.58784419298172,0.5600423812866211
1999/3/1 0:00,0.65735,1.5538098812103271,0.718546,0.720254,0.12082,0.008713639341294765,0.58784419298172,0.5589838027954102
1999/3/2 0:00,0.65615,1.5501420497894287,0.716332,0.720461,0.120821,0.008418269455432892,0.572246,0.5602901577949524
1999/3/3 0:00,0.66025,1.5538098812103271,0.712962,0.71541,0.12082,0.008418269455432892,0.574548,0.5632051229476929
1999/3/4 0:00,0.65345,1.5501420497894287,0.711187,0.712454,0.120823,0.008418269455432892,0.575374,0.5636048913002014
1999/3/5 0:00,0.65225,1.5501420497894287,0.713089,0.706414,0.120823,0.008418269455432892,0.570174,0.5602901577949524
1999/3/6 0:00,0.63785,1.5538098812103271,0.712301,0.704672,0.120817,0.008496875874698162,0.5712,0.5504733920097351
1999/3/7 0:00,0.64085,1.5441299676895142,0.716949,0.706914,0.120814,0.008496875874698162,0.570174,0.5491598844528198
1999/3/8 0:00,0.64745,1.5441299676895142,0.721657,0.714388,0.120814,0.008496875874698162,0.570499,0.5473231077194214
1999/3/9 0:00,0.64745,1.5441299676895142,0.722465,0.715001,0.120814,0.008496875874698162,0.570499,0.5473231077194214
1999/3/10 0:00,0.64365,1.5352447032928467,0.724559,0.711769,0.120817,0.008496875874698162,0.570353,0.5457053184509277
1999/3/11 0:00,0.63705,1.5441299676895142,0.717875,0.704622,0.120815,0.008496875874698162,0.569395,0.5504733920097351
1999/3/12 0:00,0.64005,1.5352447032928467,0.724165,0.706065,0.12082,0.008418269455432892,0.569898,0.5466630458831787
1999/3/13 0:00,0.64835,1.5352447032928467,0.729315,0.724113,0.120817,0.008496875874698162,0.570369,0.5457053184509277
1999/3/14 0:00,0.64845,1.5352447032928467,0.727379,0.718907,0.120817,0.008496875874698162,0.568634,0.5457053184509277
1999/3/15 0:00,0.65675,1.5486690998077393,0.731368,0.722961,0.120817,0.008496875874698162,0.571396,0.5611692070960999
1999/3/16 0:00,0.66325,1.5255647897720337,0.730834,0.721657,0.120811,0.008496875874698162,0.571102,0.5624663829803467
1999/3/17 0:00,0.6946392059326172,1.5495814085006714,0.731716,0.725163,0.12122304737567902,0.008411156013607979,0.570125,0.5667574405670166
1999/3/18 0:00,0.7105733156204224,1.5633467435836792,0.744851,0.735024,0.12122304737567902,0.008442052640020847,0.577201,0.572155237197876
1999/3/19 0:00,0.7105733156204224,1.5633467435836792,0.740192,0.738934,0.12122304737567902,0.008442052640020847,0.577768,0.588564932346344
1999/3/20 0:00,0.7105733156204224,1.5633467435836792,0.737572,0.742115,0.12122304737567902,0.008442052640020847,0.577968,0.588564932346344
1999/3/21 0:00,0.7216503620147705,1.5633467435836792,0.740083,0.756086,0.12113196402788162,0.008442052640020847,0.578469,0.6504780054092407
1999/3/22 0:00,0.7216503620147705,1.5633467435836792,0.742501,0.759965,0.12113196402788162,0.008442052640020847,0.579072,0.6340683102607727
1999/3/23 0:00,0.7216503620147705,1.5633467435836792,0.746213,0.758898,0.12728621065616608,0.008698646910488605,0.57971,0.6447589993476868
1999/3/24 0:00,0.7216503620147705,1.5633467435836792,0.752021,0.760167,0.130010187625885,0.008730928413569927,0.581125,0.6551593542098999
1999/3/25 0:00,0.7216503620147705,1.5633467435836792,0.748167,0.757002,0.12864290177822113,0.008730928413569927,0.580383,0.6447589993476868
1999/3/26 0:00,0.7216503620147705,1.5633467435836792,0.757576,0.762428,0.130010187625885,0.008730928413569927,0.580636,0.6551593542098999
1999/3/27 0:00,0.7216503620147705,1.5633467435836792,0.757461,0.756401,0.130010187625885,0.008730928413569927,0.580467,0.6551593542098999
1999/3/28 0:00,0.7179320454597473,1.5633467435836792,0.754945,0.758725,0.130010187625885,0.008556831628084183,0.575407,0.6471450328826904
1999/3/29 0:00,0.7068549990653992,1.5633467435836792,0.754148,0.75092,0.13385029137134552,0.008556831628084183,0.574713,0.5906652212142944
1999/3/30 0:00,0.7245144844055176,1.5701137781143188,0.761325,0.755173,0.13076643645763397,0.009149866178631783,0.575606,0.59635
1999/3/31 0:00,0.7261193990707397,1.5701137781143188,0.758725,0.750019,0.13934041559696198,0.009118969552218914,0.57554,0.59575
1999/4/1 0:00,0.7147894501686096,1.6260377168655396,0.756544,0.752021,0.120823,0.00906774029135704,0.572902,0.5973
1999/4/2 0:00,0.7116280198097229,1.6260377168655396,0.761006,0.75123,0.120824,0.008544176816940308,0.574614,0.6037
1999/4/3 0:00,0.7131845355033875,1.6260377168655396,0.764701,0.761383,0.120823,0.008544176816940308,0.573493,0.6087
1999/4/4 0:00,0.7131845355033875,1.635132908821106,0.764584,0.76063,0.12082,0.008544176816940308,0.574152,0.6102
1999/4/5 0:00,0.7131845355033875,1.6260377168655396,0.763475,0.758956,0.120821,0.008544176816940308,0.573017,0.61205
1999/4/6 0:00,0.7131845355033875,1.6260377168655396,0.762195,0.756201,0.120821,0.008544176816940308,0.573033,0.61025
1999/4/7 0:00,0.7147894501686096,1.6260377168655396,0.76266,0.752106,0.120823,0.008646543137729168,0.575705,0.61305
1999/4/8 0:00,0.7131845355033875,1.6260377168655396,0.763534,0.754375,0.120821,0.008646543137729168,0.577001,0.61295
1999/4/9 0:00,0.7147894501686096,1.6260377168655396,0.757404,0.74638,0.120823,0.008544176816940308,0.574927,0.6128
1999/4/10 0:00,0.6713964939117432,1.5587666034698486,0.748783,0.73524,0.120823,0.008612279780209064,0.572935,0.5592904686927795
1999/4/11 0:00,0.6713964939117432,1.5587666034698486,0.751399,0.734107,0.120821,0.008612279780209064,0.573789,0.572088897228241
1999/4/12 0:00,0.6713964939117432,1.5450012683868408,0.750188,0.728863,0.120821,0.008612279780209064,0.574548,0.5592904686927795
1999/4/13 0:00,0.6713964939117432,1.5486690998077393,0.747328,0.726322,0.120818,0.008690886199474335,0.574185,0.560169517993927
1999/4/14 0:00,0.6713964939117432,1.5486690998077393,0.755458,0.731582,0.120817,0.008690886199474335,0.574779,0.5729679465293884
1999/4/15 0:00,0.7105733156204224,1.5503824949264526,0.76333,0.73185,0.1294570416212082,0.008587728254497051,0.576784,0.5906652212142944
1999/4/16 0:00,0.7105733156204224,1.5503824949264526,0.76176,0.735348,0.1294570416212082,0.008587728254497051,0.576469,0.5906652212142944
1999/4/17 0:00,0.7105733156204224,1.5503824949264526,0.767577,0.739919,0.1294570416212082,0.008587728254497051,0.577667,0.5906652212142944
1999/4/18 0:00,0.7105733156204224,1.5503824949264526,0.769882,0.747887,0.13711340725421906,0.008730928413569927,0.579878,0.5875024795532227
1999/4/19 0:00,0.7105733156204224,1.5503824949264526,0.766842,0.753551,0.1322317272424698,0.008730928413569927,0.581547,0.5875024795532227
1999/4/20 0:00,0.7216503620147705,1.5503824949264526,0.766812,0.757978,0.1322317272424698,0.008730928413569927,0.580248,0.6551593542098999
1999/4/21 0:00,0.7216503620147705,1.5503824949264526,0.766842,0.764789,0.1322317272424698,0.008730928413569927,0.581801,0.6551593542098999
1999/4/22 0:00,0.7216503620147705,1.5503824949264526,0.767195,0.767224,0.1322317272424698,0.008730928413569927,0.583976,0.6551593542098999
1999/4/23 0:00,0.7216503620147705,1.5503824949264526,0.766636,0.768521,0.1322317272424698,0.008926407434046268,0.581632,0.6551593542098999
1999/4/24 0:00,0.7216503620147705,1.5503824949264526,0.770001,0.77006,0.1322317272424698,0.008926407434046268,0.580316,0.6551593542098999
1999/4/25 0:00,0.7216503620147705,1.5633467435836792,0.757805,0.758265,0.130010187625885,0.008730928413569927,0.581024,0.6551593542098999
1999/4/26 0:00,0.7216503620147705,1.5503824949264526,0.758553,0.75933,0.130010187625885,0.008730928413569927,0.579945,0.6551593542098999
1999/4/27 0:00,0.7216503620147705,1.5503824949264526,0.766342,0.772977,0.1322317272424698,0.008926407434046268,0.580501,0.6551593542098999
1999/4/28 0:00,0.7216503620147705,1.5503824949264526,0.769556,0.775795,0.1322317272424698,0.008926407434046268,0.579794,0.6551593542098999
1999/4/29 0:00,0.7216503620147705,1.5503824949264526,0.766812,0.770386,0.1322317272424698,0.008926407434046268,0.58003,0.6551593542098999
1999/4/30 0:00,0.7216503620147705,1.5503824949264526,0.770713,0.777122,0.1322317272424698,0.008926407434046268,0.58003,0.6551593542098999
1999/5/1 0:00,0.7216503620147705,1.5503824949264526,0.761847,0.775825,0.13076643645763397,0.008926407434046268,0.583158,0.6551593542098999
1999/5/2 0:00,0.7237676978111267,1.5648384094238281,0.766401,0.784498,0.12791258096694946,0.009285,0.581818,0.6658745408058167
1999/5/3 0:00,0.7237676978111267,1.5648384094238281,0.770802,0.789079,0.1274021714925766,0.009313,0.584283,0.6658745408058167
1999/5/4 0:00,0.7237676978111267,1.5648384094238281,0.766254,0.789983,0.1274021714925766,0.009317,0.583942,0.6658745408058167
1999/5/5 0:00,0.7237676978111267,1.5648384094238281,0.765257,0.789359,0.12791258096694946,0.009226,0.583124,0.6658745408058167
1999/5/6 0:00,0.7237676978111267,1.5778026580810547,0.753154,0.782993,0.12518063187599182,0.009238,0.582547,0.6564605236053467
1999/5/7 0:00,0.7237676978111267,1.5648384094238281,0.759936,0.789422,0.12644729018211365,0.009276,0.584027,0.6658745408058167
1999/5/8 0:00,0.7124832272529602,1.6697934865951538,0.7877017259597778,0.791202,0.12712618708610535,0.009289,0.6033346056938171,0.6640529036521912
1999/5/9 0:00,0.7124832272529602,1.6697934865951538,0.7877017259597778,0.793777,0.12712618708610535,0.0093,0.6033346056938171,0.6640529036521912
1999/5/10 0:00,0.7124832272529602,1.6697934865951538,0.7877017259597778,0.796337,0.12368293851613998,0.009316,0.6251664757728577,0.6590737700462341
1999/5/11 0:00,0.7124832272529602,1.6697934865951538,0.7877017259597778,0.799105,0.12712618708610535,0.009284,0.6251664757728577,0.6640529036521912
1999/5/12 0:00,0.7124832272529602,1.6697934865951538,0.7877017259597778,0.798531,0.12712618708610535,0.009274,0.6251664757728577,0.6640529036521912
1999/5/13 0:00,0.7124832272529602,1.6697934865951538,0.7877017259597778,0.796052,0.12712618708610535,0.009302,0.6251664757728577,0.6640529036521912
1999/5/14 0:00,0.7124832272529602,1.6697934865951538,0.7877017259597778,0.794502,0.12712618708610535,0.009308,0.6033346056938171,0.6640529036521912
1999/5/15 0:00,0.7124832272529602,1.6697934865951538,0.7877017259597778,0.800737,0.12368293851613998,0.009351,0.6251664757728577,0.6590737700462341
1999/5/16 0:00,0.7124832272529602,1.6697934865951538,0.7877017259597778,0.804441,0.12545740604400635,0.009312,0.630635678768158,0.6640529036521912
1999/5/17 0:00,0.7124832272529602,1.6697934865951538,0.7816048860549927,0.811557,0.12434889376163483,0.009354,0.630635678768158,0.64774090051651
1999/5/18 0:00,0.7124832272529602,1.6697934865951538,0.7871556282043457,0.810406,0.12545740604400635,0.009418,0.630635678768158,0.6640529036521912
1999/5/19 0:00,0.7124832272529602,1.6697934865951538,0.7810587882995605,0.813306,0.12434889376163483,0.009417,0.630635678768158,0.64774090051651
1999/5/20 0:00,0.7124832272529602,1.6697934865951538,0.7871556282043457,0.806614,0.12545740604400635,0.009416,0.630635678768158,0.6640529036521912
1999/5/21 0:00,0.7139133810997009,1.757856011390686,0.784156084060669,0.819034,0.120817,0.009378,0.6020068526268005,0.6443108320236206
1999/5/22 0:00,0.7139133810997009,1.757856011390686,0.784156084060669,0.81696,0.120817,0.009398,0.6020068526268005,0.6443108320236206
1999/5/23 0:00,0.7139133810997009,1.757856011390686,0.7836099863052368,0.817829,0.12082,0.009414,0.6020068526268005,0.6443108320236206
1999/5/24 0:00,0.7139133810997009,1.757856011390686,0.7836099863052368,0.811655,0.12082,0.009417,0.6020068526268005,0.6443108320236206
1999/5/25 0:00,0.7139133810997009,1.757856011390686,0.7956286072731018,0.8036,0.120821,0.009418,0.6020068526268005,0.6443108320236206
1999/5/26 0:00,0.7139133810997009,1.757856011390686,0.7961747050285339,0.788955,0.120821,0.009387,0.5938392281532288,0.6443108320236206
1999/5/27 0:00,0.7139133810997009,1.757856011390686,0.7961747050285339,0.800993,0.120817,0.009336,0.6020068526268005,0.6443108320236206
1999/5/28 0:00,0.7139133810997009,1.757856011390686,0.7961747050285339,0.806842,0.120815,0.00935,0.6020068526268005,0.6443108320236206
1999/5/29 0:00,0.7139133810997009,1.757856011390686,0.7956286072731018,0.809651,0.120815,0.009425,0.6020068526268005,0.6443108320236206
1999/5/30 0:00,0.7139133810997009,1.757856011390686,0.7956286072731018,0.805023,0.120815,0.00945,0.6020068526268005,0.6443108320236206
1999/5/31 0:00,0.7139133810997009,1.757856011390686,0.7956286072731018,0.805834,0.120815,0.009465,0.6020068526268005,0.6443108320236206
1999/6/1 0:00,0.7139133810997009,1.757856011390686,0.7956286072731018,0.79526,0.120815,0.009413,0.5938392281532288,0.6443108320236206
1999/6/2 0:00,0.7286887764930725,1.81445,0.7902513146400452,0.793053,0.120817,0.009438,0.5955068469047546,0.6539508700370789
1999/6/3 0:00,0.7286887764930725,1.8173,0.7902513146400452,0.791515,0.120817,0.009467,0.5955068469047546,0.6539508700370789
1999/6/4 0:00,0.7272586226463318,1.83315,0.8160456418991089,0.799776,0.12181307375431061,0.009478,0.6089735627174377,0.6677933931350708
1999/6/5 0:00,0.7272586226463318,1.8337,0.8160456418991089,0.799105,0.12181307375431061,0.009446,0.6089735627174377,0.6677933931350708
1999/6/6 0:00,0.7272586226463318,1.8439,0.8160456418991089,0.805477,0.12181307375431061,0.009459,0.614442765712738,0.6677933931350708
1999/6/7 0:00,0.7652488350868225,1.8711,0.8442603945732117,0.808963,0.12282518297433853,0.009478,0.6263810396194458,0.69955
1999/6/8 0:00,0.7652488350868225,1.8846,0.8442603945732117,0.811787,0.12333381175994873,0.009477,0.6263810396194458,0.7006
1999/6/9 0:00,0.7652488350868225,1.8917,0.8442603945732117,0.812513,0.12333381175994873,0.00949,0.6263810396194458,0.69945
1999/6/10 0:00,0.7652488350868225,1.8842,0.8442603945732117,0.80782,0.12333381175994873,0.009482,0.6263810396194458,0.70145
1999/6/11 0:00,0.7526442408561707,1.8896,0.8106852173805237,0.810406,0.120814,0.009483,0.6046598553657532,0.70625
1999/6/12 0:00,0.7491133213043213,1.90445,0.8106852173805237,0.814664,0.120817,0.009463,0.6046598553657532,0.70955
1999/6/13 0:00,0.759369432926178,1.8859,0.8080220222473145,0.804473,0.120817,0.00936,0.6036744713783264,0.7
1999/6/14 0:00,0.759369432926178,1.89525,0.8080220222473145,0.805542,0.120815,0.009331,0.6036744713783264,0.70035
1999/6/15 0:00,0.7799795866012573,1.86525,0.826228141784668,0.795102,0.120814,0.009218,0.589431,0.68105
1999/6/16 0:00,0.759369432926178,1.89165,0.8106852173805237,0.807168,0.120815,0.009248,0.592066,0.692
1999/6/17 0:00,0.7637302875518799,1.8719,0.8093739151954651,0.793714,0.120817,0.009175,0.590214,0.68775
1999/6/18 0:00,0.7637302875518799,1.86145,0.8093739151954651,0.788924,0.120817,0.009121,0.587165,0.68735
1999/6/19 0:00,0.7637302875518799,1.8684,0.8093739151954651,0.792958,0.120818,0.009172,0.58898,0.68635
1999/6/20 0:00,0.7391763925552368,1.813591480255127,0.7895482182502747,0.788986,0.12082,0.009185663424432278,0.587699,0.69065
1999/6/21 0:00,0.7554256916046143,1.7549775838851929,0.8028184175491333,0.771962,0.12082,0.009185663424432278,0.585446,0.681
1999/6/22 0:00,0.7359324097633362,1.7549775838851929,0.7895482182502747,0.771962,0.12082,0.009185663424432278,0.584232,0.6707
1999/6/23 0:00,0.75085,1.7618565559387207,0.8028184175491333,0.773276,0.120817,0.009185663424432278,0.582717,0.6676
1999/6/24 0:00,0.7604,1.8037503957748413,0.8058759570121765,0.784529,0.120812,0.009185663424432278,0.581903,0.67555
1999/6/25 0:00,0.75975,1.8037503957748413,0.8150451183319092,0.784899,0.120821,0.009185663424432278,0.586786,0.6779
1999/6/26 0:00,0.75875,1.82715,0.8150451183319092,0.779879,0.120821,0.009185663424432278,0.585686,0.6765
1999/6/27 0:00,0.73845,1.81,0.7895482182502747,0.786937,0.120814,0.009185663424432278,0.58471,0.64835
1999/6/28 0:00,0.73045,1.7995,0.7960269451141357,0.780884,0.120815,0.009185663424432278,0.582581,0.64265
1999/6/29 0:00,0.73605,1.8048,0.7895482182502747,0.78376,0.120812,0.009185663424432278,0.585995,0.6461
1999/6/30 0:00,0.74215,1.8136,0.8081504106521606,0.7854185700416565,0.120812,0.009185663424432278,0.587372,0.65055
1999/7/1 0:00,0.74045,1.8173,0.8081504106521606,0.7854185700416565,0.120811,0.009185663424432278,0.58846,0.64965
1999/7/2 0:00,0.75175,1.83575,0.8081504106521606,0.7899238467216492,0.12082,0.009185663424432278,0.591716,0.6601
1999/7/3 0:00,0.7491,1.8336,0.8096928596496582,0.8243175745010376,0.120814,0.009235127829015255,0.6046598553657532,0.65505
1999/7/4 0:00,0.7347617745399475,1.84685,0.7824775576591492,0.8243175745010376,0.120812,0.009235127829015255,0.6046598553657532,0.6631
1999/7/5 0:00,0.7347617745399475,1.82555,0.7824775576591492,0.8243175745010376,0.120814,0.009235127829015255,0.6046598553657532,0.65395
1999/7/6 0:00,0.7347617745399475,1.80655,0.7824775576591492,0.8243175745010376,0.120815,0.009235127829015255,0.6046598553657532,0.645
1999/7/7 0:00,0.7347617745399475,1.8225,0.7824775576591492,0.8243175745010376,0.120815,0.009235127829015255,0.6046598553657532,0.6553
1999/7/8 0:00,0.7347617745399475,1.82685,0.7824775576591492,0.8243175745010376,0.120815,0.009235127829015255,0.6046598553657532,0.65705
1999/7/9 0:00,0.7347617745399475,1.82685,0.7824775576591492,0.8243175745010376,0.120815,0.009235127829015255,0.6046598553657532,0.65705
1999/7/10 0:00,0.7445328831672668,1.85755,0.8074184060096741,0.8243175745010376,0.120818,0.009235127829015255,0.6046598553657532,0.6691
1999/7/11 0:00,0.7347617745399475,1.8283,0.7824775576591492,0.8243175745010376,0.120818,0.009235127829015255,0.6046598553657532,0.6558
1999/7/12 0:00,0.7347617745399475,1.8228,0.7824775576591492,0.8243175745010376,0.120818,0.009235127829015255,0.6046598553657532,0.65015
1999/7/13 0:00,0.7347617745399475,1.84305,0.7824775576591492,0.8243175745010376,0.120818,0.009235127829015255,0.6046598553657532,0.657
1999/7/14 0:00,0.7347617745399475,1.8384,0.7824775576591492,0.8243175745010376,0.120818,0.009235127829015255,0.6046598553657532,0.66395
1999/7/15 0:00,0.7347617745399475,1.8163,0.7824775576591492,0.8243175745010376,0.120818,0.009235127829015255,0.6046598553657532,0.64965
1999/7/16 0:00,0.7347617745399475,1.791,0.7824775576591492,0.8243175745010376,0.120814,0.009235127829015255,0.6046598553657532,0.63565
1999/7/17 0:00,0.7376703023910522,1.7938991785049438,0.7824775576591492,0.8243175745010376,0.120815,0.009235127829015255,0.6046598553657532,0.63785
1999/7/18 0:00,0.7376703023910522,1.7938991785049438,0.7824775576591492,0.8243175745010376,0.120818,0.009235127829015255,0.6046598553657532,0.64095
1999/7/19 0:00,0.7376703023910522,1.7938991785049438,0.7824775576591492,0.8243175745010376,0.12082,0.009235127829015255,0.6046598553657532,0.6438
1999/7/20 0:00,0.7376703023910522,1.7938991785049438,0.7824775576591492,0.8243175745010376,0.12082,0.009235127829015255,0.6046598553657532,0.6291
1999/7/21 0:00,0.7376703023910522,1.7938991785049438,0.7824775576591492,0.8243175745010376,0.120818,0.009235127829015255,0.6046598553657532,0.6215
1999/7/22 0:00,0.7376703023910522,1.7938991785049438,0.7824775576591492,0.8243175745010376,0.120817,0.009235127829015255,0.6046598553657532,0.6283
1999/7/23 0:00,0.7376703023910522,1.7938991785049438,0.7824775576591492,0.8243175745010376,0.12082,0.009235127829015255,0.6046598553657532,0.63135
1999/7/24 0:00,0.7376703023910522,1.7938991785049438,0.7824775576591492,0.8243175745010376,0.120815,0.009235127829015255,0.6046598553657532,0.62565
1999/7/25 0:00,0.7376703023910522,1.7938991785049438,0.7824775576591492,0.8243175745010376,0.120815,0.009235127829015255,0.6046598553657532,0.6247
1999/7/26 0:00,0.7376703023910522,1.7938991785049438,0.7824775576591492,0.8243175745010376,0.120815,0.009235127829015255,0.6046598553657532,0.6332
1999/7/27 0:00,0.7347617745399475,1.79145,0.7824775576591492,0.8243175745010376,0.120815,0.009235127829015255,0.6046598553657532,0.63675
1999/7/28 0:00,0.7347617745399475,1.79535,0.7824775576591492,0.8243175745010376,0.120815,0.009235127829015255,0.6046598553657532,0.6299
1999/7/29 0:00,0.7347617745399475,1.79155,0.7824775576591492,0.8243175745010376,0.120815,0.009235127829015255,0.6046598553657532,0.62675
1999/7/30 0:00,0.7347617745399475,1.7748,0.7824775576591492,0.8243175745010376,0.120818,0.009235127829015255,0.6046598553657532,0.6055
1999/7/31 0:00,0.7399551868438721,1.75665,0.806635320186615,0.8243175745010376,0.120812,0.009321996010839939,0.6046598553657532,0.60655
1999/8/1 0:00,0.7347617745399475,1.77305,0.7824775576591492,0.8243175745010376,0.120812,0.009235127829015255,0.6046598553657532,0.6132
1999/8/2 0:00,0.7399551868438721,1.761,0.806635320186615,0.8243175745010376,0.120814,0.009321996010839939,0.6046598553657532,0.59835
1999/8/3 0:00,0.7399551868438721,1.76055,0.806635320186615,0.8243175745010376,0.120814,0.009321996010839939,0.6046598553657532,0.60455
1999/8/4 0:00,0.7347617745399475,1.76925,0.7824775576591492,0.8243175745010376,0.120814,0.009235127829015255,0.6046598553657532,0.599
1999/8/5 0:00,0.7347617745399475,1.7679,0.7824775576591492,0.8243175745010376,0.120815,0.009235127829015255,0.6046598553657532,0.59955
1999/8/6 0:00,0.7347617745399475,1.7838,0.7824775576591492,0.8243175745010376,0.120818,0.009235127829015255,0.6046598553657532,0.60725
1999/8/7 0:00,0.7169510722160339,1.7885,0.728863,0.810541033744812,0.120815,0.00919292401522398,0.6363719701766968,0.60955
1999/8/8 0:00,0.7169510722160339,1.7894,0.729954,0.810541033744812,0.120815,0.00919292401522398,0.6363719701766968,0.6079
1999/8/9 0:00,0.7169510722160339,1.8105,0.728969,0.810541033744812,0.120818,0.00919292401522398,0.6363719701766968,0.6171
1999/8/10 0:00,0.7169510722160339,1.8145,0.73006,0.810541033744812,0.120818,0.00919292401522398,0.6363719701766968,0.62145
1999/8/11 0:00,0.7169510722160339,1.835,0.734322,0.8243175745010376,0.120818,0.009242388419806957,0.6453514099121094,0.63065
1999/8/12 0:00,0.7169510722160339,1.8334,0.73408,0.8243175745010376,0.120818,0.009242388419806957,0.6453514099121094,0.6339
1999/8/13 0:00,0.7169510722160339,1.83975,0.730914,0.810541033744812,0.120821,0.00919292401522398,0.6453514099121094,0.62665
1999/8/14 0:00,0.7169510722160339,1.8399,0.733783,0.8243175745010376,0.12082,0.009242388419806957,0.6408644318580627,0.61695
1999/8/15 0:00,0.7149224281311035,1.8093689680099487,0.740933,0.8243175745010376,0.120821,0.009242388419806957,0.6453514099121094,0.62495
1999/8/16 0:00,0.7149224281311035,1.8093689680099487,0.742859,0.8243175745010376,0.120821,0.009242388419806957,0.6453514099121094,0.6322
1999/8/17 0:00,0.7149224281311035,1.8093689680099487,0.7414,0.8243175745010376,0.120821,0.009242388419806957,0.6453514099121094,0.628
1999/8/18 0:00,0.7149224281311035,1.8093689680099487,0.735673,0.8243175745010376,0.120821,0.009242388419806957,0.6408644318580627,0.6198
1999/8/19 0:00,0.7149224281311035,1.8093689680099487,0.735835,0.8243175745010376,0.12082,0.009242388419806957,0.6453514099121094,0.63415
1999/8/20 0:00,0.7149224281311035,1.7959445714950562,0.727299,0.7754114866256714,0.120823,0.00919292401522398,0.6352617144584656,0.6245
1999/8/21 0:00,0.7149224281311035,1.7959445714950562,0.730353,0.810541033744812,0.120823,0.008991653099656105,0.6453514099121094,0.6378
1999/8/22 0:00,0.7149224281311035,1.7959445714950562,0.726137,0.7754114866256714,0.120823,0.00919292401522398,0.6352617144584656,0.62935
1999/8/23 0:00,0.7149224281311035,1.7959445714950562,0.728943,0.810541033744812,0.120823,0.00919292401522398,0.6363719701766968,0.6223
1999/8/24 0:00,0.7149224281311035,1.8093689680099487,0.733353,0.8103888630867004,0.120823,0.00919292401522398,0.6453514099121094,0.62765
1999/8/25 0:00,0.7149224281311035,1.8093689680099487,0.732252,0.810541033744812,0.120823,0.00919292401522398,0.6453514099121094,0.62935
1999/8/26 0:00,0.7149224281311035,1.8093689680099487,0.736187,0.8243175745010376,0.120823,0.009242388419806957,0.6453514099121094,0.62775
1999/8/27 0:00,0.7149224281311035,1.8093689680099487,0.73551,0.8243175745010376,0.120821,0.009242388419806957,0.6453514099121094,0.62445
1999/8/28 0:00,0.7149224281311035,1.8093689680099487,0.743799,0.8243175745010376,0.120823,0.009242388419806957,0.6453514099121094,0.63515
1999/8/29 0:00,0.7149224281311035,1.8093689680099487,0.741015,0.8243175745010376,0.120821,0.009242388419806957,0.6453514099121094,0.63605
1999/8/30 0:00,0.7149224281311035,1.8093689680099487,0.741427,0.8243175745010376,0.120823,0.009041117504239082,0.6453514099121094,0.64135
1999/8/31 0:00,0.7149224281311035,1.8093689680099487,0.743633,0.8243175745010376,0.120823,0.009242388419806957,0.6453514099121094,0.6306
1999/9/1 0:00,0.7149224281311035,1.8093689680099487,0.749906,0.8243175745010376,0.120823,0.009235127829015255,0.6093074083328247,0.63595
1999/9/2 0:00,0.7149224281311035,1.8093689680099487,0.75092,0.8243175745010376,0.120821,0.009235127829015255,0.6048509478569031,0.6407
1999/9/3 0:00,0.7149224281311035,1.8093689680099487,0.756945,0.8243175745010376,0.120823,0.009235127829015255,0.6093074083328247,0.6473
1999/9/4 0:00,0.7149224281311035,1.8093689680099487,0.754091,0.8243175745010376,0.12082,0.009235127829015255,0.6048509478569031,0.6474
1999/9/5 0:00,0.7149224281311035,1.8093689680099487,0.752955,0.8243175745010376,0.12082,0.009235127829015255,0.6048509478569031,0.64955
1999/9/6 0:00,0.7149224281311035,1.8093689680099487,0.75663,0.8243175745010376,0.12082,0.009235127829015255,0.6048509478569031,0.6558
1999/9/7 0:00,0.7149224281311035,1.8093689680099487,0.759273,0.8243175745010376,0.120818,0.009235127829015255,0.6048509478569031,0.65605
1999/9/8 0:00,0.72335,1.714829444885254,0.759013,0.8243175745010376,0.120818,0.009265625849366188,0.6152300834655762,0.6377947330474854
1999/9/9 0:00,0.72715,1.714829444885254,0.75861,0.8243175745010376,0.12082,0.009265625849366188,0.622520387172699,0.6377947330474854
1999/9/10 0:00,0.72485,1.627933382987976,0.756115,0.8243175745010376,0.12082,0.009236,0.6178120374679565,0.6377947330474854
1999/9/11 0:00,0.72395,1.6339590549468994,0.756372,0.8243175745010376,0.120821,0.009162,0.6178120374679565,0.6377947330474854
1999/9/12 0:00,0.72275,1.644031047821045,0.755515,0.8243175745010376,0.120821,0.009108,0.6231604814529419,0.6377947330474854
1999/9/13 0:00,0.73215,1.538759708404541,0.762602,0.7867115139961243,0.12644729018211365,0.009195,0.6392387747764587,0.6658745408058167
1999/9/14 0:00,0.7236626744270325,1.5327340364456177,0.765169,0.7682028412818909,0.12791258096694946,0.009237,0.5972326397895813,0.6575574278831482
1999/9/15 0:00,0.7236626744270325,1.5327340364456177,0.761383,0.7682028412818909,0.12644729018211365,0.009219,0.6008444428443909,0.6575574278831482
1999/9/16 0:00,0.7236626744270325,1.5661840438842773,0.756687,0.7955849766731262,0.12518063187599182,0.009106,0.6231791973114014,0.6564605236053467
1999/9/17 0:00,0.7236626744270325,1.5532197952270508,0.759244,0.7955849766731262,0.12518063187599182,0.009105,0.6231791973114014,0.6564605236053467
1999/9/18 0:00,0.7236626744270325,1.5661840438842773,0.75706,0.7955849766731262,0.12518063187599182,0.009078,0.6231791973114014,0.6564605236053467
1999/9/19 0:00,0.7236626744270325,1.5661840438842773,0.750469,0.7955849766731262,0.12381333857774734,0.009094,0.6231791973114014,0.6608954071998596
1999/9/20 0:00,0.69995,1.5661840438842773,0.750525,0.7791998982429504,0.12518063187599182,0.009016,0.6086830496788025,0.6119753122329712
1999/9/21 0:00,0.69775,1.5661840438842773,0.752191,0.773592472076416,0.12518063187599182,0.008953,0.6140491366386414,0.6119753122329712
1999/9/22 0:00,0.69915,1.5661840438842773,0.754802,0.773592472076416,0.12518063187599182,0.008924,0.6140491366386414,0.6119753122329712
1999/9/23 0:00,0.70265,1.5661840438842773,0.750835,0.773592472076416,0.12518063187599182,0.008972,0.6140491366386414,0.6394943594932556
1999/9/24 0:00,0.70275,1.5661840438842773,0.750751,0.7791998982429504,0.12518063187599182,0.009017,0.6086830496788025,0.6394943594932556
1999/9/25 0:00,0.70275,1.5661840438842773,0.750751,0.7791998982429504,0.12518063187599182,0.009017,0.6086830496788025,0.6394943594932556
1999/9/26 0:00,0.70295,1.5661840438842773,0.758294,0.7791998982429504,0.12518063187599182,0.008988,0.6086830496788025,0.6394943594932556
1999/9/27 0:00,0.70405,1.5532197952270508,0.759763,0.7791998982429504,0.12644729018211365,0.009003,0.6086830496788025,0.6489083766937256
1999/9/28 0:00,0.70315,1.5532197952270508,0.75884,0.773592472076416,0.12518063187599182,0.008944,0.6140491366386414,0.6394943594932556
1999/9/29 0:00,0.714,1.5532197952270508,0.762776,0.7955849766731262,0.12644729018211365,0.009056,0.6278164982795715,0.6614038944244385
1999/9/30 0:00,0.71535,1.5661840438842773,0.758438,0.7791998982429504,0.12518063187599182,0.009035,0.6086830496788025,0.6401290893554688
1999/10/1 0:00,0.71255,1.5661840438842773,0.75749,0.7791998982429504,0.12518063187599182,0.00899,0.6086830496788025,0.6434727907180786
1999/10/2 0:00,0.71415,1.5661840438842773,0.754489,0.7791998982429504,0.12518063187599182,0.009029,0.6086830496788025,0.6490001082420349
1999/10/3 0:00,0.71425,1.5661840438842773,0.750863,0.7791998982429504,0.12518063187599182,0.009017,0.6086830496788025,0.6490001082420349
1999/10/4 0:00,0.71695,1.5532197952270508,0.763942,0.7955849766731262,0.12644729018211365,0.009046,0.6278164982795715,0.6614038944244385
1999/10/5 0:00,0.71845,1.5532197952270508,0.765521,0.7955849766731262,0.12791258096694946,0.00905,0.629484236240387,0.6614038944244385
1999/10/6 0:00,0.71555,1.5540772676467896,0.7427709102630615,0.7955849766731262,0.12122304737567902,0.0091,0.668853223323822,0.637914776802063
1999/10/7 0:00,0.71535,1.66294264793396,0.7296324968338013,0.7401475310325623,0.12122304737567902,0.008392111398279667,0.6110648512840271,0.6006547212600708
1999/10/8 0:00,0.72435,1.66294264793396,0.7309615015983582,0.7401475310325623,0.12113196402788162,0.008392111398279667,0.6081450581550598,0.6014819741249084
1999/10/9 0:00,0.72385,1.66294264793396,0.7309615015983582,0.7401475310325623,0.12113196402788162,0.008392111398279667,0.6081450581550598,0.6014819741249084
1999/10/10 0:00,0.71355,1.66294264793396,0.7296324968338013,0.7401475310325623,0.12122304737567902,0.008392111398279667,0.6110648512840271,0.6006547212600708
1999/10/11 0:00,0.70475,1.66294264793396,0.7278446555137634,0.7600818276405334,0.12122304737567902,0.008392111398279667,0.6110648512840271,0.6338030695915222
1999/10/12 0:00,0.70575,1.66294264793396,0.7278446555137634,0.7600818276405334,0.12122304737567902,0.008392111398279667,0.6110648512840271,0.6338030695915222
1999/10/13 0:00,0.70315,1.66294264793396,0.7278446555137634,0.7600818276405334,0.12122304737567902,0.008392111398279667,0.6110648512840271,0.6338030695915222
1999/10/14 0:00,0.699252,1.66294264793396,0.7218844890594482,0.7265806794166565,0.12122304737567902,0.008392111398279667,0.6110648512840271,0.5589815378189087
1999/10/15 0:00,0.69925,1.66294264793396,0.7218844890594482,0.7265806794166565,0.12122304737567902,0.008392111398279667,0.6110648512840271,0.5589815378189087
1999/10/16 0:00,0.70445,1.80185,0.7303910851478577,0.7600818276405334,0.12122304737567902,0.008392111398279667,0.6228814721107483,0.6377487182617188
1999/10/17 0:00,0.70025,1.7919,0.7129310965538025,0.7265806794166565,0.12122304737567902,0.008392111398279667,0.6228814721107483,0.5734424591064453
1999/10/18 0:00,0.69615,1.79,0.7040270566940308,0.7265806794166565,0.12122304737567902,0.008392111398279667,0.6164451241493225,0.5662419199943542
1999/10/19 0:00,0.69095,1.7744,0.7040270566940308,0.7265806794166565,0.12122304737567902,0.008392111398279667,0.6164451241493225,0.5662419199943542
1999/10/20 0:00,0.69405,1.78365,0.7040270566940308,0.7265806794166565,0.12122304737567902,0.008392111398279667,0.6164451241493225,0.5662419199943542
1999/10/21 0:00,0.69245,1.7745,0.7040270566940308,0.7265806794166565,0.12122304737567902,0.008392111398279667,0.6164451241493225,0.5662419199943542
1999/10/22 0:00,0.692449,1.7745,0.7040270566940308,0.7265806794166565,0.12122304737567902,0.008392111398279667,0.6164451241493225,0.5662419199943542
1999/10/23 0:00,0.68915,1.78855,0.7040270566940308,0.7265806794166565,0.12122304737567902,0.008392111398279667,0.6164451241493225,0.5662419199943542
1999/10/24 0:00,0.69645,1.7979,0.7040270566940308,0.7265806794166565,0.12122304737567902,0.008392111398279667,0.6228814721107483,0.5767571926116943
1999/10/25 0:00,0.69935,1.79845,0.7040270566940308,0.7265806794166565,0.12122304737567902,0.008392111398279667,0.6228814721107483,0.5767571926116943
1999/10/26 0:00,0.70235,1.7984,0.7129310965538025,0.7265806794166565,0.12122304737567902,0.008392111398279667,0.6228814721107483,0.5887526869773865
1999/10/27 0:00,0.69515,1.77705,0.7843331098556519,0.787557,0.12181307375431061,0.008972308598458767,0.6131749153137207,0.6058351993560791
1999/10/28 0:00,0.69845,1.7932,0.7843331098556519,0.788488,0.12181307375431061,0.008972308598458767,0.6131749153137207,0.6058351993560791
1999/10/29 0:00,0.69795,1.79235,0.7843331098556519,0.788115,0.12181307375431061,0.008972308598458767,0.6131749153137207,0.6058351993560791
1999/10/30 0:00,0.777821,1.985218,0.8586093187332153,0.881018,0.13557612895965576,0.00864638201892376,0.6716780066490173,0.707349419593811
1999/10/31 0:00,0.70395,1.79675,0.7932371497154236,0.797321,0.12181307375431061,0.008972308598458767,0.6158733367919922,0.6442702412605286
1999/11/1 0:00,0.70585,1.792,0.7932371497154236,0.791609,0.12181307375431061,0.008972308598458767,0.6131749153137207,0.6442702412605286
1999/11/2 0:00,0.71355,1.7973,0.7950249910354614,0.793242,0.12181307375431061,0.008972308598458767,0.6131749153137207,0.6674115061759949
1999/11/3 0:00,0.71205,1.80615,0.7932371497154236,0.793367,0.12181307375431061,0.008972308598458767,0.6131749153137207,0.6590737700462341
1999/11/4 0:00,0.71395,1.8096,0.7950249910354614,0.793367,0.12181307375431061,0.008972308598458767,0.6131749153137207,0.6674115061759949
1999/11/5 0:00,0.71795,1.8137,0.8154420256614685,0.794029,0.12181307375431061,0.008972308598458767,0.6131749153137207,0.6674115061759949
1999/11/6 0:00,0.71685,1.8001,0.7950249910354614,0.794092,0.12181307375431061,0.008972308598458767,0.6131749153137207,0.6674115061759949
1999/11/7 0:00,0.717927,1.813565,0.8128537535667419,0.794029,0.12181307375431061,0.008972308598458767,0.6131749153137207,0.6674115061759949
1999/11/8 0:00,0.716846,1.80018,0.7950249910354614,0.794092,0.12181307375431061,0.008972308598458767,0.6131749153137207,0.6674115061759949
1999/11/9 0:00,0.721652,1.78715,0.8154420256614685,0.790608,0.12181307375431061,0.008972308598458767,0.6085376143455505,0.6677933931350708
1999/11/10 0:00,0.72385,1.78225,0.8154420256614685,0.792299,0.12181307375431061,0.008972308598458767,0.6085376143455505,0.6677933931350708
1999/11/11 0:00,0.723851,1.782213,0.8154420256614685,0.792267,0.12181307375431061,0.008972308598458767,0.6085376143455505,0.6677933931350708
1999/11/12 0:00,0.72815,1.7853,0.8154420256614685,0.794786,0.12181307375431061,0.008972308598458767,0.6148425340652466,0.6677933931350708
1999/11/13 0:00,0.73345,1.79875,0.8164536356925964,0.799361,0.12181307375431061,0.008972308598458767,0.6175409555435181,0.6677933931350708
1999/11/14 0:00,0.72935,1.7915,0.8154420256614685,0.795672,0.12181307375431061,0.008972308598458767,0.6175409555435181,0.6677933931350708
1999/11/15 0:00,0.72305,1.79355,0.8154420256614685,0.797512,0.12181307375431061,0.008972308598458767,0.611236035823822,0.6677933931350708
1999/11/16 0:00,0.72855,1.79715,0.8154420256614685,0.803439,0.12181307375431061,0.008972308598458767,0.6230101585388184,0.6677933931350708
1999/11/17 0:00,0.73135,1.80455,0.8031378984451294,0.7804198265075684,0.12181307375431061,0.008972308598458767,0.6148425340652466,0.6677933931350708
1999/11/18 0:00,0.72525,1.79795,0.79584801197052,0.7804198265075684,0.12181307375431061,0.008972308598458767,0.6085376143455505,0.6677933931350708
1999/11/19 0:00,0.72675,1.8045,0.79584801197052,0.7804198265075684,0.12181307375431061,0.008972308598458767,0.6148425340652466,0.6677933931350708
1999/11/20 0:00,0.73605,1.8171,0.8164536356925964,0.7804198265075684,0.12181307375431061,0.008972308598458767,0.6148425340652466,0.6677933931350708
1999/11/21 0:00,0.73695,1.8271,0.8164536356925964,0.7804198265075684,0.12181307375431061,0.008972308598458767,0.6148425340652466,0.6677933931350708
1999/11/22 0:00,0.74175,1.8306,0.8452491164207458,0.7804198265075684,0.12282518297433853,0.008972308598458767,0.623585045337677,0.6677933931350708
1999/11/23 0:00,0.74715,1.8418,0.8452491164207458,0.7804198265075684,0.12282518297433853,0.008972308598458767,0.623585045337677,0.6861383318901062
1999/11/24 0:00,0.74585,1.83385,0.8452491164207458,0.7804198265075684,0.12282518297433853,0.008972308598458767,0.623585045337677,0.6861383318901062
1999/11/25 0:00,0.74465,1.82785,0.8452491164207458,0.7804198265075684,0.12282518297433853,0.008972308598458767,0.623585045337677,0.6677933931350708
1999/11/26 0:00,0.74575,1.66294264793396,0.7654791474342346,0.7804198265075684,0.12257443368434906,0.008972308598458767,0.6488093733787537,0.6699119210243225
1999/11/27 0:00,0.74825,1.66294264793396,0.7654791474342346,0.7804198265075684,0.12257443368434906,0.008972308598458767,0.6488093733787537,0.6699119210243225
1999/11/28 0:00,0.74855,1.7639262676239014,0.820311,0.7804198265075684,0.12181307375431061,0.008972308598458767,0.6148425340652466,0.6861383318901062
1999/11/29 0:00,0.74575,1.751237392425537,0.817628,0.7804198265075684,0.12181307375431061,0.008972308598458767,0.6148425340652466,0.6861383318901062
1999/11/30 0:00,0.74575,1.751237392425537,0.81586,0.7804198265075684,0.12181307375431061,0.008972308598458767,0.6148425340652466,0.6861383318901062
1999/12/1 0:00,0.75645,1.7478339672088623,0.827369,0.7804198265075684,0.12181307375431061,0.009063146077096462,0.6110798716545105,0.6908
1999/12/2 0:00,0.75735,1.7478339672088623,0.828295,0.7804198265075684,0.12181307375431061,0.009063146077096462,0.6110798716545105,0.69065
1999/12/3 0:00,0.76355,1.6698459386825562,0.837346,0.7804198265075684,0.12333619594573975,0.009063146077096462,0.6416493654251099,0.69385
1999/12/4 0:00,0.75715,1.6698459386825562,0.838118,0.7804198265075684,0.12333619594573975,0.009063146077096462,0.6416493654251099,0.69135
1999/12/5 0:00,0.76015,1.6698459386825562,0.833889,0.7804198265075684,0.12333619594573975,0.009063146077096462,0.6416493654251099,0.6882
1999/12/6 0:00,0.75965,1.6698459386825562,0.835247,0.7804198265075684,0.12333619594573975,0.009063146077096462,0.6416493654251099,0.68455
1999/12/7 0:00,0.76475,1.6698459386825562,0.83605,0.7804198265075684,0.12333619594573975,0.009063146077096462,0.6416493654251099,0.6875
1999/12/8 0:00,0.76965,1.6698459386825562,0.837767,0.7804198265075684,0.12333619594573975,0.009063146077096462,0.6416493654251099,0.69395
1999/12/9 0:00,0.76995,1.6694657802581787,0.831739,0.7804198265075684,0.12333619594573975,0.009063146077096462,0.6416493654251099,0.69745
1999/12/10 0:00,0.77355,1.72411048412323,0.83668,0.7804198265075684,0.12282518297433853,0.009063146077096462,0.6198223829269409,0.70095
1999/12/11 0:00,0.78205,1.8518140316009521,0.837661,0.7357212901115417,0.2005358636379242,0.0076246378012001514,0.607644,0.70835
1999/12/12 0:00,0.77615,1.8518140316009521,0.830013,0.7357212901115417,0.2005358636379242,0.0076246378012001514,0.605583,0.70275
1999/12/13 0:00,0.78425,1.8518140316009521,0.83949,0.7357212901115417,0.2005358636379242,0.0076246378012001514,0.607533,0.71055
1999/12/14 0:00,0.78255,1.72411048412323,0.842957,0.7804198265075684,0.12282518297433853,0.009063146077096462,0.6198223829269409,0.7094
1999/12/15 0:00,0.78605,1.72411048412323,0.843561,0.7804198265075684,0.12282518297433853,0.00918158795684576,0.6144739389419556,0.70965
1999/12/16 0:00,0.78604,1.842889428138733,0.843526,0.8243175745010376,0.120824,0.009204763919115067,0.6236269474029541,0.709673
1999/12/17 0:00,0.79305,1.8186523914337158,0.849834,0.8243175745010376,0.120824,0.009204763919115067,0.6119135022163391,0.71765
1999/12/18 0:00,0.78935,1.8186523914337158,0.848716,0.8243175745010376,0.120824,0.009204763919115067,0.6236269474029541,0.71675
1999/12/19 0:00,0.77695,1.842889428138733,0.842247,0.8243175745010376,0.120824,0.009353569708764553,0.6236269474029541,0.7136
1999/12/20 0:00,0.77655,1.8664344549179077,0.841751,0.776697039604187,0.120824,0.009304105304181576,0.611621,0.71855
1999/12/21 0:00,0.77675,1.8664344549179077,0.844737,0.776697039604187,0.120824,0.009304105304181576,0.613046,0.71745
1999/12/22 0:00,0.77505,1.8933706283569336,0.838469,0.776697039604187,0.120824,0.009304105304181576,0.610203,0.71595
1999/12/23 0:00,0.78165,1.8933706283569336,0.839631,0.776697039604187,0.120824,0.009304105304181576,0.61207,0.721
1999/12/24 0:00,0.77725,1.8587287664413452,0.83462,0.7964717745780945,0.120824,0.009731,0.611733,0.72345
1999/12/25 0:00,0.77445,1.8587287664413452,0.828569,0.7964717745780945,0.120824,0.00972,0.611378,0.7184
1999/12/26 0:00,0.75775,1.8587287664413452,0.822639,0.7982107996940613,0.120824,0.009606,0.607792,0.7152
1999/12/27 0:00,0.75435,1.8587287664413452,0.819303,0.7982107996940613,0.120824,0.009564,0.60698,0.70985
1999/12/28 0:00,0.74965,1.7999773025512695,0.816127,0.7982107996940613,0.120824,0.009494,0.604558,0.70185
1999/12/29 0:00,0.75865,1.7963004112243652,0.814531,0.7982107996940613,0.120824,0.009537,0.607017,0.7096
1999/12/30 0:00,0.75665,1.7963004112243652,0.809553,0.7982107996940613,0.120824,0.009475,0.605657,0.70915
1999/12/31 0:00,0.76225,1.7963004112243652,0.812117,0.7982107996940613,0.120824,0.009579,0.609775,0.7163
2000/1/1 0:00,0.75625,1.7963004112243652,0.810143,0.7982107996940613,0.120824,0.009544,0.606907,0.70975
2000/1/2 0:00,0.76485,1.7963004112243652,0.81357,0.7982107996940613,0.120824,0.009576,0.607718,0.71535
2000/1/3 0:00,0.764877,1.7963004112243652,0.813537,0.7982107996940613,0.120824,0.009576,0.607718,0.715359
2000/1/4 0:00,0.76535,1.7963004112243652,0.812414,0.7982107996940613,0.120824,0.009578,0.609645,0.71045
2000/1/5 0:00,0.76385,1.7633298635482788,0.805348,0.7982107996940613,0.120824,0.009594,0.609515,0.71195
2000/1/6 0:00,0.76665,1.7963004112243652,0.811227,0.7982107996940613,0.120824,0.009649,0.610612,0.7134
2000/1/7 0:00,0.77955,1.873319387435913,0.822402,0.7982107996940613,0.120824,0.009679,0.611546,0.71955
2000/1/8 0:00,0.77385,1.8587287664413452,0.82481,0.7982107996940613,0.120824,0.009629,0.610352,0.71355
2000/1/9 0:00,0.77385,1.7473790645599365,0.916456,0.8299472332000732,0.134249,0.010699,0.678168,0.713552
2000/1/10 0:00,0.77945,1.8604024648666382,0.828157,0.776697039604187,0.120824,0.009084871038794518,0.610128,0.7063314318656921
2000/1/11 0:00,0.76545,1.8595212697982788,0.817895,0.7899238467216492,0.120824,0.009084871038794518,0.605877,0.7029076218605042
2000/1/12 0:00,0.76485,1.8595212697982788,0.813703,0.7899238467216492,0.120824,0.009084871038794518,0.606575,0.7029076218605042
2000/1/13 0:00,0.76185,1.8752,0.811655,0.7899238467216492,0.120824,0.009084871038794518,0.606134,0.7029076218605042
2000/1/14 0:00,0.76535,1.88615,0.816693,0.7899238467216492,0.120824,0.009084871038794518,0.608939,0.7029076218605042
2000/1/15 0:00,0.75735,1.8711,0.811853,0.7899238467216492,0.120824,0.009084871038794518,0.606759,0.6950200200080872
2000/1/16 0:00,0.75715,1.871,0.810438,0.7899238467216492,0.120824,0.009084871038794518,0.606061,0.6950200200080872
2000/1/17 0:00,0.76005,1.8766,0.817795,0.7899238467216492,0.120824,0.009084871038794518,0.607866,0.6950200200080872
2000/1/18 0:00,0.76275,1.8777,0.821456,0.8243175745010376,0.120824,0.009178757667541504,0.6154281497001648,0.7029076218605042
2000/1/19 0:00,0.76415,1.88685,0.831532,0.8243175745010376,0.120824,0.009178757667541504,0.6241706609725952,0.7029076218605042
2000/1/20 0:00,0.76665,1.8832,0.830634,0.8243175745010376,0.120824,0.009178757667541504,0.6241706609725952,0.7029076218605042
2000/1/21 0:00,0.75885,1.8683,0.823215,0.8243175745010376,0.120824,0.009178757667541504,0.6154281497001648,0.6950200200080872
2000/1/22 0:00,0.75875,1.87035,0.820042,0.8243175745010376,0.120824,0.009178757667541504,0.6154281497001648,0.6950200200080872
2000/1/23 0:00,0.75875,1.8714,0.820042,0.8243175745010376,0.120824,0.009178757667541504,0.6154281497001648,0.6950200200080872
2000/1/24 0:00,0.76035,1.8616,0.823181,0.8243175745010376,0.120824,0.009178757667541504,0.6154281497001648,0.6979513764381409
2000/1/25 0:00,0.75565,1.86885,0.818733,0.8243175745010376,0.120824,0.009178757667541504,0.6154281497001648,0.6950200200080872
2000/1/26 0:00,0.76235,1.8789,0.81823,0.8243175745010376,0.120824,0.009178757667541504,0.6154281497001648,0.7029076218605042
2000/1/27 0:00,0.75735,1.86795,0.810045,0.8243175745010376,0.120824,0.009178757667541504,0.6154281497001648,0.6950200200080872
2000/1/28 0:00,0.76935,1.8734,0.818766,0.8243175745010376,0.120824,0.009178757667541504,0.6154281497001648,0.7029076218605042
2000/1/29 0:00,0.76935,1.8734,0.818766,0.8243175745010376,0.120824,0.009178757667541504,0.6154281497001648,0.7029076218605042
2000/1/30 0:00,0.76935,1.87975,0.817361,0.8243175745010376,0.120824,0.009178757667541504,0.6154281497001648,0.7029076218605042
2000/1/31 0:00,0.76745,1.87325,0.809881,0.8243175745010376,0.120824,0.009178757667541504,0.6154281497001648,0.7029076218605042
2000/2/1 0:00,0.77385,1.88065,0.812117,0.8243175745010376,0.120824,0.009178757667541504,0.6154281497001648,0.7029076218605042
2000/2/2 0:00,0.77375,1.8826,0.806224,0.8243175745010376,0.120824,0.009178757667541504,0.6154281497001648,0.7029076218605042
2000/2/3 0:00,0.7748,1.88855,0.804829,0.8243175745010376,0.120824,0.009178757667541504,0.6154281497001648,0.7078601717948914
2000/2/4 0:00,0.7748,1.88855,0.804829,0.8243175745010376,0.120824,0.009178757667541504,0.6154281497001648,0.7078601717948914
2000/2/5 0:00,0.77525,1.8823,0.805737,0.8243175745010376,0.120824,0.009178757667541504,0.6154281497001648,0.7078601717948914
2000/2/6 0:00,0.77085,1.88,0.804699,0.8243175745010376,0.120824,0.009178757667541504,0.6154281497001648,0.7029076218605042
2000/2/7 0:00,0.77515,1.8881,0.80952,0.8243175745010376,0.120824,0.009178757667541504,0.6154281497001648,0.7078601717948914
2000/2/8 0:00,0.77075,1.8808,0.804991,0.8243175745010376,0.120824,0.009178757667541504,0.6154281497001648,0.7029076218605042
2000/2/9 0:00,0.77125,1.873,0.800256,0.8243175745010376,0.120824,0.009178757667541504,0.6154281497001648,0.7029076218605042
2000/2/10 0:00,0.7725,1.873,0.80457,0.8243175745010376,0.120824,0.009178757667541504,0.6154281497001648,0.7029076218605042
2000/2/11 0:00,0.77075,1.714829444885254,0.797512,0.8243175745010376,0.120824,0.009265625849366188,0.6474531292915344,0.6978282928466797
2000/2/12 0:00,0.76375,1.714829444885254,0.796813,0.8243175745010376,0.120824,0.009265625849366188,0.6474531292915344,0.6978282928466797
2000/2/13 0:00,0.76595,1.714829444885254,0.799808,0.8243175745010376,0.120824,0.009265625849366188,0.6474531292915344,0.6978282928466797
2000/2/14 0:00,0.77645,1.714829444885254,0.799265,0.8243175745010376,0.120824,0.009265625849366188,0.6474531292915344,0.7027808427810669
2000/2/15 0:00,0.7295389771461487,1.8265458345413208,0.80551,0.8243175745010376,0.120824,0.009178757667541504,0.6154281497001648,0.6677933931350708
2000/2/16 0:00,0.7461423873901367,1.8654212951660156,0.809651,0.8243175745010376,0.120824,0.009178757667541504,0.6154281497001648,0.6861383318901062
2000/2/17 0:00,0.7461423873901367,1.8654212951660156,0.809651,0.8243175745010376,0.120824,0.009178757667541504,0.6154281497001648,0.6861383318901062
2000/2/18 0:00,0.7461423873901367,1.8654212951660156,0.81126,0.8243175745010376,0.120824,0.009178757667541504,0.6154281497001648,0.6861383318901062
2000/2/19 0:00,0.7461423873901367,1.8654212951660156,0.812117,0.8243175745010376,0.120824,0.009178757667541504,0.6154281497001648,0.6861383318901062
2000/2/20 0:00,0.7461423873901367,1.8654212951660156,0.809848,0.8243175745010376,0.120824,0.009178757667541504,0.6154281497001648,0.6861383318901062
2000/2/21 0:00,0.7461423873901367,1.8654212951660156,0.809127,0.8243175745010376,0.120824,0.009178757667541504,0.6154281497001648,0.6861383318901062
2000/2/22 0:00,0.7461423873901367,1.8654212951660156,0.811754,0.8243175745010376,0.120824,0.009178757667541504,0.6154281497001648,0.6861383318901062
2000/2/23 0:00,0.7175310850143433,1.8407905101776123,0.81057,0.845881,0.120824,0.009273986332118511,0.6127751469612122,0.6674115061759949
2000/2/24 0:00,0.7175310850143433,1.8407905101776123,0.81636,0.863111,0.120824,0.009273986332118511,0.6204810738563538,0.6674115061759949
2000/2/25 0:00,0.7175310850143433,1.8407905101776123,0.811952,0.859845,0.120824,0.009273986332118511,0.6204810738563538,0.6674115061759949
2000/2/26 0:00,0.7009276747703552,1.55276358127594,0.803084,0.860289,0.120824,0.009360854513943195,0.6383416056632996,0.6073868274688721
2000/2/27 0:00,0.7009276747703552,1.55276358127594,0.804117,0.855432,0.120824,0.009360854513943195,0.630635678768158,0.6073868274688721
2000/2/28 0:00,0.7009276747703552,1.8407905101776123,0.807755,0.858259,0.120824,0.009273986332118511,0.6127751469612122,0.6058351993560791
2000/2/29 0:00,0.7009276747703552,1.8137850761413574,0.807396,0.858369,0.120824,0.009273986332118511,0.6204810738563538,0.6163504719734192
2000/3/1 0:00,0.7175310850143433,1.8407905101776123,0.8141,0.862813,0.120824,0.009273986332118511,0.6204810738563538,0.6674115061759949
2000/3/2 0:00,0.7009276747703552,1.55276358127594,0.804343,0.855469,0.120824,0.009360854513943195,0.630635678768158,0.6073868274688721
2000/3/3 0:00,0.7009276747703552,1.8137850761413574,0.804635,0.849907,0.120824,0.009273986332118511,0.6127751469612122,0.6058351993560791
2000/3/4 0:00,0.7009276747703552,1.55276358127594,0.802472,0.848356,0.120824,0.009360854513943195,0.630635678768158,0.6073868274688721
2000/3/5 0:00,0.7009276747703552,1.8137850761413574,0.807168,0.850159,0.120824,0.009273986332118511,0.6127751469612122,0.6058351993560791
2000/3/6 0:00,0.7290168404579163,1.8145990371704102,0.810866,0.855688,0.120824,0.009547,0.6154281497001648,0.6677933931350708
2000/3/7 0:00,0.7290168404579163,1.8145990371704102,0.810866,0.855286,0.120824,0.009544,0.6154281497001648,0.6677933931350708
2000/3/8 0:00,0.7290168404579163,1.8145990371704102,0.809913,0.849546,0.120824,0.009492,0.6154281497001648,0.6677933931350708
2000/3/9 0:00,0.7443042397499084,1.7616477012634277,0.8167968392372131,0.855615,0.120824,0.009549,0.6154281497001648,0.6677933931350708
2000/3/10 0:00,0.7443042397499084,1.7616477012634277,0.8167968392372131,0.858885,0.120824,0.009596,0.6204810738563538,0.6677933931350708
2000/3/11 0:00,0.7443042397499084,1.7616477012634277,0.8167968392372131,0.867077,0.120824,0.009597,0.6229974031448364,0.6677933931350708
2000/3/12 0:00,0.7443042397499084,1.7616477012634277,0.8167968392372131,0.864865,0.120824,0.009596,0.6204810738563538,0.6677933931350708
2000/3/13 0:00,0.7443042397499084,1.7616477012634277,0.8167968392372131,0.868885,0.120824,0.009606,0.6229974031448364,0.6677933931350708
2000/3/14 0:00,0.7443042397499084,1.7616477012634277,0.8167968392372131,0.870398,0.120824,0.009635,0.6229974031448364,0.6677933931350708
2000/3/15 0:00,0.7443042397499084,1.7616477012634277,0.8167968392372131,0.863782,0.120824,0.009553,0.6204810738563538,0.6677933931350708
2000/3/16 0:00,0.7443042397499084,1.7616477012634277,0.8167968392372131,0.858922,0.120824,0.009581,0.6204810738563538,0.6677933931350708
2000/3/17 0:00,0.7443042397499084,1.7616477012634277,0.8167968392372131,0.867152,0.120824,0.009602,0.6229974031448364,0.6677933931350708
2000/3/18 0:00,0.7443042397499084,1.7616477012634277,0.8167968392372131,0.862627,0.120824,0.009537,0.6204810738563538,0.6677933931350708
2000/3/19 0:00,0.7443042397499084,1.7616477012634277,0.8167968392372131,0.857008,0.120824,0.009534,0.6154281497001648,0.6677933931350708
2000/3/20 0:00,0.7443042397499084,1.7616477012634277,0.8167968392372131,0.859107,0.120824,0.009545,0.6204810738563538,0.6677933931350708
2000/3/21 0:00,0.7443042397499084,1.7616477012634277,0.8167968392372131,0.859107,0.120824,0.009545,0.6204810738563538,0.6677933931350708
2000/3/22 0:00,0.7443042397499084,1.7616477012634277,0.8167968392372131,0.849473,0.120824,0.009499,0.6154281497001648,0.6677933931350708
2000/3/23 0:00,0.7443042397499084,1.7616477012634277,0.8167968392372131,0.850521,0.120824,0.009524,0.6154281497001648,0.6677933931350708
2000/3/24 0:00,0.727091908454895,1.7216594219207764,0.8111957907676697,0.837872,0.120824,0.009466,0.6154281497001648,0.6677933931350708
2000/3/25 0:00,0.727091908454895,1.7216594219207764,0.8111957907676697,0.835736,0.120824,0.009407,0.6154281497001648,0.6677933931350708
2000/3/26 0:00,0.727091908454895,1.7216594219207764,0.8111957907676697,0.833542,0.120824,0.009401,0.6154281497001648,0.6677933931350708
2000/3/27 0:00,0.727091908454895,1.7216594219207764,0.8111957907676697,0.833403,0.120824,0.009402,0.6154281497001648,0.6677933931350708
2000/3/28 0:00,0.727091908454895,1.7216594219207764,0.8111957907676697,0.833403,0.120824,0.009402,0.6154281497001648,0.6677933931350708
2000/3/29 0:00,0.727091908454895,1.7216594219207764,0.8111957907676697,0.829187,0.120824,0.009348,0.6154281497001648,0.6677933931350708
2000/3/30 0:00,0.727091908454895,1.7216594219207764,0.8111957907676697,0.830841,0.120824,0.009308,0.6154281497001648,0.6677933931350708
2000/3/31 0:00,0.727091908454895,1.7216594219207764,0.8111957907676697,0.83675,0.120824,0.009312,0.6154281497001648,0.6677933931350708
2000/4/1 0:00,0.727091908454895,1.7216594219207764,0.8111957907676697,0.838153,0.120824,0.009344,0.6154281497001648,0.6677933931350708
2000/4/2 0:00,0.727091908454895,1.7216594219207764,0.8111957907676697,0.832362,0.120824,0.009321,0.6154281497001648,0.6677933931350708
2000/4/3 0:00,0.727091908454895,1.7216594219207764,0.8111957907676697,0.828981,0.120824,0.009324,0.6154281497001648,0.6677933931350708
2000/4/4 0:00,0.727091908454895,1.7216594219207764,0.8111957907676697,0.830461,0.120824,0.009324,0.6154281497001648,0.6677933931350708
2000/4/5 0:00,0.7516384124755859,1.8722,0.8198543787002563,0.825151,0.120824,0.009225,0.6154281497001648,0.6861383318901062
2000/4/6 0:00,0.7516384124755859,1.8777,0.8198543787002563,0.827643,0.120824,0.009224,0.6154281497001648,0.6861383318901062
2000/4/7 0:00,0.7540853023529053,1.8775,0.8198543787002563,0.828913,0.120824,0.009199,0.601721,0.6861383318901062
2000/4/8 0:00,0.7540853023529053,1.876,0.8198543787002563,0.831947,0.120824,0.009224,0.60361,0.6861383318901062
2000/4/9 0:00,0.7540853023529053,1.8746,0.8198543787002563,0.8296,0.120824,0.009205,0.603173,0.6861383318901062
2000/4/10 0:00,0.7540853023529053,1.88605,0.8198543787002563,0.835317,0.120824,0.009231,0.604778,0.6861383318901062
2000/4/11 0:00,0.7805668711662292,1.88605,0.8199739456176758,0.7982107996940613,0.120824,0.009231,0.604778,0.7121092677116394
2000/4/12 0:00,0.6330364346504211,1.8887,0.6732618808746338,0.6800550222396851,0.120824,0.008504627272486687,0.606024,0.5239155888557434
2000/4/13 0:00,0.6330364346504211,1.8845,0.6732618808746338,0.6800550222396851,0.120824,0.008504627272486687,0.606061,0.5239155888557434
2000/4/14 0:00,0.8043726086616516,1.89405,0.9035736322402954,0.7853478193283081,0.12437664717435837,0.008819361217319965,0.608347,0.7033332586288452
2000/4/15 0:00,0.8043726086616516,1.8806,0.9035736322402954,0.7853478193283081,0.12430622428655624,0.008819361217319965,0.603974,0.7033332586288452
2000/4/16 0:00,0.8043726086616516,1.8933,0.9035736322402954,0.7853478193283081,0.12437664717435837,0.008819361217319965,0.603901,0.7033332586288452
2000/4/17 0:00,0.8043726086616516,1.8934,0.9035736322402954,0.7853478193283081,0.12437664717435837,0.008819361217319965,0.603865,0.7033332586288452
2000/4/18 0:00,0.8467627167701721,1.89305,0.9707438945770264,0.8918854594230652,0.13664017617702484,0.008417380973696709,0.6868759989738464,0.7161
2000/4/19 0:00,0.8218432068824768,1.9029,0.9642556309700012,0.8821192979812622,0.13664017617702484,0.008417380973696709,0.6643969416618347,0.7147
2000/4/20 0:00,0.8467627167701721,1.9173,0.9707438945770264,0.8956363201141357,0.13664017617702484,0.008417380973696709,0.6868759989738464,0.72055
2000/4/21 0:00,0.8922276496887207,1.9195,0.9683943390846252,0.9193693995475769,0.14302915334701538,0.008706653490662575,0.7001513838768005,0.7272
2000/4/22 0:00,0.8922276496887207,1.9132,0.9683943390846252,0.9193693995475769,0.14302915334701538,0.008706653490662575,0.7001513838768005,0.7288
2000/4/23 0:00,0.7780559062957764,1.9161,0.8502683043479919,0.7955849766731262,0.12639330327510834,0.009448,0.6172280311584473,0.7328
2000/4/24 0:00,0.78135,1.91585,0.8502683043479919,0.7955849766731262,0.12639330327510834,0.009445,0.6172280311584473,0.73115
2000/4/25 0:00,0.78135,1.91585,0.8502683043479919,0.7955849766731262,0.12639330327510834,0.009445,0.6172280311584473,0.73115
2000/4/26 0:00,0.77815,1.9102,0.8581477999687195,0.7955849766731262,0.12639330327510834,0.009457,0.6172280311584473,0.7285
2000/4/27 0:00,0.77715,1.904,0.8581477999687195,0.7955849766731262,0.12594568729400635,0.00943,0.6172280311584473,0.7228
2000/4/28 0:00,0.77705,1.7736777067184448,0.8581477999687195,0.7955849766731262,0.12543706595897675,0.009445,0.6144739389419556,0.72275
2000/4/29 0:00,0.77925,1.7864376306533813,0.8581477999687195,0.7955849766731262,0.12543706595897675,0.009438,0.6144739389419556,0.7285
2000/4/30 0:00,0.78195,1.7496260404586792,0.8502683043479919,0.7955849766731262,0.12543706595897675,0.009536,0.6144739389419556,0.73245
2000/5/1 0:00,0.78055,1.7496260404586792,0.8502683043479919,0.7955849766731262,0.12543706595897675,0.009543,0.6144739389419556,0.7325
2000/5/2 0:00,0.78055,1.7496260404586792,0.8502683043479919,0.7955849766731262,0.12543706595897675,0.009543,0.6144739389419556,0.7325
2000/5/3 0:00,0.77945,1.7496260404586792,0.8581477999687195,0.7955849766731262,0.12543706595897675,0.009517,0.6144739389419556,0.7285
2000/5/4 0:00,0.77435,1.7496260404586792,0.8581477999687195,0.7955849766731262,0.12543706595897675,0.009525,0.6144739389419556,0.72635
2000/5/5 0:00,0.77845,1.7496260404586792,0.8502683043479919,0.7955849766731262,0.12543706595897675,0.009595,0.6144739389419556,0.73245
2000/5/6 0:00,0.78135,1.7496260404586792,0.8502683043479919,0.7955849766731262,0.12543706595897675,0.009571,0.6144739389419556,0.7351
2000/5/7 0:00,0.77595,1.7496260404586792,0.8502683043479919,0.7955849766731262,0.12543706595897675,0.00954,0.6144739389419556,0.73285
2000/5/8 0:00,0.77525,1.8176541328430176,0.8424658179283142,0.7706611752510071,0.12282518297433853,0.009522,0.609607,0.7328
2000/5/9 0:00,0.7763,1.5384395122528076,0.804246,0.7724002003669739,0.1333402395248413,0.009522,0.609607,0.7322
2000/5/10 0:00,0.77305,1.7844116687774658,0.808048,0.7724002003669739,0.12181307375431061,0.009469,0.608236,0.7301
2000/5/11 0:00,0.77555,1.7844116687774658,0.808179,0.7724002003669739,0.12181307375431061,0.009469,0.60831,0.73075
2000/5/12 0:00,0.77565,1.5384395122528076,0.801539,0.7724002003669739,0.12851068377494812,0.009465,0.608143,0.73115
2000/5/13 0:00,0.76805,1.5452629327774048,0.800096,0.7724002003669739,0.12851068377494812,0.009375,0.604997,0.7196
2000/5/14 0:00,0.76265,1.541388750076294,0.792801,0.7724002003669739,0.12851068377494812,0.00934,0.603537,0.71305
2000/5/15 0:00,0.7608,1.541388750076294,0.790326,0.7724002003669739,0.12851068377494812,0.009314,0.603136,0.7123
2000/5/16 0:00,0.76135,1.5223093032836914,0.789422,0.7538915276527405,0.12851068377494812,0.00931,0.603136,0.6707780957221985
2000/5/17 0:00,0.75695,1.7222322225570679,0.8323888778686523,0.7706611752510071,0.12181307375431061,0.009336,0.603355,0.6750339865684509
2000/5/18 0:00,0.75705,1.7222322225570679,0.8323888778686523,0.7706611752510071,0.12181307375431061,0.009328,0.604047,0.6750339865684509
2000/5/19 0:00,0.75795,1.7222322225570679,0.8323888778686523,0.7706611752510071,0.12181307375431061,0.009336,0.605547,0.6750339865684509
2000/5/20 0:00,0.75785,1.7222322225570679,0.8323888778686523,0.7706611752510071,0.12181307375431061,0.009299,0.60381,0.6750339865684509
2000/5/21 0:00,0.75465,1.7222322225570679,0.8323888778686523,0.7706611752510071,0.12181307375431061,0.009251,0.601576,0.6750339865684509
2000/5/22 0:00,0.755,1.7222322225570679,0.8323888778686523,0.7706611752510071,0.12181307375431061,0.009246,0.601685,0.6750339865684509
2000/5/23 0:00,0.75585,1.7222322225570679,0.8323888778686523,0.7706611752510071,0.12181307375431061,0.009247,0.601214,0.6750339865684509
2000/5/24 0:00,0.75915,1.7222322225570679,0.8323888778686523,0.7706611752510071,0.12181307375431061,0.009285,0.6027,0.6750339865684509
2000/5/25 0:00,0.76195,1.7222322225570679,0.8323888778686523,0.7706611752510071,0.12181307375431061,0.009296,0.604485,0.687170684337616
2000/5/26 0:00,0.76295,1.7222322225570679,0.8323888778686523,0.7706611752510071,0.12181307375431061,0.009282,0.603391,0.687170684337616
2000/5/27 0:00,0.76035,1.7222322225570679,0.8323888778686523,0.7706611752510071,0.12181307375431061,0.009261,0.602228,0.6779653429985046
2000/5/28 0:00,0.76125,1.7222322225570679,0.8323888778686523,0.7706611752510071,0.12181307375431061,0.009255,0.602609,0.6848090291023254
2000/5/29 0:00,0.76305,1.7222322225570679,0.8323888778686523,0.7706611752510071,0.12181307375431061,0.009259,0.602555,0.687170684337616
2000/5/30 0:00,0.76315,1.7222322225570679,0.8323888778686523,0.7706611752510071,0.12181307375431061,0.009259,0.602555,0.687170684337616
2000/5/31 0:00,0.76115,1.7222322225570679,0.8323888778686523,0.7706611752510071,0.12181307375431061,0.009266,0.601938,0.6848090291023254
2000/6/1 0:00,0.75755,1.7222322225570679,0.8323888778686523,0.7706611752510071,0.12181307375431061,0.009264,0.601214,0.6750339865684509
2000/6/2 0:00,0.75065,1.7222322225570679,0.8375794291496277,0.7706611752510071,0.12282518297433853,0.009234,0.597425,0.6867688298225403
2000/6/3 0:00,0.75495,1.7222322225570679,0.8323888778686523,0.7706611752510071,0.12181307375431061,0.00924,0.598372,0.6750339865684509
2000/6/4 0:00,0.75665,1.7222322225570679,0.8323888778686523,0.7706611752510071,0.12181307375431061,0.009286,0.600384,0.6750339865684509
2000/6/5 0:00,0.7548,1.7222322225570679,0.8323888778686523,0.7706611752510071,0.12181307375431061,0.009266,0.598802,0.6750339865684509
2000/6/6 0:00,0.7548,1.7222322225570679,0.8323888778686523,0.7706611752510071,0.12181307375431061,0.009262,0.598802,0.6750339865684509
2000/6/7 0:00,0.76555,1.7652491331100464,0.8365077972412109,0.7706611752510071,0.12282518297433853,0.009369,0.601757,0.6964991092681885
2000/6/8 0:00,0.76815,1.7652491331100464,0.8365077972412109,0.7706611752510071,0.12282518297433853,0.009373,0.601993,0.6964991092681885
2000/6/9 0:00,0.76955,1.83825,0.8458527326583862,0.7955849766731262,0.12282518297433853,0.009364,0.6150176525115967,0.7071567177772522
2000/6/10 0:00,0.76735,1.81955,0.8458527326583862,0.7955849766731262,0.12282518297433853,0.009285,0.6150176525115967,0.7071567177772522
2000/6/11 0:00,0.76165,1.81135,0.8458527326583862,0.7955849766731262,0.12282518297433853,0.009209,0.6150176525115967,0.7029076218605042
2000/6/12 0:00,0.76145,1.81255,0.8458527326583862,0.7955849766731262,0.12282518297433853,0.0092,0.6150176525115967,0.7005459666252136
2000/6/13 0:00,0.76105,1.80175,0.8458527326583862,0.7955849766731262,0.12282518297433853,0.009125,0.620366096496582,0.7005459666252136
2000/6/14 0:00,0.76535,1.80595,0.8458527326583862,0.7955849766731262,0.12282518297433853,0.009145,0.620366096496582,0.7029076218605042
2000/6/15 0:00,0.7640807032585144,1.8184,0.8458527326583862,0.7955849766731262,0.12282518297433853,0.009138,0.620366096496582,0.7029076218605042
2000/6/16 0:00,0.7640807032585144,1.81975,0.8458527326583862,0.7955849766731262,0.12282518297433853,0.009167,0.6150176525115967,0.7029076218605042
2000/6/17 0:00,0.7640807032585144,1.8238,0.8458527326583862,0.7955849766731262,0.12282518297433853,0.009177,0.6150176525115967,0.7029076218605042
2000/6/18 0:00,0.7640807032585144,1.83265,0.8458527326583862,0.7955849766731262,0.12282518297433853,0.00921,0.6150176525115967,0.7029076218605042
2000/6/19 0:00,0.7272586226463318,1.83265,0.816591739654541,0.796622,0.12181307375431061,0.00921,0.6089735627174377,0.6677933931350708
2000/6/20 0:00,0.7272586226463318,1.824,0.816591739654541,0.785731,0.12181307375431061,0.009135,0.6116235852241516,0.6677933931350708
2000/6/21 0:00,0.7272586226463318,1.82655,0.816591739654541,0.787371,0.12181307375431061,0.009224,0.6062751412391663,0.6677933931350708
2000/6/22 0:00,0.7272586226463318,1.8219,0.816591739654541,0.786782,0.12181307375431061,0.009189,0.6062751412391663,0.6677933931350708
2000/6/23 0:00,0.7272586226463318,1.819,0.816591739654541,0.783269,0.12181307375431061,0.009186,0.6062751412391663,0.6677933931350708
2000/6/24 0:00,0.7272586226463318,1.8207,0.816591739654541,0.783883,0.12181307375431061,0.009149,0.6062751412391663,0.6677933931350708
2000/6/25 0:00,0.7272586226463318,1.82315,0.816591739654541,0.784714,0.12181307375431061,0.009155,0.6062751412391663,0.6677933931350708
2000/6/26 0:00,0.7272586226463318,1.8283,0.816591739654541,0.789141,0.12181307375431061,0.009143,0.6116235852241516,0.6677933931350708
2000/6/27 0:00,0.7272586226463318,1.8174,0.816591739654541,0.782075,0.12181307375431061,0.00911,0.6116235852241516,0.6677933931350708
2000/6/28 0:00,0.7418673038482666,1.8055,0.8171911835670471,0.781769,0.120824,0.009075,0.6116235852241516,0.6677933931350708
2000/6/29 0:00,0.7418673038482666,1.786,0.8171911835670471,0.777847,0.120824,0.009006,0.6124978065490723,0.6614392995834351
2000/6/30 0:00,0.7290751934051514,1.7718,0.817186713218689,0.772141,0.120824,0.008958,0.6157167553901672,0.6614392995834351
2000/7/1 0:00,0.7290751934051514,1.7686,0.817186713218689,0.771248,0.120824,0.008947,0.6157167553901672,0.6614392995834351
2000/7/2 0:00,0.7290751934051514,1.76755,0.817186713218689,0.770713,0.120824,0.008949,0.6157167553901672,0.6614392995834351
2000/7/3 0:00,0.7342686057090759,1.76075,0.8022467494010925,0.767489,0.120824,0.008961,0.6157167553901672,0.6638566851615906
2000/7/4 0:00,0.7342686057090759,1.75345,0.8022467494010925,0.76643,0.120824,0.008941,0.6157167553901672,0.6638566851615906
2000/7/5 0:00,0.7342686057090759,1.75835,0.8048473000526428,0.767931,0.120824,0.008943,0.6157167553901672,0.6638566851615906
2000/7/6 0:00,0.7342686057090759,1.7365,0.8048473000526428,0.768167,0.120824,0.008914,0.6157167553901672,0.6638566851615906
2000/7/7 0:00,0.7342686057090759,1.73775,0.8048473000526428,0.770001,0.120824,0.008913,0.6157167553901672,0.6614392995834351
2000/7/8 0:00,0.7342686057090759,1.73775,0.8048473000526428,0.770001,0.120824,0.008907,0.6157167553901672,0.6614392995834351
2000/7/9 0:00,0.7290751934051514,1.773364,0.817186713218689,0.783914,0.120824,0.009018,0.6116235852241516,0.6677933931350708
2000/7/10 0:00,0.7342686057090759,1.75295,0.8048473000526428,0.774653,0.120824,0.008911,0.6157167553901672,0.6614392995834351
2000/7/11 0:00,0.7342686057090759,1.76075,0.8048473000526428,0.775855,0.120824,0.008919,0.6157167553901672,0.6614392995834351
2000/7/12 0:00,0.7342686057090759,1.7542,0.8048473000526428,0.77226,0.120824,0.008911,0.6157167553901672,0.6614392995834351
2000/7/13 0:00,0.7342686057090759,1.7504,0.8048473000526428,0.770654,0.120824,0.008907,0.6157167553901672,0.6614392995834351
2000/7/14 0:00,0.7342686057090759,1.748,0.8048473000526428,0.772648,0.120824,0.008933,0.6157167553901672,0.6614392995834351
2000/7/15 0:00,0.7342686057090759,1.7387,0.8022467494010925,0.766283,0.120824,0.008852,0.6157167553901672,0.6638566851615906
2000/7/16 0:00,0.7342686057090759,1.72965,0.8048473000526428,0.768669,0.120824,0.008793,0.6157167553901672,0.6638566851615906
2000/7/17 0:00,0.7342686057090759,1.7469,0.8048473000526428,0.776337,0.120824,0.009042,0.6124978065490723,0.6614392995834351
2000/7/18 0:00,0.7342686057090759,1.7434,0.8477901220321655,0.774533,0.123288,0.009015,0.6124978065490723,0.6614392995834351
2000/7/19 0:00,0.727091908454895,1.7483710050582886,0.8501007556915283,0.771605,0.123288,0.008981,0.6124978065490723,0.6614392995834351
2000/7/20 0:00,0.727091908454895,1.7483710050582886,0.8501007556915283,0.771605,0.123288,0.008981,0.6124978065490723,0.6614392995834351
2000/7/21 0:00,0.7688124775886536,1.7147310972213745,0.871968686580658,0.8116146922111511,0.123282,0.00895,0.6560205221176147,0.7003798484802246
2000/7/22 0:00,0.7732208967208862,1.787020206451416,0.8713650703430176,0.8243175745010376,0.123306,0.008913247846066952,0.6327380537986755,0.698049008846283
2000/7/23 0:00,0.7732208967208862,1.787020206451416,0.8713650703430176,0.8243175745010376,0.123262,0.008913247846066952,0.6327380537986755,0.698049008846283
2000/7/24 0:00,0.7732208967208862,1.787020206451416,0.8713650703430176,0.8243175745010376,0.123335,0.008913247846066952,0.6327380537986755,0.698049008846283
2000/7/25 0:00,0.7732208967208862,1.787020206451416,0.8713650703430176,0.8243175745010376,0.123371,0.008913247846066952,0.6327380537986755,0.698049008846283
2000/7/26 0:00,0.7732208967208862,1.787020206451416,0.8713650703430176,0.8243175745010376,0.123371,0.008913247846066952,0.6327380537986755,0.698049008846283
2000/7/27 0:00,0.7732208967208862,1.787020206451416,0.8713650703430176,0.8243175745010376,0.123387,0.008913247846066952,0.6327380537986755,0.698049008846283
2000/7/28 0:00,0.7732208967208862,1.787020206451416,0.8713650703430176,0.8243175745010376,0.123408,0.008913247846066952,0.6327380537986755,0.698049008846283
2000/7/29 0:00,0.7732208967208862,1.787020206451416,0.8713650703430176,0.8243175745010376,0.123379,0.008913247846066952,0.6327380537986755,0.698049008846283
2000/7/30 0:00,0.7545484900474548,1.787020206451416,0.8608483672142029,0.8243175745010376,0.123416,0.008959663100540638,0.6321943402290344,0.69165
2000/7/31 0:00,0.7684,1.787020206451416,0.8608483672142029,0.8243175745010376,0.1234,0.008959663100540638,0.6321943402290344,0.68975
2000/8/1 0:00,0.76515,1.787020206451416,0.8608483672142029,0.8243175745010376,0.12332,0.008959663100540638,0.6321943402290344,0.69295
2000/8/2 0:00,0.7605,1.787020206451416,0.8608483672142029,0.8243175745010376,0.12335,0.008959663100540638,0.6321943402290344,0.6914
2000/8/3 0:00,0.76465,1.787020206451416,0.8608483672142029,0.8243175745010376,0.123362,0.008959663100540638,0.6321943402290344,0.69505
2000/8/4 0:00,0.77375,1.8792904615402222,0.8608483672142029,0.8243175745010376,0.123454,0.008959663100540638,0.6349484324455261,0.7047
2000/8/5 0:00,0.77225,1.8792904615402222,0.8608483672142029,0.8243175745010376,0.123487,0.008959663100540638,0.6349484324455261,0.70675
2000/8/6 0:00,0.77185,1.8792904615402222,0.8608483672142029,0.8243175745010376,0.123487,0.008959663100540638,0.6349484324455261,0.70825
2000/8/7 0:00,0.7725,1.8792904615402222,0.8608483672142029,0.8243175745010376,0.123487,0.008959663100540638,0.6349484324455261,0.7076
2000/8/8 0:00,0.76835,1.8792904615402222,0.8608483672142029,0.8243175745010376,0.123501,0.008959663100540638,0.6349484324455261,0.7057
2000/8/9 0:00,0.76805,1.8792904615402222,0.8608483672142029,0.8243175745010376,0.123454,0.008959663100540638,0.6349484324455261,0.70365
2000/8/10 0:00,0.75995,1.8792904615402222,0.8608483672142029,0.8243175745010376,0.123461,0.008959663100540638,0.6349484324455261,0.70085
2000/8/11 0:00,0.75465,1.8325109481811523,0.8608483672142029,0.8243175745010376,0.123446,0.008959663100540638,0.6321943402290344,0.69645
2000/8/12 0:00,0.75465,1.6923410892486572,0.8411301970481873,0.7804198265075684,0.12333619594573975,0.009063146077096462,0.6416493654251099,0.6966
2000/8/13 0:00,0.75475,1.6923410892486572,0.8411301970481873,0.7804198265075684,0.12333619594573975,0.009063146077096462,0.6416493654251099,0.69635
2000/8/14 0:00,0.7797212600708008,1.6923410892486572,0.8556361198425293,0.7804198265075684,0.12333619594573975,0.009063146077096462,0.6416493654251099,0.69605
2000/8/15 0:00,0.7797212600708008,1.7469857931137085,0.8575441837310791,0.7804198265075684,0.12430622428655624,0.009063146077096462,0.6198223829269409,0.69895
2000/8/16 0:00,0.7797212600708008,1.6923410892486572,0.8556361198425293,0.7804198265075684,0.12333619594573975,0.009063146077096462,0.6416493654251099,0.69715
2000/8/17 0:00,0.7797212600708008,1.646850347518921,0.7562535405158997,0.7804198265075684,0.12369552999734879,0.009063146077096462,0.6495364904403687,0.6951
2000/8/18 0:00,0.7797212600708008,1.646850347518921,0.7562535405158997,0.7804198265075684,0.12369552999734879,0.009063146077096462,0.6495364904403687,0.6951
2000/8/19 0:00,0.7797212600708008,1.646850347518921,0.7562535405158997,0.7804198265075684,0.12369552999734879,0.009063146077096462,0.6495364904403687,0.69465
2000/8/20 0:00,0.7711769342422485,1.6688371896743774,0.8446281552314758,0.7828820943832397,0.12712618708610535,0.008967,0.6448683142662048,0.68785
2000/8/21 0:00,0.7691887617111206,1.6688371896743774,0.8417338132858276,0.7884895205497742,0.12712618708610535,0.008994,0.6416493654251099,0.69205
2000/8/22 0:00,0.7559462189674377,1.806157112121582,0.844167,0.7955849766731262,0.12282518297433853,0.009097,0.6198223829269409,0.70425
2000/8/23 0:00,0.7553207278251648,1.806157112121582,0.841397,0.7955849766731262,0.12282518297433853,0.009111,0.6198223829269409,0.7062
2000/8/24 0:00,0.7267378568649292,1.727762222290039,0.840902,0.810898,0.12282518297433853,0.009155,0.6236269474029541,0.71025
2000/8/25 0:00,0.764272928237915,1.8422,0.84122,0.808505,0.12282518297433853,0.009117,0.6289753913879395,0.70755
2000/8/26 0:00,0.764272928237915,1.8396,0.843597,0.806679,0.12282518297433853,0.009085,0.6289753913879395,0.70575
2000/8/27 0:00,0.7678074836730957,1.83915,0.844916,0.80331,0.12282518297433853,0.009045,0.6279900074005127,0.70435
2000/8/28 0:00,0.764272928237915,1.8417,0.852043,0.805932,0.12543706595897675,0.009128,0.6289753913879395,0.7078
2000/8/29 0:00,0.764272928237915,1.83835,0.850051,0.804182,0.12376802414655685,0.009114,0.6279900074005127,0.7077
2000/8/30 0:00,0.764272928237915,1.83945,0.849221,0.804311,0.12376802414655685,0.009117,0.6279900074005127,0.70785
2000/8/31 0:00,0.7678074836730957,1.8228,0.843277,0.794913,0.12282518297433853,0.0091,0.6198223829269409,0.70465
2000/9/1 0:00,0.7678074836730957,1.82235,0.846024,0.792896,0.12376802414655685,0.009036,0.6198223829269409,0.70275
2000/9/2 0:00,0.7634695768356323,1.8252,0.845559,0.795165,0.12282518297433853,0.009072,0.6198223829269409,0.70925
2000/9/3 0:00,0.764272928237915,1.80515,0.841503,0.789079,0.12282518297433853,0.009054,0.6198223829269409,0.7055
2000/9/4 0:00,0.7678074836730957,1.8042,0.845809,0.787092,0.12282518297433853,0.008987,0.6198223829269409,0.70375
2000/9/5 0:00,0.7678074836730957,1.80855,0.847027,0.78765,0.12376802414655685,0.008986,0.6198223829269409,0.7046
2000/9/6 0:00,0.7678074836730957,1.8027,0.847422,0.78416,0.12376802414655685,0.008977,0.6198223829269409,0.7006
2000/9/7 0:00,0.766636312007904,1.80565,0.854117,0.783638,0.12430622428655624,0.008992,0.6198223829269409,0.70175
2000/9/8 0:00,0.766636312007904,1.8047,0.854518,0.78373,0.12430622428655624,0.008971,0.6230413317680359,0.7014
2000/9/9 0:00,0.766636312007904,1.81095,0.855395,0.787123,0.12430622428655624,0.008992,0.6198223829269409,0.69965
2000/9/10 0:00,0.766636312007904,1.7924,0.853461,0.782228,0.12430622428655624,0.008958,0.6230413317680359,0.69405
2000/9/11 0:00,0.768624484539032,1.7778,0.853279,0.775675,0.12430622428655624,0.008915,0.6168936491012573,0.68705
2000/9/12 0:00,0.768624484539032,1.77245,0.852551,0.773066,0.12430622428655624,0.008903,0.6168936491012573,0.68655
2000/9/13 0:00,0.7656904458999634,1.77825,0.853315,0.775404,0.12430622428655624,0.0089,0.6168936491012573,0.68425
2000/9/14 0:00,0.766861617565155,1.76585,0.848428,0.770179,0.12376802414655685,0.00881,0.6151730418205261,0.6787
2000/9/15 0:00,0.7720550298690796,1.76185,0.846274,0.771307,0.12376802414655685,0.008822,0.6168936491012573,0.6841
2000/9/16 0:00,0.7738178968429565,1.7615,0.853679,0.771337,0.12430622428655624,0.008841,0.6168936491012573,0.69075
2000/9/17 0:00,0.768624484539032,1.7643,0.859771,0.772857,0.12430622428655624,0.008811,0.6168936491012573,0.69125
2000/9/18 0:00,0.768624484539032,1.76475,0.860104,0.773395,0.12430622428655624,0.008812,0.6168936491012573,0.6911
2000/9/19 0:00,0.7738178968429565,1.7594,0.860104,0.773395,0.12430622428655624,0.008748,0.6168936491012573,0.691099
2000/9/20 0:00,0.7718297243118286,1.7594,0.853388,0.767931,0.12430622428655624,0.008748,0.6168936491012573,0.69465
2000/9/21 0:00,0.7678074836730957,1.76295,0.84538,0.771962,0.12282518297433853,0.008777,0.6168936491012573,0.69295
2000/9/22 0:00,0.7678074836730957,1.77215,0.845023,0.783576,0.12282518297433853,0.008806,0.6230413317680359,0.6968
2000/9/23 0:00,0.7718297243118286,1.75945,0.852043,0.781555,0.12430622428655624,0.008787,0.6230413317680359,0.696
2000/9/24 0:00,0.7718297243118286,1.76085,0.851789,0.782228,0.12430622428655624,0.00879,0.6230413317680359,0.69565
2000/9/25 0:00,0.7718297243118286,1.76065,0.851426,0.78183,0.12430622428655624,0.008782,0.6230413317680359,0.6956
2000/9/26 0:00,0.7718297243118286,1.75225,0.85197,0.777152,0.12430622428655624,0.008751,0.6168936491012573,0.6973
2000/9/27 0:00,0.7730008959770203,1.7463,0.850159,0.775374,0.12376802414655685,0.008733,0.6168936491012573,0.6919
2000/9/28 0:00,0.7718297243118286,1.7518,0.854044,0.777152,0.12430622428655624,0.008742,0.6168936491012573,0.69605
2000/9/29 0:00,0.7558708786964417,1.74855,0.846382,0.770179,0.12376802414655685,0.008701,0.6157167553901672,0.6680493950843811
2000/9/30 0:00,0.7731574177742004,1.7666,0.842993,0.7677169442176819,0.12282518297433853,0.008769,0.6157167553901672,0.6783543825149536
2000/10/1 0:00,0.7731574177742004,1.77025,0.84317,0.7677169442176819,0.12282518297433853,0.008771,0.6157167553901672,0.6783543825149536
2000/10/2 0:00,0.7731574177742004,1.76975,0.843917,0.7677169442176819,0.12282518297433853,0.008765,0.6157167553901672,0.6783543825149536
2000/10/3 0:00,0.778350830078125,1.75465,0.848104,0.7677169442176819,0.12376802414655685,0.008712,0.6157167553901672,0.6995059251785278
2000/10/4 0:00,0.7558708786964417,1.7482,0.845416,0.767902,0.12336039543151855,0.008634,0.6157167553901672,0.6704667806625366
2000/10/5 0:00,0.7558708786964417,1.76245,0.850232,0.772559,0.12376802414655685,0.008658,0.6157167553901672,0.6886659264564514
2000/10/6 0:00,0.7506774663925171,1.76975,0.852915,0.773186,0.12430622428655624,0.008656,0.6157167553901672,0.6753493547439575
2000/10/7 0:00,0.7506774663925171,1.7744,0.844416,0.777257,0.12336039543151855,0.008634,0.6157167553901672,0.6797842383384705
2000/10/8 0:00,0.7506774663925171,1.76925,0.840937,0.773814,0.12336039543151855,0.008628,0.6157167553901672,0.6797842383384705
2000/10/9 0:00,0.7506774663925171,1.76885,0.842424,0.773754,0.12336039543151855,0.008623,0.6157167553901672,0.6797842383384705
2000/10/10 0:00,0.7506774663925171,1.7691,0.841397,0.776337,0.12282518297433853,0.00867,0.6157167553901672,0.6797842383384705
2000/10/11 0:00,0.7634695768356323,1.7859,0.849473,0.783331,0.12376802414655685,0.008715,0.623585045337677,0.7029076218605042
2000/10/12 0:00,0.7731574177742004,1.7767,0.85481,0.7542331218719482,0.1249249130487442,0.00864,0.590877,0.7040141224861145
2000/10/13 0:00,0.7731574177742004,1.7831,0.852842,0.7542331218719482,0.1249249130487442,0.008662,0.592364,0.7040141224861145
2000/10/14 0:00,0.7731574177742004,1.77665,0.850485,0.7542331218719482,0.1249249130487442,0.008649,0.590755,0.7040141224861145
2000/10/15 0:00,0.7731574177742004,1.7736,0.851499,0.7542331218719482,0.1249249130487442,0.00864,0.591646,0.7040141224861145
2000/10/16 0:00,0.7731574177742004,1.77325,0.849005,0.7542331218719482,0.12438671290874481,0.008644,0.591646,0.7040141224861145
2000/10/17 0:00,0.7678074836730957,1.77145,0.850304,0.7542331218719482,0.126113623380661,0.008594,0.590145,0.70065
2000/10/18 0:00,0.7678074836730957,1.76415,0.845273,0.7542331218719482,0.12516778707504272,0.008573,0.589762,0.698
2000/10/19 0:00,0.764324963092804,1.76975,0.846418,0.7357212901115417,0.20156382024288177,0.0076246378012001514,0.58957,0.69175
2000/10/20 0:00,0.764324963092804,1.77325,0.846633,0.7357212901115417,0.20156382024288177,0.0076246378012001514,0.589206,0.69145
2000/10/21 0:00,0.7595598101615906,1.75865,0.85197,0.7357212901115417,0.20624427497386932,0.008179273456335068,0.588547,0.68515
2000/10/22 0:00,0.7635859251022339,1.7638,0.853862,0.7357212901115417,0.20624427497386932,0.008179273456335068,0.587717,0.68345
2000/10/23 0:00,0.7699505090713501,1.74955,0.844595,0.7357212901115417,0.20156382024288177,0.0076246378012001514,0.587596,0.68315
2000/10/24 0:00,0.7660415172576904,1.7416,0.8410947322845459,0.7357212901115417,0.20156382024288177,0.0076246378012001514,0.587959,0.6787
2000/10/25 0:00,0.7660415172576904,1.74125,0.8410947322845459,0.7357212901115417,0.20156382024288177,0.0076246378012001514,0.587579,0.68145
2000/10/26 0:00,0.7660415172576904,1.74045,0.8410947322845459,0.7357212901115417,0.20156382024288177,0.0076246378012001514,0.587717,0.6832
2000/10/27 0:00,0.7722968459129333,1.7573975324630737,0.8410947322845459,0.7357212901115417,0.20156382024288177,0.0076246378012001514,0.587786,0.68785
2000/10/28 0:00,0.7326,1.7573975324630737,0.8235242962837219,0.7545022368431091,0.128215029835701,0.008814895525574684,0.587234,0.687
2000/10/29 0:00,0.7326,1.7573975324630737,0.8235242962837219,0.7545022368431091,0.128215029835701,0.008814895525574684,0.587234,0.68695
2000/10/30 0:00,0.73305,1.7573975324630737,0.8235242962837219,0.7545022368431091,0.128215029835701,0.008814895525574684,0.58763,0.68605
2000/10/31 0:00,0.72825,1.7190101146697998,0.8080281019210815,0.7545022368431091,0.128215029835701,0.008814895525574684,0.586545,0.68065
2000/11/1 0:00,0.73205,1.7573975324630737,0.8235242962837219,0.7545022368431091,0.128215029835701,0.008814895525574684,0.587475,0.68435
2000/11/2 0:00,0.7313,1.7573975324630737,0.8137755393981934,0.7545022368431091,0.128215029835701,0.008814895525574684,0.587544,0.68505
2000/11/3 0:00,0.73335,1.7573975324630737,0.8235242962837219,0.7545022368431091,0.128215029835701,0.008814895525574684,0.588132,0.68725
2000/11/4 0:00,0.73325,1.7573975324630737,0.8235242962837219,0.7545022368431091,0.128215029835701,0.008814895525574684,0.588253,0.6873
2000/11/5 0:00,0.73365,1.7573975324630737,0.8235242962837219,0.7545022368431091,0.128215029835701,0.008814895525574684,0.588408,0.68835
2000/11/6 0:00,0.73645,1.7573975324630737,0.8235242962837219,0.7545022368431091,0.128215029835701,0.008814895525574684,0.588582,0.68965
2000/11/7 0:00,0.73665,1.7573975324630737,0.8235242962837219,0.7545022368431091,0.128215029835701,0.008814895525574684,0.588893,0.69125
2000/11/8 0:00,0.7385,1.7573975324630737,0.8235242962837219,0.7545022368431091,0.128215029835701,0.008814895525574684,0.590615,0.69465
2000/11/9 0:00,0.73725,1.7573975324630737,0.8235242962837219,0.7545022368431091,0.128215029835701,0.008814895525574684,0.591017,0.6945
2000/11/10 0:00,0.7358,1.80288827419281,0.8235242962837219,0.7545022368431091,0.128215029835701,0.008814895525574684,0.590755,0.69715
2000/11/11 0:00,0.735,1.80288827419281,0.8235242962837219,0.7545022368431091,0.128215029835701,0.008814895525574684,0.590755,0.69705
2000/11/12 0:00,0.7344,1.80288827419281,0.8235242962837219,0.7545022368431091,0.128215029835701,0.008814895525574684,0.589814,0.69665
2000/11/13 0:00,0.74155,1.8477531671524048,0.8410947322845459,0.741275429725647,0.2005358636379242,0.007677969988435507,0.591296,0.70395
2000/11/14 0:00,0.73755,1.8477531671524048,0.8235242962837219,0.7545022368431091,0.128215029835701,0.008695902302861214,0.590179,0.7005
2000/11/15 0:00,0.74005,1.8538150787353516,0.857449,0.7822511792182922,0.123793,0.009063146077096462,0.591506,0.70435
2000/11/16 0:00,0.74215,1.8538150787353516,0.858443,0.7822511792182922,0.12379,0.00891019869595766,0.591261,0.70525
2000/11/17 0:00,0.74825,1.8538150787353516,0.862255,0.776697039604187,0.12379,0.009028640575706959,0.591891,0.71275
2000/11/18 0:00,0.74825,1.8538150787353516,0.861326,0.776697039604187,0.12379,0.009028640575706959,0.592171,0.71275
2000/11/19 0:00,0.74635,1.8538150787353516,0.861401,0.776697039604187,0.12379,0.009028640575706959,0.591751,0.71375
2000/11/20 0:00,0.75065,1.842889428138733,0.864267,0.8243175745010376,0.123775,0.009078104980289936,0.6289753913879395,0.7179
2000/11/21 0:00,0.75245,1.842889428138733,0.863968,0.8243175745010376,0.123818,0.009078104980289936,0.6289753913879395,0.71475
2000/11/22 0:00,0.74835,1.842889428138733,0.863073,0.8243175745010376,0.123831,0.008959663100540638,0.6321943402290344,0.7034
2000/11/23 0:00,0.74995,1.842889428138733,0.863148,0.8243175745010376,0.123793,0.008959663100540638,0.6321943402290344,0.7006
2000/11/24 0:00,0.75005,1.842889428138733,0.866176,0.8243175745010376,0.123824,0.008959663100540638,0.6321943402290344,0.7025
2000/11/25 0:00,0.7522,1.842889428138733,0.863521,0.8243175745010376,0.123824,0.008959663100540638,0.6321943402290344,0.7042
2000/11/26 0:00,0.75,1.842889428138733,0.863483,0.8243175745010376,0.123824,0.008959663100540638,0.6321943402290344,0.70345
2000/11/27 0:00,0.75665,1.842889428138733,0.869074,0.8243175745010376,0.123841,0.009078104980289936,0.6289753913879395,0.71095
2000/11/28 0:00,0.75315,1.842889428138733,0.869792,0.8243175745010376,0.123877,0.008959663100540638,0.6321943402290344,0.7056
2000/11/29 0:00,0.75535,1.842889428138733,0.868508,0.8243175745010376,0.123864,0.008959663100540638,0.6321943402290344,0.70775
2000/11/30 0:00,0.74635,1.7964900732040405,0.863744,0.8243175745010376,0.123879,0.008959663100540638,0.6321943402290344,0.69055
2000/12/1 0:00,0.7559641599655151,1.7964900732040405,0.862032,0.8243175745010376,0.12386,0.008959663100540638,0.6321943402290344,0.69075
2000/12/2 0:00,0.7559641599655151,1.7964900732040405,0.865464,0.8243175745010376,0.12386,0.008959663100540638,0.6321943402290344,0.69075
2000/12/3 0:00,0.7559641599655151,1.7964900732040405,0.865464,0.8243175745010376,0.12386,0.008959663100540638,0.6321943402290344,0.69075
2000/12/4 0:00,0.7559641599655151,1.7964900732040405,0.855249,0.8243175745010376,0.12387,0.00911261048167944,0.6289753913879395,0.68825
2000/12/5 0:00,0.7550264000892639,1.7964900732040405,0.85266,0.8243175745010376,0.123873,0.00911261048167944,0.6289753913879395,0.68305
2000/12/6 0:00,0.7550264000892639,1.7964900732040405,0.860303,0.8243175745010376,0.124323,0.008959663100540638,0.6321943402290344,0.674799
2000/12/7 0:00,0.7442651391029358,1.7964900732040405,0.856861,0.8243175745010376,0.123826,0.00911261048167944,0.6289753913879395,0.6721
2000/12/8 0:00,0.7442651391029358,1.7964900732040405,0.855945,0.8243175745010376,0.123879,0.00911261048167944,0.6289753913879395,0.67365
2000/12/9 0:00,0.7442651391029358,1.7964900732040405,0.85168,0.8243175745010376,0.123848,0.00911261048167944,0.6289753913879395,0.67245
2000/12/10 0:00,0.7550264000892639,1.7964900732040405,0.858074,0.8243175745010376,0.12391,0.00911261048167944,0.6289753913879395,0.68135
2000/12/11 0:00,0.7550264000892639,1.7964900732040405,0.858922,0.8243175745010376,0.123925,0.008959663100540638,0.6321943402290344,0.6835
2000/12/12 0:00,0.7550264000892639,1.7964900732040405,0.860733,0.8243175745010376,0.123913,0.008959663100540638,0.6321943402290344,0.6825
2000/12/13 0:00,0.7550264000892639,1.7964900732040405,0.855725,0.8243175745010376,0.123913,0.00911261048167944,0.6289753913879395,0.6827
2000/12/14 0:00,0.7550264000892639,1.7964900732040405,0.855725,0.8243175745010376,0.123913,0.00911261048167944,0.6289753913879395,0.6827
2000/12/15 0:00,0.7465210556983948,1.7964900732040405,0.864827,0.8243175745010376,0.123937,0.008959663100540638,0.6321943402290344,0.68625
2000/12/16 0:00,0.763515830039978,1.7964900732040405,0.870474,0.8243175745010376,0.123946,0.008959663100540638,0.6321943402290344,0.68735
2000/12/17 0:00,0.7465210556983948,1.7964900732040405,0.8604,0.8243175745010376,0.123982,0.008959663100540638,0.6321943402290344,0.68655
2000/12/18 0:00,0.7559641599655151,1.7964900732040405,0.857817,0.8243175745010376,0.123985,0.00911261048167944,0.6289753913879395,0.6907
2000/12/19 0:00,0.7539759874343872,1.7964900732040405,0.856311,0.8243175745010376,0.124006,0.00911261048167944,0.6289753913879395,0.69315
2000/12/20 0:00,0.7539759874343872,1.7964900732040405,0.859624,0.8243175745010376,0.124,0.008959663100540638,0.6321943402290344,0.69425
2000/12/21 0:00,0.7539759874343872,1.796109914779663,0.86285,0.8243175745010376,0.123946,0.008959663100540638,0.6321943402290344,0.6971
2000/12/22 0:00,0.7539759874343872,1.7964900732040405,0.86103,0.8243175745010376,0.123979,0.008959663100540638,0.6321943402290344,0.69355
2000/12/23 0:00,0.7539759874343872,1.842889428138733,0.862924,0.8243175745010376,0.123919,0.008959663100540638,0.6321943402290344,0.69885
2000/12/24 0:00,0.7539759874343872,1.796109914779663,0.862664,0.8243175745010376,0.123919,0.008959663100540638,0.6321943402290344,0.6974
2000/12/25 0:00,0.7539759874343872,1.842889428138733,0.862255,0.8243175745010376,0.123919,0.008959663100540638,0.6321943402290344,0.7
2000/12/26 0:00,0.7539759874343872,1.7964900732040405,0.863707,0.8243175745010376,0.123957,0.008959663100540638,0.6321943402290344,0.69525
2000/12/27 0:00,0.7574785351753235,1.8093303442001343,0.860511,0.776697039604187,0.123959,0.00891019869595766,0.611733,0.6883
2000/12/28 0:00,0.7474734783172607,1.76145,0.853497,0.776697039604187,0.123924,0.009063146077096462,0.613553,0.68685
2000/12/29 0:00,0.7559788227081299,1.7568,0.859254,0.776697039604187,0.123936,0.00891019869595766,0.612745,0.68175
2000/12/30 0:00,0.7507854104042053,1.77115,0.863483,0.776697039604187,0.124068,0.00891019869595766,0.614194,0.67905
2000/12/31 0:00,0.7507854104042053,1.77075,0.862329,0.776697039604187,0.124068,0.00891019869595766,0.614269,0.6783
2001/1/1 0:00,0.7507854104042053,1.77345,0.867039,0.776697039604187,0.124068,0.00891019869595766,0.615157,0.68165
2001/1/2 0:00,0.7507854104042053,1.7864,0.869452,0.776697039604187,0.124017,0.00891019869595766,0.616713,0.68375
2001/1/3 0:00,0.7507854104042053,1.7828,0.867228,0.776697039604187,0.124036,0.00891019869595766,0.615271,0.68295
2001/1/4 0:00,0.7422800660133362,1.78435,0.868432,0.7822511792182922,0.124026,0.00891019869595766,0.616029,0.68635
2001/1/5 0:00,0.7583370804786682,1.7812,0.870133,0.776697039604187,0.124031,0.00891019869595766,0.615101,0.68405
2001/1/6 0:00,0.7583370804786682,1.7688,0.87036,0.776697039604187,0.124035,0.00891019869595766,0.614364,0.6818
2001/1/7 0:00,0.7583370804786682,1.76725,0.87222,0.776697039604187,0.124035,0.00891019869595766,0.614024,0.682
2001/1/8 0:00,0.7729690670967102,1.7782,0.878233,0.776697039604187,0.124035,0.008819361217319965,0.616067,0.7007961273193359
2001/1/9 0:00,0.7798094749450684,1.77575,0.876732,0.7952088713645935,0.124035,0.00848,0.613572,0.7072441577911377
2001/1/10 0:00,0.7807090878486633,1.77815,0.873897,0.7952088713645935,0.124035,0.008437,0.611509,0.7081616520881653
2001/1/11 0:00,0.7807090878486633,1.76255,0.874049,0.7952088713645935,0.124035,0.008408,0.61177,0.7081616520881653
2001/1/12 0:00,0.7807090878486633,1.76255,0.872106,0.7952088713645935,0.124034,0.008408,0.611714,0.7081616520881653
2001/1/13 0:00,0.7859025001525879,1.76055,0.874279,0.7952088713645935,0.124131,0.008429,0.614364,0.7081616520881653
2001/1/14 0:00,0.7859025001525879,1.74685,0.872106,0.7952088713645935,0.124113,0.008396,0.613346,0.7155783176422119
2001/1/15 0:00,0.7859025001525879,1.745977,0.87167,0.7952088713645935,0.124051,0.008392,0.61304,0.7113357186317444
2001/1/16 0:00,0.778350830078125,1.7412,0.869338,0.7542331218719482,0.1249249130487442,0.00844,0.612632,0.6901775002479553
2001/1/17 0:00,0.7859025001525879,1.742943,0.870209,0.7542331218719482,0.1249249130487442,0.008448,0.613246,0.6995059251785278
2001/1/18 0:00,0.778350830078125,1.7443,0.863036,0.7542331218719482,0.1249249130487442,0.008484,0.615915,0.6995059251785278
2001/1/19 0:00,0.7743959426879883,1.7443,0.866251,0.765111,0.1249249130487442,0.008484,0.614779,0.6995059251785278
2001/1/20 0:00,0.7348989248275757,1.74325,0.8135468363761902,0.764468,0.1275615394115448,0.008508,0.614931,0.6688358187675476
2001/1/21 0:00,0.7348989248275757,1.74215,0.8135468363761902,0.764643,0.1275615394115448,0.008511,0.613987,0.6688358187675476
2001/1/22 0:00,0.7348989248275757,1.7359,0.8135468363761902,0.765199,0.1275615394115448,0.008507,0.614175,0.6688358187675476
2001/1/23 0:00,0.7348989248275757,1.7393,0.8135468363761902,0.762311,0.1275615394115448,0.008475,0.613234,0.6688358187675476
2001/1/24 0:00,0.7348989248275757,1.7389,0.8135468363761902,0.763417,0.1275615394115448,0.008505,0.61207,0.6688358187675476
2001/1/25 0:00,0.7348989248275757,1.74235,0.8135468363761902,0.763709,0.1275615394115448,0.008464,0.612314,0.6688358187675476
2001/1/26 0:00,0.7348989248275757,1.74235,0.8135468363761902,0.763417,0.1275615394115448,0.00847,0.612314,0.6688358187675476
2001/1/27 0:00,0.7348989248275757,1.7426,0.8135468363761902,0.764029,0.1275615394115448,0.008463,0.612783,0.6688358187675476
2001/1/28 0:00,0.7348989248275757,1.7441,0.8135468363761902,0.764468,0.1275615394115448,0.008446,0.61361,0.6688358187675476
2001/1/29 0:00,0.7348989248275757,1.7459,0.8135468363761902,0.764584,0.1275615394115448,0.00842,0.613346,0.6688358187675476
2001/1/30 0:00,0.7299681305885315,1.738944,0.8196590542793274,0.761538,0.12702631950378418,0.00858612172305584,0.610903,0.6688358187675476
2001/1/31 0:00,0.7299681305885315,1.7521,0.8196590542793274,0.764117,0.12702631950378418,0.00858612172305584,0.615271,0.6688358187675476
2001/2/1 0:00,0.7299681305885315,1.74065,0.8196590542793274,0.756744,0.12702631950378418,0.00858612172305584,0.615082,0.6688358187675476
2001/2/2 0:00,0.7299681305885315,1.7385,0.8196590542793274,0.755629,0.12702631950378418,0.00858612172305584,0.615972,0.6688358187675476
2001/2/3 0:00,0.7276196479797363,1.7534111738204956,0.8214545845985413,0.763475,0.12702631950378418,0.00858612172305584,0.617303,0.6688358187675476
2001/2/4 0:00,0.7276196479797363,1.7534111738204956,0.8214545845985413,0.761267,0.12702631950378418,0.00858612172305584,0.617589,0.6688358187675476
2001/2/5 0:00,0.7276196479797363,1.7534111738204956,0.8240551352500916,0.769645,0.12181307375431061,0.00878160074353218,0.619732,0.6614392995834351
2001/2/6 0:00,0.7276196479797363,1.7534111738204956,0.8240551352500916,0.769157,0.12181307375431061,0.00878160074353218,0.616903,0.6614392995834351
2001/2/7 0:00,0.7276196479797363,1.7534111738204956,0.8240551352500916,0.769157,0.12181307375431061,0.00878160074353218,0.616903,0.6614392995834351
2001/2/8 0:00,0.7276196479797363,1.7534111738204956,0.8240551352500916,0.773575,0.12181307375431061,0.008972308598458767,0.617151,0.6614392995834351
2001/2/9 0:00,0.7299681305885315,1.7496,0.8222596049308777,0.77006,0.12181307375431061,0.00878160074353218,0.61459,0.6614392995834351
2001/2/10 0:00,0.7299681305885315,1.7374,0.8196590542793274,0.761992,0.12702631950378418,0.00858612172305584,0.612877,0.6688358187675476
2001/2/11 0:00,0.7299681305885315,1.732203,0.8196590542793274,0.759713,0.12702631950378418,0.00858612172305584,0.611043,0.6688358187675476
2001/2/12 0:00,0.7299681305885315,1.73916,0.8196590542793274,0.762764,0.12702631950378418,0.00858612172305584,0.613497,0.6688358187675476
2001/2/13 0:00,0.7299681305885315,1.7357,0.8196590542793274,0.761035,0.12702631950378418,0.00858612172305584,0.61361,0.6688358187675476
2001/2/14 0:00,0.7299681305885315,1.7357,0.8196590542793274,0.761035,0.12702631950378418,0.00858612172305584,0.61361,0.6688358187675476
2001/2/15 0:00,0.7299681305885315,1.7278,0.8196590542793274,0.760052,0.12702631950378418,0.00858612172305584,0.614288,0.6688358187675476
2001/2/16 0:00,0.7299681305885315,1.7352,0.8196590542793274,0.76266,0.12702631950378418,0.00858612172305584,0.615271,0.6688358187675476
2001/2/17 0:00,0.7299681305885315,1.7465,0.8196590542793274,0.767725,0.12181307375431061,0.00858612172305584,0.616789,0.6638566851615906
2001/2/18 0:00,0.7299681305885315,1.748,0.8222596049308777,0.771664,0.12181307375431061,0.008972308598458767,0.617589,0.6614392995834351
2001/2/19 0:00,0.7299681305885315,1.7565,0.8222596049308777,0.775795,0.12181307375431061,0.008972308598458767,0.618353,0.6614392995834351
2001/2/20 0:00,0.7299681305885315,1.7562,0.8222596049308777,0.775434,0.12181307375431061,0.008972308598458767,0.619118,0.6614392995834351
2001/2/21 0:00,0.7445768117904663,1.7564,0.8722061514854431,0.775374,0.124504,0.008819361217319965,0.619118,0.6570044159889221
2001/2/22 0:00,0.7445768117904663,1.7551,0.8722061514854431,0.774204,0.124504,0.008819361217319965,0.618353,0.6570044159889221
2001/2/23 0:00,0.7445768117904663,1.75345,0.8722061514854431,0.772648,0.12451,0.008819361217319965,0.619003,0.6570044159889221
2001/2/24 0:00,0.7445768117904663,1.74735,0.8722061514854431,0.768787,0.124564,0.00878160074353218,0.617627,0.6594218015670776
2001/2/25 0:00,0.7445768117904663,1.74635,0.8722061514854431,0.765931,0.124552,0.00858612172305584,0.61862,0.6594218015670776
2001/2/26 0:00,0.7445768117904663,1.73395,0.8722061514854431,0.759474,0.124558,0.00858612172305584,0.616865,0.6594218015670776
2001/2/27 0:00,0.7445768117904663,1.74335,0.8722061514854431,0.762777,0.124535,0.00858612172305584,0.61717,0.6594218015670776
2001/2/28 0:00,0.7445768117904663,1.7437,0.8722061514854431,0.76365,0.124535,0.00858612172305584,0.618276,0.6594218015670776
2001/3/1 0:00,0.7445768117904663,1.748,0.8722061514854431,0.764438,0.124667,0.00858612172305584,0.617971,0.6594218015670776
2001/3/2 0:00,0.7445768117904663,1.7429,0.8722061514854431,0.763854,0.12467,0.00858612172305584,0.616257,0.6594218015670776
2001/3/3 0:00,0.7445768117904663,1.73525,0.8722061514854431,0.763563,0.124597,0.00858612172305584,0.616941,0.6594218015670776
2001/3/4 0:00,0.7445768117904663,1.728337,0.8722061514854431,0.760521,0.1241,0.00858612172305584,0.614483,0.6594218015670776
2001/3/5 0:00,0.7445768117904663,1.7375,0.8722061514854431,0.76646,0.124727,0.00858612172305584,0.618774,0.6594218015670776
2001/3/6 0:00,0.7445768117904663,1.73745,0.8722061514854431,0.766518,0.124727,0.00858612172305584,0.618869,0.6594218015670776
2001/3/7 0:00,0.7445768117904663,1.7356,0.8722061514854431,0.766284,0.124727,0.00858612172305584,0.617932,0.6594218015670776
2001/3/8 0:00,0.7445768117904663,1.73925,0.8722061514854431,0.766401,0.124673,0.00858612172305584,0.619118,0.6594218015670776
2001/3/9 0:00,0.7591571807861328,1.75505,0.8722061514854431,0.774533,0.124733,0.008819361217319965,0.621697,0.6842310428619385
2001/3/10 0:00,0.7591571807861328,1.752,0.8722061514854431,0.778938,0.124828,0.008819361217319965,0.621736,0.6842310428619385
2001/3/11 0:00,0.7591571807861328,1.7507,0.8722061514854431,0.773769,0.124875,0.008819361217319965,0.6222,0.6842310428619385
2001/3/12 0:00,0.7591571807861328,1.7421,0.8722061514854431,0.768403,0.124814,0.00878160074353218,0.622181,0.6729024648666382
2001/3/13 0:00,0.7591571807861328,1.7421,0.8722061514854431,0.768433,0.124814,0.00878160074353218,0.622142,0.6729024648666382
2001/3/14 0:00,0.7507845163345337,1.74365,0.870663,0.769349,0.124814,0.00878160074353218,0.622471,0.6753493547439575
2001/3/15 0:00,0.7445768117904663,1.74265,0.8722061514854431,0.767077,0.1249,0.00858612172305584,0.619963,0.6594218015670776
2001/3/16 0:00,0.7591571807861328,1.749649,0.8722061514854431,0.770158,0.125402,0.00878160074353218,0.622453,0.6798135042190552
2001/3/17 0:00,0.7445768117904663,1.75095,0.8722061514854431,0.770149,0.124814,0.00878160074353218,0.62004,0.6570044159889221
2001/3/18 0:00,0.7539637684822083,1.7711,0.8722061514854431,0.781769,0.124712,0.008819361217319965,0.624551,0.6768448352813721
2001/3/19 0:00,0.7539637684822083,1.7825,0.888592541217804,0.78796,0.124626,0.008819361217319965,0.625117,0.6469599008560181
2001/3/20 0:00,0.7539637684822083,1.78915,0.888592541217804,0.788084,0.124789,0.008819361217319965,0.625606,0.6469599008560181
2001/3/21 0:00,0.7539637684822083,1.7792,0.888592541217804,0.78235,0.124789,0.008819361217319965,0.625665,0.6469599008560181
2001/3/22 0:00,0.7539637684822083,1.78315,0.888592541217804,0.784221,0.124735,0.008819361217319965,0.626861,0.6469599008560181
2001/3/23 0:00,0.7539637684822083,1.78315,0.888592541217804,0.781494,0.124735,0.008819361217319965,0.626861,0.6469599008560181
2001/3/24 0:00,0.7539637684822083,1.78665,0.8895637392997742,0.7857,0.124735,0.008819361217319965,0.628536,0.6469599008560181
2001/3/25 0:00,0.7539637684822083,1.78645,0.8895637392997742,0.787743,0.124743,0.008819361217319965,0.630279,0.6469599008560181
2001/3/26 0:00,0.7539637684822083,1.78805,0.8895637392997742,0.788364,0.124813,0.008819361217319965,0.629129,0.6469599008560181
2001/3/27 0:00,0.7539637684822083,1.7854,0.8895637392997742,0.78734,0.124715,0.008819361217319965,0.629604,0.6469599008560181
2001/3/28 0:00,0.7539637684822083,1.80115,0.8895637392997742,0.79384,0.124732,0.008819361217319965,0.631552,0.6469599008560181
2001/3/29 0:00,0.7539637684822083,1.8257,0.8922269344329834,0.807298,0.124783,0.008819361217319965,0.632351,0.6469599008560181
2001/3/30 0:00,0.7539637684822083,1.8257,0.8922269344329834,0.807298,0.124783,0.008819361217319965,0.632351,0.6469599008560181
2001/3/31 0:00,0.7539637684822083,1.823925,0.8922269344329834,0.806582,0.124783,0.008819361217319965,0.632551,0.6469599008560181
2001/4/1 0:00,0.7539637684822083,1.8231,0.8895637392997742,0.804764,0.124783,0.008819361217319965,0.633032,0.6469599008560181
2001/4/2 0:00,0.7436979413032532,1.866015076637268,0.8922924399375916,0.809487,0.124783,0.00891019869595766,0.6348,0.6404
2001/4/3 0:00,0.7436979413032532,1.866015076637268,0.8922924399375916,0.808489,0.124783,0.00891019869595766,0.6348,0.63995
2001/4/4 0:00,0.7436979413032532,1.866015076637268,0.8922924399375916,0.814233,0.124783,0.00891019869595766,0.633593,0.64
2001/4/5 0:00,0.7436979413032532,1.866015076637268,0.8922924399375916,0.814332,0.124783,0.00891019869595766,0.636517,0.64245
2001/4/6 0:00,0.7436979413032532,1.866015076637268,0.8922924399375916,0.815594,0.124783,0.00891019869595766,0.636476,0.64145
2001/4/7 0:00,0.7436979413032532,1.866015076637268,0.8922924399375916,0.816693,0.124783,0.00891019869595766,0.637531,0.6424
2001/4/8 0:00,0.7436979413032532,1.742738962173462,0.8929808735847473,0.813223,0.124891,0.00891019869595766,0.637999,0.6325
2001/4/9 0:00,0.7436979413032532,1.8641719818115234,0.8951378464698792,0.819252,0.124919,0.00891019869595766,0.637857,0.63105
2001/4/10 0:00,0.7436979413032532,1.742738962173462,0.8929808735847473,0.818599,0.124945,0.00891019869595766,0.638284,0.6219
2001/4/11 0:00,0.7436979413032532,1.742738962173462,0.8929808735847473,0.825491,0.124938,0.009046531282365322,0.638978,0.63185
2001/4/12 0:00,0.7436979413032532,1.8641719818115234,0.8951378464698792,0.835422,0.124899,0.008959663100540638,0.637389,0.62495
2001/4/13 0:00,0.7436979413032532,1.8355143070220947,0.8951378464698792,0.826037,0.124875,0.008959663100540638,0.632531,0.621
2001/4/14 0:00,0.7436979413032532,1.8641719818115234,0.8951378464698792,0.827712,0.124953,0.008959663100540638,0.635728,0.6259
2001/4/15 0:00,0.7436979413032532,1.8355143070220947,0.8951378464698792,0.824385,0.124984,0.008959663100540638,0.632651,0.62265
2001/4/16 0:00,0.7436979413032532,1.8641719818115234,0.8951378464698792,0.828947,0.124838,0.008959663100540638,0.633834,0.6226
2001/4/17 0:00,0.7436979413032532,1.8373574018478394,0.8951378464698792,0.820446,0.124688,0.00891019869595766,0.629525,0.6183
2001/4/18 0:00,0.7436979413032532,1.8373574018478394,0.8951378464698792,0.829359,0.124595,0.008959663100540638,0.630199,0.62245
2001/4/19 0:00,0.7436979413032532,1.8373574018478394,0.8951378464698792,0.826344,0.124688,0.008959663100540638,0.629445,0.62445
2001/4/20 0:00,0.7477136850357056,1.8699,0.8922924399375916,0.821659,0.124688,0.008959663100540638,0.630239,0.6341
2001/4/21 0:00,0.7477136850357056,1.8742,0.8922924399375916,0.821794,0.124688,0.008959663100540638,0.633653,0.6397
2001/4/22 0:00,0.7379425764083862,1.85615,0.8730542659759521,0.814863,0.124611,0.00891019869595766,0.632351,0.6329
2001/4/23 0:00,0.7379425764083862,1.85615,0.8730542659759521,0.814863,0.124611,0.00891019869595766,0.632351,0.6329
2001/4/24 0:00,0.7477136850357056,1.85875,0.8922924399375916,0.815927,0.124611,0.00891019869595766,0.632971,0.63455
2001/4/25 0:00,0.7477136850357056,1.8597,0.8922924399375916,0.816993,0.124648,0.00891019869595766,0.632391,0.63535
2001/4/26 0:00,0.7477136850357056,1.88215,0.8922924399375916,0.82481,0.124502,0.008959663100540638,0.633513,0.6391
2001/4/27 0:00,0.7513664960861206,1.86875,0.907812,0.82021,0.124626,0.00891019869595766,0.633112,0.63325
2001/4/28 0:00,0.7475758194923401,1.7631,0.874814,0.773664,0.124035,0.00891019869595766,0.612108,0.632053
2001/4/29 0:00,0.7513664960861206,1.88055,0.907688,0.827541,0.124642,0.008959663100540638,0.633633,0.6303
2001/4/30 0:00,0.7513664960861206,1.88055,0.908265,0.827609,0.124642,0.008959663100540638,0.635506,0.6303
2001/5/1 0:00,0.7513664960861206,1.8831,0.9081,0.828912,0.124642,0.008959663100540638,0.635445,0.6324
2001/5/2 0:00,0.7540775537490845,1.8716,0.903914,0.827301,0.124642,0.008959663100540638,0.633473,0.63225
2001/5/3 0:00,0.740775,1.8621,0.898674,0.823181,0.124805,0.008959663100540638,0.632191,0.62845
2001/5/4 0:00,0.74185,1.8562,0.899564,0.818867,0.124735,0.00891019869595766,0.630517,0.62975
2001/5/5 0:00,0.74275,1.8438,0.891782,0.811063,0.124712,0.00891019869595766,0.628654,0.62605
2001/5/6 0:00,0.74785,1.8405,0.903424,0.811194,0.124825,0.00891019869595766,0.627077,0.6323
2001/5/7 0:00,0.74345,1.8421,0.910788,0.8108,0.12475,0.00891019869595766,0.626645,0.62665
2001/5/8 0:00,0.73715,1.83425,0.898836,0.80694,0.124642,0.00891019869595766,0.625274,0.61975
2001/5/9 0:00,0.737025,1.799532175064087,0.897868,0.811458,0.124992,0.008692,0.626999,0.62295
2001/5/10 0:00,0.7435,1.799532175064087,0.899523,0.813438,0.124986,0.008723,0.629882,0.62415
2001/5/11 0:00,0.7389,1.799532175064087,0.890908,0.810274,0.125027,0.008682,0.626625,0.6171
2001/5/12 0:00,0.7674280405044556,1.799532175064087,0.890591,0.81057,0.125027,0.008681,0.626625,0.6941013336181641
2001/5/13 0:00,0.7674280405044556,1.799532175064087,0.89075,0.811622,0.125027,0.008666,0.626822,0.6941013336181641
2001/5/14 0:00,0.7674280405044556,1.799532175064087,0.891027,0.804829,0.12488,0.008653,0.626213,0.6941013336181641
2001/5/15 0:00,0.7674280405044556,1.8541704416275024,0.895656,0.807999,0.124955,0.008819361217319965,0.628694,0.6941013336181641
2001/5/16 0:00,0.7674280405044556,1.8541704416275024,0.902161,0.810504,0.124984,0.008819361217319965,0.629426,0.6941013336181641
2001/5/17 0:00,0.7674280405044556,1.8541704416275024,0.893176,0.80457,0.125055,0.008819361217319965,0.626272,0.6941013336181641
2001/5/18 0:00,0.7674280405044556,1.8541704416275024,0.890591,0.801025,0.125003,0.008819361217319965,0.62541,0.6941013336181641
2001/5/19 0:00,0.7674280405044556,1.8541704416275024,0.890036,0.801828,0.125003,0.008819361217319965,0.62543,0.6941013336181641
2001/5/20 0:00,0.7674280405044556,1.8541704416275024,0.891385,0.800865,0.125003,0.008819361217319965,0.625567,0.6941013336181641
2001/5/21 0:00,0.7674280405044556,1.8541704416275024,0.891782,0.805883,0.124969,0.008819361217319965,0.626115,0.6941013336181641
2001/5/22 0:00,0.7674280405044556,1.8541704416275024,0.890353,0.804279,0.125023,0.008819361217319965,0.626194,0.6941013336181641
2001/5/23 0:00,0.7674280405044556,1.8541704416275024,0.889798,0.801957,0.125023,0.008819361217319965,0.625195,0.6941013336181641
2001/5/24 0:00,0.7674280405044556,1.8541704416275024,0.900657,0.808669,0.125063,0.008819361217319965,0.628299,0.6941013336181641
2001/5/25 0:00,0.7674280405044556,1.8541704416275024,0.895616,0.817461,0.125117,0.008819361217319965,0.631812,0.6941013336181641
2001/5/26 0:00,0.7674280405044556,1.8541704416275024,0.896178,0.817428,0.125117,0.008819361217319965,0.631632,0.6941013336181641
2001/5/27 0:00,0.7674280405044556,1.8541704416275024,0.899159,0.817027,0.124997,0.008819361217319965,0.632591,0.6941013336181641
2001/5/28 0:00,0.7674280405044556,1.8541704416275024,0.902039,0.81666,0.12512,0.008819361217319965,0.632251,0.6941013336181641
2001/5/29 0:00,0.7674280405044556,1.8541704416275024,0.899038,0.811326,0.125063,0.008819361217319965,0.630517,0.6941013336181641
2001/5/30 0:00,0.7674280405044556,1.8541704416275024,0.899321,0.81367,0.125063,0.008819361217319965,0.632391,0.6941013336181641
2001/5/31 0:00,0.7717540860176086,1.8344982862472534,0.896941,0.8112742304801941,0.125227,0.008819361217319965,0.635486,0.6941013336181641
2001/6/1 0:00,0.778049111366272,1.8632307052612305,0.8867228627204895,0.8066710829734802,0.125169,0.008819361217319965,0.633513,0.7034887671470642
2001/6/2 0:00,0.778049111366272,1.8632307052612305,0.8867228627204895,0.8066710829734802,0.125133,0.008819361217319965,0.633553,0.7034887671470642
2001/6/3 0:00,0.778049111366272,1.8345730304718018,0.8867228627204895,0.8063987493515015,0.125063,0.008819361217319965,0.631732,0.7034887671470642
2001/6/4 0:00,0.7568086981773376,1.8355143070220947,0.8922269344329834,0.813223,0.125119,0.008819361217319965,0.630358,0.655841588973999
2001/6/5 0:00,0.7568086981773376,1.8355143070220947,0.8922269344329834,0.81011,0.125078,0.008819361217319965,0.629624,0.655841588973999
2001/6/6 0:00,0.7568086981773376,1.8355143070220947,0.888592541217804,0.801186,0.125023,0.008819361217319965,0.628042,0.655841588973999
2001/6/7 0:00,0.7568086981773376,1.8355143070220947,0.888592541217804,0.797035,0.125023,0.008819361217319965,0.627471,0.655841588973999
2001/6/8 0:00,0.7568086981773376,1.8355143070220947,0.8895637392997742,0.801828,0.124938,0.008819361217319965,0.629901,0.655841588973999
2001/6/9 0:00,0.7568086981773376,1.8355143070220947,0.8895637392997742,0.804133,0.125109,0.008819361217319965,0.630418,0.655841588973999
2001/6/10 0:00,0.7568086981773376,1.8355143070220947,0.8908431529998779,0.807103,0.125269,0.008819361217319965,0.631293,0.655841588973999
2001/6/11 0:00,0.7568086981773376,1.8355143070220947,0.8895637392997742,0.800993,0.125194,0.008819361217319965,0.629941,0.655841588973999
2001/6/12 0:00,0.7552724480628967,1.8541704416275024,0.875925,0.797925,0.125192,0.008819361217319965,0.630438,0.6595969796180725
2001/6/13 0:00,0.7674280405044556,1.8541704416275024,0.881562,0.806192,0.125243,0.008819361217319965,0.633132,0.6941013336181641
2001/6/14 0:00,0.7710848450660706,1.8565,0.880398,0.807379,0.125392,0.008819361217319965,0.632551,0.6941013336181641
2001/6/15 0:00,0.7710848450660706,1.86255,0.884056,0.811754,0.125455,0.008819361217319965,0.633613,0.6941013336181641
2001/6/16 0:00,0.7710848450660706,1.86255,0.884017,0.811754,0.125455,0.008819361217319965,0.633613,0.6941013336181641
2001/6/17 0:00,0.7710848450660706,1.86295,0.88433,0.811359,0.125455,0.008819361217319965,0.633012,0.6941013336181641
2001/6/18 0:00,0.7710848450660706,1.86665,0.884447,0.811524,0.125471,0.008819361217319965,0.633052,0.6941013336181641
2001/6/19 0:00,0.7710848450660706,1.8772,0.88433,0.815661,0.1254,0.008819361217319965,0.633633,0.6910484433174133
2001/6/20 0:00,0.7710848450660706,1.87605,0.887508,0.8108,0.125463,0.008819361217319965,0.632011,0.6910484433174133
2001/6/21 0:00,0.7710848450660706,1.8868,0.889363,0.812381,0.125392,0.008819361217319965,0.633533,0.6910484433174133
2001/6/22 0:00,0.7540775537490845,1.90735,0.887469,0.818498,0.125345,0.00891019869595766,0.635869,0.6244
2001/6/23 0:00,0.7540775537490845,1.90735,0.887272,0.817695,0.125345,0.00891019869595766,0.635869,0.62525
2001/6/24 0:00,0.7540775537490845,1.9073,0.887745,0.818699,0.125345,0.00891019869595766,0.636314,0.627
2001/6/25 0:00,0.7540775537490845,1.90565,0.893615,0.815378,0.125494,0.00891019869595766,0.635364,0.62455
2001/6/26 0:00,0.7540775537490845,1.8997,0.889205,0.811952,0.125423,0.00891019869595766,0.633814,0.62495
2001/6/27 0:00,0.753331184387207,1.8693023920059204,0.892379,0.815561,0.12536,0.00891019869595766,0.63597,0.63365
2001/6/28 0:00,0.753331184387207,1.8693023920059204,0.88743,0.80993,0.125458,0.00891019869595766,0.636578,0.634325
2001/6/29 0:00,0.753331184387207,1.8541704416275024,0.888612,0.803406,0.125349,0.00891019869595766,0.633252,0.63375
2001/6/30 0:00,0.753331184387207,1.8541704416275024,0.888612,0.806094,0.125349,0.00891019869595766,0.633252,0.635
2001/7/1 0:00,0.753331184387207,1.8541704416275024,0.88964,0.806809,0.125349,0.00891019869595766,0.633433,0.63635
2001/7/2 0:00,0.753331184387207,1.8541704416275024,0.887272,0.805915,0.125251,0.00891019869595766,0.632371,0.6309
2001/7/3 0:00,0.753331184387207,1.8693023920059204,0.89071,0.808571,0.124977,0.00891019869595766,0.633714,0.63595
2001/7/4 0:00,0.753331184387207,1.8693023920059204,0.893416,0.814166,0.125183,0.00891019869595766,0.634961,0.64095
2001/7/5 0:00,0.753331184387207,1.8693023920059204,0.889838,0.811326,0.125329,0.00891019869595766,0.634659,0.63975
2001/7/6 0:00,0.753331184387207,1.8693023920059204,0.889166,0.811425,0.125384,0.00891019869595766,0.635566,0.63925
2001/7/7 0:00,0.7540775537490845,1.88155,0.889166,0.811425,0.125384,0.00891019869595766,0.635566,0.63925
2001/7/8 0:00,0.7540775537490845,1.88265,0.888691,0.811853,0.125384,0.00891019869595766,0.635607,0.6384
2001/7/9 0:00,0.7540775537490845,1.8913,0.893455,0.815611,0.125496,0.00891019869595766,0.635607,0.6402
2001/7/10 0:00,0.7540775537490845,1.8883,0.896338,0.810012,0.125496,0.00891019869595766,0.635385,0.6384
2001/7/11 0:00,0.7540775537490845,1.8917,0.898998,0.808898,0.125472,0.00891019869595766,0.634256,0.6354
2001/7/12 0:00,0.7540775537490845,1.886042,0.896309,0.806478,0.125097,0.00891019869595766,0.632359,0.6335
2001/7/13 0:00,0.753331184387207,1.8541704416275024,0.90151,0.806582,0.125371,0.00891019869595766,0.632471,0.63665
2001/7/14 0:00,0.75765,1.8541704416275024,0.90086,0.806744,0.125371,0.008819361217319965,0.632931,0.655841588973999
2001/7/15 0:00,0.75715,1.8541704416275024,0.901998,0.807265,0.125371,0.008819361217319965,0.633072,0.655841588973999
2001/7/16 0:00,0.75955,1.8693023920059204,0.899402,0.810471,0.125483,0.008819361217319965,0.634236,0.6527886986732483
2001/7/17 0:00,0.7632,1.8693023920059204,0.902731,0.814481,0.125592,0.008819361217319965,0.635687,0.6910484433174133
2001/7/18 0:00,0.76235,1.8693023920059204,0.901104,0.814233,0.125649,0.008819361217319965,0.635405,0.6910484433174133
2001/7/19 0:00,0.7639,1.8344982862472534,0.905264,0.8112742304801941,0.125709,0.008819361217319965,0.635708,0.6941013336181641
2001/7/20 0:00,0.76705,1.8344982862472534,0.905961,0.8112742304801941,0.125736,0.008819361217319965,0.635506,0.6941013336181641
2001/7/21 0:00,0.76705,1.8344982862472534,0.905961,0.8112742304801941,0.125736,0.008819361217319965,0.635506,0.6941013336181641
2001/7/22 0:00,0.76875,1.8344982862472534,0.9051,0.8112742304801941,0.125736,0.008819361217319965,0.63745,0.6941013336181641
2001/7/23 0:00,0.77085,1.8344982862472534,0.903057,0.8112742304801941,0.125937,0.008819361217319965,0.637491,0.6941013336181641
2001/7/24 0:00,0.77075,1.8344982862472534,0.899726,0.8112742304801941,0.125929,0.008819361217319965,0.637633,0.6941013336181641
2001/7/25 0:00,0.76705,1.8344982862472534,0.90465,0.8112742304801941,0.125876,0.008819361217319965,0.637369,0.6941013336181641
2001/7/26 0:00,0.75805,1.8344982862472534,0.900455,0.8098953366279602,0.125929,0.008819361217319965,0.636659,0.655841588973999
2001/7/27 0:00,0.75395,1.8344982862472534,0.892658,0.8098953366279602,0.125818,0.008819361217319965,0.635506,0.6469599008560181
2001/7/28 0:00,0.7539,1.8344982862472534,0.892499,0.8098953366279602,0.125818,0.008819361217319965,0.635506,0.6469599008560181
2001/7/29 0:00,0.75295,1.8344982862472534,0.891902,0.8098953366279602,0.125818,0.008819361217319965,0.63597,0.6469599008560181
2001/7/30 0:00,0.751175,1.8344982862472534,0.891782,0.8098953366279602,0.12572,0.008819361217319965,0.634659,0.6469599008560181
2001/7/31 0:00,0.7526,1.8344982862472534,0.892977,0.8098953366279602,0.125826,0.008819361217319965,0.633754,0.6469599008560181
2001/8/1 0:00,0.75265,1.7383915185928345,0.892977,0.8019188642501831,0.125818,0.008504,0.634578,0.6536
2001/8/2 0:00,0.75325,1.7232595682144165,0.894095,0.8096230030059814,0.125849,0.008494,0.632111,0.65805
2001/8/3 0:00,0.75305,1.7232595682144165,0.892897,0.8096230030059814,0.125873,0.008515,0.631532,0.66235
2001/8/4 0:00,0.7518,1.7199262380599976,0.892897,0.7657252550125122,0.13332605361938477,0.008522,0.632051,0.6628
2001/8/5 0:00,0.7527,1.7199262380599976,0.892698,0.7657252550125122,0.13332605361938477,0.008484,0.631672,0.663125
2001/8/6 0:00,0.75505,1.7199262380599976,0.894654,0.7657252550125122,0.13332605361938477,0.008477,0.629862,0.66265
2001/8/7 0:00,0.75225,1.7199262380599976,0.886446,0.7599807381629944,0.13332605361938477,0.008506,0.628615,0.659
2001/8/8 0:00,0.75625,1.7199262380599976,0.886721,0.7625010013580322,0.13332605361938477,0.008533,0.631453,0.6597
2001/8/9 0:00,0.756825,1.724037528038025,0.8625013828277588,0.7547968626022339,0.13332605361938477,0.008603,0.632551,0.66105
2001/8/10 0:00,0.75125,1.724037528038025,0.8625013828277588,0.7625010013580322,0.13332605361938477,0.008568,0.631094,0.66105
2001/8/11 0:00,0.74925,1.724037528038025,0.8625013828277588,0.7625010013580322,0.13332605361938477,0.008574,0.631373,0.66185
2001/8/12 0:00,0.75425,1.724037528038025,0.8523844480514526,0.7625010013580322,0.13332605361938477,0.00859,0.630835,0.66995
2001/8/13 0:00,0.7516,1.709677815437317,0.864536464214325,0.7584273219108582,0.12502647936344147,0.00854,0.618207573890686,0.65975
2001/8/14 0:00,0.7511,1.709677815437317,0.864536464214325,0.7584273219108582,0.12502647936344147,0.008521,0.618207573890686,0.6584
2001/8/15 0:00,0.7473,1.709677815437317,0.864536464214325,0.7584273219108582,0.12502647936344147,0.008485,0.618207573890686,0.65155
2001/8/16 0:00,0.746,1.709677815437317,0.864536464214325,0.7584273219108582,0.12502647936344147,0.008471,0.618207573890686,0.6527
2001/8/17 0:00,0.746,1.709677815437317,0.864536464214325,0.7584273219108582,0.12502647936344147,0.008471,0.618207573890686,0.6527
2001/8/18 0:00,0.74525,1.709677815437317,0.864536464214325,0.7584273219108582,0.12502647936344147,0.008462,0.618207573890686,0.65145
2001/8/19 0:00,0.74755,1.709677815437317,0.864536464214325,0.7584273219108582,0.12502647936344147,0.0085,0.618207573890686,0.65765
2001/8/20 0:00,0.74375,1.709677815437317,0.864536464214325,0.7584273219108582,0.12502647936344147,0.008471,0.618207573890686,0.6585
2001/8/21 0:00,0.74585,1.709677815437317,0.8544195294380188,0.7584273219108582,0.12502647936344147,0.008497,0.618207573890686,0.66425
2001/8/22 0:00,0.74555,1.709677815437317,0.864536464214325,0.7584273219108582,0.12502647936344147,0.008488,0.618207573890686,0.662125
2001/8/23 0:00,0.74255,1.7112078666687012,0.864536464214325,0.7584273219108582,0.12502647936344147,0.008402,0.618207573890686,0.65885
2001/8/24 0:00,0.7434,1.7112078666687012,0.864536464214325,0.7584273219108582,0.12502647936344147,0.008402,0.618207573890686,0.6596
2001/8/25 0:00,0.74225,1.7112078666687012,0.864536464214325,0.7584273219108582,0.12502647936344147,0.008413,0.618207573890686,0.65565
2001/8/26 0:00,0.74425,1.7112078666687012,0.864536464214325,0.7584273219108582,0.12502647936344147,0.008402,0.618207573890686,0.6586
2001/8/27 0:00,0.74425,1.7112078666687012,0.864536464214325,0.7584273219108582,0.12502647936344147,0.008357,0.618207573890686,0.6606
2001/8/28 0:00,0.74235,1.7112078666687012,0.864536464214325,0.7584273219108582,0.1308119297027588,0.008353,0.6225998997688293,0.65905
2001/8/29 0:00,0.75125,1.7112078666687012,0.864536464214325,0.7584273219108582,0.12502647936344147,0.008384,0.618207573890686,0.658875
2001/8/30 0:00,0.750625,1.7112078666687012,0.864536464214325,0.7584273219108582,0.1308119297027588,0.008352,0.6225998997688293,0.6572
2001/8/31 0:00,0.75395,1.7112078666687012,0.864536464214325,0.7584273219108582,0.12502647936344147,0.008405,0.619613766670227,0.66065
2001/9/1 0:00,0.75335,1.7112078666687012,0.8544195294380188,0.7584273219108582,0.12502647936344147,0.008425,0.619613766670227,0.66335
2001/9/2 0:00,0.7551,1.7112078666687012,0.8544195294380188,0.7584273219108582,0.12502647936344147,0.008412,0.619613766670227,0.6637
2001/9/3 0:00,0.75895,1.709677815437317,0.8544195294380188,0.7584273219108582,0.12502647936344147,0.008449,0.619613766670227,0.6675
2001/9/4 0:00,0.7578,1.7112078666687012,0.8544195294380188,0.7584273219108582,0.12502647936344147,0.008422,0.619613766670227,0.6674
2001/9/5 0:00,0.75835,1.7112078666687012,0.8544195294380188,0.7584273219108582,0.12502647936344147,0.008422,0.619613766670227,0.6674
2001/9/6 0:00,0.7597,1.7112078666687012,0.8544195294380188,0.7584273219108582,0.12502647936344147,0.008429,0.619613766670227,0.66835
2001/9/7 0:00,0.7576,1.7112078666687012,0.8544195294380188,0.7584273219108582,0.12502647936344147,0.008382,0.619613766670227,0.6636
2001/9/8 0:00,0.7588,1.7112078666687012,0.864536464214325,0.7584273219108582,0.12502647936344147,0.008385,0.619613766670227,0.66095
2001/9/9 0:00,0.76145,1.7112078666687012,0.864536464214325,0.7584273219108582,0.12502647936344147,0.008411,0.619613766670227,0.65745
2001/9/10 0:00,0.7571780681610107,1.7112078666687012,0.864536464214325,0.7584273219108582,0.12502647936344147,0.008432,0.619613766670227,0.65755
2001/9/11 0:00,0.7571780681610107,1.709677815437317,0.864536464214325,0.7584273219108582,0.12502647936344147,0.008503,0.619613766670227,0.66025
2001/9/12 0:00,0.7571780681610107,1.709677815437317,0.864536464214325,0.7584273219108582,0.12502647936344147,0.008503,0.619613766670227,0.6618
2001/9/13 0:00,0.7571780681610107,1.709677815437317,0.864536464214325,0.7584273219108582,0.12502647936344147,0.008507,0.619613766670227,0.6622
2001/9/14 0:00,0.7571780681610107,1.709677815437317,0.8544195294380188,0.7584273219108582,0.12502647936344147,0.008497,0.619613766670227,0.66545
2001/9/15 0:00,0.7571780681610107,1.709677815437317,0.8544195294380188,0.7584273219108582,0.12502647936344147,0.008557,0.619613766670227,0.67075
2001/9/16 0:00,0.7571780681610107,1.709677815437317,0.8544195294380188,0.7584273219108582,0.12502647936344147,0.008529,0.619613766670227,0.67185
2001/9/17 0:00,0.7571780681610107,1.709677815437317,0.8544195294380188,0.7584273219108582,0.12502647936344147,0.008532,0.619613766670227,0.67355
2001/9/18 0:00,0.7571780681610107,1.709677815437317,0.8544195294380188,0.7584273219108582,0.12502647936344147,0.008474,0.619613766670227,0.67
2001/9/19 0:00,0.7571780681610107,1.709677815437317,0.8544195294380188,0.7584273219108582,0.12502647936344147,0.008474,0.619613766670227,0.66975
2001/9/20 0:00,0.7571780681610107,1.709677815437317,0.8544195294380188,0.7584273219108582,0.12502647936344147,0.008474,0.619613766670227,0.6696
2001/9/21 0:00,0.7620974183082581,1.709677815437317,0.845436692237854,0.7584273219108582,0.12408064305782318,0.008458,0.605956494808197,0.668890655040741
2001/9/22 0:00,0.7620974183082581,1.709677815437317,0.845436692237854,0.7584273219108582,0.12408064305782318,0.008492,0.605956494808197,0.668890655040741
2001/9/23 0:00,0.8378592133522034,1.6387056112289429,0.914054274559021,0.9338141679763794,0.1464240401983261,0.009617255069315434,0.6981909275054932,0.6933176517486572
2001/9/24 0:00,0.8378592133522034,1.6387056112289429,0.914054274559021,0.9338141679763794,0.1464240401983261,0.009617255069315434,0.6981909275054932,0.6933176517486572
2001/9/25 0:00,0.8378592133522034,1.6387056112289429,0.914054274559021,0.9338141679763794,0.1464240401983261,0.009617255069315434,0.6981909275054932,0.6933176517486572
2001/9/26 0:00,0.8378592133522034,1.6387056112289429,0.914054274559021,0.9338141679763794,0.1464240401983261,0.009617255069315434,0.6981909275054932,0.6933176517486572
2001/9/27 0:00,0.7620974183082581,1.709677815437317,0.845436692237854,0.7584273219108582,0.12408064305782318,0.008523,0.605956494808197,0.668890655040741
2001/9/28 0:00,0.764,1.709677815437317,0.845436692237854,0.7584273219108582,0.12408064305782318,0.008492,0.605956494808197,0.668890655040741
2001/9/29 0:00,0.7659,1.709677815437317,0.845436692237854,0.7677169442176819,0.12408064305782318,0.008502,0.6157167553901672,0.6606454253196716
2001/9/30 0:00,0.76465,1.709677815437317,0.845436692237854,0.7677169442176819,0.12408064305782318,0.008477,0.6157167553901672,0.6606454253196716
2001/10/1 0:00,0.76635,1.709677815437317,0.845436692237854,0.7677169442176819,0.12408064305782318,0.008458,0.6157167553901672,0.6606454253196716
2001/10/2 0:00,0.7685,1.709677815437317,0.845436692237854,0.7677169442176819,0.12408064305782318,0.008507,0.6157167553901672,0.6606454253196716
2001/10/3 0:00,0.76895,1.709677815437317,0.845436692237854,0.7677169442176819,0.12408064305782318,0.008492,0.6157167553901672,0.6606454253196716
2001/10/4 0:00,0.76945,1.709677815437317,0.845436692237854,0.7677169442176819,0.12408064305782318,0.008483,0.6157167553901672,0.6606454253196716
2001/10/5 0:00,0.77055,1.709677815437317,0.845436692237854,0.7677169442176819,0.12408064305782318,0.008475,0.6157167553901672,0.6606454253196716
2001/10/6 0:00,0.77085,1.89935,0.872372,0.7677169442176819,0.12481485307216644,0.008486,0.6157167553901672,0.6943610906600952
2001/10/7 0:00,0.7749,1.91385,0.875887,0.7677169442176819,0.12526246905326843,0.008563,0.6157167553901672,0.7037485241889954
2001/10/8 0:00,0.77555,1.9153,0.87512,0.7677169442176819,0.12526246905326843,0.00859,0.6157167553901672,0.7037485241889954
2001/10/9 0:00,0.7781,1.9326,0.881368,0.7677169442176819,0.12526246905326843,0.008628,0.6157167553901672,0.7037485241889954
2001/10/10 0:00,0.78015,1.93915,0.881951,0.7677169442176819,0.12526246905326843,0.008649,0.6157167553901672,0.7037485241889954
2001/10/11 0:00,0.7788,1.9391,0.882651,0.7677169442176819,0.12526246905326843,0.008623,0.6157167553901672,0.7037485241889954
2001/10/12 0:00,0.78345,1.95335,0.883275,0.7677169442176819,0.12526246905326843,0.008634,0.6157167553901672,0.7037485241889954
2001/10/13 0:00,0.784,1.9459,0.87831,0.7677169442176819,0.12526246905326843,0.00859,0.6157167553901672,0.7037485241889954
2001/10/14 0:00,0.7892,1.9668,0.877001,0.7677169442176819,0.12526246905326843,0.008643,0.6157167553901672,0.7037485241889954
2001/10/15 0:00,0.7911,1.98035,0.872981,0.7677169442176819,0.12526246905326843,0.008676,0.6157167553901672,0.7042544484138489
2001/10/16 0:00,0.7911,1.98125,0.873477,0.7677169442176819,0.12526246905326843,0.008662,0.6157167553901672,0.7067593336105347
2001/10/17 0:00,0.78845,1.9811,0.874393,0.7677169442176819,0.12526246905326843,0.008676,0.6157167553901672,0.7042544484138489
2001/10/18 0:00,0.7886,1.97875,0.876347,0.8116146922111511,0.127755,0.008671,0.6425982117652893,0.7077500820159912
2001/10/19 0:00,0.788,1.97375,0.875695,0.8116146922111511,0.12782,0.008706,0.6425982117652893,0.7077500820159912
2001/10/20 0:00,0.7873,1.96715,0.87089,0.8116146922111511,0.127822,0.008685,0.6425982117652893,0.7030015587806702
2001/10/21 0:00,0.7878,1.96225,0.869679,0.8116146922111511,0.127675,0.008675,0.6425982117652893,0.7078601717948914
2001/10/22 0:00,0.7863,1.95425,0.871042,0.8243175745010376,0.127804,0.008639409206807613,0.6425982117652893,0.7030015587806702
2001/10/23 0:00,0.7863,1.95425,0.8667342066764832,0.8243175745010376,0.127804,0.008639409206807613,0.6425982117652893,0.7078601717948914
2001/10/24 0:00,0.7841,1.9508,0.8659552931785583,0.8243175745010376,0.127804,0.008639409206807613,0.6425982117652893,0.7078601717948914
2001/10/25 0:00,0.7854,1.9596,0.8667342066764832,0.8243175745010376,0.127725,0.008639409206807613,0.6425982117652893,0.7078601717948914
2001/10/26 0:00,0.787,1.9708,0.8667342066764832,0.8243175745010376,0.127706,0.008639409206807613,0.6425982117652893,0.7108709812164307
2001/10/27 0:00,0.7864,1.96685,0.8667342066764832,0.8243175745010376,0.127796,0.008639409206807613,0.6425982117652893,0.7078601717948914
2001/10/28 0:00,0.7831,1.96075,0.8667342066764832,0.8243175745010376,0.127879,0.008639409206807613,0.6425982117652893,0.7078601717948914
2001/10/29 0:00,0.7827,1.9517,0.8659552931785583,0.8243175745010376,0.127748,0.008639409206807613,0.6425982117652893,0.7078601717948914
2001/10/30 0:00,0.7827,1.95235,0.8659552931785583,0.8243175745010376,0.127748,0.008639409206807613,0.6425982117652893,0.7078601717948914
2001/10/31 0:00,0.78215,1.9535,0.8667342066764832,0.8243175745010376,0.127748,0.008639409206807613,0.6425982117652893,0.7078601717948914
2001/11/1 0:00,0.780875,1.94855,0.8671192526817322,0.8066710829734802,0.127874,0.008623247034847736,0.646412,0.7078601717948914
2001/11/2 0:00,0.7844,1.9715,0.8609378933906555,0.8079842329025269,0.127863,0.008463,0.648845,0.7108709812164307
2001/11/3 0:00,0.786,1.9654,0.8609378933906555,0.8079842329025269,0.127956,0.00845,0.648929,0.7078601717948914
2001/11/4 0:00,0.7848,1.9624,0.8609378933906555,0.8079842329025269,0.127943,0.008449,0.64914,0.708777666091919
2001/11/5 0:00,0.783,1.9554,0.860919,0.8079842329025269,0.127934,0.0084,0.648761,0.708777666091919
2001/11/6 0:00,0.78525,1.95725,0.861067,0.8079842329025269,0.127869,0.008419,0.65083,0.708777666091919
2001/11/7 0:00,0.7906,1.9617,0.861698,0.8079842329025269,0.127984,0.008408,0.651084,0.708777666091919
2001/11/8 0:00,0.7883,1.9613,0.858922,0.8079842329025269,0.128082,0.008404,0.650915,0.708777666091919
2001/11/9 0:00,0.7883,1.95875,0.858885,0.810025691986084,0.128082,0.008399,0.652146,0.708777666091919
2001/11/10 0:00,0.78805,1.95905,0.857449,0.810025691986084,0.128082,0.008399,0.652146,0.708777666091919
2001/11/11 0:00,0.79135,1.96535,0.859365,0.810025691986084,0.127943,0.00843,0.653125,0.708777666091919
2001/11/12 0:00,0.7968,1.97435,0.858775,0.7721267342567444,0.12948480248451233,0.008422,0.653253,0.7045168876647949
2001/11/13 0:00,0.791,1.9508,0.852842,0.7661279439926147,0.1357257068157196,0.008381,0.652358,0.6982495784759521
2001/11/14 0:00,0.7812,1.941,0.849221,0.7640864849090576,0.13572272658348083,0.00843,0.651211,0.6982495784759521
2001/11/15 0:00,0.7798,1.9294,0.852152,0.7640864849090576,0.1357257068157196,0.008424,0.650533,0.6982495784759521
2001/11/16 0:00,0.7798,1.9294,0.852152,0.8079842329025269,0.128057,0.00843,0.650533,0.708777666091919
2001/11/17 0:00,0.77905,1.9263,0.852043,0.8079842329025269,0.128057,0.008438,0.650322,0.708777666091919
2001/11/18 0:00,0.78275,1.9432,0.852115,0.8079842329025269,0.127997,0.008419,0.650787,0.708777666091919
2001/11/19 0:00,0.77995,1.9358,0.849437,0.8079842329025269,0.128097,0.008378,0.649899,0.708777666091919
2001/11/20 0:00,0.7819,1.9331,0.851535,0.8079842329025269,0.128098,0.008365,0.650449,0.708777666091919
2001/11/21 0:00,0.77985,1.9444,0.849798,0.8079842329025269,0.128291,0.008299,0.647459,0.708777666091919
2001/11/22 0:00,0.7827,1.9499481916427612,0.855322,0.8079842329025269,0.12825,0.008311,0.648424,0.708777666091919
2001/11/23 0:00,0.7827,1.9499481916427612,0.854372,0.8079842329025269,0.12825,0.008309,0.648424,0.708777666091919
2001/11/24 0:00,0.78465,1.9499481916427612,0.854445,0.8079842329025269,0.12825,0.008325,0.648424,0.708777666091919
2001/11/25 0:00,0.78285,1.9499481916427612,0.855725,0.8079842329025269,0.128319,0.008301,0.649056,0.708777666091919
2001/11/26 0:00,0.7829,1.9392091035842896,0.850593,0.8079842329025269,0.128368,0.008276,0.648845,0.708777666091919
2001/11/27 0:00,0.787,1.9392091035842896,0.852806,0.8079842329025269,0.128617,0.008291,0.650364,0.708777666091919
2001/11/28 0:00,0.78865,1.9392091035842896,0.851934,0.8079842329025269,0.128692,0.008243,0.650915,0.708777666091919
2001/11/29 0:00,0.7892,1.9392091035842896,0.852551,0.8079842329025269,0.128593,0.008248,0.65028,0.708777666091919
2001/11/30 0:00,0.7892,1.9392091035842896,0.852697,0.8079842329025269,0.128593,0.008248,0.65028,0.708777666091919
2001/12/1 0:00,0.79025,1.9392091035842896,0.852479,0.8079842329025269,0.128593,0.008241,0.650449,0.708777666091919
2001/12/2 0:00,0.7882,2.032752752304077,0.8590297698974609,0.8079842329025269,0.128636,0.008221,0.649815,0.7094538807868958
2001/12/3 0:00,0.78565,1.9993915557861328,0.8556249141693115,0.804699,0.128593,0.008215,0.650703,0.7094538807868958
2001/12/4 0:00,0.77925,1.9993915557861328,0.8534689545631409,0.80048,0.12866,0.008264,0.650915,0.7117884755134583
2001/12/5 0:00,0.7736,1.8385143280029297,0.8411739468574524,0.80125,0.12873,0.00823,0.650576,0.6993902325630188
2001/12/6 0:00,0.7722,1.8385143280029297,0.8411739468574524,0.797035,0.128584,0.008235,0.650618,0.6993902325630188
2001/12/7 0:00,0.7722,1.8385143280029297,0.8411739468574524,0.797003,0.128584,0.008277,0.650618,0.6993902325630188
2001/12/8 0:00,0.7732,1.8385143280029297,0.8411739468574524,0.797226,0.128584,0.008219,0.650237,0.6993902325630188
2001/12/9 0:00,0.77225,1.8385143280029297,0.8411739468574524,0.797989,0.128634,0.008221,0.650111,0.6993902325630188
2001/12/10 0:00,0.772,1.8385143280029297,0.8411739468574524,0.79869,0.128601,0.008219,0.650407,0.6993902325630188
2001/12/11 0:00,0.7753,1.9993915557861328,0.8534689545631409,0.803536,0.128621,0.008273,0.650787,0.7117884755134583
2001/12/12 0:00,0.77315,1.8385143280029297,0.8411739468574524,0.804052,0.128886,0.008281,0.651636,0.6993902325630188
2001/12/13 0:00,0.7745,2.0163443088531494,0.8534689545631409,0.799904,0.128932,0.008254,0.650872,0.7094538807868958
2001/12/14 0:00,0.77485,1.8754148483276367,0.843704,0.8017,0.128932,0.008255,0.651593,0.708777666091919
2001/12/15 0:00,0.77315,1.8666932582855225,0.843989,0.801282,0.128932,0.008261,0.651211,0.6993902325630188
2001/12/16 0:00,0.7758,1.8329142332077026,0.846346,0.801218,0.12896378338336945,0.008329,0.652316,0.708777666091919
2001/12/17 0:00,0.7766,1.8329142332077026,0.845666,0.806094,0.12802092730998993,0.008322,0.652699,0.708777666091919
2001/12/18 0:00,0.78,1.8329142332077026,0.843633,0.805737,0.12802092730998993,0.008289,0.652614,0.708777666091919
2001/12/19 0:00,0.781,1.8329142332077026,0.84513,0.802021,0.12880903482437134,0.008252,0.652231,0.708777666091919
2001/12/20 0:00,0.7764,1.9065495729446411,0.852915,0.78911,0.12903718650341034,0.008211,0.652188,0.7075213193893433
2001/12/21 0:00,0.772,1.8666932582855225,0.850955,0.798021,0.128932,0.008208,0.649372,0.6993902325630188
2001/12/22 0:00,0.77409,1.9490501880645752,0.853259,0.800181,0.129281,0.00823,0.65113,0.7075213193893433
2001/12/23 0:00,0.7838,1.9597892761230469,0.857633,0.806322,0.128883,0.008281,0.650999,0.708777666091919
2001/12/24 0:00,0.78535,1.9597892761230469,0.858885,0.809225,0.128941,0.008365,0.650915,0.708777666091919
2001/12/25 0:00,0.7867,1.9597892761230469,0.859217,0.809258,0.129029,0.008373,0.652997,0.7075213193893433
2001/12/26 0:00,0.7862,1.9597892761230469,0.858756,0.810767,0.129029,0.00836,0.652571,0.7075213193893433
2001/12/27 0:00,0.78575,1.9597892761230469,0.856935,0.809127,0.129029,0.008325,0.651678,0.7075213193893433
2001/12/28 0:00,0.78975,1.9597892761230469,0.861141,0.807233,0.129029,0.008262,0.65189,0.7075213193893433
2001/12/29 0:00,0.7888,1.9567323923110962,0.861104,0.80538,0.129029,0.008235,0.652146,0.70575
2001/12/30 0:00,0.792,1.9567323923110962,0.862329,0.811688,0.129029,0.008259,0.65304,0.70675
2001/12/31 0:00,0.7932,1.9567323923110962,0.862292,0.812331,0.129066,0.008293,0.654664,0.7106
2002/1/1 0:00,0.79265,1.9567323923110962,0.858775,0.818565,0.129182,0.008418,0.655437,0.70475
2002/1/2 0:00,0.78815,1.9506890773773193,0.852224,0.818063,0.129232,0.008433,0.653873,0.70085
2002/1/3 0:00,0.786,1.9425326585769653,0.853789,0.818029,0.129144,0.008506,0.654965,0.69405
2002/1/4 0:00,0.7836,1.8688973188400269,0.84868,0.82335,0.129121,0.008562,0.65475,0.6886
2002/1/5 0:00,0.77365,1.8601757287979126,0.847278,0.818063,0.129032,0.008617,0.652997,0.6768
2002/1/6 0:00,0.77355,1.8601757287979126,0.850738,0.81823,0.129172,0.008605,0.654215,0.67995
2002/1/7 0:00,0.776,1.9425326585769653,0.849131,0.819068,0.129199,0.008577,0.654922,0.68445
2002/1/8 0:00,0.77645,1.8688973188400269,0.846848,0.814001,0.129199,0.008523,0.65445,0.68495
2002/1/9 0:00,0.7808,1.9425326585769653,0.853024,0.809749,0.129132,0.008455,0.654536,0.6914
2002/1/10 0:00,0.78275,1.953271746635437,0.855249,0.816493,0.129077,0.00851,0.654879,0.6929
2002/1/11 0:00,0.78775,1.9502148628234863,0.855542,0.818867,0.129084,0.008548,0.654151,0.69775
2002/1/12 0:00,0.78605,1.9425326585769653,0.8511,0.824232,0.129179,0.008596,0.651848,0.69015
2002/1/13 0:00,0.78845,1.9425326585769653,0.850485,0.823215,0.129132,0.008528,0.652401,0.6949
2002/1/14 0:00,0.7957,1.9394757747650146,0.849293,0.829291,0.129269,0.008598,0.655265,0.69725
2002/1/15 0:00,0.8006,1.9452,0.850847,0.824844,0.129262,0.008504,0.655652,0.70175
2002/1/16 0:00,0.80155,1.95845,0.859291,0.824097,0.129242,0.008528,0.655201,0.70435
2002/1/17 0:00,0.80135,1.95935,0.863894,0.823113,0.129277,0.00849,0.656556,0.7043
2002/1/18 0:00,0.80825,1.9681,0.863894,0.825696,0.129433,0.008491,0.658924,0.7145
2002/1/19 0:00,0.806,1.96135,0.861438,0.820176,0.129324,0.00847,0.658979,0.7126
2002/1/20 0:00,0.7971380352973938,1.9694,0.860104,0.822944,0.129267,0.008478,0.659544,0.71635
2002/1/21 0:00,0.7838696241378784,1.9626,0.862776,0.822842,0.129381,0.00855,0.658692,0.71215
2002/1/22 0:00,0.7961848378181458,1.96265,0.863894,0.821659,0.129415,0.008486,0.659148,0.71555
2002/1/23 0:00,0.7961848378181458,1.96795,0.866664,0.826685,0.129353,0.008486,0.658935,0.71445
2002/1/24 0:00,0.8014132380485535,1.979,0.86494,0.823961,0.129388,0.008494,0.657808,0.7217
2002/1/25 0:00,0.7971380352973938,1.976,0.863446,0.820378,0.129341,0.008413,0.658458,0.7198
2002/1/26 0:00,0.7971380352973938,1.9761,0.862589,0.820176,0.129289,0.008419,0.660546,0.72025
2002/1/27 0:00,0.7971380352973938,1.9624,0.867679,0.815428,0.129421,0.008382,0.660808,0.72075
2002/1/28 0:00,0.8089649081230164,1.97155,0.871574,0.821322,0.129299,0.008398,0.659131,0.7282
2002/1/29 0:00,0.8089649081230164,1.97705,0.874355,0.819605,0.129425,0.008374,0.658762,0.72815
2002/1/30 0:00,0.7988947033882141,1.9773,0.880243,0.821322,0.129433,0.008403,0.658631,0.7288
2002/1/31 0:00,0.8119741678237915,1.9868,0.879546,0.823554,0.129505,0.008391,0.659544,0.73805
2002/2/1 0:00,0.8100799322128296,1.99025,0.884134,0.823961,0.129401,0.008348,0.660371,0.7396
2002/2/2 0:00,0.8100799322128296,2.00235,0.886093,0.829734,0.129592,0.008449,0.661026,0.7443
2002/2/3 0:00,0.8292592167854309,2.0022,0.891146,0.8676102161407471,0.12948480248451233,0.008436,0.661288,0.74565
2002/2/4 0:00,0.8292592167854309,2.001,0.890829,0.8676102161407471,0.12948480248451233,0.008432,0.660328,0.74355
2002/2/5 0:00,0.8292592167854309,2.0027,0.896298,0.8676102161407471,0.12948480248451233,0.008425,0.661649,0.7444
2002/2/6 0:00,0.8292592167854309,1.99035,0.892419,0.8676102161407471,0.12948480248451233,0.008371,0.659674,0.73875
2002/2/7 0:00,0.83045,1.99765,0.895536,0.8676102161407471,0.12948480248451233,0.008369,0.659239,0.74275
2002/2/8 0:00,0.8322,2.0016,0.903057,0.8676102161407471,0.12948480248451233,0.008376,0.658068,0.74195
2002/2/9 0:00,0.82845,1.9988,0.90082,0.8676102161407471,0.12948480248451233,0.008346,0.657614,0.74135
2002/2/10 0:00,0.82535,1.9909,0.902894,0.8676102161407471,0.12948480248451233,0.008327,0.655308,0.73855
2002/2/11 0:00,0.817178,1.971188,0.893954,0.7880317568778992,0.12948480248451233,0.008245,0.64882,0.731238
2002/2/12 0:00,0.821,1.9933,0.903261,0.7854700684547424,0.12948480248451233,0.008328,0.659174,0.7362
2002/2/13 0:00,0.8254,1.9942,0.907112,0.8676102161407471,0.12948480248451233,0.008335,0.660415,0.7377
2002/2/14 0:00,0.828,1.9892,0.905018,0.8676102161407471,0.12948480248451233,0.008339,0.659457,0.73755
2002/2/15 0:00,0.82925,1.9972,0.9042,0.8676102161407471,0.12948480248451233,0.008347,0.660086,0.73525
2002/2/16 0:00,0.82875,1.97855,0.898715,0.8676102161407471,0.12948480248451233,0.008325,0.658501,0.7285
2002/2/17 0:00,0.83315,1.9822,0.899847,0.8676102161407471,0.12948480248451233,0.008323,0.658848,0.73725
2002/2/18 0:00,0.8348,1.986,0.910954,0.8676102161407471,0.12948480248451233,0.008315,0.659718,0.73975
2002/2/19 0:00,0.82435,1.9774,0.904241,0.8676102161407471,0.12948480248451233,0.008281,0.656771,0.73325
2002/2/20 0:00,0.82265,1.975,0.910996,0.8676102161407471,0.12948480248451233,0.008248,0.655609,0.7307
2002/2/21 0:00,0.82065,1.97035,0.922935,0.7854700684547424,0.1305488497018814,0.008227,0.65505,0.72965
2002/2/22 0:00,0.8202,1.9756,0.920387,0.7854700684547424,0.1305488497018814,0.008226,0.652529,0.72685
2002/2/23 0:00,0.82435,1.9867,0.92383,0.8691992163658142,0.13211196660995483,0.008222,0.659136950969696,0.73035
2002/2/24 0:00,0.82075,1.9852,0.922722,0.7870590686798096,0.13211196660995483,0.008239,0.6548705697059631,0.7255
2002/2/25 0:00,0.8165906071662903,1.9828,0.925412,0.7870590686798096,0.13211196660995483,0.008212,0.6548705697059631,0.7266
2002/2/26 0:00,0.8410543203353882,1.9835,0.926055,0.8623139262199402,0.13211196660995483,0.008219,0.6552097201347351,0.7251427173614502
2002/2/27 0:00,0.8410543203353882,1.9812,0.932444,0.8623139262199402,0.13211196660995483,0.008216,0.6631485819816589,0.7251427173614502
2002/2/28 0:00,0.8410543203353882,1.97465,0.93006,0.8623139262199402,0.13211196660995483,0.008227,0.6552097201347351,0.7251427173614502
2002/3/1 0:00,0.8410543203353882,1.98205,0.942463,0.8623139262199402,0.13211196660995483,0.008193,0.6631485819816589,0.7245799899101257
2002/3/2 0:00,0.8410543203353882,1.9918,0.944912,0.8623139262199402,0.13211196660995483,0.008214,0.6631485819816589,0.7245799899101257
2002/3/3 0:00,0.8410543203353882,1.99435,0.942329,0.8623139262199402,0.13211196660995483,0.008245,0.6631485819816589,0.7245799899101257
2002/3/4 0:00,0.8410543203353882,1.9764,0.940645,0.8623139262199402,0.13211196660995483,0.008263,0.6631485819816589,0.7274773120880127
2002/3/5 0:00,0.8508596420288086,1.969,0.942551,0.8623139262199402,0.130463,0.008212,0.6619794368743896,0.7454133033752441
2002/3/6 0:00,0.8508596420288086,1.975,0.937383,0.8623139262199402,0.13083,0.008214,0.6619794368743896,0.7459760308265686
2002/3/7 0:00,0.8508596420288086,1.9732,0.936154,0.8623139262199402,0.131027,0.008172,0.6619794368743896,0.7459760308265686
2002/3/8 0:00,0.8508596420288086,1.9694,0.936373,0.8623139262199402,0.131139,0.008128,0.6619794368743896,0.7459760308265686
2002/3/9 0:00,0.8508596420288086,1.9828,0.932444,0.8623139262199402,0.131062,0.008087,0.6619794368743896,0.7459760308265686
2002/3/10 0:00,0.8508596420288086,1.98855,0.940468,0.8623139262199402,0.131277,0.008103,0.6619794368743896,0.7459760308265686
2002/3/11 0:00,0.8508596420288086,1.99425,0.939232,0.8623139262199402,0.131275,0.008087,0.6619794368743896,0.7459760308265686
2002/3/12 0:00,0.8508596420288086,1.9923,0.930882,0.8623139262199402,0.131251,0.008086,0.6540405750274658,0.7459760308265686
2002/3/13 0:00,0.8153199553489685,1.99935,0.934973,0.813769,0.131148,0.008072,0.6467208862304688,0.7230299115180969
2002/3/14 0:00,0.8153199553489685,1.9996,0.934274,0.814034,0.131303,0.008101,0.6467208862304688,0.7230299115180969
2002/3/15 0:00,0.8153199553489685,2.01635,0.947239,0.82648,0.131492,0.008183,0.6495151519775391,0.7254012227058411
2002/3/16 0:00,0.8153199553489685,2.01775,0.942729,0.822876,0.131683,0.008175,0.6495151519775391,0.7254012227058411
2002/3/17 0:00,0.8508596420288086,2.0162,0.946119,0.8623139262199402,0.131666,0.008154,0.6619794368743896,0.7454133033752441
2002/3/18 0:00,0.8508596420288086,2.0126,0.946119,0.8623139262199402,0.131614,0.008147,0.6619794368743896,0.7454133033752441
2002/3/19 0:00,0.8508596420288086,2.0116,0.953062,0.8623139262199402,0.131562,0.008101,0.6619794368743896,0.7454133033752441
2002/3/20 0:00,0.8508596420288086,2.0162,0.953471,0.8623139262199402,0.131553,0.008109,0.6619794368743896,0.7454133033752441
2002/3/21 0:00,0.8508596420288086,2.0252,0.950932,0.8623139262199402,0.131909,0.008185,0.6619794368743896,0.7454133033752441
2002/3/22 0:00,0.8508596420288086,2.033,0.947284,0.8623139262199402,0.132223,0.008195,0.6619794368743896,0.7454133033752441
2002/3/23 0:00,0.8508596420288086,2.031,0.955703,0.8623139262199402,0.13217,0.008166,0.6619794368743896,0.7454133033752441
2002/3/24 0:00,0.8410543203353882,2.034,0.954335,0.8623139262199402,0.13211196660995483,0.008191,0.6631485819816589,0.7245799899101257
2002/3/25 0:00,0.8410543203353882,2.0368,0.958405,0.8623139262199402,0.13211196660995483,0.008204,0.6631485819816589,0.7319165468215942
2002/3/26 0:00,0.7738518118858337,2.0467,0.8618506789207458,0.7677169442176819,0.13104791939258575,0.008174,0.6379416584968567,0.6907947063446045
2002/3/27 0:00,0.7738518118858337,2.05365,0.8618506789207458,0.7677169442176819,0.13104791939258575,0.008214,0.6379416584968567,0.6907947063446045
2002/3/28 0:00,0.7738518118858337,2.051,0.8618506789207458,0.7677169442176819,0.13104791939258575,0.008197,0.6379416584968567,0.6907947063446045
2002/3/29 0:00,0.7738518118858337,2.0562,0.8618506789207458,0.7677169442176819,0.13104791939258575,0.008245,0.6379416584968567,0.6907947063446045
2002/3/30 0:00,0.7738518118858337,2.0583,0.8618506789207458,0.7677169442176819,0.13104791939258575,0.008238,0.6379416584968567,0.6907947063446045
2002/3/31 0:00,0.7738518118858337,2.0613,0.8618506789207458,0.7677169442176819,0.13104791939258575,0.008282,0.6379416584968567,0.693129301071167
2002/4/1 0:00,0.7738518118858337,2.0518,0.8618506789207458,0.7677169442176819,0.13104791939258575,0.008312,0.6379416584968567,0.693129301071167
2002/4/2 0:00,0.7738518118858337,2.05335,0.8618506789207458,0.7677169442176819,0.12526246905326843,0.008397,0.6157167553901672,0.693129301071167
2002/4/3 0:00,0.7738518118858337,2.0243,0.8618506789207458,0.7677169442176819,0.12526246905326843,0.008431,0.6157167553901672,0.693129301071167
2002/4/4 0:00,0.7738518118858337,2.0243,0.8618506789207458,0.7677169442176819,0.12526246905326843,0.008431,0.6157167553901672,0.693129301071167
2002/4/5 0:00,0.7738518118858337,2.037,0.8618506789207458,0.7677169442176819,0.12526246905326843,0.008392,0.6157167553901672,0.693129301071167
2002/4/6 0:00,0.7738518118858337,2.031,0.8618506789207458,0.7677169442176819,0.12526246905326843,0.008435,0.6157167553901672,0.693129301071167
2002/4/7 0:00,0.7738518118858337,2.0414,0.8618506789207458,0.7677169442176819,0.12526246905326843,0.008471,0.6157167553901672,0.693129301071167
2002/4/8 0:00,0.7738518118858337,2.0223,0.8618506789207458,0.7677169442176819,0.12526246905326843,0.008437,0.6157167553901672,0.693129301071167
2002/4/9 0:00,0.7738518118858337,2.0366,0.8618506789207458,0.7677169442176819,0.13104791939258575,0.008354,0.6426522135734558,0.693129301071167
2002/4/10 0:00,0.7738518118858337,2.0258,0.8618506789207458,0.7677169442176819,0.12526246905326843,0.008432,0.6157167553901672,0.693129301071167
2002/4/11 0:00,0.7738518118858337,2.0116,0.8618506789207458,0.7677169442176819,0.12526246905326843,0.008447,0.6157167553901672,0.693129301071167
2002/4/12 0:00,0.7738518118858337,1.9999,0.8618506789207458,0.7677169442176819,0.12526246905326843,0.008476,0.6157167553901672,0.693129301071167
2002/4/13 0:00,0.7738518118858337,1.9923,0.8618506789207458,0.7677169442176819,0.12526246905326843,0.00852,0.6157167553901672,0.693129301071167
2002/4/14 0:00,0.7738518118858337,1.9794,0.8581477999687195,0.7828820943832397,0.12526246905326843,0.008914,0.623585045337677,0.6973397731781006
2002/4/15 0:00,0.7738518118858337,1.97935,0.8618506789207458,0.7677169442176819,0.12526246905326843,0.00874,0.6157167553901672,0.6889855265617371
2002/4/16 0:00,0.77774578332901,1.9838,0.8679391741752625,0.7677169442176819,0.12526246905326843,0.008738,0.619647741317749,0.6924
2002/4/17 0:00,0.77774578332901,1.9828,0.8679391741752625,0.7677169442176819,0.12526246905326843,0.008749,0.619647741317749,0.696
2002/4/18 0:00,0.77774578332901,1.99025,0.8679391741752625,0.7677169442176819,0.12526246905326843,0.008698,0.619647741317749,0.7004
2002/4/19 0:00,0.7738518118858337,1.99915,0.8679391741752625,0.7677169442176819,0.12526246905326843,0.008649,0.619647741317749,0.70935
2002/4/20 0:00,0.7780559062957764,2.0157,0.8679391741752625,0.7677169442176819,0.12526246905326843,0.008612,0.619647741317749,0.72299
2002/4/21 0:00,0.7737807035446167,2.0138,0.8556441068649292,0.7677169442176819,0.12526246905326843,0.008615,0.619647741317749,0.71815
2002/4/22 0:00,0.7807589769363403,2.0072,0.8679391741752625,0.7677169442176819,0.12526246905326843,0.008706,0.619647741317749,0.70485
2002/4/23 0:00,0.7807589769363403,2.01715,0.8679391741752625,0.7677169442176819,0.12526246905326843,0.008623,0.619647741317749,0.70615
2002/4/24 0:00,0.77774578332901,2.01645,0.8592737317085266,0.7661279439926147,0.1369144171476364,0.008622,0.656362,0.70455
2002/4/25 0:00,0.77774578332901,2.01715,0.8592737317085266,0.7661279439926147,0.1369144171476364,0.008638,0.656039,0.7023
2002/4/26 0:00,0.77774578332901,2.0188,0.8592737317085266,0.7661279439926147,0.1369144171476364,0.008636,0.656405,0.70225
2002/4/27 0:00,0.77774578332901,2.0138,0.8592737317085266,0.7661279439926147,0.1369144171476364,0.008608,0.654965,0.69615
2002/4/28 0:00,0.7784014940261841,2.0226,0.8592737317085266,0.7661279439926147,0.1369144171476364,0.008674,0.655179,0.6905
2002/4/29 0:00,0.77774578332901,2.0224,0.8592737317085266,0.7661279439926147,0.1369144171476364,0.008667,0.656814,0.6919
2002/4/30 0:00,0.7850632667541504,2.0285,0.8521263599395752,0.7661279439926147,0.1369144171476364,0.008818,0.656211,0.6888
2002/5/1 0:00,0.7844075560569763,2.028,0.8521263599395752,0.7661279439926147,0.1369144171476364,0.008818,0.655996,0.69375
2002/5/2 0:00,0.77774578332901,2.0306,0.8592737317085266,0.7661279439926147,0.1369144171476364,0.008763,0.657981,0.7033
2002/5/3 0:00,0.7987565398216248,2.0311,0.8707306981086731,0.7818021774291992,0.12948480248451233,0.008759,0.660633,0.71455
2002/5/4 0:00,0.8048021793365479,2.0311,0.8815887570381165,0.79343181848526,0.12948480248451233,0.008673,0.662559,0.7176
2002/5/5 0:00,0.7897107005119324,2.00655,0.865375280380249,0.7661279439926147,0.1369144171476364,0.008676,0.661376,0.71335
2002/5/6 0:00,0.7807589769363403,1.9941,0.8592737317085266,0.7661279439926147,0.1369144171476364,0.008684,0.659935,0.7063
2002/5/7 0:00,0.8090773820877075,2.0132,0.8942442536354065,0.79343181848526,0.12948480248451233,0.008623,0.662822,0.72515
2002/5/8 0:00,0.8090773820877075,2.00015,0.9187896847724915,0.79343181848526,0.1305488497018814,0.008609,0.663702,0.73315
2002/5/9 0:00,0.8574475646018982,2.0088,0.9313417673110962,0.870361328125,0.13287073373794556,0.008735,0.665425,0.7393
2002/5/10 0:00,0.8574475646018982,2.0202,0.9313417673110962,0.870361328125,0.13287073373794556,0.008659,0.664319,0.7415
2002/5/11 0:00,0.8574475646018982,2.022,0.9313417673110962,0.870361328125,0.13287073373794556,0.0087,0.666356,0.74525
2002/5/12 0:00,0.8574475646018982,2.0184,0.9313417673110962,0.870361328125,0.13287073373794556,0.008731,0.666045,0.74015
2002/5/13 0:00,0.8574475646018982,2.0156,0.9313417673110962,0.870361328125,0.13287073373794556,0.008659,0.667468,0.7449
2002/5/14 0:00,0.8574475646018982,2.0242,0.9313417673110962,0.870361328125,0.13287073373794556,0.00864,0.670826,0.74825
2002/5/15 0:00,0.8574475646018982,2.0454,0.9665875434875488,0.8651897311210632,0.1305488497018814,0.008711,0.673174,0.7566
2002/5/16 0:00,0.8574475646018982,2.0432,0.963728666305542,0.863476037979126,0.1314678192138672,0.008635,0.67769,0.7649
2002/5/17 0:00,0.8574475646018982,2.0408,0.963728666305542,0.8651897311210632,0.1305488497018814,0.008636,0.674036,0.7593
2002/5/18 0:00,0.9309917092323303,2.035,1.003412,0.9750899076461792,0.14794203639030457,0.008576,0.675562,0.75745
2002/5/19 0:00,0.9309917092323303,2.0397,1.002205,0.9750899076461792,0.14794203639030457,0.008581,0.675767,0.75535
2002/5/20 0:00,0.9577792882919312,2.0421,1.018382,0.9766789078712463,0.14838023483753204,0.008548,0.7016198039054871,0.7627
2002/5/21 0:00,0.9577792882919312,2.0364,1.013788,0.9766789078712463,0.14838023483753204,0.008519,0.7016198039054871,0.76275
2002/5/22 0:00,0.9577792882919312,2.0334,1.017346,0.9766789078712463,0.14838023483753204,0.00855,0.7016198039054871,0.76225
2002/5/23 0:00,0.9577792882919312,2.0425,1.018797,0.9766789078712463,0.14838023483753204,0.008531,0.7016198039054871,0.76325
2002/5/24 0:00,0.9703266620635986,2.0332,1.027169,0.9749652147293091,0.1496766060590744,0.008495,0.7016198039054871,0.77425
2002/5/25 0:00,0.9703266620635986,2.0373,1.027485,0.9749652147293091,0.1496766060590744,0.008503,0.7016198039054871,0.7753
2002/5/26 0:00,0.9770744442939758,2.0417,1.023803,0.9766789078712463,0.14838023483753204,0.008523,0.7016198039054871,0.76275
2002/5/27 0:00,0.9770744442939758,2.0323,1.021138,0.9721293449401855,0.14838023483753204,0.008569,0.7016198039054871,0.74475
2002/5/28 0:00,0.9770744442939758,2.0372,1.025326,0.9766789078712463,0.14838023483753204,0.008588,0.7016198039054871,0.75015
2002/5/29 0:00,0.9809861779212952,2.0449,1.025904,0.9831377267837524,0.1470159888267517,0.01027857605367899,0.7016198039054871,0.7529
2002/5/30 0:00,0.9575127959251404,2.0546,1.0110851526260376,0.9785881638526917,0.1470159888267517,0.008724390529096127,0.7016198039054871,0.74715
2002/5/31 0:00,0.9575127959251404,2.0274,0.9973562359809875,0.9785881638526917,0.1470159888267517,0.008724390529096127,0.7303189635276794,0.74315
2002/6/1 0:00,0.9575127959251404,2.0496,1.0110851526260376,0.9831377267837524,0.1470159888267517,0.008724390529096127,0.7016198039054871,0.75505
2002/6/2 0:00,0.9575127959251404,2.0473,1.0110851526260376,0.9831377267837524,0.1470159888267517,0.008724390529096127,0.7016198039054871,0.7504
2002/6/3 0:00,0.9575127959251404,2.0502,1.0110851526260376,0.9831377267837524,0.1470159888267517,0.008724390529096127,0.7016198039054871,0.76195
2002/6/4 0:00,0.9575127959251404,2.0522,1.0110851526260376,0.9814240336418152,0.1470159888267517,0.008724390529096127,0.7016198039054871,0.7648
2002/6/5 0:00,0.9575127959251404,2.0602,1.0110851526260376,0.9814240336418152,0.1470159888267517,0.008724390529096127,0.7016198039054871,0.76845
2002/6/6 0:00,0.9575127959251404,2.06675,1.0110851526260376,0.9814240336418152,0.1470159888267517,0.008724390529096127,0.7016198039054871,0.76595
2002/6/7 0:00,0.9575127959251404,2.0761,1.0110851526260376,0.9814240336418152,0.14831236004829407,0.008724390529096127,0.7016198039054871,0.769
2002/6/8 0:00,0.886878490447998,2.08,0.9881579279899597,0.862664,0.1263265162706375,0.008627013303339481,0.591745138168335,0.7625
2002/6/9 0:00,0.8379237055778503,2.0892,0.9834694862365723,0.866439,0.1314678192138672,0.008457290939986706,0.689893,0.7643
2002/6/10 0:00,0.8379237055778503,2.081,0.9834694862365723,0.866889,0.1314678192138672,0.008457290939986706,0.689608,0.76775
2002/6/11 0:00,0.8379237055778503,2.087,0.9834694862365723,0.873477,0.13378970324993134,0.008538718335330486,0.690512,0.77415
2002/6/12 0:00,0.8782027363777161,2.1041,0.9879360198974609,0.881873,0.13712094724178314,0.008730649016797543,0.694782,0.7854
2002/6/13 0:00,0.8678258061408997,2.109,0.9879360198974609,0.886918,0.13712094724178314,0.008730649016797543,0.695169,0.77635
2002/6/14 0:00,0.8678258061408997,2.0852,0.9879360198974609,0.891027,0.13712094724178314,0.008730649016797543,0.693073,0.76
2002/6/15 0:00,0.8678258061408997,2.0604,0.9907948970794678,0.887115,0.13712094724178314,0.008730649016797543,0.688705,0.74775
2002/6/16 0:00,0.8678258061408997,2.0728,0.9907948970794678,0.890036,0.13712094724178314,0.008730649016797543,0.690512,0.75575
2002/6/17 0:00,0.8678258061408997,2.06575,0.9879360198974609,0.892777,0.13712094724178314,0.008730649016797543,0.691659,0.7651
2002/6/18 0:00,0.873840868473053,2.0468,0.9835196733474731,0.889324,0.134735,0.008730649016797543,0.68937,0.75825
2002/6/19 0:00,0.873840868473053,2.0522,0.98637855052948,0.891941,0.134707,0.008730649016797543,0.689085,0.7556
2002/6/20 0:00,0.873840868473053,2.0517,0.98637855052948,0.895375,0.134689,0.008730649016797543,0.690846,0.75525
2002/6/21 0:00,0.873840868473053,2.0642,0.9835196733474731,0.900414,0.134675,0.008730649016797543,0.68937,0.76255
2002/6/22 0:00,0.8688919544219971,2.0584,0.98637855052948,0.906084,0.134935,0.008730649016797543,0.687285,0.7506
2002/6/23 0:00,0.8688919544219971,2.0618,0.98637855052948,0.907812,0.134935,0.008730649016797543,0.689465,0.75235
2002/6/24 0:00,0.8758,2.05745,0.9835196733474731,0.905756,0.135148,0.008730649016797543,0.693842,0.7583
2002/6/25 0:00,0.8766,2.06725,0.9907948970794678,0.906495,0.13712094724178314,0.008730649016797543,0.693361,0.75525
2002/6/26 0:00,0.8754,2.0703,0.9879360198974609,0.908306,0.14350992441177368,0.008730649016797543,0.693626,0.75905
2002/6/27 0:00,0.88085,2.06805,0.9879360198974609,0.894095,0.13712094724178314,0.008730649016797543,0.69185,0.76975
2002/6/28 0:00,0.87995,2.0621,0.9879360198974609,0.895736,0.13712094724178314,0.008730649016797543,0.690179,0.76895
2002/6/29 0:00,0.88325,2.056,0.9835196733474731,0.882963,0.135172,0.008730649016797543,0.69056,0.76235
2002/6/30 0:00,0.88385,2.0678,0.9835196733474731,0.886682,0.135089,0.008730649016797543,0.690274,0.76815
2002/7/1 0:00,0.8736,2.0587,0.9835196733474731,0.894015,0.135172,0.008730649016797543,0.691946,0.76255
2002/7/2 0:00,0.87005,2.02855,0.9629193544387817,0.888691,0.135258,0.008730649016797543,0.691372,0.76505
2002/7/3 0:00,0.8717,2.0256,0.9629193544387817,0.886289,0.134889,0.008730649016797543,0.692185,0.77315
2002/7/4 0:00,0.8807,2.03005,0.9629193544387817,0.885465,0.13508,0.008730649016797543,0.695507,0.7769
2002/7/5 0:00,0.88145,2.046,0.9835196733474731,0.886682,0.135208,0.008730649016797543,0.694059,0.77955
2002/7/6 0:00,0.8844,2.0405,0.9835196733474731,0.883119,0.13549,0.008730649016797543,0.693337,0.78345
2002/7/7 0:00,0.8848,2.0458,0.9835196733474731,0.879624,0.135621,0.008730649016797543,0.694637,0.78855
2002/7/8 0:00,0.87505,2.03925,0.9835196733474731,0.874967,0.135722,0.008730649016797543,0.693674,0.78195
2002/7/9 0:00,0.862,2.01785,0.9650158882141113,0.868697,0.135648,0.008730649016797543,0.688942,0.7674
2002/7/10 0:00,0.85795,2.01565,0.9678747653961182,0.86719,0.135509,0.008677471429109573,0.683153,0.75415
2002/7/11 0:00,0.8602,2.0177,0.9678747653961182,0.867717,0.135455,0.008730649016797543,0.685589,0.7547
2002/7/12 0:00,0.86065,2.0042,0.9678747653961182,0.866176,0.135556,0.008807370439171791,0.684322,0.75715
2002/7/13 0:00,0.85845,1.9832,0.9662520885467529,0.864603,0.135717,0.008754192851483822,0.68451,0.75655
2002/7/14 0:00,0.87055,1.9761,0.9629193544387817,0.863707,0.135777,0.008807370439171791,0.688421,0.7665
2002/7/15 0:00,0.87105,1.9796,0.9629193544387817,0.864342,0.135777,0.008807370439171791,0.687521,0.76605
2002/7/16 0:00,0.87375,1.9834,0.9629193544387817,0.869641,0.135777,0.008807370439171791,0.688895,0.76845
2002/7/17 0:00,0.87615,2.030458450317383,0.9629193544387817,0.874967,0.136696,0.008730649016797543,0.689394,0.7688
2002/7/18 0:00,0.8738,2.030458450317383,0.9629193544387817,0.887351,0.136909,0.008730649016797543,0.691611,0.7727
2002/7/19 0:00,0.8777,2.030458450317383,0.9629193544387817,0.883314,0.136909,0.008730649016797543,0.694541,0.76965
2002/7/20 0:00,0.8738,2.030458450317383,0.9629193544387817,0.883002,0.136909,0.008730649016797543,0.694686,0.7656
2002/7/21 0:00,0.881,2.030458450317383,0.9629193544387817,0.893895,0.137076,0.008730649016797543,0.695652,0.7715
2002/7/22 0:00,0.88265,2.030458450317383,0.9629193544387817,0.897102,0.137466,0.008730649016797543,0.696379,0.77615
2002/7/23 0:00,0.8761,2.030458450317383,0.9629193544387817,0.903179,0.137495,0.008730649016797543,0.697496,0.7707
2002/7/24 0:00,0.869,2.030458450317383,0.9629193544387817,0.898271,0.137593,0.008730649016797543,0.696379,0.76415
2002/7/25 0:00,0.88155,2.030458450317383,0.9629193544387817,0.896499,0.137675,0.008730649016797543,0.698275,0.77275
2002/7/26 0:00,0.88185,2.030458450317383,0.9629193544387817,0.896459,0.137669,0.008730649016797543,0.698032,0.77225
2002/7/27 0:00,0.88865,2.030458450317383,0.9629193544387817,0.903057,0.137536,0.008730649016797543,0.698275,0.78125
2002/7/28 0:00,0.8925,2.030458450317383,0.9629193544387817,0.908843,0.137694,0.008730649016797543,0.697593,0.7843
2002/7/29 0:00,0.90005,2.030458450317383,0.9629193544387817,0.914537,0.137883,0.008730649016797543,0.699839,0.78985
2002/7/30 0:00,0.8916,2.030458450317383,0.9629193544387817,0.917852,0.138081,0.008730649016797543,0.700035,0.78375
2002/7/31 0:00,0.87805,2.030458450317383,0.9629193544387817,0.908265,0.138267,0.008730649016797543,0.698666,0.76955
2002/8/1 0:00,0.8861,2.030458450317383,0.9629193544387817,0.908513,0.137958,0.008730649016797543,0.697058,0.7729
2002/8/2 0:00,0.8756,2.0050132274627686,0.9657782316207886,0.908802,0.14350992441177368,0.008807370439171791,0.694975,0.7575
2002/8/3 0:00,0.8618,1.9290270805358887,0.9673803448677063,0.905428,0.13712094724178314,0.008807370439171791,0.691372,0.74675
2002/8/4 0:00,0.86925,2.0050132274627686,0.9629193544387817,0.911245,0.14350992441177368,0.008807370439171791,0.696767,0.7637
2002/8/5 0:00,0.8652,2.0050132274627686,0.9650158882141113,0.916212,0.14350992441177368,0.008807370439171791,0.696767,0.7591
2002/8/6 0:00,0.8782,1.941026210784912,0.9653135538101196,0.919244,0.1426537185907364,0.008807370439171791,0.700771,0.77325
2002/8/7 0:00,0.8816,2.0050132274627686,0.9629193544387817,0.910705,0.1426537185907364,0.009216711856424809,0.701902,0.7703
2002/8/8 0:00,0.8848,2.0050132274627686,0.9629193544387817,0.917979,0.1426537185907364,0.009216711856424809,0.703779,0.7767
2002/8/9 0:00,0.8866,2.0050132274627686,0.9629193544387817,0.914578,0.1426537185907364,0.009216711856424809,0.702889,0.77845
2002/8/10 0:00,0.88915,2.0050132274627686,0.9629193544387817,0.915416,0.1426537185907364,0.009216711856424809,0.704573,0.7813
2002/8/11 0:00,0.8924,1.941026210784912,0.9653135538101196,0.922935,0.1426537185907364,0.009216711856424809,0.705617,0.78435
2002/8/12 0:00,0.9033,1.941026210784912,0.9653135538101196,0.922169,0.1426537185907364,0.009216711856424809,0.707314,0.7948
2002/8/13 0:00,0.90945,2.0050132274627686,0.9629193544387817,0.917095,0.1426537185907364,0.009216711856424809,0.706864,0.79555
2002/8/14 0:00,0.89735,2.0050132274627686,0.9629193544387817,0.907935,0.13755914568901062,0.009216711856424809,0.704771,0.78385
2002/8/15 0:00,0.8974,2.0050132274627686,0.9629193544387817,0.910913,0.1426537185907364,0.009216711856424809,0.706664,0.78545
2002/8/16 0:00,0.8948,2.0050132274627686,0.9629193544387817,0.906988,0.13755914568901062,0.009216711856424809,0.705716,0.79065
2002/8/17 0:00,0.8943,1.865312099456787,0.9653135538101196,0.9125398397445679,0.1421450972557068,0.009216711856424809,0.705617,0.78845
2002/8/18 0:00,0.90325,1.865312099456787,0.9653135538101196,0.9171341061592102,0.1421450972557068,0.009216711856424809,0.704573,0.7896
2002/8/19 0:00,0.9074,1.7688134908676147,0.9236450791358948,0.9202515482902527,0.1432759314775467,0.009317,0.706764,0.79465
2002/8/20 0:00,0.89425,1.865312099456787,0.9653135538101196,0.9125398397445679,0.1421450972557068,0.009216711856424809,0.704722,0.7838
2002/8/21 0:00,0.90395,1.865312099456787,0.9653135538101196,0.9171341061592102,0.1421450972557068,0.009216711856424809,0.705467,0.79165
2002/8/22 0:00,0.907,1.865312099456787,0.9653135538101196,0.9340750575065613,0.1421450972557068,0.009216711856424809,0.708115,0.7886
2002/8/23 0:00,0.91305,1.865312099456787,0.9653135538101196,0.9448873400688171,0.1421450972557068,0.009216711856424809,0.708115,0.79485
2002/8/24 0:00,0.92125,1.865312099456787,0.9750446677207947,0.9541268348693848,0.1421450972557068,0.009216711856424809,0.707914,0.80015
2002/8/25 0:00,0.9138,1.865312099456787,0.9653135538101196,0.9448873400688171,0.1421450972557068,0.009216711856424809,0.708617,0.79355
2002/8/26 0:00,0.91815,1.865312099456787,0.9750446677207947,0.9486767649650574,0.1421450972557068,0.009216711856424809,0.70922,0.79935
2002/8/27 0:00,0.92375,1.865312099456787,0.9750446677207947,0.9541268348693848,0.1421450972557068,0.009216711856424809,0.711389,0.806
2002/8/28 0:00,0.92475,1.865312099456787,0.9784272909164429,0.9541268348693848,0.1421450972557068,0.009216711856424809,0.710934,0.81085
2002/8/29 0:00,0.92945,1.8768693208694458,0.9784272909164429,0.9541268348693848,0.1421450972557068,0.009216711856424809,0.71144,0.8125
2002/8/30 0:00,0.93835,1.8768693208694458,0.9523174166679382,0.9770419001579285,0.14872270822525024,0.009257088415324688,0.716076,0.81635
2002/8/31 0:00,0.9472,1.8768693208694458,0.9948117136955261,0.9808313250541687,0.14872270822525024,0.009311170317232609,0.716949,0.81555
2002/9/1 0:00,0.93155,1.8768693208694458,0.981210470199585,0.9808313250541687,0.14872270822525024,0.009257088415324688,0.716897,0.79955
2002/9/2 0:00,0.93825,1.8768693208694458,0.9831205606460571,0.9873567223548889,0.14872270822525024,0.009257088415324688,0.719062,0.8028
2002/9/3 0:00,0.93115,1.8768693208694458,0.9879003763198853,0.9873567223548889,0.14872270822525024,0.009257088415324688,0.720254,0.80095
2002/9/4 0:00,0.93115,1.9525834321975708,0.9879003763198853,0.964878,0.1416667401790619,0.009216711856424809,0.719839,0.80085
2002/9/5 0:00,0.93235,1.9525834321975708,0.9922707676887512,0.972006,0.14923132956027985,0.009257088415324688,0.721137,0.80005
2002/9/6 0:00,0.92675,1.9603949785232544,1.010203,0.975277,0.14923132956027985,0.009257088415324688,0.721423,0.79285
2002/9/7 0:00,0.9162,1.9603949785232544,1.003714,0.981017,0.14923132956027985,0.009257088415324688,0.720955,0.7884
2002/9/8 0:00,0.92515,1.9603949785232544,1.003966,0.972195,0.14923132956027985,0.009257088415324688,0.721813,0.80035
2002/9/9 0:00,0.9325,1.971952199935913,1.009591,0.978186,0.14923132956027985,0.009257088415324688,0.721605,0.80645
2002/9/10 0:00,0.94125,1.971952199935913,1.016673,0.987996,0.14923132956027985,0.009257088415324688,0.7249,0.8134
2002/9/11 0:00,0.9385,1.971952199935913,1.011071,1.005404,0.14923132956027985,0.009257088415324688,0.725163,0.8148
2002/9/12 0:00,0.91865,1.8846808671951294,1.004419,1.014096,0.15192489326000214,0.009265720844268799,0.724375,0.80025
2002/9/13 0:00,0.92725,1.896238088607788,1.005682,1.009336,0.14923132956027985,0.009257088415324688,0.726375,0.80985
2002/9/14 0:00,0.92115,1.941026210784912,0.9864261746406555,0.998752,0.14923132956027985,0.009257088415324688,0.722282,0.80405
2002/9/15 0:00,0.89615,1.941026210784912,0.9781692624092102,0.989022,0.14923132956027985,0.009257088415324688,0.71958,0.78815
2002/9/16 0:00,0.8969,1.941026210784912,0.9825396537780762,0.991179,0.14923132956027985,0.009257088415324688,0.722074,0.7892
2002/9/17 0:00,0.90675,1.9854,0.9757750630378723,0.977087,0.14923132956027985,0.009257088415324688,0.719373,0.79635
2002/9/18 0:00,0.9132,1.9988,0.982125,0.990688,0.14923132956027985,0.009257088415324688,0.72317,0.80475
2002/9/19 0:00,0.92005,2.0007,0.982801,1.004672,0.14923132956027985,0.009257088415324688,0.72448,0.8037
2002/9/20 0:00,0.92105,2.0088,0.985902,1.006847,0.14923132956027985,0.009257088415324688,0.725058,0.80395
2002/9/21 0:00,0.92105,2.0088,0.985902,1.006847,0.14923132956027985,0.009257088415324688,0.725058,0.80395
2002/9/22 0:00,0.91285,1.9858,0.973141,1.007811,0.14923132956027985,0.009257088415324688,0.725111,0.78545
2002/9/23 0:00,0.90585,1.9776,0.973757,0.989071,0.14923132956027985,0.009257088415324688,0.725426,0.78115
2002/9/24 0:00,0.91335,1.9824,0.982656,0.985513,0.14923132956027985,0.009257088415324688,0.725058,0.78975
2002/9/25 0:00,0.91455,1.99585,0.992113,0.991621,0.14923132956027985,0.009257088415324688,0.721605,0.7859
2002/9/26 0:00,0.9215,1.9934,0.993838,0.993937,0.14923132956027985,0.009257088415324688,0.724113,0.7882
2002/9/27 0:00,0.92715,1.98535,0.988484,0.983913,0.14923132956027985,0.009257088415324688,0.724323,0.7983
2002/9/28 0:00,0.93035,1.96875,0.986388,0.986242,0.14923132956027985,0.009257088415324688,0.724533,0.7979
2002/9/29 0:00,0.9293,1.9762,0.982946,1.001402,0.14923132956027985,0.009257088415324688,0.726427,0.79805
2002/9/30 0:00,0.9314,1.974,0.982994,0.993197,0.14897188544273376,0.009257088415324688,0.736377,0.79795
2002/10/1 0:00,0.9288,1.9821,0.976276,0.998851,0.14897188544273376,0.009257088415324688,0.736703,0.7937
2002/10/2 0:00,0.9246,1.9818,0.979624,0.9997,0.14897188544273376,0.009257088415324688,0.736648,0.78795
2002/10/3 0:00,0.92445,1.9624,0.981884,0.996512,0.14897188544273376,0.009257088415324688,0.73616,0.7843
2002/10/4 0:00,0.9398,1.974,0.998004,1.001402,0.14897188544273376,0.009257088415324688,0.740247,0.7899
2002/10/5 0:00,0.9368,1.9902,0.988338,0.996363,0.14897188544273376,0.009257088415324688,0.739645,0.78925
2002/10/6 0:00,0.940562,1.998193,0.992307,1.000365,0.14897188544273376,0.009257088415324688,0.742615,0.79242
2002/10/7 0:00,0.9412,1.98059,0.994426,0.989027,0.14897188544273376,0.009257088415324688,0.738225,0.7925
2002/10/8 0:00,0.9454,1.995805,0.994243,0.997526,0.14897188544273376,0.009311170317232609,0.740741,0.7971
2002/10/9 0:00,0.94885,1.979195,0.980488,0.985139,0.14897188544273376,0.009311170317232609,0.7397,0.79876
2002/10/10 0:00,0.9386,1.97091,0.98464,0.964218,0.1414072960615158,0.009216711856424809,0.735078,0.788135
2002/10/11 0:00,0.9159239530563354,1.9828,0.984107,0.965018,0.1414072960615158,0.009216711856424809,0.733945,0.7822
2002/10/12 0:00,0.9159239530563354,1.991,0.987177,0.966697,0.1414072960615158,0.009216711856424809,0.734646,0.78345
2002/10/13 0:00,0.9159239530563354,1.972495,0.986145,0.965904,0.1414072960615158,0.009216711856424809,0.734538,0.775535
2002/10/14 0:00,0.9159239530563354,1.982505,0.991002,0.961261,0.14339053630828857,0.009216711856424809,0.736703,0.78265
2002/10/15 0:00,0.9159239530563354,1.973225,0.980248,0.953107,0.14339053630828857,0.009216711856424809,0.735078,0.7773
2002/10/16 0:00,0.9159239530563354,1.9733,0.981017,0.946566,0.14339053630828857,0.009216711856424809,0.733407,0.78145
2002/10/17 0:00,0.9159239530563354,1.967815,0.98668,0.948677,0.14339053630828857,0.009216711856424809,0.735727,0.78533
2002/10/18 0:00,0.9216602444648743,1.972605,0.99951,0.951919,0.14339053630828857,0.009216711856424809,0.735889,0.79055
2002/10/19 0:00,0.9159239530563354,1.9525,0.997108,0.945367,0.14339053630828857,0.009216711856424809,0.731743,0.78385
2002/10/20 0:00,0.9159239530563354,1.95472,0.983623,0.950525,0.14339053630828857,0.009216711856424809,0.728438,0.77245
2002/10/21 0:00,0.9476959109306335,1.9536,0.9921599626541138,0.9579,0.14339053630828857,0.009311170317232609,0.732923,0.7667
2002/10/22 0:00,0.9476959109306335,1.95632,0.9921599626541138,0.95735,0.14339053630828857,0.009311170317232609,0.733084,0.77015
2002/10/23 0:00,0.9186816215515137,1.9477,0.9827866554260254,0.951928,0.14339053630828857,0.009216711856424809,0.729501,0.76685
2002/10/24 0:00,0.9186816215515137,1.94501,0.9827866554260254,0.947598,0.14394812285900116,0.009216711856424809,0.725584,0.76195
2002/10/25 0:00,0.9609905481338501,2.028921604156494,0.9980871081352234,0.945716,0.14394812285900116,0.00923444889485836,0.725795,0.7573
2002/10/26 0:00,0.99000483751297,1.8001811504364014,0.9895809292793274,0.955019,0.14288191497325897,0.010218782350420952,0.730994,0.77345
2002/10/27 0:00,0.9609905481338501,2.028921604156494,0.9980871081352234,0.948497,0.14339053630828857,0.00923444889485836,0.728544,0.773055
2002/10/28 0:00,0.99000483751297,1.8001811504364014,0.9895809292793274,0.96446,0.1408986747264862,0.010218782350420952,0.732547,0.7753
2002/10/29 0:00,0.9789357781410217,1.8329401016235352,0.9939997792243958,0.9804070591926575,0.14846326410770416,0.009311170317232609,0.736648,0.7798
2002/10/30 0:00,0.9427360892295837,1.9804,0.9866062998771667,0.967139482498169,0.14897188544273376,0.009311170317232609,0.735348,0.78485
2002/10/31 0:00,0.9427360892295837,1.9802,0.9866062998771667,0.967139482498169,0.14897188544273376,0.009311170317232609,0.735889,0.7874
2002/11/1 0:00,0.9427360892295837,1.98235,0.9866062998771667,0.961880624294281,0.14339053630828857,0.009311170317232609,0.733999,0.7876
2002/11/2 0:00,0.9427360892295837,1.9754,0.9866062998771667,0.961880624294281,0.14339053630828857,0.009311170317232609,0.733568,0.79005
2002/11/3 0:00,0.9427360892295837,1.9814,0.9866062998771667,0.961880624294281,0.144001,0.009311170317232609,0.732547,0.7849
2002/11/4 0:00,0.9789357781410217,1.8895646333694458,0.9939997792243958,0.961880624294281,0.144117,0.009311170317232609,0.731154,0.77823
2002/11/5 0:00,0.9789357781410217,1.8895646333694458,0.9939997792243958,0.967139482498169,0.14404,0.009311170317232609,0.734484,0.7837
2002/11/6 0:00,0.9789357781410217,1.8895646333694458,0.9939997792243958,0.961880624294281,0.14404,0.009311170317232609,0.734268,0.78315
2002/11/7 0:00,0.9789357781410217,1.8895646333694458,0.9939997792243958,0.961880624294281,0.144238,0.009311170317232609,0.733945,0.785645
2002/11/8 0:00,0.9789357781410217,1.8895646333694458,0.9939997792243958,0.961880624294281,0.1444,0.009311170317232609,0.73303,0.78265
2002/11/9 0:00,0.9789357781410217,1.8895646333694458,0.9939997792243958,0.9568380117416382,0.14414,0.009311170317232609,0.731636,0.76975
2002/11/10 0:00,0.9789357781410217,1.8895646333694458,0.9939997792243958,0.9568380117416382,0.143966,0.009311170317232609,0.732118,0.76735
2002/11/11 0:00,0.9789357781410217,1.8823336362838745,0.9939997792243958,0.9568380117416382,0.144442,0.009311170317232609,0.732762,0.75945
2002/11/12 0:00,0.9499214887619019,1.8688188791275024,0.9921599626541138,0.9609683752059937,0.144511,0.009311170317232609,0.728704,0.75235
2002/11/13 0:00,0.9499214887619019,1.8688188791275024,0.9921599626541138,0.9609683752059937,0.144553,0.009311170317232609,0.728916,0.755
2002/11/14 0:00,0.9499214887619019,1.8688188791275024,0.9921599626541138,0.9823141098022461,0.14477,0.009311170317232609,0.725163,0.7494
2002/11/15 0:00,0.9499214887619019,1.921781301498413,0.9957994818687439,0.9823141098022461,0.14415,0.009311170317232609,0.724973,0.749604
2002/11/16 0:00,0.9499214887619019,1.8688188791275024,0.9921599626541138,0.9609683752059937,0.144871,0.009311170317232609,0.728597,0.75337
2002/11/17 0:00,0.9789357781410217,1.8823336362838745,0.9939997792243958,0.9568380117416382,0.145108,0.009311170317232609,0.730994,0.75395
2002/11/18 0:00,0.9499214887619019,1.8688188791275024,0.9921599626541138,0.9568380117416382,0.145292,0.009311170317232609,0.72998,0.75635
2002/11/19 0:00,0.9499214887619019,1.8688188791275024,0.9921599626541138,0.9568380117416382,0.145376,0.009311170317232609,0.72998,0.76135
2002/11/20 0:00,0.9789357781410217,1.8823336362838745,0.9939997792243958,0.9568380117416382,0.145347,0.009311170317232609,0.732493,0.76055
2002/11/21 0:00,0.9789357781410217,1.8823336362838745,0.9939997792243958,0.9568380117416382,0.145471,0.009311170317232609,0.730887,0.75765
2002/11/22 0:00,0.9789357781410217,1.8823336362838745,0.9939997792243958,0.9568380117416382,0.145556,0.009311170317232609,0.731689,0.75905
2002/11/23 0:00,0.9499214887619019,1.8688188791275024,0.9921599626541138,0.9568380117416382,0.14566,0.009311170317232609,0.729874,0.75615
2002/11/24 0:00,0.9789357781410217,1.8823336362838745,0.9939997792243958,0.9568380117416382,0.145649,0.009311170317232609,0.732547,0.75475
2002/11/25 0:00,0.9789357781410217,1.8823336362838745,0.9939997792243958,0.9620968699455261,0.145873,0.009311170317232609,0.734819,0.760761
2002/11/26 0:00,0.9789357781410217,1.8823336362838745,0.9939997792243958,0.9620968699455261,0.145892,0.009311170317232609,0.734808,0.76045
2002/11/27 0:00,0.9789357781410217,1.8823336362838745,0.9939997792243958,0.9568380117416382,0.145849,0.009311170317232609,0.733945,0.7577
2002/11/28 0:00,0.9789357781410217,1.8823336362838745,0.9939997792243958,0.9753644466400146,0.145902,0.009311170317232609,0.736703,0.76073
2002/11/29 0:00,0.9789357781410217,1.8335285186767578,0.9939997792243958,0.9568380117416382,0.145962,0.009311170317232609,0.733837,0.75585
2002/11/30 0:00,0.9789357781410217,1.8823336362838745,0.9939997792243958,0.9620968699455261,0.145824,0.009311170317232609,0.7347,0.7593
2002/12/1 0:00,0.9789357781410217,1.8823336362838745,0.9939997792243958,0.9568380117416382,0.145802,0.009311170317232609,0.732605,0.750981
2002/12/2 0:00,0.9789357781410217,1.8823336362838745,0.9939997792243958,0.9568380117416382,0.145813,0.009311170317232609,0.73244,0.75123
2002/12/3 0:00,0.9789357781410217,1.8335285186767578,0.9939997792243958,0.9620968699455261,0.146067,0.009311170317232609,0.735245,0.756523
2002/12/4 0:00,0.9789357781410217,1.8335285186767578,0.9939997792243958,0.9620968699455261,0.146124,0.009311170317232609,0.735186,0.757765
2002/12/5 0:00,0.9789357781410217,1.8335285186767578,0.9939997792243958,0.9792085886001587,0.146291,0.009311170317232609,0.738334,0.761
2002/12/6 0:00,0.9789357781410217,1.779748797416687,0.9939997792243958,0.9792085886001587,0.146092,0.009311170317232609,0.739317,0.76427
2002/12/7 0:00,0.9789357781410217,1.609194040298462,0.9826614856719971,0.9931780099868774,0.14661,0.011706601828336716,0.74184,0.7716
2002/12/8 0:00,0.9789357781410217,1.609194040298462,0.9826614856719971,0.9931780099868774,0.146832,0.011706601828336716,0.74096,0.77095
2002/12/9 0:00,0.9789357781410217,1.768823266029358,0.9939997792243958,0.9822718501091003,0.146608,0.009379461407661438,0.740247,0.76455
2002/12/10 0:00,0.9427360892295837,1.9988,0.9866062998771667,0.9822718501091003,0.146662,0.009311170317232609,0.739919,0.7627
2002/12/11 0:00,0.9427360892295837,1.9976,0.9866062998771667,0.9792085886001587,0.146413,0.009311170317232609,0.739536,0.759745
2002/12/12 0:00,0.9427360892295837,1.99085,0.9866062998771667,0.9620968699455261,0.146591,0.009311170317232609,0.735998,0.7585
2002/12/13 0:00,0.9427360892295837,1.99729,0.9866062998771667,0.9568380117416382,0.146409,0.009311170317232609,0.733165,0.7452
2002/12/14 0:00,0.9427360892295837,1.98395,0.9866062998771667,0.9568380117416382,0.146439,0.009311170317232609,0.733999,0.7404
2002/12/15 0:00,0.9427360892295837,1.9897,0.9866062998771667,0.9893702864646912,0.146634,0.009311170317232609,0.73497,0.7419
2002/12/16 0:00,0.9427360892295837,1.980289,0.9866062998771667,0.9568380117416382,0.14649,0.009311170317232609,0.731203,0.735985
2002/12/17 0:00,0.9005787968635559,1.9804,0.9441022276878357,0.9537768363952637,0.146473,0.009245,0.730727,0.73745
2002/12/18 0:00,0.8263277411460876,1.9806,0.9446755051612854,0.9392011761665344,0.14643,0.009248,0.731154,0.73355
2002/12/19 0:00,0.8263277411460876,1.98155,0.9446755051612854,0.9392011761665344,0.146381,0.009262,0.731261,0.73395
2002/12/20 0:00,0.8217280507087708,1.97335,0.9493817687034607,0.95143,0.146145,0.00928,0.728544,0.7267
2002/12/21 0:00,0.8217280507087708,1.9622,0.9446755051612854,0.953971,0.14596,0.009246,0.728438,0.7306
2002/12/22 0:00,0.8217280507087708,1.9524,0.9493817687034607,0.948407,0.145864,0.009238,0.724953,0.72505
2002/12/23 0:00,0.8174528479576111,1.9498,0.9493817687034607,0.94422,0.14602,0.009136,0.723432,0.71955
2002/12/24 0:00,0.8155292868614197,1.9438,0.9450113773345947,0.940402,0.145717,0.009124,0.718236,0.71415
2002/12/25 0:00,0.7829279899597168,1.9208,0.8682364821434021,0.924633,0.14579,0.009081,0.710631,0.70035
2002/12/26 0:00,0.7829279899597168,1.91025,0.8682364821434021,0.92009,0.145821,0.009079,0.707864,0.69785
2002/12/27 0:00,0.7835837006568909,1.8934,0.8682364821434021,0.921362,0.145647,0.009211,0.710783,0.6867
2002/12/28 0:00,0.7829279899597168,1.8713,0.8682364821434021,0.922679,0.145832,0.009187,0.711339,0.6997
2002/12/29 0:00,0.7792729139328003,1.9216065406799316,0.8621348738670349,0.9127,0.145709,0.009098,0.708466,0.6981
2002/12/30 0:00,0.779026448726654,2.043316602706909,0.8621348738670349,0.912867,0.145556,0.009063,0.705667,0.7053
2002/12/31 0:00,0.8104824423789978,2.0523273944854736,0.9302939772605896,0.913242,0.145539,0.009089,0.707814,0.71335
2003/1/1 0:00,0.807439923286438,2.0523273944854736,0.9302939772605896,0.915877,0.145775,0.00911,0.707464,0.71475
2003/1/2 0:00,0.8104824423789978,2.0277276039123535,0.9302939772605896,0.911839,0.145898,0.009127,0.708316,0.71355
2003/1/3 0:00,0.8078786134719849,1.7458752393722534,0.9302939772605896,0.920387,0.146101,0.009224,0.710278,0.71915
2003/1/4 0:00,0.8308212757110596,1.812978744506836,0.95577,0.915137,0.146002,0.009165,0.706634,0.708399
2003/1/5 0:00,0.8343188762664795,1.812978744506836,0.952109,0.914119,0.146022,0.009161,0.706339,0.70675
2003/1/6 0:00,0.8330624103546143,1.9308286905288696,0.953812,0.908273,0.146028,0.009107,0.701066,0.69535
2003/1/7 0:00,0.8330624103546143,2.0316903591156006,0.95338,0.907812,0.146216,0.009104,0.704126,0.69835
2003/1/8 0:00,0.8330624103546143,2.0316903591156006,0.951117,0.910374,0.146404,0.009133,0.705318,0.70175
2003/1/9 0:00,0.8330624103546143,1.586199402809143,0.936838,0.907329,0.146098,0.009245,0.701811,0.694788
2003/1/10 0:00,0.85,1.575273871421814,0.936154,0.907688,0.146522,0.009253,0.702297,0.6959
2003/1/11 0:00,0.8269153237342834,1.5850569009780884,0.934973,0.903191,0.146349,0.009188,0.698714,0.6872
2003/1/12 0:00,0.8269153237342834,1.6208970546722412,0.940999,0.903383,0.146116,0.009229,0.696379,0.6847
2003/1/13 0:00,0.8075844645500183,1.5915043354034424,0.940371,0.902975,0.14183680713176727,0.009309,0.695894,0.6795
2003/1/14 0:00,0.8075844645500183,1.6036458015441895,0.944555,0.8921,0.1417819857597351,0.009192,0.699203,0.67655
2003/1/15 0:00,0.8039762377738953,1.5915043354034424,0.934798,0.882729,0.14234721660614014,0.009254,0.698422,0.66995
2003/1/16 0:00,0.8039762377738953,1.5915043354034424,0.93769,0.889126,0.14183680713176727,0.009309,0.698617,0.67485
2003/1/17 0:00,0.8039762377738953,1.5915043354034424,0.932705,0.882383,0.14234721660614014,0.009279,0.69667,0.6682
2003/1/18 0:00,0.81456059217453,1.5874733924865723,0.926741,0.877155,0.14631961286067963,0.009953679516911507,0.692449,0.6494
2003/1/19 0:00,0.81456059217453,1.5874733924865723,0.943931,0.891623,0.14631961286067963,0.009999671950936317,0.700231,0.66795
2003/1/20 0:00,0.81456059217453,1.5874733924865723,0.936768,0.894294,0.14631961286067963,0.009999671950936317,0.700427,0.66
2003/1/21 0:00,0.81456059217453,1.5874733924865723,0.933097,0.892853,0.14631961286067963,0.009869863279163837,0.69633,0.6593
2003/1/22 0:00,0.7643460035324097,1.5809413194656372,0.7346951961517334,0.895432,0.12033917009830475,0.009591781534254551,0.697399,0.655965
2003/1/23 0:00,0.7969070076942444,1.5914660692214966,0.7515150904655457,0.914955,0.145708367228508,0.009233145974576473,0.697837,0.673435
2003/1/24 0:00,0.79842209815979,1.651646614074707,0.7635579705238342,0.904527,0.13780800998210907,0.008976227603852749,0.6878506541252136,0.68875
2003/1/25 0:00,0.7817094326019287,1.646850347518921,0.7562535405158997,0.7804198265075684,0.12369552999734879,0.009063146077096462,0.6495364904403687,0.6903
2003/1/26 0:00,0.7628316283226013,1.646850347518921,0.7538284063339233,0.7804198265075684,0.12369552999734879,0.009063146077096462,0.6495364904403687,0.68095
2003/1/27 0:00,0.7628316283226013,1.646850347518921,0.7538284063339233,0.7804198265075684,0.12369552999734879,0.009063146077096462,0.6495364904403687,0.68405
2003/1/28 0:00,0.7628316283226013,1.646850347518921,0.7538284063339233,0.7804198265075684,0.12369552999734879,0.009063146077096462,0.6495364904403687,0.68335
2003/1/29 0:00,0.7817094326019287,1.646850347518921,0.7562535405158997,0.7804198265075684,0.12369552999734879,0.009063146077096462,0.6495364904403687,0.68605
2003/1/30 0:00,0.8378592133522034,1.6387056112289429,0.914054274559021,0.9338141679763794,0.1464240401983261,0.009617255069315434,0.6981909275054932,0.6933176517486572
2003/1/31 0:00,0.7620974183082581,1.627394199371338,0.7465934753417969,0.7955849766731262,0.1214803084731102,0.009407,0.6402419805526733,0.6783537268638611
2003/2/1 0:00,0.7620974183082581,1.627394199371338,0.7465934753417969,0.7955849766731262,0.1214803084731102,0.009444,0.6402419805526733,0.6783537268638611
2003/2/2 0:00,0.8378592133522034,1.6387056112289429,0.914054274559021,0.9338141679763794,0.1464240401983261,0.009617255069315434,0.6981909275054932,0.6933176517486572
2003/2/3 0:00,0.8378592133522034,1.667738914489746,0.914054274559021,0.886957,0.14003506302833557,0.008929812349379063,0.6966256499290466,0.6942659020423889
2003/2/4 0:00,0.707552433013916,1.667738914489746,0.736312210559845,0.872981,0.11936143040657043,0.011399106122553349,0.715495228767395,0.6594629883766174
2003/2/5 0:00,0.707552433013916,1.667738914489746,0.736312210559845,0.876724,0.11936143040657043,0.011399106122553349,0.715495228767395,0.6594629883766174
2003/2/6 0:00,0.8378592133522034,1.667738914489746,0.914054274559021,0.887619,0.14003506302833557,0.008929812349379063,0.6966256499290466,0.6942659020423889
2003/2/7 0:00,0.7645270824432373,1.667738914489746,0.842409610748291,0.883939,0.14003506302833557,0.008929812349379063,0.6961223483085632,0.6775347590446472
2003/2/8 0:00,0.6768,1.585603952407837,0.8196321129798889,0.884486,0.146287,0.010343817062675953,0.6676856875419617,0.5424527525901794
2003/2/9 0:00,0.6752,1.585603952407837,0.8196321129798889,0.881018,0.146306,0.010343817062675953,0.6676856875419617,0.5424527525901794
2003/2/10 0:00,0.70475,1.5992199182510376,0.8327555656433105,0.881135,0.146387,0.010343817062675953,0.681893527507782,0.609940230846405
2003/2/11 0:00,0.68355,1.5754673480987549,0.7857279181480408,0.881523,0.146331,0.010343817062675953,0.6624278426170349,0.5753053426742554
2003/2/12 0:00,0.6711,1.585603952407837,0.8196321129798889,0.882321,0.146329,0.010343817062675953,0.6676856875419617,0.5424527525901794
2003/2/13 0:00,0.69595,1.5470302104949951,0.846238,0.881446,0.146323,0.010343817062675953,0.676911,0.5669434666633606
2003/2/14 0:00,0.69625,1.5470302104949951,0.834986,0.868546,0.146419,0.010343817062675953,0.676453,0.5669434666633606
2003/2/15 0:00,0.6828,1.5334142446517944,0.819605,0.863968,0.146338,0.010343817062675953,0.673945,0.544485330581665
2003/2/16 0:00,0.61325,1.4598150253295898,0.781891,0.855103,0.146111,0.010454966686666012,0.66379,0.5240464806556702
2003/2/17 0:00,0.612,1.4598150253295898,0.776572,0.86494,0.145951,0.010454966686666012,0.662559,0.5240464806556702
2003/2/18 0:00,0.628235,1.4598150253295898,0.772022,0.859114,0.146224,0.010454966686666012,0.665292,0.5155346989631653
2003/2/19 0:00,0.666565,1.5643373727798462,0.812447,0.880708,0.146167,0.010343817062675953,0.667668,0.5424527525901794
2003/2/20 0:00,0.6723,1.5684840679168701,0.82203,0.877155,0.146237,0.010343817062675953,0.679579,0.5500057935714722
2003/2/21 0:00,0.681612,1.5684840679168701,0.842801,0.856142,0.146235,0.010343817062675953,0.675986,0.5500057935714722
2003/2/22 0:00,0.700505,1.582870364189148,0.869405,0.859767,0.146257,0.010343817062675953,0.679262,0.5828583836555481
2003/2/23 0:00,0.69296,1.582870364189148,0.867058,0.858155,0.146252,0.010343817062675953,0.679902,0.5828583836555481
2003/2/24 0:00,0.67165,1.5334142446517944,0.851172,0.857898,0.146447,0.010343817062675953,0.673083,0.544485330581665
2003/2/25 0:00,0.6789,1.5334142446517944,0.84832,0.852515,0.146557,0.010343817062675953,0.670511,0.544485330581665
2003/2/26 0:00,0.6844,1.5232776403427124,0.848824,0.851245,0.146505,0.01025427971035242,0.668494,0.5633470416069031
2003/2/27 0:00,0.6765,1.5334142446517944,0.836925,0.848752,0.146488,0.010343817062675953,0.670264,0.544485330581665
2003/2/28 0:00,0.65595,1.5334142446517944,0.829666,0.843135,0.146604,0.010343817062675953,0.664717,0.5317539572715759
2003/3/1 0:00,0.7211366295814514,1.5428835153579712,0.8142,0.845155,0.146419,0.010343817062675953,0.662603,0.5842449069023132
2003/3/2 0:00,0.7211366295814514,1.5684211254119873,0.81103,0.833924,0.146413,0.010343817062675953,0.658458,0.6001598238945007
2003/3/3 0:00,0.7045332193374634,1.5428835153579712,0.807885,0.83455,0.146535,0.010343817062675953,0.659283,0.5664917826652527
2003/3/4 0:00,0.7211366295814514,1.5684211254119873,0.81707,0.836037,0.146477,0.010343817062675953,0.657117,0.6001598238945007
2003/3/5 0:00,0.7211366295814514,1.5684211254119873,0.81641,0.833021,0.146512,0.010343817062675953,0.654279,0.6001598238945007
2003/3/6 0:00,0.7211366295814514,1.5684211254119873,0.808483,0.830361,0.146413,0.010343817062675953,0.655351,0.6001598238945007
2003/3/7 0:00,0.6869934797286987,1.4598150253295898,0.779114,0.819608,0.146291,0.010277234949171543,0.653445,0.5633470416069031
2003/3/8 0:00,0.6869934797286987,1.4598150253295898,0.789397,0.818733,0.146359,0.010277234949171543,0.654151,0.5633470416069031
2003/3/9 0:00,0.7211366295814514,1.5428835153579712,0.811359,0.832563,0.146512,0.010343817062675953,0.661726,0.5842449069023132
2003/3/10 0:00,0.7211366295814514,1.5428835153579712,0.814067,0.840513,0.146516,0.010343817062675953,0.662383,0.5842449069023132
2003/3/11 0:00,0.7211366295814514,1.5428835153579712,0.811392,0.833542,0.146441,0.010343817062675953,0.661857,0.5842449069023132
2003/3/12 0:00,0.7211366295814514,1.5428835153579712,0.809776,0.832626,0.146436,0.010343817062675953,0.662778,0.5842449069023132
2003/3/13 0:00,0.7211366295814514,1.5428835153579712,0.808211,0.823011,0.146501,0.010343817062675953,0.661419,0.5842449069023132
2003/3/14 0:00,0.7120691537857056,1.670849084854126,0.807852,0.827695,0.145243,0.008929812349379063,0.652997,0.625286340713501
2003/3/15 0:00,0.7347680926322937,1.490285038948059,0.804473,0.829731,0.145311,0.01069,0.653381,0.5987641215324402
2003/3/16 0:00,0.735693633556366,1.6032942533493042,0.8322734236717224,0.827198,0.145448,0.010718,0.65703,0.611626386642456
2003/3/17 0:00,0.7609847187995911,1.6032942533493042,0.8184045553207397,0.83633,0.145279,0.010817,0.655136,0.6156264543533325
2003/3/18 0:00,0.735693633556366,1.6032942533493042,0.8322734236717224,0.82021,0.14545,0.010779,0.656556,0.6005481481552124
2003/3/19 0:00,0.7364934086799622,1.48581,0.8139722943305969,0.831324,0.145349,0.010745,0.664099,0.5852493047714233
2003/3/20 0:00,0.7364934086799622,1.47775,0.8139722943305969,0.828706,0.145486,0.010812,0.664894,0.5852493047714233
2003/3/21 0:00,0.7364934086799622,1.483,0.8202399611473083,0.83633,0.145666,0.010767,0.667958,0.5852493047714233
2003/3/22 0:00,0.7364934086799622,1.49385,0.8202399611473083,0.840866,0.145966,0.010901,0.672789,0.5876858830451965
2003/3/23 0:00,0.7256158590316772,1.49565,0.8287781476974487,0.84987,0.146145,0.010948,0.671547,0.5876858830451965
2003/3/24 0:00,0.7378952503204346,1.529695,0.8202399611473083,0.863353,0.146,0.01102,0.677415,0.589012622833252
2003/3/25 0:00,0.7378952503204346,1.526975,0.8267162442207336,0.872372,0.146092,0.011104,0.679995,0.589012622833252
2003/3/26 0:00,0.863479733467102,1.545015,0.8964306116104126,0.921082,0.146257,0.011385,0.693193,0.694719672203064
2003/3/27 0:00,0.8611317276954651,1.5063,0.9033246040344238,0.927803,0.146316,0.011131,0.698227,0.6903458833694458
2003/3/28 0:00,0.8611317276954651,1.49555,0.8964306116104126,0.907647,0.146109,0.01122,0.684932,0.685411810874939
2003/3/29 0:00,0.7385318875312805,1.4811,0.8170151114463806,0.913977,0.145988,0.011104,0.69056,0.57465
2003/3/30 0:00,0.7385318875312805,1.47145,0.8105388283729553,0.921065,0.146017,0.011045,0.692473,0.5683
2003/3/31 0:00,0.7385318875312805,1.474975,0.8105388283729553,0.930735,0.146017,0.01104,0.691324,0.5744
2003/4/1 0:00,0.7385318875312805,1.47405,0.8105388283729553,0.927128,0.146017,0.011059,0.691372,0.57405
2003/4/2 0:00,0.7385318875312805,1.46645,0.8105388283729553,0.936637,0.146017,0.011033,0.690322,0.57995
2003/4/3 0:00,0.7385318875312805,1.45975,0.8134136199951172,0.9602,0.146066,0.011101,0.694782,0.5822
2003/4/4 0:00,0.7385318875312805,1.44191,0.8069373369216919,0.947733,0.146342,0.011063,0.69541,0.5769
2003/4/5 0:00,0.7385318875312805,1.446605,0.8069373369216919,0.938685,0.146342,0.011015,0.694203,0.5797
2003/4/6 0:00,0.7385318875312805,1.459,0.8069373369216919,0.940424,0.146342,0.011022,0.69541,0.58015
2003/4/7 0:00,0.7479763031005859,1.45345,0.7918171882629395,0.92554,0.146563,0.01086,0.687049,0.58875
2003/4/8 0:00,0.7287272810935974,1.467805,0.8152478933334351,0.900617,0.146381,0.01072,0.679163,0.58835
2003/4/9 0:00,0.742599368095398,1.49275,0.8017377853393555,0.896298,0.146274,0.010662,0.680133,0.59745
2003/4/10 0:00,0.754751980304718,1.51395,0.8070600032806396,0.909178,0.146346,0.010789,0.679302,0.5954
2003/4/11 0:00,0.7408798933029175,1.5191,0.8070600032806396,0.912326,0.146312,0.01096,0.676361,0.59315
2003/4/12 0:00,0.7626849412918091,1.51465,0.7471936345100403,0.897545,0.1504053771495819,0.011091,0.673355,0.58855
2003/4/13 0:00,0.7504055500030518,1.4838,0.7471936345100403,0.895977,0.13559459149837494,0.011212,0.672563,0.57975
2003/4/14 0:00,0.6827703714370728,1.45565,0.7105974555015564,0.889798,0.11848288774490356,0.011162,0.671727,0.5503
2003/4/15 0:00,0.6854627728462219,1.5341343879699707,0.7207602858543396,0.894534,0.11898558586835861,0.011197,0.669882,0.54275
2003/4/16 0:00,0.6529049873352051,1.559333086013794,0.7224975228309631,0.890468,0.11979033052921295,0.011162,0.667379,0.53125
2003/4/17 0:00,0.6800779700279236,1.5279597043991089,0.81031733751297,0.895175,0.146263,0.011021,0.671276,0.5416
2003/4/18 0:00,0.6800779700279236,1.46769118309021,0.8043210506439209,0.885347,0.14634,0.011064,0.668986,0.544565
2003/4/19 0:00,0.6475201845169067,1.5279597043991089,0.7683461308479309,0.871498,0.14618,0.011133,0.663262,0.52113
2003/4/20 0:00,0.6475201845169067,1.5279597043991089,0.7683461308479309,0.870815,0.146205,0.011342,0.664231,0.5203
2003/4/21 0:00,0.6475201845169067,1.5279597043991089,0.8055887222290039,0.866326,0.146261,0.01127,0.666667,0.5254
2003/4/22 0:00,0.6475201845169067,1.5279597043991089,0.7961438894271851,0.874279,0.146203,0.011204,0.667065,0.530383
2003/4/23 0:00,0.6475201845169067,1.5279597043991089,0.7961438894271851,0.881294,0.146205,0.011226,0.667067,0.52865
2003/4/24 0:00,0.6475201845169067,1.5279597043991089,0.7683461308479309,0.878002,0.146205,0.011261,0.663614,0.5283
2003/4/25 0:00,0.6800779700279236,1.5279597043991089,0.81031733751297,0.872334,0.146205,0.011146,0.667289,0.534235
2003/4/26 0:00,0.6475201845169067,1.5279597043991089,0.7683461308479309,0.86847,0.146205,0.011139,0.663174,0.51425
2003/4/27 0:00,0.6432071328163147,1.5279597043991089,0.771264374256134,0.859882,0.146205,0.01111,0.662208,0.5078
2003/4/28 0:00,0.6432071328163147,1.5279597043991089,0.771264374256134,0.858575,0.146007,0.01113,0.660284,0.50205
2003/4/29 0:00,0.6475201845169067,1.5279597043991089,0.7683461308479309,0.873859,0.146192,0.011186,0.664408,0.513355
2003/4/30 0:00,0.6432071328163147,1.4928898811340332,0.7777909636497498,0.863625,0.146383,0.011152,0.664099,0.51145
2003/5/1 0:00,0.6475201845169067,1.4928898811340332,0.7807092070579529,0.85859,0.146306,0.010917,0.665292,0.51845
2003/5/2 0:00,0.6475201845169067,1.4928898811340332,0.808506965637207,0.861809,0.146355,0.010888,0.66912,0.53115
2003/5/3 0:00,0.6780301332473755,1.5428147315979004,0.8173941373825073,0.860811,0.146205,0.010867379605770111,0.669075,0.53875
2003/5/4 0:00,0.6454723477363586,1.5077449083328247,0.7807092070579529,0.861946,0.146323,0.010818153619766235,0.664302,0.525209
2003/5/5 0:00,0.6454723477363586,1.5077449083328247,0.7807092070579529,0.859732,0.146295,0.010818153619766235,0.661626,0.520059
2003/5/6 0:00,0.6454723477363586,1.5077449083328247,0.7807092070579529,0.859919,0.146351,0.010818153619766235,0.661419,0.5222
2003/5/7 0:00,0.6515920758247375,1.5077449083328247,0.7807092070579529,0.860047,0.146501,0.010818153619766235,0.659333,0.516516
2003/5/8 0:00,0.6515920758247375,1.5077449083328247,0.7807092070579529,0.859956,0.146462,0.010818153619766235,0.659087,0.5196
2003/5/9 0:00,0.6436611413955688,1.5787407159805298,0.7273695468902588,0.849907,0.12078066170215607,0.00967559777200222,0.653702,0.50945
2003/5/10 0:00,0.6436611413955688,1.5787407159805298,0.7273695468902588,0.847565,0.121133953332901,0.009247050620615482,0.652955,0.50815
2003/5/11 0:00,0.6436611413955688,1.5629642009735107,0.688970148563385,0.6829664707183838,0.12138697504997253,0.0089308125898242,0.65505,0.51247
2003/5/12 0:00,0.6436611413955688,1.5787407159805298,0.7244513034820557,0.865688,0.12078066170215607,0.00967559777200222,0.653211,0.5069
2003/5/13 0:00,0.6436611413955688,1.5787407159805298,0.7273695468902588,0.85706,0.12078066170215607,0.00967559777200222,0.654493,0.50925
2003/5/14 0:00,0.6459263563156128,1.5787407159805298,0.7273695468902588,0.861991,0.12078066170215607,0.00967559777200222,0.657354,0.514165
2003/5/15 0:00,0.6478,1.5787407159805298,0.7273695468902588,0.858516,0.12078066170215607,0.00967559777200222,0.653894,0.51165
2003/5/16 0:00,0.6506,1.5077449083328247,0.7807092070579529,0.858185,0.146272,0.010818153619766235,0.650195,0.5095
2003/5/17 0:00,0.642,1.5428147315979004,0.7730312347412109,0.854518,0.146222,0.010907690972089767,0.647207,0.5025
2003/5/18 0:00,0.62985,1.5428147315979004,0.7730312347412109,0.852232,0.146084,0.010907690972089767,0.642302,0.49225
2003/5/19 0:00,0.6409,1.5428147315979004,0.7730312347412109,0.850847,0.146152,0.010907690972089767,0.645328,0.49765
2003/5/20 0:00,0.65015,1.5428147315979004,0.7730312347412109,0.850304,0.146126,0.010907690972089767,0.647165,0.5065
2003/5/21 0:00,0.6366,1.5428147315979004,0.7730312347412109,0.854555,0.146169,0.010907690972089767,0.643376,0.49755
2003/5/22 0:00,0.64055,1.5428147315979004,0.7730312347412109,0.863148,0.146199,0.010907690972089767,0.647124,0.5023
2003/5/23 0:00,0.6321,1.5428147315979004,0.7730312347412109,0.862999,0.146165,0.010907690972089767,0.645619,0.4932
2003/5/24 0:00,0.6448,1.5428147315979004,0.7701129913330078,0.864715,0.146195,0.010907690972089767,0.651042,0.50115
2003/5/25 0:00,0.647765,1.5428147315979004,0.7701129913330078,0.864383,0.146173,0.010907690972089767,0.653467,0.50615
2003/5/26 0:00,0.65196,1.5428147315979004,0.7772548794746399,0.841885,0.146224,0.010907690972089767,0.653637,0.51904
2003/5/27 0:00,0.656196,1.6135740280151367,0.8318261504173279,0.840822,0.146214,0.010907690972089767,0.600799,0.523574
2003/5/28 0:00,0.65905,1.5428147315979004,0.7861682176589966,0.84311,0.146235,0.010907690972089767,0.651593,0.5295
2003/5/29 0:00,0.6604,1.5428147315979004,0.7956130504608154,0.845523,0.146261,0.010907690972089767,0.653189,0.5298
2003/5/30 0:00,0.6778,1.4825462102890015,0.78667813539505,0.877116,0.14631,0.01097852922976017,0.660502,0.54435
2003/5/31 0:00,0.6856,1.4474,0.7843859791755676,0.889442,0.14649,0.01097852922976017,0.661879,0.5553
2003/6/1 0:00,0.696,1.45095,0.7962825894355774,0.889442,0.146484,0.01097852922976017,0.661682,0.5639
2003/6/2 0:00,0.7076,1.46315,0.7865597605705261,0.890076,0.146331,0.01097852922976017,0.6645312905311584,0.5733
2003/6/3 0:00,0.6964,1.46785,0.7851930856704712,0.884212,0.146428,0.01097852922976017,0.6620285511016846,0.56015
2003/6/4 0:00,0.7006,1.4595,0.7865597605705261,0.891186,0.146394,0.01097852922976017,0.6763024926185608,0.5707
2003/6/5 0:00,0.70205,1.4498,0.7865597605705261,0.887154,0.146372,0.01097852922976017,0.6645312905311584,0.579
2003/6/6 0:00,0.68565,1.42115,0.7732964754104614,0.871612,0.146372,0.01097852922976017,0.6620285511016846,0.562845
2003/6/7 0:00,0.6806,1.42485,0.7732964754104614,0.86904,0.146293,0.01097852922976017,0.6620285511016846,0.5617
2003/6/8 0:00,0.6924,1.42995,0.7889525294303894,0.877443,0.146278,0.01097852922976017,0.657419,0.5687
2003/6/9 0:00,0.693,1.4392,0.7889525294303894,0.871042,0.146327,0.01097852922976017,0.657009,0.5612
2003/6/10 0:00,0.7165,1.472585,0.8125566244125366,0.881718,0.146316,0.01097852922976017,0.666178,0.58063
2003/6/11 0:00,0.7174,1.4887,0.8015894293785095,0.886918,0.146295,0.01097852922976017,0.664408,0.5927
2003/6/12 0:00,0.71265,1.47465,0.806842,0.879662,0.14631,0.01097852922976017,0.66357,0.5874
2003/6/13 0:00,0.712655,1.475115,0.807696,0.874967,0.146299,0.01097852922976017,0.66072,0.575965
2003/6/14 0:00,0.716306,1.461265,0.814759,0.86297,0.146306,0.01097852922976017,0.659804,0.580112
2003/6/15 0:00,0.7198,1.46575,0.813339,0.866213,0.146295,0.01097852922976017,0.6595,0.58085
2003/6/16 0:00,0.728371,1.490237,0.826898,0.878162,0.146349,0.01097852922976017,0.668165,0.585391
2003/6/17 0:00,0.722773,1.499019,0.830595,0.87311,0.146346,0.01097852922976017,0.665642,0.575507
2003/6/18 0:00,0.7284,1.4996,0.830875,0.874814,0.146359,0.01097852922976017,0.666311,0.58105
2003/6/19 0:00,0.7236,1.480475,0.824776,0.857339,0.146357,0.01097852922976017,0.665735,0.5701
2003/6/20 0:00,0.6963,1.454,0.807396,0.855395,0.146349,0.01097852922976017,0.662011,0.5504
2003/6/21 0:00,0.71237,1.46988,0.81077,0.858141,0.146479,0.01097852922976017,0.664452,0.5651
2003/6/22 0:00,0.70527,1.4489,0.806699,0.859321,0.146424,0.01097852922976017,0.663438,0.5554
2003/6/23 0:00,0.7195,1.46625,0.825457,0.879624,0.146479,0.01097852922976017,0.669882,0.56695
2003/6/24 0:00,0.71144,1.4636,0.819884,0.864827,0.146494,0.01097852922976017,0.668226,0.5661
2003/6/25 0:00,0.7067,1.4633,0.820412,0.875051,0.146464,0.01097852922976017,0.668092,0.55885
2003/6/26 0:00,0.725455,1.47701,0.831241,0.858262836933136,0.14652,0.01097852922976017,0.673673,0.5717
2003/6/27 0:00,0.7264,1.478595,0.837065,0.858262836933136,0.146638,0.01097852922976017,0.674263,0.564735
2003/6/28 0:00,0.73015,1.49125,0.843384,0.858262836933136,0.146638,0.01097852922976017,0.674992,0.57
2003/6/29 0:00,0.73875,1.497115,0.849542,0.858262836933136,0.146531,0.01097852922976017,0.678841,0.57415
2003/6/30 0:00,0.7418,1.5089,0.850568,0.858262836933136,0.146656,0.010777842253446579,0.678771,0.5807
2003/7/1 0:00,0.75425,1.5012,0.854555,0.8710805773735046,0.146589,0.01097852922976017,0.679394,0.5909
2003/7/2 0:00,0.761320173740387,1.5241,0.868961,0.8710805773735046,0.146606,0.010777842253446579,0.685448,0.5978
2003/7/3 0:00,0.761320173740387,1.521685,0.869452,0.8710805773735046,0.146606,0.01025427971035242,0.684697,0.6066
2003/7/4 0:00,0.761320173740387,1.5149,0.861401,0.8710805773735046,0.146593,0.01025427971035242,0.683667,0.6057
2003/7/5 0:00,0.761320173740387,1.530936,0.863306,0.9226052165031433,0.146606,0.010076384991407394,0.687654,0.606306
2003/7/6 0:00,0.7673882842063904,1.5225,0.853461,0.8669023513793945,0.146548,0.01025427971035242,0.68292,0.6546816229820251
2003/7/7 0:00,0.7673882842063904,1.516751,0.849474,0.8669023513793945,0.146402,0.01025427971035242,0.679781,0.6384084820747375
2003/7/8 0:00,0.7673882842063904,1.5477,0.864521,0.8669023513793945,0.146518,0.010343817062675953,0.68362,0.6546816229820251
2003/7/9 0:00,0.8084797859191895,1.573377,0.875937,0.9687054753303528,0.146424,0.009552910923957825,0.685628,0.6910682916641235
2003/7/10 0:00,0.8522318601608276,1.588889,0.890025,0.9680923819541931,0.146533,0.010620777495205402,0.693849,0.6933252811431885
2003/7/11 0:00,0.8522318601608276,1.592,0.892061,0.9680923819541931,0.146533,0.010620777495205402,0.693289,0.6933252811431885
2003/7/12 0:00,0.8522318601608276,1.5908,0.88851,0.9561030268669128,0.146544,0.010653860867023468,0.691085,0.6933252811431885
2003/7/13 0:00,0.8522318601608276,1.59341,0.892303,0.9480457901954651,0.146426,0.010653860867023468,0.690274,0.7036378383636475
2003/7/14 0:00,0.8522318601608276,1.6055,0.899535,0.9480457901954651,0.146424,0.010653860867023468,0.689037,0.7046692371368408
2003/7/15 0:00,0.8522318601608276,1.5882,0.894779,0.9480457901954651,0.146449,0.010653860867023468,0.6879,0.6889344453811646
2003/7/16 0:00,0.9287884831428528,1.621386,0.919604,1.0612298250198364,0.146455,0.010438753291964531,0.7829914689064026,0.7692344188690186
2003/7/17 0:00,0.9287884831428528,1.643815,0.916632,1.0612298250198364,0.146449,0.010438753291964531,0.7829914689064026,0.7790793776512146
2003/7/18 0:00,0.9287884831428528,1.65855,0.924471,1.0612298250198364,0.146417,0.010384371504187584,0.7829914689064026,0.7790793776512146
2003/7/19 0:00,0.8673303127288818,1.628585,0.904895,0.9563614130020142,0.146449,0.010438753291964531,0.7125247716903687,0.736229419708252
2003/7/20 0:00,0.8904383182525635,1.61,0.908802,0.9798046350479126,0.14634,0.010351,0.7081155776977539,0.7534034848213196
2003/7/21 0:00,0.8493832349777222,1.598,0.893575,0.9415788054466248,0.146359,0.010119,0.699941098690033,0.6922862529754639
2003/7/22 0:00,0.8493832349777222,1.60905,0.897585,0.9289155006408691,0.146291,0.010197,0.6970217823982239,0.6933176517486572
2003/7/23 0:00,0.8493832349777222,1.630808,0.90559,0.9289155006408691,0.146348,0.01028,0.6970217823982239,0.6933176517486572
2003/7/24 0:00,0.8493832349777222,1.63329,0.901969,0.9289155006408691,0.146346,0.010192,0.6970217823982239,0.6933176517486572
2003/7/25 0:00,0.8904383182525635,1.6546,0.90996,0.9556057453155518,0.146252,0.010221,0.7081155776977539,0.7597101330757141
2003/7/26 0:00,0.8493832349777222,1.64295,0.894614,0.9289155006408691,0.14634,0.010164,0.6970217823982239,0.6933176517486572
2003/7/27 0:00,0.8493832349777222,1.6256,0.880359,0.9289155006408691,0.14625,0.010196,0.6970217823982239,0.6933176517486572
2003/7/28 0:00,0.8493832349777222,1.641885,0.88169,0.9289155006408691,0.146327,0.010353,0.6970217823982239,0.6933176517486572
2003/7/29 0:00,0.8493832349777222,1.63669,0.887057,0.9289155006408691,0.146295,0.010377,0.6970217823982239,0.6933176517486572
2003/7/30 0:00,0.8493832349777222,1.653783,0.885905,0.9289155006408691,0.146263,0.010401,0.6970217823982239,0.6933176517486572
2003/7/31 0:00,0.8493832349777222,1.64718,0.879275,0.9289155006408691,0.146272,0.010435,0.6970217823982239,0.6933176517486572
2003/8/1 0:00,0.7849332690238953,1.6308,0.866664,0.916954755783081,0.146306,0.010483,0.7032923102378845,0.6820040941238403
2003/8/2 0:00,0.7849332690238953,1.64515,0.869497,0.916954755783081,0.146252,0.010472,0.7032923102378845,0.6820040941238403
2003/8/3 0:00,0.7864618301391602,1.64235,0.865643,0.911162,0.146338,0.010435,0.7032923102378845,0.6820040941238403
2003/8/4 0:00,0.7864618301391602,1.63505,0.862813,0.913684,0.146308,0.010401,0.7032923102378845,0.6820040941238403
2003/8/5 0:00,0.7864618301391602,1.65265,0.867227,0.922126,0.146323,0.010499,0.7024126052856445,0.6820040941238403
2003/8/6 0:00,0.7864618301391602,1.65265,0.867227,0.922637,0.146323,0.010499,0.7024126052856445,0.6820040941238403
2003/8/7 0:00,0.7864618301391602,1.654205,0.864192,0.921799,0.14631,0.010423,0.7024126052856445,0.6820040941238403
2003/8/8 0:00,0.794013500213623,1.641913,0.870097,0.928175,0.146302,0.010353,0.7024126052856445,0.6820656657218933
2003/8/9 0:00,0.7864618301391602,1.641849,0.86385,0.922657,0.146332,0.01041,0.7024126052856445,0.6820040941238403
2003/8/10 0:00,0.7718712687492371,1.628,0.860733,0.920107,0.146364,0.010140729136765003,0.7024126052856445,0.6820040941238403
2003/8/11 0:00,0.7718712687492371,1.60759,0.857229,0.91781,0.146334,0.010140729136765003,0.7024126052856445,0.6820040941238403
2003/8/12 0:00,0.8668614625930786,1.60078,0.9055332541465759,0.91529,0.146334,0.010438753291964531,0.7006925940513611,0.7303853034973145
2003/8/13 0:00,0.8668614625930786,1.634014,0.9145923852920532,0.928203,0.14634,0.010438753291964531,0.7015740275382996,0.736229419708252
2003/8/14 0:00,0.8668614625930786,1.619355,0.920213520526886,0.921999,0.146355,0.010438753291964531,0.7015740275382996,0.736229419708252
2003/8/15 0:00,0.8668614625930786,1.621547,0.9183281660079956,0.920429,0.146355,0.010438753291964531,0.7015740275382996,0.736229419708252
2003/8/16 0:00,0.8668614625930786,1.61535,0.920213520526886,0.920768,0.146355,0.010438753291964531,0.7015740275382996,0.736229419708252
2003/8/17 0:00,0.8668614625930786,1.62091,0.920213520526886,0.922552,0.14634,0.010438753291964531,0.7015740275382996,0.736229419708252
2003/8/18 0:00,0.8668614625930786,1.63191,0.9145923852920532,0.918493,0.146351,0.010438753291964531,0.7015740275382996,0.736229419708252
2003/8/19 0:00,0.8668614625930786,1.641699,0.9145923852920532,0.929627,0.146359,0.010438753291964531,0.7015740275382996,0.736229419708252
2003/8/20 0:00,0.8668614625930786,1.645116,0.9145923852920532,0.929774,0.146381,0.010438753291964531,0.7015740275382996,0.736229419708252
2003/8/21 0:00,0.8604801893234253,1.633947,0.9108261466026306,0.930233,0.146385,0.010612,0.6998128890991211,0.7046692371368408
2003/8/22 0:00,0.8604801893234253,1.6332,0.9108261466026306,0.928893,0.146385,0.010618,0.6998128890991211,0.7046692371368408
2003/8/23 0:00,0.8604801893234253,1.633747,0.9108261466026306,0.929152,0.146385,0.010611,0.6998128890991211,0.7046692371368408
2003/8/24 0:00,0.8604801893234253,1.652114,0.9108261466026306,0.93576,0.146355,0.010617,0.6998128890991211,0.7046692371368408
2003/8/25 0:00,0.8604801893234253,1.640891,0.9108261466026306,0.934964,0.146376,0.01069,0.6998128890991211,0.7046692371368408
2003/8/26 0:00,0.8584975600242615,1.647487,0.9108261466026306,0.939086,0.146379,0.010678,0.6975249648094177,0.7046692371368408
2003/8/27 0:00,0.8604801893234253,1.652101,0.9108261466026306,0.932053,0.146376,0.010497,0.6998128890991211,0.7362464666366577
2003/8/28 0:00,0.8604801893234253,1.645292,0.9108261466026306,0.935252,0.146359,0.010549,0.6998128890991211,0.7362464666366577
2003/8/29 0:00,0.8604801893234253,1.643007,0.9108261466026306,0.932966,0.146359,0.01055,0.6998128890991211,0.7362464666366577
2003/8/30 0:00,0.8604801893234253,1.643007,0.9108261466026306,0.932966,0.146359,0.01055,0.6998128890991211,0.7362464666366577
2003/8/31 0:00,0.8604801893234253,1.649253,0.9108261466026306,0.933228,0.146383,0.01051,0.6998128890991211,0.7362464666366577
2003/9/1 0:00,0.8604801893234253,1.641915,0.9108261466026306,0.929316,0.146394,0.010583,0.6998128890991211,0.7362464666366577
2003/9/2 0:00,0.8604801893234253,1.636996,0.9108261466026306,0.917204,0.146361,0.010528,0.6998128890991211,0.7314337491989136
2003/9/3 0:00,0.8604801893234253,1.650002,0.9108261466026306,0.919587,0.146357,0.010449,0.6998128890991211,0.7362464666366577
2003/9/4 0:00,0.8604801893234253,1.670551,0.9108261466026306,0.936812,0.146368,0.010555,0.7003160715103149,0.7362464666366577
2003/9/5 0:00,0.8604801893234253,1.671305,0.9108261466026306,0.935979,0.146368,0.010563,0.6998128890991211,0.7362464666366577
2003/9/6 0:00,0.8604801893234253,1.671305,0.9108261466026306,0.935979,0.146368,0.010563,0.6998128890991211,0.7362464666366577
2003/9/7 0:00,0.8584975600242615,1.69608,0.9108261466026306,0.943931,0.146391,0.010499,0.699941098690033,0.7362464666366577
2003/9/8 0:00,0.8584975600242615,1.692391,0.9108261466026306,0.943009,0.146406,0.010505,0.699941098690033,0.7362464666366577
2003/9/9 0:00,0.8584975600242615,1.702751,0.9108261466026306,0.943352,0.146376,0.010552,0.699941098690033,0.7362464666366577
2003/9/10 0:00,0.8589516282081604,1.677501,0.9108261466026306,0.9363160729408264,0.146385,0.010463,0.6970217823982239,0.7362464666366577
2003/9/11 0:00,0.8589516282081604,1.668001,0.9108261466026306,0.9363160729408264,0.146374,0.010244,0.6970217823982239,0.7362464666366577
2003/9/12 0:00,0.8589516282081604,1.669254,0.9108261466026306,0.9363160729408264,0.146374,0.010262,0.6970217823982239,0.7362464666366577
2003/9/13 0:00,0.8589516282081604,1.669254,0.9108261466026306,0.9363160729408264,0.146374,0.010262,0.6970217823982239,0.7362464666366577
2003/9/14 0:00,0.8589516282081604,1.644047,0.8961458802223206,0.9289155006408691,0.146312,0.010294,0.6970217823982239,0.7362464666366577
2003/9/15 0:00,0.8589516282081604,1.647446,0.8961458802223206,0.9289155006408691,0.146306,0.010423,0.6970217823982239,0.7362464666366577
2003/9/16 0:00,0.8589516282081604,1.653357,0.8961458802223206,0.9289155006408691,0.146304,0.010401,0.6970217823982239,0.7362464666366577
2003/9/17 0:00,0.8589516282081604,1.658059,0.9108261466026306,0.9289155006408691,0.146338,0.010512,0.6970217823982239,0.7362464666366577
2003/9/18 0:00,0.8589516282081604,1.652811,0.9108261466026306,0.9289155006408691,0.14634,0.010534,0.6970217823982239,0.7362464666366577
2003/9/19 0:00,0.8589516282081604,1.652811,0.9108261466026306,0.9289155006408691,0.14634,0.010534,0.6970217823982239,0.7362464666366577
2003/9/20 0:00,0.8589516282081604,1.63223,0.8961458802223206,0.9289155006408691,0.146267,0.010599,0.6970217823982239,0.7046692371368408
2003/9/21 0:00,0.7569398283958435,1.634949,0.836321234703064,0.916954755783081,0.146308,0.010546,0.7017495036125183,0.669591
2003/9/22 0:00,0.7615537643432617,1.656589,0.836321234703064,0.8917360305786133,0.146316,0.010561,0.6969112753868103,0.673696
2003/9/23 0:00,0.7723150253295898,1.655752,0.836321234703064,0.8917360305786133,0.146276,0.01065,0.6969112753868103,0.675014
2003/9/24 0:00,0.7605435252189636,1.650219,0.7538284063339233,0.863050103187561,0.12595157325267792,0.010626,0.6509632468223572,0.675836
2003/9/25 0:00,0.7605435252189636,1.648805,0.7538284063339233,0.863050103187561,0.12595157325267792,0.010597,0.6509632468223572,0.682105
2003/9/26 0:00,0.7605435252189636,1.65041,0.7538284063339233,0.863050103187561,0.12595157325267792,0.010595,0.6509632468223572,0.682501
2003/9/27 0:00,0.7605435252189636,1.65041,0.7538284063339233,0.863050103187561,0.12595157325267792,0.010595,0.6509632468223572,0.682501
2003/9/28 0:00,0.7973495125770569,1.640406,0.8660447597503662,0.9189605712890625,0.146381,0.010586,0.705020010471344,0.686153
2003/9/29 0:00,0.7723150253295898,1.634414,0.836321234703064,0.8917360305786133,0.146376,0.010631,0.6969112753868103,0.684346
2003/9/30 0:00,0.7723150253295898,1.621652,0.8155937194824219,0.8917360305786133,0.146383,0.010608,0.6878506541252136,0.680342
2003/10/1 0:00,0.7723150253295898,1.620444,0.8155937194824219,0.8917360305786133,0.146374,0.01067,0.6878506541252136,0.683457
2003/10/2 0:00,0.7973495125770569,1.629208,0.8516098260879517,0.9189605712890625,0.146387,0.010691,0.705020010471344,0.685049
2003/10/3 0:00,0.7973495125770569,1.627353,0.844915509223938,0.9189605712890625,0.146387,0.010691,0.705020010471344,0.686412
2003/10/4 0:00,0.7973495125770569,1.6328,0.8660447597503662,0.9189605712890625,0.146387,0.010886,0.7040448188781738,0.686412
2003/10/5 0:00,0.8086348176002502,1.62885,0.9259135723114014,0.9092735648155212,0.146402,0.009617352858185768,0.7017495036125183,0.685354
2003/10/6 0:00,0.7750901579856873,1.5900970697402954,0.8358047008514404,0.8804807066917419,0.146404,0.010343817062675953,0.6833938956260681,0.67415
2003/10/7 0:00,0.8482827544212341,1.5935113430023193,0.904407262802124,0.9450773000717163,0.146396,0.010230837389826775,0.699941098690033,0.7038455605506897
2003/10/8 0:00,0.839772,1.5935113430023193,0.904407262802124,0.93101966381073,0.146398,0.009617255069315434,0.6981909275054932,0.6922862529754639
2003/10/9 0:00,0.851752,1.5935113430023193,0.904407262802124,0.9450773000717163,0.146402,0.010230837389826775,0.699941098690033,0.7352150678634644
2003/10/10 0:00,0.848428,1.5935113430023193,0.904407262802124,0.9450773000717163,0.146402,0.010230837389826775,0.699941098690033,0.7038455605506897
2003/10/11 0:00,0.851571,1.5935113430023193,0.904407262802124,0.9450773000717163,0.146402,0.010230837389826775,0.699941098690033,0.7352150678634644
2003/10/12 0:00,0.856384,1.6225446462631226,0.912229061126709,0.943218,0.146406,0.010388316586613655,0.699941098690033,0.7362464666366577
2003/10/13 0:00,0.863483,1.6116191148757935,0.9167788624763489,0.9568,0.146464,0.010438753291964531,0.7125247716903687,0.736229419708252
2003/10/14 0:00,0.862515,1.6225446462631226,0.912229061126709,0.959785,0.146451,0.010438753291964531,0.7125247716903687,0.7362464666366577
2003/10/15 0:00,0.863931,1.6225446462631226,0.912229061126709,0.964288,0.146426,0.010438753291964531,0.7081155776977539,0.736229419708252
2003/10/16 0:00,0.863894,1.6116191148757935,0.9167788624763489,0.963428,0.146471,0.010438753291964531,0.7125247716903687,0.736229419708252
2003/10/17 0:00,0.86285,1.6116191148757935,0.9167788624763489,0.963855,0.146471,0.010438753291964531,0.7125247716903687,0.736229419708252
2003/10/18 0:00,0.862589,1.6116191148757935,0.9167788624763489,0.964041,0.146471,0.010438753291964531,0.7125247716903687,0.7362464666366577
2003/10/19 0:00,0.859107,1.6225446462631226,0.912229061126709,0.965531,0.146441,0.010438753291964531,0.699941098690033,0.7362464666366577
2003/10/20 0:00,0.863632,1.6225446462631226,0.912229061126709,0.967165,0.146434,0.010438753291964531,0.7081155776977539,0.736229419708252
2003/10/21 0:00,0.873401,1.6116191148757935,0.9330464005470276,0.96918,0.146469,0.010438753291964531,0.7178077697753906,0.7392780780792236
2003/10/22 0:00,0.871004,1.6116191148757935,0.9228779673576355,0.971204,0.146486,0.010438753291964531,0.7125247716903687,0.7392780780792236
2003/10/23 0:00,0.868621,1.5935113430023193,0.920213520526886,0.9661470651626587,0.146454,0.010438753291964531,0.7125247716903687,0.7351980209350586
2003/10/24 0:00,0.866964,1.62685,0.9183281660079956,0.9563614130020142,0.146454,0.010438753291964531,0.7125247716903687,0.736229419708252
2003/10/25 0:00,0.866964,1.62685,0.9183281660079956,0.9563614130020142,0.146454,0.010438753291964531,0.7125247716903687,0.736229419708252
2003/10/26 0:00,0.863222,1.621113,0.9141144156455994,0.9616241455078125,0.146436,0.010438753291964531,0.7081155776977539,0.736229419708252
2003/10/27 0:00,0.8744383454322815,1.636193,0.9274252653121948,0.976563,0.146477,0.010438753291964531,0.7125247716903687,0.7392780780792236
2003/10/28 0:00,0.8744383454322815,1.641457,0.9274252653121948,0.976944,0.146497,0.010438753291964531,0.7125247716903687,0.7392780780792236
2003/10/29 0:00,0.8744383454322815,1.603849,0.9330464005470276,0.969086,0.146482,0.010438753291964531,0.7178077697753906,0.7382466793060303
2003/10/30 0:00,0.8744383454322815,1.594451,0.9303819537162781,0.971487,0.146436,0.010438753291964531,0.7110781073570251,0.7382466793060303
2003/10/31 0:00,0.8744383454322815,1.597444,0.9303819537162781,0.973236,0.146436,0.010438753291964531,0.7110781073570251,0.7382466793060303
2003/11/1 0:00,0.8744383454322815,1.597444,0.9303819537162781,0.973236,0.146436,0.010438753291964531,0.7110781073570251,0.7382466793060303
2003/11/2 0:00,0.9152056574821472,1.587591,0.919244,0.968664,0.146451,0.010438753291964531,0.714400589466095,0.7525755763053894
2003/11/3 0:00,0.9152056574821472,1.595202,0.922016,0.964841,0.146464,0.010438753291964531,0.714400589466095,0.7534034848213196
2003/11/4 0:00,0.9152056574821472,1.600256,0.93541,0.96493,0.14649,0.01122266799211502,0.7173631191253662,0.7277358770370483
2003/11/5 0:00,0.9152056574821472,1.594896,0.925583,0.960108,0.146488,0.010438753291964531,0.714400589466095,0.7534034848213196
2003/11/6 0:00,0.9152056574821472,1.595202,0.925283,0.968476,0.146488,0.010438753291964531,0.714400589466095,0.7534034848213196
2003/11/7 0:00,0.9152056574821472,1.587654,0.923788,0.963206,0.14698927104473114,0.010438753291964531,0.714400589466095,0.7525755763053894
2003/11/8 0:00,0.9157748818397522,1.587654,0.923788,0.963206,0.14654935896396637,0.01086090225726366,0.706714,0.7269079685211182
2003/11/9 0:00,0.9157748818397522,1.594795,0.931749,0.96857,0.15095794200897217,0.010632261633872986,0.709522,0.7299065589904785
2003/11/10 0:00,0.9157748818397522,1.592902,0.945104,0.974991,0.1518203169107437,0.0112104881554842,0.71375,0.7190560698509216
2003/11/11 0:00,0.9157748818397522,1.59052,0.941531,0.967165,0.1515231728553772,0.011265470646321774,0.713419,0.7182281613349915
2003/11/12 0:00,0.9157748818397522,1.610397,0.949834,0.976796,0.1518203169107437,0.0112104881554842,0.719735,0.7190560698509216
2003/11/13 0:00,0.9251146912574768,1.58715,0.958359,0.967258,0.1515231728553772,0.0112104881554842,0.71736,0.7353085279464722
2003/11/14 0:00,0.9251146912574768,1.589547,0.959693,0.972668,0.1515231728553772,0.0112104881554842,0.716435,0.7353085279464722
2003/11/15 0:00,0.9251146912574768,1.589547,0.959693,0.972668,0.1515231728553772,0.0112104881554842,0.716435,0.7353085279464722
2003/11/16 0:00,0.9385204911231995,1.579317,0.967413,0.975229,0.15238554775714874,0.0112104881554842,0.715564,0.7422983646392822
2003/11/17 0:00,0.9379422664642334,1.5886,0.970167,0.97766,0.15238554775714874,0.0112104881554842,0.715333,0.7422983646392822
2003/11/18 0:00,0.9511599540710449,1.596857,0.973047,0.983043,0.1518203169107437,0.011274553835391998,0.718571,0.7537160515785217
2003/11/19 0:00,0.9379422664642334,1.625303,0.968335,0.984882,0.1518203169107437,0.0112104881554842,0.719709,0.7537160515785217
2003/11/20 0:00,0.9379422664642334,1.634454,0.963855,0.981595,0.1518203169107437,0.0112104881554842,0.718184,0.7537160515785217
2003/11/21 0:00,0.9379422664642334,1.635256,0.964878,0.981981,0.1518203169107437,0.0112104881554842,0.71821,0.7537160515785217
2003/11/22 0:00,0.9379422664642334,1.635256,0.964878,0.981981,0.1518203169107437,0.0112104881554842,0.71821,0.7537160515785217
2003/11/23 0:00,0.950718879699707,1.641591,0.970403,0.988093,0.1518203169107437,0.01125593762844801,0.719891,0.7537160515785217
2003/11/24 0:00,0.920471,1.634949,0.953039,0.986145,0.1518203169107437,0.0112104881554842,0.71623,0.7361364364624023
2003/11/25 0:00,0.929109,1.660247,0.961677,0.994481,0.1518203169107437,0.011156106367707253,0.719062,0.758754
2003/11/26 0:00,0.92366,1.661406,0.953698,0.993345,0.1518203169107437,0.011156106367707253,0.717026,0.75429
2003/11/27 0:00,0.925198,1.632693,0.95143,0.993789,0.1518203169107437,0.0112104881554842,0.717824,0.756344
2003/11/28 0:00,0.921999,1.630803,0.949307,0.991375,0.1518203169107437,0.0112104881554842,0.716872,0.754546
2003/11/29 0:00,0.921999,1.630803,0.949307,0.991375,0.1518203169107437,0.0112104881554842,0.716872,0.754546
2003/11/30 0:00,0.91878,1.633547,0.940468,0.984204,0.1518203169107437,0.011265470646321774,0.715896,0.748811
2003/12/1 0:00,0.915206,1.634548,0.939161,0.97682,0.1518203169107437,0.011265470646321774,0.71495,0.7241153120994568
2003/12/2 0:00,0.896861,1.640595,0.927394,0.973743,0.15095794200897217,0.010632261633872986,0.712301,0.736213207244873
2003/12/3 0:00,0.915793,1.656493,0.936847,0.983043,0.1518203169107437,0.011211088858544827,0.715461,0.736213207244873
2003/12/4 0:00,0.901469,1.645508,0.926097,0.974754,0.1518203169107437,0.010632261633872986,0.714286,0.736213207244873
2003/12/5 0:00,0.900739,1.644548,0.921956,0.974042,0.14990617334842682,0.011101,0.713623,0.736213207244873
2003/12/6 0:00,0.900739,1.644548,0.921956,0.974042,0.14990617334842682,0.011101,0.713623,0.736213207244873
2003/12/7 0:00,0.908637,1.640541,0.930925,0.982555,0.15076854825019836,0.011042,0.715896,0.736213207244873
2003/12/8 0:00,0.897787,1.638391,0.934492,0.970261,0.14990617334842682,0.011075,0.713012,0.736213207244873
2003/12/9 0:00,0.90905,1.657097,0.938835,0.982463,0.15076854825019836,0.010996,0.716332,0.736213207244873
2003/12/10 0:00,0.908843,1.656658,0.938394,0.983236,0.15076854825019836,0.011058,0.716692,0.736213207244873
2003/12/11 0:00,0.917726,1.659903,0.934798,0.984804,0.15076854825019836,0.011135,0.717875,0.7405825257301331
2003/12/12 0:00,0.918274,1.661709,0.92993,0.982994,0.15076854825019836,0.011127,0.718004,0.7405825257301331
2003/12/13 0:00,0.918274,1.661709,0.92993,0.982994,0.15076854825019836,0.011127,0.718004,0.7405825257301331
2003/12/14 0:00,0.929195,1.671794,0.946566,0.992211,0.15481117367744446,0.011123,0.721293,0.740796
2003/12/15 0:00,0.92829,1.668599,0.950927,0.991036,0.15076854825019836,0.011129,0.720202,0.74118
2003/12/16 0:00,0.927472,1.656918,0.9547,0.990982,0.15076854825019836,0.011125,0.720487,0.738853
2003/12/17 0:00,0.924599,1.652961,0.949478,0.983807,0.15076854825019836,0.011062,0.719683,0.733595
2003/12/18 0:00,0.931272,1.6665,0.951665,0.986047,0.15076854825019836,0.011169,0.721293,0.742198
2003/12/19 0:00,0.93362,1.667195,0.950525,0.987459,0.15076854825019836,0.011153,0.721631,0.743467
2003/12/20 0:00,0.93362,1.667195,0.950525,0.987459,0.15076854825019836,0.011153,0.721631,0.743467
2003/12/21 0:00,0.937075,1.679148,0.956206,0.992226,0.15481117367744446,0.011194,0.722022,0.746965
2003/12/22 0:00,0.925883,1.677712,0.943841,0.980623,0.15481117367744446,0.011188,0.720305,0.7328832149505615
2003/12/23 0:00,0.930146,1.675603,0.95249,0.991606,0.15481117367744446,0.011189,0.722883,0.7419341206550598
2003/12/24 0:00,0.916296,1.664281,0.938394,0.983623,0.15076854825019836,0.011241,0.719217,0.7405825257301331
2003/12/25 0:00,0.915751,1.65266,0.934012,0.982371,0.15076854825019836,0.011245,0.720305,0.736213207244873
2003/12/26 0:00,0.915248,1.652852,0.934754,0.983961,0.15076854825019836,0.01125,0.720124,0.736213207244873
2003/12/27 0:00,0.915248,1.652852,0.934754,0.983961,0.15076854825019836,0.01125,0.720124,0.736213207244873
2003/12/28 0:00,0.924471,1.662193,0.94767,0.990334,0.15076854825019836,0.011216,0.721839,0.7361364364624023
2003/12/29 0:00,0.916884,1.65788,0.942774,0.988377,0.15076854825019836,0.011291,0.721553,0.7234253883361816
2003/12/30 0:00,0.927773,1.665986,0.9522,0.99956,0.15076854825019836,0.011406,0.72469,0.7451873421669006
2003/12/31 0:00,0.911369,1.649553,0.942551,0.994431,0.15076854825019836,0.011561,0.722361,0.7190560698509216
2004/1/1 0:00,0.908554,1.64875,0.941349,0.993838,0.15076854825019836,0.011505,0.720825,0.710454
2004/1/2 0:00,0.907606,1.647162,0.942063,0.994431,0.15076854825019836,0.011551,0.720461,0.709799
2004/1/3 0:00,0.907606,1.647162,0.942063,0.994431,0.15076854825019836,0.011551,0.720461,0.709799
2004/1/4 0:00,0.913743,1.639801,0.944724,0.994392,0.15076854825019836,0.01161,0.7221,0.713547
2004/1/5 0:00,0.924556,1.661585,0.9450476169586182,1.001452,0.15120846033096313,0.011544,0.7235977053642273,0.728147
2004/1/6 0:00,0.925969,1.664752,0.9450476169586182,0.998602,0.15226022899150848,0.011463208124041557,0.7235977053642273,0.723956
2004/1/7 0:00,0.927042,1.65799,0.9450476169586182,1.000951,0.15226022899150848,0.011463208124041557,0.7235977053642273,0.722961
2004/1/8 0:00,0.914662,1.652401,0.9482937455177307,0.986242,0.15226022899150848,0.011517589911818504,0.7229928970336914,0.716102
2004/1/9 0:00,0.914829,1.65165,0.9482937455177307,0.985707,0.15226022899150848,0.011517589911818504,0.7229928970336914,0.717
2004/1/10 0:00,0.915332,1.646443,0.9482937455177307,0.982608,0.15226022899150848,0.011517589911818504,0.7229928970336914,0.716255
2004/1/11 0:00,0.912825,1.642225,0.9482937455177307,0.980435,0.15226022899150848,0.011517589911818504,0.7232346534729004,0.712555
2004/1/12 0:00,0.907812,1.629208,0.9498270153999329,0.976038,0.15226022899150848,0.011517589911818504,0.7232346534729004,0.710227
2004/1/13 0:00,0.907441,1.623996,0.9498270153999329,0.974251,0.15562057495117188,0.010195722803473473,0.7198083996772766,0.712504
2004/1/14 0:00,0.9168,1.625395,0.9465808868408203,0.973947,0.15139785408973694,0.011517589911818504,0.7206025123596191,0.729607
2004/1/15 0:00,0.91166,1.624207,0.9465808868408203,0.966137,0.1464240401983261,0.011508957482874393,0.7232763171195984,0.724297
2004/1/16 0:00,0.910913,1.623838,0.9465808868408203,0.965065,0.1464240401983261,0.011508957482874393,0.7232763171195984,0.72372
2004/1/17 0:00,0.910913,1.623838,0.9465808868408203,0.965065,0.1464240401983261,0.011508957482874393,0.7232763171195984,0.72372
2004/1/18 0:00,0.915039,1.628346,0.9465808868408203,0.968335,0.15139785408973694,0.011517589911818504,0.7206025123596191,0.728518
2004/1/19 0:00,0.906618,1.623548,0.9465808868408203,0.959509,0.1464240401983261,0.011508957482874393,0.7232763171195984,0.721735
2004/1/20 0:00,0.901226,1.6378,0.9428451061248779,0.965624,0.1464240401983261,0.011563939973711967,0.7232763171195984,0.721996
2004/1/21 0:00,0.885465,1.613372,0.9432432651519775,0.952971,0.1464240401983261,0.011765575036406517,0.7259311676025391,0.7191310524940491
2004/1/22 0:00,0.885975,1.607278,0.9432432651519775,0.956448,0.1464240401983261,0.011765575036406517,0.7259311676025391,0.7191310524940491
2004/1/23 0:00,0.890591,1.614296,0.9432432651519775,0.959141,0.1464240401983261,0.011765575036406517,0.7259311676025391,0.7191310524940491
2004/1/24 0:00,0.890591,1.614296,0.9432432651519775,0.9724879264831543,0.15139785408973694,0.011730837635695934,0.7297264933586121,0.7213017344474792
2004/1/25 0:00,0.883158,1.608105,0.9432432651519775,0.9529306888580322,0.1464240401983261,0.011765575036406517,0.7259311676025391,0.7184985280036926
2004/1/26 0:00,0.877424,1.594489,0.9432432651519775,0.9529306888580322,0.1464240401983261,0.011765575036406517,0.7259311676025391,0.7115575075149536
2004/1/27 0:00,0.881018,1.595316,0.954818,0.9529306888580322,0.1464240401983261,0.011710592545568943,0.7283215522766113,0.7174671292304993
2004/1/28 0:00,0.882535,1.594007,0.953516,0.9529306888580322,0.1464240401983261,0.011710592545568943,0.7283215522766113,0.7174671292304993
2004/1/29 0:00,0.884525,1.595991,0.953016,0.9529306888580322,0.1464240401983261,0.011710592545568943,0.7283215522766113,0.7174671292304993
2004/1/30 0:00,0.884525,1.601653,0.953062,0.9529306888580322,0.1464240401983261,0.011710592545568943,0.7283215522766113,0.7174671292304993
2004/1/31 0:00,0.884525,1.601653,0.953062,0.9529306888580322,0.1464240401983261,0.011710592545568943,0.7283215522766113,0.7174671292304993
2004/2/1 0:00,0.887469,1.599974,0.958603,0.9529306888580322,0.1464240401983261,0.011710592545568943,0.7283215522766113,0.7264676094055176
2004/2/2 0:00,0.895736,1.588903,0.959417,1.0064047574996948,0.1528254598379135,0.011953376233577728,0.7523903250694275,0.7225432991981506
2004/2/3 0:00,0.894374,1.605214,0.949208,1.0064047574996948,0.15226022899150848,0.011953376233577728,0.7497630715370178,0.7233712077140808
2004/2/4 0:00,0.89815,1.61845,0.955311,1.027053952217102,0.15533509850502014,0.01026921160519123,0.7557640671730042,0.7587981224060059
2004/2/5 0:00,0.897948,1.613007,0.949532,1.027053952217102,0.15533509850502014,0.01026921160519123,0.7575822472572327,0.7531535029411316
2004/2/6 0:00,0.897948,1.613046,0.949532,1.027053952217102,0.15533509850502014,0.01026921160519123,0.7575822472572327,0.7531535029411316
2004/2/7 0:00,0.897948,1.613046,0.949532,1.027053952217102,0.15533509850502014,0.01026921160519123,0.7575822472572327,0.7531535029411316
2004/2/8 0:00,0.912575,1.610954,0.963377,1.027053952217102,0.15533509850502014,0.01026921160519123,0.7575822472572327,0.7616822123527527
2004/2/9 0:00,0.912242,1.596704,0.961904,1.0064047574996948,0.15226022899150848,0.011953376233577728,0.7523903250694275,0.7307077646255493
2004/2/10 0:00,0.919244,1.601422,0.96767,1.0112358331680298,0.146449,0.011988113634288311,0.7519782185554504,0.7418482899665833
2004/2/11 0:00,0.916716,1.591115,0.9330464005470276,0.9737293720245361,0.14646,0.010438753291964531,0.7186459302902222,0.7569448947906494
2004/2/12 0:00,0.921022,1.598261,0.9330464005470276,1.0112358331680298,0.146466,0.010438753291964531,0.7250575423240662,0.7635897994041443
2004/2/13 0:00,0.924513,1.602153,0.9330464005470276,1.0112358331680298,0.146466,0.010438753291964531,0.7234882712364197,0.7635897994041443
2004/2/14 0:00,0.924513,1.602153,0.9330464005470276,1.0112358331680298,0.146466,0.010438753291964531,0.7234882712364197,0.7635897994041443
2004/2/15 0:00,0.929454,1.614479,0.9330464005470276,1.0612298250198364,0.146488,0.010438753291964531,0.7829914689064026,0.7635897994041443
2004/2/16 0:00,0.924129,1.618202,0.9330464005470276,1.0612298250198364,0.146486,0.010438753291964531,0.7829914689064026,0.7692344188690186
2004/2/17 0:00,0.921022,1.627194,0.9311610460281372,1.0612298250198364,0.146482,0.010438753291964531,0.7821834683418274,0.7634431719779968
2004/2/18 0:00,0.930189,1.632307,0.9296277761459351,1.0612298250198364,0.146477,0.010438753291964531,0.7829914689064026,0.7634431719779968
2004/2/19 0:00,0.923404,1.623851,0.9311610460281372,1.0612298250198364,0.146477,0.010438753291964531,0.7829914689064026,0.7634431719779968
2004/2/20 0:00,0.922892,1.626558,0.9311610460281372,1.0612298250198364,0.146477,0.010438753291964531,0.7829914689064026,0.7634431719779968
2004/2/21 0:00,0.922509,1.626545,0.9311610460281372,1.0612298250198364,0.146477,0.010438753291964531,0.7829914689064026,0.7634431719779968
2004/2/22 0:00,0.927042,1.632786,0.939824640750885,1.0645602941513062,0.15893243253231049,0.010331149213016033,0.7922350764274597,0.8085775971412659
2004/2/23 0:00,0.9433886408805847,1.63709,0.968429,1.0645602941513062,0.15893243253231049,0.010376598685979843,0.7927872538566589,0.8067823648452759
2004/2/24 0:00,0.9077511429786682,1.628691,0.954381,1.027053952217102,0.15533509850502014,0.01026921160519123,0.7557640671730042,0.7664915323257446
2004/2/25 0:00,0.9077511429786682,1.620247,0.953998,1.027053952217102,0.15533509850502014,0.01026921160519123,0.7557640671730042,0.7587981224060059
2004/2/26 0:00,0.9077511429786682,1.611214,0.947508,1.027053952217102,0.15533509850502014,0.01026921160519123,0.7575822472572327,0.7531535029411316
2004/2/27 0:00,0.9077511429786682,1.611863,0.945626,1.027053952217102,0.15533509850502014,0.01026921160519123,0.7575822472572327,0.7531535029411316
2004/2/28 0:00,0.9077511429786682,1.611084,0.945626,1.027053952217102,0.15533509850502014,0.01026921160519123,0.7575822472572327,0.7531535029411316
2004/2/29 0:00,0.9077511429786682,1.624431,0.9441,1.027053952217102,0.15533509850502014,0.01026921160519123,0.7557640671730042,0.7587981224060059
2004/3/1 0:00,0.9077511429786682,1.615587,0.94304,1.027053952217102,0.15533509850502014,0.01026921160519123,0.7557640671730042,0.7531535029411316
2004/3/2 0:00,0.9077511429786682,1.62022,0.938086,1.027053952217102,0.15533509850502014,0.01026921160519123,0.7557640671730042,0.7696486115455627
2004/3/3 0:00,0.9077511429786682,1.613944,0.939496,1.027053952217102,0.15533509850502014,0.01026921160519123,0.7575822472572327,0.7640039920806885
2004/3/4 0:00,0.9077511429786682,1.600897,0.93835,1.0064047574996948,0.15226022899150848,0.012008358724415302,0.7473726868629456,0.7342216968536377
2004/3/5 0:00,0.9077511429786682,1.600845,0.93423,1.0111314058303833,0.15226022899150848,0.011349613778293133,0.7255322933197021,0.7342216968536377
2004/3/6 0:00,0.9077511429786682,1.59821,0.93423,1.0111314058303833,0.15226022899150848,0.011349613778293133,0.7281595468521118,0.7342216968536377
2004/3/7 0:00,0.9077511429786682,1.59261,0.938632,1.0064047574996948,0.15226022899150848,0.012008358724415302,0.7499999403953552,0.7342216968536377
2004/3/8 0:00,0.9077511429786682,1.596297,0.942685,1.0064047574996948,0.15226022899150848,0.012008358724415302,0.7499999403953552,0.7233712077140808
2004/3/9 0:00,0.9077511429786682,1.591672,0.942578,1.0064047574996948,0.1528254598379135,0.012008358724415302,0.7499999403953552,0.7225432991981506
2004/3/10 0:00,0.9159273505210876,1.576541,0.932244,1.0111314058303833,0.1528254598379135,0.010210112668573856,0.7286149859428406,0.7631760835647583
2004/3/11 0:00,0.9353258013725281,1.561646,0.932149,1.0402754545211792,0.15860231220722198,0.010023836977779865,0.7794647216796875,0.790255069732666
2004/3/12 0:00,0.9353258013725281,1.561256,0.934317,1.0402754545211792,0.15860231220722198,0.010185386054217815,0.7794647216796875,0.790255069732666
2004/3/13 0:00,0.9353258013725281,1.561256,0.934317,1.0402754545211792,0.15860231220722198,0.010185386054217815,0.7794647216796875,0.790255069732666
2004/3/14 0:00,0.8606468439102173,1.564945,0.934842,0.9484078288078308,0.14698927104473114,0.011026269756257534,0.7220590114593506,0.687947
2004/3/15 0:00,0.8669722676277161,1.567152,0.936417,0.9484078288078308,0.14698927104473114,0.011563939973711967,0.7232909798622131,0.694155
2004/3/16 0:00,0.8415372967720032,1.5576988458633423,0.937374,0.9343501925468445,0.14698927104473114,0.011429610662162304,0.7156662344932556,0.691372
2004/3/17 0:00,0.8463587164878845,1.6753807067871094,0.95048,0.9431450963020325,0.1464240401983261,0.011429610662162304,0.7181856036186218,0.700722
2004/3/18 0:00,0.8463587164878845,1.5981205701828003,0.949487,0.9484078288078308,0.1464240401983261,0.011429610662162304,0.7181856036186218,0.694734
2004/3/19 0:00,0.8463587164878845,1.620736002922058,0.950968,0.9484078288078308,0.1464240401983261,0.011429610662162304,0.7181856036186218,0.696379
2004/3/20 0:00,0.893022358417511,1.6081748008728027,0.950968,1.0064047574996948,0.15226022899150848,0.011953376233577728,0.7497630715370178,0.7233712077140808
2004/3/21 0:00,0.893022358417511,1.6081748008728027,0.954016,1.0064047574996948,0.15226022899150848,0.011953376233577728,0.7497630715370178,0.7233712077140808
2004/3/22 0:00,0.893022358417511,1.6081748008728027,0.958782,1.0064047574996948,0.15226022899150848,0.011953376233577728,0.7497630715370178,0.7307077646255493
2004/3/23 0:00,0.893022358417511,1.6081748008728027,0.956114,1.0064047574996948,0.15226022899150848,0.011953376233577728,0.7497630715370178,0.7233712077140808
2004/3/24 0:00,0.893022358417511,1.6081748008728027,0.956764,1.0064047574996948,0.15226022899150848,0.011953376233577728,0.7497630715370178,0.7233712077140808
2004/3/25 0:00,0.893022358417511,1.6081748008728027,0.957488,1.0064047574996948,0.15226022899150848,0.011953376233577728,0.7497630715370178,0.7233712077140808
2004/3/26 0:00,0.9066506624221802,1.6081748008728027,0.961908,1.0064047574996948,0.15226022899150848,0.011953376233577728,0.7497630715370178,0.7307077646255493
2004/3/27 0:00,0.895175,1.6081748008728027,0.961908,1.0064047574996948,0.15226022899150848,0.011953376233577728,0.7497630715370178,0.7307077646255493
2004/3/28 0:00,0.8992,1.6081748008728027,0.958901,1.0064047574996948,0.15226022899150848,0.011953376233577728,0.7497630715370178,0.7307077646255493
2004/3/29 0:00,0.894374,1.6081748008728027,0.951556,1.0064047574996948,0.15226022899150848,0.011953376233577728,0.7497630715370178,0.7233712077140808
2004/3/30 0:00,0.893975,1.6081748008728027,0.947867,1.0064047574996948,0.15226022899150848,0.011953376233577728,0.7497630715370178,0.7233712077140808
2004/3/31 0:00,0.880824,1.6081748008728027,0.936672,0.9529306888580322,0.1464240401983261,0.011765575036406517,0.7259311676025391,0.7242102026939392
2004/4/1 0:00,0.895736,1.6081748008728027,0.950561,1.0064047574996948,0.15226022899150848,0.011953376233577728,0.7497630715370178,0.7233712077140808
2004/4/2 0:00,0.896138,1.6081748008728027,0.950751,1.0064047574996948,0.15226022899150848,0.011953376233577728,0.7497630715370178,0.7233712077140808
2004/4/3 0:00,0.896138,1.6081748008728027,0.950751,1.0064047574996948,0.15226022899150848,0.011953376233577728,0.7497630715370178,0.7233712077140808
2004/4/4 0:00,0.899928,1.6081748008728027,0.9432432651519775,1.0064047574996948,0.15226022899150848,0.012008358724415302,0.7473726868629456,0.7233712077140808
2004/4/5 0:00,0.903996,1.6081748008728027,0.9432432651519775,1.0064047574996948,0.15226022899150848,0.012008358724415302,0.7473726868629456,0.7233712077140808
2004/4/6 0:00,0.907276,1.6081748008728027,0.9432432651519775,1.0064047574996948,0.15226022899150848,0.012008358724415302,0.7473726868629456,0.7233712077140808
2004/4/7 0:00,0.899523,1.6081748008728027,0.9432432651519775,1.0064047574996948,0.15226022899150848,0.012008358724415302,0.7473726868629456,0.7233712077140808
2004/4/8 0:00,0.906947,1.6081748008728027,0.9432432651519775,1.0064047574996948,0.15226022899150848,0.012008358724415302,0.7473726868629456,0.7233712077140808
2004/4/9 0:00,0.906372,1.6081748008728027,0.9432432651519775,1.0064047574996948,0.15226022899150848,0.012008358724415302,0.7473726868629456,0.7233712077140808
2004/4/10 0:00,0.906372,1.6081748008728027,0.9432432651519775,1.0064047574996948,0.15226022899150848,0.012008358724415302,0.7473726868629456,0.7233712077140808
2004/4/11 0:00,0.908265,1.6081748008728027,0.9432432651519775,1.0064047574996948,0.15226022899150848,0.012008358724415302,0.7473726868629456,0.7233712077140808
2004/4/12 0:00,0.912825,1.6081748008728027,0.9432432651519775,1.0064047574996948,0.15226022899150848,0.012008358724415302,0.7473726868629456,0.7233712077140808
2004/4/13 0:00,0.91617,1.6081748008728027,0.9432432651519775,1.0064047574996948,0.15226022899150848,0.012008358724415302,0.7473984956741333,0.7277405261993408
2004/4/14 0:00,0.914746,1.6081748008728027,0.9432432651519775,1.0064047574996948,0.15226022899150848,0.012008358724415302,0.7473984956741333,0.7233712077140808
2004/4/15 0:00,0.915499,1.6081748008728027,0.9432432651519775,1.0064047574996948,0.15226022899150848,0.012008358724415302,0.7473984956741333,0.7233712077140808
2004/4/16 0:00,0.914662,1.6081748008728027,0.9432432651519775,1.0064047574996948,0.15226022899150848,0.012008358724415302,0.7473984956741333,0.7233712077140808
2004/4/17 0:00,0.914913,1.5957711935043335,0.9494090676307678,0.945269,0.14598412811756134,0.011245225556194782,0.717257,0.7168853878974915
2004/4/18 0:00,0.911577,1.5957711935043335,0.9494090676307678,0.940645,0.14598412811756134,0.011245225556194782,0.715389,0.7168853878974915
2004/4/19 0:00,0.914913,1.5957711935043335,0.9494090676307678,0.947059,0.14598412811756134,0.011245225556194782,0.716759,0.7168853878974915
2004/4/20 0:00,0.922935,1.5957711935043335,0.9494090676307678,0.949794,0.14598412811756134,0.011245225556194782,0.717875,0.7339657545089722
2004/4/21 0:00,0.920217,1.5957711935043335,0.9494090676307678,0.941088,0.14598412811756134,0.011245225556194782,0.716332,0.7339657545089722
2004/4/22 0:00,0.91617,1.5957711935043335,0.9494090676307678,0.941974,0.14598412811756134,0.011245225556194782,0.715384,0.7212547063827515
2004/4/23 0:00,0.91617,1.5957711935043335,0.9494090676307678,0.941974,0.14598412811756134,0.011245225556194782,0.715384,0.7212547063827515
2004/4/24 0:00,0.916422,1.5957711935043335,0.9494090676307678,0.942152,0.14598412811756134,0.011245225556194782,0.714796,0.7212547063827515
2004/4/25 0:00,0.916926,1.5957711935043335,0.9432432651519775,0.946468,0.14598412811756134,0.011300208047032356,0.713623,0.7212547063827515
2004/4/26 0:00,0.917431,1.5957711935043335,0.9432432651519775,0.946208,0.14598412811756134,0.011300208047032356,0.714184,0.7212547063827515
2004/4/27 0:00,0.909835,1.5957711935043335,0.9432432651519775,0.935804,0.14598412811756134,0.011300208047032356,0.711389,0.7168853878974915
2004/4/28 0:00,0.912825,1.5957711935043335,0.9432432651519775,0.934684,0.14598412811756134,0.011300208047032356,0.711339,0.7168853878974915
2004/4/29 0:00,0.902201,1.5957711935043335,0.9432432651519775,0.937998,0.14598412811756134,0.011300208047032356,0.712251,0.7168853878974915
2004/4/30 0:00,0.901713,1.5957711935043335,0.9432432651519775,0.936856,0.14598412811756134,0.011300208047032356,0.712454,0.7168853878974915
2004/5/1 0:00,0.901713,1.5957711935043335,0.9432432651519775,0.936856,0.14598412811756134,0.011300208047032356,0.712454,0.7168853878974915
2004/5/2 0:00,0.914913,1.5957711935043335,0.9494090676307678,0.938667,0.14598412811756134,0.011245225556194782,0.714694,0.7168853878974915
2004/5/3 0:00,0.91878,1.5957711935043335,0.9432432651519775,0.938113,0.14598412811756134,0.011300208047032356,0.714286,0.7312501072883606
2004/5/4 0:00,0.917936,1.5957711935043335,0.9494090676307678,0.951384,0.14598412811756134,0.011245225556194782,0.714847,0.7212547063827515
2004/5/5 0:00,0.8912093043327332,1.5957711935043335,0.9494090676307678,0.947715,0.14598412811756134,0.011245225556194782,0.71582,0.7168853878974915
2004/5/6 0:00,0.8912093043327332,1.5957711935043335,0.9494090676307678,0.940645,0.14598412811756134,0.011245225556194782,0.714796,0.7168853878974915
2004/5/7 0:00,0.8912093043327332,1.5733429193496704,0.9330464005470276,0.942241,0.14649,0.01086090225726366,0.71398,0.7269079685211182
2004/5/8 0:00,0.8912093043327332,1.5733429193496704,0.9330464005470276,0.942241,0.14649,0.01086090225726366,0.71398,0.7269079685211182
2004/5/9 0:00,0.8912093043327332,1.5733429193496704,0.9392122030258179,0.941531,0.14649,0.011300208047032356,0.71582,0.7269079685211182
2004/5/10 0:00,0.8592306971549988,1.5642753839492798,0.9229446649551392,0.9426226615905762,0.146499,0.01086090225726366,0.715922,0.6903458833694458
2004/5/11 0:00,0.8592306971549988,1.5642753839492798,0.9229446649551392,0.9426226615905762,0.146512,0.01086090225726366,0.716769,0.6903458833694458
2004/5/12 0:00,0.8592306971549988,1.5642753839492798,0.9229446649551392,0.9426226615905762,0.146509,0.01086090225726366,0.717154,0.6954177021980286
2004/5/13 0:00,0.8592306971549988,1.5642753839492798,0.9264929294586182,0.9595407247543335,0.146555,0.01086090225726366,0.719528,0.6926343441009521
2004/5/14 0:00,0.8592306971549988,1.5642753839492798,0.9264929294586182,0.9595407247543335,0.146555,0.01086090225726366,0.719373,0.6926343441009521
2004/5/15 0:00,0.8592306971549988,1.5642753839492798,0.9264929294586182,0.9595407247543335,0.146555,0.01086090225726366,0.719373,0.6926343441009521
2004/5/16 0:00,0.8592306971549988,1.5642753839492798,0.9264929294586182,0.9595407247543335,0.146501,0.01086090225726366,0.719114,0.6926343441009521
2004/5/17 0:00,0.8623784780502319,1.538083,0.9322351813316345,0.9595407247543335,0.146497,0.01086090225726366,0.721943,0.6926343441009521
2004/5/18 0:00,0.8623784780502319,1.548107,0.9322351813316345,0.9525449275970459,0.146501,0.01086090225726366,0.727802,0.7015810012817383
2004/5/19 0:00,0.8623784780502319,1.547652,0.9322351813316345,0.9525449275970459,0.146503,0.01086090225726366,0.727643,0.7015810012817383
2004/5/20 0:00,0.8623784780502319,1.538864,0.9322351813316345,0.9525449275970459,0.146497,0.01086090225726366,0.726744,0.7015810012817383
2004/5/21 0:00,0.8623784780502319,1.538746,0.9322351813316345,0.9525449275970459,0.146497,0.01086090225726366,0.727167,0.7015810012817383
2004/5/22 0:00,0.8623784780502319,1.538746,0.9322351813316345,0.9525449275970459,0.146497,0.01086090225726366,0.727167,0.7015810012817383
2004/5/23 0:00,0.8623784780502319,1.530245,0.9322351813316345,0.9595407247543335,0.146499,0.01086090225726366,0.724848,0.7015810012817383
2004/5/24 0:00,0.8623784780502319,1.536098,0.9322351813316345,0.9525449275970459,0.146501,0.01086090225726366,0.727167,0.7015810012817383
2004/5/25 0:00,0.8623784780502319,1.541212,0.9322351813316345,0.9397810101509094,0.146475,0.01086090225726366,0.728704,0.7015810012817383
2004/5/26 0:00,0.8623784780502319,1.537823,0.9322351813316345,0.9397810101509094,0.14649,0.01086090225726366,0.728651,0.7015810012817383
2004/5/27 0:00,0.9539099931716919,1.537255,0.997287,0.9621497392654419,0.146456,0.011509126052260399,0.729395,0.7433809041976929
2004/5/28 0:00,0.9539099931716919,1.537894,1.000901,0.9621497392654419,0.146456,0.011509126052260399,0.72982,0.7433809041976929
2004/5/29 0:00,0.9539099931716919,1.537894,1.000901,0.9621497392654419,0.146456,0.011509126052260399,0.72982,0.7433809041976929
2004/5/30 0:00,0.9539099931716919,1.544855,0.999001,0.9621497392654419,0.146464,0.011509126052260399,0.730887,0.7433809041976929
2004/5/31 0:00,0.9539099931716919,1.527861,0.987342,0.9426143169403076,0.146486,0.011430267244577408,0.728863,0.7433809041976929
2004/6/1 0:00,0.9539099931716919,1.517819,0.988054,0.9553782343864441,0.14652,0.011430267244577408,0.727061,0.7433809041976929
2004/6/2 0:00,0.9539099931716919,1.531652,0.995818,0.9621497392654419,0.146503,0.011430267244577408,0.730567,0.7433809041976929
2004/6/3 0:00,0.9539099931716919,1.527791,0.983942,0.9621497392654419,0.146499,0.011430267244577408,0.729607,0.7433809041976929
2004/6/4 0:00,0.9539099931716919,1.530643,0.982415,0.9621497392654419,0.146499,0.011430267244577408,0.729767,0.7433809041976929
2004/6/5 0:00,0.9539099931716919,1.530643,0.982415,0.9621497392654419,0.146499,0.011430267244577408,0.729767,0.7433809041976929
2004/6/6 0:00,0.9539099931716919,1.524181,0.988435,0.9621497392654419,0.14652,0.011430267244577408,0.729395,0.7433809041976929
2004/6/7 0:00,0.959235668182373,1.516645,0.976944,0.9696210026741028,0.146492,0.01134437695145607,0.724533,0.7433809041976929
2004/6/8 0:00,0.8931602835655212,1.512196,0.973151,0.9535735845565796,0.146475,0.01113458164036274,0.718959,0.717309
2004/6/9 0:00,0.8826008439064026,1.489847,0.954481,0.9321621060371399,0.146482,0.01111596543341875,0.713725,0.711744
2004/6/10 0:00,0.8794389367103577,1.47929,0.959978,0.9395052194595337,0.146505,0.01111596543341875,0.716897,0.715666
2004/6/11 0:00,0.8794389367103577,1.47929,0.959978,0.9395052194595337,0.146505,0.01111596543341875,0.716897,0.715666
2004/6/12 0:00,0.9005991816520691,1.481613,0.966389,0.9558667540550232,0.146505,0.011265761218965054,0.721085,0.717
2004/6/13 0:00,0.9064564108848572,1.485509,0.97561,0.9530170559883118,0.146486,0.011284377425909042,0.72437,0.720565
2004/6/14 0:00,0.920595645904541,1.497409,0.984058,0.9575825929641724,0.146462,0.011284377425909042,0.725795,0.720098
2004/6/15 0:00,0.9151004552841187,1.483437,0.980854,0.9591283202171326,0.146464,0.011284377425909042,0.724323,0.71286
2004/6/16 0:00,0.9151004552841187,1.468795,0.98529,0.9591283202171326,0.146464,0.011284377425909042,0.723903,0.717257
2004/6/17 0:00,0.9075166583061218,1.455244,0.967773,0.9530170559883118,0.146486,0.011265761218965054,0.720825,0.70932
2004/6/18 0:00,0.8844852447509766,1.453509,0.966314,0.956423282623291,0.146486,0.011265761218965054,0.720877,0.707214
2004/6/19 0:00,0.9075166583061218,1.455456,0.966314,0.9558667540550232,0.146486,0.011265761218965054,0.720877,0.711086
2004/6/20 0:00,0.8568936586380005,1.443814,0.962705,0.9347453713417053,0.146462,0.01103244535624981,0.717978,0.693481
2004/6/21 0:00,0.8617150783538818,1.437711,0.963298,0.9495224356651306,0.146477,0.01111596543341875,0.718866,0.695507
2004/6/22 0:00,0.8331980109214783,1.440196,0.955,0.9330267906188965,0.146466,0.010638222098350525,0.715052,0.675584
2004/6/23 0:00,0.8215965628623962,1.436389,0.934143,0.9198272228240967,0.146458,0.01064646989107132,0.708968,0.666667
2004/6/24 0:00,0.8252047896385193,1.445609,0.94201,0.9183589220046997,0.146492,0.010638222098350525,0.709019,0.676636
2004/6/25 0:00,0.8252047896385193,1.447807,0.943396,0.9219611287117004,0.146492,0.010638222098350525,0.711693,0.678472
2004/6/26 0:00,0.829738,1.446153,0.943396,0.9219611287117004,0.146492,0.010638222098350525,0.711693,0.679902
2004/6/27 0:00,0.832085,1.444043,0.944947,0.9314377903938293,0.146492,0.010638222098350525,0.711916,0.674809
2004/6/28 0:00,0.81367,1.435029,0.925763,0.9198272228240967,0.146385,0.00947899091988802,0.704637,0.664143
2004/6/29 0:00,0.832154,1.443689,0.942241,0.9250785708427429,0.146456,0.010638222098350525,0.711055,0.66836
2004/6/30 0:00,0.848752,1.458215,0.951728,0.9314377903938293,0.146402,0.0109706437215209,0.712962,0.683434
2004/7/1 0:00,0.844523,1.446299,0.951475,0.9219611287117004,0.146406,0.0109706437215209,0.711794,0.677323
2004/7/2 0:00,0.847099,1.445045,0.948416,0.9219611287117004,0.146406,0.0109706437215209,0.710581,0.678794
2004/7/3 0:00,0.849041,1.449338,0.948416,0.9219611287117004,0.146406,0.0109706437215209,0.710581,0.679486
2004/7/4 0:00,0.844523,1.45389,0.955657,0.9314377903938293,0.146454,0.0109706437215209,0.714388,0.680041
2004/7/5 0:00,0.841114,1.467244,0.954927,0.9199424982070923,0.146439,0.0109706437215209,0.709975,0.682175
2004/7/6 0:00,0.834028,1.46445,0.961076,0.9219611287117004,0.146385,0.010638222098350525,0.711177,0.678012
2004/7/7 0:00,0.838715,1.494686484336853,0.958212,0.9219611287117004,0.146413,0.0109706437215209,0.710732,0.680457
2004/7/8 0:00,0.825083,1.494686484336853,0.948407,0.9152414798736572,0.146441,0.010638222098350525,0.708065,0.670736
2004/7/9 0:00,0.827746,1.494686484336853,0.941478,0.9183589220046997,0.146441,0.010638222098350525,0.707664,0.672812
2004/7/10 0:00,0.827746,1.494686484336853,0.941478,0.9183589220046997,0.146441,0.010638222098350525,0.707664,0.672812
2004/7/11 0:00,0.817261,1.494686484336853,0.948677,0.9167097806930542,0.1464,0.010486138053238392,0.706265,0.662427
2004/7/12 0:00,0.82021,1.494686484336853,0.948686,0.9167097806930542,0.146424,0.010486138053238392,0.705278,0.662252
2004/7/13 0:00,0.831324,1.494686484336853,0.959693,0.9152414798736572,0.14643,0.010638222098350525,0.708115,0.669478
2004/7/14 0:00,0.848464,1.5280643701553345,0.969368,0.9250628352165222,0.146432,0.010976364836096764,0.712099,0.686106
2004/7/15 0:00,0.847242,1.5280643701553345,0.963391,0.9250628352165222,0.146364,0.01093299500644207,0.712555,0.687663
2004/7/16 0:00,0.850557,1.5280643701553345,0.968429,0.9250628352165222,0.146364,0.01093299500644207,0.713216,0.689798
2004/7/17 0:00,0.849329,1.5280643701553345,0.968054,0.9250628352165222,0.146364,0.01093299500644207,0.713216,0.68899
2004/7/18 0:00,0.860363,1.5506798028945923,0.96965,0.9326043725013733,0.146342,0.011201855726540089,0.71623,0.696379
2004/7/19 0:00,0.862589,1.5506798028945923,0.973217,0.9326043725013733,0.146342,0.011220471933484077,0.718081,0.696864
2004/7/20 0:00,0.865276,1.569712519645691,0.976276,0.9366555213928223,0.146342,0.011220471933484077,0.717566,0.698812
2004/7/21 0:00,0.866176,1.5723402500152588,0.971817,0.9616241455078125,0.146428,0.011508957482874393,0.7178375124931335,0.702839
2004/7/22 0:00,0.869716,1.591709017753601,0.978636,0.9661470651626587,0.146443,0.011596903204917908,0.7178375124931335,0.705119
2004/7/23 0:00,0.870095,1.591709017753601,0.979154,0.9661470651626587,0.146443,0.011596903204917908,0.7178375124931335,0.70497
2004/7/24 0:00,0.872372,1.591709017753601,0.97924,0.9661470651626587,0.146443,0.011596903204917908,0.7178375124931335,0.705119
2004/7/25 0:00,0.878426,1.5523093938827515,0.977718,0.9694775938987732,0.147122,0.011596903204917908,0.7239149212837219,0.709371
2004/7/26 0:00,0.878194,1.5523093938827515,0.977422,0.9694775938987732,0.1468,0.011596903204917908,0.7239149212837219,0.708617
2004/7/27 0:00,0.872905,1.5329406261444092,0.961354,0.9694775938987732,0.146834,0.011508957482874393,0.7227259278297424,0.712708
2004/7/28 0:00,0.871308,1.5329406261444092,0.962455,0.9694775938987732,0.147037,0.011508957482874393,0.7227259278297424,0.711491
2004/7/29 0:00,0.873744,1.5329406261444092,0.964878,0.9694775938987732,0.147228,0.011508957482874393,0.7227259278297424,0.715001
2004/7/30 0:00,0.874126,1.5329406261444092,0.965792,0.9694775938987732,0.147228,0.011508957482874393,0.7227259278297424,0.713878
2004/7/31 0:00,0.874891,1.6288982629776,0.965531,0.9476679563522339,0.1464240401983261,0.011508957482874393,0.7178375124931335,0.709874
2004/8/1 0:00,0.87222,1.6288982629776,0.965717,0.9476679563522339,0.1464240401983261,0.011508957482874393,0.7178375124931335,0.708617
2004/8/2 0:00,0.851136,1.5981205701828003,0.947957,0.9484078288078308,0.1464240401983261,0.011429610662162304,0.7181856036186218,0.692617
2004/8/3 0:00,0.84674,1.6271538734436035,0.941265,0.92804,0.1464240401983261,0.011429610662162304,0.7095888257026672,0.68918
2004/8/4 0:00,0.842389,1.5867321491241455,0.943014,0.938615,0.14698927104473114,0.011429610662162304,0.7181234359741211,0.689227
2004/8/5 0:00,0.841822,1.5867321491241455,0.939408,0.938791,0.14698927104473114,0.011429610662162304,0.7181234359741211,0.688279
2004/8/6 0:00,0.843313,1.6175717115402222,0.940291,0.940893,0.1464240401983261,0.01139,0.7181856036186218,0.689655
2004/8/7 0:00,0.843313,1.6175717115402222,0.940734,0.940893,0.1464240401983261,0.011396,0.7181856036186218,0.689655
2004/8/8 0:00,0.838715,1.6175717115402222,0.938967,0.938967,0.1464240401983261,0.011396,0.7137142419815063,0.687616
2004/8/9 0:00,0.849979,1.6175717115402222,0.947885,0.943752,0.1464240401983261,0.011437,0.7181856036186218,0.693001
2004/8/10 0:00,0.864528,1.615274429321289,0.953198,0.950661,0.1464240401983261,0.011453,0.719603955745697,0.703977
2004/8/11 0:00,0.872905,1.615274429321289,0.956929,0.951565,0.1464240401983261,0.01131,0.7157965302467346,0.706764
2004/8/12 0:00,0.875427,1.506115,0.967867,0.945537,0.14698927104473114,0.011296,0.7199646234512329,0.709371
2004/8/13 0:00,0.877809,1.506501,0.967212,0.945269,0.14654935896396637,0.011288,0.724165,0.710934
2004/8/14 0:00,0.877809,1.506501,0.967212,0.945269,0.14654935896396637,0.011288,0.724165,0.710934
2004/8/15 0:00,0.874661,1.501502,0.9566735625267029,0.942863,0.14654935896396637,0.011284,0.723275,0.709774
2004/8/16 0:00,0.879894,1.516116,0.9566735625267029,0.948317,0.14654935896396637,0.011312,0.726586,0.718339
2004/8/17 0:00,0.882457,1.526554,0.9565690755844116,0.948317,0.14654935896396637,0.011325,0.727934,0.722596
2004/8/18 0:00,0.880669,1.537894,0.9565690755844116,0.957598,0.14654935896396637,0.011444,0.727167,0.724113
2004/8/19 0:00,0.868659,1.530081,0.9566735625267029,0.952835,0.14654935896396637,0.011533,0.726069,0.710429
2004/8/20 0:00,0.870398,1.529239,0.9566735625267029,0.951475,0.14654935896396637,0.011534,0.726216,0.711187
2004/8/21 0:00,0.870398,1.529239,0.9566735625267029,0.951475,0.14654935896396637,0.011534,0.726216,0.711187
2004/8/22 0:00,0.86881,1.522394,0.9600986838340759,0.95039,0.14654935896396637,0.01153,0.725742,0.705816
2004/8/23 0:00,0.882613,1.5491399765014648,0.9566735625267029,0.95429,0.14654935896396637,0.011455,0.727537,0.715461
2004/8/24 0:00,0.884095,1.5491399765014648,0.9566735625267029,0.951303,0.14654935896396637,0.011467,0.727141,0.717978
2004/8/25 0:00,0.892937,1.525786,0.9565690755844116,0.959111,0.14654935896396637,0.011498,0.728279,0.725058
2004/8/26 0:00,0.894534,1.54069,0.9565690755844116,0.949713,0.14654935896396637,0.01144,0.729395,0.725058
2004/8/27 0:00,0.893975,1.541949,0.9565690755844116,0.948317,0.14654935896396637,0.011426,0.729874,0.728597
2004/8/28 0:00,0.9100778102874756,1.546225,0.9565690755844116,0.949271,0.14654935896396637,0.011411,0.732198,0.72768
2004/8/29 0:00,0.9100778102874756,1.54916,0.9565690755844116,0.953044,0.14654935896396637,0.011489,0.735037,0.73455
2004/8/30 0:00,0.9165660738945007,1.556251,0.953226625919342,0.941708,0.14654935896396637,0.011376,0.733891,0.731797
2004/8/31 0:00,0.9165660738945007,1.559697,0.953226625919342,0.946074,0.14654935896396637,0.011425,0.731582,0.729341
2004/9/1 0:00,0.9165660738945007,1.56128,0.953226625919342,0.960919,0.14654935896396637,0.011513,0.73381,0.725111
2004/9/2 0:00,0.9195475578308105,1.569834,0.953226625919342,0.961844,0.14654935896396637,0.011578,0.735132,0.723956
2004/9/3 0:00,0.9195475578308105,1.569563,0.953226625919342,0.959693,0.14654935896396637,0.011571,0.735359,0.7259
2004/9/4 0:00,0.9195475578308105,1.57124,0.953226625919342,0.959693,0.14654935896396637,0.011565,0.735359,0.726375
2004/9/5 0:00,0.9195475578308105,1.588588,0.953226625919342,0.962052,0.14654935896396637,0.011565,0.740521,0.731689
2004/9/6 0:00,0.9195475578308105,1.593219,0.953226625919342,0.961686,0.14598412811756134,0.011654,0.740631,0.7347
2004/9/7 0:00,0.9195475578308105,1.586596,0.953226625919342,0.947544,0.14654935896396637,0.011597,0.739317,0.733783
2004/9/8 0:00,0.9185613393783569,1.588411,0.953226625919342,0.9708454608917236,0.15047140419483185,0.011646,0.738989,0.727749
2004/9/9 0:00,0.9185613393783569,1.596449,0.953226625919342,0.9799906015396118,0.15026535093784332,0.011727,0.742005,0.728916
2004/9/10 0:00,0.8534588813781738,1.597265,0.9337862133979797,0.9830471277236938,0.15026535093784332,0.01171,0.742556,0.7154521942138672
2004/9/11 0:00,0.8534588813781738,1.597265,0.9337862133979797,0.9830471277236938,0.15026535093784332,0.011686,0.742556,0.7154521942138672
2004/9/12 0:00,0.8534588813781738,1.590204,0.9337862133979797,0.9830471277236938,0.15083058178424835,0.01165,0.74173,0.7051396369934082
2004/9/13 0:00,0.8540371060371399,1.578881,0.9337862133979797,0.9750824570655823,0.15083058178424835,0.011652,0.737409,0.7065510749816895
2004/9/14 0:00,0.8606973886489868,1.565729,0.9337862133979797,0.9614711403846741,0.14654935896396637,0.011732,0.732708,0.7043803930282593
2004/9/15 0:00,0.8606973886489868,1.557632,0.930811882019043,0.9593164324760437,0.14654935896396637,0.011648,0.73381,0.7043803930282593
2004/9/16 0:00,0.896379,1.560379,0.9477208852767944,0.9645071625709534,0.14654935896396637,0.011596,0.734538,0.7183031439781189
2004/9/17 0:00,0.893017,1.560842,0.9477208852767944,0.949487,0.14654935896396637,0.011587,0.733676,0.7183031439781189
2004/9/18 0:00,0.895255,1.558458,0.9477208852767944,0.949487,0.14654935896396637,0.011587,0.733676,0.7183031439781189
2004/9/19 0:00,0.89815,1.566318,0.9477208852767944,0.962371,0.14654935896396637,0.01172,0.7347,0.7183031439781189
2004/9/20 0:00,0.907441,1.557511,0.9477208852767944,0.958865,0.14654935896396637,0.011686,0.738716,0.7183031439781189
2004/9/21 0:00,0.901226,1.561744,0.9477208852767944,0.95984,0.14654935896396637,0.011718,0.740466,0.7183031439781189
2004/9/22 0:00,0.891742,1.560014,0.9477208852767944,0.968804,0.15047140419483185,0.011731,0.738334,0.7204738259315491
2004/9/23 0:00,0.890789,1.553157,0.9486421346664429,0.966894,0.14654935896396637,0.011669,0.7373,0.7183031439781189
2004/9/24 0:00,0.894374,1.55434,0.9477208852767944,0.966464,0.14654935896396637,0.011681,0.737354,0.7183031439781189
2004/9/25 0:00,0.887626,1.551229,0.9486421346664429,0.96432,0.14654935896396637,0.01168,0.737354,0.7183031439781189
2004/9/26 0:00,0.890076,1.549163,0.9486421346664429,0.960061,0.14654935896396637,0.011741,0.736757,0.7183031439781189
2004/9/27 0:00,0.884251,1.546886,0.9486421346664429,0.971034,0.15047140419483185,0.011879,0.734349,0.7216092944145203
2004/9/28 0:00,0.88098,1.544783,0.9486421346664429,0.972573,0.15047140419483185,0.011802,0.735998,0.7216092944145203
2004/9/29 0:00,0.88739,1.553977,0.9477208852767944,0.97561,0.15083058178424835,0.011819,0.737898,0.7204738259315491
2004/9/30 0:00,0.897263,1.550628,0.9486421346664429,0.972488,0.15047140419483185,0.011707,0.739098,0.7204738259315491
2004/10/1 0:00,0.899038,1.551422,0.9486421346664429,0.970874,0.15047140419483185,0.011716,0.739229,0.7204738259315491
2004/10/2 0:00,0.897827,1.552554,0.9486421346664429,0.971817,0.15047140419483185,0.011734,0.739229,0.7204738259315491
2004/10/3 0:00,0.893735,1.546408,0.9486421346664429,0.97561,0.15083058178424835,0.011805,0.737463,0.7204738259315491
2004/10/4 0:00,0.890393,1.533883,0.9486421346664429,0.982733,0.15083058178424835,0.011885,0.738443,0.7204738259315491
2004/10/5 0:00,0.908265,1.545308,0.9486421346664429,0.984465,0.15083058178424835,0.011833,0.742446,0.7204738259315491
2004/10/6 0:00,0.908843,1.538296,0.9465118646621704,0.986193,0.15083058178424835,0.011867,0.743052,0.7204738259315491
2004/10/7 0:00,0.915919,1.544998,0.9465118646621704,0.982801,0.15083058178424835,0.011852,0.744546,0.7204738259315491
2004/10/8 0:00,0.915667,1.545141,0.9465118646621704,0.982415,0.15083058178424835,0.011846,0.744435,0.7204738259315491
2004/10/9 0:00,0.91659,1.545141,0.9363150000572205,0.982415,0.146987,0.011846,0.744435,0.7335229516029358
2004/10/10 0:00,0.917095,1.540191,0.9363150000572205,0.987264,0.147341,0.011874,0.742942,0.7335229516029358
2004/10/11 0:00,0.8753660917282104,1.533883,0.9384452700614929,0.988377,0.147252,0.011944,0.741235,0.7206521034240723
2004/10/12 0:00,0.8753660917282104,1.548683,0.9363150000572205,0.989022,0.14713,0.011926,0.744491,0.7206521034240723
2004/10/13 0:00,0.8753660917282104,1.544187,0.9363150000572205,0.984252,0.147432,0.011918,0.744546,0.7206521034240723
2004/10/14 0:00,0.8753660917282104,1.535131,0.9363150000572205,0.981354,0.147697,0.011885,0.746213,0.7206521034240723
2004/10/15 0:00,0.8753660917282104,1.538462,0.9363150000572205,0.982318,0.147697,0.011885,0.746324,0.7206521034240723
2004/10/16 0:00,0.8753660917282104,1.538462,0.9363150000572205,0.982318,0.147697,0.011881,0.746324,0.7206521034240723
2004/10/17 0:00,0.9516804814338684,1.540998,0.973245,0.992349,0.147936,0.011959,0.748279,0.745551586151123
2004/10/18 0:00,0.9525712132453918,1.55739,0.97371,1.00445,0.148236,0.012038,0.750863,0.7476210594177246
2004/10/19 0:00,0.9525712132453918,1.563233,0.974232,0.997765,0.148379,0.011686,0.74744,0.745551586151123
2004/10/20 0:00,0.9516804814338684,1.562354,0.972573,0.985736,0.14871,0.011662,0.746826,0.745551586151123
2004/10/21 0:00,0.9516804814338684,1.563844,0.970309,0.989609,0.148657,0.011652,0.748055,0.745551586151123
2004/10/22 0:00,0.9445965886116028,1.563551,0.96768,0.99108,0.148657,0.011648,0.748447,0.745551586151123
2004/10/23 0:00,0.9445965886116028,1.563551,0.969556,0.99108,0.148657,0.011641,0.748447,0.745551586151123
2004/10/24 0:00,0.9516804814338684,1.555162,0.972857,0.995025,0.148947,0.011658,0.749738,0.745551586151123
2004/10/25 0:00,0.9528216123580933,1.553615,0.969434,0.995758,0.149105,0.011718,0.75092,0.745551586151123
2004/10/26 0:00,0.9528216123580933,1.565607,0.968823,1.012863,0.149165,0.011842,0.754489,0.7476210594177246
2004/10/27 0:00,0.9617522358894348,1.570549,0.970214,1.015744,0.149165,0.011855,0.753523,0.7476210594177246
2004/10/28 0:00,0.9398330450057983,1.581153,0.973805,1.013993,0.149165,0.011851,0.756601,0.7476210594177246
2004/10/29 0:00,0.9640906453132629,1.582654,0.976372,1.015074,0.149165,0.011875,0.756258,0.7476210594177246
2004/10/30 0:00,0.9640906453132629,1.582955,0.976372,1.015259,0.149165,0.011875,0.756258,0.7476210594177246
2004/10/31 0:00,0.9640906453132629,1.584861,0.974374,1.016777,0.149425,0.011879,0.756945,0.7476210594177246
2004/11/1 0:00,0.97062087059021,1.580878,0.971638,1.02459,0.149457,0.011942,0.758898,0.7476210594177246
2004/11/2 0:00,0.9668216705322266,1.578208,0.96918,1.024485,0.149513,0.011959,0.759936,0.7476210594177246
2004/11/3 0:00,0.9540559649467468,1.570574,0.97078,1.018288,0.149408,0.011976,0.759878,0.7476210594177246
2004/11/4 0:00,0.9801317453384399,1.582804,0.979058,1.02351,0.149254,0.011993,0.762021,0.7476210594177246
2004/11/5 0:00,0.984136164188385,1.583356,0.980008,1.025315,0.149254,0.012016,0.762253,0.7476210594177246
2004/11/6 0:00,0.984136164188385,1.581753,0.980008,1.024286,0.149254,0.012016,0.762253,0.7476210594177246
2004/11/7 0:00,0.9801256656646729,1.58446,0.977498,1.028955,0.149254,0.011995,0.760456,0.741125
2004/11/8 0:00,0.9801256656646729,1.590381,0.983091,1.034019,0.149254,0.012008,0.763359,0.747887
2004/11/9 0:00,0.9801256656646729,1.590381,0.990599,1.039933,0.149437,0.012067,0.764877,0.753012
2004/11/10 0:00,0.9829258918762207,1.586294,0.982685,1.032098,0.15491393208503723,0.01213,0.764292,0.748223
2004/11/11 0:00,0.9842950701713562,1.59566,0.986991,1.040399,0.15491525828838348,0.012206,0.76558,0.753012
2004/11/12 0:00,0.9842950701713562,1.594947,0.989609,1.037065,0.15491525828838348,0.012204,0.765287,0.754375
2004/11/13 0:00,0.986193,1.594947,0.989609,1.037065,0.15491525828838348,0.012204,0.765287,0.754375
2004/11/14 0:00,0.984931,1.588562,0.986952,1.037065,0.1554804891347885,0.012188,0.765755,0.752615
2004/11/15 0:00,0.984252,1.578856,0.988631,1.044496,0.1554804891347885,0.012223,0.765697,0.752729
2004/11/16 0:00,0.992162,1.588663,0.997009,1.041678,0.15704692900180817,0.012213,0.766871,0.762544
2004/11/17 0:00,0.992851,1.598491,0.995302,1.050045,0.150299,0.012277,0.770713,0.757978
2004/11/18 0:00,0.990491,1.603284,0.989286,1.045916,0.15058,0.0123,0.771605,0.757576
2004/11/19 0:00,0.987947,1.602461,0.990099,1.043732,0.15058,0.01227,0.77101,0.755572
2004/11/20 0:00,0.987947,1.602461,0.990099,1.043732,0.15058,0.01227,0.77101,0.755572
2004/11/21 0:00,0.990982,1.593092,0.984465,1.045653,0.150507,0.012314,0.769811,0.756716
2004/11/22 0:00,0.973331,1.572451,0.96965,1.030853,0.150498,0.012268,0.764468,0.748503
2004/11/23 0:00,0.986096,1.586798,0.977231,1.040431,0.150365,0.012337,0.768758,0.754318
2004/11/24 0:00,0.97924,1.572253,0.97334,1.03419,0.150403,0.012301,0.76864,0.746938
2004/11/25 0:00,0.979432,1.56789,0.974184,1.021826,0.150173,0.012276,0.770108,0.746102
2004/11/26 0:00,0.982898,1.568554,0.974659,1.021023,0.150173,0.012284,0.770832,0.746714
2004/11/27 0:00,0.978378,1.567152,0.974659,1.020106,0.150173,0.012284,0.770832,0.74499
2004/11/28 0:00,0.991277,1.573713,0.980363,1.030291,0.150191,0.012392,0.773395,0.75188
2004/11/29 0:00,0.985222,1.592352032661438,0.976486,1.015703,0.150116,0.012285,0.770416,0.749681
2004/11/30 0:00,0.968617,1.592352032661438,0.968054,1.009846,0.149714,0.012246,0.765462,0.74239
2004/12/1 0:00,0.977613,1.592352032661438,0.981374,1.017915,0.149555,0.01234,0.77101,0.753409
2004/12/2 0:00,0.981354,1.592352032661438,0.982318,1.016105,0.149909,0.012422,0.772481,0.762951
2004/12/3 0:00,0.9786140322685242,1.592352032661438,0.981643,1.017915,0.149909,0.012432,0.772618,0.762486
2004/12/4 0:00,0.9786140322685242,1.592352032661438,0.981643,1.017915,0.149909,0.012439,0.772618,0.762369
2004/12/5 0:00,0.9786140322685242,1.668066143989563,0.984998,1.006816,0.149412,0.012395,0.773694,0.766284
2004/12/6 0:00,0.981414258480072,1.5935959815979004,0.990668,1.023227,0.15463659167289734,0.012376,0.776699,0.772201
2004/12/7 0:00,0.981414258480072,1.5935959815979004,0.989727,1.021503,0.15500837564468384,0.012299,0.775795,0.775555
2004/12/8 0:00,0.9949581623077393,1.5935959815979004,0.997307,1.04145,0.15746575593948364,0.01239,0.779666,0.793588
2004/12/9 0:00,1.015198,1.6142545938491821,1.0006,1.042079,0.1579056680202484,0.012294,0.7798264026641846,0.795608
2004/12/10 0:00,1.015754,1.6142545938491821,0.9998,1.039912,0.1579056680202484,0.012304,0.7798264026641846,0.795482
2004/12/11 0:00,1.015754,1.5935959815979004,0.9998,1.039912,0.15746575593948364,0.012304,0.777968,0.795482
2004/12/12 0:00,1.012351,1.5935959815979004,0.997009,1.036592,0.15746575593948364,0.01232,0.776657,0.789391
2004/12/13 0:00,1.012945,1.5935959815979004,0.99989,1.039145,0.15746575593948364,0.012334,0.778192,0.787402
2004/12/14 0:00,1.002828,1.5935959815979004,0.998074,1.026589,0.15500837564468384,0.012112,0.775555,0.781067
2004/12/15 0:00,0.996711,1.5935959815979004,0.99455,1.023646,0.15500837564468384,0.012129,0.775494,0.779059
2004/12/16 0:00,0.990001,1.5935959815979004,0.991473,1.02459,0.15500837564468384,0.012123,0.772798,0.776337
2004/12/17 0:00,0.984252,1.611396,0.987849,1.019482,0.156267911195755,0.012117,0.770416,0.773395
2004/12/18 0:00,0.984252,1.611655,0.987849,1.019649,0.156267911195755,0.012117,0.770416,0.773395
2004/12/19 0:00,0.990099,1.605987,0.993552,1.016539,0.156267911195755,0.012064,0.768297,0.77682
2004/12/20 0:00,0.974659,1.586798,0.97682,1.007557,0.15083058178424835,0.011985,0.766284,0.767165
2004/12/21 0:00,0.981836,1.594184,0.979336,1.010744,0.15156172215938568,0.012027,0.768049,0.771843
2004/12/22 0:00,0.988924,1.600897,0.982531,1.003613,0.15026535093784332,0.011958,0.771129,0.7537160515785217
2004/12/23 0:00,0.98464,1.596169,0.980017,1.002175,0.15026535093784332,0.011976,0.770357,0.7537160515785217
2004/12/24 0:00,0.985707,1.598772,0.982444,1.008075,0.15026535093784332,0.01198,0.771921,0.7557855248451233
2004/12/25 0:00,0.98668,1.598133,0.983187,1.007689,0.15026535093784332,0.011967,0.771921,0.7557855248451233
2004/12/26 0:00,0.986388,1.594388,0.981296,1.008247,0.15026535093784332,0.01198,0.770297,0.7557855248451233
2004/12/27 0:00,0.972384,1.582304,0.975343,1.005197,0.15083058178424835,0.012067,0.761499,0.7476210594177246
2004/12/28 0:00,0.981836,1.576516,0.988621,1.005055,0.15083058178424835,0.01199,0.764117,0.7476210594177246
2004/12/29 0:00,0.980969,1.576591,0.991965,1.0,0.15083058178424835,0.011951,0.764994,0.745551586151123
2004/12/30 0:00,0.963391,1.559454,0.97972,0.997437,0.15083058178424835,0.011885,0.757691,0.745551586151123
2004/12/31 0:00,0.963391,1.559454,0.97972,0.997437,0.15083058178424835,0.011885,0.757691,0.745551586151123
2005/1/1 0:00,0.96432,1.558749,0.979432,0.997307,0.15083058178424835,0.011891,0.757576,0.745551586151123
2005/1/2 0:00,0.958589,1.554944,0.977231,0.998343,0.15083058178424835,0.011854,0.756201,0.745551586151123
2005/1/3 0:00,0.959969,1.557244,0.973425,1.001201,0.15083058178424835,0.011969,0.757002,0.745551586151123
2005/1/4 0:00,0.976427,1.55955,0.996419,1.00694,0.15083058178424835,0.011928,0.764767,0.7476210594177246
2005/1/5 0:00,0.977326,1.560257,0.99553,1.009224,0.15083058178424835,0.011969,0.765638,0.7476210594177246
2005/1/6 0:00,0.987752,1.571709,0.993907,1.02351,0.15390545129776,0.012085,0.766989,0.7476210594177246
2005/1/7 0:00,0.987849,1.572253,0.997009,1.025326,0.15390545129776,0.012112,0.766871,0.7476210594177246
2005/1/8 0:00,0.993049,1.572253,0.997009,1.025326,0.15390545129776,0.012114,0.766871,0.7476210594177246
2005/1/9 0:00,0.987167,1.567398,0.993453,1.015187,0.15339916944503784,0.012089,0.765814,0.7476210594177246
2005/1/10 0:00,0.988631,1.579654,0.9886171817779541,1.017087,0.15339916944503784,0.012037,0.766812,0.7476210594177246
2005/1/11 0:00,0.977995,1.578956,0.980586051940918,1.013069,0.15339916944503784,0.011888,0.760456,0.7476210594177246
2005/1/12 0:00,0.982415,1.573193,0.9760597944259644,1.015847,0.15339916944503784,0.011928,0.762021,0.7476210594177246
2005/1/13 0:00,0.98464,1.5598721504211426,0.9785080552101135,1.019576,0.15339916944503784,0.011916,0.763417,0.7476210594177246
2005/1/14 0:00,0.985513,1.5598721504211426,0.9785080552101135,1.020512,0.15339916944503784,0.011912,0.764584,0.7476210594177246
2005/1/15 0:00,0.985222,1.5598721504211426,0.9785080552101135,1.020512,0.15339916944503784,0.011912,0.764584,0.7476210594177246
2005/1/16 0:00,0.993937,1.5598721504211426,0.9781559705734253,1.033528,0.1570926457643509,0.011956,0.76646,0.7667726278305054
2005/1/17 0:00,0.999201,1.5598721504211426,0.9833137392997742,1.039944,0.15765920281410217,0.011972,0.768049,0.7709353566169739
2005/1/18 0:00,0.99167,1.5598721504211426,0.9785080552101135,1.039566,0.15765920281410217,0.0119,0.761731,0.7709353566169739
2005/1/19 0:00,0.985902,1.5598721504211426,0.9785080552101135,1.032983,0.1570926457643509,0.011861,0.759301,0.7667726278305054
2005/1/20 0:00,0.985222,1.5598721504211426,0.9785080552101135,1.030397,0.15390545129776,0.011884,0.759359,0.7476210594177246
2005/1/21 0:00,0.985222,1.5598721504211426,0.9785080552101135,1.030609,0.15390545129776,0.011915,0.761267,0.7476210594177246
2005/1/22 0:00,0.988533,1.5598721504211426,0.9785080552101135,1.030609,0.15390545129776,0.011909,0.761267,0.7476210594177246
2005/1/23 0:00,0.993049,1.5598721504211426,0.9781559705734253,1.036925,0.15765920281410217,0.01194,0.759301,0.7709353566169739
2005/1/24 0:00,0.997506,1.5598721504211426,0.9781559705734253,1.043079,0.15765920281410217,0.011939,0.761905,0.7709353566169739
2005/1/25 0:00,1.0,1.5598721504211426,0.9816001653671265,1.050818,0.15765920281410217,0.01197,0.765052,0.7709353566169739
2005/1/26 0:00,1.004752,1.5598721504211426,0.9850982427597046,1.039566,0.15765920281410217,0.012053,0.76558,0.786624014377594
2005/1/27 0:00,1.00445,1.5598721504211426,0.9850982427597046,1.039933,0.15765920281410217,0.012063,0.769586,0.786624014377594
2005/1/28 0:00,1.005541,1.5598721504211426,0.9850982427597046,1.039177,0.15765920281410217,0.012063,0.769231,0.786624014377594
2005/1/29 0:00,1.004894,1.5598721504211426,0.9850982427597046,1.039177,0.15765920281410217,0.012064,0.769231,0.786624014377594
2005/1/30 0:00,1.002205,1.5598721504211426,0.9850982427597046,1.039069,0.15765920281410217,0.01206,0.768817,0.7709353566169739
2005/1/31 0:00,1.011143,1.5598721504211426,0.9850982427597046,1.050862,0.15765920281410217,0.012164,0.771004,0.7825171947479248
2005/2/1 0:00,1.015672,1.5598721504211426,0.9850982427597046,1.053408,0.15765920281410217,0.012216,0.772678,0.780802309513092
2005/2/2 0:00,1.012433,1.5598721504211426,0.9758474230766296,1.067076,0.15798932313919067,0.012237,0.775976,0.7918570041656494
2005/2/3 0:00,1.023657,1.5598721504211426,0.9832696914672852,1.070939,0.15798932313919067,0.012329,0.780214,0.7918570041656494
2005/2/4 0:00,1.023227,1.5598721504211426,0.9832696914672852,1.069519,0.15798932313919067,0.012326,0.779423,0.7918570041656494
2005/2/5 0:00,1.023227,1.5734596252441406,0.9896578192710876,1.069519,0.15746575593948364,0.012321,0.779423,0.779606
2005/2/6 0:00,1.01995,1.5734596252441406,0.9896578192710876,1.071582,0.15746575593948364,0.012259,0.778519,0.776096
2005/2/7 0:00,1.005005,1.5846260786056519,0.9968758821487427,1.054786,0.15704692900180817,0.012202,0.77688,0.767224
2005/2/8 0:00,1.0001,1.5846260786056519,0.9968758821487427,1.036699,0.15704692900180817,0.012013,0.773994,0.761673
2005/2/9 0:00,0.995421,1.5846260786056519,0.9946532249450684,1.037883,0.1554804891347885,0.012021,0.771486,0.758093
2005/2/10 0:00,0.995223,1.5846260786056519,0.9946532249450684,1.035668,0.1554804891347885,0.01204,0.77232,0.758495
2005/2/11 0:00,0.99691,1.5846260786056519,0.9946532249450684,1.033912,0.15648037195205688,0.012019,0.772082,0.759821
2005/2/12 0:00,0.995818,1.5846260786056519,0.9946532249450684,1.033912,0.15491393208503723,0.012013,0.772082,0.757576
2005/2/13 0:00,0.991867,1.5846260786056519,0.9886171817779541,1.032418,0.15648037195205688,0.01208,0.769704,0.762137
2005/2/14 0:00,0.987752,1.5846260786056519,0.9838975667953491,1.025115,0.15390545129776,0.011994,0.772678,0.760052
2005/2/15 0:00,0.993345,1.5846260786056519,0.9946532249450684,1.028923,0.15390545129776,0.012,0.775615,0.759301
2005/2/16 0:00,0.9994,1.5846260786056519,0.9968758821487427,1.03867,0.15704692900180817,0.01208,0.77821,0.769231
2005/2/17 0:00,0.988631,1.5846260786056519,0.9886171817779541,1.03509,0.15704692900180817,0.012047,0.776096,0.768226
2005/2/18 0:00,0.98912,1.5846260786056519,0.9886171817779541,1.036355,0.15704692900180817,0.012048,0.77682,0.76693
2005/2/19 0:00,0.988533,1.5846260786056519,0.9886171817779541,1.037883,0.15704692900180817,0.012055,0.77682,0.767695
2005/2/20 0:00,0.995025,1.5734596252441406,0.9892637133598328,1.036699,0.15746575593948364,0.012095,0.776699,0.773455
2005/2/21 0:00,0.997904,1.5734596252441406,0.9917003512382507,1.0386040210723877,0.15704692900180817,0.012101,0.779593,0.770179
2005/2/22 0:00,1.002858,1.5935959815979004,1.006137,1.042492,0.1559809446334839,0.012188,0.780214,0.771724
2005/2/23 0:00,0.986291,1.5935959815979004,0.99949,1.034875,0.15491525828838348,0.012045,0.775494,0.755972
2005/2/24 0:00,0.988631,1.5935959815979004,1.005975,1.042644,0.15380223095417023,0.012101,0.779241,0.757691
2005/2/25 0:00,0.989022,1.5935959815979004,1.005834,1.043188,0.15380223095417023,0.012111,0.778938,0.757805
2005/2/26 0:00,0.990884,1.5935959815979004,1.005834,1.043188,0.15380223095417023,0.012108,0.778938,0.757805
2005/2/27 0:00,1.0,1.5935959815979004,1.006776,1.053519,0.15536867082118988,0.012135,0.780762,0.763884
2005/2/28 0:00,0.989609,1.5935959815979004,1.000931,1.056636,0.15648169815540314,0.012132,0.77991,0.76365
2005/3/1 0:00,0.994827,1.5935959815979004,1.00452,1.060041,0.15536867082118988,0.012149,0.781616,0.766049
2005/3/2 0:00,0.989805,1.589952,1.005035,1.056078,0.1559339016675949,0.012044,0.781616,0.771188
2005/3/3 0:00,0.992063,1.583907,1.000891,1.060783,0.15746575593948364,0.012194,0.778756,0.772857
2005/3/4 0:00,0.992063,1.583857,0.998901,1.061346,0.15765920281410217,0.012176,0.778271,0.772201
2005/3/5 0:00,0.995025,1.58705,0.998901,1.061346,0.15765920281410217,0.01217,0.778271,0.772201
2005/3/6 0:00,0.997009,1.602744,0.996532,1.062394,0.15798932313919067,0.012198,0.781494,0.772559
2005/3/7 0:00,1.012371,1.612565,1.007953,1.065417,0.15679264068603516,0.012271,0.786584,0.780214
2005/3/8 0:00,1.006847,1.617076,1.011542,1.062586,0.15449394285678864,0.012227,0.78596,0.779788
2005/3/9 0:00,1.013397,1.615587,1.009591,1.059266,0.15449394285678864,0.012267,0.784683,0.772917
2005/3/10 0:00,1.013767,1.607976,1.010611,1.046463,0.15412215888500214,0.012195,0.784314,0.76864
2005/3/11 0:00,1.013644,1.608648,1.012658,1.047559,0.152474,0.012165,0.784314,0.76858
2005/3/12 0:00,1.013644,1.608648,1.012658,1.047559,0.152474,0.012165,0.784314,0.76858
2005/3/13 0:00,1.013849,1.61111,1.012064,1.043623,0.152379,0.0121760917827487,0.784621,0.770179
2005/3/14 0:00,1.017439,1.608493,1.009184,1.04467,0.152567,0.012256486341357231,0.786349,0.777484
2005/3/15 0:00,1.009826,1.608933,1.00553,1.039825,0.15174,0.012256486341357231,0.785176,0.771426
2005/3/16 0:00,1.006036,1.612981,1.004823,1.035229,0.151872,0.0121760917827487,0.782779,0.76746
2005/3/17 0:00,0.9998,1.598593,1.009693,1.024443,0.15175,0.0121760917827487,0.779423,0.759071
2005/3/18 0:00,1.002546,1.600563,1.0025136470794678,1.027538,0.15175,0.0121760917827487,0.780031,0.760167
2005/3/19 0:00,1.002546,1.600845,1.0025136470794678,1.0288640260696411,0.15175,0.0121760917827487,0.780031,0.760167
2005/3/20 0:00,1.002004,1.601948,1.0025136470794678,1.027585506439209,0.151623,0.0121760917827487,0.77991,0.75643
2005/3/21 0:00,0.998702,1.613372,1.0025136470794678,1.027585506439209,0.151713,0.0121760917827487,0.781128,0.752106
2005/3/22 0:00,0.997904,1.605961,0.9923702478408813,1.044834852218628,0.15541845560073853,0.012081185355782509,0.781384,0.751767
2005/3/23 0:00,1.011317,1.616371,1.0025136470794678,1.0464732646942139,0.15430542826652527,0.0121760917827487,0.783576,0.75884
2005/3/24 0:00,1.013592,1.623403,1.0025136470794678,1.0464732646942139,0.1563117802143097,0.012256486341357231,0.784929,0.762777
2005/3/25 0:00,1.014302,1.624168,1.0025136470794678,1.0464732646942139,0.1563117802143097,0.012256486341357231,0.785361,0.763359
2005/3/26 0:00,1.01495,1.625329,1.0025136470794678,1.0464732646942139,0.1563117802143097,0.012256486341357231,0.785361,0.763359
2005/3/27 0:00,1.007547,1.62285,1.0025136470794678,1.0464732646942139,0.15587186813354492,0.0121760917827487,0.783337,0.761035
2005/3/28 0:00,0.999001,1.612747,1.0025136470794678,1.054266333580017,0.15474534034729004,0.0123043367639184,0.7892001867294312,0.748335
2005/3/29 0:00,1.0003,1.622507,1.0025136470794678,1.054266333580017,0.15474534034729004,0.0123043367639184,0.7892001867294312,0.745657
2005/3/30 0:00,1.008664,1.61098,1.0025136470794678,1.054266333580017,0.15474534034729004,0.0123043367639184,0.7892001867294312,0.747384
2005/3/31 0:00,1.015249,1.607433,1.0025136470794678,1.0381666421890259,0.15474534034729004,0.0123043367639184,0.7806976437568665,0.751145
2005/4/1 0:00,1.015249,1.607433,1.0025136470794678,1.0381666421890259,0.15474534034729004,0.0123043367639184,0.7806976437568665,0.751145
2005/4/2 0:00,1.018454,1.611552,1.0025136470794678,1.058815836906433,0.15474534034729004,0.0123043367639184,0.7892001867294312,0.750807
2005/4/3 0:00,1.017128,1.624801,1.0025136470794678,1.058815836906433,0.15474534034729004,0.0123043367639184,0.7892001867294312,0.751428
2005/4/4 0:00,1.01656,1.631481,1.0025136470794678,1.058815836906433,0.15474534034729004,0.0123043367639184,0.7892001867294312,0.750694
2005/4/5 0:00,1.016405,1.63228,1.0025136470794678,1.054266333580017,0.15474534034729004,0.0123043367639184,0.7892001867294312,0.74239
2005/4/6 0:00,1.013284,1.626678,1.0025136470794678,1.054266333580017,0.15474534034729004,0.0123043367639184,0.7892001867294312,0.740302
2005/4/7 0:00,1.011531,1.624616,1.0025136470794678,1.054266333580017,0.15474534034729004,0.0123043367639184,0.7892001867294312,0.736377
2005/4/8 0:00,1.014507,1.626439,1.0025136470794678,1.054266333580017,0.15474534034729004,0.0123043367639184,0.7892001867294312,0.738662
2005/4/9 0:00,1.011051,1.624959,1.0025136470794678,1.054266333580017,0.15474534034729004,0.0123043367639184,0.7892001867294312,0.736594
2005/4/10 0:00,1.011051,1.619381,1.0025136470794678,1.054266333580017,0.15474534034729004,0.0123043367639184,0.7892001867294312,0.735835
2005/4/11 0:00,1.010101,1.615404,1.0025136470794678,1.054266333580017,0.15474534034729004,0.0123043367639184,0.7892001867294312,0.740412
2005/4/12 0:00,1.010509,1.619486,1.0025136470794678,1.054266333580017,0.15474534034729004,0.0123043367639184,0.7892001867294312,0.739262
2005/4/13 0:00,1.001001,1.606168,1.0025136470794678,1.0336171388626099,0.15417878329753876,0.0123043367639184,0.7767453193664551,0.735294
2005/4/14 0:00,1.014507,1.608234,1.0025136470794678,1.0336171388626099,0.15417878329753876,0.0123043367639184,0.7767453193664551,0.744879
2005/4/15 0:00,1.007953,1.616998,1.0025136470794678,1.054266333580017,0.15474534034729004,0.0123043367639184,0.7892001867294312,0.738007
2005/4/16 0:00,0.990884,1.608389,0.9863342046737671,1.043911099433899,0.1558583676815033,0.01220943033695221,0.7768949270248413,0.731422
2005/4/17 0:00,0.985222,1.601204,0.9863342046737671,1.0151363611221313,0.15482881665229797,0.01220943033695221,0.7704348564147949,0.72998
2005/4/18 0:00,0.982029,1.613944,0.9810945391654968,1.0151363611221313,0.15482881665229797,0.01220943033695221,0.7704348564147949,0.718391
2005/4/19 0:00,0.995025,1.623377,0.9923702478408813,1.0645602941513062,0.15675371885299683,0.01220943033695221,0.7870550155639648,0.730407
2005/4/20 0:00,0.995025,1.623377,0.9923702478408813,1.0645602941513062,0.15675371885299683,0.01220943033695221,0.7870550155639648,0.730407
2005/4/21 0:00,0.995025,1.623377,0.9923702478408813,1.0645602941513062,0.15675371885299683,0.01220943033695221,0.7870550155639648,0.730407
2005/4/22 0:00,1.004853,1.629912,1.0025136470794678,1.054266333580017,0.15474534034729004,0.0123043367639184,0.7892001867294312,0.73346
2005/4/23 0:00,1.010509,1.637197,1.0025136470794678,1.054266333580017,0.15474534034729004,0.0123043367639184,0.7892001867294312,0.740521
2005/4/24 0:00,1.012545,1.6112329959869385,1.0025136470794678,1.054266333580017,0.15474534034729004,0.0123043367639184,0.7892001867294312,0.74173
2005/4/25 0:00,1.020721,1.6147265434265137,1.0011991262435913,1.058815836906433,0.15535517036914825,0.012357,0.792354166507721,0.749963
2005/4/26 0:00,1.020721,1.6189287900924683,0.9919482469558716,1.103022,0.15625052154064178,0.012357,0.7936878204345703,0.749963
2005/4/27 0:00,1.020721,1.6189287900924683,0.9919482469558716,1.103022,0.15625052154064178,0.012357,0.7936878204345703,0.749963
2005/4/28 0:00,1.020721,1.6189287900924683,0.9919482469558716,1.103022,0.15625052154064178,0.012357,0.7936878204345703,0.749963
2005/4/29 0:00,1.028204,1.6147265434265137,0.9919482469558716,1.089206,0.15625052154064178,0.012237,0.7936878204345703,0.754205
2005/4/30 0:00,1.025546,1.6147265434265137,0.9950473308563232,1.085541,0.15625052154064178,0.012132,0.793218731880188,0.755344
2005/5/1 0:00,1.03325,1.6147265434265137,0.9950473308563232,1.088258,0.15781696140766144,0.012078,0.8032618165016174,0.763475
2005/5/2 0:00,1.035797,1.6147265434265137,0.9950473308563232,1.091655,0.15781696140766144,0.012073,0.807202160358429,0.764234
2005/5/3 0:00,1.037635,1.6147265434265137,0.9915492534637451,1.078888,0.15781696140766144,0.011875,0.8107613921165466,0.765755
2005/5/4 0:00,1.038001,1.6112329959869385,0.9915492534637451,1.08135,0.15832015872001648,0.012483331374824047,0.8076909780502319,0.767695
2005/5/5 0:00,1.038648,1.6112329959869385,0.9915492534637451,1.082134,0.15832015872001648,0.012483331374824047,0.8076909780502319,0.766989
2005/5/6 0:00,1.034233,1.6112329959869385,0.9915492534637451,1.083377,0.15832015872001648,0.012483331374824047,0.8020835518836975,0.766342
2005/5/7 0:00,1.034255,1.6112329959869385,0.9915492534637451,1.080264,0.15832015872001648,0.012483331374824047,0.8037506341934204,0.769053
2005/5/8 0:00,1.043047,1.6112329959869385,0.9915492534637451,1.088779,0.15840886533260345,0.011303510516881943,0.8074469566345215,0.778634
2005/5/9 0:00,1.043417,1.6112329959869385,0.9915492534637451,1.091227,0.15840886533260345,0.011303510516881943,0.8074469566345215,0.776699
2005/5/10 0:00,1.054563,1.6112329959869385,1.0090255737304688,1.097743,0.1572958379983902,0.012249670922756195,0.8078309297561646,0.782411
2005/5/11 0:00,1.056546,1.6112329959869385,1.019399642944336,1.103144,0.15499714016914368,0.012249670922756195,0.8094865679740906,0.783085
2005/5/12 0:00,1.056546,1.6112329959869385,1.019399642944336,1.103144,0.15499714016914368,0.012249670922756195,0.8094865679740906,0.783085
2005/5/13 0:00,1.051901,1.6112329959869385,0.9982322454452515,1.104362,0.15840886533260345,0.011303510516881943,0.8097230792045593,0.781067
2005/5/14 0:00,1.047559,1.633162498474121,0.9915492534637451,1.116071,0.15840886533260345,0.011303510516881943,0.8113704323768616,0.785731
2005/5/15 0:00,1.049318,1.633162498474121,0.9915492534637451,1.115897,0.15840886533260345,0.011303510516881943,0.8113704323768616,0.788333
2005/5/16 0:00,1.053264,1.633162498474121,1.0090255737304688,1.120649,0.1572958379983902,0.012249670922756195,0.8094782829284668,0.792707
2005/5/17 0:00,1.056848,1.633162498474121,1.019399642944336,1.118944,0.15499714016914368,0.012249670922756195,0.8094865679740906,0.798148
2005/5/18 0:00,1.05715,1.633162498474121,1.019399642944336,1.119946,0.15499714016914368,0.012249670922756195,0.8094865679740906,0.799552
2005/5/19 0:00,1.056133,1.633162498474121,1.019399642944336,1.122473,0.15499714016914368,0.012249670922756195,0.8094865679740906,0.797067
2005/5/20 0:00,1.050641,1.6371634006500244,1.0017303228378296,1.112347,0.15679264068603516,0.012131,0.8094865679740906,0.789079
2005/5/21 0:00,1.052709,1.6371634006500244,1.0125236511230469,1.110556,0.15449394285678864,0.012127,0.8094865679740906,0.788022
2005/5/22 0:00,1.066758,1.6371634006500244,1.0290777683258057,1.123141,0.15449394285678864,0.012138,0.8062758445739746,0.795229
2005/5/23 0:00,1.075072,1.6371634006500244,1.0320916175842285,1.13071,0.15449394285678864,0.01222,0.8062758445739746,0.801989
2005/5/24 0:00,1.073895,1.6371634006500244,1.0320916175842285,1.128541,0.15449394285678864,0.012204,0.8062758445739746,0.801475
2005/5/25 0:00,1.074229,1.6371634006500244,1.0320916175842285,1.128159,0.15449394285678864,0.012217,0.8062758445739746,0.80186
2005/5/26 0:00,1.074645,1.6371634006500244,1.0320916175842285,1.128159,0.15449394285678864,0.012217,0.8062758445739746,0.802053
2005/5/27 0:00,1.071364,1.6147265434265137,1.0320916175842285,1.107102870941162,0.15449394285678864,0.012211,0.8062758445739746,0.799488
2005/5/28 0:00,1.077052,1.6147265434265137,1.0338085889816284,1.107102870941162,0.15449394285678864,0.01225,0.8062758445739746,0.805218
2005/5/29 0:00,1.083882,1.6147265434265137,1.0338085889816284,1.107102870941162,0.15449394285678864,0.012164,0.8062758445739746,0.805348
2005/5/30 0:00,1.089776,1.6147265434265137,1.0338085889816284,1.107102870941162,0.15449394285678864,0.012261,0.8062758445739746,0.799361
2005/5/31 0:00,1.09595,1.6147265434265137,1.0338085889816284,1.107102870941162,0.15449394285678864,0.012312,0.8062758445739746,0.808407
2005/6/1 0:00,1.093446,1.6147265434265137,1.0338085889816284,1.107102870941162,0.15449394285678864,0.012329,0.8062758445739746,0.807103
2005/6/2 0:00,1.096948,1.6147265434265137,1.0338085889816284,1.107102870941162,0.15449394285678864,0.012317,0.8062758445739746,0.807103
2005/6/3 0:00,1.096299,1.6147265434265137,1.0338085889816284,1.107102870941162,0.15449394285678864,0.012311,0.8062758445739746,0.808865
2005/6/4 0:00,1.087016,1.6147265434265137,1.0338085889816284,1.107102870941162,0.15449394285678864,0.01235,0.8062758445739746,0.800512
2005/6/5 0:00,1.077041,1.6147265434265137,1.0320916175842285,1.107102870941162,0.15449394285678864,0.012415,0.8062758445739746,0.790826
2005/6/6 0:00,1.062045,1.6147265434265137,1.0290535688400269,1.107102870941162,0.15449394285678864,0.012477,0.8062758445739746,0.785484
2005/6/7 0:00,1.072444,1.6147265434265137,1.0320916175842285,1.107102870941162,0.15449394285678864,0.012448,0.8062758445739746,0.793021
2005/6/8 0:00,1.076345,1.6323322057724,1.034768,1.107102870941162,0.15449394285678864,0.012407,0.8062758445739746,0.795292
2005/6/9 0:00,1.06945,1.6323322057724,1.036055,1.107102870941162,0.15449394285678864,0.012402,0.8062758445739746,0.795292
2005/6/10 0:00,1.077052,1.6323322057724,1.037323,1.107102870941162,0.15449394285678864,0.012435,0.8062758445739746,0.793462
2005/6/11 0:00,1.07975,1.6323322057724,1.041764,1.107102870941162,0.15449394285678864,0.012376,0.8062758445739746,0.792267
2005/6/12 0:00,1.068262,1.6323322057724,1.038745,1.107102870941162,0.15449394285678864,0.012369,0.8062758445739746,0.788333
2005/6/13 0:00,1.068285,1.6323322057724,1.039501,1.107102870941162,0.15449394285678864,0.012361,0.8062758445739746,0.797957
2005/6/14 0:00,1.056669,1.62396240234375,1.030524,1.1436463594436646,0.153846,0.012389,0.8094865679740906,0.786906
2005/6/15 0:00,1.057899,1.62396240234375,1.032951,1.1436463594436646,0.153846,0.012364,0.8062758445739746,0.787154
2005/6/16 0:00,1.056145,1.62396240234375,1.032951,1.1436463594436646,0.153929,0.012378,0.8094865679740906,0.785176
2005/6/17 0:00,1.060637,1.62396240234375,1.027876,1.1436463594436646,0.153641,0.012381,0.8062758445739746,0.78284
2005/6/18 0:00,1.057944,1.62396240234375,1.025431,1.1436463594436646,0.153704,0.012268,0.8062758445739746,0.782473
2005/6/19 0:00,1.061594,1.62396240234375,1.028912,1.1436463594436646,0.153768,0.01227,0.8062758445739746,0.788333
2005/6/20 0:00,1.064951,1.62396240234375,1.032951,1.1436463594436646,0.153735,0.012232,0.8062758445739746,0.78964
2005/6/21 0:00,1.070435,1.62396240234375,1.029866,1.1436463594436646,0.153984,0.012262,0.8062758445739746,0.799041
2005/6/22 0:00,1.064623,1.62396240234375,1.026799,1.1436463594436646,0.153984,0.012238,0.8062758445739746,0.793399
2005/6/23 0:00,1.066109,1.62396240234375,1.026799,1.0587974786758423,0.153984,0.012238,0.807559,0.793399
2005/6/24 0:00,1.051049,1.62396240234375,1.022171,1.0587974786758423,0.153728,0.012225,0.80032,0.789889
2005/6/25 0:00,1.0266987085342407,1.62396240234375,1.022401,1.0587974786758423,0.153882,0.01221,0.801667,0.796495
2005/6/26 0:00,1.0266987085342407,1.62396240234375,1.022966,1.0587974786758423,0.153988,0.012198,0.801732,0.797957
2005/6/27 0:00,1.052282691001892,1.62396240234375,1.021242,1.0536166429519653,0.154059,0.012299,0.803342,0.809717
2005/6/28 0:00,1.052282691001892,1.62396240234375,1.023856,1.0536166429519653,0.154012,0.012361,0.808865,0.817394
2005/6/29 0:00,1.052282691001892,1.62396240234375,1.023123,1.0536166429519653,0.154055,0.012372,0.808931,0.818599
2005/6/30 0:00,1.052282691001892,1.62396240234375,1.023123,1.0536166429519653,0.154055,0.012372,0.808931,0.818599
2005/7/1 0:00,1.052282691001892,1.62396240234375,1.023541,1.0536166429519653,0.154231,0.012357,0.809454,0.817394
2005/7/2 0:00,1.052282691001892,1.62396240234375,1.032077,1.0536166429519653,0.154323,0.012286,0.809979,0.823316
2005/7/3 0:00,1.052282691001892,1.62396240234375,1.026357,1.0536166429519653,0.154321,0.012362,0.809717,0.820816
2005/7/4 0:00,1.052282691001892,1.62396240234375,1.02459,1.0536166429519653,0.154242,0.012367,0.810787,0.816393
2005/7/5 0:00,1.052282691001892,1.62396240234375,1.024821,1.0536166429519653,0.154321,0.012452,0.814863,0.817528
2005/7/6 0:00,1.052282691001892,1.62396240234375,1.022599,1.0536166429519653,0.154321,0.012469,0.813471,0.815794
2005/7/7 0:00,1.052282691001892,1.62396240234375,1.022599,1.0536166429519653,0.154326,0.012453,0.813471,0.815262
2005/7/8 0:00,1.0399807691574097,1.62396240234375,1.020179,1.0536166429519653,0.154338,0.012473,0.812876,0.814266
2005/7/9 0:00,1.052282691001892,1.62396240234375,1.026589,1.0536166429519653,0.154273,0.012475,0.814863,0.821423
2005/7/10 0:00,1.052282691001892,1.639452,1.021211,1.051547884941101,0.15444,0.012528,0.811214,0.816127
2005/7/11 0:00,1.052282691001892,1.636688,1.026778,1.0536166429519653,0.154395,0.01244,0.812678,0.827198
2005/7/12 0:00,1.052282691001892,1.622481,1.021952,1.0536166429519653,0.154266,0.012456,0.80844,0.822436
2005/7/13 0:00,1.052282691001892,1.62525,1.020408,1.0536166429519653,0.154266,0.01245,0.808146,0.823588
2005/7/14 0:00,1.052282691001892,1.623535,1.020408,1.0536166429519653,0.154266,0.012449,0.808146,0.823588
2005/7/15 0:00,1.052282691001892,1.631215,1.022296,1.0536166429519653,0.154226,0.012458,0.808846,0.813008
2005/7/16 0:00,1.052282691001892,1.62396240234375,1.033143,1.0536166429519653,0.154328,0.012423,0.813537,0.819269
2005/7/17 0:00,1.0191447734832764,1.62396240234375,1.017915,1.0536166429519653,0.154269,0.012353,0.807233,0.806127
2005/7/18 0:00,1.0191447734832764,1.62396240234375,1.014837,1.0536166429519653,0.15444,0.012385,0.805471,0.801218
2005/7/19 0:00,1.0399807691574097,1.62396240234375,1.018953,1.0536166429519653,0.154536,0.012491,0.81011,0.810898
2005/7/20 0:00,1.052282691001892,1.62396240234375,1.021138,1.0536166429519653,0.154512,0.012495,0.810241,0.810504
2005/7/21 0:00,1.052282691001892,1.62396240234375,1.021138,1.0536166429519653,0.154512,0.012492,0.810241,0.810504
2005/7/22 0:00,1.052282691001892,1.62396240234375,1.020939,1.0536166429519653,0.154488,0.012467,0.809389,0.809389
2005/7/23 0:00,1.052282691001892,1.62396240234375,1.027327,1.0536166429519653,0.154631,0.012481,0.811754,0.811688
2005/7/24 0:00,1.052282691001892,1.62396240234375,1.028595,1.0536166429519653,0.154722,0.012457,0.812612,0.817929
2005/7/25 0:00,1.0318586826324463,1.62396240234375,1.018745,1.0961995124816895,0.154607,0.012408,0.8076913952827454,0.81011
2005/7/26 0:00,1.0318586826324463,1.62396240234375,1.015022,1.0961995124816895,0.15444,0.012441,0.8076913952827454,0.81182
2005/7/27 0:00,1.0318586826324463,1.62396240234375,1.011941,1.0961995124816895,0.154466,0.012422,0.8076913952827454,0.811886
2005/7/28 0:00,1.0318586826324463,1.62396240234375,1.011941,1.0961995124816895,0.154466,0.012433,0.8076913952827454,0.811886
2005/7/29 0:00,1.0318586826324463,1.5920250415802002,1.012043,1.0112544298171997,0.154297,0.012353,0.7675286531448364,0.754812479019165
2005/7/30 0:00,1.0318586826324463,1.5920250415802002,1.01686,1.0112544298171997,0.15456,0.012312,0.7706037163734436,0.754812479019165
2005/7/31 0:00,1.0563066005706787,1.5920250415802002,1.030184,1.101013422012329,0.154703,0.012372,0.8032141327857971,0.7984077334403992
2005/8/1 0:00,1.0563066005706787,1.5920250415802002,1.037355,1.101013422012329,0.154708,0.012399,0.8032141327857971,0.7984077334403992
2005/8/2 0:00,1.0603519678115845,1.5920250415802002,1.041526,1.101013422012329,0.154655,0.012369,0.8000034093856812,0.7984077334403992
2005/8/3 0:00,1.0603519678115845,1.5920250415802002,1.043188,1.101013422012329,0.154672,0.012373,0.8000034093856812,0.7984077334403992
2005/8/4 0:00,1.0603519678115845,1.5920250415802002,1.043188,1.101013422012329,0.154672,0.012372,0.8000034093856812,0.7984077334403992
2005/8/5 0:00,1.0603519678115845,1.5920250415802002,1.041309,1.101013422012329,0.154777,0.012375,0.8000034093856812,0.7984077334403992
2005/8/6 0:00,1.0603519678115845,1.5920250415802002,1.04132,1.101013422012329,0.154631,0.01233,0.8000034093856812,0.7984077334403992
2005/8/7 0:00,1.0563066005706787,1.5920250415802002,1.03584,1.101013422012329,0.154607,0.012357,0.8032141327857971,0.7984077334403992
2005/8/8 0:00,1.0603519678115845,1.6283265352249146,1.042318,1.184273,0.154655,0.012313,0.8131122589111328,0.7978788018226624
2005/8/9 0:00,1.0603519678115845,1.6283265352249146,1.038853,1.193317,0.154679,0.012398,0.8131122589111328,0.7978788018226624
2005/8/10 0:00,1.0603519678115845,1.6283265352249146,1.04015,1.195886,0.154679,0.012404,0.8131122589111328,0.7978788018226624
2005/8/11 0:00,1.0603519678115845,1.6283265352249146,1.04015,1.193645,0.15465,0.012401,0.8131122589111328,0.7978788018226624
2005/8/12 0:00,1.0563066005706787,1.6283265352249146,1.032642,1.196688,0.154624,0.012453,0.8163229823112488,0.7978788018226624
2005/8/13 0:00,1.0563066005706787,1.6283265352249146,1.035572,1.200322,0.154799,0.012581,0.8163229823112488,0.7978788018226624
2005/8/14 0:00,1.0603519678115845,1.6283265352249146,1.041764,1.220852,0.153998,0.012656,0.8100371956825256,0.7934172749519348
2005/8/15 0:00,1.0696556568145752,1.6283265352249146,1.042459,1.224995,0.155446,0.012651,0.8131122589111328,0.7978788018226624
2005/8/16 0:00,1.0696556568145752,1.6283265352249146,1.047449,1.226392,0.155424,0.012653,0.8131122589111328,0.7978788018226624
2005/8/17 0:00,1.0696556568145752,1.6400700807571411,1.048768,1.231497,0.155412,0.012323159724473953,0.8131122589111328,0.8108859658241272
2005/8/18 0:00,1.06553,1.591857671737671,1.048768,1.101013422012329,0.155412,0.012323159724473953,0.8000034093856812,0.7984077334403992
2005/8/19 0:00,1.059344,1.591857671737671,1.041732,1.101013422012329,0.15456,0.012323159724473953,0.8000034093856812,0.7984077334403992
2005/8/20 0:00,1.072996,1.591857671737671,1.05241,1.101013422012329,0.154681,0.012323159724473953,0.8000034093856812,0.7984077334403992
2005/8/21 0:00,1.074345,1.591857671737671,1.056089,1.101013422012329,0.154878,0.012323159724473953,0.8000034093856812,0.7984077334403992
2005/8/22 0:00,1.08387,1.591857671737671,1.058291,1.101013422012329,0.154871,0.012323159724473953,0.8000034093856812,0.7984077334403992
2005/8/23 0:00,1.085352,1.591857671737671,1.053297,1.101013422012329,0.155101,0.012323159724473953,0.8000034093856812,0.7984077334403992
2005/8/24 0:00,1.085446,1.591857671737671,1.054407,1.101013422012329,0.155101,0.012323159724473953,0.8000034093856812,0.7984077334403992
2005/8/25 0:00,1.084599,1.591857671737671,1.054407,1.101013422012329,0.155121,0.012323159724473953,0.8000034093856812,0.7984077334403992
2005/8/26 0:00,1.086449,1.591857671737671,1.058067,1.101013422012329,0.155135,0.012323159724473953,0.8000034093856812,0.7984077334403992
2005/8/27 0:00,1.096467,1.591857671737671,1.06076,1.101013422012329,0.155316,0.012323159724473953,0.8000034093856812,0.7984077334403992
2005/8/28 0:00,1.102536,1.591857671737671,1.053952,1.101013422012329,0.155183,0.012323159724473953,0.8000034093856812,0.7984077334403992
2005/8/29 0:00,1.101698,1.591857671737671,1.05363,1.101013422012329,0.155183,0.012323159724473953,0.8000034093856812,0.7984077334403992
2005/8/30 0:00,1.099626,1.591857671737671,1.046124,1.101013422012329,0.155352,0.012323159724473953,0.8000034093856812,0.7984077334403992
2005/8/31 0:00,1.10005,1.591857671737671,1.047011,1.101013422012329,0.155311,0.012323159724473953,0.8000034093856812,0.7984077334403992
2005/9/1 0:00,1.099699,1.591857671737671,1.047011,1.101013422012329,0.155311,0.012323159724473953,0.8000034093856812,0.7984077334403992
2005/9/2 0:00,1.094895,1.591857671737671,1.044517,1.101013422012329,0.155386,0.012323159724473953,0.8000034093856812,0.7984077334403992
2005/9/3 0:00,1.079914,1.591857671737671,1.041515,1.101013422012329,0.155299,0.012323159724473953,0.8000034093856812,0.7984077334403992
2005/9/4 0:00,1.074968,1.591857671737671,1.039361,1.101013422012329,0.155352,0.012323159724473953,0.8000034093856812,0.7984077334403992
2005/9/5 0:00,1.052454,1.591857671737671,1.023206,1.0545121431350708,0.155333,0.012377825565636158,0.7984680533409119,0.8109674453735352
2005/9/6 0:00,1.050851,1.591857671737671,1.02373,1.0545121431350708,0.155263,0.012377825565636158,0.7984680533409119,0.8109674453735352
2005/9/7 0:00,1.037947,1.591857671737671,1.01916,1.0112544298171997,0.155263,0.012377825565636158,0.7706037163734436,0.754812479019165
2005/9/8 0:00,1.037947,1.591857671737671,1.01916,1.0112544298171997,0.155263,0.012377825565636158,0.7706037163734436,0.754812479019165
2005/9/9 0:00,1.031555,1.591857671737671,1.010785,1.0112544298171997,0.155393,0.012377825565636158,0.7706037163734436,0.754812479019165
2005/9/10 0:00,1.014302,1.571989893913269,1.008065,1.0157912969589233,0.155497,0.012377825565636158,0.773514449596405,0.7469335794448853
2005/9/11 0:00,1.026252,1.591857671737671,1.011941,1.0112544298171997,0.155819,0.012377825565636158,0.7706037163734436,0.7469335794448853
2005/9/12 0:00,1.025873,1.591857671737671,1.010305,1.0112544298171997,0.156441,0.012377825565636158,0.7706037163734436,0.767521858215332
2005/9/13 0:00,1.03569,1.591857671737671,1.010622,1.0112544298171997,0.156463,0.012377825565636158,0.7706037163734436,0.7754007577896118
2005/9/14 0:00,1.035047,1.591857671737671,1.009082,1.0112544298171997,0.156463,0.012377825565636158,0.7706037163734436,0.7754007577896118
2005/9/15 0:00,1.035047,1.6074298620224,1.009082,1.064439296722412,0.156463,0.011973347514867783,0.824402,0.8185907006263733
2005/9/16 0:00,1.048944,1.6074298620224,1.017294,1.064439296722412,0.156487,0.011973347514867783,0.831324,0.8185907006263733
2005/9/17 0:00,1.04665,1.643605,1.017656,1.0732190608978271,0.156504,0.010477119125425816,0.830806,0.8348512053489685
2005/9/18 0:00,1.053652,1.656287,1.019493,1.0732190608978271,0.156548,0.010422737337648869,0.832556,0.8348512053489685
2005/9/19 0:00,1.03436,1.64788,1.008787,1.0732190608978271,0.156556,0.010477119125425816,0.822842,0.8265388607978821
2005/9/20 0:00,1.041439,1.650247,1.012443,1.0732190608978271,0.156446,0.010477119125425816,0.827643,0.8348512053489685
2005/9/21 0:00,1.044147,1.654451,1.009897,1.0732190608978271,0.156446,0.010422737337648869,0.826515,0.8348512053489685
2005/9/22 0:00,1.044147,1.654451,1.009897,1.0732190608978271,0.156446,0.010422737337648869,0.826515,0.8348512053489685
2005/9/23 0:00,1.042209,1.646687,1.009907,1.0732190608978271,0.156299,0.010477119125425816,0.827712,0.8348512053489685
2005/9/24 0:00,1.048229,1.649308,1.009469,1.0732190608978271,0.156348,0.010477119125425816,0.830289,0.8348512053489685
2005/9/25 0:00,1.045992,1.636983,1.012023,1.0732190608978271,0.156544,0.011918681673705578,0.828981,0.8171722888946533
2005/9/26 0:00,1.043972,1.627803,1.014199,1.0732190608978271,0.15647,0.011918681673705578,0.825607,0.8202695846557617
2005/9/27 0:00,1.057463,1.634868,1.01626,1.0732190608978271,0.156568,0.011918681673705578,0.831594,0.8202695846557617
2005/9/28 0:00,1.057899,1.634975,1.017315,1.0732190608978271,0.156588,0.011918681673705578,0.831421,0.8202695846557617
2005/9/29 0:00,1.062157,1.639613,1.021263,1.0732190608978271,0.15706,0.011918681673705578,0.829531,0.830818772315979
2005/9/30 0:00,1.066974,1.62958,1.021315,1.0732190608978271,0.15672,0.011918681673705578,0.829187,0.8202695846557617
2005/10/1 0:00,1.07404,1.6177,1.023887,1.0732190608978271,0.156704,0.011918681673705578,0.830834,0.8202695846557617
2005/10/2 0:00,1.065644,1.621297,1.01657,1.0732190608978271,0.156703,0.011918681673705578,0.83091,0.8202695846557617
2005/10/3 0:00,1.054741,1.610643,1.008888,1.064439296722412,0.156551,0.011973347514867783,0.827643,0.8185907006263733
2005/10/4 0:00,1.062643,1.596704,1.012658,1.064439296722412,0.156397,0.011973347514867783,0.826836,0.8185907006263733
2005/10/5 0:00,1.059648,1.596781,1.011736,1.064439296722412,0.156656,0.011973347514867783,0.822774,0.8185907006263733
2005/10/6 0:00,1.046047,1.588941,1.003583,1.064439296722412,0.156537,0.011973347514867783,0.816193,0.8185907006263733
2005/10/7 0:00,1.028045,1.579854,1.003391,1.064439296722412,0.156177,0.012256486341357231,0.807572,0.7947762608528137
2005/10/8 0:00,1.033805,1.581703,1.011429,1.064439296722412,0.156274,0.012256486341357231,0.806452,0.8026551008224487
2005/10/9 0:00,1.025147,1.577884,1.009693,1.064439296722412,0.156323,0.012256486341357231,0.803419,0.7947762608528137
2005/10/10 0:00,1.036452,1.579979,1.020387,1.064439296722412,0.156666,0.012256486341357231,0.805477,0.8109674453735352
2005/10/11 0:00,1.019202,1.567693,1.008369,1.0157912969589233,0.156482,0.012377825565636158,0.7741102576255798,0.767521858215332
2005/10/12 0:00,1.022809,1.567951,1.001753,1.0157912969589233,0.15674,0.012377825565636158,0.7718246579170227,0.7766395807266235
2005/10/13 0:00,0.974944,1.535721,0.969556,1.0215483903884888,0.156482,0.010480953380465508,0.7796561121940613,0.7692888379096985
2005/10/14 0:00,0.981451,1.545189,0.972384,1.0260980129241943,0.156492,0.012062646448612213,0.7742937207221985,0.778816
2005/10/15 0:00,0.972763,1.551663,0.968326,1.0260980129241943,0.156201,0.01040746457874775,0.7795988321304321,0.772618
2005/10/16 0:00,0.997506,1.567742,0.984441,1.0260980129241943,0.156355,0.01220943033695221,0.7714794278144836,0.793903
2005/10/17 0:00,0.982029,1.557899,0.972016,1.0260980129241943,0.156397,0.012062646448612213,0.7742937207221985,0.778634
2005/10/18 0:00,0.974184,1.561768,0.964711,1.0260980129241943,0.156311,0.01040746457874775,0.7785873413085938,0.76746
2005/10/19 0:00,0.961169,1.547389,0.954745,1.0260980129241943,0.156348,0.010241172276437283,0.7795988321304321,0.759013
2005/10/20 0:00,0.959601,1.542401,0.956283,1.0260980129241943,0.156863,0.010241172276437283,0.7795988321304321,0.762486
2005/10/21 0:00,0.970214,1.538746,0.959039,1.0260980129241943,0.156764,0.01040746457874775,0.7795988321304321,0.766754
2005/10/22 0:00,0.975657,1.555984,0.962742,1.0388920307159424,0.157282,0.01040746457874775,0.7784584760665894,0.76929
2005/10/23 0:00,1.0,1.567509,0.97352,1.0388920307159424,0.157518,0.0123043367639184,0.7726790308952332,0.78456
2005/10/24 0:00,0.995124,1.558798,0.970751,1.0260980129241943,0.156838,0.012062646448612213,0.7746015787124634,0.780457
2005/10/25 0:00,1.019098,1.575821,0.985513,1.0388920307159424,0.157277,0.0123043367639184,0.773274838924408,0.798148
2005/10/26 0:00,1.014199,1.573391,0.977316,1.0260980129241943,0.156666,0.0123043367639184,0.7714794278144836,0.791703
2005/10/27 0:00,1.02239,1.578059,0.982898,1.0260980129241943,0.156863,0.0123043367639184,0.7720752358436584,0.796369
2005/10/28 0:00,1.023646,1.569982,0.984049,1.0260980129241943,0.156759,0.0123043367639184,0.7735933065414429,0.794786
2005/10/29 0:00,1.022809,1.579105,0.984426,1.0260980129241943,0.156674,0.0123043367639184,0.7720752358436584,0.793336
2005/10/30 0:00,1.03325,1.593194,0.990207,1.0260980129241943,0.156654,0.0123043367639184,0.7769680023193359,0.801603
2005/10/31 0:00,1.044746,1.600768,0.985902,1.0260980129241943,0.15706,0.0123043367639184,0.78007972240448,0.797194
2005/11/1 0:00,1.034672,1.590508,0.990609,1.0388920307159424,0.157406,0.0123043367639184,0.7781676054000854,0.79277
2005/11/2 0:00,1.07087,1.612513,1.006016,1.1149888038635254,0.157233,0.012323159724473953,0.8060750365257263,0.821693
2005/11/3 0:00,1.058503,1.613372,1.003402,1.1207852363586426,0.157351,0.012323159724473953,0.8062675595283508,0.810898
2005/11/4 0:00,1.032546,1.594515,0.981532,1.0388920307159424,0.157324,0.0123043367639184,0.7781676054000854,0.793462
2005/11/5 0:00,1.032311,1.595329,0.986412,1.0388920307159424,0.157304,0.0123043367639184,0.7781676054000854,0.788955
2005/11/6 0:00,1.037797,1.599744,0.990197,1.0388920307159424,0.157485,0.0123043367639184,0.785219669342041,0.791766
2005/11/7 0:00,1.034383,1.602102,0.980854,1.0388920307159424,0.157704,0.0123043367639184,0.7812793254852295,0.791515
2005/11/8 0:00,1.033464,1.602089,0.982434,1.0388920307159424,0.157456,0.0123043367639184,0.7812793254852295,0.795229
2005/11/9 0:00,1.033122,1.607355,0.986466,1.0388920307159424,0.15758,0.0123043367639184,0.7884463667869568,0.79466
2005/11/10 0:00,1.020794,1.595825,0.98356,1.0388920307159424,0.157604,0.0123043367639184,0.7784916162490845,0.785762
2005/11/11 0:00,1.013818,1.593473,0.98121,1.0388920307159424,0.1575,0.0123043367639184,0.7710145711898804,0.776398
2005/11/12 0:00,1.028807,1.608286,0.987752,1.0733178853988647,0.157659,0.012249670922756195,0.800243616104126,0.786411
2005/11/13 0:00,1.018849,1.589193,0.982241,1.0388920307159424,0.157344,0.0123043367639184,0.7697475552558899,0.778634
2005/11/14 0:00,1.013644,1.580903,0.97683,1.0388920307159424,0.15756,0.0123043367639184,0.7697475552558899,0.76864
2005/11/15 0:00,1.013644,1.577163,0.979681,1.0343425273895264,0.157592,0.012377825565636158,0.775955080986023,0.780802309513092
2005/11/16 0:00,1.005399,1.579704,0.977231,1.0343425273895264,0.157458,0.012377825565636158,0.775955080986023,0.7849091291427612
2005/11/17 0:00,1.003452,1.578208,0.97426,1.0343425273895264,0.157292,0.012377825565636158,0.775955080986023,0.7807464003562927
2005/11/18 0:00,1.001402,1.578906,0.97353,1.0343425273895264,0.157292,0.012377825565636158,0.775955080986023,0.7650577425956726
2005/11/19 0:00,0.983574,1.565693,0.962385,1.0343425273895264,0.157206,0.012136135250329971,0.7780657410621643,0.7655804753303528
2005/11/20 0:00,0.982994,1.564798,0.964218,1.0343425273895264,0.157191,0.012136135250329971,0.7780657410621643,0.7667726278305054
2005/11/21 0:00,0.968804,1.55212,0.953834,1.0343425273895264,0.157295,0.010480953380465508,0.7798240780830383,0.7715940475463867
2005/11/22 0:00,0.973331,1.550147,0.954727,1.0343425273895264,0.157171,0.010480953380465508,0.7798240780830383,0.7715940475463867
2005/11/23 0:00,0.973331,1.547185,0.953834,1.0215483903884888,0.156686,0.010480953380465508,0.7796561121940613,0.7715940475463867
2005/11/24 0:00,0.992063,1.553302,0.967876,1.0215483903884888,0.156583,0.012136135250329971,0.7743510007858276,0.7667726278305054
2005/11/25 0:00,1.001603,1.561622,0.970968,1.0215483903884888,0.15686,0.012231041677296162,0.7733395099639893,0.7650577425956726
2005/11/26 0:00,1.024548,1.570007,0.980657,1.0215483903884888,0.156791,0.012377825565636158,0.7733427286148071,0.7766395807266235
2005/11/27 0:00,1.022349,1.569908,0.982415,1.0215483903884888,0.156961,0.012377825565636158,0.7718246579170227,0.7766395807266235
2005/11/28 0:00,1.021899,1.558895,0.983961,1.0343425273895264,0.157171,0.012377825565636158,0.7765508890151978,0.7766395807266235
2005/11/29 0:00,1.029962,1.568652,0.985989,1.0343425273895264,0.157555,0.012377825565636158,0.7814436554908752,0.780802309513092
2005/11/30 0:00,1.021503,1.557002,0.987947,1.0343425273895264,0.157853,0.012377825565636158,0.7752271294593811,0.7918570041656494
2005/12/1 0:00,1.018641,1.562988,0.98058,1.0343425273895264,0.157188,0.012377825565636158,0.775955080986023,0.7766395807266235
2005/12/2 0:00,1.018807,1.565068,0.97995,1.0343425273895264,0.157828,0.012377825565636158,0.7746313214302063,0.780802309513092
2005/12/3 0:00,1.01915,1.563942,0.982608,1.0355486869812012,0.15860231220722198,0.012687028385698795,0.7749847173690796,0.7973030805587769
2005/12/4 0:00,1.02215,1.566342,0.982608,1.082626,0.15893243253231049,0.012483331374824047,0.7801854014396667,0.7973030805587769
2005/12/5 0:00,1.005834,1.559381,0.972838,1.068513,0.15893243253231049,0.012540244497358799,0.7830337285995483,0.801409900188446
2005/12/6 0:00,1.009296,1.553036,0.971808,1.061447,0.15860231220722198,0.012540244497358799,0.7771365642547607,0.7973030805587769
2005/12/7 0:00,0.990884,1.544926,0.961955,1.049406,0.15860231220722198,0.012445338070392609,0.7775110602378845,0.7746694684028625
2005/12/8 0:00,0.99453,1.548851,0.966128,1.063536,0.15893243253231049,0.012445338070392609,0.7919107675552368,0.7919644117355347
2005/12/9 0:00,0.997506,1.551687,0.963215,1.067464,0.15893243253231049,0.012445338070392609,0.7919107675552368,0.7919644117355347
2005/12/10 0:00,0.991473,1.552494,0.964785,1.067578,0.15893243253231049,0.012445338070392609,0.7919107675552368,0.7919644117355347
2005/12/11 0:00,1.006999,1.567152,0.971912,1.074737,0.15893243253231049,0.012391213327646255,0.7906399965286255,0.7916450500488281
2005/12/12 0:00,1.006451,1.567496,0.97144,1.065303,0.15849252045154572,0.012540244497358799,0.77022,0.801409900188446
2005/12/13 0:00,1.014055,1.566551,0.979048,1.067384,0.15849252045154572,0.012687028385698795,0.773455,0.7973030805587769
2005/12/14 0:00,1.014961,1.5615,0.98056,1.066098,0.15849252045154572,0.012687028385698795,0.772917,0.7973030805587769
2005/12/15 0:00,1.016043,1.563795,0.977422,1.069061,0.15849252045154572,0.012687028385698795,0.774114,0.7973030805587769
2005/12/16 0:00,1.015692,1.566502,0.979912,1.070435,0.158203,0.012849,0.771188,0.7918570041656494
2005/12/17 0:00,1.009296,1.548036,0.976849,1.060108,0.158278,0.012826,0.769941,0.7918570041656494
2005/12/18 0:00,1.010795,1.537492,0.978751,1.060176,0.158328,0.012864,0.768344,0.7918570041656494
2005/12/19 0:00,1.025347,1.554291,0.983091,1.068034,0.158856,0.012992,0.772171,0.7973030805587769
2005/12/20 0:00,1.020752,1.552337,0.978857,1.065871,0.158856,0.012992,0.771307,0.7973030805587769
2005/12/21 0:00,1.020752,1.552337,0.978857,1.065871,0.158856,0.012992,0.771307,0.7973030805587769
2005/12/22 0:00,1.022098,1.549691,0.979528,1.06349,0.158881,0.013002,0.770713,0.7973030805587769
2005/12/23 0:00,1.037463,1.56519,0.990099,1.072501,0.158781,0.013043,0.779606,0.7941272854804993
2005/12/24 0:00,1.023447,1.5754632949829102,0.977135,1.046353,0.158328,0.012977,0.773294,0.7918570041656494
2005/12/25 0:00,1.0235,1.5624817609786987,0.973047,1.0530003309249878,0.158494,0.012975,0.77232,0.7973030805587769
2005/12/26 0:00,1.021649,1.5624817609786987,0.973302,1.0530003309249878,0.158378,0.013011,0.770939,0.7918570041656494
2005/12/27 0:00,1.032652,1.5624817609786987,0.984252,1.0530003309249878,0.158403,0.013009,0.775916,0.7886812090873718
2005/12/28 0:00,1.029506,1.5624817609786987,0.981258,1.0530003309249878,0.158303,0.013002,0.773575,0.7918570041656494
2005/12/29 0:00,1.030949,1.5624817609786987,0.980565,1.0530003309249878,0.158295,0.013031,0.774833,0.7918570041656494
2005/12/30 0:00,1.029569,1.5624817609786987,0.976811,1.0530003309249878,0.158381,0.013004,0.773527,0.7918570041656494
2005/12/31 0:00,1.030758,1.5624817609786987,0.982222,1.0530003309249878,0.158326,0.013024,0.774563,0.7918570041656494
2006/1/1 0:00,1.039501,1.5624817609786987,0.986777,1.0506980419158936,0.158278,0.013021,0.778756,0.7886812090873718
2006/1/2 0:00,1.046343,1.5624817609786987,0.985707,1.0490572452545166,0.157878,0.012988,0.785204,0.7886812090873718
2006/1/3 0:00,1.053541,1.5624817609786987,0.992359,1.040396809577942,0.158353,0.013,0.789266,0.7828380465507507
2006/1/4 0:00,1.046901,1.5624817609786987,0.989981,1.0495026111602783,0.158153,0.012858,0.787774,0.7828380465507507
2006/1/5 0:00,1.047603,1.5624817609786987,0.987567,1.0495026111602783,0.158366,0.012793,0.78703,0.7886812090873718
2006/1/6 0:00,1.065099,1.5765442848205566,1.001292,1.0680574178695679,0.158353,0.01291,0.796514,0.8162098526954651
2006/1/7 0:00,1.064339,1.5765442848205566,0.999016,1.0680574178695679,0.158353,0.013038,0.797512,0.8162098526954651
2006/1/8 0:00,1.05838,1.5844782590866089,0.995847,1.0680574178695679,0.158368,0.013099,0.794786,0.8031453490257263
2006/1/9 0:00,1.0593,1.575327754020691,0.994926,1.086912989616394,0.158509,0.011303510516881943,0.795229,0.8246577978134155
2006/1/10 0:00,1.073065,1.5765442848205566,1.0031,1.0680574178695679,0.158562,0.013134,0.800564,0.8219283819198608
2006/1/11 0:00,1.071501,1.5765442848205566,1.001001,1.0680574178695679,0.158609,0.01313,0.802311,0.8219283819198608
2006/1/12 0:00,1.076623,1.5765442848205566,1.00545,1.0680574178695679,0.158572,0.013065,0.804878,0.8219283819198608
2006/1/13 0:00,1.076195,1.6084816455841064,1.00634,1.0658793449401855,0.158584,0.013053,0.805153,0.835946
2006/1/14 0:00,1.073353,1.6084816455841064,1.003714,1.0658793449401855,0.158418,0.013055,0.801025,0.833611
2006/1/15 0:00,1.079564,1.6084816455841064,1.005237,1.0658793449401855,0.158479,0.013006,0.802697,0.83612
2006/1/16 0:00,1.078481,1.6084816455841064,1.002366,1.0658793449401855,0.158705,0.012999,0.802381,0.833889
2006/1/17 0:00,1.08045,1.6084816455841064,1.005733,1.0658793449401855,0.158707,0.012908,0.801539,0.83647
2006/1/18 0:00,1.067236,1.5949488878250122,0.998891,1.061785340309143,0.158957,0.01289,0.793714,0.8285
2006/1/19 0:00,1.067395,1.5949488878250122,0.998602,1.061785340309143,0.158874,0.012882,0.792896,0.826583
2006/1/20 0:00,1.074345,1.58701491355896,1.00068,1.0658793449401855,0.158798,0.0129,0.796686,0.835213
2006/1/21 0:00,1.069301,1.5949488878250122,1.000811,1.0658793449401855,0.158781,0.012753,0.790983,0.832085
2006/1/22 0:00,1.074045,1.5949488878250122,1.003402,1.0658793449401855,0.158758,0.012784,0.792896,0.837802
2006/1/23 0:00,1.074552,1.5624817609786987,1.001904,1.0642424821853638,0.158695,0.012686,0.791202,0.8165212869644165
2006/1/24 0:00,1.069244,1.5844782590866089,1.002808,1.0680574178695679,0.158786,0.012601,0.793997,0.8224382400512695
2006/1/25 0:00,1.075998,1.5765442848205566,1.007354,1.0680574178695679,0.158821,0.012578,0.798977,0.8219283819198608
2006/1/26 0:00,1.069336,1.5765442848205566,1.004631,1.0680574178695679,0.158798,0.012541,0.795862,0.8219283819198608
2006/1/27 0:00,1.062496,1.573851227760315,0.9950020909309387,1.0701261758804321,0.158783,0.012454,0.794155,0.8224382400512695
2006/1/28 0:00,1.068593,1.5753591060638428,0.9968132376670837,1.0701261758804321,0.15875,0.012468,0.795798,0.8219283819198608
2006/1/29 0:00,1.070664,1.5753591060638428,0.9968132376670837,1.0701261758804321,0.158844,0.012361,0.796305,0.8219283819198608
2006/1/30 0:00,1.069496,1.5753591060638428,0.9968132376670837,1.0701261758804321,0.158768,0.012314,0.796369,0.8219283819198608
2006/1/31 0:00,1.07631,1.5753591060638428,0.9968132376670837,1.0701261758804321,0.158697,0.012433,0.797067,0.8219283819198608
2006/2/1 0:00,1.076334,1.5753591060638428,1.0016908645629883,1.0772640705108643,0.158748,0.01243,0.7952905297279358,0.8224382400512695
2006/2/2 0:00,1.077935,1.5744967460632324,1.0038931369781494,1.0772640705108643,0.158854,0.012483331374824047,0.7952905297279358,0.8224382400512695
2006/2/3 0:00,1.080287,1.5744967460632324,1.0038931369781494,1.0772640705108643,0.15873,0.012483331374824047,0.7952905297279358,0.8224382400512695
2006/2/4 0:00,1.073952,1.5744967460632324,1.0016908645629883,1.0772640705108643,0.158765,0.012483331374824047,0.7952905297279358,0.8224382400512695
2006/2/5 0:00,1.073295,1.5744967460632324,1.0016908645629883,1.0772640705108643,0.15875,0.012483331374824047,0.7952905297279358,0.8224382400512695
2006/2/6 0:00,1.067236,1.5744967460632324,1.0016908645629883,1.0772640705108643,0.158526,0.012483331374824047,0.7952905297279358,0.8224382400512695
2006/2/7 0:00,1.054285,1.5744967460632324,0.9917433857917786,1.0541144609451294,0.158413,0.012687028385698795,0.7948586940765381,0.8031453490257263
2006/2/8 0:00,1.058279,1.574803,0.9917433857917786,1.090941,0.158358,0.011303510516881943,0.7987263202667236,0.7942619919776917
2006/2/9 0:00,1.061391,1.581803,0.9998796582221985,1.099904,0.158288,0.011303510516881943,0.7987263202667236,0.8039351105690002
2006/2/10 0:00,1.058941,1.568898,0.9917433857917786,1.08724,0.158514,0.011303510516881943,0.7987263202667236,0.8076379895210266
2006/2/11 0:00,1.055487,1.567054,0.9917433857917786,1.08724,0.158469,0.011303510516881943,0.7987263202667236,0.8076379895210266
2006/2/12 0:00,1.057899,1.567054,1.0130114555358887,1.08724,0.15595951676368713,0.012323159724473953,0.8000034093856812,0.8060542941093445
2006/2/13 0:00,1.04835,1.563233,0.979771614074707,1.09075,0.15893243253231049,0.011303510516881943,0.8024218678474426,0.8076379895210266
2006/2/14 0:00,1.053574,1.57344,1.0090255737304688,1.087382,0.15781940519809723,0.012323159724473953,0.799119770526886,0.8060542941093445
2006/2/15 0:00,1.045938,1.568627,0.9861597418785095,1.076844,0.15893243253231049,0.012483331374824047,0.8021968007087708,0.8160114288330078
2006/2/16 0:00,1.054741,1.571722,1.0090255737304688,1.084128,0.15781940519809723,0.012323159724473953,0.799119770526886,0.8060542941093445
2006/2/17 0:00,1.058952,1.583281,1.019399642944336,1.09218,0.15595951676368713,0.012323159724473953,0.8000034093856812,0.8060542941093445
2006/2/18 0:00,1.059401,1.584359,1.019399642944336,1.092478,0.15595951676368713,0.012323159724473953,0.8000034093856812,0.8060542941093445
2006/2/19 0:00,0.988341212272644,1.584359,0.9820521473884583,1.092478,0.15893243253231049,0.011208604089915752,0.7926818132400513,0.7995962500572205
2006/2/20 0:00,0.9102526903152466,1.58932,0.9432432651519775,1.097574,0.15893243253231049,0.01012212224304676,0.7927064299583435,0.8127065896987915
2006/2/21 0:00,0.9636947512626648,1.586345,0.9707698822021484,1.097574,0.15893243253231049,0.01016757171601057,0.79186,0.7995962500572205
2006/2/22 0:00,1.0036240816116333,1.584811,0.9915492534637451,1.09493,0.15893243253231049,0.011303510516881943,0.790826,0.8231233954429626
2006/2/23 0:00,1.0042022466659546,1.581153,0.9915492534637451,1.093972,0.15893243253231049,0.011303510516881943,0.789952,0.7933599352836609
2006/2/24 0:00,1.0189125537872314,1.586798,0.9915492534637451,1.100485,0.15893243253231049,0.011303510516881943,0.792393,0.8190165758132935
2006/2/25 0:00,1.0189125537872314,1.58705,0.9915492534637451,1.102086,0.15893243253231049,0.011303510516881943,0.792959,0.8190165758132935
2006/2/26 0:00,1.0189125537872314,1.586798,0.9915492534637451,1.101977,0.15893243253231049,0.011303510516881943,0.793147,0.8190165758132935
2006/2/27 0:00,1.0189125537872314,1.594134,0.9915492534637451,1.106072,0.15893243253231049,0.011303510516881943,0.794723,0.8190165758132935
2006/2/28 0:00,1.0189125537872314,1.596679,0.9915492534637451,1.106317,0.15893243253231049,0.011303510516881943,0.796242,0.8079136610031128
2006/3/1 0:00,1.0189125537872314,1.586169,0.9915492534637451,1.103789,0.15893243253231049,0.011303510516881943,0.79466,0.8190165758132935
2006/3/2 0:00,1.019835114479065,1.5735851526260376,0.9861597418785095,1.100837,0.15893243253231049,0.011303510516881943,0.793273,0.8190165758132935
2006/3/3 0:00,1.019835114479065,1.5955146551132202,0.9915492534637451,1.108156,0.15893243253231049,0.011303510516881943,0.795735,0.8040282130241394
2006/3/4 0:00,1.034704,1.5955146551132202,0.9915492534637451,1.10882,0.15893243253231049,0.011303510516881943,0.795165,0.8127188682556152
2006/3/5 0:00,1.043242,1.5955146551132202,0.9915492534637451,1.106709,0.15893243253231049,0.011303510516881943,0.797575,0.8016159534454346
2006/3/6 0:00,1.036957,1.5955146551132202,0.9915492534637451,1.108033,0.15893243253231049,0.011303510516881943,0.799303,0.7977305054664612
2006/3/7 0:00,1.025999,1.588815,0.9915492534637451,1.091381,0.15893243253231049,0.011303510516881943,0.794092,0.8190165758132935
2006/3/8 0:00,1.030195,1.582654,0.9915492534637451,1.086484,0.15893243253231049,0.011303510516881943,0.793588,0.8190165758132935
2006/3/9 0:00,1.031151,1.588991,0.9915492534637451,1.090513,0.15893243253231049,0.011303510516881943,0.793336,0.8190165758132935
2006/3/10 0:00,1.029898,1.582754,0.9915492534637451,1.090988,0.15893243253231049,0.011303510516881943,0.793242,0.8190165758132935
2006/3/11 0:00,1.029898,1.582754,0.9915492534637451,1.089918,0.15893243253231049,0.011303510516881943,0.793116,0.8190165758132935
2006/3/12 0:00,1.031981,1.590457,0.9915492534637451,1.091822,0.15893243253231049,0.011303510516881943,0.792644,0.8163454532623291
2006/3/13 0:00,1.026863,1.586169,0.9915492534637451,1.089681,0.15893243253231049,0.011303510516881943,0.792519,0.8190165758132935
2006/3/14 0:00,1.031353,1.59071,0.9915492534637451,1.091286,0.15893243253231049,0.011303510516881943,0.795545,0.8079136610031128
2006/3/15 0:00,1.043787,1.597049,0.9915492534637451,1.098696,0.15893243253231049,0.011303510516881943,0.79885,0.8059082627296448
2006/3/16 0:00,1.037312,1.585289,0.9915492534637451,1.087417,0.15893243253231049,0.011303510516881943,0.80186,0.8135548830032349
2006/3/17 0:00,1.037291,1.58461,1.0025136470794678,1.0822817087173462,0.1572958379983902,0.012201820500195026,0.801218,0.823045
2006/3/18 0:00,1.037646,1.58461,1.0025136470794678,1.0822817087173462,0.1572958379983902,0.012201820500195026,0.801218,0.823045
2006/3/19 0:00,1.037129,1.589572,1.0025136470794678,1.0822817087173462,0.1572958379983902,0.012201820500195026,0.800769,0.821018
2006/3/20 0:00,1.040702,1.594032,1.0025136470794678,1.0822817087173462,0.1572958379983902,0.012201820500195026,0.801603,0.822504
2006/3/21 0:00,1.035165,1.602051,1.0025136470794678,1.0822817087173462,0.1572958379983902,0.012201820500195026,0.799361,0.816127
2006/3/22 0:00,1.032695,1.605394,1.0025136470794678,1.0822817087173462,0.1572958379983902,0.012201820500195026,0.799361,0.81314
2006/3/23 0:00,1.037344,1.611941,1.0025136470794678,1.0822817087173462,0.1572958379983902,0.012201820500195026,0.800737,0.817595
2006/3/24 0:00,1.0285,1.613684,1.0025136470794678,1.0822817087173462,0.1572958379983902,0.012201820500195026,0.802375,0.811162
2006/3/25 0:00,1.033912,1.6087708473205566,1.0025136470794678,1.0822817087173462,0.1572958379983902,0.012201820500195026,0.803277,0.813074
2006/3/26 0:00,1.038551,1.6112329959869385,1.0025136470794678,1.058815836906433,0.1572958379983902,0.012377825565636158,0.8098199963569641,0.814133
2006/3/27 0:00,1.047153,1.6112329959869385,1.0025136470794678,1.058815836906433,0.1572958379983902,0.012377825565636158,0.8112748265266418,0.822504
2006/3/28 0:00,1.041645,1.6112329959869385,1.0025136470794678,1.058815836906433,0.1572958379983902,0.012377825565636158,0.8112748265266418,0.817127
2006/3/29 0:00,1.033645,1.6112329959869385,1.0025136470794678,1.058815836906433,0.1572958379983902,0.012377825565636158,0.8086743354797363,0.815129
2006/3/30 0:00,1.031449,1.6112329959869385,1.0025136470794678,1.058815836906433,0.1572958379983902,0.012377825565636158,0.8080248236656189,0.80952
2006/3/31 0:00,1.024601,1.6112329959869385,1.0025136470794678,1.058815836906433,0.1572958379983902,0.0123043367639184,0.7963063716888428,0.799233
2006/4/1 0:00,1.018641,1.6112329959869385,1.0025136470794678,1.058815836906433,0.1572958379983902,0.0123043367639184,0.7904741168022156,0.794849
2006/4/2 0:00,1.01805,1.6307642459869385,1.0025136470794678,1.0910614728927612,0.1572958379983902,0.012201820500195026,0.803794,0.795735
2006/4/3 0:00,1.021127,1.6087708473205566,1.0025136470794678,1.0822817087173462,0.1572958379983902,0.012201820500195026,0.802955,0.795672
2006/4/4 0:00,1.012494,1.6307642459869385,1.0025136470794678,1.0910614728927612,0.1572958379983902,0.012201820500195026,0.801603,0.788146
2006/4/5 0:00,1.008258,1.6307642459869385,1.0025136470794678,1.0910614728927612,0.1572958379983902,0.012201820500195026,0.799488,0.786473
2006/4/6 0:00,1.010938,1.6307642459869385,1.0025136470794678,1.0910614728927612,0.1572958379983902,0.012201820500195026,0.800576,0.786658
2006/4/7 0:00,1.003915,1.609297513961792,1.0025136470794678,1.0822817087173462,0.1572958379983902,0.012201820500195026,0.798639,0.785608
2006/4/8 0:00,0.998901,1.609297513961792,1.0025136470794678,1.0822817087173462,0.1572958379983902,0.012201820500195026,0.796242,0.779423
2006/4/9 0:00,0.995818,1.609297513961792,0.9923702478408813,1.0822817087173462,0.15832015872001648,0.012388424947857857,0.792896,0.770921
2006/4/10 0:00,0.99167,1.609297513961792,0.9790865182876587,1.050646185874939,0.15742480754852295,0.01216157991439104,0.788333,0.765111
2006/4/11 0:00,0.994233,1.609297513961792,0.9923702478408813,1.050646185874939,0.15742480754852295,0.01216157991439104,0.789391,0.767224
2006/4/12 0:00,0.982029,1.609297513961792,0.9805312156677246,1.0307972431182861,0.15473392605781555,0.012081185355782509,0.784252,0.752729
2006/4/13 0:00,0.984349,1.609297513961792,0.9805312156677246,1.0307972431182861,0.15473392605781555,0.012081185355782509,0.784191,0.756716
2006/4/14 0:00,0.984349,1.609297513961792,0.9805312156677246,1.0307972431182861,0.15473392605781555,0.012081185355782509,0.784191,0.756716
2006/4/15 0:00,0.986875,1.609297513961792,0.9863342046737671,1.0334323644638062,0.15685825049877167,0.01216157991439104,0.786596,0.762021
2006/4/16 0:00,0.984446,1.609297513961792,0.9805312156677246,1.0339975357055664,0.15529181063175201,0.01216157991439104,0.786411,0.75815
2006/4/17 0:00,0.972668,1.609297513961792,0.9796679615974426,1.0202538967132568,0.1543889045715332,0.011850070208311081,0.782228,0.749344
2006/4/18 0:00,0.972384,1.609297513961792,0.9796679615974426,1.0202538967132568,0.1543889045715332,0.011850070208311081,0.782362,0.750751
2006/4/19 0:00,0.977804,1.609297513961792,0.9796679615974426,1.0202538967132568,0.1543889045715332,0.011850070208311081,0.781494,0.755401
2006/4/20 0:00,0.976372,1.6597983837127686,0.9781346917152405,1.0202538967132568,0.1543889045715332,0.011795688420534134,0.780396,0.75375
2006/4/21 0:00,0.984543,1.592848300933838,0.9595239758491516,1.0374863147735596,0.157761,0.011934401467442513,0.782736,0.760861
2006/4/22 0:00,0.982222,1.592848300933838,0.9595239758491516,1.027825117111206,0.15754,0.011934401467442513,0.781616,0.760803
2006/4/23 0:00,0.973236,1.592848300933838,0.9586607217788696,1.0422556400299072,0.157255,0.010415734723210335,0.776337,0.755116
2006/4/24 0:00,0.973141,1.592848300933838,0.9586607217788696,1.0422556400299072,0.156996,0.010415734723210335,0.776337,0.753807
2006/4/25 0:00,0.96768,1.592848300933838,0.9586607217788696,1.0422556400299072,0.156969,0.010415734723210335,0.772917,0.752955
2006/4/26 0:00,0.970591,1.592848300933838,0.9586607217788696,1.0422556400299072,0.156969,0.010415734723210335,0.773694,0.754262
2006/4/27 0:00,0.970874,1.5533312559127808,0.9611247777938843,1.0408445596694946,0.157107,0.010415734723210335,0.776156,0.7715940475463867
2006/4/28 0:00,0.972763,1.5533312559127808,0.9611247777938843,1.0408445596694946,0.157023,0.010415734723210335,0.777303,0.7715940475463867
2006/4/29 0:00,0.990491,1.5533312559127808,0.9635260105133057,1.0313993692398071,0.157109,0.011934401467442513,0.78376,0.7667726278305054
2006/4/30 0:00,0.993345,1.556299,0.968099057674408,1.0313993692398071,0.157112,0.011934401467442513,0.784357,0.7667726278305054
2006/5/1 0:00,0.988631,1.545117,0.9635260105133057,1.0248111486434937,0.15686,0.011934401467442513,0.778513,0.7667726278305054
2006/5/2 0:00,0.990933,1.550364,0.9635260105133057,1.0313993692398071,0.157337,0.011934401467442513,0.779302,0.7709353566169739
2006/5/3 0:00,0.992753,1.55739,0.9635260105133057,1.0313993692398071,0.156946,0.011934401467442513,0.779126,0.7667726278305054
2006/5/4 0:00,0.998403,1.55642,0.9709932804107666,1.0309667587280273,0.157473,0.012029307894408703,0.781861,0.7709353566169739
2006/5/5 0:00,0.997705,1.55259,0.968099057674408,1.0309667587280273,0.156944,0.011934401467442513,0.780945,0.7667726278305054
2006/5/6 0:00,1.005955,1.566661,0.9759740829467773,1.0399603843688965,0.156991,0.012256486341357231,0.786702,0.7807464003562927
2006/5/7 0:00,1.011644,1.566048,0.9759740829467773,1.0399603843688965,0.15727,0.012256486341357231,0.787154,0.7707964181900024
2006/5/8 0:00,1.019399,1.575051,0.9765397310256958,1.059288,0.157337,0.012256486341357231,0.790514,0.774959146976471
2006/5/9 0:00,1.01915,1.57208,0.9780856966972351,1.057418,0.15721,0.012256486341357231,0.788656,0.7707964181900024
2006/5/10 0:00,1.005662,1.561768,0.9907360076904297,1.046496,0.15816240012645721,0.012521853670477867,0.782632,0.7959638237953186
2006/5/11 0:00,1.00634,1.558652,0.9830968976020813,1.045916,0.15860231220722198,0.012687028385698795,0.784191,0.801409900188446
2006/5/12 0:00,1.006401,1.558944,0.9830968976020813,1.046835,0.15816240012645721,0.012521853670477867,0.782411,0.7959638237953186
2006/5/13 0:00,1.006644,1.558944,0.9830968976020813,1.046835,0.15816240012645721,0.012521853670477867,0.782105,0.7959638237953186
2006/5/14 0:00,0.999151,1.556178,0.9830968976020813,1.040691,0.15816240012645721,0.012521853670477867,0.77997,0.7802751660346985
2006/5/15 0:00,1.005753,1.563233,0.9759740829467773,1.039825,0.157141,0.0121760917827487,0.782819,0.7824612855911255
2006/5/16 0:00,1.006857,1.556711,0.9759740829467773,1.03799,0.15727,0.0121760917827487,0.783208,0.7824612855911255
2006/5/17 0:00,1.00065,1.548947,0.9709932804107666,1.033699,0.15727,0.012029307894408703,0.779989,0.7667726278305054
2006/5/18 0:00,1.024233,1.568874,0.9780856966972351,1.053674,0.157354,0.012256486341357231,0.789204,0.774959146976471
2006/5/19 0:00,1.023898,1.570549,0.9780856966972351,1.055264,0.157356,0.012256486341357231,0.790264,0.774959146976471
2006/5/20 0:00,1.024149,1.570549,0.9780856966972351,1.055264,0.157356,0.012256486341357231,0.790264,0.774959146976471
2006/5/21 0:00,1.024296,1.568874,0.9780856966972351,1.047186,0.157488,0.012256486341357231,0.789141,0.774959146976471
2006/5/22 0:00,1.028352,1.568874,0.9780856966972351,1.049571,0.157391,0.012256486341357231,0.792205,0.7727128267288208
2006/5/23 0:00,1.027897,1.560087,0.9780856966972351,1.043667,0.157515,0.012256486341357231,0.789827,0.774959146976471
2006/5/24 0:00,1.029431,1.552506,0.9780856966972351,1.031247,0.157297,0.012256486341357231,0.79098,0.7727128267288208
2006/5/25 0:00,1.01916,1.547988,0.9780856966972351,1.022495,0.157089,0.012256486341357231,0.785669,0.7766395807266235
2006/5/26 0:00,1.021096,1.549043,0.9780856966972351,1.02416,0.157089,0.012256486341357231,0.786287,0.7766395807266235
2006/5/27 0:00,1.019742,1.552072,0.9780856966972351,1.025431,0.156929,0.012377825565636158,0.7718246579170227,0.7766395807266235
2006/5/28 0:00,1.021221,1.55147,0.9780856966972351,1.020721,0.157065,0.012377825565636158,0.7718246579170227,0.7766395807266235
2006/5/29 0:00,1.025946,1.552795,0.9780856966972351,1.020669,0.156993,0.012377825565636158,0.7733427286148071,0.7766395807266235
2006/5/30 0:00,1.013541,1.54271,0.9759740829467773,1.015981,0.15687,0.012377825565636158,0.7722403407096863,0.7766395807266235
2006/5/31 0:00,1.022537,1.557147,0.9862958788871765,1.019119,0.156443,0.012377825565636158,0.7718246579170227,0.767521858215332
2006/6/1 0:00,1.023604,1.563233,0.9815545678138733,1.021513,0.156745,0.012377825565636158,0.7733427286148071,0.7766395807266235
2006/6/2 0:00,1.030142,1.563502,0.9780856966972351,1.021409,0.15688,0.012377825565636158,0.7767174243927002,0.7766395807266235
2006/6/3 0:00,1.035626,1.564945,0.9804519414901733,1.021138,0.156974,0.012377825565636158,0.7767174243927002,0.7845184803009033
2006/6/4 0:00,1.041764,1.570969,0.9804519414901733,1.021398,0.156885,0.012377825565636158,0.7767174243927002,0.7845184803009033
2006/6/5 0:00,1.036731,1.562012,0.9907360076904297,1.012422,0.155394047498703,0.012377825565636158,0.7683181166648865,0.754812479019165
2006/6/6 0:00,1.03799,1.562256,0.9907360076904297,1.01273,0.155394047498703,0.012377825565636158,0.7683181166648865,0.754812479019165
2006/6/7 0:00,1.037947,1.562256,0.9907360076904297,1.01273,0.155394047498703,0.012377825565636158,0.7683181166648865,0.754812479019165
2006/6/8 0:00,1.026694,1.551831,0.9830968976020813,1.009479,0.1528254598379135,0.012377825565636158,0.7637757062911987,0.7469335794448853
2006/6/9 0:00,1.022735,1.549883,0.980368971824646,1.003804,0.1528254598379135,0.012377825565636158,0.7630805969238281,0.7469335794448853
2006/6/10 0:00,1.0318,1.550676,0.9830968976020813,1.011869,0.155394047498703,0.012377825565636158,0.7683181166648865,0.754812479019165
2006/6/11 0:00,1.039242,1.568406,0.9971241354942322,1.022882,0.15590032935142517,0.012377825565636158,0.7767174243927002,0.754812479019165
2006/6/12 0:00,1.046704,1.572945,0.9971241354942322,1.026905,0.15590032935142517,0.012377825565636158,0.7767174243927002,0.754812479019165
2006/6/13 0:00,1.048944,1.569859,0.9971241354942322,1.019888,0.155394047498703,0.012377825565636158,0.7767174243927002,0.754812479019165
2006/6/14 0:00,0.952526867389679,1.568135,0.9682550430297852,1.0248,0.15590032935142517,0.01031466107815504,0.7786446213722229,0.7606027126312256
2006/6/15 0:00,1.0029422044754028,1.561524,0.998682,1.02417,0.15434536337852478,0.012799,0.7712288498878479,0.7469335794448853
2006/6/16 0:00,0.9712637662887573,1.550652,0.992847,1.012699,0.1538390815258026,0.01278,0.7628507614135742,0.7459061741828918
2006/6/17 0:00,1.0029422044754028,1.563477,1.000981,1.029654,0.15434536337852478,0.012722,0.7712288498878479,0.7469335794448853
2006/6/18 0:00,1.0029422044754028,1.564456,0.998901,1.030503,0.15434536337852478,0.012745,0.7712288498878479,0.7469335794448853
2006/6/19 0:00,1.0029422044754028,1.564333,0.998901,1.030503,0.15434536337852478,0.012742,0.7712288498878479,0.7469335794448853
2006/6/20 0:00,1.0029422044754028,1.560915,1.00021,1.032098,0.15753255784511566,0.012791,0.7712288498878479,0.7849091291427612
2006/6/21 0:00,1.0029422044754028,1.563966,1.00318,1.033699,0.1564195305109024,0.012708,0.7734519839286804,0.7716286778450012
2006/6/22 0:00,1.0029422044754028,1.566661,1.005429,1.028828,0.15323233604431152,0.012742,0.7672195434570312,0.7469335794448853
2006/6/23 0:00,0.9940736889839172,1.562256,1.007557,1.022735,0.15323233604431152,0.012729,0.7664300799369812,0.7459061741828918
2006/6/24 0:00,1.0029422044754028,1.567152,1.008065,1.024013,0.15323233604431152,0.012784,0.7664300799369812,0.7469335794448853
2006/6/25 0:00,1.0029422044754028,1.568824,1.006948,1.027158,0.15323233604431152,0.012768,0.7664300799369812,0.7469335794448853
2006/6/26 0:00,1.0029422044754028,1.568627,1.008471,1.026589,0.15323233604431152,0.012695,0.7664300799369812,0.7469335794448853
2006/6/27 0:00,0.9940736889839172,1.568504,1.010918,1.022809,0.15323233604431152,0.012673,0.7664300799369812,0.7459061741828918
2006/6/28 0:00,1.0029422044754028,1.573837,1.013674,1.029749,0.15323233604431152,0.012598,0.7664300799369812,0.7469335794448853
2006/6/29 0:00,1.0029422044754028,1.569563,1.01101,1.025704,0.15323233604431152,0.012573,0.7664300799369812,0.7469335794448853
2006/6/30 0:00,1.0029422044754028,1.569908,1.010816,1.02681,0.15323233604431152,0.012568,0.7664300799369812,0.7469335794448853
2006/7/1 0:00,1.0029422044754028,1.569957,1.010816,1.026842,0.15323233604431152,0.012568,0.7664300799369812,0.7469335794448853
2006/7/2 0:00,1.0029422044754028,1.5899327993392944,1.011235,1.027644,0.15323233604431152,0.012597,0.7664300799369812,0.7469335794448853
2006/7/3 0:00,0.9934028387069702,1.5925296545028687,1.012043,1.0336171388626099,0.15399441123008728,0.012607,0.7691850662231445,0.7540706396102905
2006/7/4 0:00,0.9980781078338623,1.579529,1.00712,1.0381540060043335,0.1569860875606537,0.012633,0.777759313583374,0.7650577425956726
2006/7/5 0:00,0.9980781078338623,1.586546,1.006178,1.0381540060043335,0.1569860875606537,0.012742,0.7754737138748169,0.7650577425956726
2006/7/6 0:00,0.9980781078338623,1.582479,1.008888,1.0381540060043335,0.1569860875606537,0.01271,0.777759313583374,0.7650577425956726
2006/7/7 0:00,0.9980781078338623,1.579754,1.009693,1.0381540060043335,0.1551261991262436,0.012706,0.777759313583374,0.7459061741828918
2006/7/8 0:00,0.9980781078338623,1.582604,1.012658,1.0381540060043335,0.1551261991262436,0.012739,0.777759313583374,0.7459061741828918
2006/7/9 0:00,0.9980781078338623,1.584058,1.012474,1.0381540060043335,0.1551261991262436,0.012704,0.777759313583374,0.7459061741828918
2006/7/10 0:00,0.9980781078338623,1.577387,1.007293,1.0381540060043335,0.1569860875606537,0.012726,0.777759313583374,0.7650577425956726
2006/7/11 0:00,0.9980781078338623,1.586169,1.014188,1.0381540060043335,0.1551261991262436,0.012768,0.777759313583374,0.7459061741828918
2006/7/12 0:00,0.9980781078338623,1.586647,1.01389,1.0381540060043335,0.1551261991262436,0.012757,0.777759313583374,0.7459061741828918
2006/7/13 0:00,0.9980781078338623,1.58932,1.01424,1.0381540060043335,0.1551261991262436,0.012776,0.777759313583374,0.7459061741828918
2006/7/14 0:00,0.9980781078338623,1.588058,1.013315,1.0381540060043335,0.1551261991262436,0.012752,0.777759313583374,0.7459061741828918
2006/7/15 0:00,0.9980781078338623,1.590331,1.009082,1.0336171388626099,0.1545596420764923,0.012758,0.7757375836372375,0.7459061741828918
2006/7/16 0:00,0.9980781078338623,1.593752,1.017832,1.0336171388626099,0.15399441123008728,0.012669,0.7691850662231445,0.7540706396102905
2006/7/17 0:00,1.0417557954788208,1.601409,1.022589,1.0336171388626099,0.15399441123008728,0.012786,0.7793046832084656,0.7600591778755188
2006/7/18 0:00,1.0417557954788208,1.600115,1.023646,1.0336171388626099,0.15399441123008728,0.012776,0.7793046832084656,0.7600591778755188
2006/7/19 0:00,0.895524263381958,1.606942,0.9432432651519775,1.0064047574996948,0.1507052630186081,0.012853,0.7473726868629456,0.721656322479248
2006/7/20 0:00,0.895524263381958,1.610825,0.9432432651519775,1.027053952217102,0.15378013253211975,0.012837,0.7526842951774597,0.721656322479248
2006/7/21 0:00,0.895524263381958,1.614544,0.9432432651519775,1.027053952217102,0.15378013253211975,0.012907,0.7526842951774597,0.721656322479248
2006/7/22 0:00,0.895524263381958,1.622336,0.9413579106330872,1.027053952217102,0.15378013253211975,0.012774,0.7508661150932312,0.721656322479248
2006/7/23 0:00,1.0532422065734863,1.625752,1.022848129272461,1.0929769277572632,0.15504586696624756,0.012698,0.8124216794967651,0.825832
2006/7/24 0:00,1.0532422065734863,1.624431,1.022848129272461,1.0929769277572632,0.15504586696624756,0.012711,0.8124216794967651,0.826925
2006/7/25 0:00,1.0473939180374146,1.621534,0.9961211085319519,1.077656,0.15845759212970734,0.012761,0.8126001954078674,0.827883
2006/7/26 0:00,1.0473939180374146,1.619433,0.9961211085319519,1.07048,0.15845759212970734,0.012771,0.8112748265266418,0.827541
2006/7/27 0:00,1.0473939180374146,1.625435,0.9957489371299744,1.072766,0.15845759212970734,0.012798,0.8126001954078674,0.830634
2006/7/28 0:00,1.0473939180374146,1.62022,0.9961211085319519,1.067578,0.1579056680202484,0.012842,0.8079333305358887,0.820075
2006/7/29 0:00,1.0473939180374146,1.622192,0.9961211085319519,1.069084,0.15845759212970734,0.012846,0.8027730584144592,0.825627
2006/7/30 0:00,1.0473939180374146,1.615248,0.9961211085319519,1.063988,0.15845759212970734,0.012862,0.8079333305358887,0.823859
2006/7/31 0:00,1.0473939180374146,1.623298,0.9957489371299744,1.067566,0.15845759212970734,0.012877,0.8079333305358887,0.831808
2006/8/1 0:00,1.0473939180374146,1.616005,0.9957489371299744,1.063909,0.15845759212970734,0.012807,0.8112748265266418,0.830392
2006/8/2 0:00,1.0473939180374146,1.613997,0.9957489371299744,1.066633,0.15845759212970734,0.012817,0.8112748265266418,0.829187
2006/8/3 0:00,1.0473939180374146,1.615613,0.9961211085319519,1.069119,0.15845759212970734,0.012803,0.8112748265266418,0.827883
2006/8/4 0:00,1.0473939180374146,1.607459,0.9961211085319519,1.06553,0.1579056680202484,0.012737,0.8112748265266418,0.819135
2006/8/5 0:00,1.0473939180374146,1.619695,0.9961211085319519,1.075292,0.1579056680202484,0.012763,0.8126001954078674,0.822639
2006/8/6 0:00,1.0473939180374146,1.615509,0.9961211085319519,1.07594,0.1579056680202484,0.012714,0.8126001954078674,0.818733
2006/8/7 0:00,1.0459121465682983,1.613398,0.9961211085319519,1.075882,0.1579056680202484,0.012713,0.813339,0.818063
2006/8/8 0:00,1.0459121465682983,1.602564,0.9961211085319519,1.071938,0.1579056680202484,0.012789,0.81322,0.821288
2006/8/9 0:00,1.0459121465682983,1.6,0.9961211085319519,1.063717,0.1579056680202484,0.012783,0.812942,0.816927
2006/8/10 0:00,1.0459121465682983,1.600551,0.9961211085319519,1.064963,0.1579056680202484,0.01278,0.812876,0.815461
2006/8/11 0:00,1.0459121465682983,1.604235,0.9961211085319519,1.070286,0.1579056680202484,0.012755,0.814266,0.8188
2006/8/12 0:00,1.0459121465682983,1.607149,0.9961211085319519,1.071455,0.1579056680202484,0.012763,0.818264,0.816993
2006/8/13 0:00,1.0459121465682983,1.607446,0.9961211085319519,1.071019,0.1579056680202484,0.012752,0.81813,0.81686
2006/8/14 0:00,1.0459121465682983,1.6072,0.9961211085319519,1.070859,0.1579056680202484,0.012753,0.81813,0.81686
2006/8/15 0:00,1.0459121465682983,1.606813,0.9961211085319519,1.070526,0.1579056680202484,0.012697,0.818424,0.819001
2006/8/16 0:00,1.0459121465682983,1.611733,0.9961211085319519,1.079214,0.1579056680202484,0.012674,0.819672,0.813603
2006/8/17 0:00,1.0459121465682983,1.6156,0.9961211085319519,1.083893,0.1579056680202484,0.012695,0.822368,0.822301
2006/8/18 0:00,1.0459121465682983,1.613424,0.9961211085319519,1.084222,0.1579056680202484,0.012622,0.821271,0.821693
2006/8/19 0:00,1.0459121465682983,1.6147265434265137,0.9961211085319519,1.077354,0.1579056680202484,0.012606,0.819169,0.816593
2006/8/20 0:00,1.0459121465682983,1.6147265434265137,0.9961211085319519,1.077261,0.1579056680202484,0.012607,0.819001,0.815927
2006/8/21 0:00,1.0459121465682983,1.6147265434265137,0.9961211085319519,1.079226,0.1579056680202484,0.012527,0.818398,0.816593
2006/8/22 0:00,1.0459121465682983,1.6147265434265137,0.9961211085319519,1.071708,0.1579056680202484,0.012528,0.816127,0.811688
2006/8/23 0:00,1.0459121465682983,1.6147265434265137,0.9961211085319519,1.070859,0.1579056680202484,0.01253,0.818043,0.817127
2006/8/24 0:00,1.0459121465682983,1.6147265434265137,0.9950473308563232,1.070778,0.1579056680202484,0.012473,0.819807,0.821625
2006/8/25 0:00,1.0459121465682983,1.6147265434265137,0.9961211085319519,1.06889,0.1579056680202484,0.012549,0.818867,0.82149
2006/8/26 0:00,1.0459121465682983,1.6147265434265137,0.9961211085319519,1.067156,0.1579056680202484,0.012531,0.818867,0.818867
2006/8/27 0:00,1.0459121465682983,1.6147265434265137,0.9961211085319519,1.073077,0.1579056680202484,0.012559,0.820075,0.820749
2006/8/28 0:00,1.0459121465682983,1.6147265434265137,0.9961211085319519,1.074587,0.1579056680202484,0.012522,0.819403,0.821828
2006/8/29 0:00,1.0459121465682983,1.6147265434265137,0.9950473308563232,1.07257,0.15845759212970734,0.012483,0.819504,0.827404
2006/8/30 0:00,1.0459121465682983,1.6147265434265137,0.9950473308563232,1.064147,0.15845759212970734,0.012423,0.817528,0.82631
2006/8/31 0:00,1.0459121465682983,1.6147265434265137,0.9950473308563232,1.065496,0.15845759212970734,0.012427,0.816526,0.825287
2006/9/1 0:00,1.0459121465682983,1.6147265434265137,1.004298210144043,1.05994,0.15734456479549408,0.012475,0.81626,0.82481
2006/9/2 0:00,1.0459121465682983,1.6147265434265137,0.9976158142089844,1.061154,0.15845759212970734,0.012456,0.817261,0.827678
2006/9/3 0:00,1.0459121465682983,1.6147265434265137,1.0053719282150269,1.057865,0.15734456479549408,0.012519,0.817511,0.8259
2006/9/4 0:00,1.0459121465682983,1.6072964668273926,0.9768261313438416,1.057027,0.159933,0.012538,0.817595,0.816793
2006/9/5 0:00,1.0459121465682983,1.6072964668273926,0.9768261313438416,1.054519,0.16009,0.012582,0.817207,0.814399
2006/9/6 0:00,1.0459121465682983,1.6072964668273926,0.9768261313438416,1.054419,0.160123,0.012579,0.816393,0.814067
2006/9/7 0:00,1.0459121465682983,1.6072964668273926,0.9768261313438416,1.054841,0.160411,0.012591,0.817528,0.817394
2006/9/8 0:00,1.0459121465682983,1.6072964668273926,0.9768261313438416,1.056,0.160421,0.01259,0.817641,0.819471
2006/9/9 0:00,1.0459121465682983,1.6072964668273926,0.9768261313438416,1.058313,0.160555,0.012469,0.818264,0.811293
2006/9/10 0:00,1.0459121465682983,1.6072964668273926,0.9768261313438416,1.061571,0.160346,0.012319,0.81626,0.809389
2006/9/11 0:00,1.0459121465682983,1.6072964668273926,0.9768261313438416,1.055543,0.160313,0.012305,0.813802,0.808571
2006/9/12 0:00,1.0459121465682983,1.6072964668273926,0.9768261313438416,1.057272,0.160254,0.0123,0.81473,0.812546
2006/9/13 0:00,1.0459121465682983,1.6072964668273926,0.9768261313438416,1.063377,0.160303,0.012321,0.81706,0.81813
2006/9/14 0:00,1.0473939180374146,1.6072964668273926,0.9768261313438416,1.063683,0.160308,0.012237,0.8126534223556519,0.814797
2006/9/15 0:00,1.0473939180374146,1.6072964668273926,0.9768261313438416,1.064566,0.160431,0.012142,0.8120039105415344,0.811754
2006/9/16 0:00,1.0473939180374146,1.6072964668273926,0.9768261313438416,1.06849,0.160382,0.012111,0.8126534223556519,0.81493
2006/9/17 0:00,1.0473939180374146,1.6072964668273926,0.9768261313438416,1.075489,0.160439,0.012146,0.8109528422355652,0.823859
2006/9/18 0:00,1.0473939180374146,1.6072964668273926,0.9768261313438416,1.076739,0.160444,0.012135,0.8109528422355652,0.824029
2006/9/19 0:00,1.0473939180374146,1.6072964668273926,0.9768261313438416,1.076855,0.160601,0.012177,0.8109528422355652,0.821895
2006/9/20 0:00,1.0473939180374146,1.6072964668273926,0.9768261313438416,1.074114,0.160679,0.012156,0.8109528422355652,0.821052
2006/9/21 0:00,1.0473939180374146,1.6072964668273926,0.9768261313438416,1.073687,0.160663,0.012214,0.8109528422355652,0.82291
2006/9/22 0:00,1.0473939180374146,1.602564,0.9768261313438416,1.076374,0.160434,0.012182,0.8077503442764282,0.821625
2006/9/23 0:00,1.0473939180374146,1.602256,0.9768261313438416,1.079331,0.160475,0.012116,0.8077503442764282,0.819706
2006/9/24 0:00,1.0473939180374146,1.601255,0.9768261313438416,1.078423,0.160576,0.012123,0.8077503442764282,0.820143
2006/9/25 0:00,1.039816975593567,1.601255,0.9768261313438416,1.0488250255584717,0.160576,0.012119,0.7912425398826599,0.820143
2006/9/26 0:00,1.0532422065734863,1.609956,0.9905461668968201,1.0856724977493286,0.160514,0.012157,0.8092857599258423,0.821659
2006/9/27 0:00,1.0532422065734863,1.609852,0.9905461668968201,1.0856724977493286,0.160599,0.012215,0.8092857599258423,0.824436
2006/9/28 0:00,1.0532422065734863,1.609749,0.9905461668968201,1.0856724977493286,0.16056,0.012142,0.8092857599258423,0.824674
2006/9/29 0:00,1.0532422065734863,1.60689,0.9888738989830017,1.0685969591140747,0.160534,0.012151,0.8134587407112122,0.832709
2006/9/30 0:00,1.0532422065734863,1.603052,0.9888738989830017,1.0685969591140747,0.160632,0.012137,0.8102562427520752,0.832882
2006/10/1 0:00,1.039816975593567,1.603643,0.9751538634300232,1.0488250255584717,0.160627,0.012123,0.7912425398826599,0.832535
2006/10/2 0:00,1.039816975593567,1.603643,0.9751538634300232,1.0488250255584717,0.160627,0.012123,0.7912425398826599,0.832535
2006/10/3 0:00,1.0532422065734863,1.6072964668273926,0.9888738989830017,1.0685969591140747,0.160393,0.012139,0.8134587407112122,0.834168
2006/10/4 0:00,1.0363248586654663,1.6072964668273926,0.9751538634300232,1.0488250255584717,0.160097,0.012134,0.7960254549980164,0.837872
2006/10/5 0:00,1.002753734588623,1.6072964668273926,0.9612324237823486,1.0451359748840332,0.159752,0.011969,0.7821248769760132,0.843846
2006/10/6 0:00,1.0354197025299072,1.6072964668273926,0.9751538634300232,1.0685124397277832,0.160072,0.011971,0.819941,0.844096
2006/10/7 0:00,1.0354197025299072,1.6072964668273926,0.9751538634300232,1.0685124397277832,0.160097,0.011973,0.820277,0.846346
2006/10/8 0:00,1.0354197025299072,1.6072964668273926,0.9751538634300232,1.0685124397277832,0.160097,0.011974,0.820277,0.846346
2006/10/9 0:00,1.0354197025299072,1.6147265434265137,0.9995729923248291,1.075155258178711,0.15845759212970734,0.011942,0.819907,0.844238
2006/10/10 0:00,1.0354197025299072,1.6147265434265137,0.9995729923248291,1.075155258178711,0.15845759212970734,0.011902,0.821392,0.842212
2006/10/11 0:00,1.0354197025299072,1.6147265434265137,0.9995729923248291,1.075155258178711,0.15845759212970734,0.011859,0.820839,0.83675
2006/10/12 0:00,1.0354197025299072,1.6147265434265137,0.9995729923248291,1.075155258178711,0.15845759212970734,0.011856,0.820546,0.833229
2006/10/13 0:00,1.0354197025299072,1.6147265434265137,1.0025136470794678,1.0710612535476685,0.15734456479549408,0.011888,0.8188,0.824368
2006/10/14 0:00,1.0354197025299072,1.6147265434265137,1.0025136470794678,1.0710612535476685,0.15679264068603516,0.011872,0.819169,0.82352
2006/10/15 0:00,1.0354197025299072,1.6147265434265137,1.0025136470794678,1.0710612535476685,0.15679264068603516,0.011789,0.818599,0.822571
2006/10/16 0:00,1.0354197025299072,1.6147265434265137,1.0025136470794678,1.0710612535476685,0.15679264068603516,0.011788,0.818833,0.821558
2006/10/17 0:00,1.0354197025299072,1.6147265434265137,1.0025136470794678,1.0710612535476685,0.15679264068603516,0.011675,0.817461,0.815894
2006/10/18 0:00,1.036044,1.6147265434265137,1.0025136470794678,1.0710612535476685,0.1572958379983902,0.011623,0.817799,0.817361
2006/10/19 0:00,1.038152,1.6147265434265137,1.0025136470794678,1.0710612535476685,0.1572958379983902,0.011613,0.817461,0.820883
2006/10/20 0:00,1.036801,1.6147265434265137,1.0025136470794678,1.0710612535476685,0.1572958379983902,0.01163,0.817194,0.81984
2006/10/21 0:00,1.03895,1.6147265434265137,1.0025136470794678,1.0710612535476685,0.15784776210784912,0.011551,0.818666,0.826856
2006/10/22 0:00,1.039501,1.6078505516052246,1.0025136470794678,1.0710612535476685,0.15784776210784912,0.01153,0.818867,0.827369
2006/10/23 0:00,1.049296,1.6078505516052246,0.9995729923248291,1.073514461517334,0.15896078944206238,0.01148,0.819205,0.833854
2006/10/24 0:00,1.051431,1.614857,1.0062559843063354,1.073514461517334,0.15784776210784912,0.011501,0.818264,0.832258
2006/10/25 0:00,1.045538,1.604235,0.9995729923248291,1.0710612535476685,0.15896078944206238,0.011345,0.813739,0.828844
2006/10/26 0:00,1.048196,1.607149,0.9995729923248291,1.073514461517334,0.15896078944206238,0.011345,0.81473,0.831843
2006/10/27 0:00,1.0483,1.607149,0.9995729923248291,1.073514461517334,0.15896078944206238,0.011345,0.814598,0.831843
2006/10/28 0:00,1.048141,1.608493,0.9995729923248291,1.073514461517334,0.15896078944206238,0.011402,0.812546,0.835143
2006/10/29 0:00,1.048647,1.603849,0.9995729923248291,1.073514461517334,0.15896078944206238,0.011475,0.81314,0.834376
2006/10/30 0:00,1.051668,1.602436,1.0062559843063354,1.073514461517334,0.15784776210784912,0.011376,0.815106,0.83956
2006/10/31 0:00,1.0573,1.612123,1.0190274715423584,1.091167,0.15598787367343903,0.01134,0.817631,0.842212
2006/11/1 0:00,1.054241,1.613476,1.0086534023284912,1.096792,0.15784776210784912,0.01121,0.816263,0.837311
2006/11/2 0:00,1.053497,1.613254,1.0086534023284912,1.094751,0.15784776210784912,0.011214,0.816093,0.836645
2006/11/3 0:00,1.053497,1.613254,1.0086534023284912,1.094691,0.15784776210784912,0.011214,0.816193,0.836645
2006/11/4 0:00,1.056067,1.607071,1.0190274715423584,1.090162,0.15598787367343903,0.011195,0.815498,0.839701
2006/11/5 0:00,1.0562,1.609269,1.0190274715423584,1.077818,0.15598787367343903,0.011275,0.816163,0.839137
2006/11/6 0:00,1.05605,1.600986,1.0190274715423584,1.073693,0.15598787367343903,0.011286,0.817498,0.841043
2006/11/7 0:00,1.053769,1.598849,1.0086534023284912,1.071541,0.15784776210784912,0.011183,0.817595,0.841008
2006/11/8 0:00,1.049362,1.587352,0.9911770820617676,1.070034,0.15896078944206238,0.011125,0.8149,0.834829
2006/11/9 0:00,1.050801,1.586848,0.9978600740432739,1.069862,0.15896078944206238,0.011097,0.814531,0.837135
2006/11/10 0:00,1.050801,1.586848,0.9978600740432739,1.069976,0.15896078944206238,0.011094,0.814531,0.837135
2006/11/11 0:00,1.051353,1.582003,0.9978600740432739,1.072685,0.15896078944206238,0.011139,0.8142,0.836645
2006/11/12 0:00,1.055554,1.586294,1.0190274715423584,1.077122,0.15598787367343903,0.011291,0.814531,0.839772
2006/11/13 0:00,1.055147,1.584623,1.0190274715423584,1.075697,0.15598787367343903,0.011306,0.815129,0.842851
2006/11/14 0:00,1.046501,1.578233,0.9911770820617676,1.076032,0.15896078944206238,0.011108,0.814001,0.838891
2006/11/15 0:00,1.042063,1.579654,0.9911770820617676,1.080824,0.15896078944206238,0.010986,0.808996,0.837416
2006/11/16 0:00,1.0424,1.580353,0.9911770820617676,1.079447,0.15896078944206238,0.011004,0.810241,0.837276
2006/11/17 0:00,1.04215,1.580353,0.9911770820617676,1.079214,0.15896078944206238,0.011007,0.810964,0.837276
2006/11/18 0:00,1.040161,1.568874,0.985787570476532,1.078464,0.15896078944206238,0.011022,0.807689,0.830875
2006/11/19 0:00,1.046507,1.575051,0.9911770820617676,1.08481,0.15896078944206238,0.011033,0.810373,0.837521
2006/11/20 0:00,1.042449,1.579405,0.9911770820617676,1.096191,0.15896078944206238,0.010979,0.809848,0.831497
2006/11/21 0:00,1.042731,1.585376,0.9911770820617676,1.099155,0.15896078944206238,0.010951,0.807764,0.839137
2006/11/22 0:00,1.041536,1.574456,0.9915492534637451,1.107168,0.15893243253231049,0.010813,0.806517,0.8130120635032654
2006/11/23 0:00,1.040101,1.5696,0.9861597418785095,1.102828,0.15893243253231049,0.010778,0.806062,0.8147967457771301
2006/11/24 0:00,1.040599,1.569551,0.9861597418785095,1.102791,0.15893243253231049,0.011203487403690815,0.806062,0.8147967457771301
2006/11/25 0:00,1.042503,1.574307,0.9915492534637451,1.100722,0.15893243253231049,0.011203487403690815,0.806452,0.8207136392593384
2006/11/26 0:00,1.038707,1.564749,0.979771614074707,1.100897,0.15893243253231049,0.011203487403690815,0.807833,0.8147967457771301
2006/11/27 0:00,1.032002,1.565423,0.979771614074707,1.098961,0.15893243253231049,0.011203487403690815,0.807983,0.8141310214996338
2006/11/28 0:00,1.028542,1.569206,0.9861597418785095,1.089799,0.15893243253231049,0.011203487403690815,0.806192,0.8168021440505981
2006/11/29 0:00,1.031662,1.580815,0.9915492534637451,1.089253,0.15893243253231049,0.011203487403690815,0.808016,0.820047914981842
2006/11/30 0:00,1.031848,1.579854,0.9915492534637451,1.088613,0.15893243253231049,0.011203487403690815,0.807689,0.820047914981842
2006/12/1 0:00,1.031848,1.579854,0.9915492534637451,1.08885,0.15893243253231049,0.011203487403690815,0.807624,0.820047914981842
2006/12/2 0:00,1.028627,1.566747,0.979771614074707,1.088074,0.15893243253231049,0.011203487403690815,0.80612,0.8168021440505981
2006/12/3 0:00,1.03105,1.565435,0.979771614074707,1.090477,0.15893243253231049,0.011203487403690815,0.807233,0.8168021440505981
2006/12/4 0:00,1.034244,1.553688,0.9770562052726746,1.089437,0.15893243253231049,0.011203487403690815,0.80796,0.8141310214996338
2006/12/5 0:00,1.035084,1.549799,0.9770562052726746,1.082497,0.15893243253231049,0.01238330826163292,0.809389,0.8056740760803223
2006/12/6 0:00,1.030174,1.552373,0.9880205988883972,1.0638924837112427,0.15893243253231049,0.012587005272507668,0.807823,0.8091960549354553
2006/12/7 0:00,1.029999,1.551699,0.9880205988883972,1.0638924837112427,0.15893243253231049,0.012587005272507668,0.808342,0.8091960549354553
2006/12/8 0:00,1.029999,1.551735,0.9880205988883972,1.0638924837112427,0.15893243253231049,0.012587005272507668,0.808277,0.8091960549354553
2006/12/9 0:00,1.029601,1.547149,0.9880205988883972,1.0638924837112427,0.15893243253231049,0.012587005272507668,0.806793,0.8091960549354553
2006/12/10 0:00,1.035047,1.543305,0.9880205988883972,1.0638924837112427,0.15893243253231049,0.012587005272507668,0.8081,0.8143325448036194
2006/12/11 0:00,1.028373,1.529754,0.9880205988883972,1.0355486869812012,0.15860231220722198,0.012608169578015804,0.7798774838447571,0.7973030805587769
2006/12/12 0:00,1.025336,1.525716,0.9880205988883972,1.0355486869812012,0.15860231220722198,0.012608169578015804,0.776502788066864,0.7973030805587769
2006/12/13 0:00,1.031151,1.525949,0.9880205988883972,1.0355486869812012,0.15860231220722198,0.012608169578015804,0.7798774838447571,0.7973030805587769
2006/12/14 0:00,1.032098,1.516438,0.9880205988883972,1.0355486869812012,0.15860231220722198,0.012522279284894466,0.7798774838447571,0.7941272854804993
2006/12/15 0:00,1.033053,1.516438,0.9880205988883972,1.0355486869812012,0.15860231220722198,0.012522279284894466,0.7798774838447571,0.7941272854804993
2006/12/16 0:00,1.028748,1.512173,0.9880205988883972,1.0355486869812012,0.15860231220722198,0.012522279284894466,0.7798774838447571,0.7973030805587769
2006/12/17 0:00,0.863364577293396,1.512493,0.9302329421043396,0.9531345367431641,0.14698927104473114,0.010352862998843193,0.7145859003067017,0.7262969017028809
2006/12/18 0:00,0.863364577293396,1.513145,0.9302329421043396,0.9531345367431641,0.14698927104473114,0.010352862998843193,0.7145859003067017,0.7262969017028809
2006/12/19 0:00,0.863364577293396,1.51873,0.9302329421043396,0.9531345367431641,0.14698927104473114,0.010438753291964531,0.7145859003067017,0.7262969017028809
2006/12/20 0:00,0.8512827754020691,1.50263,0.9302329421043396,0.9531345367431641,0.14698927104473114,0.010141300037503242,0.7043502926826477,0.7219231128692627
2006/12/21 0:00,0.8512827754020691,1.50385,0.9302329421043396,0.9531345367431641,0.14698927104473114,0.010141300037503242,0.7043502926826477,0.7219231128692627
2006/12/22 0:00,0.8512827754020691,1.508182,0.9302329421043396,0.9531345367431641,0.14698927104473114,0.010141300037503242,0.7043502926826477,0.7219231128692627
2006/12/23 0:00,0.8512827754020691,1.51046,0.9302329421043396,0.9531345367431641,0.14698927104473114,0.010141300037503242,0.7043502926826477,0.7219231128692627
2006/12/24 0:00,0.8512827754020691,1.503771,0.9302329421043396,0.9531345367431641,0.14698927104473114,0.010141300037503242,0.7043502926826477,0.7219231128692627
2006/12/25 0:00,0.8512827754020691,1.503488,0.9302329421043396,0.9531345367431641,0.14698927104473114,0.010141300037503242,0.7043502926826477,0.7219231128692627
2006/12/26 0:00,0.8413513898849487,1.492103,0.9302329421043396,0.9390769004821777,0.14698927104473114,0.00954932440072298,0.7031033039093018,0.6700165867805481
2006/12/27 0:00,0.8413513898849487,1.492103,0.9302329421043396,0.9390769004821777,0.14698927104473114,0.00954932440072298,0.7031033039093018,0.6700165867805481
2006/12/28 0:00,1.0062459707260132,1.491747,0.9880205988883972,1.0400981903076172,0.15840886533260345,0.012522279284894466,0.7738215923309326,0.822064
2006/12/29 0:00,1.0062459707260132,1.489758,0.9880205988883972,1.0463422536849976,0.16094157099723816,0.010394,0.7834876179695129,0.825423
2006/12/30 0:00,1.0062459707260132,1.489203,0.9880205988883972,1.0463422536849976,0.16094157099723816,0.010425,0.7834876179695129,0.825219
2006/12/31 0:00,1.0062459707260132,1.492203,0.9880205988883972,1.0463422536849976,0.16094157099723816,0.01041,0.7834876179695129,0.825593
2007/1/1 0:00,1.0062459707260132,1.508569,0.9726147055625916,1.0488250255584717,0.160923,0.010435,0.7855982780456543,0.822571
2007/1/2 0:00,1.0062459707260132,1.512459,0.9726147055625916,1.0488250255584717,0.160927,0.010485,0.7855982780456543,0.827198
2007/1/3 0:00,1.0062459707260132,1.511544,0.9726147055625916,1.0488250255584717,0.160928,0.010494,0.7855982780456543,0.827438
2007/1/4 0:00,1.0062459707260132,1.511544,0.9726147055625916,1.0488250255584717,0.16116,0.010496,0.7855982780456543,0.827438
2007/1/5 0:00,1.039933,1.51167,0.9783720970153809,1.0488250255584717,0.16088,0.010506,0.792394757270813,0.825866
2007/1/6 0:00,1.036549,1.510551,0.9783720970153809,1.0488250255584717,0.160896,0.010517,0.792394757270813,0.823791
2007/1/7 0:00,1.039393,1.512745,0.974431,1.0488250255584717,0.160932,0.010468,0.792394757270813,0.822571
2007/1/8 0:00,1.043776,1.516369,0.975976,1.0425809621810913,0.160898,0.010257381945848465,0.792394757270813,0.831878
2007/1/9 0:00,1.044403,1.5980685949325562,0.977804,1.0425809621810913,0.16105,0.01074275467544794,0.7931346893310547,0.83462
2007/1/10 0:00,1.044299,1.5980685949325562,0.977565,1.0425809621810913,0.160974,0.01074275467544794,0.7931346893310547,0.836225
2007/1/11 0:00,1.044299,1.5980685949325562,0.977565,1.0425809621810913,0.160974,0.01074275467544794,0.7931346893310547,0.836225
2007/1/12 0:00,1.044998,1.5980685949325562,0.978378,1.0425809621810913,0.161071,0.01074275467544794,0.7931346893310547,0.83462
2007/1/13 0:00,1.047554,1.5980685949325562,0.98256,1.0599315166473389,0.160984,0.010838448069989681,0.8105679750442505,0.837381
2007/1/14 0:00,1.04383,1.571989893913269,0.98341,1.0425809621810913,0.160904,0.010336240753531456,0.7915894389152527,0.8246577978134155
2007/1/15 0:00,1.041271,1.571989893913269,0.983961,1.0425809621810913,0.16097,0.010336240753531456,0.7915894389152527,0.8246577978134155
2007/1/16 0:00,1.04094,1.571989893913269,0.982772,1.0425809621810913,0.160871,0.010336240753531456,0.7915894389152527,0.8246577978134155
2007/1/17 0:00,1.041499,1.571989893913269,0.982898,1.0425809621810913,0.160914,0.010336240753531456,0.7915894389152527,0.8246577978134155
2007/1/18 0:00,1.041499,1.571989893913269,0.982898,1.0425809621810913,0.161093,0.010336240753531456,0.7915894389152527,0.8246577978134155
2007/1/19 0:00,1.042949,1.571989893913269,0.983768,1.0425809621810913,0.161423,0.010336240753531456,0.7915894389152527,0.8246577978134155
2007/1/20 0:00,1.045402,1.571989893913269,0.985717,1.0425809621810913,0.161324,0.010336240753531456,0.7915894389152527,0.8246577978134155
2007/1/21 0:00,1.047861,1.571989893913269,0.987006,1.0599315166473389,0.161267,0.010431934148073196,0.805014431476593,0.8283602595329285
2007/1/22 0:00,1.040031,1.571989893913269,0.98684,1.0425809621810913,0.16126,0.010336240753531456,0.7915894389152527,0.8246577978134155
2007/1/23 0:00,1.038346,1.571989893913269,0.982999,1.0425809621810913,0.161231,0.010336240753531456,0.7915894389152527,0.8246577978134155
2007/1/24 0:00,1.042753,1.571989893913269,0.986388,1.0425809621810913,0.161232,0.010336240753531456,0.7915894389152527,0.8246577978134155
2007/1/25 0:00,1.037597,1.571989893913269,0.986388,1.0425809621810913,0.16121,0.010336240753531456,0.7915894389152527,0.8246577978134155
2007/1/26 0:00,1.039679,1.571989893913269,0.981123,1.0425809621810913,0.161221,0.010336240753531456,0.7915894389152527,0.8246577978134155
2007/1/27 0:00,1.049164,1.571989893913269,0.985154,1.0623530149459839,0.161149,0.010431934148073196,0.805014431476593,0.8283602595329285
2007/1/28 0:00,1.053707,1.571989893913269,0.984931,1.0623530149459839,0.161466,0.010431934148073196,0.805014431476593,0.8232746124267578
2007/1/29 0:00,1.054902,1.571989893913269,0.989218,1.0623530149459839,0.161348,0.010431934148073196,0.805014431476593,0.8232746124267578
2007/1/30 0:00,1.050547,1.571989893913269,0.986777,1.0623530149459839,0.161483,0.010431934148073196,0.805014431476593,0.8232746124267578
2007/1/31 0:00,1.050001,1.571989893913269,0.98668,1.0623530149459839,0.161486,0.010431934148073196,0.805014431476593,0.8232746124267578
2007/2/1 0:00,1.0509,1.571989893913269,0.98668,1.0623530149459839,0.161488,0.010431934148073196,0.805014431476593,0.8232746124267578
2007/2/2 0:00,1.037646,1.571989893913269,0.978565,1.0425809621810913,0.161653,0.010336240753531456,0.7915894389152527,0.8246577978134155
2007/2/3 0:00,1.039301,1.571989893913269,0.979259,1.0425809621810913,0.161749,0.010336240753531456,0.7915894389152527,0.8246577978134155
2007/2/4 0:00,1.029898,1.571989893913269,0.973753,1.0425809621810913,0.161983,0.010336240753531456,0.7887220978736877,0.8050315380096436
2007/2/5 0:00,1.030137,1.571989893913269,0.974854,1.0425809621810913,0.161732,0.010336240753531456,0.7887220978736877,0.8050315380096436
2007/2/6 0:00,1.029484,1.571989893913269,0.974336,1.0425809621810913,0.161888,0.010336240753531456,0.7887220978736877,0.8050315380096436
2007/2/7 0:00,1.0294,1.571989893913269,0.974184,1.0425809621810913,0.161807,0.010336240753531456,0.7887220978736877,0.8050315380096436
2007/2/8 0:00,1.027802,1.571989893913269,0.974232,1.0425809621810913,0.161875,0.010336240753531456,0.7844505310058594,0.8050315380096436
2007/2/9 0:00,1.025546,1.571989893913269,0.973961,1.0425809621810913,0.161749,0.010336240753531456,0.7844505310058594,0.8050315380096436
2007/2/10 0:00,1.025452,1.571989893913269,0.974564,1.0425809621810913,0.161849,0.010336240753531456,0.7844505310058594,0.8050315380096436
2007/2/11 0:00,1.026388,1.571989893913269,0.973881,1.0425809621810913,0.161801,0.010336240753531456,0.7844505310058594,0.8050315380096436
2007/2/12 0:00,1.0313,1.571989893913269,0.9807,1.0425809621810913,0.162008,0.010336240753531456,0.7887220978736877,0.8050315380096436
2007/2/13 0:00,1.028468,1.571989893913269,0.983294,1.0425809621810913,0.162261,0.010336240753531456,0.7887220978736877,0.8050315380096436
2007/2/14 0:00,1.02805,1.571989893913269,0.982801,1.0425809621810913,0.162242,0.010336240753531456,0.7844505310058594,0.8050315380096436
2007/2/15 0:00,1.02805,1.571989893913269,0.982801,1.0425809621810913,0.162236,0.010336240753531456,0.7844505310058594,0.8050315380096436
2007/2/16 0:00,1.035299,1.550748,0.987928,1.0425809621810913,0.16229,0.010336240753531456,0.7915894389152527,0.8187409043312073
2007/2/17 0:00,1.036001,1.553193,0.992462,1.0425809621810913,0.162181,0.010336240753531456,0.7915894389152527,0.8187409043312073
2007/2/18 0:00,1.028849,1.559211,0.992019,1.0425809621810913,0.162194,0.010336240753531456,0.7887220978736877,0.8050315380096436
2007/2/19 0:00,1.025925,1.553398,0.991881,1.0425809621810913,0.162495,0.010336240753531456,0.7844505310058594,0.8050315380096436
2007/2/20 0:00,1.031199,1.555658,0.99167,1.0425809621810913,0.162454,0.010336240753531456,0.7887220978736877,0.8050315380096436
2007/2/21 0:00,1.032002,1.557244,0.992113,1.0425809621810913,0.162464,0.010336240753531456,0.7887220978736877,0.8023604154586792
2007/2/22 0:00,1.026252,1.557244,0.992113,1.0355486869812012,0.15860231220722198,0.012687028385698795,0.776502788066864,0.7973030805587769
2007/2/23 0:00,1.024711,1.554497,0.992556,1.0355486869812012,0.15860231220722198,0.012687028385698795,0.776502788066864,0.7973030805587769
2007/2/24 0:00,1.01775,1.548479,0.994743,1.0355486869812012,0.15860231220722198,0.012687028385698795,0.7754004001617432,0.7973030805587769
2007/2/25 0:00,1.01818,1.555125,0.997108,1.0297915935516357,0.15590032935142517,0.012377825565636158,0.7711017727851868,0.7469335794448853
2007/2/26 0:00,1.017636,1.548827,0.99681,1.0355486869812012,0.15860231220722198,0.012687028385698795,0.7754004001617432,0.7973030805587769
2007/2/27 0:00,1.002195,1.534919,0.988426,1.0355486869812012,0.15860231220722198,0.012687028385698795,0.7754004001617432,0.7857212424278259
2007/2/28 0:00,1.001101,1.536452,0.989462,1.0355486869812012,0.15860231220722198,0.012687028385698795,0.7754004001617432,0.7857212424278259
2007/3/1 0:00,1.001101,1.536452,0.989462,1.0355486869812012,0.15860231220722198,0.012687028385698795,0.7754004001617432,0.7857212424278259
2007/3/2 0:00,0.994382,1.529204,0.989423,1.0355486869812012,0.15860231220722198,0.012513263151049614,0.7754004001617432,0.7778827548027039
2007/3/3 0:00,0.989462,1.524111,0.984678,1.0355486869812012,0.15860231220722198,0.012513263151049614,0.7754004001617432,0.7778827548027039
2007/3/4 0:00,0.987752,1.522684,0.982994,1.0417927503585815,0.1609298437833786,0.009773,0.7826822996139526,0.7856111526489258
2007/3/5 0:00,0.9843,1.531054,0.983768,1.0417927503585815,0.1609298437833786,0.009802,0.7826822996139526,0.7856111526489258
2007/3/6 0:00,0.974042,1.517393,0.973146,1.0417927503585815,0.1609298437833786,0.009705,0.7826822996139526,0.7856111526489258
2007/3/7 0:00,0.97281,1.517048,0.972701,1.0417927503585815,0.1609298437833786,0.009685,0.784792959690094,0.7856111526489258
2007/3/8 0:00,0.97281,1.517048,0.972701,1.0684584379196167,0.1612599641084671,0.009685,0.794095,0.7936792969703674
2007/3/9 0:00,0.981306,1.524402,0.975686,1.0700379610061646,0.1612599641084671,0.009774,0.79694,0.8056061863899231
2007/3/10 0:00,0.981884,1.516059,0.974564,1.0700379610061646,0.1612599641084671,0.009753,0.793966,0.7936792969703674
2007/3/11 0:00,0.969415,1.505899,0.964958,1.0314539670944214,0.15919312834739685,0.009678,0.789515,0.781689465045929
2007/3/12 0:00,0.974469,1.511156,0.969833,1.0700379610061646,0.1612599641084671,0.009828,0.791452,0.7936792969703674
2007/3/13 0:00,0.964041,1.512653,0.967586,1.0201902389526367,0.15605327486991882,0.009904,0.790611,0.7606027126312256
2007/3/14 0:00,0.964785,1.512642,0.96903,1.0700379610061646,0.1612599641084671,0.009869,0.79107,0.7936792969703674
2007/3/15 0:00,0.967492,1.512642,0.96903,1.0700379610061646,0.1612599641084671,0.009869,0.79107,0.7936792969703674
2007/3/16 0:00,0.963066,1.50981,0.967394,1.0571948289871216,0.1609298437833786,0.009892,0.792707,0.7936792969703674
2007/3/17 0:00,0.963577,1.505197,0.962473,1.026446,0.15717609226703644,0.009795,0.787929,0.7708441615104675
2007/3/18 0:00,0.962881,1.511453,0.965517,1.037398,0.1609298437833786,0.009902,0.789394,0.781689465045929
2007/3/19 0:00,0.966978,1.521398,0.970214,1.048878,0.1609298437833786,0.009908,0.795102,0.7936792969703674
2007/3/20 0:00,0.959739,1.517658,0.965978,1.041694,0.163004,0.009918,0.789917,0.781689465045929
2007/3/21 0:00,0.978809,1.534601,0.9701536297798157,1.060209,0.163087,0.010092,0.800163,0.8005205392837524
2007/3/22 0:00,0.961862,1.529099,0.9633224606513977,1.055014,0.163167,0.009994,0.797547,0.8005205392837524
2007/3/23 0:00,0.953334,1.539788,0.967294454574585,1.060547,0.163191,0.010074,0.800644,0.8005205392837524
2007/3/24 0:00,0.959923,1.561183,0.9681503772735596,1.074737,0.162967,0.010288,0.803052,0.8028505444526672
2007/3/25 0:00,0.948092,1.554847,0.967294454574585,1.070131,0.163039,0.010246,0.801029,0.8005205392837524
2007/3/26 0:00,0.949487,1.555839,0.967294454574585,1.068262,0.163039,0.010252,0.800644,0.8005205392837524
2007/3/27 0:00,0.950029,1.555839,0.967294454574585,1.068262,0.163039,0.010252,0.800644,0.8005205392837524
2007/3/28 0:00,0.946647,1.557608,0.967294454574585,1.071444,0.163039,0.01014,0.794906,0.7973271012306213
2007/3/29 0:00,0.941886,1.560281,0.9612452983856201,1.078912,0.163039,0.010387,0.795843,0.801228940486908
2007/3/30 0:00,0.950074,1.567644,0.967294454574585,1.084305,0.163039,0.010426,0.79783,0.8005205392837524
2007/3/31 0:00,0.960108,1.568627,0.9681503772735596,1.084287,0.163015,0.010554,0.799392,0.8005205392837524
2007/4/1 0:00,0.958819,1.569477,0.9672322869300842,1.08537,0.163111,0.010616,0.798891,0.805445
2007/4/2 0:00,0.956892,1.570648,0.9672322869300842,1.085464,0.163111,0.010628,0.798993,0.805056
2007/4/3 0:00,0.956892,1.570648,0.9672322869300842,1.085464,0.163111,0.010628,0.798993,0.805056
2007/4/4 0:00,0.953971,1.570389,0.9644622802734375,1.08045,0.16132709383964539,0.010536,0.797057,0.799456
2007/4/5 0:00,0.949532,1.565043,0.9700053930282593,1.088198,0.16132709383964539,0.010501,0.792519,0.800833
2007/4/6 0:00,0.95388,1.566551,0.9670307636260986,1.0818332433700562,0.16132709383964539,0.010498,0.795988,0.804182
2007/4/7 0:00,0.919794,1.547748,0.9535207152366638,1.0196887254714966,0.15947026014328003,0.010204,0.785093,0.774054
2007/4/8 0:00,0.922765,1.543615,0.9535207152366638,1.0196887254714966,0.15947026014328003,0.010244,0.784446,0.775104
2007/4/9 0:00,0.926698,1.544103,0.9535207152366638,1.0196887254714966,0.15903034806251526,0.010238,0.783374,0.775795
2007/4/10 0:00,0.926655,1.541307,0.9535207152366638,1.0369148254394531,0.1612846404314041,0.010232,0.788967,0.773994
2007/4/11 0:00,0.926741,1.530925,0.9535207152366638,1.0196887254714966,0.15947026014328003,0.010236,0.784899,0.778665
2007/4/12 0:00,0.928031,1.525483,0.9535207152366638,1.0369148254394531,0.1612846404314041,0.010165,0.789833,0.778938
2007/4/13 0:00,0.913826,1.519387,0.9612421989440918,1.0369148254394531,0.1612846404314041,0.010074,0.788597,0.773694
2007/4/14 0:00,0.913993,1.521248,0.9612421989440918,1.0369148254394531,0.1612846404314041,0.010086,0.789163,0.774353
2007/4/15 0:00,0.914244,1.521248,0.9612421989440918,1.0369148254394531,0.1612846404314041,0.010086,0.789163,0.774353
2007/4/16 0:00,0.923404,1.521514,0.9612421989440918,1.0369148254394531,0.1612846404314041,0.010035,0.790648,0.781158
2007/4/17 0:00,0.914119,1.515014,0.9612421989440918,1.0366978645324707,0.1612846404314041,0.009933,0.78646,0.774893
2007/4/18 0:00,0.907153,1.528129,0.9612421989440918,1.0196887254714966,0.15947026014328003,0.010007,0.78533,0.777091
2007/4/19 0:00,0.915961,1.507523,0.9612421989440918,1.0196887254714966,0.15947026014328003,0.009994,0.785416,0.784037
2007/4/20 0:00,0.90551,1.490957,0.9612421989440918,1.0196887254714966,0.1569097340106964,0.0099,0.780783,0.769675
2007/4/21 0:00,0.906906,1.489048,0.9612421989440918,1.0196887254714966,0.1569097340106964,0.009883,0.780363,0.770951
2007/4/22 0:00,0.906906,1.489048,0.9612421989440918,1.0196887254714966,0.1569097340106964,0.009883,0.780363,0.770951
2007/4/23 0:00,0.912492,1.494199,0.9612421989440918,1.0196887254714966,0.15903034806251526,0.009908,0.78139,0.780183
2007/4/24 0:00,0.917473,1.485696,0.9612421989440918,1.0196887254714966,0.15903034806251526,0.009902,0.782298,0.786102
2007/4/25 0:00,0.914955,1.493083,0.9612421989440918,1.0196887254714966,0.15947026014328003,0.009963,0.784778,0.780457
2007/4/26 0:00,0.913784,1.512814,0.9612421989440918,1.0691076517105103,0.1612846404314041,0.010071,0.792302,0.779484
2007/4/27 0:00,0.9051,1.510951,0.9612421989440918,1.0691076517105103,0.1612846404314041,0.010062,0.792176,0.778119
2007/4/28 0:00,0.904895,1.511042,0.9612421989440918,1.0691076517105103,0.1612846404314041,0.010078,0.792079,0.777968
2007/4/29 0:00,0.904895,1.511042,0.9612421989440918,1.0691076517105103,0.1612846404314041,0.010078,0.792079,0.777968
2007/4/30 0:00,0.908884,1.508944,0.9612421989440918,1.0691076517105103,0.1612846404314041,0.010009,0.79154,0.780671
2007/5/1 0:00,0.923788,1.512436,0.9612421989440918,1.073230504989624,0.1589571088552475,0.010167311877012253,0.793692,0.788675
2007/5/2 0:00,0.923233,1.521954,0.9612421989440918,1.073230504989624,0.1589571088552475,0.010331149213016033,0.79377,0.789952
2007/5/3 0:00,0.916842,1.522244,0.9612421989440918,1.041037678718567,0.1589571088552475,0.010331149213016033,0.78973,0.790014
2007/5/4 0:00,0.919413,1.526321,0.9612421989440918,1.041037678718567,0.1589571088552475,0.010331149213016033,0.790611,0.794092
2007/5/5 0:00,0.917389,1.526951,0.9612421989440918,1.041037678718567,0.1589571088552475,0.010331149213016033,0.789621,0.793273
2007/5/6 0:00,0.918991,1.526951,0.9612421989440918,1.041037678718567,0.1589571088552475,0.010331149213016033,0.789621,0.793273
2007/5/7 0:00,0.925455,1.536098,0.9612421989440918,1.073230504989624,0.1589571088552475,0.010331149213016033,0.793188,0.796432
2007/5/8 0:00,0.928591,1.537752,0.9612421989440918,1.073230504989624,0.1589571088552475,0.010331149213016033,0.791434,0.799424
2007/5/9 0:00,0.914913,1.529953,0.9612421989440918,1.0366978645324707,0.1589571088552475,0.010331149213016033,0.7876,0.79186
2007/5/10 0:00,0.922637,1.535851,0.9612421989440918,1.041037678718567,0.1589571088552475,0.010331149213016033,0.789048,0.807559
2007/5/11 0:00,0.925369,1.538651,0.9612421989440918,1.073230504989624,0.1589571088552475,0.010331149213016033,0.791014,0.808375
2007/5/12 0:00,0.926312,1.538355,0.9612421989440918,1.073230504989624,0.1589571088552475,0.010331149213016033,0.791011,0.808669
2007/5/13 0:00,0.926312,1.538355,0.9612421989440918,1.073230504989624,0.1589571088552475,0.010331149213016033,0.791011,0.808669
2007/5/14 0:00,0.919118,1.534295,0.9612421989440918,1.041037678718567,0.1589571088552475,0.010331149213016033,0.78954,0.801603
2007/5/15 0:00,0.905518,1.523206,0.9612421989440918,1.0366978645324707,0.1589571088552475,0.010331149213016033,0.786414,0.796972
2007/5/16 0:00,0.89658,1.519099,0.9612421989440918,1.0196887254714966,0.1588110327720642,0.010331149213016033,0.784274,0.796147
2007/5/17 0:00,0.893895,1.513203,0.9612421989440918,1.0196887254714966,0.15837112069129944,0.010167311877012253,0.783475,0.788208
2007/5/18 0:00,0.891504,1.528269,0.9612421989440918,1.0366978645324707,0.1589571088552475,0.010331149213016033,0.786513,0.784806
2007/5/19 0:00,0.890591,1.528748,0.9612421989440918,1.0366978645324707,0.1589571088552475,0.010331149213016033,0.786565,0.783331
2007/5/20 0:00,0.890591,1.528748,0.9612421989440918,1.0366978645324707,0.1589571088552475,0.010331149213016033,0.786565,0.783331
2007/5/21 0:00,0.890948,1.535108,0.9612421989440918,1.0366978645324707,0.1589571088552475,0.010331149213016033,0.787299,0.780122
2007/5/22 0:00,0.898957,1.53657,0.9612421989440918,1.041037678718567,0.1589571088552475,0.010331149213016033,0.78883,0.790701
2007/5/23 0:00,0.900293,1.550099,0.9612421989440918,1.041037678718567,0.1589571088552475,0.010331149213016033,0.789238,0.796686
2007/5/24 0:00,0.911785,1.554569,0.9578997492790222,1.073230504989624,0.1589571088552475,0.010331149213016033,0.794199,0.802858
2007/5/25 0:00,0.919667,1.551362,0.9612421989440918,1.073230504989624,0.1589571088552475,0.010331149213016033,0.795535,0.803859
2007/5/26 0:00,0.919033,1.550604,0.9612421989440918,1.073230504989624,0.1589571088552475,0.010331149213016033,0.795267,0.803859
2007/5/27 0:00,0.919033,1.550604,0.972039,1.073230504989624,0.1589571088552475,0.010331149213016033,0.795267,0.803859
2007/5/28 0:00,0.91529,1.546946,0.970436,1.073230504989624,0.1589571088552475,0.010331149213016033,0.79261,0.801507
2007/5/29 0:00,0.909298,1.544747,0.96651,1.041037678718567,0.1589571088552475,0.010331149213016033,0.788815,0.795355
2007/5/30 0:00,0.9132,1.550556,0.967853,1.0366978645324707,0.1589571088552475,0.010331149213016033,0.786739,0.803213
2007/5/31 0:00,0.913034,1.562988,0.969749,1.041037678718567,0.1589571088552475,0.010331149213016033,0.787997,0.80694
2007/6/1 0:00,0.917557,1.561853,0.966277,1.0366978645324707,0.1589571088552475,0.010331149213016033,0.786225,0.809487
2007/6/2 0:00,0.918358,1.562805,0.967459,1.0366978645324707,0.1589571088552475,0.010331149213016033,0.78725,0.810307
2007/6/3 0:00,0.918358,1.562842,0.967459,1.0366978645324707,0.1589571088552475,0.010331149213016033,0.78725,0.810143
2007/6/4 0:00,0.912284,1.565889,0.966931,1.0196887254714966,0.15876032412052155,0.010331149213016033,0.783331,0.807005
2007/6/5 0:00,0.908637,1.567226,0.962543,1.0196887254714966,0.15920023620128632,0.010167229920625687,0.784541,0.798085
2007/6/6 0:00,0.903261,1.569095,0.957446,1.014031171798706,0.15561336278915405,0.010244,0.782353,0.7523255944252014
2007/6/7 0:00,0.902772,1.559649,0.95057,1.014031171798706,0.15561336278915405,0.010138,0.780485,0.7523255944252014
2007/6/8 0:00,0.903138,1.556772,0.950841,1.014031171798706,0.15561336278915405,0.010129,0.781458,0.7523255944252014
2007/6/9 0:00,0.902731,1.556953,0.952549,1.014031171798706,0.15561336278915405,0.010127,0.781803,0.7523255944252014
2007/6/10 0:00,0.9142227172851562,1.556953,0.952549,1.014031171798706,0.15561336278915405,0.010127,0.781803,0.7523255944252014
2007/6/11 0:00,0.9142227172851562,1.556905,0.951506,1.014031171798706,0.15561336278915405,0.010135,0.780537,0.7523255944252014
2007/6/12 0:00,0.9343580603599548,1.553543,0.952585,1.014031171798706,0.15561336278915405,0.010299,0.779581,0.759410560131073
2007/6/13 0:00,0.9331186413764954,1.551747,0.954249,1.014031171798706,0.15561336278915405,0.010232,0.783211,0.759410560131073
2007/6/14 0:00,0.9331186413764954,1.550135,0.949492,1.014031171798706,0.15605327486991882,0.010181,0.784504,0.759410560131073
2007/6/15 0:00,0.9331186413764954,1.548551,0.950706,1.014031171798706,0.15605327486991882,0.010186,0.784369,0.759410560131073
2007/6/16 0:00,0.9331186413764954,1.550207,0.949028,1.014031171798706,0.15605327486991882,0.010185,0.784621,0.759410560131073
2007/6/17 0:00,0.9331186413764954,1.550953,0.949028,1.014031171798706,0.15605327486991882,0.010187,0.784621,0.759410560131073
2007/6/18 0:00,0.9331186413764954,1.5544,0.948025,1.014031171798706,0.15605327486991882,0.01007,0.784855,0.759410560131073
2007/6/19 0:00,0.9248722791671753,1.557075,0.949221,1.014031171798706,0.15561336278915405,0.010075,0.782546,0.759410560131073
2007/6/20 0:00,0.9142227172851562,1.562891,0.953062,1.014031171798706,0.15605327486991882,0.010024,0.784775,0.7523255944252014
2007/6/21 0:00,0.9142227172851562,1.558992,0.952082,1.014031171798706,0.15561336278915405,0.00999,0.780756,0.7523255944252014
2007/6/22 0:00,0.9237911105155945,1.562659,0.961358,1.014031171798706,0.15605327486991882,0.010088,0.784606,0.759410560131073
2007/6/23 0:00,0.9142227172851562,1.563355,0.960919,1.014031171798706,0.15605327486991882,0.010089,0.784772,0.7523255944252014
2007/6/24 0:00,0.9142227172851562,1.563355,0.960919,1.014031171798706,0.15605327486991882,0.010089,0.784772,0.7523255944252014
2007/6/25 0:00,0.9171308279037476,1.57124,0.964655,1.035351276397705,0.1609298437833786,0.010044,0.787941,0.7892589569091797
2007/6/26 0:00,0.9171308279037476,1.573849,0.966095,1.035351276397705,0.1609298437833786,0.009971,0.788746,0.7892589569091797
2007/6/27 0:00,0.9171308279037476,1.582166,0.969171,1.035351276397705,0.1609298437833786,0.01001,0.789712,0.7853372693061829
2007/6/28 0:00,0.9171308279037476,1.580853,0.968631,1.035351276397705,0.1609298437833786,0.010065,0.788715,0.7892589569091797
2007/6/29 0:00,0.9165526032447815,1.588083,0.967258,1.035351276397705,0.1609298437833786,0.010076,0.788243,0.7892589569091797
2007/6/30 0:00,0.9165526032447815,1.587554,0.966081,1.0310403108596802,0.15919312834739685,0.010065,0.787585,0.7892589569091797
2007/7/1 0:00,0.9165526032447815,1.587554,0.966081,1.0310403108596802,0.15919312834739685,0.010065,0.787585,0.7892589569091797
2007/7/2 0:00,0.925858199596405,1.590419,0.969119,1.078807,0.1612599641084671,0.010101,0.792974,0.8032440543174744
2007/7/3 0:00,0.9472994804382324,1.591039,0.971062,1.079914,0.1612599641084671,0.010076,0.794117,0.8032440543174744
2007/7/4 0:00,0.9453515410423279,1.597112,0.971402,1.083212,0.1612599641084671,0.010116,0.795387,0.8032440543174744
2007/7/5 0:00,0.9482607245445251,1.603348,0.975134,1.098581,0.1612599641084671,0.010071,0.801957,0.8115231394767761
2007/7/6 0:00,0.9453515410423279,1.602513,0.971794,1.099662,0.1612599641084671,0.010065,0.799424,0.8115231394767761
2007/7/7 0:00,0.9453515410423279,1.600551,0.970403,1.098605,0.1612599641084671,0.010067,0.798607,0.8115231394767761
2007/7/8 0:00,0.9563808441162109,1.600551,0.970403,1.098605,0.163367,0.010067,0.798607,0.8064374923706055
2007/7/9 0:00,0.9503381848335266,1.604261,0.972455,1.097984,0.162101,0.010109,0.799811,0.8064374923706055
2007/7/10 0:00,0.9563808441162109,1.601653,0.971109,1.096215,0.163372,0.010109,0.79796,0.8064374923706055
2007/7/11 0:00,0.925858199596405,1.607291,0.97004,1.099662,0.163412,0.010152,0.797435,0.8092605471611023
2007/7/12 0:00,0.925858199596405,1.602307,0.9688,1.097936,0.163412,0.010108,0.796746,0.8064374923706055
2007/7/13 0:00,0.925858199596405,1.613254,0.970097,1.104204,0.163412,0.010185,0.796258,0.8092605471611023
2007/7/14 0:00,0.9624048471450806,1.613788,0.970294,1.103875,0.163401,0.01018,0.795782,0.8092605471611023
2007/7/15 0:00,0.9624048471450806,1.613944,0.970294,1.103875,0.163401,0.010176,0.795782,0.8092605471611023
2007/7/16 0:00,0.9624048471450806,1.619695,0.971341,1.105871,0.163385,0.010168,0.797346,0.8092605471611023
2007/7/17 0:00,0.925858199596405,1.62001,0.968148,1.103826,0.163532,0.010199,0.798681,0.8092605471611023
2007/7/18 0:00,0.925858199596405,1.621324,0.96827,1.107493,0.163532,0.010258,0.800493,0.8081812262535095
2007/7/19 0:00,0.925858199596405,1.616109,0.969053,1.111618,0.163532,0.010284,0.800384,0.8081812262535095
2007/7/20 0:00,0.9534119963645935,1.603502,0.970332,1.102354,0.162866,0.010267,0.802211,0.8064374923706055
2007/7/21 0:00,0.9563808441162109,1.600948,0.971308,1.102189,0.163359,0.010257,0.802166,0.8064374923706055
2007/7/22 0:00,0.9563808441162109,1.600948,0.971308,1.102189,0.163359,0.010257,0.802166,0.8064374923706055
2007/7/23 0:00,0.9281920790672302,1.609503,0.969659,1.106195,0.163359,0.010315,0.801038,0.8092605471611023
2007/7/24 0:00,0.9446126818656921,1.607433,0.966945,1.0913708209991455,0.163345,0.010315,0.8004,0.8092605471611023
2007/7/25 0:00,0.9375899434089661,1.594299,0.961973,1.0913708209991455,0.163372,0.010281,0.799252,0.807145893573761
2007/7/26 0:00,0.9375899434089661,1.596602,0.963373,1.0913708209991455,0.163372,0.010193,0.801269,0.8064374923706055
2007/7/27 0:00,0.9375899434089661,1.593207,0.963289,1.0913708209991455,0.163506,0.010152,0.802182,0.8064374923706055
2007/7/28 0:00,0.9375899434089661,1.595558,0.965974,1.0913708209991455,0.163383,0.010145,0.802861,0.8064374923706055
2007/7/29 0:00,0.9375899434089661,1.595558,0.965974,1.0913708209991455,0.163383,0.010145,0.802861,0.8064374923706055
2007/7/30 0:00,0.9375899434089661,1.599616,0.965908,1.0913708209991455,0.163722,0.010177,0.804146,0.8087674975395203
2007/7/31 0:00,0.9375899434089661,1.597304,0.964167,1.0913708209991455,0.163506,0.010141,0.804285,0.8087674975395203
2007/8/1 0:00,0.9375899434089661,1.591976,0.966744,1.0913708209991455,0.163961,0.010119,0.802658,0.8064374923706055
2007/8/2 0:00,0.961418628692627,1.616606,0.971902,1.096885085105896,0.164015,0.010214,0.806712,0.8115905523300171
2007/8/3 0:00,0.9453023672103882,1.616763,0.972162,1.0971266031265259,0.1612599641084671,0.010223,0.807921,0.8138531446456909
2007/8/4 0:00,0.9453023672103882,1.616554,0.971987,1.0971266031265259,0.1612599641084671,0.01023,0.807174,0.8138531446456909
2007/8/5 0:00,0.9743314981460571,1.616554,0.971987,1.0708043575286865,0.1612599641084671,0.01023,0.7958215475082397,0.8115231394767761
2007/8/6 0:00,0.9743314981460571,1.614765,0.971426,1.0708043575286865,0.1612599641084671,0.010187,0.7958215475082397,0.8115231394767761
2007/8/7 0:00,0.9743314981460571,1.623693,0.972006,1.0708043575286865,0.1612599641084671,0.010201,0.7958215475082397,0.8115231394767761
2007/8/8 0:00,0.9433886408805847,1.617442,0.963558,1.0708043575286865,0.1612599641084671,0.010282,0.7958215475082397,0.8115231394767761
2007/8/9 0:00,0.9077511429786682,1.619617,0.959187,1.04109525680542,0.16036461293697357,0.010274,0.7803517580032349,0.7882654070854187
2007/8/10 0:00,0.9077511429786682,1.616462,0.957181,1.04109525680542,0.16036461293697357,0.01026,0.7803517580032349,0.7882654070854187
2007/8/11 0:00,0.9077511429786682,1.616554,0.956814,1.04109525680542,0.16036461293697357,0.010264,0.7803517580032349,0.7882654070854187
2007/8/12 0:00,0.9077511429786682,1.616554,0.956814,1.04109525680542,0.16036461293697357,0.010264,0.7803517580032349,0.7882654070854187
2007/8/13 0:00,0.9077511429786682,1.614231,0.957698,1.04109525680542,0.16036461293697357,0.010237,0.7821699380874634,0.7826207280158997
2007/8/14 0:00,0.893022358417511,1.6085833311080933,0.955557,1.0204459428787231,0.1554880440235138,0.010186,0.7575822472572327,0.7531535029411316
2007/8/15 0:00,0.8427900075912476,1.603280782699585,0.9293085932731628,0.9531345367431641,0.14677079021930695,0.010181,0.705519437789917,0.7038455605506897
2007/8/16 0:00,0.8427900075912476,1.603280782699585,0.9293085932731628,0.9531345367431641,0.14677079021930695,0.010174,0.705519437789917,0.7038455605506897
2007/8/17 0:00,0.8427900075912476,1.603280782699585,0.9293085932731628,0.9531345367431641,0.14677079021930695,0.010126,0.705519437789917,0.7038455605506897
2007/8/18 0:00,0.8427900075912476,1.603280782699585,0.9293085932731628,0.9531345367431641,0.14677079021930695,0.010132,0.705519437789917,0.7038455605506897
2007/8/19 0:00,0.8427900075912476,1.603280782699585,0.9293085932731628,0.9531345367431641,0.14677079021930695,0.010132,0.705519437789917,0.7038455605506897
2007/8/20 0:00,0.8427900075912476,1.603280782699585,0.9293085932731628,0.9531345367431641,0.14677079021930695,0.010138,0.705519437789917,0.7038455605506897
2007/8/21 0:00,0.8427900075912476,1.603280782699585,0.9293085932731628,0.9531345367431641,0.14677079021930695,0.010138,0.705519437789917,0.7038455605506897
2007/8/22 0:00,1.002753734588623,1.5708531141281128,0.9941834807395935,1.0547045469284058,0.161288321018219,0.010141,0.7909786701202393,0.838504
2007/8/23 0:00,1.002753734588623,1.5708531141281128,0.9941834807395935,1.0547045469284058,0.161288321018219,0.010146,0.7909786701202393,0.833959
2007/8/24 0:00,0.9394004940986633,1.6169883012771606,0.9403090476989746,1.1060703992843628,0.16167384386062622,0.010102,0.802214,0.825014
2007/8/25 0:00,0.9394004940986633,1.6169883012771606,0.9403090476989746,1.1060703992843628,0.16167384386062622,0.010095,0.801973,0.825287
2007/8/26 0:00,0.9394004940986633,1.6169883012771606,0.9403090476989746,1.1060703992843628,0.16167384386062622,0.010092,0.801973,0.824742
2007/8/27 0:00,0.935366,1.6169883012771606,0.9374154806137085,1.1060703992843628,0.16167384386062622,0.01008,0.800333,0.823418
2007/8/28 0:00,0.92993,1.5955215692520142,0.9374154806137085,1.0972906351089478,0.16167384386062622,0.010039,0.799099,0.821963
2007/8/29 0:00,0.932618,1.6169883012771606,0.9374154806137085,1.1060703992843628,0.16167384386062622,0.010075,0.801655,0.825968
2007/8/30 0:00,0.932053,1.6169883012771606,0.9374154806137085,1.1060703992843628,0.16167384386062622,0.010004,0.801349,0.827952
2007/8/31 0:00,0.936154,1.6169883012771606,0.9374154806137085,1.1101644039154053,0.16167384386062622,0.009977,0.802108,0.832466
2007/9/1 0:00,0.937251,1.6169883012771606,0.9374154806137085,1.1101644039154053,0.16167384386062622,0.009984,0.802266,0.832952
2007/9/2 0:00,0.936988,1.6169883012771606,0.9374154806137085,1.1101644039154053,0.16167384386062622,0.009982,0.802266,0.834272
2007/9/3 0:00,0.939761,1.6169883012771606,0.9373683929443359,1.1101644039154053,0.16167384386062622,0.009996,0.802533,0.83689
2007/9/4 0:00,0.941309,1.6169883012771606,0.9530057907104492,1.0979725122451782,0.16167384386062622,0.009986,0.803445,0.83375
2007/9/5 0:00,0.937119,1.6169883012771606,0.9374154806137085,1.1060703992843628,0.16167384386062622,0.01,0.803277,0.829703
2007/9/6 0:00,0.924727,1.605431079864502,0.9374154806137085,1.0972906351089478,0.16167384386062622,0.009905,0.800186,0.820883
2007/9/7 0:00,0.91617,1.605431079864502,0.9374154806137085,1.1067384481430054,0.16167384386062622,0.009875,0.799885,0.816593
2007/9/8 0:00,0.917389,1.605431079864502,0.9374154806137085,1.1067384481430054,0.16167384386062622,0.009876,0.800141,0.819538
2007/9/9 0:00,0.914997,1.605431079864502,0.9374154806137085,1.1067384481430054,0.16167384386062622,0.009876,0.800141,0.819538
2007/9/10 0:00,0.914746,1.5603145360946655,0.9374154806137085,1.0944217443466187,0.1612846404314041,0.009832,0.798521,0.818599
2007/9/11 0:00,0.912201,1.5603145360946655,0.9374154806137085,1.0944217443466187,0.1612846404314041,0.009862,0.797785,0.819236
2007/9/12 0:00,0.907606,1.5603145360946655,0.92207270860672,1.0944217443466187,0.1612846404314041,0.009789,0.796905,0.813074
2007/9/13 0:00,0.909215,1.5603145360946655,0.92207270860672,1.0944217443466187,0.1612846404314041,0.009778,0.796511,0.811754
2007/9/14 0:00,0.912284,1.5603145360946655,0.92207270860672,1.0944217443466187,0.1612846404314041,0.00976,0.79693,0.815328
2007/9/15 0:00,0.9256444573402405,1.5603145360946655,0.9313551187515259,1.0944217443466187,0.1612846404314041,0.009761,0.796242,0.813041
2007/9/16 0:00,0.9256444573402405,1.5603145360946655,0.9313551187515259,1.0944217443466187,0.1612846404314041,0.009761,0.796242,0.813041
2007/9/17 0:00,0.9256444573402405,1.5603145360946655,0.929349422454834,1.0928422212600708,0.1612846404314041,0.009705,0.796045,0.818297
2007/9/18 0:00,0.9321858882904053,1.5996390581130981,0.92207270860672,1.1067384481430054,0.16167384386062622,0.009776,0.79812,0.82464
2007/9/19 0:00,0.9256444573402405,1.5603145360946655,0.92207270860672,1.0944217443466187,0.1612846404314041,0.009756,0.796286,0.817261
2007/9/20 0:00,0.9270457029342651,1.5996390581130981,0.92207270860672,1.1067384481430054,0.16167384386062622,0.009821,0.797957,0.820647
2007/9/21 0:00,0.9321858882904053,1.6211057901382446,0.92207270860672,1.1139386892318726,0.16167384386062622,0.009729,0.799479,0.827335
2007/9/22 0:00,0.9321858882904053,1.6211057901382446,0.92207270860672,1.1139386892318726,0.16167384386062622,0.009717,0.800362,0.828466
2007/9/23 0:00,0.9189590215682983,1.5742533206939697,0.9276970624923706,1.1043130159378052,0.1612599641084671,0.009717,0.800362,0.8226479291915894
2007/9/24 0:00,0.9189590215682983,1.5742533206939697,0.9256913661956787,1.1043130159378052,0.1612599641084671,0.009689,0.800394,0.8226479291915894
2007/9/25 0:00,0.91529,1.5742533206939697,0.9276970624923706,1.1043130159378052,0.1612599641084671,0.009723,0.800717,0.8226479291915894
2007/9/26 0:00,0.906495,1.5742533206939697,0.9276970624923706,1.105892539024353,0.1612599641084671,0.00977,0.799108,0.8226479291915894
2007/9/27 0:00,0.892538,1.5851863622665405,0.9249049425125122,0.9912559390068054,0.15348468720912933,0.009699,0.721079409122467,0.7578533887863159
2007/9/28 0:00,0.895817,1.5851863622665405,0.9249049425125122,1.0251727104187012,0.15717609226703644,0.009685,0.7766134738922119,0.7860923409461975
2007/9/29 0:00,0.896338,1.5996233224868774,0.8911268711090088,1.0535517930984497,0.164709,0.00969,0.7788639664649963,0.7871642112731934
2007/9/30 0:00,0.896338,1.629846,0.8893967866897583,1.1211533546447754,0.164709,0.00969,0.7881290912628174,0.8032549619674683
2007/10/1 0:00,0.8967,1.631002,0.8893967866897583,1.1211533546447754,0.164684,0.009713,0.7881290912628174,0.8032549619674683
2007/10/2 0:00,0.889996,1.626003,0.8931325674057007,1.0782687664031982,0.163613,0.009743,0.7881290912628174,0.7955615520477295
2007/10/3 0:00,0.888178,1.639196,0.8893967866897583,0.9689415693283081,0.163586,0.009688,0.7350050806999207,0.8056510090827942
2007/10/4 0:00,0.886171,1.5996233224868774,0.8911268711090088,0.9742043018341064,0.164704,0.009601,0.7368232607841492,0.7808096408843994
2007/10/5 0:00,0.891981,1.5996233224868774,0.8911268711090088,1.0313166379928589,0.163492,0.00961,0.7603161334991455,0.7871642112731934
2007/10/6 0:00,0.892618,1.5619176626205444,0.8911268711090088,1.0605719089508057,0.164707,0.009608,0.789721,0.7877079248428345
2007/10/7 0:00,0.892618,1.5619176626205444,0.8911268711090088,1.0605719089508057,0.164707,0.009608,0.789721,0.7877079248428345
2007/10/8 0:00,0.893695,1.5619176626205444,0.8911268711090088,1.0605719089508057,0.163492,0.009608,0.788656,0.7871642112731934
2007/10/9 0:00,0.8921,1.5619176626205444,0.8911268711090088,1.0605719089508057,0.164718,0.009591,0.788432,0.7871642112731934
2007/10/10 0:00,0.892299,1.5619176626205444,0.8911268711090088,1.0605719089508057,0.164704,0.009578,0.788924,0.7877079248428345
2007/10/11 0:00,0.888455,1.5619176626205444,0.8911268711090088,1.0605719089508057,0.164718,0.00955,0.787954,0.7871642112731934
2007/10/12 0:00,0.888455,1.5619176626205444,0.8911268711090088,1.0605719089508057,0.164718,0.009522,0.788861,0.7877079248428345
2007/10/13 0:00,0.886525,1.5474807024002075,0.9358950257301331,1.042799949645996,0.1609298437833786,0.009509,0.787985,0.790255069732666
2007/10/14 0:00,0.886525,1.5474807024002075,0.9358950257301331,1.042799949645996,0.1609298437833786,0.009509,0.787985,0.790255069732666
2007/10/15 0:00,0.891941,1.5861783027648926,0.95331209897995,1.0394741296768188,0.15860231220722198,0.010331149213016033,0.789154,0.7826207280158997
2007/10/16 0:00,0.893136,1.5861783027648926,0.95331209897995,1.0887953042984009,0.15893243253231049,0.01012212224304676,0.792158,0.8039524555206299
2007/10/17 0:00,0.891305,1.5861783027648926,0.95331209897995,1.0887953042984009,0.15893243253231049,0.01012212224304676,0.791982,0.8039524555206299
2007/10/18 0:00,0.892339,1.5861783027648926,0.95331209897995,1.0394741296768188,0.15860231220722198,0.010331149213016033,0.789665,0.7826207280158997
2007/10/19 0:00,0.897787,1.5861783027648926,0.95331209897995,1.0394741296768188,0.15860231220722198,0.010331149213016033,0.789765,0.7826207280158997
2007/10/20 0:00,0.893855,1.5861783027648926,0.95331209897995,1.0394741296768188,0.15860231220722198,0.010331149213016033,0.789219,0.7826207280158997
2007/10/21 0:00,0.893855,1.5861783027648926,0.95331209897995,1.0394741296768188,0.15860231220722198,0.010331149213016033,0.789219,0.7826207280158997
2007/10/22 0:00,0.895456,1.5861783027648926,0.95331209897995,1.0394741296768188,0.15860231220722198,0.010331149213016033,0.788762,0.7826207280158997
2007/10/23 0:00,0.891981,1.5861783027648926,0.95331209897995,1.0310403108596802,0.15686559677124023,0.010203992947936058,0.786513,0.7752418518066406
2007/10/24 0:00,0.890908,1.5861783027648926,0.95331209897995,1.0310403108596802,0.15686559677124023,0.010203992947936058,0.786513,0.7752418518066406
2007/10/25 0:00,0.888573,1.5861783027648926,0.95331209897995,1.0310403108596802,0.15686559677124023,0.010203992947936058,0.786671,0.7752418518066406
2007/10/26 0:00,0.898029,1.6081748008728027,0.9432432651519775,1.0064047574996948,0.15226022899150848,0.012008358724415302,0.7473726868629456,0.7233712077140808
2007/10/27 0:00,0.891782,1.5851863622665405,0.9249049425125122,0.9912559390068054,0.15348468720912933,0.009601,0.721079409122467,0.7578533887863159
2007/10/28 0:00,0.899726,1.5851863622665405,0.9249049425125122,1.0251727104187012,0.15717609226703644,0.009601,0.7766134738922119,0.7860923409461975
2007/10/29 0:00,0.9051,1.5742533206939697,0.9249049425125122,1.0251727104187012,0.15717609226703644,0.009677,0.7766134738922119,0.7860923409461975
2007/10/30 0:00,0.897666,1.5996233224868774,0.8911268711090088,1.0535517930984497,0.164101,0.00963,0.7788639664649963,0.7871642112731934
2007/10/31 0:00,0.892459,1.5825858116149902,0.9343611001968384,1.017275333404541,0.165536,0.009774038568139076,0.7804796099662781,0.7871642112731934
2007/11/1 0:00,0.880165,1.5825858116149902,0.9343611001968384,0.9742043018341064,0.163834,0.009774038568139076,0.7385546565055847,0.7813085913658142
2007/11/2 0:00,0.878156,1.5825858116149902,0.9343611001968384,0.9742043018341064,0.163881,0.009774038568139076,0.7385546565055847,0.7813085913658142
2007/11/3 0:00,0.87831,1.5825858116149902,0.9343611001968384,0.9742043018341064,0.165281,0.009774038568139076,0.7385546565055847,0.7813085913658142
2007/11/4 0:00,0.87831,1.5825858116149902,0.9343611001968384,0.9742043018341064,0.165281,0.009774038568139076,0.7385546565055847,0.7813085913658142
2007/11/5 0:00,0.879933,1.5825858116149902,0.9343611001968384,0.9742043018341064,0.165213,0.009774038568139076,0.7385546565055847,0.7813085913658142
2007/11/6 0:00,0.880398,1.5825858116149902,0.9343611001968384,0.9742043018341064,0.165317,0.009774038568139076,0.7385546565055847,0.7813085913658142
2007/11/7 0:00,0.884408,1.5825858116149902,0.9343611001968384,0.9742043018341064,0.163741,0.009774038568139076,0.7385546565055847,0.7813085913658142
2007/11/8 0:00,0.877193,1.5825858116149902,0.9343611001968384,0.9742043018341064,0.16524,0.009774038568139076,0.7385546565055847,0.7813085913658142
2007/11/9 0:00,0.871004,1.5825858116149902,0.9241926670074463,0.9742043018341064,0.163869,0.00957468617707491,0.7385546565055847,0.772954523563385
2007/11/10 0:00,0.868395,1.5825858116149902,0.9241926670074463,0.9696813821792603,0.165319,0.00957468617707491,0.7385546565055847,0.773068904876709
2007/11/11 0:00,0.8470590114593506,1.5825858116149902,0.9180935621261597,0.9696813821792603,0.165319,0.00920685101300478,0.7404592037200928,0.7540481090545654
2007/11/12 0:00,0.8949543833732605,1.5825858116149902,0.9343611001968384,1.0395104885101318,0.163867,0.009847699664533138,0.7826234698295593,0.7871642112731934
2007/11/13 0:00,0.8949543833732605,1.5825858116149902,0.9343611001968384,1.0395104885101318,0.163814,0.009847699664533138,0.7826234698295593,0.7871642112731934
2007/11/14 0:00,0.8949543833732605,1.5825858116149902,0.9343611001968384,1.0395104885101318,0.163814,0.009847699664533138,0.7826234698295593,0.7871642112731934
2007/11/15 0:00,0.8709954619407654,1.5825858116149902,0.9241926670074463,0.9742043018341064,0.164989,0.00957468617707491,0.7385546565055847,0.772954523563385
2007/11/16 0:00,0.8709954619407654,1.5825858116149902,0.9241926670074463,0.9742043018341064,0.164989,0.00957468617707491,0.7385546565055847,0.772954523563385
2007/11/17 0:00,0.8709954619407654,1.5825858116149902,0.9241926670074463,0.9742043018341064,0.164989,0.00957468617707491,0.7385546565055847,0.772954523563385
2007/11/18 0:00,0.8709954619407654,1.5825858116149902,0.9241926670074463,0.9742043018341064,0.164989,0.00957468617707491,0.7385546565055847,0.772954523563385
2007/11/19 0:00,0.8949543833732605,1.5825858116149902,0.9343611001968384,1.0395104885101318,0.163773,0.009847699664533138,0.7826234698295593,0.7871642112731934
2007/11/20 0:00,0.8709954619407654,1.5825858116149902,0.9241926670074463,0.9742043018341064,0.164976,0.00957468617707491,0.7385546565055847,0.772954523563385
2007/11/21 0:00,0.9463005065917969,1.6600139141082764,0.9527730941772461,1.110182523727417,0.164962,0.010085529647767544,0.7975549101829529,0.820378
2007/11/22 0:00,0.9463005065917969,1.6600139141082764,0.9527730941772461,1.110182523727417,0.164976,0.010085529647767544,0.7975549101829529,0.82713
2007/11/23 0:00,0.9463005065917969,1.6600139141082764,0.9527730941772461,1.110182523727417,0.164921,0.010085529647767544,0.7975549101829529,0.828054
2007/11/24 0:00,0.895696,1.6484566926956177,0.9167107939720154,1.1071120500564575,0.164924,0.009615667164325714,0.7912848591804504,0.829635
2007/11/25 0:00,0.895696,1.6484566926956177,0.9167107939720154,1.1071120500564575,0.164924,0.009615667164325714,0.7912848591804504,0.829635
2007/11/26 0:00,0.894174,1.6484566926956177,0.9167107939720154,1.1071120500564575,0.165003,0.009615667164325714,0.7912848591804504,0.827438
2007/11/27 0:00,0.904364,1.6484566926956177,0.9167107939720154,1.1071120500564575,0.165003,0.009615667164325714,0.7912848591804504,0.833681
2007/11/28 0:00,0.902812,1.6750187873840332,0.888478696346283,1.0526546239852905,0.164969,0.009759,0.7719752192497253,0.831739
2007/11/29 0:00,0.897747,1.6750187873840332,0.888478696346283,1.0526546239852905,0.164944,0.009785,0.7719752192497253,0.83375
2007/11/30 0:00,0.90212,1.6750187873840332,0.888478696346283,1.0526546239852905,0.164929,0.00982,0.7719752192497253,0.836575
2007/12/1 0:00,0.903669,1.5886902809143066,0.8931325674057007,1.0535517930984497,0.164829,0.009823,0.7788639664649963,0.7871642112731934
2007/12/2 0:00,0.903669,1.5886902809143066,0.8931325674057007,1.0535517930984497,0.164829,0.009823,0.7788639664649963,0.7871642112731934
2007/12/3 0:00,0.903204,1.5996233224868774,0.8931325674057007,1.0535517930984497,0.164905,0.009814,0.7788639664649963,0.7871642112731934
2007/12/4 0:00,0.90371,1.5886902809143066,0.8931325674057007,1.0535517930984497,0.164799,0.009771,0.7788639664649963,0.7871642112731934
2007/12/5 0:00,0.903138,1.5996233224868774,0.8931325674057007,1.0535517930984497,0.164813,0.00977,0.7788639664649963,0.7871642112731934
2007/12/6 0:00,0.898311,1.5996233224868774,0.8931325674057007,1.0535517930984497,0.164345,0.009772,0.7788639664649963,0.7871642112731934
2007/12/7 0:00,0.895937,1.662662,0.8893967866897583,1.1211533546447754,0.164163,0.009733,0.7881290912628174,0.8286651372909546
2007/12/8 0:00,0.897706,1.661751,0.8893967866897583,1.1211533546447754,0.164163,0.009755,0.7881290912628174,0.8286651372909546
2007/12/9 0:00,0.897706,1.661751,0.8893967866897583,1.1211533546447754,0.164163,0.009755,0.7881290912628174,0.8286651372909546
2007/12/10 0:00,0.904037,1.663935,0.8893967866897583,1.1211533546447754,0.164163,0.00976,0.7881290912628174,0.8286651372909546
2007/12/11 0:00,0.902649,1.669156,0.8893967866897583,1.1211533546447754,0.163975,0.009786,0.7881290912628174,0.8322190642356873
2007/12/12 0:00,0.895736,1.66435,0.8893967866897583,1.1211533546447754,0.163279,0.00977,0.7881290912628174,0.8322190642356873
2007/12/13 0:00,0.895696,1.668196,0.8893967866897583,1.126215,0.163279,0.009789,0.7881290912628174,0.8322190642356873
2007/12/14 0:00,0.893695,1.674369,0.8893967866897583,1.134945,0.162721,0.009793,0.7881290912628174,0.8353099226951599
2007/12/15 0:00,0.892897,1.674453,0.8893967866897583,1.136616,0.162731,0.009823,0.7881290912628174,0.8353099226951599
2007/12/16 0:00,0.892897,1.674453,0.8893967866897583,1.136616,0.162731,0.009823,0.7881290912628174,0.8353099226951599
2007/12/17 0:00,0.892698,1.671835,0.9233250021934509,1.135119,0.162707,0.009864,0.7918885946273804,0.8598341941833496
2007/12/18 0:00,0.893815,1.665848,0.8893967866897583,1.127199,0.162784,0.009787,0.7881290912628174,0.8353099226951599
2007/12/19 0:00,0.89819,1.672451,0.8893967866897583,1.12678,0.162787,0.009769,0.7881290912628174,0.8353099226951599
2007/12/20 0:00,0.909298,1.673752,0.8915992975234985,1.134687,0.163159,0.009705,0.7881290912628174,0.8286651372909546
2007/12/21 0:00,0.907359,1.672604,0.8893967866897583,1.138278,0.163199,0.009676,0.7881290912628174,0.8286651372909546
2007/12/22 0:00,0.906988,1.671444,0.8893967866897583,1.139121,0.163236,0.009683,0.7881290912628174,0.8286651372909546
2007/12/23 0:00,0.906906,1.671444,0.8893967866897583,1.139121,0.163236,0.009683,0.7881290912628174,0.8286651372909546
2007/12/24 0:00,0.902079,1.664669,0.8893967866897583,1.138887,0.162981,0.009684,0.7881290912628174,0.8317559957504272
2007/12/25 0:00,0.900584,1.662524,0.8893967866897583,1.138563,0.16286,0.0097,0.7881290912628174,0.8317559957504272
2007/12/26 0:00,0.897908,1.662331,0.8893967866897583,1.143864,0.162734,0.009735,0.7881290912628174,0.8317559957504272
2007/12/27 0:00,0.904691,1.665542,0.8893967866897583,1.146257,0.162721,0.009824,0.7881290912628174,0.8353099226951599
2007/12/28 0:00,0.903506,1.662054,0.9233250021934509,1.147256,0.16292,0.009858,0.7918885946273804,0.8533062934875488
2007/12/29 0:00,0.903098,1.664752,0.9233250021934509,1.146526,0.162594,0.009866,0.7918885946273804,0.8533062934875488
2007/12/30 0:00,0.903098,1.664752,0.9233250021934509,1.146526,0.162594,0.009866,0.7918885946273804,0.8533062934875488
2007/12/31 0:00,0.909132,1.664143,0.9255275130271912,1.145751,0.163106,0.009841,0.7918885946273804,0.8533062934875488
2008/1/1 0:00,0.913159,1.657427,0.9255275130271912,1.143596,0.16146,0.009866,0.7918885946273804,0.8533062934875488
2008/1/2 0:00,0.911868,1.663921,0.9255275130271912,1.143694,0.161394,0.009845,0.7918885946273804,0.8533062934875488
2008/1/3 0:00,0.904773,1.651637,0.8893967866897583,1.132144,0.160578,0.009762,0.7881290912628174,0.8317559957504272
2008/1/4 0:00,0.909174,1.648709,0.8915992975234985,1.132708,0.160581,0.009775,0.7881290912628174,0.8257920742034912
2008/1/5 0:00,0.908306,1.648655,0.8915992975234985,1.132708,0.16064,0.009779,0.7881290912628174,0.8257920742034912
2008/1/6 0:00,0.908306,1.648655,0.8915992975234985,1.132708,0.16064,0.009779,0.7881290912628174,0.8257920742034912
2008/1/7 0:00,0.911785,1.649104,0.8915992975234985,1.131036,0.160581,0.009785,0.7881290912628174,0.8353099226951599
2008/1/8 0:00,0.915039,1.65165,0.8915992975234985,1.130825,0.16144,0.009778,0.7909212112426758,0.8512650728225708
2008/1/9 0:00,0.922382,1.655862,0.8915992975234985,1.129305,0.16197,0.009769,0.7932412624359131,0.8512650728225708
2008/1/10 0:00,0.925412,1.661861,0.8915992975234985,1.128643,0.160875,0.009791,0.79088,0.8512650728225708
2008/1/11 0:00,0.924129,1.663658,0.8915992975234985,1.126888,0.160875,0.00972,0.794246,0.8477111458778381
2008/1/12 0:00,0.924684,1.66435,0.8915992975234985,1.127949,0.160974,0.009726,0.794565,0.8477111458778381
2008/1/13 0:00,0.924684,1.66435,0.8915992975234985,1.127949,0.160974,0.009726,0.794565,0.8477111458778381
2008/1/14 0:00,0.92687,1.667389,0.8915992975234985,1.130288,0.16081,0.009702,0.79477,0.8542390465736389
2008/1/15 0:00,0.924684,1.663631,0.8915992975234985,1.132464,0.161147,0.00966,0.794237,0.8477111458778381
2008/1/16 0:00,0.923916,1.663022,0.8915992975234985,1.127434,0.161142,0.009636,0.792073,0.8477111458778381
2008/1/17 0:00,0.922084,1.65865,0.8915992975234985,1.12163,0.161012,0.009621,0.791399,0.8477111458778381
2008/1/18 0:00,0.928505,1.657646,0.8915992975234985,1.121114,0.16094,0.009679,0.794101,0.8477111458778381
2008/1/19 0:00,0.928376,1.657949,0.8915992975234985,1.120574,0.160971,0.009682,0.794508,0.8477111458778381
2008/1/20 0:00,0.929411,1.657949,0.8915992975234985,1.121453,0.160971,0.009682,0.794508,0.8477111458778381
2008/1/21 0:00,0.926055,1.660647,0.8915992975234985,1.126335,0.161031,0.009702,0.793707,0.8477111458778381
2008/1/22 0:00,0.935804,1.674439,0.8915992975234985,1.132035,0.160979,0.009813,0.798136,0.861379086971283
2008/1/23 0:00,0.934973,1.673458,0.8906812071800232,1.133144,0.161368,0.009802,0.801475,0.865164
2008/1/24 0:00,0.942196,1.678556,0.9253027439117432,1.140862,0.161264,0.009851,0.801211,0.869679
2008/1/25 0:00,0.939673,1.674467,0.9194011688232422,1.14319,0.161005,0.009846,0.801298,0.868093
2008/1/26 0:00,0.939452,1.673346,0.9194011688232422,1.141748,0.160994,0.009838,0.801022,0.86915
2008/1/27 0:00,0.939496,1.673346,0.9194011688232422,1.141748,0.160994,0.009838,0.801022,0.86915
2008/1/28 0:00,0.941531,1.67259,0.9063355326652527,1.137482,0.160798,0.009828,0.798467,0.867679
2008/1/29 0:00,0.934885,1.672353,0.9226309657096863,1.136067,0.160765,0.009829,0.797986,0.8674683570861816
2008/1/30 0:00,0.937734,1.679642,0.8898172974586487,1.134514,0.160746,0.009779,0.799626,0.861379086971283
2008/1/31 0:00,0.933358,1.679529,0.8915992975234985,1.133189,0.160798,0.009763,0.798917,0.861379086971283
2008/2/1 0:00,0.933315,1.67874,0.9164952039718628,1.132189,0.160378,0.009765,0.798282,0.861379086971283
2008/2/2 0:00,0.932749,1.679346,0.8915992975234985,1.132182,0.160795,0.009766,0.798327,0.861379086971283
2008/2/3 0:00,0.932879,1.679346,0.8915992975234985,1.132182,0.160795,0.009766,0.798327,0.861379086971283
2008/2/4 0:00,0.933576,1.679769,0.9164952039718628,1.130007,0.160449,0.009749,0.798324,0.8578251600265503
2008/2/5 0:00,0.936549,1.682949,0.9164952039718628,1.129944,0.160269,0.009744,0.795928,0.8578251600265503
2008/2/6 0:00,0.92829,1.677107,0.9164952039718628,1.132573,0.160308,0.009773,0.795957,0.861379086971283
2008/2/7 0:00,0.925583,1.679741,0.9164952039718628,1.134102,0.160179,0.009778,0.79466,0.8577929735183716
2008/2/8 0:00,0.926784,1.679924,0.9176604151725769,1.134996,0.159987,0.009789,0.795779,0.8654271364212036
2008/2/9 0:00,0.92687,1.679896,0.9176604151725769,1.134514,0.159905,0.009786,0.795776,0.8654271364212036
2008/2/10 0:00,0.92687,1.680545,0.9176604151725769,1.134893,0.159905,0.009785,0.795776,0.8654271364212036
2008/2/11 0:00,0.924813,1.680743,0.9176604151725769,1.136396,0.159898,0.009769,0.795589,0.8654271364212036
2008/2/12 0:00,0.926999,1.682539,0.9176604151725769,1.130953,0.159885,0.00975,0.796464,0.861873209476471
2008/2/13 0:00,0.927601,1.687393,0.9239087104797363,1.135654,0.159744,0.009791,0.796648,0.8654271364212036
2008/2/14 0:00,0.927429,1.689417,0.9176604151725769,1.137165,0.15976,0.009779,0.798422,0.8654271364212036
2008/2/15 0:00,0.926398,1.686952,0.9176604151725769,1.139328,0.159757,0.00978,0.797747,0.8654271364212036
2008/2/16 0:00,1.07776,1.687522,0.9978182911872864,1.138848,0.15976,0.009784,0.798065,0.8258950710296631
2008/2/17 0:00,0.927687,1.686654,0.9176604151725769,1.138848,0.15976,0.009785,0.798065,0.8654271364212036
2008/2/18 0:00,0.927558,1.687038,0.9239087104797363,1.139556,0.159751,0.009795,0.799824,0.8654271364212036
2008/2/19 0:00,0.936373,1.698355,0.9226309657096863,1.144492,0.160617,0.009847,0.801831,0.8674683570861816
2008/2/20 0:00,0.93423,1.69595,0.9226309657096863,1.141683,0.160403,0.009832,0.8009,0.8674683570861816
2008/2/21 0:00,0.938571,1.693566,0.9208489656448364,1.137223,0.160565,0.00985,0.802291,0.8674683570861816
2008/2/22 0:00,0.935673,1.684963,0.8915992975234985,1.127777,0.160565,0.009822,0.800974,0.861379086971283
2008/2/23 0:00,0.936505,1.685346,0.8915992975234985,1.128426,0.160573,0.009817,0.800891,0.861379086971283
2008/2/24 0:00,0.936505,1.685346,0.8915992975234985,1.128426,0.160573,0.009817,0.800891,0.861379086971283
2008/2/25 0:00,0.936461,1.686853,0.9164952039718628,1.126323,0.160333,0.00979,0.799725,0.861379086971283
2008/2/26 0:00,0.934929,1.682539,0.9164952039718628,1.122927,0.160527,0.009775,0.798394,0.861379086971283
2008/2/27 0:00,0.93813,1.659883737564087,0.919481,1.123255,0.160527,0.009822,0.799907,0.8588992357254028
2008/2/28 0:00,0.934667,1.659883737564087,0.91878,1.123867,0.160539,0.009857,0.798531,0.8609404563903809
2008/2/29 0:00,0.936593,1.631629228591919,0.920001,1.121189,0.160378,0.009826546534895897,0.799469,0.835851788520813
2008/3/1 0:00,0.93633,1.631629228591919,0.920696,1.120247,0.160424,0.009826546534895897,0.799456,0.835851788520813
2008/3/2 0:00,0.93633,1.631629228591919,0.920696,1.120323,0.160424,0.009826546534895897,0.799456,0.835851788520813
2008/3/3 0:00,0.933532,1.631629228591919,0.919625,1.121497,0.160276,0.009826546534895897,0.800266,0.835851788520813
2008/3/4 0:00,0.924684,1.6197476387023926,0.916876,1.120762,0.160276,0.009826546534895897,0.798429,0.8416430354118347
2008/3/5 0:00,0.921999,1.6028043031692505,0.914716,1.117356,0.160333,0.009826546534895897,0.798397,0.8375949859619141
2008/3/6 0:00,0.921829,1.6028043031692505,0.917987,1.117306,0.160424,0.009826546534895897,0.798486,0.8416430354118347
2008/3/7 0:00,0.923745,1.6146858930587769,0.92023,1.116695,0.160424,0.009826546534895897,0.798515,0.8416430354118347
2008/3/8 0:00,0.923105,1.6138548851013184,0.920416,1.116321,0.160344,0.009826546534895897,0.7952693700790405,0.824491024017334
2008/3/9 0:00,0.9387693405151367,1.6138548851013184,0.920416,1.116321,0.160344,0.009826546534895897,0.7967495918273926,0.8416430354118347
2008/3/10 0:00,0.9387693405151367,1.6138548851013184,0.92109,1.117774,0.160269,0.009826546534895897,0.7967495918273926,0.8416430354118347
2008/3/11 0:00,0.9387693405151367,1.6138548851013184,0.919921,1.113697,0.160051,0.009826546534895897,0.7967495918273926,0.8416430354118347
2008/3/12 0:00,0.9387693405151367,1.6138548851013184,0.919004,1.113177,0.159898,0.009826546534895897,0.7967495918273926,0.8416430354118347
2008/3/13 0:00,0.9387693405151367,1.6138548851013184,0.922199,1.114014,0.160308,0.009826546534895897,0.7967495918273926,0.8416430354118347
2008/3/14 0:00,0.9207090735435486,1.6190367937088013,0.921888,1.11818,0.159987,0.009826546534895897,0.7954860329627991,0.849329
2008/3/15 0:00,0.9255155324935913,1.5835423469543457,0.922024,1.116757,0.160054,0.009826546534895897,0.797245,0.849618
2008/3/16 0:00,0.9255155324935913,1.5835423469543457,0.922024,1.116757,0.160054,0.009826546534895897,0.797245,0.849618
2008/3/17 0:00,0.9197322130203247,1.5835423469543457,0.917263,1.11291,0.160102,0.009826546534895897,0.795776,0.845059
2008/3/18 0:00,0.9255155324935913,1.5835423469543457,0.916271,1.115567,0.159859,0.009747006930410862,0.796067,0.842637
2008/3/19 0:00,0.9197322130203247,1.5835423469543457,0.914185,1.115032,0.159859,0.009747006930410862,0.795254,0.841361
2008/3/20 0:00,0.9255155324935913,1.6004856824874878,0.915047,1.121881,0.159878,0.009826546534895897,0.797502,0.850557
2008/3/21 0:00,0.9350366592407227,1.6395678520202637,0.914662,1.118844,0.159962,0.009826546534895897,0.79899,0.850123
2008/3/22 0:00,0.9270418882369995,1.6565111875534058,0.914938,1.119251,0.159987,0.00977216474711895,0.798843,0.850051
2008/3/23 0:00,0.9270418882369995,1.6565111875534058,0.914938,1.119251,0.159987,0.00977216474711895,0.798843,0.850051
2008/3/24 0:00,0.9350366592407227,1.6610345840454102,0.916393,1.113865,0.159955,0.00977216474711895,0.799834,0.84886
2008/3/25 0:00,0.9647082090377808,1.6529455184936523,0.915835,1.111019,0.159955,0.009871996007859707,0.800118,0.8511
2008/3/26 0:00,0.9647082090377808,1.6529455184936523,0.919879,1.111537,0.160565,0.009848910383880138,0.799747,0.855871
2008/3/27 0:00,0.9350366592407227,1.6610345840454102,0.921128,1.114045,0.160643,0.009749079123139381,0.801089,0.867905
2008/3/28 0:00,0.9647082090377808,1.6529455184936523,0.92081,1.110692,0.160813,0.009778217412531376,0.799808,0.866476
2008/3/29 0:00,0.956433892250061,1.6395678520202637,0.921065,1.110741,0.161044,0.009778217412531376,0.799338,0.866363
2008/3/30 0:00,0.956433892250061,1.6395678520202637,0.921065,1.110389,0.161044,0.009778217412531376,0.799338,0.866363
2008/3/31 0:00,0.9350366592407227,1.6610345840454102,0.921328,1.114144,0.160559,0.00977216474711895,0.799607,0.867227
2008/4/1 0:00,0.9549075365066528,1.6918572187423706,0.920437,1.111074,0.1593463122844696,0.009802261367440224,0.797324,0.865014
2008/4/2 0:00,0.9270418882369995,1.659294605255127,0.919709,1.11415,0.1593463122844696,0.00977216474711895,0.798754,0.868432
2008/4/3 0:00,0.9350366592407227,1.713323950767517,0.92412,1.118143,0.15348240733146667,0.009762301109731197,0.799808,0.870777
2008/4/4 0:00,0.9350366592407227,1.713323950767517,0.929891,1.116451,0.15348240733146667,0.009762301109731197,0.800061,0.869641
2008/4/5 0:00,0.9350366592407227,1.713323950767517,0.929558,1.11715,0.15348240733146667,0.009762301109731197,0.800673,0.869754
2008/4/6 0:00,0.9350366592407227,1.713323950767517,0.929558,1.11715,0.15348240733146667,0.009762301109731197,0.800673,0.869754
2008/4/7 0:00,0.9350366592407227,1.713323950767517,0.931945,1.118137,0.15348240733146667,0.009762301109731197,0.800711,0.87108
2008/4/8 0:00,0.9350366592407227,1.713323950767517,0.931129,1.117518,0.15348240733146667,0.009762301109731197,0.800641,0.868697
2008/4/9 0:00,0.9350366592407227,1.713323950767517,0.932644,1.120825,0.15348240733146667,0.009762301109731197,0.79984,0.873248
2008/4/10 0:00,0.9230359792709351,1.6371692419052124,0.935493,1.119376,0.16167384386062622,0.009834,0.800362,0.876962
2008/4/11 0:00,0.9230359792709351,1.6371692419052124,0.937647,1.122013,0.16167384386062622,0.009864,0.800307,0.87677
2008/4/12 0:00,0.9230359792709351,1.6371692419052124,0.937576,1.122334,0.16167384386062622,0.009861,0.800083,0.877732
2008/4/13 0:00,0.927095890045166,1.703505,0.937576,1.122334,0.16167384386062622,0.009861,0.800083,0.877732
2008/4/14 0:00,0.927095890045166,1.710542,0.937339,1.127351,0.15632423758506775,0.009874,0.802066,0.875197
2008/4/15 0:00,0.927095890045166,1.716075,0.940278,1.127714,0.15560398995876312,0.009849,0.802813,0.878002
2008/4/16 0:00,0.9390965700149536,1.715854,0.937501,1.124638,0.15310890972614288,0.010823491960763931,0.801446,0.876539
2008/4/17 0:00,0.935148,1.715295,0.940813,1.119188,0.15310890972614288,0.010823491960763931,0.801777,0.875388
2008/4/18 0:00,0.936417,1.716208,0.938734,1.118137,0.15310890972614288,0.010823491960763931,0.802542,0.874317
2008/4/19 0:00,0.936724,1.715943,0.938861,1.118074,0.15310890972614288,0.010823491960763931,0.80271,0.873935
2008/4/20 0:00,0.93633,1.715943,0.938861,1.118074,0.15310890972614288,0.010823491960763931,0.80271,0.873935
2008/4/21 0:00,0.937163,1.713341,0.937036,1.119319,0.15348240733146667,0.010823491960763931,0.802401,0.876463
2008/4/22 0:00,0.940203,1.712974,0.936812,1.1119786500930786,0.15348240733146667,0.010722775012254715,0.804635,0.879121
2008/4/23 0:00,0.939408,1.712153,0.938254,1.1119786500930786,0.15348240733146667,0.010722775012254715,0.805302,0.880049
2008/4/24 0:00,0.93932,1.713135,0.93832,1.1119786500930786,0.15348240733146667,0.010722775012254715,0.805373,0.882379
2008/4/25 0:00,0.938262,1.711347,0.93201,1.1119786500930786,0.15348240733146667,0.009762301109731197,0.80588,0.881057
2008/4/26 0:00,0.939099,1.711552,0.931589,1.1119786500930786,0.15348240733146667,0.009762301109731197,0.805867,0.881057
2008/4/27 0:00,0.939099,1.711552,0.931589,1.1119786500930786,0.15348240733146667,0.009762301109731197,0.805867,0.881057
2008/4/28 0:00,0.938879,1.707461,0.933489,1.1119786500930786,0.15348240733146667,0.009762301109731197,0.805477,0.879701
2008/4/29 0:00,0.93668,1.71456,0.929588,1.1119786500930786,0.15348240733146667,0.009762301109731197,0.804263,0.876463
2008/4/30 0:00,0.936461,1.713253,0.930613,1.1119786500930786,0.15348240733146667,0.009762301109731197,0.804644,0.870928
2008/5/1 0:00,0.93813,1.710659,0.931016,1.1119786500930786,0.15348240733146667,0.009762301109731197,0.804832,0.869981
2008/5/2 0:00,0.939629,1.708657,0.931315,1.1119786500930786,0.15348240733146667,0.009762301109731197,0.805958,0.868923
2008/5/3 0:00,0.939276,1.708847,0.931532,1.1119786500930786,0.15348240733146667,0.009762301109731197,0.805876,0.868998
2008/5/4 0:00,0.93932,1.708847,0.931532,1.1119786500930786,0.15348240733146667,0.009762301109731197,0.805876,0.869943
2008/5/5 0:00,0.937603,1.706659,0.931793,1.1119786500930786,0.15348240733146667,0.009762301109731197,0.806725,0.868998
2008/5/6 0:00,0.93932,1.705975,0.931246,1.1119786500930786,0.1593463122844696,0.009756811894476414,0.806715,0.866401
2008/5/7 0:00,0.945001,1.703737,0.931736,1.1119786500930786,0.1593463122844696,0.009802261367440224,0.808398,0.868583
2008/5/8 0:00,0.941487,1.698846,0.93028,1.1119786500930786,0.1593463122844696,0.009756811894476414,0.806032,0.858406
2008/5/9 0:00,0.940115,1.697346,0.925091,1.0053379535675049,0.15663164854049683,0.00982751976698637,0.7278701663017273,0.855139
2008/5/10 0:00,0.939541,1.697649,0.924411,1.0053379535675049,0.15663164854049683,0.00982751976698637,0.7278701663017273,0.855322
2008/5/11 0:00,0.939585,1.697649,0.924411,1.0053379535675049,0.15663164854049683,0.00982751976698637,0.7278701663017273,0.855322
2008/5/12 0:00,0.940999,1.698802,0.925446,1.0053379535675049,0.15663164854049683,0.00982751976698637,0.7278701663017273,0.854847
2008/5/13 0:00,0.938659,1.694642,0.921939,1.0053379535675049,0.15663164854049683,0.00982751976698637,0.725350022315979,0.850376
2008/5/14 0:00,0.931966,1.690588,0.916969,1.0053379535675049,0.15663164854049683,0.00982751976698637,0.7265551686286926,0.84832
2008/5/15 0:00,0.930362,1.689189,0.918497,1.0053379535675049,0.15663164854049683,0.00982751976698637,0.7265551686286926,0.849473
2008/5/16 0:00,0.931272,1.683445,0.916376,1.0053379535675049,0.15663164854049683,0.00982751976698637,0.7265551686286926,0.851209
2008/5/17 0:00,0.931142,1.6848677396774292,0.915931,1.0053379535675049,0.15663164854049683,0.00982751976698637,0.7265551686286926,0.851825
2008/5/18 0:00,0.931142,1.6848677396774292,0.915931,1.0053379535675049,0.15663164854049683,0.00982751976698637,0.7265551686286926,0.851825
2008/5/19 0:00,0.933097,1.6848677396774292,0.916636,1.0053379535675049,0.15663164854049683,0.00982751976698637,0.725350022315979,0.852551
2008/5/20 0:00,0.929627,1.6848677396774292,0.912101,1.0053379535675049,0.15663164854049683,0.00982751976698637,0.7265551686286926,0.846059
2008/5/21 0:00,0.934885,1.6848677396774292,0.915667,1.0053379535675049,0.15663164854049683,0.00982751976698637,0.725350022315979,0.847458
2008/5/22 0:00,0.927515,1.683388,0.915386,1.0053379535675049,0.15663164854049683,0.00982751976698637,0.7265551686286926,0.84832
2008/5/23 0:00,0.927687,1.677965,0.911369,1.0053379535675049,0.15663164854049683,0.00989216472953558,0.7265551686286926,0.846883
2008/5/24 0:00,0.927773,1.677501,0.911452,1.0053379535675049,0.15663164854049683,0.00989216472953558,0.7265551686286926,0.846167
2008/5/25 0:00,0.927773,1.677346,0.911452,1.0053379535675049,0.15663164854049683,0.00989216472953558,0.7265551686286926,0.846274
2008/5/26 0:00,0.926012,1.678655,0.915089,1.0053379535675049,0.15663164854049683,0.00989216472953558,0.7265551686286926,0.845845
2008/5/27 0:00,0.927171,1.681266,0.913709,1.0053379535675049,0.15663164854049683,0.009747980162501335,0.7265551686286926,0.843668
2008/5/28 0:00,0.930665,1.669282,0.915302,1.0738365650177002,0.1593463122844696,0.00977216474711895,0.7966368794441223,0.846131
2008/5/29 0:00,0.931402,1.66846,0.916964,1.0800806283950806,0.16167384386062622,0.009759,0.7966368794441223,0.848284
2008/5/30 0:00,0.931402,1.66924,0.91808,1.0800806283950806,0.16167384386062622,0.009774,0.7966368794441223,0.848644
2008/5/31 0:00,0.932401,1.669505,0.917389,1.0800806283950806,0.16167384386062622,0.009768,0.7966368794441223,0.849401
2008/6/1 0:00,0.932401,1.669449,0.917389,1.0800806283950806,0.16167384386062622,0.009768,0.7966368794441223,0.848572
2008/6/2 0:00,0.932705,1.6735,0.918485,1.0800806283950806,0.16167384386062622,0.009748,0.7975549101829529,0.847673
2008/6/3 0:00,0.930665,1.661626,0.913572,1.0800806283950806,0.16167384386062622,0.009721,0.7966368794441223,0.843028
2008/6/4 0:00,0.931099,1.662552,0.912863,1.0800806283950806,0.16167384386062622,0.009674,0.7966368794441223,0.840654
2008/6/5 0:00,0.930319,1.65876,0.913517,1.0800806283950806,0.16167384386062622,0.009638,0.7966368794441223,0.84076
2008/6/6 0:00,0.931446,1.658059,0.913943,1.0800806283950806,0.16167384386062622,0.009621,0.7966368794441223,0.840089
2008/6/7 0:00,0.931055,1.657262,0.913601,1.0800806283950806,0.16167384386062622,0.00962,0.7966368794441223,0.840937
2008/6/8 0:00,0.929843,1.658059,0.910722,1.0800806283950806,0.16167384386062622,0.009618,0.7954709529876709,0.835003
2008/6/9 0:00,0.930579,1.654944,0.91285,1.0800806283950806,0.16167384386062622,0.009603,0.7966368794441223,0.83257
2008/6/10 0:00,0.933707,1.658141,0.92154,1.0800806283950806,0.16167384386062622,0.009621,0.7975549101829529,0.83724
2008/6/11 0:00,0.935235,1.657742,0.92182,1.0800806283950806,0.16167384386062622,0.009638,0.7975549101829529,0.837556
2008/6/12 0:00,0.933707,1.657578,0.920247,1.0800806283950806,0.16167384386062622,0.00961,0.7975549101829529,0.836155
2008/6/13 0:00,0.933968,1.659903,0.919261,1.089206,0.16167384386062622,0.009608,0.7975549101829529,0.836225
2008/6/14 0:00,0.933968,1.659847,0.919261,1.088998,0.16167384386062622,0.009608,0.7975549101829529,0.836225
2008/6/15 0:00,0.93375,1.66095,0.920251,1.087258,0.16167384386062622,0.009589,0.7975549101829529,0.838047
2008/6/16 0:00,0.92773,1.648546,0.915839,1.087843,0.16167384386062622,0.009513,0.7954709529876709,0.831255
2008/6/17 0:00,0.934187,1.645468,0.9147260189056396,1.08901,0.16167384386062622,0.009538,0.7975549101829529,0.831947
2008/6/18 0:00,0.935629,1.634855,0.9147260189056396,1.073918,0.16167384386062622,0.009504,0.7975549101829529,0.830944
2008/6/19 0:00,0.937647,1.631947,0.9146789312362671,1.074298,0.16167384386062622,0.009522,0.7975549101829529,0.832709
2008/6/20 0:00,0.937822,1.63268,0.9146789312362671,1.073704,0.16167384386062622,0.009516,0.7975549101829529,0.832917
2008/6/21 0:00,0.929023,1.611655,0.9161389470100403,1.07032,0.16167384386062622,0.009444,0.7954709529876709,0.827575
2008/6/22 0:00,0.919794,1.609049,0.9161389470100403,1.070034,0.16167384386062622,0.009396,0.7948822975158691,0.823282
2008/6/23 0:00,0.915919,1.617861,0.9161389470100403,1.066428,0.16167384386062622,0.009367,0.7948822975158691,0.823995
2008/6/24 0:00,0.910871,1.622955,0.9142535924911499,1.050371527671814,0.16167384386062622,0.00935,0.7797480225563049,0.817862
2008/6/25 0:00,0.90464,1.624145,0.9142535924911499,1.050371527671814,0.16167384386062622,0.009325,0.7797480225563049,0.815508
2008/6/26 0:00,0.90464,1.624145,0.8902087807655334,1.1211533546447754,0.16301,0.009325,0.7881290912628174,0.815508
2008/6/27 0:00,0.90266,1.623725,0.8902087807655334,1.1211533546447754,0.162813,0.00933,0.7881290912628174,0.816395
2008/6/28 0:00,0.90872,1.627215,0.8902087807655334,1.1211533546447754,0.162707,0.00935,0.7881290912628174,0.820105
2008/6/29 0:00,0.90872,1.627215,0.8902087807655334,1.1211533546447754,0.162707,0.00935,0.7881290912628174,0.820105
2008/6/30 0:00,0.903383,1.630936,0.888478696346283,1.1211533546447754,0.162866,0.009293,0.7835120558738708,0.815694
2008/7/1 0:00,0.897714,1.636835,0.888478696346283,1.1211533546447754,0.16288,0.009196,0.7835120558738708,0.813438
2008/7/2 0:00,0.893495,1.631069,0.888478696346283,1.1211533546447754,0.162787,0.009177,0.7835120558738708,0.813008
2008/7/3 0:00,0.892897,1.62885,0.8902087807655334,1.1211533546447754,0.162837,0.009171,0.7881290912628174,0.812942
2008/7/4 0:00,0.892897,1.62885,0.8902087807655334,1.1211533546447754,0.162837,0.009171,0.7881290912628174,0.812942
2008/7/5 0:00,0.886682,1.635443,0.888478696346283,0.9689415693283081,0.162866,0.009182,0.7350050806999207,0.811359
2008/7/6 0:00,0.883923,1.636688,0.888478696346283,0.9689415693283081,0.162866,0.009182,0.7350050806999207,0.806452
2008/7/7 0:00,0.879391,1.630643,0.888478696346283,0.9689415693283081,0.162986,0.009202,0.7350050806999207,0.793556
2008/7/8 0:00,0.876271,1.624656,0.8902087807655334,0.9689415693283081,0.163145,0.009144,0.7350050806999207,0.787092
2008/7/9 0:00,0.876578,1.624445,0.896539,0.9689415693283081,0.163209,0.00915,0.7367364764213562,0.786658
2008/7/10 0:00,0.876578,1.62455,0.896539,0.9689415693283081,0.163209,0.00915,0.7367364764213562,0.786751
2008/7/11 0:00,0.873057,1.62455,0.897106,0.9689415693283081,0.162615,0.009134,0.7367364764213562,0.777273
2008/7/12 0:00,0.873897,1.620667,0.892252,0.9742043018341064,0.162536,0.009119,0.7350050806999207,0.779029
2008/7/13 0:00,0.872106,1.618254,0.894562,0.9742043018341064,0.162893,0.00915,0.7367364764213562,0.779849
2008/7/14 0:00,0.86742,1.596005,0.888557,0.9696813821792603,0.162893,0.009115,0.7368232607841492,0.777015
2008/7/15 0:00,0.86742,1.596005,0.888557,0.9696813821792603,0.162893,0.009115,0.7368232607841492,0.777015
2008/7/16 0:00,0.86742,1.596005,0.888557,0.9696813821792603,0.162893,0.009115,0.7368232607841492,0.777015
2008/7/17 0:00,0.87382,1.601685,0.894262,1.037662,0.162893,0.009161,0.782834,0.77984
2008/7/18 0:00,0.88118,1.609035,0.89439,1.041499,0.162893,0.009233,0.78346,0.784625
2008/7/19 0:00,0.88118,1.609035,0.89439,1.041499,0.162893,0.009233,0.78346,0.784625
2008/7/20 0:00,0.875312,1.606593,0.893455,1.045205,0.162853,0.009223,0.782173,0.780762
2008/7/21 0:00,0.87777,1.6115,0.895291,1.047011,0.163052,0.009263,0.786096,0.785793
2008/7/22 0:00,0.872791,1.606452,0.894843,1.045697,0.163103,0.00927,0.785453,0.784375
2008/7/23 0:00,0.868508,1.607652,0.89306,1.044386,0.163103,0.00929,0.783276,0.781739
2008/7/24 0:00,0.868508,1.607652,0.89306,1.044386,0.163103,0.00929,0.783276,0.781739
2008/7/25 0:00,0.87558,1.605871,0.892423,1.048867,0.163292,0.009305,0.785648,0.786875
2008/7/26 0:00,0.873019,1.592699,0.889075,1.049208,0.163292,0.009336,0.784434,0.785731
2008/7/27 0:00,0.879856,1.594489,0.886407,1.061492,0.163292,0.009462,0.785694,0.797194
2008/7/28 0:00,0.876962,1.606555,0.888001,1.061571,0.163292,0.00943,0.785546,0.795862
2008/7/29 0:00,0.877078,1.609347,0.888759,1.057625,0.163359,0.009377,0.784314,0.793179
2008/7/30 0:00,0.874508,1.609049,0.886556,1.057138,0.163292,0.009356,0.784068,0.792142
2008/7/31 0:00,0.874508,1.609049,0.886556,1.057138,0.163292,0.009356,0.784068,0.792142
2008/8/1 0:00,0.878735,1.614101,0.886167,1.059906,0.163359,0.009357,0.786983,0.797099
2008/8/2 0:00,0.879585,1.613359,0.891695,1.055353,0.163319,0.009376,0.786711,0.79713
2008/8/3 0:00,0.878503,1.607084,0.891691,1.049698,0.163332,0.009323,0.786028,0.794218
2008/8/4 0:00,0.876194,1.603553,0.890266,1.04785,0.163452,0.009236,0.783659,0.782228
2008/8/5 0:00,0.880669,1.608855,0.890416,1.050459,0.163452,0.009254,0.783914,0.785268
2008/8/6 0:00,0.879314,1.609049,0.890099,1.050398,0.163476,0.009244,0.784025,0.785546
2008/8/7 0:00,0.879314,1.609049,0.890099,1.050398,0.163476,0.009244,0.784025,0.785546
2008/8/8 0:00,0.881096,1.61315,0.889882,1.054852,0.163492,0.009292,0.78448,0.790202
2008/8/9 0:00,0.885112,1.615561,0.893368,1.056334,0.163578,0.009252,0.785799,0.792739
2008/8/10 0:00,0.889324,1.61358,0.89769,1.057681,0.163634,0.009248,0.786451,0.795071
2008/8/11 0:00,0.883041,1.602461,0.893871,1.046518,0.163546,0.009176,0.783177,0.784806
2008/8/12 0:00,0.880049,1.599552,0.886643,1.039285,0.163594,0.008926,0.778452,0.779302
2008/8/13 0:00,0.879624,1.599501,0.887599,1.038761,0.163594,0.008902,0.777484,0.779089
2008/8/14 0:00,0.879624,1.599501,0.887599,1.038761,0.163594,0.008902,0.777484,0.779089
2008/8/15 0:00,0.869792,1.597559,0.883342,1.035701,0.163444,0.008778,0.774617,0.772947
2008/8/16 0:00,0.872753,1.599399,0.877012,1.041938,0.163524,0.008815,0.775696,0.777454
2008/8/17 0:00,0.858959,1.597955,0.878542,1.037237,0.163559,0.008724,0.772803,0.772738
2008/8/18 0:00,0.858369,1.585339,0.874814,1.030503,0.163613,0.008706,0.772801,0.771873
2008/8/19 0:00,0.861958,1.58505,0.880305,1.033181,0.163324,0.008717,0.774171,0.773545
2008/8/20 0:00,0.863297,1.586999,0.882722,1.035025,0.163324,0.00873,0.776036,0.775164
2008/8/21 0:00,0.863297,1.586999,0.882722,1.035025,0.163324,0.00873,0.776036,0.775164
2008/8/22 0:00,0.862627,1.587415,0.881916,1.033538,0.163412,0.008712,0.774311,0.776669
2008/8/23 0:00,0.867303,1.587654,0.881329,1.035143,0.163279,0.008654,0.774084,0.780244
2008/8/24 0:00,0.873782,1.581753,0.885936,1.036973,0.163233,0.00867,0.775768,0.789733
2008/8/25 0:00,0.872638,1.572686,0.88041,1.038152,0.163271,0.008649,0.774461,0.789983
2008/8/26 0:00,0.873477,1.565153,0.884756,1.03929,0.163145,0.00858,0.770093,0.790576
2008/8/27 0:00,0.874508,1.566956,0.885736,1.042693,0.163145,0.008599,0.770567,0.790952
2008/8/28 0:00,0.875848,1.566956,0.885736,1.042693,0.163145,0.008599,0.770567,0.790952
2008/8/29 0:00,0.871802,1.564933,0.883896,1.036221,0.163284,0.00859,0.770377,0.793714
2008/8/30 0:00,0.872486,1.564872,0.883822,1.043929,0.163364,0.008567,0.771438,0.793934
2008/8/31 0:00,0.862738,1.566735,0.881457,1.04455,0.163412,0.008495,0.765882,0.785947
2008/9/1 0:00,0.860696,1.568332,0.883911,1.041829,0.163305,0.00846,0.768489,0.785268
2008/9/2 0:00,0.867303,1.56741,0.889711,1.031087,0.163268,0.008497,0.770238,0.788364
2008/9/3 0:00,0.867002,1.566048,0.890258,1.031029,0.163268,0.008486,0.769707,0.788457
2008/9/4 0:00,0.867002,1.566048,0.890258,1.031029,0.163268,0.008486,0.769707,0.788457
2008/9/5 0:00,0.86192,1.570265,0.886713,1.033912,0.162821,0.008446,0.767154,0.786133
2008/9/6 0:00,0.852406,1.571771,0.888273,1.036823,0.162959,0.008477,0.768267,0.78064
2008/9/7 0:00,0.853424,1.578432,0.889787,1.040242,0.16289,0.008502,0.770214,0.788022
2008/9/8 0:00,0.854555,1.571709,0.881418,1.038044,0.16289,0.008489,0.769734,0.786565
2008/9/9 0:00,0.852479,1.563551,0.875603,1.035368,0.162782,0.008425,0.766912,0.784037
2008/9/10 0:00,0.850738,1.565398,0.875833,1.036216,0.162782,0.008429,0.766762,0.784314
2008/9/11 0:00,0.850738,1.565398,0.875833,1.03621,0.162782,0.008429,0.766762,0.784314
2008/9/12 0:00,0.851499,1.573119,0.880324,1.037813,0.162549,0.008458,0.766075,0.789141
2008/9/13 0:00,0.845201,1.563942,0.877281,1.028278,0.162615,0.008391,0.763601,0.779757
2008/9/14 0:00,0.841857,1.5705,0.880398,1.023353,0.162596,0.00835,0.762492,0.777726
2008/9/15 0:00,0.840795,1.57087,0.879388,1.033864,0.16248,0.008363,0.762809,0.781158
2008/9/16 0:00,0.832882,1.55977,0.875542,1.023086,0.162596,0.00824,0.756544,0.771933
2008/9/17 0:00,0.832605,1.558348,0.874653,1.021774,0.162596,0.008236,0.756004,0.771159
2008/9/18 0:00,0.832605,1.558348,0.874653,1.021774,0.162596,0.008236,0.756004,0.771159
2008/9/19 0:00,0.829841,1.563453,0.8716,1.02317,0.161996,0.008272,0.757504,0.766342
2008/9/20 0:00,0.833507,1.569034,0.875197,1.032509,0.161608,0.0084,0.760237,0.772022
2008/9/21 0:00,0.830358,1.569058,0.87028,1.032871,0.161901,0.008432,0.762558,0.771099
2008/9/22 0:00,0.826788,1.571907,0.867062,1.032866,0.161587,0.008381,0.760931,0.780244
2008/9/23 0:00,0.826105,1.572401,0.866356,1.038157,0.161632,0.008441,0.761603,0.778059
2008/9/24 0:00,0.824198,1.571759,0.863334,1.037457,0.161632,0.008417,0.761102,0.777756
2008/9/25 0:00,0.824198,1.571759,0.863334,1.037457,0.161632,0.008417,0.761102,0.777756
2008/9/26 0:00,0.822301,1.56497,0.85955,1.037807,0.161538,0.008482,0.76169,0.774863
2008/9/27 0:00,0.822064,1.572747,0.860537,1.040599,0.161564,0.008518,0.766407,0.778816
2008/9/28 0:00,0.816627,1.564847,0.858111,1.033106,0.161368,0.008503,0.764894,0.772648
2008/9/29 0:00,0.816593,1.566833,0.861427,1.02096,0.160914,0.008419,0.761736,0.775314
2008/9/30 0:00,0.812909,1.56167,0.860215,1.016725,0.160774,0.008362,0.759192,0.774653
2008/10/1 0:00,0.814332,1.562598,0.861813,1.016002,0.160774,0.008367,0.760537,0.774803
2008/10/2 0:00,0.814332,1.562598,0.861813,1.016002,0.160774,0.008367,0.760537,0.774803
2008/10/3 0:00,0.814166,1.561902,0.858738,1.018434,0.16073,0.008344,0.758032,0.773904
2008/10/4 0:00,0.80954,1.551494,0.860733,1.012387,0.160619,0.008285,0.755884,0.77104
2008/10/5 0:00,0.810964,1.555004,0.860659,1.013988,0.160893,0.008302,0.755635,0.771873
2008/10/6 0:00,0.811129,1.5559,0.860289,1.01916,0.160893,0.0083,0.755858,0.772917
2008/10/7 0:00,0.811326,1.555573,0.861326,1.012105,0.160893,0.008304,0.755173,0.775976
2008/10/8 0:00,0.81075,1.555948,0.859771,1.012792,0.160893,0.008298,0.755601,0.772857
2008/10/9 0:00,0.81075,1.555948,0.859771,1.012792,0.160893,0.008298,0.755601,0.772857
2008/10/10 0:00,0.814863,1.55218,0.859513,1.01251,0.160707,0.008292,0.755886,0.778998
2008/10/11 0:00,0.820008,1.556723,0.862199,1.012043,0.161238,0.008376,0.756853,0.784468
2008/10/12 0:00,0.808931,1.532743,0.848497,0.998418,0.161132,0.008298,0.75112,0.769882
2008/10/13 0:00,0.808931,1.532743,0.848497,0.998418,0.161132,0.008298,0.75112,0.769882
2008/10/14 0:00,0.80952,1.52345,0.848353,0.992093,0.160813,0.008355,0.748803,0.770268
2008/10/15 0:00,0.811524,1.517554,0.846736,0.993789,0.160979,0.00845,0.750413,0.779545
2008/10/16 0:00,0.804732,1.507034,0.843754,0.98417,0.160927,0.008372,0.745618,0.772529
2008/10/17 0:00,0.812645,1.511362,0.846633,0.983294,0.16094,0.008364,0.748383,0.782656
2008/10/18 0:00,0.819236,1.514933,0.843313,0.985328,0.161023,0.00843,0.749695,0.783147
2008/10/19 0:00,0.820311,1.515909,0.842783,0.985804,0.161023,0.008436,0.750033,0.783392
2008/10/20 0:00,0.820311,1.515909,0.842783,0.985804,0.161023,0.008436,0.750033,0.783392
2008/10/21 0:00,0.816127,1.515852,0.837767,0.984868,0.161202,0.008451,0.749224,0.777122
2008/10/22 0:00,0.81616,1.517232,0.837574,0.980584,0.161353,0.008456,0.749403,0.773365
2008/10/23 0:00,0.816127,1.522939,0.836736,0.982574,0.161447,0.008563,0.749754,0.774114
2008/10/24 0:00,0.821389,1.515278,0.838487,1.114914,0.161616,0.008549,0.752298,0.778907
2008/10/25 0:00,0.819807,1.513145,0.83469,1.174978,0.161108,0.008518,0.753509,0.777847
2008/10/26 0:00,0.822707,1.515048,0.834324,1.164551,0.161108,0.008501,0.753608,0.77915
2008/10/27 0:00,0.822707,1.515048,0.834324,1.164551,0.161108,0.008501,0.753608,0.77915
2008/10/28 0:00,0.821085,1.513638,0.835628,1.142707,0.160823,0.00851,0.749887,0.777393
2008/10/29 0:00,0.817929,1.516162,0.827431,1.142387,0.160904,0.008445,0.747387,0.769349
2008/10/30 0:00,0.810373,1.511933,0.809258,1.163284,0.160987,0.008483,0.749395,0.757146
2008/10/31 0:00,0.810143,1.5048,0.808398,1.148501,0.161057,0.008481,0.748509,0.755687
2008/11/1 0:00,0.793493,1.50237,0.806367,1.144335,0.160568,0.00849,0.743992,0.7473
2008/11/2 0:00,0.791954,1.498801,0.804972,1.161744,0.160568,0.008489,0.743619,0.745684
2008/11/3 0:00,0.791954,1.498801,0.804972,1.161744,0.160568,0.008489,0.743619,0.745684
2008/11/4 0:00,0.79255,1.507898,0.805542,1.112223,0.159852,0.008444,0.745101,0.742363
2008/11/5 0:00,0.794281,1.519584,0.806348,1.104649,0.160126,0.008496,0.746712,0.746018
2008/11/6 0:00,0.797416,1.516749,0.803052,1.104362,0.16009,0.008492,0.739905,0.745796
2008/11/7 0:00,0.775645,1.504121,0.791233,1.083365,0.160087,0.008451,0.738558,0.725716
2008/11/8 0:00,0.776066,1.502404,0.786624,1.08616,0.159974,0.008519,0.738681,0.724743
2008/11/9 0:00,0.778483,1.506852,0.785605,1.085835,0.159974,0.008513,0.738334,0.726137
2008/11/10 0:00,0.778483,1.506852,0.785605,1.085835,0.159974,0.008513,0.738334,0.726137
2008/11/11 0:00,0.781494,1.501907,0.794051,1.080666,0.159757,0.008516,0.739503,0.729341
2008/11/12 0:00,0.772887,1.512505,0.802446,1.082474,0.159854,0.008511,0.742357,0.729341
2008/11/13 0:00,0.776669,1.521757,0.79747,1.083113,0.160059,0.008506,0.742352,0.737246
2008/11/14 0:00,0.779423,1.528842,0.804848,1.08114,0.159946,0.008516,0.743301,0.738253
2008/11/15 0:00,0.780671,1.525541,0.798725,1.08121,0.160169,0.008397,0.73993,0.736947
2008/11/16 0:00,0.779636,1.524402,0.798569,1.079447,0.160169,0.008394,0.739027,0.736675
2008/11/17 0:00,0.779636,1.524402,0.798569,1.079447,0.160169,0.008394,0.739027,0.736675
2008/11/18 0:00,0.781616,1.52178,0.803258,1.080573,0.160031,0.008424,0.73846,0.741482
2008/11/19 0:00,0.777817,1.525251,0.798614,1.079057,0.16021,0.00838,0.737673,0.741043
2008/11/20 0:00,0.770654,1.522441,0.790926,1.07826,0.160197,0.008307,0.734681,0.737708
2008/11/21 0:00,0.77691,1.53813,0.802826,1.078976,0.160141,0.00843,0.737659,0.74744
2008/11/22 0:00,0.777091,1.538604,0.803306,1.074258,0.160249,0.008423,0.738653,0.746687
2008/11/23 0:00,0.776699,1.539954,0.803139,1.073019,0.160249,0.008421,0.738552,0.745601
2008/11/24 0:00,0.777212,1.539954,0.803139,1.073019,0.160249,0.008421,0.738552,0.745573
2008/11/25 0:00,0.777212,1.537551,0.801944,1.073595,0.160036,0.008442,0.737314,0.750694
2008/11/26 0:00,0.781372,1.53406,0.806257,1.069319,0.159895,0.008402,0.737104,0.752049
2008/11/27 0:00,0.77818,1.543698,0.803084,1.058481,0.159895,0.00839,0.735354,0.75253
2008/11/28 0:00,0.780975,1.544974,0.801247,1.055989,0.159895,0.008414,0.736323,0.754233
2008/11/29 0:00,0.782503,1.537468,0.798317,1.06094,0.159895,0.008426,0.735619,0.75304
2008/11/30 0:00,0.784468,1.5398,0.797852,1.06553,0.159895,0.008402,0.735091,0.752474
2008/12/1 0:00,0.784468,1.5398,0.797852,1.06553,0.159895,0.008402,0.735091,0.752474
2008/12/2 0:00,0.781317,1.546946,0.79576,1.052964,0.15987,0.008411,0.736079,0.754489
2008/12/3 0:00,0.781067,1.544736,0.793937,1.052261,0.15987,0.008398,0.736008,0.746659
2008/12/4 0:00,0.789297,1.549151,0.804865,1.053463,0.159757,0.008411,0.738482,0.754432
2008/12/5 0:00,0.782258,1.54164,0.800189,1.048405,0.159757,0.00838,0.737371,0.755316
2008/12/6 0:00,0.781097,1.544032,0.799619,1.051193,0.159525,0.008354,0.734533,0.755601
2008/12/7 0:00,0.781555,1.543508,0.799523,1.048163,0.159525,0.008363,0.733975,0.756086
2008/12/8 0:00,0.781555,1.543508,0.799523,1.048163,0.159525,0.008363,0.733975,0.756086
2008/12/9 0:00,0.777635,1.537374,0.797378,1.046457,0.159396,0.008326,0.732539,0.752049
2008/12/10 0:00,0.783976,1.5389,0.802887,1.042535,0.159396,0.008371,0.734125,0.756888
2008/12/11 0:00,0.782014,1.525879,0.80402,1.036264,0.159474,0.008351,0.730986,0.758208
2008/12/12 0:00,0.776609,1.522847,0.801343,1.02757,0.159556,0.008318,0.729171,0.746352
2008/12/13 0:00,0.772171,1.506728,0.793109,1.016209,0.159647,0.008274,0.72531,0.737137
2008/12/14 0:00,0.771635,1.503703,0.792117,1.014456,0.159647,0.008277,0.726077,0.736241
2008/12/15 0:00,0.771635,1.503703,0.792117,1.014456,0.159647,0.008277,0.726077,0.736241
2008/12/16 0:00,0.771426,1.511327,0.794682,1.013859,0.159617,0.008251,0.724984,0.736675
2008/12/17 0:00,0.761644,1.508751,0.790242,1.002461,0.159693,0.008248,0.720433,0.726296
2008/12/18 0:00,0.758409,1.494545,0.783573,0.992324,0.159693,0.008234,0.721079,0.721501
2008/12/19 0:00,0.768374,1.487763,0.78681,0.994683,0.159693,0.008242,0.723733,0.738062
2008/12/20 0:00,0.763679,1.474502,0.782081,0.995461,0.159778,0.008248,0.718768,0.732789
2008/12/21 0:00,0.763913,1.474144,0.78231,0.994382,0.159778,0.008238,0.718053,0.734835
2008/12/22 0:00,0.763913,1.474144,0.78231,0.994382,0.159778,0.008238,0.718053,0.734835
2008/12/23 0:00,0.766078,1.48236,0.783647,0.995421,0.159698,0.008244,0.719784,0.739946
2008/12/24 0:00,0.76147,1.473405,0.783447,0.99454,0.160013,0.008242,0.720103,0.731368
2008/12/25 0:00,0.766195,1.471021,0.783665,1.006421,0.160547,0.008274,0.720064,0.737599
2008/12/26 0:00,0.762515,1.473405,0.784837,1.008491,0.161394,0.008272,0.719994,0.738716
2008/12/27 0:00,0.777756,1.495663,0.795703,1.025773,0.161134,0.008325,0.724045,0.757031
2008/12/28 0:00,0.777454,1.495294,0.796594,1.025957,0.161134,0.008331,0.725247,0.756659
2008/12/29 0:00,0.777454,1.495294,0.796594,1.025957,0.161134,0.008331,0.725247,0.756659
2008/12/30 0:00,0.786318,1.494199,0.798965,1.033426,0.160901,0.00835,0.731957,0.763271
2008/12/31 0:00,0.786813,1.487298,0.799914,1.045058,0.161153,0.008351,0.731553,0.763592
2009/1/1 0:00,0.783914,1.489115,0.797992,1.042123,0.161005,0.008371,0.730327,0.76147
2009/1/2 0:00,0.783177,1.4852,0.801565,1.039182,0.160994,0.008403,0.73018,0.758898
2009/1/3 0:00,0.776036,1.489492,0.79564,1.042579,0.160896,0.008388,0.730679,0.757203
2009/1/4 0:00,0.775194,1.487509,0.792773,1.039231,0.160896,0.008393,0.730183,0.756659
2009/1/5 0:00,0.775194,1.487509,0.792773,1.039231,0.160896,0.008393,0.730183,0.756659
2009/1/6 0:00,0.764614,1.480823,0.787749,1.032434,0.161121,0.008329,0.726934,0.751625
2009/1/7 0:00,0.76176,1.483944,0.788311,1.027501,0.161355,0.008339,0.728218,0.747524
2009/1/8 0:00,0.761702,1.483349,0.794701,1.036216,0.161366,0.008368,0.734409,0.74744
2009/1/9 0:00,0.757232,1.485222,0.795162,1.043313,0.161368,0.008353,0.736974,0.748503
2009/1/10 0:00,0.763942,1.490302,0.80141,1.050895,0.161368,0.008402,0.740774,0.759619
2009/1/11 0:00,0.763009,1.482844,0.800993,1.0502,0.161368,0.008353,0.740472,0.759157
2009/1/12 0:00,0.763009,1.482844,0.800993,1.0502,0.161368,0.008353,0.740472,0.759157
2009/1/13 0:00,0.762602,1.492504,0.80234,1.047066,0.161368,0.008387,0.739426,0.758236
2009/1/14 0:00,0.764994,1.48573,0.800253,1.038168,0.161337,0.00831,0.735505,0.750948
2009/1/15 0:00,0.77009,1.490313,0.798352,1.036823,0.161254,0.00834,0.737762,0.75663
2009/1/16 0:00,0.769497,1.471454,0.794344,1.023222,0.161168,0.008295,0.735781,0.755059
2009/1/17 0:00,0.767666,1.464654,0.794641,1.021049,0.161054,0.008322,0.731307,0.753665
2009/1/18 0:00,0.768285,1.463358,0.795554,1.021315,0.161054,0.008318,0.730906,0.753324
2009/1/19 0:00,0.768285,1.463358,0.795554,1.022025,0.161054,0.008318,0.730906,0.753324
2009/1/20 0:00,0.757892,1.467136,0.793808,1.023594,0.160909,0.008327,0.728239,0.744048
2009/1/21 0:00,0.763301,1.479804,0.800916,1.028965,0.160976,0.00838,0.735743,0.752842
2009/1/22 0:00,0.768935,1.483349,0.812232,1.036645,0.161194,0.00841,0.737833,0.75933
2009/1/23 0:00,0.780975,1.494768,0.822135,1.046841,0.161371,0.008405,0.739672,0.767872
2009/1/24 0:00,0.777333,1.495886,0.816993,1.049434,0.161379,0.00841,0.742639,0.768433
2009/1/25 0:00,0.778331,1.496401,0.81692,1.050332,0.161379,0.008409,0.742978,0.768344
2009/1/26 0:00,0.778331,1.496401,0.81692,1.050332,0.161379,0.008409,0.742978,0.768344
2009/1/27 0:00,0.770844,1.490535,0.817588,1.046479,0.161241,0.008374,0.740999,0.764614
2009/1/28 0:00,0.772111,1.494768,0.81415,1.049334,0.161241,0.008359,0.740338,0.767902
2009/1/29 0:00,0.777514,1.503974,0.817361,1.033437,0.161402,0.008343,0.742727,0.76743
2009/1/30 0:00,0.778513,1.506069,0.823649,1.048037,0.161324,0.008364,0.744269,0.758581
2009/1/31 0:00,0.782258,1.517681,0.821659,1.04734,0.161426,0.008407,0.749934,0.759561
2009/2/1 0:00,0.782197,1.518799,0.820853,1.048328,0.161426,0.008405,0.750582,0.760109
2009/2/2 0:00,0.782197,1.518799,0.820853,1.048328,0.161426,0.008405,0.750582,0.760109
2009/2/3 0:00,0.785639,1.523229,0.825689,1.046627,0.160798,0.008401,0.753069,0.764526
2009/2/4 0:00,0.801603,1.532238,0.831082,1.047982,0.161121,0.008409,0.758271,0.772768
2009/2/5 0:00,0.806322,1.546193,0.835303,1.066951,0.161285,0.008427,0.759474,0.773575
2009/2/6 0:00,0.789609,1.532414,0.826173,1.064985,0.161264,0.008361,0.754168,0.761934
2009/2/7 0:00,0.782871,1.514234,0.822044,1.070819,0.161264,0.008316,0.751781,0.752984
2009/2/8 0:00,0.785145,1.535249,0.822453,1.072386,0.161264,0.008377,0.751608,0.754148
2009/2/9 0:00,0.785145,1.535249,0.822453,1.08659,0.161264,0.008377,0.751608,0.754148
2009/2/10 0:00,0.784652,1.51183,0.82543,1.069891,0.161072,0.008321,0.750621,0.753324
2009/2/11 0:00,0.794913,1.519503,0.829772,1.081034,0.161155,0.008339,0.750993,0.756544
2009/2/12 0:00,0.797385,1.524623,0.830379,1.09162,0.161316,0.008373,0.75423,0.750554
2009/2/13 0:00,0.790389,1.522533,0.822673,1.084987,0.161082,0.008346,0.750368,0.744352
2009/2/14 0:00,0.793116,1.546922,0.828339,1.075899,0.161082,0.008356,0.752842,0.749457
2009/2/15 0:00,0.793399,1.544056,0.827928,1.075153,0.161082,0.008347,0.752734,0.749092
2009/2/16 0:00,0.793399,1.544056,0.827928,1.075153,0.161082,0.008347,0.752734,0.749092
2009/2/17 0:00,0.791296,1.560062,0.827082,1.0711,0.160957,0.008332,0.748497,0.735727
2009/2/18 0:00,0.798499,1.568,0.833653,1.077041,0.161059,0.008339,0.749524,0.73654
2009/2/19 0:00,0.810767,1.574134,0.836999,1.090905,0.161171,0.008396,0.75464,0.747915
2009/2/20 0:00,0.807983,1.576044,0.833792,1.094571,0.161249,0.008391,0.757389,0.749541
2009/2/21 0:00,0.804117,1.575461,0.83149,1.090435,0.161132,0.008378,0.757564,0.748447
2009/2/22 0:00,0.803342,1.572599,0.832362,1.091703,0.161132,0.00838,0.757088,0.74744
2009/2/23 0:00,0.803342,1.572599,0.832362,1.091703,0.161132,0.00838,0.757088,0.74744
2009/2/24 0:00,0.798945,1.56546,0.823215,1.082099,0.161179,0.008338,0.753208,0.737599
2009/2/25 0:00,0.791734,1.550207,0.817367,1.066041,0.161116,0.008285,0.74866,0.734322
2009/2/26 0:00,0.787929,1.553036,0.819642,1.068913,0.161194,0.008249,0.747328,0.7303
2009/2/27 0:00,0.788799,1.567619,0.819548,1.070051,0.161374,0.008262,0.74845,0.732064
2009/2/28 0:00,0.781891,1.547748,0.812051,1.059305,0.161358,0.008227,0.747929,0.730327
2009/3/1 0:00,0.78232,1.548947,0.814399,1.059827,0.161358,0.008226,0.748083,0.731208
2009/3/2 0:00,0.78232,1.548947,0.814399,1.059827,0.161358,0.008226,0.748083,0.731208
2009/3/3 0:00,0.782718,1.54691,0.81211,1.057809,0.161238,0.008231,0.745234,0.731449
2009/3/4 0:00,0.774293,1.539646,0.804855,1.051912,0.161189,0.008133,0.740922,0.723563
2009/3/5 0:00,0.772052,1.533472,0.801439,1.052776,0.161257,0.008076,0.739809,0.722752
2009/3/6 0:00,0.764614,1.531311,0.803426,1.060249,0.161259,0.008081,0.741367,0.716589
2009/3/7 0:00,0.765961,1.52952,0.802761,1.064254,0.161335,0.008063,0.741801,0.710682
2009/3/8 0:00,0.764409,1.529403,0.80289,1.063536,0.161335,0.008055,0.741966,0.710707
2009/3/9 0:00,0.764088,1.529157,0.80289,1.063536,0.161335,0.008055,0.741966,0.71053
2009/3/10 0:00,0.76063,1.5206,0.797474,1.057725,0.161303,0.008013,0.737572,0.709421
2009/3/11 0:00,0.77824,1.535756,0.806985,1.072754,0.161337,0.00807,0.742429,0.718933
2009/3/12 0:00,0.777877,1.53225,0.802407,1.068639,0.161348,0.008038,0.744158,0.714566
2009/3/13 0:00,0.767695,1.537279,0.800541,1.070813,0.161262,0.008037,0.742057,0.711136
2009/3/14 0:00,0.762282,1.52744,0.80234,1.063751,0.161202,0.007963,0.73733,0.704771
2009/3/15 0:00,0.762515,1.526694,0.804072,1.064271,0.161202,0.00796,0.736602,0.704573
2009/3/16 0:00,0.762515,1.526694,0.804072,1.064271,0.161202,0.00796,0.736602,0.704573
2009/3/17 0:00,0.767106,1.53306,0.804787,1.075899,0.161145,0.008009,0.737564,0.71144
2009/3/18 0:00,0.767312,1.537551,0.810599,1.073906,0.161142,0.008037,0.739656,0.713572
2009/3/19 0:00,0.776096,1.55159,0.81412,1.072731,0.16114,0.008152,0.744954,0.72015
2009/3/20 0:00,0.773305,1.549667,0.812239,1.067851,0.161119,0.008089,0.741867,0.699496
2009/3/21 0:00,0.774503,1.555936,0.812196,1.078743,0.161075,0.008104,0.74412,0.699374
2009/3/22 0:00,0.773096,1.555851,0.812097,1.077238,0.161075,0.008105,0.744192,0.698348
2009/3/23 0:00,0.773096,1.555851,0.812097,1.077238,0.161075,0.008105,0.744192,0.698348
2009/3/24 0:00,0.776488,1.558834,0.812552,1.070721,0.161057,0.0081,0.743119,0.700084
2009/3/25 0:00,0.774563,1.563893,0.811682,1.072271,0.161067,0.008105,0.744399,0.698666
2009/3/26 0:00,0.766783,1.57208,0.811458,1.078888,0.161041,0.008051,0.741776,0.691587
2009/3/27 0:00,0.780366,1.586244,0.817037,1.083424,0.161085,0.008132,0.749642,0.692353
2009/3/28 0:00,0.776699,1.588272,0.815428,1.08904,0.161044,0.008157,0.748935,0.689941
2009/3/29 0:00,0.776609,1.58836,0.814959,1.089562,0.161044,0.008152,0.749662,0.691252
2009/3/30 0:00,0.776609,1.58836,0.814959,1.091048,0.161044,0.008152,0.749662,0.691252
2009/3/31 0:00,0.772768,1.581565,0.81151,1.085028,0.161044,0.008105,0.748632,0.686554
2009/4/1 0:00,0.773007,1.57208,0.810396,1.069919,0.161114,0.008076,0.745632,0.684791
2009/4/2 0:00,0.771605,1.570105,0.807582,1.071409,0.161106,0.008077,0.744363,0.689608
2009/4/3 0:00,0.774863,1.574555,0.810222,1.067703,0.161046,0.008094,0.744568,0.691276
2009/4/4 0:00,0.764438,1.572203,0.810895,1.069679,0.161057,0.008072,0.741128,0.683317
2009/4/5 0:00,0.765404,1.57515,0.811761,1.071524,0.161057,0.008073,0.741098,0.684346
2009/4/6 0:00,0.765404,1.57515,0.811761,1.071524,0.161057,0.008073,0.741098,0.684346
2009/4/7 0:00,0.771159,1.575548,0.807852,1.081028,0.161062,0.008166,0.743003,0.687592
2009/4/8 0:00,0.770505,1.573317,0.800596,1.068781,0.161264,0.008172,0.742002,0.677553
2009/4/9 0:00,0.765667,1.560598,0.794218,1.055493,0.161251,0.008119,0.739527,0.675014
2009/4/10 0:00,0.762689,1.560342,0.796308,1.057977,0.161168,0.008121,0.741375,0.672359
2009/4/11 0:00,0.752219,1.5583,0.795735,1.061199,0.161142,0.008146,0.742261,0.669142
2009/4/12 0:00,0.751682,1.55705,0.795437,1.063321,0.161142,0.008142,0.742986,0.669232
2009/4/13 0:00,0.751004,1.55705,0.795437,1.063321,0.161142,0.008142,0.742986,0.669546
2009/4/14 0:00,0.751004,1.561524,0.790604,1.06089,0.161051,0.008167,0.741455,0.669456
2009/4/15 0:00,0.743384,1.543925,0.784572,1.053907,0.161031,0.008167,0.737583,0.665181
2009/4/16 0:00,0.743329,1.534213,0.785268,1.054902,0.161057,0.00828,0.740286,0.672699
2009/4/17 0:00,0.743191,1.534684,0.785426,1.053519,0.161062,0.008242,0.739776,0.671953
2009/4/18 0:00,0.741592,1.548947,0.785642,1.062327,0.161049,0.008142,0.740165,0.669299
2009/4/19 0:00,0.744629,1.551699,0.789868,1.065269,0.161049,0.008146,0.740102,0.671637
2009/4/20 0:00,0.744518,1.552554,0.789868,1.065269,0.161049,0.008146,0.740102,0.67245
2009/4/21 0:00,0.740302,1.549187,0.78416,1.05413,0.161072,0.008105,0.736865,0.669411
2009/4/22 0:00,0.744907,1.562012,0.784464,1.058151,0.161059,0.008109,0.734584,0.670983
2009/4/23 0:00,0.737137,1.564211,0.773066,1.049533,0.161051,0.008078,0.731818,0.659914
2009/4/24 0:00,0.740988,1.560793,0.77241,1.044005,0.161044,0.008057,0.731965,0.652039
2009/4/25 0:00,0.737654,1.560306,0.76955,1.040929,0.161044,0.00806,0.731486,0.652337
2009/4/26 0:00,0.737436,1.560196,0.770719,1.039571,0.161044,0.00806,0.731074,0.652167
2009/4/27 0:00,0.737436,1.560196,0.770719,1.039571,0.161044,0.00806,0.731074,0.652167
2009/4/28 0:00,0.737681,1.55739,0.769506,1.0375,0.161036,0.008048,0.729448,0.657203
2009/4/29 0:00,0.74366,1.556263,0.772061,1.044659,0.161041,0.008077,0.733832,0.664518
2009/4/30 0:00,0.737599,1.55926,0.768049,1.040637,0.161046,0.008062,0.732338,0.65835
2009/5/1 0:00,0.737327,1.551037,0.768412,1.045227,0.161044,0.008079,0.731101,0.664253
2009/5/2 0:00,0.727352,1.551145,0.765131,1.038497,0.161041,0.008084,0.728263,0.656944
2009/5/3 0:00,0.727352,1.551001,0.766507,1.038368,0.161041,0.008077,0.729102,0.657657
2009/5/4 0:00,0.728704,1.551049,0.766507,1.038368,0.161041,0.008077,0.729102,0.657657
2009/5/5 0:00,0.72889,1.556541,0.767548,1.039215,0.161044,0.008118,0.730762,0.661726
2009/5/6 0:00,0.733837,1.561037,0.773829,1.04002,0.161046,0.008093,0.733353,0.669949
2009/5/7 0:00,0.732225,1.562988,0.775705,1.038028,0.161057,0.008077,0.73266,0.670309
2009/5/8 0:00,0.728412,1.558701,0.76861,1.030609,0.161038,0.008045,0.726786,0.659304
2009/5/9 0:00,0.731556,1.563404,0.765433,1.036162,0.161036,0.008072,0.729528,0.660677
2009/5/10 0:00,0.730594,1.562195,0.76398,1.035095,0.161036,0.008069,0.728704,0.659348
2009/5/11 0:00,0.730594,1.562195,0.76398,1.035095,0.161036,0.008069,0.728704,0.659348
2009/5/12 0:00,0.726797,1.558895,0.760835,1.033218,0.161038,0.008071,0.725971,0.659914
2009/5/13 0:00,0.739399,1.558361,0.759379,1.025746,0.161041,0.008054,0.724546,0.655351
2009/5/14 0:00,0.735916,1.561524,0.758702,1.021555,0.161038,0.008015,0.722596,0.651742
2009/5/15 0:00,0.734889,1.55135,0.761797,1.019565,0.161038,0.008017,0.722791,0.6549
2009/5/16 0:00,0.741537,1.548467,0.762352,1.019145,0.161038,0.008054,0.722525,0.661266
2009/5/17 0:00,0.741895,1.549391,0.761354,1.017553,0.161038,0.008049,0.722173,0.662076
2009/5/18 0:00,0.740796,1.549391,0.761354,1.017553,0.161038,0.008049,0.722173,0.662076
2009/5/19 0:00,0.741043,1.559248,0.767471,1.017791,0.161038,0.008028,0.724008,0.661638
2009/5/20 0:00,0.729102,1.557147,0.761641,1.011695,0.158105,0.007991,0.713012,0.653061
2009/5/21 0:00,0.737599,1.562988,0.769853,1.027971,0.156568,0.008057,0.712076,0.662515
2009/5/22 0:00,0.73551,1.560184,0.764532,1.023107,0.156277,0.008039,0.715487,0.656362
2009/5/23 0:00,0.738062,1.564443,0.765026,1.023144,0.15645,0.00805,0.711642,0.654729
2009/5/24 0:00,0.73711,1.564248,0.763545,1.02438,0.15645,0.008045,0.710856,0.654151
2009/5/25 0:00,0.73711,1.564248,0.763545,1.02438,0.15645,0.008045,0.710856,0.654151
2009/5/26 0:00,0.738525,1.5596,0.764935,1.023594,0.15638,0.008041,0.710462,0.65796
2009/5/27 0:00,0.733192,1.565374,0.764968,1.023405,0.156402,0.008039,0.711157,0.657635
2009/5/28 0:00,0.734997,1.568135,0.761913,1.034447,0.156353,0.00807,0.712911,0.659718
2009/5/29 0:00,0.734592,1.567521,0.763857,1.03868,0.156519,0.008094,0.711615,0.66335
2009/5/30 0:00,0.733272,1.570105,0.759824,1.053419,0.156521,0.008188,0.711399,0.668963
2009/5/31 0:00,0.731904,1.569403,0.758285,1.05658,0.156521,0.008194,0.710076,0.668606
2009/6/1 0:00,0.731904,1.569403,0.758285,1.05658,0.156521,0.008194,0.710076,0.668606
2009/6/2 0:00,0.720747,1.575796,0.75685,1.067954,0.156143,0.008394,0.710411,0.653253
2009/6/3 0:00,0.716127,1.5688,0.749552,1.058481,0.155936,0.008356,0.711997,0.650893
2009/6/4 0:00,0.709396,1.547748,0.749763,1.053802,0.155982,0.008358,0.710323,0.642261
2009/6/5 0:00,0.715768,1.540393,0.755715,1.036162,0.156121,0.008259,0.714235,0.645599
2009/6/6 0:00,0.715692,1.539836,0.756144,1.041667,0.156531,0.008247,0.711061,0.645494
2009/6/7 0:00,0.716512,1.539101,0.757355,1.038961,0.156531,0.008216,0.709816,0.64635
2009/6/8 0:00,0.716512,1.539101,0.757355,1.038961,0.156531,0.008216,0.709816,0.64635
2009/6/9 0:00,0.71182,1.534743,0.758093,1.035438,0.156828,0.008254,0.708572,0.635445
2009/6/10 0:00,0.704151,1.530702,0.758676,1.040583,0.157122,0.008352,0.708097,0.634296
2009/6/11 0:00,0.70368,1.53191,0.753659,1.03163,0.157334,0.008326,0.706599,0.635001
2009/6/12 0:00,0.701311,1.52645,0.757369,1.027063,0.157334,0.00834,0.705403,0.639304
2009/6/13 0:00,0.692185,1.519099,0.755316,1.027723,0.157334,0.008413,0.702168,0.629287
2009/6/14 0:00,0.691085,1.516898,0.753125,1.027961,0.157334,0.008402,0.702006,0.627943
2009/6/15 0:00,0.691085,1.516898,0.753125,1.027961,0.157334,0.008402,0.702006,0.627943
2009/6/16 0:00,0.692881,1.528666,0.75149,1.025152,0.157087,0.008379,0.700349,0.625645
2009/6/17 0:00,0.702593,1.537622,0.757538,1.019747,0.157055,0.008338,0.70501,0.633955
2009/6/18 0:00,0.702099,1.536098,0.756095,1.024433,0.156794,0.008268,0.706314,0.64
2009/6/19 0:00,0.708617,1.545523,0.757263,1.02976,0.156809,0.008288,0.707789,0.630656
2009/6/20 0:00,0.707514,1.542639,0.75373,1.030556,0.156863,0.008297,0.707584,0.631512
2009/6/21 0:00,0.709019,1.542948,0.754068,1.031646,0.156863,0.008294,0.707714,0.631752
2009/6/22 0:00,0.712758,1.542948,0.754068,1.031646,0.156863,0.008294,0.707714,0.631752
2009/6/23 0:00,0.713852,1.542246,0.753829,1.032258,0.157038,0.008327,0.710896,0.633052
2009/6/24 0:00,0.712454,1.534649,0.754119,1.024643,0.156986,0.008301,0.713012,0.633032
2009/6/25 0:00,0.719011,1.549295,0.758524,1.032397,0.156964,0.008295,0.716178,0.635344
2009/6/26 0:00,0.716794,1.553398,0.758208,1.031726,0.157085,0.008274,0.715774,0.633874
2009/6/27 0:00,0.722752,1.556965,0.760488,1.03778,0.157126,0.008346,0.715415,0.641746
2009/6/28 0:00,0.723746,1.553253,0.756029,1.032525,0.157126,0.008334,0.714549,0.640061
2009/6/29 0:00,0.718701,1.553253,0.756029,1.032525,0.157126,0.008334,0.714549,0.639754
2009/6/30 0:00,0.713063,1.550207,0.754649,1.03146,0.157008,0.008301,0.708911,0.631453
2009/7/1 0:00,0.708567,1.536842,0.753438,1.026552,0.156838,0.008335,0.705699,0.629545
2009/7/2 0:00,0.701164,1.525437,0.750272,1.02296,0.156649,0.00832,0.701533,0.625156
2009/7/3 0:00,0.701459,1.524472,0.749709,1.025378,0.156659,0.008354,0.702543,0.634659
2009/7/4 0:00,0.701902,1.51676,0.750466,1.020408,0.156885,0.008272,0.701461,0.637308
2009/7/5 0:00,0.702741,1.518211,0.750112,1.021242,0.156885,0.008292,0.701582,0.638325
2009/7/6 0:00,0.702741,1.518211,0.750112,1.021242,0.156885,0.008292,0.701582,0.638325
2009/7/7 0:00,0.698934,1.517048,0.748024,1.026647,0.157015,0.008347,0.699837,0.633633
2009/7/8 0:00,0.699741,1.51607,0.744543,1.028807,0.157144,0.008344,0.700199,0.635364
2009/7/9 0:00,0.701213,1.513546,0.748083,1.025504,0.157304,0.008338,0.702395,0.639509
2009/7/10 0:00,0.702395,1.513546,0.753491,1.023908,0.157329,0.00835,0.699218,0.639795
2009/7/11 0:00,0.702691,1.519099,0.757401,1.028854,0.157329,0.008344,0.697569,0.642653
2009/7/12 0:00,0.706664,1.517796,0.760193,1.029548,0.157329,0.00834,0.697958,0.644517
2009/7/13 0:00,0.706664,1.517796,0.760193,1.029548,0.157329,0.00834,0.697958,0.644517
2009/7/14 0:00,0.708215,1.514234,0.763234,1.024685,0.157329,0.0083,0.703413,0.649393
2009/7/15 0:00,0.714975,1.523252,0.766568,1.032844,0.157329,0.008318,0.703524,0.653531
2009/7/16 0:00,0.720929,1.531745,0.76683,1.027163,0.157329,0.008337,0.709165,0.661835
2009/7/17 0:00,0.723066,1.532567,0.767816,1.034158,0.157394,0.008341,0.709371,0.66368
2009/7/18 0:00,0.733057,1.532849,0.773647,1.041857,0.157597,0.008315,0.716391,0.670399
2009/7/19 0:00,0.733595,1.530843,0.772487,1.039771,0.157597,0.008315,0.717072,0.669232
2009/7/20 0:00,0.733595,1.530843,0.772487,1.039771,0.157597,0.008315,0.717072,0.669232
2009/7/21 0:00,0.7373,1.536216,0.771563,1.040431,0.158153,0.008339,0.715436,0.673446
2009/7/22 0:00,0.727934,1.524193,0.769515,1.043656,0.157672,0.008347,0.713725,0.66865
2009/7/23 0:00,0.726586,1.544449,0.77104,1.050751,0.157537,0.008389,0.723,0.676613
2009/7/24 0:00,0.733487,1.550388,0.777345,1.052964,0.157575,0.00845,0.725961,0.687002
2009/7/25 0:00,0.727114,1.545058,0.773754,1.05148,0.157416,0.008372,0.72275,0.680156
2009/7/26 0:00,0.726296,1.543555,0.774042,1.048218,0.157416,0.008371,0.722413,0.680944
2009/7/27 0:00,0.726296,1.543555,0.774042,1.048218,0.157416,0.008371,0.722413,0.680944
2009/7/28 0:00,0.726111,1.547353,0.769408,1.045642,0.15723,0.00837,0.720648,0.680064
2009/7/29 0:00,0.726507,1.546001,0.771001,1.046737,0.15752,0.008346,0.7193,0.675858
2009/7/30 0:00,0.722517,1.543925,0.762675,1.04455,0.157498,0.008333,0.71746,0.673151
2009/7/31 0:00,0.721996,1.537953,0.763388,1.028965,0.157282,0.008286,0.717255,0.678058
2009/8/1 0:00,0.722074,1.534213,0.75944,1.022599,0.157503,0.00825,0.715789,0.674787
2009/8/2 0:00,0.721839,1.531394,0.759538,1.021889,0.157503,0.008233,0.715359,0.675151
2009/8/3 0:00,0.721501,1.531452,0.759538,1.021889,0.157503,0.008233,0.715359,0.675333
2009/8/4 0:00,0.725953,1.535709,0.761702,1.018392,0.157401,0.008266,0.718871,0.679117
2009/8/5 0:00,0.721163,1.530948,0.754404,1.013223,0.157401,0.008307,0.716332,0.678702
2009/8/6 0:00,0.714286,1.532555,0.761589,1.015538,0.15725,0.008296,0.718288,0.671795
2009/8/7 0:00,0.707564,1.529988,0.759091,1.008217,0.157314,0.008253,0.712058,0.668047
2009/8/8 0:00,0.713954,1.544879,0.764848,1.013716,0.158275,0.008284,0.713671,0.676201
2009/8/9 0:00,0.71375,1.542603,0.765052,1.012248,0.158275,0.00829,0.713521,0.677438
2009/8/10 0:00,0.71375,1.542603,0.765052,1.012248,0.158275,0.00829,0.713521,0.677438
2009/8/11 0:00,0.714031,1.542972,0.763796,1.015321,0.157793,0.008285,0.713526,0.67465
2009/8/12 0:00,0.717051,1.539883,0.762864,1.008522,0.157826,0.008249,0.71449,0.667401
2009/8/13 0:00,0.714158,1.53657,0.75963,1.00593,0.157831,0.008225,0.712421,0.657787
2009/8/14 0:00,0.714796,1.523693,0.759642,1.00394,0.157575,0.008218,0.710755,0.662647
2009/8/15 0:00,0.70326,1.506648,0.751484,0.994481,0.157403,0.008117,0.704166,0.65136
2009/8/16 0:00,0.704498,1.504948,0.751654,0.994135,0.157403,0.00812,0.704104,0.652443
2009/8/17 0:00,0.704498,1.504948,0.751654,0.994135,0.157403,0.00812,0.704104,0.652443
2009/8/18 0:00,0.705144,1.512402,0.753367,0.998712,0.157178,0.008128,0.703334,0.653787
2009/8/19 0:00,0.702938,1.510951,0.753886,0.992635,0.157188,0.008114,0.703059,0.652891
2009/8/20 0:00,0.70594,1.520797,0.753551,0.996115,0.157048,0.008135,0.70402,0.65606
2009/8/21 0:00,0.711541,1.520994,0.751247,0.998752,0.157003,0.00814,0.704622,0.653659
2009/8/22 0:00,0.71144,1.521375,0.749783,0.991719,0.156892,0.00814,0.702144,0.652699
2009/8/23 0:00,0.713216,1.52345,0.7505,0.994085,0.156892,0.008154,0.70222,0.654643
2009/8/24 0:00,0.713216,1.52345,0.7505,0.994085,0.156892,0.008154,0.70222,0.654643
2009/8/25 0:00,0.708767,1.519526,0.748637,0.992,0.156956,0.008122,0.703069,0.648887
2009/8/26 0:00,0.711845,1.521607,0.750751,0.984426,0.156774,0.008099,0.702889,0.646057
2009/8/27 0:00,0.707714,1.519757,0.74912,0.980037,0.15662,0.008094,0.702282,0.643646
2009/8/28 0:00,0.720565,1.531628,0.753395,0.98595,0.156666,0.008147,0.707631,0.65796
2009/8/29 0:00,0.723432,1.520207,0.750075,0.982053,0.156617,0.008143,0.707709,0.655996
2009/8/30 0:00,0.723772,1.519203,0.749055,0.981894,0.156617,0.008144,0.707967,0.656319
2009/8/31 0:00,0.723772,1.519203,0.749055,0.981894,0.156617,0.008144,0.707967,0.656319
2009/9/1 0:00,0.718597,1.512402,0.747963,0.97995,0.156512,0.00813,0.704804,0.65119
2009/9/2 0:00,0.724034,1.505571,0.750413,0.984107,0.156499,0.008166,0.70807,0.653232
2009/9/3 0:00,0.724664,1.510802,0.752095,0.977986,0.156514,0.00815,0.712119,0.657052
2009/9/4 0:00,0.722961,1.512104,0.751936,0.975991,0.156504,0.008156,0.710376,0.657397
2009/9/5 0:00,0.719011,1.504212,0.748167,0.970261,0.156372,0.00814,0.707414,0.653296
2009/9/6 0:00,0.719502,1.503748,0.747664,0.970921,0.156372,0.00814,0.707169,0.653445
2009/9/7 0:00,0.719502,1.503748,0.747664,0.970921,0.156372,0.00814,0.707169,0.653445
2009/9/8 0:00,0.723563,1.504902,0.750356,0.973179,0.156294,0.008116,0.709358,0.657592
2009/9/9 0:00,0.732198,1.506932,0.748315,0.971062,0.156279,0.008138,0.710578,0.667646
2009/9/10 0:00,0.731101,1.493607,0.74871,0.973757,0.156279,0.008098,0.70813,0.66335
2009/9/11 0:00,0.731101,1.510118,0.747423,1.000555,0.156311,0.008127,0.715154,0.663416
2009/9/12 0:00,0.734808,1.510574,0.748119,1.001532,0.156223,0.008126,0.71635,0.675402
2009/9/13 0:00,0.734403,1.511156,0.748419,1.003764,0.156223,0.008119,0.715231,0.674559
2009/9/14 0:00,0.734403,1.511156,0.748419,1.003764,0.156223,0.008119,0.715231,0.674559
2009/9/15 0:00,0.726691,1.507613,0.740094,0.99785,0.15605,0.00811,0.711794,0.664651
2009/9/16 0:00,0.720903,1.500499,0.735478,1.00595,0.155831,0.008133,0.709615,0.66368
2009/9/17 0:00,0.720955,1.51699,0.73537,1.014091,0.155569,0.008211,0.711974,0.662537
2009/9/18 0:00,0.730407,1.51676,0.735727,1.011675,0.155333,0.008234,0.713638,0.676521
2009/9/19 0:00,0.721553,1.521375,0.7303,1.015847,0.154911,0.008261,0.708541,0.672382
2009/9/20 0:00,0.718856,1.521757,0.726911,1.016984,0.154911,0.008274,0.707489,0.671862
2009/9/21 0:00,0.718856,1.521757,0.726911,1.016984,0.154911,0.008274,0.707489,0.671862
2009/9/22 0:00,0.724638,1.513317,0.727596,1.019784,0.154823,0.008302,0.710227,0.677094
2009/9/23 0:00,0.717412,1.504698,0.728343,1.008654,0.154775,0.008223,0.709706,0.6749
2009/9/24 0:00,0.720513,1.501389,0.723893,1.015332,0.154481,0.008209,0.709403,0.677048
2009/9/25 0:00,0.710581,1.487431,0.715937,1.000951,0.154233,0.008147,0.703485,0.669411
2009/9/26 0:00,0.719865,1.490802,0.721428,1.005895,0.154285,0.008244,0.70807,0.675105
2009/9/27 0:00,0.717283,1.489225,0.716509,1.008014,0.154285,0.008254,0.707689,0.672721
2009/9/28 0:00,0.717283,1.489225,0.716509,1.008014,0.154285,0.008254,0.707689,0.672721
2009/9/29 0:00,0.717077,1.488982,0.714896,1.009591,0.154302,0.008268,0.710399,0.676956
2009/9/30 0:00,0.722961,1.481043,0.717793,1.012915,0.15435,0.00827,0.712365,0.680944
2009/10/1 0:00,0.72197,1.486768,0.720606,1.006897,0.154373,0.008268,0.710919,0.678656
2009/10/2 0:00,0.727088,1.494322,0.723215,1.013223,0.154385,0.008314,0.711896,0.684065
2009/10/3 0:00,0.727061,1.491157,0.723,1.013813,0.154385,0.00831,0.710381,0.682827
2009/10/4 0:00,0.7282,1.491647,0.724375,1.014101,0.154385,0.008303,0.710381,0.684065
2009/10/5 0:00,0.7282,1.491647,0.724375,1.014101,0.154385,0.008303,0.710381,0.684065
2009/10/6 0:00,0.726111,1.488317,0.720189,1.012417,0.154114,0.008312,0.710182,0.685096
2009/10/7 0:00,0.729235,1.480166,0.721917,1.007765,0.154207,0.008303,0.707772,0.687238
2009/10/8 0:00,0.728412,1.483459,0.720106,1.01126,0.154055,0.008294,0.706317,0.683644
2009/10/9 0:00,0.728306,1.473839,0.721709,0.998707,0.153995,0.008316,0.704493,0.684018
2009/10/10 0:00,0.728491,1.474448,0.721813,0.999001,0.153995,0.008315,0.704493,0.68465
2009/10/11 0:00,0.728491,1.474448,0.721813,0.999001,0.153995,0.008315,0.704493,0.684252
2009/10/12 0:00,0.728491,1.474448,0.721813,0.999001,0.153995,0.008315,0.704493,0.684252
2009/10/13 0:00,0.716281,1.468321,0.716145,0.995124,0.153013,0.00838,0.700827,0.673197
2009/10/14 0:00,0.714847,1.466706,0.714921,0.990251,0.153315,0.008404,0.700329,0.66986
2009/10/15 0:00,0.706964,1.462202,0.710043,0.991616,0.152516,0.008433,0.69633,0.663812
2009/10/16 0:00,0.702001,1.457513,0.71097,0.997705,0.151678,0.008472,0.698592,0.665048
2009/10/17 0:00,0.697301,1.451379,0.706989,1.003794,0.151596,0.008494,0.69346,0.65563
2009/10/18 0:00,0.695241,1.452064,0.705604,1.005177,0.151596,0.008529,0.693142,0.654322
2009/10/19 0:00,0.695241,1.452064,0.705604,1.005177,0.151596,0.008529,0.693142,0.654322
2009/10/20 0:00,0.698617,1.454757,0.703665,1.000996,0.152219,0.008514,0.696976,0.6546
2009/10/21 0:00,0.69735,1.439201,0.699611,0.996458,0.152149,0.008488,0.695287,0.651742
2009/10/22 0:00,0.699692,1.446299,0.700363,0.992856,0.152082,0.008464,0.69763,0.656146
2009/10/23 0:00,0.69701,1.439885,0.695096,0.992319,0.15174,0.008473,0.695434,0.646392
2009/10/24 0:00,0.687096,1.429797,0.688919,1.001252,0.151863,0.008557,0.694203,0.643211
2009/10/25 0:00,0.687498,1.425588,0.687959,0.998642,0.151863,0.008547,0.694601,0.64658
2009/10/26 0:00,0.687498,1.425588,0.687959,0.998642,0.151863,0.008547,0.694601,0.64658
2009/10/27 0:00,0.687002,1.427144,0.68861,0.994347,0.152001,0.00852,0.69469,0.644247
2009/10/28 0:00,0.692689,1.416631,0.688852,0.996557,0.152008,0.008497,0.696328,0.648803
2009/10/29 0:00,0.685895,1.416631,0.68526,0.997138,0.152013,0.008595,0.695016,0.639039
2009/10/30 0:00,0.699154,1.41844,0.701277,0.987947,0.151976,0.0085,0.696597,0.649625
2009/10/31 0:00,0.700992,1.430615,0.706285,0.985202,0.151996,0.00845,0.70031,0.647941
2009/11/1 0:00,0.702494,1.426544,0.707872,0.984199,0.151996,0.008419,0.699347,0.649266
2009/11/2 0:00,0.702494,1.426544,0.707872,0.984199,0.151996,0.008419,0.699347,0.649266
2009/11/3 0:00,0.697156,1.424806,0.701828,0.984688,0.15199,0.008432,0.700101,0.647249
2009/11/4 0:00,0.70055,1.433897,0.710959,0.981066,0.151918,0.008439,0.70124,0.649393
2009/11/5 0:00,0.707539,1.427348,0.712545,0.983168,0.152027,0.008413,0.700138,0.652933
2009/11/6 0:00,0.708316,1.43575,0.709892,0.986826,0.152087,0.008433,0.700864,0.646998
2009/11/7 0:00,0.706714,1.417635,0.709348,0.977608,0.152066,0.00826,0.702092,0.6466
2009/11/8 0:00,0.708416,1.424501,0.715802,0.977522,0.152066,0.008256,0.702235,0.648424
2009/11/9 0:00,0.708416,1.424501,0.715802,0.977522,0.152066,0.008256,0.702235,0.648424
2009/11/10 0:00,0.70824,1.436101,0.714133,0.979965,0.152013,0.008258,0.702319,0.651232
2009/11/11 0:00,0.705617,1.439346,0.712352,0.98174,0.15198,0.00831,0.700749,0.649161
2009/11/12 0:00,0.713267,1.457853,0.722282,0.992654,0.152045,0.008476,0.703151,0.665624
2009/11/13 0:00,0.722256,1.457938,0.729448,1.007125,0.152328,0.008561,0.716589,0.673106
2009/11/14 0:00,0.708567,1.446288,0.72097,1.006203,0.152117,0.008545,0.710886,0.662361
2009/11/15 0:00,0.707214,1.450148,0.718639,1.009184,0.152117,0.008555,0.710273,0.662954
2009/11/16 0:00,0.707214,1.450148,0.718639,1.009184,0.152117,0.008555,0.710273,0.662954
2009/11/17 0:00,0.709522,1.441203,0.717417,1.012299,0.152117,0.008659,0.711936,0.663504
2009/11/18 0:00,0.708215,1.450747,0.724344,1.029628,0.152117,0.008696,0.716127,0.666045
2009/11/19 0:00,0.707814,1.447387,0.71564,1.023568,0.152117,0.008766,0.7168,0.664386
2009/11/20 0:00,0.709019,1.4454,0.717026,1.030822,0.152117,0.008959,0.719994,0.668248
2009/11/21 0:00,0.709925,1.446132,0.72294,1.023667,0.152117,0.008849,0.71614,0.662888
2009/11/22 0:00,0.710631,1.450705,0.722204,1.023489,0.152117,0.008832,0.715392,0.662669
2009/11/23 0:00,0.710328,1.450705,0.722204,1.023489,0.152117,0.008832,0.715392,0.662669
2009/11/24 0:00,0.714235,1.444252,0.72338,1.012402,0.153936,0.00873,0.713809,0.665447
2009/11/25 0:00,0.70995,1.429184,0.721061,1.011225,0.153447,0.008785,0.711506,0.656534
2009/11/26 0:00,0.716949,1.431844,0.730388,1.007521,0.153179,0.008754,0.711389,0.662888
2009/11/27 0:00,0.713827,1.432203,0.727738,1.005788,0.153402,0.008806,0.71203,0.661704
2009/11/28 0:00,0.712251,1.433692,0.725021,1.010152,0.153318,0.008885,0.71141,0.661354
2009/11/29 0:00,0.715103,1.440652,0.726361,1.01005,0.153318,0.008884,0.711592,0.662954
2009/11/30 0:00,0.715103,1.440652,0.726361,1.01005,0.153318,0.008884,0.711592,0.662954
2009/12/1 0:00,0.724165,1.414627,0.730506,1.001151,0.153332,0.008845,0.714648,0.672156
2009/12/2 0:00,0.720877,1.405383,0.725168,1.0081,0.153207,0.008917,0.710126,0.666333
2009/12/3 0:00,0.717901,1.394797,0.726538,1.013187,0.153099,0.008981,0.711035,0.663196
2009/12/4 0:00,0.719891,1.3947,0.735294,1.011291,0.153057,0.008882,0.71272,0.669411
2009/12/5 0:00,0.713216,1.386578,0.737964,1.003543,0.152896,0.008785,0.710182,0.66368
2009/12/6 0:00,0.712149,1.387203,0.739982,1.00314,0.152896,0.008773,0.710101,0.662954
2009/12/7 0:00,0.712149,1.387203,0.739982,1.00314,0.152896,0.008773,0.710101,0.662954
2009/12/8 0:00,0.714796,1.392157,0.738989,1.003251,0.152579,0.008851,0.711283,0.6595
2009/12/9 0:00,0.717257,1.393922,0.745851,1.00045,0.152623,0.008782,0.713297,0.661967
2009/12/10 0:00,0.726903,1.405057,0.742914,1.001492,0.152648,0.008784,0.71438,0.664253
2009/12/11 0:00,0.73616,1.41616,0.746274,1.008776,0.153104,0.008813,0.719644,0.674445
2009/12/12 0:00,0.742942,1.423589,0.749738,1.008832,0.153688,0.008788,0.727643,0.680342
2009/12/13 0:00,0.743771,1.423396,0.751092,1.00713,0.153655,0.008788,0.727397,0.682035
2009/12/14 0:00,0.743771,1.423396,0.751092,1.00713,0.153655,0.008788,0.727397,0.682035
2009/12/15 0:00,0.746491,1.423548,0.752021,1.002074,0.15345,0.008799,0.725005,0.679856
2009/12/16 0:00,0.744158,1.420697,0.746408,1.006391,0.153735,0.008885,0.7227,0.67595
2009/12/17 0:00,0.752021,1.422677,0.754606,1.004319,0.153539,0.008853,0.725163,0.67974
2009/12/18 0:00,0.744158,1.430001,0.747161,1.013721,0.153643,0.00884,0.723249,0.666045
2009/12/19 0:00,0.757662,1.44321,0.757857,1.019108,0.153957,0.008798,0.729198,0.676659
2009/12/20 0:00,0.758035,1.438445,0.756578,1.017294,0.153957,0.008786,0.728194,0.674491
2009/12/21 0:00,0.758035,1.438445,0.756578,1.017294,0.153957,0.008786,0.728194,0.674491
2009/12/22 0:00,0.751061,1.432049,0.752842,1.01388,0.153846,0.008804,0.726335,0.668025
2009/12/23 0:00,0.745295,1.415028,0.747887,1.01292,0.153504,0.008853,0.723851,0.659304
2009/12/24 0:00,0.743246,1.409245,0.748433,1.010356,0.153327,0.008796,0.722721,0.659391
2009/12/25 0:00,0.764088,1.448551,0.769394,1.03576,0.15444,0.009008,0.740922,0.684838
2009/12/26 0:00,0.761064,1.448121,0.769405,1.032258,0.154521,0.008967,0.737218,0.680342
2009/12/27 0:00,0.760398,1.448153,0.76892,1.031683,0.154521,0.008963,0.735781,0.679648
2009/12/28 0:00,0.760398,1.448153,0.76892,1.031683,0.154521,0.008963,0.735781,0.679648
2009/12/29 0:00,0.758323,1.437401,0.764921,1.03114,0.154212,0.008952,0.735202,0.67506
2009/12/30 0:00,0.761789,1.421,0.765838,1.028463,0.154081,0.008925,0.734311,0.674514
2009/12/31 0:00,0.753381,1.409245,0.757688,1.024223,0.153697,0.008873,0.731261,0.66986
2010/1/1 0:00,0.751908,1.414827,0.754148,1.024874,0.153499,0.008874,0.730148,0.669591
2010/1/2 0:00,0.751287,1.412659,0.753838,1.022945,0.153499,0.008838,0.729203,0.668405
2010/1/3 0:00,0.750835,1.415458,0.75358,1.02239,0.153499,0.008843,0.728674,0.668695
2010/1/4 0:00,0.750835,1.415458,0.75358,1.02239,0.153499,0.008843,0.728674,0.668695
2010/1/5 0:00,0.754006,1.4237,0.758492,1.026589,0.154089,0.00882,0.729695,0.671885
2010/1/6 0:00,0.761296,1.436678,0.76328,1.031475,0.153727,0.008856,0.736901,0.684556
2010/1/7 0:00,0.766372,1.438849,0.77044,1.037404,0.154677,0.008888,0.740247,0.691085
2010/1/8 0:00,0.767489,1.439263,0.77098,1.043368,0.155063,0.00889,0.742572,0.692113
2010/1/9 0:00,0.768079,1.422273,0.767654,1.044147,0.154354,0.00895,0.741743,0.690179
2010/1/10 0:00,0.767843,1.4229,0.768504,1.044277,0.154354,0.00896,0.740316,0.690417
2010/1/11 0:00,0.767077,1.422647,0.768504,1.044277,0.154354,0.008956,0.740316,0.69025
2010/1/12 0:00,0.762166,1.428571,0.767098,1.043188,0.154354,0.008998,0.740132,0.684627
2010/1/13 0:00,0.752078,1.414827,0.75863,1.045369,0.154385,0.009071,0.736855,0.67891
2010/1/14 0:00,0.759878,1.413428,0.763895,1.046627,0.1543,0.009118,0.742115,0.682198
2010/1/15 0:00,0.750779,1.405877,0.759714,1.045478,0.154727,0.009236,0.739388,0.677209
2010/1/16 0:00,0.755059,1.411632,0.768941,1.048889,0.15466,0.009223,0.741526,0.680897
2010/1/17 0:00,0.755715,1.412659,0.769776,1.048696,0.15466,0.009255,0.741485,0.680851
2010/1/18 0:00,0.755715,1.412659,0.769776,1.048696,0.15466,0.009255,0.741485,0.680851
2010/1/19 0:00,0.760023,1.423356,0.774156,1.047982,0.154811,0.009257,0.744114,0.686059
2010/1/20 0:00,0.766812,1.425344,0.782748,1.045648,0.154665,0.009202,0.743025,0.69056
2010/1/21 0:00,0.764848,1.420596,0.780628,1.034501,0.154359,0.009148,0.739519,0.691611
2010/1/22 0:00,0.770594,1.41623,0.779256,1.034784,0.154259,0.009161,0.733848,0.687002
2010/1/23 0:00,0.771873,1.421201,0.778474,1.034046,0.154426,0.009198,0.736757,0.691491
2010/1/24 0:00,0.771337,1.420202,0.779879,1.033037,0.154426,0.009195,0.736578,0.69197
2010/1/25 0:00,0.771337,1.420202,0.779879,1.033037,0.154426,0.009195,0.736578,0.69197
2010/1/26 0:00,0.774863,1.4285,0.780573,1.037673,0.154435,0.009189,0.739765,0.694686
2010/1/27 0:00,0.781097,1.439367,0.789974,1.0419,0.154844,0.009169,0.748374,0.703878
2010/1/28 0:00,0.781494,1.437815,0.792242,1.030434,0.15454,0.00911,0.744352,0.698812
2010/1/29 0:00,0.774084,1.433045,0.785376,1.027364,0.154276,0.00913,0.741065,0.690989
2010/1/30 0:00,0.770564,1.439678,0.788271,1.021659,0.153822,0.008951,0.738299,0.684767
2010/1/31 0:00,0.771129,1.4406,0.789456,1.021805,0.153822,0.008945,0.738514,0.685307
2010/2/1 0:00,0.771129,1.4406,0.789456,1.021805,0.153822,0.008945,0.738514,0.685307
2010/2/2 0:00,0.771647,1.449748,0.789017,1.025851,0.154012,0.008993,0.739555,0.684744
2010/2/3 0:00,0.774383,1.458396,0.792629,1.026973,0.154,0.008977,0.739284,0.68861
2010/2/4 0:00,0.75985,1.455699,0.791728,1.030641,0.153965,0.008982,0.740826,0.685495
2010/2/5 0:00,0.764672,1.461646,0.798308,1.034768,0.154419,0.009256,0.743273,0.697934
2010/2/6 0:00,0.759446,1.459801,0.795339,1.041775,0.154462,0.009373,0.7423,0.697107
2010/2/7 0:00,0.760485,1.46155,0.796632,1.042275,0.154462,0.009402,0.743901,0.697739
2010/2/8 0:00,0.760485,1.46155,0.796632,1.042275,0.154462,0.009402,0.743901,0.697739
2010/2/9 0:00,0.766313,1.467998,0.798062,1.047834,0.154462,0.009389,0.745443,0.701705
2010/2/10 0:00,0.750244,1.456876,0.788668,1.050525,0.15404,0.009416,0.740881,0.693433
2010/2/11 0:00,0.745684,1.449485,0.776913,1.045041,0.153969,0.009337,0.73645,0.686908
2010/2/12 0:00,0.746408,1.447597,0.777626,1.032482,0.153763,0.009325,0.735713,0.68835
2010/2/13 0:00,0.736187,1.443501,0.773225,1.030344,0.153841,0.009359,0.734646,0.684346
2010/2/14 0:00,0.73673,1.442991,0.774671,1.028188,0.153841,0.009336,0.734422,0.683878
2010/2/15 0:00,0.73673,1.442991,0.774671,1.028188,0.153841,0.009336,0.734422,0.683878
2010/2/16 0:00,0.731154,1.439253,0.768882,1.029601,0.153447,0.009224,0.729703,0.676888
2010/2/17 0:00,0.735159,1.443408,0.773455,1.02511,0.153414,0.009146,0.730223,0.675083
2010/2/18 0:00,0.73929,1.446236,0.779189,1.02994,0.154036,0.009221,0.732595,0.683924
2010/2/19 0:00,0.732064,1.444356,0.778847,1.030992,0.15345,0.009177,0.728422,0.681199
2010/2/20 0:00,0.727511,1.436905,0.772944,1.025094,0.153092,0.009204,0.729004,0.678196
2010/2/21 0:00,0.730007,1.435925,0.772851,1.025131,0.153092,0.009204,0.728725,0.676842
2010/2/22 0:00,0.730007,1.435925,0.772851,1.025131,0.153092,0.009204,0.728725,0.676842
2010/2/23 0:00,0.728863,1.439802,0.775047,1.022809,0.153346,0.009172,0.730426,0.679509
2010/2/24 0:00,0.733756,1.446602,0.775434,1.022443,0.153348,0.009167,0.73042,0.682012
2010/2/25 0:00,0.729661,1.462887,0.774773,1.018984,0.152933,0.009121,0.726678,0.679833
2010/2/26 0:00,0.722308,1.463143,0.763983,1.010101,0.152742,0.009101,0.724635,0.674946
2010/2/27 0:00,0.722596,1.45218,0.762114,1.010152,0.152749,0.009073,0.723717,0.676842
2010/2/28 0:00,0.722517,1.450032,0.762454,1.009856,0.152749,0.009082,0.723783,0.676498
2010/3/1 0:00,0.723406,1.456452,0.762454,1.009856,0.152749,0.00907,0.723783,0.676247
2010/3/2 0:00,0.722204,1.448845,0.761774,1.010918,0.152539,0.009163,0.72584,0.676842
2010/3/3 0:00,0.71736,1.461732,0.760265,1.007425,0.152504,0.009088,0.723476,0.673197
2010/3/4 0:00,0.719632,1.470415,0.764965,1.008985,0.152576,0.009074,0.725189,0.676064
2010/3/5 0:00,0.721605,1.465438,0.769882,1.010285,0.152509,0.009112,0.727691,0.67365
2010/3/6 0:00,0.718649,1.462758,0.767519,1.007389,0.152362,0.009086,0.725718,0.670488
2010/3/7 0:00,0.719399,1.461913,0.76753,1.005394,0.152362,0.009072,0.724719,0.669411
2010/3/8 0:00,0.718494,1.462544,0.76753,1.005834,0.152362,0.009072,0.724719,0.669546
2010/3/9 0:00,0.718597,1.463486,0.765902,1.00777,0.1519,0.008999,0.723924,0.669905
2010/3/10 0:00,0.723301,1.449433,0.763213,1.00634,0.151909,0.00903,0.726187,0.676384
2010/3/11 0:00,0.725242,1.441774,0.764596,1.011736,0.152089,0.009128,0.725977,0.681849
2010/3/12 0:00,0.722596,1.443428,0.763586,1.010239,0.151872,0.009195,0.7275,0.681129
2010/3/13 0:00,0.734997,1.452992,0.772556,1.023788,0.152328,0.009379,0.736144,0.693914
2010/3/14 0:00,0.7259,1.451547,0.772863,1.024858,0.152328,0.009385,0.73714,0.695628
2010/3/15 0:00,0.7259,1.451547,0.772863,1.024858,0.152328,0.009385,0.73714,0.695628
2010/3/16 0:00,0.736648,1.444836,0.779059,1.029935,0.152351,0.009322,0.73724,0.693241
2010/3/17 0:00,0.744796,1.454948,0.782197,1.035411,0.152172,0.009316,0.739358,0.696961
2010/3/18 0:00,0.746798,1.451337,0.786473,1.042862,0.152381,0.009358,0.742341,0.702149
2010/3/19 0:00,0.743743,1.446341,0.785916,1.037436,0.152393,0.009373,0.739519,0.712555
2010/3/20 0:00,0.737463,1.426544,0.783368,1.036318,0.152393,0.009347,0.7347,0.704523
2010/3/21 0:00,0.740001,1.426198,0.782653,1.037086,0.152393,0.009352,0.73511,0.705567
2010/3/22 0:00,0.740001,1.426198,0.782653,1.037086,0.152393,0.009352,0.73511,0.705567
2010/3/23 0:00,0.739044,1.420959,0.782344,1.036474,0.151844,0.009411,0.73783,0.705517
2010/3/24 0:00,0.736052,1.41226,0.777823,1.038745,0.151596,0.009434,0.737732,0.699888
2010/3/25 0:00,0.741098,1.415719,0.774293,1.036828,0.151934,0.009441,0.738236,0.703087
2010/3/26 0:00,0.736079,1.420596,0.771953,1.035465,0.151699,0.0096,0.741095,0.704449
2010/3/27 0:00,0.739508,1.433384,0.776277,1.042085,0.151782,0.009595,0.741293,0.706414
2010/3/28 0:00,0.739618,1.435802,0.775588,1.04196,0.151782,0.009604,0.741592,0.705442
2010/3/29 0:00,0.739618,1.43575,0.775588,1.04196,0.151782,0.009604,0.741592,0.705069
2010/3/30 0:00,0.745657,1.466544,0.780214,1.039825,0.152043,0.009614,0.744419,0.711187
2010/3/31 0:00,0.746519,1.467233,0.780823,1.040843,0.151738,0.00955,0.745026,0.712911
2010/4/1 0:00,0.749288,1.464686,0.779089,1.042699,0.152033,0.009575,0.746361,0.71582
2010/4/2 0:00,0.759648,1.482701,0.782626,1.043705,0.152038,0.00945,0.747275,0.724113
2010/4/3 0:00,0.748744,1.37193,0.772386,1.029458,0.151016,0.009786,0.741576,0.713318
2010/4/4 0:00,0.748867,1.368045,0.769133,1.030721,0.151016,0.009782,0.739533,0.713318
2010/4/5 0:00,0.748867,1.368045,0.769133,1.030721,0.151016,0.009782,0.739533,0.713318
2010/4/6 0:00,0.733434,1.317592,0.762547,1.022411,0.15034,0.009812,0.733541,0.699399
2010/4/7 0:00,0.736269,1.332765,0.765313,1.017895,0.150419,0.009739,0.737762,0.702889
2010/4/8 0:00,0.742501,1.343616,0.768935,1.021607,0.150675,0.009751,0.741444,0.71048
2010/4/9 0:00,0.743246,1.32318,0.770336,1.020689,0.150419,0.009684,0.739916,0.711288
2010/4/10 0:00,0.748699,1.32633,0.774003,1.026694,0.150247,0.009759,0.74265,0.716435
2010/4/11 0:00,0.749991,1.326357,0.774554,1.027797,0.150247,0.009752,0.743163,0.717952
2010/4/12 0:00,0.749991,1.326357,0.774554,1.027797,0.150247,0.009752,0.743163,0.717952
2010/4/13 0:00,0.753949,1.329416,0.77818,1.029988,0.150031,0.009753,0.743262,0.722961
2010/4/14 0:00,0.745935,1.304351,0.772156,1.02501,0.149707,0.00985,0.740324,0.714235
2010/4/15 0:00,0.749738,1.291381,0.77006,1.024611,0.14941,0.009877,0.739875,0.711238
2010/4/16 0:00,0.747943,1.289898,0.768749,1.022286,0.149676,0.009932,0.740944,0.722648
2010/4/17 0:00,0.755829,1.294373,0.766069,1.016735,0.149519,0.009937,0.742785,0.72873
2010/4/18 0:00,0.756974,1.29475,0.766927,1.01717,0.149519,0.009942,0.743337,0.730647
2010/4/19 0:00,0.756974,1.29475,0.766927,1.01717,0.149519,0.009942,0.743337,0.730647
2010/4/20 0:00,0.753211,1.297597,0.761748,1.017718,0.14939,0.009721,0.739943,0.721917
2010/4/21 0:00,0.764263,1.32611,0.769083,1.013274,0.149508,0.009536,0.743152,0.731904
2010/4/22 0:00,0.761557,1.31572,0.771953,1.017232,0.14956,0.009584,0.742495,0.728651
2010/4/23 0:00,0.763621,1.33053,0.775795,1.019945,0.14962,0.009482,0.744549,0.720773
2010/4/24 0:00,0.75959,1.319131,0.771653,1.016963,0.149504,0.009471,0.742633,0.714235
2010/4/25 0:00,0.757892,1.319044,0.771159,1.017998,0.149504,0.009538,0.741961,0.711642
2010/4/26 0:00,0.757892,1.319044,0.771159,1.017998,0.149504,0.009538,0.741961,0.711642
2010/4/27 0:00,0.759532,1.326357,0.771245,1.018491,0.149077,0.009432,0.741741,0.710858
2010/4/28 0:00,0.750441,1.310298,0.76728,1.01493,0.149327,0.009427,0.738539,0.704597
2010/4/29 0:00,0.747999,1.316716,0.766424,1.012392,0.149724,0.009357,0.736675,0.702321
2010/4/30 0:00,0.748722,1.319192,0.764973,1.013294,0.149726,0.009447,0.737311,0.697569
2010/5/1 0:00,0.745573,1.311003,0.759059,1.011972,0.149867,0.009424,0.73609,0.699081
2010/5/2 0:00,0.746547,1.311329,0.761586,1.013212,0.149433,0.009427,0.735841,0.700158
2010/5/3 0:00,0.746547,1.311329,0.761586,1.013212,0.149433,0.009427,0.735841,0.700158
2010/5/4 0:00,0.746854,1.314147,0.75657,1.014291,0.14979,0.00945,0.734169,0.699252
2010/5/5 0:00,0.751343,1.315037,0.75755,1.008186,0.149881,0.00955,0.73567,0.703755
2010/5/6 0:00,0.746519,1.313396,0.756581,1.007384,0.149894,0.009465,0.736399,0.705069
2010/5/7 0:00,0.75092,1.315703,0.758947,1.019223,0.150267,0.009516,0.738967,0.707064
2010/5/8 0:00,0.759532,1.322655,0.765679,1.031779,0.15067,0.009797,0.745095,0.721527
2010/5/9 0:00,0.759676,1.322953,0.76678,1.031358,0.150661,0.009799,0.746347,0.720357
2010/5/10 0:00,0.759676,1.322953,0.76678,1.031358,0.150661,0.009799,0.746347,0.720357
2010/5/11 0:00,0.756573,1.319583,0.76356,1.032706,0.150519,0.009771,0.745865,0.719243
2010/5/12 0:00,0.760427,1.333814,0.763245,1.037027,0.150906,0.00992,0.747401,0.723615
2010/5/13 0:00,0.758697,1.332436,0.764526,1.028568,0.150744,0.009877,0.744951,0.714898
2010/5/14 0:00,0.76298,1.310839,0.768374,1.027079,0.15056,0.009881,0.744948,0.717901
2010/5/15 0:00,0.76205,1.308678,0.759382,1.021085,0.1502,0.009829,0.742937,0.714031
2010/5/16 0:00,0.761963,1.307096,0.758996,1.019581,0.14977,0.009822,0.742779,0.713801
2010/5/17 0:00,0.761963,1.307096,0.758996,1.019581,0.14977,0.009822,0.742779,0.713801
2010/5/18 0:00,0.765726,1.303025,0.760083,1.01703,0.150105,0.009756,0.742322,0.714184
2010/5/19 0:00,0.766842,1.300103,0.761432,1.018221,0.150288,0.00982,0.743989,0.715871
2010/5/20 0:00,0.77232,1.300483,0.766654,1.024737,0.150699,0.009867,0.746152,0.722022
2010/5/21 0:00,0.770564,1.295295,0.771394,1.025573,0.150897,0.009817,0.744688,0.72197
2010/5/22 0:00,0.764994,1.291047,0.771456,1.026257,0.150715,0.00989,0.742782,0.719476
2010/5/23 0:00,0.764643,1.291873,0.771819,1.02593,0.150431,0.009871,0.743387,0.719709
2010/5/24 0:00,0.764643,1.291873,0.771819,1.02593,0.150431,0.009871,0.743387,0.719709
2010/5/25 0:00,0.768197,1.28817,0.774084,1.028383,0.150684,0.009882,0.744358,0.721215
2010/5/26 0:00,0.770475,1.303781,0.778189,1.039393,0.151006,0.00998,0.746904,0.728465
2010/5/27 0:00,0.76298,1.300898,0.776811,1.03728,0.150774,0.009969,0.743912,0.722831
2010/5/28 0:00,0.768403,1.31406,0.782751,1.045484,0.150855,0.010014,0.746595,0.72873
2010/5/29 0:00,0.761644,1.30736,0.776609,1.041114,0.150301,0.009977,0.742424,0.726085
2010/5/30 0:00,0.762515,1.307677,0.777309,1.041341,0.15106,0.00998,0.742666,0.727405
2010/5/31 0:00,0.762602,1.307002,0.777152,1.040274,0.150351,0.009978,0.742666,0.727405
2010/6/1 0:00,0.762457,1.31337,0.771578,1.039669,0.150375,0.00997,0.740488,0.727379
2010/6/2 0:00,0.763184,1.319557,0.775188,1.039988,0.150577,0.009988,0.740357,0.730994
2010/6/3 0:00,0.761025,1.31765,0.773078,1.032455,0.150167,0.009941,0.73858,0.729625
2010/6/4 0:00,0.76118,1.317436,0.773156,1.033058,0.150225,0.009948,0.738836,0.729581
2010/6/5 0:00,0.758956,1.315097,0.769853,1.025126,0.149876,0.009853,0.737191,0.72619
2010/6/6 0:00,0.762515,1.313301,0.768876,1.022223,0.149882,0.009821,0.735835,0.723798
2010/6/7 0:00,0.756287,1.313845,0.769201,1.022688,0.149882,0.009821,0.735889,0.723956
2010/6/8 0:00,0.757834,1.310616,0.768678,1.023337,0.149793,0.009808,0.735727,0.7259
2010/6/9 0:00,0.750554,1.308216,0.76476,1.016518,0.149757,0.009702,0.732864,0.721189
2010/6/10 0:00,0.751597,1.31337,0.762079,1.017294,0.149723,0.009672,0.734101,0.7259
2010/6/11 0:00,0.75566,1.329699,0.769325,1.019924,0.149689,0.0096,0.735537,0.728412
2010/6/12 0:00,0.756344,1.329655,0.769595,1.01995,0.149689,0.009616,0.735586,0.729208
2010/6/13 0:00,0.756974,1.329442,0.769527,1.019981,0.149689,0.009617,0.73524,0.730353
2010/6/14 0:00,0.75706,1.329398,0.769556,1.019321,0.149649,0.009618,0.735132,0.729501
2010/6/15 0:00,0.758604,1.331026,0.773291,1.020408,0.149788,0.009674,0.736757,0.730807
2010/6/16 0:00,0.768167,1.343544,0.779226,1.030641,0.149565,0.009795,0.742611,0.741812
2010/6/17 0:00,0.766871,1.3328,0.775344,1.031109,0.150098,0.009826,0.742446,0.744685
2010/6/18 0:00,0.764643,1.330672,0.77444,1.028256,0.150054,0.009763,0.74042,0.739208
2010/6/19 0:00,0.754774,1.325908,0.766328,1.024018,0.149334,0.00974,0.735919,0.733192
2010/6/20 0:00,0.753892,1.3267,0.766348,1.02521,0.14933,0.009737,0.735841,0.732091
2010/6/21 0:00,0.752502,1.331203,0.764643,1.027063,0.149697,0.009807,0.735646,0.731957
2010/6/22 0:00,0.746854,1.318131,0.759532,1.027063,0.149715,0.00979,0.731957,0.726111
2010/6/23 0:00,0.747077,1.320481,0.759425,1.023913,0.149921,0.009742,0.731888,0.726348
2010/6/24 0:00,0.74758,1.322751,0.758593,1.027538,0.14999,0.009766,0.733703,0.729076
2010/6/25 0:00,0.750976,1.322401,0.761058,1.029564,0.149868,0.009802,0.733579,0.731074
2010/6/26 0:00,0.748559,1.302592,0.756885,1.020486,0.149784,0.009773,0.730762,0.726401
2010/6/27 0:00,0.749288,1.300001,0.756796,1.020039,0.14858,0.009777,0.730946,0.726559
2010/6/28 0:00,0.749176,1.3005,0.756802,1.018081,0.149851,0.009778,0.730941,0.726401
2010/6/29 0:00,0.75429,1.302932,0.757579,1.020273,0.150004,0.00983,0.734498,0.730007
2010/6/30 0:00,0.754205,1.297353,0.756024,1.021237,0.149813,0.009823,0.733708,0.730727
2010/7/1 0:00,0.758006,1.299545,0.757581,1.023133,0.149876,0.009914,0.736223,0.731609
2010/7/2 0:00,0.764,1.309415,0.766163,1.032338,0.150008,0.009921,0.7373,0.730994
2010/7/3 0:00,0.76147,1.29584,0.759175,1.031593,0.149751,0.009901,0.73567,0.723014
2010/7/4 0:00,0.762369,1.296899,0.758581,1.030923,0.150033,0.009898,0.735781,0.72469
2010/7/5 0:00,0.762369,1.296899,0.758581,1.030923,0.150033,0.009898,0.735781,0.72469
2010/7/6 0:00,0.764029,1.296344,0.75726,1.03197,0.149957,0.009971,0.735229,0.728226
2010/7/7 0:00,0.766577,1.301914,0.756621,1.03054,0.14994,0.009971,0.735478,0.730034
2010/7/8 0:00,0.767048,1.300728,0.757194,1.0294,0.149806,0.009941,0.73474,0.725426
2010/7/9 0:00,0.763796,1.296176,0.759717,1.033618,0.149979,0.009905,0.732963,0.725979
2010/7/10 0:00,0.766577,1.297859,0.762274,1.030551,0.149864,0.009865,0.733323,0.728783
2010/7/11 0:00,0.765961,1.297901,0.761748,1.029479,0.15076,0.009868,0.733563,0.728385
2010/7/12 0:00,0.765931,1.296294,0.761528,1.028235,0.150664,0.009868,0.733568,0.728518
2010/7/13 0:00,0.766489,1.284192,0.762041,1.026536,0.149896,0.009848,0.732145,0.726956
2010/7/14 0:00,0.761354,1.272678,0.757125,1.020882,0.149832,0.009714,0.729283,0.722308
2010/7/15 0:00,0.762137,1.27486,0.759532,1.024984,0.149925,0.009659,0.730058,0.717772
2010/7/16 0:00,0.757805,1.264542,0.756859,1.020867,0.149865,0.009618,0.728558,0.715359
2010/7/17 0:00,0.756916,1.243936,0.753429,1.020356,0.149876,0.009697,0.727794,0.71347
2010/7/18 0:00,0.75838,1.243495,0.752078,1.022955,0.149808,0.009719,0.72812,0.716307
2010/7/19 0:00,0.760774,1.235788,0.75914,1.017434,0.149065,0.009639,0.727146,0.713216
2010/7/20 0:00,0.753494,1.211534,0.753679,1.011056,0.148858,0.009691,0.725155,0.704945
2010/7/21 0:00,0.756916,1.223541,0.754996,1.011005,0.148754,0.009587,0.722001,0.707114
2010/7/22 0:00,0.757404,1.22549,0.757777,1.013839,0.148717,0.009658,0.724034,0.709698
2010/7/23 0:00,0.762747,1.221299,0.76246,1.012212,0.14861,0.009631,0.720448,0.710631
2010/7/24 0:00,0.761702,1.218851,0.761009,1.009928,0.14915,0.009599,0.71921,0.708667
2010/7/25 0:00,0.761731,1.218999,0.760832,1.009688,0.148591,0.009598,0.719321,0.708717
2010/7/26 0:00,0.762486,1.219401,0.761449,1.012002,0.148454,0.009622,0.719994,0.713267
2010/7/27 0:00,0.767254,1.229559,0.762858,1.010918,0.148298,0.009631,0.721662,0.720487
2010/7/28 0:00,0.77229,1.227295,0.76239,1.010714,0.148429,0.009681,0.721425,0.722961
2010/7/29 0:00,0.763213,1.226392,0.75745,1.008593,0.148182,0.009619,0.718435,0.720098
2010/7/30 0:00,0.759994,1.223391,0.750309,1.00548,0.147866,0.009624,0.716936,0.715922
2010/7/31 0:00,0.760572,1.224597,0.750103,1.007988,0.147927,0.009634,0.717257,0.716384
2010/8/1 0:00,0.760572,1.224597,0.750103,1.007988,0.147851,0.009634,0.717257,0.716384
2010/8/2 0:00,0.759965,1.220398,0.746857,1.006416,0.147615,0.009593,0.71719,0.71286
2010/8/3 0:00,0.764883,1.219512,0.750272,1.006421,0.14749,0.009592,0.719135,0.716435
2010/8/4 0:00,0.765257,1.222793,0.748646,1.006695,0.147639,0.009561,0.719391,0.715615
2010/8/5 0:00,0.759215,1.217137,0.74689,1.005237,0.147415,0.009498,0.716463,0.711642
2010/8/6 0:00,0.758783,1.215658,0.747189,1.007455,0.147508,0.00949,0.71803,0.714796
2010/8/7 0:00,0.759821,1.219096,0.746505,1.012397,0.148302,0.009549,0.718401,0.716692
2010/8/8 0:00,0.75884,1.2192,0.746519,1.012797,0.147096,0.009549,0.718546,0.716486
2010/8/9 0:00,0.760341,1.220703,0.745868,1.010392,0.147615,0.009512,0.718236,0.714439
2010/8/10 0:00,0.764175,1.222793,0.746182,1.023437,0.147855,0.009592,0.719834,0.715768
2010/8/11 0:00,0.767489,1.231967,0.74648,1.029071,0.147992,0.009698,0.72338,0.730407
2010/8/12 0:00,0.767548,1.245245,0.74643,1.026036,0.147796,0.009704,0.72235,0.732547
2010/8/13 0:00,0.767725,1.252348,0.746322,1.031933,0.147988,0.009706,0.723029,0.732493
2010/8/14 0:00,0.767371,1.251831,0.746088,1.032951,0.148006,0.009699,0.722953,0.732896
2010/8/15 0:00,0.767636,1.251799,0.745962,1.032578,0.147883,0.009699,0.722648,0.732789
2010/8/16 0:00,0.769853,1.239926,0.746938,1.024853,0.147538,0.009562,0.71922,0.732225
2010/8/17 0:00,0.773096,1.237011,0.749822,1.024795,0.14733,0.009525,0.719932,0.735889
2010/8/18 0:00,0.767283,1.246417,0.745595,1.017134,0.147486,0.009531,0.716607,0.729501
2010/8/19 0:00,0.759532,1.251564,0.74214,1.012279,0.146994,0.009378,0.709675,0.720409
2010/8/20 0:00,0.755287,1.259763,0.73993,1.011839,0.14686,0.00938,0.708153,0.713521
2010/8/21 0:00,0.755316,1.260152,0.738503,1.012187,0.146789,0.009375,0.707914,0.711845
2010/8/22 0:00,0.755316,1.260152,0.738503,1.012187,0.146789,0.009375,0.707914,0.711845
2010/8/23 0:00,0.754148,1.246572,0.736307,1.001989,0.14613,0.009234,0.705574,0.708265
2010/8/24 0:00,0.75375,1.242545,0.742016,0.998951,0.14577,0.009184,0.706437,0.708291
2010/8/25 0:00,0.748951,1.244787,0.745921,0.99782,0.145351,0.009162,0.706691,0.707364
2010/8/26 0:00,0.745712,1.245175,0.74443,0.994951,0.14537,0.009124,0.705378,0.705916
2010/8/27 0:00,0.734187,1.232742,0.739771,0.990119,0.145214,0.009045,0.701262,0.70279
2010/8/28 0:00,0.734187,1.234446,0.740362,0.990099,0.145165,0.009014,0.701066,0.701656
2010/8/29 0:00,0.733837,1.234499,0.740384,0.991129,0.145169,0.009015,0.701804,0.700795
2010/8/30 0:00,0.735537,1.246362,0.744056,0.988694,0.145007,0.009,0.701164,0.705393
2010/8/31 0:00,0.738907,1.243163,0.744604,0.98979,0.145245,0.009004,0.701644,0.704722
2010/9/1 0:00,0.738689,1.243626,0.742198,0.984737,0.144504,0.008884,0.698088,0.700697
2010/9/2 0:00,0.741372,1.24502,0.741466,0.984339,0.144523,0.008829,0.698373,0.70055
2010/9/3 0:00,0.742694,1.245601,0.740014,0.986952,0.144553,0.008844,0.699966,0.704399
2010/9/4 0:00,0.744518,1.247653,0.739593,0.985367,0.144513,0.008843,0.70043,0.704349
2010/9/5 0:00,0.743716,1.2477,0.739399,0.986047,0.144438,0.00883,0.700378,0.7043
2010/9/6 0:00,0.747831,1.240849,0.745476,0.985125,0.14468,0.008913,0.701508,0.706714
2010/9/7 0:00,0.746436,1.249531,0.743749,0.986295,0.144995,0.008858,0.700697,0.711288
2010/9/8 0:00,0.738662,1.248751,0.744081,0.98146,0.145258,0.008746,0.697297,0.708015
2010/9/9 0:00,0.741125,1.25897,0.750331,0.986787,0.145212,0.008743,0.700653,0.706814
2010/9/10 0:00,0.744546,1.268231,0.751933,0.989413,0.145212,0.008791,0.704126,0.713496
2010/9/11 0:00,0.745796,1.27331,0.752273,0.989609,0.145212,0.00881,0.704722,0.714184
2010/9/12 0:00,0.745045,1.273301,0.752361,0.98956,0.145212,0.00881,0.704622,0.714184
2010/9/13 0:00,0.747692,1.27081,0.753915,0.98959,0.145328,0.008761,0.702469,0.713216
2010/9/14 0:00,0.745601,1.271375,0.752615,0.990688,0.145307,0.008773,0.704722,0.711592
2010/9/15 0:00,0.74768,1.260923,0.754623,0.992812,0.145338,0.008806,0.705015,0.715615
2010/9/16 0:00,0.744602,1.256755,0.75637,0.984417,0.145351,0.008756,0.701971,0.716153
2010/9/17 0:00,0.744158,1.257703,0.759512,0.981691,0.144766,0.008682,0.6988,0.713903
2010/9/18 0:00,0.745184,1.257743,0.758708,0.983158,0.144766,0.008666,0.699088,0.713547
2010/9/19 0:00,0.74499,1.257498,0.758639,0.983187,0.144766,0.008666,0.699105,0.713598
2010/9/20 0:00,0.748951,1.267042,0.761023,0.98432,0.144783,0.008668,0.701223,0.718856
2010/9/21 0:00,0.749681,1.268553,0.762262,0.988685,0.144892,0.008676,0.702585,0.720617
2010/9/22 0:00,0.751654,1.271456,0.762367,0.990256,0.14482,0.008693,0.702938,0.723014
2010/9/23 0:00,0.733999,1.23839,0.746021,0.967123,0.144003,0.008445,0.690799,0.701238
2010/9/24 0:00,0.730567,1.247194,0.750379,0.9764,0.143684,0.00851,0.692502,0.698666
2010/9/25 0:00,0.729714,1.249001,0.749822,0.974137,0.143693,0.008481,0.692473,0.696088
2010/9/26 0:00,0.729714,1.249001,0.749822,0.974137,0.143693,0.008481,0.692473,0.696088
2010/9/27 0:00,0.726533,1.242236,0.746335,0.978043,0.14381,0.008579,0.691628,0.695217
2010/9/28 0:00,0.725058,1.235025,0.747552,0.97219,0.143868,0.008479,0.692521,0.691683
2010/9/29 0:00,0.724506,1.23533,0.746801,0.974721,0.144042,0.008493,0.692413,0.690322
2010/9/30 0:00,0.721553,1.229559,0.742209,0.9755,0.143879,0.008509,0.690534,0.690655
2010/10/1 0:00,0.717618,1.22519,0.739235,0.9738,0.143962,0.00853,0.691009,0.687191
2010/10/2 0:00,0.719114,1.2278,0.738089,0.973189,0.143962,0.008527,0.691133,0.687687
2010/10/3 0:00,0.719114,1.2278,0.738089,0.973189,0.143962,0.008527,0.691133,0.687687
2010/10/4 0:00,0.719735,1.228501,0.740384,0.973047,0.143972,0.008537,0.690978,0.690846
2010/10/5 0:00,0.718701,1.226001,0.737776,0.972479,0.143833,0.00851,0.690164,0.688753
2010/10/6 0:00,0.718494,1.222195,0.737485,0.969974,0.143697,0.0085,0.688565,0.690846
2010/10/7 0:00,0.721839,1.223459,0.741155,0.977297,0.143763,0.008595,0.690288,0.695701
2010/10/8 0:00,0.723197,1.234111,0.745184,0.984446,0.143997,0.008562,0.691419,0.695943
2010/10/9 0:00,0.720825,1.233905,0.744131,0.980344,0.143993,0.008555,0.690942,0.692689
2010/10/10 0:00,0.720825,1.233905,0.744131,0.980344,0.143993,0.008555,0.690942,0.692689
