date,0,1,2,3,4,5,6,OT
1990/1/1 0:00,0.7855,1.611,0.861698,0.634196,0.211242,0.006838,0.525486,0.593
1990/1/2 0:00,0.7818,1.61,0.861104,0.633513,0.211242,0.006863,0.523972,0.594
1990/1/3 0:00,0.7867,1.6293,0.86103,0.648508,0.211242,0.006975,0.526316,0.5973
1990/1/4 0:00,0.786,1.637,0.862069,0.650618,0.211242,0.006953,0.523834,0.597
1990/1/5 0:00,0.7849,1.653,0.861995,0.656254,0.211242,0.00694,0.527426,0.5985
1990/1/6 0:00,0.7866,1.6537,0.86103,0.654879,0.211242,0.006887,0.526177,0.604
1990/1/7 0:00,0.7886,1.662,0.862887,0.661157,0.211242,0.006885,0.527565,0.607
1990/1/8 0:00,0.791,1.6568,0.864304,0.659631,0.211242,0.006878,0.527565,0.6084
1990/1/9 0:00,0.7939,1.6695,0.86423,0.66912,0.211242,0.006878,0.528123,0.6115
1990/1/10 0:00,0.7894,1.657,0.858369,0.659413,0.211242,0.006874,0.528123,0.609
1990/1/11 0:00,0.7917,1.6495,0.859107,0.663702,0.211242,0.006873,0.529381,0.612
1990/1/12 0:00,0.7941,1.6445,0.853752,0.658545,0.211242,0.006844,0.529101,0.614
1990/1/13 0:00,0.7935,1.6465,0.848176,0.660284,0.211242,0.006866,0.532765,0.6106
1990/1/14 0:00,0.7954,1.639,0.845309,0.652742,0.211242,0.006829,0.532056,0.6118
1990/1/15 0:00,0.7751,1.649,0.848896,0.66313,0.211242,0.006845,0.53135,0.6052
1990/1/16 0:00,0.7622,1.655,0.843526,0.668226,0.211242,0.006881,0.533049,0.5915
1990/1/17 0:00,0.7583,1.6572,0.839983,0.672043,0.211242,0.006924,0.532623,0.5945
1990/1/18 0:00,0.7605,1.657,0.837591,0.667557,0.211242,0.006976,0.534188,0.5928
1990/1/19 0:00,0.7635,1.678,0.841397,0.672948,0.211242,0.006987,0.535045,0.595
1990/1/20 0:00,0.766,1.6818,0.839913,0.670691,0.211242,0.00694,0.537201,0.597
1990/1/21 0:00,0.7685,1.6794,0.843313,0.664894,0.211242,0.006918,0.536481,0.602
1990/1/22 0:00,0.7702,1.6815,0.842886,0.667468,0.211242,0.006901,0.536193,0.5983
1990/1/23 0:00,0.7735,1.6817,0.841255,0.668003,0.211242,0.006879,0.535475,0.6003
1990/1/24 0:00,0.7655,1.695,0.840407,0.675584,0.211242,0.006878,0.535906,0.5998
1990/1/25 0:00,0.7665,1.702,0.841822,0.677094,0.211242,0.00689,0.538503,0.601
1990/1/26 0:00,0.7575,1.699,0.837872,0.674992,0.211242,0.006874,0.537779,0.5936
1990/1/27 0:00,0.7545,1.687,0.835352,0.668986,0.211242,0.006878,0.536769,0.5915
1990/1/28 0:00,0.7493,1.6925,0.8364,0.668003,0.211242,0.006887,0.536337,0.593
1990/1/29 0:00,0.7521,1.695,0.83167,0.668539,0.211242,0.006935,0.536625,0.5926
1990/1/30 0:00,0.7521,1.6905,0.833403,0.668003,0.211242,0.006925,0.535906,0.5925
1990/1/31 0:00,0.7457,1.696,0.828638,0.670107,0.211242,0.006931,0.536625,0.5815
1990/2/1 0:00,0.75,1.693,0.829187,0.6814473999999999,0.211242,0.006925,0.536193,0.585
1990/2/2 0:00,0.7567,1.6955,0.834028,0.6780502,0.211242,0.006937,0.535045,0.5883
1990/2/3 0:00,0.7595,1.704,0.831947,0.6776712,0.211242,0.006875,0.537634,0.5898
1990/2/4 0:00,0.7586,1.715,0.832432,0.6780502,0.211242,0.006881,0.537346,0.5887
1990/2/5 0:00,0.7646,1.7147,0.83717,0.6776712,0.211242,0.006854,0.536481,0.5897
1990/2/6 0:00,0.7652,1.71,0.835422,0.6806684000000001,0.211242,0.006806,0.535906,0.5902
1990/2/7 0:00,0.765,1.693,0.834725,0.6780502,0.211242,0.006718,0.536193,0.5882
1990/2/8 0:00,0.7605,1.692,0.83696,0.6780502,0.211242,0.006728,0.536049,0.5877
1990/2/9 0:00,0.7601,1.6892,0.838715,0.6780502,0.211242,0.00672,0.535619,0.588
1990/2/10 0:00,0.7635,1.665,0.840195,0.6780502,0.211242,0.006681,0.533333,0.5872
1990/2/11 0:00,0.7596,1.651,0.837521,0.6780502,0.211242,0.006654,0.533333,0.5884
1990/2/12 0:00,0.7585,1.6388,0.839913,0.6780502,0.211242,0.006676,0.534045,0.5878
1990/2/13 0:00,0.7611,1.649,0.84246,0.6776712,0.211242,0.006676,0.533903,0.5891
1990/2/14 0:00,0.7596,1.639,0.843811,0.6776712,0.211242,0.006613,0.533476,0.5889
1990/2/15 0:00,0.7607,1.6425,0.847817,0.6780502,0.211242,0.00663,0.533618,0.5879
1990/2/16 0:00,0.7607,1.6181,0.847961,0.6806684000000001,0.211242,0.006608,0.534045,0.5907
1990/2/17 0:00,0.758,1.6103,0.848176,0.6776712,0.211242,0.006563,0.533618,0.5892
1990/2/18 0:00,0.761,1.6003,0.849041,0.6799094,0.211242,0.006555,0.532623,0.5863
1990/2/19 0:00,0.7635,1.609,0.851426,0.6780502,0.211242,0.006569,0.533333,0.5874
1990/2/20 0:00,0.7563,1.6175,0.848896,0.6776712,0.211242,0.006555,0.533333,0.5898
1990/2/21 0:00,0.7536,1.6235,0.847242,0.6780502,0.211242,0.006563,0.533618,0.588
1990/2/22 0:00,0.7549,1.6103,0.844809,0.6799094,0.211242,0.006515,0.533618,0.5855
1990/2/23 0:00,0.7565,1.6105,0.847961,0.6780014,0.211242,0.006499,0.533476,0.5832
1990/2/24 0:00,0.752,1.5945,0.849762,0.6778549999999999,0.211242,0.006487,0.532056,0.5793
1990/2/25 0:00,0.7504,1.601,0.849834,0.6803754000000001,0.211242,0.006447,0.53135,0.581
1990/2/26 0:00,0.7474,1.604,0.851064,0.6778549999999999,0.211242,0.006498,0.531773,0.5785
1990/2/27 0:00,0.7469,1.618,0.850412,0.6803754,0.211242,0.00639,0.530926,0.5805
1990/2/28 0:00,0.7452,1.6261,0.85034,0.6803754000000001,0.211242,0.006353,0.530786,0.5808
1990/3/1 0:00,0.7471,1.6275,0.850196,0.6781586000000001,0.211242,0.006299,0.529801,0.5767
1990/3/2 0:00,0.7523,1.55068,0.851571,0.6778549999999999,0.211242,0.00638,0.530082,0.5783
1990/3/3 0:00,0.7548,1.50412,0.854336,0.6778549999999999,0.211242,0.006336,0.530363,0.579
1990/3/4 0:00,0.7561,1.48362,0.855066,0.6778549999999999,0.211265,0.006293,0.530223,0.5778
1990/3/5 0:00,0.7605,1.559,0.857486,0.6781586,0.211265,0.006284,0.530645,0.577
1990/3/6 0:00,0.7669,1.5205199999999999,0.856678,0.6778550000000001,0.211242,0.006305,0.531915,0.579
1990/3/7 0:00,0.765,1.48362,0.855725,0.6813771999999999,0.211242,0.006342,0.532481,0.5782
1990/3/8 0:00,0.765,1.48362,0.858001,0.6778549999999999,0.211242,0.006343,0.533191,0.578
1990/3/9 0:00,0.763,1.48362,0.860807,0.6778550000000001,0.211242,0.006349,0.532765,0.5784
1990/3/10 0:00,0.7643,1.48362,0.860956,0.6778549999999999,0.211242,0.006306,0.531915,0.5783
1990/3/11 0:00,0.7663,1.48362,0.858222,0.6778549999999999,0.211242,0.006318,0.532623,0.5792
1990/3/12 0:00,0.7663,1.48362,0.859771,0.6778549999999999,0.211242,0.006322,0.532765,0.5796
1990/3/13 0:00,0.765,1.48362,0.858369,0.6778549999999999,0.211242,0.006299,0.532765,0.5795
1990/3/14 0:00,0.7654,1.48362,0.856898,0.6778550000000001,0.211242,0.006275,0.532765,0.5796
1990/3/15 0:00,0.7653,1.5219799999999999,0.855945,0.6860725999999999,0.211242,0.006254,0.532198,0.5777
1990/3/16 0:00,0.77,1.6109000000000002,0.860363,0.6845488,0.211242,0.006285,0.532056,0.5788
1990/3/17 0:00,0.7732,1.7009999999999998,0.860659,0.6876772000000001,0.211242,0.00639,0.5645068,0.5815
1990/3/18 0:00,0.7705,1.7009999999999998,0.859993,0.6826574,0.211242,0.006335,0.5566112000000001,0.5827
1990/3/19 0:00,0.7655,1.5214400000000001,0.861326,0.6829346000000001,0.211242,0.006341,0.5400062,0.5828
1990/3/20 0:00,0.7663,1.52218,0.862589,0.6829346,0.211242,0.0063,0.5400346,0.5818
1990/3/21 0:00,0.766,1.5221799999999999,0.861475,0.6829346000000001,0.211242,0.0063,0.5325666,0.5817
1990/3/22 0:00,0.756,1.5466000000000002,0.86192,0.6753891999999999,0.211242,0.006299,0.5311822,0.5755
1990/3/23 0:00,0.7503,1.48882,0.85955,0.6769130000000001,0.211242,0.006293,0.5304484,0.5735
1990/3/24 0:00,0.75,1.4749,0.858074,0.6753892,0.211242,0.006295,0.5304484,0.5748
1990/3/25 0:00,0.7457,1.496,0.858516,0.6927124,0.211242,0.006295,0.5763762,0.5685
1990/3/26 0:00,0.752,1.49056,0.856678,0.6777917999999999,0.211242,0.006317,0.548439,0.5708
1990/3/27 0:00,0.7552,1.6389599999999998,0.856898,0.676913,0.211242,0.006323,0.5306738,0.5727
1990/3/28 0:00,0.7546,1.6389599999999998,0.859623,0.676913,0.211242,0.006315,0.5308156,0.5726
1990/3/29 0:00,0.7565,1.668,0.860215,0.6769130000000001,0.211242,0.006329,0.5311822,0.5726
1990/3/30 0:00,0.7577,1.6695,0.859476,0.6753892,0.211242,0.006333,0.5311822,0.5747
1990/3/31 0:00,0.7585,1.678,0.857486,0.6769130000000001,0.211242,0.006392,0.5314374,0.5721
1990/4/1 0:00,0.7587,1.6763,0.858148,0.6769130000000001,0.211242,0.006369,0.5314374,0.5739
1990/4/2 0:00,0.76,1.6813,0.848536,0.6777917999999999,0.211242,0.006548,0.5579024,0.57
1990/4/3 0:00,0.7669,1.684,0.849618,0.6813088,0.211242,0.006546,0.5586646,0.5708
1990/4/4 0:00,0.7645,1.677,0.84674,0.6808256,0.211242,0.006605,0.5496242,0.5725
1990/4/5 0:00,0.7625,1.68,0.850557,0.6769130000000001,0.211242,0.006604,0.5317476,0.5728
1990/4/6 0:00,0.7617,1.6917,0.851934,0.676913,0.211242,0.006564,0.5317476,0.5735
1990/4/7 0:00,0.7605,1.6908,0.84868,0.6828780000000001,0.211242,0.006542,0.531182,0.5725
1990/4/8 0:00,0.764,1.6912,0.847817,0.6947078,0.211242,0.006513,0.5320008,0.5735
1990/4/9 0:00,0.764,1.6915,0.838786,0.705219,0.211242,0.006596,0.5518776,0.5735
1990/4/10 0:00,0.7653,1.694,0.84488,0.708065,0.211242,0.006612,0.5496242,0.5737
1990/4/11 0:00,0.7623,1.6895,0.843526,0.704225,0.211242,0.006598,0.5492576,0.5739
1990/4/12 0:00,0.7668,1.6892,0.844523,0.701508,0.211242,0.00668,0.5496242,0.5733
1990/4/13 0:00,0.766,1.6946,0.846167,0.70932,0.211242,0.006628,0.53251,0.5741
1990/4/14 0:00,0.772,1.693,0.848896,0.70373,0.211242,0.006609,0.5323964,0.5757
1990/4/15 0:00,0.7678,1.6765,0.851426,0.697837,0.211242,0.006551,0.53251,0.5768
1990/4/16 0:00,0.7693,1.6838,0.852806,0.696379,0.211242,0.006605,0.53251,0.5752
1990/4/17 0:00,0.7676,1.675,0.849907,0.693963,0.211242,0.006596,0.53251,0.5768
1990/4/18 0:00,0.771,1.683,0.850557,0.69701,0.211242,0.006551,0.5323964,0.5776
1990/4/19 0:00,0.7718,1.6882,0.85266,0.700035,0.211242,0.006555,0.5730381999999999,0.5819
1990/4/20 0:00,0.7775,1.6883,0.855945,0.695169,0.211242,0.006556,0.5647376,0.5828
1990/4/21 0:00,0.7725,1.6848,0.7943384,0.690703,0.211242,0.006513,0.5645068,0.5812
1990/4/22 0:00,0.7751,1.6858,0.7933326,0.694203,0.211242,0.006472,0.5479908,0.5785
1990/4/23 0:00,0.774,1.7025,0.7961034,0.695894,0.211242,0.006475,0.5405835999999999,0.5783
1990/4/24 0:00,0.7743,1.707,0.7622688,0.697934,0.211242,0.00646,0.5647376,0.5806
1990/4/25 0:00,0.775,1.7052,0.7304077999999999,0.696621,0.211242,0.006491,0.5647376,0.5823
1990/4/26 0:00,0.7756,1.7055,0.7294289999999999,0.696379,0.211242,0.006485,0.5647376000000001,0.5816
1990/4/27 0:00,0.7792,1.713,0.7951044,0.705965,0.211242,0.006506,0.5647376,0.5823
1990/4/28 0:00,0.784,1.7205,0.7951043999999999,0.710379,0.211265,0.006508,0.5702617999999999,0.583
1990/4/29 0:00,0.7833,1.723,0.7623559999999999,0.706964,0.211242,0.006494,0.571208,0.5825
1990/4/30 0:00,0.7901,1.725,0.6995098000000001,0.706464,0.211242,0.006459,0.5690038,0.5875
1990/5/1 0:00,0.7852,1.733,0.7620754,0.709723,0.211242,0.006462,0.5696472,0.586
1990/5/2 0:00,0.7851,1.68198,0.7278454,0.708868,0.211242,0.006436,0.6356412,0.5852
1990/5/3 0:00,0.7846,1.68198,0.7278453999999999,0.711238,0.211242,0.006445,0.6356412,0.5873
1990/5/4 0:00,0.7875,1.63872,0.7278454,0.710227,0.211242,0.006478,0.6517890000000001,0.5872
1990/5/5 0:00,0.7853,1.6816400000000002,0.7278453999999999,0.707364,0.211242,0.006529,0.6517890000000001,0.5872
1990/5/6 0:00,0.7916,1.55086,0.7278453999999999,0.706464,0.211242,0.006564,0.651789,0.5883
1990/5/7 0:00,0.7964,1.50962,0.7278454,0.712251,0.211242,0.006611,0.6521032,0.5903
1990/5/8 0:00,0.7974,1.51464,0.7258794,0.717103,0.211242,0.006614,0.6522736,0.5902
1990/5/9 0:00,0.799,1.5124,0.7271396,0.714439,0.211242,0.006633,0.6522736,0.59
1990/5/10 0:00,0.7974,1.50962,0.7271396,0.713521,0.211242,0.006621,0.6521032,0.5903
1990/5/11 0:00,0.8025,1.56202,0.8133468,0.716589,0.1878294,0.006618,0.6583348000000001,0.5912
1990/5/12 0:00,0.8066,1.5153,0.7806724,0.716178,0.179638,0.006716,0.6583348000000001,0.5933
1990/5/13 0:00,0.7965,1.51286,0.7529771999999999,0.712504,0.193648,0.006726,0.6582922,0.5938
1990/5/14 0:00,0.7913,1.5528902,0.7822496000000001,0.711744,0.1876258,0.006729,0.6575792,0.5881
1990/5/15 0:00,0.7804,1.77096,0.7770194,0.717875,0.1891082,0.00678,0.570462,0.5918
1990/5/16 0:00,0.7815,1.5904200000000004,0.7278453999999999,0.705965,0.188077,0.006754,0.618908,0.5892
1990/5/17 0:00,0.7899,1.51068,0.7529771999999999,0.710732,0.179638,0.006741,0.658207,0.5918
1990/5/18 0:00,0.7915,1.5106600000000001,0.7529771999999999,0.709824,0.179638,0.006789,0.658173,0.5928
1990/5/19 0:00,0.7819,1.59358,0.7529771999999999,0.70922,0.1799042,0.006754,0.6092536000000001,0.5923
1990/5/20 0:00,0.7838,1.7712400000000001,0.781262,0.71048,0.18151179999999997,0.006713,0.5953234,0.595
1990/5/21 0:00,0.7839,1.86244,0.8053041999999999,0.720202,0.18151179999999997,0.006736,0.5953234000000001,0.5937
1990/5/22 0:00,0.7858,1.8618,0.8038694,0.727273,0.18151179999999997,0.006741,0.595067,0.5942
1990/5/23 0:00,0.7859,1.6879399999999998,0.7471264,0.727802,0.18907100000000002,0.006717,0.6102536,0.5918
1990/5/24 0:00,0.7792,1.6846,0.7212358,0.725584,0.18809559999999997,0.006647,0.5696152,0.5894
1990/5/25 0:00,0.7897,1.5633702,0.7450392,0.730727,0.1876928,0.006684,0.6405616,0.5888
1990/5/26 0:00,0.7916,1.58836,0.7453918,0.732601,0.1744906,0.006748,0.6411894,0.591
1990/5/27 0:00,0.7938,1.5349,0.7504560000000001,0.742005,0.179638,0.006843,0.644651,0.5918
1990/5/28 0:00,0.794,1.5329400000000002,0.7502336,0.737735,0.1528192,0.006791,0.6443376,0.594
1990/5/29 0:00,0.7859,1.8492,0.7238327999999999,0.737191,0.18769280000000002,0.006684,0.5699186,0.589
1990/5/30 0:00,0.785,1.8565,0.7335308,0.740192,0.17636380000000002,0.006671,0.5718358,0.5936
1990/5/31 0:00,0.79,1.872,0.7791698,0.750638,0.15294259999999998,0.006678,0.5726760000000001,0.5987
1990/6/1 0:00,0.7925,1.877,0.7997946,0.751315,0.156988,0.006676,0.57381,0.6017
1990/6/2 0:00,0.7953,1.8655,0.7986358,0.744048,0.13889520000000002,0.00666,0.573287,0.6018
1990/6/3 0:00,0.7992,1.8717,0.7796505999999999,0.747105,0.1389014,0.006675,0.5726760000000001,0.601
1990/6/4 0:00,0.7977,1.8713,0.7796505999999999,0.746826,0.13889840000000003,0.00666,0.5726760000000001,0.6015
1990/6/5 0:00,0.8025,1.884,0.8115062,0.75959,0.13978659999999998,0.006651,0.5858362,0.6085
1990/6/6 0:00,0.8061,1.8925,0.8320464000000001,0.765697,0.1406562,0.00669,0.5979322,0.6075
1990/6/7 0:00,0.8071,1.8998,0.8428036000000001,0.773395,0.1767844,0.006782,0.6216872,0.618
1990/6/8 0:00,0.8045,1.898,0.8693706000000001,0.767165,0.1767844,0.006739,0.6216872,0.6173
1990/6/9 0:00,0.807,1.919,0.8428488000000002,0.780336,0.1587002,0.006776,0.6444368,0.619
1990/6/10 0:00,0.808,1.9198,0.8149358,0.774114,0.1578372,0.006809,0.6445126,0.6197
1990/6/11 0:00,0.8162,1.921,0.7865734000000001,0.777122,0.138905,0.006831,0.6549954,0.622
1990/6/12 0:00,0.8205,1.9275,0.8072716,0.785238,0.211242,0.006861,0.5824768,0.6258
1990/6/13 0:00,0.8293,1.9515,0.883704,0.827758,0.211242,0.006821,0.675744,0.6308
1990/6/14 0:00,0.833,1.9453,0.88199,0.8250994,0.211242,0.006824,0.675744,0.6295
1990/6/15 0:00,0.81036,1.9443,0.879353,0.8250994,0.211242,0.006923,0.6147888,0.628
1990/6/16 0:00,0.81036,1.9483,0.875503,0.827758,0.211242,0.00697,0.6732654,0.6313
1990/6/17 0:00,0.81036,1.9465,0.878889,0.827758,0.211242,0.006963,0.649277,0.6303
1990/6/18 0:00,0.8000400000000001,1.9225,0.872981,0.8001498,0.211242,0.00693,0.5823500000000001,0.6132
1990/6/19 0:00,0.7871,1.892,0.866176,0.7899571999999999,0.211242,0.006948,0.58235,0.6153
1990/6/20 0:00,0.78262,1.8758,0.860956,0.777755,0.211242,0.006966,0.58235,0.6165
1990/6/21 0:00,0.7918200000000001,1.899,0.867378,0.8126354000000001,0.211242,0.007058,0.58235,0.624
1990/6/22 0:00,0.7878800000000001,1.908,0.863632,0.7935982,0.211242,0.00709,0.5823500000000001,0.6255
1990/6/23 0:00,0.79308,1.894,0.859476,0.8126354000000001,0.211242,0.007138,0.58235,0.6233
1990/6/24 0:00,0.7802,1.8555,0.854336,0.8084592,0.211242,0.007184,0.58235,0.6202
1990/6/25 0:00,0.78288,1.8485,0.859845,0.8139896,0.211242,0.007151,0.5823500000000001,0.6185
1990/6/26 0:00,0.7828799999999999,1.864,0.859993,0.7989798,0.211242,0.007262,0.5823500000000001,0.6215
1990/6/27 0:00,0.7828800000000001,1.8767,0.858811,0.8375472,0.211242,0.007281,0.58235,0.624
1990/6/28 0:00,0.7931000000000001,1.8985,0.85859,0.8169533999999998,0.211242,0.007317,0.6069306,0.6275
1990/6/29 0:00,0.7918200000000001,1.9025,0.862515,0.8155632,0.211242,0.007299,0.58235,0.623
1990/6/30 0:00,0.8067400000000001,1.918,0.863931,0.7979582,0.210975,0.007273,0.58235,0.625
1990/7/1 0:00,0.78262,1.8847,0.863931,0.8114140000000001,0.211242,0.007273,0.5823500000000001,0.6225
1990/7/2 0:00,0.78262,1.8683,0.866101,0.7989797999999999,0.211242,0.007303,0.58235,0.619
1990/7/3 0:00,0.7806000000000001,1.846,0.867152,0.8182577999999999,0.211242,0.007305,0.58235,0.613
1990/7/4 0:00,0.78262,1.884,0.869338,0.8114140000000001,0.211242,0.007348,0.58235,0.6215
1990/7/5 0:00,0.7806000000000001,1.8768,0.869943,0.8029302000000001,0.211242,0.007279,0.58235,0.6204
1990/7/6 0:00,0.7807000000000001,1.864,0.867002,0.7989798,0.211242,0.007285,0.5823500000000001,0.6183
1990/7/7 0:00,0.7806000000000001,1.871,0.865576,0.7763016,0.211242,0.007227,0.58235,0.616
1990/7/8 0:00,0.7806000000000001,1.8735,0.864678,0.777755,0.211242,0.007232,0.58235,0.615
1990/7/9 0:00,0.7871,1.889,0.867378,0.7899572,0.211242,0.007305,0.5823500000000001,0.619
1990/7/10 0:00,0.7806000000000001,1.8885,0.867303,0.7899572000000001,0.211242,0.007302,0.58235,0.618
1990/7/11 0:00,0.7918200000000001,1.898,0.868282,0.8126353999999999,0.211242,0.007346,0.5823500000000001,0.6183
1990/7/12 0:00,0.7925000000000001,1.9118,0.870398,0.7977812,0.211242,0.007468,0.58235,0.6165
1990/7/13 0:00,0.7806000000000001,1.9465,0.866176,0.8222276000000001,0.211242,0.007553,0.5823500000000001,0.6163
1990/7/14 0:00,0.80856,1.9005200000000002,0.86881,0.7744264,0.211242,0.007673,0.5281513999999999,0.6193
1990/7/15 0:00,0.8017200000000001,1.8992200000000001,0.869565,0.7957898,0.211242,0.007694,0.5281513999999999,0.6168
1990/7/16 0:00,0.7989,1.90736,0.868508,0.774791,0.211242,0.007695,0.5281513999999999,0.6155
1990/7/17 0:00,0.8085600000000002,1.9053200000000001,0.871688,0.7957898,0.211242,0.007773,0.5558601999999999,0.6167
1990/7/18 0:00,0.7871600000000001,1.8588999999999998,0.86783,0.7844218,0.211242,0.007803,0.648275,0.6065
1990/7/19 0:00,0.787,1.6213800000000003,0.865426,0.7617889999999999,0.211242,0.007859,0.6619449999999999,0.604
1990/7/20 0:00,0.7775,1.8913799999999998,0.85859,0.7767092,0.211242,0.007983,0.6283508,0.598
1990/7/21 0:00,0.769,1.55634,0.851209,0.779495,0.211242,0.007997,0.6136488,0.6
1990/7/22 0:00,0.782,1.7237000000000002,0.856898,0.7729358,0.211242,0.007952,0.6619276000000001,0.605
1990/7/23 0:00,0.782,1.7317999999999998,0.852297,0.7804902,0.211242,0.007933,0.6619276000000001,0.607
1990/7/24 0:00,0.778,1.53888,0.853971,0.7491416,0.211242,0.007843,0.661945,0.6048
1990/7/25 0:00,0.7804,1.7317999999999998,0.855578,0.7804902,0.211242,0.007809,0.6619276,0.6063
1990/7/26 0:00,0.7833,1.7537599999999998,0.856164,0.7611388,0.211242,0.007855,0.6078868000000001,0.609
1990/7/27 0:00,0.7812,1.6407599999999998,0.858001,0.7507566,0.211242,0.007813,0.6078868000000001,0.6098
1990/7/28 0:00,0.7835,1.82516,0.858959,0.7337062000000001,0.211242,0.007788,0.5277622,0.613
1990/7/29 0:00,0.7821,1.8634600000000003,0.856898,0.7337062,0.211242,0.007746,0.5280694,0.6141
1990/7/30 0:00,0.7848,1.77726,0.856311,0.7331838000000002,0.211242,0.007695,0.5280694,0.6145
1990/7/31 0:00,0.7837,1.87062,0.858222,0.7160274000000001,0.211242,0.007664,0.5277622,0.6115
1990/8/1 0:00,0.7765,1.54548,0.858001,0.7546376,0.211242,0.007776,0.6619276,0.6071
1990/8/2 0:00,0.782,1.89176,0.863036,0.7055684000000001,0.211242,0.007886,0.5277622,0.6145
1990/8/3 0:00,0.787,1.8721599999999998,0.861252,0.7055684,0.211242,0.007855,0.5281513999999999,0.6145
1990/8/4 0:00,0.7785,1.8721599999999998,0.859993,0.7275802,0.211242,0.007803,0.5546382,0.6135
1990/8/5 0:00,0.7781,1.82046,0.855432,0.7676451999999999,0.211242,0.007698,0.6089214000000001,0.612
1990/8/6 0:00,0.7794,1.6622999999999997,0.854701,0.7515,0.211242,0.007708,0.6358086000000001,0.6105
1990/8/7 0:00,0.7725,1.8648599999999997,0.85778,0.7676451999999999,0.211242,0.007716,0.6201534000000001,0.6125
1990/8/8 0:00,0.7707,1.68406,0.858738,0.7546376,0.211242,0.007715,0.6463952,0.61
1990/8/9 0:00,0.772,1.68406,0.860511,0.7546376,0.211242,0.007736,0.6619276,0.6095
1990/8/10 0:00,0.7635,1.54548,0.7260058,0.7546376,0.191015,0.007752,0.6463952,0.6095
1990/8/11 0:00,0.7653,1.54548,0.7290384,0.7831674,0.191015,0.007755,0.6463952,0.6118
1990/8/12 0:00,0.7635,1.54548,0.7567456,0.7831674,0.191015,0.007834,0.6463952,0.6125
1990/8/13 0:00,0.7658,1.54548,0.7836048,0.7831674,0.191015,0.007852,0.6463952,0.6137
1990/8/14 0:00,0.7663,1.54548,0.7567456,0.7831674,0.191015,0.007767,0.6463952,0.6119
1990/8/15 0:00,0.7684,1.54548,0.7481199999999999,0.7546376,0.191015,0.007792,0.6463952,0.6113
1990/8/16 0:00,0.7691,1.54548,0.7260058,0.7546376,0.191015,0.007701,0.6463952,0.61
1990/8/17 0:00,0.7722,1.54548,0.7260058,0.7546376,0.191015,0.00755,0.6619276000000001,0.6092
1990/8/18 0:00,0.774,1.54548,0.7260058,0.7546376,0.191015,0.007513,0.6619276,0.609
1990/8/19 0:00,0.7768,1.54548,0.7260058,0.7546376,0.191015,0.00744,0.6619276,0.61
1990/8/20 0:00,0.7773,1.54548,0.7260058,0.7546376,0.191015,0.00746,0.6619276,0.6093
1990/8/21 0:00,0.7692,1.54548,0.7260058,0.7546376,0.191015,0.007433,0.6463952,0.609
1990/8/22 0:00,0.77,1.5534,0.7380264000000001,0.784211,0.191015,0.007556,0.5970206000000001,0.6008
1990/8/23 0:00,0.7735,1.8570499999999999,0.8157506,0.8035206,0.1710256,0.007631,0.582072,0.6025
1990/8/24 0:00,0.7667,1.77304,0.7909472,0.7741309999999999,0.15294020000000003,0.007582,0.584283,0.6043
1990/8/25 0:00,0.7677,1.7667000000000002,0.7710372000000001,0.7741309999999999,0.15294,0.00757,0.58326,0.6005
1990/8/26 0:00,0.766,1.7667000000000002,0.7710372,0.7741309999999999,0.15294,0.007586,0.583431,0.6011
1990/8/27 0:00,0.7581,1.80324,0.740405,0.7339164,0.1208096,0.007568,0.584454,0.596
1990/8/28 0:00,0.7675,1.8477299999999999,0.772896,0.7454872,0.15294,0.007522,0.58309,0.5985
1990/8/29 0:00,0.766,1.74102,0.7261076000000001,0.7052922,0.1744906,0.007505,0.582751,0.5913
1990/8/30 0:00,0.7701,1.6797600000000004,0.7157664,0.7061116000000001,0.14756180000000002,0.007506,0.580552,0.5872
1990/8/31 0:00,0.771,1.8477299999999999,0.7696032,0.7801942,0.15294000000000002,0.007454,0.578704,0.5997
1990/9/1 0:00,0.7734,1.8355800000000002,0.725265,0.7008982,0.18782939999999998,0.007416,0.576037,0.59
1990/9/2 0:00,0.773,1.67946,0.7123834,0.7033734,0.1348538,0.007375,0.573559,0.586
1990/9/3 0:00,0.774,1.68016,0.7194267999999999,0.6843682,0.14840400000000004,0.00735,0.573559,0.5855
1990/9/4 0:00,0.774,1.68016,0.7123833999999999,0.7033734,0.1488934,0.00735,0.569801,0.586
1990/9/5 0:00,0.7675,1.65975,0.7129836,0.6963262,0.12081599999999999,0.007329,0.569963,0.585
1990/9/6 0:00,0.77,1.65975,0.7194267999999999,0.6843682,0.12081539999999999,0.007401,0.573559,0.5855
1990/9/7 0:00,0.772,1.67946,0.7157664,0.705687,0.1348538,0.007366,0.574713,0.5865
1990/9/8 0:00,0.7735,1.9529800000000002,0.7423064,0.6964708,0.1751448,0.007429,0.573559,0.5918
1990/9/9 0:00,0.7784,1.94542,0.7350556,0.7221878,0.14854759999999997,0.007516,0.573394,0.5935
1990/9/10 0:00,0.7793,1.90356,0.7289206,0.7104418,0.1750674,0.007402,0.570939,0.5911
1990/9/11 0:00,0.7775,1.9405800000000002,0.7498090000000002,0.6964708,0.17536599999999997,0.007315,0.568828,0.592
1990/9/12 0:00,0.7785,1.9405800000000002,0.7463162000000001,0.6938844000000001,0.18932940000000004,0.007329,0.568182,0.5923
1990/9/13 0:00,0.7728,1.7273800000000001,0.724151,0.7008982,0.1744906,0.00746,0.568343,0.5906
1990/9/14 0:00,0.7733,1.7742800000000003,0.724151,0.7008982,0.1744906,0.007429,0.56899,0.5905
1990/9/15 0:00,0.7728,1.92148,0.7747605999999999,0.720852,0.1348498,0.007449,0.568505,0.5937
1990/9/16 0:00,0.7765,1.9666800000000002,0.7463162000000001,0.7077812,0.161934,0.007405,0.566733,0.593
1990/9/17 0:00,0.781,1.94138,0.7528758,0.7138477999999999,0.1345062,0.007358,0.566893,0.594
1990/9/18 0:00,0.7889,1.80533,0.7772656,0.74371,0.1208108,0.007307,0.565611,0.5972
1990/9/19 0:00,0.7817,1.9228,0.7456382000000001,0.720852,0.1345062,0.007526,0.572902,0.5943
1990/9/20 0:00,0.7778,1.9416,0.7663672,0.720852,0.13484980000000002,0.00753,0.572902,0.5947
1990/9/21 0:00,0.782,1.9477,0.7413144,0.7333848,0.13889520000000002,0.007593,0.577367,0.596
1990/9/22 0:00,0.7841,1.955,0.7438032000000001,0.7309196,0.13484980000000002,0.007552,0.576535,0.596
1990/9/23 0:00,0.7787,1.96,0.7617188,0.742838,0.13889520000000002,0.007563,0.579206,0.5968
1990/9/24 0:00,0.776,1.9575,0.7380392,0.7403121999999999,0.13889520000000002,0.00756,0.579206,0.5966
1990/9/25 0:00,0.7812,1.9642,0.7476776,0.7553331999999999,0.13889520000000002,0.007564,0.579206,0.5975
1990/9/26 0:00,0.7836,1.9695,0.7478616,0.7592686000000001,0.17506860000000002,0.007603,0.579374,0.6002
1990/9/27 0:00,0.785,1.961,0.7478616,0.75316,0.13889520000000002,0.007599,0.578369,0.5995
1990/9/28 0:00,0.7826,1.965,0.7470164,0.7607102000000001,0.13889520000000002,0.007607,0.577034,0.5987
1990/9/29 0:00,0.782,1.9763,0.7478616,0.7831352,0.156982,0.007607,0.577367,0.5997
1990/9/30 0:00,0.7817,1.9772,0.7522876000000001,0.7866422,0.1750686,0.007629,0.581734,0.6002
1990/10/1 0:00,0.7765,1.983,0.8687842,0.800641,0.172709,0.007708,0.5971118,0.5995
1990/10/2 0:00,0.7787,1.999,0.8648150000000001,0.809913,0.19400620000000002,0.007791,0.6080344,0.6003
1990/10/3 0:00,0.7816,1.9965,0.8638802,0.808081,0.19400620000000002,0.007816,0.6287032,0.603
1990/10/4 0:00,0.7796,1.987,0.8630780000000001,0.803536,0.1939982,0.007819,0.6051567999999999,0.6007
1990/10/5 0:00,0.7793,1.997,0.8648150000000001,0.809389,0.19400620000000002,0.00783,0.6198946000000001,0.601
1990/10/6 0:00,0.7809,1.9915,0.8693671999999999,0.803213,0.17675040000000003,0.007794,0.6257432,0.6032
1990/10/7 0:00,0.7875,1.9918,0.8810536000000001,0.80032,0.15949860000000002,0.007747,0.6276016,0.6071
1990/10/8 0:00,0.7869,1.98,0.859723,0.795545,0.211242,0.007704,0.6187254,0.6062
1990/10/9 0:00,0.7886,1.6301326,0.8675852000000001,0.788644,0.1543366,0.0078346,0.6850532,0.6058
1990/10/10 0:00,0.788,1.6392254000000002,0.86678,0.780336,0.14917819999999998,0.008308600000000001,0.6807182,0.6045
1990/10/11 0:00,0.7873,1.7566499999999998,0.8618534,0.781372,0.1311134,0.0075840000000000005,0.6184844,0.5993
1990/10/12 0:00,0.788,1.7566499999999998,0.8618534,0.784745,0.1311134,0.007583999999999999,0.6184844,0.5992
1990/10/13 0:00,0.7838,1.8305599999999997,0.832888,0.775494,0.1400128,0.0075829999999999995,0.5989506,0.5972
1990/10/14 0:00,0.7833,1.7534599999999998,0.8406218000000001,0.766871,0.1400128,0.0086132,0.6156832,0.5974
1990/10/15 0:00,0.784,1.88653,0.8426764,0.766284,0.1311134,0.0076089999999999994,0.5787756,0.6002
1990/10/16 0:00,0.7836,1.84653,0.7734544,0.759878,0.1311134,0.008122,0.5999869999999999,0.5988
1990/10/17 0:00,0.7853,1.84573,0.7710398,0.753863,0.1259744,0.008601000000000001,0.6323877999999999,0.5995
1990/10/18 0:00,0.7848,1.75712,0.7941962,0.750751,0.14404260000000002,0.008112600000000001,0.6156018,0.601
1990/10/19 0:00,0.7763,1.7101699999999997,0.786827,0.746269,0.1440582,0.0083446,0.6146722,0.5977
1990/10/20 0:00,0.7727,1.6722499999999996,0.7662082,0.748783,0.1400128,0.008553,0.6304144,0.5977
1990/10/21 0:00,0.7669,1.6739900000000003,0.8366006,0.729661,0.1440582,0.0076462000000000006,0.6027866000000001,0.598
1990/10/22 0:00,0.7673,1.6739900000000003,0.8139468000000001,0.733945,0.1440582,0.0076462000000000006,0.6024860000000001,0.5979
1990/10/23 0:00,0.7651,1.56505,0.7359530000000001,0.7387174,0.1448456,0.0095444,0.5925038,0.596
1990/10/24 0:00,0.7688,1.5395100000000002,0.7539704,0.7604694000000001,0.1319068,0.0102484,0.6114922,0.5968
1990/10/25 0:00,0.7713,1.5418100000000001,0.7442074,0.7539598,0.1318548,0.009814199999999999,0.5932101999999999,0.5965
1990/10/26 0:00,0.7679,1.5246600000000001,0.7490908,0.7668752,0.14959,0.010043999999999999,0.6585916,0.593
1990/10/27 0:00,0.7696,1.5166,0.7533764,0.7188332,0.1361586,0.009607599999999999,0.6426382,0.594
1990/10/28 0:00,0.7683,1.5383499999999999,0.7514116,0.7671048,0.126759,0.009809,0.6511594,0.5953
1990/10/29 0:00,0.7712,1.5383499999999999,0.7553248,0.7495611999999999,0.12675899999999998,0.0095444,0.6301209999999999,0.5957
1990/10/30 0:00,0.773,1.5299999999999998,0.7282464000000001,0.7323753999999999,0.191015,0.0093976,0.6373814,0.5945
1990/10/31 0:00,0.771,1.5198899999999997,0.7275280000000001,0.7555232000000001,0.191015,0.0100024,0.6413656,0.5891
1990/11/1 0:00,0.7713,1.5250299999999999,0.7233466,0.7095126,0.191015,0.008448,0.622468,0.5865
1990/11/2 0:00,0.7742,1.5250299999999999,0.7233466,0.708765,0.191015,0.0084478,0.6043952,0.5865
1990/11/3 0:00,0.775,1.5250299999999999,0.7233466,0.708765,0.191015,0.0084478,0.620087,0.5865
1990/11/4 0:00,0.773,1.5250299999999999,0.7233466,0.7095126,0.191015,0.008448,0.604626,0.5865
1990/11/5 0:00,0.775,1.5250299999999999,0.7204876,0.7228136000000001,0.191015,0.008807399999999998,0.6363338000000001,0.5873
1990/11/6 0:00,0.775,1.5272000000000001,0.7205136000000001,0.7227602,0.191015,0.009752399999999998,0.6535466,0.59
1990/11/7 0:00,0.7786,1.5271400000000002,0.7226571999999999,0.72236,0.191015,0.0093178,0.6369558,0.5928
1990/11/8 0:00,0.7842,1.53108,0.7262694,0.7350124,0.191015,0.0098514,0.6544412,0.5925
1990/11/9 0:00,0.786,1.5282000000000002,0.7282464000000001,0.7163588000000001,0.191015,0.0087156,0.6373814,0.5943
1990/11/10 0:00,0.7846,1.5355199999999998,0.7232534,0.7276028000000001,0.191015,0.0094098,0.6387938,0.5917
1990/11/11 0:00,0.7857,1.5272,0.719996,0.7185052000000001,0.189204,0.0097524,0.6535466,0.5905
1990/11/12 0:00,0.7871,1.52754,0.7226214000000001,0.7281796,0.189204,0.0093326,0.638067,0.591
1990/11/13 0:00,0.7818,1.51814,0.7274118,0.72661,0.189204,0.0081654,0.6378934,0.5898
1990/11/14 0:00,0.7844,1.5198899999999997,0.727528,0.7274146,0.189297,0.0092336,0.6378680000000001,0.5895
1990/11/15 0:00,0.7803,1.51822,0.7274118,0.727676,0.189297,0.0085162,0.6378934,0.5896
1990/11/16 0:00,0.7799,1.53104,0.7262694000000001,0.7313786,0.189297,0.0084388,0.6225984,0.5921
1990/11/17 0:00,0.779,1.5275399999999997,0.7199960000000001,0.7185052000000001,0.189297,0.009233799999999999,0.636561,0.5908
1990/11/18 0:00,0.7776,1.5275399999999997,0.719996,0.7185052000000001,0.189072,0.0093326,0.638067,0.5909
1990/11/19 0:00,0.7728,1.52037,0.7272894,0.7406562,0.188754,0.0095552,0.6413656000000001,0.5885
1990/11/20 0:00,0.7703,1.51886,0.7105266,0.71514,0.188384,0.0079316,0.5679452,0.5841
1990/11/21 0:00,0.775,1.5214399999999997,0.7274972,0.6903168000000001,0.188551,0.00725,0.5887252000000001,0.5885
1990/11/22 0:00,0.7741,1.52378,0.7042904,0.6963262,0.188551,0.007244,0.5708518,0.5843
1990/11/23 0:00,0.7768,1.5237800000000001,0.7042904,0.6963261999999999,0.188551,0.007244,0.5690386000000001,0.5843
1990/11/24 0:00,0.7795,1.52378,0.7122008,0.6884208,0.188551,0.00724,0.6013780000000001,0.585
1990/11/25 0:00,0.7792,1.52378,0.7042904,0.6963262,0.188551,0.007262,0.5837562000000001,0.5847
1990/11/26 0:00,0.7788,1.51494,0.7280498000000001,0.7004808,0.188654,0.007267,0.6370982,0.588
1990/11/27 0:00,0.778,1.5237800000000001,0.7122008,0.7003462,0.188654,0.007241,0.6013780000000001,0.5853
1990/11/28 0:00,0.7764,1.52378,0.7129836,0.6963262,0.188654,0.007218,0.5690386000000001,0.5848
1990/11/29 0:00,0.7795,1.51494,0.7260850000000001,0.6813346000000001,0.187966,0.007222,0.6370214000000001,0.5875
1990/11/30 0:00,0.7807,1.51494,0.7260850000000001,0.6813346000000001,0.187966,0.007249,0.6370214000000001,0.5876
1990/12/1 0:00,0.7838,1.5809000000000002,0.7274972,0.7028022,0.187966,0.007228,0.6370982,0.5887
1990/12/2 0:00,0.783,1.58018,0.7275273999999999,0.6987606000000001,0.187744,0.007179,0.6223712,0.5899
1990/12/3 0:00,0.7826799999999999,1.5779999999999998,0.72411,0.7283164,0.187744,0.007207,0.5724554000000001,0.5892
1990/12/4 0:00,0.7800800000000001,1.6680599999999999,0.7584682,0.6887306000000001,0.187744,0.007173,0.5753185999999999,0.5875
1990/12/5 0:00,0.7820600000000001,1.6234600000000001,0.7584682,0.706778,0.187744,0.007239,0.5758142,0.5881
1990/12/6 0:00,0.78018,1.5752199999999998,0.7272088,0.7283164,0.187966,0.007247,0.5724554000000001,0.5896
1990/12/7 0:00,0.77664,1.65014,0.7236396,0.7166437999999999,0.187966,0.00727,0.5748122,0.5912
1990/12/8 0:00,0.77636,1.58714,0.7275273999999999,0.715959,0.187966,0.00722,0.573412,0.5902
1990/12/9 0:00,0.7849999999999999,1.6224,0.7579686,0.706778,0.187505,0.007235,0.5758142,0.5882
1990/12/10 0:00,0.78402,1.57586,0.7317408000000001,0.7167556,0.187505,0.007273,0.574378,0.5888
1990/12/11 0:00,0.7800800000000001,1.6680599999999999,0.7584682,0.6887306000000001,0.187631,0.007244,0.5753185999999999,0.5875
1990/12/12 0:00,0.7029799999999999,1.52362,0.713267,0.6839132,0.18741,0.007261,0.5638982,0.5785
1990/12/13 0:00,0.76542,1.6763399999999997,0.7468498,0.6818796,0.18741,0.007225,0.5654532000000001,0.582
1990/12/14 0:00,0.76344,1.72194,0.7162604,0.685478,0.18741,0.007257,0.5654532000000001,0.5825
1990/12/15 0:00,0.7238,1.6838000000000002,0.7171272,0.7084608,0.18741,0.0084402,0.581917,0.5834
1990/12/16 0:00,0.76542,1.7231400000000001,0.7162604,0.7345626000000001,0.186951,0.008144400000000001,0.567215,0.5828
1990/12/17 0:00,0.78804,1.71484,0.7196138,0.7196241999999999,0.186951,0.0080698,0.566412,0.581
1990/12/18 0:00,0.78804,1.71484,0.7490159999999999,0.7196241999999999,0.186787,0.007981600000000002,0.564812,0.5811
1990/12/19 0:00,0.7672399999999999,1.7231400000000001,0.7162702,0.7383582000000001,0.186619,0.0082308,0.564493,0.583
1990/12/20 0:00,0.76542,1.7231399999999997,0.7526986,0.70229,0.186619,0.008025800000000001,0.564334,0.5824
1990/12/21 0:00,0.7165199999999998,1.5656199999999998,0.7452768,0.717156,0.186619,0.0080878,0.563222,0.5795
1990/12/22 0:00,0.7165199999999998,1.5656199999999998,0.745833,0.7153042000000001,0.186619,0.0080878,0.562588,0.5797
1990/12/23 0:00,0.7843199999999999,1.49038,0.754298,0.7275788,0.18631,0.009087399999999999,0.560695,0.5763
1990/12/24 0:00,0.7830600000000001,1.48606,0.8406737999999999,0.7035322,0.18631,0.0093084,0.561167,0.574
1990/12/25 0:00,0.7692200000000001,1.48932,0.8146008,0.6966878000000001,0.18631,0.0093586,0.559284,0.5718
1990/12/26 0:00,0.7686,1.4848199999999998,0.8130176,0.6964667999999999,0.186092,0.0088098,0.558659,0.5712
1990/12/27 0:00,0.7843200000000001,1.48634,0.783512,0.7459908,0.186092,0.009049999999999999,0.559128,0.576
1990/12/28 0:00,0.78432,1.47824,0.7578618,0.7433936000000001,0.186092,0.009259,0.557724,0.575
1990/12/29 0:00,0.78432,1.47946,0.7894206,0.7452986,0.186092,0.0091738,0.559284,0.5753
1990/12/30 0:00,0.7843199999999999,1.47978,0.7556692,0.7459908,0.186254,0.009049999999999999,0.563222,0.576
1990/12/31 0:00,0.7843199999999999,1.4827400000000002,0.7580736,0.7433936,0.186254,0.009245199999999999,0.563063,0.5752
1991/1/1 0:00,0.7850600000000001,1.47824,0.7578617999999999,0.7433936000000001,0.186254,0.009259,0.56243,0.575
1991/1/2 0:00,0.7843199999999999,1.47846,0.7856136,0.7452986,0.186254,0.0089608,0.565611,0.5755
1991/1/3 0:00,0.7843199999999999,1.48588,0.754298,0.7275788,0.186254,0.009087399999999999,0.565771,0.5763
1991/1/4 0:00,0.76168,1.4837600000000002,0.7225434,0.7343632,0.186254,0.0083476,0.567215,0.5773
1991/1/5 0:00,0.7843199999999999,1.47842,0.7885082,0.7452986,0.186254,0.0091738,0.564972,0.5754
1991/1/6 0:00,0.76822,1.49162,0.7883614,0.675346,0.186254,0.0090484,0.565707,0.5723
1991/1/7 0:00,0.7186400000000001,1.4853399999999999,0.753903,0.7039276000000001,0.185929,0.0093954,0.564972,0.568
1991/1/8 0:00,0.73094,1.48462,0.753903,0.6884104000000001,0.185711,0.0094056,0.564334,0.5685
1991/1/9 0:00,0.7170399999999999,1.48208,0.8178514,0.6926072000000001,0.185711,0.0083234,0.565931,0.5665
1991/1/10 0:00,0.73094,1.4829599999999998,0.7200163999999999,0.6884490000000001,0.185912,0.008968599999999998,0.567376,0.5686
1991/1/11 0:00,0.7586258000000001,1.49566,0.8793232,0.635526,0.186074,0.0085706,0.568666,0.5667
1991/1/12 0:00,0.6689375999999999,1.5496934,0.8034174000000001,0.636132,0.186074,0.0079676,0.56802,0.5632
1991/1/13 0:00,0.6689376,1.5981238000000002,0.7256832000000001,0.62901,0.186074,0.007717400000000001,0.568666,0.5618
1991/1/14 0:00,0.6689375999999999,1.5988958,0.842418,0.645203,0.186074,0.007985599999999999,0.571102,0.5624
1991/1/15 0:00,0.6689376000000001,1.5988958,0.8038518,0.646078,0.186293,0.007985599999999999,0.571102,0.5627
1991/1/16 0:00,0.78122,1.49456,0.872372,0.64041,0.186293,0.008989,0.570613,0.5645
1991/1/17 0:00,0.78122,1.49456,0.871536,0.643708,0.186293,0.008989,0.570451,0.5648
1991/1/18 0:00,0.7821999999999999,1.49456,0.866176,0.651254,0.186293,0.008989,0.571102,0.563
1991/1/19 0:00,0.7821999999999999,1.496,0.862069,0.660066,0.186293,0.009104399999999999,0.571102,0.5674
1991/1/20 0:00,0.7821999999999999,1.49566,0.864528,0.656599,0.18655,0.0090532,0.570776,0.5667
1991/1/21 0:00,0.7821999999999999,1.49456,0.864454,0.655523,0.18655,0.008989,0.571265,0.565
1991/1/22 0:00,0.7821999999999999,1.49566,0.867679,0.661463,0.18655,0.0090532,0.57241,0.5664
1991/1/23 0:00,0.7821999999999999,1.48478,0.869717,0.660066,0.18655,0.009378800000000001,0.571102,0.571
1991/1/24 0:00,0.7821999999999999,1.4849600000000003,0.870246,0.652529,0.18655,0.0093016,0.571429,0.5712
1991/1/25 0:00,0.7821999999999999,1.4847800000000002,0.868583,0.654108,0.18655,0.009378800000000001,0.572082,0.5711
1991/1/26 0:00,0.7821999999999999,1.4890599999999998,0.868131,0.655308,0.18655,0.0093828,0.57323,0.5708
1991/1/27 0:00,0.7821999999999999,1.48496,0.869338,0.651169,0.18655,0.0093016,0.574053,0.5714
1991/1/28 0:00,0.7832999999999999,1.4832800000000002,0.86881,0.66313,0.18655,0.009323799999999998,0.5631838,0.5725
1991/1/29 0:00,0.78408,1.4771,0.869717,0.667111,0.18655,0.0094322,0.5631992,0.5757
1991/1/30 0:00,0.7833,1.4795600000000002,0.870549,0.668807,0.186679,0.009474400000000001,0.5607336,0.574
1991/1/31 0:00,0.78212,1.48462,0.87146,0.66912,0.186679,0.009549199999999999,0.5607335999999999,0.5741
1991/2/1 0:00,0.78212,1.4800800000000003,0.872068,0.66335,0.186679,0.009487800000000001,0.5612623999999999,0.5735
1991/2/2 0:00,0.7835,1.4847800000000002,0.871992,0.6663112,0.186505,0.0089558,0.5652362,0.5711
1991/2/3 0:00,0.7839,1.48496,0.871916,0.6697534,0.186505,0.009301599999999998,0.5652362,0.5717
1991/2/4 0:00,0.7825,1.48008,0.8726,0.6711846,0.186505,0.0091486,0.5620182,0.5738
1991/2/5 0:00,0.7821,1.4814399999999999,0.87382,0.6711846,0.186505,0.008711,0.5614494000000001,0.573
1991/2/6 0:00,0.7785,1.4814400000000003,0.874585,0.6711846,0.186505,0.0090414,0.5614494,0.5731
1991/2/7 0:00,0.7776,1.4814400000000003,0.873897,0.6711846,0.186234,0.008711,0.5612623999999999,0.5732
1991/2/8 0:00,0.779,1.4875599999999998,0.873897,0.6697534,0.185925,0.0090462,0.563072,0.5705
1991/2/9 0:00,0.7815,1.472,0.87558,0.6723032,0.185405,0.009377,0.5614946,0.575
1991/2/10 0:00,0.784,1.472,0.874279,0.6705908,0.18557,0.009377,0.5621308,0.5753
1991/2/11 0:00,0.7871,1.4771,0.874508,0.6705908,0.18566,0.009432199999999998,0.5613438,0.5755
1991/2/12 0:00,0.7855,1.48462,0.874126,0.6711846,0.18566,0.009549600000000002,0.5607335999999999,0.5742
1991/2/13 0:00,0.7845,1.48008,0.873744,0.6711846,0.18566,0.009117199999999999,0.5620182,0.5735
1991/2/14 0:00,0.7841,1.48144,0.875887,0.6730716,0.18566,0.009111999999999999,0.5605081999999999,0.573
1991/2/15 0:00,0.7845,1.47956,0.876578,0.6723032,0.18566,0.0094744,0.5607336,0.5741
1991/2/16 0:00,0.7842,1.472,0.876732,0.6723032,0.18566,0.009377,0.5614946,0.575
1991/2/17 0:00,0.7852,1.4787400000000002,0.875503,0.6723032,0.18566,0.0094984,0.5607336,0.5744
1991/2/18 0:00,0.7781,1.4853200000000002,0.876655,0.674703,0.18566,0.0090686,0.5605082,0.5723
1991/2/19 0:00,0.7848,1.47874,0.875887,0.6723032,0.18566,0.0094984,0.5607336,0.5745
1991/2/20 0:00,0.7856,1.692,0.876424,0.6803754000000001,0.18566,0.0075894000000000005,0.5648498,0.5798
1991/2/21 0:00,0.7867,1.6975,0.877578,0.6829346000000001,0.18566,0.007785200000000001,0.5654532000000001,0.5814
1991/2/22 0:00,0.7905,1.73,0.877886,0.6829346,0.18566,0.00741,0.5654532000000001,0.5825
1991/2/23 0:00,0.7878,1.7295,0.876732,0.6829346,0.185753,0.007646599999999999,0.5654532000000001,0.5822
1991/2/24 0:00,0.7896,1.7252,0.878889,0.6829346,0.185753,0.007785199999999999,0.5654532000000001,0.582
1991/2/25 0:00,0.7958,1.7335,0.87943,0.6826914,0.185753,0.0078146,0.5700954,0.5843
1991/2/26 0:00,0.7963,1.7325,0.880204,0.683505,0.185753,0.007977599999999998,0.5751968000000001,0.5863
1991/2/27 0:00,0.7995,1.742,0.879894,0.683505,0.185753,0.0079776,0.5758598,0.587
1991/2/28 0:00,0.7957,1.7275,0.879894,0.6805482,0.185532,0.007794999999999999,0.590319,0.5839
1991/3/1 0:00,0.7974,1.7285,0.880669,0.6826914,0.185532,0.0078146,0.589623,0.5843
1991/3/2 0:00,0.8011,1.744,0.881446,0.6814473999999999,0.185532,0.0079502,0.592066,0.5845
1991/3/3 0:00,0.8002,1.738,0.881834,0.6799093999999999,0.185532,0.007914599999999999,0.591191,0.5856
1991/3/4 0:00,0.7961,1.4800800000000003,0.881446,0.6821046000000001,0.185532,0.0091486,0.590493,0.5737
1991/3/5 0:00,0.7935,1.49456,0.880902,0.6931655999999999,0.185532,0.0082166,0.590842,0.5643
1991/3/6 0:00,0.7965,1.49136,0.881601,0.6884539999999999,0.185532,0.009013199999999999,0.58997,0.5693
1991/3/7 0:00,0.7971,1.496,0.883783,0.688454,0.185532,0.009104399999999999,0.592066,0.5678
1991/3/8 0:00,0.8004,1.4913599999999998,0.884173,0.6832808,0.185532,0.008716000000000002,0.592839,0.5699
1991/3/9 0:00,0.7953,1.496,0.883939,0.6884539999999999,0.185532,0.009104399999999999,0.592242,0.568
1991/3/10 0:00,0.794,1.49566,0.88347,0.6909748,0.185687,0.0087354,0.591716,0.5665
1991/3/11 0:00,0.796,1.4953,0.885347,0.6884539999999999,0.185687,0.008515,0.591541,0.5671
1991/3/12 0:00,0.7934,1.496,0.886132,0.6884539999999999,0.185687,0.008514999999999998,0.590319,0.5673
1991/3/13 0:00,0.7955,1.496,0.88574,0.6884539999999999,0.185377,0.0088408,0.589275,0.568
1991/3/14 0:00,0.7943,1.4938600000000002,0.884564,0.6909748,0.185377,0.008721399999999999,0.590493,0.5654
1991/3/15 0:00,0.7942400000000001,1.49456,0.885426,0.6933554,0.185377,0.007708,0.590667,0.5635
1991/3/16 0:00,0.79526,1.496,0.885112,0.6884539999999999,0.185377,0.007679,0.589623,0.5679
1991/3/17 0:00,0.79464,1.4938600000000002,0.884408,0.688454,0.185377,0.007691,0.58997,0.5661
1991/3/18 0:00,0.79464,1.4938600000000002,0.886525,0.6884539999999999,0.185377,0.007706,0.58997,0.5658
1991/3/19 0:00,0.79464,1.4938600000000002,0.887311,0.6884539999999999,0.185377,0.007649,0.590145,0.566
1991/3/20 0:00,0.79464,1.49456,0.887548,0.6966501999999999,0.185377,0.007622,0.589623,0.5628
1991/3/21 0:00,0.71886,1.4941600000000002,0.886918,0.7063326,0.185377,0.007602,0.588928,0.5526
1991/3/22 0:00,0.7942400000000001,1.4928599999999999,0.888573,0.6879232,0.185377,0.007623,0.590145,0.5565
1991/3/23 0:00,0.7942400000000001,1.49286,0.888415,0.6879232,0.185377,0.00761,0.589275,0.5565
1991/3/24 0:00,0.75657,1.4895,0.890313,0.696436,0.185849,0.007648,0.588928,0.5551
1991/3/25 0:00,0.7942400000000001,1.49286,0.890631,0.68306,0.185377,0.007629,0.590319,0.5563
1991/3/26 0:00,0.7942400000000001,1.49286,0.890472,0.682594,0.185377,0.007657,0.591017,0.5566
1991/3/27 0:00,0.79522,1.49456,0.892061,0.696961,0.185377,0.007758,0.598802,0.564
1991/3/28 0:00,0.7946000000000001,1.49456,0.89222,0.690131,0.185377,0.007704,0.597372,0.5633
1991/3/29 0:00,0.7942400000000001,1.49432,0.888099,0.68918,0.185271,0.007673,0.59453,0.5585
1991/3/30 0:00,0.79484,1.4959600000000002,0.883314,0.690846,0.185178,0.0077,0.597015,0.5618
1991/3/31 0:00,0.79498,1.49448,0.884408,0.688231,0.185268,0.007689,0.597372,0.5611
1991/4/1 0:00,0.7965599999999999,1.4938600000000002,0.886525,0.701262,0.185268,0.007734,0.600781,0.5654
1991/4/2 0:00,0.7948999999999999,1.49566,0.885975,0.704722,0.185268,0.007695,0.5854768,0.5667
1991/4/3 0:00,0.79528,1.49386,0.880359,0.703235,0.185268,0.007706,0.5770834,0.566
1991/4/4 0:00,0.79528,1.496,0.880437,0.6893423999999999,0.18534,0.007715,0.5662558,0.5673
1991/4/5 0:00,0.7898599999999999,1.49546,0.878889,0.6746148000000001,0.185117,0.00772,0.5690622000000001,0.569
1991/4/6 0:00,0.78624,1.496,0.877501,0.6746148,0.185117,0.007827,0.5662558,0.5682
1991/4/7 0:00,0.79528,1.49566,0.880282,0.6893423999999999,0.185117,0.007806,0.5702192,0.567
1991/4/8 0:00,0.79508,1.53844,0.879507,0.6972946,0.185117,0.007676,0.5778432,0.564
1991/4/9 0:00,0.7569899999999999,1.55014,0.881057,0.708305,0.184792,0.007688,0.578765,0.561
1991/4/10 0:00,0.79498,1.5722999999999998,0.882223,0.6936422,0.184792,0.007695,0.5776256,0.5627
1991/4/11 0:00,0.79498,1.55014,0.881679,0.6922178,0.184792,0.007719,0.5777547999999999,0.5619
1991/4/12 0:00,0.79484,1.5722999999999998,0.880747,0.6832642000000001,0.184792,0.007719,0.5725722,0.5623
1991/4/13 0:00,0.75699,1.55014,0.879507,0.7034138000000001,0.184792,0.007766,0.5735824,0.5618
1991/4/14 0:00,0.71842,1.5289800000000002,0.879662,0.7424146,0.184792,0.0078,0.5750422000000001,0.56
1991/4/15 0:00,0.60197,1.49286,0.880204,0.710968,0.184792,0.007788,0.5700058,0.5566
1991/4/16 0:00,0.6205,1.49064,0.879972,0.6928136,0.169358,0.00777,0.6212492000000001,0.5562
1991/4/17 0:00,0.6205,1.48338,0.876655,0.7193214,0.1667668,0.007743,0.6209901999999999,0.5552
1991/4/18 0:00,0.65606,1.49214,0.87558,0.6859344,0.1718086,0.007738,0.5852428,0.5588
1991/4/19 0:00,0.63911,1.49052,0.87535,0.6824558000000001,0.171807,0.007764,0.5852428,0.5576
1991/4/20 0:00,0.6205,1.49064,0.874355,0.6778676,0.1718658,0.007784,0.5931508,0.557
1991/4/21 0:00,0.59981,1.48244,0.872981,0.6883834,0.1667668,0.007776,0.58095,0.554
1991/4/22 0:00,0.59849,1.49026,0.871992,0.6794018,0.1618928,0.007785,0.5821216,0.5496
1991/4/23 0:00,0.59655,1.4984799999999998,0.86408,0.6811846,0.1618928,0.007792,0.5926655999999999,0.5507
1991/4/24 0:00,0.64253,1.5446268,0.865801,0.7365474,0.1756656,0.007839,0.6027551999999999,0.543
1991/4/25 0:00,0.64253,1.5389668,0.861995,0.7720125999999999,0.16482360000000001,0.007902,0.6027818,0.5435
1991/4/26 0:00,0.64253,1.5389668,0.861401,0.7720125999999999,0.157513,0.00784,0.6107355999999999,0.544
1991/4/27 0:00,0.6433099999999999,1.5389668,0.861104,0.7711932,0.157513,0.007888,0.6107984,0.5445
1991/4/28 0:00,0.64253,1.5389668,0.861846,0.7720125999999999,0.16482360000000001,0.007964,0.6027818,0.5435
1991/4/29 0:00,0.6657339999999999,1.5937426,0.86326,0.7642312,0.184033,0.007952,0.6209632,0.5405
1991/4/30 0:00,0.665734,1.648507,0.865202,0.7570093999999999,0.184033,0.008006,0.6237684,0.5403
1991/5/1 0:00,0.6426592,1.53126,0.868432,0.7433468000000001,0.17718899999999999,0.008032,0.6161505999999999,0.5375
1991/5/2 0:00,0.64253,1.845,0.871612,0.7731116000000001,0.1836102,0.008013,0.6217539999999999,0.5379
1991/5/3 0:00,0.65847,1.877,0.874661,0.6754794000000001,0.18388559999999998,0.008058,0.615006,0.5495
1991/5/4 0:00,0.6651299999999999,1.871,0.875657,0.6798190000000001,0.18447240000000004,0.008039,0.615385,0.5515
1991/5/5 0:00,0.65847,1.871,0.875044,0.6819978000000001,0.1838282,0.008006,0.616523,0.5494
1991/5/6 0:00,0.65815,1.831,0.870322,0.7229326,0.18329879999999998,0.007974,0.614553,0.5442
1991/5/7 0:00,0.65815,1.792,0.866326,0.7222256,0.18329879999999998,0.007871,0.61106,0.5417
1991/5/8 0:00,0.6581499999999999,1.8015,0.870322,0.7229326,0.18329879999999998,0.007883,0.610501,0.5443
1991/5/9 0:00,0.65815,1.789,0.870474,0.7222256,0.18329879999999998,0.007886,0.611808,0.5435
1991/5/10 0:00,0.64253,1.753,0.864828,0.7930668,0.1762124,0.007788,0.6313686000000001,0.5385
1991/5/11 0:00,0.64253,1.7605,0.867077,0.762084,0.171295,0.007795,0.6229338,0.5397
1991/5/12 0:00,0.6657339999999999,1.5612748,0.867152,0.79537,0.15138620000000003,0.008851000000000001,0.6178364000000001,0.5415
1991/5/13 0:00,0.64277,1.6020268000000002,0.866701,0.7803416000000001,0.1702808,0.008244200000000002,0.5962114000000001,0.5422
1991/5/14 0:00,0.6657339999999999,1.648507,0.865876,0.7366966,0.1462634,0.008723,0.6123301999999999,0.5405
1991/5/15 0:00,0.665734,1.648507,0.863334,0.7330324,0.1332908,0.0085246,0.6067678000000001,0.5403
1991/5/16 0:00,0.6657339999999999,1.648507,0.856531,0.7366966,0.1462634,0.0087016,0.6123301999999999,0.5405
1991/5/17 0:00,0.6571372,1.563982,0.852442,0.6967228000000001,0.141743,0.0084632,0.609943,0.5365
1991/5/18 0:00,0.7082900000000001,1.5937426,0.851571,0.7439053999999999,0.1672786,0.0085308,0.61067,0.5409
1991/5/19 0:00,0.6869116,1.648507,0.853024,0.7366965999999999,0.1462634,0.008530800000000002,0.61067,0.5406
1991/5/20 0:00,0.7104916,1.6508994000000001,0.848896,0.7457078,0.15854659999999998,0.0082258,0.6161188,0.5399
1991/5/21 0:00,0.7261299999999999,1.6512644,0.850919,0.758743,0.184033,0.007965,0.6237684,0.5402
1991/5/22 0:00,0.6830740000000001,1.6512644,0.852442,0.7490488,0.171295,0.00794,0.6211211999999999,0.54
1991/5/23 0:00,0.72647,1.5883399999999999,0.846883,0.760861,0.17959679999999997,0.007927,0.603093,0.5415
1991/5/24 0:00,0.73221,1.6418426,0.847961,0.7642312,0.184033,0.007947,0.6209632,0.5405
1991/5/25 0:00,0.76586,1.5602,0.848176,0.710732,0.1653268,0.007959,0.5954976,0.5416
1991/5/26 0:00,0.76586,1.5641,0.84832,0.719424,0.17610160000000002,0.007986,0.5854172,0.5423
1991/5/27 0:00,0.73221,1.7533400000000001,0.849834,0.712606,0.183097,0.007893,0.5953188,0.5412
1991/5/28 0:00,0.76494,1.75088,0.845666,0.702001,0.182785,0.007878,0.6057284000000001,0.5408
1991/5/29 0:00,0.7646999999999999,1.75034,0.845881,0.69483,0.182475,0.007832,0.6153888,0.5397
1991/5/30 0:00,0.76234,1.7551400000000001,0.843739,0.685166,0.182359,0.007832,0.6057284000000001,0.5407
1991/5/31 0:00,0.7624,1.7554400000000001,0.84246,0.681199,0.182359,0.007817,0.5953188,0.5415
1991/6/1 0:00,0.7624,1.7554400000000001,0.840689,0.671366,0.182359,0.007813,0.5953188,0.5412
1991/6/2 0:00,0.7624,1.7554400000000001,0.841822,0.671682,0.182359,0.007788,0.5953188,0.5412
1991/6/3 0:00,0.76404,1.75488,0.843882,0.671366,0.182359,0.007773,0.5853012,0.5439
1991/6/4 0:00,0.75502,1.7155467999999998,0.844452,0.7224662000000001,0.182359,0.007769,0.5889816,0.5422
1991/6/5 0:00,0.72917,1.679935,0.842247,0.7361639999999999,0.182359,0.007746,0.614857,0.5401
1991/6/6 0:00,0.7294099999999999,1.6930618000000002,0.843241,0.7023400000000001,0.182359,0.007725,0.600122,0.5414
1991/6/7 0:00,0.73221,1.6918617999999999,0.846883,0.7338886,0.182359,0.007711,0.603893,0.541
1991/6/8 0:00,0.70206,1.65484,0.847817,0.7143332,0.182382,0.007727,0.609756,0.5463
1991/6/9 0:00,0.70206,1.6038799999999998,0.846024,0.7143332000000001,0.182382,0.0077102,0.608347,0.5466
1991/6/10 0:00,0.7017800000000001,1.6050800000000003,0.844096,0.7120144,0.182382,0.0077724000000000005,0.608458,0.5471
1991/6/11 0:00,0.70012,1.49204,0.839842,0.6997732,0.182382,0.0076818,0.607165,0.5482
1991/6/12 0:00,0.76406,1.6523999999999996,0.838715,0.7036578,0.182193,0.0075132,0.606428,0.5453
1991/6/13 0:00,0.7020799999999999,1.5461399999999998,0.839983,0.7143332000000001,0.182193,0.0076818,0.60423,0.547
1991/6/14 0:00,0.70266,1.4920399999999998,0.841397,0.7120144,0.182193,0.0076690000000000005,0.602954,0.5477
1991/6/15 0:00,0.7013199999999999,1.4920399999999998,0.838364,0.7120144,0.182193,0.0076474,0.601034,0.5473
1991/6/16 0:00,0.6974,1.49084,0.83654,0.6997731999999999,0.182193,0.007655999999999999,0.598982,0.5483
1991/6/17 0:00,0.7547,1.4920399999999998,0.83731,0.6855938,0.182193,0.0077538,0.596837,0.5481
1991/6/18 0:00,0.7536,1.4920399999999998,0.83696,0.6855937999999999,0.182269,0.007815599999999999,0.595061,0.5479
1991/6/19 0:00,0.7547,1.4920399999999998,0.834028,0.6981928,0.182176,0.0077602,0.598444,0.5472
1991/6/20 0:00,0.7549,1.5248068,0.833194,0.7107058,0.182176,0.0077442,0.600601,0.5456
1991/6/21 0:00,0.7573,1.4920399999999998,0.835422,0.6981928,0.182176,0.007493,0.607903,0.5463
1991/6/22 0:00,0.7602,1.4920399999999998,0.838012,0.6855938,0.182359,0.007573,0.605327,0.548
1991/6/23 0:00,0.7599,1.4878399999999998,0.835561,0.6662344,0.182359,0.007504,0.603318,0.5497
1991/6/24 0:00,0.7593,1.4878399999999998,0.834376,0.671684,0.182053,0.007454,0.60024,0.5492
1991/6/25 0:00,0.7605,1.49084,0.838223,0.6748188,0.182053,0.007479,0.60042,0.5489
1991/6/26 0:00,0.7614,1.49084,0.838926,0.6855938,0.182053,0.00748,0.603865,0.5484
1991/6/27 0:00,0.7638,1.4878399999999998,0.840972,0.6716840000000001,0.182193,0.007499,0.6035,0.5495
1991/6/28 0:00,0.7645,1.4957,0.840477,0.6780222,0.182359,0.007465,0.601866,0.5504
1991/6/29 0:00,0.7659,1.49084,0.841184,0.6748188,0.182359,0.007512,0.60024,0.549
1991/6/30 0:00,0.767,1.49084,0.839842,0.6855938,0.182442,0.007515,0.601685,0.5483
1991/7/1 0:00,0.77,1.4920399999999998,0.840195,0.7006876,0.182442,0.007523,0.603865,0.5463
1991/7/2 0:00,0.7666,1.6550999999999998,0.839278,0.6923410000000001,0.182442,0.007435,0.602047,0.545
1991/7/3 0:00,0.7663,1.6526,0.838223,0.6960592000000001,0.182442,0.007472,0.602954,0.5446
1991/7/4 0:00,0.7665,1.60088,0.840831,0.6981928,0.182442,0.007505,0.605694,0.547
1991/7/5 0:00,0.7632,1.75,0.841893,0.7060329999999999,0.182442,0.007535,0.5937154,0.5439
1991/7/6 0:00,0.7628,1.7495,0.841751,0.695728,0.182442,0.007503,0.5934875999999999,0.5423
1991/7/7 0:00,0.7595,1.7485,0.840831,0.695728,0.182442,0.007541,0.5934875999999999,0.5421
1991/7/8 0:00,0.7628,1.764,0.841468,0.7116545999999999,0.17064640000000003,0.007563,0.5941538,0.5437
1991/7/9 0:00,0.7637,1.7652,0.842673,0.7116545999999999,0.1702172,0.007524,0.5941538,0.5435
1991/7/10 0:00,0.7638,1.762,0.842957,0.7151685999999999,0.1702172,0.007503,0.593742,0.5447
1991/7/11 0:00,0.7661,1.771,0.846167,0.7229484,0.17022639999999997,0.007531,0.5982337999999999,0.5453
1991/7/12 0:00,0.765,1.756,0.847529,0.7306868000000001,0.1706556,0.007497,0.600711,0.5445
1991/7/13 0:00,0.7667,1.7477,0.845809,0.734145,0.17064640000000003,0.007468,0.5941538000000001,0.5438
1991/7/14 0:00,0.767,1.745,0.846024,0.740272,0.1710766,0.007463,0.5934876,0.543
1991/7/15 0:00,0.7645,1.747,0.847458,0.7555522000000001,0.1840758,0.00745,0.6224542,0.5413
1991/7/16 0:00,0.7625,1.7625,0.842957,0.7731116,0.1836102,0.007454,0.621754,0.5377
1991/7/17 0:00,0.757,1.764,0.843313,0.6983590000000001,0.1824674,0.007433,0.601866,0.533
1991/7/18 0:00,0.754,1.772,0.843455,0.6869756,0.1824674,0.007433,0.602773,0.534
1991/7/19 0:00,0.7562,1.78,0.837521,0.672687,0.182359,0.007511,0.604412,0.5348
1991/7/20 0:00,0.7552,1.775,0.83654,0.6818406,0.1823224,0.0075,0.604047,0.5376
1991/7/21 0:00,0.7589,1.7698,0.837451,0.6818406,0.182359,0.007491,0.60423,0.5386
1991/7/22 0:00,0.7565,1.775,0.83612,0.6818406,0.1823224,0.007502,0.602591,0.5372
1991/7/23 0:00,0.7538,1.783,0.839983,0.672687,0.182359,0.007536,0.604412,0.537
1991/7/24 0:00,0.7582,1.7815,0.839278,0.672687,0.182359,0.007515,0.605694,0.5382
1991/7/25 0:00,0.7552,1.7945,0.835631,0.665779,0.18228919999999998,0.007547,0.60551,0.5374
1991/7/26 0:00,0.7513,1.7965,0.834168,0.661507,0.1822526,0.007536,0.60551,0.5368
1991/7/27 0:00,0.7541,1.7875,0.833333,0.654022,0.1822526,0.007496,0.606061,0.5371
1991/7/28 0:00,0.7503,1.7927,0.828981,0.65445,0.182188,0.007509,0.605877,0.5337
1991/7/29 0:00,0.7523,1.813,0.83022,0.664673,0.18228579999999997,0.007663,0.608643,0.532
1991/7/30 0:00,0.7525,1.813,0.829738,0.66912,0.1822526,0.007610400000000001,0.609756,0.533
1991/7/31 0:00,0.7574,1.822,0.831601,0.677507,0.1822526,0.007714799999999999,0.610501,0.5347
1991/8/1 0:00,0.7574,1.8185,0.831393,0.671817,0.1822526,0.007666000000000001,0.609756,0.534
1991/8/2 0:00,0.7583,1.8355,0.834864,0.682594,0.18228919999999998,0.0077226000000000005,0.61237,0.534
1991/8/3 0:00,0.7575,1.8395,0.83619,0.685166,0.18232240000000002,0.0077226000000000005,0.612745,0.5333
1991/8/4 0:00,0.7566,1.8308,0.83612,0.680041,0.18232240000000002,0.0077402,0.613572,0.5326
1991/8/5 0:00,0.7582,1.817,0.83612,0.674536,0.18232239999999997,0.007700599999999999,0.612445,0.5336
1991/8/6 0:00,0.7573,1.8142,0.83647,0.671592,0.18232240000000002,0.007700599999999999,0.611359,0.5348
1991/8/7 0:00,0.7585,1.828,0.832016,0.676041,0.18232239999999997,0.007731400000000001,0.613685,0.5355
1991/8/8 0:00,0.758,1.801,0.831947,0.672721,0.18225260000000001,0.0076354000000000005,0.611621,0.5358
1991/8/9 0:00,0.7582,1.8065,0.830565,0.67714,0.1822526,0.007617799999999999,0.610874,0.536
1991/8/10 0:00,0.7568,1.829,0.830013,0.686719,0.1826556,0.0079314,0.613987,0.5352
1991/8/11 0:00,0.7574,1.8227,0.830013,0.684135,0.18265559999999997,0.007928399999999999,0.614628,0.5351
1991/8/12 0:00,0.7575,1.8245,0.83091,0.684463,0.1822526,0.007692200000000001,0.612557,0.5356
1991/8/13 0:00,0.763,1.8178,0.833125,0.680133,0.18228919999999998,0.0077402,0.613685,0.5373
1991/8/14 0:00,0.7629,1.825,0.835073,0.684229,0.18232239999999997,0.0077226000000000005,0.614251,0.5369
1991/8/15 0:00,0.763,1.836,0.838504,0.689655,0.1823822,0.0077808,0.615006,0.5385
1991/8/16 0:00,0.764,1.834,0.837521,0.688563,0.182359,0.0077778,0.614439,0.5407
1991/8/17 0:00,0.7631,1.8325,0.837872,0.686813,0.1823224,0.0077226000000000005,0.614628,0.5442
1991/8/18 0:00,0.7617,1.833,0.83682,0.688705,0.18228919999999998,0.0076738,0.614628,0.5434
1991/8/19 0:00,0.7616,1.846,0.838012,0.698568,0.18228919999999998,0.0077221999999999985,0.614628,0.5433
1991/8/20 0:00,0.7586,1.8515,0.839208,0.700771,0.1824076,0.0077222,0.616523,0.5436
1991/8/21 0:00,0.7535,1.856,0.838574,0.706714,0.1824076,0.0077222,0.616523,0.5417
1991/8/22 0:00,0.7534,1.86,0.83612,0.710732,0.18228919999999998,0.007769799999999999,0.615309,0.5423
1991/8/23 0:00,0.7525,1.853,0.835911,0.704225,0.1824402,0.007791599999999998,0.616029,0.542
1991/8/24 0:00,0.7545,1.8655,0.835073,0.707965,0.1827842,0.0078172,0.616447,0.5435
1991/8/25 0:00,0.7522,1.8595,0.834655,0.705965,0.1823264,0.0078172,0.616219,0.546
1991/8/26 0:00,0.7495,1.8615,0.83696,0.706714,0.18282079999999998,0.0078724,0.61717,0.5445
1991/8/27 0:00,0.7518,1.8635,0.835422,0.705716,0.18232180000000003,0.0078172,0.616143,0.5443
1991/8/28 0:00,0.7518,1.877,0.835631,0.711997,0.18278419999999998,0.0078172,0.617093,0.545
1991/8/29 0:00,0.75,1.891,0.83731,0.718391,0.1828208,0.0078724,0.617093,0.5447
1991/8/30 0:00,0.7465,1.891,0.838223,0.722282,0.1828208,0.0078724,0.617742,0.5435
1991/8/31 0:00,0.7471,1.907,0.837872,0.730994,0.1828208,0.0078724,0.617932,0.5438
1991/9/1 0:00,0.7477,1.9035,0.835282,0.727431,0.18351800000000001,0.0080092,0.618123,0.5442
1991/9/2 0:00,0.7469,1.911,0.83257,0.731797,0.18399839999999998,0.0080474,0.618047,0.544
1991/9/3 0:00,0.7421,1.918,0.831601,0.736377,0.18399839999999998,0.0080474,0.618047,0.544
1991/9/4 0:00,0.7444,1.9085,0.831601,0.736648,0.18399839999999998,0.0080474,0.618429,0.5448
1991/9/5 0:00,0.7447,1.9102,0.833472,0.738661,0.18399839999999998,0.0080474,0.619963,0.5441
1991/9/6 0:00,0.7436,1.9248,0.835771,0.741565,0.18399839999999998,0.008060000000000001,0.619579,0.5438
1991/9/7 0:00,0.7466,1.9195,0.839278,0.74184,0.1828208,0.0078354,0.619195,0.5448
1991/9/8 0:00,0.7441,1.896,0.837521,0.728863,0.1828208,0.007872399999999998,0.619118,0.5455
1991/9/9 0:00,0.7463,1.921,0.838786,0.737463,0.1828208,0.0078354,0.618812,0.5458
1991/9/10 0:00,0.7456,1.929,0.838364,0.748503,0.18298779999999998,0.007888200000000001,0.62054,0.5467
1991/9/11 0:00,0.7469,1.913,0.837802,0.741785,0.18324999999999997,0.007937,0.619963,0.5474
1991/9/12 0:00,0.7441,1.9257,0.838364,0.748391,0.183417,0.008,0.62054,0.546
1991/9/13 0:00,0.7432,1.9355,0.839701,0.753012,0.18338439999999998,0.007971,0.621581,0.546
1991/9/14 0:00,0.7443,1.9495,0.840336,0.765111,0.18298140000000002,0.008029,0.620848,0.5482
1991/9/15 0:00,0.7455,1.918,0.840831,0.761615,0.1829552,0.007984,0.619579,0.5483
1991/9/16 0:00,0.7465,1.9095,0.838364,0.756144,0.1829878,0.007981,0.619579,0.5475
1991/9/17 0:00,0.748,1.9035,0.839983,0.75643,0.1829552,0.00788,0.619848,0.5481
1991/9/18 0:00,0.7481,1.49084,0.841397,0.759878,0.177062,0.007897,0.619118,0.5488
1991/9/19 0:00,0.746,1.49204,0.839278,0.75188,0.1752186,0.007833,0.618238,0.5482
1991/9/20 0:00,0.7437,1.5829,0.841043,0.761731,0.17518820000000002,0.007829,0.618697,0.5461
1991/9/21 0:00,0.7438,1.50124,0.841468,0.76693,0.17518820000000002,0.007838,0.619387,0.5457
1991/9/22 0:00,0.7437,1.5054400000000001,0.842105,0.757174,0.1753552,0.007817,0.619886,0.5453
1991/9/23 0:00,0.7441,1.50124,0.845237,0.757002,0.17518820000000002,0.007834,0.61931,0.5457
1991/9/24 0:00,0.7443,1.50594,0.844238,0.757863,0.17518820000000002,0.007852,0.62004,0.5453
1991/9/25 0:00,0.7439,1.5072400000000001,0.844452,0.757691,0.1751882,0.007857,0.620733,0.5446
1991/9/26 0:00,0.7414,1.5114400000000001,0.843597,0.757576,0.1751882,0.007859,0.620655,0.5443
1991/9/27 0:00,0.7363,1.5519399999999999,0.8497055999999998,0.755572,0.1751012,0.007849,0.620424,0.544
1991/9/28 0:00,0.7565000000000001,1.7352400000000003,0.8547566,0.751315,0.1793396,0.007828,0.620424,0.5434
1991/9/29 0:00,0.7376001999999999,1.75444,0.783268,0.754603,0.183194,0.007809,0.620733,0.5426
1991/9/30 0:00,0.6267480000000001,1.6291799999999999,0.6666538000000001,0.756716,0.183194,0.00783,0.621041,0.5343
1991/10/1 0:00,0.673508,1.7511400000000001,0.7830657999999999,0.761035,0.183194,0.007857,0.621002,0.5371
1991/10/2 0:00,0.6930885999999999,1.7511400000000001,0.7867896,0.755173,0.183325,0.007921,0.62054,0.538
1991/10/3 0:00,0.6930885999999999,1.75114,0.7867895999999999,0.76266,0.183325,0.007921,0.620925,0.5381
1991/10/4 0:00,0.7120262,1.7708,0.780867,0.767813,0.183325,0.007918,0.621311,0.5398
1991/10/5 0:00,0.7120862,1.7517,0.8561586,0.774293,0.183325,0.007916,0.621234,0.5401
1991/10/6 0:00,0.7112086,1.7670000000000001,0.7827062,0.781861,0.183702,0.007932,0.622278,0.5384
1991/10/7 0:00,0.7112086,1.7511400000000001,0.7878011999999999,0.804829,0.184505,0.008021,0.624025,0.5383
1991/10/8 0:00,0.6870552,1.7500999999999998,0.8174225999999999,0.801282,0.184505,0.008006,0.624025,0.5408
1991/10/9 0:00,0.7131466,1.7500999999999998,0.7807592000000001,0.793651,0.184505,0.008003,0.625,0.5415
1991/10/10 0:00,0.6882467999999999,1.7510400000000002,0.7806242000000001,0.7449758,0.184505,0.008006,0.625,0.5417
1991/10/11 0:00,0.6547252,1.7501000000000002,0.8174225999999999,0.7469668,0.184505,0.008113,0.625313,0.5408
1991/10/12 0:00,0.6796962,1.7736,0.7479968000000001,0.7622310000000001,0.184505,0.008133,0.625586,0.5392
1991/10/13 0:00,0.6796962000000001,1.7736,0.780867,0.7073464,0.184505,0.008133,0.626959,0.5398
1991/10/14 0:00,0.7292299999999999,1.7549,0.835422,0.763223,0.184761,0.00813,0.627392,0.5401
1991/10/15 0:00,0.72393,1.78444,0.834376,0.763223,0.183699,0.008065,0.627156,0.5402
1991/10/16 0:00,0.71639,1.8517400000000002,0.834028,0.763223,0.182522,0.008116,0.625782,0.542
1991/10/17 0:00,0.705338,1.6912023999999999,0.830358,0.7796372,0.182522,0.008151,0.628417,0.5383
1991/10/18 0:00,0.643378,1.8249000000000002,0.822368,0.763223,0.182522,0.008115,0.627746,0.5405
1991/10/19 0:00,0.6530099999999999,1.8249000000000002,0.819672,0.7457292,0.181406,0.008131,0.627156,0.5436
1991/10/20 0:00,0.6577499999999998,1.9235,0.818465,0.7120144,0.181271,0.00805,0.62637,0.5472
1991/10/21 0:00,0.68778,1.8915,0.825219,0.6819166000000001,0.181041,0.008048,0.626096,0.5537
1991/10/22 0:00,0.65969,1.8715,0.820345,0.7352938000000001,0.181041,0.00804,0.625,0.545
1991/10/23 0:00,0.6607899999999999,1.811,0.818331,0.7143332000000001,0.180708,0.008003,0.623441,0.5465
1991/10/24 0:00,0.65853,1.7815,0.821288,0.7143332,0.180535,0.008037,0.624805,0.5465
1991/10/25 0:00,0.66079,1.737,0.82203,0.7471146,0.180871,0.008024,0.62162,0.5431
1991/10/26 0:00,0.70021,1.7082,0.812216,0.7653896,0.180675,0.008251,0.62383,0.538
1991/10/27 0:00,0.70021,1.7085,0.804894,0.7667451999999999,0.180675,0.008323,0.624025,0.5385
1991/10/28 0:00,0.70021,1.709,0.805477,0.7653896,0.18074,0.008285,0.62422,0.5379
1991/10/29 0:00,0.6768599999999999,1.714,0.806712,0.7653896,0.18074,0.008299,0.62383,0.538
1991/10/30 0:00,0.6711199999999999,1.7295,0.802246,0.7734202,0.18074,0.008363,0.623636,0.5365
1991/10/31 0:00,0.68205,1.769,0.797448,0.7642008,0.181071,0.008351,0.626566,0.5358
1991/11/1 0:00,0.66448,1.779,0.801282,0.7796372,0.181357,0.008333,0.628536,0.5372
1991/11/2 0:00,0.65377,1.734,0.804117,0.763223,0.181357,0.008333,0.628141,0.5404
1991/11/3 0:00,0.6510100000000001,1.706,0.796813,0.7457292,0.181357,0.008379,0.628141,0.5433
1991/11/4 0:00,0.65007,1.701,0.801989,0.7165216,0.181357,0.008358,0.628931,0.545
1991/11/5 0:00,0.6747400000000001,1.7175,0.800833,0.7427904,0.180453,0.008332,0.5934257999999999,0.5425
1991/11/6 0:00,0.6273199999999999,1.6895,0.802182,0.7711628,0.180323,0.008267,0.5934258,0.5432
1991/11/7 0:00,0.7176,1.6975,0.79968,0.7417698,0.180054,0.008197,0.5919276,0.5412
1991/11/8 0:00,0.7222,1.714,0.80289,0.7705828,0.180054,0.00823,0.5843860000000001,0.543
1991/11/9 0:00,0.7223,1.7098,0.800961,0.7705828,0.180054,0.008263,0.584386,0.5431
1991/11/10 0:00,0.7224,1.7,0.80032,0.7705828,0.180054,0.008306,0.5919275999999999,0.5425
1991/11/11 0:00,0.7196,1.6555,0.801667,0.7359674,0.180054,0.008344,0.5919275999999999,0.542
1991/11/12 0:00,0.7187,1.63,0.802118,0.7490074,0.180054,0.008344,0.5917586,0.5405
1991/11/13 0:00,0.715,1.6235,0.807754,0.7577574,0.179746,0.0082,0.6190575999999999,0.5389
1991/11/14 0:00,0.7184,1.6135,0.807754,0.7615814000000001,0.179682,0.00821,0.6097667999999998,0.5391
1991/11/15 0:00,0.7201,1.6195,0.804829,0.7615814000000001,0.179682,0.008282,0.5917586,0.54
1991/11/16 0:00,0.7184,1.613,0.801989,0.7417698,0.179682,0.008212,0.5919276,0.5412
1991/11/17 0:00,0.7143,1.5865,0.80032,0.7615814,0.179682,0.008195,0.5917586,0.5399
1991/11/18 0:00,0.691,1.533,0.805477,0.750862,0.179585,0.008068,0.6024026,0.5218
1991/11/19 0:00,0.695,1.5479,0.805283,0.7441419999999999,0.179247,0.00818,0.6057790000000001,0.525
1991/11/20 0:00,0.6909,1.5535,0.802568,0.7441419999999999,0.179247,0.008143,0.6057790000000001,0.5245
1991/11/21 0:00,0.6968,1.538,0.801282,0.744142,0.179247,0.008152,0.6057790000000001,0.5252
1991/11/22 0:00,0.689,1.5129,0.790952,0.7440977999999999,0.178757,0.008039,0.6041588,0.5237
1991/11/23 0:00,0.6935,1.4655999999999998,0.791452,0.7465925999999999,0.178757,0.008057,0.6041588,0.523
1991/11/24 0:00,0.6936,1.5128999999999997,0.791139,0.744142,0.178952,0.008074,0.605779,0.5248
1991/11/25 0:00,0.6881,1.46888,0.787402,0.750862,0.178952,0.00801,0.599498,0.5205
1991/11/26 0:00,0.6842,1.46918,0.784314,0.7537762,0.178952,0.008029,0.5972436,0.515
1991/11/27 0:00,0.6881,1.4675799999999999,0.784006,0.7624522,0.178952,0.00804,0.582689,0.517
1991/11/28 0:00,0.6839,1.46918,0.785546,0.7389238,0.177809,0.008094,0.582689,0.5165
1991/11/29 0:00,0.6843,1.4860799999999998,0.782167,0.7389238,0.176239,0.00805,0.5964628000000001,0.5148
1991/11/30 0:00,0.6893,1.49978,0.777907,0.7537762,0.175141,0.008039,0.5970424000000001,0.515
1991/12/1 0:00,0.6822,1.5326,0.777545,0.7791558000000001,0.174395,0.008037,0.5991284,0.5109
1991/12/2 0:00,0.6843,1.519,0.777786,0.751556,0.173819,0.008039,0.6004056,0.512
1991/12/3 0:00,0.6829,1.519,0.780336,0.7537762,0.173819,0.008038,0.594392,0.5127
1991/12/4 0:00,0.6887,1.4675799999999999,0.783085,0.7566504000000001,0.173819,0.008021,0.582689,0.516
1991/12/5 0:00,0.6916,1.46888,0.78235,0.7624522,0.172357,0.008006,0.582689,0.5171
1991/12/6 0:00,0.6924,1.45928,0.783699,0.7461399999999999,0.172357,0.008036,0.588322,0.5186
1991/12/7 0:00,0.6934,1.45928,0.784375,0.7702031999999999,0.171245,0.008065,0.582689,0.5175
1991/12/8 0:00,0.6942,1.46118,0.785238,0.7461399999999999,0.171245,0.008058,0.5880826000000001,0.5183
1991/12/9 0:00,0.6902,1.46888,0.783392,0.7566504,0.17066,0.008072,0.582689,0.5167
1991/12/10 0:00,0.6873,1.4675799999999999,0.78456,0.7389238,0.17066,0.008074,0.5970042,0.5155
1991/12/11 0:00,0.6881,1.4675799999999999,0.782963,0.7537762,0.169471,0.008058,0.5964628000000001,0.5144
1991/12/12 0:00,0.6894,1.46888,0.784437,0.7461399999999999,0.169471,0.007870199999999999,0.5939294,0.5188
1991/12/13 0:00,0.6916,1.45928,0.783945,0.7624522,0.170515,0.007868400000000001,0.582689,0.5171
1991/12/14 0:00,0.691,1.4439799999999998,0.792833,0.7537762,0.172429,0.007897199999999998,0.5970042,0.5154
1991/12/15 0:00,0.6904,1.4439799999999998,0.793336,0.7537762,0.172429,0.007897200000000002,0.5947252000000001,0.5139
1991/12/16 0:00,0.6885,1.46128,0.792581,0.7537762000000001,0.173424,0.0078846,0.5954666,0.5148
1991/12/17 0:00,0.6895,1.46128,0.789889,0.7537762000000001,0.173424,0.007891200000000001,0.5797366,0.5138
1991/12/18 0:00,0.6894,1.45508,0.788208,0.7537762,0.173424,0.007891200000000001,0.5797366,0.5134
1991/12/19 0:00,0.689,1.45508,0.786535,0.7537762,0.173424,0.0080702,0.5797366,0.5135
1991/12/20 0:00,0.6818,1.5268,0.78235,0.751556,0.173424,0.008058,0.6004056,0.5121
1991/12/21 0:00,0.6735,1.5207,0.783208,0.7346024,0.173424,0.0081428,0.5686863999999999,0.5053
1991/12/22 0:00,0.67,1.50002,0.7445404,0.739512,0.173178,0.0081256,0.5922912000000001,0.5055
1991/12/23 0:00,0.669,1.50002,0.7239717999999999,0.766002,0.173178,0.0079218,0.5957621999999999,0.508
1991/12/24 0:00,0.672,1.54,0.7212754,0.7791558000000001,0.173178,0.0077138,0.60738,0.5101
1991/12/25 0:00,0.6736,1.5535,0.7215174000000001,0.7537762,0.173178,0.007521,0.5969494,0.5129
1991/12/26 0:00,0.6736,1.54,0.7215174000000001,0.7537762,0.173178,0.007516400000000001,0.5969494,0.5127
1991/12/27 0:00,0.6698,1.539,0.7009078000000001,0.751556,0.173178,0.0077138,0.601496,0.5123
1991/12/28 0:00,0.6723,1.548,0.7215174,0.7537762,0.173178,0.007528599999999999,0.5797366,0.5135
1991/12/29 0:00,0.669,1.5416,0.7009078,0.751556,0.173178,0.007528600000000001,0.5962080000000001,0.5125
1991/12/30 0:00,0.6655,1.5175,0.6803853999999999,0.7491391999999999,0.172729,0.0077076,0.6012932,0.5117
1991/12/31 0:00,0.672,1.532,0.6805892,0.7537761999999999,0.172729,0.0075163999999999995,0.5964628000000001,0.5147
1992/1/1 0:00,0.672,1.5585,0.6804508,0.692905,0.172729,0.008112,0.582689,0.5168
1992/1/2 0:00,0.675,1.5385,0.6801638000000001,0.688468,0.172729,0.008089,0.5850902,0.518
1992/1/3 0:00,0.6735,1.5145,0.6804507999999999,0.684697,0.172729,0.008058,0.5821854000000001,0.5156
1992/1/4 0:00,0.6812,1.5165,0.6801638000000001,0.684463,0.172729,0.00805,0.5850902,0.518
1992/1/5 0:00,0.6793,1.4855,0.787402,0.672043,0.172729,0.008002,0.582689,0.5162
1992/1/6 0:00,0.6755,1.454,0.791139,0.658545,0.172729,0.008003,0.5797365999999999,0.514
1992/1/7 0:00,0.6782,1.446,0.791954,0.656168,0.172729,0.008009,0.5797365999999999,0.5145
1992/1/8 0:00,0.6762,1.4475,0.792958,0.7411766,0.172414,0.008037,0.5804438000000001,0.5133
1992/1/9 0:00,0.6694,1.4395,0.791077,0.7969238,0.172414,0.008063,0.6048047999999999,0.5091
1992/1/10 0:00,0.67,1.431,0.788519,0.7969238,0.172414,0.008239,0.6048047999999999,0.5095
1992/1/11 0:00,0.6705,1.4255,0.789952,0.750123,0.172414,0.007948199999999999,0.6004056,0.5115
1992/1/12 0:00,0.6764,1.418,0.795988,0.7537762,0.172414,0.0079544,0.594392,0.513
1992/1/13 0:00,0.6774,1.4175,0.796559,0.751556,0.172414,0.0079544,0.6004056,0.512
1992/1/14 0:00,0.6871,1.4475,0.795925,0.7566504000000001,0.172414,0.0078748,0.582689,0.5158
1992/1/15 0:00,0.6864,1.4439,0.792581,0.7566504000000001,0.172414,0.0078932,0.5977792,0.5157
1992/1/16 0:00,0.6878,1.446,0.793651,0.7566504000000001,0.172429,0.0078764,0.582689,0.516
1992/1/17 0:00,0.69,1.4525,0.795545,0.7566504,0.173328,0.007879,0.582689,0.5168
1992/1/18 0:00,0.6961,1.4375,0.792456,0.7441419999999999,0.173774,0.008129799999999998,0.605779,0.5252
1992/1/19 0:00,0.694,1.43,0.797766,0.7457756,0.173774,0.008230999999999999,0.6024026,0.5225
1992/1/20 0:00,0.6955,1.4215,0.800128,0.7440977999999999,0.173774,0.008467,0.6041588,0.5233
1992/1/21 0:00,0.7052,1.4363,0.800128,0.7506572,0.173774,0.008421,0.607903,0.5269
1992/1/22 0:00,0.707,1.4475,0.801282,0.7455708,0.173774,0.008491,0.608272,0.528
1992/1/23 0:00,0.7053,1.449,0.801989,0.7506572,0.174086,0.008529,0.608643,0.5268
1992/1/24 0:00,0.7125,1.4535,0.804635,0.7455708,0.174086,0.008562,0.608458,0.53
1992/1/25 0:00,0.7077,1.447,0.801603,0.7506572,0.174086,0.0085,0.607533,0.5275
1992/1/26 0:00,0.7062,1.4455,0.804182,0.7506572,0.17396119999999998,0.008575,0.607165,0.5265
1992/1/27 0:00,0.701,1.4345,0.802439,0.7506572,0.1738364,0.008518,0.60698,0.528
1992/1/28 0:00,0.7044,1.432,0.802697,0.7506572,0.1738364,0.008466,0.606428,0.5271
1992/1/29 0:00,0.7067,1.4349,0.803471,0.7506572,0.1738988,0.008506,0.606796,0.5271
1992/1/30 0:00,0.7108,1.433,0.804182,0.7506572,0.17396119999999998,0.008489,0.607349,0.5278
1992/1/31 0:00,0.7031,1.434,0.802246,0.7506572,0.1738988,0.008442,0.607607,0.5266
1992/2/1 0:00,0.7051,1.4445,0.79968,0.7506572,0.17396119999999998,0.008554,0.607533,0.5275
1992/2/2 0:00,0.7096,1.451,0.79885,0.7499528,0.17396119999999998,0.008529,0.607829,0.5335
1992/2/3 0:00,0.7137,1.4755,0.801796,0.7499528,0.173539,0.008556,0.607718,0.5347
1992/2/4 0:00,0.7157,1.4892,0.80289,0.7499528,0.174089,0.008624,0.609013,0.5336
1992/2/5 0:00,0.7147,1.4876,0.803019,0.7413444,0.174089,0.008645,0.609088,0.5365
1992/2/6 0:00,0.7035,1.4832,0.801089,0.7455708,0.174089,0.008643,0.608828,0.5292
1992/2/7 0:00,0.7052,1.482,0.803471,0.7480952000000001,0.17442,0.008556,0.608347,0.5321
1992/2/8 0:00,0.7089,1.4743,0.803859,0.7465152,0.17442,0.008525,0.607903,0.5323
1992/2/9 0:00,0.709,1.4905,0.803277,0.7499528,0.17442,0.008591,0.607718,0.534
1992/2/10 0:00,0.7078,1.4904,0.802053,0.7499528,0.17442,0.008564,0.609199,0.5341
1992/2/11 0:00,0.7108,1.495,0.799105,0.7499528,0.17442,0.008575,0.609199,0.5345
1992/2/12 0:00,0.7044,1.509,0.795355,0.7480952000000001,0.17442,0.008703,0.610054,0.5316
1992/2/13 0:00,0.697,1.526,0.794597,0.7433972,0.17442,0.008764,0.611808,0.5276
1992/2/14 0:00,0.697,1.513,0.793336,0.7433972000000001,0.17442,0.008757,0.613121,0.5288
1992/2/15 0:00,0.7092,1.5253,0.794913,0.75412,0.17442,0.008814,0.615006,0.538
1992/2/16 0:00,0.68679,1.5282,0.79384,0.7471696,0.17442,0.008834,0.615006,0.538
1992/2/17 0:00,0.64805,1.5478,0.79321,0.7360132,0.17442,0.008869,0.615574,0.54
1992/2/18 0:00,0.64805,1.5585,0.792833,0.7341618000000001,0.174938,0.008818,0.616257,0.5415
1992/2/19 0:00,0.64805,1.552,0.791515,0.72754,0.174938,0.00878,0.614439,0.5423
1992/2/20 0:00,0.6511699999999999,1.543,0.793021,0.7341618000000001,0.174938,0.008818,0.614364,0.5407
1992/2/21 0:00,0.68747,1.5255,0.794281,0.7471696,0.174932,0.008879,0.614893,0.5382
1992/2/22 0:00,0.65117,1.5379,0.796052,0.7341618,0.175205,0.009007,0.616713,0.5413
1992/2/23 0:00,0.65117,1.5424,0.795735,0.7341618000000001,0.175205,0.009025,0.616523,0.5402
1992/2/24 0:00,0.65219,1.5755,0.792707,0.72812,0.175205,0.00904,0.617932,0.5433
1992/2/25 0:00,0.65219,1.59,0.794597,0.7143332,0.175205,0.009054,0.618812,0.5463
1992/2/26 0:00,0.6425302,1.5703,0.785731,0.7347417999999999,0.174743,0.009066,0.619579,0.5398
1992/2/27 0:00,0.65117,1.535,0.788333,0.7217,0.174743,0.008949,0.619963,0.5438
1992/2/28 0:00,0.65117,1.542,0.784375,0.7214634,0.174426,0.009005,0.619195,0.5415
1992/2/29 0:00,0.6964600000000001,1.534,0.784498,0.684463,0.174426,0.008969,0.61931,0.5425
1992/3/1 0:00,0.7002400000000001,1.5255,0.785731,0.68573,0.174116,0.008953,0.619118,0.5438
1992/3/2 0:00,0.6964600000000001,1.5385,0.784745,0.68918,0.174116,0.009021,0.61862,0.543
1992/3/3 0:00,0.69716,1.5322,0.783883,0.680735,0.174116,0.008977,0.619387,0.5432
1992/3/4 0:00,0.68679,1.5314,0.785546,0.7335278000000001,0.174116,0.008961,0.618506,0.537
1992/3/5 0:00,0.66852,1.5408,0.788955,0.7336197999999999,0.174116,0.009048,0.619195,0.5392
1992/3/6 0:00,0.64805,1.5563,0.788457,0.7347417999999999,0.174116,0.00905,0.619502,0.5411
1992/3/7 0:00,0.6511699999999999,1.5415,0.789578,0.7226434,0.174116,0.009056,0.61862,0.5442
1992/3/8 0:00,0.65117,1.535,0.792267,0.72812,0.174116,0.009062,0.618927,0.5438
1992/3/9 0:00,0.60067,1.542,0.793273,0.7178282,0.174116,0.009132,0.572118,0.5473
1992/3/10 0:00,0.60067,1.546,0.790826,0.7178282,0.174116,0.009204,0.572118,0.5469
1992/3/11 0:00,0.6273199999999999,1.5605,0.786968,0.7707766,0.174116,0.009331,0.6018192,0.542
1992/3/12 0:00,0.6273199999999999,1.541,0.786535,0.7574982,0.174116,0.009287,0.5916818,0.5422
1992/3/13 0:00,0.62732,1.5393,0.78456,0.7580782,0.174116,0.009311,0.593065,0.5426
1992/3/14 0:00,0.66708,1.517,0.782779,0.7471696000000001,0.174694,0.009281,0.6011798,0.5376
1992/3/15 0:00,0.68747,1.5225,0.782167,0.7747287999999999,0.174694,0.009314,0.6282051999999999,0.5363
1992/3/16 0:00,0.68679,1.5175,0.779423,0.7758065999999999,0.174694,0.009407,0.628513,0.5339
1992/3/17 0:00,0.6379162,1.515,0.6622016,0.7747288000000001,0.174694,0.0084926,0.6155408,0.5356
1992/3/18 0:00,0.6421466,1.519,0.7430599999999999,0.7471696000000001,0.174694,0.0084874,0.6168856,0.5371
1992/3/19 0:00,0.6368268,1.5245,0.7803322,0.7554304000000001,0.174694,0.008200200000000001,0.6022716,0.542
1992/3/20 0:00,0.6368267999999999,1.527,0.7803322,0.7554304000000001,0.174694,0.008276200000000001,0.6018192,0.5422
1992/3/21 0:00,0.6987802,1.522,0.8246566,0.7833376000000001,0.173825,0.007876600000000001,0.619335,0.5438
1992/3/22 0:00,0.69882,1.5035,0.7880144,0.7571752,0.173473,0.0078586,0.6198112,0.5445
1992/3/23 0:00,0.6368267999999999,1.5145,0.7445478000000001,0.755159,0.173473,0.0088478,0.6033174,0.5423
1992/3/24 0:00,0.6292452,1.496,0.7507862,0.7198362,0.173473,0.0080094,0.5908818,0.5412
1992/3/25 0:00,0.6444561999999999,1.4717,0.7073646,0.729924,0.173142,0.0083184,0.618625,0.5383
1992/3/26 0:00,0.6259362,1.4675,0.7427536,0.7471696000000001,0.173142,0.0083004,0.6165314,0.5366
1992/3/27 0:00,0.6574066000000001,1.4778,0.74306,0.7207206,0.173142,0.008300400000000001,0.618038,0.5372
1992/3/28 0:00,0.6566065999999999,1.493,0.74306,0.7307284,0.173142,0.008300199999999999,0.6181926000000001,0.5373
1992/3/29 0:00,0.6277242000000001,1.503,0.7066625999999999,0.7471696000000001,0.173142,0.008300199999999999,0.6165314000000001,0.5378
1992/3/30 0:00,0.6946680000000001,1.493,0.7427536,0.7307284,0.173142,0.0083204,0.6161166,0.5366
1992/3/31 0:00,0.6292452,1.5065,0.7476700000000001,0.7198362,0.173142,0.0080094,0.609876,0.5412
1992/4/1 0:00,0.6775291999999999,1.5075,0.7837272000000001,0.755159,0.173142,0.0087628,0.6033174,0.5428
1992/4/2 0:00,0.69888,1.5097,0.8213187999999999,0.7560034,0.173142,0.0078586,0.6187832,0.5443
1992/4/3 0:00,0.6947342000000001,1.4935,0.7376352,0.7382052,0.173142,0.0083302,0.6042150000000001,0.5465
1992/4/4 0:00,0.63821,1.4948,0.7391942,0.6832068,0.173142,0.008398000000000001,0.6040034000000001,0.551
1992/4/5 0:00,0.7298100000000001,1.4779,0.7483671999999999,0.7437422,0.1535726,0.0083046,0.5939842,0.55
1992/4/6 0:00,0.7401094,1.478,0.7845986,0.6956716000000001,0.1729764,0.0081444,0.5852606,0.5495
1992/4/7 0:00,0.6720949999999999,1.4929,0.8064702,0.7248113999999999,0.1822526,0.007923,0.5895306,0.5483
1992/4/8 0:00,0.7067500000000001,1.5012,0.7757944,0.7453098,0.15567719999999996,0.0081806,0.5986554,0.5503
1992/4/9 0:00,0.6948155999999999,1.4883,0.7231424,0.7153208,0.1800988,0.008184799999999999,0.5799196,0.5492
1992/4/10 0:00,0.6948155999999999,1.4795,0.7231424,0.7249930000000001,0.1822034,0.008184799999999999,0.5799196,0.5492
1992/4/11 0:00,0.6740242000000001,1.4985,0.7731784,0.7409822,0.1751418,0.0082942,0.6102692000000001,0.547
1992/4/12 0:00,0.6740242000000001,1.501,0.7731784,0.7409822,0.1751418,0.0082942,0.6102692000000001,0.547
1992/4/13 0:00,0.7163294,1.5155,0.7845986,0.7286766,0.175081,0.0081388,0.5852606,0.5495
1992/4/14 0:00,0.68223,1.5085,0.7757943999999999,0.722022,0.15567720000000002,0.0081806,0.5986554,0.5505
1992/4/15 0:00,0.66005,1.4964,0.7392752,0.6868230000000001,0.15902059999999998,0.008224,0.5992201999999999,0.551
1992/4/16 0:00,0.6259469999999999,1.5015,0.7747498,0.726951,0.1542168,0.0081992,0.6089104000000001,0.5525
1992/4/17 0:00,0.626047,1.489,0.7606481999999999,0.7541291999999999,0.1542168,0.00826,0.6219806,0.5524
1992/4/18 0:00,0.6708000000000001,1.4945,0.7053635999999999,0.6832068,0.1537586,0.008474800000000001,0.6112223999999999,0.5512
1992/4/19 0:00,0.63839,1.4861,0.7117393999999999,0.6944650000000001,0.1614014,0.008571800000000001,0.6049458,0.5515
1992/4/20 0:00,0.63118,1.485,0.728442,0.6984082,0.156822,0.008379600000000001,0.5922000000000001,0.554
1992/4/21 0:00,0.626047,1.4897,0.7373321999999999,0.7254004000000001,0.1542168,0.008259999999999998,0.6160914,0.5521
1992/4/22 0:00,0.626047,1.5045,0.7373322,0.7254004000000001,0.1542168,0.008259999999999998,0.6160914,0.5521
1992/4/23 0:00,0.6488338,1.5806,0.7441616000000001,0.6981771999999999,0.1673558,0.0085242,0.6315804,0.5515
1992/4/24 0:00,0.6316200000000001,1.57316,0.7054136,0.693913,0.1585128,0.0084352,0.6047924,0.5535
1992/4/25 0:00,0.7398294,1.4962199999999999,0.7423930000000001,0.666223,0.1679122,0.0083046,0.5835775999999999,0.55
1992/4/26 0:00,0.6602722,1.5454368,0.8409314,0.665115,0.1594252,0.0079762,0.5901620000000001,0.5572
1992/4/27 0:00,0.6950556,1.63876,0.7515916,0.658892,0.182192,0.007823199999999999,0.5948998000000001,0.5489
1992/4/28 0:00,0.7175294000000001,1.63876,0.8259052,0.654365,0.1822034,0.0082734,0.5814558,0.5493
1992/4/29 0:00,0.6706738,1.5172999999999999,0.7225235999999999,0.655093,0.1681734,0.0083388,0.6091429999999999,0.551
1992/4/30 0:00,0.6488338,1.59222,0.7215232,0.655093,0.16881019999999997,0.0085242,0.6139262000000001,0.5515
1992/5/1 0:00,0.64946,1.57524,0.7354068,0.66778,0.1767086,0.008253,0.6091792,0.553
1992/5/2 0:00,0.6488599999999999,1.5905392,0.7528882,0.66379,0.1690864,0.0083582,0.6156164000000001,0.554
1992/5/3 0:00,0.6510824000000001,1.5905068000000002,0.7668200000000001,0.671366,0.1820038,0.008042200000000001,0.6091262,0.555
1992/5/4 0:00,0.6510824000000001,1.5092468,0.7668200000000001,0.673401,0.176803,0.008336399999999999,0.622545,0.555
1992/5/5 0:00,0.6494599999999999,1.5743,0.7178196,0.677048,0.1794034,0.0082926,0.6157078,0.5535
1992/5/6 0:00,0.6928538000000001,1.49576,0.7548438,0.673174,0.1681734,0.0081942,0.5826247999999998,0.5505
1992/5/7 0:00,0.65106,1.57524,0.7354068,0.675904,0.17686200000000002,0.008253,0.5967735999999999,0.5528
1992/5/8 0:00,0.6547381999999999,1.5116068,0.8823038000000001,0.673174,0.179981,0.007715,0.6157994,0.5565
1992/5/9 0:00,0.6510824000000001,1.5143668000000001,0.7666046,0.680967,0.1747464,0.008332800000000001,0.6202316,0.555
1992/5/10 0:00,0.6488338,1.4941600000000002,0.6871615999999999,0.67981,0.1685466,0.008274599999999998,0.6062985999999999,0.552
1992/5/11 0:00,0.6706738,1.5172999999999999,0.7225236,0.678518,0.1681734,0.0083388,0.6091429999999999,0.551
1992/5/12 0:00,0.6488338,1.4941600000000002,0.6871615999999999,0.675447,0.17712560000000002,0.008274599999999998,0.6062985999999999,0.552
1992/5/13 0:00,0.6494599999999999,1.57134,0.7178196000000001,0.685401,0.17929560000000003,0.0082926,0.6157078,0.5535
1992/5/14 0:00,0.7136190000000001,1.59158,0.7786582,0.688848,0.18227920000000003,0.0080622,0.5851504,0.5478
1992/5/15 0:00,0.7198602,1.6516600000000001,0.8037958,0.69979,0.1781076,0.008446400000000001,0.5933004,0.5425
1992/5/16 0:00,0.7164764000000001,1.58524,0.8063998,0.705766,0.1822526,0.0078286,0.6017068,0.5483
1992/5/17 0:00,0.6487999999999999,1.49948,0.7472602,0.702741,0.17885879999999998,0.008349800000000001,0.5994936000000001,0.5525
1992/5/18 0:00,0.6476,1.5033400000000001,0.730645,0.713929,0.17885879999999998,0.0082746,0.6111397999999999,0.5522
1992/5/19 0:00,0.6706738,1.52178,0.7225235999999999,0.717103,0.1681734,0.0083388,0.6091430000000001,0.551
1992/5/20 0:00,0.6706738,1.5172999999999999,0.688693,0.710227,0.1668134,0.0083388,0.6139262,0.5512
1992/5/21 0:00,0.65106,1.5033400000000001,0.7354068,0.715564,0.18155359999999998,0.008253,0.5967735999999999,0.5528
1992/5/22 0:00,0.63835,1.57524,0.7356988,0.719166,0.18155359999999998,0.008304800000000001,0.5967735999999999,0.5527
1992/5/23 0:00,0.59721,1.4923,0.76063,0.713419,0.1520592,0.0083622,0.5718976,0.5515
1992/5/24 0:00,0.59721,1.49526,0.761035,0.713776,0.1520592,0.0083402,0.5722607999999999,0.5515
1992/5/25 0:00,0.59721,1.5317,0.75643,0.712504,0.15267840000000002,0.0083418,0.571676,0.5525
1992/5/26 0:00,0.6209199999999999,1.503,0.755744,0.699301,0.16165279999999999,0.0083418,0.5835318,0.5537
1992/5/27 0:00,0.5964700000000001,1.5198,0.75815,0.704722,0.16235280000000002,0.0083418,0.571676,0.5541
1992/5/28 0:00,0.6329499999999999,1.5055,0.756144,0.69735,0.16165279999999999,0.0083418,0.571676,0.5536
1992/5/29 0:00,0.67239,1.5013,0.757863,0.695169,0.17182779999999998,0.0084364,0.5835318,0.5547
1992/5/30 0:00,0.59647,1.5123,0.755116,0.701262,0.16179,0.008348,0.5973074,0.5545
1992/5/31 0:00,0.5964700000000001,1.5152,0.755458,0.707714,0.1622162,0.0083622,0.5718976,0.552
1992/6/1 0:00,0.5977300000000001,1.512,0.752502,0.707714,0.1519042,0.0083594,0.5731974,0.55
1992/6/2 0:00,0.6201200000000001,1.496,0.748503,0.698812,0.16236959999999998,0.0083542,0.5732621999999999,0.5504
1992/6/3 0:00,0.6706,1.5048,0.746826,0.701902,0.172748,0.0084168,0.632031,0.5505
1992/6/4 0:00,0.64933,1.514,0.746826,0.704871,0.17274799999999998,0.0082564,0.631712,0.5503
1992/6/5 0:00,0.64933,1.5165,0.747049,0.703482,0.1728846,0.008144000000000002,0.636335,0.548
1992/6/6 0:00,0.64767,1.5257,0.748783,0.703235,0.1735926,0.008144,0.641437,0.5476
1992/6/7 0:00,0.64933,1.522,0.750188,0.701262,0.1731288,0.008144000000000002,0.637552,0.5495
1992/6/8 0:00,0.64557,1.5352,0.75092,0.711491,0.1735926,0.008183,0.637959,0.5515
1992/6/9 0:00,0.64557,1.532,0.751202,0.714541,0.1735926,0.008183,0.639591,0.5521
1992/6/10 0:00,0.64757,1.5223,0.752276,0.711339,0.172375,0.008183,0.638244,0.5518
1992/6/11 0:00,0.64933,1.5127,0.75375,0.702889,0.172375,0.0084936,0.63743,0.5516
1992/6/12 0:00,0.6706,1.512,0.75092,0.700771,0.172375,0.0084936,0.637267,0.55
1992/6/13 0:00,0.69475,1.498,0.753296,0.697107,0.172375,0.0090084,0.636213,0.5515
1992/6/14 0:00,0.71982,1.4924,0.754546,0.692041,0.172375,0.0090748,0.634316,0.555
1992/6/15 0:00,0.68998,1.4893,0.75643,0.687191,0.172375,0.009319,0.633312,0.5557
1992/6/16 0:00,0.68098,1.4863,0.759301,0.680967,0.172375,0.009229,0.634115,0.556
1992/6/17 0:00,0.67176,1.4725,0.766284,0.677599,0.172375,0.009246,0.634518,0.5568
1992/6/18 0:00,0.68098,1.4863,0.76365,0.679348,0.172375,0.009228,0.63674,0.556
1992/6/19 0:00,0.67176,1.477,0.757174,0.674309,0.172375,0.009247,0.637349,0.5556
1992/6/20 0:00,0.6809799999999999,1.4783,0.758495,0.674764,0.172375,0.009219,0.634316,0.5545
1992/6/21 0:00,0.69126,1.48,0.756029,0.670241,0.172375,0.0092338,0.629723,0.554
1992/6/22 0:00,0.69108,1.4882,0.75643,0.674309,0.172375,0.009113399999999999,0.630517,0.554
1992/6/23 0:00,0.6800799999999999,1.4807,0.759878,0.666001,0.172375,0.0092338,0.627746,0.5545
1992/6/24 0:00,0.68008,1.4825,0.765814,0.666001,0.172375,0.009117,0.629129,0.5547
1992/6/25 0:00,0.68008,1.4805,0.763825,0.665779,0.172375,0.0092338,0.629921,0.5545
1992/6/26 0:00,0.6887800000000001,1.4788,0.766401,0.665115,0.172375,0.0092338,0.628141,0.5545
1992/6/27 0:00,0.68716,1.4865,0.773096,0.670017,0.172375,0.009014999999999999,0.627274,0.5572
1992/6/28 0:00,0.69802,1.4808,0.771426,0.67331,0.172375,0.0092338,0.627746,0.5531
1992/6/29 0:00,0.6884,1.4682,0.764935,0.668449,0.172375,0.008543400000000001,0.627471,0.5455
1992/6/30 0:00,0.6884,1.4753,0.764176,0.669344,0.172375,0.0083208,0.627943,0.5393
1992/7/1 0:00,0.6884,1.4818,0.761325,0.667646,0.172375,0.0083208,0.628141,0.5385
1992/7/2 0:00,0.68298,1.4907,0.757174,0.670466,0.172375,0.0083208,0.627235,0.5382
1992/7/3 0:00,0.6884,1.483,0.75815,0.666445,0.172375,0.0083208,0.628417,0.5387
1992/7/4 0:00,0.68878,1.4765,0.759705,0.66778,0.172375,0.0092338,0.627156,0.55
1992/7/5 0:00,0.7028799999999998,1.4775,0.756029,0.665336,0.171836,0.0089894,0.626763,0.55
1992/7/6 0:00,0.6985587999999999,1.4712,0.753125,0.66357,0.171836,0.0085436,0.625391,0.548
1992/7/7 0:00,0.71156,1.4745,0.75188,0.669568,0.171836,0.0085436,0.625978,0.5472
1992/7/8 0:00,0.7047999999999999,1.487,0.75358,0.671501,0.171836,0.009182599999999999,0.625195,0.5475
1992/7/9 0:00,0.7117999999999999,1.488,0.752276,0.669927,0.171836,0.009117199999999999,0.625978,0.5486
1992/7/10 0:00,0.7115599999999999,1.4795,0.752559,0.667557,0.171836,0.0085436,0.624493,0.5468
1992/7/11 0:00,0.70204,1.488,0.74912,0.670691,0.171836,0.0083208,0.62422,0.545
1992/7/12 0:00,0.7056988,1.4852,0.747831,0.666578,0.171836,0.0083208,0.624805,0.5455
1992/7/13 0:00,0.71156,1.4805,0.750019,0.668226,0.171836,0.0085436,0.625586,0.5463
1992/7/14 0:00,0.71156,1.4823,0.751371,0.667646,0.171836,0.0087628,0.625117,0.5477
1992/7/15 0:00,0.6504318,1.49,0.7252432,0.671276,0.171836,0.0083786,0.624025,0.5495
1992/7/16 0:00,0.649097,1.4985,0.7631020000000001,0.681896,0.171836,0.0083786,0.625117,0.5502
1992/7/17 0:00,0.6506356,1.4915,0.7230757999999999,0.682035,0.171836,0.0083786,0.6259,0.5505
1992/7/18 0:00,0.64966,1.495,0.7643156,0.681896,0.171836,0.008195,0.625978,0.5555
1992/7/19 0:00,0.64966,1.4945,0.7629174000000001,0.681431,0.171836,0.008191,0.625782,0.555
1992/7/20 0:00,0.64966,1.4945,0.7991306,0.686483,0.171836,0.008195,0.625861,0.5557
1992/7/21 0:00,0.6493599999999999,1.4903,0.758042,0.682594,0.171836,0.008191,0.626959,0.554
1992/7/22 0:00,0.6494,1.4882,0.8351668,0.682268,0.171836,0.0079608,0.627077,0.5561
1992/7/23 0:00,0.65068,1.4831,0.763642,0.681896,0.171689,0.0079614,0.627156,0.559
1992/7/24 0:00,0.65068,1.4885,0.692474,0.684932,0.171689,0.0086802,0.627668,0.561
1992/7/25 0:00,0.65068,1.491,0.692474,0.687285,0.171689,0.0086802,0.627865,0.5613
1992/7/26 0:00,0.65068,1.4855,0.692474,0.683527,0.171689,0.0083734,0.6173757999999999,0.561
1992/7/27 0:00,0.65068,1.4887,0.692474,0.688942,0.171689,0.0084642,0.628261,0.5613
1992/7/28 0:00,0.65068,1.4945,0.692474,0.695555,0.171689,0.0084898,0.6178025999999999,0.561
1992/7/29 0:00,0.65068,1.5043,0.7281686,0.69735,0.171697,0.0083734,0.606771,0.5593
1992/7/30 0:00,0.65038,1.503,0.8045626,0.694927,0.171689,0.0082602,0.595353,0.558
1992/7/31 0:00,0.65068,1.5035,0.7689674,0.692041,0.171689,0.008176,0.595353,0.5585
1992/8/1 0:00,0.65068,1.5072,0.7281686,0.695169,0.171689,0.0083734,0.606771,0.5595
1992/8/2 0:00,0.65038,1.491,0.7689674,0.686342,0.171984,0.0082788,0.595353,0.5583
1992/8/3 0:00,0.65038,1.4763,0.8164008,0.673854,0.171984,0.0083394,0.6077081999999999,0.5575
1992/8/4 0:00,0.65068,1.4775,0.7281685999999999,0.672043,0.171984,0.008373400000000001,0.5962552,0.559
1992/8/5 0:00,0.65068,1.476,0.692474,0.670691,0.114657,0.0083892,0.6181113999999999,0.562
1992/8/6 0:00,0.65068,1.484,0.692474,0.672269,0.114657,0.0083892,0.6181113999999999,0.562
1992/8/7 0:00,0.65068,1.487,0.6980598,0.7165042,0.114657,0.008658599999999999,0.6179119999999999,0.5613
1992/8/8 0:00,0.62551,1.4855,0.7870142,0.7386862000000001,0.17241739999999997,0.007855000000000001,0.6163576,0.5557
1992/8/9 0:00,0.63446,1.49,0.8688952000000001,0.7075734,0.1774672,0.007692399999999999,0.6038428,0.5568
1992/8/10 0:00,0.6411899999999999,1.4923,0.8311288000000001,0.7403926,0.16698739999999998,0.0082606,0.6046074,0.5584
1992/8/11 0:00,0.65068,1.4905,0.7164666000000001,0.7481487999999998,0.1720426,0.008901,0.6073194,0.5595
1992/8/12 0:00,0.6411899999999999,1.5018,0.7166132000000001,0.7421096,0.1719836,0.008897,0.591235,0.5587
1992/8/13 0:00,0.62491,1.4957,0.8280968000000002,0.7075734,0.1774672,0.008935,0.604173,0.5573
1992/8/14 0:00,0.6411899999999999,1.4913,0.8425857999999999,0.7263352000000001,0.16698739999999998,0.00899,0.5882986000000001,0.558
1992/8/15 0:00,0.7032400000000001,1.4965,0.7387596000000001,0.6539661999999999,0.15986679999999998,0.009029,0.5887857999999999,0.563
1992/8/16 0:00,0.7313400000000001,1.491,0.8421602,0.6691050000000001,0.17306559999999999,0.009021,0.5757441999999999,0.565
1992/8/17 0:00,0.7313400000000001,1.5,0.8414278,0.6691050000000001,0.1730966,0.008961,0.5760576000000001,0.5648
1992/8/18 0:00,0.73184,1.4948,0.749611,0.689279,0.1323858,0.008989,0.5765230000000001,0.5657
1992/8/19 0:00,0.73184,1.4905,0.7774380000000001,0.6794392,0.1467792,0.008945,0.576523,0.5658
1992/8/20 0:00,0.76367,1.493,0.8121445999999999,0.6898838,0.1860582,0.008997,0.5784808,0.567
1992/8/21 0:00,0.74829,1.494,0.820327,0.7032990000000001,0.1727808,0.009068,0.5717644,0.5685
1992/8/22 0:00,0.76427,1.493,0.818403,0.7121126,0.1856922,0.009122,0.5756398,0.5683
1992/8/23 0:00,0.7954600000000001,1.4995,0.8455318000000001,0.6898838,0.1857152,0.009137,0.5868606,0.5675
1992/8/24 0:00,0.7954600000000001,1.5005,0.8116527999999998,0.6898838,0.18585459999999998,0.009198,0.5827388,0.5673
1992/8/25 0:00,0.7282200000000001,1.503,0.8335934,0.7272872,0.1781456,0.009255,0.586787,0.5725
1992/8/26 0:00,0.72818,1.4953,0.8327992,0.724851,0.1651764,0.009257,0.586787,0.5723
1992/8/27 0:00,0.7530699999999999,1.493,0.870415,0.6649572000000001,0.1864014,0.009244,0.5671014000000001,0.5715
1992/8/28 0:00,0.75753,1.479,0.8697338,0.654636,0.18644940000000002,0.009176,0.5693004,0.571
1992/8/29 0:00,0.7284599999999999,1.4825,0.8407335999999999,0.7033753999999999,0.1731086,0.009211,0.586787,0.572
1992/8/30 0:00,0.78432,1.4718,0.8741631999999999,0.7452986,0.186162,0.009203,0.5624116,0.5755
1992/8/31 0:00,0.78432,1.4615,0.8741631999999999,0.7452986,0.186162,0.009269,0.5624116,0.5755
1992/9/1 0:00,0.78432,1.4622,0.8438566,0.7622364,0.185933,0.009221,0.5614946,0.575
1992/9/2 0:00,0.75565,1.4648,0.8645536,0.7272871999999999,0.17836480000000002,0.009288,0.5900749999999999,0.5728
1992/9/3 0:00,0.72822,1.4708,0.8649676,0.7272872,0.17831460000000002,0.009608,0.586787,0.5725
1992/9/4 0:00,0.7284599999999999,1.475,0.8407335999999999,0.7033753999999999,0.1731086,0.00962,0.586787,0.572
1992/9/5 0:00,0.7289,1.4755,0.8444056,0.6874317999999999,0.173229,0.009634,0.5967412,0.574
1992/9/6 0:00,0.78432,1.477,0.8438566,0.7324553999999999,0.185933,0.009597,0.5614946,0.575
1992/9/7 0:00,0.78384,1.4791,0.8747510000000001,0.6874317999999999,0.186122,0.009602,0.5914197999999999,0.5735
1992/9/8 0:00,0.6601400000000001,1.4784,0.7264952,0.7072,0.133688,0.009499,0.5680138,0.578
1992/9/9 0:00,0.6594800000000001,1.4755,0.7127412,0.706705,0.1205996,0.009452,0.5668046,0.5785
1992/9/10 0:00,0.6594800000000001,1.4847,0.7127412,0.706705,0.1205996,0.00951,0.5668046,0.5785
1992/9/11 0:00,0.66014,1.4875,0.7233512,0.7097138000000001,0.133688,0.009557,0.5675083999999999,0.5777
1992/9/12 0:00,0.78432,1.4875,0.8441324,0.7324553999999999,0.185933,0.009595,0.5614946,0.575
1992/9/13 0:00,0.7113500000000001,1.4854,0.7531462,0.7188692000000001,0.1731454,0.009542,0.56349,0.5765
1992/9/14 0:00,0.77458,1.4944,0.848188,0.6848183999999999,0.1860178,0.009643,0.5798446,0.5701
1992/9/15 0:00,0.7458899999999999,1.4964,0.818243,0.7032972000000001,0.15848860000000004,0.00964,0.5786626,0.5697
1992/9/16 0:00,0.78384,1.4895,0.8747510000000001,0.6874317999999999,0.186122,0.00947,0.5914197999999999,0.5735
1992/9/17 0:00,0.67004,1.492,0.7286575999999999,0.7415976,0.1599944,0.009458,0.581039,0.577
1992/9/18 0:00,0.7570499999999999,1.4877,0.8130926,0.7364802,0.186292,0.009497,0.5628854000000001,0.576
1992/9/19 0:00,0.75673,1.4915,0.8444452,0.7057736,0.1728952,0.009445,0.5709624,0.5743
1992/9/20 0:00,0.67806,1.5008,0.73654,0.7104307999999999,0.1600586,0.009461,0.5605082,0.572
1992/9/21 0:00,0.67341,1.501,0.734376,0.7104307999999999,0.1731566,0.009519,0.5614494000000001,0.5725
1992/9/22 0:00,0.6682600000000001,1.4943,0.735294,0.745327,0.1861892,0.009434,0.5624116,0.5755
1992/9/23 0:00,0.66744,1.4925,0.733138,0.7018840000000001,0.18623280000000003,0.009437,0.5628854000000001,0.576
1992/9/24 0:00,0.6682600000000001,1.4927,0.734053,0.7172836,0.1861892,0.009447,0.5614946,0.575
1992/9/25 0:00,0.66361,1.4947,0.732279,0.7443374,0.16514940000000003,0.00945,0.5863919999999999,0.5735
1992/9/26 0:00,0.67271,1.4925,0.730194,0.7209156,0.1601022,0.00943,0.5630372,0.5728
1992/9/27 0:00,0.67305,1.4838,0.73303,0.6822454,0.1859908,0.009412,0.562925,0.5693
1992/9/28 0:00,0.70101,1.4865,0.731797,0.699545,0.185871,0.009434,0.5663286000000001,0.569
1992/9/29 0:00,0.71824,1.4937,0.733138,0.700035,0.1860558,0.009398,0.563072,0.5702
1992/9/30 0:00,0.70087,1.4948,0.728544,0.704722,0.114583,0.009477,0.5881770000000001,0.5665
1992/10/1 0:00,0.69935,1.4975,0.727114,0.705965,0.114639,0.009537,0.5748230000000001,0.5663
1992/10/2 0:00,0.70037,1.4965,0.727379,0.703334,0.114634,0.009604,0.5881770000000001,0.5688
1992/10/3 0:00,0.7010099999999999,1.485,0.725953,0.701508,0.114624,0.009667,0.5881770000000001,0.5663
1992/10/4 0:00,0.66923,1.4823,0.724953,0.705965,0.114654,0.009702,0.574062,0.5593
1992/10/5 0:00,0.65386,1.488,0.722648,0.709371,0.11711400000000001,0.009766,0.575056,0.5613
1992/10/6 0:00,0.7031099999999999,1.4621,0.722491,0.693193,0.17281559999999999,0.009629,0.5740296,0.5637
1992/10/7 0:00,0.7091,1.4686,0.722543,0.690179,0.185871,0.009574,0.5719094,0.566
1992/10/8 0:00,0.7091,1.4684,0.721241,0.689085,0.185871,0.009537,0.567783,0.5682
1992/10/9 0:00,0.6987800000000001,1.4763,0.723746,0.692761,0.1861756,0.009522,0.5624385999999999,0.5713
1992/10/10 0:00,0.7091,1.4715,0.720461,0.693626,0.1860558,0.009667,0.563072,0.5703
1992/10/11 0:00,0.7091,1.4745,0.7249,0.68975,0.185871,0.009651,0.5663286000000001,0.569
1992/10/12 0:00,0.7189400000000001,1.477,0.726586,0.693626,0.17157739999999996,0.009655,0.5719094,0.5657
1992/10/13 0:00,0.723,1.4765,0.724795,0.691898,0.18587099999999998,0.009602,0.567783,0.568
1992/10/14 0:00,0.723,1.4729,0.72197,0.688326,0.18587099999999998,0.009653,0.567783,0.5685
1992/10/15 0:00,0.7175,1.4725,0.720098,0.686106,0.18587099999999998,0.009671,0.5719093999999999,0.5665
1992/10/16 0:00,0.715,1.4775,0.721241,0.693241,0.17157739999999996,0.009687,0.5719094,0.5653
1992/10/17 0:00,0.7162,1.4858,0.721605,0.694444,0.17157739999999996,0.009681,0.567783,0.5672
1992/10/18 0:00,0.7135,1.4948,0.724008,0.697204,0.185871,0.009648,0.567783,0.5682
1992/10/19 0:00,0.7185,1.488,0.725426,0.695604,0.18624400000000002,0.009653,0.577432,0.5725
1992/10/20 0:00,0.7168,1.4915,0.723851,0.697934,0.12917800000000002,0.009684,0.642343,0.573
1992/10/21 0:00,0.7203,1.5037,0.728173,0.697691,0.15830059999999999,0.009713,0.643087,0.5743
1992/10/22 0:00,0.716,1.5055,0.727114,0.702247,0.1437352,0.00977,0.642921,0.574
1992/10/23 0:00,0.712,1.5075,0.724375,0.704473,0.15830059999999999,0.009826,0.643087,0.574
1992/10/24 0:00,0.7135,1.5118,0.723694,0.708717,0.1740908,0.009799,0.643004,0.577
1992/10/25 0:00,0.7115,1.5187,0.723066,0.714286,0.1740908,0.009824,0.643501,0.5767
1992/10/26 0:00,0.706,1.513,0.722543,0.714541,0.16077219999999998,0.009881,0.643542,0.5755
1992/10/27 0:00,0.7117,1.4995,0.721345,0.708968,0.1583006,0.009804,0.642674,0.5765
1992/10/28 0:00,0.7148,1.498,0.722178,0.705916,0.1583006,0.009737,0.641849,0.5776
1992/10/29 0:00,0.7155,1.4935,0.722752,0.706864,0.1582894,0.009735,0.64288,0.5765
1992/10/30 0:00,0.719,1.4975,0.724795,0.707965,0.1728548,0.009737,0.645286,0.579
1992/10/31 0:00,0.7242,1.4905,0.725479,0.699203,0.1874542,0.009615,0.643708,0.5815
1992/11/1 0:00,0.7221,1.4911,0.7098618,0.70028,0.1874542,0.009577,0.643625,0.5805
1992/11/2 0:00,0.7175,1.4995,0.7018982,0.700771,0.1874542,0.009594,0.643708,0.5817
1992/11/3 0:00,0.7224,1.4985,0.7025584,0.701508,0.187521,0.009533,0.643418,0.5835
1992/11/4 0:00,0.726,1.5025,0.6991600000000001,0.701164,0.1876258,0.009542,0.644953,0.5863
1992/11/5 0:00,0.7275,1.5065,0.7278454,0.706364,0.18760680000000002,0.009581,0.645036,0.5855
1992/11/6 0:00,0.728,1.5085,0.7278454,0.71048,0.18760680000000002,0.009657,0.648088,0.5855
1992/11/7 0:00,0.7288,1.508,0.7278454,0.70932,0.18760680000000002,0.009592,0.651254,0.5855
1992/11/8 0:00,0.7288,1.5098,0.7278454,0.711389,0.1876258,0.009618,0.650407,0.5868
1992/11/9 0:00,0.734,1.5055,0.7278454,0.710732,0.1876258,0.009585,0.650026,0.5885
1992/11/10 0:00,0.7352,1.5058,0.7278454,0.707214,0.1876258,0.009533,0.650407,0.5877
1992/11/11 0:00,0.7345,1.5095,0.7278454,0.713419,0.1876258,0.009569,0.651042,0.5882
1992/11/12 0:00,0.7323,1.5108,0.7278454,0.712352,0.1876258,0.009574,0.651763,0.5877
1992/11/13 0:00,0.7327,1.5095,0.7278454,0.713012,0.1876258,0.009588,0.651254,0.5877
1992/11/14 0:00,0.7385,1.512,0.7278454,0.712606,0.1878294,0.009547,0.65189,0.5945
1992/11/15 0:00,0.7729600000000001,1.5172,0.7781478,0.714031,0.1906714,0.009551,0.652401,0.5942
1992/11/16 0:00,0.77726,1.5082,0.7278454,0.711744,0.1906714,0.009526,0.651678,0.5933
1992/11/17 0:00,0.7729600000000001,1.5055,0.7540560000000001,0.705716,0.1906714,0.009489,0.649562,0.5943
1992/11/18 0:00,0.7760400000000001,1.5083,0.727537,0.706714,0.19067139999999996,0.009501,0.651678,0.593
1992/11/19 0:00,0.7827999999999999,1.508,0.729395,0.707914,0.1895584,0.009533,0.652614,0.591
1992/11/20 0:00,0.78088,1.5063,0.726956,0.707714,0.1895584,0.009611,0.651975,0.5905
1992/11/21 0:00,0.76874,1.5067,0.727802,0.706464,0.1895134,0.009574,0.65083,0.5887
1992/11/22 0:00,0.7682399999999999,1.5084,0.727537,0.711238,0.18951340000000003,0.009643,0.651848,0.5886
1992/11/23 0:00,0.7780600000000001,1.5202,0.724008,0.720254,0.1895134,0.009709,0.652827,0.5887
1992/11/24 0:00,0.7737,1.5192,0.721501,0.722804,0.191015,0.009756,0.652614,0.5864
1992/11/25 0:00,0.7737,1.5194,0.720357,0.728067,0.191015,0.00973,0.652443,0.587
1992/11/26 0:00,0.75021,1.52,0.717978,0.728863,0.17652319999999996,0.009682,0.652018,0.5876
1992/11/27 0:00,0.7827999999999999,1.5307,0.718133,0.735727,0.1895584,0.009732,0.652955,0.591
1992/11/28 0:00,0.77362,1.5385,0.71736,0.740741,0.14889100000000002,0.009814,0.65445,0.595
1992/11/29 0:00,0.77272,1.5405,0.724375,0.743771,0.1488912,0.009825,0.653894,0.5953
1992/11/30 0:00,0.77502,1.5315,0.722022,0.739645,0.1906714,0.009884,0.653595,0.5936
1992/12/1 0:00,0.7827999999999999,1.5415,0.721865,0.742115,0.1895584,0.009891,0.654322,0.591
1992/12/2 0:00,0.7754800000000001,1.5519,0.719528,0.750751,0.19021919999999998,0.00995,0.654793,0.588
1992/12/3 0:00,0.7785,1.5495,0.720721,0.757002,0.18996559999999998,0.009995,0.655867,0.5897
1992/12/4 0:00,0.78268,1.5512,0.721293,0.753012,0.1899206,0.009997,0.655609,0.5918
1992/12/5 0:00,0.77904,1.5462,0.722543,0.751033,0.19067139999999996,0.010119,0.656297,0.5928
1992/12/6 0:00,0.77362,1.5483,0.723327,0.750469,0.1906714,0.010151,0.655781,0.595
1992/12/7 0:00,0.77084,1.539,0.723484,0.748783,0.16293259999999998,0.010151,0.656599,0.5975
1992/12/8 0:00,0.77604,1.5415,0.719891,0.752559,0.19067139999999996,0.010114,0.656944,0.5931
1992/12/9 0:00,0.76894,1.5505,0.722074,0.757002,0.191015,0.01018,0.658198,0.596
1992/12/10 0:00,0.77234,1.5421,0.720202,0.754717,0.1904052,0.010115,0.657678,0.5973
1992/12/11 0:00,0.7738400000000001,1.5445,0.719269,0.75643,0.191015,0.010194,0.657678,0.602
1992/12/12 0:00,0.7738800000000001,1.5645,0.718907,0.771605,0.191015,0.01027,0.661026,0.603
1992/12/13 0:00,0.76088,1.5725,0.8278992000000001,0.778513,0.211242,0.01033,0.661945,0.6055
1992/12/14 0:00,0.76068,1.5675,0.8000842,0.771903,0.211242,0.010215,0.661376,0.6051
1992/12/15 0:00,0.7719400000000001,1.5615,0.8296206000000002,0.764818,0.19910579999999997,0.010163,0.660284,0.5972
1992/12/16 0:00,0.7740400000000001,1.5574,0.830254,0.761905,0.19910579999999997,0.010194,0.661026,0.5983
1992/12/17 0:00,0.77194,1.5622,0.8296205999999999,0.76599,0.19910579999999997,0.010151,0.662032,0.597
1992/12/18 0:00,0.77708,1.5513,0.8033136000000001,0.75643,0.2071966,0.010081,0.66107,0.5993
1992/12/19 0:00,0.77708,1.5493,0.8033136000000001,0.757576,0.2071966,0.010147,0.66212,0.6007
1992/12/20 0:00,0.7469600000000001,1.5395,0.8274184000000002,0.751033,0.211242,0.010147,0.662032,0.6038
1992/12/21 0:00,0.76068,1.531,0.8274184000000002,0.740741,0.211242,0.010147,0.661813,0.605
1992/12/22 0:00,0.76068,1.532,0.8274184000000002,0.740741,0.211242,0.010106,0.662559,0.6045
1992/12/23 0:00,0.76068,1.5244,0.8274184,0.74129,0.211242,0.010201,0.661945,0.6045
1992/12/24 0:00,0.7388,1.5306,0.7501796000000001,0.748671,0.1388952,0.010185,0.662427,0.6012
1992/12/25 0:00,0.736,1.5317,0.7510142,0.745712,0.13889520000000002,0.010083,0.662076,0.6
1992/12/26 0:00,0.7389,1.5415,0.7506502,0.743771,0.13889520000000002,0.009995,0.661901,0.6015
1992/12/27 0:00,0.7375,1.5368,0.7501352000000001,0.751033,0.1388952,0.0096426,0.66335,0.6025
1992/12/28 0:00,0.7345,1.5378,0.7501352000000001,0.749625,0.13889520000000002,0.0096426,0.66335,0.6025
1992/12/29 0:00,0.7325,1.5395,0.7214442,0.749064,0.1388952,0.010098199999999998,0.66357,0.6003
1992/12/30 0:00,0.7355,1.5387,0.7501352000000001,0.748783,0.1388952,0.0096426,0.66335,0.6025
1992/12/31 0:00,0.7415,1.5425,0.7501352000000001,0.749344,0.1388952,0.009658,0.663966,0.604
1993/1/1 0:00,0.7403,1.5422,0.7501352,0.751033,0.13889520000000002,0.0096508,0.664099,0.6043
1993/1/2 0:00,0.741,1.5385,0.7501352000000001,0.749569,0.1388952,0.0101122,0.664099,0.6002
1993/1/3 0:00,0.743,1.5393,0.7210778,0.75358,0.1657584,0.0101442,0.663614,0.5987
1993/1/4 0:00,0.7455,1.5395,0.7210778,0.753012,0.15232679999999998,0.0101442,0.66379,0.6
1993/1/5 0:00,0.7415,1.545,0.7500192,0.76365,0.17919139999999997,0.01011,0.663834,0.5992
1993/1/6 0:00,0.7405,1.5422,0.7521380000000001,0.767636,0.1889868,0.009654399999999999,0.66357,0.6032
1993/1/7 0:00,0.7402,1.5427,0.7521380000000001,0.768521,0.1925768,0.0096318,0.66379,0.6002
1993/1/8 0:00,0.7415,1.54,0.7204314,0.764526,0.1925768,0.0101168,0.664231,0.5978
1993/1/9 0:00,0.7398,1.545,0.752138,0.769823,0.18433159999999998,0.0096318,0.66454,0.6007
1993/1/10 0:00,0.7382,1.549,0.7590640000000001,0.773694,0.1925768,0.0096234,0.665336,0.599
1993/1/11 0:00,0.7352,1.551,0.7590640000000001,0.775795,0.19257680000000002,0.010073799999999999,0.666001,0.599
1993/1/12 0:00,0.7355,1.5535,0.7590640000000001,0.770416,0.1925768,0.0101708,0.665646,0.6
1993/1/13 0:00,0.7405,1.5535,0.759064,0.768049,0.1709024,0.0096552,0.666001,0.6025
1993/1/14 0:00,0.7442,1.5535,0.7557684,0.765404,0.17555700000000002,0.009654399999999999,0.666223,0.603
1993/1/15 0:00,0.7445,1.5355,0.7501352000000001,0.755458,0.1388952,0.0096604,0.666223,0.6035
1993/1/16 0:00,0.742,1.534,0.7511564,0.747943,0.13889520000000002,0.010103200000000001,0.666001,0.601
1993/1/17 0:00,0.743,1.535,0.7501352000000001,0.750469,0.13889520000000002,0.009642599999999998,0.666622,0.6015
1993/1/18 0:00,0.7444,1.5362,0.7501352000000001,0.751033,0.1388952,0.0096426,0.666667,0.6018
1993/1/19 0:00,0.743,1.5445,0.7505718000000001,0.755287,0.1440372,0.0096686,0.666445,0.604
1993/1/20 0:00,0.742,1.5475,0.7521380000000001,0.764234,0.1982972,0.0096318,0.666667,0.6047
1993/1/21 0:00,0.7404,1.5487,0.7590640000000001,0.772201,0.1982972,0.009623399999999999,0.666622,0.6041
1993/1/22 0:00,0.7435,1.5462,0.8156114000000001,0.771903,0.211242,0.010076,0.666667,0.6067
1993/1/23 0:00,0.745,1.5436,0.7521380000000001,0.76599,0.20658680000000001,0.010052,0.666711,0.6046
1993/1/24 0:00,0.745,1.5503,0.731315,0.779423,0.18782939999999998,0.010081,0.668137,0.604
1993/1/25 0:00,0.7436,1.5696,0.731957,0.780031,0.1878294,0.010101,0.670691,0.6021
1993/1/26 0:00,0.7442,1.5623,0.738716,0.774293,0.1878294,0.010105,0.672224,0.6022
1993/1/27 0:00,0.7415,1.5673,0.739864,0.782473,0.1878294,0.010096,0.671772,0.6027
1993/1/28 0:00,0.7435,1.563,0.738552,0.778513,0.17376039999999998,0.010055,0.671727,0.6037
1993/1/29 0:00,0.7442,1.584,0.739919,0.785238,0.1596324,0.01013,0.674309,0.604
1993/1/30 0:00,0.7427,1.566,0.739809,0.776398,0.17376039999999998,0.010144,0.675311,0.6032
1993/1/31 0:00,0.7426,1.5745,0.743882,0.777001,0.18782939999999998,0.010226,0.677415,0.603
1993/2/1 0:00,0.7467,1.578,0.744602,0.779727,0.18782939999999998,0.010212,0.677369,0.6002
1993/2/2 0:00,0.7357,1.576,0.744435,0.778513,0.1878294,0.010199,0.676911,0.5992
1993/2/3 0:00,0.7393,1.5813,0.743052,0.77912,0.17375480000000001,0.010235,0.674992,0.6022
1993/2/4 0:00,0.7397,1.5745,0.742225,0.776699,0.1878294,0.010137,0.672585,0.6023
1993/2/5 0:00,0.7391,1.5775,0.74195,0.77912,0.1878294,0.010166,0.673083,0.6022
1993/2/6 0:00,0.7403,1.576,0.745712,0.778513,0.1878294,0.010125,0.671817,0.6017
1993/2/7 0:00,0.74,1.58,0.744879,0.77821,0.17375480000000001,0.010135,0.673174,0.603
1993/2/8 0:00,0.74,1.577,0.745712,0.777303,0.1878294,0.010096,0.674082,0.6025
1993/2/9 0:00,0.7406,1.5785,0.743108,0.773395,0.15963239999999998,0.01005,0.674309,0.6027
1993/2/10 0:00,0.7382,1.5783,0.743494,0.775795,0.15963239999999998,0.010035,0.675402,0.603
1993/2/11 0:00,0.7392,1.586,0.74228,0.782473,0.17375480000000001,0.010053,0.678564,0.6029
1993/2/12 0:00,0.7395,1.5875,0.742005,0.780945,0.1454612,0.010035,0.676224,0.6047
1993/2/13 0:00,0.7377,1.5865,0.741565,0.780214,0.1454612,0.009963,0.674992,0.6045
1993/2/14 0:00,0.7355,1.578,0.744158,0.774893,0.1313136,0.00995,0.673854,0.605
1993/2/15 0:00,0.7358,1.581,0.742005,0.777001,0.1313136,0.010005,0.674354,0.6054
1993/2/16 0:00,0.7375,1.5815,0.7414,0.778816,0.1313136,0.010025,0.674536,0.6055
1993/2/17 0:00,0.735,1.591,0.738552,0.791766,0.132025,0.01016,0.677277,0.6061
1993/2/18 0:00,0.735,1.61,0.737191,0.800641,0.1177918,0.010238,0.678748,0.6107
1993/2/19 0:00,0.7373,1.6135,0.738007,0.800641,0.11702219999999999,0.010226,0.679348,0.6113
1993/2/20 0:00,0.7355,1.618,0.738116,0.802568,0.11702219999999999,0.010277,0.680504,0.6113
1993/2/21 0:00,0.7366,1.6215,0.738007,0.801925,0.11701779999999999,0.010288,0.678196,0.6125
1993/2/22 0:00,0.7315,1.6255,0.738389,0.801089,0.11700740000000001,0.01027,0.678012,0.612
1993/2/23 0:00,0.7363,1.6275,0.739372,0.8167603999999999,0.116973,0.010288,0.678564,0.6125
1993/2/24 0:00,0.7363,1.6365,0.741015,0.8167603999999999,0.11698,0.010315,0.67981,0.6123
1993/2/25 0:00,0.742,1.632,0.742115,0.8167603999999999,0.11698,0.010304,0.676819,0.613
1993/2/26 0:00,0.73654,1.6368,0.74129,0.8139755999999998,0.116996,0.010315,0.680041,0.614
1993/2/27 0:00,0.73638,1.623,0.740631,0.8167604,0.117006,0.010267,0.679256,0.6152
1993/2/28 0:00,0.73654,1.635,0.739262,0.8167603999999999,0.117014,0.01032,0.680735,0.615
1993/3/1 0:00,0.73654,1.632,0.73828,0.8167604,0.117022,0.010334,0.681199,0.6152
1993/3/2 0:00,0.73654,1.6345,0.737735,0.8167604,0.117022,0.010309,0.681199,0.6165
1993/3/3 0:00,0.73518,1.6125,0.736757,0.8179428000000002,0.117044,0.010183,0.6792103999999999,0.6147
1993/3/4 0:00,0.73614,1.6105,0.736594,0.8121503999999999,0.117044,0.010241,0.6599714,0.6185
1993/3/5 0:00,0.73614,1.616,0.737681,0.8166708,0.117044,0.010284,0.6695005999999999,0.6203
1993/3/6 0:00,0.73544,1.621,0.736648,0.794281,0.117044,0.010317,0.6682998,0.6215
1993/3/7 0:00,0.7209999999999999,1.605,0.738825,0.78125,0.117096,0.010227,0.6411049999999999,0.6225
1993/3/8 0:00,0.7219800000000001,1.5992,0.735943,0.777303,0.11711,0.010212,0.6500028,0.6215
1993/3/9 0:00,0.7372000000000001,1.588,0.736485,0.772798,0.117132,0.010197,0.6578334000000001,0.62
1993/3/10 0:00,0.7374200000000001,1.584,0.733568,0.769527,0.117132,0.010175,0.6495376,0.62
1993/3/11 0:00,0.7329,1.5715,0.732601,0.765931,0.11716,0.010166,0.6444238,0.6195
1993/3/12 0:00,0.73018,1.577,0.732386,0.770416,0.117178,0.010194,0.6576058,0.6223
1993/3/13 0:00,0.7508600000000001,1.568,0.731261,0.75815,0.117184,0.010152,0.6499332,0.624
1993/3/14 0:00,0.75086,1.566,0.731582,0.75643,0.117184,0.010162,0.6438305999999999,0.622
1993/3/15 0:00,0.72722,1.5695,0.726639,0.757863,0.117198,0.010184,0.6499332,0.623
1993/3/16 0:00,0.72722,1.5725,0.728067,0.761035,0.117198,0.010176,0.6435685999999999,0.6225
1993/3/17 0:00,0.72062,1.563,0.726691,0.756144,0.117226,0.010127,0.6437606,0.6207
1993/3/18 0:00,0.72062,1.563,0.725426,0.753296,0.117232,0.010143,0.6499332,0.6227
1993/3/19 0:00,0.73616,1.5643,0.725847,0.754432,0.117243,0.010106,0.6499332,0.6233
1993/3/20 0:00,0.7417199999999999,1.567,0.727167,0.754717,0.117247,0.01011,0.6548882,0.6278
1993/3/21 0:00,0.7474200000000001,1.5652,0.727061,0.751597,0.117255,0.01006,0.6548882,0.6299
1993/3/22 0:00,0.75672,1.5602,0.728863,0.751315,0.117262,0.009961,0.670235,0.63
1993/3/23 0:00,0.7474200000000001,1.559,0.728226,0.75358,0.117269,0.009968,0.670235,0.63
1993/3/24 0:00,0.74742,1.561,0.728226,0.75188,0.117275,0.009965,0.670235,0.6325
1993/3/25 0:00,0.7387400000000001,1.60728,0.72469,0.752842,0.117314,0.009987,0.6697848000000001,0.6343
1993/3/26 0:00,0.7388399999999999,1.6545499999999997,0.722804,0.747943,0.117336,0.009959,0.6697848000000001,0.6328
1993/3/27 0:00,0.7388399999999999,1.6537700000000002,0.722126,0.747105,0.117382,0.009978,0.6697848000000001,0.6346
1993/3/28 0:00,0.73874,1.6537700000000002,0.721501,0.749906,0.117426,0.009996,0.6697848000000001,0.6352
1993/3/29 0:00,0.74868,1.65353,0.720877,0.751597,0.117467,0.009968,0.6697848000000001,0.637
1993/3/30 0:00,0.7578199999999999,1.64799,0.720721,0.751823,0.117507,0.00997,0.6697848000000001,0.6385
1993/3/31 0:00,0.76722,1.6444200000000002,0.720721,0.754034,0.117545,0.009974,0.6794618000000001,0.641
1993/4/1 0:00,0.7376199999999999,1.7016299999999998,0.7380802,0.751202,0.117599,0.009972,0.6791621999999999,0.639
1993/4/2 0:00,0.7469,1.64145,0.7397788000000001,0.751428,0.117646,0.009985,0.6791621999999999,0.64
1993/4/3 0:00,0.7376199999999999,1.7016300000000002,0.725089,0.751936,0.117711,0.009968,0.6697848,0.6384
1993/4/4 0:00,0.775,1.70717,0.7260994,0.754148,0.117758,0.009977,0.6374676000000001,0.6382
1993/4/5 0:00,0.7755,1.6389399999999998,0.7338039999999999,0.750244,0.117818,0.009955,0.7067346,0.6405
1993/4/6 0:00,0.777,1.5876100000000002,0.738971,0.749457,0.117888,0.009978,0.7067346,0.6425
1993/4/7 0:00,0.7765,1.5876100000000002,0.7366757999999999,0.751597,0.117941,0.009954,0.7067346000000001,0.6425
1993/4/8 0:00,0.74702,1.5876100000000002,0.7446209999999999,0.752672,0.118039,0.009967,0.7067346,0.6428
1993/4/9 0:00,0.70313,1.62621,0.7518142,0.763534,0.118076,0.010035,0.6880694,0.6425
1993/4/10 0:00,0.7087399999999999,1.7064499999999998,0.7457848,0.763359,0.118117,0.01004,0.6103616000000001,0.6402
1993/4/11 0:00,0.70864,1.7153500000000002,0.7457847999999998,0.761615,0.118138,0.009948,0.6097712,0.6396
1993/4/12 0:00,0.71421,1.77577,0.7370865999999999,0.761615,0.118138,0.009862,0.6357891999999999,0.6381
1993/4/13 0:00,0.71966,1.7795099999999997,0.7337142,0.767165,0.118161,0.009904,0.6298676000000001,0.637
1993/4/14 0:00,0.71966,1.7972100000000002,0.7323014,0.763359,0.118167,0.009865,0.6361604000000001,0.6368
1993/4/15 0:00,0.71966,1.78571,0.7323014000000001,0.772499,0.118173,0.009967,0.6661976000000001,0.6365
1993/4/16 0:00,0.7087399999999999,1.6822500000000002,0.7400722,0.775795,0.11818,0.00996,0.652521,0.6405
1993/4/17 0:00,0.70841,1.6852699999999998,0.7267562000000001,0.777303,0.118182,0.01001,0.652521,0.6413
1993/4/18 0:00,0.7179698,1.79176,0.705965,0.780945,0.118187,0.010121,0.667215,0.641
1993/4/19 0:00,0.7149,1.7703099999999998,0.708617,0.774593,0.118188,0.010125,0.6603858,0.638
1993/4/20 0:00,0.7126797999999999,1.7789300000000001,0.703482,0.777001,0.118194,0.010101,0.6531636000000001,0.6392
1993/4/21 0:00,0.7126798000000001,1.7789300000000001,0.703383,0.776096,0.118196,0.010045,0.6743032,0.6395
1993/4/22 0:00,0.6953498,1.7875999999999999,0.703235,0.780336,0.118201,0.010057,0.688705,0.6417
1993/4/23 0:00,0.6953498,1.7875999999999999,0.702346,0.786473,0.118203,0.01006,0.691324,0.6415
1993/4/24 0:00,0.6953498,1.78399,0.704473,0.787712,0.118208,0.010025,0.689513,0.6433
1993/4/25 0:00,0.6953498,1.78399,0.706814,0.786782,0.118212,0.010036,0.688895,0.6453
1993/4/26 0:00,0.6953498,1.78399,0.706764,0.784006,0.118217,0.01004,0.687616,0.6443
1993/4/27 0:00,0.6953498,1.7874000000000003,0.706814,0.785238,0.118221,0.010069,0.688468,0.642
1993/4/28 0:00,0.6967998,1.7875999999999999,0.706614,0.784621,0.118226,0.010065,0.688705,0.6401
1993/4/29 0:00,0.6967998,1.79177,0.704573,0.788644,0.118226,0.010163,0.688705,0.639
1993/4/30 0:00,0.6984098,1.79177,0.709622,0.778513,0.118226,0.010057,0.6879,0.6388
1993/5/1 0:00,0.6967998,1.79177,0.708767,0.775795,0.118224,0.01006,0.688279,0.639
1993/5/2 0:00,0.6967998,1.7876,0.710985,0.778695,0.118226,0.01005,0.688279,0.6405
1993/5/3 0:00,0.7203099999999999,1.7703099999999998,0.712809,0.774593,0.118226,0.010025,0.6603858,0.637
1993/5/4 0:00,0.7041,1.7539500000000001,0.715052,0.77232,0.118231,0.01007,0.6465536000000001,0.6315
1993/5/5 0:00,0.7098599999999999,1.7439699999999998,0.716589,0.768344,0.1203002,0.010058,0.6267237999999999,0.6311
1993/5/6 0:00,0.71896,1.7245522000000002,0.716846,0.8447941999999999,0.13263439999999999,0.010103,0.628242,0.6302
1993/5/7 0:00,0.71806,1.781102,0.714898,0.8030508,0.12394340000000001,0.010116,0.6310336,0.6327
1993/5/8 0:00,0.7296799999999999,1.79406,0.713267,0.7904013999999999,0.124654,0.010115,0.6257126,0.6342
1993/5/9 0:00,0.7289999999999999,1.755502,0.71286,0.8140381999999999,0.12827139999999998,0.010136,0.6286462,0.6335
1993/5/10 0:00,0.71806,1.781102,0.714541,0.8030508,0.1247274,0.010137,0.6310336,0.6328
1993/5/11 0:00,0.74078,1.8055800000000002,0.711896,0.7948188,0.124654,0.01015,0.6259963999999999,0.6343
1993/5/12 0:00,0.7317,1.8055799999999997,0.70922,0.8058318,0.1246372,0.010251,0.6259963999999999,0.6347
1993/5/13 0:00,0.7668900000000001,1.7940919999999998,0.711491,0.815628,0.12626500000000002,0.010259,0.6447676,0.6395
1993/5/14 0:00,0.72898,1.82384,0.714541,0.8160344,0.12260580000000001,0.010277,0.6292096,0.6355
1993/5/15 0:00,0.73058,1.82384,0.71495,0.8200215999999999,0.1239182,0.010306,0.6292096,0.635
1993/5/16 0:00,0.71896,1.80781,0.717206,0.8139058,0.12471100000000002,0.010331,0.6320064,0.6323
1993/5/17 0:00,0.7207799999999999,1.7746,0.71736,0.801089,0.12161059999999999,0.010299,0.6551482,0.6321
1993/5/18 0:00,0.7261399999999999,1.8115549999999998,0.716076,0.809192,0.12240200000000001,0.010336,0.633017,0.6358
1993/5/19 0:00,0.72614,1.81802,0.717515,0.810898,0.1223902,0.010352,0.6389302,0.6335
1993/5/20 0:00,0.7207799999999999,1.804965,0.716076,0.806127,0.122403,0.010336,0.6378527999999999,0.6333
1993/5/21 0:00,0.7040000000000001,1.811035,0.712251,0.808407,0.12240200000000001,0.010437,0.6336568,0.6345
1993/5/22 0:00,0.72614,1.8417400000000002,0.713521,0.822368,0.118212,0.010593,0.6334654000000001,0.6383
1993/5/23 0:00,0.6990098,1.58761,0.7524294000000001,0.855066,0.118368,0.010799,0.7067346000000001,0.6432
1993/5/24 0:00,0.6952098,1.6296,0.7270899999999999,0.873744,0.118381,0.011007,0.7067346,0.6452
1993/5/25 0:00,0.6990098,1.5345,0.7459718,0.859107,0.118392,0.010957,0.7067346,0.6442
1993/5/26 0:00,0.6953498,1.68134,0.729162,0.861178,0.118401,0.011041,0.7074543999999999,0.646
1993/5/27 0:00,0.6953498,1.7296399999999998,0.729162,0.848536,0.118398,0.010961,0.7074544,0.6465
1993/5/28 0:00,0.7039904,1.5552,0.7371468000000001,0.851789,0.118394,0.01105,0.7078246,0.6507
1993/5/29 0:00,0.7039904,1.5552,0.7371468000000001,0.849618,0.118392,0.010993,0.7078246,0.6504
1993/5/30 0:00,0.7039904,1.5552,0.7371468000000001,0.870701,0.11838,0.011186,0.7078246,0.6505
1993/5/31 0:00,0.70313,1.58761,0.7439537999999999,0.858959,0.118371,0.011074,0.7067346,0.6415
1993/6/1 0:00,0.6953498,1.7296399999999998,0.729162,0.869187,0.118381,0.011212,0.7074543999999999,0.6463
1993/6/2 0:00,0.6990098,1.6296,0.7270899999999999,0.859107,0.118385,0.011183,0.7067346,0.6447
1993/6/3 0:00,0.6953498,1.7296399999999998,0.729162,0.849834,0.118396,0.011188,0.7074544,0.6465
1993/6/4 0:00,0.6953498,1.5931400000000002,0.7316888,0.856531,0.118388,0.0098576,0.7076144,0.647
1993/6/5 0:00,0.6970303999999999,1.59239,0.7333019999999999,0.857265,0.118382,0.009845999999999999,0.7072841999999999,0.6482
1993/6/6 0:00,0.7124104,1.5552,0.7417264,0.85034,0.118377,0.010070199999999998,0.7078246,0.6505
1993/6/7 0:00,0.69703,1.59239,0.7333019999999999,0.862441,0.118375,0.009845999999999999,0.7072841999999999,0.6481
1993/6/8 0:00,0.6970303999999999,1.59239,0.7333019999999999,0.869943,0.118375,0.010116,0.7072841999999999,0.6482
1993/6/9 0:00,0.7077504,1.59333,0.7727302,0.876271,0.118378,0.009832,0.7044613999999999,0.6491
1993/6/10 0:00,0.7077504,1.5490000000000002,0.7366412,0.853971,0.118387,0.009823799999999999,0.7072746,0.6497
1993/6/11 0:00,0.71151,1.60929,0.745639,0.882613,0.118394,0.0093758,0.7050569999999999,0.6549
1993/6/12 0:00,0.71151,1.60929,0.745639,0.889521,0.118399,0.0093758,0.7049103999999999,0.6548
1993/6/13 0:00,0.71446,1.60817,0.745639,0.879507,0.118403,0.0093758,0.7050569999999999,0.655
1993/6/14 0:00,0.734065,1.6217199999999998,0.7496684,0.883236,0.118405,0.008830000000000001,0.697884,0.657
1993/6/15 0:00,0.74962,1.5801200000000002,0.8085494000000001,0.886525,0.11841,0.0090722,0.7000679999999999,0.658
1993/6/16 0:00,0.74529,1.55458,0.8419424,0.881057,0.118412,0.008482,0.6588298000000001,0.663
1993/6/17 0:00,0.7433099999999999,1.61222,0.8097467999999999,0.861698,0.11841,0.0087086,0.6595668000000001,0.6645
1993/6/18 0:00,0.7478,1.59836,0.8408760000000001,0.867679,0.118413,0.008482,0.6451458,0.6628
1993/6/19 0:00,0.7418199999999999,1.6214300000000001,0.7455074,0.864902,0.118419,0.009146400000000002,0.6934404,0.667
1993/6/20 0:00,0.77598,1.7041499999999998,0.7618927999999999,0.869943,0.118424,0.0089996,0.7112012,0.6728
1993/6/21 0:00,0.7220700000000001,1.602,0.7344292,0.867905,0.118426,0.0111912,0.6988242,0.672
1993/6/22 0:00,0.72184,1.6195,0.7306877999999999,0.885583,0.11843,0.0089078,0.6977046,0.6751
1993/6/23 0:00,0.7225800000000001,1.614,0.7736357999999999,0.888099,0.118433,0.0100424,0.6842656,0.6718
1993/6/24 0:00,0.73666,1.616,0.7762914000000001,0.895095,0.118436,0.009174200000000002,0.6850724,0.6695
1993/6/25 0:00,0.72065,1.6127,0.7311368,0.874891,0.118439,0.0100424,0.6957960000000001,0.6716
1993/6/26 0:00,0.7225800000000001,1.61,0.730834,0.880282,0.118441,0.0100424,0.6876327999999999,0.672
1993/6/27 0:00,0.72263,1.6055,0.732332,0.8688194000000001,0.118446,0.011184200000000002,0.6868506,0.6721
1993/6/28 0:00,0.72689,1.6135,0.732601,0.8717805999999999,0.118476,0.010584199999999998,0.7129124,0.6737
1993/6/29 0:00,0.7595400000000001,1.6105,0.733676,0.8065422,0.118571,0.0084864,0.6372506,0.6663
1993/6/30 0:00,0.72979,1.6162,0.733514,0.8677720000000001,0.118621,0.010480199999999999,0.7119482,0.6737
1993/7/1 0:00,0.72037,1.6091,0.735456,0.8665783999999999,0.118661,0.0111926,0.6860088,0.6718
1993/7/2 0:00,0.7300800000000001,1.618,0.737735,0.8563226,0.118661,0.010406799999999999,0.7115275999999999,0.6744
1993/7/3 0:00,0.73396,1.6125,0.7759358000000001,0.8697198,0.118833,0.010439599999999999,0.7079274000000001,0.675
1993/7/4 0:00,0.73052,1.6172,0.7774084,0.8704642,0.119056,0.0109532,0.7117596,0.6762
1993/7/5 0:00,0.74302,1.6185,0.7686388,0.832672,0.119263,0.008738600000000001,0.6991936,0.6785
1993/7/6 0:00,0.72922,1.599,0.7327548,0.8696828,0.119557,0.010953000000000001,0.7078194000000001,0.6753
1993/7/7 0:00,0.7292200000000001,1.608,0.7327548,0.8657252000000002,0.119693,0.010953,0.7110042000000001,0.6755
1993/7/8 0:00,0.72872,1.5885,0.7747854000000001,0.8696828,0.119837,0.0110412,0.7078194,0.6752
1993/7/9 0:00,0.7217399999999999,1.5815,0.7328406000000001,0.8574196000000001,0.120116,0.011340799999999998,0.6862538,0.6713
1993/7/10 0:00,0.7375700000000001,1.5576,0.7745128000000001,0.8339972000000001,0.120265,0.009791400000000002,0.6911992,0.6695
1993/7/11 0:00,0.74325,1.571,0.833672,0.8145581999999999,0.120441,0.0086852,0.6648624000000001,0.662
1993/7/12 0:00,0.73323,1.5652,0.833672,0.8145581999999999,0.120604,0.009188,0.6652088,0.6616
1993/7/13 0:00,0.7478,1.61163,0.833672,0.7949252,0.120508,0.008523,0.6570996,0.6628
1993/7/14 0:00,0.7305,1.55257,0.7715742,0.8063822,0.120391,0.008723199999999999,0.6319162,0.6666
1993/7/15 0:00,0.7175,1.6039,0.8185801999999999,0.8155236,0.120327,0.0096084,0.6818989999999999,0.661
1993/7/16 0:00,0.715,1.5656599999999998,0.74878,0.797185,0.120291,0.009441600000000001,0.6984334,0.656
1993/7/17 0:00,0.7181,1.5577600000000003,0.7884366,0.8005552,0.120252,0.0096202,0.6785718000000001,0.6576
1993/7/18 0:00,0.7187,1.60318,0.8173306,0.8265971999999999,0.12021,0.009303,0.682364,0.6604
1993/7/19 0:00,0.717,1.56006,0.8227564,0.7748616,0.120161,0.0095694,0.7007182000000001,0.6588
1993/7/20 0:00,0.7192,1.6423,0.7446200000000001,0.8006638,0.120133,0.0088606,0.6497362000000001,0.664
1993/7/21 0:00,0.719,1.70109,0.8537264,0.7684572,0.120101,0.009339400000000001,0.6460125999999999,0.669
1993/7/22 0:00,0.7203,1.55257,0.8120232,0.8159846,0.120081,0.009315599999999999,0.648346,0.6673
1993/7/23 0:00,0.719,1.58168,0.7439104000000001,0.8093866000000001,0.120113,0.008943799999999998,0.6324358000000001,0.6647
1993/7/24 0:00,0.7154,1.55668,0.810065,0.8712498,0.1254576,0.011772,0.7013466,0.6613
1993/7/25 0:00,0.7165,1.569162,0.8108715999999999,0.8556206,0.1302066,0.011779,0.6685504,0.6678
1993/7/26 0:00,0.7143,1.6391719999999999,0.8108716000000001,0.8546832,0.1302066,0.011816,0.6685504,0.668
1993/7/27 0:00,0.7165,1.661476,0.7320122,0.8183702,0.1251446,0.011751,0.691403,0.6703
1993/7/28 0:00,0.7205,1.60812,0.7566252,0.867211,0.11951439999999999,0.011871,0.6883386,0.672
1993/7/29 0:00,0.7227,1.6151500000000003,0.7576845999999999,0.833147,0.1199062,0.011779,0.6777316000000001,0.6703
1993/7/30 0:00,0.72,1.6391720000000003,0.8123108,0.8704938,0.12496880000000002,0.011848,0.6685504,0.668
1993/7/31 0:00,0.7175,1.4913778,0.8123108,0.8490296,0.11965859999999999,0.011916,0.6685504,0.6675
1993/8/1 0:00,0.7193,1.6399198000000001,0.7944859999999999,0.8521504,0.1199028,0.011858,0.691565,0.6693
1993/8/2 0:00,0.7215,1.64089,0.7586435999999999,0.8378235999999999,0.1192938,0.011848,0.6850202,0.6712
1993/8/3 0:00,0.7275,1.639376,0.8107953999999999,0.8855392,0.125136,0.01179,0.678656,0.6687
1993/8/4 0:00,0.7281,1.6750091999999999,0.7984935999999999,0.860437,0.13601639999999998,0.011812,0.713897,0.6691
1993/8/5 0:00,0.7267,1.6200606,0.8064548,0.858738,0.1209794,0.011772,0.707289,0.6712
1993/8/6 0:00,0.7243,1.6237422,0.8064548,0.864304,0.1209794,0.011813,0.6665150000000001,0.6722
1993/8/7 0:00,0.7255,1.6278422,0.8064548,0.868056,0.12064139999999998,0.011851,0.6665150000000001,0.6725
1993/8/8 0:00,0.7207,1.6121299999999998,0.8064548,0.863558,0.13034700000000002,0.011813,0.6652982,0.6705
1993/8/9 0:00,0.7208,1.6750092000000003,0.7805618,0.87146,0.1360164,0.011834,0.6820510000000001,0.67
1993/8/10 0:00,0.7185,1.6134708,0.8064548,0.868432,0.12064139999999998,0.011857,0.6665150000000001,0.672
1993/8/11 0:00,0.7142,1.6156108,0.7810066,0.873362,0.11989760000000001,0.011893,0.6665150000000001,0.6713
1993/8/12 0:00,0.7142,1.6659549999999999,0.7874072000000001,0.860215,0.13599279999999997,0.011669,0.7020172,0.6682
1993/8/13 0:00,0.7155,1.6659550000000003,0.72648,0.869565,0.13599279999999997,0.011806,0.6996256,0.6685
1993/8/14 0:00,0.7108,1.6659549999999999,0.727908,0.868432,0.1359928,0.011795,0.6989888,0.6685
1993/8/15 0:00,0.71,1.6197991999999999,0.728704,0.8726,0.13587600000000002,0.011792,0.6972364000000001,0.6705
1993/8/16 0:00,0.71,1.6414122,0.729767,0.871992,0.1410952,0.011773,0.6978218,0.6714
1993/8/17 0:00,0.7115,1.60504,0.7303,0.870474,0.11939519999999999,0.01174,0.6754458,0.6757
1993/8/18 0:00,0.7157,1.6398761999999998,0.733138,0.863558,0.13546740000000002,0.011525,0.6536664,0.6774
1993/8/19 0:00,0.7146,1.6582496,0.739754,0.861104,0.146336,0.011482,0.6792427999999999,0.6727
1993/8/20 0:00,0.72,1.6482494000000003,0.738498,0.857633,0.1408162,0.011435,0.686412,0.6735
1993/8/21 0:00,0.7215,1.6582496000000002,0.737735,0.857633,0.146336,0.011427,0.7119636,0.6728
1993/8/22 0:00,0.7327,1.6050400000000002,0.735727,0.861698,0.11939519999999999,0.011442,0.715308,0.6756
1993/8/23 0:00,0.7303,1.6260342,0.735673,0.859476,0.1301844,0.011378,0.715461,0.6763
1993/8/24 0:00,0.7323,1.6262681999999997,0.737409,0.857412,0.135314,0.01128,0.714031,0.6745
1993/8/25 0:00,0.7324,1.6127504,0.735024,0.863185,0.1248392,0.011319,0.715717,0.6753
1993/8/26 0:00,0.732,1.6116438,0.735186,0.863931,0.1248392,0.011396,0.714286,0.6755
1993/8/27 0:00,0.7348,1.6260342,0.733407,0.869338,0.12488379999999999,0.011395,0.714541,0.6763
1993/8/28 0:00,0.735,1.6224682000000001,0.735402,0.864678,0.13554919999999998,0.011293,0.714541,0.6746
1993/8/29 0:00,0.7375,1.6125838000000001,0.735835,0.869338,0.12488379999999999,0.011422,0.714541,0.676
1993/8/30 0:00,0.7385,1.6260342,0.737572,0.862069,0.12488380000000002,0.011379,0.715052,0.6762
1993/8/31 0:00,0.7381,1.6224682000000001,0.736377,0.867679,0.13554919999999998,0.01137,0.71541,0.6745
1993/9/1 0:00,0.7365,1.6750092000000003,0.734862,0.871992,0.1360164,0.01137,0.717103,0.6697
1993/9/2 0:00,0.7363,1.6337408,0.732923,0.8726,0.1355258,0.01134,0.717206,0.671
1993/9/3 0:00,0.7387,1.6557997999999998,0.730194,0.869187,0.1463604,0.01132,0.717618,0.6738
1993/9/4 0:00,0.7403,1.6473494,0.731689,0.8726,0.1407564,0.011308,0.71736,0.6732
1993/9/5 0:00,0.7405,1.6197991999999999,0.73692,0.862962,0.13587599999999997,0.011011,0.715564,0.6706
1993/9/6 0:00,0.7402,1.61213,0.735889,0.870095,0.130347,0.011056,0.715308,0.6705
1993/9/7 0:00,0.7425,1.6750091999999999,0.737354,0.869943,0.1360164,0.009676,0.71495,0.6695
1993/9/8 0:00,0.7414,1.6659549999999999,0.759049,0.858001,0.13599279999999997,0.0097,0.714286,0.6687
1993/9/9 0:00,0.7436,1.6997959999999999,0.7745054,0.855432,0.12539519999999998,0.0089148,0.715564,0.6655
1993/9/10 0:00,0.742,1.68639,0.7858362,0.859107,0.12063660000000001,0.008454399999999999,0.716076,0.662
1993/9/11 0:00,0.7398,1.79672,0.7933852,0.848896,0.1208172,0.0085674,0.71623,0.6573
1993/9/12 0:00,0.742,1.60201,0.7897782,0.839631,0.1204624,0.0084536,0.71495,0.6613
1993/9/13 0:00,0.7415,1.64345,0.772197,0.837521,0.12040619999999999,0.008477400000000001,0.713929,0.6638
1993/9/14 0:00,0.7363,1.68733,0.7885468,0.816993,0.12577,0.009659599999999999,0.709723,0.6555
1993/9/15 0:00,0.732,1.6553200000000001,0.7419532,0.814797,0.12046860000000001,0.0096714,0.704225,0.6503
1993/9/16 0:00,0.6952098,1.78399,0.8146672,0.815328,0.131034,0.009789200000000001,0.701607,0.646
1993/9/17 0:00,0.69703,1.7291295999999998,0.8133056,0.819001,0.131035,0.009192800000000001,0.700427,0.648
1993/9/18 0:00,0.7079104,1.7519000000000002,0.7571562000000001,0.819001,0.12081959999999999,0.0088528,0.700918,0.6505
1993/9/19 0:00,0.7403904000000001,1.69785,0.8049365999999999,0.812348,0.12387600000000001,0.0099538,0.6652342000000001,0.6486
1993/9/20 0:00,0.72669,1.5879796,0.8391888,0.815993,0.1330796,0.00995,0.6795734,0.6475
1993/9/21 0:00,0.7241600000000001,1.6724352,0.8436817999999999,0.819001,0.14123239999999998,0.0097388,0.6641546,0.6435
1993/9/22 0:00,0.7138304000000001,1.6589800000000003,0.7413314,0.820749,0.120642,0.0096692,0.6833562000000001,0.6505
1993/9/23 0:00,0.72409,1.543,0.7378772,0.830565,0.12011539999999998,0.0093086,0.7077252,0.6526
1993/9/24 0:00,0.72409,1.543,0.7375204000000001,0.825764,0.12011540000000001,0.0097284,0.7077251999999999,0.6525
1993/9/25 0:00,0.7173704,1.7661000000000002,0.7771800000000001,0.825764,0.12081579999999999,0.0096692,0.645736,0.65
1993/9/26 0:00,0.7173704,1.7661000000000002,0.7442338000000001,0.829187,0.12064,0.0096692,0.6594551999999999,0.6502
1993/9/27 0:00,0.70854,1.60873,0.7488442,0.832639,0.1212952,0.009682,0.7070643999999999,0.6531
1993/9/28 0:00,0.72409,1.543,0.7375204,0.832293,0.12011540000000001,0.0097286,0.7077251999999999,0.6525
1993/9/29 0:00,0.71789,1.5501,0.749072,0.823723,0.121651,0.00925,0.6931972,0.6507
1993/9/30 0:00,0.7262,1.55,0.7507575999999999,0.823723,0.1228312,0.0091254,0.6785197999999999,0.6515
1993/10/1 0:00,0.7144504,1.5482,0.7821058000000001,0.821693,0.122855,0.0089824,0.6909287999999999,0.6505
1993/10/2 0:00,0.7262,1.5483,0.7534524,0.828844,0.1228312,0.0089824,0.6773377999999999,0.651
1993/10/3 0:00,0.73039,1.5545,0.7863892,0.832085,0.12128940000000002,0.009087800000000002,0.6923467999999999,0.6535
1993/10/4 0:00,0.75105,1.548,0.8141824,0.819336,0.12268019999999999,0.008984,0.6626993999999999,0.6558
1993/10/5 0:00,0.74982,1.5505,0.8130371999999999,0.826105,0.122695,0.0085708,0.6601528,0.6578
1993/10/6 0:00,0.7383949999999999,1.552,0.7580866,0.826788,0.1205738,0.0085424,0.693001,0.6576
1993/10/7 0:00,0.729075,1.546,0.7589148,0.826105,0.1205998,0.0088096,0.691802,0.656
1993/10/8 0:00,0.73849,1.546,0.7575732,0.831601,0.1205738,0.0085762,0.690131,0.6578
1993/10/9 0:00,0.74161,1.5525,0.7574406,0.848536,0.12046760000000001,0.008428399999999999,0.692185,0.6605
1993/10/10 0:00,0.73939,1.5695,0.755431,0.873134,0.1203044,0.0085632,0.69701,0.6634
1993/10/11 0:00,0.74115,1.5795,0.7966759999999999,0.880669,0.1198986,0.0085642,0.699056,0.663
1993/10/12 0:00,0.74161,1.5715,0.7574406,0.869943,0.12039180000000001,0.008459399999999999,0.692665,0.6603
1993/10/13 0:00,0.733555,1.5708,0.7580866,0.84662,0.11974100000000001,0.0085424,0.693481,0.6574
1993/10/14 0:00,0.7290749999999999,1.5722,0.7589148,0.8678636000000001,0.1197452,0.0088686,0.699545,0.6559
1993/10/15 0:00,0.7217499999999999,1.5805,0.7596674,0.8577442000000002,0.11926139999999999,0.009173200000000001,0.702346,0.655
1993/10/16 0:00,0.73707,1.5795,0.7575732,0.8514902,0.12009220000000001,0.008632,0.702741,0.658
1993/10/17 0:00,0.74061,1.5909,0.792338,0.8694002000000001,0.11974099999999999,0.008620000000000001,0.694927,0.6579
1993/10/18 0:00,0.729075,1.5808,0.7589148,0.8690458,0.11974739999999999,0.0088686,0.697107,0.656
1993/10/19 0:00,0.73619,1.5837,0.792338,0.8694002000000001,0.1200928,0.0086064,0.698178,0.6583
1993/10/20 0:00,0.7443900000000001,1.584,0.7929915999999999,0.8536576,0.12046779999999999,0.008458799999999999,0.701508,0.66
1993/10/21 0:00,0.7315799999999999,1.5812,0.8344374,0.8683088,0.119696,0.0093248,0.700771,0.6618
1993/10/22 0:00,0.73805,1.5778,0.7929916,0.8529133999999999,0.12008440000000001,0.009936,0.701016,0.6591
1993/10/23 0:00,0.7628,1.573,0.8301874,0.8498884,0.1200336,0.009911,0.70205,0.6605
1993/10/24 0:00,0.7603,1.5735,0.9023340000000001,0.8683088,0.11962779999999999,0.009972,0.702247,0.6614
1993/10/25 0:00,0.759,1.5725,0.8247616000000001,0.8498884,0.1200336,0.009921,0.700771,0.6608
1993/10/26 0:00,0.756,1.575,0.8301874,0.8498884,0.1199408,0.009955,0.702494,0.6605
1993/10/27 0:00,0.71951,1.574,0.7587524,0.8514902,0.12009220000000001,0.009967,0.702247,0.658
1993/10/28 0:00,0.72562,1.5695,0.7587524,0.8514902000000001,0.11974100000000001,0.009938,0.701164,0.6575
1993/10/29 0:00,0.71951,1.5725,0.7587524,0.8514902,0.12009220000000001,0.009941,0.702247,0.658
1993/10/30 0:00,0.7303,1.5759,0.7929915999999999,0.8536576,0.119985,0.009975,0.703334,0.6603
1993/10/31 0:00,0.73723,1.58,0.7574406,0.847241,0.119992,0.01003,0.707965,0.661
1993/11/1 0:00,0.72216,1.581,0.7574406,0.8349428,0.119996,0.009983,0.706814,0.659
1993/11/2 0:00,0.7218,1.5795,0.7589148,0.8678636000000001,0.119995,0.009875,0.70497,0.6555
1993/11/3 0:00,0.724265,1.574,0.7581895999999999,0.8485327999999999,0.119986,0.009823,0.705965,0.6566
1993/11/4 0:00,0.724265,1.5795,0.7581895999999999,0.8672644,0.119985,0.009832,0.706714,0.6565
1993/11/5 0:00,0.7225,1.5775,0.7574406,0.8483345999999999,0.119977,0.009838,0.706464,0.66
1993/11/6 0:00,0.7224999999999999,1.5807,0.7574406,0.8483345999999999,0.119977,0.009779,0.707664,0.66
1993/11/7 0:00,0.7218699999999999,1.5778,0.7596674,0.8678636000000001,0.119982,0.009702,0.705467,0.655
1993/11/8 0:00,0.7218,1.5813,0.7572848,0.8678636000000001,0.119979,0.009653,0.706314,0.656
1993/11/9 0:00,0.7218699999999999,1.5805,0.7590872,0.8546150000000001,0.11998,0.009626,0.708215,0.6545
1993/11/10 0:00,0.72434,1.5793,0.7596674,0.8546150000000001,0.11998,0.00969,0.70932,0.655
1993/11/11 0:00,0.7226899999999999,1.5778,0.7586915999999999,0.8577442,0.1191998,0.009692,0.707464,0.654
1993/11/12 0:00,0.7290599999999999,1.5805,0.7592918,0.8230076000000001,0.1203192,0.009756,0.706914,0.653
1993/11/13 0:00,0.7262000000000001,1.5794,0.7578396,0.8284838000000001,0.11936100000000001,0.009926,0.708215,0.6515
1993/11/14 0:00,0.7290599999999999,1.5753,0.7592918,0.8230076000000001,0.1269156,0.009906,0.707864,0.653
1993/11/15 0:00,0.7178899999999999,1.5555,0.7523869999999999,0.818958,0.11918359999999999,0.009833,0.707264,0.6508
1993/11/16 0:00,0.7079103999999999,1.5605,0.7531572,0.8253554,0.1193594,0.009835,0.708215,0.6502
1993/11/17 0:00,0.71661,1.558,0.7426041999999999,0.8222734,0.11936499999999999,0.009911,0.708466,0.6469
1993/11/18 0:00,0.7091803999999999,1.5558,0.7452744,0.8118335999999999,0.1193608,0.00979,0.707564,0.6472
1993/11/19 0:00,0.7108504,1.5505,0.73959,0.8245008,0.11838359999999999,0.009801,0.707965,0.6475
1993/11/20 0:00,0.72014,1.5495,0.739919,0.8224623999999998,0.11838599999999999,0.009867,0.707965,0.6511
1993/11/21 0:00,0.73754,1.5583,0.739098,0.8230076000000001,0.11870460000000001,0.00984,0.707965,0.6532
1993/11/22 0:00,0.73754,1.565,0.739098,0.8230076000000001,0.11838839999999999,0.00995,0.708617,0.6525
1993/11/23 0:00,0.72949,1.56,0.738443,0.8234783999999999,0.11838599999999999,0.009852,0.707714,0.6513
1993/11/24 0:00,0.72014,1.5505,0.739481,0.8224623999999998,0.11838599999999999,0.009823,0.707965,0.6509
1993/11/25 0:00,0.741125,1.548,0.737191,0.8550836,0.11877839999999999,0.009889,0.707965,0.6555
1993/11/26 0:00,0.7411249999999999,1.5383,0.736106,0.8546150000000001,0.1190842,0.009856,0.707965,0.6553
1993/11/27 0:00,0.73754,1.5302,0.735998,0.8230076000000001,0.11838839999999999,0.009823,0.708717,0.6527
1993/11/28 0:00,0.7108504,1.536,0.732064,0.8396668,0.1183794,0.009881,0.706964,0.6485
1993/11/29 0:00,0.7082004,1.536,0.731957,0.8354376,0.1183796,0.009896,0.706714,0.648
1993/11/30 0:00,0.7313504,1.541,0.731422,0.8430367999999998,0.1183928,0.00986,0.707614,0.6465
1993/12/1 0:00,0.7313504000000001,1.5422,0.732172,0.8222734,0.11839279999999999,0.009865,0.707214,0.6468
1993/12/2 0:00,0.7223504,1.5353,0.730727,0.8118336000000002,0.1183928,0.009862,0.707214,0.647
1993/12/3 0:00,0.74291,1.5329,0.726956,0.85035,0.1190282,0.009906,0.706614,0.646
1993/12/4 0:00,0.74587,1.5348,0.724533,0.8430367999999998,0.1183928,0.009894,0.707364,0.6463
1993/12/5 0:00,0.74291,1.5313,0.726006,0.8379188,0.119979,0.009818,0.706215,0.6451
1993/12/6 0:00,0.7437100000000001,1.5325,0.726533,0.8102345999999999,0.119982,0.009828,0.705866,0.6465
1993/12/7 0:00,0.73754,1.541,0.727537,0.8230076000000001,0.11997,0.009852,0.706215,0.653
1993/12/8 0:00,0.73754,1.5395,0.727537,0.8166271999999999,0.119946,0.00979,0.706215,0.6518
1993/12/9 0:00,0.73754,1.539,0.726691,0.8230076000000001,0.119933,0.009833,0.707264,0.6525
1993/12/10 0:00,0.73754,1.542,0.726216,0.8230076000000001,0.119939,0.009818,0.706964,0.6525
1993/12/11 0:00,0.73754,1.5373,0.731261,0.8230076000000001,0.119941,0.009804,0.706714,0.6523
1993/12/12 0:00,0.73754,1.5388,0.734214,0.8230076000000001,0.119943,0.009822,0.707064,0.6523
1993/12/13 0:00,0.72014,1.5425,0.733299,0.8140428,0.119941,0.009747,0.705965,0.6508
1993/12/14 0:00,0.72949,1.5555,0.734592,0.8146639999999999,0.119934,0.009768,0.706814,0.6515
1993/12/15 0:00,0.7393099999999999,1.56,0.73524,0.8577442000000002,0.119934,0.009728,0.706564,0.6544
1993/12/16 0:00,0.7226899999999999,1.539,0.7476982,0.8251404000000001,0.119934,0.009721,0.707714,0.6536
1993/12/17 0:00,0.7226899999999999,1.5535,0.7586915999999999,0.8264046,0.119941,0.009682,0.706714,0.6537
1993/12/18 0:00,0.7290599999999999,1.5565,0.7547121999999999,0.8306692,0.119933,0.008839,0.706364,0.6535
1993/12/19 0:00,0.7218699999999999,1.5517,0.757908,0.8577442000000002,0.119917,0.008994400000000003,0.704722,0.6544
1993/12/20 0:00,0.7218699999999999,1.5463,0.757908,0.8577442000000002,0.1199,0.008994400000000003,0.698812,0.6544
1993/12/21 0:00,0.7383949999999999,1.552,0.7563788,0.8528656,0.119898,0.0085424,0.702494,0.6575
1993/12/22 0:00,0.7468299999999999,1.5495,0.7946215999999999,0.855823,0.119883,0.0085934,0.701262,0.6594
1993/12/23 0:00,0.73973,1.5475,0.7574406,0.8544691999999999,0.119884,0.008436,0.702395,0.6585
1993/12/24 0:00,0.74439,1.5456,0.7575732,0.8544691999999999,0.119893,0.008467,0.702247,0.658
1993/12/25 0:00,0.73973,1.5445,0.7574406,0.8665034,0.119898,0.008436,0.703235,0.6585
1993/12/26 0:00,0.7315800000000001,1.5487,0.7961912,0.8617896,0.119898,0.008670800000000001,0.702741,0.6622
1993/12/27 0:00,0.74115,1.538,0.7961912000000001,0.8617895999999998,0.119898,0.0085642,0.701508,0.663
1993/12/28 0:00,0.7315800000000001,1.5255,0.7613580000000001,0.8579987999999998,0.119901,0.008670800000000001,0.706314,0.6622
1993/12/29 0:00,0.7315799999999999,1.5228,0.7613580000000001,0.842744,0.119917,0.0091544,0.704722,0.6622
1993/12/30 0:00,0.7385599999999999,1.5093,0.8419424000000001,0.837381,0.119936,0.0087136,0.6644928,0.6652
1993/12/31 0:00,0.73377,1.5135,0.8419424,0.841326,0.119941,0.0087086,0.6479816,0.6645
1994/1/1 0:00,0.7458600000000001,1.5135,0.8651159999999999,0.838926,0.119947,0.0085148,0.6481573999999999,0.662
1994/1/2 0:00,0.73856,1.5092,0.8419424,0.837802,0.119957,0.0087136,0.6644928,0.6654
1994/1/3 0:00,0.73689,1.5075,0.8419424,0.83661,0.119952,0.009146399999999999,0.6476698000000001,0.6668
1994/1/4 0:00,0.73689,1.503,0.7743930000000001,0.827883,0.119966,0.009146399999999999,0.6311586,0.6668
1994/1/5 0:00,0.74258,1.5063,0.723851,0.827815,0.119976,0.0091334,0.6444658,0.6672
1994/1/6 0:00,0.7451800000000001,1.5037,0.725953,0.824198,0.11998,0.009146400000000002,0.6444658,0.667
1994/1/7 0:00,0.72258,1.5096,0.727643,0.824878,0.119993,0.0098674,0.6840014,0.6722
1994/1/8 0:00,0.76247,1.5132,0.727908,0.820008,0.120002,0.0089078,0.6978218,0.675
1994/1/9 0:00,0.75046,1.519,0.727326,0.821018,0.120009,0.0089478,0.6978218,0.6764
1994/1/10 0:00,0.7721899999999999,1.5352,0.725689,0.835422,0.120003,0.0089252,0.6995998,0.6763
1994/1/11 0:00,0.77593,1.5402,0.728067,0.831808,0.120019,0.0089478,0.6993271999999999,0.6763
1994/1/12 0:00,0.75054,1.5365,0.731689,0.827267,0.120032,0.0094498,0.7089206,0.6727
1994/1/13 0:00,0.7637700000000001,1.5374,0.730087,0.829531,0.120048,0.009571,0.7060097999999999,0.674
1994/1/14 0:00,0.7578699999999999,1.5318,0.728598,0.827472,0.120057,0.0088564,0.7011310000000001,0.6745
1994/1/15 0:00,0.7446400000000001,1.5308,0.728438,0.832293,0.12006,0.009524000000000001,0.7034107999999999,0.6733
1994/1/16 0:00,0.73644,1.534,0.728757,0.8285,0.120042,0.0099934,0.706215,0.673
1994/1/17 0:00,0.73646,1.5371,0.725216,0.834655,0.120048,0.0100448,0.707214,0.6747
1994/1/18 0:00,0.75054,1.5385,0.725058,0.833681,0.120031,0.0095122,0.707464,0.676
1994/1/19 0:00,0.7833300000000001,1.5487,0.723589,0.841822,0.119996,0.009208,0.714031,0.6783
1994/1/20 0:00,0.78434,1.5445,0.723851,0.844238,0.119973,0.0092734,0.713267,0.6782
1994/1/21 0:00,0.77623,1.5425,0.725268,0.842673,0.119973,0.0091476,0.712962,0.6762
1994/1/22 0:00,0.7491000000000001,1.5435,0.726903,0.846382,0.119973,0.0095264,0.710985,0.6745
1994/1/23 0:00,0.77625,1.541,0.726111,0.85266,0.119973,0.0091476,0.709723,0.6765
1994/1/24 0:00,0.77625,1.54,0.727167,0.848536,0.119949,0.0091476,0.711086,0.6763
1994/1/25 0:00,0.7358800000000001,1.5398,0.727537,0.846024,0.11991,0.0093362,0.7053356,0.6739
1994/1/26 0:00,0.7359199999999999,1.5335,0.727537,0.83661,0.119894,0.009174,0.6907438000000001,0.6697
1994/1/27 0:00,0.7446400000000001,1.532,0.728438,0.834028,0.119888,0.009524000000000001,0.7034108,0.6731
1994/1/28 0:00,0.7398000000000001,1.5273,0.729395,0.829669,0.119888,0.0094602,0.701131,0.6736
1994/1/29 0:00,0.7305399999999999,1.5284,0.729076,0.831808,0.119893,0.0100562,0.6876331999999999,0.6729
1994/1/30 0:00,0.7446400000000001,1.529,0.72881,0.833472,0.11989,0.0090452,0.6997285999999999,0.675
1994/1/31 0:00,0.7533299999999998,1.529,0.729022,0.832709,0.119871,0.0090452,0.6997285999999999,0.675
1994/2/1 0:00,0.7625,1.53,0.729501,0.832085,0.119862,0.009501,0.6990774,0.6726
1994/2/2 0:00,0.7678,1.524,0.731636,0.82905,0.119848,0.009439,0.6976945999999999,0.6755
1994/2/3 0:00,0.768,1.5238,0.731529,0.832224,0.119814,0.009492,0.6976946,0.6792
1994/2/4 0:00,0.77,1.5213,0.731048,0.835422,0.119762,0.009475,0.6790187999999999,0.6835
1994/2/5 0:00,0.7737,1.5225,0.730994,0.839278,0.119692,0.009498,0.6790187999999999,0.6835
1994/2/6 0:00,0.774,1.5231,0.731101,0.840336,0.119713,0.00948,0.6865202000000001,0.689
1994/2/7 0:00,0.7734,1.525,0.733138,0.840901,0.119736,0.009446,0.6759565999999999,0.683
1994/2/8 0:00,0.7734,1.53,0.73551,0.839419,0.119722,0.009432,0.7004954,0.681
1994/2/9 0:00,0.7742,1.5327,0.735781,0.839349,0.119717,0.009411,0.6790188,0.6821
1994/2/10 0:00,0.775,1.5376,0.735348,0.839631,0.119732,0.009395,0.6831518,0.6857
1994/2/11 0:00,0.778,1.536,0.734592,0.83661,0.119732,0.00937,0.6857694000000001,0.6869
1994/2/12 0:00,0.7769,1.5334,0.734107,0.83717,0.119717,0.009363,0.6857694000000001,0.6869
1994/2/13 0:00,0.7735,1.523,0.733837,0.838364,0.11969,0.009417,0.6835538,0.6868
1994/2/14 0:00,0.7725,1.524,0.733353,0.838715,0.1197,0.009399,0.7004954,0.6825
1994/2/15 0:00,0.7779,1.5181,0.733407,0.83382,0.119713,0.009377,0.6790187999999999,0.6828
1994/2/16 0:00,0.7821,1.5239,0.733407,0.839983,0.11971,0.009404,0.6976945999999999,0.6783
1994/2/17 0:00,0.7815,1.5262,0.733407,0.840548,0.119706,0.009346,0.6976946,0.6807
1994/2/18 0:00,0.784,1.5244,0.738116,0.83696,0.119705,0.0093,0.6835538000000001,0.685
1994/2/19 0:00,0.7822,1.5248,0.737518,0.838223,0.119705,0.009304,0.6835538000000001,0.6842
1994/2/20 0:00,0.781,1.526,0.73692,0.8371,0.119706,0.009351,0.7004954,0.6813
1994/2/21 0:00,0.781,1.5295,0.736431,0.837731,0.119725,0.009338,0.7004954,0.6813
1994/2/22 0:00,0.7838,1.5287,0.7384692000000002,0.835422,0.119745,0.009288,0.6991936,0.6825
1994/2/23 0:00,0.783,1.531,0.7393192,0.838926,0.119743,0.009309,0.6991936,0.6833
1994/2/24 0:00,0.7861,1.5243,0.7311375999999999,0.829325,0.119739,0.009244,0.6991936,0.682
1994/2/25 0:00,0.7883,1.5115,0.7286835999999999,0.821153,0.119735,0.009211,0.6991936,0.681
1994/2/26 0:00,0.7897,1.5125,0.7265771999999999,0.825423,0.119726,0.009215,0.6978218,0.6763
1994/2/27 0:00,0.79,1.5123,0.7260719999999999,0.815528,0.119729,0.009202,0.6983868,0.677
1994/2/28 0:00,0.7902,1.5085,0.7260719999999999,0.812612,0.11973,0.009228,0.6991936,0.6783
1994/3/1 0:00,0.7875,1.5071,0.7260719999999999,0.812018,0.119736,0.009235,0.6991936,0.6785
1994/3/2 0:00,0.7852,1.507,0.7311375999999999,0.815661,0.119743,0.009236,0.6991936,0.6819
1994/3/3 0:00,0.7815,1.51,0.7417528000000001,0.817996,0.119748,0.009337,0.6594452000000001,0.6842
1994/3/4 0:00,0.7815,1.5168,0.7417528,0.817996,0.119752,0.009337,0.661751,0.6855
1994/3/5 0:00,0.7865,1.5112,0.741735,0.814664,0.11976,0.009372,0.6416052,0.6865
1994/3/6 0:00,0.7894,1.5161,0.7319180000000001,0.813339,0.119758,0.009382,0.6991936,0.6828
1994/3/7 0:00,0.7845,1.5138,0.7311375999999999,0.811293,0.119759,0.009366,0.6991936,0.6818
1994/3/8 0:00,0.7885,1.5127,0.7319180000000001,0.809127,0.119759,0.009392,0.6991936,0.6825
1994/3/9 0:00,0.7883,1.5103,0.7383736000000001,0.809062,0.11976,0.009475,0.6594452000000001,0.684
1994/3/10 0:00,0.787,1.5094,0.741735,0.810898,0.119752,0.009568,0.6546692000000001,0.6865
1994/3/11 0:00,0.7854,1.505,0.741735,0.6939704,0.119759,0.009557,0.6775865999999999,0.6869
1994/3/12 0:00,0.7896,1.4948,0.7417528000000001,0.7441068,0.119759,0.009517,0.7004478000000001,0.6849
1994/3/13 0:00,0.7951,1.503,0.7436392000000001,0.7833804,0.119759,0.00957,0.7022619999999999,0.689
1994/3/14 0:00,0.7955,1.5042,0.7417528000000001,0.7186926,0.11976,0.009539,0.7004478000000001,0.6855
1994/3/15 0:00,0.7958,1.5072,0.741735,0.6953174,0.11976,0.00953,0.6775865999999999,0.6866
1994/3/16 0:00,0.7984,1.5125,0.7434534,0.7338868,0.11976,0.009527,0.6771944,0.6886
1994/3/17 0:00,0.8005,1.5215,0.7426438,0.7365798,0.11976,0.00951,0.677048,0.688
1994/3/18 0:00,0.7983,1.522,0.7426438,0.6939704,0.119759,0.009542,0.6776356,0.6875
1994/3/19 0:00,0.8026,1.5223,0.7798014000000001,0.7222816000000001,0.119758,0.009479,0.7047855999999999,0.6905
1994/3/20 0:00,0.8012,1.5145,0.7426438000000001,0.6939704,0.119758,0.009527,0.6776356,0.6875
1994/3/21 0:00,0.8017,1.5149,0.7430540000000001,0.7338868,0.11976,0.009452,0.6998896,0.6887
1994/3/22 0:00,0.8007,1.513,0.741735,0.6939704,0.119759,0.009359,0.6775865999999999,0.6872
1994/3/23 0:00,0.8015,1.5133,0.741735,0.6939704,0.11976,0.009375,0.6775865999999999,0.6872
1994/3/24 0:00,0.8,1.515,0.741735,0.6943634,0.119771,0.009387,0.7007418000000001,0.686
1994/3/25 0:00,0.7945,1.513,0.7323914,0.7847438,0.119783,0.009334,0.6770402,0.6823
1994/3/26 0:00,0.7928,1.5115,0.7323914,0.7693078,0.119799,0.009346,0.6770402,0.6825
1994/3/27 0:00,0.7943,1.5103,0.7323914000000001,0.7693078000000001,0.119801,0.009342,0.6770402,0.6832
1994/3/28 0:00,0.7935,1.5134,0.727114,0.7441068,0.119808,0.009365,0.6999090000000001,0.6842
1994/3/29 0:00,0.7914,1.511,0.727484,0.7693078000000001,0.119808,0.009268,0.6770402000000001,0.6833
1994/3/30 0:00,0.7945,1.5127,0.72648,0.724696,0.1221176,0.0092,0.7004478000000001,0.6854
1994/3/31 0:00,0.7983,1.5211,0.728969,0.734621,0.1228124,0.009194,0.7004478000000001,0.6848
1994/4/1 0:00,0.7957,1.5345,0.730727,0.7994066000000001,0.12231859999999999,0.009289,0.709471,0.6831
1994/4/2 0:00,0.798,1.5495,0.729714,0.8128006000000001,0.1223196,0.00926,0.709471,0.6795
1994/4/3 0:00,0.801,1.5515,0.730353,0.8138616000000001,0.12232059999999997,0.009228,0.71048,0.6805
1994/4/4 0:00,0.799,1.5485,0.730407,0.8054846,0.12130540000000001,0.009158,0.70927,0.678
1994/4/5 0:00,0.793,1.5474,0.732064,0.8054846,0.12081599999999999,0.009188,0.70922,0.6767
1994/4/6 0:00,0.7855,1.5405,0.732816,0.8173030000000001,0.11985640000000002,0.009152,0.709421,0.6678
1994/4/7 0:00,0.7914,1.541,0.731582,0.8184728,0.1201808,0.009155,0.709874,0.6693
1994/4/8 0:00,0.7935,1.5322,0.733138,0.8214222,0.130572,0.009168,0.709723,0.6728
1994/4/9 0:00,0.7919,1.5355,0.732279,0.8244762,0.13041419999999998,0.009132,0.709471,0.6731
1994/4/10 0:00,0.7905,1.5345,0.731636,0.8255528,0.12529759999999998,0.009135,0.709723,0.6727
1994/4/11 0:00,0.792,1.532,0.73046,0.819481,0.1200016,0.009187,0.709471,0.6724
1994/4/12 0:00,0.7921,1.5358,0.731797,0.8095395999999999,0.1308924,0.009185,0.709471,0.6742
1994/4/13 0:00,0.792,1.545,0.73185,0.8280398,0.13105,0.009187,0.6993963999999999,0.6748
1994/4/14 0:00,0.7892,1.5435,0.73046,0.8280398,0.13105,0.009256,0.6997494,0.6749
1994/4/15 0:00,0.7876,1.5433,0.730887,0.8054846,0.12081599999999999,0.009255,0.7005963999999999,0.6773
1994/4/16 0:00,0.7885,1.5418,0.731208,0.7988723999999999,0.12181660000000001,0.009251,0.6778652,0.6786
1994/4/17 0:00,0.7905,1.5383,0.732332,0.7988723999999999,0.12181660000000001,0.009166,0.6782219999999999,0.6787
1994/4/18 0:00,0.7903,1.54,0.734322,0.8054846,0.12081599999999999,0.009179,0.7051605999999999,0.677
1994/4/19 0:00,0.7906,1.5405,0.735294,0.7806420000000001,0.1223206,0.009172,0.6767462000000001,0.6798
1994/4/20 0:00,0.7911,1.5414,0.734592,0.7693078,0.1223192,0.009132,0.6770402,0.6823
1994/4/21 0:00,0.789,1.5462,0.733783,0.7693078,0.1223192,0.009137,0.6770402,0.683
1994/4/22 0:00,0.7856,1.5529,0.732225,0.7248896,0.12283759999999999,0.009134,0.7007418000000001,0.686
1994/4/23 0:00,0.7872,1.5545,0.733407,0.7441068,0.1223182,0.009127,0.6999090000000001,0.6846
1994/4/24 0:00,0.7827,1.5583,0.733299,0.7441068,0.1223348,0.009083,0.699909,0.6843
1994/4/25 0:00,0.7813,1.5587,0.734754,0.7693078,0.1223192,0.009065,0.6770402,0.6823
1994/4/26 0:00,0.796,1.5522,0.730834,0.6937863999999999,0.1221522,0.009013,0.676705,0.688
1994/4/27 0:00,0.7934,1.553,0.729341,0.7338868,0.1221522,0.009014,0.6998896,0.6888
1994/4/28 0:00,0.7922,1.5495,0.730194,0.6939704,0.12215159999999999,0.009068,0.6776356,0.6875
1994/4/29 0:00,0.7975,1.5504,0.73046,0.6937864,0.1221522,0.009076,0.677048,0.688
1994/4/30 0:00,0.7982,1.5555,0.729714,0.735629,0.1221522,0.009076,0.6767049999999999,0.6885
1994/5/1 0:00,0.7973,1.5525,0.730194,0.6939704,0.12215159999999999,0.009034,0.6776356,0.6875
1994/5/2 0:00,0.7948,1.55,0.730194,0.724696,0.1228124,0.009054,0.7004478000000001,0.6854
1994/5/3 0:00,0.7912,1.5585,0.729022,0.735629,0.1221522,0.009162,0.6767049999999999,0.6884
1994/5/4 0:00,0.7875,1.5432,0.728544,0.735629,0.1221522,0.009206,0.6767049999999999,0.6885
1994/5/5 0:00,0.792,1.5479,0.731101,0.7543616000000001,0.1221522,0.009265,0.7001729999999999,0.6889
1994/5/6 0:00,0.7906,1.5466,0.731315,0.814527,0.11996420000000001,0.00924,0.7105102000000001,0.693
1994/5/7 0:00,0.7917,1.5512,0.731208,0.8101742,0.12511540000000002,0.009302,0.7097746,0.6952
1994/5/8 0:00,0.7911,1.5515,0.729129,0.815061,0.11996420000000001,0.009252,0.7105102000000001,0.693
1994/5/9 0:00,0.7912,1.5525,0.728863,0.8032478000000001,0.12511540000000002,0.009234,0.7093709999999999,0.696
1994/5/10 0:00,0.788,1.5572,0.728544,0.8016285999999999,0.12685000000000002,0.009227,0.70915,0.697
1994/5/11 0:00,0.7873,1.5545,0.727484,0.8016285999999999,0.12685,0.009231,0.70915,0.697
1994/5/12 0:00,0.7871,1.557,0.728651,0.8101742,0.11996480000000001,0.009158,0.7097745999999999,0.6949
1994/5/13 0:00,0.7825,1.5558,0.9128934000000001,0.8212142,0.12599939999999998,0.009252,0.7101076,0.6942
1994/5/14 0:00,0.7735,1.5556,0.7655513999999999,0.7556792,0.12086699999999999,0.009366,0.7022328,0.6892
1994/5/15 0:00,0.7721,1.5572,0.856753,0.7693078000000001,0.12305839999999998,0.009368,0.679419,0.6832
1994/5/16 0:00,0.773,1.5418,0.8534042,0.7665524,0.12305359999999999,0.009341,0.679419,0.6833
1994/5/17 0:00,0.7729,1.5442,0.870459,0.8070882000000001,0.1224456,0.009377,0.679419,0.6836
1994/5/18 0:00,0.7758,1.5375,0.8534172,0.7532755999999999,0.12754040000000003,0.009353,0.6773714,0.6875
1994/5/19 0:00,0.7772,1.5418,0.8298596,0.7501144,0.1281706,0.009264,0.6760191999999999,0.6872
1994/5/20 0:00,0.7782,1.5497,0.8298596,0.7395028,0.1280558,0.009247,0.6764992000000001,0.6873
1994/5/21 0:00,0.7785,1.549,0.8274566,0.7380652,0.12754680000000002,0.009249,0.6583682000000001,0.6882
1994/5/22 0:00,0.7776,1.5505,0.7896972,0.7994066000000001,0.12306239999999999,0.009283,0.706714,0.6857
1994/5/23 0:00,0.7792,1.5499,0.8096371999999998,0.7994066000000001,0.1224456,0.009295,0.707464,0.6842
1994/5/24 0:00,0.779,1.5483,0.7896972,0.7994066,0.12306239999999999,0.009264,0.707965,0.6855
1994/5/25 0:00,0.7827,1.5504,0.8158411999999998,0.8186258000000001,0.1229266,0.009258,0.707814,0.6871
1994/5/26 0:00,0.7837,1.5468,0.763781,0.8339344000000001,0.12085059999999999,0.009263,0.709471,0.689
1994/5/27 0:00,0.79,1.5444,0.763781,0.828775,0.12088379999999999,0.00927,0.709069,0.689
1994/5/28 0:00,0.7862,1.5473,0.7647619999999999,0.82802,0.1216516,0.009234,0.708868,0.6899
1994/5/29 0:00,0.8055822000000001,1.5497,0.880569,0.833056,0.1234942,0.00923,0.708215,0.692
1994/5/30 0:00,0.7555599999999999,1.5508,0.8399599999999999,0.828432,0.123573,0.00924,0.708215,0.6913
1994/5/31 0:00,0.8251101999999999,1.553,0.8274554000000001,0.833333,0.12308480000000002,0.009225,0.708968,0.694
1994/6/1 0:00,0.7975251999999999,1.5553,0.8883424,0.837872,0.1230834,0.009285,0.709723,0.6943
1994/6/2 0:00,0.7850072000000001,1.553,0.8368214,0.837731,0.1234942,0.009278,0.709975,0.692
1994/6/3 0:00,0.8055822000000001,1.5593,0.880569,0.838364,0.1234942,0.009222,0.711238,0.692
1994/6/4 0:00,0.8121622000000001,1.5563,0.8218987999999999,0.834376,0.119956,0.009217,0.710328,0.6928
1994/6/5 0:00,0.7860499999999999,1.5385199999999999,0.7567232,0.832709,0.119957,0.0092,0.71048,0.69
1994/6/6 0:00,0.7767772,1.75036,0.7912908,0.827815,0.119962,0.009151,0.709975,0.6918
1994/6/7 0:00,0.7853872000000001,1.7021000000000002,0.7728926,0.829187,0.11996,0.009187,0.710227,0.6922
1994/6/8 0:00,0.8027152,1.5556104000000002,0.8168710000000001,0.828363,0.119963,0.009167,0.710379,0.6939
1994/6/9 0:00,0.8020151999999999,1.6071104000000003,0.8163382,0.82203,0.119966,0.009143,0.710732,0.6941
1994/6/10 0:00,0.8811530000000001,1.6820199999999996,0.8432632,0.820681,0.119969,0.009158,0.710227,0.6953
1994/6/11 0:00,0.8020151999999999,1.5995504,0.881962,0.810964,0.11997,0.009104,0.711238,0.6944
1994/6/12 0:00,0.7635099999999999,1.7092800000000001,0.8011929999999999,0.811293,0.122279,0.00907,0.70922,0.697
1994/6/13 0:00,0.8293988000000001,1.5995504,0.8419654,0.806777,0.12245239999999999,0.009066,0.709471,0.6947
1994/6/14 0:00,0.8487691999999999,1.70247,0.8654224000000001,0.805607,0.1223406,0.009055,0.709471,0.6955
1994/6/15 0:00,0.8066452,1.5995504,0.8863334000000002,0.806842,0.12398780000000001,0.009079,0.708466,0.6945
1994/6/16 0:00,0.7891256,1.86987,0.8255178000000001,0.803213,0.121443,0.009059,0.708366,0.6988
1994/6/17 0:00,0.8424621999999999,1.7892298,0.8186427999999999,0.804959,0.1263982,0.009157,0.709975,0.7021
1994/6/18 0:00,0.8212922,1.8733899999999999,0.8427268,0.803859,0.120824,0.009142,0.71048,0.6995
1994/6/19 0:00,0.75943,1.7936,0.8104587999999999,0.806777,0.1251198,0.009102,0.709975,0.6916
1994/6/20 0:00,0.8170008000000001,1.8047700000000002,0.8159749999999999,0.810307,0.12858940000000002,0.009102,0.6683557999999999,0.6981
1994/6/21 0:00,0.7783800000000001,1.80477,0.8354942000000001,0.807885,0.12489900000000001,0.009106,0.6546706,0.6978
1994/6/22 0:00,0.8101108,1.8044499999999999,0.8706809999999999,0.809127,0.1265466,0.00906,0.6683557999999999,0.6986
1994/6/23 0:00,0.8212922,1.86987,0.8427268,0.797766,0.120824,0.009054,0.6558338,0.6995
1994/6/24 0:00,0.8456694,1.86987,0.8682408,0.795862,0.12144300000000001,0.009021,0.6535552,0.6996
1994/6/25 0:00,0.8101108,1.86987,0.8561368,0.796495,0.1265466,0.008957,0.6558338000000001,0.699
1994/6/26 0:00,0.8212922,1.86987,0.8427268,0.79713,0.120824,0.008979,0.6558338,0.6995
1994/6/27 0:00,0.791413,1.86987,0.8119772000000001,0.79713,0.120824,0.008664999999999999,0.6558338,0.6992
1994/6/28 0:00,0.8101108,1.7720600000000002,0.8265484000000001,0.797575,0.1265466,0.0087068,0.6683557999999999,0.6987
1994/6/29 0:00,0.8257422,1.86987,0.7993174,0.795798,0.1223864,0.0087768,0.6558338,0.6994
1994/6/30 0:00,0.7878071999999999,1.8756,0.821788,0.796052,0.1253458,0.008591999999999999,0.6397492,0.6922
1994/7/1 0:00,0.772785,1.7806899999999999,0.8437202000000001,0.799488,0.1262206,0.0083308,0.6244072,0.6915
1994/7/2 0:00,0.7714700000000001,1.8747700000000003,0.8534949999999999,0.797639,0.12700859999999997,0.0089136,0.6743888,0.6894
1994/7/3 0:00,0.7878071999999999,1.8756,0.821788,0.798722,0.1253458,0.008591999999999999,0.6397492,0.6922
1994/7/4 0:00,0.8053649999999999,1.6948328,0.8454653999999999,0.797003,0.1283726,0.0086804,0.6648956,0.6932
1994/7/5 0:00,0.7717626,1.7889699999999997,0.8900298000000001,0.788644,0.1328214,0.008540599999999999,0.653969,0.6965
1994/7/6 0:00,0.7717626,1.87409,0.9117346000000002,0.790014,0.1328214,0.008917,0.6655869999999999,0.6965
1994/7/7 0:00,0.8370224,1.8223120000000002,0.9154931999999999,0.787712,0.12256419999999998,0.008911,0.707264,0.7002
1994/7/8 0:00,0.837495,1.6048836000000002,0.880865,0.786349,0.12235959999999999,0.008886,0.706914,0.7065
1994/7/9 0:00,0.793241,1.7752119999999998,0.8649726,0.791139,0.120824,0.008868,0.706814,0.7131
1994/7/10 0:00,0.8154104,1.8217468,0.8805886,0.790639,0.1312096,0.008861,0.706364,0.7098
1994/7/11 0:00,0.8152104,1.8770799999999999,0.8517222,0.797067,0.12595,0.008852,0.705866,0.7102
1994/7/12 0:00,0.8196298000000001,1.7790198,0.8823104,0.795862,0.12256419999999998,0.008861,0.705816,0.7008
1994/7/13 0:00,0.7753852,1.8515599999999999,0.8074809999999999,0.793651,0.12760140000000003,0.008824,0.706215,0.703
1994/7/14 0:00,0.8305412000000001,1.7818826,0.9163501999999999,0.794597,0.1322176,0.008763,0.705567,0.7054
1994/7/15 0:00,0.7891235999999999,1.8207526,0.8866289999999999,0.79713,0.1270938,0.008763,0.707464,0.7055
1994/7/16 0:00,0.789825,1.7381208000000001,0.855944,0.798085,0.12182699999999999,0.008774,0.710076,0.7058
1994/7/17 0:00,0.8171584000000001,1.7367553999999998,0.8668402000000001,0.792205,0.1274766,0.008788,0.709824,0.707
1994/7/18 0:00,0.8585782,1.6095427999999998,0.9181288000000001,0.787402,0.1321396,0.008828,0.709975,0.7083
1994/7/19 0:00,0.8553394000000001,1.6936822,0.8757480000000001,0.786287,0.1313858,0.008774,0.710631,0.7085
1994/7/20 0:00,0.7897582,1.8101594000000003,0.8491177999999999,0.782595,0.12655339999999998,0.008755,0.709975,0.7105
1994/7/21 0:00,0.8113298,1.7458686,0.8758921999999998,0.782228,0.12667,0.008773,0.710227,0.7113
1994/7/22 0:00,0.837715,1.6818114000000002,0.9278337999999999,0.789266,0.12235960000000001,0.008965,0.713114,0.7062
1994/7/23 0:00,0.8320508,1.7348773999999998,0.9028079999999999,0.789889,0.13618900000000003,0.008958,0.714286,0.7091
1994/7/24 0:00,0.843824,1.7420327999999998,0.8186584,0.791452,0.1207644,0.008969,0.713776,0.7068
1994/7/25 0:00,0.8208603999999999,1.7969768,0.8517222,0.788395,0.12595,0.008976,0.713419,0.71
1994/7/26 0:00,0.8106082000000001,1.7370486,0.8632434,0.784621,0.1311982,0.008986,0.714184,0.712
1994/7/27 0:00,0.789825,1.7381208000000001,0.8013194,0.781739,0.12167220000000001,0.008985,0.714541,0.7058
1994/7/28 0:00,0.8743622,1.6550421999999998,0.9152086,0.789079,0.135982,0.008984,0.714541,0.7088
1994/7/29 0:00,0.8359780000000001,1.7048178,0.9067372,0.8431924000000001,0.12667,0.008965,0.714286,0.7113
1994/7/30 0:00,0.7995,1.8316568,0.8624094000000001,0.8166138000000001,0.1206744,0.008989,0.713267,0.7098
1994/7/31 0:00,0.811,1.5895841999999998,0.8787394,0.8235236,0.1259556,0.008975,0.713521,0.712
1994/8/1 0:00,0.812,1.8021062,0.8658379999999999,0.8077726000000001,0.12594640000000001,0.008976,0.713521,0.7148
1994/8/2 0:00,0.8116,1.5943741999999999,0.8521326,0.8235236,0.1259556,0.008874,0.713419,0.7123
1994/8/3 0:00,0.8740634,1.6153078,0.9182212,0.8396663999999999,0.1361286,0.008876,0.713674,0.7088
1994/8/4 0:00,0.8585782,1.7974248,0.8512484,0.8112016000000001,0.12106379999999999,0.008824,0.713521,0.7082
1994/8/5 0:00,0.7963424,1.8101594000000003,0.8515815999999999,0.8473265999999999,0.1214274,0.008781,0.712962,0.7108
1994/8/6 0:00,0.8359780000000001,1.6391071999999998,0.9067372,0.8386918000000001,0.13180160000000002,0.008787,0.713776,0.7113
1994/8/7 0:00,0.8366506000000001,1.642,0.7588554000000001,0.8909309999999999,0.12604559999999998,0.008804,0.712504,0.7065
1994/8/8 0:00,0.8215002,1.6387,0.739372,0.8235236,0.120824,0.008839,0.712758,0.712
1994/8/9 0:00,0.8598078000000001,1.6268,0.736106,0.9486326,0.141855,0.008901,0.713878,0.703
1994/8/10 0:00,0.8520351999999999,1.6415,0.735564,0.9538040000000001,0.141855,0.008862,0.714031,0.7032
1994/8/11 0:00,0.8374805999999999,1.6475,0.737735,0.8309732000000001,0.126718,0.008828,0.713521,0.707
1994/8/12 0:00,0.8987246000000001,1.6505,0.736974,0.835807,0.1372526,0.008828,0.714184,0.6985
1994/8/13 0:00,0.8776674,1.658,0.733945,0.8606256,0.1319386,0.008857,0.714796,0.6955
1994/8/14 0:00,0.8829025999999999,1.657,0.736974,0.8255796,0.13659819999999998,0.008807,0.714541,0.7006
1994/8/15 0:00,0.8809298,1.6603,0.733945,0.853829,0.13726599999999997,0.008787,0.714286,0.7015
1994/8/16 0:00,0.8220236,1.8103000000000002,0.731957,0.8042778,0.13159839999999998,0.008754,0.714133,0.698
1994/8/17 0:00,0.8723732,1.788891,0.731797,0.8263020000000001,0.120073,0.0088,0.714031,0.7077
1994/8/18 0:00,0.8546453999999999,1.9218600000000001,0.731475,0.8556913999999999,0.120078,0.008799,0.714745,0.7055
1994/8/19 0:00,0.8784122,1.816781,0.730727,0.8263019999999999,0.120084,0.008772,0.714541,0.7073
1994/8/20 0:00,0.9033275999999999,1.7480765999999999,0.731261,0.8526448,0.120091,0.008753,0.714388,0.7083
1994/8/21 0:00,0.8723732,1.7888910000000002,0.731261,0.8263019999999999,0.120081,0.008763,0.713776,0.7075
1994/8/22 0:00,0.8424605999999999,1.8167810000000002,0.732225,0.8078879999999999,0.120077,0.008734,0.719166,0.7072
1994/8/23 0:00,0.8546454000000001,1.9218600000000001,0.733299,0.8527424,0.120081,0.008702,0.714643,0.706
1994/8/24 0:00,0.8662790000000001,1.6891154,0.9031980000000001,0.794998,0.120074,0.008611,0.714286,0.7065
1994/8/25 0:00,0.851695,1.8528832000000002,0.8209384,0.8540346,0.120074,0.00863,0.714133,0.7055
1994/8/26 0:00,0.8662790000000001,1.6897916,0.8621314,0.794998,0.120071,0.008638,0.714541,0.7065
1994/8/27 0:00,0.8784122,1.786224,0.7977088,0.828111,0.120073,0.008659,0.714796,0.7072
1994/8/28 0:00,0.8719556,1.741751,0.727696,0.8040972,0.120073,0.008596,0.712758,0.7075
1994/8/29 0:00,0.8417916,1.7480765999999999,0.730674,0.8588406,0.120077,0.008636,0.711086,0.7081
1994/8/30 0:00,0.8239154,1.772046,0.73692,0.8825569999999999,0.120083,0.00867,0.712251,0.7097
1994/8/31 0:00,0.8469706,1.8225299999999998,0.738934,0.8204428,0.120088,0.008631,0.711491,0.7067
1994/9/1 0:00,0.8469706,1.83665,0.739536,0.8222316,0.120094,0.008607,0.711389,0.7065
1994/9/2 0:00,0.848708,1.8649999999999998,0.74184,0.8004477999999999,0.120096,0.008613,0.711491,0.705
1994/9/3 0:00,0.8753024,1.86385,0.74129,0.9062794000000001,0.120097,0.00859,0.711997,0.7035
1994/9/4 0:00,0.8744223999999999,1.9378,0.740466,0.9082330000000001,0.1201,0.008554,0.700271,0.703
1994/9/5 0:00,0.8416454,1.93534,0.745101,0.8778488,0.120103,0.00853,0.6648210000000001,0.7037
1994/9/6 0:00,0.8209866,1.8575499999999998,0.746714,0.7914714,0.120109,0.008581,0.701636,0.7064
1994/9/7 0:00,0.8779474,1.7841066,0.746324,0.882817,0.120111,0.008539,0.712979,0.7085
1994/9/8 0:00,0.8478315999999999,1.93534,0.747105,0.827056,0.120113,0.008489,0.6651973999999999,0.7041
1994/9/9 0:00,0.8478315999999999,1.93534,0.748671,0.7988824,0.120114,0.008409,0.6650678000000001,0.7042
1994/9/10 0:00,0.74628,1.92808,0.745323,0.7814506,0.120114,0.008358,0.62465,0.6967
1994/9/11 0:00,0.7962052,1.73538,0.74151,0.7716673999999999,0.120119,0.008399,0.694751,0.6935
1994/9/12 0:00,0.7670300000000001,1.69834,0.743882,0.7032506000000001,0.120123,0.008372,0.6785072000000001,0.69
1994/9/13 0:00,0.75096,1.66187,0.745879,0.6957103999999998,0.120129,0.008252,0.629829,0.6874
1994/9/14 0:00,0.7710100000000001,1.6971599999999998,0.743218,0.6903996,0.120135,0.008198,0.6753308,0.6883
1994/9/15 0:00,0.7670300000000001,1.79292,0.74173,0.7053626000000001,0.120137,0.008227,0.6773734000000001,0.69
1994/9/16 0:00,0.7756700000000001,1.6953599999999998,0.74217,0.731298,0.120143,0.008247,0.6754772000000001,0.6885
1994/9/17 0:00,0.7742100000000001,1.6971600000000002,0.74438,0.6903996,0.120148,0.008218,0.652881,0.6882
1994/9/18 0:00,0.7670300000000001,1.79292,0.744546,0.7261556,0.120153,0.008174,0.676903,0.6898
1994/9/19 0:00,0.7706100000000001,1.9429100000000001,0.744602,0.7337057999999999,0.12547439999999999,0.008091,0.6442858,0.6909
1994/9/20 0:00,0.7850404,1.89027,0.74162,0.7544536,0.130154,0.008076,0.6656276000000001,0.6885
1994/9/21 0:00,0.75644,1.7158799999999998,0.741125,0.7477458,0.12395479999999999,0.00803,0.6449393999999999,0.6835
1994/9/22 0:00,0.7634799999999999,1.6694400000000003,0.739754,0.7244946000000001,0.1211214,0.008147,0.6759972000000001,0.6842
1994/9/23 0:00,0.7472228,1.4572901999999999,0.737572,0.8295688,0.1326442,0.008119,0.6217081999999999,0.6876
1994/9/24 0:00,0.7750546,1.5662800000000001,0.737626,0.7685706000000001,0.14186580000000001,0.008063,0.6084832,0.687
1994/9/25 0:00,0.76067,1.8142699999999998,0.739044,0.7411582,0.1239676,0.008042,0.64505,0.6946
1994/9/26 0:00,0.7966168,1.89941,0.740631,0.7959050000000001,0.1291194,0.008061,0.6823904,0.6935
1994/9/27 0:00,0.76718,1.97132,0.736648,0.7390442,0.1269112,0.00807,0.6657998,0.6894
1994/9/28 0:00,0.76393,1.9668800000000002,0.735835,0.7026822,0.125504,0.008045,0.6752902,0.69
1994/9/29 0:00,0.8231120000000001,1.8138100000000001,0.735456,0.7942304,0.12841740000000001,0.008141,0.6581292,0.6938
1994/9/30 0:00,0.7992852,1.8138100000000001,0.733945,0.772785,0.1231302,0.008112,0.6581292000000001,0.694
1994/10/1 0:00,0.7716566,1.91554,0.734053,0.8310044000000001,0.1319168,0.008185,0.6260226,0.697
1994/10/2 0:00,0.75413,1.95287,0.734646,0.7755029999999999,0.1311398,0.008201,0.6484938,0.6965
1994/10/3 0:00,0.7892252,1.8138100000000001,0.732064,0.7864886,0.1248544,0.008203,0.6365386,0.6942
1994/10/4 0:00,0.7800799999999999,1.88395,0.731475,0.7129386,0.124756,0.009028199999999998,0.6697812,0.6908
1994/10/5 0:00,0.76834,1.76231,0.731529,0.8138986000000001,0.12097500000000001,0.0090778,0.6863442000000001,0.6924
1994/10/6 0:00,0.8150124,1.9065400000000001,0.731261,0.8566186,0.1278952,0.0090896,0.6749172,0.7007
1994/10/7 0:00,0.8232944,1.8446953999999998,0.729927,0.9309602000000001,0.1418568,0.009495599999999998,0.6718917999999999,0.704
1994/10/8 0:00,0.8700395999999999,1.7472016,0.730834,0.9480599999999999,0.13726600000000003,0.009984200000000002,0.6723142,0.7025
1994/10/9 0:00,0.8767023999999999,1.8343512,0.732654,0.9093783999999999,0.1418606,0.009368600000000001,0.7009442,0.7031
1994/10/10 0:00,0.8232944,1.8446954000000002,0.730994,0.9309602000000001,0.14185679999999998,0.0094956,0.6718918,0.704
1994/10/11 0:00,0.8715073999999999,1.8344238000000002,0.729395,0.9089396000000001,0.1418606,0.009412799999999999,0.6905002,0.7026
1994/10/12 0:00,0.8291066,1.90366,0.731689,0.9022176,0.13673639999999998,0.008965399999999998,0.6858612000000001,0.7045
1994/10/13 0:00,0.8200025999999999,1.93534,0.733138,0.9234378,0.1418568,0.008151,0.6667624,0.704
1994/10/14 0:00,0.8604075999999999,1.83801,0.733514,0.8277504,0.1306308,0.008114,0.6754604,0.6995
1994/10/15 0:00,0.8476124,1.6022,0.733353,0.8602722,0.1356352,0.0081,0.6750122,0.6987
1994/10/16 0:00,0.7920844,1.59,0.730247,0.7411582,0.1240938,0.008087,0.64505,0.6948
1994/10/17 0:00,0.816622,1.589,0.727484,0.795905,0.125925,0.008167,0.6817552,0.6937
1994/10/18 0:00,0.7635699999999999,1.5968,0.725163,0.7190565999999999,0.12322960000000001,0.008143,0.6750158,0.6903
1994/10/19 0:00,0.76193,1.5948,0.7249,0.7216203999999999,0.1221854,0.008091,0.6776186,0.6914
1994/10/20 0:00,0.7621600000000001,1.6015,0.724533,0.7609260000000001,0.12201340000000001,0.008142,0.704118,0.6921
1994/10/21 0:00,0.7760166,1.6171,0.725689,0.8348526,0.1345866,0.008135,0.6383848000000001,0.6974
1994/10/22 0:00,0.8028694,1.6172,0.725742,0.7596284,0.131123,0.008071,0.6692798000000001,0.6955
1994/10/23 0:00,0.7825652000000001,1.6276,0.727484,0.682547,0.1233654,0.00805,0.610237,0.6934
1994/10/24 0:00,0.8108096,1.6312,0.726216,0.690131,0.1233846,0.008087,0.6132852000000001,0.6943
1994/10/25 0:00,0.8108096,1.6315,0.724113,0.689417,0.1233846,0.008071,0.6132852000000001,0.6945
1994/10/26 0:00,0.7591600000000001,1.6448,0.722804,0.695265,0.1233846,0.008083,0.6542506,0.6947
1994/10/27 0:00,0.7429,1.6485,0.721241,0.693145,0.124445,0.00815,0.623552,0.6973
1994/10/28 0:00,0.7804892000000001,1.6425,0.720617,0.692281,0.1237774,0.008149,0.611712,0.6963
1994/10/29 0:00,0.7887751999999999,1.646,0.720098,0.697593,0.1233654,0.008143,0.655575,0.6927
1994/10/30 0:00,0.7707504000000001,1.6389,0.718236,0.693385,0.1279894,0.008047,0.6561944000000001,0.6905
1994/10/31 0:00,0.76146,1.6277,0.719735,0.682687,0.120097,0.007957,0.6297336,0.6892
1994/11/1 0:00,0.7442399999999999,1.6233,0.720461,0.680643,0.120097,0.007931,0.6088896,0.6886
1994/11/2 0:00,0.8391540000000001,1.622,0.720357,0.677048,0.120098,0.007883,0.630846,0.6935
1994/11/3 0:00,0.76368,1.623,0.718597,0.680087,0.120098,0.00794,0.6505674,0.6916
1994/11/4 0:00,0.7880452,1.6245,0.715512,0.682128,0.120093,0.007934,0.6518102,0.6938
1994/11/5 0:00,0.7715100000000001,1.6225,0.715052,0.680782,0.120098,0.007906,0.6714316,0.692
1994/11/6 0:00,0.7662646000000001,1.6255,0.715973,0.680596,0.120104,0.007915,0.5877277999999999,0.6873
1994/11/7 0:00,0.7662646000000001,1.6225,0.71541,0.679579,0.120111,0.007952,0.5877277999999999,0.687
1994/11/8 0:00,0.7735,1.631,0.715564,0.680735,0.120119,0.0083534,0.67192,0.6893
1994/11/9 0:00,0.774,1.68348,0.714592,0.685448,0.120119,0.008587599999999997,0.693963,0.6915
1994/11/10 0:00,0.776,1.84547,0.71541,0.689845,0.120123,0.0086536,0.694541,0.6938
1994/11/11 0:00,0.778,1.7673199999999998,0.716486,0.685119,0.120122,0.0084642,0.692521,0.6938
1994/11/12 0:00,0.7765,1.6963000000000001,0.717257,0.683807,0.120126,0.008302400000000001,0.692281,0.6928
1994/11/13 0:00,0.7755,1.6963000000000001,0.717978,0.684229,0.120123,0.0083126,0.692473,0.692
1994/11/14 0:00,0.7768,1.69696,0.716025,0.680735,0.12013,0.008302399999999998,0.693097,0.6935
1994/11/15 0:00,0.7797,1.75299,0.714541,0.680735,0.120122,0.008516199999999998,0.692041,0.6949
1994/11/16 0:00,0.7804,1.7538799999999999,0.715359,0.681756,0.120122,0.008564800000000001,0.692281,0.694
1994/11/17 0:00,0.7795,1.6819199999999999,0.715768,0.678196,0.1214274,0.008565999999999999,0.690608,0.693
1994/11/18 0:00,0.7845,1.7370272,0.7368234,0.680967,0.122394,0.008104400000000001,0.691419,0.689
1994/11/19 0:00,0.784,1.74373,0.8351880000000002,0.680272,0.1231404,0.008175599999999998,0.690846,0.6905
1994/11/20 0:00,0.78,1.5725372,0.7653274000000001,0.67838,0.1215408,0.008341200000000002,0.691563,0.6885
1994/11/21 0:00,0.7772,1.5984118000000003,0.7903902,0.684229,0.13216619999999998,0.0094312,0.691563,0.687
1994/11/22 0:00,0.7764,1.6029968,0.8563324,0.683948,0.13729539999999998,0.009633800000000001,0.691324,0.6847
1994/11/23 0:00,0.78,1.6317233999999998,0.8146162,0.692521,0.14189880000000002,0.010183399999999999,0.692761,0.6858
1994/11/24 0:00,0.7784,1.5563972,0.8442022,0.702741,0.12230020000000001,0.0087668,0.693963,0.6877
1994/11/25 0:00,0.7787,1.6371504000000001,0.8218475999999999,0.695169,0.1224338,0.008210400000000001,0.696864,0.695
1994/11/26 0:00,0.7767,1.6315104000000002,0.8456894,0.695604,0.1232122,0.008236799999999999,0.696136,0.6945
1994/11/27 0:00,0.778,1.72028,0.8234308,0.694686,0.12318720000000001,0.008351800000000001,0.696621,0.6956
1994/11/28 0:00,0.7765,1.7514200000000002,0.8884814000000001,0.696621,0.12318720000000001,0.008568800000000001,0.696961,0.6962
1994/11/29 0:00,0.7748,1.6672504,0.7862022000000001,0.703977,0.12310399999999999,0.0083012,0.69808,0.693
1994/11/30 0:00,0.7743,1.6845799999999997,0.7725876,0.699888,0.12367499999999998,0.008411199999999999,0.697107,0.6917
1994/12/1 0:00,0.7742,1.67318,0.7725876,0.71048,0.1237042,0.008411199999999999,0.699056,0.692
1994/12/2 0:00,0.784,1.7047504,0.8249194000000001,0.711238,0.1224338,0.0083436,0.698812,0.6953
1994/12/3 0:00,0.7795,1.6662904,0.7612222,0.706964,0.1232122,0.008176000000000001,0.698568,0.6935
1994/12/4 0:00,0.765,1.6683689999999998,0.7382312000000001,0.711845,0.1216516,0.0081922,0.698812,0.6902
1994/12/5 0:00,0.764,1.6683689999999998,0.8138074,0.705965,0.12378879999999999,0.008184799999999999,0.698812,0.6908
1994/12/6 0:00,0.7635,1.5869171999999998,0.7405282000000001,0.706115,0.1209082,0.008177599999999998,0.699301,0.6896
1994/12/7 0:00,0.7693999999999999,1.8867699999999998,0.7901732,0.708215,0.1239396,0.008605,0.69891,0.6902
1994/12/8 0:00,0.78217,1.96137,0.7686306,0.706964,0.1238456,0.008591,0.69891,0.6895
1994/12/9 0:00,0.78461,1.7272572,0.8887269999999999,0.700035,0.1245842,0.008566,0.698324,0.6879
1994/12/10 0:00,0.7983004,1.72422,0.8100441999999999,0.695265,0.127674,0.00861,0.698324,0.6885
1994/12/11 0:00,0.8028904000000001,1.8005200000000001,0.7637079999999999,0.69056,0.1299938,0.008598,0.699056,0.6887
1994/12/12 0:00,0.7849098,1.8267099999999998,0.8581642,0.690512,0.133709,0.008645,0.69979,0.6865
1994/12/13 0:00,0.7983004,1.6367900000000002,0.8073434,0.687758,0.127674,0.008666,0.700035,0.6885
1994/12/14 0:00,0.7693999999999999,1.8008899999999997,0.8107996,0.695555,0.1245922,0.008879,0.70497,0.6902
1994/12/15 0:00,0.7646799999999999,1.7936,0.7912800000000001,0.692281,0.1251198,0.008881,0.704225,0.6915
1994/12/16 0:00,0.76511,1.8751799999999998,0.8561568000000002,0.695652,0.1238888,0.008975,0.704722,0.6905
1994/12/17 0:00,0.7651100000000001,1.8984999999999999,0.8558144000000001,0.693818,0.12466259999999998,0.008773,0.702494,0.6907
1994/12/18 0:00,0.78217,1.88034,0.7661528000000001,0.694203,0.1268864,0.008811,0.699741,0.6895
1994/12/19 0:00,0.7784500000000001,1.7381999999999997,0.7663336000000001,0.693674,0.12384379999999999,0.008811,0.701262,0.69
1994/12/20 0:00,0.7810699999999999,1.8767400000000003,0.7634638,0.691324,0.1269112,0.008822,0.700771,0.6894
1994/12/21 0:00,0.78217,1.88034,0.7661528000000001,0.690703,0.12688639999999998,0.008811,0.701262,0.6895
1994/12/22 0:00,0.8144502000000001,1.8244899999999997,0.8581642,0.696233,0.133709,0.008765,0.701262,0.6867
1994/12/23 0:00,0.76646,1.6604800000000002,0.7585054,0.694493,0.1267066,0.008724,0.700771,0.685
1994/12/24 0:00,0.7799900000000001,1.53416,0.8317251999999999,0.697934,0.1236654,0.008673,0.698568,0.6827
1994/12/25 0:00,0.7714000000000001,1.7264416,0.8983776000000001,0.694782,0.12204200000000001,0.008711,0.699301,0.684
1994/12/26 0:00,0.75799,1.73186,0.7808797999999999,0.695265,0.1258232,0.008776,0.701115,0.6848
1994/12/27 0:00,0.7841800000000001,1.63492,0.8082609999999999,0.695314,0.1237924,0.008832,0.700771,0.6872
1994/12/28 0:00,0.78679,1.72579,0.7838712,0.8003372000000001,0.120563,0.008721,0.699301,0.6789
1994/12/29 0:00,0.7873644000000001,1.6295600000000001,0.724113,0.7945211999999999,0.120563,0.008725,0.699203,0.679
1994/12/30 0:00,0.7749944,1.6347200000000002,0.72448,0.7997567999999999,0.1251902,0.008701,0.699937,0.678
1994/12/31 0:00,0.7749944,1.6347200000000002,0.726216,0.7997568000000002,0.1251884,0.008732,0.699203,0.678
1995/1/1 0:00,0.7754944,1.7195700000000003,0.728014,0.797657,0.12571800000000002,0.008814,0.698324,0.6775
1995/1/2 0:00,0.7502502,1.69091,0.726639,0.7851082,0.1310544,0.008881,0.696476,0.6745
1995/1/3 0:00,0.76402,1.6462599999999998,0.727537,0.7933398,0.12034260000000001,0.008868,0.695169,0.6757
1995/1/4 0:00,0.7499800000000001,1.7228118000000001,0.728332,0.684838,0.14635199999999998,0.008852,0.695797,0.673
1995/1/5 0:00,0.74569,1.7084404000000002,0.728014,0.68975,0.141096,0.008843,0.698959,0.6724
1995/1/6 0:00,0.75331,1.6750092000000003,0.729661,0.684885,0.130775,0.008781,0.694686,0.6697
1995/1/7 0:00,0.75845,1.7150852,0.73046,0.679348,0.12030719999999999,0.00879,0.693481,0.6655
1995/1/8 0:00,0.74115,1.72397,0.729501,0.675539,0.12054240000000001,0.00863,0.692857,0.663
1995/1/9 0:00,0.7488400000000001,1.8187200000000001,0.728014,0.674218,0.12035300000000002,0.0086,0.690131,0.6592
1995/1/10 0:00,0.7214499999999999,1.81683,0.725637,0.674992,0.12071119999999999,0.008611,0.685401,0.6557
1995/1/11 0:00,0.7347400000000001,1.8090199999999999,0.727484,0.678887,0.1208158,0.008661,0.680643,0.6523
1995/1/12 0:00,0.72574,1.8124200000000001,0.727484,0.677736,0.1207104,0.00863,0.683293,0.6534
1995/1/13 0:00,0.69567,1.77941,0.723694,0.671141,0.120817,0.0085318,0.684932,0.6478
1995/1/14 0:00,0.7087104,1.7974299999999999,0.724008,0.673854,0.1208158,0.0085038,0.68157,0.6497
1995/1/15 0:00,0.72574,1.81242,0.722961,0.666889,0.1208158,0.008460400000000002,0.677277,0.653
1995/1/16 0:00,0.72574,1.81248,0.722126,0.660066,0.1208158,0.008460400000000002,0.677736,0.6525
1995/1/17 0:00,0.6953498,1.7875999999999999,0.721241,0.657895,0.12081660000000001,0.010257800000000001,0.681663,0.641
1995/1/18 0:00,0.7087104,1.7974299999999999,0.721761,0.659196,0.1208158,0.008460400000000002,0.683293,0.6495
1995/1/19 0:00,0.7105304,1.80064,0.723956,0.660066,0.1208158,0.008460400000000002,0.681896,0.6502
1995/1/20 0:00,0.7087104,1.7974299999999999,0.723589,0.660284,0.1208158,0.008460400000000002,0.67981,0.6498
1995/1/21 0:00,0.6953498,1.78399,0.719891,0.655308,0.1208172,0.0102576,0.677966,0.6433
1995/1/22 0:00,0.6953498,1.78399,0.724743,0.655523,0.12081819999999999,0.0095722,0.681663,0.643
1995/1/23 0:00,0.6953498,1.78399,0.723851,0.651042,0.1208178,0.008833200000000001,0.678887,0.6448
1995/1/24 0:00,0.6953498,1.7875999999999999,0.720929,0.652869,0.1208164,0.0102334,0.67981,0.6393
1995/1/25 0:00,0.7046098000000001,1.7875999999999999,0.720721,0.653808,0.12081539999999999,0.0102334,0.678656,0.6385
1995/1/26 0:00,0.7191,1.77129,0.717978,0.66357,0.12081539999999999,0.010228999999999999,0.675219,0.6373
1995/1/27 0:00,0.6953498,1.7873999999999999,0.71772,0.656599,0.12081660000000001,0.0102214,0.673718,0.6418
1995/1/28 0:00,0.72904,1.7875999999999999,0.717772,0.654236,0.12081539999999999,0.010228999999999999,0.662471,0.638
1995/1/29 0:00,0.7155598,1.7874000000000003,0.718081,0.662208,0.12081659999999998,0.0102576,0.664011,0.6414
1995/1/30 0:00,0.7147197999999999,1.7874000000000003,0.719062,0.658111,0.12081660000000001,0.0102576,0.658111,0.6415
1995/1/31 0:00,0.7164598,1.78399,0.719269,0.664231,0.12081659999999998,0.0102576,0.659196,0.6421
1995/2/1 0:00,0.7008198,1.78399,0.720098,0.661376,0.1208172,0.009557800000000002,0.658979,0.6435
1995/2/2 0:00,0.6953498,1.78399,0.716794,0.659413,0.1208178,0.0095578,0.661594,0.6443
1995/2/3 0:00,0.7222297999999999,1.7876,0.717412,0.654879,0.1208164,0.0102576,0.66357,0.6403
1995/2/4 0:00,0.7155598,1.7876,0.716589,0.659413,0.1208164,0.0102214,0.667557,0.6403
1995/2/5 0:00,0.6953498,1.77941,0.716949,0.667646,0.1208178,0.008829600000000002,0.669031,0.647
1995/2/6 0:00,0.6953498,1.78399,0.718546,0.666844,0.1208178,0.008829600000000002,0.669344,0.6465
1995/2/7 0:00,0.6953498,1.78399,0.716794,0.672269,0.1208178,0.0088296,0.669344,0.646
1995/2/8 0:00,0.7012997999999999,1.78399,0.718546,0.668226,0.1208172,0.009883800000000002,0.659196,0.6435
1995/2/9 0:00,0.7086098,1.78399,0.720565,0.674172,0.12070539999999999,0.009927,0.655093,0.6433
1995/2/10 0:00,0.7345,1.80355,0.719942,0.671637,0.12081539999999999,0.0102334,0.660066,0.6385
1995/2/11 0:00,0.7265,1.80182,0.722282,0.664011,0.1208158,0.0101986,0.659631,0.6335
1995/2/12 0:00,0.7258,1.6796748000000001,0.7227,0.791667,0.1238598,0.0099774,0.658979,0.6342
1995/2/13 0:00,0.7321,1.693694,0.721605,0.7568271999999999,0.1183276,0.0099344,0.658328,0.6378
1995/2/14 0:00,0.7308,1.6792539999999998,0.72338,0.7853703999999999,0.11922599999999998,0.009942,0.660066,0.6361
1995/2/15 0:00,0.73,1.6792539999999998,0.722282,0.7600068,0.119079,0.009942000000000001,0.665336,0.636
1995/2/16 0:00,0.727,1.8005499999999999,0.721917,0.676865,0.1207036,0.010226599999999999,0.66357,0.6358
1995/2/17 0:00,0.72,1.80182,0.718391,0.67981,0.120592,0.010198599999999999,0.6606088,0.633
1995/2/18 0:00,0.7215,1.74013,0.717618,0.682035,0.12047680000000001,0.0102334,0.6588141999999999,0.634
1995/2/19 0:00,0.7199,1.68878,0.718288,0.689941,0.12059,0.0102334,0.6543053999999999,0.636
1995/2/20 0:00,0.7165,1.76829,0.718701,0.690608,0.1207052,0.0101986,0.6508682,0.6337
1995/2/21 0:00,0.7163,1.6887800000000002,0.720046,0.68526,0.12059020000000001,0.0102334,0.6631819999999999,0.6363
1995/2/22 0:00,0.7165,1.76829,0.718856,0.681896,0.1208174,0.010198599999999999,0.6578196000000001,0.6305
1995/2/23 0:00,0.7203,1.74013,0.719321,0.685495,0.120244,0.0101986,0.6588142,0.6335
1995/2/24 0:00,0.7195,1.74013,0.719942,0.679071,0.120252,0.010226599999999999,0.6606088,0.6347
1995/2/25 0:00,0.7195,1.74313,0.719269,0.678196,0.120259,0.0102334,0.6698386,0.636
1995/2/26 0:00,0.7206,1.69056,0.720721,0.684885,0.120263,0.010112,0.668044,0.6385
1995/2/27 0:00,0.7255,1.63932,0.722439,0.685965,0.120265,0.009871399999999999,0.6887519999999999,0.6413
1995/2/28 0:00,0.7227,1.63932,0.722596,0.688231,0.120265,0.009871399999999999,0.6813182,0.6412
1995/3/1 0:00,0.719,1.74313,0.722126,0.68918,0.120262,0.010112,0.6716412,0.6375
1995/3/2 0:00,0.725,1.69056,0.72338,0.68738,0.120266,0.009950400000000002,0.6635352,0.6398
1995/3/3 0:00,0.728,1.58761,0.725111,0.68451,0.1205394,0.009871399999999999,0.6937878,0.6425
1995/3/4 0:00,0.7283,1.58761,0.727431,0.686813,0.1204828,0.009861600000000002,0.6805201999999999,0.6427
1995/3/5 0:00,0.7275,1.5888499999999999,0.729235,0.690084,0.120651,0.0098548,0.668571,0.6415
1995/3/6 0:00,0.7235,1.8092399999999997,0.728969,0.688658,0.1207066,0.010226599999999999,0.64612,0.637
1995/3/7 0:00,0.725,1.81148,0.728332,0.692041,0.12070840000000001,0.010226599999999999,0.641026,0.641
1995/3/8 0:00,0.7285,1.8077399999999997,0.728491,0.691802,0.12081819999999999,0.010226599999999999,0.64288,0.6415
1995/3/9 0:00,0.7356,1.80562,0.727431,0.686766,0.1208188,0.0084604,0.652742,0.6443
1995/3/10 0:00,0.736,1.81253,0.7249,0.686248,0.1208178,0.0084604,0.650195,0.646
1995/3/11 0:00,0.7364,1.81253,0.723275,0.684229,0.1208178,0.0084604,0.647878,0.6459
1995/3/12 0:00,0.7325,1.5972899999999999,0.721241,0.685871,0.12053939999999999,0.009848200000000001,0.6842934,0.6445
1995/3/13 0:00,0.7386,1.6544900000000002,0.720981,0.686907,0.1206486,0.009848200000000001,0.6842934,0.645
1995/3/14 0:00,0.7325,1.6394000000000002,0.721501,0.677736,0.12064940000000002,0.009871399999999999,0.6597778,0.6412
1995/3/15 0:00,0.7295,1.6394000000000002,0.722022,0.678794,0.12064940000000002,0.009871399999999999,0.6604786,0.641
1995/3/16 0:00,0.723,1.68878,0.719942,0.671817,0.1207036,0.0102334,0.6604348,0.6365
1995/3/17 0:00,0.706,1.71386,0.718649,0.675995,0.1208164,0.0101646,0.6509586,0.6255
1995/3/18 0:00,0.7015,1.7014760000000002,0.719683,0.8187854,0.124959,0.0101326,0.631679,0.6225
1995/3/19 0:00,0.7,1.6347,0.718391,0.812013,0.1241478,0.010172200000000001,0.6317798,0.621
1995/3/20 0:00,0.691,1.6548,0.715256,0.8116926,0.1250616,0.010172200000000001,0.631038,0.6233
1995/3/21 0:00,0.7025,1.6756,0.709723,0.8328574,0.1224608,0.0101218,0.6319868,0.627
1995/3/22 0:00,0.704,1.6721,0.713521,0.8438155999999999,0.12245979999999998,0.0100968,0.6319868,0.6265
1995/3/23 0:00,0.7008,1.6655,0.71048,0.8155408,0.12494540000000001,0.0100968,0.6306684,0.6235
1995/3/24 0:00,0.703,1.6885359999999998,0.70927,0.8187854,0.124959,0.0101008,0.631679,0.6225
1995/3/25 0:00,0.712,1.781102,0.710985,0.8030508,0.1247274,0.010217799999999999,0.6310336,0.6328
1995/3/26 0:00,0.7045,1.7441,0.712301,0.8260788,0.12826479999999998,0.0100968,0.6258364,0.6268
1995/3/27 0:00,0.703,1.7459099999999999,0.714031,0.8031024,0.1240356,0.0100968,0.6282652000000001,0.625
1995/3/28 0:00,0.6978,1.76218,0.713012,0.8028299999999999,0.1239808,0.0100968,0.6277826,0.6245
1995/3/29 0:00,0.694,1.76218,0.709471,0.7933283999999999,0.12474460000000001,0.0101008,0.6246894,0.624
1995/3/30 0:00,0.697,1.7441,0.710682,0.8260788,0.1274656,0.0101124,0.6258364000000001,0.6275
1995/3/31 0:00,0.6935,1.76218,0.709723,0.8028299999999999,0.1239808,0.0101008,0.6277826,0.6245
1995/4/1 0:00,0.6962,1.7434,0.710126,0.8006831999999999,0.1240386,0.010100799999999998,0.6293673999999999,0.6255
1995/4/2 0:00,0.696,1.76218,0.707864,0.8028299999999999,0.1239808,0.010142,0.6277826,0.6245
1995/4/3 0:00,0.6989,1.7441,0.706764,0.8260788,0.1274656,0.0102088,0.6258364000000001,0.6274
1995/4/4 0:00,0.699,1.7116004,0.706964,0.8356904,0.1274666,0.0102088,0.6278842,0.628
1995/4/5 0:00,0.6892,1.724726,0.706464,0.8126773999999999,0.12495,0.009225599999999999,0.6313134,0.622
1995/4/6 0:00,0.6882,1.721656,0.70373,0.8342444,0.12839899999999999,0.008286199999999999,0.6317798,0.6207
1995/4/7 0:00,0.699,1.7434,0.705716,0.8006831999999999,0.1240386,0.0102088,0.6293673999999999,0.6255
1995/4/8 0:00,0.6938,1.724726,0.70373,0.8048016,0.1249098,0.009241599999999999,0.62858,0.6233
1995/4/9 0:00,0.6865,1.709056,0.705219,0.8450336,0.12497559999999999,0.0077897999999999995,0.6315398,0.619
1995/4/10 0:00,0.6835,1.709056,0.702001,0.8330829999999999,0.1292668,0.007843,0.62862,0.6182
1995/4/11 0:00,0.6825,1.7393,0.702001,0.8129448,0.129129,0.007828,0.624172,0.6164
1995/4/12 0:00,0.677,1.7427800000000002,0.702001,0.7892786,0.1290142,0.007743,0.6199464000000001,0.6092
1995/4/13 0:00,0.677,1.75259,0.703334,0.7894642,0.1274514,0.007766,0.618131,0.6067
1995/4/14 0:00,0.676,1.7526474,0.705219,0.7825070000000001,0.1273416,0.007769,0.6348459999999999,0.605
1995/4/15 0:00,0.6732,1.7570799999999998,0.702889,0.8126660000000001,0.1274562,0.007728,0.619579,0.6027
1995/4/16 0:00,0.6712,1.76032,0.702741,0.766928,0.120812,0.00768,0.618429,0.6
1995/4/17 0:00,0.6705,1.7538774,0.703087,0.7339164,0.120812,0.007663,0.61862,0.5986
1995/4/18 0:00,0.6675,1.7538774,0.703037,0.7339164,0.1208096,0.007704,0.615006,0.597
1995/4/19 0:00,0.6665,1.7538774,0.702149,0.766928,0.12158419999999999,0.007747,0.617475,0.6
1995/4/20 0:00,0.76978,1.75674,0.702198,0.697593,0.1769748,0.0076128,0.61237,0.5955
1995/4/21 0:00,0.7720999999999999,1.9523599999999999,0.703829,0.697691,0.16293459999999998,0.007567199999999999,0.5793536,0.596
1995/4/22 0:00,0.7777999999999999,1.85392,0.703631,0.699056,0.1889486,0.007413199999999999,0.5729164,0.591
1995/4/23 0:00,0.77444,1.5223799999999998,0.702395,0.693722,0.1966264,0.0084388,0.5648498,0.579
1995/4/24 0:00,0.77288,1.58224,0.70279,0.697204,0.19036080000000002,0.007302199999999999,0.5744368,0.587
1995/4/25 0:00,0.77536,1.6976600000000002,0.702001,0.694734,0.18853820000000002,0.007241600000000001,0.5697578,0.5843
1995/4/26 0:00,0.74226,1.5343200000000001,0.697934,0.700378,0.1868772,0.008022600000000001,0.5962289999999999,0.581
1995/4/27 0:00,0.7748,1.56538,0.697107,0.69541,0.1966264,0.008439400000000001,0.5648498,0.5788
1995/4/28 0:00,0.77508,1.62314,0.696185,0.697447,0.187583,0.007421800000000001,0.5679128,0.5835
1995/4/29 0:00,0.7758800000000001,1.6237400000000002,0.696621,0.697058,0.1885716,0.007689,0.5720881999999999,0.5848
1995/4/30 0:00,0.77536,1.62314,0.696573,0.697253,0.1882894,0.007675,0.5697578,0.584
1995/5/1 0:00,0.77536,1.65136,0.694541,0.690894,0.187903,0.007689,0.5679128,0.5835
1995/5/2 0:00,0.7567,1.5221799999999999,0.696136,0.686907,0.1870018,0.007689,0.5654532000000001,0.5823
1995/5/3 0:00,0.6702199999999999,1.48362,0.699888,0.684463,0.18687720000000002,0.007666,0.5642736,0.5803
1995/5/4 0:00,0.66942,1.4862,0.701508,0.681663,0.1599012,0.007553,0.5632062,0.577
1995/5/5 0:00,0.66586,1.49668,0.701066,0.675539,0.185871,0.007463,0.5663286000000001,0.569
1995/5/6 0:00,0.65068,1.4938600000000002,0.698812,0.676133,0.171584,0.007469,0.5719094,0.5655
1995/5/7 0:00,0.76655,1.52867,0.8731096,0.677277,0.1855608,0.007593,0.5979022,0.5692
1995/5/8 0:00,0.79516,1.49566,0.8831336000000001,0.678794,0.18550840000000002,0.007548,0.5858954,0.5668
1995/5/9 0:00,0.78008,1.6405619999999999,0.8749688000000001,0.677369,0.1861168,0.007603,0.5895632,0.5725
1995/5/10 0:00,0.77199,1.5625120000000001,0.8646128000000001,0.678242,0.17813840000000003,0.007528,0.6180266000000001,0.5705
1995/5/11 0:00,0.78136,1.68614,0.8743865999999999,0.677277,0.1861128,0.007592,0.5910984,0.573
1995/5/12 0:00,0.7588,1.53928,0.8553388,0.6744,0.19626500000000002,0.007609,0.5508254000000001,0.577
1995/5/13 0:00,0.7002200000000001,1.57014,0.7939882,0.669658,0.1469848,0.007668,0.5379796,0.5787
1995/5/14 0:00,0.77342,1.68874,0.8354842,0.66778,0.18824159999999998,0.007759,0.5355072,0.5883
1995/5/15 0:00,0.7761199999999999,1.6840502000000002,0.8642742,0.667423,0.1801624,0.007764,0.5977856,0.585
1995/5/16 0:00,0.7648199999999999,1.67822,0.8439304,0.672902,0.18651219999999996,0.007843,0.5811358,0.5815
1995/5/17 0:00,0.7850199999999999,1.69854,0.8742156,0.680226,0.186239,0.00786,0.558866,0.5822
1995/5/18 0:00,0.7718,1.6525199999999998,0.866951,0.692089,0.17869279999999998,0.00795,0.5744261999999999,0.581
1995/5/19 0:00,0.7827000000000001,1.6561102,0.857948,0.685636,0.18886599999999998,0.007896,0.5765646,0.586
1995/5/20 0:00,0.77484,1.85792,0.8446691999999999,0.68975,0.181778,0.007935,0.5916889999999999,0.5933
1995/5/21 0:00,0.77822,1.85792,0.8196942,0.683854,0.18212159999999997,0.007983,0.5929228,0.594
1995/5/22 0:00,0.75796,1.6969400000000001,0.8353720000000001,0.681524,0.1745988,0.007976,0.5446915999999999,0.588
1995/5/23 0:00,0.77796,1.6955599999999997,0.8662335999999999,0.674764,0.1899626,0.007868,0.5744368,0.5865
1995/5/24 0:00,0.7781,1.6496,0.8414110000000001,0.678887,0.18081419999999998,0.007896,0.5950941999999999,0.5915
1995/5/25 0:00,0.77796,1.6659102000000001,0.8680894,0.680782,0.18996259999999995,0.007935,0.5765646,0.5863
1995/5/26 0:00,0.7809600000000001,1.6866600000000003,0.846198,0.685401,0.1880662,0.008079,0.5519383999999999,0.5875
1995/5/27 0:00,0.77796,1.6659102000000001,0.8680893999999999,0.690942,0.18996259999999995,0.00811,0.5765646,0.5863
1995/5/28 0:00,0.7850199999999999,1.69854,0.8414442,0.687002,0.18614719999999998,0.008048,0.558866,0.5823
1995/5/29 0:00,0.76754,1.7327000000000001,0.879865,0.682454,0.1734832,0.008046,0.5807432,0.5837
1995/5/30 0:00,0.6814,1.6187201999999998,0.7616358,0.682594,0.18782939999999998,0.008099,0.6570396,0.591
1995/5/31 0:00,0.678,1.4885701999999998,0.7298518,0.683387,0.1876258,0.008095,0.588127,0.587
1995/6/1 0:00,0.677,1.4885701999999998,0.728408,0.68918,0.1789584,0.008079,0.588127,0.5842
1995/6/2 0:00,0.6725,1.4885701999999998,0.7312452,0.682361,0.1870018,0.007976,0.5654532000000001,0.5824
1995/6/3 0:00,0.6685,1.48362,0.7166437999999999,0.678841,0.18687720000000002,0.007882,0.5648498,0.5795
1995/6/4 0:00,0.6702,1.48362,0.7207762,0.680735,0.1735872,0.007915,0.5648498,0.5793
1995/6/5 0:00,0.676,1.4885701999999998,0.7321365999999999,0.679579,0.16590480000000002,0.007921,0.588127,0.5852
1995/6/6 0:00,0.6716,1.48362,0.7207762,0.680041,0.1734478,0.007829,0.5638982,0.5786
1995/6/7 0:00,0.667,1.48156,0.7329916,0.68937,0.120337,0.007757,0.5838446,0.576
1995/6/8 0:00,0.6659,1.47978,0.7329916,0.687805,0.120337,0.007803,0.5838446,0.5762
1995/6/9 0:00,0.6655,1.48156,0.7272544,0.682454,0.120351,0.007775,0.5838446,0.5761
1995/6/10 0:00,0.6713,1.4871599999999998,0.7207762,0.682361,0.120337,0.0091218,0.592454,0.5772
1995/6/11 0:00,0.6785,1.48362,0.7025433999999999,0.682035,0.120337,0.0079714,0.6168007999999999,0.584
1995/6/12 0:00,0.6825,1.65167,0.7011499999999999,0.682128,0.120337,0.008026999999999998,0.6168007999999999,0.5875
1995/6/13 0:00,0.6796,1.65167,0.7037046,0.68055,0.120337,0.0079946,0.6178218,0.587
1995/6/14 0:00,0.6745,1.48362,0.707656,0.677048,0.120337,0.007893599999999997,0.6178218,0.583
1995/6/15 0:00,0.668,1.48362,0.707878,0.673809,0.12035,0.009125399999999999,0.5924539999999999,0.579
1995/6/16 0:00,0.6675,1.48362,0.7189086,0.669389,0.120221,0.009137200000000002,0.5924539999999999,0.578
1995/6/17 0:00,0.6672,1.48362,0.707064,0.668896,0.120337,0.009137200000000002,0.6091664,0.5796
1995/6/18 0:00,0.668,1.48362,0.707214,0.670466,0.120337,0.0077804,0.6178218,0.5832
1995/6/19 0:00,0.667,1.48362,0.71048,0.669792,0.120337,0.009137200000000002,0.6005256000000001,0.5785
1995/6/20 0:00,0.6695,1.48362,0.708567,0.673265,0.120337,0.008782599999999998,0.6178218,0.5807
1995/6/21 0:00,0.676,1.53742,0.70922,0.677277,0.120337,0.007911999999999999,0.6178218,0.5862
1995/6/22 0:00,0.67,1.48362,0.707314,0.674536,0.120773,0.0081424,0.6178218,0.5825
1995/6/23 0:00,0.6716,1.48362,0.705965,0.676224,0.120337,0.007766999999999999,0.5720881999999999,0.5823
1995/6/24 0:00,0.6539400000000001,1.4938600000000002,0.704771,0.670916,0.120337,0.0087966,0.5967492,0.566
1995/6/25 0:00,0.65068,1.49456,0.705219,0.669389,0.120337,0.0088044,0.575519,0.5633
1995/6/26 0:00,0.65068,1.49456,0.705119,0.666978,0.120337,0.0088044,0.5756408000000001,0.563
1995/6/27 0:00,0.6509400000000001,1.49448,0.703235,0.671051,0.120337,0.008751600000000002,0.5947058000000001,0.561
1995/6/28 0:00,0.65068,1.4908,0.704325,0.671141,0.120337,0.0088876,0.5756408000000001,0.5622
1995/6/29 0:00,0.65234,1.49456,0.709069,0.669344,0.120337,0.0088044,0.575519,0.5626
1995/6/30 0:00,0.6539400000000001,1.49456,0.708215,0.671366,0.120337,0.0088044,0.575519,0.5637
1995/7/1 0:00,0.64964,1.49596,0.706864,0.667913,0.120337,0.008778600000000001,0.575056,0.562
1995/7/2 0:00,0.65166,1.49394,0.702988,0.657462,0.120337,0.0083418,0.5811331999999999,0.5536
1995/7/3 0:00,0.6516599999999999,1.4941600000000002,0.705219,0.655953,0.14165,0.0083418,0.571676,0.5524
1995/7/4 0:00,0.5984900000000001,1.49026,0.705467,0.6852088000000001,0.15639759999999997,0.0083372,0.5725058,0.549
1995/7/5 0:00,0.59849,1.49026,0.704473,0.6738088000000001,0.15639759999999997,0.008357600000000001,0.573728,0.5493
1995/7/6 0:00,0.5991100000000001,1.49266,0.70373,0.6832068,0.1567188,0.008898,0.6116242,0.5512
1995/7/7 0:00,0.59785,1.48835,0.70497,0.726868,0.1618928,0.008925800000000001,0.6130898,0.5502
1995/7/8 0:00,0.59955,1.48674,0.703087,0.7062138000000001,0.14105499999999999,0.008332200000000001,0.5671548,0.5485
1995/7/9 0:00,0.59955,1.5203855999999998,0.701951,0.7361174,0.14105499999999999,0.008842599999999999,0.5895484000000001,0.548
1995/7/10 0:00,0.6101000000000001,1.49571,0.701705,0.7408568,0.15145619999999999,0.008858999999999999,0.5890846,0.5525
1995/7/11 0:00,0.6565,1.500069,0.700967,0.6753226,0.15119500000000002,0.0093828,0.6237039999999999,0.5536
1995/7/12 0:00,0.6553,1.49571,0.698324,0.7256680000000001,0.1567188,0.0094094,0.6019760000000001,0.552
1995/7/13 0:00,0.647,1.49084,0.697107,0.6748188,0.1723584,0.0079912,0.627353,0.549
1995/7/14 0:00,0.649,1.4927599999999999,0.694686,0.6869012000000001,0.1720972,0.0085312,0.625782,0.5518
1995/7/15 0:00,0.65,1.49394,0.695943,0.6843394,0.1720972,0.0087102,0.62383,0.5533
1995/7/16 0:00,0.649,1.49622,0.699545,0.6824558000000001,0.17186600000000002,0.0089504,0.624025,0.558
1995/7/17 0:00,0.6455,1.4909,0.70028,0.6820594,0.1615362,0.0086384,0.62422,0.5545
1995/7/18 0:00,0.6487,1.49252,0.698812,0.7075556000000001,0.1717496,0.0089504,0.626566,0.5597
1995/7/19 0:00,0.6515,1.49626,0.697983,0.698401,0.1718086,0.0089504,0.629802,0.5593
1995/7/20 0:00,0.6535,1.4893399999999999,0.697107,0.6852,0.1488762,0.0086514,0.628536,0.5615
1995/7/21 0:00,0.6507,1.49626,0.696379,0.705585,0.1717496,0.0089504,0.628536,0.5595
1995/7/22 0:00,0.6473,1.49326,0.695169,0.6829584,0.171836,0.0087102,0.625,0.5539
1995/7/23 0:00,0.644,1.4923,0.694927,0.6832068,0.1720972,0.0085662,0.627943,0.5513
1995/7/24 0:00,0.6485,1.49394,0.695604,0.696231,0.1720972,0.0087458,0.629525,0.553
1995/7/25 0:00,0.652,1.4865000000000002,0.699203,0.696436,0.1718658,0.0086384,0.630915,0.5555
1995/7/26 0:00,0.652,1.4865,0.69735,0.696436,0.1718658,0.0086384,0.631313,0.5552
1995/7/27 0:00,0.645,1.49394,0.696864,0.6819166000000001,0.161827,0.0086384,0.632511,0.5535
1995/7/28 0:00,0.6412,1.49526,0.694927,0.6757482,0.1720972,0.0087458,0.630915,0.5515
1995/7/29 0:00,0.637,1.5054400000000001,0.694879,0.7286332000000001,0.1753552,0.0078954,0.619579,0.545
1995/7/30 0:00,0.6373,1.51144,0.694444,0.7224326,0.173411,0.008487,0.614439,0.5437
1995/7/31 0:00,0.6355,1.50724,0.69604,0.7286332,0.17334480000000002,0.0080864,0.617665,0.5448
1995/8/1 0:00,0.6371,1.5922933999999997,0.697593,0.7188972,0.1525696,0.0087264,0.615195,0.541
1995/8/2 0:00,0.633,1.6347,0.698178,0.7590024,0.1836102,0.0079304,0.6194834,0.5365
1995/8/3 0:00,0.6276,1.6308,0.692137,0.7944784,0.1480926,0.009781799999999998,0.6360619999999999,0.5345
1995/8/4 0:00,0.627,1.6306,0.690608,0.8366092,0.1357124,0.0098872,0.6260937999999999,0.533
1995/8/5 0:00,0.627,1.6278,0.689275,0.7944784,0.160664,0.009673600000000001,0.6360620000000001,0.5352
1995/8/6 0:00,0.6221,1.6235,0.689798,0.8433598000000002,0.1308158,0.0094194,0.609688,0.5324
1995/8/7 0:00,0.6236,1.6232,0.68956,0.8241060000000001,0.1310006,0.0099874,0.6395339999999999,0.5312
1995/8/8 0:00,0.6255,1.6332,0.68975,0.8437488,0.1308158,0.0094194,0.609688,0.5323
1995/8/9 0:00,0.6304,1.6305,0.690846,0.7825878,0.120337,0.008412,0.5921749999999999,0.535
1995/8/10 0:00,0.6315,1.6318,0.689845,0.7825878,0.120337,0.008419,0.592733,0.5355
1995/8/11 0:00,0.6225,1.6365,0.687332,0.7259598,0.120337,0.008968799999999999,0.60423,0.5335
1995/8/12 0:00,0.6215,1.6322,0.686436,0.7268550000000001,0.120337,0.008617799999999998,0.60006,0.533
1995/8/13 0:00,0.6219,1.6277,0.687002,0.6859432,0.120337,0.0082896,0.596837,0.5325
1995/8/14 0:00,0.626,1.6308,0.686295,0.7181362,0.120337,0.008845599999999999,0.596837,0.5358
1995/8/15 0:00,0.615,1.6392,0.686436,0.701026,0.120337,0.0080374,0.589275,0.528
1995/8/16 0:00,0.6145,1.6388,0.687616,0.7033346,0.120337,0.007348200000000001,0.595238,0.5235
1995/8/17 0:00,0.6115,1.6385,0.688231,0.701026,0.120337,0.0078498,0.597015,0.5245
1995/8/18 0:00,0.611,1.6395,0.686907,0.7033346,0.120337,0.0071497999999999996,0.592768,0.5245
1995/8/19 0:00,0.6005,1.6351,0.685589,0.7156504,0.120337,0.0073338,0.587372,0.513
1995/8/20 0:00,0.5995,1.6324,0.685307,0.7093688,0.120337,0.0075654,0.583942,0.509
1995/8/21 0:00,0.5955,1.6347,0.684838,0.7093687999999999,0.120337,0.0075284,0.583499,0.508
1995/8/22 0:00,0.587,1.6277,0.68171,0.7177032000000001,0.120337,0.0082236,0.573066,0.496
1995/8/23 0:00,0.5867,1.6292,0.680226,0.7186934,0.120337,0.008251,0.573066,0.4973
1995/8/24 0:00,0.5925,1.6315,0.680967,0.7129576,0.120337,0.00825,0.572574,0.5013
1995/8/25 0:00,0.5894,1.6315,0.678426,0.7177032000000001,0.120337,0.0082236,0.570939,0.496
1995/8/26 0:00,0.5925,1.6525,0.679902,0.7177032000000001,0.120337,0.0082236,0.575871,0.4963
1995/8/27 0:00,0.6081,1.662,0.683293,0.7225384000000001,0.120337,0.007342400000000001,0.598623,0.5173
1995/8/28 0:00,0.6067,1.6705,0.680735,0.7276733999999999,0.120337,0.007342400000000001,0.597015,0.5175
1995/8/29 0:00,0.627,1.6735,0.680504,0.7441305999999999,0.120337,0.0083074,0.622278,0.5298
1995/8/30 0:00,0.611,1.672,0.679671,0.7407454,0.120337,0.0077002,0.605327,0.5176
1995/8/31 0:00,0.651023,1.6641,0.680365,0.7013106,0.141657,0.008931999999999999,0.605327,0.5085
1995/9/1 0:00,0.6465956,1.6683,0.680272,0.6688544000000001,0.12063019999999999,0.0087434,0.60241,0.5166
1995/9/2 0:00,0.6409292000000001,1.6722,0.681756,0.67522,0.12070560000000001,0.0082856,0.599341,0.5139
1995/9/3 0:00,0.6524776,1.6244182000000003,0.680596,0.6941406,0.1521206,0.0086952,0.591191,0.506
1995/9/4 0:00,0.6412,1.6087046,0.679302,0.7075674,0.1521206,0.008250799999999999,0.582072,0.5063
1995/9/5 0:00,0.631175,1.6516865999999997,0.679486,0.7041582,0.12080380000000002,0.008387,0.593824,0.52
1995/9/6 0:00,0.6579182,1.5790764,0.682221,0.6923166000000001,0.1519564,0.008320600000000001,0.591716,0.5175
1995/9/7 0:00,0.6637702,1.5524466,0.680921,0.6772362000000001,0.1627,0.00707,0.58651,0.5125
1995/9/8 0:00,0.626964,1.6357962000000001,0.681431,0.6999088,0.1208044,0.007176,0.587544,0.5195
1995/9/9 0:00,0.6579316000000001,1.5851661999999997,0.678887,0.6906478,0.14157360000000002,0.007134,0.58326,0.516
1995/9/10 0:00,0.623268,1.6533297999999998,0.678794,0.7153713999999999,0.1208024,0.007206,0.590842,0.5205
1995/9/11 0:00,0.6795248,1.5100303999999998,0.788787,0.6659556,0.16155219999999998,0.007163,0.585309,0.5166
1995/9/12 0:00,0.6751,1.5282466000000001,0.787968,0.6665978,0.17315340000000004,0.008048600000000001,0.582072,0.5128
1995/9/13 0:00,0.6764142,1.5164372,0.7898562,0.6808862,0.1617694,0.0080466,0.578536,0.514
1995/9/14 0:00,0.6873400000000001,1.5479068,0.7860442000000001,0.6781301999999999,0.17315960000000002,0.008059,0.581903,0.5173
1995/9/15 0:00,0.6800782,1.5387772000000002,0.7707374000000001,0.7005914000000001,0.15476879999999998,0.0081958,0.592242,0.5255
1995/9/16 0:00,0.6577568,1.6063020000000001,0.7741912000000001,0.7025498,0.14299040000000002,0.008196,0.589275,0.5225
1995/9/17 0:00,0.6541165999999999,1.6134936,0.6639952000000001,0.6814096000000001,0.1208016,0.008248599999999998,0.592417,0.5267
1995/9/18 0:00,0.6520846,1.6086867999999999,0.6623897999999999,0.6776962,0.1208118,0.0082736,0.584795,0.527
1995/9/19 0:00,0.6520846,1.6086867999999999,0.6671273999999999,0.6776962000000001,0.1208118,0.0082736,0.588235,0.527
1995/9/20 0:00,0.6800782,1.5387772000000002,0.7707374000000001,0.6831906000000001,0.15476879999999998,0.0081958,0.584795,0.5251
1995/9/21 0:00,0.636668,1.6533297999999998,0.7261644,0.7153714000000001,0.1324316,0.0078696,0.584624,0.5206
1995/9/22 0:00,0.68666,1.5417068,0.7858476,0.6756462,0.1735762,0.0080648,0.584112,0.517
1995/9/23 0:00,0.6419440000000001,1.6336697999999998,0.7434696000000001,0.6842872,0.1305368,0.0080486,0.584454,0.5195
1995/9/24 0:00,0.6640682000000001,1.4975608,0.7848383999999999,0.6781024,0.16269879999999998,0.008083199999999999,0.581058,0.511
1995/9/25 0:00,0.6833400000000001,1.5281002000000001,0.7898214,0.6803640000000001,0.1730368,0.008046600000000001,0.585309,0.5138
1995/9/26 0:00,0.6832800000000001,1.5180896000000002,0.7901852,0.6786584,0.1731728,0.008052400000000001,0.582411,0.5135
1995/9/27 0:00,0.6873400000000001,1.5523068,0.7860441999999999,0.6781301999999999,0.17327940000000003,0.008059,0.582411,0.5173
1995/9/28 0:00,0.6655681999999999,1.4973607999999998,0.7848383999999999,0.6754285999999999,0.16243080000000001,0.008077999999999998,0.578704,0.5115
1995/9/29 0:00,0.67252,1.4846608,0.7849758,0.700815,0.1731158,0.008083200000000002,0.577034,0.5095
1995/9/30 0:00,0.6832800000000001,1.5252896,0.7901852,0.6786584,0.1731728,0.008052400000000001,0.578704,0.5135
1995/10/1 0:00,0.6762848,1.5100304,0.7871781999999999,0.6727778,0.16307100000000002,0.0080602,0.57971,0.5165
1995/10/2 0:00,0.6832800000000001,1.5180896000000002,0.7901852,0.6786584,0.1731728,0.008052399999999998,0.573723,0.5135
1995/10/3 0:00,0.67252,1.4846608,0.7887304,0.7008150000000001,0.1731158,0.0081562,0.570613,0.509
1995/10/4 0:00,0.67038,1.5168608000000001,0.7860602,0.7108593999999999,0.1729216,0.0081256,0.568666,0.5069
1995/10/5 0:00,0.6224200000000001,1.5895864,0.6858826,0.7002354,0.12077199999999999,0.0089338,0.567666,0.5013
1995/10/6 0:00,0.62242,1.5973908,0.7048091999999999,0.7084138,0.1312178,0.0089338,0.570613,0.5027
1995/10/7 0:00,0.63834,1.5973907999999999,0.7040554,0.7084138,0.1416926,0.0089338,0.571919,0.5038
1995/10/8 0:00,0.6548800000000001,1.5973908,0.7048091999999999,0.7084138,0.1416926,0.0086534,0.569152,0.5038
1995/10/9 0:00,0.6548800000000001,1.5973907999999999,0.7048091999999999,0.7084138,0.141786,0.0086534,0.566893,0.5038
1995/10/10 0:00,0.6388800000000001,1.5895864,0.7060378,0.7084138,0.14178600000000002,0.0086534,0.566412,0.5027
1995/10/11 0:00,0.6548800000000001,1.5973908,0.7048091999999999,0.7084138,0.1416926,0.0086534,0.569152,0.5038
1995/10/12 0:00,0.58962,1.5862399999999999,0.682503,0.7186934,0.12078219999999999,0.008995,0.571102,0.4985
1995/10/13 0:00,0.57594,1.5780668,0.6721974,0.6725092,0.1207906,0.0086968,0.565771,0.4925
1995/10/14 0:00,0.57169,1.5811906,0.6720006,0.6722368000000001,0.1207828,0.0091118,0.565931,0.491
1995/10/15 0:00,0.5712300000000001,1.5811906,0.6774273999999999,0.6652636000000001,0.12077020000000001,0.0090908,0.563539,0.4912
1995/10/16 0:00,0.57121,1.572037,0.672601,0.6527434,0.1207908,0.008797000000000001,0.563698,0.4885
1995/10/17 0:00,0.5658099999999999,1.5740542000000002,0.6768662,0.6658660000000001,0.12077939999999998,0.0090128,0.565291,0.4838
1995/10/18 0:00,0.5712299999999999,1.5769602,0.6801852,0.685014,0.12078839999999999,0.0089748,0.56338,0.4928
1995/10/19 0:00,0.58962,1.583599,0.6784122,0.693626,0.1207732,0.0095308,0.56338,0.495
1995/10/20 0:00,0.6406799999999999,1.53552,0.7247464,0.694203,0.1518888,0.008357199999999999,0.581734,0.5073
1995/10/21 0:00,0.6480674000000001,1.6104386000000002,0.7026298,0.692041,0.1416926,0.0086534,0.5686864,0.5035
1995/10/22 0:00,0.5995238,1.5985863999999999,0.6855895999999999,0.704573,0.12069300000000001,0.0084206,0.5664264,0.5005
1995/10/23 0:00,0.6605115999999999,1.6422118,0.7016618,0.701656,0.15209080000000003,0.0081256,0.5854538,0.5062
1995/10/24 0:00,0.6548461999999999,1.5388192,0.7445626,0.708065,0.1625476,0.008105600000000001,0.5792978,0.5097
1995/10/25 0:00,0.6447206,1.6446288,0.6820815999999998,0.705965,0.151736,0.0081152,0.5855224,0.5075
1995/10/26 0:00,0.6832064,1.5027304,0.79191,0.719166,0.1720692,0.007859399999999999,0.5812722,0.5155
1995/10/27 0:00,0.68612,1.5479696,0.7678692,0.711896,0.1731728,0.0081102,0.5838976,0.5136
1995/10/28 0:00,0.68586,1.5707696,0.7668958,0.717103,0.1723852,0.0081028,0.5848602,0.514
1995/10/29 0:00,0.6447206,1.6446288,0.6820816,0.716589,0.1518888,0.0081152,0.5855224,0.5075
1995/10/30 0:00,0.6548461999999999,1.5413999999999999,0.7260212,0.722022,0.15173600000000004,0.008105600000000001,0.5810196,0.5093
1995/10/31 0:00,0.6480674,1.6192822,0.7026298,0.719424,0.1416926,0.0086534,0.5686863999999999,0.504
1995/11/1 0:00,0.6000038,1.5985863999999999,0.6855895999999999,0.724375,0.12069300000000001,0.0084206,0.5720479999999999,0.5005
1995/11/2 0:00,0.6079632,1.6135718000000001,0.6792768,0.719683,0.12051319999999999,0.008721600000000001,0.574884,0.496
1995/11/3 0:00,0.6325426000000001,1.6021893999999999,0.6786011999999999,0.716589,0.1207712,0.009339400000000001,0.5836392,0.4905
1995/11/4 0:00,0.634549,1.5923602000000001,0.687683,0.720461,0.1206998,0.008982599999999999,0.5847044,0.4939
1995/11/5 0:00,0.5989038,1.6071548,0.6826500000000001,0.724375,0.12059060000000002,0.0089458,0.5765884,0.4968
1995/11/6 0:00,0.6324672,1.5984492,0.6878692000000001,0.719424,0.12078320000000001,0.009018,0.5841108,0.4935
1995/11/7 0:00,0.6612684,1.6014938,0.7060378,0.719683,0.1312962,0.008977,0.596837,0.5025
1995/11/8 0:00,0.6353372,1.5898428,0.6858826,0.724218,0.1207864,0.008761399999999999,0.592347,0.5
1995/11/9 0:00,0.6605206,1.6087277999999998,0.7067968,0.733138,0.141786,0.008977,0.591611,0.503
1995/11/10 0:00,0.6346398000000001,1.5878594000000001,0.682503,0.739481,0.12078219999999999,0.008975,0.592768,0.4987
1995/11/11 0:00,0.6345154,1.5862089999999998,0.684261,0.74239,0.1207808,0.0089458,0.595593,0.4968
1995/11/12 0:00,0.6323428,1.5769602,0.6805614,0.743937,0.12076139999999999,0.0090324,0.595948,0.493
1995/11/13 0:00,0.6759799999999999,1.4879,0.7848383999999999,0.758725,0.17315419999999998,0.008078,0.605144,0.5113
1995/11/14 0:00,0.6915,1.5067,0.7850302000000001,0.773096,0.172654,0.0080474,0.607533,0.5195
1995/11/15 0:00,0.69098,1.548,0.7917562,0.755858,0.1748278,0.0080458,0.607533,0.5205
1995/11/16 0:00,0.7112576,1.612,0.794284,0.752672,0.177742,0.0079664,0.612933,0.541
1995/11/17 0:00,0.7008686,1.61432,0.7321774,0.750469,0.17758100000000002,0.0084898,0.619579,0.5395
1995/11/18 0:00,0.6274730000000001,1.6368000000000003,0.668352,0.755858,0.1563774,0.0081244,0.619195,0.5312
1995/11/19 0:00,0.6303880000000001,1.58552,0.6722696,0.760572,0.1526408,0.0086202,0.617475,0.5357
1995/11/20 0:00,0.629308,1.60718,0.674936,0.755572,0.1529512,0.008731800000000001,0.617475,0.535
1995/11/21 0:00,0.68092,1.55038,0.7158064,0.742832,0.16640519999999998,0.008244199999999998,0.614817,0.5263
1995/11/22 0:00,0.68092,1.55038,0.7454180000000001,0.74184,0.16640519999999998,0.008244199999999998,0.618812,0.526
1995/11/23 0:00,0.69448,1.4996800000000001,0.7707374000000001,0.74499,0.17809339999999999,0.0081958,0.616903,0.5255
1995/11/24 0:00,0.69448,1.4996800000000001,0.7707374000000001,0.747664,0.17809339999999999,0.0081958,0.616143,0.5253
1995/11/25 0:00,0.67854,1.54826,0.797155,0.742776,0.16533899999999999,0.008196,0.614817,0.5225
1995/11/26 0:00,0.6764,1.54826,0.7892506,0.740905,0.1642342,0.0080474,0.613346,0.5202
1995/11/27 0:00,0.6790200000000001,1.54826,0.7964450000000001,0.741675,0.1653392,0.0081282,0.615764,0.522
1995/11/28 0:00,0.69944,1.4805800000000002,0.7727386,0.743384,0.17706119999999997,0.0083558,0.6013252,0.5258
1995/11/29 0:00,0.6729814000000001,1.55618,0.721551,0.738116,0.1527494,0.0085006,0.6139176000000001,0.5295
1995/11/30 0:00,0.6429424,1.6652,0.6617637999999999,0.740741,0.120815,0.008252,0.574892,0.5305
1995/12/1 0:00,0.6429424,1.6577,0.6617637999999999,0.737518,0.1324288,0.008195599999999999,0.616903,0.5303
1995/12/2 0:00,0.6316423999999999,1.6588,0.6622518000000001,0.731529,0.1207992,0.008377800000000001,0.615764,0.5331
1995/12/3 0:00,0.6371352,1.663,0.7418834,0.736106,0.1700468,0.0080004,0.616523,0.5395
1995/12/4 0:00,0.6521832,1.658,0.7073645999999999,0.727696,0.16958579999999998,0.0082394,0.610501,0.5385
1995/12/5 0:00,0.6424362,1.6585,0.6996698000000001,0.714541,0.15741239999999998,0.0082428,0.602954,0.536
1995/12/6 0:00,0.6547343999999999,1.658,0.6582041999999999,0.718391,0.15561419999999998,0.008287399999999999,0.603682,0.528
1995/12/7 0:00,0.6429424,1.6568,0.6590123999999999,0.716589,0.1324336,0.0081956,0.603865,0.5295
1995/12/8 0:00,0.6278332,1.6635,0.7066625999999999,0.719062,0.1823756,0.008300199999999999,0.604412,0.5378
1995/12/9 0:00,0.6356832,1.6755,0.7073645999999999,0.728067,0.18236360000000001,0.0082394,0.613121,0.5385
1995/12/10 0:00,0.6316423999999999,1.6775,0.6612286,0.727802,0.1576418,0.008279400000000001,0.612182,0.5345
1995/12/11 0:00,0.6371352,1.672,0.6684425999999999,0.727431,0.18236360000000001,0.0081822,0.612933,0.539
1995/12/12 0:00,0.6366754,1.6677,0.7767996,0.720981,0.18236360000000001,0.0079154,0.615574,0.5412
1995/12/13 0:00,0.6277242,1.6542,0.7430599999999999,0.718804,0.120806,0.008405199999999998,0.613874,0.537
1995/12/14 0:00,0.6237923999999999,1.654,0.6611688,0.710934,0.120806,0.0082326,0.61106,0.5325
1995/12/15 0:00,0.6315310000000001,1.6582,0.6607999999999999,0.709723,0.120805,0.0082624,0.610874,0.5338
1995/12/16 0:00,0.6296224,1.6613,0.6622125999999999,0.71048,0.120806,0.008279199999999999,0.5821439999999999,0.5315
1995/12/17 0:00,0.6378812,1.6522,0.65613,0.706614,0.120799,0.008297599999999999,0.5827964,0.5285
1995/12/18 0:00,0.6340731999999999,1.6485,0.6582041999999999,0.716178,0.120799,0.0083196,0.5864606,0.527
1995/12/19 0:00,0.6304435999999999,1.654,0.659638,0.725531,0.120799,0.0083782,0.5804546,0.5245
1995/12/20 0:00,0.6229944,1.6625,0.6582041999999999,0.729927,0.120802,0.0082976,0.5827963999999999,0.5275
1995/12/21 0:00,0.6099399999999999,1.6645,0.6719892,0.731689,0.120804,0.0083782,0.5798612000000001,0.5232
1995/12/22 0:00,0.6099399999999999,1.6615,0.6759424,0.729395,0.120806,0.007898800000000001,0.5827316,0.5213
1995/12/23 0:00,0.6427712,1.653,0.6719892,0.726956,0.120809,0.007898800000000001,0.5827316,0.5214
1995/12/24 0:00,0.6528574,1.654,0.6801638,0.732118,0.120809,0.0078444,0.5835792,0.5185
1995/12/25 0:00,0.639776,1.658,0.6813506,0.735132,0.120809,0.007835400000000001,0.5767214,0.5155
1995/12/26 0:00,0.6135200000000001,1.667,0.6754307999999999,0.746491,0.120811,0.007898800000000001,0.5827316,0.5214
1995/12/27 0:00,0.62136,1.6835,0.6719892,0.752162,0.120811,0.008133399999999999,0.5798270000000001,0.5225
1995/12/28 0:00,0.6204,1.6885,0.675728,0.749738,0.120806,0.007898800000000001,0.5836414,0.521
1995/12/29 0:00,0.6235,1.6853,0.6719892,0.745434,0.120805,0.0081334,0.5798270000000001,0.5222
1995/12/30 0:00,0.6187,1.6765,0.6719892,0.743992,0.120805,0.0081334,0.5858656,0.522
1995/12/31 0:00,0.6231,1.675,0.659638,0.741455,0.120806,0.0083782,0.5891256,0.5248
1996/1/1 0:00,0.6211,1.6803,0.6719892,0.74173,0.120806,0.007898800000000001,0.5880293999999999,0.5215
1996/1/2 0:00,0.617,1.68,0.6801638,0.733676,0.120804,0.00786,0.5882576,0.52
1996/1/3 0:00,0.6145,1.6775,0.6801638,0.732332,0.120799,0.0078444,0.5825526,0.5183
1996/1/4 0:00,0.6114,1.6767,0.6686114,0.733676,0.120801,0.008378199999999999,0.5798612000000001,0.5237
1996/1/5 0:00,0.611,1.6723,0.6716371999999999,0.726744,0.120795,0.0083782,0.5798612000000001,0.5235
1996/1/6 0:00,0.607,1.6745,0.6805334000000001,0.728863,0.120799,0.00786,0.5882576,0.52
1996/1/7 0:00,0.6114,1.6836,0.659638,0.733676,0.120793,0.0083782,0.5832181999999999,0.5243
1996/1/8 0:00,0.6129,1.6665,0.6593964,0.724375,0.120792,0.008346600000000001,0.5884967999999999,0.5262
1996/1/9 0:00,0.6229943999999998,1.6628,0.6582041999999999,0.728067,0.120789,0.0083196,0.5864605999999999,0.527
1996/1/10 0:00,0.6315310000000001,1.658702,0.6602091999999999,0.732123,0.120803,0.008923,0.5831219999999999,0.533597
1996/1/11 0:00,0.6356832,1.657777,0.74306,0.730345,0.120798,0.009006,0.5869906,0.537268
1996/1/12 0:00,0.6277242000000001,1.654724,0.7073645999999999,0.719339,0.120746,0.00887,0.5839442,0.538449
1996/1/13 0:00,0.6366754,1.649213,0.8580672,0.72136,0.120783,0.008961,0.5842084,0.540536
1996/1/14 0:00,0.6292452,1.642054,0.8575322,0.716249,0.120756,0.008967,0.5842084,0.540374
1996/1/15 0:00,0.6491568,1.637376,0.6788884000000002,0.715872,0.120823,0.009182,0.597693,0.546912
1996/1/16 0:00,0.6410281999999999,1.631878,0.6788884,0.720654,0.120805,0.008917,0.596067,0.547186
1996/1/17 0:00,0.6387539999999999,1.650364,0.746186,0.735719,0.120838,0.008817,0.592101,0.54147
1996/1/18 0:00,0.6352634,1.652755,0.7828052000000001,0.733764,0.120822,0.008827,0.594567,0.540019
1996/1/19 0:00,0.6303854,1.651038,0.8580672,0.725096,0.120768,0.008757,0.595441,0.540687
1996/1/20 0:00,0.6278332000000001,1.652671,0.7066625999999999,0.724001,0.120807,0.008737,0.59451,0.537895
1996/1/21 0:00,0.6338928,1.654142,0.74306,0.727491,0.120825,0.008795,0.59441,0.536803
1996/1/22 0:00,0.6288254,1.647475,0.8580672,0.719496,0.17004380000000002,0.008817,0.595638,0.540631
1996/1/23 0:00,0.6531754000000001,1.652134,0.7437742,0.721457,0.17004380000000002,0.008791,0.597894,0.542473
1996/1/24 0:00,0.6199410000000001,1.654556,0.658585,0.722921,0.12078580000000001,0.008722,0.594999,0.537004
1996/1/25 0:00,0.6237924,1.657309,0.66035,0.723983,0.12079580000000001,0.008793,0.592604,0.534128
1996/1/26 0:00,0.6199410000000001,1.658507,0.658226,0.72159,0.1207888,0.00877,0.594257,0.536293
1996/1/27 0:00,0.6324698,1.649958,0.657526,0.713144,0.12077820000000002,0.008645,0.592132,0.535831
1996/1/28 0:00,0.6324698,1.647557,0.655308,0.7210984,0.1208042,0.008595,0.592003,0.53447
1996/1/29 0:00,0.6257368,1.645655,0.662996,0.7218774000000001,0.1207904,0.008622,0.592117,0.538922
1996/1/30 0:00,0.6165992,1.640574,0.663419,0.7149409999999999,0.120801,0.008689,0.591495,0.543682
1996/1/31 0:00,0.6165992,1.50124,0.660914,0.7206944,0.1628774,0.008914,0.5931,0.545906
1996/2/1 0:00,0.6185916,1.4962199999999999,0.660962,0.6731916,0.14175,0.008887,0.593355,0.550085
1996/2/2 0:00,0.59981,1.4910999999999999,0.670105,0.7060861999999999,0.1564256,0.008923,0.5811194000000001,0.553544
1996/2/3 0:00,0.5991100000000001,1.49526,0.672604,0.6832068,0.1567188,0.008835,0.5792762,0.551361
1996/2/4 0:00,0.6723399999999999,1.51031,0.672089,0.7595491999999999,0.1666974,0.008751,0.585676,0.559763
1996/2/5 0:00,0.6205,1.48244,0.669502,0.6974275999999999,0.1667668,0.008743,0.598065,0.554797
1996/2/6 0:00,0.5991099999999999,1.4923,0.669501,0.6890744,0.1567188,0.008736,0.5673818,0.551549
1996/2/7 0:00,0.5991100000000001,1.49276,0.671592,0.6898148,0.1567188,0.008719,0.5684480000000001,0.551787
1996/2/8 0:00,0.59849,1.48818,0.669995,0.6794018000000001,0.1618928,0.008745,0.5843328,0.549646
1996/2/9 0:00,0.60067,1.5524508,0.669032,0.7224152,0.14131619999999998,0.008648,0.5835786,0.547045
1996/2/10 0:00,0.6362306,1.622519,0.667156,0.7681484,0.1490742,0.008475,0.6188846,0.538495
1996/2/11 0:00,0.6362306,1.622519,0.666978,0.7494506,0.1690962,0.008405,0.6126164,0.538221
1996/2/12 0:00,0.6334468,1.6646448,0.672159,0.7582760000000001,0.138623,0.008345,0.5937122,0.539158
1996/2/13 0:00,0.6288254,1.5943204,0.671006,0.760861,0.167289,0.008262,0.6109249999999999,0.54124
1996/2/14 0:00,0.6487768,1.5451268,0.66856,0.741044,0.1656372,0.008306,0.5799960000000001,0.542191
1996/2/15 0:00,0.6413678,1.5436514000000001,0.668649,0.7060216,0.1525246,0.008244,0.6088672,0.536854
1996/2/16 0:00,0.6447651999999999,1.6115406,0.667423,0.688782,0.12082600000000002,0.008197,0.5919616,0.531187
1996/2/17 0:00,0.6491058,1.6086867999999999,0.664542,0.6776962000000001,0.1208018,0.008385,0.5967891999999999,0.527068
1996/2/18 0:00,0.6422276,1.6108376,0.663527,0.7296686000000001,0.125898,0.00843,0.6148769999999999,0.525281
1996/2/19 0:00,0.6500716,1.6086766000000001,0.656708,0.6804684,0.12079580000000001,0.008349,0.5868422000000001,0.524072
1996/2/20 0:00,0.6531806,1.6220066,0.657566,0.6754437999999999,0.1208254,0.008305,0.6015349999999999,0.528607
1996/2/21 0:00,0.6570334,1.6211327999999998,0.654944,0.688055,0.12590679999999999,0.008221,0.6198942000000001,0.530263
1996/2/22 0:00,0.6494242,1.6235654,0.6555,0.6824934,0.1208172,0.008096,0.5910382000000001,0.528175
1996/2/23 0:00,0.6483546,1.6222866,0.659283,0.6931147999999999,0.12080880000000001,0.008159,0.591236,0.531717
1996/2/24 0:00,0.6494776,1.6286326,0.659914,0.6860881999999999,0.12080120000000001,0.008215,0.5905498,0.532584
1996/2/25 0:00,0.6567565999999999,1.6090046,0.659239,0.7118990000000001,0.1332862,0.008236,0.6108352,0.534609
1996/2/26 0:00,0.6571372,1.6177502000000001,0.655883,0.7281875999999999,0.1440598,0.008346,0.6101896,0.535328
1996/2/27 0:00,0.6537584000000001,1.6035936,0.657077,0.6616704,0.1208032,0.008356,0.6075416,0.534064
1996/2/28 0:00,0.6466375999999999,1.6105930000000002,0.656188,0.6744273999999999,0.12079980000000001,0.009454,0.6029880000000001,0.527562
1996/2/29 0:00,0.6494776,1.6286326,0.654664,0.6860881999999999,0.12080119999999998,0.0089716,0.6065948000000001,0.532528
1996/3/1 0:00,0.6584671999999999,1.6058692,0.654171,0.7219654,0.13098739999999998,0.0095402,0.6299269999999999,0.529462
1996/3/2 0:00,0.6500199999999999,1.6125463999999998,0.657225,0.6742264,0.1208048,0.009454,0.6065486,0.52744
1996/3/3 0:00,0.6483546,1.6291325999999997,0.658354,0.6818783999999999,0.12079820000000001,0.0093858,0.6094845999999999,0.531925
1996/3/4 0:00,0.6501091999999999,1.6115406,0.659869,0.7677806,0.1259358,0.0099552,0.639534,0.531124
1996/3/5 0:00,0.6537584,1.600009,0.663769,0.6598604,0.1208032,0.0098868,0.6336831999999999,0.533849
1996/3/6 0:00,0.6490972,1.5706798,0.663679,0.7060216,0.1417508,0.0084632,0.609943,0.536736
1996/3/7 0:00,0.6359222,1.6558043999999998,0.665071,0.7409429999999999,0.1585584,0.008322199999999998,0.6157878,0.539736
1996/3/8 0:00,0.6413678,1.5939896,0.662098,0.7382481999999999,0.16674819999999999,0.008321199999999999,0.6128824,0.537717
1996/3/9 0:00,0.6571372,1.5754810000000001,0.660566,0.7114292000000001,0.1525128,0.008874400000000001,0.608538,0.535605
1996/3/10 0:00,0.6537584000000001,1.6074536000000001,0.661047,0.7699836,0.1432982,0.009482,0.6336831999999999,0.534267
1996/3/11 0:00,0.6501091999999999,1.6199066000000002,0.661025,0.7288566000000001,0.12589940000000002,0.0099874,0.6292408,0.530595
1996/3/12 0:00,0.6567565999999999,1.6120705999999998,0.662868,0.7308398,0.15407200000000001,0.009482399999999998,0.6250406,0.534984
1996/3/13 0:00,0.651151,1.6120705999999998,0.665912,0.7308397999999999,0.15407200000000001,0.009482399999999998,0.6250406,0.535002
1996/3/14 0:00,0.6472222,1.6286326,0.666778,0.6860882,0.12079820000000001,0.0088264,0.6065948000000001,0.532375
1996/3/15 0:00,0.638017,1.6498578000000002,0.665625,0.794041,0.1309988,0.0099874,0.6292408,0.530707
1996/3/16 0:00,0.628148,1.6582003999999997,0.666134,0.7759482,0.12081140000000001,0.0094194,0.6008728000000001,0.532159
1996/3/17 0:00,0.624907,1.6586399999999997,0.667356,0.7614486,0.1360786,0.0099542,0.6261748,0.529983
1996/3/18 0:00,0.63004,1.5623,0.665779,0.7430406,0.1645366,0.0094824,0.6142253999999999,0.535261
1996/3/19 0:00,0.635001,1.5357768000000003,0.669254,0.7643398,0.1699978,0.0087928,0.6167688,0.542929
1996/3/20 0:00,0.637088,1.5943203999999997,0.671297,0.760861,0.1672926,0.0082402,0.6139892,0.541096
1996/3/21 0:00,0.637645,1.5404347999999999,0.669904,0.7954652,0.1600124,0.0092954,0.6220532000000001,0.54192
1996/3/22 0:00,0.636543,1.6558043999999998,0.670849,0.752489,0.1587944,0.0082818,0.6119956,0.539595
1996/3/23 0:00,0.647493,1.5267751999999999,0.673354,0.7518662,0.1469186,0.009205,0.6030776,0.545693
1996/3/24 0:00,0.651647,1.4902600000000001,0.674289,0.6713044,0.15639759999999997,0.0083372,0.5725058,0.549023
1996/3/25 0:00,0.647607,1.49184,0.671366,0.7088402,0.14105499999999999,0.0088036,0.5915044,0.548461
1996/3/26 0:00,0.647021,1.5528807999999998,0.67195,0.7685648,0.14131619999999998,0.0091878,0.6037718,0.547042
1996/3/27 0:00,0.650999,1.5203855999999998,0.674971,0.7602936,0.1413162,0.0093876,0.6134484,0.547924
1996/3/28 0:00,0.651675,1.4878699999999998,0.676849,0.7479412,0.14105499999999999,0.008846799999999998,0.5928594,0.548267
1996/3/29 0:00,0.648596,1.5220056,0.676538,0.7631600000000001,0.1413162,0.0093876,0.6134484,0.54758
1996/3/30 0:00,0.650231,1.49026,0.675977,0.6713044,0.15639759999999997,0.0083372,0.5725058,0.548963
1996/3/31 0:00,0.654669,1.6147,0.677277,0.6832068,0.125913,0.0083402,0.5722607999999999,0.551296
1996/4/1 0:00,0.658612,1.610534,0.681871,0.6869162,0.1338556,0.0084188,0.572859,0.55584
1996/4/2 0:00,0.662386,1.609318,0.686197,0.7024980000000001,0.1730618,0.0084964,0.5735447999999999,0.559763
1996/4/3 0:00,0.665492,1.607571,0.689624,0.6767308000000001,0.18604519999999997,0.0084964,0.5725126,0.561217
1996/4/4 0:00,0.663657,1.620789,0.68793,0.7098784,0.14690920000000002,0.0084482,0.5735448,0.559189
1996/4/5 0:00,0.662079,1.632903,0.686333,0.7128732,0.17306019999999997,0.0084482,0.5738626,0.557464
1996/4/6 0:00,0.668629,1.638925,0.686676,0.6383898,0.18604519999999997,0.0083328,0.5712014,0.563655
1996/4/7 0:00,0.670714,1.635065,0.685867,0.6985156,0.18604519999999997,0.0084932,0.5725125999999999,0.560951
1996/4/8 0:00,0.66932,1.629441,0.685484,0.6767308000000001,0.173059,0.0084932,0.5725126,0.561133
1996/4/9 0:00,0.670533,1.622042,0.687934,0.6444449999999999,0.173059,0.008518399999999999,0.5712014,0.562507
1996/4/10 0:00,0.667579,1.620138,0.684625,0.665203,0.12079359999999999,0.0084778,0.575056,0.560115
1996/4/11 0:00,0.668716,1.618673,0.68539,0.662865,0.120818,0.0084778,0.575056,0.560554
1996/4/12 0:00,0.665448,1.617281,0.683495,0.663878,0.120794,0.0084188,0.572859,0.557893
1996/4/13 0:00,0.666222,1.619166,0.684859,0.665912,0.120786,0.008441,0.574062,0.55913
1996/4/14 0:00,0.670802,1.620273,0.684971,0.665802,0.12078,0.0084778,0.575056,0.561826
1996/4/15 0:00,0.66315,1.616896,0.68197,0.664851,0.12079,0.0083418,0.571676,0.552322
1996/4/16 0:00,0.661464,1.61165,0.681995,0.662909,0.120806,0.0083398,0.5734864,0.548495
1996/4/17 0:00,0.660267,1.601173,0.684687,0.658887,0.120807,0.0084186,0.576221,0.545207
1996/4/18 0:00,0.657851,1.602069,0.685299,0.663172,0.120794,0.0084124,0.5761284000000001,0.543745
1996/4/19 0:00,0.649029,1.595526,0.679299,0.657552,0.120823,0.0083834,0.5755094,0.533903
1996/4/20 0:00,0.648524,1.595653,0.678395,0.65522,0.120805,0.008419,0.5762112,0.53545
1996/4/21 0:00,0.652736,1.602499,0.679212,0.655335,0.120763,0.008419000000000001,0.5762112,0.535804
1996/4/22 0:00,0.649607,1.603269,0.677251,0.654466,0.120786,0.0083834,0.5755094,0.53437
1996/4/23 0:00,0.641113,1.610352,0.674014,0.656903,0.120771,0.008364000000000002,0.5792952,0.529141
1996/4/24 0:00,0.644317,1.607955,0.675765,0.651283,0.12079,0.0084166,0.579551,0.536247
1996/4/25 0:00,0.647551,1.606159,0.677347,0.650755,0.120795,0.0083628,0.579338,0.525368
1996/4/26 0:00,0.65565,1.608355,0.679935,0.650595,0.120785,0.008364,0.579078,0.532109
1996/4/27 0:00,0.658325,1.601595,0.679294,0.648421,0.120786,0.008364,0.579631,0.531876
1996/4/28 0:00,0.659592,1.606532,0.679889,0.655539,0.120845,0.0083958,0.584097,0.530867
1996/4/29 0:00,0.657954,1.599878,0.679256,0.655711,0.120784,0.008412,0.584127,0.533262
1996/4/30 0:00,0.662668,1.59986,0.684632,0.656191,0.120781,0.008419000000000001,0.582979,0.535806
1996/5/1 0:00,0.664807,1.610598,0.685224,0.658501,0.120789,0.008446599999999999,0.584546,0.540308
1996/5/2 0:00,0.663991,1.608832,0.685299,0.653688,0.120758,0.0084466,0.583684,0.539083
1996/5/3 0:00,0.658567,1.592778,0.683237,0.652583,0.120816,0.008419,0.584956,0.535931
1996/5/4 0:00,0.656455,1.587821,0.685473,0.646026,0.120804,0.008412000000000001,0.586769,0.534102
1996/5/5 0:00,0.658461,1.593407,0.684394,0.646922,0.120784,0.008412,0.57953,0.534835
1996/5/6 0:00,0.652882,1.592483,0.682762,0.649468,0.120829,0.008364,0.574892,0.531635
1996/5/7 0:00,0.651136,1.589233,0.679389,0.64653,0.120791,0.008364000000000002,0.574892,0.530161
1996/5/8 0:00,0.653887,1.589247,0.6605087999999999,0.646804,0.120829,0.008251999999999999,0.574892,0.530905
1996/5/9 0:00,0.656749,1.578158,0.6607999999999999,0.64631,0.120841,0.008312400000000001,0.5755094,0.533864
1996/5/10 0:00,0.658108,1.584557,0.7430599999999999,0.649854,0.120839,0.0083012,0.5785894,0.536736
1996/5/11 0:00,0.662229,1.590194,0.6608935999999999,0.653537,0.120819,0.008316,0.5777164000000001,0.535185
1996/5/12 0:00,0.658068,1.582439,0.6607999999999999,0.648615,0.120774,0.008312400000000001,0.577323,0.533849
1996/5/13 0:00,0.657308,1.579097,0.6605087999999999,0.644941,0.1208202,0.008251999999999999,0.574892,0.530764
1996/5/14 0:00,0.661136,1.57519,0.6566411999999999,0.643473,0.120815,0.0082648,0.5792952,0.529424
1996/5/15 0:00,0.67024,1.580012,0.6608,0.637836,0.1331564,0.0083102,0.5856526000000001,0.533956
1996/5/16 0:00,0.665912,1.5754,0.6566411999999999,0.636723,0.120815,0.0082648,0.5792952,0.529371
1996/5/17 0:00,0.666001,1.569664,0.657515,0.638972,0.120815,0.008285,0.5773118,0.529811
1996/5/18 0:00,0.664342,1.560125,0.6593964,0.637331,0.12081080000000002,0.0083196,0.5884967999999999,0.526684
1996/5/19 0:00,0.665424,1.557452,0.659638,0.635907,0.12081080000000002,0.008378199999999999,0.5832181999999999,0.524122
1996/5/20 0:00,0.664939,1.552024,0.6582041999999999,0.634041,0.120815,0.0083196,0.5864605999999999,0.527073
1996/5/21 0:00,0.662647,1.554702,0.659638,0.631476,0.1208108,0.0083868,0.5832181999999999,0.524477
1996/5/22 0:00,0.659084,1.55621,0.6719892,0.634467,0.12081080000000002,0.0081334,0.5798270000000001,0.522508
1996/5/23 0:00,0.658801,1.563409,0.6719892,0.636694,0.1208072,0.0083782,0.5798612000000001,0.523003
1996/5/24 0:00,0.663023,1.566658,0.659638,0.636468,0.12081080000000002,0.0083868,0.5868016,0.524925
1996/5/25 0:00,0.660634,1.56314,0.6641592,0.634874,0.120794,0.008378199999999999,0.5832182,0.523942
1996/5/26 0:00,0.65084,1.562149,0.675728,0.635185,0.120797,0.00786,0.5882576,0.520362
1996/5/27 0:00,0.647703,1.570278,0.6719892,0.648777,0.120825,0.007898800000000001,0.5827316,0.521524
1996/5/28 0:00,0.648027,1.575828,0.6582041999999999,0.654917,0.120798,0.0082976,0.5827964,0.527822
1996/5/29 0:00,0.647112,1.585595,0.6582041999999999,0.653912,0.120823,0.0083196,0.5864605999999999,0.527173
1996/5/30 0:00,0.647745,1.578034,0.6597986,0.654438,0.120808,0.008298400000000001,0.574892,0.532259
1996/5/31 0:00,0.647371,1.591162,0.6593964,0.663548,0.120811,0.0083196,0.5864606,0.526726
1996/6/1 0:00,0.644606,1.589558,0.6641592,0.664209,0.120792,0.008378199999999999,0.5798612000000001,0.523829
1996/6/2 0:00,0.644353,1.594834,0.6686114,0.665779,0.120756,0.0083782,0.5798612000000001,0.52352
1996/6/3 0:00,0.649734,1.613642,0.6582041999999999,0.670536,0.120847,0.0082976,0.5827964,0.528086
1996/6/4 0:00,0.651944,1.61977,0.6611908,0.670306,0.12085,0.008251999999999999,0.574892,0.531111
1996/6/5 0:00,0.653914,1.617114,0.6604403999999999,0.667802,0.120764,0.008337800000000001,0.574892,0.533237
1996/6/6 0:00,0.658612,1.620711,0.7002438000000002,0.672924,0.120767,0.0082674,0.5762112,0.536333
1996/6/7 0:00,0.654207,1.619083,0.6597986,0.674492,0.1208,0.008298400000000001,0.574892,0.532121
1996/6/8 0:00,0.652839,1.616118,0.6566411999999999,0.67288,0.120839,0.00873,0.574892,0.529234
1996/6/9 0:00,0.653399,1.605838,0.6566411999999999,0.668539,0.120793,0.0082648,0.574892,0.529455
1996/6/10 0:00,0.651942,1.618911,0.6582041999999999,0.671658,0.120801,0.008379600000000001,0.5827964,0.527609
1996/6/11 0:00,0.648375,1.609916,0.65613,0.66518,0.120827,0.008297599999999999,0.5827964,0.528538
1996/6/12 0:00,0.649831,1.60872,0.657515,0.66359,0.120809,0.008318200000000001,0.574892,0.529886
1996/6/13 0:00,0.651627,1.60438,0.6594863999999999,0.659454,0.12082,0.008296600000000001,0.574892,0.530158
1996/6/14 0:00,0.649448,1.601211,0.6582041999999999,0.659352,0.120761,0.0082976,0.5864606,0.527409
1996/6/15 0:00,0.649468,1.603828,0.659638,0.657275,0.12077,0.0083868,0.5838466,0.525064
1996/6/16 0:00,0.647238,1.601236,0.6602091999999999,0.656818,0.120793,0.008312400000000001,0.5755094,0.533764
1996/6/17 0:00,0.636497,1.619159,0.6607999999999999,0.665868,0.120803,0.0083386,0.5755094,0.53401
1996/6/18 0:00,0.639425,1.61356,0.6592941999999999,0.666912,0.120784,0.008312400000000001,0.574892,0.533397
1996/6/19 0:00,0.63578,1.608289,0.6605087999999999,0.660462,0.12083,0.008251999999999999,0.574892,0.530911
1996/6/20 0:00,0.636659,1.594515,0.6582041999999999,0.656283,0.120837,0.0083196,0.5864605999999999,0.527229
1996/6/21 0:00,0.634134,1.587179,0.6805892,0.652844,0.120772,0.007835400000000001,0.5793864,0.515786
1996/6/22 0:00,0.630141,1.587304,0.6817564,0.651434,0.120778,0.0079762,0.5947136000000001,0.511326
1996/6/23 0:00,0.632954,1.588815,0.6825072000000001,0.653557,0.120753,0.008013000000000001,0.5778312,0.513165
1996/6/24 0:00,0.632851,1.588133,0.6825072,0.652191,0.120788,0.0080068,0.5778312000000001,0.513105
1996/6/25 0:00,0.638024,1.607652,0.6801637999999999,0.6614,0.120829,0.007836000000000001,0.5795568,0.516696
1996/6/26 0:00,0.638571,1.602186,0.6805892,0.660719,0.120794,0.0082596,0.5776512,0.51448
1996/6/27 0:00,0.64548,1.608332,0.6801638,0.669702,0.120813,0.007853,0.5859634,0.518912
1996/6/28 0:00,0.646891,1.604382,0.6801637999999999,0.663415,0.120796,0.007844400000000001,0.5824842,0.517901
1996/6/29 0:00,0.646819,1.604881,0.6593964,0.661924,0.120786,0.008346600000000001,0.5884967999999999,0.526421
1996/6/30 0:00,0.649043,1.618157,0.6582041999999999,0.662009,0.120827,0.0082976,0.5827964,0.528058
1996/7/1 0:00,0.652097,1.633246,0.6597986,0.659048,0.120762,0.008298400000000001,0.574892,0.532486
1996/7/2 0:00,0.6529326,1.616016,0.678262,0.647786,0.12083,0.0083834,0.5755094,0.534077
1996/7/3 0:00,0.6563749999999999,1.61038,0.68034,0.648043,0.12080700000000003,0.008366,0.5774687999999999,0.53547
1996/7/4 0:00,0.653087,1.608292,0.678972,0.649101,0.12080500000000001,0.008364000000000002,0.5781518,0.52948
1996/7/5 0:00,0.646519,1.612675,0.677511,0.647722,0.12081679999999999,0.00814,0.5832181999999999,0.524126
1996/7/6 0:00,0.6460428,1.624415,0.677575,0.649594,0.12082079999999999,0.007898800000000001,0.5832182,0.523899
1996/7/7 0:00,0.6378862000000001,1.621561,0.678494,0.648202,0.120815,0.0081356,0.5884967999999999,0.52638
1996/7/8 0:00,0.6418994,1.622626,0.676133,0.648451,0.12082079999999999,0.007898800000000001,0.5798269999999999,0.521973
1996/7/9 0:00,0.6318394,1.631875,0.679188,0.652228,0.120422,0.0071498,0.588138,0.525926
1996/7/10 0:00,0.6186194,1.637028,0.680834,0.655224,0.1205176,0.0074237999999999995,0.585236,0.524714
1996/7/11 0:00,0.6043000000000001,1.636674,0.678235,0.649623,0.1207194,0.007651,0.582144,0.521071
1996/7/12 0:00,0.6210464,1.643368,0.678678,0.65401,0.1205282,0.0071498,0.585064,0.518686
1996/7/13 0:00,0.6339758,1.646343,0.679263,0.650586,0.1204212,0.0073338,0.586563,0.516237
1996/7/14 0:00,0.6602965999999999,1.649923,0.682442,0.6568,0.1416646,0.0073338,0.58344,0.512748
1996/7/15 0:00,0.6073,1.642027,0.683132,0.663771,0.120337,0.0073338,0.585379,0.518208
1996/7/16 0:00,0.6586377999999999,1.646499,0.680272,0.665092,0.120337,0.0071498,0.588353,0.517586
1996/7/17 0:00,0.656288,1.653732,0.678802,0.672743,0.1309052,0.008241,0.590198,0.516301
1996/7/18 0:00,0.6599448,1.655214,0.680365,0.672741,0.120337,0.008475,0.592492,0.522896
1996/7/19 0:00,0.6606426000000001,1.652233,0.680716,0.672062,0.120337,0.008904,0.597611,0.523458
1996/7/20 0:00,0.660324,1.655463,0.680367,0.672605,0.1312876,0.009296,0.595793,0.522264
1996/7/21 0:00,0.660635,1.653284,0.679739,0.673329,0.1417602,0.009294,0.595023,0.518682
1996/7/22 0:00,0.654362,1.651717,0.678157,0.667045,0.1312762,0.009321,0.594127,0.515004
1996/7/23 0:00,0.656109,1.652747,0.677695,0.674759,0.1312876,0.009403,0.596044,0.517997
1996/7/24 0:00,0.65001,1.652338,0.674926,0.676469,0.120815,0.009314,0.593459,0.511409
1996/7/25 0:00,0.650039,1.65821,0.674405,0.679666,0.12079480000000001,0.009359,0.595071,0.511346
1996/7/26 0:00,0.647889,1.669894,0.6798500000000001,0.685567,0.120815,0.009491,0.596598,0.511095
1996/7/27 0:00,0.644191,1.670903,0.6794788,0.683998,0.12078660000000001,0.009535,0.596993,0.508435
1996/7/28 0:00,0.649166,1.672155,0.6798500000000001,0.681128,0.1417602,0.0087162,0.597407,0.510692
1996/7/29 0:00,0.646037,1.664086,0.6796279999999999,0.676473,0.12079820000000001,0.009165000000000001,0.597504,0.513736
1996/7/30 0:00,0.647554,1.677174,0.6805057999999999,0.679362,0.1312762,0.0083068,0.598658,0.514618
1996/7/31 0:00,0.649994,1.6409862,0.6797192,0.667579,0.12079360000000001,0.0090916,0.600481,0.516226
1996/8/1 0:00,0.65113,1.6409862,0.6796490000000001,0.667423,0.12079360000000001,0.0090916,0.602022,0.514971
1996/8/2 0:00,0.650403,1.6486246000000002,0.6800072,0.661159,0.120793,0.008673999999999998,0.600277,0.514268
1996/8/3 0:00,0.643837,1.6327446,0.682413,0.658326,0.1207802,0.008907599999999998,0.597906,0.508255
1996/8/4 0:00,0.645851,1.6422335999999997,0.681042,0.656037,0.1207902,0.0089076,0.59982,0.510799
1996/8/5 0:00,0.63732,1.6230868,0.682413,0.655738,0.1207762,0.0089412,0.601395,0.507638
1996/8/6 0:00,0.638093,1.6200854,0.682413,0.653912,0.12078040000000001,0.0089412,0.60286,0.508641
1996/8/7 0:00,0.640702,1.6363096,0.681042,0.653685,0.12078040000000001,0.0089412,0.600493,0.510067
1996/8/8 0:00,0.644007,1.6324114,0.68082,0.651587,0.12079300000000001,0.0077972,0.598491,0.51188
1996/8/9 0:00,0.638355,1.6209253999999997,0.6790444000000001,0.648283,0.120815,0.008053000000000001,0.600096,0.515428
1996/8/10 0:00,0.638593,1.6422067999999999,0.68082,0.644284,0.1208,0.0082688,0.598277,0.512838
1996/8/11 0:00,0.636983,1.6413667999999997,0.682413,0.644062,0.120804,0.0092046,0.598982,0.510442
1996/8/12 0:00,0.638318,1.6261734,0.682413,0.646945,0.120788,0.0092046,0.598527,0.509604
1996/8/13 0:00,0.640064,1.6047262,0.6808662,0.649925,0.120758,0.0082688,0.596764,0.511636
1996/8/14 0:00,0.643096,1.6302244000000001,0.68082,0.641821,0.120818,0.008053000000000001,0.600012,0.5158
1996/8/15 0:00,0.646561,1.6072056,0.6708301999999999,0.642926,0.120844,0.008099199999999999,0.600733,0.520971
1996/8/16 0:00,0.64172,1.6292158,0.6790316000000001,0.643606,0.1208162,0.0078574,0.598718,0.51877
1996/8/17 0:00,0.639765,1.6209254000000002,0.6799736000000001,0.648298,0.120793,0.007348200000000001,0.599005,0.51404
1996/8/18 0:00,0.640156,1.6422428,0.68082,0.643574,0.12080500000000001,0.007348200000000001,0.598348,0.513224
1996/8/19 0:00,0.638694,1.6413667999999997,0.681042,0.643459,0.12079300000000001,0.0084574,0.599257,0.509629
1996/8/20 0:00,0.637129,1.6422067999999999,0.681042,0.645216,0.12079300000000001,0.0079918,0.599114,0.511031
1996/8/21 0:00,0.635953,1.6333126,0.681042,0.64147,0.12080500000000001,0.0079918,0.599041,0.510886
1996/8/22 0:00,0.633171,1.6414028000000003,0.681042,0.635942,0.12080500000000001,0.008484599999999998,0.60006,0.510799
1996/8/23 0:00,0.635729,1.6422428,0.68082,0.637644,0.12080500000000001,0.007348200000000001,0.598205,0.513891
1996/8/24 0:00,0.635302,1.6257096,0.681042,0.632958,0.12080500000000001,0.007991799999999999,0.598385,0.511146
1996/8/25 0:00,0.636723,1.6181816000000002,0.6805057999999999,0.630031,0.1208108,0.007348200000000001,0.595013,0.514158
1996/8/26 0:00,0.636393,1.6052198,0.680996,0.629001,0.1207892,0.007794599999999999,0.594648,0.510517
1996/8/27 0:00,0.635468,1.596757,0.6820048,0.627811,0.12080579999999999,0.008008,0.595182,0.510002
1996/8/28 0:00,0.633285,1.597035,0.6849684,0.627069,0.1208054,0.008460399999999998,0.592729,0.507568
1996/8/29 0:00,0.633524,1.600712,0.6882272,0.62806,0.12081,0.008752,0.59424,0.505124
1996/8/30 0:00,0.634253,1.623649,0.6831292,0.641364,0.120793,0.0082412,0.594977,0.505718
1996/8/31 0:00,0.635716,1.622557,0.683166,0.639566,0.12079360000000001,0.00799,0.595922,0.507277
1996/9/1 0:00,0.637744,1.624328,0.6804036,0.640577,0.12079360000000001,0.007771200000000001,0.595262,0.508778
1996/9/2 0:00,0.640056,1.623829,0.6804036,0.635549,0.12079359999999999,0.00799,0.596223,0.507686
1996/9/3 0:00,0.636682,1.622665,0.679186,0.634822,0.1207668,0.008454,0.597041,0.493928
1996/9/4 0:00,0.633388,1.623368,0.6750984,0.632164,0.1207668,0.0086582,0.596388,0.491575
1996/9/5 0:00,0.635723,1.611084,0.6830556000000001,0.628956,0.1207668,0.0082472,0.595084,0.495225
1996/9/6 0:00,0.635653,1.608077,0.6830556,0.629411,0.1207668,0.0086582,0.596337,0.492363
1996/9/7 0:00,0.642531,1.613205,0.6835055999999999,0.634656,0.12079360000000001,0.00799,0.596776,0.508516
1996/9/8 0:00,0.642187,1.607766,0.6858744,0.629226,0.12080500000000001,0.008225399999999999,0.597121,0.506613
1996/9/9 0:00,0.641799,1.604023,0.6882272,0.629059,0.1208124,0.0082412,0.599102,0.504516
1996/9/10 0:00,0.643887,1.609616,0.6804035999999999,0.631247,0.1208108,0.007348200000000001,0.598623,0.513722
1996/9/11 0:00,0.644362,1.605333,0.6830802,0.630073,0.1208108,0.007545399999999999,0.600096,0.512382
1996/9/12 0:00,0.645153,1.616016,0.675728,0.634115,0.1208108,0.007585400000000001,0.598169,0.515821
1996/9/13 0:00,0.643032,1.6153,0.6805055999999999,0.630842,0.1208108,0.007585400000000001,0.598718,0.515331
1996/9/14 0:00,0.650494,1.616268,0.6642976,0.625916,0.1208162,0.008099199999999999,0.600901,0.520654
1996/9/15 0:00,0.653761,1.611572,0.6642976,0.624836,0.1208162,0.008313,0.600024,0.522398
1996/9/16 0:00,0.657118,1.615811,0.659638,0.627771,0.131294,0.008313000000000001,0.6006,0.522598
1996/9/17 0:00,0.656404,1.635972,0.6642976,0.642394,0.120807,0.0082772,0.604973,0.519489
1996/9/18 0:00,0.655218,1.641833,0.6692968,0.644044,0.120807,0.008099199999999999,0.604167,0.517872
1996/9/19 0:00,0.654365,1.647577,0.6800719999999999,0.643445,0.120807,0.007585400000000001,0.600312,0.514888
1996/9/20 0:00,0.655656,1.638863,0.6721472000000001,0.640346,0.120807,0.0078574,0.602082,0.516582
1996/9/21 0:00,0.656363,1.637846,0.6721472000000001,0.636543,0.131291,0.0080992,0.601987,0.516728
1996/9/22 0:00,0.657374,1.64914,0.6752944,0.641054,0.120807,0.0078574,0.599413,0.517026
1996/9/23 0:00,0.657851,1.646524,0.6791586000000001,0.7038492,0.125895,0.009087999999999999,0.599245,0.518323
1996/9/24 0:00,0.668294,1.649633,0.6645436,0.7168222000000001,0.120803,0.008313,0.598838,0.524324
1996/9/25 0:00,0.6666,1.63667,0.6721472000000001,0.6783334,0.14682620000000002,0.007909200000000002,0.596848,0.520944
1996/9/26 0:00,0.663813,1.631286,0.6788418,0.6854204,0.1573676,0.0078574,0.597635,0.516995
1996/9/27 0:00,0.664098,1.636883,0.675728,0.6850108,0.1468426,0.0078574,0.598195,0.517491
1996/9/28 0:00,0.664232,1.644252,0.6801024,0.6908622,0.1363618,0.00867,0.596099,0.515964
1996/9/29 0:00,0.666711,1.654148,0.6801229999999999,0.7182724,0.14175659999999998,0.009088000000000002,0.596563,0.513171
1996/9/30 0:00,0.663331,1.651196,0.6789978000000001,0.7129074,0.14175659999999998,0.009087999999999999,0.596718,0.51034
1996/10/1 0:00,0.654038,1.652015,0.6771558000000001,0.7131312,0.1208018,0.0091092,0.594852,0.506481
1996/10/2 0:00,0.654083,1.649383,0.6771558000000001,0.7108593999999999,0.1207964,0.0091092,0.593216,0.507457
1996/10/3 0:00,0.650299,1.638737,0.6790016,0.7108593999999999,0.12079580000000001,0.00799,0.590488,0.506867
1996/10/4 0:00,0.654721,1.636224,0.6812344,0.7108593999999999,0.13127139999999998,0.00799,0.591743,0.506946
1996/10/5 0:00,0.627544,1.621043,0.6735896,0.6815462,0.1207644,0.0085228,0.585847,0.486354
1996/10/6 0:00,0.638465,1.618954,0.682137,0.7246848000000001,0.12078720000000001,0.0082472,0.587779,0.495396
1996/10/7 0:00,0.631356,1.614749,0.6779324,0.7058734,0.1207668,0.008818999999999999,0.589115,0.490443
1996/10/8 0:00,0.636421,1.606045,0.692654,0.6829682,0.12080759999999999,0.0081988,0.58864,0.490024
1996/10/9 0:00,0.638919,1.603244,0.694304,0.722466,0.1208124,0.008257400000000002,0.59,0.497389
1996/10/10 0:00,0.632451,1.589904,0.691186,0.7246847999999999,0.12078739999999999,0.0082512,0.591436,0.494729
1996/10/11 0:00,0.634327,1.591658,0.691802,0.7201063999999999,0.12078799999999998,0.0085198,0.590405,0.493803
1996/10/12 0:00,0.634978,1.609616,0.69133,0.7025798000000001,0.1208124,0.0082512,0.58928,0.494046
1996/10/13 0:00,0.634356,1.611775,0.692606,0.6829682,0.12080919999999999,0.0082344,0.591686,0.49159
1996/10/14 0:00,0.632524,1.605712,0.689655,0.7201063999999999,0.1208048,0.0082512,0.591288,0.493751
1996/10/15 0:00,0.628056,1.591529,0.689292,0.7240188,0.1207894,0.0086694,0.590113,0.491759
1996/10/16 0:00,0.628685,1.588886,0.687543,0.7038474,0.12074860000000001,0.0082648,0.589497,0.487215
1996/10/17 0:00,0.6312086,1.595213,0.685983,0.7144638000000001,0.1207724,0.0082648,0.589408,0.487666
1996/10/18 0:00,0.6354396,1.604311,0.68924,0.7011136,0.1208124,0.008371,0.586561,0.490335
1996/10/19 0:00,0.6354396,1.605176,0.688266,0.7201064,0.1208124,0.0082512,0.586201,0.493485
1996/10/20 0:00,0.6327558,1.597973,0.68893,0.7201064,0.1207894,0.008768599999999998,0.58699,0.49138
1996/10/21 0:00,0.6340494,1.599866,0.687677,0.7201064,0.12078660000000001,0.008378199999999999,0.585956,0.490461
1996/10/22 0:00,0.6333398,1.617566,0.685062,0.7201064,0.12072039999999999,0.0082344,0.584899,0.49242
1996/10/23 0:00,0.6274956,1.605561,0.683352,0.6815462,0.1208174,0.008998,0.583324,0.486959
1996/10/24 0:00,0.6143204,1.598021,0.68316,0.6815461999999999,0.12079520000000002,0.009034,0.583265,0.485357
1996/10/25 0:00,0.6306738,1.592341,0.688343,0.730409,0.120804,0.009021,0.5785672000000001,0.487205
1996/10/26 0:00,0.6251436,1.589595,0.689042,0.6732175999999999,0.12081919999999999,0.00915,0.5723068,0.483558
1996/10/27 0:00,0.6306738,1.593359,0.688167,0.6815461999999999,0.12081919999999999,0.00908,0.5719576,0.484845
1996/10/28 0:00,0.6131679999999999,1.581316,0.688679,0.6732175999999999,0.12081919999999999,0.009164,0.5723068,0.483806
1996/10/29 0:00,0.6302284,1.585976,0.69012,0.7790362,0.1309406,0.009317,0.5801846,0.4907
1996/10/30 0:00,0.6302284,1.578631,0.688459,0.730409,0.1208056,0.009309,0.5708794000000001,0.487156
1996/10/31 0:00,0.6302284,1.580168,0.688805,0.7169396,0.1208056,0.009286,0.5708794000000001,0.486395
1996/11/1 0:00,0.6033002,1.569929,0.688262,0.6732175999999999,0.12081839999999999,0.009294,0.5723068,0.483207
1996/11/2 0:00,0.6091612,1.578484,0.687118,0.6732176000000001,0.12081839999999999,0.009337,0.5725921999999999,0.4812
1996/11/3 0:00,0.6302284,1.582275,0.687032,0.7790362,0.13090960000000001,0.009385,0.5801846,0.490996
1996/11/4 0:00,0.6251436,1.576742,0.686758,0.7194261999999999,0.120807,0.009421,0.5713185999999999,0.494098
1996/11/5 0:00,0.6251436,1.578831,0.686051,0.7188074,0.120752,0.009493,0.5709138,0.492149
1996/11/6 0:00,0.6033002,1.571071,0.684877,0.7188074,0.120754,0.009512,0.5709137999999999,0.491554
1996/11/7 0:00,0.6033002,1.570015,0.682985,0.7038474,0.120745,0.009466,0.5721200000000001,0.487349
1996/11/8 0:00,0.6033002,1.573787,0.678032,0.661612,0.120795,0.009468,0.5723068,0.484258
1996/11/9 0:00,0.6033002,1.572371,0.678032,0.661612,0.120734,0.009465,0.5719576,0.484403
1996/11/10 0:00,0.6033002,1.572014,0.680896,0.661612,0.120733,0.009374,0.5723068,0.482952
1996/11/11 0:00,0.6033002,1.567643,0.68154,0.7038474,0.120762,0.009384,0.57212,0.4874
1996/11/12 0:00,0.6033002,1.567757,0.680915,0.7038474,0.120798,0.009384,0.57212,0.487551
1996/11/13 0:00,0.6033002,1.577285,0.680267,0.6573597999999999,0.120834,0.009323,0.5721200000000001,0.486751
1996/11/14 0:00,0.6251436,1.5878,0.681657,0.7144638000000001,0.120744,0.009305,0.5686802,0.489049
1996/11/15 0:00,0.630732,1.591064,0.686214,0.723911,0.120724,0.009372,0.5723480000000001,0.497199
1996/11/16 0:00,0.6226024,1.5865,0.6790276,0.7177322,0.120732,0.009408,0.5785762,0.502451
1996/11/17 0:00,0.5966655999999999,1.586776,0.6790276000000001,0.7106822,0.120729,0.009466,0.5772646,0.4996
1996/11/18 0:00,0.6077868,1.592478,0.6807985999999999,0.7106821999999999,0.120803,0.009468,0.5717768000000001,0.4988
1996/11/19 0:00,0.6077868,1.593503,0.6634796,0.7041324,0.12078,0.009518,0.5658962,0.494752
1996/11/20 0:00,0.6077868000000001,1.594038,0.6759691999999999,0.7182456000000002,0.120818,0.009532,0.571783,0.4981
1996/11/21 0:00,0.6332554,1.597439,0.689781,0.723911,0.12081,0.009517,0.5723480000000001,0.497451
1996/11/22 0:00,0.6323285999999999,1.594519,0.6868,0.722466,0.120804,0.009489,0.5703809999999999,0.50015
1996/11/23 0:00,0.6326586,1.587659,0.689076,0.7211974,0.120792,0.009534,0.5725537999999999,0.501501
1996/11/24 0:00,0.6323673999999999,1.579058,0.68711,0.7270074,0.120804,0.009495,0.571783,0.498301
1996/11/25 0:00,0.6323673999999999,1.58011,0.686342,0.723911,0.12074,0.009402,0.5714805999999999,0.496901
1996/11/26 0:00,0.630732,1.585941,0.682432,0.7300294,0.120743,0.009493,0.571783,0.4981
1996/11/27 0:00,0.630732,1.585941,0.682432,0.7300294,0.120743,0.009493,0.571783,0.4981
1996/11/28 0:00,0.64097,1.587782,0.683995,0.7786951999999999,0.13092160000000003,0.00946,0.6036882,0.498599
1996/11/29 0:00,0.6368500000000001,1.5829,0.680566,0.77837,0.13093880000000002,0.00945,0.6028868000000001,0.497249
1996/11/30 0:00,0.63685,1.588623,0.675497,0.7201069999999999,0.13602319999999998,0.009648,0.5719246,0.495348
1996/12/1 0:00,0.63685,1.5825,0.672992,0.7432386,0.1360096,0.009591,0.5819297999999999,0.494648
1996/12/2 0:00,0.63899,1.581158,0.676546,0.7823296,0.13599160000000002,0.009559,0.6096334,0.4978
1996/12/3 0:00,0.63685,1.579532,0.678402,0.7469257999999999,0.1360232,0.00955,0.5873302,0.496101
1996/12/4 0:00,0.6368500000000001,1.580084,0.678293,0.7798106,0.1309426,0.009475,0.5874132000000001,0.493551
1996/12/5 0:00,0.6368500000000001,1.578073,0.67887,0.7480893999999999,0.1360096,0.009477,0.5877663999999999,0.494047
1996/12/6 0:00,0.6368500000000001,1.576627,0.677944,0.7469257999999999,0.1360232,0.009476,0.5719246,0.495802
1996/12/7 0:00,0.6153622000000001,1.575358,0.680902,0.7169396,0.120817,0.009429,0.5708794000000001,0.486695
1996/12/8 0:00,0.6153622,1.573157,0.67719,0.6815462,0.120797,0.009415,0.5708794000000001,0.486357
1996/12/9 0:00,0.6153622000000001,1.56697,0.67764,0.7695329999999999,0.1207888,0.009383,0.5710073999999999,0.4876
1996/12/10 0:00,0.6033002,1.555644,0.674427,0.6732175999999999,0.1207982,0.009256,0.5723068,0.483597
1996/12/11 0:00,0.6153622,1.558712,0.676658,0.6815462,0.1207984,0.009224,0.5708794000000001,0.486305
1996/12/12 0:00,0.6324694,1.6044394,0.672835,0.7148665999999999,0.1309034,0.009189,0.5928994000000001,0.491748
1996/12/13 0:00,0.6329246,1.6016614,0.670307,0.6788017999999999,0.120774,0.009171,0.5777786,0.488349
1996/12/14 0:00,0.6329246,1.6044394,0.668852,0.688305,0.120714,0.009294,0.5822620000000001,0.490547
1996/12/15 0:00,0.6234682,1.5761854,0.670892,0.6815462,0.120716,0.009231,0.5765498,0.485857
1996/12/16 0:00,0.5909544,1.5667342,0.670827,0.6735298000000001,0.1208,0.009172,0.574569,0.480052
1996/12/17 0:00,0.5888184000000001,1.5665056000000002,0.671275,0.6742426,0.120819,0.009154,0.5743115999999999,0.478752
1996/12/18 0:00,0.577456,1.5441662,0.672743,0.6535498000000001,0.120823,0.00922,0.5769839999999999,0.4749
1996/12/19 0:00,0.577456,1.5441662,0.672743,0.6535498000000001,0.120823,0.00922,0.5769839999999999,0.4749
1996/12/20 0:00,0.577576,1.5334287999999998,0.672858,0.6535498000000001,0.120829,0.009203,0.5764042,0.47461
1996/12/21 0:00,0.5764384,1.5410174,0.672565,0.584435,0.120819,0.009175,0.5730978,0.472553
1996/12/22 0:00,0.572694,1.53369,0.672136,0.58049,0.120862,0.009153,0.5740546,0.463968
1996/12/23 0:00,0.5687568000000001,1.53207,0.667,0.574747,0.120856,0.0091942,0.5815028,0.456137
1996/12/24 0:00,0.5687568000000001,1.53207,0.667111,0.57544,0.120812,0.0091942,0.5815027999999999,0.456091
1996/12/25 0:00,0.571814,1.53207,0.668874,0.580162,0.12078,0.0091942,0.5805448,0.457146
1996/12/26 0:00,0.5763,1.5328500000000003,0.667713,0.582843,0.12082,0.0091942,0.5754431999999999,0.460962
1996/12/27 0:00,0.572428,1.53207,0.663702,0.582261,0.120758,0.0091942,0.5825203999999999,0.451936
1996/12/28 0:00,0.56767,1.53207,0.661636,0.579054,0.120764,0.0091942,0.5825203999999999,0.452755
1996/12/29 0:00,0.570614,1.53207,0.664983,0.584596,0.120755,0.009194200000000001,0.5825203999999999,0.454218
1996/12/30 0:00,0.578073,1.5328500000000003,0.666933,0.596992,0.120753,0.009194200000000001,0.5759578000000001,0.461216
1996/12/31 0:00,0.578189,1.53285,0.666733,0.596753,0.120753,0.009194200000000001,0.5762342,0.461446
1997/1/1 0:00,0.573128,1.53207,0.665381,0.593635,0.120764,0.0091942,0.5759578,0.458483
1997/1/2 0:00,0.572314,1.53207,0.668896,0.593765,0.120803,0.0091942,0.5758378000000001,0.457837
1997/1/3 0:00,0.570957,1.52506,0.670896,0.595096,0.120827,0.0091942,0.5758378000000001,0.4565
1997/1/4 0:00,0.583575,1.5287806,0.677557,0.599748,0.120756,0.0091938,0.5723904,0.470412
1997/1/5 0:00,0.581616,1.5287806,0.677616,0.601734,0.120873,0.009193799999999999,0.5723048,0.468066
1997/1/6 0:00,0.5887,1.5287806,0.677938,0.609783,0.120837,0.0091938,0.5732176,0.472458
1997/1/7 0:00,0.5893,1.5324900000000001,0.675793,0.612773,0.120858,0.0091938,0.5732176,0.469959
1997/1/8 0:00,0.586,1.53249,0.677848,0.61025,0.120826,0.0091938,0.5724663999999999,0.467407
1997/1/9 0:00,0.589241,1.5287806,0.67895,0.609743,0.120755,0.0091938,0.5732175999999999,0.469488
1997/1/10 0:00,0.594122,1.5406628000000002,0.67847,0.612923,0.120841,0.009234200000000001,0.5736836000000001,0.472642
1997/1/11 0:00,0.60226,1.5574743999999998,0.681137,0.616281,0.120783,0.009297,0.5770371999999999,0.475462
1997/1/12 0:00,0.598001,1.53249,0.680063,0.608481,0.120868,0.0092342,0.5739468,0.467606
1997/1/13 0:00,0.608022,1.5574743999999998,0.678996,0.61336,0.12088,0.009234200000000001,0.579436,0.475895
1997/1/14 0:00,0.602199,1.5652312,0.681379,0.616918,0.120832,0.009346,0.577743,0.476638
1997/1/15 0:00,0.60464,1.5652312,0.681663,0.614005,0.120793,0.0093694,0.577027,0.476291
1997/1/16 0:00,0.59938,1.5484202,0.679421,0.612862,0.120838,0.009234200000000001,0.577092,0.474247
1997/1/17 0:00,0.59924,1.5406628000000002,0.678264,0.609074,0.120803,0.009234200000000001,0.576327,0.4733
1997/1/18 0:00,0.595419,1.5324900000000001,0.677984,0.606428,0.120867,0.0091938,0.577201,0.469706
1997/1/19 0:00,0.593119,1.5324900000000001,0.671932,0.602423,0.120812,0.0091938,0.576537,0.468506
1997/1/20 0:00,0.60148,1.53249,0.674289,0.607655,0.120799,0.0091938,0.577016,0.471147
1997/1/21 0:00,0.60132,1.53249,0.673085,0.609345,0.120846,0.0091938,0.576072,0.467247
1997/1/22 0:00,0.60132,1.53369,0.675542,0.607647,0.120814,0.009193799999999999,0.576759,0.466007
1997/1/23 0:00,0.601,1.53249,0.674447,0.614256,0.120811,0.0091938,0.578253,0.469853
1997/1/24 0:00,0.59884,1.53249,0.675198,0.611587,0.120805,0.009193799999999999,0.577534,0.467953
1997/1/25 0:00,0.59918,1.5336899999999998,0.674767,0.610545,0.120813,0.0091938,0.577389,0.465333
1997/1/26 0:00,0.594597,1.53369,0.672448,0.615247,0.120852,0.0091938,0.575993,0.463061
1997/1/27 0:00,0.591716,1.5320700000000003,0.673401,0.614548,0.120819,0.0091938,0.57621,0.458546
1997/1/28 0:00,0.586765,1.5320700000000003,0.67367,0.614855,0.120844,0.0091938,0.575922,0.458546
1997/1/29 0:00,0.594738,1.53369,0.674904,0.615655,0.120759,0.009193799999999999,0.575499,0.463232
1997/1/30 0:00,0.591118,1.5328500000000003,0.676998,0.615087,0.120745,0.0091938,0.573988,0.461346
1997/1/31 0:00,0.591204,1.5296382000000002,0.676087,0.612107,0.120816,0.0091938,0.574268,0.460438
1997/2/1 0:00,0.590595,1.53069,0.674403,0.603511,0.120726,0.0091938,0.574375,0.461892
1997/2/2 0:00,0.5853,1.5193106,0.675583,0.604061,0.120774,0.009194400000000002,0.574621,0.460454
1997/2/3 0:00,0.585734,1.5193106,0.674013,0.604875,0.120827,0.0091938,0.572533,0.460862
1997/2/4 0:00,0.584108,1.4926,0.67542,0.604203,0.120774,0.009194400000000002,0.57241,0.458654
1997/2/5 0:00,0.582242,1.494447,0.67824,0.595982,0.120839,0.0091942,0.573288,0.457046
1997/2/6 0:00,0.575885,1.4961,0.677942,0.595877,0.120743,0.0091942,0.572803,0.456009
1997/2/7 0:00,0.584941,1.512603,0.679908,0.603815,0.120779,0.009193799999999999,0.573065,0.463107
1997/2/8 0:00,0.585383,1.515306,0.681601,0.600528,0.1208,0.009194200000000001,0.57346,0.461531
1997/2/9 0:00,0.584066,1.516507,0.682432,0.603636,0.1207994,0.009194200000000001,0.573017,0.459962
1997/2/10 0:00,0.590141,1.518941,0.681106,0.606075,0.1207886,0.009194400000000002,0.57351,0.461162
1997/2/11 0:00,0.591296,1.5245788,0.682196,0.604864,0.12082180000000001,0.0091704,0.576983,0.4611
1997/2/12 0:00,0.588282,1.517772,0.678702,0.599102,0.12080779999999999,0.0091942,0.577374,0.458246
1997/2/13 0:00,0.57909,1.5168494000000001,0.6710458000000001,0.597466,0.12081159999999999,0.0091942,0.577489,0.453782
1997/2/14 0:00,0.578211,1.5168494000000001,0.6710457999999999,0.598336,0.1208108,0.0091942,0.577079,0.455082
1997/2/15 0:00,0.581068,1.5168494000000001,0.6751156,0.594445,0.12081159999999999,0.0091942,0.57853,0.452936
1997/2/16 0:00,0.584675,1.5168494000000001,0.6766956,0.589828,0.1208108,0.0091942,0.579429,0.454327
1997/2/17 0:00,0.583792,1.5168494000000001,0.6758492,0.585577,0.1208108,0.0091942,0.581386,0.454564
1997/2/18 0:00,0.584283,1.5168494000000001,0.6766460000000001,0.587572,0.1208108,0.0091942,0.579213,0.454064
1997/2/19 0:00,0.586,1.5168494000000001,0.6766460000000001,0.585553,0.1208108,0.009194200000000001,0.579798,0.454255
1997/2/20 0:00,0.582116,1.5168494000000001,0.6758491999999999,0.581888,0.1208054,0.0091942,0.580831,0.452436
1997/2/21 0:00,0.578558,1.5168494000000001,0.6704084,0.584859,0.1208054,0.009194200000000001,0.583071,0.45071
1997/2/22 0:00,0.581675,1.5168494000000001,0.6729364,0.588599,0.1208054,0.009194200000000001,0.583766,0.4519
1997/2/23 0:00,0.578284,1.5168494000000001,0.674444,0.581348,0.1207878,0.0091942,0.583548,0.447679
1997/2/24 0:00,0.583025,1.5168494000000001,0.673761,0.58548,0.12079440000000001,0.0091942,0.581168,0.44882
1997/2/25 0:00,0.588176,1.5168494000000001,0.675152,0.58215,0.12080039999999999,0.0091942,0.581951,0.450235
1997/2/26 0:00,0.590795,1.5168494000000001,0.677623,0.586116,0.12080039999999999,0.0091942,0.582804,0.450355
1997/2/27 0:00,0.593137,1.5206906,0.678428,0.586421,0.1208054,0.0091942,0.580639,0.451745
1997/2/28 0:00,0.589164,1.5168494,0.678266,0.580117,0.1208054,0.0091942,0.5813104,0.45101
1997/3/1 0:00,0.589305,1.5168494000000001,0.677325,0.576846,0.12079480000000001,0.0091942,0.5813103999999999,0.44941
1997/3/2 0:00,0.567557,1.4446714000000003,0.674513,0.575583,0.12077800000000001,0.009073999999999999,0.5668337999999999,0.428957
1997/3/3 0:00,0.571929,1.4446714000000003,0.673491,0.580671,0.12077800000000001,0.008744199999999999,0.567596,0.4297
1997/3/4 0:00,0.5409614,1.4360518,0.673739,0.58061,0.12077439999999999,0.0081482,0.5752136,0.435787
1997/3/5 0:00,0.5409614,1.4404518,0.674013,0.584029,0.12077439999999999,0.008148200000000001,0.5752136,0.434913
1997/3/6 0:00,0.5390803999999999,1.4360518,0.67472,0.582445,0.12077199999999999,0.0081482,0.5689268000000001,0.4313
1997/3/7 0:00,0.5206048000000001,1.4321036,0.674397,0.574144,0.1207772,0.008158799999999999,0.5689842,0.425472
1997/3/8 0:00,0.5359864,1.4360518,0.678034,0.578266,0.1207748,0.0081482,0.5689842,0.430486
1997/3/9 0:00,0.5217956000000001,1.445402,0.679859,0.573592,0.1207764,0.0082302,0.5665861999999999,0.422742
1997/3/10 0:00,0.5279866,1.4360518,0.679506,0.580773,0.12077,0.0081482,0.5689842,0.429628
1997/3/11 0:00,0.5327871999999999,1.4326396000000001,0.678654,0.576325,0.12078360000000002,0.0081482,0.5689842,0.428243
1997/3/12 0:00,0.5199462,1.4259926,0.676158,0.569039,0.12077800000000001,0.0081482,0.5689842,0.426585
1997/3/13 0:00,0.5105822000000001,1.4292007999999998,0.674014,0.560574,0.12078980000000002,0.009093599999999999,0.5541686,0.413976
1997/3/14 0:00,0.5153226,1.4436574,0.677964,0.5943748,0.12081220000000001,0.008172,0.5559240000000001,0.420532
1997/3/15 0:00,0.5175826,1.4510216000000002,0.676343,0.5873345999999999,0.1208032,0.0081556,0.5559240000000001,0.421484
1997/3/16 0:00,0.5416614,1.4568978,0.675902,0.596542,0.120775,0.0081482,0.5689268000000001,0.4287
1997/3/17 0:00,0.5188608,1.4510216000000002,0.677,0.5873345999999999,0.12079200000000001,0.0081556,0.5559240000000001,0.421673
1997/3/18 0:00,0.5164128,1.4340512,0.671254,0.5968256000000001,0.120861,0.0079708,0.550962,0.418467
1997/3/19 0:00,0.5153226,1.4436574,0.672136,0.5943748,0.120803,0.008124600000000001,0.5559240000000001,0.420558
1997/3/20 0:00,0.5094920000000001,1.45852,0.673313,0.6049990000000001,0.120778,0.00835,0.5523705999999999,0.414007
1997/3/21 0:00,0.5031404,1.4502418,0.672583,0.6094812000000001,0.12084,0.0083452,0.5581766,0.412835
1997/3/22 0:00,0.5034516,1.4697042,0.674104,0.5890799999999999,0.120846,0.00938,0.5594758,0.408796
1997/3/23 0:00,0.49232699999999996,1.4467578,0.674174,0.5825606,0.12079580000000001,0.009395,0.5649200000000001,0.403098
1997/3/24 0:00,0.5008098000000001,1.4559486,0.671932,0.6014238,0.120793,0.009262,0.5665359999999999,0.411064
1997/3/25 0:00,0.5032310000000001,1.4659646,0.671999,0.5920406,0.1207924,0.009293,0.556249,0.41
1997/3/26 0:00,0.5008098000000001,1.4559486,0.672249,0.6114368000000001,0.12077940000000001,0.009317,0.5669752,0.411582
1997/3/27 0:00,0.5090524,1.4550146000000002,0.672153,0.6067373999999999,0.12079219999999999,0.009283,0.553156,0.414724
1997/3/28 0:00,0.5137422,1.4550146000000002,0.659656,0.5961038,0.12079179999999998,0.009298,0.553156,0.414541
1997/3/29 0:00,0.5031302,1.4630123999999998,0.6603014,0.6138222,0.12079519999999999,0.009237,0.5635916,0.406822
1997/3/30 0:00,0.5066706,1.4526272,0.6603014,0.6046128,0.12078580000000001,0.009201,0.5642332,0.406263
1997/3/31 0:00,0.5027603999999999,1.4492866,0.6592224,0.5996338,0.12077200000000002,0.009195,0.5642332000000001,0.405741
1997/4/1 0:00,0.49770839999999994,1.4504253999999999,0.661795,0.6091873999999999,0.12079,0.00919,0.56492,0.40108
1997/4/2 0:00,0.49770840000000005,1.4467578,0.661795,0.591347,0.12079580000000001,0.009166,0.56492,0.402839
1997/4/3 0:00,0.49770839999999994,1.4504253999999999,0.6617949999999999,0.6091874,0.12079,0.009184,0.56492,0.401151
1997/4/4 0:00,0.49770839999999994,1.4467578,0.661795,0.591347,0.12079060000000001,0.009174,0.56492,0.402711
1997/4/5 0:00,0.5032618,1.45638,0.6617949999999999,0.5972582,0.1207708,0.009251,0.5640276,0.404038
1997/4/6 0:00,0.5052011999999999,1.449996,0.6592224,0.599308,0.1207764,0.009255,0.5642332000000001,0.405931
1997/4/7 0:00,0.4969984,1.4263142,0.6617949999999999,0.5974186,0.12079720000000001,0.009288,0.5619213999999999,0.397599
1997/4/8 0:00,0.49770839999999994,1.4262067999999999,0.6617949999999999,0.5974185999999999,0.12077439999999999,0.009286,0.5619213999999999,0.39958
1997/4/9 0:00,0.4969984,1.4263142,0.6617949999999999,0.5974186,0.12078520000000001,0.009248,0.5619213999999999,0.397449
1997/4/10 0:00,0.5059520000000001,1.4389934,0.661795,0.5877996000000001,0.120833,0.009252,0.5599932,0.393579
1997/4/11 0:00,0.5095234000000001,1.446016,0.6617949999999999,0.5814611999999999,0.12074,0.009244,0.552522,0.39601
1997/4/12 0:00,0.5106033999999999,1.445611,0.661795,0.5814611999999999,0.120839,0.009277,0.5582271999999999,0.393153
1997/4/13 0:00,0.5086328,1.444977,0.661795,0.5821873999999999,0.120805,0.009211,0.5564357999999999,0.40221
1997/4/14 0:00,0.5043909999999999,1.455613,0.661795,0.591347,0.120845,0.009179,0.5584830000000001,0.40183
1997/4/15 0:00,0.5043909999999999,1.454596,0.661795,0.5825606,0.120855,0.009244,0.5608544,0.40269
1997/4/16 0:00,0.5086328,1.442411,0.661795,0.5821874,0.120763,0.00925,0.5564357999999999,0.401611
1997/4/17 0:00,0.5095234000000001,1.425485,0.661795,0.5814611999999999,0.120747,0.00926,0.5554656,0.39906
1997/4/18 0:00,0.5095234000000001,1.431934,0.6617949999999999,0.5814612,0.120815,0.009223,0.5554655999999999,0.39941
1997/4/19 0:00,0.5077214,1.462654,0.6590384,0.5832928,0.120838,0.009198,0.5592425999999999,0.405012
1997/4/20 0:00,0.5095234000000001,1.448126,0.661795,0.5814611999999999,0.120795,0.009181,0.5582271999999999,0.394011
1997/4/21 0:00,0.5095234,1.44885,0.661795,0.5814611999999999,0.120749,0.009186,0.5582271999999999,0.39485
1997/4/22 0:00,0.5095234000000001,1.445972,0.661795,0.5814612,0.120768,0.009238,0.5554655999999999,0.39944
1997/4/23 0:00,0.5095234000000001,1.443911,0.6617949999999999,0.5814612,0.120771,0.009263,0.5554655999999999,0.39934
1997/4/24 0:00,0.5086328,1.448626,0.661795,0.5814398,0.120791,0.009324,0.5554656,0.40075
1997/4/25 0:00,0.5095234000000001,1.429378,0.661795,0.5814612,0.120817,0.009315,0.5554656,0.397981
1997/4/26 0:00,0.5095234000000001,1.422658,0.661795,0.5814611999999999,0.120816,0.00931,0.5554656,0.39827
1997/4/27 0:00,0.5095234000000001,1.414617,0.661795,0.5814611999999999,0.120783,0.009319,0.552522,0.396491
1997/4/28 0:00,0.5086328,1.431377,0.661795,0.5814398,0.120805,0.009286,0.5554656,0.40071
1997/4/29 0:00,0.5095234000000001,1.429007,0.661795,0.5814612,0.120795,0.009281,0.552522,0.394361
1997/4/30 0:00,0.5095234000000001,1.435213,0.6617949999999999,0.5814611999999999,0.120788,0.009267,0.552522,0.397201
1997/5/1 0:00,0.5095234,1.425472,0.6617949999999999,0.5814612,0.120756,0.00922,0.552522,0.39685
1997/5/2 0:00,0.5095234000000001,1.42505,0.661795,0.5814612,0.12078,0.009183,0.5554656,0.39888
1997/5/3 0:00,0.5086428,1.422631,0.6617949999999999,0.5821873999999999,0.120767,0.009196,0.5564357999999999,0.40235
1997/5/4 0:00,0.5095234000000001,1.422208,0.6617949999999999,0.5814611999999999,0.120804,0.009087,0.552522,0.395831
1997/5/5 0:00,0.5095234,1.423373,0.661795,0.5814611999999999,0.120767,0.009105,0.552522,0.3947
1997/5/6 0:00,0.5095234,1.41885,0.661795,0.5814611999999999,0.120757,0.00909,0.5554656,0.397591
1997/5/7 0:00,0.5095234000000001,1.407387,0.661795,0.5814611999999999,0.120763,0.009084,0.5554655999999999,0.39944
1997/5/8 0:00,0.5086428,1.40183,0.6617949999999999,0.5814611999999999,0.120755,0.0092392,0.5564357999999999,0.39949
1997/5/9 0:00,0.5086428,1.405069,0.661795,0.5814398,0.120754,0.0091836,0.5564357999999999,0.40036
1997/5/10 0:00,0.5089424,1.418241,0.6603014,0.5843406,0.12079,0.008506000000000001,0.5559033999999999,0.406419
1997/5/11 0:00,0.5081922000000001,1.417983,0.6592224000000001,0.5835161999999999,0.120746,0.0087372,0.5578369999999999,0.405709
1997/5/12 0:00,0.5086428,1.421689,0.6617949999999999,0.5833828000000001,0.120768,0.0090052,0.5578369999999999,0.404169
1997/5/13 0:00,0.5154050000000001,1.433233,0.6302914000000001,0.5996218,0.120749,0.0077614,0.542386,0.415517
1997/5/14 0:00,0.5214116000000001,1.44028,0.6432241999999999,0.5865262,0.120764,0.0079486,0.5453892,0.422665
1997/5/15 0:00,0.5217862,1.447605,0.6282362,0.5997576,0.120816,0.008131,0.5440153999999999,0.423638
1997/5/16 0:00,0.5208541999999999,1.43367,0.6404915999999999,0.5964162000000001,0.120768,0.008131,0.5440154,0.423423
1997/5/17 0:00,0.5466224000000001,1.446261,0.6601672,0.5942727999999999,0.120768,0.007683199999999999,0.5418752,0.4297
1997/5/18 0:00,0.5244256,1.445166,0.6415152000000001,0.596421,0.120759,0.0076946,0.5429991999999999,0.42608
1997/5/19 0:00,0.5217862,1.450655,0.6282361999999999,0.5997576,0.120779,0.007954,0.5440153999999999,0.423965
1997/5/20 0:00,0.5188608,1.4548,0.6492634,0.5929536,0.120755,0.0079684,0.5504524,0.421666
1997/5/21 0:00,0.5190528000000001,1.445655,0.6391296000000001,0.598688,0.120816,0.0079252,0.5500026,0.421208
1997/5/22 0:00,0.5229242000000001,1.466057,0.6516366,0.58703,0.120783,0.0082108,0.5573992,0.422739
1997/5/23 0:00,0.5301768,1.473503,0.6556040000000001,0.595527,0.120795,0.0080262,0.5434751999999999,0.428357
1997/5/24 0:00,0.5301768,1.477459,0.6556040000000001,0.598354,0.120791,0.007772800000000001,0.5432086,0.4286
1997/5/25 0:00,0.538003,1.467166,0.6553306000000001,0.593419,0.120762,0.0080262,0.5446027999999999,0.4293
1997/5/26 0:00,0.5390612,1.467453,0.6564317999999999,0.595645,0.120783,0.007560599999999999,0.5492576,0.434326
1997/5/27 0:00,0.5457048,1.476752,0.6616436000000001,0.600727,0.120771,0.007574,0.5434190000000001,0.43923
1997/5/28 0:00,0.5347820000000001,1.4518556,0.6502872,0.6012058,0.12078,0.007574,0.5716128,0.439606
1997/5/29 0:00,0.5353972,1.445598,0.652188,0.6017436,0.120783,0.007574,0.571225,0.441262
1997/5/30 0:00,0.5430992,1.4552083999999998,0.6574442000000001,0.6018041999999999,0.120806,0.007574,0.5671626,0.442229
1997/5/31 0:00,0.5463874,1.4552084,0.6574442,0.6012666,0.120745,0.007574,0.5671626,0.442611
1997/6/1 0:00,0.5384882,1.445598,0.6548892000000001,0.6016300000000001,0.120752,0.007574,0.5712249999999999,0.441568
1997/6/2 0:00,0.534782,1.4518556,0.6502872,0.6012058,0.120751,0.007574,0.5719687999999999,0.439624
1997/6/3 0:00,0.548018,1.4552084,0.6559272,0.6051856000000001,0.120745,0.007574,0.5671626,0.44315
1997/6/4 0:00,0.5384882,1.4552084,0.6574442,0.6018041999999999,0.120743,0.007574,0.5712249999999999,0.442067
1997/6/5 0:00,0.5566334,1.4815744,0.65161,0.6059324,0.120796,0.007896,0.5576342000000001,0.447111
1997/6/6 0:00,0.5515588,1.4728861999999998,0.6575128,0.60873,0.120746,0.007896,0.5576342000000001,0.446577
1997/6/7 0:00,0.580453,1.5168494000000001,0.6678516,0.5894193999999999,0.120787,0.008143599999999999,0.5709455999999999,0.450525
1997/6/8 0:00,0.5684584,1.5168494000000001,0.6542548,0.5966772,0.120774,0.00824,0.5791722,0.453273
1997/6/9 0:00,0.5490984000000001,1.4552084,0.6599904000000001,0.6086159999999999,0.120792,0.007574,0.5619272,0.444667
1997/6/10 0:00,0.5490396000000001,1.4552084,0.6599904000000001,0.609112,0.120792,0.007574,0.5576342000000001,0.44535
1997/6/11 0:00,0.5498996,1.4552083999999998,0.6550348,0.609112,0.120818,0.007896,0.5576342000000001,0.445677
1997/6/12 0:00,0.5713878,1.5168494000000001,0.6678516,0.5980442,0.120825,0.008143599999999999,0.5709455999999999,0.450755
1997/6/13 0:00,0.5384882,1.445598,0.6548892000000001,0.6016300000000001,0.120773,0.007574,0.5712249999999999,0.441579
1997/6/14 0:00,0.555817,1.488381,0.6658708,0.6062304000000001,0.120833,0.007660600000000001,0.5521,0.445455
1997/6/15 0:00,0.553205,1.488381,0.6658708000000001,0.6045885999999999,0.120765,0.007574,0.5521,0.444156
1997/6/16 0:00,0.555055,1.4998304,0.6658708000000001,0.6062304000000001,0.120819,0.0079656,0.5521,0.44625
1997/6/17 0:00,0.556211,1.4998304000000002,0.6658708000000001,0.6085888,0.120765,0.008143599999999999,0.5521,0.446861
1997/6/18 0:00,0.556928,1.4998304,0.6658708000000001,0.6109394,0.120748,0.008143599999999999,0.5521,0.448166
1997/6/19 0:00,0.555267,1.4998304,0.6658708000000001,0.6085887999999999,0.12074,0.008143599999999999,0.5521,0.447455
1997/6/20 0:00,0.550755,1.488381,0.6650462000000001,0.6053672,0.120748,0.007574,0.5521,0.444567
1997/6/21 0:00,0.543554,1.4565677999999997,0.6550423999999999,0.6005274,0.120796,0.007574,0.5418752,0.433033
1997/6/22 0:00,0.545623,1.4564264,0.6634718000000001,0.5952401999999999,0.120748,0.007574,0.5418752,0.434807
1997/6/23 0:00,0.542859,1.4487332,0.6599674,0.5960714,0.120745,0.007574,0.5475922000000001,0.436275
1997/6/24 0:00,0.543918,1.4564264,0.6634718000000001,0.5920626,0.120803,0.007574,0.5418752,0.435456
1997/6/25 0:00,0.545709,1.4487332,0.665402,0.5991,0.120773,0.0082588,0.5517894,0.44045
1997/6/26 0:00,0.550965,1.488381,0.667022,0.6053672,0.120752,0.00824,0.5521,0.444917
1997/6/27 0:00,0.555572,1.5211904,0.669525,0.6126815999999999,0.120812,0.008471799999999998,0.5521,0.45031
1997/6/28 0:00,0.552911,1.488381,0.667691,0.6062304000000001,0.120792,0.00824,0.5521,0.446055
1997/6/29 0:00,0.550415,1.4700532,0.663062,0.6012666,0.120787,0.00824,0.5521,0.442761
1997/6/30 0:00,0.5530494,1.4693432,0.662054,0.6045885999999999,0.120806,0.0082752,0.5517894,0.443856
1997/7/1 0:00,0.5457048,1.4475846,0.661439,0.6003478,0.120783,0.0081028,0.559133,0.43765
1997/7/2 0:00,0.5409614,1.4413892000000001,0.662339,0.5990252,0.120777,0.008156,0.5689268000000001,0.432884
1997/7/3 0:00,0.5443325999999999,1.4475846,0.661222,0.599674,0.120825,0.0081028,0.559133,0.436619
1997/7/4 0:00,0.5409613999999999,1.4510968,0.657093,0.5976025999999999,0.120794,0.0081028,0.5718564,0.435369
1997/7/5 0:00,0.5367303999999999,1.4413892000000001,0.65718,0.5977488,0.120813,0.008156,0.5711852000000001,0.43245
1997/7/6 0:00,0.5201134,1.4384596000000003,0.654772,0.592032,0.120814,0.008158799999999999,0.5602668,0.425537
1997/7/7 0:00,0.5240868,1.4568978,0.651781,0.596542,0.120781,0.0081482,0.5703950000000001,0.4286
1997/7/8 0:00,0.5272859999999999,1.4585206,0.64954,0.597194,0.120808,0.0081482,0.5703950000000001,0.4297
1997/7/9 0:00,0.521586,1.4566788000000002,0.650907,0.5967895999999999,0.120773,0.0081482,0.5688054,0.427557
1997/7/10 0:00,0.5233258,1.4568978,0.649217,0.5967895999999999,0.120754,0.0081482,0.5688054,0.428072
1997/7/11 0:00,0.521586,1.4566788000000002,0.650783,0.5967895999999999,0.120803,0.0081482,0.5688054,0.427157
1997/7/12 0:00,0.5272859999999999,1.4585206,0.650213,0.595677,0.120751,0.0081482,0.5703950000000001,0.429314
1997/7/13 0:00,0.5409613999999999,1.4436522,0.651292,0.5976026,0.12073,0.0081042,0.5714228,0.43435
1997/7/14 0:00,0.5367303999999999,1.4413892000000001,0.654255,0.5977488,0.120789,0.008156,0.5711852000000001,0.432634
1997/7/15 0:00,0.5338192,1.4585206000000002,0.654554,0.5954692,0.120772,0.0081482,0.5703950000000001,0.43085
1997/7/16 0:00,0.5327578,1.4365408,0.650146,0.602017,0.120745,0.0081042,0.57114,0.431984
1997/7/17 0:00,0.5401406000000001,1.445723,0.646344,0.609059,0.120764,0.007869600000000001,0.5711976,0.437125
1997/7/18 0:00,0.5327578000000001,1.4365408,0.647728,0.605327,0.120803,0.0081042,0.5705212000000001,0.431314
1997/7/19 0:00,0.5272859999999999,1.4324572,0.648086,0.603112,0.120758,0.0081482,0.5705212000000001,0.430114
1997/7/20 0:00,0.5198752000000001,1.4384596000000003,0.64874,0.606625,0.120752,0.008158799999999999,0.5561634,0.425287
1997/7/21 0:00,0.520997,1.4444020000000002,0.644924,0.605538,0.120805,0.0080896,0.5485287999999999,0.421408
1997/7/22 0:00,0.5214744,1.4376070000000003,0.647011,0.605206,0.120763,0.0082246,0.5561634,0.424008
1997/7/23 0:00,0.5191062000000001,1.4279483999999998,0.667108,0.605462,0.12077,0.008172200000000001,0.5465859999999999,0.419358
1997/7/24 0:00,0.5204366,1.4289052000000002,0.6525316,0.601245,0.120705,0.008199199999999999,0.5468016,0.417158
1997/7/25 0:00,0.5195776000000001,1.4256342,0.6631112,0.593518,0.120786,0.008210199999999999,0.5489344,0.41885
1997/7/26 0:00,0.5091314,1.4239974,0.6641799999999999,0.591493,0.120771,0.008914799999999997,0.5467723999999999,0.411209
1997/7/27 0:00,0.5123534,1.4292378,0.6637204,0.58253,0.120767,0.008377599999999999,0.562715,0.408218
1997/7/28 0:00,0.5191062000000001,1.433277,0.667108,0.583844,0.120779,0.008210199999999999,0.565323,0.4195
1997/7/29 0:00,0.5189527999999999,1.4480924000000002,0.6663325999999999,0.58818,0.120802,0.008211600000000001,0.565036,0.421158
1997/7/30 0:00,0.5185244,1.4256342,0.6602881999999999,0.591333,0.120767,0.0082024,0.563079,0.418266
1997/7/31 0:00,0.5082409999999999,1.4271248,0.6652536,0.581912,0.12077,0.008673199999999999,0.559268,0.412268
1997/8/1 0:00,0.5121018,1.4292007999999998,0.6604601999999999,0.580387,0.120782,0.0086822,0.560994,0.414434
1997/8/2 0:00,0.5133824,1.4292378,0.6637204,0.58199,0.120803,0.0085462,0.559143,0.407746
1997/8/3 0:00,0.5096434000000001,1.4298815999999999,0.6662250000000001,0.583207,0.120778,0.008151,0.557864,0.409636
1997/8/4 0:00,0.508142,1.4298815999999999,0.6644342,0.579143,0.120791,0.008215,0.557072,0.410277
1997/8/5 0:00,0.5096434000000001,1.4298816,0.6642408000000001,0.578847,0.120767,0.008083,0.55537,0.4093
1997/8/6 0:00,0.5086428,1.4440455999999997,0.661795,0.574128,0.120794,0.009235000000000002,0.554093,0.402799
1997/8/7 0:00,0.5086428,1.424706,0.6617949999999999,0.574235,0.120808,0.009228799999999999,0.550858,0.39711
1997/8/8 0:00,0.5086428,1.4188578,0.6617949999999999,0.579839,0.120751,0.009231000000000001,0.5564357999999999,0.40019
1997/8/9 0:00,0.5086428,1.4440456000000002,0.661795,0.58844,0.120779,0.009200799999999999,0.5588719999999999,0.402369
1997/8/10 0:00,0.5086428,1.4359106,0.6617949999999999,0.589147,0.120772,0.0092568,0.5563168,0.404129
1997/8/11 0:00,0.5077214,1.4350326,0.6590384,0.589102,0.120774,0.0089834,0.5563168,0.404988
1997/8/12 0:00,0.5091324,1.4350326,0.6603014,0.590264,0.120793,0.008506000000000001,0.5532032,0.406569
1997/8/13 0:00,0.5086428,1.4366191999999998,0.661795,0.587281,0.120784,0.009246800000000001,0.5584328,0.40075
1997/8/14 0:00,0.5086428,1.4440455999999997,0.661795,0.583577,0.120758,0.009235000000000002,0.5584328,0.402869
1997/8/15 0:00,0.5081922,1.4350326,0.6592224,0.583127,0.120778,0.0087372,0.5584328,0.405859
1997/8/16 0:00,0.5115934,1.4292378,0.6637204,0.58473,0.120758,0.0084516,0.5592124,0.408437
1997/8/17 0:00,0.5090009999999999,1.4239974,0.6640632,0.583696,0.120782,0.0086816,0.5575464,0.410627
1997/8/18 0:00,0.5086428,1.4350326,0.661795,0.57722,0.120753,0.008983399999999999,0.5576786,0.404679
1997/8/19 0:00,0.5086428,1.4440456000000002,0.661795,0.577511,0.120785,0.0092008,0.5564357999999999,0.40226
1997/8/20 0:00,0.5086428,1.4359106,0.6617949999999999,0.577868,0.120749,0.009021200000000002,0.5576786,0.40431
1997/8/21 0:00,0.507972,1.4298816,0.6662250000000001,0.586589,0.120788,0.008941399999999999,0.5575464,0.410195
1997/8/22 0:00,0.507972,1.4298816,0.6662250000000001,0.586531,0.1208,0.008941399999999999,0.5575464,0.410195
1997/8/23 0:00,0.5091314,1.4271248,0.6652533999999999,0.586599,0.120817,0.0086616,0.5509312000000001,0.411386
1997/8/24 0:00,0.5090009999999999,1.4239974,0.6640632,0.583511,0.120782,0.008686399999999999,0.5575464,0.410909
1997/8/25 0:00,0.5090009999999999,1.4239974,0.6640632,0.586084,0.120821,0.008728799999999998,0.5555323999999999,0.410495
1997/8/26 0:00,0.508241,1.4271248,0.6652534,0.587285,0.120794,0.008593,0.5494208,0.412044
1997/8/27 0:00,0.5090009999999999,1.4239974,0.6640632,0.579546,0.1208,0.008699199999999999,0.5562891999999999,0.411036
1997/8/28 0:00,0.5144032000000001,1.4292007999999998,0.6632359999999999,0.577502,0.120751,0.008104799999999999,0.5494207999999999,0.413335
1997/8/29 0:00,0.5207368,1.4256342,0.6642768,0.579544,0.1208196,0.008210199999999999,0.5550852,0.418908
1997/8/30 0:00,0.5235646,1.445402,0.672462,0.580587,0.1207764,0.0082108,0.5635132,0.422616
1997/8/31 0:00,0.5188661999999999,1.438023,0.6722846,0.576596,0.12079979999999998,0.008241,0.5586627999999999,0.420616
1997/9/1 0:00,0.5231161999999999,1.4444020000000002,0.672462,0.578047,0.12078119999999999,0.0082074,0.5586628,0.42155
1997/9/2 0:00,0.5188661999999999,1.4380229999999998,0.6722846,0.577445,0.12079979999999998,0.008241,0.5586627999999999,0.420566
1997/9/3 0:00,0.516408,1.422315,0.6412462,0.6010070000000001,0.12080740000000001,0.008023800000000001,0.5502887999999999,0.418433
1997/9/4 0:00,0.522707,1.4486306,0.6335868,0.6004064,0.12080139999999999,0.008199,0.5436783999999999,0.424565
1997/9/5 0:00,0.52391,1.4476534,0.6282361999999999,0.5997576,0.12080139999999999,0.008153,0.5441964,0.42425
1997/9/6 0:00,0.522804,1.4480924,0.6356606000000001,0.597968,0.12080880000000001,0.008164,0.5453892,0.422123
1997/9/7 0:00,0.519358,1.4336145999999999,0.638878,0.5947229999999999,0.12079579999999998,0.008113,0.5518624,0.419208
1997/9/8 0:00,0.521304,1.4336145999999999,0.6412462,0.6010070000000001,0.12080740000000001,0.008117,0.5502887999999999,0.418391
1997/9/9 0:00,0.524305,1.4484824,0.6362324000000001,0.5877532,0.12080260000000001,0.008101,0.5453892,0.4226
1997/9/10 0:00,0.527703,1.4486306,0.6442006,0.595153,0.1208062,0.008151,0.5436783999999999,0.424938
1997/9/11 0:00,0.529362,1.461911,0.6460920000000001,0.5923838,0.1207926,0.008089,0.5428018,0.428072
1997/9/12 0:00,0.527558,1.4627898,0.6352646,0.5946274,0.12081,0.008149,0.5429991999999999,0.426507
1997/9/13 0:00,0.523152,1.4476534,0.6282361999999999,0.5997576,0.1208006,0.008142,0.5440153999999999,0.424065
1997/9/14 0:00,0.516052,1.4285436,0.6372378,0.5932802,0.12079579999999998,0.008327,0.5518624,0.419274
1997/9/15 0:00,0.521452,1.4476534,0.6404916,0.5939940000000001,0.12079,0.00834,0.5440153999999999,0.423581
1997/9/16 0:00,0.519258,1.4427624000000001,0.6282361999999999,0.5997576,0.12079,0.008289,0.5440153999999999,0.423873
1997/9/17 0:00,0.521159,1.4476534,0.6404916,0.5910232,0.12079,0.008257,0.5446915999999999,0.42345
1997/9/18 0:00,0.51921,1.4463198,0.6498266000000001,0.591967,0.120817,0.008323,0.5509478,0.421008
1997/9/19 0:00,0.512906,1.4383282000000002,0.6330104000000001,0.6049490000000001,0.12079519999999999,0.008308,0.5457662,0.416858
1997/9/20 0:00,0.507452,1.4333084,0.6395964000000001,0.5895972,0.1207944,0.008387,0.551849,0.409436
1997/9/21 0:00,0.507252,1.4373794,0.6400174,0.586833,0.1207904,0.008394,0.5529776,0.409018
1997/9/22 0:00,0.50765,1.4478986,0.651079,0.5844086,0.1207964,0.008385,0.5526351999999999,0.4103
1997/9/23 0:00,0.510102,1.453406,0.653057,0.5917066,0.120801,0.008317,0.5534147999999999,0.411518
1997/9/24 0:00,0.5159,1.4514904000000002,0.656447,0.6009274,0.12078,0.008319,0.5475123999999999,0.413367
1997/9/25 0:00,0.520908,1.4437434,0.657114,0.603808,0.12080659999999999,0.008319,0.5445252,0.416084
1997/9/26 0:00,0.522204,1.440184,0.65798,0.5935316,0.12079520000000002,0.008278,0.5530792,0.419374
1997/9/27 0:00,0.522011,1.4437434,0.658021,0.6059894,0.1207968,0.008201,0.5453517999999999,0.4171
1997/9/28 0:00,0.52566,1.4448104000000002,0.656206,0.596381,0.1208024,0.008216,0.5526658,0.418491
1997/9/29 0:00,0.528103,1.4480924,0.658867,0.5885492,0.1207772,0.008192,0.5534705999999999,0.4223
1997/9/30 0:00,0.5275,1.4504694,0.65798,0.6059828,0.12078599999999999,0.008239,0.5485157999999999,0.417441
1997/10/1 0:00,0.524052,1.4476512000000001,0.657806,0.6055934,0.12079720000000001,0.008192,0.5452462,0.416717
1997/10/2 0:00,0.52325,1.4514904000000002,0.651759,0.600714,0.1207866,0.008109,0.550312,0.414426
1997/10/3 0:00,0.521058,1.4514904000000002,0.651565,0.600714,0.1207866,0.008137,0.550358,0.414526
1997/10/4 0:00,0.520602,1.4514904,0.652273,0.6060053999999999,0.1207866,0.008071,0.549224,0.41405
1997/10/5 0:00,0.516205,1.4558438,0.656446,0.5958018,0.12078739999999999,0.008027,0.548742,0.412459
1997/10/6 0:00,0.517157,1.4558438,0.656206,0.6014144,0.1207876,0.008042,0.549073,0.4133
1997/10/7 0:00,0.517505,1.4514904,0.657631,0.600714,0.12079279999999999,0.008065,0.549753,0.414
1997/10/8 0:00,0.521657,1.4437434,0.65889,0.5995448,0.12077560000000001,0.00808,0.549858,0.416992
1997/10/9 0:00,0.518352,1.4431547999999998,0.658888,0.6035856,0.1207772,0.008043,0.548893,0.416675
1997/10/10 0:00,0.505951,1.4350326,0.657009,0.5843406,0.120793,0.008018,0.5584328,0.406188
1997/10/11 0:00,0.511756,1.4350326,0.660085,0.5854025999999999,0.120773,0.008017,0.5584328,0.406547
1997/10/12 0:00,0.511252,1.4350326,0.660391,0.5845282,0.120768,0.008057,0.5584328,0.407019
1997/10/13 0:00,0.517609,1.4351133999999999,0.662011,0.5822608,0.120797,0.00804,0.5584328,0.408368
1997/10/14 0:00,0.5174,1.4351134,0.662011,0.5845281999999999,0.120759,0.0085424,0.5584328,0.407578
1997/10/15 0:00,0.514557,1.4399012,0.661091,0.582632,0.120773,0.009206200000000001,0.5564357999999999,0.403329
1997/10/16 0:00,0.509501,1.4359106,0.656616,0.5833828000000001,0.120771,0.009211,0.5578369999999999,0.404198
1997/10/17 0:00,0.5109,1.4351134,0.6551378,0.5845282,0.120821,0.0087534,0.5559033999999999,0.406887
1997/10/18 0:00,0.50995,1.4350326,0.6616409999999999,0.5843406,0.120756,0.0092172,0.5578369999999999,0.406178
1997/10/19 0:00,0.505852,1.4350326,0.6644588,0.5832928000000001,0.120794,0.0089812,0.5578369999999999,0.40455
1997/10/20 0:00,0.506001,1.4350326,0.6572792,0.5835161999999999,0.120807,0.008973400000000001,0.5578369999999999,0.405619
1997/10/21 0:00,0.507304,1.4350326,0.6545226,0.5854026,0.120795,0.008981200000000002,0.5559033999999999,0.406659
1997/10/22 0:00,0.507303,1.4350326,0.6644588,0.5835161999999999,0.120773,0.008973400000000001,0.5578369999999999,0.405378
1997/10/23 0:00,0.509751,1.4351134,0.661641,0.5845282,0.120818,0.008989,0.5559033999999999,0.406787
1997/10/24 0:00,0.515902,1.4468568000000002,0.6527676,0.5929374000000001,0.12078,0.0079892,0.5485984,0.413984
1997/10/25 0:00,0.513455,1.4452862,0.6547648,0.5936869999999999,0.120795,0.007937200000000002,0.5462421999999999,0.413526
1997/10/26 0:00,0.508254,1.4304472000000001,0.6400174,0.586833,0.120803,0.008478999999999999,0.5559034,0.408918
1997/10/27 0:00,0.50925,1.438336,0.6421703999999999,0.6028585999999999,0.120788,0.008309,0.5484346,0.4119
1997/10/28 0:00,0.508751,1.438336,0.6421704,0.6028585999999999,0.120754,0.008257400000000002,0.5484346,0.411885
1997/10/29 0:00,0.509252,1.438336,0.6421703999999999,0.6028585999999999,0.120767,0.008309,0.5484346,0.41185
1997/10/30 0:00,0.508302,1.438336,0.6422372000000001,0.5967346,0.12078,0.0082574,0.549045,0.412294
1997/10/31 0:00,0.50565,1.425622,0.6403268000000001,0.596519,0.120797,0.0082574,0.5484346,0.41235
1997/11/1 0:00,0.509602,1.424908,0.6403268000000001,0.593898,0.120756,0.00809,0.5486601999999999,0.413026
1997/11/2 0:00,0.518109,1.43362,0.6376302,0.6049490000000001,0.120794,0.0079962,0.5463446000000001,0.417042
1997/11/3 0:00,0.52041,1.431564,0.6416074,0.5935315999999999,0.12079580000000001,0.008045199999999999,0.5549102,0.419024
1997/11/4 0:00,0.518,1.428621,0.6411659999999999,0.6044061999999999,0.12080379999999999,0.0079614,0.5489718,0.417791
1997/11/5 0:00,0.517507,1.417816,0.6456042,0.5935765999999999,0.12079580000000001,0.008105600000000001,0.5526362,0.41939
1997/11/6 0:00,0.5156,1.41655,0.6392014,0.596381,0.12081060000000002,0.008023800000000001,0.5487716,0.418408
1997/11/7 0:00,0.5196,1.415825,0.6282362,0.5997576,0.12081039999999998,0.0078572,0.5440154000000001,0.424073
1997/11/8 0:00,0.512051,1.425415,0.6445487999999999,0.5959516,0.12080660000000001,0.0075786000000000004,0.5436783999999999,0.425315
1997/11/9 0:00,0.513005,1.423457,0.6602156,0.5891432,0.12079480000000001,0.0083008,0.568246,0.425357
1997/11/10 0:00,0.517755,1.4201,0.6506160000000001,0.5928097999999999,0.1207864,0.0082454,0.569103,0.427757
1997/11/11 0:00,0.521704,1.428214,0.661944,0.5875326,0.12077840000000002,0.0082246,0.569265,0.430385
1997/11/12 0:00,0.528853,1.440518,0.6550424,0.5976902,0.12078479999999998,0.0081482,0.572984,0.43332
1997/11/13 0:00,0.524055,1.443211,0.650146,0.6000433999999999,0.1207674,0.0081482,0.572377,0.432214
1997/11/14 0:00,0.5354,1.444261,0.648445,0.6015219999999999,0.12079500000000001,0.0081468,0.570679,0.438831
1997/11/15 0:00,0.532903,1.444,0.647417,0.599674,0.12080519999999999,0.0081468,0.568877,0.436406
1997/11/16 0:00,0.535368,1.45465,0.646033,0.604705,0.12077559999999998,0.0081468,0.570776,0.439262
1997/11/17 0:00,0.53441,1.448126,0.648249,0.600517,0.12079519999999999,0.0081468,0.570125,0.439762
1997/11/18 0:00,0.534314,1.446916,0.649328,0.601819,0.12078660000000001,0.0081468,0.569979,0.44103
1997/11/19 0:00,0.53496,1.442711,0.649556,0.600643,0.12078839999999999,0.0081468,0.572459,0.440406
1997/11/20 0:00,0.528706,1.442579,0.64924,0.60009,0.1208084,0.0081482,0.572197,0.437812
1997/11/21 0:00,0.53015,1.452659,0.649279,0.601389,0.12079480000000001,0.0081468,0.57089,0.440612
1997/11/22 0:00,0.529359,1.45105,0.646842,0.598814,0.1207954,0.0081482,0.571804,0.439374
1997/11/23 0:00,0.531853,1.457004,0.647375,0.604481,0.1207714,0.0081468,0.572672,0.441373
1997/11/24 0:00,0.529064,1.453055,0.64491,0.601921,0.1207942,0.0081482,0.57468,0.438962
1997/11/25 0:00,0.527414,1.453605,0.644739,0.598557,0.12081599999999999,0.0081482,0.574399,0.43675
1997/11/26 0:00,0.52071,1.442756,0.641077,0.586699,0.12077059999999999,0.0082246,0.572197,0.431277
1997/11/27 0:00,0.520402,1.456517,0.642167,0.58576,0.1207632,0.0082246,0.571184,0.431964
1997/11/28 0:00,0.520406,1.455023,0.641945,0.5919,0.120814,0.0082246,0.571429,0.433513
1997/11/29 0:00,0.519352,1.46042,0.638727,0.597603,0.12081539999999999,0.0082454,0.572738,0.43442
1997/11/30 0:00,0.513605,1.4565,0.639836,0.592068,0.120785,0.0082816,0.571396,0.430421
1997/12/1 0:00,0.516702,1.46731,0.639987,0.602653,0.12077819999999999,0.0082816,0.575374,0.426857
1997/12/2 0:00,0.51685,1.46925,0.639276,0.604748,0.1207696,0.0083072,0.575457,0.425037
1997/12/3 0:00,0.514851,1.471314,0.639046,0.616542,0.12077939999999998,0.0082618,0.577284,0.423573
1997/12/4 0:00,0.50235,1.465404,0.6725733999999999,0.622784,0.12080740000000001,0.009309999999999999,0.576951,0.411318
1997/12/5 0:00,0.49755,1.467066,0.672446,0.625399,0.1208326,0.0092906,0.576984,0.413043
1997/12/6 0:00,0.491599,1.468013,0.6724152,0.626523,0.12081439999999999,0.009309999999999999,0.574548,0.411418
1997/12/7 0:00,0.492097,1.465704,0.6725733999999999,0.629785,0.12082319999999999,0.00931,0.575457,0.411318
1997/12/8 0:00,0.484742,1.455972,0.6728916,0.633079,0.12083499999999998,0.0091786,0.572951,0.40205
1997/12/9 0:00,0.491747,1.462769,0.6728916,0.625606,0.1208124,0.009221799999999999,0.564892,0.402029
1997/12/10 0:00,0.4932,1.469909,0.6729584,0.629174,0.120814,0.0092536,0.564302,0.407028
1997/12/11 0:00,0.491299,1.474408,0.6729584,0.624867,0.120794,0.0092524,0.565851,0.404338
1997/12/12 0:00,0.487995,1.4741,0.6732346,0.620132,0.120807,0.0092218,0.566813,0.40137
1997/12/13 0:00,0.491848,1.4721,0.6729584,0.61556,0.120771,0.0092536,0.56646,0.406897
1997/12/14 0:00,0.495448,1.479002,0.6729584,0.618487,0.120795,0.0092536,0.565307,0.406238
1997/12/15 0:00,0.4951,1.468553,0.6729584,0.617189,0.120771,0.009259400000000001,0.562351,0.404897
1997/12/16 0:00,0.495848,1.47581,0.6729584,0.615626,0.120771,0.0092536,0.562746,0.406897
1997/12/17 0:00,0.5011,1.475702,0.6725734,0.617303,0.120771,0.0092978,0.562287,0.409686
1997/12/18 0:00,0.507151,1.483203,0.6682754000000001,0.618684,0.120783,0.008919999999999999,0.559362,0.414284
1997/12/19 0:00,0.5072,1.473003,0.6722878000000001,0.622045,0.120773,0.0087182,0.557072,0.416225
1997/12/20 0:00,0.5007,1.45785,0.6724460000000001,0.615162,0.120758,0.0092906,0.554739,0.412459
1997/12/21 0:00,0.5022,1.450625,0.6724460000000001,0.613977,0.120771,0.009308,0.551511,0.412943
1997/12/22 0:00,0.50135,1.443978,0.6569302,0.607697,0.120798,0.0085668,0.550131,0.414426
1997/12/23 0:00,0.51205,1.4517,0.6749394,0.615304,0.1208,0.008128,0.550312,0.41974
1997/12/24 0:00,0.515453,1.448316,0.6749394000000001,0.615001,0.120823,0.0082758,0.552501,0.420916
1997/12/25 0:00,0.511602,1.447471,0.6436316000000001,0.611536,0.120773,0.008092199999999999,0.550464,0.418491
1997/12/26 0:00,0.510602,1.44605,0.6459794000000001,0.609552,0.120818,0.0081358,0.550721,0.417825
1997/12/27 0:00,0.507404,1.443511,0.65558,0.610794,0.12078,0.008502800000000001,0.549753,0.415892
1997/12/28 0:00,0.5087,1.432177,0.6493916000000001,0.608169,0.120771,0.0079586,0.548712,0.417025
1997/12/29 0:00,0.5172055999999999,1.42398,0.63367,0.602712,0.120805,0.008081,0.546926,0.418341
1997/12/30 0:00,0.5172055999999999,1.425072,0.636132,0.602217,0.120783,0.008081,0.54784,0.418658
1997/12/31 0:00,0.5175952,1.428157,0.635214,0.603483,0.120797,0.008077200000000001,0.5473,0.418041
1998/1/1 0:00,0.508241,1.42538,0.635419,0.604573,0.120806,0.0079732,0.548546,0.41195
1998/1/2 0:00,0.509802,1.435632,0.634357,0.605651,0.120768,0.0079872,0.54727,0.412318
1998/1/3 0:00,0.5125618,1.453159,0.6661404000000001,0.613742,0.120753,0.0086026,0.546852,0.413934
1998/1/4 0:00,0.5157238000000001,1.45076,0.6629989999999999,0.615366,0.120795,0.0081048,0.548381,0.413176
1998/1/5 0:00,0.5090009999999999,1.455,0.6640632,0.612257,0.120795,0.008914799999999999,0.548652,0.410777
1998/1/6 0:00,0.5169242,1.4615,0.6623152000000001,0.613177,0.120818,0.0085518,0.548441,0.41475
1998/1/7 0:00,0.519575,1.4588,0.6581438000000001,0.61024,0.12082,0.008188399999999998,0.54933,0.41595
1998/1/8 0:00,0.5187664,1.4593,0.627963,0.608939,0.120821,0.008172,0.550131,0.4205
1998/1/9 0:00,0.5169857999999999,1.4318111999999998,0.625391,0.611247,0.120823,0.008237600000000001,0.551815,0.4195
1998/1/10 0:00,0.5185074000000001,1.4391769999999997,0.625469,0.609793,0.120823,0.008237600000000001,0.551709,0.4202
1998/1/11 0:00,0.521786,1.444402,0.623908,0.611322,0.120824,0.008308,0.548697,0.42215
1998/1/12 0:00,0.5203458000000001,1.4444020000000002,0.62751,0.598337,0.120824,0.00822,0.54757,0.4213
1998/1/13 0:00,0.5185074000000001,1.433277,0.627943,0.601558,0.120821,0.008228,0.548035,0.42
1998/1/14 0:00,0.5171838,1.4287176,0.629961,0.601649,0.120817,0.008168,0.545852,0.41745
1998/1/15 0:00,0.5105822000000001,1.430603,0.629109,0.603519,0.120815,0.008138,0.54484,0.41425
1998/1/16 0:00,0.5139948000000001,1.4292007999999998,0.630517,0.602882,0.120815,0.008114,0.542667,0.41505
1998/1/17 0:00,0.5139948000000001,1.4299119999999998,0.627235,0.606281,0.120817,0.008154,0.544736,0.4148
1998/1/18 0:00,0.5081922000000001,1.4298815999999999,0.624493,0.604851,0.120818,0.008121,0.544425,0.41
1998/1/19 0:00,0.5081922000000001,1.4298815999999999,0.624922,0.601938,0.120818,0.008068,0.544514,0.41015
1998/1/20 0:00,0.5081922000000001,1.4298815999999999,0.625489,0.599862,0.120818,0.008056,0.543907,0.41025
1998/1/21 0:00,0.5105822000000001,1.4322721999999999,0.624805,0.601251,0.120818,0.008059,0.545346,0.413
1998/1/22 0:00,0.5139948000000001,1.4292007999999998,0.627235,0.603245,0.120817,0.00807,0.54539,0.4154
1998/1/23 0:00,0.5105822000000001,1.430603,0.630955,0.606465,0.120817,0.008123,0.545792,0.41425
1998/1/24 0:00,0.508241,1.4289549999999998,0.632391,0.603938,0.120811,0.008075,0.545464,0.4121
1998/1/25 0:00,0.5153842000000001,1.4372902,0.635789,0.609292,0.120811,0.008109,0.546001,0.41615
1998/1/26 0:00,0.5139948,1.4306029999999998,0.634035,0.604412,0.120817,0.008074,0.543892,0.41495
1998/1/27 0:00,0.508241,1.4289549999999998,0.636436,0.604887,0.120815,0.008055,0.544677,0.41225
1998/1/28 0:00,0.5139948000000001,1.4287796,0.635586,0.602591,0.120814,0.008053,0.545167,0.41505
1998/1/29 0:00,0.5158038,1.4288402000000002,0.635647,0.607017,0.120814,0.008021,0.546732,0.41725
1998/1/30 0:00,0.5139948000000001,1.4287796,0.63478,0.602954,0.120814,0.007966,0.545479,0.41505
1998/1/31 0:00,0.5139948000000001,1.4287796,0.633633,0.601251,0.120817,0.007933,0.545643,0.4151
1998/2/1 0:00,0.5171838,1.4295221999999999,0.633754,0.603064,0.12082,0.007921,0.545673,0.41715
1998/2/2 0:00,0.5199256,1.438023,0.6722846,0.608902,0.12082,0.007933,0.546448,0.4206
1998/2/3 0:00,0.5198764,1.4245416,0.6558134,0.60529,0.120821,0.007927,0.546299,0.4186
1998/2/4 0:00,0.5213848000000001,1.4287176,0.6602534,0.613346,0.12082,0.007856,0.544381,0.41765
1998/2/5 0:00,0.5216128,1.4256342,0.6602534,0.61222,0.120818,0.007841,0.544247,0.41785
1998/2/6 0:00,0.5209156,1.4330366,0.660435,0.61177,0.12082,0.007828,0.544573,0.41685
1998/2/7 0:00,0.5180434,1.4341084,0.6589632,0.610426,0.120821,0.007803,0.545881,0.4149
1998/2/8 0:00,0.508241,1.4418898,0.66418,0.61361,0.120823,0.007781,0.544218,0.4118
1998/2/9 0:00,0.5151534,1.430603,0.6381854,0.604485,0.120821,0.007717,0.544514,0.41445
1998/2/10 0:00,0.5151534000000001,1.4292007999999998,0.666322,0.593542,0.120821,0.007649,0.542594,0.4147
1998/2/11 0:00,0.5170450000000001,1.4273864,0.6608468000000001,0.591366,0.120821,0.007644,0.5437,0.416
1998/2/12 0:00,0.5183754,1.4292007999999998,0.6547962,0.595238,0.120823,0.007594,0.539142,0.4155
1998/2/13 0:00,0.5139948000000001,1.4292007999999998,0.627727,0.596944,0.120821,0.007612,0.54019,0.41525
1998/2/14 0:00,0.5163352,1.4292007999999998,0.628082,0.601431,0.120823,0.007598,0.541565,0.4158
1998/2/15 0:00,0.5217956000000001,1.4444020000000002,0.626253,0.608014,0.120823,0.007567,0.539884,0.42245
1998/2/16 0:00,0.5227858,1.4405022,0.626253,0.605877,0.120823,0.007592,0.540789,0.42585
1998/2/17 0:00,0.5301768,1.4383994,0.626782,0.604942,0.120823,0.007643,0.542446,0.42905
1998/2/18 0:00,0.5238762,1.4430204,0.6259,0.606134,0.12082,0.007628,0.542094,0.4275
1998/2/19 0:00,0.538003,1.4488082,0.626645,0.604047,0.120821,0.007534,0.540906,0.43075
1998/2/20 0:00,0.526248,1.4489912000000003,0.625782,0.603573,0.120821,0.007522,0.540599,0.4283
1998/2/21 0:00,0.5227858,1.4405022,0.626017,0.602156,0.120823,0.007561,0.5428,0.42615
1998/2/22 0:00,0.5234144000000001,1.4346340000000002,0.624512,0.601884,0.120823,0.007559,0.541932,0.42435
1998/2/23 0:00,0.5217956000000001,1.4444019999999997,0.627156,0.603682,0.120821,0.007575,0.54539,0.42245
1998/2/24 0:00,0.5217254,1.4376070000000003,0.629089,0.60183,0.120821,0.007627,0.547555,0.42415
1998/2/25 0:00,0.5203458,1.4384442000000002,0.626331,0.601685,0.120821,0.007579,0.545554,0.4211
1998/2/26 0:00,0.521786,1.4444020000000002,0.62054,0.5997,0.12082,0.007571,0.545405,0.42145
1998/2/27 0:00,0.5234144000000001,1.4346340000000002,0.618582,0.60241,0.120821,0.007554,0.545316,0.4246
1998/2/28 0:00,0.5238762,1.4489912000000003,0.620155,0.601685,0.12082,0.007543,0.545539,0.42735
1998/3/1 0:00,0.5316296,1.4533778,0.621697,0.601866,0.120821,0.007654800000000001,0.543331,0.42925
1998/3/2 0:00,0.5238762,1.4544396000000002,0.624376,0.598408,0.120824,0.0079018,0.543774,0.4266
1998/3/3 0:00,0.5199462,1.447937,0.623519,0.597657,0.120821,0.0080294,0.5532772,0.4271
1998/3/4 0:00,0.5209242000000001,1.4427624000000001,0.621987,0.587458,0.120824,0.0082362,0.5661574,0.42365
1998/3/5 0:00,0.5211536000000001,1.4480924,0.623986,0.586235,0.120821,0.008237,0.5610767999999999,0.42225
1998/3/6 0:00,0.5178419999999999,1.4449216,0.62822,0.58782,0.120823,0.008205599999999999,0.5610768,0.42065
1998/3/7 0:00,0.514483,1.4273864,0.629901,0.584761,0.120824,0.0084326,0.5588642,0.4163
1998/3/8 0:00,0.50825,1.4368436,0.627805,0.581328,0.120824,0.008411,0.5601042,0.417
1998/3/9 0:00,0.50965,1.4291936,0.628852,0.582479,0.1207916,0.0084598,0.561697,0.41715
1998/3/10 0:00,0.51075,1.4432589999999998,0.626233,0.589206,0.1207924,0.008245200000000001,0.5559464000000001,0.4181
1998/3/11 0:00,0.50955,1.4291936,0.6542346,0.589518,0.1208042,0.0084364,0.5507101999999999,0.41705
1998/3/12 0:00,0.50865,1.4390949999999998,0.6542346,0.589692,0.1207908,0.0084364,0.5507101999999999,0.417
1998/3/13 0:00,0.50925,1.4291935999999998,0.6641834000000001,0.591856,0.12079680000000001,0.0084364,0.545741,0.4169
1998/3/14 0:00,0.51055,1.4350292,0.6639480000000001,0.591926,0.12079680000000001,0.0080956,0.5507101999999999,0.41795
1998/3/15 0:00,0.51265,1.438191,0.6749394000000001,0.59393,0.12080419999999999,0.0080186,0.5523474,0.42015
1998/3/16 0:00,0.50915,1.4350292000000002,0.6639480000000001,0.592979,0.12081120000000001,0.0080956,0.5457409999999999,0.418
1998/3/17 0:00,0.51005,1.4449306,0.6551614000000001,0.587993,0.12081120000000001,0.008572,0.5559464000000001,0.4182
1998/3/18 0:00,0.51725,1.4480924,0.6663325999999999,0.589136,0.12079200000000001,0.0082618,0.5621154,0.42185
1998/3/19 0:00,0.51715,1.4444020000000002,0.6551372000000001,0.589067,0.120781,0.008261800000000001,0.5628714,0.42255
1998/3/20 0:00,0.51825,1.4480924,0.6455072000000001,0.587959,0.120784,0.008264400000000002,0.5622868000000001,0.42225
1998/3/21 0:00,0.51875,1.4380460000000002,0.6722846,0.592347,0.1207812,0.0082644,0.5541132,0.42165
1998/3/22 0:00,0.51725,1.4284523999999998,0.6651834,0.587786,0.120821,0.0081846,0.5572062,0.4196
1998/3/23 0:00,0.51715,1.4256342,0.6616924,0.587976,0.12081660000000001,0.0081846,0.5572061999999999,0.41845
1998/3/24 0:00,0.51365,1.4326884,0.6647860000000001,0.591139,0.12080759999999999,0.0079942,0.5526603999999999,0.41885
1998/3/25 0:00,0.51375,1.425968,0.6455522,0.588893,0.1208042,0.008572,0.5540922,0.41725
1998/3/26 0:00,0.51375,1.425968,0.6455522,0.58548,0.1208072,0.0086518,0.5556156,0.41755
1998/3/27 0:00,0.51555,1.4326884,0.6547119999999998,0.586304,0.1208164,0.0082228,0.5584168,0.41955
1998/3/28 0:00,0.51725,1.4449216000000003,0.6663325999999999,0.588963,0.12079979999999998,0.0082618,0.5621154,0.4214
1998/3/29 0:00,0.51925,1.4406874,0.6455072,0.585703,0.1207904,0.008264400000000002,0.5596426,0.42275
1998/3/30 0:00,0.52025,1.4385842,0.6455332,0.588547,0.12079580000000001,0.0082454,0.569357,0.42545
1998/3/31 0:00,0.5198752,1.4321036,0.6474632,0.590702,0.12078720000000001,0.0081868,0.567372,0.42495
1998/4/1 0:00,0.5219967999999999,1.4470488,0.6553306,0.594106,0.120774,0.008148200000000001,0.565183,0.4289
1998/4/2 0:00,0.5226162,1.44344,0.6556040000000001,0.599449,0.12077,0.007772800000000001,0.5542024000000001,0.4284
1998/4/3 0:00,0.5246647999999999,1.4482703999999997,0.6488577999999999,0.593067,0.1207722,0.0081482,0.5714902000000001,0.43075
1998/4/4 0:00,0.5218768,1.4504392,0.655718,0.595344,0.1207812,0.0081482,0.5643568,0.42795
1998/4/5 0:00,0.5219967999999999,1.4470488,0.6556040000000001,0.595274,0.12077080000000003,0.0081482,0.5643568,0.42835
1998/4/6 0:00,0.5240868,1.4491074000000002,0.6553306000000001,0.596979,0.1207724,0.0078986,0.5595700000000001,0.42905
1998/4/7 0:00,0.5388018000000001,1.4481772000000002,0.6552822,0.601793,0.120797,0.007574,0.5721664000000001,0.4362
1998/4/8 0:00,0.5388734000000001,1.4416790000000002,0.6544162,0.602664,0.12079,0.007574,0.5714418,0.43655
1998/4/9 0:00,0.5395315999999999,1.4245,0.6550423999999999,0.602954,0.12078099999999999,0.007574,0.5473094,0.4333
1998/4/10 0:00,0.5472212,1.4287,0.6594938,0.604485,0.12077979999999999,0.007574,0.5507274,0.43995
1998/4/11 0:00,0.5354787999999999,1.4475339999999999,0.6532458000000001,0.603427,0.12077979999999999,0.007574,0.5717572,0.4392
1998/4/12 0:00,0.5348586,1.4546606,0.6514792,0.601486,0.1207772,0.007574,0.5716266,0.43985
1998/4/13 0:00,0.5337864,1.4521294,0.6535526,0.600709,0.12078820000000001,0.007574,0.5713115999999999,0.4375
1998/4/14 0:00,0.5385434,1.4554712,0.6523526,0.599449,0.120815,0.007560600000000001,0.5722389999999999,0.43565
1998/4/15 0:00,0.536931,1.4531992,0.6556926,0.595841,0.120814,0.007560600000000001,0.5719354,0.4357
1998/4/16 0:00,0.5470968,1.4586242000000003,0.6600804,0.594583,0.120811,0.007560600000000001,0.5718932000000001,0.4407
1998/4/17 0:00,0.5428176,1.45258,0.6600804,0.595912,0.120811,0.007560599999999999,0.5718932,0.4407
1998/4/18 0:00,0.5359086,1.4534328,0.6523628,0.601793,0.120811,0.007574,0.5716265999999999,0.4409
1998/4/19 0:00,0.5391096,1.4534328,0.6578250000000001,0.601251,0.120814,0.007574,0.5716265999999999,0.4422
1998/4/20 0:00,0.5349274,1.4451182,0.6514728,0.602954,0.120812,0.007574,0.57178,0.44015
1998/4/21 0:00,0.5391288,1.4534328,0.6551096000000001,0.599916,0.120815,0.007574,0.5710514,0.4414
1998/4/22 0:00,0.5313878,1.4529546000000002,0.6504565999999999,0.600402,0.120817,0.007574,0.5718970000000001,0.43855
1998/4/23 0:00,0.5390612,1.4531991999999998,0.6527412,0.596694,0.120815,0.007560600000000001,0.5722750000000001,0.4346
1998/4/24 0:00,0.5417714,1.4482244,0.6558726,0.600384,0.120818,0.007560600000000001,0.572239,0.4351
1998/4/25 0:00,0.5351600000000001,1.4535972000000004,0.6528114,0.598623,0.120815,0.007560600000000001,0.5715912,0.4371
1998/4/26 0:00,0.5479307999999999,1.4552084,0.6577681999999999,0.602664,0.120812,0.007574,0.5671626,0.44295
1998/4/27 0:00,0.5359086,1.4534328,0.6523628,0.600258,0.120814,0.007574,0.5710514,0.4406
1998/4/28 0:00,0.5347168000000001,1.4525536000000001,0.6540754000000001,0.599341,0.120815,0.007560600000000001,0.5714528,0.4391
1998/4/29 0:00,0.5359086,1.4534328,0.6523628,0.600709,0.120814,0.007574,0.5716266,0.44095
1998/4/30 0:00,0.5531006,1.4528044000000002,0.6614408,0.60595,0.120814,0.007574,0.5628894,0.4456
1998/5/1 0:00,0.5541918,1.4528044,0.6658708000000001,0.607128,0.120814,0.007574,0.5594091999999999,0.44605
1998/5/2 0:00,0.5552744,1.4636740000000001,0.6658708,0.60698,0.120809,0.007574,0.5561187999999999,0.4472
1998/5/3 0:00,0.5550522000000001,1.4524062,0.6658708,0.605144,0.120814,0.007574,0.5629122,0.4466
1998/5/4 0:00,0.5531006,1.4998304000000002,0.6658708000000001,0.60595,0.120812,0.007574,0.549813,0.44565
1998/5/5 0:00,0.5558065999999999,1.4998304,0.6658708,0.609162,0.120811,0.007574,0.551207,0.44935
1998/5/6 0:00,0.5524655999999999,1.53207,0.6565812,0.613855,0.120811,0.007574,0.552578,0.4507
1998/5/7 0:00,0.5524655999999999,1.53207,0.6565812,0.615669,0.120812,0.007574,0.554324,0.44975
1998/5/8 0:00,0.5523621999999999,1.53207,0.6562526,0.617742,0.120817,0.0077269999999999995,0.552578,0.448
1998/5/9 0:00,0.53835,1.53207,0.6432110000000001,0.618448,0.120812,0.007727,0.551025,0.44755
1998/5/10 0:00,0.54015,1.4963922,0.6431045999999999,0.62422,0.120812,0.0079162,0.5562368000000001,0.44805
1998/5/11 0:00,0.53475,1.4963922000000003,0.640123,0.621388,0.120812,0.007808599999999999,0.5562368000000001,0.44515
1998/5/12 0:00,0.53965,1.4963922,0.639591,0.629366,0.120812,0.008011599999999999,0.5562368,0.4489
1998/5/13 0:00,0.54035,1.4963922,0.63804,0.631513,0.120809,0.008011600000000002,0.5594966,0.4487
1998/5/14 0:00,0.53925,1.4963922,0.638284,0.628457,0.120809,0.008011599999999999,0.5562368,0.44835
1998/5/15 0:00,0.53945,1.5146922,0.636902,0.621581,0.120808,0.007841599999999999,0.5523424,0.4493
1998/5/16 0:00,0.54285,1.53207,0.638692,0.625274,0.120808,0.008011599999999999,0.5523424,0.45135
1998/5/17 0:00,0.54385,1.53207,0.642261,0.627825,0.120815,0.008011599999999999,0.5562368000000001,0.4533
1998/5/18 0:00,0.54745,1.53207,0.643211,0.626802,0.120818,0.008011599999999999,0.5568786000000001,0.45625
1998/5/19 0:00,0.54805,1.53207,0.641766,0.619444,0.120817,0.008011599999999999,0.5523424,0.4559
1998/5/20 0:00,0.54795,1.53207,0.643294,0.623131,0.120818,0.008011599999999999,0.5568786,0.45815
1998/5/21 0:00,0.54875,1.53285,0.642921,0.626331,0.12082,0.008011599999999999,0.5643802,0.4605
1998/5/22 0:00,0.55165,1.53369,0.646956,0.633633,0.120818,0.008011599999999999,0.5695718,0.4637
1998/5/23 0:00,0.55565,1.53249,0.648677,0.633854,0.120818,0.007976,0.5695718,0.4668
1998/5/24 0:00,0.55685,1.53249,0.649857,0.633995,0.120818,0.008061,0.5695718,0.4682
1998/5/25 0:00,0.55775,1.5324900000000001,0.652529,0.637308,0.120817,0.008044,0.5695718,0.4729
1998/5/26 0:00,0.55525,1.5324900000000001,0.651254,0.633473,0.120815,0.007994,0.5695718,0.4683
1998/5/27 0:00,0.55655,1.53249,0.652146,0.631912,0.120815,0.008016,0.5730978,0.4711
1998/5/28 0:00,0.55615,1.53249,0.652188,0.631951,0.120818,0.008011,0.5730978,0.4738
1998/5/29 0:00,0.56165,1.5324900000000001,0.652955,0.635405,0.120823,0.00803,0.5718601999999999,0.47645
1998/5/30 0:00,0.56295,1.53249,0.651593,0.637308,0.120823,0.008039,0.5687154,0.4768
1998/5/31 0:00,0.56355,1.5324900000000001,0.651678,0.639816,0.120823,0.008096,0.5701676,0.4749
1998/6/1 0:00,0.57145,1.590659,0.654965,0.640287,0.120821,0.008085,0.5724001999999999,0.48595
1998/6/2 0:00,0.57245,1.590659,0.653211,0.639284,0.12082,0.008061,0.5659858,0.4896
1998/6/3 0:00,0.57375,1.590659,0.652486,0.638692,0.120818,0.008035,0.5679044,0.48865
1998/6/4 0:00,0.57385,1.590659,0.652273,0.642013,0.120817,0.008051,0.5636561999999999,0.49115
1998/6/5 0:00,0.57065,1.590659,0.651721,0.641952,0.120817,0.008024,0.5695374,0.4873
1998/6/6 0:00,0.56775,1.590659,0.64973,0.641355,0.120817,0.008018,0.5687861999999999,0.48665
1998/6/7 0:00,0.56905,1.590659,0.650703,0.642921,0.12082,0.007983,0.558581,0.48865
1998/6/8 0:00,0.57025,1.590659,0.651169,0.639182,0.120818,0.007956,0.55966,0.4928
1998/6/9 0:00,0.56585,1.590659,0.649562,0.639202,0.120818,0.007992,0.559942,0.48765
1998/6/10 0:00,0.56045,1.579259,0.646705,0.640636,0.120846,0.008054,0.559237,0.48415
1998/6/11 0:00,0.55875,1.579259,0.646621,0.639795,0.120812,0.008047,0.558972,0.4842
1998/6/12 0:00,0.56533,1.590659,0.647375,0.645494,0.120809,0.008045,0.557849,0.4877
1998/6/13 0:00,0.56835,1.590659,0.649182,0.65102,0.120811,0.008069,0.560255,0.48695
1998/6/14 0:00,0.5703100000000001,1.590659,0.654579,0.656254,0.120814,0.008097,0.562193,0.49105
1998/6/15 0:00,0.5827882000000001,1.590659,0.657203,0.660764,0.120815,0.008216,0.564493,0.49665
1998/6/16 0:00,0.5703100000000001,1.590659,0.657376,0.661463,0.120817,0.008212,0.565547,0.49255
1998/6/17 0:00,0.58493,1.590659,0.659848,0.667468,0.120815,0.00824,0.565451,0.4932
1998/6/18 0:00,0.5768599999999999,1.590659,0.658631,0.668941,0.120814,0.008321,0.565771,0.4895
1998/6/19 0:00,0.58962,1.590659,0.661726,0.672178,0.120815,0.008235,0.565931,0.49095
1998/6/20 0:00,0.55458,1.5844878,0.659674,0.675356,0.120815,0.0080658,0.565787,0.486
1998/6/21 0:00,0.5631700000000001,1.590659,0.659413,0.6744,0.120817,0.0081248,0.565243,0.48755
1998/6/22 0:00,0.5550200000000001,1.590659,0.654707,0.672585,0.120817,0.0081248,0.565451,0.4893
1998/6/23 0:00,0.55133,1.580079,0.652571,0.669389,0.12082,0.0081248,0.565531,0.4883
1998/6/24 0:00,0.57121,1.5686238,0.654151,0.6592242,0.12082,0.0080524,0.565099,0.4845
1998/6/25 0:00,0.57243,1.590659,0.657117,0.6787956,0.120821,0.008185000000000001,0.567924,0.49035
1998/6/26 0:00,0.57243,1.590659,0.659413,0.6992240000000001,0.120823,0.0085374,0.569476,0.49205
1998/6/27 0:00,0.57243,1.590659,0.657678,0.6607586,0.120821,0.0080776,0.571102,0.4882
1998/6/28 0:00,0.57121,1.5736996,0.6842611999999999,0.6525761999999999,0.12082,0.0092476,0.571494,0.4835
1998/6/29 0:00,0.57121,1.572936,0.6753788000000001,0.640314,0.120821,0.008821,0.573132,0.4866
1998/6/30 0:00,0.57121,1.5752954,0.6814674000000001,0.6468387999999999,0.120817,0.0090406,0.575175,0.4844
1998/7/1 0:00,0.5817977999999999,1.5767618,0.6832290000000001,0.6662858,0.120818,0.008826200000000001,0.574878,0.482
1998/7/2 0:00,0.5833378,1.5721938000000002,0.6821318000000001,0.6662858,0.12082,0.008788800000000001,0.574696,0.4827
1998/7/3 0:00,0.57121,1.5729452,0.6749601999999999,0.640314,0.120818,0.0091282,0.577101,0.48775
1998/7/4 0:00,0.5878922,1.573317,0.678299,0.6735298000000001,0.120817,0.009035,0.576602,0.4805
1998/7/5 0:00,0.565272,1.5365900000000001,0.664442,0.645251,0.120815,0.008749999999999999,0.573888,0.4742
1998/7/6 0:00,0.5644381999999999,1.5364499999999999,0.6559758,0.6543452000000001,0.120818,0.008244400000000002,0.574185,0.4693
1998/7/7 0:00,0.5667934,1.5328700000000002,0.6606240000000001,0.6290212000000001,0.120817,0.00824,0.573888,0.4682
1998/7/8 0:00,0.5701031999999999,1.5365600000000001,0.6560252,0.643022,0.120821,0.008244400000000002,0.566926,0.4695
1998/7/9 0:00,0.5815813999999999,1.53287,0.671011,0.6337166,0.120823,0.00824,0.5756431999999999,0.4678
1998/7/10 0:00,0.5805076,1.5273105999999999,0.6636156,0.6287676,0.120821,0.00824,0.5757410000000001,0.4651
1998/7/11 0:00,0.5846715999999998,1.5227,0.6733336000000001,0.6025742,0.120823,0.00824,0.5740698,0.46195
1998/7/12 0:00,0.5833041999999999,1.5250518,0.6692703999999999,0.609768,0.12082,0.00824,0.5752642,0.4636
1998/7/13 0:00,0.5690554000000001,1.5091494,0.66604,0.5976271999999999,0.120821,0.00824,0.5750408,0.4574
1998/7/14 0:00,0.5694264,1.5168494000000001,0.6542548,0.5930945999999999,0.12082,0.00824,0.5799657999999999,0.453
1998/7/15 0:00,0.5806583999999999,1.5168494000000001,0.6637603999999999,0.5887779999999999,0.120818,0.00824,0.579381,0.45485
1998/7/16 0:00,0.5809323999999999,1.5311,0.6555514,0.5890029999999999,0.120821,0.00824,0.579463,0.4541
1998/7/17 0:00,0.574678,1.5247,0.6659348,0.6048362,0.120823,0.00824,0.5756789999999999,0.4579
1998/7/18 0:00,0.5819538,1.53115,0.6681693999999999,0.6097072,0.12082,0.00824,0.5754488,0.46325
1998/7/19 0:00,0.5620970000000001,1.5379,0.6637754000000001,0.5941143999999999,0.120821,0.00824,0.5761706,0.4571
1998/7/20 0:00,0.5819538,1.5355,0.6681693999999999,0.6097072000000001,0.120823,0.00824,0.5744776,0.46285
1998/7/21 0:00,0.588694,1.535,0.6699838,0.6416694,0.12082,0.00824,0.5763284000000001,0.4658
1998/7/22 0:00,0.5781113999999999,1.5397,0.6667976,0.617854,0.12082,0.00824,0.5756431999999999,0.468
1998/7/23 0:00,0.5886939999999999,1.5271,0.6699838,0.6416694,0.12082,0.00824,0.5763284000000001,0.466
1998/7/24 0:00,0.5748238,1.5295,0.6769462,0.6355791999999999,0.12082,0.008244400000000002,0.5746204,0.4698
1998/7/25 0:00,0.54399,1.5307,0.6546512,0.667557,0.120823,0.0091938,0.5730978,0.46495
1998/7/26 0:00,0.54497,1.5201,0.6604334,0.65822,0.120823,0.0091938,0.5730978,0.4671
1998/7/27 0:00,0.54497,1.5222,0.6604334,0.661113,0.120821,0.0091938,0.5730978,0.4674
1998/7/28 0:00,0.54497,1.5217,0.642674,0.660349,0.120821,0.0080722,0.5730978,0.4697
1998/7/29 0:00,0.54559,1.5336,0.643832,0.670916,0.120821,0.0081084,0.5730978,0.47185
1998/7/30 0:00,0.5448299999999999,1.53345,0.641149,0.665956,0.12082,0.0081226,0.5730978,0.46915
1998/7/31 0:00,0.54399,1.5489,0.641313,0.669389,0.120821,0.0081226,0.5730978,0.46895
1998/8/1 0:00,0.5448299999999999,1.54945,0.64156,0.667312,0.120821,0.0081226,0.5730978,0.47
1998/8/2 0:00,0.54399,1.5487,0.642178,0.668628,0.120818,0.0081226,0.5730978,0.47
1998/8/3 0:00,0.54501,1.53249,0.64433,0.679625,0.120817,0.008142600000000002,0.5730978,0.4676
1998/8/4 0:00,0.54501,1.53369,0.6489022,0.677599,0.120815,0.0091938,0.5730978,0.4661
1998/8/5 0:00,0.54501,1.53249,0.6550152,0.678702,0.120814,0.0091938,0.5730978,0.46655
1998/8/6 0:00,0.5450100000000001,1.5400800000000001,0.6483482,0.672857,0.120817,0.0091938,0.5730978,0.47025
1998/8/7 0:00,0.5448299999999999,1.5401600000000002,0.6420064,0.6664,0.120817,0.0091938,0.5730978,0.46885
1998/8/8 0:00,0.54497,1.53476,0.6480838,0.664319,0.120817,0.009193799999999999,0.5730978,0.47085
1998/8/9 0:00,0.54575,1.54282,0.6666902,0.668494,0.12082,0.0091938,0.5732958,0.4757
1998/8/10 0:00,0.54497,1.52931,0.6604334,0.662383,0.12082,0.0091938,0.5730978,0.4719
1998/8/11 0:00,0.54497,1.52664,0.6604334,0.658241,0.1208212,0.0091938,0.5730978,0.4722
1998/8/12 0:00,0.54497,1.52931,0.6480838,0.663262,0.12081919999999999,0.0091938,0.5730978,0.4704
1998/8/13 0:00,0.54785,1.54016,0.6478116,0.665447,0.12081979999999999,0.0091938,0.5730978,0.47115
1998/8/14 0:00,0.54945,1.5400800000000001,0.6606978,0.674809,0.1208214,0.0091938,0.5730978,0.4728
1998/8/15 0:00,0.54595,1.54203,0.6420064,0.669882,0.1208196,0.0091938,0.5730978,0.4704
1998/8/16 0:00,0.54345,1.53972,0.6420064,0.667156,0.1208194,0.0091938,0.5730978,0.46765
1998/8/17 0:00,0.54225,1.54404,0.6420064,0.667423,0.12081900000000001,0.0091938,0.5730978,0.4683
1998/8/18 0:00,0.54665,1.54282,0.6604164,0.667111,0.12082200000000001,0.0091938,0.5730978,0.4741
1998/8/19 0:00,0.54465,1.54016,0.6420064,0.666289,0.12081919999999999,0.0091938,0.5730978,0.4696
1998/8/20 0:00,0.54365,1.54203,0.6420064,0.669792,0.1208202,0.0091938,0.5730978,0.47085
1998/8/21 0:00,0.54375,1.53298,0.6613011999999999,0.67815,0.12081919999999999,0.009193799999999999,0.5730978,0.46995
1998/8/22 0:00,0.5467099999999999,1.54203,0.6608707999999999,0.671096,0.12082220000000002,0.0091938,0.5730978,0.47425
1998/8/23 0:00,0.54589,1.5400800000000001,0.6613011999999999,0.676613,0.12082140000000001,0.009193799999999999,0.5730978,0.47325
1998/8/24 0:00,0.54589,1.5731332,0.6720891999999999,0.676842,0.1208164,0.009193799999999999,0.5743115999999999,0.4779
1998/8/25 0:00,0.5467099999999999,1.5687244000000002,0.6749412,0.670691,0.1208148,0.009220599999999999,0.5743115999999999,0.47845
1998/8/26 0:00,0.6141312,1.5736996,0.6842612000000001,0.671908,0.120797,0.0092476,0.5703509999999999,0.4835
1998/8/27 0:00,0.5788757999999999,1.5731332,0.683229,0.667379,0.12079759999999999,0.0088018,0.5725921999999999,0.48125
1998/8/28 0:00,0.5792158,1.5731332,0.6796756,0.67659,0.1208148,0.0087578,0.5725921999999999,0.48055
1998/8/29 0:00,0.54589,1.5731332,0.6749412,0.673469,0.12081539999999999,0.009220599999999999,0.5743115999999999,0.47855
1998/8/30 0:00,0.5792158000000001,1.5731332,0.6796755999999999,0.675265,0.1208148,0.0087578,0.5725921999999999,0.4805
1998/8/31 0:00,0.5458899999999999,1.5731332,0.6749412,0.674946,0.12081539999999999,0.009220599999999999,0.5743115999999999,0.4786
1998/9/1 0:00,0.5691998,1.5731332,0.6796755999999999,0.6735298000000001,0.1208148,0.0087578,0.5725921999999999,0.48025
1998/9/2 0:00,0.5691998,1.5731332,0.6796755999999999,0.6732175999999999,0.12079759999999999,0.0088018,0.5725921999999999,0.48105
1998/9/3 0:00,0.5771888000000001,1.5731332,0.683949,0.6663555999999999,0.1208016,0.008826200000000001,0.5725921999999999,0.48185
1998/9/4 0:00,0.5771888000000001,1.5736996,0.6842612000000001,0.6520009999999999,0.12080119999999998,0.0092476,0.5659379999999999,0.4835
1998/9/5 0:00,0.56581,1.5736996,0.6703052,0.6592616,0.12080739999999998,0.007988,0.5678554,0.4827
1998/9/6 0:00,0.5771888,1.5787402,0.6648646,0.6467962,0.12082299999999999,0.008026,0.5647548,0.4843
1998/9/7 0:00,0.5792287999999999,1.5902606,0.6593422,0.649994,0.120817,0.008026,0.5736572,0.48585
1998/9/8 0:00,0.5932158000000001,1.5933085999999999,0.6586282000000001,0.649994,0.1208174,0.008049,0.5749036000000001,0.48665
1998/9/9 0:00,0.5835041999999999,1.6025542000000002,0.6539476000000001,0.6524846,0.1208178,0.008091,0.5638064,0.48915
1998/9/10 0:00,0.5806488,1.592701,0.6568886,0.649994,0.120817,0.008137,0.5736572,0.48605
1998/9/11 0:00,0.56581,1.5736996,0.6758664000000001,0.6592616,0.12080739999999998,0.008138,0.5678554,0.48255
1998/9/12 0:00,0.5989038,1.624202,0.6754934,0.7403533999999999,0.12052820000000002,0.008175,0.5759924,0.4964
1998/9/13 0:00,0.6086176,1.6283476000000001,0.675037,0.6952336,0.1205282,0.008191,0.5702268,0.49615
1998/9/14 0:00,0.6191238,1.5883932,0.6860546000000001,0.7660043999999999,0.13093660000000001,0.008205,0.571783,0.4983
1998/9/15 0:00,0.6295838,1.586407,0.6845538,0.7747348,0.1207788,0.008247,0.5717768000000001,0.49895
1998/9/16 0:00,0.6191238,1.5896444,0.6860546000000001,0.7660043999999999,0.1309244,0.008347,0.582295,0.49815
1998/9/17 0:00,0.6341222,1.6069654,0.6841801999999999,0.7210347999999999,0.12588439999999998,0.008367,0.5860772,0.4936
1998/9/18 0:00,0.6209708,1.6056377999999998,0.6692628,0.726602,0.1309398,0.00835,0.5860116000000001,0.4931
1998/9/19 0:00,0.6191238,1.6112236,0.6795954,0.7665862,0.12062380000000002,0.00833,0.5774844,0.4969
1998/9/20 0:00,0.63107,1.5881226,0.6855895999999999,0.7514724,0.125867,0.008305,0.5754014,0.49985
1998/9/21 0:00,0.6307438000000001,1.5881226,0.6845538,0.7514724,0.12077660000000001,0.0083,0.5759747999999999,0.49965
1998/9/22 0:00,0.5989038,1.6013776,0.6815456000000001,0.7173385999999999,0.120815,0.008249,0.5716222,0.49765
1998/9/23 0:00,0.598813,1.624202,0.6754934,0.6952336,0.120815,0.008173,0.5702268,0.4963
1998/9/24 0:00,0.6191238,1.5973036,0.6797026,0.7665862,0.13085760000000002,0.008156,0.6032080000000001,0.49735
1998/9/25 0:00,0.6323297999999999,1.5973908,0.6855895999999999,0.8070404,0.135937,0.008149,0.6049976,0.50215
1998/9/26 0:00,0.6580982,1.5676944000000002,0.7682296,0.6920048000000001,0.16163460000000002,0.008126,0.6060369999999999,0.51415
1998/9/27 0:00,0.6154,1.5881226,0.6845538,0.7015426,0.12079100000000001,0.008189,0.564239,0.4995
1998/9/28 0:00,0.5785899999999999,1.584157,0.6782353999999999,0.6985502,0.1207732,0.008218,0.566765,0.4956
1998/9/29 0:00,0.57594,1.5821804000000002,0.6753522000000001,0.6976997999999999,0.12080679999999999,0.008173,0.566348,0.49455
1998/9/30 0:00,0.58188,1.583599,0.6784122,0.7102822,0.12079140000000002,0.008185,0.567537,0.4951
1998/10/1 0:00,0.5825400000000001,1.586552,0.682503,0.7067539999999999,0.12078459999999999,0.008158,0.565867,0.4982
1998/10/2 0:00,0.575,1.588657,0.6792392,0.6931832,0.12079580000000001,0.008023,0.56427,0.49765
1998/10/3 0:00,0.5825400000000001,1.5852272,0.6771446,0.7006042,0.120784,0.008024,0.564908,0.498
1998/10/4 0:00,0.63513,1.5895864,0.6858826,0.7002354000000001,0.12077199999999999,0.008029,0.564653,0.50105
1998/10/5 0:00,0.65063,1.5895864,0.6858826,0.7002354000000001,0.12077199999999999,0.00798,0.563,0.5012
1998/10/6 0:00,0.67038,1.5895864,0.7268312,0.7084138,0.141786,0.008087,0.566316,0.50385
1998/10/7 0:00,0.6550800000000001,1.5895864,0.7060378,0.7084138,0.1312962,0.008089,0.567408,0.5029
1998/10/8 0:00,0.67252,1.4846608,0.7830526,0.7108593999999999,0.1731158,0.00815,0.568182,0.5085
1998/10/9 0:00,0.6337302,1.6048876,0.683815,0.6659594,0.120815,0.008292,0.572246,0.51265
1998/10/10 0:00,0.6353068000000001,1.6048626,0.6756302,0.6969928000000001,0.120815,0.008243,0.571984,0.51455
1998/10/11 0:00,0.6358058000000001,1.6303732,0.670258,0.6917934,0.120815,0.008246,0.572279,0.51765
1998/10/12 0:00,0.6344240000000001,1.6269426,0.6705204,0.6863914,0.120815,0.008303,0.573345,0.51655
1998/10/13 0:00,0.6344240000000001,1.6269426,0.673462,0.6863914,0.120815,0.008334,0.575308,0.51655
1998/10/14 0:00,0.6262806000000001,1.6494156,0.6702908000000001,0.7215892,0.120815,0.008342,0.575457,0.5217
1998/10/15 0:00,0.6340319999999999,1.6395784000000002,0.6702908000000001,0.7044194,0.120815,0.00844,0.576319,0.52335
1998/10/16 0:00,0.6393476,1.6305838000000001,0.6702908000000001,0.7000892,0.120815,0.00833,0.57346,0.5228
1998/10/17 0:00,0.6496036000000001,1.6139485999999998,0.661562,0.6718511999999999,0.120815,0.008382,0.574614,0.5284
1998/10/18 0:00,0.6436186,1.6210084000000002,0.6717793999999999,0.667504,0.120815,0.008363,0.574911,0.5314
1998/10/19 0:00,0.6487004,1.6074393999999999,0.6656677999999999,0.6698573999999999,0.120815,0.00832,0.573921,0.53025
1998/10/20 0:00,0.6440362000000001,1.6145108000000001,0.6723524000000001,0.6760646,0.120815,0.008398,0.576136,0.5329
1998/10/21 0:00,0.6403298000000001,1.6174126000000002,0.6721808,0.6610496,0.120815,0.008357,0.574878,0.5325
1998/10/22 0:00,0.6796962,1.6918982,0.7448104,0.7207712,0.120815,0.008398,0.575606,0.5394
1998/10/23 0:00,0.6882467999999999,1.7087534000000002,0.7806242,0.7135110000000001,0.12082,0.008408,0.575805,0.54165
1998/10/24 0:00,0.6627226,1.7342001999999996,0.7485466000000001,0.7207712,0.120773,0.008479,0.577701,0.5388
1998/10/25 0:00,0.6839002,1.7310556000000001,0.708394,0.7207712,0.120817,0.008463,0.576735,0.53905
1998/10/26 0:00,0.7226036,1.6984484000000002,0.7880039999999999,0.6917266,0.120815,0.008485,0.577417,0.54455
1998/10/27 0:00,0.6447322,1.49912,0.7480100000000001,0.6802032,0.120814,0.008424,0.576934,0.5502
1998/10/28 0:00,0.6318232000000001,1.5160799999999999,0.703153,0.7120143999999999,0.15259879999999998,0.008465,0.576701,0.5476
1998/10/29 0:00,0.704829,1.6229,0.7876162000000001,0.7047502,0.1777456,0.008453,0.577284,0.54225
1998/10/30 0:00,0.6433197999999999,1.51459,0.6860402000000001,0.6734264000000001,0.1525988,0.008427,0.577884,0.54915
1998/10/31 0:00,0.6318232,1.51608,0.7031530000000001,0.7120144,0.15259879999999998,0.008427,0.576851,0.5476
1998/11/1 0:00,0.6433197999999999,1.49466,0.6860402000000001,0.6700206000000001,0.1525988,0.008448,0.577868,0.54925
1998/11/2 0:00,0.7205320000000002,1.6787346000000003,0.7816538000000002,0.6861766,0.16458460000000003,0.008377,0.575225,0.5454
1998/11/3 0:00,0.7043002000000002,1.6697599999999997,0.7748516000000001,0.6965022,0.17875139999999998,0.008339,0.574911,0.54275
1998/11/4 0:00,0.7115090000000001,1.5843,0.7710304000000001,0.7047502000000001,0.17659379999999997,0.008297,0.574086,0.542
1998/11/5 0:00,0.6433198000000001,1.4878399999999998,0.7252432000000001,0.6772012000000001,0.15259879999999998,0.008347,0.57549,0.54945
1998/11/6 0:00,0.632754,1.5292099999999997,0.680335,0.7005766,0.15259879999999998,0.008331,0.574185,0.5479
1998/11/7 0:00,0.6433197999999999,1.4878399999999998,0.6860402000000001,0.6700206,0.15259879999999998,0.008346,0.574713,0.54935
1998/11/8 0:00,0.6433197999999999,1.49692,0.7407864,0.6800576,0.15259879999999998,0.008305,0.572918,0.5498
1998/11/9 0:00,0.6433198000000001,1.49466,0.7264396000000001,0.6700206,0.1630644,0.008249,0.568893,0.54925
1998/11/10 0:00,0.6449738,1.5230592,0.7085351999999999,0.677998,0.1546354,0.008277,0.570483,0.5522
1998/11/11 0:00,0.6433197999999999,1.5175699999999999,0.6881630000000001,0.681335,0.1630644,0.008244,0.568602,0.5488
1998/11/12 0:00,0.6475624,1.5051200000000002,0.779627,0.693285,0.15420899999999998,0.008301,0.570255,0.5541
1998/11/13 0:00,0.6440032,1.5172999999999999,0.7144345999999999,0.6949434,0.14183819999999997,0.008292,0.569606,0.5512
1998/11/14 0:00,0.6433197999999999,1.49466,0.6860402000000001,0.6700206,0.1630644,0.008318,0.569282,0.54935
1998/11/15 0:00,0.6447322000000001,1.49692,0.7495924,0.6800575999999999,0.15259399999999998,0.008403,0.571363,0.5499
1998/11/16 0:00,0.6465938,1.5061399999999998,0.7171896,0.6886286000000001,0.14397500000000002,0.008415,0.571102,0.5532
1998/11/17 0:00,0.6639584000000001,1.49322,0.7207906000000001,0.682253,0.1616264,0.008455,0.573378,0.5586
1998/11/18 0:00,0.6639584000000001,1.49322,0.7207906000000001,0.682253,0.1616264,0.008447,0.573987,0.5586
1998/11/19 0:00,0.7080658,1.4889800000000002,0.7466142,0.6868178,0.14401899999999998,0.008485,0.575225,0.56555
1998/11/20 0:00,0.6914624,1.545205,0.7436260000000001,0.6971626,0.1591702,0.008526,0.577117,0.5645
1998/11/21 0:00,0.7170399999999999,1.4889800000000002,0.7466142,0.6868178,0.1298902,0.008543,0.576302,0.5657
1998/11/22 0:00,0.6712488000000001,1.545791,0.7213309999999999,0.6931752,0.1641896,0.008476,0.575573,0.5593
1998/11/23 0:00,0.66227,1.5786,0.8810426,0.746882,0.184792,0.008504,0.575921,0.5619
1998/11/24 0:00,0.64317,1.5817,0.8387988,0.746826,0.184792,0.008485,0.576153,0.5605
1998/11/25 0:00,0.7042284000000001,1.6013,0.8474294,0.75188,0.18492200000000003,0.008526,0.577167,0.5645
1998/11/26 0:00,0.6857856,1.6034,0.8807326,0.749148,0.184857,0.008542,0.57607,0.5626
1998/11/27 0:00,0.6663138,1.5429414000000001,0.7602916000000001,0.755002,0.170765,0.008562,0.57612,0.5594
1998/11/28 0:00,0.60335,1.49394,0.7581896,0.752304,0.1675312,0.008536,0.575209,0.55365
1998/11/29 0:00,0.59505,1.5162,0.7316338,0.734835,0.1735978,0.008426,0.570581,0.54685
1998/11/30 0:00,0.59405,1.50364,0.714562,0.723223,0.1749678,0.008415,0.566476,0.54835
1998/12/1 0:00,0.58945,1.49084,0.737394,0.718288,0.1749678,0.008302,0.564239,0.5485
1998/12/2 0:00,0.59295,1.49394,0.7171770000000001,0.719839,0.17819159999999998,0.008307,0.566011,0.5533
1998/12/3 0:00,0.59525,1.4941600000000002,0.6771014,0.723223,0.17819159999999998,0.008294,0.566428,0.5526
1998/12/4 0:00,0.60155,1.49576,0.7567282000000001,0.723249,0.1758616,0.008335,0.565771,0.55035
1998/12/5 0:00,0.60325,1.49394,0.7581896,0.733084,0.17819159999999998,0.008362,0.566316,0.5537
1998/12/6 0:00,0.60425,1.49154,0.7938430000000001,0.740631,0.18246200000000004,0.00848,0.566958,0.5547
1998/12/7 0:00,0.60605,1.4895,0.8361376,0.740247,0.184792,0.008485,0.565451,0.55565
1998/12/8 0:00,0.60245,1.4941600000000002,0.6771014,0.724795,0.17819160000000003,0.008408,0.564621,0.55225
1998/12/9 0:00,0.60175,1.50974,0.714562,0.7249,0.1749678,0.008372,0.562272,0.5483
1998/12/10 0:00,0.59785,1.6509308,0.8137815999999999,0.716563,0.171657,0.008335,0.6165398,0.5397
1998/12/11 0:00,0.60565,1.7412800000000002,0.7845634,0.724743,0.1820464,0.008328,0.5867768,0.5481
1998/12/12 0:00,0.60685,1.6193756000000001,0.827119,0.720617,0.1681156,0.0085982,0.5954046,0.5474
1998/12/13 0:00,0.7391585999999999,1.7429999999999999,0.7704688,0.71736,0.18227379999999999,0.0080144,0.5970219999999999,0.5457
1998/12/14 0:00,0.6847334,1.6021999999999998,0.7675142000000001,0.720098,0.182043,0.0085078,0.608,0.54715
1998/12/15 0:00,0.6487999999999999,1.4941600000000002,0.7354474,0.718288,0.1685466,0.008349800000000001,0.597164,0.55245
1998/12/16 0:00,0.65066,1.5948068,0.7668200000000001,0.720773,0.18448720000000002,0.008042200000000001,0.6079432,0.55465
1998/12/17 0:00,0.6568,1.5970226,0.7266278,0.727961,0.170765,0.0083232,0.6178026,0.5602
1998/12/18 0:00,0.6510824000000001,1.5925068,0.7690783999999999,0.735673,0.18448720000000002,0.0079028,0.6129301999999999,0.55545
1998/12/19 0:00,0.6553886,1.5429414000000001,0.690292,0.735402,0.170765,0.0083332,0.606771,0.5596
1998/12/20 0:00,0.65068,1.4936200000000002,0.699643,0.737518,0.171584,0.008751600000000002,0.6169004,0.5615
1998/12/21 0:00,0.6323000000000001,1.496,0.710328,0.744103,0.18587099999999998,0.009104399999999999,0.567783,0.5673
1998/12/22 0:00,0.77536,1.4787400000000002,0.718184,0.755059,0.18620040000000002,0.0094984,0.5607335999999999,0.57455
1998/12/23 0:00,0.6729100000000001,1.496,0.714388,0.753125,0.18587099999999998,0.008574,0.5693528000000001,0.5673
1998/12/24 0:00,0.7747999999999999,1.47874,0.716692,0.761325,0.18620040000000002,0.008543,0.5607336,0.5744
1998/12/25 0:00,0.7747999999999999,1.4737200000000001,0.71958,0.764584,0.18623280000000003,0.008532,0.5628854,0.57595
1998/12/26 0:00,0.7747999999999999,1.48362,0.719891,0.762718,0.16045579999999998,0.008546,0.5648498,0.5795
1998/12/27 0:00,0.7747999999999999,1.4796799999999999,0.720617,0.761383,0.18623280000000003,0.008581,0.5632062,0.5764
1998/12/28 0:00,0.7747999999999999,1.4780000000000002,0.72722,0.757863,0.1862004,0.008598,0.5607336,0.5746
1998/12/29 0:00,0.7747999999999999,1.48496,0.723537,0.754575,0.1860558,0.008579,0.563072,0.57105
1998/12/30 0:00,0.7748000000000002,1.4836200000000002,0.73244,0.76743,0.18646400000000002,0.008661,0.5632062,0.5776
1998/12/31 0:00,0.7738,1.48362,0.738007,0.770832,0.1885588,0.008536,0.5720881999999999,0.58505
1999/1/1 0:00,0.7737,1.6606,0.741785,0.774533,0.191015,0.00857,0.5744368,0.5868
1999/1/2 0:00,0.7747999999999999,1.48362,0.736811,0.770179,0.1737174,0.008504,0.5642736,0.5809
1999/1/3 0:00,0.77536,1.48362,0.728332,0.770001,0.1870018,0.008521,0.5661634,0.58295
1999/1/4 0:00,0.7735800000000002,1.48362,0.727802,0.776096,0.1885382,0.008559,0.5720881999999999,0.5845
1999/1/5 0:00,0.77536,1.48362,0.727431,0.774954,0.1870018,0.008556,0.5654532000000001,0.58275
1999/1/6 0:00,0.7733000000000001,1.56978,0.7303,0.778271,0.191015,0.008571,0.5730381999999999,0.5862
1999/1/7 0:00,0.7747999999999999,1.472,0.722335,0.770475,0.1861892,0.008435,0.5614946,0.5749
1999/1/8 0:00,0.7747999999999999,1.48376,0.729714,0.777907,0.18646400000000002,0.008457,0.5632062,0.57735
1999/1/9 0:00,0.7747999999999999,1.47968,0.728438,0.770416,0.18623280000000003,0.00838,0.5632062,0.5766
1999/1/10 0:00,0.7747999999999999,1.47414,0.728969,0.76646,0.1861892,0.008366,0.5621308,0.5754
1999/1/11 0:00,0.7748,1.48362,0.730567,0.769764,0.1735592,0.00843,0.5642736,0.5801
1999/1/12 0:00,0.7747999999999999,1.48362,0.732869,0.762573,0.1737162,0.008386,0.5642736,0.5808
1999/1/13 0:00,0.77536,1.48372,0.734862,0.758495,0.1870018,0.008412,0.5661634,0.5829
1999/1/14 0:00,0.7747999999999999,1.48362,0.745434,0.770594,0.1735444,0.008494,0.5638982,0.5784
1999/1/15 0:00,0.7717,1.48928,0.736214,0.759907,0.120817,0.00846,0.5763862000000001,0.5729
1999/1/16 0:00,0.7717,1.4818799999999999,0.733012,0.759359,0.12082,0.00849,0.5751548000000001,0.5744
1999/1/17 0:00,0.7717,1.4836200000000002,0.725704,0.763242,0.120817,0.008495,0.5720881999999999,0.5776
1999/1/18 0:00,0.7717,1.48362,0.725219,0.763417,0.120814,0.008498,0.5720881999999999,0.5793
1999/1/19 0:00,0.7717,1.48362,0.7339164,0.770772,0.12082,0.00852,0.5720882,0.5803
1999/1/20 0:00,0.7717,1.48362,0.7333171999999999,0.766607,0.120818,0.0085,0.5720881999999999,0.58315
1999/1/21 0:00,0.7717,1.49512,0.7307922,0.764,0.12082,0.008467,0.5720881999999999,0.58505
1999/1/22 0:00,0.7717,1.52256,0.7272974,0.755801,0.12082,0.008485,0.5720882,0.5851
1999/1/23 0:00,0.7718200000000001,1.6101800000000002,0.7296852,0.759763,0.120817,0.008435,0.5744368,0.58645
1999/1/24 0:00,0.7717,1.52256,0.7237894,0.752842,0.120814,0.008438,0.5720881999999999,0.585
1999/1/25 0:00,0.7718200000000001,1.54806,0.7272974,0.755116,0.120812,0.008487,0.5744368,0.5867
1999/1/26 0:00,0.7726,1.5739699999999999,0.7195292,0.748391,0.120809,0.008456,0.5730381999999999,0.5861
1999/1/27 0:00,0.7717,1.48362,0.7228042,0.740521,0.120809,0.008375,0.5720881999999999,0.5787
1999/1/28 0:00,0.7717,1.53183,0.714558,0.74107,0.120811,0.008358,0.5720881999999999,0.5822
1999/1/29 0:00,0.7718200000000001,1.62839,0.7242532,0.73959,0.120808,0.008351,0.5744368,0.58725
1999/1/30 0:00,0.7762,1.86152,0.7139447999999999,0.744823,0.120809,0.008376,0.5768319999999999,0.59495
1999/1/31 0:00,0.76894,1.86152,0.7139448000000002,0.744241,0.120809,0.008466,0.5930304,0.59535
1999/2/1 0:00,0.76894,1.8717399999999997,0.7213972,0.741235,0.120808,0.008462,0.5793536,0.59585
1999/2/2 0:00,0.77372,1.86112,0.7213972000000001,0.741592,0.120808,0.008469,0.5889028,0.59485
1999/2/3 0:00,0.7729600000000001,1.6869,0.7208398,0.730807,0.120811,0.008463,0.573412,0.59085
1999/2/4 0:00,0.7749400000000001,1.609,0.7203322,0.735564,0.120808,0.008487,0.5906494,0.5884
1999/2/5 0:00,0.72728,1.6846,0.7199416,0.727961,0.120815,0.008495,0.6035661999999999,0.58925
1999/2/6 0:00,0.67518,1.48362,0.718907,0.721865,0.120814,0.008483,0.5871641999999999,0.5796
1999/2/7 0:00,0.7717,1.5037600000000002,0.720383,0.72685,0.120817,0.008458,0.5886165999999999,0.5832
1999/2/8 0:00,0.7482900000000001,1.48362,0.715256,0.730087,0.120815,0.008421,0.5885315999999999,0.5805
1999/2/9 0:00,0.6557499999999999,1.5786,0.710177,0.733192,0.120817,0.0084364,0.5753622,0.5727
1999/2/10 0:00,0.67978,1.5983,0.711212,0.737599,0.12082,0.0083984,0.5753919999999999,0.5746
1999/2/11 0:00,0.70553,1.59535,0.705716,0.733568,0.120817,0.0083984,0.5741706,0.57445
1999/2/12 0:00,0.7717,1.60695,0.715717,0.743108,0.120815,0.0077626,0.5720881999999999,0.58185
1999/2/13 0:00,0.7726200000000001,1.6136,0.717154,0.742198,0.120814,0.0073894,0.5744368,0.5865
1999/2/14 0:00,0.77236,1.6167200000000002,0.723746,0.74355,0.120808,0.007921599999999999,0.5909228,0.5883
1999/2/15 0:00,0.7726200000000001,1.6285500000000002,0.721501,0.742942,0.120809,0.0073894,0.5744368,0.5872
1999/2/16 0:00,0.7750800000000001,1.6133,0.721293,0.739208,0.120808,0.0074646,0.5749324,0.5882
1999/2/17 0:00,0.7717,1.5113800000000002,0.714337,0.733353,0.120812,0.007570200000000001,0.5720881999999999,0.5828
1999/2/18 0:00,0.7717,1.48922,0.711491,0.72998,0.120811,0.0075752,0.5720882,0.583
1999/2/19 0:00,0.7718200000000001,1.6065800000000003,0.715052,0.733487,0.120814,0.0073894,0.5744368,0.5864
1999/2/20 0:00,0.7717,1.5558100000000001,0.712251,0.74195,0.120809,0.0075626,0.5720881999999999,0.5835
1999/2/21 0:00,0.7717,1.5558100000000001,0.71495,0.74217,0.120809,0.0075626,0.5720881999999999,0.5833
1999/2/22 0:00,0.7717,1.48362,0.711997,0.738934,0.120812,0.009278600000000001,0.5720881999999999,0.5789
1999/2/23 0:00,0.7717,1.5066099999999998,0.717875,0.740604,0.120811,0.009038800000000001,0.5720882,0.58035
1999/2/24 0:00,0.7484900000000001,1.48922,0.717283,0.73373,0.120814,0.0077976,0.5720881999999999,0.5823
1999/2/25 0:00,0.77576,1.5877,0.722335,0.730247,0.120817,0.0072562,0.5744368,0.5872
1999/2/26 0:00,0.65835,1.5241600000000002,0.724848,0.73185,0.120815,0.008971400000000001,0.652725,0.5891
1999/2/27 0:00,0.65695,1.5219,0.717772,0.728067,0.120817,0.0089656,0.6364552000000001,0.5869
1999/2/28 0:00,0.65995,1.5219,0.721266,0.728916,0.12082,0.0089656,0.6525714,0.5898
1999/3/1 0:00,0.65735,1.5127,0.718546,0.720254,0.12082,0.009227200000000001,0.6209355999999999,0.5856
1999/3/2 0:00,0.65615,1.48362,0.716332,0.720461,0.120821,0.0086618,0.572246,0.58435
1999/3/3 0:00,0.66025,1.7068400000000001,0.712962,0.71541,0.12082,0.008464,0.574548,0.5895
1999/3/4 0:00,0.65345,1.48362,0.711187,0.712454,0.120823,0.0093002,0.575374,0.58535
1999/3/5 0:00,0.65225,1.5374199999999998,0.713089,0.706414,0.120823,0.009300199999999998,0.570174,0.5864
1999/3/6 0:00,0.63785,1.4938600000000002,0.712301,0.704672,0.120817,0.008982599999999999,0.5712,0.566
1999/3/7 0:00,0.64085,1.48976,0.716949,0.706914,0.120814,0.009388,0.570174,0.572
1999/3/8 0:00,0.64745,1.48362,0.721657,0.714388,0.120814,0.009495199999999999,0.570499,0.5782
1999/3/9 0:00,0.64745,1.48362,0.722465,0.715001,0.120814,0.0094952,0.570499,0.5782
1999/3/10 0:00,0.64365,1.48252,0.724559,0.711769,0.120817,0.009474400000000001,0.570353,0.5742
1999/3/11 0:00,0.63705,1.4938600000000002,0.717875,0.704622,0.120815,0.0089826,0.569395,0.5654
1999/3/12 0:00,0.64005,1.49546,0.724165,0.706065,0.12082,0.009322,0.569898,0.5688
1999/3/13 0:00,0.64835,1.48462,0.729315,0.724113,0.120817,0.0095496,0.570369,0.5741
1999/3/14 0:00,0.64845,1.48282,0.727379,0.718907,0.120817,0.0094646,0.568634,0.5766
1999/3/15 0:00,0.65675,1.48372,0.731368,0.722961,0.120817,0.009491,0.571396,0.58225
1999/3/16 0:00,0.66325,1.48508,0.730834,0.721657,0.120811,0.0086672,0.571102,0.5858
1999/3/17 0:00,0.7735799999999999,1.48372,0.731716,0.725163,0.1882894,0.007259399999999999,0.570125,0.58395
1999/3/18 0:00,0.77714,1.8865100000000001,0.744851,0.735024,0.1488946,0.007593999999999999,0.577201,0.59805
1999/3/19 0:00,0.77168,1.9568800000000004,0.740192,0.738934,0.14889199999999997,0.007566399999999999,0.577768,0.5962
1999/3/20 0:00,0.77628,1.90624,0.737572,0.742115,0.18875820000000001,0.0072385999999999995,0.577968,0.5887
1999/3/21 0:00,0.78164,1.9568800000000004,0.740083,0.756086,0.18931080000000003,0.007266400000000001,0.578469,0.5914
1999/3/22 0:00,0.7752000000000001,1.9180799999999998,0.742501,0.759965,0.1488946,0.007575800000000001,0.579072,0.59695
1999/3/23 0:00,0.7780999999999999,1.8823900000000002,0.746213,0.758898,0.1488946,0.007548000000000001,0.57971,0.59815
1999/3/24 0:00,0.774,1.8823899999999998,0.752021,0.760167,0.1488946,0.007567600000000001,0.581125,0.59725
1999/3/25 0:00,0.7759599999999999,1.88897,0.748167,0.757002,0.13485439999999999,0.007574599999999999,0.580383,0.6009
1999/3/26 0:00,0.77826,1.88897,0.757576,0.762428,0.13485439999999999,0.0075682,0.580636,0.60005
1999/3/27 0:00,0.7752000000000001,1.8823900000000002,0.757461,0.756401,0.1488946,0.0075326,0.580467,0.59705
1999/3/28 0:00,0.7721,1.9140599999999999,0.754945,0.758725,0.16293459999999998,0.0075616,0.575407,0.59615
1999/3/29 0:00,0.77498,1.92782,0.754148,0.75092,0.1906714,0.007510600000000001,0.574713,0.594
1999/3/30 0:00,0.7721,1.9140599999999999,0.761325,0.755173,0.14889460000000002,0.007561599999999999,0.575606,0.59635
1999/3/31 0:00,0.772,1.92782,0.758725,0.750019,0.16293639999999998,0.007375799999999999,0.57554,0.59575
1999/4/1 0:00,0.77328,1.8223499999999997,0.756544,0.752021,0.120823,0.0073604000000000004,0.572902,0.5973
1999/4/2 0:00,0.7912399999999999,1.79056,0.761006,0.75123,0.120824,0.0068592,0.574614,0.6037
1999/4/3 0:00,0.7916399999999999,1.79196,0.764701,0.761383,0.120823,0.007058,0.573493,0.6087
1999/4/4 0:00,0.79372,1.7944600000000002,0.764584,0.76063,0.12082,0.007063600000000001,0.574152,0.6102
1999/4/5 0:00,0.79752,1.7944600000000002,0.763475,0.758956,0.120821,0.006872600000000001,0.573017,0.61205
1999/4/6 0:00,0.7942400000000001,1.7944600000000002,0.762195,0.756201,0.120821,0.0070454,0.573033,0.61025
1999/4/7 0:00,0.784,1.7697699999999998,0.76266,0.752106,0.120823,0.007039999999999999,0.575705,0.61305
1999/4/8 0:00,0.784,1.7944600000000002,0.763534,0.754375,0.120821,0.007045999999999999,0.577001,0.61295
1999/4/9 0:00,0.7916399999999999,1.7697699999999998,0.757404,0.74638,0.120823,0.0068604,0.574927,0.6128
1999/4/10 0:00,0.78084,1.76977,0.748783,0.73524,0.120823,0.008089200000000001,0.572935,0.6093
1999/4/11 0:00,0.7753599999999999,1.76977,0.751399,0.734107,0.120821,0.0091842,0.573789,0.6128
1999/4/12 0:00,0.7443,1.76977,0.750188,0.728863,0.120821,0.0097354,0.574548,0.61545
1999/4/13 0:00,0.7753599999999999,1.7697699999999998,0.747328,0.726322,0.120818,0.0091842,0.574185,0.61265
1999/4/14 0:00,0.72741,1.7800800000000003,0.755458,0.731582,0.120817,0.0094836,0.574779,0.61775
1999/4/15 0:00,0.75173,1.7869499999999998,0.76333,0.73185,0.12081599999999999,0.0080322,0.576784,0.6218
1999/4/16 0:00,0.70045,1.7884800000000003,0.76176,0.735348,0.1208164,0.0090152,0.576469,0.6263
1999/4/17 0:00,0.72763,1.7884799999999998,0.767577,0.739919,0.1208164,0.0092064,0.577667,0.62655
1999/4/18 0:00,0.76063,1.7951799999999998,0.769882,0.747887,0.1208174,0.0099714,0.579878,0.6299
1999/4/19 0:00,0.76063,1.8134700000000001,0.766842,0.753551,0.1208174,0.0099714,0.581547,0.63
1999/4/20 0:00,0.74478,1.8134700000000001,0.766812,0.757978,0.1208174,0.009923999999999999,0.580248,0.6298
1999/4/21 0:00,0.71686,1.7937699999999999,0.766842,0.764789,0.1197544,0.0099238,0.581801,0.63435
1999/4/22 0:00,0.6990098,1.7875999999999999,0.767195,0.767224,0.1197452,0.009958400000000001,0.583976,0.63905
1999/4/23 0:00,0.6990098,1.7875999999999999,0.766636,0.768521,0.11975640000000001,0.009962200000000001,0.581632,0.6397
1999/4/24 0:00,0.7004898,1.7875999999999999,0.770001,0.77006,0.11975739999999999,0.0099812,0.580316,0.6407
1999/4/25 0:00,0.7165800000000001,1.79177,0.757805,0.758265,0.119744,0.009419799999999999,0.581024,0.6374
1999/4/26 0:00,0.7168599999999999,1.7875999999999999,0.758553,0.75933,0.11974480000000001,0.009401799999999998,0.579945,0.6396
1999/4/27 0:00,0.7045098000000001,1.7893000000000001,0.766342,0.772977,0.119763,0.009789200000000001,0.580501,0.641
1999/4/28 0:00,0.7004897999999999,1.7925999999999997,0.769556,0.775795,0.11976200000000001,0.009825200000000001,0.579794,0.6401
1999/4/29 0:00,0.6953498,1.78399,0.766812,0.770386,0.11974179999999998,0.0097824,0.58003,0.64415
1999/4/30 0:00,0.6953498,1.78399,0.770713,0.777122,0.12029000000000001,0.0092404,0.58003,0.64615
1999/5/1 0:00,0.6976498,1.78399,0.761847,0.775825,0.1197624,0.009381,0.583158,0.6445
1999/5/2 0:00,0.6953498,1.78399,0.766401,0.784498,0.12081519999999998,0.009285,0.581818,0.64555
1999/5/3 0:00,0.70487,1.7865099999999998,0.770802,0.789079,0.12081539999999999,0.009313,0.584283,0.64745
1999/5/4 0:00,0.6953498,1.77941,0.766254,0.789983,0.120817,0.009317,0.583942,0.64705
1999/5/5 0:00,0.69703,1.79487,0.765257,0.789359,0.12081539999999999,0.009226,0.583124,0.64815
1999/5/6 0:00,0.7095098,1.7919699999999998,0.753154,0.782993,0.1208164,0.009238,0.582547,0.64405
1999/5/7 0:00,0.7073503999999999,1.8014299999999999,0.759936,0.789422,0.120817,0.009276,0.584027,0.6492
1999/5/8 0:00,0.7262700000000001,1.609993,0.8056842,0.791202,0.12799159999999998,0.009289,0.6793533999999999,0.6479
1999/5/9 0:00,0.7262000000000001,1.5567800000000003,0.7395962,0.793777,0.12011659999999999,0.0093,0.7073845999999999,0.65155
1999/5/10 0:00,0.7262700000000001,1.609993,0.8012788000000001,0.796337,0.1279916,0.009316,0.6793533999999999,0.648
1999/5/11 0:00,0.6952098,1.6824999999999999,0.7283232,0.799105,0.1256106,0.009284,0.7069344,0.64635
1999/5/12 0:00,0.7121297999999999,1.6173852,0.8494306,0.798531,0.1371502,0.009274,0.6925436,0.6438
1999/5/13 0:00,0.71284,1.6173852,0.8093112,0.796052,0.13202039999999998,0.009302,0.6781212,0.64195
1999/5/14 0:00,0.728275,1.6453139999999997,0.7457848000000001,0.794502,0.1319978,0.009308,0.6395506,0.63995
1999/5/15 0:00,0.7173704000000001,1.7661000000000002,0.7442338000000001,0.800737,0.12081579999999999,0.009351,0.6594551999999999,0.65005
1999/5/16 0:00,0.7403600000000001,1.67874,0.8079416,0.804441,0.1203142,0.009312,0.7066626,0.6551
1999/5/17 0:00,0.7706642,1.55832,0.9155622000000001,0.811557,0.1306128,0.009354,0.7042738,0.6622
1999/5/18 0:00,0.7741165999999999,1.6483899999999998,0.8045083999999999,0.810406,0.125498,0.009418,0.6935633999999999,0.67105
1999/5/19 0:00,0.796697,1.5711600000000001,0.7316962,0.813306,0.13085200000000002,0.009417,0.7074113999999999,0.67425
1999/5/20 0:00,0.7698866000000001,1.70716,0.8325164,0.806614,0.13048359999999998,0.009416,0.6935936,0.67085
1999/5/21 0:00,0.77511,1.5858500000000002,0.7795118,0.819034,0.120817,0.009378,0.635993,0.68295
1999/5/22 0:00,0.75759,1.5584716,0.870342,0.81696,0.120817,0.009398,0.6359687999999999,0.6841
1999/5/23 0:00,0.78974,1.57317,0.732268,0.817829,0.12082,0.009414,0.6365686,0.6821
1999/5/24 0:00,0.7904199999999999,1.58308,0.7587442,0.811655,0.12082,0.009417,0.6657181999999999,0.6761
1999/5/25 0:00,0.7631499999999999,1.6986599999999998,0.8475223999999999,0.8036,0.120821,0.009418,0.6939252,0.67075
1999/5/26 0:00,0.72512,1.6685000000000003,0.8100988000000001,0.788955,0.120821,0.009387,0.6658846,0.6591
1999/5/27 0:00,0.74846,1.67485,0.7777305999999999,0.800993,0.120817,0.009336,0.6609028,0.6656
1999/5/28 0:00,0.7783500000000001,1.62272,0.7618927999999999,0.806842,0.120815,0.00935,0.7095718,0.67265
1999/5/29 0:00,0.79168,1.5844286,0.7311388,0.809651,0.120815,0.009425,0.7031908,0.67735
1999/5/30 0:00,0.78888,1.56416,0.7296566,0.805023,0.120815,0.00945,0.6845936,0.67505
1999/5/31 0:00,0.78992,1.6632200000000001,0.7289286,0.805834,0.120815,0.009465,0.6789386,0.6782
1999/6/1 0:00,0.79132,1.6052399999999998,0.7582498,0.79526,0.120815,0.009413,0.6845936,0.67555
1999/6/2 0:00,0.7359354,1.81445,0.7929286,0.793053,0.120817,0.009438,0.6572406,0.66955
1999/6/3 0:00,0.72889,1.8173,0.8037324,0.791515,0.120817,0.009467,0.6840014,0.6727
1999/6/4 0:00,0.74629,1.83315,0.8208421999999999,0.799776,0.1235676,0.009478,0.6255835999999999,0.6838
1999/6/5 0:00,0.8161343999999999,1.8337,0.8903155999999999,0.799105,0.137431,0.009446,0.6124658000000001,0.68665
1999/6/6 0:00,0.7969472,1.8439,0.8537088,0.805477,0.1365306,0.009459,0.6512072,0.68945
1999/6/7 0:00,0.8456693999999999,1.8711,0.8635950000000001,0.808963,0.12144300000000001,0.009478,0.6310328000000001,0.69955
1999/6/8 0:00,0.8134098,1.8846,0.8634986000000001,0.811787,0.12420520000000002,0.009477,0.5982706,0.7006
1999/6/9 0:00,0.8197122,1.8917,0.8897368,0.812513,0.1271656,0.00949,0.6310328000000001,0.69945
1999/6/10 0:00,0.8165473999999999,1.8842,0.8772734,0.80782,0.1219452,0.009482,0.6025614,0.70145
1999/6/11 0:00,0.7923539999999999,1.8896,0.7720422000000001,0.810406,0.120814,0.009483,0.6912146,0.70625
1999/6/12 0:00,0.773908,1.90445,0.8309436,0.814664,0.120817,0.009463,0.6049636,0.70955
1999/6/13 0:00,0.8395224000000001,1.8859,0.8931148,0.804473,0.120817,0.00936,0.6209676,0.7
1999/6/14 0:00,0.8420350000000001,1.89525,0.8793892,0.805542,0.120815,0.009331,0.5983566,0.70035
1999/6/15 0:00,0.7400100000000001,1.86525,0.8110821999999999,0.795102,0.120814,0.009218,0.589431,0.68105
1999/6/16 0:00,0.8032121999999999,1.89165,0.8392976000000001,0.807168,0.120815,0.009248,0.592066,0.692
1999/6/17 0:00,0.7813245999999999,1.8719,0.779554,0.793714,0.120817,0.009175,0.590214,0.68775
1999/6/18 0:00,0.7725645999999999,1.86145,0.7603014000000001,0.788924,0.120817,0.009121,0.587165,0.68735
1999/6/19 0:00,0.8015793999999999,1.8684,0.8112695999999999,0.792958,0.120818,0.009172,0.58898,0.68635
1999/6/20 0:00,0.76192,1.66085,0.7713808,0.788986,0.12082,0.0081756,0.587699,0.69065
1999/6/21 0:00,0.7774899999999999,1.554501,0.7630798,0.771962,0.12082,0.0095028,0.585446,0.681
1999/6/22 0:00,0.74129,1.7619700000000003,0.8482972,0.771962,0.12082,0.0093596,0.584232,0.6707
1999/6/23 0:00,0.75085,1.68911,0.782001,0.773276,0.120817,0.0084852,0.582717,0.6676
1999/6/24 0:00,0.7604,1.6125838000000001,0.7840196,0.784529,0.120812,0.009209,0.581903,0.67555
1999/6/25 0:00,0.75975,1.63476,0.7844454,0.784899,0.120821,0.009727000000000001,0.586786,0.6779
1999/6/26 0:00,0.75875,1.82715,0.8565726,0.779879,0.120821,0.0088024,0.585686,0.6765
1999/6/27 0:00,0.73845,1.81,0.7589457999999999,0.786937,0.120814,0.0092834,0.58471,0.64835
1999/6/28 0:00,0.73045,1.7995,0.742142,0.780884,0.120815,0.009516,0.582581,0.64265
1999/6/29 0:00,0.73605,1.8048,0.7567092,0.78376,0.120812,0.0094366,0.585995,0.6461
1999/6/30 0:00,0.74215,1.8136,0.757062,0.8140428,0.120812,0.010376,0.587372,0.65055
1999/7/1 0:00,0.74045,1.8173,0.757062,0.8177570000000001,0.120811,0.010027,0.58846,0.64965
1999/7/2 0:00,0.75175,1.83575,0.759082,0.8483345999999999,0.12082,0.008667000000000001,0.591716,0.6601
1999/7/3 0:00,0.7491,1.8336,0.7468386,0.7864215999999999,0.120814,0.0088284,0.6842212,0.65505
1999/7/4 0:00,0.74565,1.84685,0.833672,0.7950098000000001,0.120812,0.0085076,0.6407490000000001,0.6631
1999/7/5 0:00,0.7226899999999999,1.82555,0.7448164,0.762454,0.120814,0.0090378,0.6857344,0.65395
1999/7/6 0:00,0.72943,1.80655,0.7375366000000001,0.7168286,0.120815,0.0092168,0.6316398,0.645
1999/7/7 0:00,0.7262099999999999,1.8225,0.7522395999999999,0.814273,0.120815,0.0089204,0.6984092,0.6553
1999/7/8 0:00,0.737895,1.82685,0.7563788,0.8050535999999999,0.120815,0.008542400000000002,0.6874735999999999,0.65705
1999/7/9 0:00,0.737895,1.82685,0.7563788,0.8050535999999999,0.120815,0.008542400000000002,0.6874735999999999,0.65705
1999/7/10 0:00,0.7403700000000001,1.85755,0.7312529999999999,0.8283396,0.120818,0.010481800000000001,0.6943720000000001,0.6691
1999/7/11 0:00,0.72621,1.8283,0.7531443999999999,0.8081508,0.120818,0.0089204,0.6984092,0.6558
1999/7/12 0:00,0.7118004,1.8228,0.7360046,0.7861102000000001,0.120818,0.009037400000000001,0.6896838000000001,0.65015
1999/7/13 0:00,0.737895,1.84305,0.7581896,0.8050535999999999,0.120818,0.0085424,0.6874735999999999,0.657
1999/7/14 0:00,0.74312,1.8384,0.8089118,0.7677590000000001,0.120818,0.0085632,0.6546700000000001,0.66395
1999/7/15 0:00,0.7153404,1.8163,0.7698107999999999,0.7392506,0.120818,0.009255399999999999,0.6642298,0.64965
1999/7/16 0:00,0.72544,1.791,0.7305818000000001,0.7078908000000002,0.120814,0.0098182,0.6433785999999999,0.63565
1999/7/17 0:00,0.72594,1.8066399999999998,0.7299322,0.7055822,0.120815,0.009478000000000002,0.6384626000000001,0.63785
1999/7/18 0:00,0.72704,1.76737,0.7394361999999999,0.6958886,0.120818,0.009415999999999999,0.6203718,0.64095
1999/7/19 0:00,0.7209300000000001,1.72263,0.7434900000000001,0.7460254,0.12082,0.0092524,0.6266988,0.6438
1999/7/20 0:00,0.70204,1.7874499999999998,0.7437584,0.7419312,0.12082,0.00964,0.5791618,0.6291
1999/7/21 0:00,0.7190199999999999,1.7889599999999999,0.7294376,0.7639704,0.120818,0.008140999999999999,0.6085974,0.6215
1999/7/22 0:00,0.69852,1.7874499999999998,0.7336858,0.7469366,0.120817,0.0096484,0.5791618,0.6283
1999/7/23 0:00,0.7135900000000001,1.79639,0.7309526,0.7505534,0.12082,0.0101814,0.6026824000000001,0.63135
1999/7/24 0:00,0.7016399999999999,1.7289,0.717891,0.7580348000000001,0.120815,0.0096214,0.6051922000000001,0.62565
1999/7/25 0:00,0.6968599999999999,1.72474,0.7252954,0.7564786000000001,0.120815,0.0094832,0.6040422000000001,0.6247
1999/7/26 0:00,0.7155900000000001,1.8021900000000002,0.7248821999999999,0.7292682,0.120815,0.009977,0.6263274,0.6332
1999/7/27 0:00,0.71925,1.79145,0.7321614000000001,0.6935140000000001,0.120815,0.009551399999999998,0.6455529999999999,0.63675
1999/7/28 0:00,0.70204,1.79535,0.7505268,0.7419312,0.120815,0.00964,0.6023802,0.6299
1999/7/29 0:00,0.7010799999999999,1.79155,0.736351,0.770391,0.120815,0.009373,0.5998482,0.62675
1999/7/30 0:00,0.73926,1.7748,0.7366086000000001,0.7633666,0.120818,0.007695199999999999,0.5849808,0.6055
1999/7/31 0:00,0.73926,1.75665,0.7366086000000001,0.7633666,0.120812,0.0077176,0.5758954,0.60655
1999/8/1 0:00,0.6936800000000001,1.77305,0.756465,0.742658,0.120812,0.008317399999999999,0.5751213999999999,0.6132
1999/8/2 0:00,0.7511599999999999,1.761,0.7405432000000001,0.7434812,0.120814,0.00753,0.5863046,0.59835
1999/8/3 0:00,0.7385,1.76055,0.7274298,0.7790526,0.120814,0.007695200000000001,0.5868082,0.60455
1999/8/4 0:00,0.7629400000000001,1.76925,0.7198082,0.7677512,0.120814,0.0076132000000000005,0.587465,0.599
1999/8/5 0:00,0.7596200000000001,1.7679,0.722744,0.7697383999999999,0.120815,0.007622799999999999,0.5957008,0.59955
1999/8/6 0:00,0.7213200000000001,1.7838,0.7366806,0.7604196,0.120818,0.0077176,0.5736454,0.60725
1999/8/7 0:00,0.77656,1.7885,0.728863,0.8173176,0.120815,0.007766200000000001,0.6225212000000001,0.60955
1999/8/8 0:00,0.77656,1.7894,0.729954,0.7947268,0.120815,0.0075646,0.6033704,0.6079
1999/8/9 0:00,0.72718,1.8105,0.728969,0.8289662,0.120818,0.009998,0.6315398,0.6171
1999/8/10 0:00,0.7147600000000001,1.8145,0.73006,0.8208255999999998,0.120818,0.009998,0.632578,0.62145
1999/8/11 0:00,0.7436,1.835,0.734322,0.8415341999999999,0.120818,0.009915,0.6375902,0.63065
1999/8/12 0:00,0.7556,1.8334,0.73408,0.7985939999999999,0.120818,0.009915,0.6391508,0.6339
1999/8/13 0:00,0.72312,1.83975,0.730914,0.8328574,0.120821,0.009951199999999999,0.6319868,0.62665
1999/8/14 0:00,0.7501599999999999,1.8399,0.733783,0.8289662,0.12082,0.009500399999999999,0.6315398,0.61695
1999/8/15 0:00,0.7876500000000001,1.7628799999999998,0.740933,0.8045057999999999,0.120821,0.0095742,0.6221331999999999,0.62495
1999/8/16 0:00,0.73017,1.77603,0.742859,0.805837,0.120821,0.009915,0.625458,0.6322
1999/8/17 0:00,0.7593799999999999,1.77978,0.7414,0.7994738,0.120821,0.0102474,0.6278842,0.628
1999/8/18 0:00,0.8085600000000002,1.8333,0.735673,0.7755529999999999,0.120821,0.0074789999999999995,0.6407624000000001,0.6198
1999/8/19 0:00,0.75619,1.80141,0.735835,0.792678,0.12082,0.009915,0.6259963999999999,0.63415
1999/8/20 0:00,0.76774,1.71592,0.727299,0.7846865999999999,0.120823,0.009488,0.6256029999999999,0.6245
1999/8/21 0:00,0.7453000000000001,1.8051000000000001,0.730353,0.7486914,0.120823,0.009781199999999999,0.6336561999999999,0.6378
1999/8/22 0:00,0.72458,1.65562,0.726137,0.7597904,0.120823,0.010012799999999999,0.628242,0.62935
1999/8/23 0:00,0.80856,1.75946,0.728943,0.7653128,0.120823,0.0088324,0.6307942000000001,0.6223
1999/8/24 0:00,0.76834,1.8016,0.733353,0.7994738,0.120823,0.0100874,0.6278842,0.62765
1999/8/25 0:00,0.7519,1.80962,0.732252,0.7947165999999999,0.120823,0.010012799999999999,0.628242,0.62935
1999/8/26 0:00,0.7859400000000001,1.78949,0.736187,0.7994738,0.120823,0.010220400000000001,0.6278842,0.62775
1999/8/27 0:00,0.80856,1.76251,0.73551,0.8035764000000001,0.120821,0.009556199999999999,0.6256030000000001,0.62445
1999/8/28 0:00,0.75202,1.76605,0.743799,0.7910362,0.120823,0.009915,0.6237738,0.63515
1999/8/29 0:00,0.76689,1.78671,0.741015,0.7901352,0.120821,0.009915,0.6264725999999999,0.63605
1999/8/30 0:00,0.76689,1.76737,0.741427,0.7829916,0.120823,0.0099308,0.6136974000000001,0.64135
1999/8/31 0:00,0.73017,1.7819800000000001,0.743633,0.7912998,0.120823,0.0097228,0.628242,0.6306
1999/9/1 0:00,0.73173,1.78671,0.749906,0.7901351999999999,0.120823,0.0095604,0.6265566,0.63595
1999/9/2 0:00,0.73759,1.7643499999999999,0.75092,0.7829916,0.120821,0.009543600000000001,0.6133622000000001,0.6407
1999/9/3 0:00,0.7132700000000001,1.6976400000000003,0.756945,0.8018940000000001,0.120823,0.009517999999999999,0.6574324,0.6473
1999/9/4 0:00,0.70487,1.6976400000000003,0.754091,0.8018940000000001,0.12082,0.009518,0.6574324,0.6474
1999/9/5 0:00,0.7173704000000001,1.7661000000000002,0.752955,0.8114844,0.12082,0.0095248,0.6345964,0.64955
1999/9/6 0:00,0.71889,1.6150600000000002,0.75663,0.8324614,0.12082,0.009417,0.6991151999999999,0.6558
1999/9/7 0:00,0.7188899999999999,1.66504,0.759273,0.8255852000000001,0.120818,0.0095192,0.6991151999999999,0.65605
1999/9/8 0:00,0.72335,1.7634300000000003,0.759013,0.8022596,0.120818,0.009598400000000002,0.6784734,0.65715
1999/9/9 0:00,0.72715,1.6376800000000002,0.75861,0.8155236,0.12082,0.0093414,0.6644266,0.66075
1999/9/10 0:00,0.72485,1.6131087999999998,0.756115,0.7929885999999999,0.12082,0.009236,0.6817991999999999,0.65845
1999/9/11 0:00,0.72395,1.56056,0.756372,0.8306692,0.120821,0.009162,0.707114,0.6528
1999/9/12 0:00,0.72275,1.6246319999999996,0.755515,0.811205,0.120821,0.009108,0.6685542,0.65085
1999/9/13 0:00,0.73215,1.5600600000000002,0.762602,0.8422320000000001,0.12009639999999999,0.009195,0.7029444,0.6592
1999/9/14 0:00,0.7188899999999999,1.6150600000000002,0.765169,0.8324614,0.12021359999999999,0.009237,0.6984334,0.656
1999/9/15 0:00,0.7315104000000001,1.6161794,0.761383,0.8230076000000001,0.13285399999999997,0.009219,0.7087438,0.65245
1999/9/16 0:00,0.7242714,1.6703921999999998,0.756687,0.8097009999999999,0.1312326,0.009106,0.6310397999999999,0.64015
1999/9/17 0:00,0.7509404,1.6692050000000003,0.759244,0.7811646,0.12127640000000002,0.009105,0.6316044,0.6408
1999/9/18 0:00,0.7108738,1.7734586,0.75706,0.8699692000000001,0.1303368,0.009078,0.6623952,0.63535
1999/9/19 0:00,0.7022986,1.756402,0.750469,0.8356045999999999,0.1218482,0.009094,0.6603956,0.6359
1999/9/20 0:00,0.69995,1.6923783999999997,0.750525,0.8827338000000001,0.12746659999999999,0.009016,0.6410452,0.628
1999/9/21 0:00,0.69775,1.6913432,0.752191,0.8755252,0.1318176,0.008953,0.6284050000000001,0.62915
1999/9/22 0:00,0.69915,1.7555020000000003,0.754802,0.8140382,0.1282828,0.008924,0.6286462,0.63345
1999/9/23 0:00,0.70265,1.6771091999999999,0.750835,0.8260026,0.1277622,0.008972,0.6704894,0.6367
1999/9/24 0:00,0.70275,1.6849364000000002,0.750751,0.9215161999999999,0.1418622,0.009017,0.6605361999999999,0.63905
1999/9/25 0:00,0.70275,1.6849364000000002,0.750751,0.9215161999999999,0.1418622,0.009017,0.6605361999999999,0.63905
1999/9/26 0:00,0.70295,1.6543430000000001,0.758294,0.844154,0.1291508,0.008988,0.6405388000000001,0.6431
1999/9/27 0:00,0.70405,1.7342132,0.759763,0.8153812,0.1356694,0.009003,0.6509764,0.64535
1999/9/28 0:00,0.70315,1.6543430000000001,0.75884,0.7889175999999999,0.1291508,0.008944,0.6405388000000001,0.6433
1999/9/29 0:00,0.714,1.5567999999999997,0.762776,0.8306692,0.1253958,0.009056,0.707114,0.65315
1999/9/30 0:00,0.71535,1.5611599999999999,0.758438,0.8306692,0.1253958,0.009035,0.707114,0.65275
1999/10/1 0:00,0.71255,1.5933920000000001,0.75749,0.8065662,0.12447140000000001,0.00899,0.6685542,0.65145
1999/10/2 0:00,0.71415,1.5676599999999998,0.754489,0.8550836,0.1190026,0.009029,0.704683,0.6548
1999/10/3 0:00,0.71425,1.72391,0.750863,0.827558,0.12015020000000001,0.009017,0.6787393999999999,0.65725
1999/10/4 0:00,0.71695,1.608341,0.763942,0.7949528,0.1198122,0.009046,0.6176556,0.66515
1999/10/5 0:00,0.71845,1.608341,0.765521,0.8141658000000002,0.11967140000000001,0.00905,0.6171697999999999,0.66485
1999/10/6 0:00,0.71555,1.6082608,0.7344506,0.8841652,0.1336414,0.0091,0.6705536000000001,0.66375
1999/10/7 0:00,0.71535,1.6099508,0.7344506,0.8841652,0.13315159999999998,0.008743200000000001,0.6705536000000001,0.6634
1999/10/8 0:00,0.72435,1.60956,0.7571977999999999,0.9024656,0.11848,0.009658400000000001,0.6611412,0.6718
1999/10/9 0:00,0.72385,1.5996314,0.7292584,0.7899656,0.1253902,0.009739599999999998,0.7026912,0.673
1999/10/10 0:00,0.71355,1.5429000000000002,0.7389653999999999,0.8567411999999999,0.1194258,0.0088164,0.7028681999999999,0.6626
1999/10/11 0:00,0.70475,1.5878396000000001,0.8168749999999999,0.7838463999999999,0.13054860000000001,0.0097244,0.6505569999999999,0.64725
1999/10/12 0:00,0.70575,1.664621,0.7569034,0.7845112000000001,0.1244554,0.0103576,0.6819742000000001,0.6503
1999/10/13 0:00,0.70315,1.5503095999999998,0.7383949999999999,0.8619418,0.13272,0.009392600000000001,0.7066247999999999,0.6515
1999/10/14 0:00,0.699252,1.6710880000000004,0.724718,0.7670504,0.12656379999999998,0.009590999999999999,0.6867438,0.64965
1999/10/15 0:00,0.69925,1.6710880000000004,0.724718,0.7670504,0.12656379999999998,0.009590999999999999,0.6867438,0.64965
1999/10/16 0:00,0.70445,1.80185,0.7468386,0.827397,0.1193668,0.0088444,0.6842212,0.65555
1999/10/17 0:00,0.70025,1.7919,0.7322876,0.7667186,0.118882,0.009024399999999998,0.68087,0.65335
1999/10/18 0:00,0.69615,1.79,0.7458814,0.7778782,0.11887719999999999,0.0103924,0.617326,0.64675
1999/10/19 0:00,0.69095,1.7744,0.7425569999999999,0.7661676,0.11936500000000001,0.0103924,0.617326,0.64685
1999/10/20 0:00,0.69405,1.78365,0.7541578,0.8396018,0.118866,0.009284,0.6273586,0.64825
1999/10/21 0:00,0.69245,1.7745,0.7358536,0.7990168,0.1183576,0.010737199999999999,0.6404286000000001,0.64605
1999/10/22 0:00,0.692449,1.7745,0.7358536,0.7990168,0.1183576,0.010737199999999999,0.6404286000000001,0.646049
1999/10/23 0:00,0.68915,1.78855,0.7322876,0.733579,0.11839340000000001,0.009024399999999998,0.6839734,0.65305
1999/10/24 0:00,0.69645,1.7979,0.7468386,0.8275216000000001,0.119368,0.0088444,0.6905108,0.6562
1999/10/25 0:00,0.69935,1.79845,0.8173306,0.827369,0.1193114,0.008685000000000002,0.6954288,0.65965
1999/10/26 0:00,0.70235,1.7984,0.811568,0.8272051999999999,0.1193128,0.0086994,0.6794096,0.66145
1999/10/27 0:00,0.69515,1.77705,0.7604782,0.787557,0.12075739999999999,0.008812400000000001,0.6048541999999999,0.65725
1999/10/28 0:00,0.69845,1.7932,0.7604782,0.788488,0.1207568,0.008666400000000001,0.6048542,0.66015
1999/10/29 0:00,0.69795,1.79235,0.7604782,0.788115,0.1207568,0.008666400000000001,0.6048542,0.65995
1999/10/30 0:00,0.777821,1.985218,0.8308911999999999,0.881018,0.1464426,0.0095444,0.6333856,0.733665
1999/10/31 0:00,0.70395,1.79675,0.7979225999999999,0.797321,0.120757,0.0086732,0.6285476,0.66395
1999/11/1 0:00,0.70585,1.792,0.7572848,0.791609,0.1207568,0.0086794,0.6048542,0.66205
1999/11/2 0:00,0.71355,1.7973,0.7977734,0.793242,0.1202364,0.0098146,0.6978218,0.66645
1999/11/3 0:00,0.71205,1.80615,0.7977734,0.793367,0.1203796,0.0092788,0.6978218,0.66605
1999/11/4 0:00,0.71395,1.8096,0.7977734,0.793367,0.1203344,0.009814599999999998,0.6978218,0.66635
1999/11/5 0:00,0.71795,1.8137,0.8187897999999999,0.794029,0.1217346,0.0086642,0.6978218,0.67015
1999/11/6 0:00,0.71685,1.8001,0.8187898,0.794092,0.1215938,0.009132999999999999,0.6978218,0.66975
1999/11/7 0:00,0.717927,1.813565,0.8187897999999999,0.794029,0.1217346,0.0086642,0.6978218,0.670151
1999/11/8 0:00,0.716846,1.80018,0.8187898,0.794092,0.1215938,0.009132999999999999,0.6978218,0.669748
1999/11/9 0:00,0.721652,1.78715,0.8302855999999998,0.790608,0.12234700000000001,0.0093666,0.6978218,0.671001
1999/11/10 0:00,0.72385,1.78225,0.8302856000000001,0.792299,0.13296999999999998,0.009331599999999999,0.6978218,0.6735
1999/11/11 0:00,0.723851,1.782213,0.8302856000000001,0.792267,0.13296999999999998,0.009331599999999999,0.6978218,0.673491
1999/11/12 0:00,0.72815,1.7853,0.7260719999999999,0.794786,0.127635,0.009020799999999999,0.6983868,0.67735
1999/11/13 0:00,0.73345,1.79875,0.8565834000000001,0.799361,0.1237836,0.0085146,0.6322306,0.6822
1999/11/14 0:00,0.72935,1.7915,0.726072,0.795672,0.12302119999999998,0.0087386,0.6991935999999999,0.6779
1999/11/15 0:00,0.72305,1.79355,0.7533099999999999,0.797512,0.1323634,0.008911800000000001,0.6978217999999999,0.6764
1999/11/16 0:00,0.72855,1.79715,0.830874,0.803439,0.12355819999999999,0.0089124,0.6768378,0.68065
1999/11/17 0:00,0.73135,1.80455,0.85366,0.7666292,0.1281688,0.008687,0.6776161999999999,0.68635
1999/11/18 0:00,0.72525,1.79795,0.8294210000000002,0.7609766,0.12750899999999998,0.0088548,0.6994712,0.68505
1999/11/19 0:00,0.72675,1.8045,0.8294210000000002,0.7609766,0.12750899999999998,0.008854800000000001,0.6994712,0.68505
1999/11/20 0:00,0.73605,1.8171,0.8288757999999999,0.7640357999999999,0.12289539999999999,0.0087996,0.6831124000000001,0.6913
1999/11/21 0:00,0.73695,1.8271,0.7862022,0.8097558000000001,0.12149259999999999,0.009063,0.6846590000000001,0.6925
1999/11/22 0:00,0.74175,1.8306,0.7879072,0.8221071999999999,0.1319808,0.0085462,0.7090832,0.69705
1999/11/23 0:00,0.74715,1.8418,0.8468548,0.7962122,0.12777180000000002,0.008809800000000001,0.7077706,0.7005
1999/11/24 0:00,0.74585,1.83385,0.7879072,0.8221071999999999,0.13198079999999998,0.0085462,0.7090832,0.6969
1999/11/25 0:00,0.74465,1.82785,0.8427372,0.7666292,0.1281688,0.008687,0.7002615999999999,0.68635
1999/11/26 0:00,0.74575,1.720144,0.8584142,0.7753515999999999,0.123197,0.0096382,0.6153738,0.6828
1999/11/27 0:00,0.74825,1.7006004000000001,0.9089028000000001,0.7708145999999999,0.123278,0.008877399999999999,0.6266392000000001,0.6838
1999/11/28 0:00,0.74855,1.7711306,0.820311,0.7651570000000001,0.1320336,0.009636800000000001,0.6803172000000001,0.68645
1999/11/29 0:00,0.74575,1.7256816000000001,0.817628,0.7709813999999999,0.12644519999999998,0.009098400000000001,0.6774943999999999,0.6839
1999/11/30 0:00,0.74575,1.6795617999999997,0.81586,0.7651570000000001,0.1320324,0.009682199999999998,0.6803172000000001,0.6859
1999/12/1 0:00,0.75645,1.7882200000000001,0.827369,0.7430206,0.12150679999999998,0.0088534,0.6716618,0.6908
1999/12/2 0:00,0.75735,1.84514,0.828295,0.7164452000000001,0.12150679999999998,0.0087812,0.6710128,0.69065
1999/12/3 0:00,0.76355,1.7352800000000002,0.837346,0.8265124,0.1206434,0.0091276,0.6991596,0.69385
1999/12/4 0:00,0.75715,1.7601099999999998,0.838118,0.7909586,0.12167919999999999,0.0090082,0.6978408,0.69135
1999/12/5 0:00,0.76015,1.8698299999999999,0.833889,0.7134664,0.1267954,0.0087968,0.6549366,0.6882
1999/12/6 0:00,0.75965,1.7111372000000002,0.835247,0.7510392,0.13104559999999998,0.0092262,0.6555768000000001,0.68455
1999/12/7 0:00,0.76475,1.8407699999999998,0.83605,0.750504,0.1267954,0.009021999999999999,0.632852,0.6875
1999/12/8 0:00,0.76965,1.7352800000000002,0.837767,0.8265124,0.11996480000000001,0.0091276,0.6991596,0.69395
1999/12/9 0:00,0.76995,1.9383399999999997,0.831739,0.852455,0.13391440000000002,0.0090194,0.6977762000000001,0.69745
1999/12/10 0:00,0.77355,1.8943400000000001,0.83668,0.8006171999999999,0.1308156,0.009125600000000001,0.7090050000000001,0.70095
1999/12/11 0:00,0.78205,1.8857200000000003,0.837661,0.8116442000000001,0.1208226,0.009245,0.607644,0.70835
1999/12/12 0:00,0.77615,1.88282,0.830013,0.8021432,0.1213448,0.0091848,0.605583,0.70275
1999/12/13 0:00,0.78425,1.8883800000000002,0.83949,0.8290156,0.1208226,0.0092806,0.607533,0.71055
1999/12/14 0:00,0.78255,1.7699255999999999,0.842957,0.8042042,0.12596020000000002,0.0090486,0.7124568,0.7094
1999/12/15 0:00,0.78605,1.7037986,0.843561,0.8125620000000001,0.1259572,0.0091212,0.7123756,0.70965
1999/12/16 0:00,0.78604,1.89544,0.843526,0.8125620000000001,0.120824,0.009121200000000001,0.709982,0.709673
1999/12/17 0:00,0.79305,1.9310699999999996,0.849834,0.8154306,0.120824,0.008992,0.6164154,0.71765
1999/12/18 0:00,0.78935,1.7967058000000002,0.848716,0.8154306,0.120824,0.009712,0.6417376,0.71675
1999/12/19 0:00,0.77695,1.9278300000000002,0.842247,0.825928,0.120824,0.009245,0.6471212,0.7136
1999/12/20 0:00,0.77655,1.8818899999999998,0.841751,0.8162327999999999,0.120824,0.0091196,0.611621,0.71855
1999/12/21 0:00,0.77675,1.8770400000000003,0.844737,0.8079827999999999,0.120824,0.0091196,0.613046,0.71745
1999/12/22 0:00,0.77505,1.8701599999999998,0.838469,0.8079827999999999,0.120824,0.009092,0.610203,0.71595
1999/12/23 0:00,0.78165,1.9479,0.839631,0.8254391999999999,0.120824,0.0091708,0.61207,0.721
1999/12/24 0:00,0.77725,1.9282499999999998,0.83462,0.825822,0.120824,0.009731,0.611733,0.72345
1999/12/25 0:00,0.77445,1.8623800000000004,0.828569,0.8088766,0.120824,0.00972,0.611378,0.7184
1999/12/26 0:00,0.75775,1.84117,0.822639,0.8173069999999999,0.120824,0.009606,0.607792,0.7152
1999/12/27 0:00,0.75435,1.8855999999999997,0.819303,0.8286848000000001,0.120824,0.009564,0.60698,0.70985
1999/12/28 0:00,0.74965,1.87347,0.816127,0.8023393999999999,0.120824,0.009494,0.604558,0.70185
1999/12/29 0:00,0.75865,1.8856000000000002,0.814531,0.8281212,0.120824,0.009537,0.607017,0.7096
1999/12/30 0:00,0.75665,1.8855999999999997,0.809553,0.8281212,0.120824,0.009475,0.605657,0.70915
1999/12/31 0:00,0.76225,1.83701,0.812117,0.8079827999999999,0.120824,0.009579,0.609775,0.7163
2000/1/1 0:00,0.75625,1.8855999999999997,0.810143,0.8286848000000001,0.120824,0.009544,0.606907,0.70975
2000/1/2 0:00,0.76485,1.8411300000000002,0.81357,0.8173070000000001,0.120824,0.009576,0.607718,0.71535
2000/1/3 0:00,0.764877,1.8411300000000002,0.813537,0.8173070000000001,0.120824,0.009576,0.607718,0.715359
2000/1/4 0:00,0.76535,1.88113,0.812414,0.8290156,0.120824,0.009578,0.609645,0.71045
2000/1/5 0:00,0.76385,1.87039,0.805348,0.8330718000000001,0.120824,0.009594,0.609515,0.71195
2000/1/6 0:00,0.76665,1.85047,0.811227,0.8248464,0.120824,0.009649,0.610612,0.7134
2000/1/7 0:00,0.77955,1.8818899999999998,0.822402,0.8088766,0.120824,0.009679,0.611546,0.71955
2000/1/8 0:00,0.77385,1.84117,0.82481,0.8248464,0.120824,0.009629,0.610352,0.71355
2000/1/9 0:00,0.77385,1.84117,0.916456,0.7891294,0.134249,0.010699,0.678168,0.713552
2000/1/10 0:00,0.77945,1.84117,0.828157,0.8248464,0.120824,0.009336800000000001,0.610128,0.7142
2000/1/11 0:00,0.76545,1.87347,0.817895,0.8023393999999999,0.120824,0.009352000000000001,0.605877,0.7021
2000/1/12 0:00,0.76485,1.89468,0.813703,0.8023393999999999,0.120824,0.0092696,0.606575,0.70075
2000/1/13 0:00,0.76185,1.8752,0.811655,0.8042778,0.120824,0.0090558,0.606134,0.698
2000/1/14 0:00,0.76535,1.88615,0.816693,0.8126933999999999,0.120824,0.0094252,0.608939,0.7041
2000/1/15 0:00,0.75735,1.8711,0.811853,0.7940870000000001,0.120824,0.0091194,0.606759,0.6943
2000/1/16 0:00,0.75715,1.871,0.810438,0.794087,0.120824,0.0091194,0.606061,0.6943
2000/1/17 0:00,0.76005,1.8766,0.817795,0.7987705999999999,0.120824,0.0090358,0.607866,0.6955
2000/1/18 0:00,0.76275,1.8777,0.821456,0.7980422,0.120824,0.0090382,0.7082292000000001,0.69905
2000/1/19 0:00,0.76415,1.88685,0.831532,0.8261964,0.120824,0.0088274,0.7096349999999999,0.70385
2000/1/20 0:00,0.76665,1.8832,0.830634,0.8224392,0.120824,0.00885,0.7104888,0.70575
2000/1/21 0:00,0.75885,1.8683,0.823215,0.7980422,0.120824,0.0090218,0.7082292000000001,0.699
2000/1/22 0:00,0.75875,1.87035,0.820042,0.7983366000000001,0.120824,0.0090306,0.7082292000000001,0.69935
2000/1/23 0:00,0.75875,1.8714,0.820042,0.7983366000000001,0.120824,0.009122000000000002,0.7082292000000001,0.6993
2000/1/24 0:00,0.76035,1.8616,0.823181,0.7982096000000001,0.120824,0.0090382,0.7082291999999999,0.6992
2000/1/25 0:00,0.75565,1.86885,0.818733,0.8101742,0.120824,0.0090924,0.7097746,0.6953
2000/1/26 0:00,0.76235,1.8789,0.81823,0.8261963999999999,0.120824,0.008827400000000001,0.6883534000000001,0.70365
2000/1/27 0:00,0.75735,1.86795,0.810045,0.7956092000000001,0.120824,0.0090736,0.6641524000000001,0.70235
2000/1/28 0:00,0.76935,1.8734,0.818766,0.8340590000000001,0.120824,0.009352,0.6459547999999999,0.71465
2000/1/29 0:00,0.76935,1.8734,0.818766,0.8340590000000001,0.120824,0.009352,0.6459547999999999,0.71465
2000/1/30 0:00,0.76935,1.87975,0.817361,0.8348473999999999,0.120824,0.009391199999999999,0.6456644,0.7143
2000/1/31 0:00,0.76745,1.87325,0.809881,0.825928,0.120824,0.0092834,0.6473552,0.71325
2000/2/1 0:00,0.77385,1.88065,0.812117,0.8348473999999999,0.120824,0.009391199999999999,0.6046402,0.71735
2000/2/2 0:00,0.77375,1.8826,0.806224,0.825928,0.120824,0.0092834,0.7118574,0.71365
2000/2/3 0:00,0.7748,1.88855,0.804829,0.8156592000000001,0.120824,0.009181400000000001,0.7118574000000001,0.7125
2000/2/4 0:00,0.7748,1.88855,0.804829,0.8156592000000001,0.120824,0.009181400000000001,0.7118574000000001,0.7125
2000/2/5 0:00,0.77525,1.8823,0.805737,0.8074337999999999,0.120824,0.0090432,0.7097172,0.71025
2000/2/6 0:00,0.77085,1.88,0.804699,0.8157653999999999,0.120824,0.00916,0.7124568,0.70945
2000/2/7 0:00,0.77515,1.8881,0.80952,0.8156592000000001,0.120824,0.009181400000000001,0.7118574,0.71255
2000/2/8 0:00,0.77075,1.8808,0.804991,0.8116974000000001,0.120824,0.0090314,0.7122452,0.71115
2000/2/9 0:00,0.77125,1.873,0.800256,0.806176,0.120824,0.008937,0.7097172,0.7104
2000/2/10 0:00,0.7725,1.873,0.80457,0.8156592,0.120824,0.009181400000000001,0.7118574000000001,0.7123
2000/2/11 0:00,0.77075,1.92123,0.797512,0.8282811999999999,0.120824,0.008893,0.6996644,0.7047
2000/2/12 0:00,0.76375,1.8698900000000003,0.796813,0.7967410000000001,0.120824,0.0091286,0.7082292000000001,0.69915
2000/2/13 0:00,0.76595,1.8698900000000003,0.799808,0.7982138000000001,0.120824,0.009148,0.7082292000000001,0.6993
2000/2/14 0:00,0.77645,1.9218600000000001,0.799265,0.8278524,0.120824,0.008902000000000002,0.7104888,0.7054
2000/2/15 0:00,0.8531717999999999,1.7399234,0.80551,0.883504,0.120824,0.009117,0.6650484000000001,0.71295
2000/2/16 0:00,0.8249632,1.8068241999999999,0.809651,0.883504,0.120824,0.009156599999999999,0.6576064,0.7128
2000/2/17 0:00,0.8249632,1.8068241999999999,0.809651,0.883504,0.120824,0.009156599999999999,0.6576064,0.7128
2000/2/18 0:00,0.8472500000000001,1.8578699999999997,0.81126,0.9363922,0.120824,0.0096154,0.6417448,0.71735
2000/2/19 0:00,0.8569457999999999,1.7847088,0.812117,0.9081486,0.120824,0.009165799999999998,0.6282142000000001,0.71605
2000/2/20 0:00,0.7949286,1.7727414,0.809848,0.856486,0.120824,0.009117,0.6636672000000001,0.71325
2000/2/21 0:00,0.884741,1.7847088,0.809127,0.9081486,0.120824,0.009238399999999999,0.6269812,0.7161
2000/2/22 0:00,0.9111012,1.6995924000000002,0.811754,0.9696348,0.120824,0.010101800000000001,0.7295814,0.72355
2000/2/23 0:00,0.77745,1.94929,0.81057,0.845881,0.120824,0.009127,0.6440311999999999,0.7251
2000/2/24 0:00,0.8192844000000001,1.8662421999999999,0.81636,0.863111,0.120824,0.0097068,0.6987786,0.728
2000/2/25 0:00,0.8192844000000001,1.8624122,0.811952,0.859845,0.120824,0.0099166,0.6987786,0.72725
2000/2/26 0:00,0.7751699999999999,1.9404400000000002,0.803084,0.860289,0.120824,0.009127,0.6437152,0.72355
2000/2/27 0:00,0.8147658,1.8636488,0.804117,0.855432,0.120824,0.009476199999999999,0.6431908,0.7194
2000/2/28 0:00,0.8168858,1.8535761999999998,0.807755,0.858259,0.120824,0.009552399999999999,0.6432580000000001,0.7223
2000/2/29 0:00,0.8168858,1.8535761999999998,0.807396,0.858369,0.120824,0.009552399999999999,0.6432580000000001,0.7223
2000/3/1 0:00,0.9499494,1.6135568,0.8141,0.862813,0.120824,0.0101616,0.7415672,0.72965
2000/3/2 0:00,0.7751699999999999,1.9415100000000003,0.804343,0.855469,0.120824,0.009127,0.6437152,0.7239
2000/3/3 0:00,0.77719,1.94929,0.804635,0.849907,0.120824,0.009127,0.6440312,0.7249
2000/3/4 0:00,0.77737,1.8624122,0.802472,0.848356,0.120824,0.009916600000000001,0.6987786,0.72685
2000/3/5 0:00,0.9087268,1.7373686,0.807168,0.850159,0.120824,0.0094846,0.662253,0.73105
2000/3/6 0:00,0.77885,1.8755724,0.810866,0.855688,0.120824,0.009547,0.6733461999999999,0.7328
2000/3/7 0:00,0.77885,1.8755724,0.810866,0.855286,0.120824,0.009544,0.6733461999999999,0.7328
2000/3/8 0:00,0.8676807999999999,1.7543422000000004,0.809913,0.849546,0.120824,0.009492,0.6733461999999999,0.73455
2000/3/9 0:00,0.9570722,1.7009018,0.9163615999999999,0.855615,0.120824,0.009549,0.660108,0.73875
2000/3/10 0:00,0.8234306,1.8269031999999998,0.8870614,0.858885,0.120824,0.009596,0.629566,0.73335
2000/3/11 0:00,0.9002420000000001,1.7772653999999999,0.9151744,0.867077,0.120824,0.009597,0.6587403999999999,0.73805
2000/3/12 0:00,0.901802,1.7772653999999999,0.91666,0.864865,0.120824,0.009596,0.6587403999999999,0.7378
2000/3/13 0:00,0.9749777999999999,1.7835758000000002,0.9005572000000001,0.868885,0.120824,0.009606,0.6611528,0.741
2000/3/14 0:00,0.994289,1.7025507999999998,0.9028398,0.870398,0.120824,0.009635,0.661234,0.73975
2000/3/15 0:00,0.9570722000000002,1.6265597999999997,0.9151743999999999,0.863782,0.120824,0.009553,0.6600558,0.73855
2000/3/16 0:00,0.9400218,1.8580154,0.9002392,0.858922,0.120824,0.009581,0.661057,0.74165
2000/3/17 0:00,0.9387724000000001,1.9361667999999999,0.9283748,0.867152,0.120824,0.009602,0.6634178000000001,0.7444
2000/3/18 0:00,0.9040100000000001,1.9358259999999998,0.906541,0.862627,0.120824,0.009537,0.6599136,0.74235
2000/3/19 0:00,0.9394288,1.7812958,0.9020288000000001,0.857008,0.120824,0.009534,0.6626242,0.7404
2000/3/20 0:00,0.9372242,1.8601282000000001,0.9283748000000001,0.859107,0.120824,0.009545,0.6634178000000001,0.7449
2000/3/21 0:00,0.9372242,1.8601282000000001,0.9283748000000001,0.859107,0.120824,0.009545,0.6634178000000001,0.7449
2000/3/22 0:00,0.9570722,1.7044226000000002,0.9151743999999999,0.849473,0.120824,0.009499,0.6600558,0.7384
2000/3/23 0:00,0.9570722,1.7755721999999998,0.9163615999999999,0.850521,0.120824,0.009524,0.661234,0.73895
2000/3/24 0:00,0.8014948000000001,1.8645628000000003,0.851523,0.837872,0.120824,0.009466,0.6090694,0.72175
2000/3/25 0:00,0.7627354000000001,1.8581699999999999,0.8200664,0.835736,0.120824,0.009407,0.6056676,0.7154
2000/3/26 0:00,0.76651,1.7752119999999998,0.8355509999999999,0.833542,0.120824,0.009401,0.6064244000000001,0.71325
2000/3/27 0:00,0.76823,1.90805,0.8237598000000002,0.833403,0.120824,0.009402,0.6056946,0.7141
2000/3/28 0:00,0.76823,1.90805,0.8237598000000002,0.833403,0.120824,0.009402,0.6056946,0.7141
2000/3/29 0:00,0.8077878000000001,1.7428122000000001,0.9029147999999999,0.829187,0.120824,0.009348,0.6265558,0.7087
2000/3/30 0:00,0.7886782,1.7565586,0.8331387999999998,0.830841,0.120824,0.009308,0.648723,0.71125
2000/3/31 0:00,0.7923762,1.7983768000000002,0.8554584000000001,0.83675,0.120824,0.009312,0.6270770000000001,0.70975
2000/4/1 0:00,0.7693500000000001,1.798902,0.8454402,0.838153,0.120824,0.009344,0.606319,0.7134
2000/4/2 0:00,0.7893562,1.8117868000000001,0.848848,0.832362,0.120824,0.009321,0.6287632000000001,0.71
2000/4/3 0:00,0.8129253999999999,1.7303601999999998,0.8871640000000001,0.828981,0.120824,0.009324,0.6255924,0.7082
2000/4/4 0:00,0.76991,1.8101594000000003,0.8399671999999999,0.830461,0.120824,0.009324,0.6712431999999999,0.711
2000/4/5 0:00,0.76019,1.8722,0.8262829999999999,0.825151,0.120824,0.009225,0.6912452,0.705
2000/4/6 0:00,0.7863739999999999,1.8777,0.8181031999999998,0.827643,0.120824,0.009224,0.6476561999999999,0.70845
2000/4/7 0:00,0.7648379999999999,1.8775,0.8117328,0.828913,0.120824,0.009199,0.601721,0.71125
2000/4/8 0:00,0.76795,1.876,0.8246933999999999,0.831947,0.120824,0.009224,0.60361,0.71545
2000/4/9 0:00,0.76547,1.8746,0.8164855999999998,0.8296,0.120824,0.009205,0.603173,0.7144
2000/4/10 0:00,0.77431,1.88605,0.8262107999999999,0.835317,0.120824,0.009231,0.604778,0.7165
2000/4/11 0:00,0.77431,1.88605,0.8262107999999999,0.8352024,0.120824,0.009231,0.604778,0.7165
2000/4/12 0:00,0.7731954000000002,1.8887,0.8138396,0.8490498000000001,0.120824,0.0093758,0.606024,0.7199
2000/4/13 0:00,0.7760353999999999,1.8845,0.8228046000000001,0.8445232,0.120824,0.0093978,0.606061,0.71825
2000/4/14 0:00,0.77667,1.89405,0.8091978000000001,0.8534199999999998,0.120824,0.009536,0.608347,0.7263
2000/4/15 0:00,0.7725299999999999,1.8806,0.806017,0.8540516,0.120824,0.0093496,0.603974,0.7217
2000/4/16 0:00,0.77285,1.8933,0.8366408,0.8654308000000001,0.1214142,0.009316399999999999,0.603901,0.7176
2000/4/17 0:00,0.7883488000000001,1.8934,0.8492196000000002,0.8619749999999999,0.1261048,0.0092924,0.603865,0.7161
2000/4/18 0:00,0.8264395999999999,1.89305,0.8241091999999999,0.919357,0.1311164,0.0099186,0.6525178,0.7161
2000/4/19 0:00,0.8243121999999999,1.9029,0.8586424000000001,0.8719014000000002,0.13684000000000002,0.009242,0.6918799999999999,0.7147
2000/4/20 0:00,0.7760499999999999,1.9173,0.8147283999999999,0.8660638,0.1258794,0.0094928,0.6301024,0.72055
2000/4/21 0:00,0.77633,1.9195,0.8091978,0.8534199999999998,0.120824,0.009483599999999998,0.6092058,0.7272
2000/4/22 0:00,0.7770900000000001,1.9132,0.8117277999999999,0.8568567999999999,0.120824,0.009470000000000001,0.6087806,0.7288
2000/4/23 0:00,0.77885,1.9161,0.8074859999999999,0.8539128,0.120824,0.009448,0.6087806,0.7328
2000/4/24 0:00,0.78135,1.91585,0.8105826,0.8565661999999999,0.120824,0.009445,0.6087806,0.73115
2000/4/25 0:00,0.78135,1.91585,0.8105826,0.8565661999999999,0.120824,0.009445,0.6087806,0.73115
2000/4/26 0:00,0.77815,1.9102,0.8106126,0.8568567999999999,0.120824,0.009457,0.60948,0.7285
2000/4/27 0:00,0.77715,1.904,0.8129218,0.8540516,0.120824,0.00943,0.6313112,0.7228
2000/4/28 0:00,0.77705,1.8087621999999999,0.8768364,0.8759437999999999,0.1310852,0.009445,0.6669938,0.72275
2000/4/29 0:00,0.77925,1.95443,0.8749952000000001,0.8376346,0.13109600000000002,0.009438,0.686935,0.7285
2000/4/30 0:00,0.78195,1.6545728,0.8965298,0.924695,0.131094,0.009536,0.7186832000000001,0.73245
2000/5/1 0:00,0.78055,1.7332627999999999,0.8965298,0.924695,0.13108019999999998,0.009543,0.708229,0.7325
2000/5/2 0:00,0.78055,1.7332627999999999,0.8965298,0.924695,0.13108019999999998,0.009543,0.708229,0.7325
2000/5/3 0:00,0.77945,1.95443,0.8749952000000001,0.8376346,0.13109600000000002,0.009517,0.686935,0.7285
2000/5/4 0:00,0.77435,1.8046304,0.879528,0.9210290000000001,0.13603079999999998,0.009525,0.7001946000000001,0.72635
2000/5/5 0:00,0.77845,1.6432713999999997,0.8965297999999999,0.924695,0.131094,0.009595,0.7211646,0.73245
2000/5/6 0:00,0.78135,1.7445315999999997,0.8982644000000001,0.9272622,0.1361898,0.009571,0.7214221999999999,0.7351
2000/5/7 0:00,0.77595,1.8153834,0.8654404,0.9019383999999999,0.1310566,0.00954,0.6654978,0.73285
2000/5/8 0:00,0.77525,1.9572136,0.8071392,0.8539128,0.120824,0.009522,0.609607,0.7328
2000/5/9 0:00,0.7763,1.9454536,0.804246,0.8589787999999998,0.120824,0.009522,0.609607,0.7322
2000/5/10 0:00,0.77305,1.92855,0.808048,0.8539128,0.120824,0.009469,0.608236,0.7301
2000/5/11 0:00,0.77555,1.9449235999999999,0.808179,0.8539128,0.120824,0.009469,0.60831,0.73075
2000/5/12 0:00,0.77565,1.9449235999999999,0.801539,0.8606566000000001,0.120824,0.009465,0.608143,0.73115
2000/5/13 0:00,0.76805,1.8680985999999997,0.800096,0.8536961999999999,0.1259546,0.009375,0.604997,0.7196
2000/5/14 0:00,0.76265,1.8569499999999999,0.792801,0.8336202,0.120824,0.00934,0.603537,0.71305
2000/5/15 0:00,0.7608,1.8414100000000002,0.790326,0.8323820000000002,0.120824,0.009314,0.603136,0.7123
2000/5/16 0:00,0.76135,1.8541,0.789422,0.8336202,0.120824,0.00931,0.603136,0.71285
2000/5/17 0:00,0.75695,1.7878944,0.8670226,0.8024142,0.12067939999999999,0.009336,0.603355,0.70775
2000/5/18 0:00,0.75705,1.8444174,0.865954,0.8191280000000001,0.1208226,0.009328,0.604047,0.70895
2000/5/19 0:00,0.75795,1.7510862,0.8768649999999999,0.8282624000000001,0.1208226,0.009336,0.605547,0.71045
2000/5/20 0:00,0.75785,1.7030547999999999,0.881964,0.8276208,0.1214274,0.009299,0.60381,0.71165
2000/5/21 0:00,0.75465,1.8361399999999999,0.8670226,0.8012398,0.121287,0.009251,0.601576,0.70735
2000/5/22 0:00,0.755,1.8450999999999997,0.8724802,0.8112015999999999,0.12128939999999999,0.009246,0.601685,0.7081
2000/5/23 0:00,0.75585,1.7910941999999999,0.8642901999999999,0.8216256,0.1208226,0.009247,0.601214,0.7094
2000/5/24 0:00,0.75915,1.7910941999999999,0.8642901999999999,0.8216256,0.1208226,0.009285,0.6027,0.70935
2000/5/25 0:00,0.76195,1.7083848,0.8649265999999999,0.8248464,0.120824,0.009296,0.604485,0.71315
2000/5/26 0:00,0.76295,1.8203862000000002,0.8580338,0.824058,0.120824,0.009282,0.603391,0.71415
2000/5/27 0:00,0.76035,1.7030547999999999,0.8621686000000001,0.8269310000000001,0.120824,0.009261,0.602228,0.7117
2000/5/28 0:00,0.76125,1.7110282,0.8298208,0.8248464,0.120824,0.009255,0.602609,0.7137
2000/5/29 0:00,0.76305,1.8012561999999999,0.8295134,0.8353894000000001,0.12594640000000001,0.009259,0.602555,0.71505
2000/5/30 0:00,0.76315,1.8012561999999999,0.8295134,0.8353894000000001,0.12594640000000001,0.009259,0.602555,0.71505
2000/5/31 0:00,0.76115,1.6634242000000001,0.8605524000000001,0.832382,0.120824,0.009266,0.601938,0.7123
2000/6/1 0:00,0.75755,1.7900219999999998,0.8423686,0.8032058,0.1203948,0.009264,0.601214,0.7059
2000/6/2 0:00,0.75065,1.7820319999999998,0.8894102,0.79381,0.1218698,0.009234,0.597425,0.7013
2000/6/3 0:00,0.75495,1.7820319999999998,0.8882052,0.7867199999999999,0.121295,0.00924,0.598372,0.70135
2000/6/4 0:00,0.75665,1.81649,0.794083,0.7885532000000001,0.12025079999999999,0.009286,0.600384,0.70245
2000/6/5 0:00,0.7548,1.85303,0.8490854000000001,0.7988374,0.1220588,0.009266,0.598802,0.6997
2000/6/6 0:00,0.7548,1.85303,0.8490854000000001,0.7988374,0.1220588,0.009262,0.598802,0.6997
2000/6/7 0:00,0.76555,1.8057774000000002,0.8472374,0.8191279999999999,0.12068000000000001,0.009369,0.601757,0.70875
2000/6/8 0:00,0.76815,1.7633056,0.8646674000000001,0.8248463999999999,0.120824,0.009373,0.601993,0.71385
2000/6/9 0:00,0.76955,1.83825,0.8087653999999999,0.8660515999999999,0.1311164,0.009364,0.6935461999999999,0.7161
2000/6/10 0:00,0.76735,1.81955,0.8091774,0.8044741999999999,0.1259594,0.009285,0.7143174000000001,0.71215
2000/6/11 0:00,0.76165,1.81135,0.7770512,0.846368,0.13055299999999997,0.009209,0.712985,0.70705
2000/6/12 0:00,0.76145,1.81255,0.8022354,0.8076070000000002,0.12581340000000002,0.0092,0.7121722000000001,0.7095
2000/6/13 0:00,0.76105,1.80175,0.7985781999999999,0.8159968,0.125385,0.009125,0.7101288,0.7043
2000/6/14 0:00,0.76535,1.80595,0.8184660000000001,0.7989504000000001,0.1258134,0.009145,0.6898398,0.70935
2000/6/15 0:00,0.7714800000000002,1.8184,0.8448343999999999,0.8103724,0.1214274,0.009138,0.6491323999999999,0.71075
2000/6/16 0:00,0.7627354000000002,1.81975,0.8200664,0.8951796,0.1311164,0.009167,0.6279838,0.71555
2000/6/17 0:00,0.8028924,1.8238,0.8241092,0.8547840000000001,0.12597019999999998,0.009177,0.6753198,0.7163
2000/6/18 0:00,0.7744099999999999,1.83265,0.8437628,0.8907684,0.1214142,0.00921,0.632739,0.7173
2000/6/19 0:00,0.7627354000000002,1.83265,0.8557184000000001,0.796622,0.131251,0.00921,0.6056676,0.7153
2000/6/20 0:00,0.775,1.824,0.8968392,0.785731,0.132443,0.009135,0.6497122,0.71435
2000/6/21 0:00,0.7627354,1.82655,0.8506186000000001,0.787371,0.131251,0.009224,0.6056676,0.71545
2000/6/22 0:00,0.7712754,1.8219,0.8241092,0.786782,0.120824,0.009189,0.6532884000000001,0.71635
2000/6/23 0:00,0.791124,1.819,0.7589036,0.783269,0.12076039999999999,0.009186,0.6694557999999999,0.7074
2000/6/24 0:00,0.75566,1.8207,0.8055640000000001,0.783883,0.1224016,0.009149,0.6644423999999999,0.70435
2000/6/25 0:00,0.75953,1.82315,0.7845354,0.784714,0.1215222,0.009155,0.6918552,0.70595
2000/6/26 0:00,0.76233,1.8283,0.7587002,0.789141,0.12219759999999999,0.009143,0.6687356,0.7079
2000/6/27 0:00,0.8165473999999999,1.8174,0.8772734,0.782075,0.1219452,0.00911,0.6025614,0.70145
2000/6/28 0:00,0.8215022000000001,1.8055,0.8462894000000001,0.781769,0.120824,0.009075,0.6216982,0.6992
2000/6/29 0:00,0.7990722,1.786,0.839916,0.777847,0.120824,0.009006,0.594168,0.69195
2000/6/30 0:00,0.7434000000000001,1.7718,0.797261,0.772141,0.120824,0.008958,0.5926503999999999,0.6843
2000/7/1 0:00,0.74629,1.7686,0.8008228000000001,0.771248,0.120824,0.008947,0.5977706,0.6835
2000/7/2 0:00,0.74629,1.76755,0.8011948,0.770713,0.120824,0.008949,0.5977706,0.68315
2000/7/3 0:00,0.7400100000000001,1.76075,0.7521793999999999,0.767489,0.120824,0.008961,0.6768378,0.68
2000/7/4 0:00,0.72889,1.75345,0.7265772,0.76643,0.120824,0.008941,0.6978218,0.67535
2000/7/5 0:00,0.7296699999999999,1.75835,0.7265771999999999,0.767931,0.120824,0.008943,0.6978218,0.67635
2000/7/6 0:00,0.72889,1.7365,0.8037324,0.768167,0.120824,0.008914,0.6441774,0.6733
2000/7/7 0:00,0.72889,1.73775,0.8037324,0.770001,0.120824,0.008913,0.6438688,0.6735
2000/7/8 0:00,0.72889,1.73775,0.8037324,0.770001,0.120824,0.008907,0.6438688,0.6735
2000/7/9 0:00,0.7699148,1.773364,0.8290322,0.783914,0.120824,0.009018,0.5874233999999999,0.6851
2000/7/10 0:00,0.7400100000000001,1.75295,0.7260719999999999,0.774653,0.120824,0.008911,0.6991936,0.679306
2000/7/11 0:00,0.7296699999999999,1.76075,0.7260719999999999,0.775855,0.120824,0.008919,0.6983868000000001,0.67685
2000/7/12 0:00,0.72889,1.7542,0.7796876,0.77226,0.120824,0.008911,0.6746808,0.67435
2000/7/13 0:00,0.72889,1.7504,0.8037324,0.770654,0.120824,0.008907,0.6610072,0.67315
2000/7/14 0:00,0.7296699999999999,1.748,0.7260719999999999,0.772648,0.120824,0.008933,0.6983868,0.67725
2000/7/15 0:00,0.72889,1.7387,0.8062277999999999,0.766283,0.120824,0.008852,0.6462996,0.6739
2000/7/16 0:00,0.72889,1.72965,0.777963,0.768669,0.120824,0.008793,0.6746808,0.67405
2000/7/17 0:00,0.7434000000000001,1.7469,0.7899227999999999,0.776337,0.120824,0.009042,0.5927182,0.6844
2000/7/18 0:00,0.7393099999999999,1.7434,0.8084244,0.774533,0.123288,0.009015,0.5877277999999999,0.68725
2000/7/19 0:00,0.74864,1.7901500000000001,0.8456856,0.771605,0.123288,0.008981,0.6459802,0.6864
2000/7/20 0:00,0.74864,1.7901500000000001,0.8456856,0.771605,0.123288,0.008981,0.6459802,0.6864
2000/7/21 0:00,0.77511,1.62558,0.8079936,0.7505818,0.123282,0.00895,0.6342138,0.68305
2000/7/22 0:00,0.77511,1.62558,0.8034979999999999,0.7561926,0.123306,0.0090834,0.6397246,0.6829
2000/7/23 0:00,0.7878299999999999,1.71176,0.8530554,0.8017654000000001,0.123262,0.008801799999999999,0.6744092,0.67935
2000/7/24 0:00,0.765,1.7165454,0.8382913999999999,0.815396,0.123335,0.008701999999999998,0.622198,0.68085
2000/7/25 0:00,0.7751100000000001,1.62558,0.8031254000000001,0.7561926,0.123371,0.009217,0.6342138,0.6831
2000/7/26 0:00,0.765,1.6369253999999998,0.7825394,0.8095596,0.123371,0.008874799999999999,0.654447,0.6803
2000/7/27 0:00,0.76508,1.6558316000000002,0.8929370000000001,0.7712386,0.123387,0.0089034,0.6597487999999999,0.68395
2000/7/28 0:00,0.800343,1.6448872,0.8402721999999999,0.8110134,0.123408,0.0088596,0.6360502,0.6879
2000/7/29 0:00,0.7529299999999999,1.7000499999999998,0.8413592,0.779967,0.123379,0.008825,0.6601028,0.69145
2000/7/30 0:00,0.76044,1.7813000000000003,0.8410968000000001,0.7547615999999999,0.123416,0.008694799999999999,0.6580166000000001,0.69165
2000/7/31 0:00,0.7684,1.798,0.7835849999999999,0.7111446,0.1234,0.008745,0.7003891999999999,0.68975
2000/8/1 0:00,0.76515,1.7218700000000002,0.7779808,0.7495654,0.12332,0.0083538,0.6988784,0.69295
2000/8/2 0:00,0.7605,1.6895799999999999,0.8457564,0.779967,0.12335,0.008825,0.6602382,0.6914
2000/8/3 0:00,0.76465,1.7018,0.8181894,0.7686964,0.123362,0.0085278,0.7103854,0.69505
2000/8/4 0:00,0.77375,1.84207,0.8698088,0.7906173999999999,0.123454,0.0088126,0.6749888,0.7047
2000/8/5 0:00,0.77225,1.6613528,0.8813582,0.8213974,0.123487,0.0088266,0.6870764000000001,0.70675
2000/8/6 0:00,0.77185,1.7317507999999997,0.8670226000000001,0.7946146,0.123487,0.0089372,0.7163222,0.70825
2000/8/7 0:00,0.7725,1.7343108,0.8670226,0.8012398000000001,0.123487,0.0096386,0.7172992,0.7076
2000/8/8 0:00,0.76835,1.815532,0.8806958,0.8248555999999999,0.123501,0.0089322,0.7104887999999999,0.7057
2000/8/9 0:00,0.76805,1.8046300000000002,0.8464708,0.7921663999999999,0.123454,0.008637,0.6523038,0.70365
2000/8/10 0:00,0.75995,1.736202,0.863838,0.7897450000000001,0.123461,0.008912999999999999,0.6864104,0.70085
2000/8/11 0:00,0.75465,1.7936900000000002,0.8402232,0.7663333999999999,0.123446,0.0085606,0.7005169999999998,0.69645
2000/8/12 0:00,0.75465,1.7936900000000002,0.8024158,0.7731616,0.12758039999999998,0.0086024,0.7014636,0.6966
2000/8/13 0:00,0.75475,1.78962,0.8400738000000001,0.7659292000000001,0.1269614,0.008527999999999999,0.7014636,0.69635
2000/8/14 0:00,0.7770786000000001,1.5123504,0.7869188,0.89664,0.1412936,0.0085424,0.6762881999999999,0.69605
2000/8/15 0:00,0.8064754000000001,1.6712836,0.8485860000000001,0.8885187999999999,0.13235519999999998,0.0089628,0.7114578,0.69895
2000/8/16 0:00,0.7890852,1.7538167999999998,0.792702,0.9219394,0.1361356,0.009337,0.6734076000000001,0.69715
2000/8/17 0:00,0.8264887999999999,1.5730472,0.8084782,0.8117595999999999,0.12960639999999998,0.0086186,0.6773956,0.6951
2000/8/18 0:00,0.8264887999999999,1.5730472,0.8084782,0.8117595999999999,0.12960639999999998,0.0086186,0.6773956,0.6951
2000/8/19 0:00,0.7631926,1.61084,0.8106593999999999,0.8429949999999999,0.1356654,0.0086256,0.6900256,0.69465
2000/8/20 0:00,0.8020484,1.6044572000000001,0.8413226,0.8285736,0.12845979999999999,0.008967,0.640117,0.68785
2000/8/21 0:00,0.7719726,1.5249934,0.779775,0.8023952000000001,0.14097239999999997,0.008994,0.7214514,0.69205
2000/8/22 0:00,0.8005663999999999,1.8970500000000001,0.844167,0.8686728,0.1367364,0.009097,0.6654456000000001,0.70425
2000/8/23 0:00,0.7844778,1.8732,0.841397,0.8269552000000001,0.13078779999999998,0.009111,0.6896574,0.7062
2000/8/24 0:00,0.7886742000000001,1.6492685999999999,0.840902,0.810898,0.14648599999999998,0.009155,0.6993256000000001,0.71025
2000/8/25 0:00,0.791054,1.8422,0.84122,0.808505,0.12212100000000001,0.009117,0.6469866,0.70755
2000/8/26 0:00,0.76531,1.8396,0.843597,0.806679,0.12604579999999999,0.009085,0.6922656,0.70575
2000/8/27 0:00,0.7618499999999999,1.83915,0.844916,0.80331,0.1273964,0.009045,0.6445898,0.70435
2000/8/28 0:00,0.7621900000000001,1.8417,0.852043,0.805932,0.126726,0.009128,0.6469866,0.7078
2000/8/29 0:00,0.76219,1.83835,0.850051,0.804182,0.12143839999999999,0.009114,0.6469866,0.7077
2000/8/30 0:00,0.7621899999999999,1.83945,0.849221,0.804311,0.126726,0.009117,0.6469866,0.70785
2000/8/31 0:00,0.76185,1.8228,0.843277,0.794913,0.1273964,0.0091,0.6656264000000001,0.70465
2000/9/1 0:00,0.75437,1.82235,0.846024,0.792896,0.1273884,0.009036,0.6436636,0.70275
2000/9/2 0:00,0.7674200000000001,1.8252,0.845559,0.795165,0.13147,0.009072,0.6469804000000001,0.70925
2000/9/3 0:00,0.76531,1.80515,0.841503,0.789079,0.1214348,0.009054,0.6914576,0.7055
2000/9/4 0:00,0.76021,1.8042,0.845809,0.787092,0.1273964,0.008987,0.6445898000000001,0.70375
2000/9/5 0:00,0.76185,1.80855,0.847027,0.78765,0.1273964,0.008986,0.6671358,0.7046
2000/9/6 0:00,0.7837198000000001,1.8027,0.847422,0.78416,0.1285748,0.008977,0.596716,0.7006
2000/9/7 0:00,0.8179473999999999,1.80565,0.854117,0.783638,0.1285748,0.008992,0.5970324,0.70175
2000/9/8 0:00,0.8186074,1.8047,0.854518,0.78373,0.1285748,0.008971,0.5970324,0.7014
2000/9/9 0:00,0.8241622,1.81095,0.855395,0.787123,0.1275204,0.008992,0.6289724,0.69965
2000/9/10 0:00,0.7922852,1.7924,0.853461,0.782228,0.1275714,0.008958,0.6266214,0.69405
2000/9/11 0:00,0.7662646,1.7778,0.853279,0.775675,0.13729680000000002,0.008915,0.5877277999999999,0.68705
2000/9/12 0:00,0.8129443999999999,1.77245,0.852551,0.773066,0.1320408,0.008903,0.5876965999999999,0.68655
2000/9/13 0:00,0.73808,1.77825,0.853315,0.775404,0.12344379999999999,0.0089,0.5874233999999999,0.68425
2000/9/14 0:00,0.7565044000000001,1.76585,0.848428,0.770179,0.1274372,0.00881,0.6092968,0.6787
2000/9/15 0:00,0.73808,1.76185,0.846274,0.771307,0.12332679999999999,0.008822,0.5870658,0.6841
2000/9/16 0:00,0.76658,1.7615,0.853679,0.771337,0.125329,0.008841,0.6245494,0.69075
2000/9/17 0:00,0.75343,1.7643,0.859771,0.772857,0.123506,0.008811,0.605208,0.69125
2000/9/18 0:00,0.75343,1.76475,0.860104,0.773395,0.123481,0.008812,0.605208,0.6911
2000/9/19 0:00,0.75343,1.7594,0.860104,0.773395,0.123481,0.008748,0.605208,0.691099
2000/9/20 0:00,0.8106288000000001,1.7594,0.853388,0.767931,0.12756660000000003,0.008748,0.6265282,0.69465
2000/9/21 0:00,0.7817352000000001,1.76295,0.84538,0.771962,0.1233654,0.008777,0.6018264,0.69295
2000/9/22 0:00,0.7429,1.77215,0.845023,0.783576,0.124445,0.008806,0.6039882000000001,0.6968
2000/9/23 0:00,0.8221186000000001,1.75945,0.852043,0.781555,0.1265174,0.008787,0.6383476,0.696
2000/9/24 0:00,0.8593529999999999,1.76085,0.851789,0.782228,0.12756660000000003,0.00879,0.6383476,0.69565
2000/9/25 0:00,0.8776674,1.76065,0.851426,0.78183,0.12756660000000003,0.008782,0.6385078,0.6956
2000/9/26 0:00,0.7429,1.75225,0.85197,0.777152,0.1275722,0.008751,0.6144106,0.6973
2000/9/27 0:00,0.76644,1.7463,0.850159,0.775374,0.1243666,0.008733,0.6255198,0.6919
2000/9/28 0:00,0.8149986,1.7518,0.854044,0.777152,0.1265174,0.008742,0.6263156000000001,0.69605
2000/9/29 0:00,0.7653804,1.74855,0.846382,0.770179,0.12798939999999998,0.008701,0.5883844,0.68985
2000/9/30 0:00,0.8189188,1.7666,0.842993,0.7661736,0.12237020000000001,0.008769,0.6692760000000001,0.69495
2000/10/1 0:00,0.74669,1.77025,0.84317,0.8287571999999999,0.1347158,0.008771,0.6474736,0.69665
2000/10/2 0:00,0.74669,1.76975,0.843917,0.8287571999999999,0.1347158,0.008765,0.6474736,0.69665
2000/10/3 0:00,0.7760166,1.75465,0.848104,0.8348526,0.13575120000000002,0.008712,0.6383848000000001,0.6974
2000/10/4 0:00,0.8445682,1.7482,0.845416,0.767902,0.12443599999999999,0.008634,0.5905912000000001,0.6951
2000/10/5 0:00,0.7786655999999998,1.76245,0.850232,0.772559,0.1275722,0.008658,0.6039882000000001,0.69795
2000/10/6 0:00,0.7837198000000001,1.76975,0.852915,0.773186,0.1301286,0.008656,0.596716,0.7007
2000/10/7 0:00,0.7901698,1.7744,0.844416,0.777257,0.12909920000000003,0.008634,0.6070046,0.7001
2000/10/8 0:00,0.7901697999999999,1.76925,0.840937,0.773814,0.1284248,0.008628,0.6070046,0.7002
2000/10/9 0:00,0.8241622,1.76885,0.842424,0.773754,0.12909920000000003,0.008623,0.6070046,0.69965
2000/10/10 0:00,0.8179473999999999,1.7691,0.841397,0.776337,0.1284248,0.00867,0.5970324,0.7018
2000/10/11 0:00,0.76185,1.7859,0.849473,0.783331,0.1273964,0.008715,0.6674212,0.70455
2000/10/12 0:00,0.8200026000000001,1.7767,0.85481,0.8976599999999999,0.13724779999999998,0.00864,0.590877,0.70295
2000/10/13 0:00,0.8374805999999999,1.7831,0.852842,0.8844774000000001,0.13268339999999998,0.008662,0.592364,0.70665
2000/10/14 0:00,0.8211426,1.77665,0.850485,0.9645554000000001,0.13724779999999998,0.008649,0.590755,0.70465
2000/10/15 0:00,0.8200026000000001,1.7736,0.851499,0.926507,0.13724779999999998,0.00864,0.591646,0.7037
2000/10/16 0:00,0.8200026000000001,1.77325,0.849005,0.9310421999999999,0.13724779999999998,0.008644,0.591646,0.70345
2000/10/17 0:00,0.8480972000000001,1.77145,0.850304,0.7966102,0.13724319999999998,0.008594,0.590145,0.70065
2000/10/18 0:00,0.8185436000000001,1.76415,0.845273,0.8042778,0.1372526,0.008573,0.589762,0.698
2000/10/19 0:00,0.7710268,1.76975,0.846418,0.8268965999999999,0.12797419999999998,0.008821,0.58957,0.69175
2000/10/20 0:00,0.75343,1.77325,0.846633,0.8252932,0.122857,0.0088606,0.589206,0.69145
2000/10/21 0:00,0.7792798,1.75865,0.85197,0.7994066000000001,0.1274364,0.0091376,0.588547,0.68515
2000/10/22 0:00,0.73808,1.7638,0.853862,0.7992996,0.1228326,0.0092178,0.587717,0.68345
2000/10/23 0:00,0.73712,1.74955,0.844595,0.8004244000000001,0.1228326,0.0092364,0.587596,0.68315
2000/10/24 0:00,0.7509944,1.7416,0.8085096,0.8071808,0.12642219999999998,0.0098552,0.587959,0.6787
2000/10/25 0:00,0.7400100000000001,1.74125,0.8565834000000001,0.8021368000000001,0.12306979999999998,0.009034,0.587579,0.68145
2000/10/26 0:00,0.7406200000000001,1.74045,0.8328313999999999,0.799478,0.12305360000000001,0.0087806,0.587717,0.6832
2000/10/27 0:00,0.79458,1.6448872,0.8402721999999999,0.8243622,0.122072,0.0090484,0.587786,0.68785
2000/10/28 0:00,0.7326,1.7261300000000002,0.7785524,0.7398613999999999,0.12165319999999999,0.008613200000000001,0.587234,0.687
2000/10/29 0:00,0.7326,1.76777,0.7749678,0.7635631999999999,0.12165319999999999,0.0086132,0.587234,0.68695
2000/10/30 0:00,0.73305,1.7013418000000002,0.8334748,0.7798590000000001,0.1326562,0.010025,0.58763,0.68605
2000/10/31 0:00,0.72825,1.7347504,0.8535109999999999,0.7870744,0.1275646,0.0096982,0.586545,0.68065
2000/11/1 0:00,0.73205,1.7386428000000003,0.8611618,0.7824298000000001,0.1264456,0.0091356,0.587475,0.68435
2000/11/2 0:00,0.7313,1.6825472000000001,0.829035,0.7849512,0.13616260000000002,0.009668,0.587544,0.68505
2000/11/3 0:00,0.73335,1.72058,0.7846462000000001,0.7418975999999999,0.12151559999999999,0.008432,0.588132,0.68725
2000/11/4 0:00,0.73325,1.666829,0.7846354000000001,0.7418975999999999,0.12151559999999999,0.008432,0.588253,0.6873
2000/11/5 0:00,0.73365,1.6035972,0.7653274,0.7492184000000001,0.12087859999999999,0.008134,0.588408,0.68835
2000/11/6 0:00,0.73645,1.69117,0.7626376,0.7498734,0.12026600000000001,0.0085552,0.588582,0.68965
2000/11/7 0:00,0.73665,1.7313000000000003,0.8484505999999999,0.7598444,0.12292259999999999,0.008480399999999999,0.588893,0.69125
2000/11/8 0:00,0.7385,1.67846,0.8444421999999999,0.7221292,0.1224296,0.0082062,0.590615,0.69465
2000/11/9 0:00,0.73725,1.65138,0.8000498,0.7249944,0.1224296,0.0082062,0.591017,0.6945
2000/11/10 0:00,0.7358,1.7503700000000002,0.8036436,0.7665062,0.123171,0.008507599999999999,0.590755,0.69715
2000/11/11 0:00,0.735,1.78138,0.8030274000000001,0.7665062,0.123171,0.008520799999999999,0.590755,0.69705
2000/11/12 0:00,0.7344,1.74129,0.8024158,0.7663333999999999,0.123171,0.0086024,0.589814,0.69665
2000/11/13 0:00,0.74155,1.767699,0.7794555999999999,0.7890532,0.12158260000000001,0.0085132,0.591296,0.70395
2000/11/14 0:00,0.73755,1.8688500000000001,0.8464763999999999,0.7896978000000001,0.1220588,0.009015399999999998,0.590179,0.7005
2000/11/15 0:00,0.74005,1.88898,0.857449,0.8023948000000001,0.123793,0.0088546,0.591506,0.70435
2000/11/16 0:00,0.74215,1.90808,0.858443,0.7974846,0.12379,0.0089716,0.591261,0.70525
2000/11/17 0:00,0.74825,1.8409,0.862255,0.8248464,0.12379,0.009284,0.591891,0.71275
2000/11/18 0:00,0.74825,1.8409,0.861326,0.8248464,0.12379,0.009284,0.592171,0.71275
2000/11/19 0:00,0.74635,1.84117,0.861401,0.8082559999999999,0.12379,0.009051199999999999,0.591751,0.71375
2000/11/20 0:00,0.75065,1.8673158,0.864267,0.8076077999999999,0.123775,0.0094838,0.6418188,0.7179
2000/11/21 0:00,0.75245,1.8834399999999998,0.863968,0.7895290000000001,0.123818,0.009099,0.6730792,0.71475
2000/11/22 0:00,0.74835,1.9807400000000002,0.863073,0.7944776,0.123831,0.008801999999999999,0.6666004000000001,0.7034
2000/11/23 0:00,0.74995,1.88951,0.863148,0.7970512,0.123793,0.0090362,0.6861919999999999,0.7006
2000/11/24 0:00,0.75005,1.95363,0.866176,0.7968734,0.123824,0.008803599999999998,0.6773230000000001,0.7025
2000/11/25 0:00,0.7522,1.9396200000000001,0.863521,0.8219812000000001,0.123824,0.0088006,0.6867178,0.7042
2000/11/26 0:00,0.75,1.9807400000000002,0.863483,0.7969820000000001,0.123824,0.0087992,0.6666004,0.70345
2000/11/27 0:00,0.75665,1.9212099999999999,0.869074,0.7869812,0.123841,0.008888799999999999,0.7122452,0.71095
2000/11/28 0:00,0.75315,1.8967200000000002,0.869792,0.8224392,0.123877,0.008887999999999998,0.7104888,0.7056
2000/11/29 0:00,0.75535,1.7682063999999997,0.868508,0.8199463999999999,0.123864,0.0096094,0.6949622,0.70775
2000/11/30 0:00,0.74635,1.7998,0.863744,0.6973828000000001,0.123879,0.0087812,0.693255,0.69055
2000/12/1 0:00,0.7571399999999999,1.79204,0.862032,0.7208277999999999,0.12386,0.0088534,0.6904106,0.69075
2000/12/2 0:00,0.75714,1.79204,0.865464,0.7208278,0.12386,0.0089082,0.6904106,0.69075
2000/12/3 0:00,0.75714,1.79204,0.865464,0.7208278,0.12386,0.0089082,0.6904106,0.69075
2000/12/4 0:00,0.7721100000000001,1.6412399999999998,0.855249,0.6903996,0.12387,0.0088116,0.6753308,0.68825
2000/12/5 0:00,0.76803,1.6280540000000001,0.85266,0.7561926,0.123873,0.0089086,0.6450982,0.68305
2000/12/6 0:00,0.7240202,1.7392264000000002,0.860303,0.7849651999999999,0.124323,0.0091122,0.6307003999999999,0.674799
2000/12/7 0:00,0.72263,1.8139826,0.856861,0.8665784000000001,0.123826,0.011184200000000002,0.6335172,0.6721
2000/12/8 0:00,0.7242702000000001,1.8050626,0.855945,0.8150276,0.123879,0.0087698,0.6238062,0.67365
2000/12/9 0:00,0.7225300000000001,1.8139826,0.85168,0.8616028,0.123848,0.011261199999999999,0.6242719999999999,0.67245
2000/12/10 0:00,0.74162,1.7485510000000002,0.858074,0.7735596000000001,0.12391,0.009882,0.6146307999999999,0.68135
2000/12/11 0:00,0.7624000000000001,1.6433600000000002,0.858922,0.7351601999999999,0.123925,0.009255,0.6561049999999999,0.6835
2000/12/12 0:00,0.75944,1.6611150000000001,0.860733,0.7590584,0.123913,0.009882,0.6371819999999999,0.6825
2000/12/13 0:00,0.75944,1.6794440000000002,0.855725,0.7351601999999999,0.123913,0.009636200000000001,0.6321763999999999,0.6827
2000/12/14 0:00,0.75944,1.6794440000000002,0.855725,0.7351601999999999,0.123913,0.009636200000000001,0.6321763999999999,0.6827
2000/12/15 0:00,0.7533299999999999,1.71298,0.864827,0.7299952000000001,0.123937,0.008963599999999999,0.6776313999999999,0.68625
2000/12/16 0:00,0.7595599999999999,1.58456,0.870474,0.7113703999999998,0.123946,0.0091908,0.6553066000000001,0.68735
2000/12/17 0:00,0.7770646,1.7116599999999997,0.8604,0.7283367999999999,0.123982,0.008963599999999999,0.6534166,0.68655
2000/12/18 0:00,0.75714,1.79204,0.857817,0.6975103999999999,0.123985,0.0087812,0.6904106,0.6907
2000/12/19 0:00,0.7927352,1.7895400000000001,0.856311,0.7679998,0.124006,0.0090054,0.694267,0.69315
2000/12/20 0:00,0.7884452,1.70384,0.859624,0.7960856,0.124,0.0091814,0.682862,0.69425
2000/12/21 0:00,0.767876,1.7444931999999997,0.86285,0.8690514,0.123946,0.0100828,0.6433084,0.6971
2000/12/22 0:00,0.8018452,1.70384,0.86103,0.7758298,0.123979,0.0091318,0.694267,0.69355
2000/12/23 0:00,0.8778632,1.8532566,0.862924,0.800708,0.123919,0.0091416,0.6663678000000001,0.69885
2000/12/24 0:00,0.7967846,1.7444932000000002,0.862664,0.8769582,0.123919,0.0101206,0.6730342,0.6974
2000/12/25 0:00,0.7818426,1.89589,0.862255,0.828333,0.123919,0.009031599999999999,0.666521,0.7
2000/12/26 0:00,0.8564782,1.7321399999999998,0.863707,0.7426953999999999,0.123957,0.008911399999999998,0.7022478,0.69525
2000/12/27 0:00,0.7748799999999999,1.58704,0.860511,0.8107561999999999,0.123959,0.00919,0.611733,0.6883
2000/12/28 0:00,0.7844846,1.76145,0.853497,0.8033426,0.123924,0.008943999999999999,0.613553,0.68685
2000/12/29 0:00,0.7816546,1.7568,0.859254,0.799193,0.123936,0.009220199999999998,0.612745,0.68175
2000/12/30 0:00,0.73794,1.77115,0.863483,0.8080458,0.124068,0.0093402,0.614194,0.67905
2000/12/31 0:00,0.7335299999999999,1.77075,0.862329,0.8054846,0.124068,0.0094328,0.614269,0.6783
2001/1/1 0:00,0.7816546000000001,1.77345,0.867039,0.8019755999999999,0.124068,0.009143599999999998,0.615157,0.68165
2001/1/2 0:00,0.7780145999999999,1.7864,0.869452,0.7994066000000001,0.124017,0.0091376,0.616713,0.68375
2001/1/3 0:00,0.7736046,1.7828,0.867228,0.7994066,0.124036,0.009224199999999998,0.615271,0.68295
2001/1/4 0:00,0.7844846,1.78435,0.868432,0.8124672000000001,0.124026,0.0090554,0.616029,0.68635
2001/1/5 0:00,0.7844846,1.7812,0.870133,0.7994066000000001,0.124031,0.0091376,0.615101,0.68405
2001/1/6 0:00,0.7816546,1.7688,0.87036,0.7991568000000001,0.124035,0.0091276,0.614364,0.6818
2001/1/7 0:00,0.7844846,1.76725,0.87222,0.7991567999999999,0.124035,0.0091276,0.614024,0.682
2001/1/8 0:00,0.7883646,1.7782,0.878233,0.8124672000000001,0.124035,0.0087692,0.616067,0.68775
2001/1/9 0:00,0.7844846,1.77575,0.876732,0.7926236,0.124035,0.00848,0.613572,0.68535
2001/1/10 0:00,0.7916445999999999,1.77815,0.873897,0.8089728,0.124035,0.008437,0.611509,0.68985
2001/1/11 0:00,0.7883646,1.76255,0.874049,0.8124672000000001,0.124035,0.008408,0.61177,0.68785
2001/1/12 0:00,0.7844846,1.76255,0.872106,0.8167462000000001,0.124034,0.008408,0.611714,0.6863
2001/1/13 0:00,0.7844846,1.76055,0.874279,0.7994066000000001,0.124131,0.008429,0.614364,0.68375
2001/1/14 0:00,0.7774846,1.74685,0.872106,0.7989256,0.124113,0.008396,0.613346,0.6814
2001/1/15 0:00,0.7774846,1.745977,0.87167,0.7967004,0.124051,0.008392,0.61304,0.681059
2001/1/16 0:00,0.7463844,1.7412,0.869338,0.7972464,0.1259326,0.00844,0.612632,0.67615
2001/1/17 0:00,0.7463844000000001,1.742943,0.870209,0.7891353999999999,0.1259326,0.008448,0.613246,0.676827
2001/1/18 0:00,0.7507644000000001,1.7443,0.863036,0.7913438,0.126422,0.008484,0.615915,0.67805
2001/1/19 0:00,0.7551544,1.7443,0.866251,0.765111,0.12808340000000001,0.008484,0.614779,0.6791
2001/1/20 0:00,0.7502744,1.74325,0.8681008,0.764468,0.12823900000000002,0.008508,0.614931,0.67815
2001/1/21 0:00,0.7459944000000001,1.74215,0.8637662,0.764643,0.13236520000000002,0.008511,0.613987,0.6747
2001/1/22 0:00,0.7459944000000001,1.7359,0.8644092000000001,0.765199,0.12712620000000002,0.008507,0.614175,0.67705
2001/1/23 0:00,0.7459944000000001,1.7393,0.8588254000000001,0.762311,0.13296999999999998,0.008475,0.613234,0.67425
2001/1/24 0:00,0.73949,1.7389,0.8608065999999999,0.763417,0.1224956,0.008505,0.61207,0.67095
2001/1/25 0:00,0.7532,1.74235,0.8214684,0.763709,0.12104460000000002,0.008464,0.612314,0.6684
2001/1/26 0:00,0.7451800000000001,1.74235,0.8251742,0.763417,0.1201638,0.00847,0.612314,0.6673
2001/1/27 0:00,0.75331,1.7426,0.8214684,0.764029,0.12030199999999999,0.008463,0.612783,0.66835
2001/1/28 0:00,0.7532,1.7441,0.8214684,0.764468,0.12164939999999999,0.008446,0.61361,0.6698
2001/1/29 0:00,0.7403299999999999,1.7459,0.7587421999999999,0.764584,0.12053699999999998,0.00842,0.613346,0.66085
2001/1/30 0:00,0.7423,1.738944,0.7575732,0.761538,0.1205738,0.008626,0.610903,0.658217
2001/1/31 0:00,0.73939,1.7521,0.761358,0.764117,0.1203802,0.0085632,0.615271,0.6634
2001/2/1 0:00,0.73849,1.74065,0.7575732,0.756744,0.1205738,0.0085762,0.615082,0.65785
2001/2/2 0:00,0.7464999999999999,1.7385,0.7574405999999999,0.755629,0.12046760000000001,0.008459399999999999,0.615972,0.66025
2001/2/3 0:00,0.73939,1.7147100000000002,0.7568702,0.763475,0.12047680000000001,0.0085632,0.617303,0.66355
2001/2/4 0:00,0.7379399999999998,1.72377,0.78088,0.761267,0.12000519999999999,0.0087086,0.617589,0.66485
2001/2/5 0:00,0.74942,1.7172252000000001,0.8041820000000002,0.769645,0.12508460000000002,0.0084864,0.619732,0.6664
2001/2/6 0:00,0.7385599999999999,1.736016,0.804182,0.769157,0.12000519999999999,0.008713599999999998,0.616903,0.66525
2001/2/7 0:00,0.7385599999999999,1.736016,0.804182,0.769157,0.12000519999999999,0.008713599999999998,0.616903,0.66525
2001/2/8 0:00,0.74114,1.7172252000000001,0.8041820000000002,0.773575,0.1250846,0.0086112,0.617151,0.66625
2001/2/9 0:00,0.733555,1.7496,0.7581895999999999,0.77006,0.1205998,0.008542400000000002,0.61459,0.65685
2001/2/10 0:00,0.7079104,1.7374,0.7571562,0.761992,0.120821,0.0088528,0.612877,0.65045
2001/2/11 0:00,0.7063504,1.732203,0.7553991999999999,0.759713,0.120821,0.0088096,0.611043,0.648504
2001/2/12 0:00,0.7262000000000001,1.73916,0.7571562000000001,0.762764,0.120821,0.0088528,0.613497,0.651109
2001/2/13 0:00,0.70283,1.7357,0.7575866,0.761035,0.1202718,0.009402,0.61361,0.6462
2001/2/14 0:00,0.70283,1.7357,0.7575866,0.761035,0.1202718,0.009402,0.61361,0.6462
2001/2/15 0:00,0.70313,1.7278,0.753745,0.760052,0.12027159999999999,0.009215000000000001,0.614288,0.64285
2001/2/16 0:00,0.70386,1.7352,0.744741,0.76266,0.1192162,0.0093466,0.615271,0.63765
2001/2/17 0:00,0.70313,1.7465,0.753745,0.767725,0.12027159999999999,0.009029199999999998,0.616789,0.64245
2001/2/18 0:00,0.7028300000000001,1.748,0.7575866,0.771664,0.12082079999999999,0.0092,0.617589,0.64485
2001/2/19 0:00,0.70285,1.7565,0.7423322,0.775795,0.1197676,0.0096452,0.618353,0.6407
2001/2/20 0:00,0.70386,1.7562,0.7166155999999999,0.775434,0.12229320000000002,0.0099152,0.619118,0.6342
2001/2/21 0:00,0.70386,1.7564,0.7204089999999999,0.775374,0.124504,0.009915199999999999,0.619118,0.6342
2001/2/22 0:00,0.70157,1.7551,0.7148952,0.774204,0.124504,0.0099222,0.618353,0.63165
2001/2/23 0:00,0.6950199999999999,1.75345,0.7087600000000001,0.772648,0.12451,0.009187999999999998,0.619003,0.6237
2001/2/24 0:00,0.6968599999999999,1.74735,0.7108201999999999,0.768787,0.124564,0.00964,0.617627,0.62425
2001/2/25 0:00,0.69987,1.74635,0.7174472000000001,0.765931,0.124552,0.0096922,0.61862,0.6268
2001/2/26 0:00,0.68354,1.73395,0.709379,0.759474,0.124558,0.0077816,0.616865,0.6148
2001/2/27 0:00,0.6739400000000001,1.74335,0.7368212,0.762777,0.124535,0.007750599999999999,0.61717,0.60845
2001/2/28 0:00,0.6771400000000001,1.7437,0.7368212,0.76365,0.124535,0.0077668,0.618276,0.61005
2001/3/1 0:00,0.6748800000000001,1.748,0.7368212,0.764438,0.124667,0.0077372,0.617971,0.6074
2001/3/2 0:00,0.6953400000000001,1.7429,0.7032664,0.763854,0.12467,0.007738,0.616257,0.6043
2001/3/3 0:00,0.6739400000000001,1.73525,0.7368212,0.763563,0.124597,0.007750599999999999,0.616941,0.60765
2001/3/4 0:00,0.6739400000000001,1.728337,0.7031183999999999,0.760521,0.1241,0.007750599999999999,0.614483,0.605229
2001/3/5 0:00,0.68598,1.7375,0.7431114,0.76646,0.124727,0.0077816,0.618774,0.61595
2001/3/6 0:00,0.68598,1.73745,0.7431114,0.766518,0.124727,0.0077816,0.618869,0.61565
2001/3/7 0:00,0.68598,1.7356,0.7097248,0.766284,0.124727,0.0077816,0.617932,0.61655
2001/3/8 0:00,0.6974400000000001,1.73925,0.7368212,0.766401,0.124673,0.0077372,0.619118,0.60655
2001/3/9 0:00,0.6771400000000001,1.75505,0.7366436000000001,0.774533,0.124733,0.0077668,0.621697,0.61095
2001/3/10 0:00,0.7035,1.752,0.709379,0.778938,0.124828,0.0077816,0.621736,0.61385
2001/3/11 0:00,0.6771400000000001,1.7507,0.7366436000000001,0.773769,0.124875,0.0077668,0.6222,0.61115
2001/3/12 0:00,0.6974400000000001,1.7421,0.7368212,0.768403,0.124814,0.0077372,0.622181,0.60835
2001/3/13 0:00,0.6974400000000001,1.7421,0.7368212,0.768433,0.124814,0.0077372,0.622142,0.60815
2001/3/14 0:00,0.78454,1.74365,0.870663,0.769349,0.124814,0.008474800000000001,0.622471,0.60915
2001/3/15 0:00,0.6974400000000001,1.74265,0.7368212,0.767077,0.1249,0.0077372,0.619963,0.6087
2001/3/16 0:00,0.6771400000000001,1.749649,0.7366436000000001,0.770158,0.125402,0.0077668,0.622453,0.611145
2001/3/17 0:00,0.6984,1.75095,0.7101497999999999,0.770149,0.124814,0.00964,0.62004,0.62545
2001/3/18 0:00,0.6984,1.7711,0.7101497999999999,0.781769,0.124712,0.0092492,0.624551,0.62525
2001/3/19 0:00,0.70157,1.7825,0.7148952,0.78796,0.124626,0.0099222,0.625117,0.6316
2001/3/20 0:00,0.70211,1.78915,0.7216172000000001,0.788084,0.124789,0.0099288,0.625606,0.63315
2001/3/21 0:00,0.69987,1.7792,0.7174472000000001,0.78235,0.124789,0.0097038,0.625665,0.62715
2001/3/22 0:00,0.70211,1.78315,0.7216172000000001,0.784221,0.124735,0.0099288,0.626861,0.6332
2001/3/23 0:00,0.7125450000000001,1.78315,0.7214731999999999,0.781494,0.124735,0.009892399999999999,0.626861,0.6337
2001/3/24 0:00,0.7237850000000001,1.78665,0.7124385999999999,0.7857,0.124735,0.010191599999999999,0.628536,0.63435
2001/3/25 0:00,0.69852,1.78645,0.7274416,0.787743,0.124743,0.009703799999999999,0.630279,0.62965
2001/3/26 0:00,0.7003199999999999,1.78805,0.7097876,0.788364,0.124813,0.0097038,0.629129,0.62615
2001/3/27 0:00,0.7015699999999999,1.7854,0.7148952000000001,0.78734,0.124715,0.009928000000000001,0.629604,0.63125
2001/3/28 0:00,0.7241400000000001,1.80115,0.7204089999999999,0.79384,0.124732,0.009915199999999999,0.631552,0.63385
2001/3/29 0:00,0.734295,1.8257,0.8030725999999999,0.807298,0.124783,0.009274200000000002,0.632351,0.6384
2001/3/30 0:00,0.734295,1.8257,0.841174,0.807298,0.124783,0.009274200000000002,0.632351,0.6383
2001/3/31 0:00,0.744515,1.823925,0.8689686,0.806582,0.124783,0.0095454,0.632551,0.637
2001/4/1 0:00,0.7448599999999999,1.8231,0.7292480000000001,0.804764,0.124783,0.0098012,0.633032,0.63545
2001/4/2 0:00,0.733765,1.86078,0.8039602,0.809487,0.124783,0.009300800000000001,0.6348,0.6404
2001/4/3 0:00,0.733765,1.86078,0.7457848,0.808489,0.124783,0.009300800000000001,0.6348,0.63995
2001/4/4 0:00,0.732645,1.8806999999999998,0.802763,0.814233,0.124783,0.009300800000000001,0.633593,0.64
2001/4/5 0:00,0.7359899999999999,1.8700700000000001,0.8427472,0.814332,0.124783,0.009029200000000001,0.636517,0.64245
2001/4/6 0:00,0.7359899999999999,1.8836,0.8122192,0.815594,0.124783,0.0092804,0.636476,0.64145
2001/4/7 0:00,0.7359899999999999,1.8672499999999999,0.8140575999999999,0.816693,0.124783,0.0092804,0.637531,0.6424
2001/4/8 0:00,0.7343900000000001,1.84789,0.7224864,0.813223,0.124891,0.0099288,0.637999,0.6325
2001/4/9 0:00,0.70157,1.8627500000000001,0.7148952000000001,0.819252,0.124919,0.009928000000000001,0.637857,0.63105
2001/4/10 0:00,0.6963800000000001,1.75394,0.7115076,0.818599,0.124945,0.0089838,0.638284,0.6219
2001/4/11 0:00,0.7123599999999999,1.8701599999999998,0.7224864,0.825491,0.124938,0.0099288,0.638978,0.63185
2001/4/12 0:00,0.6973,1.70155,0.7109512,0.835422,0.124899,0.009239800000000001,0.637389,0.62495
2001/4/13 0:00,0.69638,1.716,0.7115076,0.826037,0.124875,0.0089838,0.632531,0.621
2001/4/14 0:00,0.7013399999999999,1.7548599999999996,0.711139,0.827712,0.124953,0.0097038,0.635728,0.6259
2001/4/15 0:00,0.6957,1.72632,0.7108806,0.824385,0.124984,0.0087388,0.632651,0.62265
2001/4/16 0:00,0.6957,1.6883199999999998,0.7108806,0.828947,0.124838,0.0090424,0.633834,0.6226
2001/4/17 0:00,0.6881400000000001,1.79536,0.7062684,0.820446,0.124688,0.0083482,0.629525,0.6183
2001/4/18 0:00,0.6957,1.7218499999999999,0.7108806,0.829359,0.124595,0.0090424,0.630199,0.62245
2001/4/19 0:00,0.6968599999999999,1.7060199999999999,0.7108201999999999,0.826344,0.124688,0.009239800000000001,0.629445,0.62445
2001/4/20 0:00,0.7235850000000001,1.8699,0.7204090000000001,0.821659,0.124688,0.009915199999999999,0.630239,0.6341
2001/4/21 0:00,0.732645,1.8742,0.7725314000000001,0.821794,0.124688,0.009300800000000001,0.633653,0.6397
2001/4/22 0:00,0.7319699999999999,1.85615,0.7216172000000001,0.814863,0.124611,0.0099288,0.632351,0.6329
2001/4/23 0:00,0.7319699999999999,1.85615,0.7216172000000001,0.814863,0.124611,0.0099288,0.632351,0.6329
2001/4/24 0:00,0.72413,1.85875,0.7212786,0.815927,0.124611,0.00998,0.632971,0.63455
2001/4/25 0:00,0.731965,1.8597,0.7292479999999999,0.816993,0.124648,0.0098012,0.632391,0.63535
2001/4/26 0:00,0.7326349999999999,1.88215,0.7722924,0.82481,0.124502,0.009300800000000001,0.633513,0.6391
2001/4/27 0:00,0.749775,1.86875,0.907812,0.82021,0.124626,0.0086888,0.633112,0.63325
2001/4/28 0:00,0.7204048000000001,1.7631,0.874814,0.773664,0.124035,0.0099412,0.612108,0.632053
2001/4/29 0:00,0.7524700000000001,1.88055,0.907688,0.827541,0.124642,0.0086888,0.633633,0.6303
2001/4/30 0:00,0.7524700000000001,1.88055,0.908265,0.827609,0.124642,0.0086888,0.635506,0.6303
2001/5/1 0:00,0.7579400000000002,1.8831,0.9081,0.828912,0.124642,0.0086534,0.635445,0.6324
2001/5/2 0:00,0.751925,1.8716,0.903914,0.827301,0.124642,0.0086532,0.633473,0.63225
2001/5/3 0:00,0.740775,1.8621,0.898674,0.823181,0.124805,0.0086888,0.632191,0.62845
2001/5/4 0:00,0.74185,1.8562,0.899564,0.818867,0.124735,0.0086888,0.630517,0.62975
2001/5/5 0:00,0.74275,1.8438,0.891782,0.811063,0.124712,0.0086888,0.628654,0.62605
2001/5/6 0:00,0.74785,1.8405,0.903424,0.811194,0.124825,0.0086888,0.627077,0.6323
2001/5/7 0:00,0.74345,1.8421,0.910788,0.8108,0.12475,0.0086888,0.626645,0.62665
2001/5/8 0:00,0.73715,1.83425,0.898836,0.80694,0.124642,0.0086748,0.625274,0.61975
2001/5/9 0:00,0.737025,1.8462899999999998,0.897868,0.811458,0.124992,0.008692,0.626999,0.62295
2001/5/10 0:00,0.7435,1.84754,0.899523,0.813438,0.124986,0.008723,0.629882,0.62415
2001/5/11 0:00,0.7389,1.8427900000000002,0.890908,0.810274,0.125027,0.008682,0.626625,0.6171
2001/5/12 0:00,0.739865,1.8531,0.890591,0.81057,0.125027,0.008681,0.626625,0.6171
2001/5/13 0:00,0.739865,1.8672499999999999,0.89075,0.811622,0.125027,0.008666,0.626822,0.61745
2001/5/14 0:00,0.748665,1.8466200000000002,0.891027,0.804829,0.12488,0.008653,0.626213,0.61645
2001/5/15 0:00,0.739865,1.86812,0.895656,0.807999,0.124955,0.0086888,0.628694,0.621425
2001/5/16 0:00,0.740005,1.8069099999999998,0.902161,0.810504,0.124984,0.0086888,0.629426,0.614575
2001/5/17 0:00,0.7562949999999999,1.82791,0.893176,0.80457,0.125055,0.0084858,0.626272,0.61135
2001/5/18 0:00,0.77476,1.8597100000000002,0.890591,0.801025,0.125003,0.0079434,0.62541,0.60815
2001/5/19 0:00,0.78228,1.8597100000000002,0.890036,0.801828,0.125003,0.0077544,0.62543,0.606
2001/5/20 0:00,0.78228,1.8597099999999998,0.891385,0.800865,0.125003,0.0079434,0.625567,0.6078
2001/5/21 0:00,0.78178,1.8606500000000001,0.891782,0.805883,0.124969,0.0078011999999999995,0.626115,0.6059
2001/5/22 0:00,0.7795799999999999,1.94518,0.890353,0.804279,0.125023,0.007793400000000001,0.626194,0.60205
2001/5/23 0:00,0.76894,1.8536299999999997,0.889798,0.801957,0.125023,0.007788399999999999,0.625195,0.59565
2001/5/24 0:00,0.7800199999999999,1.81446,0.900657,0.808669,0.125063,0.00781,0.628299,0.60565
2001/5/25 0:00,0.747635,1.7697699999999998,0.895616,0.817461,0.125117,0.0086888,0.631812,0.6095
2001/5/26 0:00,0.747635,1.76977,0.896178,0.817428,0.125117,0.0086888,0.631632,0.609
2001/5/27 0:00,0.7560650000000001,1.76977,0.899159,0.817027,0.124997,0.0085136,0.632591,0.60825
2001/5/28 0:00,0.747635,1.76977,0.902039,0.81666,0.12512,0.0086888,0.632251,0.60905
2001/5/29 0:00,0.7800199999999999,1.9055700000000002,0.899038,0.811326,0.125063,0.00781,0.630517,0.60425
2001/5/30 0:00,0.77786,1.8145600000000002,0.899321,0.81367,0.125063,0.0079826,0.632391,0.60425
2001/5/31 0:00,0.7943200000000001,1.8650299999999997,0.896941,0.7954405999999999,0.125227,0.007489,0.635486,0.61055
2001/6/1 0:00,0.75002,1.84012,0.8979866,0.8056331999999999,0.125169,0.007319399999999999,0.633513,0.6113
2001/6/2 0:00,0.73282,1.8745699999999998,0.8852426,0.8171942,0.125133,0.0071936,0.633553,0.61725
2001/6/3 0:00,0.7577200000000001,1.8767800000000001,0.8112790000000001,0.7945042000000001,0.125063,0.0071936,0.631732,0.61795
2001/6/4 0:00,0.6959200000000001,1.8683,0.813072,0.813223,0.125119,0.00834,0.630358,0.618375
2001/6/5 0:00,0.6975,1.7349700000000001,0.7115076,0.81011,0.125078,0.0086888,0.629624,0.62215
2001/6/6 0:00,0.69638,1.72075,0.7115076,0.801186,0.125023,0.008510199999999999,0.628042,0.6217
2001/6/7 0:00,0.69622,1.6883200000000003,0.7117239999999999,0.797035,0.125023,0.0089564,0.627471,0.62335
2001/6/8 0:00,0.6968599999999999,1.70155,0.7108202,0.801828,0.124938,0.0091226,0.629901,0.624625
2001/6/9 0:00,0.6957,1.7252000000000003,0.7108806,0.804133,0.125109,0.008510199999999999,0.630418,0.6223
2001/6/10 0:00,0.6957,1.7375099999999999,0.7108806,0.807103,0.125269,0.0086888,0.631293,0.6225
2001/6/11 0:00,0.69622,1.6883200000000003,0.711724,0.800993,0.125194,0.008631400000000001,0.629941,0.623325
2001/6/12 0:00,0.747935,1.8065200000000001,0.875925,0.797925,0.125192,0.008798,0.630438,0.62465
2001/6/13 0:00,0.739865,1.86494,0.881562,0.806192,0.125243,0.0086748,0.633132,0.62195
2001/6/14 0:00,0.740805,1.8565,0.880398,0.807379,0.125392,0.0086748,0.632551,0.61855
2001/6/15 0:00,0.74041,1.86255,0.884056,0.811754,0.125455,0.0086748,0.633613,0.6183
2001/6/16 0:00,0.74041,1.86255,0.884017,0.811754,0.125455,0.0086748,0.633613,0.6171
2001/6/17 0:00,0.74041,1.86295,0.88433,0.811359,0.125455,0.0086748,0.633012,0.61815
2001/6/18 0:00,0.74041,1.86665,0.884447,0.811524,0.125471,0.0086748,0.633052,0.6185
2001/6/19 0:00,0.7426300000000001,1.8772,0.88433,0.815661,0.1254,0.0086748,0.633633,0.61975
2001/6/20 0:00,0.745255,1.87605,0.887508,0.8108,0.125463,0.0086748,0.632011,0.622
2001/6/21 0:00,0.745255,1.8868,0.889363,0.812381,0.125392,0.0086748,0.633533,0.618325
2001/6/22 0:00,0.745255,1.90735,0.887469,0.818498,0.125345,0.0086888,0.635869,0.6244
2001/6/23 0:00,0.7486400000000001,1.90735,0.887272,0.817695,0.125345,0.0086888,0.635869,0.62525
2001/6/24 0:00,0.751095,1.9073,0.887745,0.818699,0.125345,0.0086888,0.636314,0.627
2001/6/25 0:00,0.7452650000000001,1.90565,0.893615,0.815378,0.125494,0.0086888,0.635364,0.62455
2001/6/26 0:00,0.745255,1.8997,0.889205,0.811952,0.125423,0.0086888,0.633814,0.62495
2001/6/27 0:00,0.752915,1.86441,0.892379,0.815561,0.12536,0.0086888,0.63597,0.63365
2001/6/28 0:00,0.752915,1.8473849999999998,0.88743,0.80993,0.125458,0.0086888,0.636578,0.634325
2001/6/29 0:00,0.752915,1.817885,0.888612,0.803406,0.125349,0.0090598,0.633252,0.63375
2001/6/30 0:00,0.752915,1.836215,0.888612,0.806094,0.125349,0.008931399999999999,0.633252,0.635
2001/7/1 0:00,0.752915,1.835995,0.88964,0.806809,0.125349,0.008898999999999999,0.633433,0.63635
2001/7/2 0:00,0.750945,1.8187550000000001,0.887272,0.805915,0.125251,0.0086888,0.632371,0.6309
2001/7/3 0:00,0.752915,1.836215,0.89071,0.808571,0.124977,0.0087718,0.633714,0.63595
2001/7/4 0:00,0.7529150000000001,1.8806999999999998,0.893416,0.814166,0.125183,0.008575,0.634961,0.64095
2001/7/5 0:00,0.752915,1.86138,0.889838,0.811326,0.125329,0.0087374,0.634659,0.63975
2001/7/6 0:00,0.752915,1.86138,0.889166,0.811425,0.125384,0.0087374,0.635566,0.63925
2001/7/7 0:00,0.752915,1.88155,0.889166,0.811425,0.125384,0.0087374,0.635566,0.63925
2001/7/8 0:00,0.752915,1.88265,0.888691,0.811853,0.125384,0.0087718,0.635607,0.6384
2001/7/9 0:00,0.7529150000000001,1.8913,0.893455,0.815611,0.125496,0.0086158,0.635607,0.6402
2001/7/10 0:00,0.754235,1.8883,0.896338,0.810012,0.125496,0.0088954,0.635385,0.6384
2001/7/11 0:00,0.7564400000000001,1.8917,0.898998,0.808898,0.125472,0.0087718,0.634256,0.6354
2001/7/12 0:00,0.75512,1.886042,0.896309,0.806478,0.125097,0.0086888,0.632359,0.6335
2001/7/13 0:00,0.75605,1.838025,0.90151,0.806582,0.125371,0.009054999999999999,0.632471,0.63665
2001/7/14 0:00,0.75765,1.838025,0.90086,0.806744,0.125371,0.009017399999999998,0.632931,0.63685
2001/7/15 0:00,0.75715,1.838025,0.901998,0.807265,0.125371,0.009017399999999998,0.633072,0.63635
2001/7/16 0:00,0.75955,1.8510650000000002,0.899402,0.810471,0.125483,0.0088558,0.634236,0.63905
2001/7/17 0:00,0.7632,1.85533,0.902731,0.814481,0.125592,0.0086472,0.635687,0.64455
2001/7/18 0:00,0.76235,1.8230899999999999,0.901104,0.814233,0.125649,0.0084636,0.635405,0.65135
2001/7/19 0:00,0.7639,1.6645800000000002,0.905264,0.8192400000000001,0.125709,0.0086248,0.635708,0.65665
2001/7/20 0:00,0.76705,1.6607600000000002,0.905961,0.8229212,0.125736,0.008802599999999999,0.635506,0.6556
2001/7/21 0:00,0.76705,1.6607600000000002,0.905961,0.8229212,0.125736,0.008802599999999999,0.635506,0.6556
2001/7/22 0:00,0.76875,1.71905,0.9051,0.8141844,0.125736,0.0088222,0.63745,0.65745
2001/7/23 0:00,0.77085,1.6025799999999997,0.903057,0.8029969999999998,0.125937,0.0093028,0.637491,0.64765
2001/7/24 0:00,0.77075,1.6025800000000001,0.899726,0.8029970000000001,0.125929,0.0093028,0.637633,0.64755
2001/7/25 0:00,0.76705,1.6025799999999997,0.90465,0.8128746000000001,0.125876,0.009308,0.637369,0.6492
2001/7/26 0:00,0.75805,1.8684999999999998,0.900455,0.8128302,0.125929,0.009293,0.636659,0.64445
2001/7/27 0:00,0.75395,1.8719750000000002,0.892658,0.815855,0.125818,0.009648200000000001,0.635506,0.63755
2001/7/28 0:00,0.7539,1.870625,0.892499,0.815855,0.125818,0.0096482,0.635506,0.63755
2001/7/29 0:00,0.75295,1.8605049999999999,0.891902,0.8239035999999998,0.125818,0.0096692,0.63597,0.63665
2001/7/30 0:00,0.751175,1.8598100000000002,0.891782,0.8161303999999999,0.12572,0.0095388,0.634659,0.63845
2001/7/31 0:00,0.7526,1.8598100000000002,0.892977,0.8111463999999999,0.125826,0.0096484,0.633754,0.641025
2001/8/1 0:00,0.75265,1.55018,0.892977,0.8306692,0.125818,0.008504,0.634578,0.6536
2001/8/2 0:00,0.75325,1.71905,0.894095,0.8100788,0.125849,0.008494,0.632111,0.65805
2001/8/3 0:00,0.75305,1.6669899999999997,0.892897,0.8254775999999999,0.125873,0.008515,0.631532,0.66235
2001/8/4 0:00,0.7518,1.6669899999999997,0.892897,0.8572352000000001,0.12080359999999998,0.008522,0.632051,0.6628
2001/8/5 0:00,0.7527,1.6566500000000002,0.892698,0.8572351999999999,0.12080359999999998,0.008484,0.631672,0.663125
2001/8/6 0:00,0.75505,1.6669899999999997,0.894654,0.8572351999999999,0.11961839999999999,0.008477,0.629862,0.66265
2001/8/7 0:00,0.75225,1.6320717999999999,0.886446,0.8737779999999999,0.1356668,0.008506,0.628615,0.659
2001/8/8 0:00,0.75625,1.6167288,0.886721,0.8499907999999999,0.13051240000000003,0.008533,0.631453,0.6597
2001/8/9 0:00,0.756825,1.5935475999999997,0.8922130000000001,0.8526413999999999,0.1256362,0.008603,0.632551,0.66105
2001/8/10 0:00,0.75125,1.5935475999999997,0.8918066,0.8526414000000001,0.1266466,0.008568,0.631094,0.66105
2001/8/11 0:00,0.74925,1.6288074000000001,0.8918066,0.8572352000000001,0.11998259999999998,0.008574,0.631373,0.66185
2001/8/12 0:00,0.75425,1.6758200000000003,0.756604,0.8269944,0.1200466,0.00859,0.630835,0.66995
2001/8/13 0:00,0.7516,1.6558500000000003,0.875684,0.8173874,0.12029559999999999,0.00854,0.6770088000000001,0.65975
2001/8/14 0:00,0.7511,1.5920488000000002,0.875684,0.7821252000000001,0.1197812,0.008521,0.6833916,0.6584
2001/8/15 0:00,0.7473,1.5886120000000001,0.7346244000000001,0.777599,0.11962779999999999,0.008485,0.676981,0.65155
2001/8/16 0:00,0.746,1.5527399999999998,0.7322876,0.7631154,0.11993780000000001,0.008471,0.6850626,0.6527
2001/8/17 0:00,0.746,1.5527399999999998,0.7322876,0.7631154,0.11993780000000001,0.008471,0.6850626,0.6527
2001/8/18 0:00,0.74525,1.5886120000000001,0.7378878,0.777599,0.11962779999999999,0.008462,0.6816174,0.65145
2001/8/19 0:00,0.74755,1.58823,0.745196,0.8255526,0.1199662,0.0085,0.6791269999999999,0.65765
2001/8/20 0:00,0.74375,1.5988288000000002,0.8188397999999999,0.8178762,0.1262824,0.008471,0.6834903999999999,0.6585
2001/8/21 0:00,0.74585,1.63656,0.752751,0.82018,0.11998439999999999,0.008497,0.648006,0.66425
2001/8/22 0:00,0.74555,1.5363,0.7451791999999999,0.8111445999999999,0.1200208,0.008488,0.701481,0.662125
2001/8/23 0:00,0.74255,1.5268890000000002,0.8217328,0.8255839999999999,0.1267626,0.008402,0.6986706,0.65885
2001/8/24 0:00,0.7434,1.5705490000000002,0.8188397999999999,0.84547,0.126797,0.008402,0.7023904,0.6596
2001/8/25 0:00,0.74225,1.6375700000000002,0.7862359999999999,0.8190744000000001,0.12593759999999998,0.008413,0.6942508000000001,0.65565
2001/8/26 0:00,0.74425,1.5988288000000002,0.8188397999999999,0.7943756000000001,0.1262824,0.008402,0.6809684,0.6586
2001/8/27 0:00,0.74425,1.63848,0.8188397999999999,0.8265971999999999,0.1334778,0.008357,0.6631352,0.6606
2001/8/28 0:00,0.74235,1.5268890000000002,0.8217328,0.8255839999999999,0.1267626,0.008353,0.6986706000000001,0.65905
2001/8/29 0:00,0.75125,1.5928288000000002,0.875684,0.8008178000000001,0.1197792,0.008384,0.6986706000000001,0.658875
2001/8/30 0:00,0.750625,1.72391,0.778631,0.8275580000000001,0.12015020000000001,0.008352,0.6787393999999999,0.6572
2001/8/31 0:00,0.75395,1.63848,0.877086,0.8265971999999999,0.1212832,0.008405,0.662919,0.66065
2001/9/1 0:00,0.75335,1.65719,0.8605293999999999,0.7913868,0.11960860000000002,0.008425,0.6647898000000001,0.66335
2001/9/2 0:00,0.7551,1.7172699999999999,0.828042,0.7913868000000001,0.1199762,0.008412,0.6504606,0.6637
2001/9/3 0:00,0.75895,1.64746,0.8521165999999999,0.8343909999999999,0.11965859999999999,0.008449,0.6468624000000001,0.6675
2001/9/4 0:00,0.7578,1.55257,0.8521166000000001,0.8343909999999999,0.11965859999999999,0.008422,0.649322,0.6674
2001/9/5 0:00,0.75835,1.55257,0.8521166000000001,0.8343909999999999,0.11965859999999999,0.008422,0.649322,0.6674
2001/9/6 0:00,0.7597,1.7657899999999997,0.8529892,0.8130322,0.12006239999999999,0.008429,0.6468624000000001,0.66835
2001/9/7 0:00,0.7576,1.7172699999999999,0.7950024,0.7914644000000001,0.1196706,0.008382,0.6647898000000001,0.6636
2001/9/8 0:00,0.7588,1.6347200000000002,0.8428202,0.8265971999999999,0.1201922,0.008385,0.6629878,0.66095
2001/9/9 0:00,0.76145,1.5542599999999998,0.7469446,0.8248947999999998,0.12015020000000001,0.008411,0.6788377999999999,0.65745
2001/9/10 0:00,0.7420015999999999,1.5446947999999998,0.7867058,0.9261568,0.1360442,0.008432,0.6877694,0.65755
2001/9/11 0:00,0.73543,1.70459,0.8245646000000001,0.8313780000000002,0.14483100000000002,0.008503,0.6604576,0.66025
2001/9/12 0:00,0.7286526,1.5525289999999998,0.7550876000000001,0.9462868,0.1343446,0.008503,0.693883,0.6618
2001/9/13 0:00,0.7586554,1.5670576,0.8514161999999998,0.877324,0.1264026,0.008507,0.6901173999999999,0.6622
2001/9/14 0:00,0.7419003999999999,1.4756236,0.7343328,0.8934894,0.1395104,0.008497,0.6732659999999999,0.66545
2001/9/15 0:00,0.7599198,1.7069522,0.8299847999999999,0.8851990000000001,0.1476558,0.008557,0.6710684,0.67075
2001/9/16 0:00,0.7260708000000001,1.593531,0.7363401999999999,0.9337616000000001,0.1262422,0.008529,0.7205474,0.67185
2001/9/17 0:00,0.7358763999999999,1.6642926000000002,0.7646035999999999,0.8739241999999999,0.12780339999999998,0.008532,0.7096298,0.67355
2001/9/18 0:00,0.7243648,1.7276342,0.7692694,0.8273737999999999,0.14910980000000001,0.008474,0.6818776,0.67
2001/9/19 0:00,0.7347285999999998,1.7554459999999998,0.7839222,0.8359026,0.13166799999999998,0.008474,0.670882,0.66975
2001/9/20 0:00,0.7674139999999999,1.7043500000000003,0.8344151999999999,0.8320415999999999,0.131668,0.008474,0.6863379999999999,0.6696
2001/9/21 0:00,0.7415824,1.5502404,0.7934086,0.9316115999999999,0.1492164,0.008458,0.6863838000000001,0.6678
2001/9/22 0:00,0.7452484,1.6924004,0.828233,0.8818585999999999,0.1476554,0.008492,0.6706836,0.670482
2001/9/23 0:00,0.7257854,1.6630347999999997,0.7728983999999999,0.8575392000000001,0.1384436,0.0090584,0.6772769999999999,0.666325
2001/9/24 0:00,0.736942,1.4584106000000001,0.7295254,0.8681658000000001,0.1400796,0.0087164,0.7098508,0.6657
2001/9/25 0:00,0.7307600000000001,1.5979578,0.7305262,0.91066,0.1447888,0.009093,0.6939607999999999,0.666
2001/9/26 0:00,0.7307600000000001,1.5979578,0.7305262,0.91066,0.1447888,0.009093,0.6939607999999999,0.666
2001/9/27 0:00,0.7269430000000001,1.614706,0.7728983999999999,0.8318914,0.13958579999999998,0.008523,0.6772769999999999,0.66635
2001/9/28 0:00,0.764,1.63848,0.8465288,0.8265972000000001,0.1200852,0.008492,0.662919,0.6605
2001/9/29 0:00,0.7659,1.5363,0.811568,0.8223689999999999,0.1196152,0.008502,0.7016283999999999,0.6624
2001/9/30 0:00,0.76465,1.5928000000000002,0.8536623999999999,0.8011898000000001,0.1200926,0.008477,0.6979316,0.6593
2001/10/1 0:00,0.76635,1.6245,0.7707466,0.8141658000000002,0.1198124,0.008458,0.6324358,0.6647
2001/10/2 0:00,0.7685,1.5133178,0.7696166,0.7722726,0.125151,0.008507,0.651247,0.66605
2001/10/3 0:00,0.76895,1.59618,0.7707466,0.7949528,0.1198122,0.008492,0.6324054,0.66505
2001/10/4 0:00,0.76945,1.5157778,0.7696166,0.778569,0.11984439999999999,0.008483,0.6324054,0.6655
2001/10/5 0:00,0.77055,1.73492,0.8394146000000001,0.7889533999999999,0.12004599999999999,0.008475,0.646363,0.66925
2001/10/6 0:00,0.77085,1.89935,0.872372,0.7998848,0.1203384,0.008486,0.627171,0.669625
2001/10/7 0:00,0.7749,1.91385,0.875887,0.7998848000000001,0.120339,0.008563,0.6436506,0.67095
2001/10/8 0:00,0.77555,1.9153,0.87512,0.7998848000000001,0.1203384,0.00859,0.627171,0.6695
2001/10/9 0:00,0.7781,1.9326,0.881368,0.8420137999999999,0.1305708,0.008628,0.6567755999999999,0.67395
2001/10/10 0:00,0.78015,1.93915,0.881951,0.841752,0.130572,0.008649,0.6503947999999999,0.67255
2001/10/11 0:00,0.7788,1.9391,0.882651,0.8114967999999999,0.1203384,0.008623,0.6271709999999999,0.66935
2001/10/12 0:00,0.78345,1.95335,0.883275,0.7806420000000001,0.1223206,0.008634,0.6767462,0.67945
2001/10/13 0:00,0.784,1.9459,0.87831,0.8054846,0.12181659999999998,0.00859,0.6767462,0.6783
2001/10/14 0:00,0.7892,1.9668,0.877001,0.7447950000000001,0.12283259999999999,0.008643,0.6999090000000001,0.68355
2001/10/15 0:00,0.7911,1.98035,0.872981,0.6937863999999999,0.1227774,0.008676,0.676705,0.68795
2001/10/16 0:00,0.7911,1.98125,0.873477,0.7441068,0.1223348,0.008662,0.699909,0.6844
2001/10/17 0:00,0.78845,1.9811,0.874393,0.7250538000000001,0.1237112,0.008676,0.6775866,0.68685
2001/10/18 0:00,0.7886,1.97875,0.876347,0.7000120000000001,0.127755,0.008671,0.7017548,0.6901
2001/10/19 0:00,0.788,1.97375,0.875695,0.735629,0.12782,0.008706,0.6767049999999999,0.6884
2001/10/20 0:00,0.7873,1.96715,0.87089,0.6939704,0.127822,0.008685,0.6775865999999999,0.68675
2001/10/21 0:00,0.7878,1.96225,0.869679,0.694921,0.127675,0.008675,0.677048,0.68765
2001/10/22 0:00,0.7863,1.95425,0.871042,0.6943634,0.127804,0.0087484,0.7007418000000001,0.68595
2001/10/23 0:00,0.7863,1.95425,0.759932,0.6962198,0.127804,0.0086138,0.701229,0.6898
2001/10/24 0:00,0.7841,1.9508,0.7869348,0.6943634,0.127804,0.0085946,0.7007418000000001,0.6858
2001/10/25 0:00,0.7854,1.9596,0.7839295999999999,0.7556792,0.127725,0.008621,0.699948,0.6891
2001/10/26 0:00,0.787,1.9708,0.8000771999999999,0.7153588000000001,0.127706,0.0087198,0.7030641999999999,0.69085
2001/10/27 0:00,0.7864,1.96685,0.759177,0.8049405999999999,0.127796,0.0081934,0.6744390000000001,0.6937
2001/10/28 0:00,0.7831,1.96075,0.7826751999999999,0.7549506,0.127879,0.008622399999999999,0.699948,0.68905
2001/10/29 0:00,0.7827,1.9517,0.8072728,0.6971042000000001,0.127748,0.008484799999999997,0.6705818,0.6908
2001/10/30 0:00,0.7827,1.95235,0.8072728,0.7185456,0.127748,0.0084848,0.6705818,0.6908
2001/10/31 0:00,0.78215,1.9535,0.7826752000000001,0.7161666,0.127748,0.008621,0.7003892,0.68935
2001/11/1 0:00,0.780875,1.94855,0.7998704000000001,0.7977808,0.127874,0.00835,0.646412,0.6914
2001/11/2 0:00,0.7844,1.9715,0.8649302000000001,0.801215,0.127863,0.008463,0.648845,0.6971
2001/11/3 0:00,0.786,1.9654,0.736228,0.8014648,0.127956,0.00845,0.648929,0.69345
2001/11/4 0:00,0.7848,1.9624,0.845904,0.801215,0.127943,0.008449,0.64914,0.6972
2001/11/5 0:00,0.783,1.9554,0.860919,0.7966101999999999,0.127934,0.0084,0.648761,0.70055
2001/11/6 0:00,0.78525,1.95725,0.861067,0.8012448000000001,0.127869,0.008419,0.65083,0.70185
2001/11/7 0:00,0.7906,1.9617,0.861698,0.8107266,0.127984,0.008408,0.651084,0.70515
2001/11/8 0:00,0.7883,1.9613,0.858922,0.8074412000000001,0.128082,0.008404,0.650915,0.7045
2001/11/9 0:00,0.7883,1.95875,0.858885,0.8102143999999999,0.128082,0.008399,0.652146,0.7045
2001/11/10 0:00,0.78805,1.95905,0.857449,0.8074412000000001,0.128082,0.008399,0.652146,0.7045
2001/11/11 0:00,0.79135,1.96535,0.859365,0.8110394,0.127943,0.00843,0.653125,0.7056
2001/11/12 0:00,0.7968,1.97435,0.858775,0.8315482,0.120824,0.008422,0.653253,0.708
2001/11/13 0:00,0.791,1.9508,0.852842,0.8263092000000001,0.12417720000000002,0.008381,0.652358,0.7052
2001/11/14 0:00,0.7812,1.941,0.849221,0.8002028000000001,0.12645840000000003,0.00843,0.651211,0.69265
2001/11/15 0:00,0.7798,1.9294,0.852152,0.8124672000000001,0.12521960000000001,0.008424,0.650533,0.6872
2001/11/16 0:00,0.7798,1.9294,0.852152,0.8189986000000001,0.128057,0.00843,0.650533,0.6872
2001/11/17 0:00,0.77905,1.9263,0.852043,0.8023598,0.128057,0.008438,0.650322,0.6852
2001/11/18 0:00,0.78275,1.9432,0.852115,0.8030994000000001,0.127997,0.008419,0.650787,0.6925
2001/11/19 0:00,0.77995,1.9358,0.849437,0.8192856000000001,0.128097,0.008378,0.649899,0.69065
2001/11/20 0:00,0.7819,1.9331,0.851535,0.8318994,0.128098,0.008365,0.650449,0.6884
2001/11/21 0:00,0.77985,1.9444,0.849798,0.8202484000000002,0.128291,0.008299,0.647459,0.6892
2001/11/22 0:00,0.7827,1.92057,0.855322,0.7942152,0.12825,0.008311,0.648424,0.6914
2001/11/23 0:00,0.7827,1.92057,0.854372,0.7942152,0.12825,0.008309,0.648424,0.6914
2001/11/24 0:00,0.78465,1.91588,0.854445,0.7939986,0.12825,0.008325,0.648424,0.69065
2001/11/25 0:00,0.78285,1.84486,0.855725,0.7860126000000001,0.128319,0.008301,0.649056,0.69515
2001/11/26 0:00,0.7829,1.9154699999999998,0.850593,0.7950226,0.128368,0.008276,0.648845,0.69115
2001/11/27 0:00,0.787,1.9358499999999998,0.852806,0.7946986,0.128617,0.008291,0.650364,0.69255
2001/11/28 0:00,0.78865,1.76655,0.851934,0.7873518,0.128692,0.008243,0.650915,0.69445
2001/11/29 0:00,0.7892,1.8046300000000002,0.852551,0.7807116000000001,0.128593,0.008248,0.65028,0.6953
2001/11/30 0:00,0.7892,1.80463,0.852697,0.7781392,0.128593,0.008248,0.65028,0.6953
2001/12/1 0:00,0.79025,1.80463,0.852479,0.7807116000000001,0.128593,0.008241,0.650449,0.6955
2001/12/2 0:00,0.7882,1.74513,0.8018204000000001,0.7901870000000001,0.128636,0.008221,0.649815,0.6994
2001/12/3 0:00,0.78565,1.820662,0.8421103999999999,0.804699,0.128593,0.008215,0.650703,0.70025
2001/12/4 0:00,0.77925,1.78871,0.7989352000000001,0.80048,0.12866,0.008264,0.650915,0.6988
2001/12/5 0:00,0.7736,1.77822,0.8211558,0.80125,0.12873,0.00823,0.650576,0.69755
2001/12/6 0:00,0.7722,1.77822,0.776295,0.797035,0.128584,0.008235,0.650618,0.6969
2001/12/7 0:00,0.7722,1.7047504000000004,0.7975026,0.797003,0.128584,0.008277,0.650618,0.6951
2001/12/8 0:00,0.7732,1.7813199999999998,0.8648464,0.797226,0.128584,0.008219,0.650237,0.69585
2001/12/9 0:00,0.77225,1.7813199999999998,0.8648464,0.797989,0.128634,0.008221,0.650111,0.69605
2001/12/10 0:00,0.772,1.6255172000000002,0.8167808000000001,0.79869,0.128601,0.008219,0.650407,0.6875
2001/12/11 0:00,0.7753,1.5662772,0.8165851999999999,0.803536,0.128621,0.008273,0.650787,0.68875
2001/12/12 0:00,0.77315,1.5532204,0.8201442,0.804052,0.128886,0.008281,0.651636,0.68255
2001/12/13 0:00,0.7745,1.6436730000000002,0.8252238000000001,0.799904,0.128932,0.008254,0.650872,0.68095
2001/12/14 0:00,0.77485,1.607125,0.843704,0.8017,0.128932,0.008255,0.651593,0.68125
2001/12/15 0:00,0.77315,1.6253520000000001,0.843989,0.801282,0.128932,0.008261,0.651211,0.68415
2001/12/16 0:00,0.7758,1.6692132000000002,0.846346,0.801218,0.12794960000000002,0.008329,0.652316,0.68425
2001/12/17 0:00,0.7766,1.6407665999999999,0.845666,0.806094,0.1220092,0.008322,0.652699,0.6796
2001/12/18 0:00,0.78,1.7837400000000003,0.843633,0.805737,0.1343606,0.008289,0.652614,0.68865
2001/12/19 0:00,0.781,1.6717933999999999,0.84513,0.802021,0.1417888,0.008252,0.652231,0.68565
2001/12/20 0:00,0.7764,1.6920836000000001,0.852915,0.78911,0.12344379999999999,0.008211,0.652188,0.6837
2001/12/21 0:00,0.772,1.66201,0.850955,0.798021,0.128932,0.008208,0.649372,0.68485
2001/12/22 0:00,0.77409,1.66035,0.853259,0.800181,0.129281,0.00823,0.65113,0.686704
2001/12/23 0:00,0.7838,1.8900399999999997,0.857633,0.806322,0.128883,0.008281,0.650999,0.69435
2001/12/24 0:00,0.78535,1.9534299999999998,0.858885,0.809225,0.128941,0.008365,0.650915,0.69685
2001/12/25 0:00,0.7867,1.96189,0.859217,0.809258,0.129029,0.008373,0.652997,0.6973
2001/12/26 0:00,0.7862,1.9189800000000001,0.858756,0.810767,0.129029,0.00836,0.652571,0.70075
2001/12/27 0:00,0.78575,1.91784,0.856935,0.809127,0.129029,0.008325,0.651678,0.70135
2001/12/28 0:00,0.78975,1.9820300000000004,0.861141,0.807233,0.129029,0.008262,0.65189,0.70505
2001/12/29 0:00,0.7888,1.98122,0.861104,0.80538,0.129029,0.008235,0.652146,0.70575
2001/12/30 0:00,0.792,1.99011,0.862329,0.811688,0.129029,0.008259,0.65304,0.70675
2001/12/31 0:00,0.7932,1.94379,0.862292,0.812331,0.129066,0.008293,0.654664,0.7106
2002/1/1 0:00,0.79265,2.00466,0.858775,0.818565,0.129182,0.008418,0.655437,0.70475
2002/1/2 0:00,0.78815,1.99127,0.852224,0.818063,0.129232,0.008433,0.653873,0.70085
2002/1/3 0:00,0.786,1.9950499999999998,0.853789,0.818029,0.129144,0.008506,0.654965,0.69405
2002/1/4 0:00,0.7836,1.9849900000000003,0.84868,0.82335,0.129121,0.008562,0.65475,0.6886
2002/1/5 0:00,0.77365,1.6545638,0.847278,0.818063,0.129032,0.008617,0.652997,0.6768
2002/1/6 0:00,0.77355,1.588483,0.850738,0.81823,0.129172,0.008605,0.654215,0.67995
2002/1/7 0:00,0.776,1.563142,0.849131,0.819068,0.129199,0.008577,0.654922,0.68445
2002/1/8 0:00,0.77645,1.5444399999999998,0.846848,0.814001,0.129199,0.008523,0.65445,0.68495
2002/1/9 0:00,0.7808,1.98657,0.853024,0.809749,0.129132,0.008455,0.654536,0.6914
2002/1/10 0:00,0.78275,1.92252,0.855249,0.816493,0.129077,0.00851,0.654879,0.6929
2002/1/11 0:00,0.78775,1.9988400000000002,0.855542,0.818867,0.129084,0.008548,0.654151,0.69775
2002/1/12 0:00,0.78605,1.9623300000000001,0.8511,0.824232,0.129179,0.008596,0.651848,0.69015
2002/1/13 0:00,0.78845,1.9853200000000002,0.850485,0.823215,0.129132,0.008528,0.652401,0.6949
2002/1/14 0:00,0.7957,1.95172,0.849293,0.829291,0.129269,0.008598,0.655265,0.69725
2002/1/15 0:00,0.8006,1.9452,0.850847,0.824844,0.129262,0.008504,0.655652,0.70175
2002/1/16 0:00,0.80155,1.95845,0.859291,0.824097,0.129242,0.008528,0.655201,0.70435
2002/1/17 0:00,0.80135,1.95935,0.863894,0.823113,0.129277,0.00849,0.656556,0.7043
2002/1/18 0:00,0.80825,1.9681,0.863894,0.825696,0.129433,0.008491,0.658924,0.7145
2002/1/19 0:00,0.806,1.96135,0.861438,0.820176,0.129324,0.00847,0.658979,0.7126
2002/1/20 0:00,0.77888,1.9694,0.860104,0.822944,0.129267,0.008478,0.659544,0.71635
2002/1/21 0:00,0.7939200000000002,1.9626,0.862776,0.822842,0.129381,0.00855,0.658692,0.71215
2002/1/22 0:00,0.7837400000000001,1.96265,0.863894,0.821659,0.129415,0.008486,0.659148,0.71555
2002/1/23 0:00,0.7748000000000002,1.96795,0.866664,0.826685,0.129353,0.008486,0.658935,0.71445
2002/1/24 0:00,0.7721499999999999,1.979,0.86494,0.823961,0.129388,0.008494,0.657808,0.7217
2002/1/25 0:00,0.7725500000000001,1.976,0.863446,0.820378,0.129341,0.008413,0.658458,0.7198
2002/1/26 0:00,0.7725500000000001,1.9761,0.862589,0.820176,0.129289,0.008419,0.660546,0.72025
2002/1/27 0:00,0.7721,1.9624,0.867679,0.815428,0.129421,0.008382,0.660808,0.72075
2002/1/28 0:00,0.77869,1.97155,0.871574,0.821322,0.129299,0.008398,0.659131,0.7282
2002/1/29 0:00,0.77869,1.97705,0.874355,0.819605,0.129425,0.008374,0.658762,0.72815
2002/1/30 0:00,0.77869,1.9773,0.880243,0.821322,0.129433,0.008403,0.658631,0.7288
2002/1/31 0:00,0.826189,1.9868,0.879546,0.823554,0.129505,0.008391,0.659544,0.73805
2002/2/1 0:00,0.826189,1.99025,0.884134,0.823961,0.129401,0.008348,0.660371,0.7396
2002/2/2 0:00,0.8947032,2.00235,0.886093,0.829734,0.129592,0.008449,0.661026,0.7443
2002/2/3 0:00,0.9810316,2.0022,0.891146,0.8555453999999999,0.12257760000000002,0.008436,0.661288,0.74565
2002/2/4 0:00,0.9425774,2.001,0.890829,0.861383,0.120824,0.008432,0.660328,0.74355
2002/2/5 0:00,0.9048732000000002,2.0027,0.896298,0.861383,0.120824,0.008425,0.661649,0.7444
2002/2/6 0:00,0.8361689999999999,1.99035,0.892419,0.8572936,0.120824,0.008371,0.659674,0.73875
2002/2/7 0:00,0.83045,1.99765,0.895536,0.8633386,0.120824,0.008369,0.659239,0.74275
2002/2/8 0:00,0.8322,2.0016,0.903057,0.8635680000000001,0.120824,0.008376,0.658068,0.74195
2002/2/9 0:00,0.82845,1.9988,0.90082,0.8635679999999999,0.120824,0.008346,0.657614,0.74135
2002/2/10 0:00,0.82535,1.9909,0.902894,0.8572936,0.120824,0.008327,0.655308,0.73855
2002/2/11 0:00,0.817178,1.971188,0.893954,0.8608164,0.120824,0.008245,0.64882,0.731238
2002/2/12 0:00,0.821,1.9933,0.903261,0.8601624000000001,0.120824,0.008328,0.659174,0.7362
2002/2/13 0:00,0.8254,1.9942,0.907112,0.8601624000000001,0.120824,0.008335,0.660415,0.7377
2002/2/14 0:00,0.828,1.9892,0.905018,0.8601624000000001,0.120824,0.008339,0.659457,0.73755
2002/2/15 0:00,0.82925,1.9972,0.9042,0.8608164,0.120824,0.008347,0.660086,0.73525
2002/2/16 0:00,0.82875,1.97855,0.898715,0.8556343999999999,0.120824,0.008325,0.658501,0.7285
2002/2/17 0:00,0.83315,1.9822,0.899847,0.8601624000000001,0.120824,0.008323,0.658848,0.73725
2002/2/18 0:00,0.8348,1.986,0.910954,0.8594647999999999,0.120824,0.008315,0.659718,0.73975
2002/2/19 0:00,0.82435,1.9774,0.904241,0.8608164,0.120824,0.008281,0.656771,0.73325
2002/2/20 0:00,0.82265,1.975,0.910996,0.8608164,0.120824,0.008248,0.655609,0.7307
2002/2/21 0:00,0.82065,1.97035,0.922935,0.8556343999999999,0.120824,0.008227,0.65505,0.72965
2002/2/22 0:00,0.8202,1.9756,0.920387,0.852887,0.120824,0.008226,0.652529,0.72685
2002/2/23 0:00,0.82435,1.9867,0.92383,0.8608163999999998,0.13618639999999999,0.008222,0.7153748,0.73035
2002/2/24 0:00,0.82075,1.9852,0.922722,0.8808619999999999,0.136112,0.008239,0.6960544,0.7255
2002/2/25 0:00,0.79563,1.9828,0.925412,0.8899184,0.136112,0.008212,0.6869658,0.7266
2002/2/26 0:00,0.79563,1.9835,0.926055,0.8899184,0.136112,0.008219,0.6869658,0.72655
2002/2/27 0:00,0.77869,1.9812,0.932444,0.9119204,0.13612080000000001,0.008216,0.7062586,0.7284
2002/2/28 0:00,0.77993,1.97465,0.93006,0.980386,0.1412506,0.008227,0.6911232,0.73015
2002/3/1 0:00,0.998954,1.98205,0.942463,0.861383,0.120824,0.008193,0.7563976,0.7435
2002/3/2 0:00,0.9579686000000001,1.9918,0.944912,0.902074,0.13027840000000002,0.008214,0.7374305999999999,0.7477
2002/3/3 0:00,0.9634574,1.99435,0.942329,1.0126562,0.1450092,0.008245,0.7494662,0.74935
2002/3/4 0:00,0.9742266,1.9764,0.940645,1.0776374,0.147449,0.008263,0.7520726,0.75135
2002/3/5 0:00,0.9875032000000001,1.969,0.942551,1.077484,0.130463,0.008212,0.7774608,0.7506
2002/3/6 0:00,0.9848348000000001,1.975,0.937383,1.077484,0.13083,0.008214,0.7796938,0.75085
2002/3/7 0:00,0.9805308,1.9732,0.936154,1.0776374,0.131027,0.008172,0.7794574,0.75145
2002/3/8 0:00,0.9875031999999999,1.9694,0.936373,1.052175,0.131139,0.008128,0.7774608,0.75025
2002/3/9 0:00,0.9858686000000001,1.9828,0.932444,1.0598162,0.131062,0.008087,0.7761302,0.75365
2002/3/10 0:00,0.9387888,1.98855,0.940468,0.9685050000000001,0.131277,0.008103,0.7376278000000001,0.7581
2002/3/11 0:00,0.9745824000000001,1.99425,0.939232,1.032055,0.131275,0.008087,0.7630788,0.76275
2002/3/12 0:00,0.9679524,1.9923,0.930882,1.0320550000000002,0.131251,0.008086,0.7630788,0.76235
2002/3/13 0:00,0.9910256000000001,1.99935,0.934973,0.813769,0.131148,0.008072,0.7860648000000001,0.76445
2002/3/14 0:00,0.9933,1.9996,0.934274,0.814034,0.131303,0.008101,0.7873618,0.76645
2002/3/15 0:00,0.9934738,2.01635,0.947239,0.82648,0.131492,0.008183,0.7671478,0.78185
2002/3/16 0:00,0.9934738,2.01775,0.942729,0.822876,0.131683,0.008175,0.7671478,0.78165
2002/3/17 0:00,1.0217412,2.0162,0.946119,1.0094290000000001,0.131666,0.008154,0.7293912,0.7818
2002/3/18 0:00,0.9918509999999999,2.0126,0.946119,1.0254763999999998,0.131614,0.008147,0.7112662000000001,0.7826
2002/3/19 0:00,0.9918509999999999,2.0116,0.953062,1.0254763999999998,0.131562,0.008101,0.7052693999999999,0.78275
2002/3/20 0:00,0.9739198,2.0162,0.953471,1.0241756,0.131553,0.008109,0.7439549999999999,0.7799
2002/3/21 0:00,0.9739198,2.0252,0.950932,0.9882228,0.131909,0.008185,0.7288262,0.77955
2002/3/22 0:00,0.9739198,2.033,0.947284,0.9882228,0.132223,0.008195,0.7288262,0.77945
2002/3/23 0:00,1.0217412,2.031,0.955703,1.0647617999999999,0.13217,0.008166,0.7112662000000001,0.78215
2002/3/24 0:00,0.9518523999999999,2.034,0.954335,0.9835246,0.1380132,0.008191,0.7313978000000001,0.78855
2002/3/25 0:00,0.9346428,2.0368,0.958405,0.9711044,0.1370804,0.008204,0.7052805999999998,0.79205
2002/3/26 0:00,0.9357628,2.0467,1.0221605999999999,0.9594149999999999,0.14699020000000002,0.008174,0.7074035999999999,0.79135
2002/3/27 0:00,0.9312381999999999,2.05365,1.0196862,1.0116662,0.1556958,0.008214,0.7104466000000002,0.79415
2002/3/28 0:00,0.9410328,2.051,1.0205744,0.967924,0.151592,0.008197,0.7095974,0.79255
2002/3/29 0:00,0.9824319999999999,2.0562,1.0091134,1.0407644,0.1548482,0.008245,0.7456984,0.7964
2002/3/30 0:00,0.9599064,2.0583,1.0025646,1.0727932,0.15585,0.008238,0.7363142,0.80425
2002/3/31 0:00,0.9740468,2.0613,1.0137378,1.026456,0.1634306,0.008282,0.7333628,0.80855
2002/4/1 0:00,0.9293700000000001,2.0518,1.0130262,0.9843854000000001,0.155873,0.008312,0.7206499999999999,0.8022
2002/4/2 0:00,0.8997900000000001,2.05335,1.0132096000000002,0.9819236,0.15061960000000002,0.008397,0.7075338,0.79035
2002/4/3 0:00,0.9614702000000002,2.0243,0.9959085999999999,0.9716058000000001,0.14223360000000002,0.008431,0.7317924,0.7654
2002/4/4 0:00,0.9181189999999999,2.0243,0.9906622,0.9674824000000001,0.144392,0.008431,0.7318612,0.76325
2002/4/5 0:00,0.9024436,2.037,1.0072914000000002,0.8998716,0.14243060000000002,0.008392,0.7257811999999999,0.77075
2002/4/6 0:00,0.9383779999999999,2.031,0.9927762,0.9589690000000001,0.1505682,0.008435,0.7638524,0.76175
2002/4/7 0:00,0.9275905999999999,2.0414,1.0137378,0.9735099999999999,0.1425156,0.008471,0.7322086000000001,0.7642
2002/4/8 0:00,0.9384022,2.0223,0.9997551999999998,0.966713,0.14541220000000002,0.008437,0.7261452,0.75945
2002/4/9 0:00,1.0191212,2.0366,1.0054856,1.0404184,0.14258940000000003,0.008354,0.7378698,0.76735
2002/4/10 0:00,0.9780277999999999,2.0258,0.9997014,1.0016924,0.1480176,0.008432,0.7410184,0.7561
2002/4/11 0:00,0.9452458,2.0116,0.840789,0.8601624000000001,0.120824,0.008447,0.7413238,0.73765
2002/4/12 0:00,0.77633,1.9999,0.8105864,0.8568567999999999,0.120824,0.008476,0.6195996,0.72855
2002/4/13 0:00,0.807237,1.9923,0.8476256000000001,0.8951796,0.1311164,0.00852,0.6738758,0.71575
2002/4/14 0:00,0.7687983999999999,1.9794,0.8381964,0.7932656,0.1311938,0.008914,0.7015841999999999,0.6727
2002/4/15 0:00,0.77518,1.97935,0.851691,0.8451018000000001,0.1270494,0.00874,0.6287846000000001,0.6974
2002/4/16 0:00,0.7945772,1.9838,0.8211038,0.7849366,0.1235806,0.008738,0.6800448,0.6924
2002/4/17 0:00,0.8385871999999999,1.9828,0.9561176,0.8304194,0.1393066,0.008749,0.6831672,0.696
2002/4/18 0:00,0.8208224000000002,1.99025,0.8434696,0.8288618,0.1262942,0.008698,0.6746174,0.7004
2002/4/19 0:00,0.8471931999999999,1.99915,0.8489364,0.9185483999999999,0.1361938,0.008649,0.7140932,0.70935
2002/4/20 0:00,0.7756700000000001,2.0157,0.8129218,0.8540516,0.120824,0.008612,0.6206336,0.72299
2002/4/21 0:00,0.77429,2.0138,0.8423698,0.9025304000000001,0.1214142,0.008615,0.630264,0.71815
2002/4/22 0:00,0.8153922000000001,2.0072,0.8672126,0.855946,0.1279998,0.008706,0.6876016,0.70485
2002/4/23 0:00,0.7938578,2.01715,0.7599759999999999,0.8238959999999999,0.1253612,0.008623,0.7135946000000001,0.70615
2002/4/24 0:00,0.8046364,2.01645,0.7967517999999999,0.9355828,0.1261952,0.008622,0.656362,0.70455
2002/4/25 0:00,0.8384126000000001,2.01715,0.8077376,0.8727886,0.1268572,0.008638,0.656039,0.7023
2002/4/26 0:00,0.8384126000000001,2.0188,0.8077376000000001,0.8727886,0.1268572,0.008636,0.656405,0.70225
2002/4/27 0:00,0.8342172,2.0138,0.9120796,0.8649068,0.1286474,0.008608,0.654965,0.69615
2002/4/28 0:00,0.76187,2.0226,0.8561568000000002,0.8337682000000001,0.1238888,0.008674,0.655179,0.6905
2002/4/29 0:00,0.7780772,2.0224,0.839916,0.8307945999999999,0.1227168,0.008667,0.656814,0.6919
2002/4/30 0:00,0.8285705999999999,2.0285,0.8842212,0.9015224,0.12613960000000002,0.008818,0.656211,0.6888
2002/5/1 0:00,0.8165720000000001,2.028,0.8026218,0.834159,0.12770200000000004,0.008818,0.655996,0.69375
2002/5/2 0:00,0.7993013999999999,2.0306,0.7889554000000001,0.9329067999999999,0.1222624,0.008763,0.657981,0.7033
2002/5/3 0:00,0.8301342,2.0311,0.8893466,0.8619749999999999,0.1319844,0.008759,0.660633,0.71455
2002/5/4 0:00,0.7918488000000001,2.0311,0.8366408,0.8391692,0.1214142,0.008673,0.662559,0.7176
2002/5/5 0:00,0.8299664,2.00655,0.8466096000000001,0.8615362000000001,0.125953,0.008676,0.661376,0.71335
2002/5/6 0:00,0.8145018,1.9941,0.8471607999999999,0.9074403999999999,0.12748900000000002,0.008684,0.659935,0.7063
2002/5/7 0:00,0.77841,2.0132,0.8068772,0.8519803999999999,0.120824,0.008623,0.662822,0.72515
2002/5/8 0:00,0.77949,2.00015,0.8286026,0.8539128,0.120824,0.008609,0.663702,0.73315
2002/5/9 0:00,0.826189,2.0088,0.8428072,0.8579578,0.120824,0.008735,0.665425,0.7393
2002/5/10 0:00,0.826189,2.0202,0.8698162,0.8635680000000001,0.120824,0.008659,0.664319,0.7415
2002/5/11 0:00,1.0190858,2.022,0.8956218,0.861383,0.120824,0.0087,0.666356,0.74525
2002/5/12 0:00,0.826189,2.0184,0.8698162,0.8604854,0.120824,0.008731,0.666045,0.74015
2002/5/13 0:00,1.0190858,2.0156,0.8748558000000001,0.861383,0.120824,0.008659,0.667468,0.7449
2002/5/14 0:00,1.0222175999999998,2.0242,1.0138854,0.958282,0.120824,0.00864,0.670826,0.74825
2002/5/15 0:00,1.0231826,2.0454,1.0178182,1.0967626000000001,0.1263828,0.008711,0.673174,0.7566
2002/5/16 0:00,1.0359125999999999,2.0432,1.015395,1.0848624,0.1347066,0.008635,0.67769,0.7649
2002/5/17 0:00,1.0320864,2.0408,1.0133198,1.0867096,0.1263828,0.008636,0.674036,0.7593
2002/5/18 0:00,1.0287036,2.035,1.003412,1.0915364,0.1236062,0.008576,0.675562,0.75745
2002/5/19 0:00,1.0231826,2.0397,1.002205,1.0967626000000001,0.1236062,0.008581,0.675767,0.75535
2002/5/20 0:00,0.9383779999999999,2.0421,1.018382,0.9933782000000001,0.1466226,0.008548,0.7174824,0.7627
2002/5/21 0:00,0.9383779999999999,2.0364,1.013788,0.9933782000000001,0.14439200000000002,0.008519,0.7298078,0.76275
2002/5/22 0:00,0.9383779999999999,2.0334,1.017346,0.9933781999999999,0.15056819999999999,0.00855,0.7638524,0.76225
2002/5/23 0:00,0.9181189999999999,2.0425,1.018797,0.9744862,0.144392,0.008531,0.7193497999999999,0.76325
2002/5/24 0:00,0.88046,2.0332,1.027169,0.9391465999999999,0.13753540000000003,0.008495,0.7179827999999999,0.77425
2002/5/25 0:00,0.9150334000000001,2.0373,1.027485,0.9651573999999998,0.13882500000000003,0.008503,0.712894,0.7753
2002/5/26 0:00,0.9383779999999999,2.0417,1.023803,0.9933782000000001,0.14439200000000002,0.008523,0.7174824,0.76275
2002/5/27 0:00,0.968805,2.0323,1.021138,0.8706842,0.120824,0.008569,0.7478722,0.74475
2002/5/28 0:00,0.9875031999999999,2.0372,1.025326,1.0521749999999999,0.1450092,0.008588,0.7494662,0.75015
2002/5/29 0:00,0.9796846,2.0449,1.025904,1.0598162,0.14969100000000002,0.0120922,0.7565038000000001,0.7529
2002/5/30 0:00,0.963876,2.0546,0.9902615999999999,1.0010194000000001,0.1361368,0.0119726,0.7505548,0.74715
2002/5/31 0:00,0.9901684,2.0274,0.9601834,1.0006590000000002,0.12660200000000002,0.011526400000000001,0.7626902,0.74315
2002/6/1 0:00,0.995325,2.0496,0.9997014,1.0588024,0.1523174,0.0121068,0.764004,0.75505
2002/6/2 0:00,1.0110535999999999,2.0473,0.9970918,1.0727892,0.1461302,0.0123426,0.7485592,0.7504
2002/6/3 0:00,0.9889478,2.0502,0.9906622,1.0242104,0.1482788,0.0122772,0.775106,0.76195
2002/6/4 0:00,0.9571878,2.0522,0.9959085999999999,0.9959710000000002,0.1433228,0.0120862,0.7473907999999999,0.7648
2002/6/5 0:00,0.9803919999999999,2.0602,0.9986198,1.0277494,0.1425894,0.0121242,0.7604092,0.76845
2002/6/6 0:00,0.9864330000000001,2.06675,0.9959085999999999,1.0224248,0.1445974,0.012136599999999999,0.7459976,0.76595
2002/6/7 0:00,0.9600576000000001,2.0761,0.9986198,0.9938484000000001,0.14262419999999998,0.012104,0.7273574,0.769
2002/6/8 0:00,0.9859512,2.08,0.9296172,0.862664,0.15056819999999999,0.010629999999999999,0.7638524,0.7625
2002/6/9 0:00,0.9044342000000001,2.0892,1.0299466,0.866439,0.1336494,0.010117199999999998,0.689893,0.7643
2002/6/10 0:00,0.87706,2.081,1.0299466,0.866889,0.1365024,0.0106682,0.689608,0.76775
2002/6/11 0:00,0.9118788,2.087,1.0299466,0.873477,0.1402254,0.0123786,0.690512,0.77415
2002/6/12 0:00,1.058679,2.1041,1.0299466000000002,0.881873,0.15379320000000002,0.0123978,0.694782,0.7854
2002/6/13 0:00,0.9146188000000001,2.109,1.0299466,0.886918,0.1404128,0.0123786,0.695169,0.77635
2002/6/14 0:00,0.8750600000000001,2.0852,1.0299466,0.891027,0.13707919999999998,0.010693600000000001,0.693073,0.76
2002/6/15 0:00,0.9303832,2.0604,1.0181228,0.887115,0.134895,0.009976000000000002,0.688705,0.74775
2002/6/16 0:00,0.9056441999999999,2.0728,1.0178182,0.890036,0.13588759999999997,0.0099822,0.690512,0.75575
2002/6/17 0:00,0.8774500000000002,2.06575,1.0224634,0.892777,0.135921,0.0093564,0.691659,0.7651
2002/6/18 0:00,0.87547,2.0468,1.0201348,0.889324,0.134735,0.008518399999999999,0.68937,0.75825
2002/6/19 0:00,0.9044741999999999,2.0522,1.0178182,0.891941,0.134707,0.009285999999999999,0.689085,0.7556
2002/6/20 0:00,0.9044742000000001,2.0517,1.0224423999999999,0.895375,0.134689,0.009285999999999999,0.690846,0.75525
2002/6/21 0:00,0.87584,2.0642,1.0178182,0.900414,0.134675,0.0093564,0.68937,0.76255
2002/6/22 0:00,0.9021042000000001,2.0584,1.0178182,0.906084,0.134935,0.009384,0.687285,0.7506
2002/6/23 0:00,0.9021041999999999,2.0618,1.0178182,0.907812,0.134935,0.009384,0.689465,0.75235
2002/6/24 0:00,0.8758,2.05745,1.0178182,0.905756,0.135148,0.0085416,0.693842,0.7583
2002/6/25 0:00,0.8766,2.06725,1.0178182,0.906495,0.1354572,0.0085896,0.693361,0.75525
2002/6/26 0:00,0.8754,2.0703,1.0178182,0.908306,0.13612359999999998,0.0085896,0.693626,0.75905
2002/6/27 0:00,0.88085,2.06805,1.0178182,0.894095,0.136995,0.0085644,0.69185,0.76975
2002/6/28 0:00,0.87995,2.0621,1.0178182,0.895736,0.1364534,0.0085416,0.690179,0.76895
2002/6/29 0:00,0.88325,2.056,1.0178182,0.882963,0.135172,0.0085416,0.69056,0.76235
2002/6/30 0:00,0.88385,2.0678,1.0178182,0.886682,0.135089,0.0085644,0.690274,0.76815
2002/7/1 0:00,0.8736,2.0587,1.0178182,0.894015,0.135172,0.0085416,0.691946,0.76255
2002/7/2 0:00,0.87005,2.02855,0.9913037999999998,0.888691,0.135258,0.0084732,0.691372,0.76505
2002/7/3 0:00,0.8717,2.0256,0.9669118000000001,0.886289,0.134889,0.0082944,0.692185,0.77315
2002/7/4 0:00,0.8807,2.03005,0.9817146000000001,0.885465,0.13508,0.0083088,0.695507,0.7769
2002/7/5 0:00,0.88145,2.046,0.9823952,0.886682,0.135208,0.008286,0.694059,0.77955
2002/7/6 0:00,0.8844,2.0405,0.9686423999999999,0.883119,0.13549,0.0082518,0.693337,0.78345
2002/7/7 0:00,0.8848,2.0458,0.9686423999999999,0.879624,0.135621,0.0082372,0.694637,0.78855
2002/7/8 0:00,0.87505,2.03925,0.9823952,0.874967,0.135722,0.008310000000000001,0.693674,0.78195
2002/7/9 0:00,0.862,2.01785,0.9499405999999999,0.868697,0.135648,0.008318599999999999,0.688942,0.7674
2002/7/10 0:00,0.85795,2.01565,0.9824020000000001,0.86719,0.135509,0.008474200000000001,0.683153,0.75415
2002/7/11 0:00,0.8602,2.0177,1.0138854,0.867717,0.135455,0.008474200000000001,0.685589,0.7547
2002/7/12 0:00,0.86065,2.0042,0.9395646,0.866176,0.135556,0.008147,0.684322,0.75715
2002/7/13 0:00,0.85845,1.9832,0.9363644000000001,0.864603,0.135717,0.0081506,0.68451,0.75655
2002/7/14 0:00,0.87055,1.9761,0.9354662000000001,0.863707,0.135777,0.008132400000000001,0.688421,0.7665
2002/7/15 0:00,0.87105,1.9796,0.9360818,0.864342,0.135777,0.0081154,0.687521,0.76605
2002/7/16 0:00,0.87375,1.9834,0.9360818,0.869641,0.135777,0.0081154,0.688895,0.76845
2002/7/17 0:00,0.87615,2.03866,0.9859735999999998,0.874967,0.136696,0.0084286,0.689394,0.7688
2002/7/18 0:00,0.8738,2.0484199999999997,0.9812681999999999,0.887351,0.136909,0.008387799999999999,0.691611,0.7727
2002/7/19 0:00,0.8777,2.0470999999999995,0.988713,0.883314,0.136909,0.0084286,0.694541,0.76965
2002/7/20 0:00,0.8738,2.04425,1.0184232,0.883002,0.136909,0.0084436,0.694686,0.7656
2002/7/21 0:00,0.881,2.05491,0.9812681999999999,0.893895,0.137076,0.008435,0.695652,0.7715
2002/7/22 0:00,0.88265,2.0393499999999998,0.9812681999999999,0.897102,0.137466,0.0082974,0.696379,0.77615
2002/7/23 0:00,0.8761,2.0486199999999997,0.9744104,0.903179,0.137495,0.008435,0.697496,0.7707
2002/7/24 0:00,0.869,2.03694,1.0184232,0.898271,0.137593,0.0084774,0.696379,0.76415
2002/7/25 0:00,0.88155,2.0503299999999998,0.9812681999999999,0.896499,0.137675,0.008387799999999999,0.698275,0.77275
2002/7/26 0:00,0.88185,2.0503299999999998,0.9812681999999999,0.896459,0.137669,0.0083878,0.698032,0.77225
2002/7/27 0:00,0.88865,2.0235999999999996,0.9492314000000001,0.903057,0.137536,0.0081694,0.698275,0.78125
2002/7/28 0:00,0.8925,2.02108,0.9510676,0.908843,0.137694,0.008151799999999999,0.697593,0.7843
2002/7/29 0:00,0.90005,2.04437,0.9776398000000001,0.914537,0.137883,0.008232599999999998,0.699839,0.78985
2002/7/30 0:00,0.8916,2.02108,0.9510676,0.917852,0.138081,0.0081518,0.700035,0.78375
2002/7/31 0:00,0.87805,2.05533,1.0222083999999998,0.908265,0.138267,0.0084286,0.698666,0.76955
2002/8/1 0:00,0.8861,2.04876,0.9812681999999999,0.908513,0.137958,0.008387799999999999,0.697058,0.7729
2002/8/2 0:00,0.8756,2.04187,0.9694088000000001,0.908802,0.1327346,0.0082988,0.694975,0.7575
2002/8/3 0:00,0.8618,2.01102,0.9752335999999999,0.905428,0.1324604,0.008361799999999999,0.691372,0.74675
2002/8/4 0:00,0.86925,2.0277700000000003,1.0028004,0.911245,0.1334436,0.008407800000000002,0.696767,0.7637
2002/8/5 0:00,0.8652,2.0235700000000003,0.9861761999999998,0.916212,0.13196000000000002,0.0083914,0.696767,0.7591
2002/8/6 0:00,0.8782,1.96163,0.9582592,0.919244,0.14550999999999997,0.0087286,0.700771,0.77325
2002/8/7 0:00,0.8816,2.0486199999999997,1.0222083999999998,0.910705,0.1378128,0.008435000000000002,0.701902,0.7703
2002/8/8 0:00,0.8848,2.02898,0.9812681999999999,0.917979,0.1330864,0.0082974,0.703779,0.7767
2002/8/9 0:00,0.8866,2.0255799999999997,0.9650582,0.914578,0.13190420000000003,0.008229199999999999,0.702889,0.77845
2002/8/10 0:00,0.88915,2.0175199999999998,0.9508948,0.915416,0.13171300000000002,0.008135400000000001,0.704573,0.7813
2002/8/11 0:00,0.8924,2.02108,0.9510676,0.922935,0.13301860000000001,0.0081518,0.705617,0.78435
2002/8/12 0:00,0.9033,1.8678477999999998,1.000467,0.922169,0.13990339999999998,0.0100332,0.707314,0.7948
2002/8/13 0:00,0.90945,1.7755117999999999,1.000467,0.917095,0.13990339999999998,0.010261999999999999,0.706864,0.79555
2002/8/14 0:00,0.89735,2.0175199999999998,0.9508948,0.907935,0.13171300000000002,0.0081354,0.704771,0.78385
2002/8/15 0:00,0.8974,2.02108,0.9510676,0.910913,0.132979,0.008151799999999999,0.706664,0.78545
2002/8/16 0:00,0.8948,2.04437,0.9898754000000001,0.906988,0.13655119999999998,0.008232600000000001,0.705716,0.79065
2002/8/17 0:00,0.8943,2.04437,0.9650472000000001,0.9133245999999999,0.1353668,0.008232599999999998,0.705617,0.78845
2002/8/18 0:00,0.90325,2.04437,0.9776398000000001,0.9125084000000001,0.1329442,0.008232599999999998,0.704573,0.7896
2002/8/19 0:00,0.9074,1.9575961999999998,1.000467,0.9275752,0.1375052,0.009317,0.706764,0.79465
2002/8/20 0:00,0.89425,2.0175500000000004,0.9496484000000001,0.8782278,0.1317008,0.0081502,0.704722,0.7838
2002/8/21 0:00,0.90395,1.9551816,0.9898754000000001,0.9143404,0.13536679999999998,0.0091448,0.705467,0.79165
2002/8/22 0:00,0.907,2.04437,0.9776398000000001,0.9145298000000001,0.13294419999999998,0.008456599999999998,0.708115,0.7886
2002/8/23 0:00,0.91305,1.8678478000000003,1.000467,0.9423809999999999,0.1375052,0.0100332,0.708115,0.79485
2002/8/24 0:00,0.92125,1.6792634,1.0132054,1.0038014,0.1607742,0.0118374,0.707914,0.80015
2002/8/25 0:00,0.9138,1.8639678,1.000467,0.9577978,0.13750520000000002,0.010025000000000001,0.708617,0.79355
2002/8/26 0:00,0.91815,1.7736918000000004,1.0132054,0.9981897999999999,0.1607742,0.0109456,0.70922,0.79935
2002/8/27 0:00,0.92375,1.5693118000000001,1.0106515999999999,1.0257508,0.1607742,0.012572400000000001,0.711389,0.806
2002/8/28 0:00,0.92475,1.5776232000000001,1.0137758000000001,1.0331725999999999,0.1575622,0.0125308,0.710934,0.81085
2002/8/29 0:00,0.92945,1.574964,1.0100330000000002,1.0330466,0.1577584,0.012702399999999999,0.71144,0.8125
2002/8/30 0:00,0.93835,1.5775184,1.0029337999999999,1.0448707999999998,0.1610908,0.012503999999999998,0.716076,0.81635
2002/8/31 0:00,0.9472,1.5684348,1.00289,1.043774,0.15892219999999999,0.012508,0.716949,0.81555
2002/9/1 0:00,0.93155,1.7736918000000004,1.0132054,0.9747014,0.1607742,0.0109456,0.716897,0.79955
2002/9/2 0:00,0.93825,1.6804852000000001,1.0142084,0.9928936,0.1607742,0.011842,0.719062,0.8028
2002/9/3 0:00,0.93115,1.6786332000000002,1.0131354,0.9747014,0.1607742,0.0118358,0.720254,0.80095
2002/9/4 0:00,0.93115,1.6786332000000002,1.0131354,0.964878,0.1607742,0.0118358,0.719839,0.80085
2002/9/5 0:00,0.93235,1.6792634,1.0132054,0.972006,0.1607742,0.0118374,0.721137,0.80005
2002/9/6 0:00,0.92675,1.8659478,1.010203,0.975277,0.14619520000000003,0.010019,0.721423,0.79285
2002/9/7 0:00,0.9162,1.9590062,1.003714,0.981017,0.1441438,0.009148,0.720955,0.7884
2002/9/8 0:00,0.92515,1.8668036000000001,1.003966,0.972195,0.160746,0.0100558,0.721813,0.80035
2002/9/9 0:00,0.9325,1.7722974,1.009591,0.978186,0.160746,0.0108424,0.721605,0.80645
2002/9/10 0:00,0.94125,1.6863768000000001,1.016673,0.987996,0.15847379999999997,0.0124032,0.7249,0.8134
2002/9/11 0:00,0.9385,1.5933092000000002,1.011071,1.005404,0.15842679999999998,0.0125226,0.725163,0.8148
2002/9/12 0:00,0.91865,1.8668036000000001,1.004419,1.014096,0.160746,0.0100558,0.724375,0.80025
2002/9/13 0:00,0.92725,1.6779216000000001,1.005682,1.009336,0.1647458,0.0118146,0.726375,0.80985
2002/9/14 0:00,0.92115,1.6795556,1.0130506000000001,0.998752,0.1607742,0.011771,0.722282,0.80405
2002/9/15 0:00,0.89615,2.04437,0.9650472000000001,0.989022,0.13171300000000002,0.008232599999999998,0.71958,0.78815
2002/9/16 0:00,0.8969,2.04437,0.9817788000000001,0.991179,0.1342026,0.008232599999999998,0.722074,0.7892
2002/9/17 0:00,0.90675,1.9854,0.9952272000000001,0.977087,0.158653,0.0117994,0.719373,0.79635
2002/9/18 0:00,0.9132,1.9988,0.982125,0.990688,0.1647458,0.009685599999999999,0.72317,0.80475
2002/9/19 0:00,0.92005,2.0007,0.982801,1.004672,0.1647458,0.011400000000000002,0.72448,0.8037
2002/9/20 0:00,0.92105,2.0088,0.985902,1.006847,0.1647458,0.011399999999999999,0.725058,0.80395
2002/9/21 0:00,0.92105,2.0088,0.985902,1.006847,0.1647458,0.011399999999999999,0.725058,0.80395
2002/9/22 0:00,0.91285,1.9858,0.973141,1.007811,0.1441592,0.0083656,0.725111,0.78545
2002/9/23 0:00,0.90585,1.9776,0.973757,0.989071,0.14411959999999996,0.008343399999999999,0.725426,0.78115
2002/9/24 0:00,0.91335,1.9824,0.982656,0.985513,0.1441438,0.0109622,0.725058,0.78975
2002/9/25 0:00,0.91455,1.99585,0.992113,0.991621,0.144167,0.0118264,0.721605,0.7859
2002/9/26 0:00,0.9215,1.9934,0.993838,0.993937,0.14416700000000002,0.0118264,0.724113,0.7882
2002/9/27 0:00,0.92715,1.98535,0.988484,0.983913,0.15664119999999998,0.0118264,0.724323,0.7983
2002/9/28 0:00,0.93035,1.96875,0.986388,0.986242,0.1566412,0.0118264,0.724533,0.7979
2002/9/29 0:00,0.9293,1.9762,0.982946,1.001402,0.1566412,0.0118264,0.726427,0.79805
2002/9/30 0:00,0.9314,1.974,0.982994,0.993197,0.14826160000000002,0.0118264,0.736377,0.79795
2002/10/1 0:00,0.9288,1.9821,0.976276,0.998851,0.1441438,0.0100442,0.736703,0.7937
2002/10/2 0:00,0.9246,1.9818,0.979624,0.9997,0.1441438,0.0109088,0.736648,0.78795
2002/10/3 0:00,0.92445,1.9624,0.981884,0.996512,0.14416700000000002,0.0117764,0.73616,0.7843
2002/10/4 0:00,0.9398,1.974,0.998004,1.001402,0.1441438,0.012451199999999999,0.740247,0.7899
2002/10/5 0:00,0.9368,1.9902,0.988338,0.996363,0.14414380000000002,0.0124152,0.739645,0.78925
2002/10/6 0:00,0.940562,1.998193,0.992307,1.000365,0.14414380000000002,0.012442,0.742615,0.79242
2002/10/7 0:00,0.9412,1.98059,0.994426,0.989027,0.1441438,0.012451199999999999,0.738225,0.7925
2002/10/8 0:00,0.9454,1.995805,0.994243,0.997526,0.15245920000000002,0.012451199999999999,0.740741,0.7971
2002/10/9 0:00,0.94885,1.979195,0.980488,0.985139,0.1566412,0.011988200000000001,0.7397,0.79876
2002/10/10 0:00,0.9386,1.97091,0.98464,0.964218,0.14414380000000002,0.0118264,0.735078,0.788135
2002/10/11 0:00,1.012696,1.9828,0.984107,0.965018,0.1441438,0.012362399999999999,0.733945,0.7822
2002/10/12 0:00,1.012696,1.991,0.987177,0.966697,0.144167,0.0123624,0.734646,0.78345
2002/10/13 0:00,0.9522090000000001,1.972495,0.986145,0.965904,0.1447058,0.011919200000000001,0.734538,0.775535
2002/10/14 0:00,1.0337542,1.982505,0.991002,0.961261,0.1441438,0.012362399999999999,0.736703,0.78265
2002/10/15 0:00,1.012696,1.973225,0.980248,0.953107,0.14414739999999998,0.012665200000000001,0.735078,0.7773
2002/10/16 0:00,1.0337542,1.9733,0.981017,0.946566,0.144167,0.0123624,0.733407,0.78145
2002/10/17 0:00,1.0337542,1.967815,0.98668,0.948677,0.14416700000000002,0.0123624,0.735727,0.78533
2002/10/18 0:00,1.0509544000000002,1.972605,0.99951,0.951919,0.14414380000000002,0.012362399999999999,0.735889,0.79055
2002/10/19 0:00,1.0337542,1.9525,0.997108,0.945367,0.14416700000000002,0.0123624,0.731743,0.78385
2002/10/20 0:00,0.9757871999999999,1.95472,0.983623,0.950525,0.14439980000000002,0.0111806,0.728438,0.77245
2002/10/21 0:00,1.0268093999999999,1.9536,0.9867608000000001,0.9579,0.14494040000000002,0.0106692,0.732923,0.7667
2002/10/22 0:00,1.0350742,1.95632,0.9867608000000001,0.95735,0.1450294,0.0115432,0.733084,0.77015
2002/10/23 0:00,1.0268093999999999,1.9477,0.9867608000000001,0.951928,0.14494040000000002,0.0123722,0.729501,0.76685
2002/10/24 0:00,1.0180894,1.94501,0.9857351999999999,0.947598,0.1454084,0.0094362,0.725584,0.76195
2002/10/25 0:00,0.9926969999999999,1.7437706,0.9621758,0.945716,0.15175840000000002,0.0082988,0.725795,0.7573
2002/10/26 0:00,1.0086358,1.6553722,0.9877266,0.955019,0.15457139999999997,0.008723999999999999,0.730994,0.77345
2002/10/27 0:00,1.0086358,1.6553722,0.9877266,0.948497,0.15457139999999997,0.008724,0.728544,0.773055
2002/10/28 0:00,0.9281252,1.8412950000000001,1.0005332,0.96446,0.160594,0.008868599999999999,0.732547,0.7753
2002/10/29 0:00,0.9409214,1.8502903999999998,0.9433999999999999,0.9607515999999998,0.14308320000000002,0.008551600000000001,0.736648,0.7798
2002/10/30 0:00,1.0557682,1.9804,1.0123954,1.056664,0.1460496,0.0123978,0.735348,0.78485
2002/10/31 0:00,1.0556378,1.9802,1.0221512000000001,1.0909141999999998,0.1519254,0.0123038,0.735889,0.7874
2002/11/1 0:00,1.0569714000000001,1.98235,1.0221512000000001,1.0909141999999998,0.1499398,0.012303799999999998,0.733999,0.7876
2002/11/2 0:00,1.0644977999999998,1.9754,1.0283764,1.0822736000000002,0.1518866,0.0122834,0.733568,0.79005
2002/11/3 0:00,1.0554517999999997,1.9814,0.9933238,1.0770240000000002,0.144001,0.0123038,0.732547,0.7849
2002/11/4 0:00,1.0197556,1.9878239999999998,0.9918004,1.0390788,0.144117,0.010027,0.731154,0.77823
2002/11/5 0:00,1.022968,1.9796,0.9861699999999999,1.026903,0.14404,0.011459,0.734484,0.7837
2002/11/6 0:00,1.0288012,1.9817799999999999,0.9850374000000001,1.0471491999999998,0.14404,0.011459,0.734268,0.78315
2002/11/7 0:00,0.9990778,1.8923695999999999,0.9874978000000001,1.0063521999999998,0.144238,0.011459,0.733945,0.785645
2002/11/8 0:00,1.0288012,1.9762,0.9862586,1.043123,0.1444,0.011459,0.73303,0.78265
2002/11/9 0:00,1.0304272,1.9393543999999998,0.989584,1.0303201999999998,0.14414,0.0091094,0.731636,0.76975
2002/11/10 0:00,1.0365544,2.0386499999999996,0.9818709999999999,1.0567297999999998,0.143966,0.0098408,0.732118,0.76735
2002/11/11 0:00,1.0074717999999998,1.9293688,0.9974278,1.0308954,0.144442,0.0084986,0.732762,0.75945
2002/11/12 0:00,1.0113927999999999,1.759692,0.9839916000000001,1.0816384,0.144511,0.0107604,0.728704,0.75235
2002/11/13 0:00,1.0113762000000002,1.844329,0.9718834,1.0503154000000001,0.144553,0.009900200000000001,0.728916,0.755
2002/11/14 0:00,1.0163769999999999,1.8646155999999998,0.9630334000000002,1.0700156,0.14477,0.0115346,0.725163,0.7494
2002/11/15 0:00,1.0198888,1.8643766,0.9630333999999999,1.0700156,0.14415,0.0115346,0.724973,0.749604
2002/11/16 0:00,1.0112584000000002,1.8489103999999998,0.9839916000000001,1.0781422,0.144871,0.009930399999999999,0.728597,0.75337
2002/11/17 0:00,1.0112584,1.8587903999999997,0.9718834000000001,1.0710534,0.145108,0.0099304,0.730994,0.75395
2002/11/18 0:00,1.0113762000000002,1.839809,0.9718834,1.0503154000000001,0.145292,0.0099002,0.72998,0.75635
2002/11/19 0:00,1.0163366,1.9507961999999999,1.0092314,1.0296692,0.145376,0.008515,0.72998,0.76135
2002/11/20 0:00,1.0074717999999998,1.9392562000000002,1.0092314,1.0296692,0.145347,0.0084986,0.732493,0.76055
2002/11/21 0:00,1.0091174,1.9282087999999997,0.9894001999999998,1.0503154000000001,0.145471,0.009934599999999998,0.730887,0.75765
2002/11/22 0:00,1.0107218,1.9293688,0.9974278,1.0303520000000002,0.145556,0.0084804,0.731689,0.75905
2002/11/23 0:00,1.0113762000000002,1.8443289999999997,0.9718834,1.0503154000000001,0.14566,0.0099002,0.729874,0.75615
2002/11/24 0:00,1.0113762000000002,1.844329,0.9718834,1.0710534,0.145649,0.0099304,0.732547,0.75475
2002/11/25 0:00,1.0163366,1.9392562000000002,1.0092314,1.0296692,0.145873,0.0084986,0.734819,0.760761
2002/11/26 0:00,1.0074717999999998,1.9307462000000002,1.0092314,1.0296692,0.145892,0.0084986,0.734808,0.76045
2002/11/27 0:00,1.0091174,1.9282087999999997,0.9894001999999998,1.0748748000000001,0.145849,0.009934599999999998,0.733945,0.7577
2002/11/28 0:00,1.0163366,1.9307462000000002,1.0092314,1.0296692,0.145902,0.0084978,0.736703,0.76073
2002/11/29 0:00,1.0113762000000002,1.8335190000000001,0.9718834,1.0710534,0.145962,0.0099002,0.733837,0.75585
2002/11/30 0:00,1.0107218,1.9293688,0.9974278,1.0303520000000002,0.145824,0.0084804,0.7347,0.7593
2002/12/1 0:00,1.0112792000000002,1.6005650000000002,0.9792318,1.0844016,0.145802,0.0107844,0.732605,0.750981
2002/12/2 0:00,1.0113928,1.6721985999999998,0.9792318,1.0844016,0.145813,0.0107844,0.73244,0.75123
2002/12/3 0:00,1.0113762000000002,1.8335189999999997,0.9718834,1.0710534,0.146067,0.009900200000000001,0.735245,0.756523
2002/12/4 0:00,1.0091174,1.9282087999999997,0.9894001999999998,1.0748748000000001,0.146124,0.0099346,0.735186,0.757765
2002/12/5 0:00,1.0163366,1.9343162,1.0092314,1.0296692,0.146291,0.0084978,0.738334,0.761
2002/12/6 0:00,1.0226967999999999,1.9426872000000004,0.9982821999999999,1.0775424,0.146092,0.0099168,0.739317,0.76427
2002/12/7 0:00,1.024111,1.7621071999999998,0.9983564000000001,1.0802222000000001,0.14661,0.009123799999999998,0.74184,0.7716
2002/12/8 0:00,1.024111,1.7621071999999998,0.9983564000000001,1.0802222000000001,0.146832,0.009123799999999998,0.74096,0.77095
2002/12/9 0:00,1.0226967999999999,1.9339472,0.9982822,1.0775424,0.146608,0.0105856,0.740247,0.76455
2002/12/10 0:00,1.0359126,1.9988,0.9363379999999999,1.0848624,0.146662,0.012079000000000001,0.739919,0.7627
2002/12/11 0:00,1.0320864,1.9976,0.9384656,1.0867096,0.146413,0.012078999999999998,0.739536,0.759745
2002/12/12 0:00,1.0320864,1.99085,0.9395646,1.0867096,0.146591,0.011353,0.735998,0.7585
2002/12/13 0:00,1.0190858,1.99729,0.9388004000000001,1.0687976,0.146409,0.010706,0.733165,0.7452
2002/12/14 0:00,0.8344032,1.98395,0.9368587999999999,1.0283028,0.146439,0.009103799999999999,0.733999,0.7404
2002/12/15 0:00,0.9226316000000001,1.9897,0.9371956000000001,1.0283028,0.146634,0.0086318,0.73497,0.7419
2002/12/16 0:00,0.7793699999999999,1.980289,0.9308417999999999,0.9681488,0.14649,0.0093732,0.731203,0.735985
2002/12/17 0:00,0.78007,1.9804,0.9308418000000002,0.9984926,0.146473,0.009245,0.730727,0.73745
2002/12/18 0:00,0.77949,1.9806,0.9275602000000001,0.9384024,0.14643,0.009248,0.731154,0.73355
2002/12/19 0:00,0.78007,1.98155,0.9275602,0.9384024,0.146381,0.009262,0.731261,0.73395
2002/12/20 0:00,0.77841,1.97335,0.9273386,0.95143,0.146145,0.00928,0.728544,0.7267
2002/12/21 0:00,0.7801499999999999,1.9622,0.9437172,0.953971,0.14596,0.009246,0.728438,0.7306
2002/12/22 0:00,0.798839,1.9524,0.9622816000000001,0.948407,0.145864,0.009238,0.724953,0.72505
2002/12/23 0:00,0.8366729999999999,1.9498,0.9664394,0.94422,0.14602,0.009136,0.723432,0.71955
2002/12/24 0:00,0.88246,1.9438,0.9664394,0.940402,0.145717,0.009124,0.718236,0.71415
2002/12/25 0:00,0.8761049999999999,1.9208,0.9084288,0.924633,0.14579,0.009081,0.710631,0.70035
2002/12/26 0:00,0.8175086,1.91025,0.7975936,0.92009,0.145821,0.009079,0.707864,0.69785
2002/12/27 0:00,0.8457792000000002,1.8934,0.8293037999999999,0.921362,0.145647,0.009211,0.710783,0.6867
2002/12/28 0:00,0.9022045999999999,1.8713,0.8633675999999999,0.922679,0.145832,0.009187,0.711339,0.6997
2002/12/29 0:00,0.7973856,1.68958,0.8179774,0.9127,0.145709,0.009098,0.708466,0.6981
2002/12/30 0:00,0.8508502,1.8044626000000001,0.9343966,0.912867,0.145556,0.009063,0.705667,0.7053
2002/12/31 0:00,0.8518865999999999,1.657461,0.9548556000000001,0.913242,0.145539,0.009089,0.707814,0.71335
2003/1/1 0:00,0.8315349999999999,1.8355261999999999,0.9580244,0.915877,0.145775,0.00911,0.707464,0.71475
2003/1/2 0:00,0.8518865999999999,1.657461,0.9548555999999999,0.911839,0.145898,0.009127,0.708316,0.71355
2003/1/3 0:00,0.8637478,1.7355975999999997,0.9587351999999999,0.920387,0.146101,0.009224,0.710278,0.71915
2003/1/4 0:00,0.8491316,1.6577735999999998,0.95577,0.915137,0.146002,0.009165,0.706634,0.708399
2003/1/5 0:00,0.8620184,1.7294513999999999,0.952109,0.914119,0.146022,0.009161,0.706339,0.70675
2003/1/6 0:00,0.8812374000000001,1.83648,0.953812,0.908273,0.146028,0.009107,0.701066,0.69535
2003/1/7 0:00,0.8421078,1.9233699999999998,0.95338,0.907812,0.146216,0.009104,0.704126,0.69835
2003/1/8 0:00,0.8735120000000001,1.8470978000000002,0.951117,0.910374,0.146404,0.009133,0.705318,0.70175
2003/1/9 0:00,0.8704382,1.8137804000000002,0.936838,0.907329,0.146098,0.009245,0.701811,0.694788
2003/1/10 0:00,0.85,1.9006703999999999,0.936154,0.907688,0.146522,0.009253,0.702297,0.6959
2003/1/11 0:00,0.8164588,1.5485889999999998,0.934973,0.903191,0.146349,0.009188,0.698714,0.6872
2003/1/12 0:00,0.7492300000000001,1.6819828000000001,0.940999,0.903383,0.146116,0.009229,0.696379,0.6847
2003/1/13 0:00,0.7986943999999999,1.6407665999999999,0.940371,0.902975,0.1317234,0.009309,0.695894,0.6795
2003/1/14 0:00,0.7742844,1.6362082,0.944555,0.8921,0.1355654,0.009192,0.699203,0.67655
2003/1/15 0:00,0.73769,1.6750091999999999,0.934798,0.882729,0.1307754,0.009254,0.698422,0.66995
2003/1/16 0:00,0.7459944000000001,1.6127504,0.93769,0.889126,0.1248648,0.009309,0.698617,0.67485
2003/1/17 0:00,0.75076,1.6744654,0.932705,0.882383,0.1307146,0.009279,0.69667,0.6682
2003/1/18 0:00,0.7087104,1.7974299999999999,0.926741,0.877155,0.11935960000000001,0.008979200000000001,0.692449,0.6494
2003/1/19 0:00,0.7256,1.6659549999999999,0.943931,0.891623,0.13071460000000001,0.010899999999999998,0.700231,0.66795
2003/1/20 0:00,0.7354100000000001,1.61645,0.936768,0.894294,0.12023700000000001,0.008458799999999999,0.700427,0.66
2003/1/21 0:00,0.7402,1.71966,0.933097,0.892853,0.120353,0.0084312,0.69633,0.6593
2003/1/22 0:00,0.7214499999999999,1.7334800000000001,0.7920064,0.895432,0.1258328,0.0088096,0.697399,0.655965
2003/1/23 0:00,0.7589199999999999,1.6399179999999998,0.8170757999999999,0.914955,0.1363004,0.01001,0.697837,0.673435
2003/1/24 0:00,0.8074503999999999,1.6313600000000001,0.7824572,0.904527,0.130409,0.009215200000000002,0.663551,0.68875
2003/1/25 0:00,0.7585010000000001,1.4199899999999999,0.7553251999999999,0.8269226,0.14725660000000002,0.0086152,0.7070841999999999,0.6903
2003/1/26 0:00,0.7476706,1.5219306000000001,0.7540656,0.9362434000000001,0.14378680000000002,0.0084954,0.6787018,0.68095
2003/1/27 0:00,0.7400187999999999,1.5465309999999999,0.7527614,0.9469828,0.14823619999999998,0.008526799999999998,0.6904503999999999,0.68405
2003/1/28 0:00,0.792118,1.5228436,0.8405782,0.8709106,0.1386768,0.009332,0.643424,0.68335
2003/1/29 0:00,0.7918994,1.6171824000000001,0.8566926,0.8153342,0.1390398,0.0093544,0.6696636,0.68605
2003/1/30 0:00,0.79238,1.6173406,0.8010430000000002,0.8885569999999999,0.1434452,0.008672200000000001,0.6812746000000001,0.67785
2003/1/31 0:00,0.7402521999999999,1.6681318,0.8348628,0.8367187999999999,0.1384688,0.009407,0.6880722,0.6705
2003/2/1 0:00,0.7412744,1.4608224,0.7977316,0.9965762,0.1517324,0.009444,0.7210784,0.67675
2003/2/2 0:00,0.7370568000000001,1.6407372000000002,0.7829896,0.8996831999999999,0.137244,0.009431199999999999,0.7120754,0.664
2003/2/3 0:00,0.7803942000000001,1.55832,0.9155622000000001,0.886957,0.1265074,0.008517199999999999,0.690426,0.6622
2003/2/4 0:00,0.7012400000000001,1.7774,0.715317,0.872981,0.15698700000000002,0.0078172,0.6908698,0.62625
2003/2/5 0:00,0.72774,1.731147,0.727385,0.876724,0.1208196,0.010012400000000001,0.6511714,0.634865
2003/2/6 0:00,0.77216,1.84772,0.7647017999999999,0.887619,0.1580808,0.0075892,0.6028234,0.601365
2003/2/7 0:00,0.6864,1.8145,0.8129921999999998,0.883939,0.15785100000000002,0.008042,0.6613878,0.6169
2003/2/8 0:00,0.6768,1.5377196,0.7998988,0.884486,0.146287,0.0077372,0.6850532,0.60784
2003/2/9 0:00,0.6752,1.5377195999999997,0.8340767999999998,0.881018,0.146306,0.0077372,0.6850531999999999,0.60415
2003/2/10 0:00,0.70475,1.6144120000000002,0.8225448,0.881135,0.146387,0.0102696,0.6908698,0.623955
2003/2/11 0:00,0.68355,1.5930778,0.8154631999999999,0.881523,0.146331,0.0093094,0.691032,0.61825
2003/2/12 0:00,0.6711,1.5377196,0.8344194,0.882321,0.146329,0.0077372,0.672245,0.6106
2003/2/13 0:00,0.69595,1.5217572000000001,0.846238,0.881446,0.146323,0.0106252,0.676911,0.61635
2003/2/14 0:00,0.69625,1.5217572,0.834986,0.868546,0.146419,0.010789199999999999,0.676453,0.6191
2003/2/15 0:00,0.6828,1.6561800000000002,0.819605,0.863968,0.146338,0.0108672,0.673945,0.61255
2003/2/16 0:00,0.61325,1.4895,0.781891,0.855103,0.146111,0.009334199999999999,0.66379,0.55535
2003/2/17 0:00,0.612,1.4920399999999998,0.776572,0.86494,0.145951,0.011041200000000001,0.662559,0.54465
2003/2/18 0:00,0.628235,1.4941600000000002,0.772022,0.859114,0.146224,0.009758,0.665292,0.5523
2003/2/19 0:00,0.666565,1.48362,0.812447,0.880708,0.146167,0.009495199999999999,0.667668,0.58465
2003/2/20 0:00,0.6723,1.48377,0.82203,0.877155,0.146237,0.009735999999999998,0.679579,0.58805
2003/2/21 0:00,0.681612,1.5265574000000002,0.842801,0.856142,0.146235,0.0098244,0.675986,0.596442
2003/2/22 0:00,0.700505,1.5377195999999997,0.869405,0.859767,0.146257,0.010387799999999999,0.679262,0.611649
2003/2/23 0:00,0.69296,1.5278642,0.867058,0.858155,0.146252,0.0104332,0.679902,0.60485
2003/2/24 0:00,0.67165,1.5251902,0.851172,0.857898,0.146447,0.009495199999999999,0.673083,0.59315
2003/2/25 0:00,0.6789,1.5251902,0.84832,0.852515,0.146557,0.009495199999999999,0.670511,0.5942
2003/2/26 0:00,0.6844,1.5265574000000002,0.848824,0.851245,0.146505,0.0097002,0.668494,0.59805
2003/2/27 0:00,0.6765,1.4885701999999998,0.836925,0.848752,0.146488,0.009495199999999999,0.670264,0.5877
2003/2/28 0:00,0.65595,1.48178,0.829666,0.843135,0.146604,0.0094056,0.664717,0.57265
2003/3/1 0:00,0.6986979999999999,1.49456,0.8142,0.845155,0.146419,0.008980199999999999,0.662603,0.5623
2003/3/2 0:00,0.698698,1.4909599999999998,0.81103,0.833924,0.146413,0.0089504,0.658458,0.55665
2003/3/3 0:00,0.686678,1.4941600000000002,0.807885,0.83455,0.146535,0.010049800000000001,0.659283,0.55245
2003/3/4 0:00,0.698698,1.49432,0.81707,0.836037,0.146477,0.0089504,0.657117,0.55915
2003/3/5 0:00,0.675394,1.4941600000000002,0.81641,0.833021,0.146512,0.0096758,0.654279,0.5522
2003/3/6 0:00,0.686678,1.4962199999999999,0.808483,0.830361,0.146413,0.0100498,0.655351,0.55014
2003/3/7 0:00,0.670482,1.4892119999999998,0.779114,0.819608,0.146291,0.010774200000000001,0.653445,0.5305
2003/3/8 0:00,0.671382,1.491192,0.789397,0.818733,0.146359,0.0107488,0.654151,0.53815
2003/3/9 0:00,0.674596,1.491192,0.811359,0.832563,0.146512,0.0107718,0.661726,0.5443
2003/3/10 0:00,0.686678,1.4920399999999998,0.814067,0.840513,0.146516,0.0108346,0.662383,0.5468
2003/3/11 0:00,0.686678,1.4878399999999998,0.811392,0.833542,0.146441,0.010432,0.661857,0.54975
2003/3/12 0:00,0.6857880000000001,1.49394,0.809776,0.832626,0.146436,0.0096802,0.662778,0.55305
2003/3/13 0:00,0.674596,1.48993,0.808211,0.823011,0.146501,0.0107464,0.661419,0.5449
2003/3/14 0:00,0.674596,1.4892119999999998,0.807852,0.827695,0.145243,0.0107498,0.652997,0.5353
2003/3/15 0:00,0.672642,1.487212,0.804473,0.829731,0.145311,0.01069,0.653381,0.53035
2003/3/16 0:00,0.626748,1.6291799999999999,0.6691466,0.827198,0.145448,0.010718,0.65703,0.53425
2003/3/17 0:00,0.6260696,1.6282599999999998,0.6731234,0.83633,0.145279,0.010817,0.655136,0.5331
2003/3/18 0:00,0.6280344,1.6545999999999998,0.659638,0.82021,0.14545,0.010779,0.656556,0.5249
2003/3/19 0:00,0.6387539999999999,1.48581,0.785325,0.831324,0.145349,0.010745,0.664099,0.541735
2003/3/20 0:00,0.6408496,1.47775,0.7472530000000001,0.828706,0.145486,0.010812,0.664894,0.54364
2003/3/21 0:00,0.6491796000000001,1.483,0.6804517999999999,0.83633,0.145666,0.010767,0.667958,0.5477
2003/3/22 0:00,0.652257,1.49385,0.6949661999999999,0.840866,0.145966,0.010901,0.672789,0.55245
2003/3/23 0:00,0.6491796000000001,1.49565,0.6804517999999999,0.84987,0.146145,0.010948,0.671547,0.54725
2003/3/24 0:00,0.652257,1.529695,0.723052,0.863353,0.146,0.01102,0.677415,0.5544
2003/3/25 0:00,0.670827,1.526975,0.8354692,0.872372,0.146092,0.011104,0.679995,0.56375
2003/3/26 0:00,0.76842,1.545015,0.8310936,0.921082,0.146257,0.011385,0.693193,0.5887
2003/3/27 0:00,0.76842,1.5063,0.795594,0.927803,0.146316,0.011131,0.698227,0.59334
2003/3/28 0:00,0.738081,1.49555,0.7329916,0.907647,0.146109,0.01122,0.684932,0.57515
2003/3/29 0:00,0.735001,1.4811,0.7331418000000001,0.913977,0.145988,0.011104,0.69056,0.57465
2003/3/30 0:00,0.7154510000000001,1.47145,0.8060807999999999,0.921065,0.146017,0.011045,0.692473,0.5683
2003/3/31 0:00,0.735001,1.474975,0.7729335999999999,0.930735,0.146017,0.01104,0.691324,0.5744
2003/4/1 0:00,0.735001,1.47405,0.7607238,0.927128,0.146017,0.011059,0.691372,0.57405
2003/4/2 0:00,0.7515310000000001,1.46645,0.789801,0.936637,0.146017,0.011033,0.690322,0.57995
2003/4/3 0:00,0.76842,1.45975,0.7557288,0.9602,0.146066,0.011101,0.694782,0.5822
2003/4/4 0:00,0.76842,1.44191,0.8354692,0.947733,0.146342,0.011063,0.69541,0.5769
2003/4/5 0:00,0.76842,1.446605,0.8354692,0.938685,0.146342,0.011015,0.694203,0.5797
2003/4/6 0:00,0.7604909999999999,1.459,0.797458,0.940424,0.146342,0.011022,0.69541,0.58015
2003/4/7 0:00,0.76842,1.45345,0.755772,0.92554,0.146563,0.01086,0.687049,0.58875
2003/4/8 0:00,0.76842,1.467805,0.7955558,0.900617,0.146381,0.01072,0.679163,0.58835
2003/4/9 0:00,0.76894,1.49275,0.7574278,0.896298,0.146274,0.010662,0.680133,0.59745
2003/4/10 0:00,0.7691,1.51395,0.8575704,0.909178,0.146346,0.010789,0.679302,0.5954
2003/4/11 0:00,0.76842,1.5191,0.8605497999999999,0.912326,0.146312,0.01096,0.676361,0.59315
2003/4/12 0:00,0.7767000000000001,1.51465,0.8589714,0.897545,0.1898756,0.011091,0.673355,0.58855
2003/4/13 0:00,0.7683000000000001,1.4838,0.8612084000000001,0.895977,0.1921764,0.011212,0.672563,0.57975
2003/4/14 0:00,0.651292,1.45565,0.6985858,0.889798,0.16842259999999998,0.011162,0.671727,0.5503
2003/4/15 0:00,0.6703467999999999,1.5191,0.7715142,0.894534,0.16845320000000003,0.011197,0.669882,0.54275
2003/4/16 0:00,0.6274730000000001,1.6056000000000001,0.6668866,0.890468,0.1529512,0.011162,0.667379,0.53125
2003/4/17 0:00,0.6621554,1.7563400000000002,0.785325,0.895175,0.146263,0.011021,0.671276,0.5416
2003/4/18 0:00,0.691663,1.6562999999999999,0.7853918,0.885347,0.14634,0.011064,0.668986,0.544565
2003/4/19 0:00,0.6364178,1.6545999999999998,0.6595686,0.871498,0.14618,0.011133,0.663262,0.52113
2003/4/20 0:00,0.6418178,1.69748,0.6595686,0.870815,0.146205,0.011342,0.664231,0.5203
2003/4/21 0:00,0.6280344,1.6282599999999998,0.659638,0.866326,0.146261,0.01127,0.666667,0.5254
2003/4/22 0:00,0.6280344,1.6282600000000003,0.6686869999999999,0.874279,0.146203,0.011204,0.667065,0.530383
2003/4/23 0:00,0.6280344,1.6282600000000003,0.6591929999999999,0.881294,0.146205,0.011226,0.667067,0.52865
2003/4/24 0:00,0.6280344,1.6282600000000003,0.6585012,0.878002,0.146205,0.011261,0.663614,0.5283
2003/4/25 0:00,0.626748,1.6291799999999999,0.6691466,0.872334,0.146205,0.011146,0.667289,0.534235
2003/4/26 0:00,0.646303,1.5815998,0.6595686,0.86847,0.146205,0.011139,0.663174,0.51425
2003/4/27 0:00,0.646303,1.5815998,0.6794906000000001,0.859882,0.146205,0.01111,0.662208,0.5078
2003/4/28 0:00,0.646593,1.5815998,0.6794906000000001,0.858575,0.146007,0.01113,0.660284,0.50205
2003/4/29 0:00,0.646303,1.5815997999999998,0.6648544000000001,0.873859,0.146192,0.011186,0.664408,0.513355
2003/4/30 0:00,0.646303,1.5815998,0.6722684000000001,0.863625,0.146383,0.011152,0.664099,0.51145
2003/5/1 0:00,0.651705,1.67191,0.6595686,0.85859,0.146306,0.010917,0.665292,0.51845
2003/5/2 0:00,0.6280344,1.6282600000000003,0.6668866,0.861809,0.146355,0.010888,0.66912,0.53115
2003/5/3 0:00,0.6867262,1.75114,0.708394,0.860811,0.146205,0.0082052,0.669075,0.53875
2003/5/4 0:00,0.6280344,1.6282600000000003,0.659638,0.861946,0.146323,0.008906,0.664302,0.525209
2003/5/5 0:00,0.651705,1.6282600000000003,0.659638,0.859732,0.146295,0.0100236,0.661626,0.520059
2003/5/6 0:00,0.6369848,1.6282600000000003,0.659638,0.859919,0.146351,0.009470200000000002,0.661419,0.5222
2003/5/7 0:00,0.648223,1.5928999999999998,0.659638,0.860047,0.146501,0.010488800000000001,0.659333,0.516516
2003/5/8 0:00,0.651705,1.6282600000000003,0.659638,0.859956,0.146462,0.0099366,0.659087,0.5196
2003/5/9 0:00,0.67252,1.4707000000000001,0.7849758,0.849907,0.1731158,0.008083199999999999,0.653702,0.50945
2003/5/10 0:00,0.67008,1.4707000000000001,0.7860602,0.847565,0.1728724,0.008083200000000002,0.652955,0.50815
2003/5/11 0:00,0.67542,1.51832,0.7866038,0.7055187999999999,0.17335540000000002,0.008030800000000001,0.65505,0.51247
2003/5/12 0:00,0.665933,1.4845,0.7860602,0.865688,0.16767340000000003,0.0083792,0.653211,0.5069
2003/5/13 0:00,0.67252,1.4707000000000001,0.7849758,0.85706,0.1731158,0.008083199999999999,0.654493,0.50925
2003/5/14 0:00,0.6857,1.4998,0.7881872000000001,0.861991,0.17229540000000002,0.008060399999999999,0.657354,0.514165
2003/5/15 0:00,0.6478,1.5745908,0.6807378,0.858516,0.1463226,0.010487,0.653894,0.51165
2003/5/16 0:00,0.6506,1.5815998,0.6794906000000001,0.858185,0.146272,0.009933399999999998,0.650195,0.5095
2003/5/17 0:00,0.642,1.5815998,0.6794906000000001,0.854518,0.146222,0.0084922,0.647207,0.5025
2003/5/18 0:00,0.62985,1.5817816,0.68143,0.852232,0.146084,0.0089532,0.642302,0.49225
2003/5/19 0:00,0.6409,1.5815998,0.6794906,0.850847,0.146152,0.008743400000000002,0.645328,0.49765
2003/5/20 0:00,0.65015,1.5815998,0.6794906000000001,0.850304,0.146126,0.0082254,0.647165,0.5065
2003/5/21 0:00,0.6366,1.5815998,0.6794906,0.854555,0.146169,0.0087684,0.643376,0.49755
2003/5/22 0:00,0.64055,1.5815998,0.6794906000000001,0.863148,0.146199,0.0084922,0.647124,0.5023
2003/5/23 0:00,0.6321,1.5823110000000002,0.6756974,0.862999,0.146165,0.009052000000000001,0.645619,0.4932
2003/5/24 0:00,0.6448,1.5815998,0.6794906000000001,0.864715,0.146195,0.0084922,0.651042,0.50115
2003/5/25 0:00,0.647765,1.5815998,0.6794906000000001,0.864383,0.146173,0.009969200000000001,0.653467,0.50615
2003/5/26 0:00,0.65196,1.4919419999999999,0.689295,0.841885,0.146224,0.008821400000000002,0.653637,0.51904
2003/5/27 0:00,0.656196,1.6439326,0.659638,0.840822,0.146214,0.008313000000000001,0.600799,0.523574
2003/5/28 0:00,0.65905,1.664412,0.6566411999999999,0.84311,0.146235,0.0081956,0.651593,0.5295
2003/5/29 0:00,0.6604,1.6644119999999998,0.657515,0.845523,0.146261,0.0081956,0.653189,0.5298
2003/5/30 0:00,0.6778,1.54648,0.8624293999999999,0.877116,0.14631,0.007886599999999999,0.660502,0.54435
2003/5/31 0:00,0.6856,1.4474,0.834693,0.889442,0.14649,0.0079632,0.661879,0.5553
2003/6/1 0:00,0.696,1.45095,0.8354692,0.889442,0.146484,0.0079614,0.661682,0.5639
2003/6/2 0:00,0.7076,1.46315,0.8183296,0.890076,0.146331,0.009317799999999998,0.6298538,0.5733
2003/6/3 0:00,0.6964,1.46785,0.8354692,0.884212,0.146428,0.0083734,0.575056,0.56015
2003/6/4 0:00,0.7006,1.4595,0.8002468,0.891186,0.146394,0.008961199999999999,0.6116836,0.5707
2003/6/5 0:00,0.70205,1.4498,0.8150331999999999,0.887154,0.146372,0.0094082,0.6665068,0.579
2003/6/6 0:00,0.68565,1.42115,0.8354692,0.871612,0.146372,0.0085562,0.575519,0.562845
2003/6/7 0:00,0.6806,1.42485,0.8354692,0.86904,0.146293,0.0083892,0.575056,0.5617
2003/6/8 0:00,0.6924,1.42995,0.8354692,0.877443,0.146278,0.0079614,0.657419,0.5687
2003/6/9 0:00,0.693,1.4392,0.8354692,0.871042,0.146327,0.0079614,0.657009,0.5612
2003/6/10 0:00,0.7165,1.472585,0.8169149999999998,0.881718,0.146316,0.009477,0.666178,0.58063
2003/6/11 0:00,0.7174,1.4887,0.8205812,0.886918,0.146295,0.0100798,0.664408,0.5927
2003/6/12 0:00,0.71265,1.47465,0.806842,0.879662,0.14631,0.0094522,0.66357,0.5874
2003/6/13 0:00,0.712655,1.475115,0.807696,0.874967,0.146299,0.009477,0.66072,0.575965
2003/6/14 0:00,0.716306,1.461265,0.814759,0.86297,0.146306,0.0093178,0.659804,0.580112
2003/6/15 0:00,0.7198,1.46575,0.813339,0.866213,0.146295,0.0093178,0.6595,0.58085
2003/6/16 0:00,0.728371,1.490237,0.826898,0.878162,0.146349,0.009512799999999998,0.668165,0.585391
2003/6/17 0:00,0.722773,1.499019,0.830595,0.87311,0.146346,0.0094506,0.665642,0.575507
2003/6/18 0:00,0.7284,1.4996,0.830875,0.874814,0.146359,0.009331800000000001,0.666311,0.58105
2003/6/19 0:00,0.7236,1.480475,0.824776,0.857339,0.146357,0.0094412,0.665735,0.5701
2003/6/20 0:00,0.6963,1.454,0.807396,0.855395,0.146349,0.011065,0.662011,0.5504
2003/6/21 0:00,0.71237,1.46988,0.81077,0.858141,0.146479,0.009470600000000001,0.664452,0.5651
2003/6/22 0:00,0.70527,1.4489,0.806699,0.859321,0.146424,0.0111144,0.663438,0.5554
2003/6/23 0:00,0.7195,1.46625,0.825457,0.879624,0.146479,0.009401200000000002,0.669882,0.56695
2003/6/24 0:00,0.71144,1.4636,0.819884,0.864827,0.146494,0.009317799999999998,0.668226,0.5661
2003/6/25 0:00,0.7067,1.4633,0.820412,0.875051,0.146464,0.0100686,0.668092,0.55885
2003/6/26 0:00,0.725455,1.47701,0.831241,0.7135008,0.14652,0.0083038,0.673673,0.5717
2003/6/27 0:00,0.7264,1.478595,0.837065,0.6995352,0.146638,0.008292999999999998,0.674263,0.564735
2003/6/28 0:00,0.73015,1.49125,0.843384,0.6777917999999999,0.146638,0.008511,0.674992,0.57
2003/6/29 0:00,0.73875,1.497115,0.849542,0.722987,0.146531,0.0083402,0.678841,0.57415
2003/6/30 0:00,0.7418,1.5089,0.850568,0.6803754000000001,0.146656,0.0078738,0.678771,0.5807
2003/7/1 0:00,0.75425,1.5012,0.854555,0.6803589999999999,0.146589,0.0079098,0.679394,0.5909
2003/7/2 0:00,0.7733000000000001,1.5241,0.868961,0.7451057999999999,0.146606,0.006990800000000001,0.685448,0.5978
2003/7/3 0:00,0.7243120000000001,1.521685,0.869452,0.8385277999999999,0.146606,0.009266799999999999,0.684697,0.6066
2003/7/4 0:00,0.7243120000000001,1.5149,0.861401,0.8385277999999999,0.146593,0.0092668,0.683667,0.6057
2003/7/5 0:00,0.71994,1.530936,0.863306,0.843361,0.146606,0.009317599999999999,0.687654,0.606306
2003/7/6 0:00,0.79012,1.5225,0.853461,0.7088090000000001,0.146548,0.007234199999999999,0.68292,0.5937
2003/7/7 0:00,0.69896,1.516751,0.849474,0.6825519999999999,0.146402,0.007954,0.679781,0.585209
2003/7/8 0:00,0.76346,1.5477,0.864521,0.8132016,0.146518,0.006990800000000001,0.68362,0.60205
2003/7/9 0:00,0.71994,1.573377,0.875937,0.843361,0.146424,0.006990800000000001,0.685628,0.605657
2003/7/10 0:00,0.6822800000000001,1.588889,0.890025,0.8869735999999999,0.146533,0.010034199999999998,0.693849,0.620973
2003/7/11 0:00,0.6822800000000001,1.592,0.892061,0.8869735999999999,0.146533,0.010034199999999998,0.693289,0.6213
2003/7/12 0:00,0.6822800000000001,1.5908,0.88851,0.8888415999999999,0.146544,0.010034199999999998,0.691085,0.6196
2003/7/13 0:00,0.6822800000000001,1.59341,0.892303,0.8869735999999999,0.146426,0.010034199999999998,0.690274,0.62303
2003/7/14 0:00,0.6822800000000001,1.6055,0.899535,0.8869735999999999,0.146424,0.0102286,0.689037,0.6216
2003/7/15 0:00,0.6822800000000001,1.5882,0.894779,0.8869735999999999,0.146449,0.010060999999999999,0.6879,0.620935
2003/7/16 0:00,0.7082004,1.621386,0.919604,0.8056034000000001,0.146455,0.0092914,0.6999252,0.643275
2003/7/17 0:00,0.7082004,1.643815,0.916632,0.8043275999999999,0.146449,0.009586,0.6999252,0.64735
2003/7/18 0:00,0.7460849999999999,1.65855,0.924471,0.8396802000000001,0.146417,0.008584000000000001,0.7033438000000001,0.6556
2003/7/19 0:00,0.73253,1.628585,0.904895,0.9132802,0.146449,0.010202,0.6443494000000001,0.63175
2003/7/20 0:00,0.725195,1.61,0.908802,0.8947214000000001,0.14634,0.010351,0.6538528,0.6309
2003/7/21 0:00,0.7243550000000001,1.598,0.893575,0.8681263999999999,0.146359,0.010119,0.6908698,0.6323
2003/7/22 0:00,0.6946450000000001,1.60905,0.897585,0.8943394,0.146291,0.010197,0.690317,0.62283
2003/7/23 0:00,0.725195,1.630808,0.90559,0.8958944000000001,0.146348,0.01028,0.631071,0.629049
2003/7/24 0:00,0.725195,1.63329,0.901969,0.8955072,0.146346,0.010192,0.631071,0.6296
2003/7/25 0:00,0.7191604,1.6546,0.90996,0.8056034000000001,0.146252,0.010221,0.70338,0.64435
2003/7/26 0:00,0.7191604,1.64295,0.894614,0.827572,0.14634,0.010164,0.6871584000000001,0.6427
2003/7/27 0:00,0.6997610000000001,1.6256,0.880359,0.9038192,0.14625,0.010196,0.640405,0.62855
2003/7/28 0:00,0.72676,1.641885,0.88169,0.8817478,0.146327,0.010353,0.647412,0.6329
2003/7/29 0:00,0.7191604,1.63669,0.887057,0.854542,0.146295,0.010377,0.6871584000000001,0.643173
2003/7/30 0:00,0.7082004,1.653783,0.885905,0.8043275999999999,0.146263,0.010401,0.6871584000000001,0.647395
2003/7/31 0:00,0.73786,1.64718,0.879275,0.8391166,0.146272,0.010435,0.6871584000000001,0.6384
2003/8/1 0:00,0.690573,1.6308,0.866664,0.9045710000000001,0.146306,0.010483,0.6604482,0.6277
2003/8/2 0:00,0.73786,1.64515,0.869497,0.861323,0.146252,0.010472,0.687523,0.6384
2003/8/3 0:00,0.7378600000000001,1.64235,0.865643,0.911162,0.146338,0.010435,0.6442064,0.63875
2003/8/4 0:00,0.7191604,1.63505,0.862813,0.913684,0.146308,0.010401,0.6442064,0.6421
2003/8/5 0:00,0.7191604,1.65265,0.867227,0.922126,0.146323,0.010499,0.6310172,0.644
2003/8/6 0:00,0.7191604,1.65265,0.867227,0.922637,0.146323,0.010499,0.6310172,0.64525
2003/8/7 0:00,0.7105304,1.654205,0.864192,0.921799,0.14631,0.010423,0.6308935999999999,0.650555
2003/8/8 0:00,0.73786,1.641913,0.870097,0.928175,0.146302,0.010353,0.6310172,0.638633
2003/8/9 0:00,0.7378600000000001,1.641849,0.86385,0.922657,0.146332,0.01041,0.6228306,0.632245
2003/8/10 0:00,0.7219149999999999,1.628,0.860733,0.920107,0.146364,0.0104694,0.6423357999999999,0.627
2003/8/11 0:00,0.7007904,1.60759,0.857229,0.91781,0.146334,0.0104216,0.6560314,0.628223
2003/8/12 0:00,0.6951400000000001,1.60078,0.7085754,0.91529,0.146334,0.009000600000000001,0.6915068,0.621345
2003/8/13 0:00,0.7015699999999999,1.634014,0.760622,0.928203,0.14634,0.009939,0.6557358,0.630855
2003/8/14 0:00,0.69852,1.619355,0.7274416,0.921999,0.146355,0.009703799999999999,0.6663492,0.629148
2003/8/15 0:00,0.69852,1.621547,0.7274416,0.920429,0.146355,0.009719799999999999,0.6663492,0.629604
2003/8/16 0:00,0.7003199999999999,1.61535,0.7097876,0.920768,0.146355,0.009724,0.6663492,0.62616
2003/8/17 0:00,0.7195499999999999,1.62091,0.7231776,0.922552,0.14634,0.009892399999999999,0.6663492,0.6335
2003/8/18 0:00,0.71421,1.63191,0.7457848,0.918493,0.146351,0.009300800000000001,0.6552926,0.63955
2003/8/19 0:00,0.7026104,1.641699,0.8431111999999998,0.929627,0.146359,0.009461800000000001,0.6717104,0.647605
2003/8/20 0:00,0.70283,1.645116,0.8176285999999999,0.929774,0.146381,0.0094904,0.6695974,0.644538
2003/8/21 0:00,0.70353,1.633947,0.7846396,0.930233,0.146385,0.010612,0.6542648,0.644496
2003/8/22 0:00,0.70313,1.6332,0.7846396,0.928893,0.146385,0.010618,0.6542648,0.643087
2003/8/23 0:00,0.70283,1.633747,0.7846396,0.929152,0.146385,0.010611,0.6487596,0.645494
2003/8/24 0:00,0.72,1.652114,0.7583469999999999,0.93576,0.146355,0.010617,0.6310172,0.65505
2003/8/25 0:00,0.71847,1.640891,0.7589152,0.934964,0.146376,0.01069,0.6310172,0.651954
2003/8/26 0:00,0.7631342000000001,1.647487,0.9155224000000001,0.939086,0.146379,0.010678,0.6613122,0.661748
2003/8/27 0:00,0.7413000000000001,1.652101,0.8103602000000001,0.932053,0.146376,0.010497,0.6457982,0.657592
2003/8/28 0:00,0.7413000000000001,1.645292,0.8103601999999999,0.935252,0.146359,0.010549,0.6457982,0.65783
2003/8/29 0:00,0.7365449999999999,1.643007,0.7839137999999999,0.932966,0.146359,0.01055,0.6310172,0.656491
2003/8/30 0:00,0.7365449999999999,1.643007,0.7839137999999999,0.932966,0.146359,0.01055,0.6310172,0.656491
2003/8/31 0:00,0.7270549999999999,1.649253,0.758347,0.933228,0.146383,0.01051,0.6310172,0.655437
2003/9/1 0:00,0.741205,1.641915,0.8103602000000001,0.929316,0.146394,0.010583,0.6457982,0.657484
2003/9/2 0:00,0.7271,1.636996,0.760451,0.917204,0.146361,0.010528,0.6310172,0.654151
2003/9/3 0:00,0.7271,1.650002,0.7589152,0.919587,0.146357,0.010449,0.6310172,0.653253
2003/9/4 0:00,0.7683692000000001,1.670551,0.8866264000000001,0.936812,0.146368,0.010555,0.6613282,0.660458
2003/9/5 0:00,0.7367122,1.671305,0.8639048,0.935979,0.146368,0.010563,0.6610256000000001,0.664231
2003/9/6 0:00,0.7367122,1.671305,0.8639048,0.935979,0.146368,0.010563,0.6610256000000001,0.664209
2003/9/7 0:00,0.7191600000000001,1.69608,0.8660522,0.943931,0.146391,0.010499,0.6769904,0.667468
2003/9/8 0:00,0.72758,1.692391,0.8661061999999999,0.943009,0.146406,0.010505,0.6766762,0.666289
2003/9/9 0:00,0.7648384,1.702751,0.8571078,0.943352,0.146376,0.010552,0.7030076,0.673605
2003/9/10 0:00,0.7751214000000001,1.677501,0.8232410000000001,0.8715442,0.146385,0.010463,0.7127082,0.669635
2003/9/11 0:00,0.7682283999999999,1.668001,0.8184267999999999,0.838226,0.146374,0.010244,0.7052643999999999,0.672721
2003/9/12 0:00,0.7650383999999999,1.669254,0.8184267999999999,0.8392084000000001,0.146374,0.010262,0.7058967999999999,0.672495
2003/9/13 0:00,0.7716684,1.669254,0.8166674,0.8655362,0.146374,0.010262,0.7096285999999999,0.67365
2003/9/14 0:00,0.7679284,1.644047,0.8166674,0.8744016,0.146312,0.010294,0.7096285999999999,0.673197
2003/9/15 0:00,0.7559648,1.647446,0.8598824,0.8686204,0.146306,0.010423,0.7105752,0.669098
2003/9/16 0:00,0.7682283999999999,1.653357,0.8184267999999999,0.872785,0.146304,0.010401,0.7096285999999999,0.67297
2003/9/17 0:00,0.7802174,1.658059,0.8164100000000001,0.8648406,0.146338,0.010512,0.7008666,0.678633
2003/9/18 0:00,0.7518144,1.652811,0.7768690000000001,0.8693082000000001,0.14634,0.010534,0.7085162,0.677599
2003/9/19 0:00,0.7518144,1.652811,0.7768690000000001,0.8693082000000001,0.14634,0.010534,0.7085162,0.677599
2003/9/20 0:00,0.71944,1.63223,0.8581434,0.8695672,0.146267,0.010599,0.707281,0.668135
2003/9/21 0:00,0.7582048,1.634949,0.7809436000000001,0.8665986,0.146308,0.010546,0.7142080000000001,0.669591
2003/9/22 0:00,0.7708984,1.656589,0.8166674,0.8743574000000001,0.146316,0.010561,0.7096285999999999,0.673696
2003/9/23 0:00,0.7339600000000001,1.655752,0.7358796000000001,0.8633770000000001,0.146276,0.01065,0.714797,0.675014
2003/9/24 0:00,0.74022,1.650219,0.7358688,0.8483129999999999,0.12151700000000001,0.010626,0.688218,0.675836
2003/9/25 0:00,0.766823,1.648805,0.8565834000000001,0.7847438,0.12379100000000001,0.010597,0.6465854,0.682105
2003/9/26 0:00,0.74899,1.65041,0.856753,0.7847438,0.1237836,0.010595,0.666266,0.682501
2003/9/27 0:00,0.74899,1.65041,0.856753,0.7847438,0.1237836,0.010595,0.666266,0.682501
2003/9/28 0:00,0.8324674,1.640406,0.8954368,0.8244582000000001,0.146381,0.010586,0.6333916,0.686153
2003/9/29 0:00,0.7524200000000001,1.634414,0.8758203999999999,0.7343742,0.146376,0.010631,0.6549642,0.684346
2003/9/30 0:00,0.7798073999999999,1.621652,0.8389156,0.8347887999999999,0.146383,0.010608,0.678335,0.680342
2003/10/1 0:00,0.74629,1.620444,0.8586269999999999,0.7350624,0.146374,0.01067,0.6746093999999999,0.683457
2003/10/2 0:00,0.7695728,1.629208,0.8996292,0.733922,0.146387,0.010691,0.6542406,0.685049
2003/10/3 0:00,0.8060126000000001,1.627353,0.9011203999999999,0.7843298,0.146387,0.010691,0.633152,0.686412
2003/10/4 0:00,0.8060126000000001,1.6328,0.9011203999999999,0.7843298,0.146387,0.010886,0.633152,0.686412
2003/10/5 0:00,0.7773028,1.62885,0.9016058000000001,0.7575366000000001,0.146402,0.0091344,0.6659371999999999,0.685354
2003/10/6 0:00,0.75586,1.7067086,0.761275,0.833979,0.146404,0.0092532,0.690166,0.67415
2003/10/7 0:00,0.75586,1.7067086,0.761275,0.851167,0.146396,0.009405,0.6904418,0.674059
2003/10/8 0:00,0.839772,1.6481957999999999,0.7970284,0.7914114,0.146398,0.009463,0.665662,0.677667
2003/10/9 0:00,0.851752,1.7524871999999998,0.8627565999999998,0.735629,0.146402,0.0085536,0.69039,0.68861
2003/10/10 0:00,0.848428,1.7013418000000002,0.8695594,0.7724214,0.146402,0.0099422,0.7045296000000001,0.686412
2003/10/11 0:00,0.851571,1.7013417999999998,0.8232001999999999,0.7724214,0.146402,0.0099422,0.702264,0.686412
2003/10/12 0:00,0.856384,1.7223532,0.7795610000000001,0.943218,0.146406,0.008385,0.6678448000000001,0.693193
2003/10/13 0:00,0.863483,1.77822,0.7989865999999999,0.9568,0.146464,0.0085074,0.6791613999999999,0.697058
2003/10/14 0:00,0.862515,1.7419021999999997,0.9123576,0.959785,0.146451,0.0084972,0.7045875999999999,0.69604
2003/10/15 0:00,0.863931,1.7639590000000003,0.8235078,0.964288,0.146426,0.008612,0.6542452,0.703655
2003/10/16 0:00,0.863894,1.543473,0.8875109999999999,0.963428,0.146471,0.0093252,0.7210926,0.707164
2003/10/17 0:00,0.86285,1.8004084000000002,0.7946302000000001,0.963855,0.146471,0.008644999999999998,0.6292662,0.7043
2003/10/18 0:00,0.862589,1.7719608,0.9020906,0.964041,0.146471,0.008776800000000001,0.6805667999999999,0.706015
2003/10/19 0:00,0.859107,1.75017,0.7779628,0.965531,0.146441,0.0084738,0.68977,0.698763
2003/10/20 0:00,0.863632,1.8349490000000004,0.7944912,0.967165,0.146434,0.0086318,0.6292662,0.704151
2003/10/21 0:00,0.873401,1.6480039999999998,0.9770546000000001,0.96918,0.146469,0.0087922,0.7143518,0.71375
2003/10/22 0:00,0.871004,1.6279318,0.9570415999999999,0.971204,0.146486,0.0088536,0.7230816000000001,0.709673
2003/10/23 0:00,0.868621,1.5341179999999999,0.9085799999999999,0.8279668000000001,0.146454,0.0094754,0.7136834000000001,0.709849
2003/10/24 0:00,0.866964,1.62685,0.9137628,0.8135588,0.146454,0.0089514,0.7139802,0.709019
2003/10/25 0:00,0.866964,1.62685,0.9137628,0.8135588,0.146454,0.0089514,0.7139802,0.709019
2003/10/26 0:00,0.863222,1.621113,0.9056527999999998,0.8811774,0.146436,0.0089532,0.7111548000000001,0.707664
2003/10/27 0:00,0.8381513999999999,1.636193,0.9192366,0.976563,0.146477,0.010039200000000002,0.6952566,0.719554
2003/10/28 0:00,0.8013922000000001,1.641457,0.8793004,0.976944,0.146497,0.009478799999999999,0.6716732,0.726137
2003/10/29 0:00,0.817069,1.603849,0.9282655999999999,0.969086,0.146482,0.009230200000000001,0.6726768,0.716794
2003/10/30 0:00,0.8172139999999999,1.594451,0.9220216000000001,0.971487,0.146436,0.0092298,0.6726768,0.715564
2003/10/31 0:00,0.8172139999999999,1.597444,0.9234805999999999,0.973236,0.146436,0.009230200000000001,0.6726768,0.716794
2003/11/1 0:00,0.8172139999999999,1.597444,0.9234805999999999,0.973236,0.146436,0.009230200000000001,0.6726768,0.716794
2003/11/2 0:00,0.7949102,1.587591,0.919244,0.968664,0.146451,0.0092298,0.6726768,0.718236
2003/11/3 0:00,0.77386,1.595202,0.922016,0.964841,0.146464,0.0092298,0.6726768,0.716743
2003/11/4 0:00,0.8190644,1.600256,0.93541,0.96493,0.14649,0.0099304,0.7219602,0.72338
2003/11/5 0:00,0.77386,1.594896,0.925583,0.960108,0.146488,0.0092298,0.6726768,0.716589
2003/11/6 0:00,0.7949102,1.595202,0.925283,0.968476,0.146488,0.0092298,0.6726768,0.718184
2003/11/7 0:00,0.7738600000000001,1.587654,0.923788,0.963206,0.1465234,0.0092298,0.6701139999999999,0.716589
2003/11/8 0:00,0.8170102,1.587654,0.923788,0.963206,0.14647200000000002,0.0090102,0.706714,0.716589
2003/11/9 0:00,0.8190644,1.594795,0.931749,0.96857,0.146468,0.009492200000000001,0.709522,0.725953
2003/11/10 0:00,0.7793699999999999,1.592902,0.945104,0.974991,0.1464696,0.009558399999999998,0.71375,0.734053
2003/11/11 0:00,0.77949,1.59052,0.941531,0.967165,0.1464696,0.0095514,0.713419,0.732789
2003/11/12 0:00,0.9928342000000001,1.610397,0.949834,0.976796,0.145281,0.010110799999999998,0.719735,0.745156
2003/11/13 0:00,0.7794899999999999,1.58715,0.958359,0.967258,0.1464494,0.0095514,0.71736,0.731689
2003/11/14 0:00,0.7794899999999999,1.589547,0.959693,0.972668,0.14646140000000002,0.0095514,0.716435,0.732091
2003/11/15 0:00,0.7794899999999999,1.589547,0.959693,0.972668,0.14646140000000002,0.0095514,0.716435,0.732091
2003/11/16 0:00,0.7793699999999999,1.579317,0.967413,0.975229,0.14995540000000002,0.009558399999999998,0.715564,0.734754
2003/11/17 0:00,0.7793699999999999,1.5886,0.970167,0.97766,0.14646140000000002,0.009558399999999998,0.715333,0.734754
2003/11/18 0:00,0.8941283999999999,1.596857,0.973047,0.983043,0.14646140000000002,0.009546599999999999,0.718571,0.737436
2003/11/19 0:00,0.9928079999999999,1.625303,0.968335,0.984882,0.14647799999999997,0.010110799999999998,0.719709,0.743688
2003/11/20 0:00,0.979338,1.634454,0.963855,0.981595,0.146478,0.009558399999999998,0.718184,0.738634
2003/11/21 0:00,0.979338,1.635256,0.964878,0.981981,0.14647799999999997,0.009558399999999998,0.71821,0.739317
2003/11/22 0:00,0.979338,1.635256,0.964878,0.981981,0.14647799999999997,0.009558399999999998,0.71821,0.739317
2003/11/23 0:00,0.9786918,1.641591,0.970403,0.988093,0.144571,0.0113732,0.719891,0.753438
2003/11/24 0:00,0.920471,1.634949,0.953039,0.986145,0.1456712,0.011180599999999999,0.71623,0.746018
2003/11/25 0:00,0.929109,1.660247,0.961677,0.994481,0.1448008,0.011157799999999999,0.719062,0.758754
2003/11/26 0:00,0.92366,1.661406,0.953698,0.993345,0.144571,0.0111458,0.717026,0.75429
2003/11/27 0:00,0.925198,1.632693,0.95143,0.993789,0.144571,0.011144999999999999,0.717824,0.756344
2003/11/28 0:00,0.921999,1.630803,0.949307,0.991375,0.144571,0.011144999999999999,0.716872,0.754546
2003/11/29 0:00,0.921999,1.630803,0.949307,0.991375,0.144571,0.011144999999999999,0.716872,0.754546
2003/11/30 0:00,0.91878,1.633547,0.940468,0.984204,0.1456712,0.011145799999999997,0.715896,0.748811
2003/12/1 0:00,0.915206,1.634548,0.939161,0.97682,0.1456712,0.011169799999999999,0.71495,0.744158
2003/12/2 0:00,0.896861,1.640595,0.927394,0.973743,0.14652779999999999,0.011063,0.712301,0.728147
2003/12/3 0:00,0.915793,1.656493,0.936847,0.983043,0.14570539999999998,0.0111744,0.715461,0.734619
2003/12/4 0:00,0.901469,1.645508,0.926097,0.974754,0.14652779999999999,0.0106568,0.714286,0.719011
2003/12/5 0:00,0.900739,1.644548,0.921956,0.974042,0.14652779999999999,0.011101,0.713623,0.718985
2003/12/6 0:00,0.900739,1.644548,0.921956,0.974042,0.14652779999999999,0.011101,0.713623,0.718985
2003/12/7 0:00,0.908637,1.640541,0.930925,0.982555,0.14652779999999999,0.011042,0.715896,0.721761
2003/12/8 0:00,0.897787,1.638391,0.934492,0.970261,0.14652859999999998,0.011075,0.713012,0.716692
2003/12/9 0:00,0.90905,1.657097,0.938835,0.982463,0.14653259999999999,0.010996,0.716332,0.725058
2003/12/10 0:00,0.908843,1.656658,0.938394,0.983236,0.14124779999999998,0.011058,0.716692,0.718546
2003/12/11 0:00,0.917726,1.659903,0.934798,0.984804,0.14124779999999998,0.011135,0.717875,0.725742
2003/12/12 0:00,0.918274,1.661709,0.92993,0.982994,0.14124779999999998,0.011127,0.718004,0.725032
2003/12/13 0:00,0.918274,1.661709,0.92993,0.982994,0.14124779999999998,0.011127,0.718004,0.725032
2003/12/14 0:00,0.929195,1.671794,0.946566,0.992211,0.1448208,0.011123,0.721293,0.740796
2003/12/15 0:00,0.92829,1.668599,0.950927,0.991036,0.1448208,0.011129,0.720202,0.74118
2003/12/16 0:00,0.927472,1.656918,0.9547,0.990982,0.1448208,0.011125,0.720487,0.738853
2003/12/17 0:00,0.924599,1.652961,0.949478,0.983807,0.14570539999999998,0.011062,0.719683,0.733595
2003/12/18 0:00,0.931272,1.6665,0.951665,0.986047,0.1448208,0.011169,0.721293,0.742198
2003/12/19 0:00,0.93362,1.667195,0.950525,0.987459,0.1448208,0.011153,0.721631,0.743467
2003/12/20 0:00,0.93362,1.667195,0.950525,0.987459,0.1448208,0.011153,0.721631,0.743467
2003/12/21 0:00,0.937075,1.679148,0.956206,0.992226,0.144571,0.011194,0.722022,0.746965
2003/12/22 0:00,0.925883,1.677712,0.943841,0.980623,0.1448208,0.011188,0.720305,0.741757
2003/12/23 0:00,0.930146,1.675603,0.95249,0.991606,0.144571,0.011189,0.722883,0.746352
2003/12/24 0:00,0.916296,1.664281,0.938394,0.983623,0.14124779999999998,0.011241,0.719217,0.728651
2003/12/25 0:00,0.915751,1.65266,0.934012,0.982371,0.14653259999999999,0.011245,0.720305,0.724822
2003/12/26 0:00,0.915248,1.652852,0.934754,0.983961,0.14653259999999999,0.01125,0.720124,0.725189
2003/12/27 0:00,0.915248,1.652852,0.934754,0.983961,0.14653259999999999,0.01125,0.720124,0.725189
2003/12/28 0:00,0.924471,1.662193,0.94767,0.990334,0.14530820000000003,0.011216,0.721839,0.734241
2003/12/29 0:00,0.916884,1.65788,0.942774,0.988377,0.14124779999999998,0.011291,0.721553,0.723641
2003/12/30 0:00,0.927773,1.665986,0.9522,0.99956,0.14124779999999998,0.011406,0.72469,0.729341
2003/12/31 0:00,0.911369,1.649553,0.942551,0.994431,0.1465356,0.011561,0.722361,0.71449
2004/1/1 0:00,0.908554,1.64875,0.941349,0.993838,0.1465264,0.011505,0.720825,0.710454
2004/1/2 0:00,0.907606,1.647162,0.942063,0.994431,0.14123,0.011551,0.720461,0.709799
2004/1/3 0:00,0.907606,1.647162,0.942063,0.994431,0.14123,0.011551,0.720461,0.709799
2004/1/4 0:00,0.913743,1.639801,0.944724,0.994392,0.1465356,0.01161,0.7221,0.713547
2004/1/5 0:00,0.924556,1.661585,0.9218195999999999,1.001452,0.12597019999999998,0.011544,0.7212888,0.728147
2004/1/6 0:00,0.925969,1.664752,0.8931315999999999,0.998602,0.12597019999999998,0.011318400000000001,0.7213656,0.723956
2004/1/7 0:00,0.927042,1.65799,0.8392915999999999,1.000951,0.12597019999999998,0.011316399999999999,0.7213656,0.722961
2004/1/8 0:00,0.914662,1.652401,0.8095724000000001,0.986242,0.1311164,0.010816800000000001,0.718816,0.716102
2004/1/9 0:00,0.914829,1.65165,0.8095724000000001,0.985707,0.1311164,0.011218800000000001,0.7190179999999999,0.717
2004/1/10 0:00,0.915332,1.646443,0.8095724000000001,0.982608,0.1311164,0.009764,0.7182328,0.716255
2004/1/11 0:00,0.912825,1.642225,0.7948064,0.980435,0.1259594,0.0088084,0.7159332,0.712555
2004/1/12 0:00,0.907812,1.629208,0.7353951999999999,0.976038,0.12537479999999998,0.0088158,0.7133898,0.710227
2004/1/13 0:00,0.907441,1.623996,0.835752,0.974251,0.1259594,0.0088158,0.7159332,0.712504
2004/1/14 0:00,0.9168,1.625395,0.9265055999999999,0.973947,0.14134739999999998,0.011112799999999999,0.7178526,0.729607
2004/1/15 0:00,0.91166,1.624207,0.8661244,0.966137,0.12597019999999998,0.0106212,0.7180799999999999,0.724297
2004/1/16 0:00,0.910913,1.623838,0.8661244,0.965065,0.12597019999999998,0.010194,0.7180799999999999,0.72372
2004/1/17 0:00,0.910913,1.623838,0.8661244,0.965065,0.12597019999999998,0.010194,0.7180799999999999,0.72372
2004/1/18 0:00,0.915039,1.628346,0.923565,0.968335,0.14134739999999998,0.0106316,0.71709,0.728518
2004/1/19 0:00,0.906618,1.623548,0.8661244,0.959509,0.12597019999999998,0.0092556,0.7183347999999999,0.721735
2004/1/20 0:00,0.901226,1.6378,0.8802835999999999,0.965624,0.12597019999999998,0.0106316,0.7143864000000001,0.721996
2004/1/21 0:00,0.885465,1.613372,0.8206342,0.952971,0.12537479999999998,0.0088158,0.7133898,0.710152
2004/1/22 0:00,0.885975,1.607278,0.7353952,0.956448,0.1253728,0.0087256,0.7138876,0.708617
2004/1/23 0:00,0.890591,1.614296,0.794316,0.959141,0.1259594,0.0088158,0.7144778,0.711541
2004/1/24 0:00,0.890591,1.614296,0.8151124,0.8374584,0.1259594,0.008963800000000001,0.713087,0.711541
2004/1/25 0:00,0.883158,1.608105,0.7305378,0.8531044,0.1202256,0.0088238,0.7130344,0.707814
2004/1/26 0:00,0.877424,1.594489,0.8637179999999999,0.8492754,0.1306388,0.0089058,0.7086288,0.701853
2004/1/27 0:00,0.881018,1.595316,0.954818,0.8778152,0.13573620000000003,0.0088408,0.7093316,0.705368
2004/1/28 0:00,0.882535,1.594007,0.953516,0.8778152,0.1410218,0.0088086,0.7110232,0.704399
2004/1/29 0:00,0.884525,1.595991,0.953016,0.7893782,0.13055,0.0087748,0.7117861999999999,0.706215
2004/1/30 0:00,0.884525,1.601653,0.953062,0.7893782,0.1306436,0.008817,0.7126792,0.706215
2004/1/31 0:00,0.884525,1.601653,0.953062,0.7893782,0.1306436,0.008817,0.7126792,0.706215
2004/2/1 0:00,0.887469,1.599974,0.958603,0.8041872,0.1258114,0.008962000000000001,0.713118,0.708567
2004/2/2 0:00,0.895736,1.588903,0.959417,0.8686550000000001,0.1361718,0.0093218,0.7152031999999999,0.718546
2004/2/3 0:00,0.894374,1.605214,0.949208,0.9072634,0.14130340000000002,0.0093218,0.7152031999999999,0.721007
2004/2/4 0:00,0.89815,1.61845,0.955311,0.9083435999999999,0.1361718,0.0093606,0.7152031999999999,0.725453
2004/2/5 0:00,0.897948,1.613007,0.949532,0.9045179999999998,0.14130340000000002,0.0093218,0.7152031999999999,0.723432
2004/2/6 0:00,0.897948,1.613046,0.949532,0.9045179999999998,0.14130340000000002,0.0093218,0.7152031999999999,0.723432
2004/2/7 0:00,0.897948,1.613046,0.949532,0.9045179999999998,0.14130340000000002,0.0093218,0.7152031999999999,0.723432
2004/2/8 0:00,0.912575,1.610954,0.963377,0.8608164,0.120824,0.0095682,0.7330846,0.732654
2004/2/9 0:00,0.912242,1.596704,0.961904,0.9261544,0.1362046,0.0112746,0.7368366000000001,0.732359
2004/2/10 0:00,0.919244,1.601422,0.96767,0.973545,0.146449,0.0117312,0.7372637999999999,0.735294
2004/2/11 0:00,0.916716,1.591115,0.9552376,0.9699088000000001,0.14646,0.0116224,0.720112,0.732601
2004/2/12 0:00,0.921022,1.598261,0.9578512,0.971091,0.146466,0.0116854,0.7372637999999999,0.733299
2004/2/13 0:00,0.924513,1.602153,0.9566269999999999,0.9722892,0.146466,0.011757,0.7372638,0.736594
2004/2/14 0:00,0.924513,1.602153,0.9566269999999999,0.9722892,0.146466,0.011757,0.7372638,0.736594
2004/2/15 0:00,0.929454,1.614479,0.9597045999999999,0.9836750000000001,0.146488,0.012055,0.7269831999999999,0.742005
2004/2/16 0:00,0.924129,1.618202,0.9604509999999999,0.9811947999999999,0.146486,0.011498199999999998,0.724437,0.74129
2004/2/17 0:00,0.921022,1.627194,0.962997,0.9808772000000001,0.146482,0.010409600000000001,0.7181086,0.738525
2004/2/18 0:00,0.930189,1.632307,0.966075,0.9833168000000001,0.146477,0.0112564,0.7198952000000001,0.742308
2004/2/19 0:00,0.923404,1.623851,0.9629969999999999,0.9789808000000001,0.146477,0.0105754,0.7208517999999999,0.738416
2004/2/20 0:00,0.922892,1.626558,0.962997,0.9808772000000001,0.146477,0.010409600000000001,0.7181086,0.737844
2004/2/21 0:00,0.922509,1.626545,0.962997,0.9808772000000001,0.146477,0.0104096,0.7181086,0.737844
2004/2/22 0:00,0.927042,1.632786,0.9343906000000001,0.8579578,0.120824,0.009552,0.7181086000000001,0.739098
2004/2/23 0:00,0.9910776,1.63709,0.968429,0.8601624000000001,0.120824,0.009558800000000001,0.7518808,0.737898
2004/2/24 0:00,0.8746622000000001,1.628691,0.954381,0.923773,0.1361718,0.010211399999999999,0.718808,0.719528
2004/2/25 0:00,0.7855402,1.620247,0.953998,0.857583,0.1359108,0.009199599999999999,0.6660076,0.713318
2004/2/26 0:00,0.78121,1.611214,0.947508,0.8321394,0.13591720000000002,0.0089938,0.6924352,0.712504
2004/2/27 0:00,0.7813899999999999,1.611863,0.945626,0.857583,0.13591720000000002,0.009141,0.669154,0.712809
2004/2/28 0:00,0.8208567999999999,1.611084,0.945626,0.8976179999999999,0.13622,0.0091388,0.6675662000000001,0.709572
2004/2/29 0:00,0.8042733999999999,1.624431,0.9441,0.8719013999999999,0.1309604,0.0091772,0.6918799999999999,0.714694
2004/3/1 0:00,0.8232215999999999,1.615587,0.94304,0.8603381999999999,0.13621999999999998,0.009086200000000001,0.6923299999999999,0.709069
2004/3/2 0:00,0.8443754,1.62022,0.938086,0.8562298,0.1313224,0.0087784,0.7123908,0.706764
2004/3/3 0:00,0.8344906,1.613944,0.939496,0.8246626000000001,0.1313224,0.0088138,0.7133341999999999,0.706564
2004/3/4 0:00,0.8669178000000001,1.600897,0.93835,0.912799,0.1416922,0.0087986,0.7106041999999999,0.704871
2004/3/5 0:00,0.8211426,1.600845,0.93423,0.9575967999999999,0.1418568,0.0088086,0.6881383999999999,0.704275
2004/3/6 0:00,0.8187747999999999,1.59821,0.93423,0.8277002,0.131168,0.0088922,0.6418098,0.700967
2004/3/7 0:00,0.8153817999999999,1.59261,0.938632,0.8238959999999999,0.1313252,0.0088728,0.6900138,0.706215
2004/3/8 0:00,0.77975,1.596297,0.942685,0.8021492,0.12595,0.0090314,0.6910122,0.711238
2004/3/9 0:00,0.8224376,1.591672,0.942578,0.9182729999999999,0.1268684,0.0091962,0.6695664,0.707764
2004/3/10 0:00,0.75946,1.576541,0.932244,0.7168978,0.1346868,0.008605600000000001,0.6437776000000001,0.687947
2004/3/11 0:00,0.74675,1.561646,0.932149,0.7419978,0.1223348,0.0090426,0.6759972000000001,0.683901
2004/3/12 0:00,0.74675,1.561256,0.934317,0.7419978,0.1223348,0.0090426,0.6759972000000001,0.683901
2004/3/13 0:00,0.74675,1.561256,0.934317,0.7419978,0.1223348,0.0090426,0.6759972000000001,0.683901
2004/3/14 0:00,0.75946,1.564945,0.934842,0.7566074,0.1346762,0.008709999999999999,0.6437776000000001,0.687947
2004/3/15 0:00,0.7878452,1.567152,0.936417,0.7927606,0.1258718,0.0091476,0.6863664,0.694155
2004/3/16 0:00,0.7576750000000001,1.8619299999999999,0.937374,0.7653732,0.1235962,0.0090082,0.671544,0.691372
2004/3/17 0:00,0.8150124,1.9065400000000001,0.95048,0.8566186,0.1278952,0.0090896,0.6749172,0.700722
2004/3/18 0:00,0.7591600000000001,1.7317900000000002,0.949487,0.7630712,0.12237020000000001,0.0089622,0.6591410000000001,0.694734
2004/3/19 0:00,0.7549899999999999,1.92651,0.950968,0.8066106,0.1311398,0.008546,0.6484938,0.696379
2004/3/20 0:00,0.7549899999999999,1.92651,0.950968,0.8066106,0.1311398,0.008546,0.6484938,0.696379
2004/3/21 0:00,0.8404556,1.8382766,0.954016,0.8520217999999999,0.1425694,0.009089,0.7019628,0.698178
2004/3/22 0:00,0.8770749999999999,1.8007156000000002,0.958782,0.9276696,0.136559,0.0100038,0.7104388,0.704821
2004/3/23 0:00,0.8249105999999999,1.8446954000000002,0.956114,0.9309602,0.1418568,0.009495599999999998,0.6718918,0.703928
2004/3/24 0:00,0.8421022,1.6803316000000001,0.956764,0.8651275999999999,0.1330298,0.0092446,0.676096,0.701557
2004/3/25 0:00,0.7591600000000001,1.7317900000000002,0.957488,0.7630712,0.12237020000000001,0.0089622,0.659141,0.694686
2004/3/26 0:00,0.8425772,1.8197522,0.961908,0.8110586,0.1294168,0.008570399999999999,0.6722809999999999,0.695797
2004/3/27 0:00,0.895175,1.7937922,0.961908,0.8023446,0.13056879999999998,0.0088974,0.7006,0.695797
2004/3/28 0:00,0.8992,1.9150200000000002,0.958901,0.8251072,0.1308156,0.0090896,0.709106,0.700771
2004/3/29 0:00,0.894374,1.8265799999999999,0.951556,0.8101742,0.1251792,0.0089272,0.69852,0.695362
2004/3/30 0:00,0.893975,1.8025499999999997,0.947867,0.8109031999999999,0.12013199999999999,0.0090254,0.6991796000000001,0.693097
2004/3/31 0:00,0.880824,1.7205318000000003,0.936672,0.7651570000000001,0.1320324,0.009682199999999998,0.6803172000000001,0.686012
2004/4/1 0:00,0.895736,1.8651,0.950561,0.8256986,0.13081559999999998,0.0091614,0.7096159999999999,0.699741
2004/4/2 0:00,0.896138,1.9126999999999998,0.950751,0.8490078000000001,0.1308156,0.009174,0.709106,0.699986
2004/4/3 0:00,0.896138,1.9126999999999998,0.950751,0.8490078000000001,0.1308156,0.009174,0.709106,0.699986
2004/4/4 0:00,0.899928,1.7642,0.8481294,0.800708,0.1365,0.008800800000000001,0.7091244000000001,0.698812
2004/4/5 0:00,0.903996,1.8537399999999997,0.8742420000000001,0.7630092,0.13130899999999998,0.0087352,0.6998327999999999,0.695943
2004/4/6 0:00,0.907276,1.7130104,0.7942798000000001,0.7896164,0.1207984,0.008921,0.6991596,0.694011
2004/4/7 0:00,0.899523,1.7777700000000003,0.8040423999999999,0.7743908,0.1320026,0.008687400000000001,0.6852318000000001,0.686813
2004/4/8 0:00,0.906947,1.6468821999999999,0.82524,0.8197237999999999,0.13650579999999998,0.008711,0.7108852,0.695507
2004/4/9 0:00,0.906372,1.7018,0.8472349999999998,0.8421924000000001,0.13650579999999998,0.008751,0.7064091999999998,0.695072
2004/4/10 0:00,0.906372,1.7018,0.8472349999999998,0.8421924000000001,0.13650579999999998,0.008751,0.7064091999999998,0.695072
2004/4/11 0:00,0.908265,1.8296199999999998,0.8313024,0.7983410000000001,0.1270622,0.008975,0.7103266,0.69935
2004/4/12 0:00,0.912825,1.7944499999999999,0.8700921999999999,0.8135273999999999,0.131549,0.0090684,0.685108,0.701361
2004/4/13 0:00,0.91617,1.6646658000000003,0.8652938000000001,0.8457520000000001,0.13054839999999998,0.008795599999999999,0.7156368000000001,0.707014
2004/4/14 0:00,0.914746,1.8296200000000002,0.8313024,0.8014132,0.1270622,0.008955800000000002,0.7109411999999999,0.699399
2004/4/15 0:00,0.915499,1.7771000000000001,0.8243867999999999,0.8179256,0.13143459999999998,0.008779,0.687678,0.700722
2004/4/16 0:00,0.914662,1.7944499999999999,0.8700921999999999,0.8135273999999999,0.1366836,0.0090966,0.7105304,0.701459
2004/4/17 0:00,0.914913,1.7015920000000002,0.842348,0.945269,0.1321854,0.0085012,0.717257,0.700378
2004/4/18 0:00,0.911577,1.699632,0.7858040000000001,0.940645,0.1284386,0.0085094,0.715389,0.699301
2004/4/19 0:00,0.914913,1.6871192000000002,0.8626396,0.947059,0.1306628,0.008702600000000001,0.716759,0.707414
2004/4/20 0:00,0.922935,1.804218,0.8704919999999999,0.949794,0.1310964,0.0089378,0.717875,0.716435
2004/4/21 0:00,0.920217,1.6611322000000002,0.8970600000000001,0.941088,0.136075,0.0090396,0.716332,0.714745
2004/4/22 0:00,0.91617,1.6875426,0.818786,0.941974,0.1200864,0.008704600000000002,0.715384,0.708215
2004/4/23 0:00,0.91617,1.6875426,0.818786,0.941974,0.1200864,0.008704600000000002,0.715384,0.708215
2004/4/24 0:00,0.916422,1.6929986,0.8196095999999999,0.942152,0.1200864,0.0087282,0.714796,0.709019
2004/4/25 0:00,0.916926,1.7637404,0.818719,0.946468,0.1200842,0.008692,0.713623,0.705219
2004/4/26 0:00,0.917431,1.7637404,0.818719,0.946208,0.12007560000000002,0.0086896,0.714184,0.705268
2004/4/27 0:00,0.909835,1.6255309999999998,0.7349278,0.935804,0.1201054,0.008462800000000001,0.711389,0.702642
2004/4/28 0:00,0.912825,1.6166846,0.7796092,0.934684,0.12008860000000002,0.0086018,0.711339,0.707814
2004/4/29 0:00,0.902201,1.6954484,0.7377812,0.937998,0.1201054,0.008462800000000001,0.712251,0.703185
2004/4/30 0:00,0.901713,1.625531,0.7349278,0.936856,0.1201054,0.0085452,0.712454,0.702889
2004/5/1 0:00,0.901713,1.625531,0.7349278,0.936856,0.1201054,0.0085452,0.712454,0.702889
2004/5/2 0:00,0.914913,1.6177846000000002,0.7765374,0.938667,0.1200864,0.0087046,0.714694,0.707864
2004/5/3 0:00,0.91878,1.7068135999999998,0.8196096,0.938113,0.125368,0.0088762,0.714286,0.709673
2004/5/4 0:00,0.917936,1.7271785999999998,0.8196096,0.951384,0.1253742,0.0087282,0.714847,0.70927
2004/5/5 0:00,0.8137784,1.6504919999999998,0.8870764,0.947715,0.1274694,0.0087718,0.71582,0.707264
2004/5/6 0:00,0.7891236,1.7386620000000002,0.8371967999999999,0.940645,0.12182080000000002,0.008773,0.714796,0.705567
2004/5/7 0:00,0.8755452,1.7626346000000002,0.9660395999999999,0.942241,0.14649,0.0088786,0.71398,0.705467
2004/5/8 0:00,0.8755452,1.7626346000000002,0.9660395999999999,0.942241,0.14649,0.0088786,0.71398,0.705467
2004/5/9 0:00,0.8578813999999999,1.6530768000000002,0.8241628000000001,0.941531,0.14649,0.0088272,0.71582,0.702889
2004/5/10 0:00,0.8431982,1.773329,0.8432084,0.9266122000000001,0.146499,0.0093626,0.715922,0.703779
2004/5/11 0:00,0.8759184,1.6153078,0.9380682,0.8914989999999999,0.146512,0.0094724,0.716769,0.708767
2004/5/12 0:00,0.8598288000000001,1.646823,0.945241,0.9221613999999999,0.146509,0.009481600000000001,0.717154,0.706664
2004/5/13 0:00,0.8301406,1.7556864,0.8739196,0.8620782,0.146555,0.0092594,0.719528,0.714796
2004/5/14 0:00,0.8259368,1.7940904,0.8186072,0.9028980000000001,0.146555,0.0090834,0.719373,0.715922
2004/5/15 0:00,0.8259368,1.7940904,0.8186072,0.9028980000000001,0.146555,0.0090834,0.719373,0.715922
2004/5/16 0:00,0.8667844,1.621909,0.9548555999999999,0.9646817999999999,0.146501,0.0094272,0.719114,0.712758
2004/5/17 0:00,0.8557984,1.538083,0.8941338,0.9357502,0.146497,0.010018599999999999,0.721943,0.710126
2004/5/18 0:00,0.8753578,1.548107,0.9664394,0.9313750000000001,0.146501,0.011152200000000001,0.727802,0.714337
2004/5/19 0:00,0.87285,1.547652,0.941592,0.9338000000000001,0.146503,0.010499600000000001,0.727643,0.710985
2004/5/20 0:00,0.8806765999999999,1.538864,0.9438366,0.9628186,0.146497,0.0093648,0.726744,0.707714
2004/5/21 0:00,0.8806766000000001,1.538746,0.9438366,0.9628186,0.146497,0.0093648,0.727167,0.707714
2004/5/22 0:00,0.8806766000000001,1.538746,0.9438366,0.9628186,0.146497,0.0093648,0.727167,0.707714
2004/5/23 0:00,0.8564788,1.530245,0.921475,0.929968,0.146499,0.0110132,0.724848,0.708617
2004/5/24 0:00,0.8543748000000001,1.536098,0.9180334,0.9357502,0.146501,0.010997400000000001,0.727167,0.710429
2004/5/25 0:00,0.8543748000000001,1.541212,0.9180334,0.9357502,0.146475,0.010499600000000001,0.728704,0.71048
2004/5/26 0:00,0.8717458,1.537823,0.941592,0.9338,0.14649,0.010512800000000001,0.728651,0.711086
2004/5/27 0:00,0.8759468,1.537255,0.997287,0.9597624,0.146456,0.0115046,0.729395,0.714592
2004/5/28 0:00,0.8830624,1.537894,1.000901,0.9564168000000001,0.146456,0.0110502,0.72982,0.717103
2004/5/29 0:00,0.8830624,1.537894,1.000901,0.9564168000000001,0.146456,0.0110502,0.72982,0.717103
2004/5/30 0:00,0.8448008000000001,1.544855,0.999001,0.9512404,0.146464,0.0106494,0.730887,0.722543
2004/5/31 0:00,0.8761810000000001,1.527861,0.987342,0.9555446,0.146486,0.0115046,0.728863,0.714235
2004/6/1 0:00,0.8777248,1.517819,0.988054,0.9588588,0.14652,0.011000800000000002,0.727061,0.717103
2004/6/2 0:00,0.8414925999999999,1.531652,0.995818,0.9532084,0.146503,0.010647399999999998,0.730567,0.724008
2004/6/3 0:00,0.8216888000000001,1.527791,0.983942,0.9609411999999999,0.146499,0.0102606,0.729607,0.727379
2004/6/4 0:00,0.7794899999999999,1.530643,0.982415,0.9526112,0.146499,0.0095514,0.729767,0.731689
2004/6/5 0:00,0.7794899999999999,1.530643,0.982415,0.9526112,0.146499,0.0095514,0.729767,0.731689
2004/6/6 0:00,0.7794899999999999,1.524181,0.988435,0.9603439999999999,0.14652,0.0095514,0.729395,0.730941
2004/6/7 0:00,0.8594106,1.516645,0.976944,0.9545767999999999,0.146492,0.0106408,0.724533,0.720981
2004/6/8 0:00,0.8805357999999999,1.512196,0.973151,0.9186,0.146475,0.0094744,0.718959,0.717309
2004/6/9 0:00,0.8328244,1.489847,0.954481,0.8903026,0.146482,0.0089174,0.713725,0.711744
2004/6/10 0:00,0.8802916,1.47929,0.959978,0.9231773999999999,0.146505,0.0089552,0.716897,0.715666
2004/6/11 0:00,0.8802916,1.47929,0.959978,0.9231773999999999,0.146505,0.0089552,0.716897,0.715666
2004/6/12 0:00,0.8928845999999998,1.481613,0.966389,0.9531310000000002,0.146505,0.0100658,0.721085,0.717
2004/6/13 0:00,0.8680188,1.485509,0.97561,0.953131,0.146486,0.010281799999999999,0.72437,0.720565
2004/6/14 0:00,0.8680188,1.497409,0.984058,0.9534860000000002,0.146462,0.010635200000000001,0.725795,0.720098
2004/6/15 0:00,0.874813,1.483437,0.980854,0.961881,0.146464,0.0099714,0.724323,0.71286
2004/6/16 0:00,0.8863329999999999,1.468795,0.98529,0.9591542000000001,0.146464,0.0100658,0.723903,0.717257
2004/6/17 0:00,0.870126,1.455244,0.967773,0.9629824000000001,0.146486,0.008953800000000001,0.720825,0.70932
2004/6/18 0:00,0.8771753999999999,1.453509,0.966314,0.9659386,0.146486,0.0089544,0.720877,0.707214
2004/6/19 0:00,0.8721724,1.455456,0.966314,0.9629824000000001,0.146486,0.008936,0.720877,0.711086
2004/6/20 0:00,0.8943158,1.443814,0.962705,0.858956,0.146462,0.0090358,0.717978,0.693481
2004/6/21 0:00,0.8972404,1.437711,0.963298,0.8876922,0.146477,0.0090358,0.718866,0.695507
2004/6/22 0:00,0.771589,1.440196,0.955,0.8574919999999999,0.146466,0.0102114,0.715052,0.675584
2004/6/23 0:00,0.7522200000000001,1.436389,0.934143,0.8627341999999999,0.146458,0.009158,0.708968,0.666667
2004/6/24 0:00,0.8314174,1.445609,0.94201,0.857492,0.146492,0.0102114,0.709019,0.676636
2004/6/25 0:00,0.8395469999999999,1.447807,0.943396,0.8544198,0.146492,0.0102114,0.711693,0.678472
2004/6/26 0:00,0.829738,1.446153,0.943396,0.8486041999999999,0.146492,0.009596200000000001,0.711693,0.679902
2004/6/27 0:00,0.832085,1.444043,0.944947,0.8428098,0.146492,0.009068000000000001,0.711916,0.674809
2004/6/28 0:00,0.81367,1.435029,0.925763,0.8395834000000001,0.146385,0.008676799999999998,0.704637,0.664143
2004/6/29 0:00,0.832154,1.443689,0.942241,0.8257679999999998,0.146456,0.0084806,0.711055,0.66836
2004/6/30 0:00,0.848752,1.458215,0.951728,0.8761469999999999,0.146402,0.0095658,0.712962,0.683434
2004/7/1 0:00,0.844523,1.446299,0.951475,0.8522082000000001,0.146406,0.009068000000000001,0.711794,0.677323
2004/7/2 0:00,0.847099,1.445045,0.948416,0.8764934,0.146406,0.009022800000000001,0.710581,0.678794
2004/7/3 0:00,0.849041,1.449338,0.948416,0.8534652000000001,0.146406,0.009022800000000001,0.710581,0.679486
2004/7/4 0:00,0.844523,1.45389,0.955657,0.8547262,0.146454,0.008977800000000001,0.714388,0.680041
2004/7/5 0:00,0.841114,1.467244,0.954927,0.7593234000000001,0.146439,0.0090336,0.709975,0.682175
2004/7/6 0:00,0.834028,1.46445,0.961076,0.7640168,0.146385,0.009068000000000001,0.711177,0.678012
2004/7/7 0:00,0.838715,1.6097142000000002,0.958212,0.8553802000000001,0.146413,0.010557,0.710732,0.680457
2004/7/8 0:00,0.825083,1.6594302000000003,0.948407,0.8894624,0.146441,0.009058,0.708065,0.670736
2004/7/9 0:00,0.827746,1.7228118000000001,0.941478,0.8635218,0.146441,0.010023,0.707664,0.672812
2004/7/10 0:00,0.827746,1.7228118000000001,0.941478,0.8635218,0.146441,0.010023,0.707664,0.672812
2004/7/11 0:00,0.817261,1.6706078000000002,0.948677,0.9019116,0.1464,0.009521000000000002,0.706265,0.662427
2004/7/12 0:00,0.82021,1.6706078000000002,0.948686,0.9020781999999998,0.146424,0.0095194,0.705278,0.662252
2004/7/13 0:00,0.831324,1.6576412,0.959693,0.8894624,0.14643,0.009676,0.708115,0.669478
2004/7/14 0:00,0.848464,1.6726218,0.969368,0.8444818,0.146432,0.010459999999999999,0.712099,0.686106
2004/7/15 0:00,0.847242,1.7255318,0.963391,0.845622,0.146364,0.0101152,0.712555,0.687663
2004/7/16 0:00,0.850557,1.7113505999999998,0.968429,0.829099,0.146364,0.009170600000000001,0.713216,0.689798
2004/7/17 0:00,0.849329,1.7275718000000002,0.968054,0.845622,0.146364,0.009842799999999999,0.713216,0.68899
2004/7/18 0:00,0.860363,1.91925,0.96965,0.8623718,0.146342,0.008922799999999998,0.71623,0.696379
2004/7/19 0:00,0.862589,1.9430399999999999,0.973217,0.8606256,0.146342,0.0089228,0.718081,0.696864
2004/7/20 0:00,0.865276,1.9234000000000002,0.976276,0.799225,0.146342,0.009108,0.717566,0.698812
2004/7/21 0:00,0.866176,1.9536300000000004,0.971817,0.8573008,0.146428,0.008803599999999998,0.6784920000000001,0.702839
2004/7/22 0:00,0.869716,1.8379788000000001,0.978636,0.8833708,0.146443,0.0087834,0.7111573999999999,0.705119
2004/7/23 0:00,0.870095,1.8379788000000001,0.979154,0.8833708,0.146443,0.008800599999999999,0.6994705999999999,0.70497
2004/7/24 0:00,0.872372,1.9369300000000003,0.97924,0.8833708000000001,0.146443,0.0087834,0.7111573999999999,0.705119
2004/7/25 0:00,0.878426,1.6289576000000001,0.977718,0.7910138,0.147122,0.0088656,0.7131268000000001,0.709371
2004/7/26 0:00,0.878194,1.5949801999999997,0.977422,0.7883595999999999,0.1468,0.0088572,0.7160926,0.708617
2004/7/27 0:00,0.872905,1.7167864000000002,0.961354,0.8740042000000001,0.146834,0.0089492,0.7019607999999999,0.712708
2004/7/28 0:00,0.871308,1.5924706,0.962455,0.8504788,0.147037,0.009409,0.7162248,0.711491
2004/7/29 0:00,0.873744,1.8825899999999998,0.964878,0.8620781999999998,0.147228,0.009099,0.7093418,0.715001
2004/7/30 0:00,0.874126,1.8625314,0.965792,0.8796582000000001,0.147228,0.008912999999999999,0.6952306,0.713878
2004/7/31 0:00,0.874891,1.6958565999999997,0.965531,0.8382017999999999,0.13109259999999998,0.009550800000000002,0.7141734,0.709874
2004/8/1 0:00,0.87222,1.7548518000000002,0.965717,0.8039196000000001,0.1310966,0.009041200000000001,0.7160926000000001,0.708617
2004/8/2 0:00,0.851136,1.7081499999999998,0.947957,0.811068,0.12030339999999999,0.0090716,0.7099966,0.692617
2004/8/3 0:00,0.84674,1.8667306,0.941265,0.92804,0.1325984,0.009163399999999999,0.6423972,0.68918
2004/8/4 0:00,0.842389,1.8667306,0.943014,0.938615,0.13259539999999997,0.009849,0.6423971999999999,0.689227
2004/8/5 0:00,0.841822,1.7903318000000001,0.939408,0.938791,0.141793,0.0103934,0.6287414,0.688279
2004/8/6 0:00,0.843313,1.8667306000000004,0.940291,0.940893,0.13259539999999997,0.01139,0.6423972,0.689655
2004/8/7 0:00,0.843313,1.8667306,0.940734,0.940893,0.13259539999999997,0.011396,0.6423972,0.689655
2004/8/8 0:00,0.838715,1.7116534,0.938967,0.938967,0.14179,0.011396,0.6287414,0.687616
2004/8/9 0:00,0.849979,2.00792,0.947885,0.943752,0.13719800000000001,0.011437,0.655833,0.693001
2004/8/10 0:00,0.864528,1.9187588000000002,0.953198,0.950661,0.1306454,0.011453,0.6800874,0.703977
2004/8/11 0:00,0.872905,1.5631975999999999,0.956929,0.951565,0.1464998,0.01131,0.7264084000000001,0.706764
2004/8/12 0:00,0.875427,1.506115,0.967867,0.945537,0.1306478,0.011296,0.7184588,0.709371
2004/8/13 0:00,0.877809,1.506501,0.967212,0.945269,0.1468692,0.011288,0.724165,0.710934
2004/8/14 0:00,0.877809,1.506501,0.967212,0.945269,0.1468692,0.011288,0.724165,0.710934
2004/8/15 0:00,0.874661,1.501502,0.9213585999999999,0.942863,0.1415808,0.011284,0.723275,0.709774
2004/8/16 0:00,0.879894,1.516116,0.8795004000000001,0.948317,0.1310968,0.011312,0.726586,0.718339
2004/8/17 0:00,0.882457,1.526554,0.9534582,0.948317,0.14136639999999998,0.011325,0.727934,0.722596
2004/8/18 0:00,0.880669,1.537894,0.961675,0.957598,0.1413406,0.011444,0.727167,0.724113
2004/8/19 0:00,0.868659,1.530081,0.8267182,0.952835,0.13632760000000002,0.011533,0.726069,0.710429
2004/8/20 0:00,0.870398,1.529239,0.839423,0.951475,0.13119260000000002,0.011534,0.726216,0.711187
2004/8/21 0:00,0.870398,1.529239,0.839423,0.951475,0.13119260000000002,0.011534,0.726216,0.711187
2004/8/22 0:00,0.86881,1.522394,0.8979315999999999,0.95039,0.1306444,0.01153,0.725742,0.705816
2004/8/23 0:00,0.882613,1.6972614,0.9081480000000001,0.95429,0.136231,0.011455,0.727537,0.715461
2004/8/24 0:00,0.884095,1.6739238,0.909376,0.951303,0.1310908,0.011467,0.727141,0.717978
2004/8/25 0:00,0.892937,1.525786,0.9524728,0.959111,0.141369,0.011498,0.728279,0.725058
2004/8/26 0:00,0.894534,1.54069,0.961675,0.949713,0.1413406,0.01144,0.729395,0.725058
2004/8/27 0:00,0.893975,1.541949,0.9542805999999999,0.948317,0.14135779999999998,0.011426,0.729874,0.728597
2004/8/28 0:00,0.8243118,1.546225,0.961675,0.949271,0.1413402,0.011411,0.732198,0.72768
2004/8/29 0:00,0.7793699999999999,1.54916,0.93463,0.953044,0.14768799999999999,0.011489,0.735037,0.73455
2004/8/30 0:00,0.7794899999999999,1.556251,0.93463,0.941708,0.14768799999999999,0.011376,0.733891,0.731797
2004/8/31 0:00,0.77869,1.559697,0.9167166,0.946074,0.145651,0.011425,0.731582,0.729341
2004/9/1 0:00,0.8022652000000001,1.56128,0.8371662000000001,0.960919,0.1214142,0.011513,0.73381,0.725111
2004/9/2 0:00,0.8022652000000001,1.569834,0.8371662000000001,0.961844,0.1214142,0.011578,0.735132,0.723956
2004/9/3 0:00,0.77771,1.569563,0.8371662000000001,0.959693,0.1214142,0.011571,0.735359,0.7259
2004/9/4 0:00,0.77771,1.57124,0.8371662000000001,0.959693,0.1214142,0.011565,0.735359,0.726375
2004/9/5 0:00,0.7794899999999999,1.588588,0.9104199999999999,0.962052,0.14133820000000002,0.011565,0.740521,0.731689
2004/9/6 0:00,0.8070231999999999,1.593219,0.94317,0.961686,0.14646140000000002,0.011654,0.740631,0.7347
2004/9/7 0:00,0.7793699999999999,1.586596,0.9252656000000001,0.947544,0.141333,0.011597,0.739317,0.733783
2004/9/8 0:00,0.77869,1.588411,0.8110908,0.8792354,0.120824,0.011646,0.738989,0.727749
2004/9/9 0:00,0.8047484,1.596449,0.8104104,0.8568567999999999,0.120824,0.011727,0.742005,0.728916
2004/9/10 0:00,0.8345627999999999,1.597265,0.8401434,0.8539128,0.12595240000000002,0.01171,0.742556,0.732601
2004/9/11 0:00,0.8345627999999999,1.597265,0.8401434,0.8539128,0.12595240000000002,0.011686,0.742556,0.732601
2004/9/12 0:00,0.8056432000000001,1.590204,0.8104104,0.8792354,0.120824,0.01165,0.74173,0.72881
2004/9/13 0:00,0.7768900000000001,1.578881,0.8173237999999999,0.8540442,0.1214142,0.011652,0.737409,0.720669
2004/9/14 0:00,0.7918488,1.565729,0.8262108000000001,0.8392253999999999,0.120824,0.011732,0.732708,0.716743
2004/9/15 0:00,0.8117698000000001,1.557632,0.9492588000000002,0.9315004,0.13282180000000002,0.011648,0.73381,0.707714
2004/9/16 0:00,0.896379,1.560379,0.8039007999999999,0.8553533999999999,0.12068140000000001,0.011596,0.734538,0.708215
2004/9/17 0:00,0.893017,1.560842,0.8215011999999999,0.949487,0.12010780000000001,0.011587,0.733676,0.705219
2004/9/18 0:00,0.895255,1.558458,0.8274768,0.949487,0.12010999999999998,0.011587,0.733676,0.707814
2004/9/19 0:00,0.89815,1.566318,0.8274768,0.962371,0.12010999999999998,0.01172,0.7347,0.707814
2004/9/20 0:00,0.907441,1.557511,0.8093554000000001,0.958865,0.120824,0.011686,0.738716,0.713929
2004/9/21 0:00,0.901226,1.561744,0.8095724000000001,0.95984,0.120824,0.011718,0.740466,0.716692
2004/9/22 0:00,0.891742,1.560014,0.8049812000000001,0.968804,0.12010999999999998,0.011731,0.738334,0.707314
2004/9/23 0:00,0.890789,1.553157,0.8215011999999999,0.966894,0.12010780000000001,0.011669,0.7373,0.705716
2004/9/24 0:00,0.894374,1.55434,0.8200253999999999,0.966464,0.1208698,0.011681,0.737354,0.702198
2004/9/25 0:00,0.887626,1.551229,0.8200253999999999,0.96432,0.1208698,0.01168,0.737354,0.702198
2004/9/26 0:00,0.890076,1.549163,0.8215011999999999,0.960061,0.12010780000000001,0.011741,0.736757,0.705517
2004/9/27 0:00,0.884251,1.546886,0.8215011999999999,0.971034,0.12010780000000001,0.011879,0.734349,0.70502
2004/9/28 0:00,0.88098,1.544783,0.9162931999999999,0.972573,0.123171,0.011802,0.735998,0.697107
2004/9/29 0:00,0.88739,1.553977,0.7762756,0.97561,0.12010779999999999,0.011819,0.737898,0.70373
2004/9/30 0:00,0.897263,1.550628,0.7961968,0.972488,0.12068140000000001,0.011707,0.739098,0.711187
2004/10/1 0:00,0.899038,1.551422,0.7961968,0.970874,0.12068140000000001,0.011716,0.739229,0.710278
2004/10/2 0:00,0.897827,1.552554,0.7961968,0.971817,0.12068140000000001,0.011734,0.739229,0.710278
2004/10/3 0:00,0.893735,1.546408,0.7907474000000001,0.97561,0.1205384,0.011805,0.737463,0.709019
2004/10/4 0:00,0.890393,1.533883,0.8986843999999999,0.982733,0.123932,0.011885,0.738443,0.697739
2004/10/5 0:00,0.908265,1.545308,0.7961968,0.984465,0.12068140000000001,0.011833,0.742446,0.711845
2004/10/6 0:00,0.908843,1.538296,0.8093554000000001,0.986193,0.120824,0.011867,0.743052,0.713419
2004/10/7 0:00,0.915919,1.544998,0.8435006000000002,0.982801,0.14194279999999998,0.011852,0.744546,0.720773
2004/10/8 0:00,0.915667,1.545141,0.8435006000000002,0.982415,0.14194279999999998,0.011846,0.744435,0.721033
2004/10/9 0:00,0.91659,1.545141,0.9774220000000001,0.982415,0.146987,0.011846,0.744435,0.721033
2004/10/10 0:00,0.917095,1.540191,0.9939731999999999,0.987264,0.147341,0.011874,0.742942,0.7227
2004/10/11 0:00,0.8313575999999999,1.533883,0.9801268000000001,0.988377,0.147252,0.011944,0.741235,0.72197
2004/10/12 0:00,0.8599152,1.548683,0.9691067999999999,0.989022,0.14713,0.011926,0.744491,0.722074
2004/10/13 0:00,0.8599152,1.544187,0.975883,0.984252,0.147432,0.011918,0.744546,0.724795
2004/10/14 0:00,0.77771,1.535131,0.9797542,0.981354,0.147697,0.011885,0.746213,0.727431
2004/10/15 0:00,0.8057190000000001,1.538462,0.982071,0.982318,0.147697,0.011885,0.746324,0.72759
2004/10/16 0:00,0.8057190000000001,1.538462,0.982071,0.982318,0.147697,0.011881,0.746324,0.72759
2004/10/17 0:00,0.77949,1.540998,0.973245,0.992349,0.147936,0.011959,0.748279,0.733245
2004/10/18 0:00,0.7793699999999999,1.55739,0.97371,1.00445,0.148236,0.012038,0.750863,0.736757
2004/10/19 0:00,0.77949,1.563233,0.974232,0.997765,0.148379,0.011686,0.74744,0.73303
2004/10/20 0:00,0.7967687999999999,1.562354,0.972573,0.985736,0.14871,0.011662,0.746826,0.723014
2004/10/21 0:00,0.77771,1.563844,0.970309,0.989609,0.148657,0.011652,0.748055,0.727114
2004/10/22 0:00,0.77771,1.563551,0.96768,0.99108,0.148657,0.011648,0.748447,0.726058
2004/10/23 0:00,0.77771,1.563551,0.969556,0.99108,0.148657,0.011641,0.748447,0.726058
2004/10/24 0:00,0.77869,1.555162,0.972857,0.995025,0.148947,0.011658,0.749738,0.729182
2004/10/25 0:00,0.77869,1.553615,0.969434,0.995758,0.149105,0.011718,0.75092,0.728863
2004/10/26 0:00,0.7793699999999999,1.565607,0.968823,1.012863,0.149165,0.011842,0.754489,0.735727
2004/10/27 0:00,0.77949,1.570549,0.970214,1.015744,0.149165,0.011855,0.753523,0.73303
2004/10/28 0:00,0.77949,1.581153,0.973805,1.013993,0.149165,0.011851,0.756601,0.73346
2004/10/29 0:00,0.7793699999999999,1.582654,0.976372,1.015074,0.149165,0.011875,0.756258,0.734268
2004/10/30 0:00,0.77949,1.582955,0.976372,1.015259,0.149165,0.011875,0.756258,0.733568
2004/10/31 0:00,0.7793699999999999,1.584861,0.974374,1.016777,0.149425,0.011879,0.756945,0.735943
2004/11/1 0:00,0.9505744,1.580878,0.971638,1.02459,0.149457,0.011942,0.758898,0.740192
2004/11/2 0:00,0.9032554000000002,1.578208,0.96918,1.024485,0.149513,0.011959,0.759936,0.737083
2004/11/3 0:00,0.77949,1.570574,0.97078,1.018288,0.149408,0.011976,0.759878,0.73346
2004/11/4 0:00,0.9977282000000001,1.582804,0.979058,1.02351,0.149254,0.011993,0.762021,0.743992
2004/11/5 0:00,0.9977282000000001,1.583356,0.980008,1.025315,0.149254,0.012016,0.762253,0.744269
2004/11/6 0:00,0.9906284000000001,1.581753,0.980008,1.024286,0.149254,0.012016,0.762253,0.74228
2004/11/7 0:00,0.9914848,1.58446,0.977498,1.028955,0.149254,0.011995,0.760456,0.741125
2004/11/8 0:00,1.0008558,1.590381,0.983091,1.034019,0.149254,0.012008,0.763359,0.747887
2004/11/9 0:00,0.9991596000000001,1.590381,0.990599,1.039933,0.149437,0.012067,0.764877,0.753012
2004/11/10 0:00,1.0013092000000001,1.586294,0.982685,1.032098,0.149254,0.01213,0.764292,0.748223
2004/11/11 0:00,1.0031522000000002,1.59566,0.986991,1.040399,0.1500716,0.012206,0.76558,0.753012
2004/11/12 0:00,0.9938028000000001,1.594947,0.989609,1.037065,0.15007159999999997,0.012204,0.765287,0.754375
2004/11/13 0:00,0.986193,1.594947,0.989609,1.037065,0.15007159999999997,0.012204,0.765287,0.754375
2004/11/14 0:00,0.984931,1.588562,0.986952,1.037065,0.1500286,0.012188,0.765755,0.752615
2004/11/15 0:00,0.984252,1.578856,0.988631,1.044496,0.1499508,0.012223,0.765697,0.752729
2004/11/16 0:00,0.992162,1.588663,0.997009,1.041678,0.15028060000000001,0.012213,0.766871,0.762544
2004/11/17 0:00,0.992851,1.598491,0.995302,1.050045,0.150299,0.012277,0.770713,0.757978
2004/11/18 0:00,0.990491,1.603284,0.989286,1.045916,0.15058,0.0123,0.771605,0.757576
2004/11/19 0:00,0.987947,1.602461,0.990099,1.043732,0.15058,0.01227,0.77101,0.755572
2004/11/20 0:00,0.987947,1.602461,0.990099,1.043732,0.15058,0.01227,0.77101,0.755572
2004/11/21 0:00,0.990982,1.593092,0.984465,1.045653,0.150507,0.012314,0.769811,0.756716
2004/11/22 0:00,0.973331,1.572451,0.96965,1.030853,0.150498,0.012268,0.764468,0.748503
2004/11/23 0:00,0.986096,1.586798,0.977231,1.040431,0.150365,0.012337,0.768758,0.754318
2004/11/24 0:00,0.97924,1.572253,0.97334,1.03419,0.150403,0.012301,0.76864,0.746938
2004/11/25 0:00,0.979432,1.56789,0.974184,1.021826,0.150173,0.012276,0.770108,0.746102
2004/11/26 0:00,0.982898,1.568554,0.974659,1.021023,0.150173,0.012284,0.770832,0.746714
2004/11/27 0:00,0.978378,1.567152,0.974659,1.020106,0.150173,0.012284,0.770832,0.74499
2004/11/28 0:00,0.991277,1.573713,0.980363,1.030291,0.150191,0.012392,0.773395,0.75188
2004/11/29 0:00,0.985222,1.7610992000000003,0.976486,1.015703,0.150116,0.012285,0.770416,0.749681
2004/11/30 0:00,0.968617,1.8592594000000002,0.968054,1.009846,0.149714,0.012246,0.765462,0.74239
2004/12/1 0:00,0.977613,1.8515484,0.981374,1.017915,0.149555,0.01234,0.77101,0.753409
2004/12/2 0:00,0.981354,2.0398199999999997,0.982318,1.016105,0.149909,0.012422,0.772481,0.762951
2004/12/3 0:00,0.9875791999999999,1.9474708,0.981643,1.017915,0.149909,0.012432,0.772618,0.762486
2004/12/4 0:00,0.9875791999999999,1.9474708,0.981643,1.017915,0.149909,0.012439,0.772618,0.762369
2004/12/5 0:00,0.9705984000000001,2.05591,0.984998,1.006816,0.149412,0.012395,0.773694,0.766284
2004/12/6 0:00,0.9748750000000002,1.5261934,0.990668,1.023227,0.15722160000000002,0.012376,0.776699,0.772201
2004/12/7 0:00,0.997044,1.5775614,0.989727,1.021503,0.1572502,0.012299,0.775795,0.775555
2004/12/8 0:00,1.0399268,1.7710474,0.997307,1.04145,0.1595896,0.01239,0.779666,0.793588
2004/12/9 0:00,1.015198,1.860857,1.0006,1.042079,0.1566932,0.012294,0.7853548,0.795608
2004/12/10 0:00,1.015754,1.9547196,0.9998,1.039912,0.1572892,0.012304,0.788208,0.795482
2004/12/11 0:00,1.015754,2.0521800000000003,0.9998,1.039912,0.1571774,0.012304,0.777968,0.795482
2004/12/12 0:00,1.012351,1.9522821999999997,0.997009,1.036592,0.1571884,0.01232,0.776657,0.789391
2004/12/13 0:00,1.012945,1.8541988,0.99989,1.039145,0.1571884,0.012334,0.778192,0.787402
2004/12/14 0:00,1.002828,1.6537393999999999,0.998074,1.026589,0.1571248,0.012112,0.775555,0.781067
2004/12/15 0:00,0.996711,1.5645502,0.99455,1.023646,0.157194,0.012129,0.775494,0.779059
2004/12/16 0:00,0.990001,1.5873583999999998,0.991473,1.02459,0.157112,0.012123,0.772798,0.776337
2004/12/17 0:00,0.984252,1.611396,0.987849,1.019482,0.1512496,0.012117,0.770416,0.773395
2004/12/18 0:00,0.984252,1.611655,0.987849,1.019649,0.1512496,0.012117,0.770416,0.773395
2004/12/19 0:00,0.990099,1.605987,0.993552,1.016539,0.15124959999999996,0.012064,0.768297,0.77682
2004/12/20 0:00,0.974659,1.586798,0.97682,1.007557,0.14973879999999998,0.011985,0.766284,0.767165
2004/12/21 0:00,0.981836,1.594184,0.979336,1.010744,0.14973879999999998,0.012027,0.768049,0.771843
2004/12/22 0:00,0.988924,1.600897,0.982531,1.003613,0.15124959999999998,0.011958,0.771129,0.777122
2004/12/23 0:00,0.98464,1.596169,0.980017,1.002175,0.15124959999999996,0.011976,0.770357,0.777122
2004/12/24 0:00,0.985707,1.598772,0.982444,1.008075,0.1512496,0.01198,0.771921,0.77918
2004/12/25 0:00,0.98668,1.598133,0.983187,1.007689,0.1512496,0.011967,0.771921,0.77918
2004/12/26 0:00,0.986388,1.594388,0.981296,1.008247,0.15124959999999996,0.01198,0.770297,0.771962
2004/12/27 0:00,0.972384,1.582304,0.975343,1.005197,0.14973879999999998,0.012067,0.761499,0.761151
2004/12/28 0:00,0.981836,1.576516,0.988621,1.005055,0.1497388,0.01199,0.764117,0.762137
2004/12/29 0:00,0.980969,1.576591,0.991965,1.0,0.1541082,0.011951,0.764994,0.761151
2004/12/30 0:00,0.963391,1.559454,0.97972,0.997437,0.150449,0.011885,0.757691,0.749625
2004/12/31 0:00,0.963391,1.559454,0.97972,0.997437,0.150449,0.011885,0.757691,0.749625
2005/1/1 0:00,0.96432,1.558749,0.979432,0.997307,0.150449,0.011891,0.757576,0.750244
2005/1/2 0:00,0.958589,1.554944,0.977231,0.998343,0.14887620000000001,0.011854,0.756201,0.744214
2005/1/3 0:00,0.959969,1.557244,0.973425,1.001201,0.14888820000000003,0.011969,0.757002,0.744325
2005/1/4 0:00,0.976427,1.55955,0.996419,1.00694,0.1570592,0.011928,0.764767,0.755494
2005/1/5 0:00,0.977326,1.560257,0.99553,1.009224,0.1570592,0.011969,0.765638,0.755744
2005/1/6 0:00,0.987752,1.571709,0.993907,1.02351,0.1498946,0.012085,0.766989,0.762195
2005/1/7 0:00,0.987849,1.572253,0.997009,1.025326,0.1514916,0.012112,0.766871,0.762602
2005/1/8 0:00,0.993049,1.572253,0.997009,1.025326,0.1498946,0.012114,0.766871,0.762602
2005/1/9 0:00,0.987167,1.567398,0.993453,1.015187,0.1497388,0.012089,0.765814,0.759129
2005/1/10 0:00,0.988631,1.579654,0.9873040000000002,1.017087,0.1498796,0.012037,0.766812,0.761615
2005/1/11 0:00,0.977995,1.578956,0.976996,1.013069,0.1495786,0.011888,0.760456,0.747496
2005/1/12 0:00,0.982415,1.573193,0.9703864000000001,1.015847,0.15297180000000002,0.011928,0.762021,0.745712
2005/1/13 0:00,0.98464,1.7500167999999998,0.9585804,1.019576,0.1450506,0.011916,0.763417,0.747775
2005/1/14 0:00,0.985513,1.8448381999999999,0.9678340000000001,1.020512,0.1489926,0.011912,0.764584,0.748111
2005/1/15 0:00,0.985222,1.8448381999999999,0.9678340000000001,1.020512,0.1489926,0.011912,0.764584,0.748111
2005/1/16 0:00,0.993937,1.8537098,0.9812864000000001,1.033528,0.13987719999999998,0.011956,0.76646,0.754774
2005/1/17 0:00,0.999201,1.7750976,0.9851094,1.039944,0.13992960000000002,0.011972,0.768049,0.752842
2005/1/18 0:00,0.99167,1.9373462000000004,0.9667866,1.039566,0.13822459999999998,0.0119,0.761731,0.744435
2005/1/19 0:00,0.985902,1.7454916,0.9633609999999999,1.032983,0.1493464,0.011861,0.759301,0.73616
2005/1/20 0:00,0.985222,1.7454916,0.9733506000000001,1.030397,0.1493464,0.011884,0.759359,0.735727
2005/1/21 0:00,0.985222,1.7454915999999998,0.9733506000000001,1.030609,0.1493464,0.011915,0.761267,0.736106
2005/1/22 0:00,0.988533,1.7454916,0.9733506000000001,1.030609,0.1493464,0.011909,0.761267,0.736106
2005/1/23 0:00,0.993049,1.9287462000000002,0.9785237999999999,1.036925,0.1493312,0.01194,0.759301,0.74217
2005/1/24 0:00,0.997506,1.9437714,0.9667866,1.043079,0.13822459999999998,0.011939,0.761905,0.743826
2005/1/25 0:00,1.0,1.8554008,0.9638542000000001,1.050818,0.13457919999999998,0.01197,0.765052,0.742942
2005/1/26 0:00,1.004752,1.8650282,0.9780314000000001,1.039566,0.13822459999999998,0.012053,0.76558,0.748727
2005/1/27 0:00,1.00445,2.02505,0.9671861999999999,1.039933,0.13457919999999998,0.012063,0.769586,0.748727
2005/1/28 0:00,1.005541,1.9488860000000003,0.9671861999999999,1.039177,0.13457919999999998,0.012063,0.769231,0.749064
2005/1/29 0:00,1.004894,1.9458220000000004,0.9671861999999999,1.039177,0.13457919999999998,0.012064,0.769231,0.749064
2005/1/30 0:00,1.002205,1.8657907999999999,0.9671861999999999,1.039069,0.13822459999999998,0.01206,0.768817,0.747887
2005/1/31 0:00,1.011143,2.0183299999999997,0.955123,1.050862,0.1309318,0.012164,0.771004,0.75523
2005/2/1 0:00,1.015672,2.04543,1.0103199999999999,1.053408,0.14719120000000002,0.012216,0.772678,0.764877
2005/2/2 0:00,1.012433,1.8722231999999999,0.9792061999999999,1.067076,0.15799220000000003,0.012237,0.775976,0.768403
2005/2/3 0:00,1.023657,1.561871,0.9775130000000001,1.070939,0.1521998,0.012329,0.780214,0.778634
2005/2/4 0:00,1.023227,1.5592602,0.9718914,1.069519,0.1521998,0.012326,0.779423,0.779606
2005/2/5 0:00,1.023227,1.5592602,0.9718914,1.069519,0.1521998,0.012321,0.779423,0.779606
2005/2/6 0:00,1.01995,1.567788,0.9838343999999999,1.071582,0.1573034,0.012259,0.778519,0.776096
2005/2/7 0:00,1.005005,2.05837,1.008079,1.054786,0.1470244,0.012202,0.77688,0.767224
2005/2/8 0:00,1.0001,1.9436644,1.0088574,1.036699,0.1416242,0.012013,0.773994,0.761673
2005/2/9 0:00,0.995421,1.9279104,0.9824615999999999,1.037883,0.14013599999999998,0.012021,0.771486,0.758093
2005/2/10 0:00,0.995223,1.9241904,0.9935750000000001,1.035668,0.1401154,0.01204,0.77232,0.758495
2005/2/11 0:00,0.99691,2.02509,1.0027574,1.033912,0.141591,0.012019,0.772082,0.759821
2005/2/12 0:00,0.995818,1.9279104,0.9589362000000001,1.033912,0.145281,0.012013,0.772082,0.757576
2005/2/13 0:00,0.991867,2.04076,1.0184232,1.032418,0.1401154,0.01208,0.769704,0.762137
2005/2/14 0:00,0.987752,1.8494924000000001,0.9934224,1.025115,0.1387242,0.011994,0.772678,0.760052
2005/2/15 0:00,0.993345,1.9290704,0.9935750000000001,1.028923,0.1401154,0.012,0.775615,0.759301
2005/2/16 0:00,0.9994,2.05533,0.987237,1.03867,0.1560254,0.01208,0.77821,0.769231
2005/2/17 0:00,0.988631,1.9569533999999997,1.0028004,1.03509,0.14676640000000002,0.012047,0.776096,0.768226
2005/2/18 0:00,0.98912,1.9600734000000002,1.0028004,1.036355,0.14676640000000002,0.012048,0.77682,0.76693
2005/2/19 0:00,0.988533,1.9569533999999997,1.0028004,1.037883,0.14676640000000002,0.012055,0.77682,0.767695
2005/2/20 0:00,0.995025,1.8430507999999999,0.9814332,1.036699,0.1570398,0.012095,0.776699,0.773455
2005/2/21 0:00,0.997904,1.8726188000000001,0.9993516000000001,1.0456258,0.150422,0.012101,0.779593,0.770179
2005/2/22 0:00,1.002858,1.9637666,1.006137,1.042492,0.15410059999999998,0.012188,0.780214,0.771724
2005/2/23 0:00,0.986291,2.0352,0.99949,1.034875,0.15340819999999997,0.012045,0.775494,0.755972
2005/2/24 0:00,0.988631,2.03578,1.005975,1.042644,0.1548346,0.012101,0.779241,0.757691
2005/2/25 0:00,0.989022,2.03578,1.005834,1.043188,0.1548346,0.012111,0.778938,0.757805
2005/2/26 0:00,0.990884,2.03578,1.005834,1.043188,0.1537872,0.012108,0.778938,0.757805
2005/2/27 0:00,1.0,1.9622789999999999,1.006776,1.053519,0.15386139999999998,0.012135,0.780762,0.763884
2005/2/28 0:00,0.989609,2.04697,1.000931,1.056636,0.1573214,0.012132,0.77991,0.76365
2005/3/1 0:00,0.994827,2.04801,1.00452,1.060041,0.1560336,0.012149,0.781616,0.766049
2005/3/2 0:00,0.989805,1.589952,1.005035,1.056078,0.1548918,0.012044,0.781616,0.771188
2005/3/3 0:00,0.992063,1.583907,1.000891,1.060783,0.15464319999999998,0.012194,0.778756,0.772857
2005/3/4 0:00,0.992063,1.583857,0.998901,1.061346,0.15464319999999998,0.012176,0.778271,0.772201
2005/3/5 0:00,0.995025,1.58705,0.998901,1.061346,0.1548918,0.01217,0.778271,0.772201
2005/3/6 0:00,0.997009,1.602744,0.996532,1.062394,0.15370840000000002,0.012198,0.781494,0.772559
2005/3/7 0:00,1.012371,1.612565,1.007953,1.065417,0.15232679999999998,0.012271,0.786584,0.780214
2005/3/8 0:00,1.006847,1.617076,1.011542,1.062586,0.15232679999999998,0.012227,0.78596,0.779788
2005/3/9 0:00,1.013397,1.615587,1.009591,1.059266,0.15232679999999998,0.012267,0.784683,0.772917
2005/3/10 0:00,1.013767,1.607976,1.010611,1.046463,0.1523268,0.012195,0.784314,0.76864
2005/3/11 0:00,1.013644,1.608648,1.012658,1.047559,0.152474,0.012165,0.784314,0.76858
2005/3/12 0:00,1.013644,1.608648,1.012658,1.047559,0.152474,0.012165,0.784314,0.76858
2005/3/13 0:00,1.013849,1.61111,1.012064,1.043623,0.152379,0.012196,0.784621,0.770179
2005/3/14 0:00,1.017439,1.608493,1.009184,1.04467,0.152567,0.012196,0.786349,0.777484
2005/3/15 0:00,1.009826,1.608933,1.00553,1.039825,0.15174,0.0121586,0.785176,0.771426
2005/3/16 0:00,1.006036,1.612981,1.004823,1.035229,0.151872,0.012115399999999998,0.782779,0.76746
2005/3/17 0:00,0.9998,1.598593,1.009693,1.024443,0.15175,0.0120292,0.779423,0.759071
2005/3/18 0:00,1.002546,1.600563,0.993694,1.027538,0.15175,0.0120968,0.780031,0.760167
2005/3/19 0:00,1.002546,1.600845,0.9929506,1.0320228,0.15175,0.0122442,0.780031,0.760167
2005/3/20 0:00,1.002004,1.601948,0.9950113999999999,1.0320228,0.151623,0.012207599999999999,0.77991,0.75643
2005/3/21 0:00,0.998702,1.613372,1.0068224000000001,1.0369758,0.151713,0.012054400000000002,0.781128,0.752106
2005/3/22 0:00,0.997904,1.605961,1.0033244,1.033456,0.1517172,0.0120666,0.781384,0.751767
2005/3/23 0:00,1.011317,1.616371,1.0105628000000002,1.0440866,0.1521878,0.0122058,0.783576,0.75884
2005/3/24 0:00,1.013592,1.623403,1.0103588000000001,1.0519960000000002,0.1517222,0.0122174,0.784929,0.762777
2005/3/25 0:00,1.014302,1.624168,1.0103588000000001,1.0517204000000002,0.1517222,0.0122174,0.785361,0.763359
2005/3/26 0:00,1.01495,1.625329,1.0004288000000001,1.0556318,0.15172219999999997,0.012263399999999999,0.785361,0.763359
2005/3/27 0:00,1.007547,1.62285,1.0017939999999999,1.0494618,0.15056299999999997,0.012154999999999997,0.783337,0.761035
2005/3/28 0:00,0.999001,1.612747,0.9806775999999999,0.9915990000000001,0.1464496,0.011012199999999998,0.7465371999999999,0.748335
2005/3/29 0:00,1.0003,1.622507,0.962356,0.9350506,0.1256132,0.010544399999999999,0.7570138,0.745657
2005/3/30 0:00,1.008664,1.61098,0.9839352,0.9546728,0.13027840000000002,0.011054,0.7416666000000001,0.747384
2005/3/31 0:00,1.015249,1.607433,0.99035,1.0673448,0.1450092,0.0123184,0.728777,0.751145
2005/4/1 0:00,1.015249,1.607433,0.99035,1.0673448,0.1450092,0.0123184,0.728777,0.751145
2005/4/2 0:00,1.018454,1.611552,0.9908192,1.0289937999999998,0.1450092,0.011794599999999999,0.7287769999999999,0.750807
2005/4/3 0:00,1.017128,1.624801,0.9692665999999999,1.068962,0.1450294,0.0123184,0.7294638,0.751428
2005/4/4 0:00,1.01656,1.631481,0.9664697999999999,1.043807,0.1450092,0.0123184,0.7287769999999999,0.750694
2005/4/5 0:00,1.016405,1.63228,0.966075,0.8629188000000001,0.120824,0.009572,0.7198952000000001,0.74239
2005/4/6 0:00,1.013284,1.626678,0.9343717999999999,0.8611467999999999,0.120824,0.009576,0.7287087999999999,0.740302
2005/4/7 0:00,1.011531,1.624616,0.8414296,0.8589486000000001,0.120824,0.009547400000000001,0.727873,0.736377
2005/4/8 0:00,1.014507,1.626439,0.872767,0.8572936,0.120824,0.0095444,0.7287087999999999,0.738662
2005/4/9 0:00,1.011051,1.624959,0.8414296,0.8589486000000001,0.120824,0.009547400000000001,0.727873,0.736594
2005/4/10 0:00,1.011051,1.619381,0.8105826,0.8579692,0.120824,0.009556,0.7478613999999999,0.735835
2005/4/11 0:00,1.010101,1.615404,0.8699627999999999,0.8611467999999999,0.120824,0.009576,0.7586725999999999,0.740412
2005/4/12 0:00,1.010509,1.619486,0.8699627999999999,0.8579578,0.120824,0.009552000000000001,0.7478613999999999,0.739262
2005/4/13 0:00,1.001001,1.606168,0.8105826,0.856854,0.120824,0.009555000000000001,0.7461279999999999,0.735294
2005/4/14 0:00,1.014507,1.608234,0.9418787999999999,0.8849577999999999,0.120824,0.009562,0.7269832,0.744879
2005/4/15 0:00,1.007953,1.616998,0.8377294000000001,0.8601624000000001,0.120824,0.009558800000000001,0.7479323999999999,0.738007
2005/4/16 0:00,0.990884,1.608389,0.8105826,0.8565661999999999,0.120824,0.010017600000000002,0.760099,0.731422
2005/4/17 0:00,0.985222,1.601204,0.8120892,0.8582428,0.120824,0.010416600000000002,0.7495486,0.72998
2005/4/18 0:00,0.982029,1.613944,0.8088752000000001,0.8730608,0.12587940000000003,0.0093218,0.7152031999999999,0.718391
2005/4/19 0:00,0.995025,1.623377,0.8118719999999999,0.8574114000000002,0.120824,0.010017600000000002,0.760099,0.730407
2005/4/20 0:00,0.995025,1.623377,0.8118719999999999,0.8574114000000002,0.120824,0.010017600000000002,0.760099,0.730407
2005/4/21 0:00,0.995025,1.623377,0.8118719999999999,0.8574114000000002,0.120824,0.010017600000000002,0.760099,0.730407
2005/4/22 0:00,1.004853,1.629912,0.8105826,0.8539128,0.120824,0.009555000000000001,0.727873,0.73346
2005/4/23 0:00,1.010509,1.637197,0.9343906000000001,0.8611467999999999,0.120824,0.009576,0.737883,0.740521
2005/4/24 0:00,1.012545,1.7605581999999997,0.9524872,0.928735,0.137358,0.0103576,0.7311993999999999,0.74173
2005/4/25 0:00,1.020721,1.7787853999999998,0.9937384,1.0494495999999998,0.143094,0.012357,0.7268635999999999,0.749963
2005/4/26 0:00,1.020721,1.8750906,0.9746986,1.103022,0.1450092,0.012357,0.728777,0.749963
2005/4/27 0:00,1.020721,1.8750906,0.9746986,1.103022,0.1450092,0.012357,0.728777,0.749963
2005/4/28 0:00,1.020721,1.8750906,0.9746986,1.103022,0.1450092,0.012357,0.728777,0.749963
2005/4/29 0:00,1.028204,2.02856,0.980922,1.089206,0.14522859999999999,0.012237,0.7309782,0.754205
2005/4/30 0:00,1.025546,2.04108,0.9808866,1.085541,0.1454232,0.012132,0.7310308,0.755344
2005/5/1 0:00,1.03325,2.0420900000000004,1.0184232,1.088258,0.1462058,0.012078,0.7375594,0.763475
2005/5/2 0:00,1.035797,2.04223,1.0184232,1.091655,0.1432026,0.012073,0.7254306,0.764234
2005/5/3 0:00,1.037635,2.04557,1.0184232,1.078888,0.1429206,0.011875,0.7258582,0.765755
2005/5/4 0:00,1.038001,2.0527900000000003,0.9889296,1.08135,0.1455276,0.009137399999999999,0.7245302,0.767695
2005/5/5 0:00,1.038648,2.0527900000000003,1.0028004,1.082134,0.14552759999999998,0.0091532,0.7242016,0.766989
2005/5/6 0:00,1.034233,2.04461,1.0028004,1.083377,0.1424162,0.0084644,0.7242016,0.766342
2005/5/7 0:00,1.034255,2.05533,0.9789456,1.080264,0.1456312,0.0094474,0.746235,0.769053
2005/5/8 0:00,1.043047,1.744113,0.9508542,1.088779,0.13429359999999999,0.0093972,0.762628,0.778634
2005/5/9 0:00,1.043417,1.7462505999999998,0.9811904,1.091227,0.1372824,0.009510600000000001,0.7721992,0.776699
2005/5/10 0:00,1.054563,1.92516,0.9498056,1.097743,0.13428240000000002,0.0085276,0.753688,0.782411
2005/5/11 0:00,1.056546,1.9256609999999998,0.9652868000000001,1.103144,0.1391312,0.0089672,0.7435334000000001,0.783085
2005/5/12 0:00,1.056546,1.9256609999999998,0.9652868000000001,1.103144,0.1391312,0.0089672,0.7435334000000001,0.783085
2005/5/13 0:00,1.051901,1.8349505999999998,0.9511734000000001,1.104362,0.13178240000000002,0.0089252,0.7639094,0.781067
2005/5/14 0:00,1.047559,1.8962510000000001,0.9514208,1.116071,0.14157619999999999,0.008912800000000002,0.7436532,0.785731
2005/5/15 0:00,1.049318,1.9061884,0.9666311999999999,1.115897,0.14600939999999998,0.010186800000000001,0.7569064000000001,0.788333
2005/5/16 0:00,1.053264,1.9552416000000001,0.991207,1.120649,0.153858,0.0091082,0.7802172,0.792707
2005/5/17 0:00,1.056848,1.6699234,1.0055638,1.118944,0.1541182,0.011630999999999999,0.7915098,0.798148
2005/5/18 0:00,1.05715,1.5712152,0.982691,1.119946,0.1541752,0.011038000000000001,0.7922705999999999,0.799552
2005/5/19 0:00,1.056133,1.7733775999999999,1.0151964,1.122473,0.15400439999999999,0.011630999999999999,0.7915098,0.797067
2005/5/20 0:00,1.050641,1.8119665999999999,0.978993,1.112347,0.14994839999999998,0.012131,0.7569064000000001,0.789079
2005/5/21 0:00,1.052709,1.8119666000000003,0.9981579999999999,1.110556,0.1519174,0.012127,0.7569064000000001,0.788022
2005/5/22 0:00,1.066758,1.6802592,1.0215304,1.123141,0.1539644,0.012138,0.796101,0.795229
2005/5/23 0:00,1.075072,1.586646,1.0146442,1.13071,0.15419560000000002,0.01222,0.7895124000000001,0.801989
2005/5/24 0:00,1.073895,1.5843732,1.0146442,1.128541,0.15419560000000002,0.012204,0.7895124000000001,0.801475
2005/5/25 0:00,1.074229,1.5843732,1.0146442,1.128159,0.1541956,0.012217,0.7895124000000001,0.80186
2005/5/26 0:00,1.074645,1.586646,1.0146442,1.128159,0.15419560000000002,0.012217,0.7895124000000001,0.802053
2005/5/27 0:00,1.071364,1.5712152,1.0178404,1.127742,0.1541182,0.012211,0.7922705999999999,0.799488
2005/5/28 0:00,1.077052,1.575189,1.012401,1.0257508000000002,0.156733,0.01225,0.8006385999999999,0.805218
2005/5/29 0:00,1.083882,1.575189,1.012401,1.0257508,0.1567426,0.012164,0.7974868,0.805348
2005/5/30 0:00,1.089776,1.5712152,1.004051,1.0286788,0.1541752,0.012261,0.7922706000000002,0.799361
2005/5/31 0:00,1.09595,1.5700229999999997,1.0057932,1.0434031999999998,0.1631252,0.012312,0.8065490000000001,0.808407
2005/6/1 0:00,1.093446,1.5693118,1.012295,1.0257508000000002,0.1597714,0.012329,0.8073271999999999,0.807103
2005/6/2 0:00,1.096948,1.5693118,1.012295,1.0257508000000002,0.1597714,0.012317,0.8073271999999999,0.807103
2005/6/3 0:00,1.096299,1.5760545999999998,1.0078178,1.0531776000000002,0.1631252,0.012311,0.8065490000000001,0.808865
2005/6/4 0:00,1.087016,1.5721015999999999,0.9924477999999999,1.0286788000000002,0.1541752,0.01235,0.7922706,0.800512
2005/6/5 0:00,1.077041,1.7315891999999997,1.0089948,0.990492,0.1500186,0.012415,0.7629308,0.790826
2005/6/6 0:00,1.062045,1.9972429999999999,0.9984164,0.940775,0.14793760000000003,0.012477,0.7264698,0.785484
2005/6/7 0:00,1.072444,1.737857,1.0017642,1.074642,0.1539644,0.012448,0.7671129999999999,0.793021
2005/6/8 0:00,1.076345,2.05218,1.034768,1.127742,0.153935,0.012407,0.775705,0.795292
2005/6/9 0:00,1.06945,2.05218,1.036055,1.127742,0.15389100000000003,0.012402,0.7625493999999999,0.795292
2005/6/10 0:00,1.077052,2.03602,1.037323,1.127742,0.151985,0.012435,0.748992,0.793462
2005/6/11 0:00,1.07975,2.0360199999999997,1.041764,1.0794884,0.14799959999999998,0.012376,0.7264366,0.792267
2005/6/12 0:00,1.068262,2.0190799999999998,1.038745,1.0779746000000001,0.1460108,0.012369,0.7264366,0.788333
2005/6/13 0:00,1.068285,2.0541899999999997,1.039501,1.127742,0.15520000000000003,0.012361,0.7978906,0.797957
2005/6/14 0:00,1.056669,2.00449,1.030524,1.059292,0.153846,0.012389,0.7267172000000001,0.786906
2005/6/15 0:00,1.057899,2.00449,1.032951,1.059292,0.153846,0.012364,0.7267172000000001,0.787154
2005/6/16 0:00,1.056145,2.02008,1.032951,1.059292,0.153929,0.012378,0.7267172000000001,0.785176
2005/6/17 0:00,1.060637,2.01687,1.027876,1.059292,0.153641,0.012381,0.7273332,0.78284
2005/6/18 0:00,1.057944,2.01687,1.025431,1.0580532,0.153704,0.012268,0.7405974000000001,0.782473
2005/6/19 0:00,1.061594,2.0190799999999998,1.028912,1.0643716,0.153768,0.01227,0.7411594,0.788333
2005/6/20 0:00,1.064951,2.0076,1.032951,1.0643716,0.153735,0.012232,0.7411594,0.78964
2005/6/21 0:00,1.070435,2.05419,1.029866,1.127742,0.153984,0.012262,0.8073028000000001,0.799041
2005/6/22 0:00,1.064623,2.0360199999999997,1.026799,1.122609,0.153984,0.012238,0.775705,0.793399
2005/6/23 0:00,1.066109,2.05218,1.026799,1.127742,0.153984,0.012238,0.807559,0.793399
2005/6/24 0:00,1.051049,2.05218,1.022171,1.115104,0.153728,0.012225,0.80032,0.789889
2005/6/25 0:00,1.0361417999999998,1.5595932,1.022401,1.0823003999999998,0.153882,0.01221,0.801667,0.796495
2005/6/26 0:00,1.0621703999999998,1.5626518,1.022966,1.077303,0.153988,0.012198,0.801732,0.797957
2005/6/27 0:00,1.063268,1.57865,1.021242,1.0426005999999999,0.154059,0.012299,0.803342,0.809717
2005/6/28 0:00,1.0178504,1.6007936,1.023856,1.0767852,0.154012,0.012361,0.808865,0.817394
2005/6/29 0:00,1.0227012,1.6024914,1.023123,1.0767852,0.154055,0.012372,0.808931,0.818599
2005/6/30 0:00,1.0227012,1.6024914,1.023123,1.0767852,0.154055,0.012372,0.808931,0.818599
2005/7/1 0:00,1.0178504,1.606519,1.023541,1.072703,0.154231,0.012357,0.809454,0.817394
2005/7/2 0:00,1.0223236,1.5537526,1.032077,1.0823236,0.154323,0.012286,0.809979,0.823316
2005/7/3 0:00,1.021181,1.5727284,1.026357,1.0783715999999999,0.154321,0.012362,0.809717,0.820816
2005/7/4 0:00,1.0133661999999999,1.6020356,1.02459,1.0742504,0.154242,0.012367,0.810787,0.816393
2005/7/5 0:00,1.0435162,1.6006634000000002,1.024821,1.0756776000000001,0.154321,0.012452,0.814863,0.817528
2005/7/6 0:00,1.0133661999999999,1.6033268,1.022599,1.0731196,0.154321,0.012469,0.813471,0.815794
2005/7/7 0:00,1.0133661999999999,1.6033268,1.022599,1.0731196,0.154326,0.012453,0.813471,0.815262
2005/7/8 0:00,1.0133661999999999,1.6145254000000002,1.020179,1.073404,0.154338,0.012473,0.812876,0.814266
2005/7/9 0:00,1.0467158,1.5488078,1.026589,1.0778860000000001,0.154273,0.012475,0.814863,0.821423
2005/7/10 0:00,1.0373372,1.639452,1.021211,1.0631144000000001,0.15444,0.012528,0.811214,0.816127
2005/7/11 0:00,0.9041966,1.636688,1.026778,1.0617204,0.154395,0.01244,0.812678,0.827198
2005/7/12 0:00,0.9627230000000001,1.622481,1.021952,1.0712076,0.154266,0.012456,0.80844,0.822436
2005/7/13 0:00,0.9627230000000001,1.62525,1.020408,1.0730198,0.154266,0.01245,0.808146,0.823588
2005/7/14 0:00,0.9637325999999999,1.623535,1.020408,1.072018,0.154266,0.012449,0.808146,0.823588
2005/7/15 0:00,1.063746,1.631215,1.022296,1.0651438,0.154226,0.012458,0.808846,0.813008
2005/7/16 0:00,1.0203914,1.5795236000000001,1.033143,1.0726924,0.154328,0.012423,0.813537,0.819269
2005/7/17 0:00,1.0894556,1.5810108,1.017915,1.096752,0.154269,0.012353,0.807233,0.806127
2005/7/18 0:00,1.0769714000000001,1.5731468000000002,1.014837,1.1076902,0.15444,0.012385,0.805471,0.801218
2005/7/19 0:00,1.063268,1.5884662,1.018953,1.0356371999999998,0.154536,0.012491,0.81011,0.810898
2005/7/20 0:00,1.063268,1.5884662,1.021138,1.04268,0.154512,0.012495,0.810241,0.810504
2005/7/21 0:00,1.063268,1.5884662,1.021138,1.04268,0.154512,0.012492,0.810241,0.810504
2005/7/22 0:00,1.063268,1.5759362,1.020939,1.0407959999999998,0.154488,0.012467,0.809389,0.809389
2005/7/23 0:00,1.0617906000000001,1.5820745999999999,1.027327,1.053044,0.154631,0.012481,0.811754,0.811688
2005/7/24 0:00,0.9920494,1.6086616,1.028595,1.0702710000000002,0.154722,0.012457,0.812612,0.817929
2005/7/25 0:00,1.0290279999999998,1.5809088,1.018745,1.0588458,0.154607,0.012408,0.7897869999999999,0.81011
2005/7/26 0:00,0.9898613999999999,1.5945566,1.015022,1.0386933999999999,0.15444,0.012441,0.7688306,0.81182
2005/7/27 0:00,0.9898613999999999,1.5945566,1.011941,1.0466229999999999,0.154466,0.012422,0.7688306,0.811886
2005/7/28 0:00,0.9898613999999999,1.5945566,1.011941,1.0466229999999999,0.154466,0.012433,0.7688306,0.811886
2005/7/29 0:00,0.9841567999999998,1.5710549999999999,1.012043,1.0201834,0.154297,0.012353,0.7640922,0.804829
2005/7/30 0:00,1.0255404000000001,1.5809088,1.01686,1.0588458,0.15456,0.012312,0.7858995999999999,0.810504
2005/7/31 0:00,1.0074022,1.5562008,1.030184,1.0846056000000002,0.154703,0.012372,0.7973082,0.823181
2005/8/1 0:00,0.9819896,1.588008,1.037355,1.0781703999999999,0.154708,0.012399,0.8144118,0.826583
2005/8/2 0:00,0.8940458000000001,1.5995291999999999,1.041526,1.0701958,0.154655,0.012369,0.7997106,0.828226
2005/8/3 0:00,0.9819896,1.5867441999999998,1.043188,1.0800948,0.154672,0.012373,0.8028105999999999,0.827061
2005/8/4 0:00,0.9819896,1.5867441999999998,1.043188,1.0800948,0.154672,0.012372,0.8028105999999999,0.827061
2005/8/5 0:00,0.9521608,1.5954684000000001,1.041309,1.0954760000000001,0.154777,0.012375,0.7969942000000001,0.8296
2005/8/6 0:00,0.8940458000000001,1.5995291999999999,1.04132,1.0701958,0.154631,0.01233,0.7997106,0.828157
2005/8/7 0:00,0.9819896,1.5867442,1.03584,1.0806934,0.154607,0.012357,0.8087534,0.826856
2005/8/8 0:00,1.0182504,1.5686772,1.042318,1.184273,0.154655,0.012313,0.8115806000000001,0.830979
2005/8/9 0:00,1.0445702000000001,1.5765338,1.038853,1.193317,0.154679,0.012398,0.8167402000000001,0.834446
2005/8/10 0:00,1.0306846,1.5201504,1.04015,1.195886,0.154679,0.012404,0.8128328,0.837802
2005/8/11 0:00,1.049174,1.6082994,1.04015,1.193645,0.15465,0.012401,0.817177,0.833264
2005/8/12 0:00,0.9255435999999999,1.5710692,1.032642,1.196688,0.154624,0.012453,0.7930584000000002,0.829669
2005/8/13 0:00,0.9792723999999999,1.5822766000000001,1.035572,1.200322,0.154799,0.012581,0.8077251999999999,0.819605
2005/8/14 0:00,1.0345632,1.5394144,1.041764,1.220852,0.153998,0.012656,0.8128328,0.83682
2005/8/15 0:00,1.0450506000000002,1.5610784,1.042459,1.224995,0.155446,0.012651,0.8129422,0.84317
2005/8/16 0:00,1.0370606,1.5492522000000002,1.047449,1.226392,0.155424,0.012653,0.8102284,0.845094
2005/8/17 0:00,1.0370606,1.5610784,1.048768,1.231497,0.155412,0.0121798,0.8129422,0.843597
2005/8/18 0:00,1.06553,1.6028144000000002,1.048768,1.1989805999999998,0.155412,0.012087400000000002,0.8203587999999999,0.843597
2005/8/19 0:00,1.059344,1.5982194,1.041732,1.1383888,0.15456,0.0118242,0.8183114,0.843811
2005/8/20 0:00,1.072996,1.6263095999999997,1.05241,1.2035236,0.154681,0.011670999999999999,0.8111254000000001,0.856238
2005/8/21 0:00,1.074345,1.6205908,1.056089,1.2085168,0.154878,0.011670999999999999,0.8111254000000001,0.855798
2005/8/22 0:00,1.08387,1.6289487999999999,1.058291,1.2085168,0.154871,0.011763399999999999,0.8111253999999999,0.863334
2005/8/23 0:00,1.085352,1.6391423999999997,1.053297,1.2035236,0.155101,0.011807,0.8111254000000001,0.865127
2005/8/24 0:00,1.085446,1.6354934,1.054407,1.2035236,0.155101,0.011807,0.8111254000000001,0.864678
2005/8/25 0:00,1.084599,1.6354934,1.054407,1.2035236,0.155121,0.011807,0.8111254000000001,0.864379
2005/8/26 0:00,1.086449,1.6289487999999999,1.058067,1.2035236,0.155135,0.011670999999999999,0.8111254000000001,0.866176
2005/8/27 0:00,1.096467,1.6289487999999999,1.06076,1.2035236,0.155316,0.011807,0.8111254000000001,0.87146
2005/8/28 0:00,1.102536,1.6289487999999999,1.053952,1.2035236,0.155183,0.011807,0.8178788000000001,0.870019
2005/8/29 0:00,1.101698,1.6289487999999999,1.05363,1.2035236,0.155183,0.011807,0.8178788000000001,0.871536
2005/8/30 0:00,1.099626,1.6391424,1.046124,1.2035236,0.155352,0.011807,0.8178788000000001,0.877501
2005/8/31 0:00,1.10005,1.6391424,1.047011,1.2035236,0.155311,0.011807,0.8178788000000001,0.87727
2005/9/1 0:00,1.099699,1.6391424,1.047011,1.2035236,0.155311,0.011807,0.8178788000000001,0.87727
2005/9/2 0:00,1.094895,1.6391424,1.044517,1.2035236,0.155386,0.011807,0.8197279999999999,0.874355
2005/9/3 0:00,1.079914,1.6391424,1.041515,1.2035236,0.155299,0.011807,0.8197279999999999,0.869036
2005/9/4 0:00,1.074968,1.6391424,1.039361,1.2035236,0.155352,0.011807,0.8197280000000001,0.863856
2005/9/5 0:00,1.052454,1.5946376,1.023206,1.077844,0.155333,0.0115418,0.8178257999999999,0.843811
2005/9/6 0:00,1.050851,1.6086361999999998,1.02373,1.077844,0.155263,0.011817999999999999,0.8193292,0.845237
2005/9/7 0:00,1.037947,1.5896975999999998,1.01916,1.0698675999999998,0.155263,0.0120952,0.8087844000000001,0.83167
2005/9/8 0:00,1.037947,1.5896975999999998,1.01916,1.0698675999999998,0.155263,0.0120952,0.8087844000000001,0.83167
2005/9/9 0:00,1.031555,1.574043,1.010785,1.0721346,0.155393,0.0122934,0.807554,0.830358
2005/9/10 0:00,1.014302,1.6002732000000002,1.008065,1.0817298,0.155497,0.0124334,0.8137378000000002,0.816193
2005/9/11 0:00,1.026252,1.5987379999999998,1.011941,1.0832510000000002,0.155819,0.0114934,0.8023842,0.817661
2005/9/12 0:00,1.025873,1.518507,1.010305,1.0701972,0.156441,0.010866599999999999,0.8074733999999999,0.824742
2005/9/13 0:00,1.03569,1.5924892,1.010622,1.0764688,0.156463,0.011833800000000002,0.8162853999999999,0.833611
2005/9/14 0:00,1.035047,1.5757938,1.009082,1.0697059999999998,0.156463,0.012095199999999999,0.8104248000000001,0.831393
2005/9/15 0:00,1.035047,1.5757938,1.009082,1.0679986,0.156463,0.012305400000000001,0.824402,0.831393
2005/9/16 0:00,1.048944,1.5954684000000001,1.017294,1.0700166,0.156487,0.0122886,0.831324,0.829738
2005/9/17 0:00,1.04665,1.643605,1.017656,1.0990346,0.156504,0.0109396,0.830806,0.8351
2005/9/18 0:00,1.053652,1.656287,1.019493,1.0998915999999999,0.156548,0.011305800000000001,0.832556,0.837381
2005/9/19 0:00,1.03436,1.64788,1.008787,1.0719423999999997,0.156556,0.0124482,0.822842,0.81974
2005/9/20 0:00,1.041439,1.650247,1.012443,1.0753768,0.156446,0.011763800000000001,0.827643,0.820681
2005/9/21 0:00,1.044147,1.654451,1.009897,1.0753768,0.156446,0.0109524,0.826515,0.823995
2005/9/22 0:00,1.044147,1.654451,1.009897,1.0753768,0.156446,0.0109524,0.826515,0.823995
2005/9/23 0:00,1.042209,1.646687,1.009907,1.0753768,0.156299,0.010149,0.827712,0.825083
2005/9/24 0:00,1.048229,1.649308,1.009469,1.075068,0.156348,0.010939,0.830289,0.832362
2005/9/25 0:00,1.045992,1.636983,1.012023,1.0753768,0.156544,0.010151400000000001,0.828981,0.827198
2005/9/26 0:00,1.043972,1.627803,1.014199,1.0719284000000002,0.15647,0.010667600000000001,0.825607,0.829738
2005/9/27 0:00,1.057463,1.634868,1.01626,1.0978496,0.156568,0.011305800000000001,0.831594,0.840195
2005/9/28 0:00,1.057899,1.634975,1.017315,1.0978496,0.156588,0.011305800000000001,0.831421,0.839842
2005/9/29 0:00,1.062157,1.639613,1.021263,1.2009062,0.15706,0.0116378,0.829531,0.843668
2005/9/30 0:00,1.066974,1.62958,1.021315,1.1604313999999998,0.15672,0.0119658,0.829187,0.851209
2005/10/1 0:00,1.07404,1.6177,1.023887,1.1852434,0.156704,0.012063399999999998,0.830834,0.85162
2005/10/2 0:00,1.065644,1.621297,1.01657,1.0856068,0.156703,0.0120042,0.83091,0.84674
2005/10/3 0:00,1.054741,1.610643,1.008888,1.0703778,0.156551,0.011478200000000001,0.827643,0.831947
2005/10/4 0:00,1.062643,1.596704,1.012658,1.0792118,0.156397,0.0109396,0.826836,0.831808
2005/10/5 0:00,1.059648,1.596781,1.011736,1.0658857999999998,0.156656,0.0112276,0.822774,0.832362
2005/10/6 0:00,1.046047,1.588941,1.003583,1.0679382,0.156537,0.0117454,0.816193,0.822301
2005/10/7 0:00,1.028045,1.579854,1.003391,1.0713658,0.156177,0.0117614,0.807572,0.818465
2005/10/8 0:00,1.033805,1.581703,1.011429,1.0811620000000002,0.156274,0.010151400000000001,0.806452,0.825627
2005/10/9 0:00,1.025147,1.577884,1.009693,1.0753768,0.156323,0.0105184,0.803419,0.822301
2005/10/10 0:00,1.036452,1.579979,1.020387,1.0887461999999999,0.156666,0.010708,0.805477,0.830979
2005/10/11 0:00,1.019202,1.567693,1.008369,1.0776113999999999,0.156482,0.011432999999999999,0.8057358000000001,0.819807
2005/10/12 0:00,1.022809,1.567951,1.001753,1.0667056000000001,0.15674,0.012389,0.8184144,0.816127
2005/10/13 0:00,0.974944,1.535721,0.969556,0.9838342000000001,0.156482,0.012347,0.7341146000000001,0.778028
2005/10/14 0:00,0.981451,1.545189,0.972384,0.9881898,0.156492,0.0121334,0.7414491999999999,0.778816
2005/10/15 0:00,0.972763,1.551663,0.968326,0.9803992000000001,0.156201,0.011114200000000001,0.734977,0.772618
2005/10/16 0:00,0.997506,1.567742,0.984441,1.0434123999999998,0.156355,0.012251000000000001,0.7845030000000001,0.793903
2005/10/17 0:00,0.982029,1.557899,0.972016,0.9881898,0.156397,0.0121334,0.7415717999999999,0.778634
2005/10/18 0:00,0.974184,1.561768,0.964711,0.970315,0.156311,0.0117838,0.7589225999999999,0.76746
2005/10/19 0:00,0.961169,1.547389,0.954745,0.9807205999999999,0.156348,0.010597,0.765173,0.759013
2005/10/20 0:00,0.959601,1.542401,0.956283,0.9647076,0.156863,0.0101942,0.7506898000000001,0.762486
2005/10/21 0:00,0.970214,1.538746,0.959039,0.970315,0.156764,0.0101942,0.7578668000000001,0.766754
2005/10/22 0:00,0.975657,1.555984,0.962742,0.9881898,0.157282,0.010206200000000002,0.7512874,0.76929
2005/10/23 0:00,1.0,1.567509,0.97352,1.0441364,0.157518,0.012427200000000001,0.78021,0.78456
2005/10/24 0:00,0.995124,1.558798,0.970751,1.0061136000000002,0.156838,0.012229800000000002,0.7749644,0.780457
2005/10/25 0:00,1.019098,1.575821,0.985513,1.0561816,0.157277,0.013014000000000001,0.7952366000000001,0.798148
2005/10/26 0:00,1.014199,1.573391,0.977316,1.0516296,0.156666,0.0129938,0.7943442000000001,0.791703
2005/10/27 0:00,1.02239,1.578059,0.982898,1.0561816,0.156863,0.013014000000000001,0.7918988,0.796369
2005/10/28 0:00,1.023646,1.569982,0.984049,1.0497494,0.156759,0.013014000000000001,0.7891428,0.794786
2005/10/29 0:00,1.022809,1.579105,0.984426,1.0561816,0.156674,0.013014000000000001,0.7918988,0.793336
2005/10/30 0:00,1.03325,1.593194,0.990207,1.0562886,0.156654,0.0128722,0.7833224000000001,0.801603
2005/10/31 0:00,1.044746,1.600768,0.985902,1.1174874,0.15706,0.012933799999999999,0.7829360000000001,0.797194
2005/11/1 0:00,1.034672,1.590508,0.990609,1.0758117999999999,0.157406,0.012894999999999998,0.7767468,0.79277
2005/11/2 0:00,1.07087,1.612513,1.006016,1.0813266000000001,0.157233,0.012390799999999999,0.8196362,0.821693
2005/11/3 0:00,1.058503,1.613372,1.003402,1.0662146000000001,0.157351,0.0113732,0.8093094000000001,0.810898
2005/11/4 0:00,1.032546,1.594515,0.981532,1.0548872,0.157324,0.013014000000000001,0.7744828000000001,0.793462
2005/11/5 0:00,1.032311,1.595329,0.986412,1.0595560000000002,0.157304,0.013014000000000001,0.7744828000000001,0.788955
2005/11/6 0:00,1.037797,1.599744,0.990197,1.0949088,0.157485,0.012894999999999998,0.7767468,0.791766
2005/11/7 0:00,1.034383,1.602102,0.980854,1.0873238,0.157704,0.013014000000000001,0.7744828000000001,0.791515
2005/11/8 0:00,1.033464,1.602089,0.982434,1.052646,0.157456,0.013014000000000001,0.7744828000000001,0.795229
2005/11/9 0:00,1.033122,1.607355,0.986466,1.052646,0.15758,0.013017400000000002,0.7755286000000001,0.79466
2005/11/10 0:00,1.020794,1.595825,0.98356,1.0655824,0.157604,0.012592799999999998,0.7766586,0.785762
2005/11/11 0:00,1.013818,1.593473,0.98121,1.0013268,0.1575,0.012549399999999999,0.7414504000000001,0.776398
2005/11/12 0:00,1.028807,1.608286,0.987752,1.0555666000000001,0.157659,0.012878400000000002,0.7756620000000001,0.786411
2005/11/13 0:00,1.018849,1.589193,0.982241,1.0492038,0.157344,0.012442400000000001,0.761312,0.778634
2005/11/14 0:00,1.013644,1.580903,0.97683,1.0157572,0.15756,0.012305199999999999,0.7570143999999999,0.76864
2005/11/15 0:00,1.013644,1.577163,0.979681,1.0188869999999999,0.157592,0.012425799999999997,0.755876,0.768699
2005/11/16 0:00,1.005399,1.579704,0.977231,1.0146062,0.157458,0.012221,0.764381,0.761905
2005/11/17 0:00,1.003452,1.578208,0.97426,1.0180365999999998,0.157292,0.0120362,0.7624004,0.757031
2005/11/18 0:00,1.001402,1.578906,0.97353,1.0180365999999998,0.157292,0.012007600000000002,0.7624004000000001,0.756487
2005/11/19 0:00,0.983574,1.565693,0.962385,1.0232025999999999,0.157206,0.0119136,0.7677716,0.747105
2005/11/20 0:00,0.982994,1.564798,0.964218,1.0196546,0.157191,0.011988799999999999,0.7677716,0.745629
2005/11/21 0:00,0.968804,1.55212,0.953834,0.9599886,0.157295,0.0115894,0.761287,0.740357
2005/11/22 0:00,0.973331,1.550147,0.954727,0.9909566,0.157171,0.011788400000000001,0.7697762,0.741565
2005/11/23 0:00,0.973331,1.547185,0.953834,1.0086944,0.156686,0.01189,0.7697762,0.741785
2005/11/24 0:00,0.992063,1.553302,0.967876,1.0278562,0.156583,0.012006000000000001,0.7622876,0.755059
2005/11/25 0:00,1.001603,1.561622,0.970968,1.0518426,0.15686,0.0120708,0.7637942000000001,0.762253
2005/11/26 0:00,1.024548,1.570007,0.980657,1.0514126000000001,0.156791,0.012442400000000001,0.761651,0.776759
2005/11/27 0:00,1.022349,1.569908,0.982415,1.0492038000000001,0.156961,0.012442400000000001,0.7700251999999999,0.777152
2005/11/28 0:00,1.021899,1.558895,0.983961,1.0492038000000001,0.157171,0.0124454,0.7700251999999999,0.777363
2005/11/29 0:00,1.029962,1.568652,0.985989,1.0607962,0.157555,0.012463599999999998,0.7703006,0.78183
2005/11/30 0:00,1.021503,1.557002,0.987947,1.0606124000000001,0.157853,0.0123068,0.7708454,0.778513
2005/12/1 0:00,1.018641,1.562988,0.98058,1.0011312,0.157188,0.0126812,0.7487042,0.773485
2005/12/2 0:00,1.018807,1.565068,0.97995,1.0014944,0.157828,0.012548,0.7474774,0.773156
2005/12/3 0:00,1.01915,1.563942,0.982608,1.0044368000000001,0.15333219999999997,0.0124168,0.7424888,0.773395
2005/12/4 0:00,1.02215,1.566342,0.982608,1.082626,0.1530838,0.0125466,0.7355416,0.773395
2005/12/5 0:00,1.005834,1.559381,0.972838,1.068513,0.1457578,0.012443,0.7344658,0.762021
2005/12/6 0:00,1.009296,1.553036,0.971808,1.061447,0.146048,0.012329,0.7365394,0.763534
2005/12/7 0:00,0.990884,1.544926,0.961955,1.049406,0.1450092,0.011960400000000001,0.728777,0.751174
2005/12/8 0:00,0.99453,1.548851,0.966128,1.063536,0.14493840000000002,0.0122526,0.7299515999999999,0.75392
2005/12/9 0:00,0.997506,1.551687,0.963215,1.067464,0.146048,0.011910399999999998,0.7365394,0.763009
2005/12/10 0:00,0.991473,1.552494,0.964785,1.067578,0.1457606,0.0115,0.7330485999999999,0.75706
2005/12/11 0:00,1.006999,1.567152,0.971912,1.074737,0.1456312,0.012487599999999998,0.7433548,0.769112
2005/12/12 0:00,1.006451,1.567496,0.97144,1.065303,0.15748099999999998,0.012320999999999999,0.77022,0.767401
2005/12/13 0:00,1.014055,1.566551,0.979048,1.067384,0.15739419999999998,0.012398399999999999,0.773455,0.774893
2005/12/14 0:00,1.014961,1.5615,0.98056,1.066098,0.1578492,0.012665800000000001,0.772917,0.773814
2005/12/15 0:00,1.016043,1.563795,0.977422,1.069061,0.15747019999999998,0.012398399999999999,0.774114,0.773994
2005/12/16 0:00,1.015692,1.566502,0.979912,1.070435,0.158203,0.012849,0.771188,0.772022
2005/12/17 0:00,1.009296,1.548036,0.976849,1.060108,0.158278,0.012826,0.769941,0.769172
2005/12/18 0:00,1.010795,1.537492,0.978751,1.060176,0.158328,0.012864,0.768344,0.77006
2005/12/19 0:00,1.025347,1.554291,0.983091,1.068034,0.158856,0.012992,0.772171,0.780457
2005/12/20 0:00,1.020752,1.552337,0.978857,1.065871,0.158856,0.012992,0.771307,0.777484
2005/12/21 0:00,1.020752,1.552337,0.978857,1.065871,0.158856,0.012992,0.771307,0.777484
2005/12/22 0:00,1.022098,1.549691,0.979528,1.06349,0.158881,0.013002,0.770713,0.778816
2005/12/23 0:00,1.037463,1.56519,0.990099,1.072501,0.158781,0.013043,0.779606,0.789889
2005/12/24 0:00,1.023447,1.5767655999999999,0.977135,1.046353,0.158328,0.012977,0.773294,0.781616
2005/12/25 0:00,1.0235,1.5517078,0.973047,1.0490777999999998,0.158494,0.012975,0.77232,0.781433
2005/12/26 0:00,1.021649,1.5512158,0.973302,1.0490777999999998,0.158378,0.013011,0.770939,0.785176
2005/12/27 0:00,1.032652,1.5939126000000001,0.984252,1.0278677999999999,0.158403,0.013009,0.775916,0.794976
2005/12/28 0:00,1.029506,1.5830005999999999,0.981258,1.0189157999999998,0.158303,0.013002,0.773575,0.794597
2005/12/29 0:00,1.030949,1.5825768,0.980565,1.0169877999999999,0.158295,0.013031,0.774833,0.792456
2005/12/30 0:00,1.029569,1.6723590000000002,0.976811,1.0165089999999999,0.158381,0.013004,0.773527,0.792519
2005/12/31 0:00,1.030758,1.5939126,0.982222,1.0169877999999999,0.158326,0.013024,0.774563,0.793588
2006/1/1 0:00,1.039501,1.5651798000000001,0.986777,1.0164323999999998,0.158278,0.013021,0.778756,0.800064
2006/1/2 0:00,1.046343,1.66814,0.985707,1.0419202,0.157878,0.012988,0.785204,0.805088
2006/1/3 0:00,1.053541,1.570922,0.992359,1.051944,0.158353,0.013,0.789266,0.810636
2006/1/4 0:00,1.046901,1.5721437999999999,0.989981,1.0484817999999998,0.158153,0.012858,0.787774,0.809323
2006/1/5 0:00,1.047603,1.6701768000000001,0.987567,1.0460615999999998,0.158366,0.012793,0.78703,0.805088
2006/1/6 0:00,1.065099,1.5522278,1.001292,1.0778882,0.158353,0.01291,0.796514,0.821558
2006/1/7 0:00,1.064339,1.568988,0.999016,1.0767972000000001,0.158353,0.013038,0.797512,0.823723
2006/1/8 0:00,1.05838,1.5784264000000001,0.995847,1.0803932,0.158368,0.013099,0.794786,0.819236
2006/1/9 0:00,1.0593,1.5534244,0.994926,1.0820416,0.158509,0.0113874,0.795229,0.824674
2006/1/10 0:00,1.073065,1.6081052,1.0031,1.0679985999999997,0.158562,0.013134,0.800564,0.834585
2006/1/11 0:00,1.071501,1.6081052,1.001001,1.0679986,0.158609,0.01313,0.802311,0.835143
2006/1/12 0:00,1.076623,1.6081052,1.00545,1.0679985999999997,0.158572,0.013065,0.804878,0.83619
2006/1/13 0:00,1.076195,1.6081052,1.00634,1.0679985999999997,0.158584,0.013053,0.805153,0.835946
2006/1/14 0:00,1.073353,1.6081052,1.003714,1.0679985999999997,0.158418,0.013055,0.801025,0.833611
2006/1/15 0:00,1.079564,1.6081052,1.005237,1.0679986,0.158479,0.013006,0.802697,0.83612
2006/1/16 0:00,1.078481,1.6081052,1.002366,1.0679986000000001,0.158705,0.012999,0.802381,0.833889
2006/1/17 0:00,1.08045,1.6081052,1.005733,1.0679986,0.158707,0.012908,0.801539,0.83647
2006/1/18 0:00,1.067236,1.598442,0.998891,1.0695593999999997,0.158957,0.01289,0.793714,0.8285
2006/1/19 0:00,1.067395,1.5930366,0.998602,1.0767826,0.158874,0.012882,0.792896,0.826583
2006/1/20 0:00,1.074345,1.6081052,1.00068,1.0679985999999997,0.158798,0.0129,0.796686,0.835213
2006/1/21 0:00,1.069301,1.6125817999999998,1.000811,1.0697059999999998,0.158781,0.012753,0.790983,0.832085
2006/1/22 0:00,1.074045,1.6081052,1.003402,1.0679986,0.158758,0.012784,0.792896,0.837802
2006/1/23 0:00,1.074552,1.5966106,1.001904,1.069706,0.158695,0.012686,0.791202,0.831117
2006/1/24 0:00,1.069244,1.6081052,1.002808,1.0697059999999998,0.158786,0.012601,0.793997,0.832293
2006/1/25 0:00,1.075998,1.6081052,1.007354,1.069706,0.158821,0.012578,0.798977,0.840089
2006/1/26 0:00,1.069336,1.6081052,1.004631,1.0697059999999998,0.158798,0.012541,0.795862,0.83668
2006/1/27 0:00,1.062496,1.5954683999999997,0.9654796000000001,1.0700166,0.158783,0.012454,0.794155,0.829463
2006/1/28 0:00,1.068593,1.6081052,1.0015173999999998,1.1182406,0.15875,0.012468,0.795798,0.833403
2006/1/29 0:00,1.070664,1.6095104,0.9796918,1.1370908,0.158844,0.012361,0.796305,0.83647
2006/1/30 0:00,1.069496,1.6067506000000003,0.9875418,1.156223,0.158768,0.012314,0.796369,0.835701
2006/1/31 0:00,1.07631,1.6050636,0.9546324,1.1307722,0.158697,0.012433,0.797067,0.840477
2006/2/1 0:00,1.076334,1.605623,1.0046452000000001,1.1181436,0.158748,0.01243,0.8045486000000001,0.837591
2006/2/2 0:00,1.077935,1.6033486,0.9546324,1.1306479999999999,0.158854,0.0115294,0.7973578,0.840124
2006/2/3 0:00,1.080287,1.6033486,0.9543082,1.1306479999999999,0.15873,0.011106,0.8027352000000001,0.840054
2006/2/4 0:00,1.073952,1.5757938,0.9934192000000002,1.0910294000000003,0.158765,0.0122612,0.8027398,0.83091
2006/2/5 0:00,1.073295,1.5967676000000002,0.9660822,1.0690084,0.15875,0.0116904,0.8057382000000001,0.828947
2006/2/6 0:00,1.067236,1.5619105999999998,0.9955872000000001,1.0809587999999999,0.158526,0.012390799999999999,0.8151111999999999,0.821828
2006/2/7 0:00,1.054285,1.5776232000000001,1.0069042,1.0346009999999999,0.158413,0.012692399999999998,0.8109294,0.810767
2006/2/8 0:00,1.058279,1.574803,1.0157736,1.090941,0.158358,0.010833800000000001,0.8007814,0.819739
2006/2/9 0:00,1.061391,1.581803,0.9961949999999999,1.099904,0.158288,0.0107628,0.8080552000000001,0.824063
2006/2/10 0:00,1.058941,1.568898,1.0147806000000001,1.08724,0.158514,0.011324599999999999,0.8050808,0.82149
2006/2/11 0:00,1.055487,1.567054,1.0147806,1.08724,0.158469,0.011324599999999999,0.8098687999999999,0.821355
2006/2/12 0:00,1.057899,1.567054,1.0222108,1.08724,0.15947780000000003,0.011647000000000001,0.8119938,0.821355
2006/2/13 0:00,1.04835,1.563233,1.0238814,1.09075,0.1542254,0.011858599999999999,0.8080510000000001,0.816793
2006/2/14 0:00,1.053574,1.57344,1.0296699999999999,1.087382,0.1587156,0.011708,0.8119938,0.821828
2006/2/15 0:00,1.045938,1.568627,1.0144090000000001,1.076844,0.1607028,0.0125048,0.8041974,0.809192
2006/2/16 0:00,1.054741,1.571722,1.0268682,1.084128,0.15847519999999998,0.01187,0.8078146,0.819605
2006/2/17 0:00,1.058952,1.583281,1.0100198,1.09218,0.1590442,0.010050199999999999,0.7999018,0.825014
2006/2/18 0:00,1.059401,1.584359,1.0100197999999998,1.092478,0.1590432,0.010408800000000001,0.8032672,0.824402
2006/2/19 0:00,0.9808302,1.584359,0.9983762,1.092478,0.16020779999999998,0.010408800000000001,0.8001585999999999,0.824402
2006/2/20 0:00,0.9521544000000001,1.58932,1.0316345999999998,1.097574,0.1593558,0.011055400000000002,0.802618,0.826583
2006/2/21 0:00,0.9721337999999999,1.586345,0.9978578,1.097574,0.16114,0.010908400000000002,0.79186,0.817528
2006/2/22 0:00,0.9719095999999998,1.584811,1.000466,1.09493,0.1588272,0.010804,0.790826,0.814399
2006/2/23 0:00,1.0648279999999999,1.581153,0.9994175999999999,1.093972,0.1615854,0.011994399999999999,0.789952,0.808767
2006/2/24 0:00,1.000403,1.586798,0.9978578,1.100485,0.15987279999999998,0.010908400000000002,0.792393,0.817127
2006/2/25 0:00,0.9462358,1.58705,1.0094658,1.102086,0.1618888,0.0103246,0.792959,0.819437
2006/2/26 0:00,0.9462358,1.586798,1.0094658,1.101977,0.1618888,0.0103246,0.793147,0.819437
2006/2/27 0:00,0.9902181999999999,1.594134,1.004253,1.106072,0.1635236,0.01109,0.794723,0.820917
2006/2/28 0:00,0.9879728,1.596679,1.0042529999999998,1.106317,0.1622018,0.010967799999999998,0.796242,0.821625
2006/3/1 0:00,1.000403,1.586169,1.0046646000000001,1.103789,0.1598754,0.0103128,0.79466,0.81626
2006/3/2 0:00,0.9231108000000001,1.62243,1.0038858,1.100837,0.163266,0.009891399999999998,0.793273,0.813603
2006/3/3 0:00,0.928583,1.6156308,0.9966698,1.108156,0.163489,0.0112292,0.795735,0.820883
2006/3/4 0:00,1.034704,1.5810518000000002,0.9893364,1.10882,0.16326939999999998,0.011453999999999999,0.795165,0.818465
2006/3/5 0:00,1.043242,1.5477148,1.0054412,1.106709,0.1607086,0.0109488,0.797575,0.82464
2006/3/6 0:00,1.036957,1.5105879999999998,0.9931593999999999,1.108033,0.1601976,0.011133,0.799303,0.823452
2006/3/7 0:00,1.025999,1.588815,1.0114046,1.091381,0.156836,0.010888400000000001,0.794092,0.81473
2006/3/8 0:00,1.030195,1.582654,1.0015158000000002,1.086484,0.1610424,0.0103386,0.793588,0.816327
2006/3/9 0:00,1.031151,1.588991,0.9963284,1.090513,0.16115580000000002,0.010356,0.793336,0.819403
2006/3/10 0:00,1.029898,1.582754,1.0015158000000002,1.090988,0.1589432,0.0103994,0.793242,0.81606
2006/3/11 0:00,1.029898,1.582754,1.0015158000000002,1.089918,0.1589432,0.0109956,0.793116,0.81606
2006/3/12 0:00,1.031981,1.590457,1.0204248,1.091822,0.16253299999999998,0.0106078,0.792644,0.82291
2006/3/13 0:00,1.026863,1.586169,1.0018518,1.089681,0.156836,0.0120228,0.792519,0.814531
2006/3/14 0:00,1.031353,1.59071,0.9963284,1.091286,0.163213,0.0097608,0.795545,0.818264
2006/3/15 0:00,1.043787,1.597049,1.0401782,1.098696,0.156727,0.011473200000000001,0.79885,0.827061
2006/3/16 0:00,1.037312,1.585289,1.0204248,1.087417,0.15833979999999998,0.0105694,0.80186,0.824334
2006/3/17 0:00,1.037291,1.58461,1.0140194,1.0811620000000002,0.1600232,0.0117986,0.801218,0.823045
2006/3/18 0:00,1.037646,1.58461,1.0140194,1.0811620000000002,0.1600232,0.0117986,0.801218,0.823045
2006/3/19 0:00,1.037129,1.589572,0.9922988,1.1066022,0.16127200000000003,0.0118508,0.800769,0.821018
2006/3/20 0:00,1.040702,1.594032,0.9909376,1.0753768,0.1610306,0.011807000000000002,0.801603,0.822504
2006/3/21 0:00,1.035165,1.602051,1.0194130000000001,1.0797493999999999,0.161346,0.011185,0.799361,0.816127
2006/3/22 0:00,1.032695,1.605394,1.0135614,1.0666406,0.1577584,0.012335,0.799361,0.81314
2006/3/23 0:00,1.037344,1.611941,1.0119356000000002,1.094793,0.1610854,0.012495999999999998,0.800737,0.817595
2006/3/24 0:00,1.0285,1.613684,1.0135614000000002,1.0600646,0.157534,0.012384800000000001,0.802375,0.811162
2006/3/25 0:00,1.033912,1.5798220000000003,1.0088804,1.0489844,0.1577584,0.0127642,0.803277,0.813074
2006/3/26 0:00,1.038551,1.5904052,0.9856654,1.0767838,0.1599696,0.0120882,0.8052034000000001,0.814133
2006/3/27 0:00,1.047153,1.5749054,1.022877,1.0768628,0.1582312,0.0120276,0.8170005999999999,0.822504
2006/3/28 0:00,1.041645,1.5983623999999998,1.0131854,1.0770646,0.15658160000000002,0.011586599999999999,0.8035920000000001,0.817127
2006/3/29 0:00,1.033645,1.5841918000000001,0.9973032,1.0641787999999999,0.1578854,0.012464600000000001,0.8033552,0.815129
2006/3/30 0:00,1.031449,1.5845433999999998,1.0173510000000001,1.0531776000000002,0.1576978,0.0125134,0.801731,0.80952
2006/3/31 0:00,1.024601,1.5639102,0.982691,1.0412768,0.1564876,0.011038000000000001,0.7892292000000001,0.799233
2006/4/1 0:00,1.018641,1.6704214,1.008381,1.033503,0.156435,0.010871800000000001,0.7918904,0.794849
2006/4/2 0:00,1.01805,1.7683146,1.0062072,1.0294523999999998,0.1558282,0.010746200000000001,0.803794,0.795735
2006/4/3 0:00,1.021127,1.6589896000000004,1.0042792,1.0253392,0.1562364,0.010725,0.802955,0.795672
2006/4/4 0:00,1.012494,1.8500302000000002,0.9712866,0.9494656000000001,0.1461188,0.008232599999999998,0.801603,0.788146
2006/4/5 0:00,1.008258,2.0285100000000003,0.9512915999999999,0.9494656000000001,0.1367416,0.0082004,0.799488,0.786473
2006/4/6 0:00,1.010938,1.9308520000000002,0.9573069999999999,0.9494656000000001,0.1417764,0.0082004,0.800576,0.786658
2006/4/7 0:00,1.003915,1.9313417999999998,0.9565478000000001,0.9586680000000001,0.1368712,0.008157599999999997,0.798639,0.785608
2006/4/8 0:00,0.998901,2.0216699999999994,0.948107,0.9698146000000001,0.13180680000000003,0.0081636,0.796242,0.779423
2006/4/9 0:00,0.995818,2.0486199999999997,0.9802342000000002,0.9635404000000001,0.146702,0.008368999999999998,0.792896,0.770921
2006/4/10 0:00,0.99167,2.0368,0.985127,0.9235944,0.1364172,0.0083212,0.788333,0.765111
2006/4/11 0:00,0.994233,2.04785,0.9580982,0.9235944,0.14158940000000003,0.0082858,0.789391,0.767224
2006/4/12 0:00,0.982029,1.9904600000000001,0.954506,1.0426602,0.1309042,0.0081896,0.784252,0.752729
2006/4/13 0:00,0.984349,2.01381,0.9821250000000001,1.0462946,0.1417334,0.009032000000000002,0.784191,0.756716
2006/4/14 0:00,0.984349,2.01381,0.9821250000000001,1.0462946,0.1417334,0.009032000000000002,0.784191,0.756716
2006/4/15 0:00,0.986875,2.0373799999999997,0.983926,0.9229361999999999,0.1365424,0.008427599999999999,0.786596,0.762021
2006/4/16 0:00,0.984446,2.02345,0.9679044000000001,1.0118524,0.14177820000000002,0.0083914,0.786411,0.75815
2006/4/17 0:00,0.972668,2.00345,0.9567924,0.8931816000000001,0.13609100000000002,0.008277399999999999,0.782228,0.749344
2006/4/18 0:00,0.972384,1.9874200000000002,0.9564556,0.9246774,0.1309042,0.008281,0.782362,0.750751
2006/4/19 0:00,0.977804,2.01833,0.955123,1.0309453999999998,0.1415288,0.0082462,0.781494,0.755401
2006/4/20 0:00,0.976372,2.01526,0.954506,1.026329,0.1413876,0.0082336,0.780396,0.75375
2006/4/21 0:00,0.984543,2.04338,1.0184232,1.009664,0.157761,0.0084986,0.782736,0.760861
2006/4/22 0:00,0.982222,2.04338,1.0184232,1.0080014,0.15754,0.0084978,0.781616,0.760803
2006/4/23 0:00,0.973236,2.0238,0.9831156,1.0139818,0.157255,0.009212000000000001,0.776337,0.755116
2006/4/24 0:00,0.973141,2.0288,0.9831156,1.0173972,0.156996,0.0091736,0.776337,0.753807
2006/4/25 0:00,0.96768,2.03108,0.9777898,1.0332330000000003,0.156969,0.0091468,0.772917,0.752955
2006/4/26 0:00,0.970591,2.0288,0.9831155999999999,1.0223086000000001,0.156969,0.008393000000000001,0.773694,0.754262
2006/4/27 0:00,0.970874,2.0238,0.9855988,0.9851265999999999,0.157107,0.009212000000000001,0.776156,0.755658
2006/4/28 0:00,0.972763,2.0238,0.9831156,0.9865027999999999,0.157023,0.009212000000000001,0.777303,0.755344
2006/4/29 0:00,0.990491,1.8638302,0.9817084000000001,1.0589768000000002,0.157109,0.009481199999999999,0.78376,0.768344
2006/4/30 0:00,0.993345,1.556299,0.9605005999999999,1.0430546,0.157112,0.0109394,0.784357,0.77098
2006/5/1 0:00,0.988631,1.545117,0.9873103999999999,1.0378382,0.15686,0.012131600000000001,0.778513,0.76929
2006/5/2 0:00,0.990933,1.550364,0.9658314000000001,1.0308804,0.157337,0.0110058,0.779302,0.772618
2006/5/3 0:00,0.992753,1.55739,0.9705904000000001,1.025933,0.156946,0.0114288,0.779126,0.775675
2006/5/4 0:00,0.998403,1.55642,0.9546262000000001,1.0322648,0.157473,0.0101606,0.781861,0.779545
2006/5/5 0:00,0.997705,1.55259,0.9513257999999999,1.0322648,0.156944,0.0101606,0.780945,0.77991
2006/5/6 0:00,1.005955,1.566661,0.9680842000000001,1.0451814,0.156991,0.0109746,0.786702,0.787836
2006/5/7 0:00,1.011644,1.566048,0.9783394,1.0451460000000001,0.15727,0.010960000000000001,0.787154,0.791515
2006/5/8 0:00,1.019399,1.575051,0.9888358,1.059288,0.157337,0.011458399999999999,0.790514,0.797957
2006/5/9 0:00,1.01915,1.57208,0.9788862000000002,1.057418,0.15721,0.0105838,0.788656,0.795862
2006/5/10 0:00,1.005662,1.561768,0.9654954,1.046496,0.157238,0.010533200000000001,0.782632,0.788581
2006/5/11 0:00,1.00634,1.558652,0.963063,1.045916,0.157229,0.0105254,0.784191,0.791264
2006/5/12 0:00,1.006401,1.558944,0.9707694,1.046835,0.157229,0.0109746,0.782411,0.790576
2006/5/13 0:00,1.006644,1.558944,0.9707694,1.046835,0.157229,0.0109746,0.782105,0.790576
2006/5/14 0:00,0.999151,1.556178,0.9602938,1.040691,0.157159,0.0105424,0.77997,0.786596
2006/5/15 0:00,1.005753,1.563233,0.9773564,1.039825,0.157141,0.0114116,0.782819,0.791327
2006/5/16 0:00,1.006857,1.556711,0.9707694,1.03799,0.15727,0.0109746,0.783208,0.791202
2006/5/17 0:00,1.00065,1.548947,0.9608878000000001,1.033699,0.15727,0.0105696,0.779989,0.784929
2006/5/18 0:00,1.024233,1.568874,0.9775521999999999,1.053674,0.157354,0.0105092,0.789204,0.802504
2006/5/19 0:00,1.023898,1.570549,0.982471,1.055264,0.157356,0.0105092,0.790264,0.801475
2006/5/20 0:00,1.024149,1.570549,0.982471,1.055264,0.157356,0.0105092,0.790264,0.801475
2006/5/21 0:00,1.024296,1.568874,0.9775521999999999,1.047186,0.157488,0.0105092,0.789141,0.8036
2006/5/22 0:00,1.028352,1.568874,0.9956796000000001,1.049571,0.157391,0.0114176,0.792205,0.804376
2006/5/23 0:00,1.027897,1.560087,0.9827968,1.043667,0.157515,0.011005400000000002,0.789827,0.804441
2006/5/24 0:00,1.029431,1.552506,1.0147810000000002,1.031247,0.157297,0.012422200000000001,0.79098,0.803988
2006/5/25 0:00,1.01916,1.547988,0.9865798,1.022495,0.157089,0.0128828,0.785669,0.796749
2006/5/26 0:00,1.021096,1.549043,0.9842266000000001,1.02416,0.157089,0.012295200000000001,0.786287,0.797957
2006/5/27 0:00,1.019742,1.552072,1.010701,1.025431,0.156929,0.012429599999999999,0.7960744,0.796622
2006/5/28 0:00,1.021221,1.55147,1.0036545999999997,1.020721,0.157065,0.0125598,0.7960744,0.795545
2006/5/29 0:00,1.025946,1.552795,1.0047368,1.020669,0.156993,0.0125638,0.7937464000000001,0.798531
2006/5/30 0:00,1.013541,1.54271,1.0013106,1.015981,0.15687,0.0125558,0.8014256,0.790202
2006/5/31 0:00,1.022537,1.557147,0.9911036,1.019119,0.156443,0.0120808,0.7967446,0.794786
2006/6/1 0:00,1.023604,1.563233,0.9857125999999999,1.021513,0.156745,0.0109348,0.7951796,0.797067
2006/6/2 0:00,1.030142,1.563502,0.9774839999999999,1.021409,0.15688,0.011093200000000001,0.7858913999999999,0.797703
2006/6/3 0:00,1.035626,1.564945,0.976962,1.021138,0.156974,0.0111344,0.7876754000000001,0.800064
2006/6/4 0:00,1.041764,1.570969,0.997846,1.021398,0.156885,0.0120952,0.7929210000000001,0.802439
2006/6/5 0:00,1.036731,1.562012,0.9785878,1.012422,0.1557982,0.011097,0.7869276000000001,0.798786
2006/6/6 0:00,1.03799,1.562256,0.976962,1.01273,0.15551240000000002,0.0111344,0.7876754,0.799744
2006/6/7 0:00,1.037947,1.562256,0.976962,1.01273,0.15551240000000002,0.0111344,0.7876754,0.799744
2006/6/8 0:00,1.026694,1.551831,0.9728812,1.009479,0.15552359999999998,0.012440999999999999,0.7667562,0.788457
2006/6/9 0:00,1.022735,1.549883,0.9600258,1.003804,0.14701920000000002,0.0112846,0.7413332,0.785299
2006/6/10 0:00,1.0318,1.550676,0.9810216,1.011869,0.15834159999999997,0.013013999999999998,0.7744828,0.790077
2006/6/11 0:00,1.039242,1.568406,0.997846,1.022882,0.1561748,0.0120952,0.7883424000000001,0.80186
2006/6/12 0:00,1.046704,1.572945,1.0124284000000001,1.026905,0.15725920000000002,0.0125258,0.8041974,0.809717
2006/6/13 0:00,1.048944,1.569859,1.0144090000000001,1.019888,0.1607028,0.0125048,0.8041974,0.808407
2006/6/14 0:00,1.0221852,1.568135,1.0140480000000003,1.0248,0.15607,0.0125414,0.7861583999999999,0.810504
2006/6/15 0:00,0.9886328000000001,1.561524,0.998682,1.02417,0.16331939999999998,0.012799,0.7808211999999999,0.813008
2006/6/16 0:00,1.0828184,1.550652,0.992847,1.012699,0.1622946,0.01278,0.7591748,0.808407
2006/6/17 0:00,1.0235878,1.563477,1.000981,1.029654,0.1635426,0.012722,0.7930088000000001,0.818264
2006/6/18 0:00,1.0123432,1.564456,0.998901,1.030503,0.16227540000000001,0.012745,0.807381,0.819001
2006/6/19 0:00,1.0123432,1.564333,0.998901,1.030503,0.16227540000000001,0.012742,0.807381,0.819001
2006/6/20 0:00,0.9861646000000001,1.560915,1.00021,1.032098,0.1624958,0.012791,0.8023254,0.821153
2006/6/21 0:00,0.9993768,1.563966,1.00318,1.033699,0.1631738,0.012708,0.773634,0.816127
2006/6/22 0:00,0.9987580000000001,1.566661,1.005429,1.028828,0.1613296,0.012742,0.773043,0.815328
2006/6/23 0:00,1.0072466,1.562256,1.007557,1.022735,0.1634306,0.012729,0.7638133999999999,0.811162
2006/6/24 0:00,0.9961895999999999,1.567152,1.008065,1.024013,0.15922139999999999,0.012784,0.7638133999999999,0.81215
2006/6/25 0:00,1.0828184,1.568824,1.006948,1.027158,0.1634306,0.012768,0.7622128,0.808538
2006/6/26 0:00,1.0550156000000002,1.568627,1.008471,1.026589,0.1612298,0.012695,0.7656841999999999,0.805802
2006/6/27 0:00,1.0550156000000002,1.568504,1.010918,1.022809,0.1612298,0.012673,0.7678286,0.806712
2006/6/28 0:00,1.0072466,1.573837,1.013674,1.029749,0.1571116,0.012598,0.7638134000000001,0.81103
2006/6/29 0:00,1.0612786,1.569563,1.01101,1.025704,0.160746,0.012573,0.764411,0.807233
2006/6/30 0:00,1.0612786,1.569908,1.010816,1.02681,0.160746,0.012568,0.764411,0.807624
2006/7/1 0:00,1.0612786,1.569957,1.010816,1.026842,0.160746,0.012568,0.764411,0.807624
2006/7/2 0:00,1.0152644,1.5516526,1.011235,1.027644,0.16077979999999997,0.012597,0.7746036000000001,0.809061
2006/7/3 0:00,1.0171376,1.581671,1.012043,1.0498272,0.15833460000000002,0.012607,0.792792,0.810964
2006/7/4 0:00,1.0488788000000002,1.579529,1.00712,1.055747,0.1631252,0.012633,0.7929306,0.808865
2006/7/5 0:00,1.0124841999999998,1.586546,1.006178,1.0726278,0.1611784,0.012742,0.8045338000000001,0.814001
2006/7/6 0:00,0.9703223999999999,1.582479,1.008888,1.0612556000000002,0.16068520000000003,0.01271,0.774299,0.811952
2006/7/7 0:00,1.0405466,1.579754,1.009693,1.0594086,0.1631252,0.012706,0.7898424000000001,0.809454
2006/7/8 0:00,1.0189958000000001,1.582604,1.012658,1.1028642,0.156733,0.012739,0.7359618000000001,0.804117
2006/7/9 0:00,1.0472182,1.584058,1.012474,1.1028642,0.156733,0.012704,0.7373816,0.802826
2006/7/10 0:00,1.0321478000000002,1.577387,1.007293,1.0785314000000001,0.156128,0.012726,0.7291364,0.798276
2006/7/11 0:00,1.0166692,1.586169,1.014188,1.1028642,0.15673299999999998,0.012768,0.7373815999999999,0.803084
2006/7/12 0:00,1.0189958000000001,1.586647,1.01389,1.1028642,0.15673299999999998,0.012757,0.7530874,0.803729
2006/7/13 0:00,1.0597444,1.58932,1.01424,1.0803198,0.1541752,0.012776,0.747946,0.797575
2006/7/14 0:00,1.0019132,1.588058,1.013315,1.0116662,0.15078419999999998,0.012752,0.7072754000000001,0.793462
2006/7/15 0:00,0.9631098,1.590331,1.009082,1.0116662,0.15084599999999998,0.012758,0.726773,0.79447
2006/7/16 0:00,1.0472182,1.593752,1.017832,1.1028642,0.15546140000000003,0.012669,0.7373816,0.802761
2006/7/17 0:00,0.9961895999999999,1.601409,1.022589,1.0612556000000002,0.15990500000000002,0.012786,0.7927676,0.812018
2006/7/18 0:00,1.0405466,1.600115,1.023646,1.0623402,0.1631252,0.012776,0.7925204000000001,0.809389
2006/7/19 0:00,1.0384362,1.606942,1.0207662000000002,1.0750818,0.1562218,0.012853,0.8100636,0.818666
2006/7/20 0:00,1.0120752,1.610825,1.0221616,1.1010749999999998,0.15857840000000004,0.012837,0.8107523999999999,0.819471
2006/7/21 0:00,0.9649940000000001,1.614544,1.0263324,1.0915006,0.160401,0.012907,0.7990942000000001,0.829325
2006/7/22 0:00,0.9997686000000001,1.622336,1.0263324,1.1184682000000001,0.1571782,0.012774,0.7905818,0.829119
2006/7/23 0:00,0.9164208,1.625752,1.0316345999999998,1.0640036,0.164694,0.012698,0.8121442,0.825832
2006/7/24 0:00,0.9254870000000001,1.624431,1.0316345999999998,1.0642464,0.15756019999999998,0.012711,0.8016732000000001,0.826925
2006/7/25 0:00,0.9282201999999999,1.621534,1.0336226,1.077656,0.1606048,0.012761,0.7894854,0.827883
2006/7/26 0:00,0.963303,1.619433,1.0410124,1.07048,0.16062740000000003,0.012771,0.7967829999999999,0.827541
2006/7/27 0:00,1.0199027999999999,1.625435,1.0144324,1.072766,0.1586114,0.012798,0.8064131999999999,0.830634
2006/7/28 0:00,1.0181542000000001,1.62022,1.0166456,1.067578,0.159391,0.012842,0.8053144,0.820075
2006/7/29 0:00,0.8806564,1.622192,1.0154056,1.069084,0.16469399999999998,0.012846,0.8024524,0.825627
2006/7/30 0:00,0.9827304,1.615248,1.0133016,1.063988,0.157951,0.012862,0.8075236,0.823859
2006/7/31 0:00,0.9805572,1.623298,1.0102042,1.067566,0.15997279999999997,0.012877,0.7992764,0.831808
2006/8/1 0:00,1.0226821999999998,1.616005,1.0160748,1.063909,0.1582742,0.012807,0.8061695999999999,0.830392
2006/8/2 0:00,0.9649940000000001,1.613997,1.028068,1.066633,0.16043159999999998,0.012817,0.7990942000000001,0.829187
2006/8/3 0:00,0.9282201999999999,1.615613,1.0336226,1.069119,0.1593956,0.012803,0.7894854,0.827883
2006/8/4 0:00,1.0103848,1.607459,1.0207662000000002,1.06553,0.1571564,0.012737,0.8077593999999999,0.819135
2006/8/5 0:00,0.9922063999999999,1.619695,1.0178315999999998,1.075292,0.1572342,0.012763,0.8064242,0.822639
2006/8/6 0:00,1.0099632,1.615509,1.0207662000000002,1.07594,0.1551056,0.012714,0.8077593999999999,0.818733
2006/8/7 0:00,1.0010342,1.613398,1.0242198000000002,1.075882,0.1568332,0.012713,0.813339,0.818063
2006/8/8 0:00,0.9823132000000001,1.602564,1.0289736,1.071938,0.16167979999999998,0.012789,0.81322,0.821288
2006/8/9 0:00,1.000403,1.6,1.0187597999999998,1.063717,0.154937,0.012783,0.812942,0.816927
2006/8/10 0:00,1.0308789999999999,1.600551,1.0196064,1.064963,0.155758,0.01278,0.812876,0.815461
2006/8/11 0:00,1.0357787999999999,1.604235,1.0250178,1.070286,0.1568332,0.012755,0.814266,0.8188
2006/8/12 0:00,1.0303776,1.607149,1.0180049999999998,1.071455,0.15814460000000002,0.012763,0.818264,0.816993
2006/8/13 0:00,1.0303776,1.607446,1.0180049999999998,1.071019,0.15814460000000002,0.012752,0.81813,0.81686
2006/8/14 0:00,1.0303776,1.6072,1.0180049999999998,1.070859,0.1581446,0.012753,0.81813,0.81686
2006/8/15 0:00,1.0357787999999999,1.606813,1.0209118,1.070526,0.1610794,0.012697,0.818424,0.819001
2006/8/16 0:00,1.036209,1.611733,1.0135614000000002,1.079214,0.1565842,0.012674,0.819672,0.813603
2006/8/17 0:00,0.9892384,1.6156,1.0078833999999999,1.083893,0.1615468,0.012695,0.822368,0.822301
2006/8/18 0:00,0.9891270000000001,1.613424,1.0078833999999999,1.084222,0.16022,0.012622,0.821271,0.821693
2006/8/19 0:00,1.0282104,1.5977362000000002,1.0023410000000001,1.077354,0.1578214,0.012606,0.819169,0.816593
2006/8/20 0:00,1.029689,1.5977362000000002,1.0105516,1.077261,0.15921100000000002,0.012607,0.819001,0.815927
2006/8/21 0:00,1.0282104,1.5950856,1.0105516,1.079226,0.15657040000000003,0.012527,0.818398,0.816593
2006/8/22 0:00,1.0672972,1.5954258,1.0140762,1.071708,0.15689920000000002,0.012528,0.816127,0.811688
2006/8/23 0:00,1.0282104,1.5993118,1.0060696,1.070859,0.15655180000000002,0.01253,0.818043,0.817127
2006/8/24 0:00,1.0183612,1.5615148,1.0003988,1.070778,0.16138219999999998,0.012473,0.819807,0.821625
2006/8/25 0:00,1.0183612,1.5615148,1.0007356,1.06889,0.16138219999999998,0.012549,0.818867,0.82149
2006/8/26 0:00,1.0215522,1.5708402,1.0027154,1.067156,0.160563,0.012531,0.818867,0.818867
2006/8/27 0:00,1.0030329999999998,1.6004484,1.0007356,1.073077,0.163371,0.012559,0.820075,0.820749
2006/8/28 0:00,1.0183612,1.5652028000000002,0.9966096,1.074587,0.16138219999999998,0.012522,0.819403,0.821828
2006/8/29 0:00,0.9461428,1.5990879999999998,1.0401782,1.07257,0.1606274,0.012483,0.819504,0.827404
2006/8/30 0:00,0.9107318,1.573454,1.0401782,1.064147,0.1628728,0.012423,0.817528,0.82631
2006/8/31 0:00,0.906686,1.5703666,1.0339752,1.065496,0.1610566,0.012427,0.816526,0.825287
2006/9/1 0:00,0.9295758,1.5477148,1.0206214,1.05994,0.16105660000000002,0.012475,0.81626,0.82481
2006/9/2 0:00,0.9887897999999999,1.5767057999999998,1.0410124,1.061154,0.1606048,0.012456,0.817261,0.827678
2006/9/3 0:00,0.9107318000000001,1.5947267999999999,1.0339752,1.057865,0.1628728,0.012519,0.817511,0.8259
2006/9/4 0:00,1.026487,1.5873244000000002,0.9976635999999999,1.057027,0.159933,0.012538,0.817595,0.816793
2006/9/5 0:00,0.9821188,1.6062828,1.0102902,1.054519,0.16009,0.012582,0.817207,0.814399
2006/9/6 0:00,0.9821188,1.6062828,1.0102902,1.054419,0.160123,0.012579,0.816393,0.814067
2006/9/7 0:00,1.0273884,1.5684358,0.9901616000000001,1.054841,0.160411,0.012591,0.817528,0.817394
2006/9/8 0:00,1.0169518,1.5670472,0.9863774000000001,1.056,0.160421,0.01259,0.817641,0.819471
2006/9/9 0:00,1.0672972,1.5886571999999999,1.0153718,1.058313,0.160555,0.012469,0.818264,0.811293
2006/9/10 0:00,1.0828184,1.5886572,1.0122779999999998,1.061571,0.160346,0.012319,0.81626,0.809389
2006/9/11 0:00,1.0828184,1.571854,1.0051296,1.055543,0.160313,0.012305,0.813802,0.808571
2006/9/12 0:00,0.954425,1.5900606,1.0118782,1.057272,0.160254,0.0123,0.81473,0.812546
2006/9/13 0:00,1.0284208,1.5837168000000001,0.9901616000000001,1.063377,0.160303,0.012321,0.81706,0.81813
2006/9/14 0:00,0.9985821999999999,1.5954462,0.9755962,1.063683,0.160308,0.012237,0.7919178,0.814797
2006/9/15 0:00,0.9898613999999999,1.5931542,1.0006675999999999,1.064566,0.160431,0.012142,0.7654774,0.811754
2006/9/16 0:00,0.9985821999999999,1.5737378,0.9775172,1.06849,0.160382,0.012111,0.7676179999999999,0.81493
2006/9/17 0:00,0.9998007999999998,1.5548886,0.9826706,1.075489,0.160439,0.012146,0.8065125999999999,0.823859
2006/9/18 0:00,0.9998008,1.5527856,0.9826706,1.076739,0.160444,0.012135,0.8065125999999999,0.824029
2006/9/19 0:00,0.9818506000000001,1.5580804000000001,0.9894312000000001,1.076855,0.160601,0.012177,0.8040341999999999,0.821895
2006/9/20 0:00,0.9792723999999999,1.5569266000000002,0.9878484000000001,1.074114,0.160679,0.012156,0.8091240000000001,0.821052
2006/9/21 0:00,1.0111856,1.5569157999999998,0.9894312,1.073687,0.160663,0.012214,0.8029591999999999,0.82291
2006/9/22 0:00,0.98673,1.602564,0.9893276,1.076374,0.160434,0.012182,0.8072058,0.821625
2006/9/23 0:00,0.9835226,1.602256,1.0115786,1.079331,0.160475,0.012116,0.8075878,0.819706
2006/9/24 0:00,0.9835226,1.601255,0.9893276,1.078423,0.160576,0.012123,0.8064614000000001,0.820143
2006/9/25 0:00,0.9835226,1.601255,1.0006258000000001,1.0721889999999998,0.160576,0.012119,0.8124072,0.820143
2006/9/26 0:00,0.98673,1.609956,0.9915456,1.0730448,0.160514,0.012157,0.8132128,0.821659
2006/9/27 0:00,0.9852494,1.609852,0.9898785999999999,1.0768746,0.160599,0.012215,0.8071664000000001,0.824436
2006/9/28 0:00,0.9842416,1.609749,0.9836282000000001,1.0768746,0.16056,0.012142,0.8071664000000001,0.824674
2006/9/29 0:00,1.0567258000000002,1.60689,0.9924334,1.1197518,0.160534,0.012151,0.8126152,0.832709
2006/9/30 0:00,1.0610162,1.603052,0.9924334,1.1003056,0.160632,0.012137,0.8085372,0.832882
2006/10/1 0:00,1.0610162,1.603643,0.9956441999999999,1.1003056,0.160627,0.012123,0.8075742,0.832535
2006/10/2 0:00,1.0610162,1.603643,0.9956441999999999,1.1003056,0.160627,0.012123,0.8075742,0.832535
2006/10/3 0:00,1.042536,1.5853718,0.9924656000000001,1.084037,0.160393,0.012139,0.8160674,0.834168
2006/10/4 0:00,1.0345208,1.5368948,0.9877195999999999,1.0840723999999997,0.160097,0.012134,0.8092982,0.837872
2006/10/5 0:00,1.0137319999999999,1.5862399999999999,0.9462118,1.1008064000000002,0.159752,0.011969,0.8117753999999999,0.843846
2006/10/6 0:00,1.0137222,1.61387,0.9733823999999999,1.095439,0.160072,0.011971,0.819941,0.844096
2006/10/7 0:00,0.9283699999999999,1.6761498,0.9145011999999999,1.1245642,0.160097,0.011973,0.820277,0.846346
2006/10/8 0:00,0.9283699999999999,1.6761498,0.9145011999999999,1.1245642,0.160097,0.011974,0.820277,0.846346
2006/10/9 0:00,1.0233456,1.6237706000000003,0.9878812,1.1776130000000002,0.15968140000000003,0.011942,0.819907,0.844238
2006/10/10 0:00,1.0342174,1.6442864,0.9783971999999999,1.1801662,0.1615938,0.011902,0.821392,0.842212
2006/10/11 0:00,1.0393882,1.5520828,0.9809774000000001,1.153414,0.160985,0.011859,0.820839,0.83675
2006/10/12 0:00,0.9493416,1.6081052,1.0087958000000001,1.142501,0.1594564,0.011856,0.820546,0.833229
2006/10/13 0:00,1.0024102,1.5587386,1.0045648,1.0874176,0.1592664,0.011888,0.8188,0.824368
2006/10/14 0:00,1.0397751999999998,1.5698504,0.9919800000000001,1.0779614,0.1600232,0.011872,0.819169,0.82352
2006/10/15 0:00,1.0556452,1.5664288000000002,1.0000528000000002,1.077918,0.159383,0.011789,0.818599,0.822571
2006/10/16 0:00,1.0223184,1.5615244,0.998767,1.0850952,0.1609708,0.011788,0.818833,0.821558
2006/10/17 0:00,1.03103,1.5738514000000001,1.004921,1.053454,0.158572,0.011675,0.817461,0.815894
2006/10/18 0:00,1.036044,1.5898476,1.0014783999999999,1.0634245999999998,0.1603086,0.011623,0.817799,0.817361
2006/10/19 0:00,1.038152,1.595189,1.001603,1.0675728,0.1624224,0.011613,0.817461,0.820883
2006/10/20 0:00,1.036801,1.5834177999999999,1.0069130000000002,1.0963308,0.162313,0.01163,0.817194,0.81984
2006/10/21 0:00,1.03895,1.5482483999999999,1.0401782,1.0725272000000001,0.156727,0.011551,0.818666,0.826856
2006/10/22 0:00,1.039501,1.5256709999999998,1.0401782,1.0774798,0.160611,0.01153,0.818867,0.827369
2006/10/23 0:00,1.049296,1.6073689999999998,1.0244544,1.141767,0.1581776,0.01148,0.819205,0.833854
2006/10/24 0:00,1.051431,1.614857,1.0390544,1.1663664,0.1558002,0.011501,0.818264,0.832258
2006/10/25 0:00,1.045538,1.604235,1.039997,1.1143516000000002,0.1567216,0.011345,0.813739,0.828844
2006/10/26 0:00,1.048196,1.607149,1.0390544,1.1658154,0.1569712,0.011345,0.81473,0.831843
2006/10/27 0:00,1.0483,1.607149,1.0390544,1.1658154,0.1569712,0.011345,0.814598,0.831843
2006/10/28 0:00,1.048141,1.608493,1.0286954,1.1975946,0.15694080000000002,0.011402,0.812546,0.835143
2006/10/29 0:00,1.048647,1.603849,1.0291289999999997,1.1975946,0.1581962,0.011475,0.81314,0.834376
2006/10/30 0:00,1.051668,1.602436,1.0260278,1.1573934000000001,0.15591059999999998,0.011376,0.815106,0.83956
2006/10/31 0:00,1.0573,1.612123,1.0047304000000001,1.091167,0.1589156,0.01134,0.817631,0.842212
2006/11/1 0:00,1.054241,1.613476,0.9772418,1.096792,0.1601696,0.01121,0.816263,0.837311
2006/11/2 0:00,1.053497,1.613254,0.9808624,1.094751,0.16041599999999998,0.011214,0.816093,0.836645
2006/11/3 0:00,1.053497,1.613254,0.9808624000000001,1.094691,0.16041599999999998,0.011214,0.816193,0.836645
2006/11/4 0:00,1.056067,1.607071,1.0047304000000001,1.090162,0.15796280000000001,0.011195,0.815498,0.839701
2006/11/5 0:00,1.0562,1.609269,1.0047304000000001,1.077818,0.15897480000000003,0.011275,0.816163,0.839137
2006/11/6 0:00,1.05605,1.600986,1.017482,1.073693,0.15796280000000001,0.011286,0.817498,0.841043
2006/11/7 0:00,1.053769,1.598849,1.0116468,1.071541,0.1590702,0.011183,0.817595,0.841008
2006/11/8 0:00,1.049362,1.587352,0.9787744,1.070034,0.160719,0.011125,0.8149,0.834829
2006/11/9 0:00,1.050801,1.586848,0.9787744,1.069862,0.16070379999999998,0.011097,0.814531,0.837135
2006/11/10 0:00,1.050801,1.586848,0.9787744,1.069976,0.16070379999999998,0.011094,0.814531,0.837135
2006/11/11 0:00,1.051353,1.582003,0.9914754,1.072685,0.16070379999999998,0.011139,0.8142,0.836645
2006/11/12 0:00,1.055554,1.586294,1.0116468,1.077122,0.158027,0.011291,0.814531,0.839772
2006/11/13 0:00,1.055147,1.584623,1.0116468,1.075697,0.156996,0.011306,0.815129,0.842851
2006/11/14 0:00,1.046501,1.578233,0.9814350000000001,1.076032,0.16087059999999997,0.011108,0.814001,0.838891
2006/11/15 0:00,1.042063,1.579654,0.9832594,1.080824,0.16089939999999997,0.010986,0.808996,0.837416
2006/11/16 0:00,1.0424,1.580353,0.9832594,1.079447,0.16089939999999997,0.011004,0.810241,0.837276
2006/11/17 0:00,1.04215,1.580353,0.9832594,1.079214,0.16089939999999997,0.011007,0.810964,0.837276
2006/11/18 0:00,1.040161,1.568874,1.0324950000000002,1.078464,0.1549178,0.011022,0.807689,0.830875
2006/11/19 0:00,1.046507,1.575051,0.9798956000000001,1.08481,0.1607866,0.011033,0.810373,0.837521
2006/11/20 0:00,1.042449,1.579405,1.0160674,1.096191,0.1571012,0.010979,0.809848,0.831497
2006/11/21 0:00,1.042731,1.585376,0.9839826,1.099155,0.1609518,0.010951,0.807764,0.839137
2006/11/22 0:00,1.041536,1.574456,0.9816668,1.107168,0.16112120000000002,0.010813,0.806517,0.846776
2006/11/23 0:00,1.040101,1.5696,0.9816668,1.102828,0.1610134,0.010778,0.806062,0.845309
2006/11/24 0:00,1.040599,1.569551,0.9830926,1.102791,0.1610134,0.011167,0.806062,0.84513
2006/11/25 0:00,1.042503,1.574307,0.9829584,1.100722,0.16103620000000002,0.011098,0.806452,0.845916
2006/11/26 0:00,1.038707,1.564749,0.9830926,1.100897,0.1610134,0.011167,0.807833,0.844309
2006/11/27 0:00,1.032002,1.565423,0.9742718,1.098961,0.1614324,0.011167,0.807983,0.842673
2006/11/28 0:00,1.028542,1.569206,1.0356256,1.089799,0.1568754,0.01147,0.806192,0.830392
2006/11/29 0:00,1.031662,1.580815,1.0124609999999998,1.089253,0.1578024,0.0109396,0.808016,0.835178
2006/11/30 0:00,1.031848,1.579854,1.005012,1.088613,0.1580164,0.0111092,0.807689,0.836225
2006/12/1 0:00,1.031848,1.579854,1.005012,1.08885,0.1580164,0.0111092,0.807624,0.836225
2006/12/2 0:00,1.028627,1.566747,0.974359,1.088074,0.1611926,0.011305800000000001,0.80612,0.8371
2006/12/3 0:00,1.03105,1.565435,0.9742718,1.090477,0.1614324,0.0114322,0.807233,0.84207
2006/12/4 0:00,1.034244,1.553688,0.9784356000000001,1.089437,0.16080440000000001,0.011305800000000001,0.80796,0.840407
2006/12/5 0:00,1.035084,1.549799,0.9816668,1.082497,0.1610134,0.0119658,0.809389,0.847099
2006/12/6 0:00,1.030174,1.552373,0.993301,1.175879,0.159871,0.0119096,0.807823,0.84563
2006/12/7 0:00,1.029999,1.551699,0.993301,1.175879,0.159871,0.0119096,0.808342,0.845166
2006/12/8 0:00,1.029999,1.551735,0.993301,1.175879,0.159871,0.0119096,0.808277,0.844916
2006/12/9 0:00,1.029601,1.547149,0.993301,1.182015,0.159871,0.011909600000000001,0.806793,0.845309
2006/12/10 0:00,1.035047,1.543305,0.957821,1.130852,0.15945399999999998,0.012244000000000001,0.8081,0.848284
2006/12/11 0:00,1.028373,1.529754,1.0270962,1.1837464,0.1567692,0.0122902,0.8164866,0.8364
2006/12/12 0:00,1.025336,1.525716,1.0406469999999999,1.1975946,0.1556798,0.011788,0.8074726,0.834864
2006/12/13 0:00,1.031151,1.525949,0.9890274,1.1681308000000001,0.15846259999999998,0.0118388,0.8108196,0.838223
2006/12/14 0:00,1.032098,1.516438,0.9890273999999998,1.1681308000000001,0.158088,0.0118388,0.8108196,0.837977
2006/12/15 0:00,1.033053,1.516438,1.0091147999999999,1.1681308000000001,0.1566624,0.0118388,0.8108196,0.837977
2006/12/16 0:00,1.028748,1.512173,1.0009788,1.1681308000000001,0.1584912,0.0118388,0.8108196,0.838399
2006/12/17 0:00,1.0127516,1.512493,0.9983762,1.0853819999999998,0.15994039999999998,0.0112262,0.8023393999999999,0.8243
2006/12/18 0:00,0.9644672,1.513145,1.0061267999999999,1.0881314,0.1583818,0.011261799999999999,0.8041883999999999,0.823316
2006/12/19 0:00,0.929988,1.51873,1.0311375999999999,1.1157664,0.15826759999999998,0.010446800000000003,0.7939425999999999,0.828672
2006/12/20 0:00,0.9775984,1.50263,0.9983762,1.0768746,0.1599404,0.010883399999999998,0.8018314,0.824606
2006/12/21 0:00,0.9775984000000001,1.50385,0.9916812,1.0733498000000001,0.1615828,0.011038200000000001,0.8047288,0.825151
2006/12/22 0:00,0.9346909999999999,1.508182,1.0178315999999998,1.0817302000000002,0.1588958,0.0108668,0.8023652,0.822774
2006/12/23 0:00,0.9350484,1.51046,1.0201841999999999,1.1157664,0.1591472,0.011484000000000001,0.8010068,0.829738
2006/12/24 0:00,0.9259822,1.503771,1.0146342000000002,1.141666,0.159685,0.0102112,0.8079940000000001,0.830599
2006/12/25 0:00,0.9524998,1.503488,1.0316345999999998,1.0642464,0.1587272,0.011231399999999999,0.811382,0.827096
2006/12/26 0:00,0.9679536000000001,1.492103,1.0221616,1.101075,0.15857839999999998,0.0113106,0.8097308,0.819672
2006/12/27 0:00,0.9643930000000001,1.492103,1.0232998,1.0730448,0.1594144,0.0117998,0.8107312,0.821794
2006/12/28 0:00,0.9684238000000001,1.491747,1.0232998,1.0729593999999998,0.1594144,0.011396199999999999,0.8058797999999999,0.822064
2006/12/29 0:00,0.889763,1.489758,1.0067966,1.0708314,0.1629372,0.010394,0.7988972000000001,0.825423
2006/12/30 0:00,0.9775984000000001,1.489203,1.0067966,1.0768746,0.1615828,0.010425,0.797612,0.825219
2006/12/31 0:00,0.8947255999999999,1.492203,1.0067966,1.0708313999999999,0.16469399999999998,0.01041,0.7988972000000001,0.825593
2007/1/1 0:00,0.9420498,1.508569,0.9850443999999999,1.0821606,0.160923,0.010435,0.7965359999999999,0.822571
2007/1/2 0:00,0.9598393999999999,1.512459,0.9844814,1.0642464,0.160927,0.010485,0.795932,0.827198
2007/1/3 0:00,0.9598393999999999,1.511544,0.9844814,1.0642464,0.160928,0.010494,0.795932,0.827438
2007/1/4 0:00,0.9598393999999999,1.511544,0.9844814,1.0642464,0.16116,0.010496,0.795932,0.827438
2007/1/5 0:00,1.039933,1.51167,1.0107438,1.0679471999999999,0.16088,0.010506,0.805044,0.825866
2007/1/6 0:00,1.036549,1.510551,1.0059208,1.0821606,0.160896,0.010517,0.8041558000000002,0.823791
2007/1/7 0:00,1.039393,1.512745,0.974431,1.0753768,0.160932,0.010468,0.8144038,0.822571
2007/1/8 0:00,1.043776,1.516369,0.975976,1.0762638,0.160898,0.0107992,0.8115472,0.831878
2007/1/9 0:00,1.044403,1.5867194,0.977804,1.0845752,0.16105,0.0116858,0.8129094,0.83462
2007/1/10 0:00,1.044299,1.5837518,0.977565,1.0845752,0.160974,0.0116286,0.8105993999999999,0.836225
2007/1/11 0:00,1.044299,1.5837518,0.977565,1.0845752,0.160974,0.0116286,0.8105993999999999,0.836225
2007/1/12 0:00,1.044998,1.5867194,0.978378,1.0819236,0.161071,0.0116858,0.8132522,0.83462
2007/1/13 0:00,1.047554,1.5905956,0.98256,1.0741428,0.160984,0.011255,0.8145317999999999,0.837381
2007/1/14 0:00,1.04383,1.5836926,0.98341,1.0846900000000002,0.160904,0.0116286,0.8122826,0.835981
2007/1/15 0:00,1.041271,1.5857575999999998,0.983961,1.08469,0.16097,0.011397999999999998,0.8117608000000001,0.836715
2007/1/16 0:00,1.04094,1.5857576,0.982772,1.0869662,0.160871,0.011397999999999998,0.8117608000000001,0.836225
2007/1/17 0:00,1.041499,1.5857576,0.982898,1.08469,0.160914,0.011397999999999998,0.8117608000000001,0.837205
2007/1/18 0:00,1.041499,1.5857576,0.982898,1.08469,0.161093,0.011397999999999998,0.8117608000000001,0.837205
2007/1/19 0:00,1.042949,1.5807938,0.983768,1.0829343999999999,0.161423,0.010817799999999999,0.8117608000000001,0.838434
2007/1/20 0:00,1.045402,1.578664,0.985717,1.0880332000000001,0.161324,0.0117784,0.816601,0.841999
2007/1/21 0:00,1.047861,1.5857752,0.987006,1.086452,0.161267,0.011951600000000001,0.8203587999999999,0.843811
2007/1/22 0:00,1.040031,1.5857575999999998,0.98684,1.0856154,0.16126,0.011225400000000002,0.8117608000000001,0.838153
2007/1/23 0:00,1.038346,1.5664088,0.982999,1.1006242,0.161231,0.011712400000000001,0.8150270000000001,0.842957
2007/1/24 0:00,1.042753,1.5807938,0.986388,1.0829343999999999,0.161232,0.0112228,0.8118714,0.840619
2007/1/25 0:00,1.037597,1.5614774,0.986388,1.0956899999999998,0.16121,0.011712400000000001,0.8150270000000001,0.843064
2007/1/26 0:00,1.039679,1.5705326000000002,0.981123,1.1028812000000001,0.161221,0.0115018,0.8121022,0.845952
2007/1/27 0:00,1.049164,1.5707369999999998,0.985154,1.0978412,0.161149,0.01174,0.8146928000000001,0.852115
2007/1/28 0:00,1.053707,1.5857725999999999,0.984931,1.0892589999999998,0.161466,0.0116202,0.8164672,0.856788
2007/1/29 0:00,1.054902,1.5666898000000002,0.989218,1.1027204000000002,0.161348,0.0111832,0.8130544000000001,0.86326
2007/1/30 0:00,1.050547,1.5704494,0.986777,1.0978412,0.161483,0.0116202,0.8147448,0.858001
2007/1/31 0:00,1.050001,1.5666898000000002,0.98668,1.0978412,0.161486,0.011389,0.8147448,0.858922
2007/2/1 0:00,1.0509,1.5666898,0.98668,1.0978412,0.161488,0.0116202,0.8147448,0.858848
2007/2/2 0:00,1.037646,1.5594008000000001,0.978565,1.0992361999999998,0.161653,0.0117276,0.817647,0.845666
2007/2/3 0:00,1.039301,1.5613422,0.979259,1.0992012,0.161749,0.0111504,0.8122466000000002,0.850593
2007/2/4 0:00,1.029898,1.5536782,0.973753,1.0953042,0.161983,0.0119514,0.8102284000000001,0.843917
2007/2/5 0:00,1.030137,1.5562882,0.974854,1.0953042,0.161732,0.0119514,0.8129652,0.842495
2007/2/6 0:00,1.029484,1.5536782,0.974336,1.0953042,0.161888,0.0119516,0.8129422,0.843526
2007/2/7 0:00,1.0294,1.5562882,0.974184,1.0950316,0.161807,0.0115786,0.8129652,0.841928
2007/2/8 0:00,1.027802,1.5561506,0.974232,1.0950316,0.161875,0.0115786,0.8136568000000001,0.841751
2007/2/9 0:00,1.025546,1.5772490000000001,0.973961,1.0965812,0.161749,0.0108702,0.8078350000000001,0.840795
2007/2/10 0:00,1.025452,1.577249,0.974564,1.0965812,0.161849,0.0108702,0.8093375999999999,0.840407
2007/2/11 0:00,1.026388,1.5635442000000002,0.973881,1.0971378,0.161801,0.0116094,0.817439,0.845988
2007/2/12 0:00,1.0313,1.5486748000000001,0.9807,1.095132,0.162008,0.0112666,0.8131731999999999,0.852515
2007/2/13 0:00,1.028468,1.5524334,0.983294,1.0924538,0.162261,0.0119658,0.8127023999999998,0.849005
2007/2/14 0:00,1.02805,1.5536758000000002,0.982801,1.0898892,0.162242,0.0119658,0.8127024,0.847925
2007/2/15 0:00,1.02805,1.5536758000000002,0.982801,1.0898892,0.162236,0.0119658,0.8127024,0.847925
2007/2/16 0:00,1.035299,1.550748,0.987928,1.0924538,0.16229,0.0119658,0.8083861999999999,0.856751
2007/2/17 0:00,1.036001,1.553193,0.992462,1.0924538,0.162181,0.011732999999999999,0.8131731999999999,0.856898
2007/2/18 0:00,1.028849,1.559211,0.992019,1.0924538,0.162194,0.0119658,0.815332,0.849618
2007/2/19 0:00,1.025925,1.553398,0.991881,1.0924538,0.162495,0.0119658,0.8129991999999999,0.849654
2007/2/20 0:00,1.031199,1.555658,0.99167,1.0924538,0.162454,0.0119658,0.8132216,0.853898
2007/2/21 0:00,1.032002,1.557244,0.992113,1.0924538,0.162464,0.0119658,0.8132216,0.853279
2007/2/22 0:00,1.026252,1.557244,0.992113,1.0924538,0.16235760000000002,0.0119658,0.8129991999999999,0.853279
2007/2/23 0:00,1.024711,1.554497,0.992556,1.0924538,0.1619408,0.0119658,0.8129991999999999,0.851644
2007/2/24 0:00,1.01775,1.548479,0.994743,1.0898892,0.1605026,0.0119658,0.8203587999999999,0.845309
2007/2/25 0:00,1.01818,1.555125,0.997108,1.0798093999999998,0.16056180000000003,0.011634999999999998,0.820525,0.838785
2007/2/26 0:00,1.017636,1.548827,0.99681,1.0898892,0.16002299999999997,0.011951600000000001,0.8203587999999999,0.843241
2007/2/27 0:00,1.002195,1.534919,0.988426,1.0642464,0.1635836,0.010314800000000002,0.8116070000000001,0.831221
2007/2/28 0:00,1.001101,1.536452,0.989462,1.0642464,0.1635836,0.0104332,0.8073935999999999,0.830254
2007/3/1 0:00,1.001101,1.536452,0.989462,1.0642464,0.1635836,0.0104332,0.8073935999999999,0.830254
2007/3/2 0:00,0.994382,1.529204,0.989423,1.0702702,0.1618454,0.012051000000000001,0.8108644,0.823757
2007/3/3 0:00,0.989462,1.524111,0.984678,1.0757006,0.1622682,0.0119314,0.810055,0.819706
2007/3/4 0:00,0.987752,1.522684,0.982994,1.080718,0.1630856,0.009773,0.8100586,0.821895
2007/3/5 0:00,0.9843,1.531054,0.983768,1.0624466,0.16221460000000001,0.009802,0.8052430000000002,0.818398
2007/3/6 0:00,0.974042,1.517393,0.973146,1.0623402,0.1631252,0.009705,0.8117096,0.807461
2007/3/7 0:00,0.97281,1.517048,0.972701,1.0577742,0.1631252,0.009685,0.8020658,0.806354
2007/3/8 0:00,0.97281,1.517048,0.972701,1.0692907999999999,0.16383419999999999,0.009685,0.794095,0.806354
2007/3/9 0:00,0.981306,1.524402,0.975686,1.0811464000000002,0.1622172,0.009774,0.79694,0.81626
2007/3/10 0:00,0.981884,1.516059,0.974564,1.083056,0.1622614,0.009753,0.793966,0.817595
2007/3/11 0:00,0.969415,1.505899,0.964958,1.0585860000000002,0.16383419999999999,0.009678,0.789515,0.807657
2007/3/12 0:00,0.974469,1.511156,0.969833,1.074338,0.16197659999999997,0.009828,0.791452,0.814332
2007/3/13 0:00,0.964041,1.512653,0.967586,1.055625,0.16383419999999999,0.009904,0.790611,0.808309
2007/3/14 0:00,0.964785,1.512642,0.96903,1.0669948,0.16383419999999999,0.009869,0.79107,0.809848
2007/3/15 0:00,0.967492,1.512642,0.96903,1.0669948,0.16383419999999999,0.009869,0.79107,0.809848
2007/3/16 0:00,0.963066,1.50981,0.967394,1.058586,0.16383419999999999,0.009892,0.792707,0.808407
2007/3/17 0:00,0.963577,1.505197,0.962473,1.026446,0.1647458,0.009795,0.787929,0.809029
2007/3/18 0:00,0.962881,1.511453,0.965517,1.037398,0.1647458,0.009902,0.789394,0.812381
2007/3/19 0:00,0.966978,1.521398,0.970214,1.048878,0.1647458,0.009908,0.795102,0.808211
2007/3/20 0:00,0.959739,1.517658,0.965978,1.041694,0.163004,0.009918,0.789917,0.796242
2007/3/21 0:00,0.978809,1.534601,1.0105316,1.060209,0.163087,0.010092,0.800163,0.810701
2007/3/22 0:00,0.961862,1.529099,1.0084922,1.055014,0.163167,0.009994,0.797547,0.797416
2007/3/23 0:00,0.953334,1.539788,1.0180323999999998,1.060547,0.163191,0.010074,0.800644,0.793588
2007/3/24 0:00,0.959923,1.561183,1.0180323999999998,1.074737,0.162967,0.010288,0.803052,0.802343
2007/3/25 0:00,0.948092,1.554847,0.9922582,1.070131,0.163039,0.010246,0.801029,0.787247
2007/3/26 0:00,0.949487,1.555839,0.9922582,1.068262,0.163039,0.010252,0.800644,0.788768
2007/3/27 0:00,0.950029,1.555839,0.9922582,1.068262,0.163039,0.010252,0.800644,0.788768
2007/3/28 0:00,0.946647,1.557608,0.9797072,1.071444,0.163039,0.01014,0.794906,0.789858
2007/3/29 0:00,0.941886,1.560281,0.9649581999999999,1.078912,0.163039,0.010387,0.795843,0.785793
2007/3/30 0:00,0.950074,1.567644,1.0064304,1.084305,0.163039,0.010426,0.79783,0.798244
2007/3/31 0:00,0.960108,1.568627,1.0166262,1.084287,0.163015,0.010554,0.799392,0.804182
2007/4/1 0:00,0.958819,1.569477,1.0060335999999999,1.08537,0.163111,0.010616,0.798891,0.805445
2007/4/2 0:00,0.956892,1.570648,1.0037432000000002,1.085464,0.163111,0.010628,0.798993,0.805056
2007/4/3 0:00,0.956892,1.570648,1.0037432000000002,1.085464,0.163111,0.010628,0.798993,0.805056
2007/4/4 0:00,0.953971,1.570389,1.0058716,1.08045,0.15942620000000002,0.010536,0.797057,0.799456
2007/4/5 0:00,0.949532,1.565043,0.9719787999999999,1.088198,0.1613338,0.010501,0.792519,0.800833
2007/4/6 0:00,0.95388,1.566551,1.0106515999999999,1.049206,0.16133380000000003,0.010498,0.795988,0.804182
2007/4/7 0:00,0.919794,1.547748,0.9505006,1.0174752000000002,0.15506159999999997,0.010204,0.785093,0.774054
2007/4/8 0:00,0.922765,1.543615,0.9505006,1.0174752000000002,0.15506159999999997,0.010244,0.784446,0.775104
2007/4/9 0:00,0.926698,1.544103,0.9505006,1.0174752000000002,0.15506159999999997,0.010238,0.783374,0.775795
2007/4/10 0:00,0.926655,1.541307,0.9505006,1.0174752000000002,0.15506159999999997,0.010232,0.788967,0.773994
2007/4/11 0:00,0.926741,1.530925,0.9755800000000001,1.0221822,0.15141999999999997,0.010236,0.784899,0.778665
2007/4/12 0:00,0.928031,1.525483,0.9826812,1.0221822,0.15141999999999997,0.010165,0.789833,0.778938
2007/4/13 0:00,0.913826,1.519387,0.9857358000000002,1.0174752000000002,0.15141999999999997,0.010074,0.788597,0.773694
2007/4/14 0:00,0.913993,1.521248,0.9857358000000002,1.0174752000000002,0.15141999999999997,0.010086,0.789163,0.774353
2007/4/15 0:00,0.914244,1.521248,0.9857358000000002,1.0174752000000002,0.15141999999999997,0.010086,0.789163,0.774353
2007/4/16 0:00,0.923404,1.521514,1.0046138,1.0221822,0.1523262,0.010035,0.790648,0.781158
2007/4/17 0:00,0.914119,1.515014,0.9857358000000002,1.0174752000000002,0.15141999999999997,0.009933,0.78646,0.774893
2007/4/18 0:00,0.907153,1.528129,0.9826812,1.0221822,0.15141999999999997,0.010007,0.78533,0.777091
2007/4/19 0:00,0.915961,1.507523,0.9970201999999999,1.0221822,0.15141999999999997,0.009994,0.785416,0.784037
2007/4/20 0:00,0.90551,1.490957,0.9857358000000002,1.0174752000000002,0.1381756,0.0099,0.780783,0.769675
2007/4/21 0:00,0.906906,1.489048,0.9857358000000002,1.0174752000000002,0.1381756,0.009883,0.780363,0.770951
2007/4/22 0:00,0.906906,1.489048,0.9857358000000002,1.0174752000000002,0.1381756,0.009883,0.780363,0.770951
2007/4/23 0:00,0.912492,1.494199,0.9888686,1.0221822,0.15141999999999997,0.009908,0.78139,0.780183
2007/4/24 0:00,0.917473,1.485696,0.9970202,1.0221822,0.15229759999999998,0.009902,0.782298,0.786102
2007/4/25 0:00,0.914955,1.493083,0.9888686,1.0221822,0.15141999999999997,0.009963,0.784778,0.780457
2007/4/26 0:00,0.913784,1.512814,1.0046138,1.0221822,0.1523262,0.010071,0.792302,0.779484
2007/4/27 0:00,0.9051,1.510951,0.9970201999999999,1.0221822,0.15141999999999997,0.010062,0.792176,0.778119
2007/4/28 0:00,0.904895,1.511042,0.9970202,1.0221822,0.15141999999999997,0.010078,0.792079,0.777968
2007/4/29 0:00,0.904895,1.511042,0.9970202,1.0221822,0.15141999999999997,0.010078,0.792079,0.777968
2007/4/30 0:00,0.908884,1.508944,1.0046138,1.0221822,0.1523262,0.010009,0.79154,0.780671
2007/5/1 0:00,0.923788,1.512436,1.0150852000000001,1.0457421999999998,0.1541752,0.010495,0.793692,0.788675
2007/5/2 0:00,0.923233,1.521954,1.0048042,1.0495128,0.1541752,0.0109358,0.79377,0.789952
2007/5/3 0:00,0.916842,1.522244,1.0048042,1.0429321999999999,0.1541752,0.010533599999999999,0.78973,0.790014
2007/5/4 0:00,0.919413,1.526321,1.0042453999999998,1.0512000000000001,0.15413320000000003,0.0113996,0.790611,0.794092
2007/5/5 0:00,0.917389,1.526951,0.9959239999999999,1.0429322,0.15413320000000003,0.0113996,0.789621,0.793273
2007/5/6 0:00,0.918991,1.526951,0.9959239999999999,1.0429322,0.15413320000000003,0.0110072,0.789621,0.793273
2007/5/7 0:00,0.925455,1.536098,0.9999769999999998,1.0486353999999998,0.15413320000000003,0.012307199999999999,0.793188,0.796432
2007/5/8 0:00,0.928591,1.537752,0.999977,1.0494392,0.158429,0.012349599999999999,0.791434,0.799424
2007/5/9 0:00,0.914913,1.529953,0.9959239999999999,1.0429322000000003,0.1563192,0.010566599999999999,0.7876,0.79186
2007/5/10 0:00,0.922637,1.535851,1.0141852000000002,1.0650439999999999,0.1607742,0.012455400000000002,0.789048,0.807559
2007/5/11 0:00,0.925369,1.538651,1.0147810000000002,1.0650439999999999,0.1608268,0.0124132,0.791014,0.808375
2007/5/12 0:00,0.926312,1.538355,1.0147810000000002,1.0650439999999999,0.1608268,0.012413200000000001,0.791011,0.808669
2007/5/13 0:00,0.926312,1.538355,1.0147810000000002,1.0650439999999999,0.1608268,0.012413200000000001,0.791011,0.808669
2007/5/14 0:00,0.919118,1.534295,0.9957937999999998,1.0494392000000001,0.1607742,0.012412000000000001,0.78954,0.801603
2007/5/15 0:00,0.905518,1.523206,1.0042453999999998,1.0512000000000001,0.15842900000000001,0.011347600000000001,0.786414,0.796972
2007/5/16 0:00,0.89658,1.519099,1.0131904,1.0512000000000001,0.15837479999999998,0.010992200000000002,0.784274,0.796147
2007/5/17 0:00,0.893895,1.513203,1.0046138,1.0387666000000002,0.1552594,0.010523400000000002,0.783475,0.788208
2007/5/18 0:00,0.891504,1.528269,0.9787408,1.0221822,0.155288,0.01143,0.786513,0.784806
2007/5/19 0:00,0.890591,1.528748,0.9755800000000001,1.0221822,0.15141999999999997,0.01143,0.786565,0.783331
2007/5/20 0:00,0.890591,1.528748,0.9755800000000001,1.0221822,0.15141999999999997,0.01143,0.786565,0.783331
2007/5/21 0:00,0.890948,1.535108,0.9659242000000001,1.0221822,0.15142,0.0110098,0.787299,0.780122
2007/5/22 0:00,0.898957,1.53657,0.9959240000000001,1.0399432000000002,0.15626500000000002,0.0113972,0.78883,0.790701
2007/5/23 0:00,0.900293,1.550099,0.9810142000000001,1.041073,0.1563192,0.01154,0.789238,0.796686
2007/5/24 0:00,0.911785,1.554569,0.9830435999999999,1.037617,0.1606504,0.011941199999999999,0.794199,0.802858
2007/5/25 0:00,0.919667,1.551362,0.9917200000000002,1.0456961999999999,0.1606504,0.012467200000000001,0.795535,0.803859
2007/5/26 0:00,0.919033,1.550604,0.9830436,1.0456962,0.1606504,0.012467200000000001,0.795267,0.803859
2007/5/27 0:00,0.919033,1.550604,0.972039,1.0811464,0.16383419999999999,0.0102404,0.795267,0.803859
2007/5/28 0:00,0.91529,1.546946,0.970436,1.0620549999999997,0.16383419999999999,0.009769799999999999,0.79261,0.801507
2007/5/29 0:00,0.909298,1.544747,0.96651,1.0655416,0.16383419999999999,0.0100552,0.788815,0.795355
2007/5/30 0:00,0.9132,1.550556,0.967853,1.0644752,0.16383419999999999,0.0104372,0.786739,0.803213
2007/5/31 0:00,0.913034,1.562988,0.969749,1.0644752,0.16383419999999999,0.0104668,0.787997,0.80694
2007/6/1 0:00,0.917557,1.561853,0.966277,1.0644752,0.16383419999999999,0.011333399999999999,0.786225,0.809487
2007/6/2 0:00,0.918358,1.562805,0.967459,1.0644752,0.1638342,0.011301,0.78725,0.810307
2007/6/3 0:00,0.918358,1.562842,0.967459,1.0644752,0.16383419999999999,0.011300999999999999,0.78725,0.810143
2007/6/4 0:00,0.912284,1.565889,0.966931,1.0644752,0.16383419999999999,0.0104904,0.783331,0.807005
2007/6/5 0:00,0.908637,1.567226,0.962543,1.075821,0.16383419999999999,0.0101108,0.784541,0.798085
2007/6/6 0:00,0.903261,1.569095,0.957446,1.071415,0.1638578,0.010244,0.782353,0.789484
2007/6/7 0:00,0.902772,1.559649,0.95057,1.056033,0.1643794,0.010138,0.780485,0.784652
2007/6/8 0:00,0.903138,1.556772,0.950841,1.0286122,0.1553974,0.010129,0.781458,0.781403
2007/6/9 0:00,0.902731,1.556953,0.952549,1.0286122,0.1553974,0.010127,0.781803,0.780244
2007/6/10 0:00,0.9798439999999999,1.556953,0.952549,1.0806235999999998,0.157149,0.010127,0.781803,0.780244
2007/6/11 0:00,0.9818332,1.556905,0.951506,1.0921585999999999,0.1571806,0.010135,0.780537,0.784745
2007/6/12 0:00,1.0221726,1.553543,0.952585,1.0740676,0.157194,0.010299,0.779581,0.778847
2007/6/13 0:00,1.0279074000000001,1.551747,0.954249,1.0806236000000002,0.157194,0.010232,0.783211,0.779606
2007/6/14 0:00,1.005524,1.550135,0.949492,1.0779965999999999,0.1572272,0.010181,0.784504,0.777333
2007/6/15 0:00,0.9607214000000001,1.548551,0.950706,1.0618234000000002,0.1570724,0.010186,0.784369,0.773754
2007/6/16 0:00,0.965164,1.550207,0.949028,1.0705364,0.1570724,0.010185,0.784621,0.772618
2007/6/17 0:00,0.9784934,1.550953,0.949028,1.0705364,0.1570896,0.010187,0.784621,0.772738
2007/6/18 0:00,1.0245388,1.5544,0.948025,1.0994344,0.157149,0.01007,0.784855,0.781036
2007/6/19 0:00,0.9741951999999999,1.557075,0.949221,1.0779965999999999,0.15716239999999998,0.010075,0.782546,0.778695
2007/6/20 0:00,1.0384721999999997,1.562891,0.953062,1.0730466,0.1570834,0.010024,0.784775,0.791014
2007/6/21 0:00,1.0331426000000001,1.558992,0.952082,1.0864939999999998,0.1570636,0.00999,0.780756,0.788395
2007/6/22 0:00,1.0388838,1.562659,0.961358,1.0357932,0.1570936,0.010088,0.784606,0.80016
2007/6/23 0:00,1.0386628,1.563355,0.960919,1.0357932,0.1570936,0.010089,0.784772,0.800064
2007/6/24 0:00,1.0386628,1.563355,0.960919,1.0357932,0.1570936,0.010089,0.784772,0.800064
2007/6/25 0:00,1.0377378,1.57124,0.964655,1.0627518,0.1572878,0.010044,0.787941,0.802633
2007/6/26 0:00,1.0894556,1.573849,0.966095,1.0487072000000002,0.16186799999999998,0.009971,0.788746,0.806647
2007/6/27 0:00,1.0828184,1.582166,0.969171,1.0887972,0.1634306,0.01001,0.789712,0.808669
2007/6/28 0:00,0.9467402,1.580853,0.968631,1.0763174,0.163023,0.010065,0.788715,0.814465
2007/6/29 0:00,0.9467402,1.588083,0.967258,1.0762699999999998,0.1630202,0.010076,0.788243,0.814531
2007/6/30 0:00,0.9467402,1.587554,0.966081,1.0762699999999998,0.1621656,0.010065,0.787585,0.813041
2007/7/1 0:00,0.9467402,1.587554,0.966081,1.0762699999999998,0.1621656,0.010065,0.787585,0.813041
2007/7/2 0:00,0.9484429999999999,1.590419,0.969119,1.078807,0.164764,0.010101,0.792974,0.81716
2007/7/3 0:00,0.9199296,1.591039,0.971062,1.079914,0.16442240000000002,0.010076,0.794117,0.824097
2007/7/4 0:00,0.9196986,1.597112,0.971402,1.083212,0.1627136,0.010116,0.795387,0.823825
2007/7/5 0:00,0.9174346,1.603348,0.975134,1.098581,0.1650056,0.010071,0.801957,0.835631
2007/7/6 0:00,0.9374822,1.602513,0.971794,1.099662,0.1638454,0.010065,0.799424,0.838574
2007/7/7 0:00,0.9035523999999999,1.600551,0.970403,1.098605,0.1645718,0.010067,0.798607,0.83675
2007/7/8 0:00,0.9035523999999999,1.600551,0.970403,1.098605,0.163367,0.010067,0.798607,0.83675
2007/7/9 0:00,0.9099729999999999,1.604261,0.972455,1.097984,0.162101,0.010109,0.799811,0.837907
2007/7/10 0:00,0.8967088000000001,1.601653,0.971109,1.096215,0.163372,0.010109,0.79796,0.829153
2007/7/11 0:00,0.8867706,1.607291,0.97004,1.099662,0.163412,0.010152,0.797435,0.824844
2007/7/12 0:00,0.8925592,1.602307,0.9688,1.097936,0.163412,0.010108,0.796746,0.827301
2007/7/13 0:00,0.8925592,1.613254,0.970097,1.104204,0.163412,0.010185,0.796258,0.827404
2007/7/14 0:00,0.8930016000000001,1.613788,0.970294,1.103875,0.163401,0.01018,0.795782,0.827952
2007/7/15 0:00,0.8930015999999998,1.613944,0.970294,1.103875,0.163401,0.010176,0.795782,0.827849
2007/7/16 0:00,0.8948465999999999,1.619695,0.971341,1.105871,0.163385,0.010168,0.797346,0.831808
2007/7/17 0:00,0.8925592,1.62001,0.968148,1.103826,0.163532,0.010199,0.798681,0.827198
2007/7/18 0:00,0.9069963999999999,1.621324,0.96827,1.107493,0.163532,0.010258,0.800493,0.82672
2007/7/19 0:00,0.8965528,1.616109,0.969053,1.111618,0.163532,0.010284,0.800384,0.830082
2007/7/20 0:00,0.9263733999999999,1.603502,0.970332,1.102354,0.162866,0.010267,0.802211,0.832743
2007/7/21 0:00,0.9106536000000001,1.600948,0.971308,1.102189,0.163359,0.010257,0.802166,0.831635
2007/7/22 0:00,0.9106536000000001,1.600948,0.971308,1.102189,0.163359,0.010257,0.802166,0.831635
2007/7/23 0:00,0.9211696,1.609503,0.969659,1.106195,0.163359,0.010315,0.801038,0.832952
2007/7/24 0:00,0.9039802,1.607433,0.966945,1.0952934,0.163345,0.010315,0.8004,0.829325
2007/7/25 0:00,0.8967088000000001,1.594299,0.961973,1.0910414,0.163372,0.010281,0.799252,0.828981
2007/7/26 0:00,0.9039802,1.596602,0.963373,1.0902097999999998,0.163372,0.010193,0.801269,0.829256
2007/7/27 0:00,0.9263733999999999,1.593207,0.963289,1.1008065999999999,0.163506,0.010152,0.802182,0.832743
2007/7/28 0:00,0.9158573999999999,1.595558,0.965974,1.1008065999999999,0.163383,0.010145,0.802861,0.832258
2007/7/29 0:00,0.9158573999999999,1.595558,0.965974,1.1008065999999999,0.163383,0.010145,0.802861,0.832258
2007/7/30 0:00,0.9035523999999999,1.599616,0.965908,1.1007884000000001,0.163722,0.010177,0.804146,0.83661
2007/7/31 0:00,0.9035523999999999,1.597304,0.964167,1.1007884000000001,0.163506,0.010141,0.804285,0.836645
2007/8/1 0:00,0.9093769999999999,1.591976,0.966744,1.0996432,0.163961,0.010119,0.802658,0.841468
2007/8/2 0:00,1.0325434000000002,1.616606,0.971902,1.0939912,0.164015,0.010214,0.806712,0.850847
2007/8/3 0:00,1.0325434000000002,1.616763,0.972162,1.0910438,0.1618878,0.010223,0.807921,0.849545
2007/8/4 0:00,1.0325434000000002,1.616554,0.971987,1.090138,0.1618878,0.01023,0.807174,0.850232
2007/8/5 0:00,1.0364742,1.616554,0.971987,1.0910438,0.16121639999999998,0.01023,0.8124722,0.850232
2007/8/6 0:00,1.0346414,1.614765,0.971426,1.0910438,0.16121639999999998,0.010187,0.8151111999999999,0.846704
2007/8/7 0:00,1.0312742,1.623693,0.972006,1.0966543999999998,0.1615518,0.010201,0.8124722,0.851716
2007/8/8 0:00,0.9093769999999999,1.617442,0.963558,1.0910438,0.16375699999999999,0.010282,0.8026226000000001,0.838188
2007/8/9 0:00,0.9158120000000001,1.619617,0.959187,1.0835417999999999,0.1650634,0.010274,0.8059429999999999,0.834934
2007/8/10 0:00,0.9017417999999999,1.616462,0.957181,1.0661798,0.16336659999999997,0.01026,0.7926998,0.828157
2007/8/11 0:00,0.9011836000000001,1.616554,0.956814,1.0661798,0.1646118,0.010264,0.7933324,0.827952
2007/8/12 0:00,0.9011836000000001,1.616554,0.956814,1.0661798,0.1646118,0.010264,0.7933324,0.827952
2007/8/13 0:00,0.9316659999999999,1.614231,0.957698,1.066227,0.1635728,0.010237,0.7937358,0.82905
2007/8/14 0:00,0.9504431999999999,1.5765280000000002,0.955557,1.0942524,0.16209600000000002,0.010186,0.7973106,0.824674
2007/8/15 0:00,0.9525952,1.5129074,0.9830406,1.100147,0.1625858,0.010181,0.8025574000000001,0.825866
2007/8/16 0:00,0.8931434000000001,1.5966324000000003,0.9773488,1.101105,0.1645182,0.010174,0.8015350000000001,0.82631
2007/8/17 0:00,1.0374026,1.5552856,0.9884205999999999,1.0866029999999998,0.1596602,0.010126,0.7991582,0.822842
2007/8/18 0:00,0.9558310000000001,1.5862382,0.9774676,1.101105,0.16403220000000002,0.010132,0.7990328,0.826856
2007/8/19 0:00,0.9558310000000001,1.5862382,0.9774676,1.101105,0.16403220000000002,0.010132,0.7990328,0.826856
2007/8/20 0:00,0.9016208000000001,1.6250218,0.9622793999999999,1.0956978,0.1641986,0.010138,0.7917837999999999,0.828363
2007/8/21 0:00,0.9998836000000001,1.5772044,0.9945921999999999,1.0900028000000002,0.1593612,0.010138,0.8133568,0.830151
2007/8/22 0:00,0.9751342000000001,1.6162067999999998,0.9806136000000001,1.1211646000000002,0.1621732,0.010141,0.8074326,0.838504
2007/8/23 0:00,0.916889,1.6440540000000001,0.97913,1.0853169999999999,0.16290960000000002,0.010146,0.8022394,0.833959
2007/8/24 0:00,0.9766273999999999,1.538419,0.9795972,1.0861962,0.16172340000000002,0.010102,0.802214,0.825014
2007/8/25 0:00,0.9596648,1.5116589999999999,0.992182,1.0861962,0.1617234,0.010095,0.801973,0.825287
2007/8/26 0:00,0.9766273999999999,1.5763124,0.9795972,1.0928913999999998,0.161205,0.010092,0.801973,0.824742
2007/8/27 0:00,0.935366,1.5253496,0.9784398,1.0790496,0.1612672,0.01008,0.800333,0.823418
2007/8/28 0:00,0.92993,1.5027491999999998,0.9854786000000001,1.0801383999999998,0.1622448,0.010039,0.799099,0.821963
2007/8/29 0:00,0.932618,1.5363616,0.9589272,1.0940910000000001,0.1620722,0.010075,0.801655,0.825968
2007/8/30 0:00,0.932053,1.5745315999999998,0.958376,1.0981661999999999,0.16235,0.010004,0.801349,0.827952
2007/8/31 0:00,0.936154,1.5977546000000002,0.9673754000000001,1.097445,0.1632994,0.009977,0.802108,0.832466
2007/9/1 0:00,0.937251,1.6113788,0.9670456000000002,1.091748,0.1632994,0.009984,0.802266,0.832952
2007/9/2 0:00,0.936988,1.6104707999999999,0.9675201999999998,1.0910264,0.1632994,0.009982,0.802266,0.834272
2007/9/3 0:00,0.939761,1.6074654000000002,0.9655908,1.1425930000000002,0.16082100000000002,0.009996,0.802533,0.83689
2007/9/4 0:00,0.941309,1.6014884000000003,0.9649512,1.1023016,0.1632994,0.009986,0.803445,0.83375
2007/9/5 0:00,0.937119,1.5527308000000002,0.958376,1.1173204,0.1633712,0.01,0.803277,0.829703
2007/9/6 0:00,0.924727,1.5171554,1.0127536000000001,1.0770194,0.1633718,0.009905,0.800186,0.820883
2007/9/7 0:00,0.91617,1.5833110000000001,1.0014783999999999,1.0448708,0.162226,0.009875,0.799885,0.816593
2007/9/8 0:00,0.917389,1.5808655999999999,1.006913,1.0995439999999999,0.162313,0.009876,0.800141,0.819538
2007/9/9 0:00,0.914997,1.5808655999999999,1.006913,1.0995439999999999,0.162313,0.009876,0.800141,0.819538
2007/9/10 0:00,0.914746,1.5824756,1.007507,1.0927339999999999,0.162313,0.009832,0.798521,0.818599
2007/9/11 0:00,0.912201,1.5839648,1.006913,1.1145098,0.162313,0.009862,0.797785,0.819236
2007/9/12 0:00,0.907606,1.5843692,1.0087528000000001,1.0489844,0.15775840000000002,0.009789,0.796905,0.813074
2007/9/13 0:00,0.909215,1.5776232000000001,1.0138875999999999,1.0331725999999999,0.1575152,0.009778,0.796511,0.811754
2007/9/14 0:00,0.912284,1.5852594,0.9965176,1.0596978,0.16011519999999999,0.00976,0.79693,0.815328
2007/9/15 0:00,0.8969218,1.6322094,1.0035984,1.0777914000000002,0.163266,0.009761,0.796242,0.813041
2007/9/16 0:00,0.8969218,1.6322094,1.0035984,1.0777914000000002,0.163266,0.009761,0.796242,0.813041
2007/9/17 0:00,0.9694797999999999,1.557036,0.9861274,1.0931849999999999,0.1621826,0.009705,0.796045,0.818297
2007/9/18 0:00,0.9810452,1.5619688,0.9786946000000001,1.0967014,0.1611246,0.009776,0.79812,0.82464
2007/9/19 0:00,0.9826578000000001,1.5730738,0.9962426000000001,1.0946904,0.1591146,0.009756,0.796286,0.817261
2007/9/20 0:00,0.9266606,1.5912462,0.9912976,1.0873578,0.1638374,0.009821,0.797957,0.820647
2007/9/21 0:00,0.9023620000000001,1.60094,0.9614454,1.0955818,0.16464220000000002,0.009729,0.799479,0.827335
2007/9/22 0:00,0.8975377999999999,1.6242712000000001,0.9590904,1.0983906,0.164351,0.009717,0.800362,0.828466
2007/9/23 0:00,0.8975377999999999,1.6242712000000001,0.9590904,1.0983906,0.164351,0.009717,0.800362,0.828466
2007/9/24 0:00,0.899311,1.594996,0.9614454,1.0955818000000002,0.164522,0.009689,0.800394,0.826856
2007/9/25 0:00,0.91529,1.6016216,0.9691791999999999,1.104909,0.16328979999999998,0.009723,0.800717,0.831843
2007/9/26 0:00,0.906495,1.5027491999999998,0.9854786000000001,1.0838112,0.1628244,0.00977,0.799108,0.82247
2007/9/27 0:00,0.892538,1.5436094,0.9800276,1.086151,0.1632802,0.009699,0.7963509999999999,0.823452
2007/9/28 0:00,0.895817,1.5664257999999998,0.9661630000000001,1.1012982,0.16428959999999998,0.009685,0.8005017999999999,0.8259
2007/9/29 0:00,0.896338,1.6032636,0.9664258,1.1022066000000001,0.164709,0.00969,0.7991585999999999,0.826754
2007/9/30 0:00,0.896338,1.629846,0.9801342,1.0642464,0.164709,0.00969,0.800514,0.826754
2007/10/1 0:00,0.8967,1.631002,0.9945036,1.0642464,0.164684,0.009713,0.8012066000000001,0.826549
2007/10/2 0:00,0.889996,1.626003,0.9767448,1.0648374,0.163613,0.009743,0.7981902000000002,0.824606
2007/10/3 0:00,0.888178,1.639196,1.0160336,1.0792196,0.163586,0.009688,0.8070964,0.822538
2007/10/4 0:00,0.886171,1.5873561999999999,0.9818337999999999,1.0965482,0.164704,0.009601,0.7939116,0.817461
2007/10/5 0:00,0.891981,1.5365689999999999,0.9736542,1.1011468,0.163492,0.00961,0.7947622000000001,0.821355
2007/10/6 0:00,0.892618,1.50901,0.9845376,1.0685167999999998,0.164707,0.009608,0.789721,0.820951
2007/10/7 0:00,0.892618,1.50901,0.9845376,1.0685167999999998,0.164707,0.009608,0.789721,0.820951
2007/10/8 0:00,0.893695,1.4985408,0.9909099999999998,1.0675728,0.163492,0.009608,0.788656,0.82122
2007/10/9 0:00,0.8921,1.5599756,0.9869344,1.0464259999999999,0.164718,0.009591,0.788432,0.818565
2007/10/10 0:00,0.892299,1.5691034,0.9869344,1.0528347999999998,0.164704,0.009578,0.788924,0.818331
2007/10/11 0:00,0.888455,1.5857709999999998,0.9742462,1.0511202,0.164718,0.00955,0.787954,0.81576
2007/10/12 0:00,0.888455,1.5621721999999998,0.9869344,1.0528348,0.164718,0.009522,0.788861,0.81813
2007/10/13 0:00,0.886525,1.5958974000000001,0.974696,1.0579259999999997,0.1630202,0.009509,0.787985,0.814764
2007/10/14 0:00,0.886525,1.5958974000000001,0.974696,1.0579259999999997,0.1630202,0.009509,0.787985,0.814764
2007/10/15 0:00,0.891941,1.551457,1.0127536000000001,1.0675728,0.1620876,0.0117792,0.789154,0.821288
2007/10/16 0:00,0.893136,1.5529678,0.9856830000000001,1.073039,0.160119,0.011454599999999999,0.792158,0.823249
2007/10/17 0:00,0.891305,1.5240592,0.998517,1.0668612,0.16062700000000002,0.0119428,0.791982,0.822233
2007/10/18 0:00,0.892339,1.5834178,1.0069130000000002,1.0999535999999999,0.16310560000000002,0.01126,0.789665,0.820244
2007/10/19 0:00,0.897787,1.5951136,1.022899,1.1168538,0.1604144,0.012665199999999998,0.789765,0.829531
2007/10/20 0:00,0.893855,1.5316935999999999,1.0071688,1.0762924000000003,0.16236639999999997,0.0113238,0.789219,0.827438
2007/10/21 0:00,0.893855,1.5316935999999999,1.0071688,1.0762924000000003,0.16236639999999997,0.0113238,0.789219,0.827438
2007/10/22 0:00,0.895456,1.615287,0.9909078000000001,1.0961152,0.16032980000000002,0.010966,0.788762,0.828535
2007/10/23 0:00,0.891981,1.5967825999999998,0.9907309999999999,1.0961152,0.15978979999999998,0.0110722,0.786513,0.828432
2007/10/24 0:00,0.890908,1.5976626,0.9909078000000001,1.0961152,0.15855959999999997,0.011066799999999998,0.786513,0.828569
2007/10/25 0:00,0.888573,1.519038,1.0204248,1.0755556,0.161806,0.011072400000000001,0.786671,0.825014
2007/10/26 0:00,0.898029,1.5902497999999998,0.9947252000000001,1.0826996,0.163883,0.009925,0.7998409999999999,0.828706
2007/10/27 0:00,0.891782,1.5668749999999998,0.9683974000000001,1.1036164,0.1633934,0.009601,0.801277,0.830461
2007/10/28 0:00,0.899726,1.566875,0.9683974000000001,1.1036164,0.1633934,0.009601,0.801277,0.830461
2007/10/29 0:00,0.9051,1.600274,0.969203,1.0986874,0.1640506,0.009677,0.8015204,0.83605
2007/10/30 0:00,0.897666,1.6168776,0.9689908,1.1098492,0.164101,0.00963,0.800957,0.839208
2007/10/31 0:00,0.892459,1.6183439999999998,0.9669598,1.107421,0.165536,0.0105048,0.8059082,0.834794
2007/11/1 0:00,0.880165,1.6054632000000002,0.9675772,1.0968019999999998,0.163834,0.0106974,0.8014832000000001,0.832154
2007/11/2 0:00,0.878156,1.6166038,0.9690709999999999,1.0792326,0.163881,0.011111,0.8069214,0.826276
2007/11/3 0:00,0.87831,1.5638450000000002,0.9661629999999999,1.0708331999999998,0.165281,0.0117308,0.8111504,0.825934
2007/11/4 0:00,0.87831,1.5638450000000002,0.9661629999999999,1.0708331999999998,0.165281,0.0117308,0.8111504,0.825934
2007/11/5 0:00,0.879933,1.5907796,0.9661743999999999,1.0708331999999998,0.165213,0.011599000000000002,0.8107863999999999,0.826241
2007/11/6 0:00,0.880398,1.5976408,0.9691810000000001,1.0824602,0.165317,0.011781400000000001,0.8014800000000001,0.831635
2007/11/7 0:00,0.884408,1.5894214000000002,0.9697967999999999,1.0893848000000002,0.163741,0.0112574,0.8009845999999999,0.830979
2007/11/8 0:00,0.877193,1.6054632000000002,0.9675771999999998,1.0968019999999998,0.16524,0.011035,0.8051592,0.832154
2007/11/9 0:00,0.871004,1.5374666,0.9672661999999999,1.0794980000000003,0.163869,0.010526200000000001,0.8032004,0.824844
2007/11/10 0:00,0.868395,1.5935432000000003,0.9880952000000001,1.0700041999999998,0.165319,0.012478,0.8133938000000001,0.821355
2007/11/11 0:00,0.9560181999999999,1.5833568,0.9931368,1.0661888,0.165319,0.012478,0.8119762000000001,0.821355
2007/11/12 0:00,0.9355582,1.5727516,0.9714968,1.0783390000000002,0.163867,0.0102326,0.80127,0.823486
2007/11/13 0:00,0.9208684,1.5194412,0.9666154,1.0772723999999998,0.163814,0.0107502,0.8009638000000001,0.825355
2007/11/14 0:00,0.9376574,1.6162978,0.9644334000000001,1.0687285999999998,0.163814,0.0117368,0.8068139999999999,0.827609
2007/11/15 0:00,1.0014264000000002,1.5750198000000002,0.9857146,1.0705316,0.164989,0.011077,0.7967876,0.814034
2007/11/16 0:00,0.9916876,1.5545722000000002,0.9913893999999999,1.0504128,0.164989,0.0114692,0.7899230000000002,0.808931
2007/11/17 0:00,1.0015878,1.6602658,0.988696,1.0360326,0.164989,0.0112008,0.7908786,0.808669
2007/11/18 0:00,1.0015878,1.6602658,0.988696,1.0360326,0.164989,0.0112008,0.7908786,0.808669
2007/11/19 0:00,0.9474197999999999,1.5705026,0.9936384,1.0418401999999998,0.163773,0.0114416,0.7833698,0.810931
2007/11/20 0:00,0.9660958000000001,1.5962246,0.9934457999999999,1.0888468,0.164976,0.0110376,0.7954736,0.819336
2007/11/21 0:00,0.9280908,1.564028,0.9931368,1.0878022,0.164962,0.0108876,0.7974278000000001,0.820378
2007/11/22 0:00,0.9820534000000001,1.5948493999999998,0.9614454,1.081928,0.164976,0.0108468,0.8072512000000002,0.82713
2007/11/23 0:00,0.9085373999999999,1.6173434,0.9597602000000001,1.0697458,0.164921,0.010719000000000001,0.8011693999999998,0.828054
2007/11/24 0:00,0.895696,1.5951136,0.9656356,1.0822281999999999,0.164924,0.011774600000000001,0.7977549999999999,0.829635
2007/11/25 0:00,0.895696,1.5951136,0.9656356,1.0822281999999999,0.164924,0.011774600000000001,0.7977549999999999,0.829635
2007/11/26 0:00,0.894174,1.5968997999999999,0.9618108,1.0701958,0.165003,0.0120484,0.8029364000000001,0.827438
2007/11/27 0:00,0.904364,1.6310835999999997,0.9648166,1.1037596,0.165003,0.010339999999999998,0.8058976000000001,0.833681
2007/11/28 0:00,0.902812,1.6025414000000002,0.9691810000000001,1.1056124,0.164969,0.009759,0.8014800000000001,0.831739
2007/11/29 0:00,0.897747,1.6026886,0.9648166,1.103038,0.164944,0.009785,0.8021798,0.83375
2007/11/30 0:00,0.90212,1.600274,0.969203,1.0986874,0.164929,0.00982,0.8015203999999999,0.836575
2007/12/1 0:00,0.903669,1.600274,0.9692029999999999,1.0986874,0.164829,0.009823,0.8015204,0.836925
2007/12/2 0:00,0.903669,1.600274,0.9692029999999999,1.0986874,0.164829,0.009823,0.8015204,0.836925
2007/12/3 0:00,0.903204,1.6040872,0.9669597999999999,1.0986874,0.164905,0.009814,0.8015203999999999,0.83605
2007/12/4 0:00,0.90371,1.5882942,0.9697967999999999,1.1036164000000002,0.164799,0.009771,0.8009845999999999,0.830806
2007/12/5 0:00,0.903138,1.5882942,0.9697967999999999,1.1036164000000002,0.164813,0.00977,0.8009845999999999,0.83091
2007/12/6 0:00,0.898311,1.614585,0.9580960000000001,1.101221,0.164345,0.009772,0.7987436000000001,0.828603
2007/12/7 0:00,0.895937,1.662662,1.0245799999999998,1.0642464,0.164163,0.009733,0.7978718,0.82802
2007/12/8 0:00,0.897706,1.661751,1.0245799999999998,1.0642464,0.164163,0.009755,0.7980724,0.828157
2007/12/9 0:00,0.897706,1.661751,1.0245799999999998,1.0642464,0.164163,0.009755,0.7980724,0.828157
2007/12/10 0:00,0.904037,1.663935,1.040556,1.090257,0.164163,0.00976,0.8083176,0.83382
2007/12/11 0:00,0.902649,1.669156,1.0390544,1.1027836,0.163975,0.009786,0.8083176,0.833542
2007/12/12 0:00,0.895736,1.66435,1.0224708,1.0642464,0.163279,0.00977,0.795746,0.829256
2007/12/13 0:00,0.895696,1.668196,0.9909222,1.126215,0.163279,0.009789,0.820525,0.837661
2007/12/14 0:00,0.893695,1.674369,1.0421061999999999,1.134945,0.162721,0.009793,0.820525,0.838926
2007/12/15 0:00,0.892897,1.674453,1.0421061999999999,1.136616,0.162731,0.009823,0.820525,0.838328
2007/12/16 0:00,0.892897,1.674453,1.0421061999999999,1.136616,0.162731,0.009823,0.820525,0.838328
2007/12/17 0:00,0.892698,1.671835,1.0421061999999999,1.135119,0.162707,0.009864,0.820525,0.836575
2007/12/18 0:00,0.893815,1.665848,0.9909222,1.127199,0.162784,0.009787,0.820525,0.837802
2007/12/19 0:00,0.89819,1.672451,0.9166164,1.12678,0.162787,0.009769,0.8203587999999999,0.841928
2007/12/20 0:00,0.909298,1.673752,0.9162946,1.134687,0.163159,0.009705,0.8203587999999999,0.848644
2007/12/21 0:00,0.907359,1.672604,0.9908581999999999,1.138278,0.163199,0.009676,0.8203587999999999,0.845666
2007/12/22 0:00,0.906988,1.671444,0.9402642,1.139121,0.163236,0.009683,0.8203587999999999,0.846848
2007/12/23 0:00,0.906906,1.671444,0.9402642,1.139121,0.163236,0.009683,0.8203587999999999,0.846848
2007/12/24 0:00,0.902079,1.664669,0.9908280000000002,1.138887,0.162981,0.009684,0.8203587999999999,0.84631
2007/12/25 0:00,0.900584,1.662524,0.9401788,1.138563,0.16286,0.0097,0.8203587999999999,0.847889
2007/12/26 0:00,0.897908,1.662331,1.0164779999999998,1.143864,0.162734,0.009735,0.8203587999999999,0.848896
2007/12/27 0:00,0.904691,1.665542,0.9169738000000001,1.146257,0.162721,0.009824,0.8203587999999999,0.856678
2007/12/28 0:00,0.903506,1.662054,0.9409944000000001,1.147256,0.16292,0.009858,0.8203587999999999,0.853825
2007/12/29 0:00,0.903098,1.664752,0.9162104,1.146526,0.162594,0.009866,0.8203587999999999,0.854664
2007/12/30 0:00,0.903098,1.664752,0.9162104,1.146526,0.162594,0.009866,0.8203587999999999,0.854664
2007/12/31 0:00,0.909132,1.664143,0.9166788,1.145751,0.163106,0.009841,0.8149277999999999,0.857412
2008/1/1 0:00,0.913159,1.657427,0.9176178,1.143596,0.16146,0.009866,0.7936985999999999,0.863558
2008/1/2 0:00,0.911868,1.663921,0.9177204,1.143694,0.161394,0.009845,0.7936985999999999,0.86285
2008/1/3 0:00,0.904773,1.651637,0.9161349999999999,1.132144,0.160578,0.009762,0.8155808,0.854372
2008/1/4 0:00,0.909174,1.648709,0.9161349999999999,1.132708,0.160581,0.009775,0.8155808,0.854701
2008/1/5 0:00,0.908306,1.648655,0.9161349999999999,1.132708,0.16064,0.009779,0.8155808,0.853643
2008/1/6 0:00,0.908306,1.648655,0.9161349999999999,1.132708,0.16064,0.009779,0.8155808,0.853643
2008/1/7 0:00,0.911785,1.649104,0.9161349999999999,1.131036,0.160581,0.009785,0.8098791999999999,0.854117
2008/1/8 0:00,0.915039,1.65165,0.9165778000000001,1.130825,0.16144,0.009778,0.8043056,0.856091
2008/1/9 0:00,0.922382,1.655862,0.9177177999999999,1.129305,0.16197,0.009769,0.7930286,0.860067
2008/1/10 0:00,0.925412,1.661861,0.9189526000000001,1.128643,0.160875,0.009791,0.79088,0.86734
2008/1/11 0:00,0.924129,1.663658,0.9185498000000001,1.126888,0.160875,0.00972,0.794246,0.865202
2008/1/12 0:00,0.924684,1.66435,0.9214812,1.127949,0.160974,0.009726,0.794565,0.866138
2008/1/13 0:00,0.924684,1.66435,0.9214812,1.127949,0.160974,0.009726,0.794565,0.866138
2008/1/14 0:00,0.92687,1.667389,0.9231068,1.130288,0.16081,0.009702,0.79477,0.867528
2008/1/15 0:00,0.924684,1.663631,0.9189526000000001,1.132464,0.161147,0.00966,0.794237,0.865576
2008/1/16 0:00,0.923916,1.663022,0.9170084000000001,1.127434,0.161142,0.009636,0.792073,0.855688
2008/1/17 0:00,0.922084,1.65865,0.9197714000000001,1.12163,0.161012,0.009621,0.791399,0.853752
2008/1/18 0:00,0.928505,1.657646,0.9198056000000001,1.121114,0.16094,0.009679,0.794101,0.857927
2008/1/19 0:00,0.928376,1.657949,0.9193201999999999,1.120574,0.160971,0.009682,0.794508,0.859956
2008/1/20 0:00,0.929411,1.657949,0.9194134,1.121453,0.160971,0.009682,0.794508,0.859956
2008/1/21 0:00,0.926055,1.660647,0.9175968000000001,1.126335,0.161031,0.009702,0.793707,0.859734
2008/1/22 0:00,0.935804,1.674439,0.9197165999999999,1.132035,0.160979,0.009813,0.798136,0.867453
2008/1/23 0:00,0.934973,1.673458,0.9197165999999999,1.133144,0.161368,0.009802,0.801475,0.865164
2008/1/24 0:00,0.942196,1.678556,0.9197165999999999,1.140862,0.161264,0.009851,0.801211,0.869679
2008/1/25 0:00,0.939673,1.674467,0.9190552000000001,1.14319,0.161005,0.009846,0.801298,0.868093
2008/1/26 0:00,0.939452,1.673346,0.9197165999999999,1.141748,0.160994,0.009838,0.801022,0.86915
2008/1/27 0:00,0.939496,1.673346,0.9197165999999999,1.141748,0.160994,0.009838,0.801022,0.86915
2008/1/28 0:00,0.941531,1.67259,0.9197165999999999,1.137482,0.160798,0.009828,0.798467,0.867679
2008/1/29 0:00,0.934885,1.672353,0.9197165999999999,1.136067,0.160765,0.009829,0.797986,0.863819
2008/1/30 0:00,0.937734,1.679642,0.9197165999999999,1.134514,0.160746,0.009779,0.799626,0.861772
2008/1/31 0:00,0.933358,1.679529,0.9167308000000001,1.133189,0.160798,0.009763,0.798917,0.857817
2008/2/1 0:00,0.933315,1.67874,0.9167308000000001,1.132189,0.160378,0.009765,0.798282,0.857412
2008/2/2 0:00,0.932749,1.679346,0.9167308000000001,1.132182,0.160795,0.009766,0.798327,0.857155
2008/2/3 0:00,0.932879,1.679346,0.9167308000000001,1.132182,0.160795,0.009766,0.798327,0.857155
2008/2/4 0:00,0.933576,1.679769,0.9167308000000001,1.130007,0.160449,0.009749,0.798324,0.855761
2008/2/5 0:00,0.936549,1.682949,0.9197165999999999,1.129944,0.160269,0.009744,0.795928,0.859919
2008/2/6 0:00,0.92829,1.677107,0.9168308,1.132573,0.160308,0.009773,0.795957,0.858222
2008/2/7 0:00,0.925583,1.679741,0.9149986,1.134102,0.160179,0.009778,0.79466,0.856311
2008/2/8 0:00,0.926784,1.679924,0.916052,1.134996,0.159987,0.009789,0.795779,0.858222
2008/2/9 0:00,0.92687,1.679896,0.916052,1.134514,0.159905,0.009786,0.795776,0.857596
2008/2/10 0:00,0.92687,1.680545,0.9160520000000002,1.134893,0.159905,0.009785,0.795776,0.857964
2008/2/11 0:00,0.924813,1.680743,0.9148302000000001,1.136396,0.159898,0.009769,0.795589,0.85317
2008/2/12 0:00,0.926999,1.682539,0.9161000000000001,1.130953,0.159885,0.00975,0.796464,0.855542
2008/2/13 0:00,0.927601,1.687393,0.917103,1.135654,0.159744,0.009791,0.796648,0.860919
2008/2/14 0:00,0.927429,1.689417,0.9185518,1.137165,0.15976,0.009779,0.798422,0.862664
2008/2/15 0:00,0.926398,1.686952,0.9189526000000001,1.139328,0.159757,0.00978,0.797747,0.866664
2008/2/16 0:00,1.07776,1.687522,1.0493742,1.138848,0.15976,0.009784,0.798065,0.866439
2008/2/17 0:00,0.927687,1.686654,0.9197165999999999,1.138848,0.15976,0.009785,0.798065,0.866852
2008/2/18 0:00,0.927558,1.687038,0.9231068,1.139556,0.159751,0.009795,0.799824,0.868357
2008/2/19 0:00,0.936373,1.698355,0.9319322,1.144492,0.160617,0.009847,0.801831,0.876501
2008/2/20 0:00,0.93423,1.69595,0.9312332000000001,1.141683,0.160403,0.009832,0.8009,0.867754
2008/2/21 0:00,0.938571,1.693566,0.9234726,1.137223,0.160565,0.00985,0.802291,0.865202
2008/2/22 0:00,0.935673,1.684963,0.9197165999999999,1.127777,0.160565,0.009822,0.800974,0.861289
2008/2/23 0:00,0.936505,1.685346,0.9197165999999999,1.128426,0.160573,0.009817,0.800891,0.861364
2008/2/24 0:00,0.936505,1.685346,0.9197165999999999,1.128426,0.160573,0.009817,0.800891,0.861364
2008/2/25 0:00,0.936461,1.686853,0.9197165999999999,1.126323,0.160333,0.00979,0.799725,0.86218
2008/2/26 0:00,0.934929,1.682539,0.9199596,1.122927,0.160527,0.009775,0.798394,0.863558
2008/2/27 0:00,0.93813,1.6850093999999998,0.919481,1.123255,0.160527,0.009822,0.799907,0.866889
2008/2/28 0:00,0.934667,1.6850093999999998,0.91878,1.123867,0.160539,0.009857,0.798531,0.863894
2008/2/29 0:00,0.936593,1.6850093999999998,0.920001,1.121189,0.160378,0.0098132,0.799469,0.863371
2008/3/1 0:00,0.93633,1.6850093999999998,0.920696,1.120247,0.160424,0.0098132,0.799456,0.862589
2008/3/2 0:00,0.93633,1.6850093999999998,0.920696,1.120323,0.160424,0.0098132,0.799456,0.862776
2008/3/3 0:00,0.933532,1.6795299999999997,0.919625,1.121497,0.160276,0.009813199999999998,0.800266,0.863036
2008/3/4 0:00,0.924684,1.6585682,0.916876,1.120762,0.160276,0.0096732,0.798429,0.856348
2008/3/5 0:00,0.921999,1.6631164000000003,0.914716,1.117356,0.160333,0.0096732,0.798397,0.855103
2008/3/6 0:00,0.921829,1.6585682,0.917987,1.117306,0.160424,0.009673200000000002,0.798486,0.855578
2008/3/7 0:00,0.923745,1.6642766000000002,0.92023,1.116695,0.160424,0.009673200000000002,0.798515,0.855066
2008/3/8 0:00,0.923105,1.6642765999999998,0.920416,1.116321,0.160344,0.009659999999999998,0.7987148000000001,0.85492
2008/3/9 0:00,0.928087,1.6891871999999999,0.920416,1.116321,0.160344,0.009704799999999998,0.7982476000000001,0.854153
2008/3/10 0:00,0.929561,1.6817879999999998,0.92109,1.117774,0.160269,0.0096864,0.796186,0.855359
2008/3/11 0:00,0.928087,1.6868859999999999,0.919921,1.113697,0.160051,0.0097634,0.7982476000000001,0.853352
2008/3/12 0:00,0.9523834000000001,1.6489366,0.919004,1.113177,0.159898,0.0097634,0.8088528,0.848608
2008/3/13 0:00,1.0309640000000002,1.5492522000000002,0.922199,1.114014,0.160308,0.0119658,0.8127023999999998,0.846024
2008/3/14 0:00,0.953635,1.6539752,0.921888,1.11818,0.159987,0.0106474,0.8086287999999999,0.849329
2008/3/15 0:00,0.9297152000000001,1.6792152000000002,0.922024,1.116757,0.160054,0.0097634,0.797245,0.849618
2008/3/16 0:00,0.9297152000000001,1.6792152000000002,0.922024,1.116757,0.160054,0.0097634,0.797245,0.849618
2008/3/17 0:00,0.9311337999999999,1.676097,0.917263,1.11291,0.160102,0.0102036,0.795776,0.845059
2008/3/18 0:00,1.0184736,1.6675138,0.916271,1.115567,0.159859,0.0106762,0.796067,0.842637
2008/3/19 0:00,0.9603708000000001,1.6596518,0.914185,1.115032,0.159859,0.009654800000000002,0.795254,0.841361
2008/3/20 0:00,0.9308335999999999,1.6790772,0.915047,1.121881,0.159878,0.0097634,0.797502,0.850557
2008/3/21 0:00,0.9306943999999999,1.6790772,0.914662,1.118844,0.159962,0.0097634,0.79899,0.850123
2008/3/22 0:00,0.9306943999999999,1.6790772,0.914938,1.119251,0.159987,0.0097634,0.798843,0.850051
2008/3/23 0:00,0.9306943999999999,1.6790772,0.914938,1.119251,0.159987,0.0097634,0.798843,0.850051
2008/3/24 0:00,0.931137,1.676278,0.916393,1.113865,0.159955,0.0097634,0.799834,0.84886
2008/3/25 0:00,0.9318108,1.6792749999999999,0.915835,1.111019,0.159955,0.0097634,0.800118,0.8511
2008/3/26 0:00,0.929561,1.6949782,0.919879,1.111537,0.160565,0.0097342,0.799747,0.855871
2008/3/27 0:00,0.936183,1.6844698,0.921128,1.114045,0.160643,0.0097636,0.801089,0.867905
2008/3/28 0:00,0.936183,1.6844697999999998,0.92081,1.110692,0.160813,0.0097636,0.799808,0.866476
2008/3/29 0:00,0.936183,1.6844697999999998,0.921065,1.110741,0.161044,0.0097636,0.799338,0.866363
2008/3/30 0:00,0.936183,1.6844697999999998,0.921065,1.110389,0.161044,0.0097636,0.799338,0.866363
2008/3/31 0:00,0.936183,1.6738671999999997,0.921328,1.114144,0.160559,0.0097636,0.799607,0.867227
2008/4/1 0:00,0.933306,1.6707463999999999,0.920437,1.111074,0.1608206,0.009763599999999999,0.797324,0.865014
2008/4/2 0:00,0.936183,1.6844698,0.919709,1.11415,0.16082059999999998,0.0097636,0.798754,0.868432
2008/4/3 0:00,0.9367688000000001,1.7059716000000003,0.92412,1.118143,0.1605062,0.0098016,0.799808,0.870777
2008/4/4 0:00,0.9385632000000002,1.7100526000000003,0.929891,1.116451,0.1607172,0.009839,0.800061,0.869641
2008/4/5 0:00,0.9385632000000002,1.7100526000000003,0.929558,1.11715,0.16071719999999998,0.0098312,0.800673,0.869754
2008/4/6 0:00,0.9385632000000002,1.7100526000000003,0.929558,1.11715,0.16071719999999998,0.0098312,0.800673,0.869754
2008/4/7 0:00,0.9385632000000002,1.7100526000000003,0.931945,1.118137,0.1606212,0.009839,0.800711,0.87108
2008/4/8 0:00,0.9385632000000002,1.7100526000000003,0.931129,1.117518,0.1606394,0.009839,0.800641,0.868697
2008/4/9 0:00,0.9369702,1.7113223999999998,0.932644,1.120825,0.160832,0.009858800000000001,0.79984,0.873248
2008/4/10 0:00,0.9363564,1.712988,0.935493,1.119376,0.16083200000000003,0.009834,0.800362,0.876962
2008/4/11 0:00,0.9363564,1.7128405999999998,0.937647,1.122013,0.16085280000000002,0.009864,0.800307,0.87677
2008/4/12 0:00,0.9371309999999999,1.7117073999999999,0.937576,1.122334,0.1608528,0.009861,0.800083,0.877732
2008/4/13 0:00,0.9381601999999999,1.703505,0.937576,1.122334,0.16048900000000002,0.009861,0.800083,0.877732
2008/4/14 0:00,0.9389946,1.710542,0.937339,1.127351,0.1605302,0.009874,0.802066,0.875197
2008/4/15 0:00,0.9382484,1.716075,0.940278,1.127714,0.1605302,0.009849,0.802813,0.878002
2008/4/16 0:00,0.9376678,1.715854,0.937501,1.124638,0.1605062,0.0098564,0.801446,0.876539
2008/4/17 0:00,0.935148,1.715295,0.940813,1.119188,0.1604792,0.0098564,0.801777,0.875388
2008/4/18 0:00,0.936417,1.716208,0.938734,1.118137,0.1605154,0.0098564,0.802542,0.874317
2008/4/19 0:00,0.936724,1.715943,0.938861,1.118074,0.1605154,0.0098564,0.80271,0.873935
2008/4/20 0:00,0.93633,1.715943,0.938861,1.118074,0.1605154,0.0098564,0.80271,0.873935
2008/4/21 0:00,0.937163,1.713341,0.937036,1.119319,0.1605154,0.009856400000000001,0.802401,0.876463
2008/4/22 0:00,0.940203,1.712974,0.936812,1.1242712000000001,0.1605498,0.0098564,0.804635,0.879121
2008/4/23 0:00,0.939408,1.712153,0.938254,1.1242712000000001,0.160551,0.0098564,0.805302,0.880049
2008/4/24 0:00,0.93932,1.713135,0.93832,1.1242712,0.160551,0.0098564,0.805373,0.882379
2008/4/25 0:00,0.938262,1.711347,0.93201,1.1226036000000001,0.1605498,0.009856400000000001,0.80588,0.881057
2008/4/26 0:00,0.939099,1.711552,0.931589,1.1226036000000001,0.1605498,0.009856400000000001,0.805867,0.881057
2008/4/27 0:00,0.939099,1.711552,0.931589,1.1226036000000001,0.1605498,0.009856400000000001,0.805867,0.881057
2008/4/28 0:00,0.938879,1.707461,0.933489,1.1221428,0.160551,0.009858800000000001,0.805477,0.879701
2008/4/29 0:00,0.93668,1.71456,0.929588,1.1204589999999999,0.16071719999999998,0.009856400000000001,0.804263,0.876463
2008/4/30 0:00,0.936461,1.713253,0.930613,1.1172812,0.1607172,0.009856400000000001,0.804644,0.870928
2008/5/1 0:00,0.93813,1.710659,0.931016,1.1172812,0.1607172,0.009851,0.804832,0.869981
2008/5/2 0:00,0.939629,1.708657,0.931315,1.1172812,0.160554,0.009851,0.805958,0.868923
2008/5/3 0:00,0.939276,1.708847,0.931532,1.1172812,0.16055400000000003,0.009851,0.805876,0.868998
2008/5/4 0:00,0.93932,1.708847,0.931532,1.1172812,0.1606318,0.009858800000000001,0.805876,0.869943
2008/5/5 0:00,0.937603,1.706659,0.931793,1.1172812,0.16055099999999997,0.009849600000000002,0.806725,0.868998
2008/5/6 0:00,0.93932,1.705975,0.931246,1.1172812,0.1605124,0.009845,0.806715,0.866401
2008/5/7 0:00,0.945001,1.703737,0.931736,1.1172812,0.16055740000000002,0.009853200000000001,0.808398,0.868583
2008/5/8 0:00,0.941487,1.698846,0.93028,1.1273988,0.160417,0.0098222,0.806032,0.858406
2008/5/9 0:00,0.940115,1.697346,0.925091,1.1152172,0.16025660000000003,0.0098302,0.7999449999999999,0.855139
2008/5/10 0:00,0.939541,1.697649,0.924411,1.1152172,0.16025660000000003,0.0098302,0.799945,0.855322
2008/5/11 0:00,0.939585,1.697649,0.924411,1.1152172,0.16025660000000003,0.0098302,0.799945,0.855322
2008/5/12 0:00,0.940999,1.698802,0.925446,1.1152172,0.16025660000000003,0.010695199999999998,0.7999450000000001,0.854847
2008/5/13 0:00,0.938659,1.694642,0.921939,1.1157135999999999,0.1600088,0.0119658,0.8069756,0.850376
2008/5/14 0:00,0.931966,1.690588,0.916969,1.1168776,0.1599848,0.0119658,0.8076148,0.84832
2008/5/15 0:00,0.930362,1.689189,0.918497,1.1145995999999998,0.15996980000000002,0.011522000000000001,0.7986570000000001,0.849473
2008/5/16 0:00,0.931272,1.683445,0.916376,1.1180492000000002,0.15995379999999998,0.00976,0.7988591999999999,0.851209
2008/5/17 0:00,0.931142,1.6802374,0.915931,1.1180492000000002,0.15995379999999998,0.0097634,0.7988591999999999,0.851825
2008/5/18 0:00,0.931142,1.6802374,0.915931,1.1180492000000002,0.15995379999999998,0.0097634,0.7988591999999999,0.851825
2008/5/19 0:00,0.933097,1.6785512,0.916636,1.1180492000000002,0.15995379999999998,0.0097636,0.7988591999999999,0.852551
2008/5/20 0:00,0.929627,1.6727440000000002,0.912101,1.1172486000000001,0.15999599999999997,0.0115162,0.8158784000000001,0.846059
2008/5/21 0:00,0.934885,1.6743004,0.915667,1.1168242000000002,0.16002460000000002,0.0106462,0.8076148,0.847458
2008/5/22 0:00,0.927515,1.683388,0.915386,1.1186184000000001,0.15995379999999998,0.0110816,0.7988024,0.84832
2008/5/23 0:00,0.927687,1.677965,0.911369,1.1186184000000001,0.15999599999999997,0.0119658,0.8158784000000001,0.846883
2008/5/24 0:00,0.927773,1.677501,0.911452,1.1172486,0.15999599999999997,0.0119658,0.8158784000000001,0.846167
2008/5/25 0:00,0.927773,1.677346,0.911452,1.1186184000000001,0.15999599999999997,0.0119658,0.8158784000000001,0.846274
2008/5/26 0:00,0.926012,1.678655,0.915089,1.1161688,0.160024,0.0119658,0.8152356000000001,0.845845
2008/5/27 0:00,0.927171,1.681266,0.913709,1.115325,0.1599278,0.011951399999999997,0.8105122,0.843668
2008/5/28 0:00,0.930665,1.669282,0.915302,1.1161688,0.16006460000000003,0.0110832,0.8152356000000001,0.846131
2008/5/29 0:00,0.931402,1.66846,0.916964,1.1168776,0.1599848,0.009759,0.8076148,0.848284
2008/5/30 0:00,0.931402,1.66924,0.91808,1.1153126,0.16000040000000001,0.009774,0.8078698,0.848644
2008/5/31 0:00,0.932401,1.669505,0.917389,1.1153126,0.15995640000000003,0.009768,0.799028,0.849401
2008/6/1 0:00,0.932401,1.669449,0.917389,1.1153126,0.1599564,0.009768,0.799028,0.848572
2008/6/2 0:00,0.932705,1.6735,0.918485,1.1149778,0.1600298,0.009748,0.8066818,0.847673
2008/6/3 0:00,0.930665,1.661626,0.913572,1.1039946,0.1599278,0.009721,0.8105122000000001,0.843028
2008/6/4 0:00,0.931099,1.662552,0.912863,1.0992122,0.1599278,0.009674,0.8105122,0.840654
2008/6/5 0:00,0.930319,1.65876,0.913517,1.0992122,0.1599278,0.009638,0.8105122,0.84076
2008/6/6 0:00,0.931446,1.658059,0.913943,1.0992122,0.1599278,0.009621,0.8106985999999999,0.840089
2008/6/7 0:00,0.931055,1.657262,0.913601,1.0992122,0.1599278,0.00962,0.8105122,0.840937
2008/6/8 0:00,0.929843,1.658059,0.910722,1.0936674,0.1600346,0.009618,0.8094216,0.835003
2008/6/9 0:00,0.930579,1.654944,0.91285,1.0799542,0.16284020000000002,0.009603,0.8049454,0.83257
2008/6/10 0:00,0.933707,1.658141,0.92154,1.0992122,0.1600346,0.009621,0.809605,0.83724
2008/6/11 0:00,0.935235,1.657742,0.92182,1.0990086,0.1600346,0.009638,0.8060024,0.837556
2008/6/12 0:00,0.933707,1.657578,0.920247,1.0992122,0.159992,0.00961,0.8096050000000001,0.836155
2008/6/13 0:00,0.933968,1.659903,0.919261,1.089206,0.1600822,0.009608,0.8096050000000001,0.836225
2008/6/14 0:00,0.933968,1.659847,0.919261,1.088998,0.1600822,0.009608,0.809605,0.836225
2008/6/15 0:00,0.93375,1.66095,0.920251,1.087258,0.1600822,0.009589,0.8098276,0.838047
2008/6/16 0:00,0.92773,1.648546,0.915839,1.087843,0.1628402,0.009513,0.8042285999999998,0.831255
2008/6/17 0:00,0.934187,1.645468,1.0166363999999999,1.08901,0.1578754,0.009538,0.8060926,0.831947
2008/6/18 0:00,0.935629,1.634855,1.0388242,1.073918,0.1578754,0.009504,0.801675,0.830944
2008/6/19 0:00,0.937647,1.631947,1.0421061999999999,1.074298,0.1569106,0.009522,0.8060925999999998,0.832709
2008/6/20 0:00,0.937822,1.63268,1.0388242,1.073704,0.1569106,0.009516,0.8060926,0.832917
2008/6/21 0:00,0.929023,1.611655,1.0081902,1.07032,0.1606028,0.009444,0.8005140000000001,0.827575
2008/6/22 0:00,0.919794,1.609049,1.0141528,1.070034,0.1621718,0.009396,0.8046897999999999,0.823282
2008/6/23 0:00,0.915919,1.617861,0.9862892000000001,1.066428,0.1604052,0.009367,0.804616,0.823995
2008/6/24 0:00,0.910871,1.622955,1.0244476,1.062652,0.1576488,0.00935,0.7970006,0.817862
2008/6/25 0:00,0.90464,1.624145,1.0227016,1.0778994000000002,0.16230039999999998,0.009325,0.7999008,0.815508
2008/6/26 0:00,0.90464,1.624145,1.0194142,1.0778994000000002,0.16301,0.009325,0.7999008000000001,0.815508
2008/6/27 0:00,0.90266,1.623725,1.0220852,1.0746379999999998,0.162813,0.00933,0.8094718000000001,0.816395
2008/6/28 0:00,0.90872,1.627215,0.9895910000000001,1.0776404,0.162707,0.00935,0.8015355999999999,0.820105
2008/6/29 0:00,0.90872,1.627215,0.9895910000000001,1.0776404,0.162707,0.00935,0.8015355999999999,0.820105
2008/6/30 0:00,0.903383,1.630936,1.0193536,1.0778994000000002,0.162866,0.009293,0.8004552,0.815694
2008/7/1 0:00,0.897714,1.636835,1.0167514,1.0709696000000002,0.16288,0.009196,0.8035895999999999,0.813438
2008/7/2 0:00,0.893495,1.631069,1.0169684,1.0709696,0.162787,0.009177,0.8037502,0.813008
2008/7/3 0:00,0.892897,1.62885,1.0169684,1.0698956,0.162837,0.009171,0.8037502,0.812942
2008/7/4 0:00,0.892897,1.62885,1.0169684,1.0698956,0.162837,0.009171,0.8037502,0.812942
2008/7/5 0:00,0.886682,1.635443,1.0179522000000003,1.0705392000000002,0.162866,0.009182,0.7923454000000001,0.811359
2008/7/6 0:00,0.883923,1.636688,1.0148350000000002,1.0535274,0.162866,0.009182,0.8158366000000001,0.806452
2008/7/7 0:00,0.879391,1.630643,0.9671503999999999,1.0535789999999998,0.162986,0.009202,0.794867,0.793556
2008/7/8 0:00,0.876271,1.624656,0.8953996,1.0519105999999998,0.163145,0.009144,0.7846048,0.787092
2008/7/9 0:00,0.876578,1.624445,0.896539,1.0510097999999999,0.163209,0.00915,0.7853092,0.786658
2008/7/10 0:00,0.876578,1.62455,0.896539,1.0510097999999999,0.163209,0.00915,0.7853092,0.786751
2008/7/11 0:00,0.873057,1.62455,0.897106,0.9668462,0.162615,0.009134,0.7259008,0.777273
2008/7/12 0:00,0.873897,1.620667,0.892252,0.9861878,0.162536,0.009119,0.7374112,0.779029
2008/7/13 0:00,0.872106,1.618254,0.894562,1.0290896,0.162893,0.00915,0.7643685999999998,0.779849
2008/7/14 0:00,0.86742,1.596005,0.888557,0.9882678,0.162893,0.009115,0.7406699999999999,0.777015
2008/7/15 0:00,0.86742,1.596005,0.888557,0.9882678,0.162893,0.009115,0.7406699999999999,0.777015
2008/7/16 0:00,0.86742,1.596005,0.888557,0.9882678,0.162893,0.009115,0.7406699999999999,0.777015
2008/7/17 0:00,0.87382,1.601685,0.894262,1.037662,0.162893,0.009161,0.782834,0.77984
2008/7/18 0:00,0.88118,1.609035,0.89439,1.041499,0.162893,0.009233,0.78346,0.784625
2008/7/19 0:00,0.88118,1.609035,0.89439,1.041499,0.162893,0.009233,0.78346,0.784625
2008/7/20 0:00,0.875312,1.606593,0.893455,1.045205,0.162853,0.009223,0.782173,0.780762
2008/7/21 0:00,0.87777,1.6115,0.895291,1.047011,0.163052,0.009263,0.786096,0.785793
2008/7/22 0:00,0.872791,1.606452,0.894843,1.045697,0.163103,0.00927,0.785453,0.784375
2008/7/23 0:00,0.868508,1.607652,0.89306,1.044386,0.163103,0.00929,0.783276,0.781739
2008/7/24 0:00,0.868508,1.607652,0.89306,1.044386,0.163103,0.00929,0.783276,0.781739
2008/7/25 0:00,0.87558,1.605871,0.892423,1.048867,0.163292,0.009305,0.785648,0.786875
2008/7/26 0:00,0.873019,1.592699,0.889075,1.049208,0.163292,0.009336,0.784434,0.785731
2008/7/27 0:00,0.879856,1.594489,0.886407,1.061492,0.163292,0.009462,0.785694,0.797194
2008/7/28 0:00,0.876962,1.606555,0.888001,1.061571,0.163292,0.00943,0.785546,0.795862
2008/7/29 0:00,0.877078,1.609347,0.888759,1.057625,0.163359,0.009377,0.784314,0.793179
2008/7/30 0:00,0.874508,1.609049,0.886556,1.057138,0.163292,0.009356,0.784068,0.792142
2008/7/31 0:00,0.874508,1.609049,0.886556,1.057138,0.163292,0.009356,0.784068,0.792142
2008/8/1 0:00,0.878735,1.614101,0.886167,1.059906,0.163359,0.009357,0.786983,0.797099
2008/8/2 0:00,0.879585,1.613359,0.891695,1.055353,0.163319,0.009376,0.786711,0.79713
2008/8/3 0:00,0.878503,1.607084,0.891691,1.049698,0.163332,0.009323,0.786028,0.794218
2008/8/4 0:00,0.876194,1.603553,0.890266,1.04785,0.163452,0.009236,0.783659,0.782228
2008/8/5 0:00,0.880669,1.608855,0.890416,1.050459,0.163452,0.009254,0.783914,0.785268
2008/8/6 0:00,0.879314,1.609049,0.890099,1.050398,0.163476,0.009244,0.784025,0.785546
2008/8/7 0:00,0.879314,1.609049,0.890099,1.050398,0.163476,0.009244,0.784025,0.785546
2008/8/8 0:00,0.881096,1.61315,0.889882,1.054852,0.163492,0.009292,0.78448,0.790202
2008/8/9 0:00,0.885112,1.615561,0.893368,1.056334,0.163578,0.009252,0.785799,0.792739
2008/8/10 0:00,0.889324,1.61358,0.89769,1.057681,0.163634,0.009248,0.786451,0.795071
2008/8/11 0:00,0.883041,1.602461,0.893871,1.046518,0.163546,0.009176,0.783177,0.784806
2008/8/12 0:00,0.880049,1.599552,0.886643,1.039285,0.163594,0.008926,0.778452,0.779302
2008/8/13 0:00,0.879624,1.599501,0.887599,1.038761,0.163594,0.008902,0.777484,0.779089
2008/8/14 0:00,0.879624,1.599501,0.887599,1.038761,0.163594,0.008902,0.777484,0.779089
2008/8/15 0:00,0.869792,1.597559,0.883342,1.035701,0.163444,0.008778,0.774617,0.772947
2008/8/16 0:00,0.872753,1.599399,0.877012,1.041938,0.163524,0.008815,0.775696,0.777454
2008/8/17 0:00,0.858959,1.597955,0.878542,1.037237,0.163559,0.008724,0.772803,0.772738
2008/8/18 0:00,0.858369,1.585339,0.874814,1.030503,0.163613,0.008706,0.772801,0.771873
2008/8/19 0:00,0.861958,1.58505,0.880305,1.033181,0.163324,0.008717,0.774171,0.773545
2008/8/20 0:00,0.863297,1.586999,0.882722,1.035025,0.163324,0.00873,0.776036,0.775164
2008/8/21 0:00,0.863297,1.586999,0.882722,1.035025,0.163324,0.00873,0.776036,0.775164
2008/8/22 0:00,0.862627,1.587415,0.881916,1.033538,0.163412,0.008712,0.774311,0.776669
2008/8/23 0:00,0.867303,1.587654,0.881329,1.035143,0.163279,0.008654,0.774084,0.780244
2008/8/24 0:00,0.873782,1.581753,0.885936,1.036973,0.163233,0.00867,0.775768,0.789733
2008/8/25 0:00,0.872638,1.572686,0.88041,1.038152,0.163271,0.008649,0.774461,0.789983
2008/8/26 0:00,0.873477,1.565153,0.884756,1.03929,0.163145,0.00858,0.770093,0.790576
2008/8/27 0:00,0.874508,1.566956,0.885736,1.042693,0.163145,0.008599,0.770567,0.790952
2008/8/28 0:00,0.875848,1.566956,0.885736,1.042693,0.163145,0.008599,0.770567,0.790952
2008/8/29 0:00,0.871802,1.564933,0.883896,1.036221,0.163284,0.00859,0.770377,0.793714
2008/8/30 0:00,0.872486,1.564872,0.883822,1.043929,0.163364,0.008567,0.771438,0.793934
2008/8/31 0:00,0.862738,1.566735,0.881457,1.04455,0.163412,0.008495,0.765882,0.785947
2008/9/1 0:00,0.860696,1.568332,0.883911,1.041829,0.163305,0.00846,0.768489,0.785268
2008/9/2 0:00,0.867303,1.56741,0.889711,1.031087,0.163268,0.008497,0.770238,0.788364
2008/9/3 0:00,0.867002,1.566048,0.890258,1.031029,0.163268,0.008486,0.769707,0.788457
2008/9/4 0:00,0.867002,1.566048,0.890258,1.031029,0.163268,0.008486,0.769707,0.788457
2008/9/5 0:00,0.86192,1.570265,0.886713,1.033912,0.162821,0.008446,0.767154,0.786133
2008/9/6 0:00,0.852406,1.571771,0.888273,1.036823,0.162959,0.008477,0.768267,0.78064
2008/9/7 0:00,0.853424,1.578432,0.889787,1.040242,0.16289,0.008502,0.770214,0.788022
2008/9/8 0:00,0.854555,1.571709,0.881418,1.038044,0.16289,0.008489,0.769734,0.786565
2008/9/9 0:00,0.852479,1.563551,0.875603,1.035368,0.162782,0.008425,0.766912,0.784037
2008/9/10 0:00,0.850738,1.565398,0.875833,1.036216,0.162782,0.008429,0.766762,0.784314
2008/9/11 0:00,0.850738,1.565398,0.875833,1.03621,0.162782,0.008429,0.766762,0.784314
2008/9/12 0:00,0.851499,1.573119,0.880324,1.037813,0.162549,0.008458,0.766075,0.789141
2008/9/13 0:00,0.845201,1.563942,0.877281,1.028278,0.162615,0.008391,0.763601,0.779757
2008/9/14 0:00,0.841857,1.5705,0.880398,1.023353,0.162596,0.00835,0.762492,0.777726
2008/9/15 0:00,0.840795,1.57087,0.879388,1.033864,0.16248,0.008363,0.762809,0.781158
2008/9/16 0:00,0.832882,1.55977,0.875542,1.023086,0.162596,0.00824,0.756544,0.771933
2008/9/17 0:00,0.832605,1.558348,0.874653,1.021774,0.162596,0.008236,0.756004,0.771159
2008/9/18 0:00,0.832605,1.558348,0.874653,1.021774,0.162596,0.008236,0.756004,0.771159
2008/9/19 0:00,0.829841,1.563453,0.8716,1.02317,0.161996,0.008272,0.757504,0.766342
2008/9/20 0:00,0.833507,1.569034,0.875197,1.032509,0.161608,0.0084,0.760237,0.772022
2008/9/21 0:00,0.830358,1.569058,0.87028,1.032871,0.161901,0.008432,0.762558,0.771099
2008/9/22 0:00,0.826788,1.571907,0.867062,1.032866,0.161587,0.008381,0.760931,0.780244
2008/9/23 0:00,0.826105,1.572401,0.866356,1.038157,0.161632,0.008441,0.761603,0.778059
2008/9/24 0:00,0.824198,1.571759,0.863334,1.037457,0.161632,0.008417,0.761102,0.777756
2008/9/25 0:00,0.824198,1.571759,0.863334,1.037457,0.161632,0.008417,0.761102,0.777756
2008/9/26 0:00,0.822301,1.56497,0.85955,1.037807,0.161538,0.008482,0.76169,0.774863
2008/9/27 0:00,0.822064,1.572747,0.860537,1.040599,0.161564,0.008518,0.766407,0.778816
2008/9/28 0:00,0.816627,1.564847,0.858111,1.033106,0.161368,0.008503,0.764894,0.772648
2008/9/29 0:00,0.816593,1.566833,0.861427,1.02096,0.160914,0.008419,0.761736,0.775314
2008/9/30 0:00,0.812909,1.56167,0.860215,1.016725,0.160774,0.008362,0.759192,0.774653
2008/10/1 0:00,0.814332,1.562598,0.861813,1.016002,0.160774,0.008367,0.760537,0.774803
2008/10/2 0:00,0.814332,1.562598,0.861813,1.016002,0.160774,0.008367,0.760537,0.774803
2008/10/3 0:00,0.814166,1.561902,0.858738,1.018434,0.16073,0.008344,0.758032,0.773904
2008/10/4 0:00,0.80954,1.551494,0.860733,1.012387,0.160619,0.008285,0.755884,0.77104
2008/10/5 0:00,0.810964,1.555004,0.860659,1.013988,0.160893,0.008302,0.755635,0.771873
2008/10/6 0:00,0.811129,1.5559,0.860289,1.01916,0.160893,0.0083,0.755858,0.772917
2008/10/7 0:00,0.811326,1.555573,0.861326,1.012105,0.160893,0.008304,0.755173,0.775976
2008/10/8 0:00,0.81075,1.555948,0.859771,1.012792,0.160893,0.008298,0.755601,0.772857
2008/10/9 0:00,0.81075,1.555948,0.859771,1.012792,0.160893,0.008298,0.755601,0.772857
2008/10/10 0:00,0.814863,1.55218,0.859513,1.01251,0.160707,0.008292,0.755886,0.778998
2008/10/11 0:00,0.820008,1.556723,0.862199,1.012043,0.161238,0.008376,0.756853,0.784468
2008/10/12 0:00,0.808931,1.532743,0.848497,0.998418,0.161132,0.008298,0.75112,0.769882
2008/10/13 0:00,0.808931,1.532743,0.848497,0.998418,0.161132,0.008298,0.75112,0.769882
2008/10/14 0:00,0.80952,1.52345,0.848353,0.992093,0.160813,0.008355,0.748803,0.770268
2008/10/15 0:00,0.811524,1.517554,0.846736,0.993789,0.160979,0.00845,0.750413,0.779545
2008/10/16 0:00,0.804732,1.507034,0.843754,0.98417,0.160927,0.008372,0.745618,0.772529
2008/10/17 0:00,0.812645,1.511362,0.846633,0.983294,0.16094,0.008364,0.748383,0.782656
2008/10/18 0:00,0.819236,1.514933,0.843313,0.985328,0.161023,0.00843,0.749695,0.783147
2008/10/19 0:00,0.820311,1.515909,0.842783,0.985804,0.161023,0.008436,0.750033,0.783392
2008/10/20 0:00,0.820311,1.515909,0.842783,0.985804,0.161023,0.008436,0.750033,0.783392
2008/10/21 0:00,0.816127,1.515852,0.837767,0.984868,0.161202,0.008451,0.749224,0.777122
2008/10/22 0:00,0.81616,1.517232,0.837574,0.980584,0.161353,0.008456,0.749403,0.773365
2008/10/23 0:00,0.816127,1.522939,0.836736,0.982574,0.161447,0.008563,0.749754,0.774114
2008/10/24 0:00,0.821389,1.515278,0.838487,1.114914,0.161616,0.008549,0.752298,0.778907
2008/10/25 0:00,0.819807,1.513145,0.83469,1.174978,0.161108,0.008518,0.753509,0.777847
2008/10/26 0:00,0.822707,1.515048,0.834324,1.164551,0.161108,0.008501,0.753608,0.77915
2008/10/27 0:00,0.822707,1.515048,0.834324,1.164551,0.161108,0.008501,0.753608,0.77915
2008/10/28 0:00,0.821085,1.513638,0.835628,1.142707,0.160823,0.00851,0.749887,0.777393
2008/10/29 0:00,0.817929,1.516162,0.827431,1.142387,0.160904,0.008445,0.747387,0.769349
2008/10/30 0:00,0.810373,1.511933,0.809258,1.163284,0.160987,0.008483,0.749395,0.757146
2008/10/31 0:00,0.810143,1.5048,0.808398,1.148501,0.161057,0.008481,0.748509,0.755687
2008/11/1 0:00,0.793493,1.50237,0.806367,1.144335,0.160568,0.00849,0.743992,0.7473
2008/11/2 0:00,0.791954,1.498801,0.804972,1.161744,0.160568,0.008489,0.743619,0.745684
2008/11/3 0:00,0.791954,1.498801,0.804972,1.161744,0.160568,0.008489,0.743619,0.745684
2008/11/4 0:00,0.79255,1.507898,0.805542,1.112223,0.159852,0.008444,0.745101,0.742363
2008/11/5 0:00,0.794281,1.519584,0.806348,1.104649,0.160126,0.008496,0.746712,0.746018
2008/11/6 0:00,0.797416,1.516749,0.803052,1.104362,0.16009,0.008492,0.739905,0.745796
2008/11/7 0:00,0.775645,1.504121,0.791233,1.083365,0.160087,0.008451,0.738558,0.725716
2008/11/8 0:00,0.776066,1.502404,0.786624,1.08616,0.159974,0.008519,0.738681,0.724743
2008/11/9 0:00,0.778483,1.506852,0.785605,1.085835,0.159974,0.008513,0.738334,0.726137
2008/11/10 0:00,0.778483,1.506852,0.785605,1.085835,0.159974,0.008513,0.738334,0.726137
2008/11/11 0:00,0.781494,1.501907,0.794051,1.080666,0.159757,0.008516,0.739503,0.729341
2008/11/12 0:00,0.772887,1.512505,0.802446,1.082474,0.159854,0.008511,0.742357,0.729341
2008/11/13 0:00,0.776669,1.521757,0.79747,1.083113,0.160059,0.008506,0.742352,0.737246
2008/11/14 0:00,0.779423,1.528842,0.804848,1.08114,0.159946,0.008516,0.743301,0.738253
2008/11/15 0:00,0.780671,1.525541,0.798725,1.08121,0.160169,0.008397,0.73993,0.736947
2008/11/16 0:00,0.779636,1.524402,0.798569,1.079447,0.160169,0.008394,0.739027,0.736675
2008/11/17 0:00,0.779636,1.524402,0.798569,1.079447,0.160169,0.008394,0.739027,0.736675
2008/11/18 0:00,0.781616,1.52178,0.803258,1.080573,0.160031,0.008424,0.73846,0.741482
2008/11/19 0:00,0.777817,1.525251,0.798614,1.079057,0.16021,0.00838,0.737673,0.741043
2008/11/20 0:00,0.770654,1.522441,0.790926,1.07826,0.160197,0.008307,0.734681,0.737708
2008/11/21 0:00,0.77691,1.53813,0.802826,1.078976,0.160141,0.00843,0.737659,0.74744
2008/11/22 0:00,0.777091,1.538604,0.803306,1.074258,0.160249,0.008423,0.738653,0.746687
2008/11/23 0:00,0.776699,1.539954,0.803139,1.073019,0.160249,0.008421,0.738552,0.745601
2008/11/24 0:00,0.777212,1.539954,0.803139,1.073019,0.160249,0.008421,0.738552,0.745573
2008/11/25 0:00,0.777212,1.537551,0.801944,1.073595,0.160036,0.008442,0.737314,0.750694
2008/11/26 0:00,0.781372,1.53406,0.806257,1.069319,0.159895,0.008402,0.737104,0.752049
2008/11/27 0:00,0.77818,1.543698,0.803084,1.058481,0.159895,0.00839,0.735354,0.75253
2008/11/28 0:00,0.780975,1.544974,0.801247,1.055989,0.159895,0.008414,0.736323,0.754233
2008/11/29 0:00,0.782503,1.537468,0.798317,1.06094,0.159895,0.008426,0.735619,0.75304
2008/11/30 0:00,0.784468,1.5398,0.797852,1.06553,0.159895,0.008402,0.735091,0.752474
2008/12/1 0:00,0.784468,1.5398,0.797852,1.06553,0.159895,0.008402,0.735091,0.752474
2008/12/2 0:00,0.781317,1.546946,0.79576,1.052964,0.15987,0.008411,0.736079,0.754489
2008/12/3 0:00,0.781067,1.544736,0.793937,1.052261,0.15987,0.008398,0.736008,0.746659
2008/12/4 0:00,0.789297,1.549151,0.804865,1.053463,0.159757,0.008411,0.738482,0.754432
2008/12/5 0:00,0.782258,1.54164,0.800189,1.048405,0.159757,0.00838,0.737371,0.755316
2008/12/6 0:00,0.781097,1.544032,0.799619,1.051193,0.159525,0.008354,0.734533,0.755601
2008/12/7 0:00,0.781555,1.543508,0.799523,1.048163,0.159525,0.008363,0.733975,0.756086
2008/12/8 0:00,0.781555,1.543508,0.799523,1.048163,0.159525,0.008363,0.733975,0.756086
2008/12/9 0:00,0.777635,1.537374,0.797378,1.046457,0.159396,0.008326,0.732539,0.752049
2008/12/10 0:00,0.783976,1.5389,0.802887,1.042535,0.159396,0.008371,0.734125,0.756888
2008/12/11 0:00,0.782014,1.525879,0.80402,1.036264,0.159474,0.008351,0.730986,0.758208
2008/12/12 0:00,0.776609,1.522847,0.801343,1.02757,0.159556,0.008318,0.729171,0.746352
2008/12/13 0:00,0.772171,1.506728,0.793109,1.016209,0.159647,0.008274,0.72531,0.737137
2008/12/14 0:00,0.771635,1.503703,0.792117,1.014456,0.159647,0.008277,0.726077,0.736241
2008/12/15 0:00,0.771635,1.503703,0.792117,1.014456,0.159647,0.008277,0.726077,0.736241
2008/12/16 0:00,0.771426,1.511327,0.794682,1.013859,0.159617,0.008251,0.724984,0.736675
2008/12/17 0:00,0.761644,1.508751,0.790242,1.002461,0.159693,0.008248,0.720433,0.726296
2008/12/18 0:00,0.758409,1.494545,0.783573,0.992324,0.159693,0.008234,0.721079,0.721501
2008/12/19 0:00,0.768374,1.487763,0.78681,0.994683,0.159693,0.008242,0.723733,0.738062
2008/12/20 0:00,0.763679,1.474502,0.782081,0.995461,0.159778,0.008248,0.718768,0.732789
2008/12/21 0:00,0.763913,1.474144,0.78231,0.994382,0.159778,0.008238,0.718053,0.734835
2008/12/22 0:00,0.763913,1.474144,0.78231,0.994382,0.159778,0.008238,0.718053,0.734835
2008/12/23 0:00,0.766078,1.48236,0.783647,0.995421,0.159698,0.008244,0.719784,0.739946
2008/12/24 0:00,0.76147,1.473405,0.783447,0.99454,0.160013,0.008242,0.720103,0.731368
2008/12/25 0:00,0.766195,1.471021,0.783665,1.006421,0.160547,0.008274,0.720064,0.737599
2008/12/26 0:00,0.762515,1.473405,0.784837,1.008491,0.161394,0.008272,0.719994,0.738716
2008/12/27 0:00,0.777756,1.495663,0.795703,1.025773,0.161134,0.008325,0.724045,0.757031
2008/12/28 0:00,0.777454,1.495294,0.796594,1.025957,0.161134,0.008331,0.725247,0.756659
2008/12/29 0:00,0.777454,1.495294,0.796594,1.025957,0.161134,0.008331,0.725247,0.756659
2008/12/30 0:00,0.786318,1.494199,0.798965,1.033426,0.160901,0.00835,0.731957,0.763271
2008/12/31 0:00,0.786813,1.487298,0.799914,1.045058,0.161153,0.008351,0.731553,0.763592
2009/1/1 0:00,0.783914,1.489115,0.797992,1.042123,0.161005,0.008371,0.730327,0.76147
2009/1/2 0:00,0.783177,1.4852,0.801565,1.039182,0.160994,0.008403,0.73018,0.758898
2009/1/3 0:00,0.776036,1.489492,0.79564,1.042579,0.160896,0.008388,0.730679,0.757203
2009/1/4 0:00,0.775194,1.487509,0.792773,1.039231,0.160896,0.008393,0.730183,0.756659
2009/1/5 0:00,0.775194,1.487509,0.792773,1.039231,0.160896,0.008393,0.730183,0.756659
2009/1/6 0:00,0.764614,1.480823,0.787749,1.032434,0.161121,0.008329,0.726934,0.751625
2009/1/7 0:00,0.76176,1.483944,0.788311,1.027501,0.161355,0.008339,0.728218,0.747524
2009/1/8 0:00,0.761702,1.483349,0.794701,1.036216,0.161366,0.008368,0.734409,0.74744
2009/1/9 0:00,0.757232,1.485222,0.795162,1.043313,0.161368,0.008353,0.736974,0.748503
2009/1/10 0:00,0.763942,1.490302,0.80141,1.050895,0.161368,0.008402,0.740774,0.759619
2009/1/11 0:00,0.763009,1.482844,0.800993,1.0502,0.161368,0.008353,0.740472,0.759157
2009/1/12 0:00,0.763009,1.482844,0.800993,1.0502,0.161368,0.008353,0.740472,0.759157
2009/1/13 0:00,0.762602,1.492504,0.80234,1.047066,0.161368,0.008387,0.739426,0.758236
2009/1/14 0:00,0.764994,1.48573,0.800253,1.038168,0.161337,0.00831,0.735505,0.750948
2009/1/15 0:00,0.77009,1.490313,0.798352,1.036823,0.161254,0.00834,0.737762,0.75663
2009/1/16 0:00,0.769497,1.471454,0.794344,1.023222,0.161168,0.008295,0.735781,0.755059
2009/1/17 0:00,0.767666,1.464654,0.794641,1.021049,0.161054,0.008322,0.731307,0.753665
2009/1/18 0:00,0.768285,1.463358,0.795554,1.021315,0.161054,0.008318,0.730906,0.753324
2009/1/19 0:00,0.768285,1.463358,0.795554,1.022025,0.161054,0.008318,0.730906,0.753324
2009/1/20 0:00,0.757892,1.467136,0.793808,1.023594,0.160909,0.008327,0.728239,0.744048
2009/1/21 0:00,0.763301,1.479804,0.800916,1.028965,0.160976,0.00838,0.735743,0.752842
2009/1/22 0:00,0.768935,1.483349,0.812232,1.036645,0.161194,0.00841,0.737833,0.75933
2009/1/23 0:00,0.780975,1.494768,0.822135,1.046841,0.161371,0.008405,0.739672,0.767872
2009/1/24 0:00,0.777333,1.495886,0.816993,1.049434,0.161379,0.00841,0.742639,0.768433
2009/1/25 0:00,0.778331,1.496401,0.81692,1.050332,0.161379,0.008409,0.742978,0.768344
2009/1/26 0:00,0.778331,1.496401,0.81692,1.050332,0.161379,0.008409,0.742978,0.768344
2009/1/27 0:00,0.770844,1.490535,0.817588,1.046479,0.161241,0.008374,0.740999,0.764614
2009/1/28 0:00,0.772111,1.494768,0.81415,1.049334,0.161241,0.008359,0.740338,0.767902
2009/1/29 0:00,0.777514,1.503974,0.817361,1.033437,0.161402,0.008343,0.742727,0.76743
2009/1/30 0:00,0.778513,1.506069,0.823649,1.048037,0.161324,0.008364,0.744269,0.758581
2009/1/31 0:00,0.782258,1.517681,0.821659,1.04734,0.161426,0.008407,0.749934,0.759561
2009/2/1 0:00,0.782197,1.518799,0.820853,1.048328,0.161426,0.008405,0.750582,0.760109
2009/2/2 0:00,0.782197,1.518799,0.820853,1.048328,0.161426,0.008405,0.750582,0.760109
2009/2/3 0:00,0.785639,1.523229,0.825689,1.046627,0.160798,0.008401,0.753069,0.764526
2009/2/4 0:00,0.801603,1.532238,0.831082,1.047982,0.161121,0.008409,0.758271,0.772768
2009/2/5 0:00,0.806322,1.546193,0.835303,1.066951,0.161285,0.008427,0.759474,0.773575
2009/2/6 0:00,0.789609,1.532414,0.826173,1.064985,0.161264,0.008361,0.754168,0.761934
2009/2/7 0:00,0.782871,1.514234,0.822044,1.070819,0.161264,0.008316,0.751781,0.752984
2009/2/8 0:00,0.785145,1.535249,0.822453,1.072386,0.161264,0.008377,0.751608,0.754148
2009/2/9 0:00,0.785145,1.535249,0.822453,1.08659,0.161264,0.008377,0.751608,0.754148
2009/2/10 0:00,0.784652,1.51183,0.82543,1.069891,0.161072,0.008321,0.750621,0.753324
2009/2/11 0:00,0.794913,1.519503,0.829772,1.081034,0.161155,0.008339,0.750993,0.756544
2009/2/12 0:00,0.797385,1.524623,0.830379,1.09162,0.161316,0.008373,0.75423,0.750554
2009/2/13 0:00,0.790389,1.522533,0.822673,1.084987,0.161082,0.008346,0.750368,0.744352
2009/2/14 0:00,0.793116,1.546922,0.828339,1.075899,0.161082,0.008356,0.752842,0.749457
2009/2/15 0:00,0.793399,1.544056,0.827928,1.075153,0.161082,0.008347,0.752734,0.749092
2009/2/16 0:00,0.793399,1.544056,0.827928,1.075153,0.161082,0.008347,0.752734,0.749092
2009/2/17 0:00,0.791296,1.560062,0.827082,1.0711,0.160957,0.008332,0.748497,0.735727
2009/2/18 0:00,0.798499,1.568,0.833653,1.077041,0.161059,0.008339,0.749524,0.73654
2009/2/19 0:00,0.810767,1.574134,0.836999,1.090905,0.161171,0.008396,0.75464,0.747915
2009/2/20 0:00,0.807983,1.576044,0.833792,1.094571,0.161249,0.008391,0.757389,0.749541
2009/2/21 0:00,0.804117,1.575461,0.83149,1.090435,0.161132,0.008378,0.757564,0.748447
2009/2/22 0:00,0.803342,1.572599,0.832362,1.091703,0.161132,0.00838,0.757088,0.74744
2009/2/23 0:00,0.803342,1.572599,0.832362,1.091703,0.161132,0.00838,0.757088,0.74744
2009/2/24 0:00,0.798945,1.56546,0.823215,1.082099,0.161179,0.008338,0.753208,0.737599
2009/2/25 0:00,0.791734,1.550207,0.817367,1.066041,0.161116,0.008285,0.74866,0.734322
2009/2/26 0:00,0.787929,1.553036,0.819642,1.068913,0.161194,0.008249,0.747328,0.7303
2009/2/27 0:00,0.788799,1.567619,0.819548,1.070051,0.161374,0.008262,0.74845,0.732064
2009/2/28 0:00,0.781891,1.547748,0.812051,1.059305,0.161358,0.008227,0.747929,0.730327
2009/3/1 0:00,0.78232,1.548947,0.814399,1.059827,0.161358,0.008226,0.748083,0.731208
2009/3/2 0:00,0.78232,1.548947,0.814399,1.059827,0.161358,0.008226,0.748083,0.731208
2009/3/3 0:00,0.782718,1.54691,0.81211,1.057809,0.161238,0.008231,0.745234,0.731449
2009/3/4 0:00,0.774293,1.539646,0.804855,1.051912,0.161189,0.008133,0.740922,0.723563
2009/3/5 0:00,0.772052,1.533472,0.801439,1.052776,0.161257,0.008076,0.739809,0.722752
2009/3/6 0:00,0.764614,1.531311,0.803426,1.060249,0.161259,0.008081,0.741367,0.716589
2009/3/7 0:00,0.765961,1.52952,0.802761,1.064254,0.161335,0.008063,0.741801,0.710682
2009/3/8 0:00,0.764409,1.529403,0.80289,1.063536,0.161335,0.008055,0.741966,0.710707
2009/3/9 0:00,0.764088,1.529157,0.80289,1.063536,0.161335,0.008055,0.741966,0.71053
2009/3/10 0:00,0.76063,1.5206,0.797474,1.057725,0.161303,0.008013,0.737572,0.709421
2009/3/11 0:00,0.77824,1.535756,0.806985,1.072754,0.161337,0.00807,0.742429,0.718933
2009/3/12 0:00,0.777877,1.53225,0.802407,1.068639,0.161348,0.008038,0.744158,0.714566
2009/3/13 0:00,0.767695,1.537279,0.800541,1.070813,0.161262,0.008037,0.742057,0.711136
2009/3/14 0:00,0.762282,1.52744,0.80234,1.063751,0.161202,0.007963,0.73733,0.704771
2009/3/15 0:00,0.762515,1.526694,0.804072,1.064271,0.161202,0.00796,0.736602,0.704573
2009/3/16 0:00,0.762515,1.526694,0.804072,1.064271,0.161202,0.00796,0.736602,0.704573
2009/3/17 0:00,0.767106,1.53306,0.804787,1.075899,0.161145,0.008009,0.737564,0.71144
2009/3/18 0:00,0.767312,1.537551,0.810599,1.073906,0.161142,0.008037,0.739656,0.713572
2009/3/19 0:00,0.776096,1.55159,0.81412,1.072731,0.16114,0.008152,0.744954,0.72015
2009/3/20 0:00,0.773305,1.549667,0.812239,1.067851,0.161119,0.008089,0.741867,0.699496
2009/3/21 0:00,0.774503,1.555936,0.812196,1.078743,0.161075,0.008104,0.74412,0.699374
2009/3/22 0:00,0.773096,1.555851,0.812097,1.077238,0.161075,0.008105,0.744192,0.698348
2009/3/23 0:00,0.773096,1.555851,0.812097,1.077238,0.161075,0.008105,0.744192,0.698348
2009/3/24 0:00,0.776488,1.558834,0.812552,1.070721,0.161057,0.0081,0.743119,0.700084
2009/3/25 0:00,0.774563,1.563893,0.811682,1.072271,0.161067,0.008105,0.744399,0.698666
2009/3/26 0:00,0.766783,1.57208,0.811458,1.078888,0.161041,0.008051,0.741776,0.691587
2009/3/27 0:00,0.780366,1.586244,0.817037,1.083424,0.161085,0.008132,0.749642,0.692353
2009/3/28 0:00,0.776699,1.588272,0.815428,1.08904,0.161044,0.008157,0.748935,0.689941
2009/3/29 0:00,0.776609,1.58836,0.814959,1.089562,0.161044,0.008152,0.749662,0.691252
2009/3/30 0:00,0.776609,1.58836,0.814959,1.091048,0.161044,0.008152,0.749662,0.691252
2009/3/31 0:00,0.772768,1.581565,0.81151,1.085028,0.161044,0.008105,0.748632,0.686554
2009/4/1 0:00,0.773007,1.57208,0.810396,1.069919,0.161114,0.008076,0.745632,0.684791
2009/4/2 0:00,0.771605,1.570105,0.807582,1.071409,0.161106,0.008077,0.744363,0.689608
2009/4/3 0:00,0.774863,1.574555,0.810222,1.067703,0.161046,0.008094,0.744568,0.691276
2009/4/4 0:00,0.764438,1.572203,0.810895,1.069679,0.161057,0.008072,0.741128,0.683317
2009/4/5 0:00,0.765404,1.57515,0.811761,1.071524,0.161057,0.008073,0.741098,0.684346
2009/4/6 0:00,0.765404,1.57515,0.811761,1.071524,0.161057,0.008073,0.741098,0.684346
2009/4/7 0:00,0.771159,1.575548,0.807852,1.081028,0.161062,0.008166,0.743003,0.687592
2009/4/8 0:00,0.770505,1.573317,0.800596,1.068781,0.161264,0.008172,0.742002,0.677553
2009/4/9 0:00,0.765667,1.560598,0.794218,1.055493,0.161251,0.008119,0.739527,0.675014
2009/4/10 0:00,0.762689,1.560342,0.796308,1.057977,0.161168,0.008121,0.741375,0.672359
2009/4/11 0:00,0.752219,1.5583,0.795735,1.061199,0.161142,0.008146,0.742261,0.669142
2009/4/12 0:00,0.751682,1.55705,0.795437,1.063321,0.161142,0.008142,0.742986,0.669232
2009/4/13 0:00,0.751004,1.55705,0.795437,1.063321,0.161142,0.008142,0.742986,0.669546
2009/4/14 0:00,0.751004,1.561524,0.790604,1.06089,0.161051,0.008167,0.741455,0.669456
2009/4/15 0:00,0.743384,1.543925,0.784572,1.053907,0.161031,0.008167,0.737583,0.665181
2009/4/16 0:00,0.743329,1.534213,0.785268,1.054902,0.161057,0.00828,0.740286,0.672699
2009/4/17 0:00,0.743191,1.534684,0.785426,1.053519,0.161062,0.008242,0.739776,0.671953
2009/4/18 0:00,0.741592,1.548947,0.785642,1.062327,0.161049,0.008142,0.740165,0.669299
2009/4/19 0:00,0.744629,1.551699,0.789868,1.065269,0.161049,0.008146,0.740102,0.671637
2009/4/20 0:00,0.744518,1.552554,0.789868,1.065269,0.161049,0.008146,0.740102,0.67245
2009/4/21 0:00,0.740302,1.549187,0.78416,1.05413,0.161072,0.008105,0.736865,0.669411
2009/4/22 0:00,0.744907,1.562012,0.784464,1.058151,0.161059,0.008109,0.734584,0.670983
2009/4/23 0:00,0.737137,1.564211,0.773066,1.049533,0.161051,0.008078,0.731818,0.659914
2009/4/24 0:00,0.740988,1.560793,0.77241,1.044005,0.161044,0.008057,0.731965,0.652039
2009/4/25 0:00,0.737654,1.560306,0.76955,1.040929,0.161044,0.00806,0.731486,0.652337
2009/4/26 0:00,0.737436,1.560196,0.770719,1.039571,0.161044,0.00806,0.731074,0.652167
2009/4/27 0:00,0.737436,1.560196,0.770719,1.039571,0.161044,0.00806,0.731074,0.652167
2009/4/28 0:00,0.737681,1.55739,0.769506,1.0375,0.161036,0.008048,0.729448,0.657203
2009/4/29 0:00,0.74366,1.556263,0.772061,1.044659,0.161041,0.008077,0.733832,0.664518
2009/4/30 0:00,0.737599,1.55926,0.768049,1.040637,0.161046,0.008062,0.732338,0.65835
2009/5/1 0:00,0.737327,1.551037,0.768412,1.045227,0.161044,0.008079,0.731101,0.664253
2009/5/2 0:00,0.727352,1.551145,0.765131,1.038497,0.161041,0.008084,0.728263,0.656944
2009/5/3 0:00,0.727352,1.551001,0.766507,1.038368,0.161041,0.008077,0.729102,0.657657
2009/5/4 0:00,0.728704,1.551049,0.766507,1.038368,0.161041,0.008077,0.729102,0.657657
2009/5/5 0:00,0.72889,1.556541,0.767548,1.039215,0.161044,0.008118,0.730762,0.661726
2009/5/6 0:00,0.733837,1.561037,0.773829,1.04002,0.161046,0.008093,0.733353,0.669949
2009/5/7 0:00,0.732225,1.562988,0.775705,1.038028,0.161057,0.008077,0.73266,0.670309
2009/5/8 0:00,0.728412,1.558701,0.76861,1.030609,0.161038,0.008045,0.726786,0.659304
2009/5/9 0:00,0.731556,1.563404,0.765433,1.036162,0.161036,0.008072,0.729528,0.660677
2009/5/10 0:00,0.730594,1.562195,0.76398,1.035095,0.161036,0.008069,0.728704,0.659348
2009/5/11 0:00,0.730594,1.562195,0.76398,1.035095,0.161036,0.008069,0.728704,0.659348
2009/5/12 0:00,0.726797,1.558895,0.760835,1.033218,0.161038,0.008071,0.725971,0.659914
2009/5/13 0:00,0.739399,1.558361,0.759379,1.025746,0.161041,0.008054,0.724546,0.655351
2009/5/14 0:00,0.735916,1.561524,0.758702,1.021555,0.161038,0.008015,0.722596,0.651742
2009/5/15 0:00,0.734889,1.55135,0.761797,1.019565,0.161038,0.008017,0.722791,0.6549
2009/5/16 0:00,0.741537,1.548467,0.762352,1.019145,0.161038,0.008054,0.722525,0.661266
2009/5/17 0:00,0.741895,1.549391,0.761354,1.017553,0.161038,0.008049,0.722173,0.662076
2009/5/18 0:00,0.740796,1.549391,0.761354,1.017553,0.161038,0.008049,0.722173,0.662076
2009/5/19 0:00,0.741043,1.559248,0.767471,1.017791,0.161038,0.008028,0.724008,0.661638
2009/5/20 0:00,0.729102,1.557147,0.761641,1.011695,0.158105,0.007991,0.713012,0.653061
2009/5/21 0:00,0.737599,1.562988,0.769853,1.027971,0.156568,0.008057,0.712076,0.662515
2009/5/22 0:00,0.73551,1.560184,0.764532,1.023107,0.156277,0.008039,0.715487,0.656362
2009/5/23 0:00,0.738062,1.564443,0.765026,1.023144,0.15645,0.00805,0.711642,0.654729
2009/5/24 0:00,0.73711,1.564248,0.763545,1.02438,0.15645,0.008045,0.710856,0.654151
2009/5/25 0:00,0.73711,1.564248,0.763545,1.02438,0.15645,0.008045,0.710856,0.654151
2009/5/26 0:00,0.738525,1.5596,0.764935,1.023594,0.15638,0.008041,0.710462,0.65796
2009/5/27 0:00,0.733192,1.565374,0.764968,1.023405,0.156402,0.008039,0.711157,0.657635
2009/5/28 0:00,0.734997,1.568135,0.761913,1.034447,0.156353,0.00807,0.712911,0.659718
2009/5/29 0:00,0.734592,1.567521,0.763857,1.03868,0.156519,0.008094,0.711615,0.66335
2009/5/30 0:00,0.733272,1.570105,0.759824,1.053419,0.156521,0.008188,0.711399,0.668963
2009/5/31 0:00,0.731904,1.569403,0.758285,1.05658,0.156521,0.008194,0.710076,0.668606
2009/6/1 0:00,0.731904,1.569403,0.758285,1.05658,0.156521,0.008194,0.710076,0.668606
2009/6/2 0:00,0.720747,1.575796,0.75685,1.067954,0.156143,0.008394,0.710411,0.653253
2009/6/3 0:00,0.716127,1.5688,0.749552,1.058481,0.155936,0.008356,0.711997,0.650893
2009/6/4 0:00,0.709396,1.547748,0.749763,1.053802,0.155982,0.008358,0.710323,0.642261
2009/6/5 0:00,0.715768,1.540393,0.755715,1.036162,0.156121,0.008259,0.714235,0.645599
2009/6/6 0:00,0.715692,1.539836,0.756144,1.041667,0.156531,0.008247,0.711061,0.645494
2009/6/7 0:00,0.716512,1.539101,0.757355,1.038961,0.156531,0.008216,0.709816,0.64635
2009/6/8 0:00,0.716512,1.539101,0.757355,1.038961,0.156531,0.008216,0.709816,0.64635
2009/6/9 0:00,0.71182,1.534743,0.758093,1.035438,0.156828,0.008254,0.708572,0.635445
2009/6/10 0:00,0.704151,1.530702,0.758676,1.040583,0.157122,0.008352,0.708097,0.634296
2009/6/11 0:00,0.70368,1.53191,0.753659,1.03163,0.157334,0.008326,0.706599,0.635001
2009/6/12 0:00,0.701311,1.52645,0.757369,1.027063,0.157334,0.00834,0.705403,0.639304
2009/6/13 0:00,0.692185,1.519099,0.755316,1.027723,0.157334,0.008413,0.702168,0.629287
2009/6/14 0:00,0.691085,1.516898,0.753125,1.027961,0.157334,0.008402,0.702006,0.627943
2009/6/15 0:00,0.691085,1.516898,0.753125,1.027961,0.157334,0.008402,0.702006,0.627943
2009/6/16 0:00,0.692881,1.528666,0.75149,1.025152,0.157087,0.008379,0.700349,0.625645
2009/6/17 0:00,0.702593,1.537622,0.757538,1.019747,0.157055,0.008338,0.70501,0.633955
2009/6/18 0:00,0.702099,1.536098,0.756095,1.024433,0.156794,0.008268,0.706314,0.64
2009/6/19 0:00,0.708617,1.545523,0.757263,1.02976,0.156809,0.008288,0.707789,0.630656
2009/6/20 0:00,0.707514,1.542639,0.75373,1.030556,0.156863,0.008297,0.707584,0.631512
2009/6/21 0:00,0.709019,1.542948,0.754068,1.031646,0.156863,0.008294,0.707714,0.631752
2009/6/22 0:00,0.712758,1.542948,0.754068,1.031646,0.156863,0.008294,0.707714,0.631752
2009/6/23 0:00,0.713852,1.542246,0.753829,1.032258,0.157038,0.008327,0.710896,0.633052
2009/6/24 0:00,0.712454,1.534649,0.754119,1.024643,0.156986,0.008301,0.713012,0.633032
2009/6/25 0:00,0.719011,1.549295,0.758524,1.032397,0.156964,0.008295,0.716178,0.635344
2009/6/26 0:00,0.716794,1.553398,0.758208,1.031726,0.157085,0.008274,0.715774,0.633874
2009/6/27 0:00,0.722752,1.556965,0.760488,1.03778,0.157126,0.008346,0.715415,0.641746
2009/6/28 0:00,0.723746,1.553253,0.756029,1.032525,0.157126,0.008334,0.714549,0.640061
2009/6/29 0:00,0.718701,1.553253,0.756029,1.032525,0.157126,0.008334,0.714549,0.639754
2009/6/30 0:00,0.713063,1.550207,0.754649,1.03146,0.157008,0.008301,0.708911,0.631453
2009/7/1 0:00,0.708567,1.536842,0.753438,1.026552,0.156838,0.008335,0.705699,0.629545
2009/7/2 0:00,0.701164,1.525437,0.750272,1.02296,0.156649,0.00832,0.701533,0.625156
2009/7/3 0:00,0.701459,1.524472,0.749709,1.025378,0.156659,0.008354,0.702543,0.634659
2009/7/4 0:00,0.701902,1.51676,0.750466,1.020408,0.156885,0.008272,0.701461,0.637308
2009/7/5 0:00,0.702741,1.518211,0.750112,1.021242,0.156885,0.008292,0.701582,0.638325
2009/7/6 0:00,0.702741,1.518211,0.750112,1.021242,0.156885,0.008292,0.701582,0.638325
2009/7/7 0:00,0.698934,1.517048,0.748024,1.026647,0.157015,0.008347,0.699837,0.633633
2009/7/8 0:00,0.699741,1.51607,0.744543,1.028807,0.157144,0.008344,0.700199,0.635364
2009/7/9 0:00,0.701213,1.513546,0.748083,1.025504,0.157304,0.008338,0.702395,0.639509
2009/7/10 0:00,0.702395,1.513546,0.753491,1.023908,0.157329,0.00835,0.699218,0.639795
2009/7/11 0:00,0.702691,1.519099,0.757401,1.028854,0.157329,0.008344,0.697569,0.642653
2009/7/12 0:00,0.706664,1.517796,0.760193,1.029548,0.157329,0.00834,0.697958,0.644517
2009/7/13 0:00,0.706664,1.517796,0.760193,1.029548,0.157329,0.00834,0.697958,0.644517
2009/7/14 0:00,0.708215,1.514234,0.763234,1.024685,0.157329,0.0083,0.703413,0.649393
2009/7/15 0:00,0.714975,1.523252,0.766568,1.032844,0.157329,0.008318,0.703524,0.653531
2009/7/16 0:00,0.720929,1.531745,0.76683,1.027163,0.157329,0.008337,0.709165,0.661835
2009/7/17 0:00,0.723066,1.532567,0.767816,1.034158,0.157394,0.008341,0.709371,0.66368
2009/7/18 0:00,0.733057,1.532849,0.773647,1.041857,0.157597,0.008315,0.716391,0.670399
2009/7/19 0:00,0.733595,1.530843,0.772487,1.039771,0.157597,0.008315,0.717072,0.669232
2009/7/20 0:00,0.733595,1.530843,0.772487,1.039771,0.157597,0.008315,0.717072,0.669232
2009/7/21 0:00,0.7373,1.536216,0.771563,1.040431,0.158153,0.008339,0.715436,0.673446
2009/7/22 0:00,0.727934,1.524193,0.769515,1.043656,0.157672,0.008347,0.713725,0.66865
2009/7/23 0:00,0.726586,1.544449,0.77104,1.050751,0.157537,0.008389,0.723,0.676613
2009/7/24 0:00,0.733487,1.550388,0.777345,1.052964,0.157575,0.00845,0.725961,0.687002
2009/7/25 0:00,0.727114,1.545058,0.773754,1.05148,0.157416,0.008372,0.72275,0.680156
2009/7/26 0:00,0.726296,1.543555,0.774042,1.048218,0.157416,0.008371,0.722413,0.680944
2009/7/27 0:00,0.726296,1.543555,0.774042,1.048218,0.157416,0.008371,0.722413,0.680944
2009/7/28 0:00,0.726111,1.547353,0.769408,1.045642,0.15723,0.00837,0.720648,0.680064
2009/7/29 0:00,0.726507,1.546001,0.771001,1.046737,0.15752,0.008346,0.7193,0.675858
2009/7/30 0:00,0.722517,1.543925,0.762675,1.04455,0.157498,0.008333,0.71746,0.673151
2009/7/31 0:00,0.721996,1.537953,0.763388,1.028965,0.157282,0.008286,0.717255,0.678058
2009/8/1 0:00,0.722074,1.534213,0.75944,1.022599,0.157503,0.00825,0.715789,0.674787
2009/8/2 0:00,0.721839,1.531394,0.759538,1.021889,0.157503,0.008233,0.715359,0.675151
2009/8/3 0:00,0.721501,1.531452,0.759538,1.021889,0.157503,0.008233,0.715359,0.675333
2009/8/4 0:00,0.725953,1.535709,0.761702,1.018392,0.157401,0.008266,0.718871,0.679117
2009/8/5 0:00,0.721163,1.530948,0.754404,1.013223,0.157401,0.008307,0.716332,0.678702
2009/8/6 0:00,0.714286,1.532555,0.761589,1.015538,0.15725,0.008296,0.718288,0.671795
2009/8/7 0:00,0.707564,1.529988,0.759091,1.008217,0.157314,0.008253,0.712058,0.668047
2009/8/8 0:00,0.713954,1.544879,0.764848,1.013716,0.158275,0.008284,0.713671,0.676201
2009/8/9 0:00,0.71375,1.542603,0.765052,1.012248,0.158275,0.00829,0.713521,0.677438
2009/8/10 0:00,0.71375,1.542603,0.765052,1.012248,0.158275,0.00829,0.713521,0.677438
2009/8/11 0:00,0.714031,1.542972,0.763796,1.015321,0.157793,0.008285,0.713526,0.67465
2009/8/12 0:00,0.717051,1.539883,0.762864,1.008522,0.157826,0.008249,0.71449,0.667401
2009/8/13 0:00,0.714158,1.53657,0.75963,1.00593,0.157831,0.008225,0.712421,0.657787
2009/8/14 0:00,0.714796,1.523693,0.759642,1.00394,0.157575,0.008218,0.710755,0.662647
2009/8/15 0:00,0.70326,1.506648,0.751484,0.994481,0.157403,0.008117,0.704166,0.65136
2009/8/16 0:00,0.704498,1.504948,0.751654,0.994135,0.157403,0.00812,0.704104,0.652443
2009/8/17 0:00,0.704498,1.504948,0.751654,0.994135,0.157403,0.00812,0.704104,0.652443
2009/8/18 0:00,0.705144,1.512402,0.753367,0.998712,0.157178,0.008128,0.703334,0.653787
2009/8/19 0:00,0.702938,1.510951,0.753886,0.992635,0.157188,0.008114,0.703059,0.652891
2009/8/20 0:00,0.70594,1.520797,0.753551,0.996115,0.157048,0.008135,0.70402,0.65606
2009/8/21 0:00,0.711541,1.520994,0.751247,0.998752,0.157003,0.00814,0.704622,0.653659
2009/8/22 0:00,0.71144,1.521375,0.749783,0.991719,0.156892,0.00814,0.702144,0.652699
2009/8/23 0:00,0.713216,1.52345,0.7505,0.994085,0.156892,0.008154,0.70222,0.654643
2009/8/24 0:00,0.713216,1.52345,0.7505,0.994085,0.156892,0.008154,0.70222,0.654643
2009/8/25 0:00,0.708767,1.519526,0.748637,0.992,0.156956,0.008122,0.703069,0.648887
2009/8/26 0:00,0.711845,1.521607,0.750751,0.984426,0.156774,0.008099,0.702889,0.646057
2009/8/27 0:00,0.707714,1.519757,0.74912,0.980037,0.15662,0.008094,0.702282,0.643646
2009/8/28 0:00,0.720565,1.531628,0.753395,0.98595,0.156666,0.008147,0.707631,0.65796
2009/8/29 0:00,0.723432,1.520207,0.750075,0.982053,0.156617,0.008143,0.707709,0.655996
2009/8/30 0:00,0.723772,1.519203,0.749055,0.981894,0.156617,0.008144,0.707967,0.656319
2009/8/31 0:00,0.723772,1.519203,0.749055,0.981894,0.156617,0.008144,0.707967,0.656319
2009/9/1 0:00,0.718597,1.512402,0.747963,0.97995,0.156512,0.00813,0.704804,0.65119
2009/9/2 0:00,0.724034,1.505571,0.750413,0.984107,0.156499,0.008166,0.70807,0.653232
2009/9/3 0:00,0.724664,1.510802,0.752095,0.977986,0.156514,0.00815,0.712119,0.657052
2009/9/4 0:00,0.722961,1.512104,0.751936,0.975991,0.156504,0.008156,0.710376,0.657397
2009/9/5 0:00,0.719011,1.504212,0.748167,0.970261,0.156372,0.00814,0.707414,0.653296
2009/9/6 0:00,0.719502,1.503748,0.747664,0.970921,0.156372,0.00814,0.707169,0.653445
2009/9/7 0:00,0.719502,1.503748,0.747664,0.970921,0.156372,0.00814,0.707169,0.653445
2009/9/8 0:00,0.723563,1.504902,0.750356,0.973179,0.156294,0.008116,0.709358,0.657592
2009/9/9 0:00,0.732198,1.506932,0.748315,0.971062,0.156279,0.008138,0.710578,0.667646
2009/9/10 0:00,0.731101,1.493607,0.74871,0.973757,0.156279,0.008098,0.70813,0.66335
2009/9/11 0:00,0.731101,1.510118,0.747423,1.000555,0.156311,0.008127,0.715154,0.663416
2009/9/12 0:00,0.734808,1.510574,0.748119,1.001532,0.156223,0.008126,0.71635,0.675402
2009/9/13 0:00,0.734403,1.511156,0.748419,1.003764,0.156223,0.008119,0.715231,0.674559
2009/9/14 0:00,0.734403,1.511156,0.748419,1.003764,0.156223,0.008119,0.715231,0.674559
2009/9/15 0:00,0.726691,1.507613,0.740094,0.99785,0.15605,0.00811,0.711794,0.664651
2009/9/16 0:00,0.720903,1.500499,0.735478,1.00595,0.155831,0.008133,0.709615,0.66368
2009/9/17 0:00,0.720955,1.51699,0.73537,1.014091,0.155569,0.008211,0.711974,0.662537
2009/9/18 0:00,0.730407,1.51676,0.735727,1.011675,0.155333,0.008234,0.713638,0.676521
2009/9/19 0:00,0.721553,1.521375,0.7303,1.015847,0.154911,0.008261,0.708541,0.672382
2009/9/20 0:00,0.718856,1.521757,0.726911,1.016984,0.154911,0.008274,0.707489,0.671862
2009/9/21 0:00,0.718856,1.521757,0.726911,1.016984,0.154911,0.008274,0.707489,0.671862
2009/9/22 0:00,0.724638,1.513317,0.727596,1.019784,0.154823,0.008302,0.710227,0.677094
2009/9/23 0:00,0.717412,1.504698,0.728343,1.008654,0.154775,0.008223,0.709706,0.6749
2009/9/24 0:00,0.720513,1.501389,0.723893,1.015332,0.154481,0.008209,0.709403,0.677048
2009/9/25 0:00,0.710581,1.487431,0.715937,1.000951,0.154233,0.008147,0.703485,0.669411
2009/9/26 0:00,0.719865,1.490802,0.721428,1.005895,0.154285,0.008244,0.70807,0.675105
2009/9/27 0:00,0.717283,1.489225,0.716509,1.008014,0.154285,0.008254,0.707689,0.672721
2009/9/28 0:00,0.717283,1.489225,0.716509,1.008014,0.154285,0.008254,0.707689,0.672721
2009/9/29 0:00,0.717077,1.488982,0.714896,1.009591,0.154302,0.008268,0.710399,0.676956
2009/9/30 0:00,0.722961,1.481043,0.717793,1.012915,0.15435,0.00827,0.712365,0.680944
2009/10/1 0:00,0.72197,1.486768,0.720606,1.006897,0.154373,0.008268,0.710919,0.678656
2009/10/2 0:00,0.727088,1.494322,0.723215,1.013223,0.154385,0.008314,0.711896,0.684065
2009/10/3 0:00,0.727061,1.491157,0.723,1.013813,0.154385,0.00831,0.710381,0.682827
2009/10/4 0:00,0.7282,1.491647,0.724375,1.014101,0.154385,0.008303,0.710381,0.684065
2009/10/5 0:00,0.7282,1.491647,0.724375,1.014101,0.154385,0.008303,0.710381,0.684065
2009/10/6 0:00,0.726111,1.488317,0.720189,1.012417,0.154114,0.008312,0.710182,0.685096
2009/10/7 0:00,0.729235,1.480166,0.721917,1.007765,0.154207,0.008303,0.707772,0.687238
2009/10/8 0:00,0.728412,1.483459,0.720106,1.01126,0.154055,0.008294,0.706317,0.683644
2009/10/9 0:00,0.728306,1.473839,0.721709,0.998707,0.153995,0.008316,0.704493,0.684018
2009/10/10 0:00,0.728491,1.474448,0.721813,0.999001,0.153995,0.008315,0.704493,0.68465
2009/10/11 0:00,0.728491,1.474448,0.721813,0.999001,0.153995,0.008315,0.704493,0.684252
2009/10/12 0:00,0.728491,1.474448,0.721813,0.999001,0.153995,0.008315,0.704493,0.684252
2009/10/13 0:00,0.716281,1.468321,0.716145,0.995124,0.153013,0.00838,0.700827,0.673197
2009/10/14 0:00,0.714847,1.466706,0.714921,0.990251,0.153315,0.008404,0.700329,0.66986
2009/10/15 0:00,0.706964,1.462202,0.710043,0.991616,0.152516,0.008433,0.69633,0.663812
2009/10/16 0:00,0.702001,1.457513,0.71097,0.997705,0.151678,0.008472,0.698592,0.665048
2009/10/17 0:00,0.697301,1.451379,0.706989,1.003794,0.151596,0.008494,0.69346,0.65563
2009/10/18 0:00,0.695241,1.452064,0.705604,1.005177,0.151596,0.008529,0.693142,0.654322
2009/10/19 0:00,0.695241,1.452064,0.705604,1.005177,0.151596,0.008529,0.693142,0.654322
2009/10/20 0:00,0.698617,1.454757,0.703665,1.000996,0.152219,0.008514,0.696976,0.6546
2009/10/21 0:00,0.69735,1.439201,0.699611,0.996458,0.152149,0.008488,0.695287,0.651742
2009/10/22 0:00,0.699692,1.446299,0.700363,0.992856,0.152082,0.008464,0.69763,0.656146
2009/10/23 0:00,0.69701,1.439885,0.695096,0.992319,0.15174,0.008473,0.695434,0.646392
2009/10/24 0:00,0.687096,1.429797,0.688919,1.001252,0.151863,0.008557,0.694203,0.643211
2009/10/25 0:00,0.687498,1.425588,0.687959,0.998642,0.151863,0.008547,0.694601,0.64658
2009/10/26 0:00,0.687498,1.425588,0.687959,0.998642,0.151863,0.008547,0.694601,0.64658
2009/10/27 0:00,0.687002,1.427144,0.68861,0.994347,0.152001,0.00852,0.69469,0.644247
2009/10/28 0:00,0.692689,1.416631,0.688852,0.996557,0.152008,0.008497,0.696328,0.648803
2009/10/29 0:00,0.685895,1.416631,0.68526,0.997138,0.152013,0.008595,0.695016,0.639039
2009/10/30 0:00,0.699154,1.41844,0.701277,0.987947,0.151976,0.0085,0.696597,0.649625
2009/10/31 0:00,0.700992,1.430615,0.706285,0.985202,0.151996,0.00845,0.70031,0.647941
2009/11/1 0:00,0.702494,1.426544,0.707872,0.984199,0.151996,0.008419,0.699347,0.649266
2009/11/2 0:00,0.702494,1.426544,0.707872,0.984199,0.151996,0.008419,0.699347,0.649266
2009/11/3 0:00,0.697156,1.424806,0.701828,0.984688,0.15199,0.008432,0.700101,0.647249
2009/11/4 0:00,0.70055,1.433897,0.710959,0.981066,0.151918,0.008439,0.70124,0.649393
2009/11/5 0:00,0.707539,1.427348,0.712545,0.983168,0.152027,0.008413,0.700138,0.652933
2009/11/6 0:00,0.708316,1.43575,0.709892,0.986826,0.152087,0.008433,0.700864,0.646998
2009/11/7 0:00,0.706714,1.417635,0.709348,0.977608,0.152066,0.00826,0.702092,0.6466
2009/11/8 0:00,0.708416,1.424501,0.715802,0.977522,0.152066,0.008256,0.702235,0.648424
2009/11/9 0:00,0.708416,1.424501,0.715802,0.977522,0.152066,0.008256,0.702235,0.648424
2009/11/10 0:00,0.70824,1.436101,0.714133,0.979965,0.152013,0.008258,0.702319,0.651232
2009/11/11 0:00,0.705617,1.439346,0.712352,0.98174,0.15198,0.00831,0.700749,0.649161
2009/11/12 0:00,0.713267,1.457853,0.722282,0.992654,0.152045,0.008476,0.703151,0.665624
2009/11/13 0:00,0.722256,1.457938,0.729448,1.007125,0.152328,0.008561,0.716589,0.673106
2009/11/14 0:00,0.708567,1.446288,0.72097,1.006203,0.152117,0.008545,0.710886,0.662361
2009/11/15 0:00,0.707214,1.450148,0.718639,1.009184,0.152117,0.008555,0.710273,0.662954
2009/11/16 0:00,0.707214,1.450148,0.718639,1.009184,0.152117,0.008555,0.710273,0.662954
2009/11/17 0:00,0.709522,1.441203,0.717417,1.012299,0.152117,0.008659,0.711936,0.663504
2009/11/18 0:00,0.708215,1.450747,0.724344,1.029628,0.152117,0.008696,0.716127,0.666045
2009/11/19 0:00,0.707814,1.447387,0.71564,1.023568,0.152117,0.008766,0.7168,0.664386
2009/11/20 0:00,0.709019,1.4454,0.717026,1.030822,0.152117,0.008959,0.719994,0.668248
2009/11/21 0:00,0.709925,1.446132,0.72294,1.023667,0.152117,0.008849,0.71614,0.662888
2009/11/22 0:00,0.710631,1.450705,0.722204,1.023489,0.152117,0.008832,0.715392,0.662669
2009/11/23 0:00,0.710328,1.450705,0.722204,1.023489,0.152117,0.008832,0.715392,0.662669
2009/11/24 0:00,0.714235,1.444252,0.72338,1.012402,0.153936,0.00873,0.713809,0.665447
2009/11/25 0:00,0.70995,1.429184,0.721061,1.011225,0.153447,0.008785,0.711506,0.656534
2009/11/26 0:00,0.716949,1.431844,0.730388,1.007521,0.153179,0.008754,0.711389,0.662888
2009/11/27 0:00,0.713827,1.432203,0.727738,1.005788,0.153402,0.008806,0.71203,0.661704
2009/11/28 0:00,0.712251,1.433692,0.725021,1.010152,0.153318,0.008885,0.71141,0.661354
2009/11/29 0:00,0.715103,1.440652,0.726361,1.01005,0.153318,0.008884,0.711592,0.662954
2009/11/30 0:00,0.715103,1.440652,0.726361,1.01005,0.153318,0.008884,0.711592,0.662954
2009/12/1 0:00,0.724165,1.414627,0.730506,1.001151,0.153332,0.008845,0.714648,0.672156
2009/12/2 0:00,0.720877,1.405383,0.725168,1.0081,0.153207,0.008917,0.710126,0.666333
2009/12/3 0:00,0.717901,1.394797,0.726538,1.013187,0.153099,0.008981,0.711035,0.663196
2009/12/4 0:00,0.719891,1.3947,0.735294,1.011291,0.153057,0.008882,0.71272,0.669411
2009/12/5 0:00,0.713216,1.386578,0.737964,1.003543,0.152896,0.008785,0.710182,0.66368
2009/12/6 0:00,0.712149,1.387203,0.739982,1.00314,0.152896,0.008773,0.710101,0.662954
2009/12/7 0:00,0.712149,1.387203,0.739982,1.00314,0.152896,0.008773,0.710101,0.662954
2009/12/8 0:00,0.714796,1.392157,0.738989,1.003251,0.152579,0.008851,0.711283,0.6595
2009/12/9 0:00,0.717257,1.393922,0.745851,1.00045,0.152623,0.008782,0.713297,0.661967
2009/12/10 0:00,0.726903,1.405057,0.742914,1.001492,0.152648,0.008784,0.71438,0.664253
2009/12/11 0:00,0.73616,1.41616,0.746274,1.008776,0.153104,0.008813,0.719644,0.674445
2009/12/12 0:00,0.742942,1.423589,0.749738,1.008832,0.153688,0.008788,0.727643,0.680342
2009/12/13 0:00,0.743771,1.423396,0.751092,1.00713,0.153655,0.008788,0.727397,0.682035
2009/12/14 0:00,0.743771,1.423396,0.751092,1.00713,0.153655,0.008788,0.727397,0.682035
2009/12/15 0:00,0.746491,1.423548,0.752021,1.002074,0.15345,0.008799,0.725005,0.679856
2009/12/16 0:00,0.744158,1.420697,0.746408,1.006391,0.153735,0.008885,0.7227,0.67595
2009/12/17 0:00,0.752021,1.422677,0.754606,1.004319,0.153539,0.008853,0.725163,0.67974
2009/12/18 0:00,0.744158,1.430001,0.747161,1.013721,0.153643,0.00884,0.723249,0.666045
2009/12/19 0:00,0.757662,1.44321,0.757857,1.019108,0.153957,0.008798,0.729198,0.676659
2009/12/20 0:00,0.758035,1.438445,0.756578,1.017294,0.153957,0.008786,0.728194,0.674491
2009/12/21 0:00,0.758035,1.438445,0.756578,1.017294,0.153957,0.008786,0.728194,0.674491
2009/12/22 0:00,0.751061,1.432049,0.752842,1.01388,0.153846,0.008804,0.726335,0.668025
2009/12/23 0:00,0.745295,1.415028,0.747887,1.01292,0.153504,0.008853,0.723851,0.659304
2009/12/24 0:00,0.743246,1.409245,0.748433,1.010356,0.153327,0.008796,0.722721,0.659391
2009/12/25 0:00,0.764088,1.448551,0.769394,1.03576,0.15444,0.009008,0.740922,0.684838
2009/12/26 0:00,0.761064,1.448121,0.769405,1.032258,0.154521,0.008967,0.737218,0.680342
2009/12/27 0:00,0.760398,1.448153,0.76892,1.031683,0.154521,0.008963,0.735781,0.679648
2009/12/28 0:00,0.760398,1.448153,0.76892,1.031683,0.154521,0.008963,0.735781,0.679648
2009/12/29 0:00,0.758323,1.437401,0.764921,1.03114,0.154212,0.008952,0.735202,0.67506
2009/12/30 0:00,0.761789,1.421,0.765838,1.028463,0.154081,0.008925,0.734311,0.674514
2009/12/31 0:00,0.753381,1.409245,0.757688,1.024223,0.153697,0.008873,0.731261,0.66986
2010/1/1 0:00,0.751908,1.414827,0.754148,1.024874,0.153499,0.008874,0.730148,0.669591
2010/1/2 0:00,0.751287,1.412659,0.753838,1.022945,0.153499,0.008838,0.729203,0.668405
2010/1/3 0:00,0.750835,1.415458,0.75358,1.02239,0.153499,0.008843,0.728674,0.668695
2010/1/4 0:00,0.750835,1.415458,0.75358,1.02239,0.153499,0.008843,0.728674,0.668695
2010/1/5 0:00,0.754006,1.4237,0.758492,1.026589,0.154089,0.00882,0.729695,0.671885
2010/1/6 0:00,0.761296,1.436678,0.76328,1.031475,0.153727,0.008856,0.736901,0.684556
2010/1/7 0:00,0.766372,1.438849,0.77044,1.037404,0.154677,0.008888,0.740247,0.691085
2010/1/8 0:00,0.767489,1.439263,0.77098,1.043368,0.155063,0.00889,0.742572,0.692113
2010/1/9 0:00,0.768079,1.422273,0.767654,1.044147,0.154354,0.00895,0.741743,0.690179
2010/1/10 0:00,0.767843,1.4229,0.768504,1.044277,0.154354,0.00896,0.740316,0.690417
2010/1/11 0:00,0.767077,1.422647,0.768504,1.044277,0.154354,0.008956,0.740316,0.69025
2010/1/12 0:00,0.762166,1.428571,0.767098,1.043188,0.154354,0.008998,0.740132,0.684627
2010/1/13 0:00,0.752078,1.414827,0.75863,1.045369,0.154385,0.009071,0.736855,0.67891
2010/1/14 0:00,0.759878,1.413428,0.763895,1.046627,0.1543,0.009118,0.742115,0.682198
2010/1/15 0:00,0.750779,1.405877,0.759714,1.045478,0.154727,0.009236,0.739388,0.677209
2010/1/16 0:00,0.755059,1.411632,0.768941,1.048889,0.15466,0.009223,0.741526,0.680897
2010/1/17 0:00,0.755715,1.412659,0.769776,1.048696,0.15466,0.009255,0.741485,0.680851
2010/1/18 0:00,0.755715,1.412659,0.769776,1.048696,0.15466,0.009255,0.741485,0.680851
2010/1/19 0:00,0.760023,1.423356,0.774156,1.047982,0.154811,0.009257,0.744114,0.686059
2010/1/20 0:00,0.766812,1.425344,0.782748,1.045648,0.154665,0.009202,0.743025,0.69056
2010/1/21 0:00,0.764848,1.420596,0.780628,1.034501,0.154359,0.009148,0.739519,0.691611
2010/1/22 0:00,0.770594,1.41623,0.779256,1.034784,0.154259,0.009161,0.733848,0.687002
2010/1/23 0:00,0.771873,1.421201,0.778474,1.034046,0.154426,0.009198,0.736757,0.691491
2010/1/24 0:00,0.771337,1.420202,0.779879,1.033037,0.154426,0.009195,0.736578,0.69197
2010/1/25 0:00,0.771337,1.420202,0.779879,1.033037,0.154426,0.009195,0.736578,0.69197
2010/1/26 0:00,0.774863,1.4285,0.780573,1.037673,0.154435,0.009189,0.739765,0.694686
2010/1/27 0:00,0.781097,1.439367,0.789974,1.0419,0.154844,0.009169,0.748374,0.703878
2010/1/28 0:00,0.781494,1.437815,0.792242,1.030434,0.15454,0.00911,0.744352,0.698812
2010/1/29 0:00,0.774084,1.433045,0.785376,1.027364,0.154276,0.00913,0.741065,0.690989
2010/1/30 0:00,0.770564,1.439678,0.788271,1.021659,0.153822,0.008951,0.738299,0.684767
2010/1/31 0:00,0.771129,1.4406,0.789456,1.021805,0.153822,0.008945,0.738514,0.685307
2010/2/1 0:00,0.771129,1.4406,0.789456,1.021805,0.153822,0.008945,0.738514,0.685307
2010/2/2 0:00,0.771647,1.449748,0.789017,1.025851,0.154012,0.008993,0.739555,0.684744
2010/2/3 0:00,0.774383,1.458396,0.792629,1.026973,0.154,0.008977,0.739284,0.68861
2010/2/4 0:00,0.75985,1.455699,0.791728,1.030641,0.153965,0.008982,0.740826,0.685495
2010/2/5 0:00,0.764672,1.461646,0.798308,1.034768,0.154419,0.009256,0.743273,0.697934
2010/2/6 0:00,0.759446,1.459801,0.795339,1.041775,0.154462,0.009373,0.7423,0.697107
2010/2/7 0:00,0.760485,1.46155,0.796632,1.042275,0.154462,0.009402,0.743901,0.697739
2010/2/8 0:00,0.760485,1.46155,0.796632,1.042275,0.154462,0.009402,0.743901,0.697739
2010/2/9 0:00,0.766313,1.467998,0.798062,1.047834,0.154462,0.009389,0.745443,0.701705
2010/2/10 0:00,0.750244,1.456876,0.788668,1.050525,0.15404,0.009416,0.740881,0.693433
2010/2/11 0:00,0.745684,1.449485,0.776913,1.045041,0.153969,0.009337,0.73645,0.686908
2010/2/12 0:00,0.746408,1.447597,0.777626,1.032482,0.153763,0.009325,0.735713,0.68835
2010/2/13 0:00,0.736187,1.443501,0.773225,1.030344,0.153841,0.009359,0.734646,0.684346
2010/2/14 0:00,0.73673,1.442991,0.774671,1.028188,0.153841,0.009336,0.734422,0.683878
2010/2/15 0:00,0.73673,1.442991,0.774671,1.028188,0.153841,0.009336,0.734422,0.683878
2010/2/16 0:00,0.731154,1.439253,0.768882,1.029601,0.153447,0.009224,0.729703,0.676888
2010/2/17 0:00,0.735159,1.443408,0.773455,1.02511,0.153414,0.009146,0.730223,0.675083
2010/2/18 0:00,0.73929,1.446236,0.779189,1.02994,0.154036,0.009221,0.732595,0.683924
2010/2/19 0:00,0.732064,1.444356,0.778847,1.030992,0.15345,0.009177,0.728422,0.681199
2010/2/20 0:00,0.727511,1.436905,0.772944,1.025094,0.153092,0.009204,0.729004,0.678196
2010/2/21 0:00,0.730007,1.435925,0.772851,1.025131,0.153092,0.009204,0.728725,0.676842
2010/2/22 0:00,0.730007,1.435925,0.772851,1.025131,0.153092,0.009204,0.728725,0.676842
2010/2/23 0:00,0.728863,1.439802,0.775047,1.022809,0.153346,0.009172,0.730426,0.679509
2010/2/24 0:00,0.733756,1.446602,0.775434,1.022443,0.153348,0.009167,0.73042,0.682012
2010/2/25 0:00,0.729661,1.462887,0.774773,1.018984,0.152933,0.009121,0.726678,0.679833
2010/2/26 0:00,0.722308,1.463143,0.763983,1.010101,0.152742,0.009101,0.724635,0.674946
2010/2/27 0:00,0.722596,1.45218,0.762114,1.010152,0.152749,0.009073,0.723717,0.676842
2010/2/28 0:00,0.722517,1.450032,0.762454,1.009856,0.152749,0.009082,0.723783,0.676498
2010/3/1 0:00,0.723406,1.456452,0.762454,1.009856,0.152749,0.00907,0.723783,0.676247
2010/3/2 0:00,0.722204,1.448845,0.761774,1.010918,0.152539,0.009163,0.72584,0.676842
2010/3/3 0:00,0.71736,1.461732,0.760265,1.007425,0.152504,0.009088,0.723476,0.673197
2010/3/4 0:00,0.719632,1.470415,0.764965,1.008985,0.152576,0.009074,0.725189,0.676064
2010/3/5 0:00,0.721605,1.465438,0.769882,1.010285,0.152509,0.009112,0.727691,0.67365
2010/3/6 0:00,0.718649,1.462758,0.767519,1.007389,0.152362,0.009086,0.725718,0.670488
2010/3/7 0:00,0.719399,1.461913,0.76753,1.005394,0.152362,0.009072,0.724719,0.669411
2010/3/8 0:00,0.718494,1.462544,0.76753,1.005834,0.152362,0.009072,0.724719,0.669546
2010/3/9 0:00,0.718597,1.463486,0.765902,1.00777,0.1519,0.008999,0.723924,0.669905
2010/3/10 0:00,0.723301,1.449433,0.763213,1.00634,0.151909,0.00903,0.726187,0.676384
2010/3/11 0:00,0.725242,1.441774,0.764596,1.011736,0.152089,0.009128,0.725977,0.681849
2010/3/12 0:00,0.722596,1.443428,0.763586,1.010239,0.151872,0.009195,0.7275,0.681129
2010/3/13 0:00,0.734997,1.452992,0.772556,1.023788,0.152328,0.009379,0.736144,0.693914
2010/3/14 0:00,0.7259,1.451547,0.772863,1.024858,0.152328,0.009385,0.73714,0.695628
2010/3/15 0:00,0.7259,1.451547,0.772863,1.024858,0.152328,0.009385,0.73714,0.695628
2010/3/16 0:00,0.736648,1.444836,0.779059,1.029935,0.152351,0.009322,0.73724,0.693241
2010/3/17 0:00,0.744796,1.454948,0.782197,1.035411,0.152172,0.009316,0.739358,0.696961
2010/3/18 0:00,0.746798,1.451337,0.786473,1.042862,0.152381,0.009358,0.742341,0.702149
2010/3/19 0:00,0.743743,1.446341,0.785916,1.037436,0.152393,0.009373,0.739519,0.712555
2010/3/20 0:00,0.737463,1.426544,0.783368,1.036318,0.152393,0.009347,0.7347,0.704523
2010/3/21 0:00,0.740001,1.426198,0.782653,1.037086,0.152393,0.009352,0.73511,0.705567
2010/3/22 0:00,0.740001,1.426198,0.782653,1.037086,0.152393,0.009352,0.73511,0.705567
2010/3/23 0:00,0.739044,1.420959,0.782344,1.036474,0.151844,0.009411,0.73783,0.705517
2010/3/24 0:00,0.736052,1.41226,0.777823,1.038745,0.151596,0.009434,0.737732,0.699888
2010/3/25 0:00,0.741098,1.415719,0.774293,1.036828,0.151934,0.009441,0.738236,0.703087
2010/3/26 0:00,0.736079,1.420596,0.771953,1.035465,0.151699,0.0096,0.741095,0.704449
2010/3/27 0:00,0.739508,1.433384,0.776277,1.042085,0.151782,0.009595,0.741293,0.706414
2010/3/28 0:00,0.739618,1.435802,0.775588,1.04196,0.151782,0.009604,0.741592,0.705442
2010/3/29 0:00,0.739618,1.43575,0.775588,1.04196,0.151782,0.009604,0.741592,0.705069
2010/3/30 0:00,0.745657,1.466544,0.780214,1.039825,0.152043,0.009614,0.744419,0.711187
2010/3/31 0:00,0.746519,1.467233,0.780823,1.040843,0.151738,0.00955,0.745026,0.712911
2010/4/1 0:00,0.749288,1.464686,0.779089,1.042699,0.152033,0.009575,0.746361,0.71582
2010/4/2 0:00,0.759648,1.482701,0.782626,1.043705,0.152038,0.00945,0.747275,0.724113
2010/4/3 0:00,0.748744,1.37193,0.772386,1.029458,0.151016,0.009786,0.741576,0.713318
2010/4/4 0:00,0.748867,1.368045,0.769133,1.030721,0.151016,0.009782,0.739533,0.713318
2010/4/5 0:00,0.748867,1.368045,0.769133,1.030721,0.151016,0.009782,0.739533,0.713318
2010/4/6 0:00,0.733434,1.317592,0.762547,1.022411,0.15034,0.009812,0.733541,0.699399
2010/4/7 0:00,0.736269,1.332765,0.765313,1.017895,0.150419,0.009739,0.737762,0.702889
2010/4/8 0:00,0.742501,1.343616,0.768935,1.021607,0.150675,0.009751,0.741444,0.71048
2010/4/9 0:00,0.743246,1.32318,0.770336,1.020689,0.150419,0.009684,0.739916,0.711288
2010/4/10 0:00,0.748699,1.32633,0.774003,1.026694,0.150247,0.009759,0.74265,0.716435
2010/4/11 0:00,0.749991,1.326357,0.774554,1.027797,0.150247,0.009752,0.743163,0.717952
2010/4/12 0:00,0.749991,1.326357,0.774554,1.027797,0.150247,0.009752,0.743163,0.717952
2010/4/13 0:00,0.753949,1.329416,0.77818,1.029988,0.150031,0.009753,0.743262,0.722961
2010/4/14 0:00,0.745935,1.304351,0.772156,1.02501,0.149707,0.00985,0.740324,0.714235
2010/4/15 0:00,0.749738,1.291381,0.77006,1.024611,0.14941,0.009877,0.739875,0.711238
2010/4/16 0:00,0.747943,1.289898,0.768749,1.022286,0.149676,0.009932,0.740944,0.722648
2010/4/17 0:00,0.755829,1.294373,0.766069,1.016735,0.149519,0.009937,0.742785,0.72873
2010/4/18 0:00,0.756974,1.29475,0.766927,1.01717,0.149519,0.009942,0.743337,0.730647
2010/4/19 0:00,0.756974,1.29475,0.766927,1.01717,0.149519,0.009942,0.743337,0.730647
2010/4/20 0:00,0.753211,1.297597,0.761748,1.017718,0.14939,0.009721,0.739943,0.721917
2010/4/21 0:00,0.764263,1.32611,0.769083,1.013274,0.149508,0.009536,0.743152,0.731904
2010/4/22 0:00,0.761557,1.31572,0.771953,1.017232,0.14956,0.009584,0.742495,0.728651
2010/4/23 0:00,0.763621,1.33053,0.775795,1.019945,0.14962,0.009482,0.744549,0.720773
2010/4/24 0:00,0.75959,1.319131,0.771653,1.016963,0.149504,0.009471,0.742633,0.714235
2010/4/25 0:00,0.757892,1.319044,0.771159,1.017998,0.149504,0.009538,0.741961,0.711642
2010/4/26 0:00,0.757892,1.319044,0.771159,1.017998,0.149504,0.009538,0.741961,0.711642
2010/4/27 0:00,0.759532,1.326357,0.771245,1.018491,0.149077,0.009432,0.741741,0.710858
2010/4/28 0:00,0.750441,1.310298,0.76728,1.01493,0.149327,0.009427,0.738539,0.704597
2010/4/29 0:00,0.747999,1.316716,0.766424,1.012392,0.149724,0.009357,0.736675,0.702321
2010/4/30 0:00,0.748722,1.319192,0.764973,1.013294,0.149726,0.009447,0.737311,0.697569
2010/5/1 0:00,0.745573,1.311003,0.759059,1.011972,0.149867,0.009424,0.73609,0.699081
2010/5/2 0:00,0.746547,1.311329,0.761586,1.013212,0.149433,0.009427,0.735841,0.700158
2010/5/3 0:00,0.746547,1.311329,0.761586,1.013212,0.149433,0.009427,0.735841,0.700158
2010/5/4 0:00,0.746854,1.314147,0.75657,1.014291,0.14979,0.00945,0.734169,0.699252
2010/5/5 0:00,0.751343,1.315037,0.75755,1.008186,0.149881,0.00955,0.73567,0.703755
2010/5/6 0:00,0.746519,1.313396,0.756581,1.007384,0.149894,0.009465,0.736399,0.705069
2010/5/7 0:00,0.75092,1.315703,0.758947,1.019223,0.150267,0.009516,0.738967,0.707064
2010/5/8 0:00,0.759532,1.322655,0.765679,1.031779,0.15067,0.009797,0.745095,0.721527
2010/5/9 0:00,0.759676,1.322953,0.76678,1.031358,0.150661,0.009799,0.746347,0.720357
2010/5/10 0:00,0.759676,1.322953,0.76678,1.031358,0.150661,0.009799,0.746347,0.720357
2010/5/11 0:00,0.756573,1.319583,0.76356,1.032706,0.150519,0.009771,0.745865,0.719243
2010/5/12 0:00,0.760427,1.333814,0.763245,1.037027,0.150906,0.00992,0.747401,0.723615
2010/5/13 0:00,0.758697,1.332436,0.764526,1.028568,0.150744,0.009877,0.744951,0.714898
2010/5/14 0:00,0.76298,1.310839,0.768374,1.027079,0.15056,0.009881,0.744948,0.717901
2010/5/15 0:00,0.76205,1.308678,0.759382,1.021085,0.1502,0.009829,0.742937,0.714031
2010/5/16 0:00,0.761963,1.307096,0.758996,1.019581,0.14977,0.009822,0.742779,0.713801
2010/5/17 0:00,0.761963,1.307096,0.758996,1.019581,0.14977,0.009822,0.742779,0.713801
2010/5/18 0:00,0.765726,1.303025,0.760083,1.01703,0.150105,0.009756,0.742322,0.714184
2010/5/19 0:00,0.766842,1.300103,0.761432,1.018221,0.150288,0.00982,0.743989,0.715871
2010/5/20 0:00,0.77232,1.300483,0.766654,1.024737,0.150699,0.009867,0.746152,0.722022
2010/5/21 0:00,0.770564,1.295295,0.771394,1.025573,0.150897,0.009817,0.744688,0.72197
2010/5/22 0:00,0.764994,1.291047,0.771456,1.026257,0.150715,0.00989,0.742782,0.719476
2010/5/23 0:00,0.764643,1.291873,0.771819,1.02593,0.150431,0.009871,0.743387,0.719709
2010/5/24 0:00,0.764643,1.291873,0.771819,1.02593,0.150431,0.009871,0.743387,0.719709
2010/5/25 0:00,0.768197,1.28817,0.774084,1.028383,0.150684,0.009882,0.744358,0.721215
2010/5/26 0:00,0.770475,1.303781,0.778189,1.039393,0.151006,0.00998,0.746904,0.728465
2010/5/27 0:00,0.76298,1.300898,0.776811,1.03728,0.150774,0.009969,0.743912,0.722831
2010/5/28 0:00,0.768403,1.31406,0.782751,1.045484,0.150855,0.010014,0.746595,0.72873
2010/5/29 0:00,0.761644,1.30736,0.776609,1.041114,0.150301,0.009977,0.742424,0.726085
2010/5/30 0:00,0.762515,1.307677,0.777309,1.041341,0.15106,0.00998,0.742666,0.727405
2010/5/31 0:00,0.762602,1.307002,0.777152,1.040274,0.150351,0.009978,0.742666,0.727405
2010/6/1 0:00,0.762457,1.31337,0.771578,1.039669,0.150375,0.00997,0.740488,0.727379
2010/6/2 0:00,0.763184,1.319557,0.775188,1.039988,0.150577,0.009988,0.740357,0.730994
2010/6/3 0:00,0.761025,1.31765,0.773078,1.032455,0.150167,0.009941,0.73858,0.729625
2010/6/4 0:00,0.76118,1.317436,0.773156,1.033058,0.150225,0.009948,0.738836,0.729581
2010/6/5 0:00,0.758956,1.315097,0.769853,1.025126,0.149876,0.009853,0.737191,0.72619
2010/6/6 0:00,0.762515,1.313301,0.768876,1.022223,0.149882,0.009821,0.735835,0.723798
2010/6/7 0:00,0.756287,1.313845,0.769201,1.022688,0.149882,0.009821,0.735889,0.723956
2010/6/8 0:00,0.757834,1.310616,0.768678,1.023337,0.149793,0.009808,0.735727,0.7259
2010/6/9 0:00,0.750554,1.308216,0.76476,1.016518,0.149757,0.009702,0.732864,0.721189
2010/6/10 0:00,0.751597,1.31337,0.762079,1.017294,0.149723,0.009672,0.734101,0.7259
2010/6/11 0:00,0.75566,1.329699,0.769325,1.019924,0.149689,0.0096,0.735537,0.728412
2010/6/12 0:00,0.756344,1.329655,0.769595,1.01995,0.149689,0.009616,0.735586,0.729208
2010/6/13 0:00,0.756974,1.329442,0.769527,1.019981,0.149689,0.009617,0.73524,0.730353
2010/6/14 0:00,0.75706,1.329398,0.769556,1.019321,0.149649,0.009618,0.735132,0.729501
2010/6/15 0:00,0.758604,1.331026,0.773291,1.020408,0.149788,0.009674,0.736757,0.730807
2010/6/16 0:00,0.768167,1.343544,0.779226,1.030641,0.149565,0.009795,0.742611,0.741812
2010/6/17 0:00,0.766871,1.3328,0.775344,1.031109,0.150098,0.009826,0.742446,0.744685
2010/6/18 0:00,0.764643,1.330672,0.77444,1.028256,0.150054,0.009763,0.74042,0.739208
2010/6/19 0:00,0.754774,1.325908,0.766328,1.024018,0.149334,0.00974,0.735919,0.733192
2010/6/20 0:00,0.753892,1.3267,0.766348,1.02521,0.14933,0.009737,0.735841,0.732091
2010/6/21 0:00,0.752502,1.331203,0.764643,1.027063,0.149697,0.009807,0.735646,0.731957
2010/6/22 0:00,0.746854,1.318131,0.759532,1.027063,0.149715,0.00979,0.731957,0.726111
2010/6/23 0:00,0.747077,1.320481,0.759425,1.023913,0.149921,0.009742,0.731888,0.726348
2010/6/24 0:00,0.74758,1.322751,0.758593,1.027538,0.14999,0.009766,0.733703,0.729076
2010/6/25 0:00,0.750976,1.322401,0.761058,1.029564,0.149868,0.009802,0.733579,0.731074
2010/6/26 0:00,0.748559,1.302592,0.756885,1.020486,0.149784,0.009773,0.730762,0.726401
2010/6/27 0:00,0.749288,1.300001,0.756796,1.020039,0.14858,0.009777,0.730946,0.726559
2010/6/28 0:00,0.749176,1.3005,0.756802,1.018081,0.149851,0.009778,0.730941,0.726401
2010/6/29 0:00,0.75429,1.302932,0.757579,1.020273,0.150004,0.00983,0.734498,0.730007
2010/6/30 0:00,0.754205,1.297353,0.756024,1.021237,0.149813,0.009823,0.733708,0.730727
2010/7/1 0:00,0.758006,1.299545,0.757581,1.023133,0.149876,0.009914,0.736223,0.731609
2010/7/2 0:00,0.764,1.309415,0.766163,1.032338,0.150008,0.009921,0.7373,0.730994
2010/7/3 0:00,0.76147,1.29584,0.759175,1.031593,0.149751,0.009901,0.73567,0.723014
2010/7/4 0:00,0.762369,1.296899,0.758581,1.030923,0.150033,0.009898,0.735781,0.72469
2010/7/5 0:00,0.762369,1.296899,0.758581,1.030923,0.150033,0.009898,0.735781,0.72469
2010/7/6 0:00,0.764029,1.296344,0.75726,1.03197,0.149957,0.009971,0.735229,0.728226
2010/7/7 0:00,0.766577,1.301914,0.756621,1.03054,0.14994,0.009971,0.735478,0.730034
2010/7/8 0:00,0.767048,1.300728,0.757194,1.0294,0.149806,0.009941,0.73474,0.725426
2010/7/9 0:00,0.763796,1.296176,0.759717,1.033618,0.149979,0.009905,0.732963,0.725979
2010/7/10 0:00,0.766577,1.297859,0.762274,1.030551,0.149864,0.009865,0.733323,0.728783
2010/7/11 0:00,0.765961,1.297901,0.761748,1.029479,0.15076,0.009868,0.733563,0.728385
2010/7/12 0:00,0.765931,1.296294,0.761528,1.028235,0.150664,0.009868,0.733568,0.728518
2010/7/13 0:00,0.766489,1.284192,0.762041,1.026536,0.149896,0.009848,0.732145,0.726956
2010/7/14 0:00,0.761354,1.272678,0.757125,1.020882,0.149832,0.009714,0.729283,0.722308
2010/7/15 0:00,0.762137,1.27486,0.759532,1.024984,0.149925,0.009659,0.730058,0.717772
2010/7/16 0:00,0.757805,1.264542,0.756859,1.020867,0.149865,0.009618,0.728558,0.715359
2010/7/17 0:00,0.756916,1.243936,0.753429,1.020356,0.149876,0.009697,0.727794,0.71347
2010/7/18 0:00,0.75838,1.243495,0.752078,1.022955,0.149808,0.009719,0.72812,0.716307
2010/7/19 0:00,0.760774,1.235788,0.75914,1.017434,0.149065,0.009639,0.727146,0.713216
2010/7/20 0:00,0.753494,1.211534,0.753679,1.011056,0.148858,0.009691,0.725155,0.704945
2010/7/21 0:00,0.756916,1.223541,0.754996,1.011005,0.148754,0.009587,0.722001,0.707114
2010/7/22 0:00,0.757404,1.22549,0.757777,1.013839,0.148717,0.009658,0.724034,0.709698
2010/7/23 0:00,0.762747,1.221299,0.76246,1.012212,0.14861,0.009631,0.720448,0.710631
2010/7/24 0:00,0.761702,1.218851,0.761009,1.009928,0.14915,0.009599,0.71921,0.708667
2010/7/25 0:00,0.761731,1.218999,0.760832,1.009688,0.148591,0.009598,0.719321,0.708717
2010/7/26 0:00,0.762486,1.219401,0.761449,1.012002,0.148454,0.009622,0.719994,0.713267
2010/7/27 0:00,0.767254,1.229559,0.762858,1.010918,0.148298,0.009631,0.721662,0.720487
2010/7/28 0:00,0.77229,1.227295,0.76239,1.010714,0.148429,0.009681,0.721425,0.722961
2010/7/29 0:00,0.763213,1.226392,0.75745,1.008593,0.148182,0.009619,0.718435,0.720098
2010/7/30 0:00,0.759994,1.223391,0.750309,1.00548,0.147866,0.009624,0.716936,0.715922
2010/7/31 0:00,0.760572,1.224597,0.750103,1.007988,0.147927,0.009634,0.717257,0.716384
2010/8/1 0:00,0.760572,1.224597,0.750103,1.007988,0.147851,0.009634,0.717257,0.716384
2010/8/2 0:00,0.759965,1.220398,0.746857,1.006416,0.147615,0.009593,0.71719,0.71286
2010/8/3 0:00,0.764883,1.219512,0.750272,1.006421,0.14749,0.009592,0.719135,0.716435
2010/8/4 0:00,0.765257,1.222793,0.748646,1.006695,0.147639,0.009561,0.719391,0.715615
2010/8/5 0:00,0.759215,1.217137,0.74689,1.005237,0.147415,0.009498,0.716463,0.711642
2010/8/6 0:00,0.758783,1.215658,0.747189,1.007455,0.147508,0.00949,0.71803,0.714796
2010/8/7 0:00,0.759821,1.219096,0.746505,1.012397,0.148302,0.009549,0.718401,0.716692
2010/8/8 0:00,0.75884,1.2192,0.746519,1.012797,0.147096,0.009549,0.718546,0.716486
2010/8/9 0:00,0.760341,1.220703,0.745868,1.010392,0.147615,0.009512,0.718236,0.714439
2010/8/10 0:00,0.764175,1.222793,0.746182,1.023437,0.147855,0.009592,0.719834,0.715768
2010/8/11 0:00,0.767489,1.231967,0.74648,1.029071,0.147992,0.009698,0.72338,0.730407
2010/8/12 0:00,0.767548,1.245245,0.74643,1.026036,0.147796,0.009704,0.72235,0.732547
2010/8/13 0:00,0.767725,1.252348,0.746322,1.031933,0.147988,0.009706,0.723029,0.732493
2010/8/14 0:00,0.767371,1.251831,0.746088,1.032951,0.148006,0.009699,0.722953,0.732896
2010/8/15 0:00,0.767636,1.251799,0.745962,1.032578,0.147883,0.009699,0.722648,0.732789
2010/8/16 0:00,0.769853,1.239926,0.746938,1.024853,0.147538,0.009562,0.71922,0.732225
2010/8/17 0:00,0.773096,1.237011,0.749822,1.024795,0.14733,0.009525,0.719932,0.735889
2010/8/18 0:00,0.767283,1.246417,0.745595,1.017134,0.147486,0.009531,0.716607,0.729501
2010/8/19 0:00,0.759532,1.251564,0.74214,1.012279,0.146994,0.009378,0.709675,0.720409
2010/8/20 0:00,0.755287,1.259763,0.73993,1.011839,0.14686,0.00938,0.708153,0.713521
2010/8/21 0:00,0.755316,1.260152,0.738503,1.012187,0.146789,0.009375,0.707914,0.711845
2010/8/22 0:00,0.755316,1.260152,0.738503,1.012187,0.146789,0.009375,0.707914,0.711845
2010/8/23 0:00,0.754148,1.246572,0.736307,1.001989,0.14613,0.009234,0.705574,0.708265
2010/8/24 0:00,0.75375,1.242545,0.742016,0.998951,0.14577,0.009184,0.706437,0.708291
2010/8/25 0:00,0.748951,1.244787,0.745921,0.99782,0.145351,0.009162,0.706691,0.707364
2010/8/26 0:00,0.745712,1.245175,0.74443,0.994951,0.14537,0.009124,0.705378,0.705916
2010/8/27 0:00,0.734187,1.232742,0.739771,0.990119,0.145214,0.009045,0.701262,0.70279
2010/8/28 0:00,0.734187,1.234446,0.740362,0.990099,0.145165,0.009014,0.701066,0.701656
2010/8/29 0:00,0.733837,1.234499,0.740384,0.991129,0.145169,0.009015,0.701804,0.700795
2010/8/30 0:00,0.735537,1.246362,0.744056,0.988694,0.145007,0.009,0.701164,0.705393
2010/8/31 0:00,0.738907,1.243163,0.744604,0.98979,0.145245,0.009004,0.701644,0.704722
2010/9/1 0:00,0.738689,1.243626,0.742198,0.984737,0.144504,0.008884,0.698088,0.700697
2010/9/2 0:00,0.741372,1.24502,0.741466,0.984339,0.144523,0.008829,0.698373,0.70055
2010/9/3 0:00,0.742694,1.245601,0.740014,0.986952,0.144553,0.008844,0.699966,0.704399
2010/9/4 0:00,0.744518,1.247653,0.739593,0.985367,0.144513,0.008843,0.70043,0.704349
2010/9/5 0:00,0.743716,1.2477,0.739399,0.986047,0.144438,0.00883,0.700378,0.7043
2010/9/6 0:00,0.747831,1.240849,0.745476,0.985125,0.14468,0.008913,0.701508,0.706714
2010/9/7 0:00,0.746436,1.249531,0.743749,0.986295,0.144995,0.008858,0.700697,0.711288
2010/9/8 0:00,0.738662,1.248751,0.744081,0.98146,0.145258,0.008746,0.697297,0.708015
2010/9/9 0:00,0.741125,1.25897,0.750331,0.986787,0.145212,0.008743,0.700653,0.706814
2010/9/10 0:00,0.744546,1.268231,0.751933,0.989413,0.145212,0.008791,0.704126,0.713496
2010/9/11 0:00,0.745796,1.27331,0.752273,0.989609,0.145212,0.00881,0.704722,0.714184
2010/9/12 0:00,0.745045,1.273301,0.752361,0.98956,0.145212,0.00881,0.704622,0.714184
2010/9/13 0:00,0.747692,1.27081,0.753915,0.98959,0.145328,0.008761,0.702469,0.713216
2010/9/14 0:00,0.745601,1.271375,0.752615,0.990688,0.145307,0.008773,0.704722,0.711592
2010/9/15 0:00,0.74768,1.260923,0.754623,0.992812,0.145338,0.008806,0.705015,0.715615
2010/9/16 0:00,0.744602,1.256755,0.75637,0.984417,0.145351,0.008756,0.701971,0.716153
2010/9/17 0:00,0.744158,1.257703,0.759512,0.981691,0.144766,0.008682,0.6988,0.713903
2010/9/18 0:00,0.745184,1.257743,0.758708,0.983158,0.144766,0.008666,0.699088,0.713547
2010/9/19 0:00,0.74499,1.257498,0.758639,0.983187,0.144766,0.008666,0.699105,0.713598
2010/9/20 0:00,0.748951,1.267042,0.761023,0.98432,0.144783,0.008668,0.701223,0.718856
2010/9/21 0:00,0.749681,1.268553,0.762262,0.988685,0.144892,0.008676,0.702585,0.720617
2010/9/22 0:00,0.751654,1.271456,0.762367,0.990256,0.14482,0.008693,0.702938,0.723014
2010/9/23 0:00,0.733999,1.23839,0.746021,0.967123,0.144003,0.008445,0.690799,0.701238
2010/9/24 0:00,0.730567,1.247194,0.750379,0.9764,0.143684,0.00851,0.692502,0.698666
2010/9/25 0:00,0.729714,1.249001,0.749822,0.974137,0.143693,0.008481,0.692473,0.696088
2010/9/26 0:00,0.729714,1.249001,0.749822,0.974137,0.143693,0.008481,0.692473,0.696088
2010/9/27 0:00,0.726533,1.242236,0.746335,0.978043,0.14381,0.008579,0.691628,0.695217
2010/9/28 0:00,0.725058,1.235025,0.747552,0.97219,0.143868,0.008479,0.692521,0.691683
2010/9/29 0:00,0.724506,1.23533,0.746801,0.974721,0.144042,0.008493,0.692413,0.690322
2010/9/30 0:00,0.721553,1.229559,0.742209,0.9755,0.143879,0.008509,0.690534,0.690655
2010/10/1 0:00,0.717618,1.22519,0.739235,0.9738,0.143962,0.00853,0.691009,0.687191
2010/10/2 0:00,0.719114,1.2278,0.738089,0.973189,0.143962,0.008527,0.691133,0.687687
2010/10/3 0:00,0.719114,1.2278,0.738089,0.973189,0.143962,0.008527,0.691133,0.687687
2010/10/4 0:00,0.719735,1.228501,0.740384,0.973047,0.143972,0.008537,0.690978,0.690846
2010/10/5 0:00,0.718701,1.226001,0.737776,0.972479,0.143833,0.00851,0.690164,0.688753
2010/10/6 0:00,0.718494,1.222195,0.737485,0.969974,0.143697,0.0085,0.688565,0.690846
2010/10/7 0:00,0.721839,1.223459,0.741155,0.977297,0.143763,0.008595,0.690288,0.695701
2010/10/8 0:00,0.723197,1.234111,0.745184,0.984446,0.143997,0.008562,0.691419,0.695943
2010/10/9 0:00,0.720825,1.233905,0.744131,0.980344,0.143993,0.008555,0.690942,0.692689
2010/10/10 0:00,0.720825,1.233905,0.744131,0.980344,0.143993,0.008555,0.690942,0.692689
