date,0,1,2,3,4,5,6,OT
1990/1/1 0:00,0.7855,1.611,0.861698,0.634196,0.211242,0.006838,0.525486,0.593
1990/1/2 0:00,0.7818,1.61,0.861104,0.633513,0.211242,0.006863,0.523972,0.594
1990/1/3 0:00,0.7867,1.6293,0.86103,0.648508,0.211242,0.006975,0.526316,0.5973
1990/1/4 0:00,0.786,1.637,0.862069,0.650618,0.211242,0.006953,0.523834,0.597
1990/1/5 0:00,0.7849,1.653,0.861995,0.656254,0.211242,0.00694,0.527426,0.5985
1990/1/6 0:00,0.7866,1.6537,0.86103,0.654879,0.211242,0.006887,0.526177,0.604
1990/1/7 0:00,0.7886,1.662,0.862887,0.661157,0.211242,0.006885,0.527565,0.607
1990/1/8 0:00,0.791,1.6568,0.864304,0.659631,0.211242,0.006878,0.527565,0.6084
1990/1/9 0:00,0.7939,1.6695,0.86423,0.66912,0.211242,0.006878,0.528123,0.6115
1990/1/10 0:00,0.7894,1.657,0.858369,0.659413,0.211242,0.006874,0.528123,0.609
1990/1/11 0:00,0.7917,1.6495,0.859107,0.663702,0.211242,0.006873,0.529381,0.612
1990/1/12 0:00,0.7941,1.6445,0.853752,0.658545,0.211242,0.006844,0.529101,0.614
1990/1/13 0:00,0.7935,1.6465,0.848176,0.660284,0.211242,0.006866,0.532765,0.6106
1990/1/14 0:00,0.7954,1.639,0.845309,0.652742,0.211242,0.006829,0.532056,0.6118
1990/1/15 0:00,0.7751,1.649,0.848896,0.66313,0.211242,0.006845,0.53135,0.6052
1990/1/16 0:00,0.7622,1.655,0.843526,0.668226,0.211242,0.006881,0.533049,0.5915
1990/1/17 0:00,0.7583,1.6572,0.839983,0.672043,0.211242,0.006924,0.532623,0.5945
1990/1/18 0:00,0.7605,1.657,0.837591,0.667557,0.211242,0.006976,0.534188,0.5928
1990/1/19 0:00,0.7635,1.678,0.841397,0.672948,0.211242,0.006987,0.535045,0.595
1990/1/20 0:00,0.766,1.6818,0.839913,0.670691,0.211242,0.00694,0.537201,0.597
1990/1/21 0:00,0.7685,1.6794,0.843313,0.664894,0.211242,0.006918,0.536481,0.602
1990/1/22 0:00,0.7702,1.6815,0.842886,0.667468,0.211242,0.006901,0.536193,0.5983
1990/1/23 0:00,0.7735,1.6817,0.841255,0.668003,0.211242,0.006879,0.535475,0.6003
1990/1/24 0:00,0.7655,1.695,0.840407,0.675584,0.211242,0.006878,0.535906,0.5998
1990/1/25 0:00,0.7665,1.702,0.841822,0.677094,0.211242,0.00689,0.538503,0.601
1990/1/26 0:00,0.7575,1.699,0.837872,0.674992,0.211242,0.006874,0.537779,0.5936
1990/1/27 0:00,0.7545,1.687,0.835352,0.668986,0.211242,0.006878,0.536769,0.5915
1990/1/28 0:00,0.7493,1.6925,0.8364,0.668003,0.211242,0.006887,0.536337,0.593
1990/1/29 0:00,0.7521,1.695,0.83167,0.668539,0.211242,0.006935,0.536625,0.5926
1990/1/30 0:00,0.7521,1.6905,0.833403,0.668003,0.211242,0.006925,0.535906,0.5925
1990/1/31 0:00,0.7457,1.696,0.828638,0.670107,0.211242,0.006931,0.536625,0.5815
1990/2/1 0:00,0.75,1.693,0.829187,0.668673,0.211242,0.006925,0.536193,0.585
1990/2/2 0:00,0.7567,1.6955,0.834028,0.669568,0.211242,0.006937,0.535045,0.5883
1990/2/3 0:00,0.7595,1.704,0.831947,0.673401,0.211242,0.006875,0.537634,0.5898
1990/2/4 0:00,0.7586,1.715,0.832432,0.678104,0.211242,0.006881,0.537346,0.5887
1990/2/5 0:00,0.7646,1.7147,0.83717,0.679117,0.211242,0.006854,0.536481,0.5897
1990/2/6 0:00,0.7652,1.71,0.835422,0.677048,0.211242,0.006806,0.535906,0.5902
1990/2/7 0:00,0.765,1.693,0.834725,0.672495,0.211242,0.006718,0.536193,0.5882
1990/2/8 0:00,0.7605,1.692,0.83696,0.674172,0.211242,0.006728,0.536049,0.5877
1990/2/9 0:00,0.7601,1.6892,0.838715,0.670466,0.211242,0.00672,0.535619,0.588
1990/2/10 0:00,0.7635,1.665,0.840195,0.664011,0.211242,0.006681,0.533333,0.5872
1990/2/11 0:00,0.7596,1.651,0.837521,0.66072,0.211242,0.006654,0.533333,0.5884
1990/2/12 0:00,0.7585,1.6388,0.839913,0.666667,0.211242,0.006676,0.534045,0.5878
1990/2/13 0:00,0.7611,1.649,0.84246,0.666889,0.211242,0.006676,0.533903,0.5891
1990/2/14 0:00,0.7596,1.639,0.843811,0.663702,0.211242,0.006613,0.533476,0.5889
1990/2/15 0:00,0.7607,1.6425,0.847817,0.662559,0.211242,0.00663,0.533618,0.5879
1990/2/16 0:00,0.7607,1.6181,0.847961,0.661244,0.211242,0.006608,0.534045,0.5907
1990/2/17 0:00,0.758,1.6103,0.848176,0.656211,0.211242,0.006563,0.533618,0.5892
1990/2/18 0:00,0.761,1.6003,0.849041,0.65445,0.211242,0.006555,0.532623,0.5863
1990/2/19 0:00,0.7635,1.609,0.851426,0.654879,0.211242,0.006569,0.533333,0.5874
1990/2/20 0:00,0.7563,1.6175,0.848896,0.65703,0.211242,0.006555,0.533333,0.5898
1990/2/21 0:00,0.7536,1.6235,0.847242,0.662471,0.211242,0.006563,0.533618,0.588
1990/2/22 0:00,0.7549,1.6103,0.844809,0.662822,0.211242,0.006515,0.533618,0.5855
1990/2/23 0:00,0.7565,1.6105,0.847961,0.659326,0.211242,0.006499,0.533476,0.5832
1990/2/24 0:00,0.752,1.5945,0.849762,0.657462,0.211242,0.006487,0.532056,0.5793
1990/2/25 0:00,0.7504,1.601,0.849834,0.660066,0.211242,0.006447,0.53135,0.581
1990/2/26 0:00,0.7474,1.604,0.851064,0.658545,0.211242,0.006498,0.531773,0.5785
1990/2/27 0:00,0.7469,1.618,0.850412,0.655093,0.211242,0.00639,0.530926,0.5805
1990/2/28 0:00,0.7452,1.6261,0.85034,0.658762,0.211242,0.006353,0.530786,0.5808
1990/3/1 0:00,0.7471,1.6275,0.850196,0.659631,0.211242,0.006299,0.529801,0.5767
1990/3/2 0:00,0.7523,1.634,0.851571,0.667557,0.211242,0.00638,0.530082,0.5783
1990/3/3 0:00,0.7548,1.648,0.854336,0.66778,0.211242,0.006336,0.530363,0.579
1990/3/4 0:00,0.7561,1.6315,0.855066,0.66335,0.211265,0.006293,0.530223,0.5778
1990/3/5 0:00,0.7605,1.6355,0.857486,0.665469,0.211265,0.006284,0.530645,0.577
1990/3/6 0:00,0.7669,1.6415,0.856678,0.66379,0.211242,0.006305,0.531915,0.579
1990/3/7 0:00,0.765,1.6415,0.855725,0.666223,0.211242,0.006342,0.532481,0.5782
1990/3/8 0:00,0.765,1.6385,0.858001,0.666089,0.211242,0.006343,0.533191,0.578
1990/3/9 0:00,0.763,1.6385,0.860807,0.66836,0.211242,0.006349,0.532765,0.5784
1990/3/10 0:00,0.7643,1.6343,0.860956,0.668315,0.211242,0.006306,0.531915,0.5783
1990/3/11 0:00,0.7663,1.6425,0.858222,0.673854,0.211242,0.006318,0.532623,0.5792
1990/3/12 0:00,0.7663,1.642,0.859771,0.6744,0.211242,0.006322,0.532765,0.5796
1990/3/13 0:00,0.765,1.6385,0.858369,0.673401,0.211242,0.006299,0.532765,0.5795
1990/3/14 0:00,0.7654,1.631,0.856898,0.671006,0.211242,0.006275,0.532765,0.5796
1990/3/15 0:00,0.7653,1.6338,0.855945,0.670916,0.211242,0.006254,0.532198,0.5777
1990/3/16 0:00,0.77,1.638,0.860363,0.673854,0.211242,0.006285,0.532056,0.5788
1990/3/17 0:00,0.7732,1.6435,0.860659,0.6744,0.211242,0.00639,0.532538,0.5815
1990/3/18 0:00,0.7705,1.6353,0.859993,0.670556,0.211242,0.006335,0.5323398000000001,0.5827
1990/3/19 0:00,0.7655,1.6357,0.861326,0.669792,0.211242,0.006341,0.5326801999999999,0.5828
1990/3/20 0:00,0.7663,1.6341,0.862589,0.672043,0.211242,0.0063,0.5324532,0.5818
1990/3/21 0:00,0.766,1.637,0.861475,0.681663,0.211242,0.0063,0.5324814,0.5817
1990/3/22 0:00,0.756,1.6335,0.86192,0.684229,0.211242,0.006299,0.5326232,0.5755
1990/3/23 0:00,0.7503,1.636,0.85955,0.686342,0.211242,0.006293,0.5320866000000001,0.5735
1990/3/24 0:00,0.75,1.6389,0.858074,0.689417,0.211242,0.006295,0.5317196,0.5748
1990/3/25 0:00,0.7457,1.6405,0.858516,0.687049,0.211242,0.006295,0.5317196,0.5685
1990/3/26 0:00,0.752,1.643,0.856678,0.687049,0.211242,0.006317,0.5317196,0.5708
1990/3/27 0:00,0.7552,1.6422,0.856898,0.687569,0.211242,0.006323,0.5321144,0.5727
1990/3/28 0:00,0.7546,1.66,0.859623,0.692185,0.211242,0.006315,0.5321144,0.5726
1990/3/29 0:00,0.7565,1.668,0.860215,0.69808,0.211242,0.006329,0.5391462,0.5726
1990/3/30 0:00,0.7577,1.6695,0.859476,0.697837,0.211242,0.006333,0.5396022,0.5747
1990/3/31 0:00,0.7585,1.678,0.857486,0.712251,0.211242,0.006392,0.6071464,0.5721
1990/4/1 0:00,0.7587,1.6763,0.858148,0.716589,0.211242,0.006369,0.6060288,0.5739
1990/4/2 0:00,0.76,1.6813,0.848536,0.716743,0.211242,0.006548,0.612717,0.57
1990/4/3 0:00,0.7669,1.684,0.849618,0.716486,0.211242,0.006546,0.6071464,0.5708
1990/4/4 0:00,0.7645,1.677,0.84674,0.715308,0.211242,0.006605,0.5656992,0.5725
1990/4/5 0:00,0.7625,1.68,0.850557,0.714286,0.211242,0.006604,0.5774554000000001,0.5728
1990/4/6 0:00,0.7617,1.6917,0.851934,0.712251,0.211242,0.006564,0.550918,0.5735
1990/4/7 0:00,0.7605,1.6908,0.84868,0.711845,0.211242,0.006542,0.5364242000000001,0.5725
1990/4/8 0:00,0.764,1.6912,0.847817,0.702247,0.211242,0.006513,0.5363092,0.5735
1990/4/9 0:00,0.764,1.6915,0.838786,0.705219,0.211242,0.006596,0.5363092,0.5735
1990/4/10 0:00,0.7653,1.694,0.84488,0.708065,0.211242,0.006612,0.5364816,0.5737
1990/4/11 0:00,0.7623,1.6895,0.843526,0.704225,0.211242,0.006598,0.5363092,0.5739
1990/4/12 0:00,0.7668,1.6892,0.844523,0.701508,0.211242,0.00668,0.5363092,0.5733
1990/4/13 0:00,0.766,1.6946,0.846167,0.70932,0.211242,0.006628,0.5364816,0.5741
1990/4/14 0:00,0.772,1.693,0.848896,0.70373,0.211242,0.006609,0.536107,0.5757
1990/4/15 0:00,0.7678,1.6765,0.851426,0.697837,0.211242,0.006551,0.5360213999999999,0.5768
1990/4/16 0:00,0.7693,1.6838,0.852806,0.696379,0.211242,0.006605,0.5360214,0.5752
1990/4/17 0:00,0.7676,1.675,0.849907,0.693963,0.211242,0.006596,0.5360214,0.5768
1990/4/18 0:00,0.771,1.683,0.850557,0.69701,0.211242,0.006551,0.5360214,0.5776
1990/4/19 0:00,0.7718,1.6882,0.85266,0.700035,0.211242,0.006555,0.5363392,0.5819
1990/4/20 0:00,0.7775,1.6883,0.855945,0.695169,0.211242,0.006556,0.5363391999999999,0.5828
1990/4/21 0:00,0.7725,1.6848,0.851064,0.690703,0.211242,0.006513,0.5360214,0.5812
1990/4/22 0:00,0.7751,1.6858,0.853898,0.694203,0.211242,0.006472,0.5357624,0.5785
1990/4/23 0:00,0.774,1.7025,0.853606,0.695894,0.211242,0.006475,0.5366264,0.5783
1990/4/24 0:00,0.7743,1.707,0.853097,0.697934,0.211242,0.00646,0.5368283999999999,0.5806
1990/4/25 0:00,0.775,1.7052,0.854336,0.696621,0.211242,0.006491,0.536915,0.5823
1990/4/26 0:00,0.7756,1.7055,0.853242,0.696379,0.211242,0.006485,0.5368284,0.5816
1990/4/27 0:00,0.7792,1.713,0.852733,0.705965,0.211242,0.006506,0.5368283999999999,0.5823
1990/4/28 0:00,0.784,1.7205,0.851716,0.710379,0.211265,0.006508,0.557935,0.583
1990/4/29 0:00,0.7833,1.723,0.852951,0.706964,0.211242,0.006494,0.557935,0.5825
1990/4/30 0:00,0.7901,1.725,0.851136,0.706464,0.211242,0.006459,0.5685644,0.5875
1990/5/1 0:00,0.7852,1.733,0.845881,0.709723,0.211242,0.006462,0.557935,0.586
1990/5/2 0:00,0.7851,1.7305,0.847889,0.708868,0.211242,0.006436,0.557935,0.5852
1990/5/3 0:00,0.7846,1.7355,0.85237,0.711238,0.211242,0.006445,0.5796214,0.5873
1990/5/4 0:00,0.7875,1.7428,0.854336,0.710227,0.211242,0.006478,0.5907384,0.5872
1990/5/5 0:00,0.7853,1.7393,0.854847,0.707364,0.211242,0.006529,0.5907384,0.5872
1990/5/6 0:00,0.7916,1.745,0.857265,0.706464,0.211242,0.006564,0.5907384,0.5883
1990/5/7 0:00,0.7964,1.7634,0.860659,0.712251,0.211242,0.006611,0.597954,0.5903
1990/5/8 0:00,0.7974,1.7795,0.860215,0.717103,0.211242,0.006614,0.6025604,0.5902
1990/5/9 0:00,0.799,1.7805,0.859697,0.714439,0.211242,0.006633,0.6025604,0.59
1990/5/10 0:00,0.7974,1.7865,0.859697,0.713521,0.211242,0.006621,0.6025604,0.5903
1990/5/11 0:00,0.8025,1.8058,0.862664,0.716589,0.211242,0.006618,0.5999434,0.5912
1990/5/12 0:00,0.8066,1.815,0.864155,0.716178,0.211242,0.006716,0.5976756000000001,0.5933
1990/5/13 0:00,0.7965,1.798,0.862292,0.712504,0.211242,0.006726,0.601507,0.5938
1990/5/14 0:00,0.7913,1.7985,0.862589,0.711744,0.211242,0.006729,0.6025604,0.5881
1990/5/15 0:00,0.7804,1.806,0.863632,0.717875,0.211242,0.00678,0.6025604,0.5918
1990/5/16 0:00,0.7815,1.804,0.862887,0.705965,0.211242,0.006754,0.6023799999999999,0.5892
1990/5/17 0:00,0.7899,1.8112,0.864828,0.710732,0.211242,0.006741,0.601507,0.5918
1990/5/18 0:00,0.7915,1.8205,0.867303,0.709824,0.211242,0.006789,0.601507,0.5928
1990/5/19 0:00,0.7819,1.8146,0.866701,0.70922,0.211242,0.006754,0.6023799999999999,0.5923
1990/5/20 0:00,0.7838,1.8143,0.86408,0.71048,0.211242,0.006713,0.6023799999999999,0.595
1990/5/21 0:00,0.7839,1.8205,0.864304,0.720202,0.211242,0.006736,0.6025604,0.5937
1990/5/22 0:00,0.7858,1.8248,0.865052,0.727273,0.211242,0.006741,0.6008526000000001,0.5942
1990/5/23 0:00,0.7859,1.812,0.868056,0.727802,0.211242,0.006717,0.6008526000000001,0.5918
1990/5/24 0:00,0.7792,1.8135,0.868282,0.725584,0.211242,0.006647,0.6022364,0.5894
1990/5/25 0:00,0.7897,1.8335,0.867905,0.730727,0.211242,0.006684,0.6008526000000001,0.5888
1990/5/26 0:00,0.7916,1.8438,0.86783,0.732601,0.211242,0.006748,0.6008526000000001,0.591
1990/5/27 0:00,0.7938,1.86,0.867303,0.742005,0.211242,0.006843,0.5890768000000001,0.5918
1990/5/28 0:00,0.794,1.855,0.866927,0.737735,0.211242,0.006791,0.5890768,0.594
1990/5/29 0:00,0.7859,1.8492,0.86783,0.737191,0.211242,0.006684,0.597116,0.589
1990/5/30 0:00,0.785,1.8565,0.868432,0.740192,0.211242,0.006671,0.597116,0.5936
1990/5/31 0:00,0.79,1.872,0.870701,0.750638,0.211242,0.006678,0.5705946,0.5987
1990/6/1 0:00,0.7925,1.877,0.869338,0.751315,0.211242,0.006676,0.5700128,0.6017
1990/6/2 0:00,0.7953,1.8655,0.870322,0.744048,0.211242,0.00666,0.5676494000000001,0.6018
1990/6/3 0:00,0.7992,1.8717,0.87184,0.747105,0.211242,0.006675,0.5678094,0.601
1990/6/4 0:00,0.7977,1.8713,0.87146,0.746826,0.211242,0.00666,0.5678094,0.6015
1990/6/5 0:00,0.8025,1.884,0.87184,0.75959,0.211242,0.006651,0.56638,0.6085
1990/6/6 0:00,0.8061,1.8925,0.873057,0.765697,0.211242,0.00669,0.5667984,0.6075
1990/6/7 0:00,0.8071,1.8998,0.874508,0.773395,0.211242,0.006782,0.5674428,0.618
1990/6/8 0:00,0.8045,1.898,0.870928,0.767165,0.211242,0.006739,0.5674428,0.6173
1990/6/9 0:00,0.807,1.919,0.873744,0.780336,0.211242,0.006776,0.5683494,0.619
1990/6/10 0:00,0.808,1.9198,0.874279,0.774114,0.211242,0.006809,0.5683494,0.6197
1990/6/11 0:00,0.8162,1.921,0.877578,0.777122,0.211242,0.006831,0.569611,0.622
1990/6/12 0:00,0.8205,1.9275,0.879894,0.785238,0.211242,0.006861,0.5715116,0.6258
1990/6/13 0:00,0.8293,1.9515,0.883704,0.793336,0.211242,0.006821,0.5766452,0.6308
1990/6/14 0:00,0.833,1.9453,0.88199,0.788333,0.211242,0.006824,0.5766452,0.6295
1990/6/15 0:00,0.8311,1.9443,0.879353,0.784314,0.211242,0.006923,0.5766452,0.628
1990/6/16 0:00,0.8302,1.9483,0.875503,0.780336,0.211242,0.00697,0.5766452,0.6313
1990/6/17 0:00,0.8325,1.9465,0.878889,0.77821,0.211242,0.006963,0.5766452,0.6303
1990/6/18 0:00,0.8168,1.9225,0.872981,0.771605,0.211242,0.00693,0.569611,0.6132
1990/6/19 0:00,0.816,1.892,0.866176,0.764234,0.211242,0.006948,0.5668624,0.6153
1990/6/20 0:00,0.8147,1.8758,0.860956,0.759013,0.211242,0.006966,0.56638,0.6165
1990/6/21 0:00,0.8278,1.899,0.867378,0.770713,0.211242,0.007058,0.5674428,0.624
1990/6/22 0:00,0.8237,1.908,0.863632,0.769941,0.211242,0.00709,0.5685096000000001,0.6255
1990/6/23 0:00,0.8208,1.894,0.859476,0.766871,0.211242,0.007138,0.5674428,0.6233
1990/6/24 0:00,0.8123,1.8555,0.854336,0.75815,0.211242,0.007184,0.5661238,0.6202
1990/6/25 0:00,0.817,1.8485,0.859845,0.751597,0.211242,0.007151,0.5661238,0.6185
1990/6/26 0:00,0.8187,1.864,0.859993,0.755744,0.211242,0.007262,0.5661238,0.6215
1990/6/27 0:00,0.821,1.8767,0.858811,0.761093,0.211242,0.007281,0.56638,0.624
1990/6/28 0:00,0.8267,1.8985,0.85859,0.774893,0.211242,0.007317,0.5674428,0.6275
1990/6/29 0:00,0.8316,1.9025,0.862515,0.777001,0.211242,0.007299,0.5684134000000001,0.623
1990/6/30 0:00,0.8335,1.918,0.863931,0.779727,0.210975,0.007273,0.569611,0.625
1990/7/1 0:00,0.8291,1.8847,0.863931,0.765697,0.211242,0.007273,0.566412,0.6225
1990/7/2 0:00,0.8266,1.8683,0.866101,0.757576,0.211242,0.007303,0.566091,0.619
1990/7/3 0:00,0.8288,1.846,0.867152,0.756315,0.211242,0.007305,0.565131,0.613
1990/7/4 0:00,0.8315,1.884,0.869338,0.770713,0.211242,0.007348,0.565931,0.6215
1990/7/5 0:00,0.8303,1.8768,0.869943,0.768049,0.211242,0.007279,0.565931,0.6204
1990/7/6 0:00,0.831,1.864,0.867002,0.76266,0.211242,0.007285,0.565931,0.6183
1990/7/7 0:00,0.8267,1.871,0.865576,0.764526,0.211242,0.007227,0.567054,0.616
1990/7/8 0:00,0.8254,1.8735,0.864678,0.769527,0.211242,0.007232,0.566412,0.615
1990/7/9 0:00,0.8311,1.889,0.867378,0.775494,0.211242,0.007305,0.567859,0.619
1990/7/10 0:00,0.8298,1.8885,0.867303,0.773994,0.211242,0.007302,0.567698,0.618
1990/7/11 0:00,0.832,1.898,0.868282,0.77821,0.211242,0.007346,0.569314,0.6183
1990/7/12 0:00,0.833,1.9118,0.870398,0.7751183999999999,0.211242,0.007468,0.571265,0.6165
1990/7/13 0:00,0.8351,1.9465,0.866176,0.7849058,0.211242,0.007553,0.571919,0.6163
1990/7/14 0:00,0.8337,1.97,0.86881,0.7849058,0.211242,0.007673,0.578035,0.6193
1990/7/15 0:00,0.8265,1.9675,0.869565,0.7849058,0.211242,0.007694,0.577367,0.6168
1990/7/16 0:00,0.814,1.964,0.868508,0.7849058000000001,0.211242,0.007695,0.577201,0.6155
1990/7/17 0:00,0.8183,1.9732,0.871688,0.7849058,0.211242,0.007773,0.578704,0.6167
1990/7/18 0:00,0.7888,1.9535,0.86783,0.7771696,0.211242,0.007803,0.580046,0.6065
1990/7/19 0:00,0.787,1.957,0.865426,0.7709932,0.211242,0.007859,0.580046,0.604
1990/7/20 0:00,0.7775,1.965,0.85859,0.775266,0.211242,0.007983,0.582242,0.598
1990/7/21 0:00,0.769,1.9535,0.851209,0.7327882,0.211242,0.007997,0.586166,0.6
1990/7/22 0:00,0.782,1.9595,0.856898,0.7622224,0.211242,0.007952,0.583601,0.605
1990/7/23 0:00,0.782,1.948,0.852297,0.7679756,0.211242,0.007933,0.58548,0.607
1990/7/24 0:00,0.778,1.9464,0.853971,0.7543930000000001,0.211242,0.007843,0.584112,0.6048
1990/7/25 0:00,0.7804,1.9565,0.855578,0.7691786,0.211242,0.007809,0.584454,0.6063
1990/7/26 0:00,0.7833,1.954,0.856164,0.7679756,0.211242,0.007855,0.586166,0.609
1990/7/27 0:00,0.7812,1.956,0.858001,0.7749940000000001,0.211242,0.007813,0.581395,0.6098
1990/7/28 0:00,0.7835,1.953,0.858959,0.774994,0.211242,0.007788,0.585995,0.613
1990/7/29 0:00,0.7821,1.9475,0.856898,0.7679756,0.211242,0.007746,0.584624,0.6141
1990/7/30 0:00,0.7848,1.944,0.856311,0.7679756,0.211242,0.007695,0.586166,0.6145
1990/7/31 0:00,0.7837,1.95,0.858222,0.7679756,0.211242,0.007664,0.583942,0.6115
1990/8/1 0:00,0.7765,1.9515,0.858001,0.7611476,0.211242,0.007776,0.585138,0.6071
1990/8/2 0:00,0.782,1.9695,0.863036,0.7914188000000001,0.211242,0.007886,0.588062,0.6145
1990/8/3 0:00,0.787,1.973,0.861252,0.7914188,0.211242,0.007855,0.58651,0.6145
1990/8/4 0:00,0.7785,1.976,0.859993,0.7924322,0.211242,0.007803,0.587372,0.6135
1990/8/5 0:00,0.7781,1.967,0.855432,0.7906002000000001,0.211242,0.007698,0.585309,0.612
1990/8/6 0:00,0.7794,1.9665,0.854701,0.7809038,0.211242,0.007708,0.584112,0.6105
1990/8/7 0:00,0.7725,1.9642,0.85778,0.7936529999999999,0.211242,0.007716,0.584283,0.6125
1990/8/8 0:00,0.7707,1.961,0.858738,0.7601905999999999,0.211242,0.007715,0.583601,0.61
1990/8/9 0:00,0.772,1.9595,0.860511,0.7635121999999999,0.211242,0.007736,0.584283,0.6095
1990/8/10 0:00,0.7635,1.9707,0.8574324000000001,0.7346619999999999,0.191015,0.007752,0.584966,0.6095
1990/8/11 0:00,0.7653,1.9698,0.8574324000000001,0.7346619999999999,0.191015,0.007755,0.584966,0.6118
1990/8/12 0:00,0.7635,1.9685,0.8574324000000001,0.7346619999999999,0.191015,0.007834,0.583431,0.6125
1990/8/13 0:00,0.7658,1.967,0.8574324000000001,0.7473534,0.191015,0.007852,0.585138,0.6137
1990/8/14 0:00,0.7663,1.9658,0.8574324000000001,0.7346619999999999,0.191015,0.007767,0.584966,0.6119
1990/8/15 0:00,0.7684,1.976,0.8573288,0.7624526,0.191015,0.007792,0.585309,0.6113
1990/8/16 0:00,0.7691,1.972,0.8573288,0.7484698,0.191015,0.007701,0.585995,0.61
1990/8/17 0:00,0.7722,1.9515,0.8573598,0.7504618,0.191015,0.00755,0.583942,0.6092
1990/8/18 0:00,0.774,1.9392,0.8554956,0.7425702000000001,0.191015,0.007513,0.58072,0.609
1990/8/19 0:00,0.7768,1.9195,0.8693249999999999,0.7664568,0.191015,0.00744,0.58072,0.61
1990/8/20 0:00,0.7773,1.926,0.8693250000000001,0.7662084,0.191015,0.00746,0.580383,0.6093
1990/8/21 0:00,0.7692,1.922,0.8696118,0.7461036,0.191015,0.007433,0.581564,0.609
1990/8/22 0:00,0.77,1.938,0.8693546000000001,0.7327882,0.191015,0.007556,0.581903,0.6008
1990/8/23 0:00,0.7735,1.95,0.8542112,0.7311143999999999,0.20315120000000003,0.007631,0.582072,0.6025
1990/8/24 0:00,0.7667,1.9425,0.8551978,0.7346619999999999,0.19910580000000003,0.007582,0.584283,0.6043
1990/8/25 0:00,0.7677,1.939,0.8571298,0.7254536,0.19910580000000003,0.00757,0.58326,0.6005
1990/8/26 0:00,0.766,1.944,0.8551978,0.7254536,0.19506039999999997,0.007586,0.583431,0.6011
1990/8/27 0:00,0.7581,1.9435,0.8670614000000001,0.7209512,0.19289739999999997,0.007568,0.584454,0.596
1990/8/28 0:00,0.7675,1.9391,0.8607652,0.7254536,0.1950604,0.007522,0.58309,0.5985
1990/8/29 0:00,0.766,1.9285,0.8709144,0.708195,0.189886,0.007505,0.582751,0.5913
1990/8/30 0:00,0.7701,1.935,0.8709375999999999,0.787216,0.18696379999999996,0.007506,0.580552,0.5872
1990/8/31 0:00,0.771,1.931,0.8543578000000001,0.787402,0.191015,0.007454,0.578704,0.5997
1990/9/1 0:00,0.7734,1.906,0.8749992000000001,0.775314,0.18587479999999998,0.007416,0.576037,0.59
1990/9/2 0:00,0.773,1.885,0.8749991999999999,0.763942,0.18587479999999998,0.007375,0.573559,0.586
1990/9/3 0:00,0.774,1.867,0.8749992000000001,0.759878,0.18587479999999998,0.00735,0.573559,0.5855
1990/9/4 0:00,0.774,1.885,0.8749991999999999,0.765111,0.18587479999999998,0.00735,0.569801,0.586
1990/9/5 0:00,0.7675,1.887,0.8749228,0.765697,0.18594580000000002,0.007329,0.569963,0.585
1990/9/6 0:00,0.77,1.921,0.8746634,0.781555,0.1860618,0.007401,0.573559,0.5855
1990/9/7 0:00,0.772,1.9285,0.8749992000000001,0.783085,0.18696379999999996,0.007366,0.574713,0.5865
1990/9/8 0:00,0.7735,1.9425,0.8542112,0.792267,0.20315120000000003,0.007429,0.573559,0.5918
1990/9/9 0:00,0.7784,1.9465,0.8561808,0.789578,0.2071966,0.007516,0.573394,0.5935
1990/9/10 0:00,0.7793,1.932,0.8753971999999999,0.784006,0.18773299999999998,0.007402,0.570939,0.5911
1990/9/11 0:00,0.7775,1.905,0.8746176,0.773934,0.1858748,0.007315,0.568828,0.592
1990/9/12 0:00,0.7785,1.906,0.8753971999999999,0.776398,0.18559099999999998,0.007329,0.568182,0.5923
1990/9/13 0:00,0.7728,1.9258,0.8749992000000001,0.785423,0.18893679999999996,0.00746,0.568343,0.5906
1990/9/14 0:00,0.7733,1.905,0.8749992000000001,0.776096,0.18587479999999998,0.007429,0.56899,0.5905
1990/9/15 0:00,0.7728,1.907,0.8750146000000001,0.78125,0.1880348,0.007449,0.568505,0.5937
1990/9/16 0:00,0.7765,1.9045,0.8750145999999999,0.779362,0.1858748,0.007405,0.566733,0.593
1990/9/17 0:00,0.781,1.904,0.8753971999999999,0.77682,0.18559099999999998,0.007358,0.566893,0.594
1990/9/18 0:00,0.7889,1.9047,0.873456,0.775795,0.2020802,0.007307,0.565611,0.5972
1990/9/19 0:00,0.7817,1.9228,0.8753971999999999,0.785855,0.191015,0.007526,0.572902,0.5943
1990/9/20 0:00,0.7778,1.9416,0.8566616,0.792393,0.20315120000000003,0.00753,0.572902,0.5947
1990/9/21 0:00,0.782,1.9477,0.8595050000000001,0.794786,0.211242,0.007593,0.577367,0.596
1990/9/22 0:00,0.7841,1.955,0.8608644,0.797957,0.211242,0.007552,0.576535,0.596
1990/9/23 0:00,0.7787,1.96,0.8575402000000001,0.794913,0.211242,0.007563,0.579206,0.5968
1990/9/24 0:00,0.776,1.9575,0.8575402000000001,0.793651,0.211242,0.00756,0.579206,0.5966
1990/9/25 0:00,0.7812,1.9642,0.8582386,0.791452,0.211242,0.007564,0.579206,0.5975
1990/9/26 0:00,0.7836,1.9695,0.8582094000000001,0.793336,0.211242,0.007603,0.579374,0.6002
1990/9/27 0:00,0.785,1.961,0.8608644,0.788955,0.211242,0.007599,0.578369,0.5995
1990/9/28 0:00,0.7826,1.965,0.8582386,0.794913,0.211242,0.007607,0.577034,0.5987
1990/9/29 0:00,0.782,1.9763,0.8579936,0.798403,0.211242,0.007607,0.577367,0.5997
1990/9/30 0:00,0.7817,1.9772,0.8579936,0.799233,0.211242,0.007629,0.581734,0.6002
1990/10/1 0:00,0.7765,1.983,0.8906708,0.800641,0.12500419999999998,0.007708,0.6071840000000001,0.5995
1990/10/2 0:00,0.7787,1.999,0.8962302000000001,0.809913,0.1250362,0.007791,0.6287032,0.6003
1990/10/3 0:00,0.7816,1.9965,0.8962302000000001,0.808081,0.12503620000000001,0.007816,0.6287032,0.603
1990/10/4 0:00,0.7796,1.987,0.8925252,0.803536,0.1250162,0.007819,0.6169336000000001,0.6007
1990/10/5 0:00,0.7793,1.997,0.8962302,0.809389,0.12503620000000001,0.00783,0.6287032,0.601
1990/10/6 0:00,0.7809,1.9915,0.8908294,0.803213,0.12500019999999998,0.007794,0.6257431999999999,0.6032
1990/10/7 0:00,0.7875,1.9918,0.891394,0.80032,0.12500660000000002,0.007747,0.6257588000000001,0.6071
1990/10/8 0:00,0.7869,1.98,0.8786514000000001,0.795545,0.15949860000000002,0.007704,0.6071016,0.6062
1990/10/9 0:00,0.7886,1.9610999999999996,0.859723,0.788644,0.211242,0.007666,0.5816456000000001,0.6058
1990/10/10 0:00,0.788,1.9544000000000001,0.859723,0.780336,0.211242,0.007602,0.5830678,0.6045
1990/10/11 0:00,0.7873,1.9398,0.8596058,0.781372,0.211242,0.007587,0.5753948,0.5993
1990/10/12 0:00,0.788,1.9398,0.8596058,0.784745,0.211242,0.00761,0.5753948,0.5992
1990/10/13 0:00,0.7838,1.9169399999999999,0.8580926,0.775494,0.211242,0.007564,0.5703512,0.5972
1990/10/14 0:00,0.7833,1.8436499999999998,0.8161982,0.766871,0.1939276,0.007499,0.5811194000000001,0.5974
1990/10/15 0:00,0.784,1.85779,0.8388135999999999,0.766284,0.19392760000000003,0.007527,0.5885564000000001,0.6002
1990/10/16 0:00,0.7836,1.66818,0.7506512000000001,0.759878,0.1938136,0.00756,0.57919,0.5988
1990/10/17 0:00,0.7853,1.7278600000000002,0.7777846,0.753863,0.17507460000000002,0.007522,0.5778808,0.5995
1990/10/18 0:00,0.7848,1.82711,0.8221150000000002,0.750751,0.17507460000000002,0.007432,0.5773406,0.601
1990/10/19 0:00,0.7763,1.7273699999999999,0.7706882,0.746269,0.1388952,0.007377,0.574069,0.5977
1990/10/20 0:00,0.7727,1.84114,0.7928879999999999,0.748783,0.17102620000000002,0.007386,0.5797506,0.5977
1990/10/21 0:00,0.7669,1.94272,0.812536,0.729661,0.1632384,0.007241,0.58357,0.598
1990/10/22 0:00,0.7673,1.8847200000000002,0.7907040000000001,0.733945,0.1580964,0.007337,0.5826296,0.5979
1990/10/23 0:00,0.7651,1.87716,0.7852082,0.730194,0.1580978,0.007331,0.5804374,0.596
1990/10/24 0:00,0.7688,1.88352,0.7843202,0.730727,0.1580802,0.007356,0.5823240000000001,0.5968
1990/10/25 0:00,0.7713,1.9439199999999999,0.8612468,0.720825,0.1942518,0.007289,0.5832982,0.5965
1990/10/26 0:00,0.7679,1.9396200000000001,0.8593484,0.708215,0.19506039999999997,0.007239,0.583434,0.593
1990/10/27 0:00,0.7696,1.9396200000000001,0.8624029999999999,0.700035,0.19506039999999997,0.007239,0.583434,0.594
1990/10/28 0:00,0.7683,1.9396200000000001,0.8593484,0.702741,0.19506040000000002,0.007215,0.583434,0.5953
1990/10/29 0:00,0.7712,1.94692,0.8607815999999999,0.708968,0.19910580000000003,0.007267,0.5833322,0.5957
1990/10/30 0:00,0.773,1.93892,0.8691880000000001,0.709572,0.191015,0.007289,0.5826152,0.5945
1990/10/31 0:00,0.771,1.93772,0.8692184,0.69979,0.191015,0.007224,0.582887,0.5891
1990/11/1 0:00,0.7713,1.88732,0.8693546,0.696718,0.191015,0.007228,0.582887,0.5865
1990/11/2 0:00,0.7742,1.7971,0.8694908,0.687521,0.191015,0.007189,0.5796438,0.5865
1990/11/3 0:00,0.775,1.7971,0.8694908,0.687049,0.191015,0.007082,0.5796438,0.5865
1990/11/4 0:00,0.773,1.83902,0.8695662000000001,0.692041,0.191015,0.007112,0.5796438,0.5865
1990/11/5 0:00,0.775,1.7971,0.8693848,0.695314,0.191015,0.007133,0.5826152,0.5873
1990/11/6 0:00,0.775,1.9389200000000002,0.869188,0.702099,0.191015,0.007231,0.5826152,0.59
1990/11/7 0:00,0.7786,1.8906199999999997,0.8691880000000001,0.706165,0.191015,0.007278,0.5826152,0.5928
1990/11/8 0:00,0.7842,1.71484,0.8775017999999999,0.713521,0.191015,0.007355,0.5828084,0.5925
1990/11/9 0:00,0.786,1.72294,0.8726328000000001,0.704722,0.191015,0.007305,0.58486,0.5943
1990/11/10 0:00,0.7846,1.7148400000000001,0.869188,0.698227,0.191015,0.007286,0.5870216,0.5917
1990/11/11 0:00,0.7857,1.7148400000000001,0.8761150000000001,0.707965,0.189204,0.007402,0.5890204,0.5905
1990/11/12 0:00,0.7871,1.72294,0.8726328000000001,0.702247,0.189204,0.007334,0.5890204,0.591
1990/11/13 0:00,0.7818,1.71484,0.8737916,0.708215,0.189204,0.007356,0.5853336,0.5898
1990/11/14 0:00,0.7844,1.7148400000000001,0.8725712,0.701016,0.189297,0.007337,0.5890204,0.5895
1990/11/15 0:00,0.7803,1.71484,0.869188,0.702494,0.189297,0.007436,0.5840270000000001,0.5896
1990/11/16 0:00,0.7799,1.8014,0.869188,0.705219,0.189297,0.007416,0.5826152,0.5921
1990/11/17 0:00,0.779,1.75644,0.869188,0.701262,0.189297,0.007334,0.5826152,0.5908
1990/11/18 0:00,0.7776,1.7971,0.8693848000000001,0.693001,0.189072,0.00731,0.5826152,0.5909
1990/11/19 0:00,0.7728,1.88732,0.8689916,0.679579,0.188754,0.007216,0.5757298000000001,0.5885
1990/11/20 0:00,0.7703,1.83902,0.869496,0.675219,0.188384,0.007171,0.5685604000000001,0.5841
1990/11/21 0:00,0.775,1.83902,0.8695660000000001,0.685166,0.188551,0.00725,0.5826152,0.5885
1990/11/22 0:00,0.7741,1.75454,0.8689916,0.680365,0.188551,0.007244,0.5690410000000001,0.5843
1990/11/23 0:00,0.7768,1.71484,0.8691576000000001,0.682221,0.188551,0.007244,0.5725548,0.5843
1990/11/24 0:00,0.7795,1.7148400000000001,0.868131,0.675904,0.188551,0.00724,0.5698184000000002,0.585
1990/11/25 0:00,0.7792,1.7148400000000001,0.867002,0.673854,0.188551,0.007262,0.5698184000000001,0.5847
1990/11/26 0:00,0.7788,1.7148400000000001,0.868056,0.692041,0.188654,0.007267,0.5840270000000001,0.588
1990/11/27 0:00,0.778,1.71484,0.869792,0.685401,0.188654,0.007241,0.5725548,0.5853
1990/11/28 0:00,0.7764,1.75454,0.868432,0.677507,0.188654,0.007218,0.5685604000000001,0.5848
1990/11/29 0:00,0.7795,1.7148400000000001,0.868432,0.68018,0.187966,0.007222,0.5771756000000001,0.5875
1990/11/30 0:00,0.7807,1.7148400000000001,0.868961,0.685401,0.187966,0.007249,0.5853336,0.5876
1990/12/1 0:00,0.7838,1.7148400000000001,0.868056,0.682594,0.187966,0.007228,0.5870216,0.5887
1990/12/2 0:00,0.783,1.7148400000000001,0.867303,0.678887,0.187744,0.007179,0.5853336,0.5899
1990/12/3 0:00,0.7838,1.7148400000000001,0.868508,0.685401,0.187744,0.007207,0.5870216000000001,0.5892
1990/12/4 0:00,0.7791,1.7148400000000001,0.869338,0.692521,0.187744,0.007173,0.5840270000000001,0.5875
1990/12/5 0:00,0.7788,1.7148400000000001,0.868734,0.698227,0.187744,0.007239,0.5840270000000001,0.5881
1990/12/6 0:00,0.7835,1.7148400000000001,0.86949,0.698568,0.187966,0.007247,0.5870216000000001,0.5896
1990/12/7 0:00,0.7834,1.7148400000000001,0.870322,0.693963,0.187966,0.00727,0.5870216000000001,0.5912
1990/12/8 0:00,0.7825,1.7148400000000001,0.869036,0.67981,0.187966,0.00722,0.5853336,0.5902
1990/12/9 0:00,0.7824,1.7148400000000001,0.869868,0.685542,0.187505,0.007235,0.5871574,0.5882
1990/12/10 0:00,0.7765,1.7971,0.870474,0.689893,0.187505,0.007273,0.5826152,0.5888
1990/12/11 0:00,0.7715,1.88732,0.870171,0.684932,0.187631,0.007244,0.5758904,0.5875
1990/12/12 0:00,0.7565,1.7602999999999998,0.868885,0.686672,0.18741,0.007261,0.5654532000000001,0.5785
1990/12/13 0:00,0.759,1.81632,0.869943,0.687474,0.18741,0.007225,0.5691366,0.582
1990/12/14 0:00,0.7603,1.9386199999999998,0.872296,0.691802,0.18741,0.007257,0.573065,0.5825
1990/12/15 0:00,0.7605,1.9386200000000002,0.871688,0.683527,0.18741,0.007236,0.5691366,0.5834
1990/12/16 0:00,0.7565,1.75532,0.871992,0.682128,0.186951,0.007254,0.567215,0.5828
1990/12/17 0:00,0.7594,1.75576,0.873134,0.674673,0.186951,0.007223,0.566412,0.581
1990/12/18 0:00,0.7575,1.75576,0.873286,0.671366,0.186787,0.00719,0.564812,0.5811
1990/12/19 0:00,0.76,1.76676,0.873744,0.673401,0.186619,0.007212,0.564493,0.583
1990/12/20 0:00,0.7603,1.71756,0.872981,0.66836,0.186619,0.007188,0.564334,0.5824
1990/12/21 0:00,0.7507,1.7550599999999998,0.87222,0.665557,0.186619,0.007185,0.563222,0.5795
1990/12/22 0:00,0.7515,1.7554200000000002,0.87146,0.658328,0.186619,0.007127,0.562588,0.5797
1990/12/23 0:00,0.752,1.63512,0.871536,0.661463,0.18631,0.007047,0.560695,0.5763
1990/12/24 0:00,0.755,1.6164200000000002,0.87321,0.660284,0.18631,0.007082,0.561167,0.574
1990/12/25 0:00,0.7548,1.53072,0.873744,0.652529,0.18631,0.007047,0.559284,0.5718
1990/12/26 0:00,0.754,1.4879000000000002,0.873744,0.650491,0.186092,0.007076,0.558659,0.5712
1990/12/27 0:00,0.7598,1.71484,0.874891,0.646831,0.186092,0.007094,0.559128,0.576
1990/12/28 0:00,0.763,1.71484,0.875274,0.640164,0.186092,0.007097,0.557724,0.575
1990/12/29 0:00,0.7631,1.71484,0.87535,0.649899,0.186092,0.007139,0.559284,0.5753
1990/12/30 0:00,0.7641,1.71484,0.87581,0.648635,0.186254,0.007208,0.563222,0.576
1990/12/31 0:00,0.765,1.71484,0.87512,0.646496,0.186254,0.007194,0.563063,0.5752
1991/1/1 0:00,0.7645,1.71484,0.874891,0.652103,0.186254,0.007199,0.56243,0.575
1991/1/2 0:00,0.765,1.75454,0.875734,0.644122,0.186254,0.007204,0.565611,0.5755
1991/1/3 0:00,0.767,1.71484,0.87581,0.647668,0.186254,0.007231,0.565771,0.5763
1991/1/4 0:00,0.7675,1.75454,0.875197,0.645369,0.186254,0.007241,0.567215,0.5773
1991/1/5 0:00,0.767,1.71484,0.87535,0.641766,0.186254,0.007252,0.564972,0.5754
1991/1/6 0:00,0.7651,1.71484,0.874891,0.638978,0.186254,0.007225,0.565707,0.5723
1991/1/7 0:00,0.7643,1.71484,0.874661,0.632711,0.185929,0.007206,0.564972,0.568
1991/1/8 0:00,0.7642,1.71484,0.875044,0.631712,0.185711,0.007168,0.564334,0.5685
1991/1/9 0:00,0.7651,1.7148400000000001,0.874279,0.634719,0.185711,0.007228,0.565931,0.5665
1991/1/10 0:00,0.7665,1.71484,0.873744,0.639591,0.185912,0.007208,0.567376,0.5686
1991/1/11 0:00,0.765,1.71484,0.87146,0.635526,0.186074,0.007212,0.568666,0.5667
1991/1/12 0:00,0.7664,1.71484,0.87108,0.636132,0.186074,0.007219,0.56802,0.5632
1991/1/13 0:00,0.7664,1.71484,0.870095,0.62901,0.186074,0.007216,0.568666,0.5618
1991/1/14 0:00,0.77,1.5676999999999999,0.870852,0.645203,0.186074,0.007313,0.571102,0.5624
1991/1/15 0:00,0.7738,1.6163800000000001,0.87222,0.646078,0.186293,0.007315,0.571102,0.5627
1991/1/16 0:00,0.7755,1.71484,0.872372,0.64041,0.186293,0.007291,0.570613,0.5645
1991/1/17 0:00,0.776,1.71484,0.871536,0.643708,0.186293,0.00731,0.570451,0.5648
1991/1/18 0:00,0.773,1.53072,0.866176,0.651254,0.186293,0.00731,0.571102,0.563
1991/1/19 0:00,0.7785,1.66584,0.862069,0.660066,0.186293,0.007329,0.571102,0.5674
1991/1/20 0:00,0.7755,1.6210999999999998,0.864528,0.656599,0.18655,0.007275,0.570776,0.5667
1991/1/21 0:00,0.7738,1.5307199999999999,0.864454,0.655523,0.18655,0.0073,0.571265,0.565
1991/1/22 0:00,0.7751,1.66584,0.867679,0.661463,0.18655,0.007279,0.57241,0.5664
1991/1/23 0:00,0.7758,1.71484,0.869717,0.660066,0.18655,0.007252,0.571102,0.571
1991/1/24 0:00,0.7761,1.71484,0.870246,0.652529,0.18655,0.007237,0.571429,0.5712
1991/1/25 0:00,0.7792,1.71484,0.868583,0.654108,0.18655,0.00725,0.572082,0.5711
1991/1/26 0:00,0.778,1.71484,0.868131,0.655308,0.18655,0.007277,0.57323,0.5708
1991/1/27 0:00,0.7765,1.71484,0.869338,0.651169,0.18655,0.007264,0.574053,0.5714
1991/1/28 0:00,0.779,1.71484,0.86881,0.66313,0.18655,0.007313,0.5719852,0.5725
1991/1/29 0:00,0.7802,1.71484,0.869717,0.667111,0.18655,0.007316,0.5719852,0.5757
1991/1/30 0:00,0.7822,1.71484,0.870549,0.668807,0.186679,0.007368,0.5783782,0.574
1991/1/31 0:00,0.7835,1.71484,0.87146,0.66912,0.186679,0.007361,0.5909142000000001,0.5741
1991/2/1 0:00,0.7825,1.71484,0.872068,0.66335,0.186679,0.007328,0.5719852,0.5735
1991/2/2 0:00,0.7835,1.71484,0.871992,0.6637029999999999,0.186505,0.007305,0.5723792,0.5711
1991/2/3 0:00,0.7839,1.71484,0.871916,0.6637029999999999,0.186505,0.007324,0.5723792,0.5717
1991/2/4 0:00,0.7825,1.71484,0.8726,0.6663036,0.186505,0.007325,0.5723792,0.5738
1991/2/5 0:00,0.7821,1.71484,0.87382,0.6663036,0.186505,0.00732,0.5723792,0.573
1991/2/6 0:00,0.7785,1.71484,0.874585,0.6629854,0.186505,0.007328,0.5723792000000001,0.5731
1991/2/7 0:00,0.7776,1.71484,0.873897,0.6580487999999999,0.186234,0.007286,0.5723792000000001,0.5732
1991/2/8 0:00,0.779,1.71484,0.873897,0.6562444000000001,0.185925,0.007231,0.5723792000000001,0.5705
1991/2/9 0:00,0.7815,1.71484,0.87558,0.6663036,0.185405,0.007275,0.5723792000000001,0.575
1991/2/10 0:00,0.784,1.71484,0.874279,0.6663036,0.18557,0.00731,0.5723792,0.5753
1991/2/11 0:00,0.7871,1.71484,0.874508,0.6663036,0.18566,0.00733,0.5968206,0.5755
1991/2/12 0:00,0.7855,1.71484,0.874126,0.6663036,0.18566,0.007294,0.5912742000000001,0.5742
1991/2/13 0:00,0.7845,1.71484,0.873744,0.6663036,0.18566,0.007299,0.5789682,0.5735
1991/2/14 0:00,0.7841,1.71484,0.875887,0.6663036,0.18566,0.007299,0.5967844,0.573
1991/2/15 0:00,0.7845,1.71484,0.876578,0.6663036,0.18566,0.007321,0.5967844,0.5741
1991/2/16 0:00,0.7842,1.71484,0.876732,0.6663036,0.18566,0.007299,0.5967844,0.575
1991/2/17 0:00,0.7852,1.71484,0.875503,0.6663036,0.18566,0.007307,0.5967844,0.5744
1991/2/18 0:00,0.7781,1.71484,0.876655,0.6591842000000001,0.18566,0.007352,0.5723792000000001,0.5723
1991/2/19 0:00,0.7848,1.71484,0.875887,0.6663036,0.18566,0.007391,0.5967844,0.5745
1991/2/20 0:00,0.7856,1.692,0.876424,0.670786,0.18566,0.00736,0.5968206,0.5798
1991/2/21 0:00,0.7867,1.6975,0.877578,0.6820516,0.18566,0.007345,0.5968206,0.5814
1991/2/22 0:00,0.7905,1.73,0.877886,0.693178,0.18566,0.00741,0.5926622,0.5825
1991/2/23 0:00,0.7878,1.7295,0.876732,0.693178,0.185753,0.007416,0.5952333999999999,0.5822
1991/2/24 0:00,0.7896,1.7252,0.878889,0.6977126,0.185753,0.00741,0.5952334,0.582
1991/2/25 0:00,0.7958,1.7335,0.87943,0.7028354,0.185753,0.007459,0.5907384,0.5843
1991/2/26 0:00,0.7963,1.7325,0.880204,0.7028353999999999,0.185753,0.007464,0.5907384,0.5863
1991/2/27 0:00,0.7995,1.742,0.879894,0.7028354,0.185753,0.007473,0.5907384,0.587
1991/2/28 0:00,0.7957,1.7275,0.879894,0.7028354,0.185532,0.007435,0.590319,0.5839
1991/3/1 0:00,0.7974,1.7285,0.880669,0.7028354,0.185532,0.007442,0.589623,0.5843
1991/3/2 0:00,0.8011,1.744,0.881446,0.7028353999999999,0.185532,0.007516,0.592066,0.5845
1991/3/3 0:00,0.8002,1.738,0.881834,0.7028353999999999,0.185532,0.007514,0.591191,0.5856
1991/3/4 0:00,0.7961,1.7333,0.881446,0.693837,0.185532,0.007502,0.590493,0.5737
1991/3/5 0:00,0.7935,1.7325,0.880902,0.6952427999999999,0.185532,0.007481,0.590842,0.5643
1991/3/6 0:00,0.7965,1.737,0.881601,0.6976592,0.185532,0.007496,0.58997,0.5693
1991/3/7 0:00,0.7971,1.7485,0.883783,0.6976592,0.185532,0.007508,0.592066,0.5678
1991/3/8 0:00,0.8004,1.751,0.884173,0.6976592000000001,0.185532,0.007537,0.592839,0.5699
1991/3/9 0:00,0.7953,1.74046,0.883939,0.6976592,0.185532,0.007647,0.592242,0.568
1991/3/10 0:00,0.794,1.74046,0.88347,0.6976592,0.185687,0.007691,0.591716,0.5665
1991/3/11 0:00,0.796,1.74046,0.885347,0.6976592,0.185687,0.007734,0.591541,0.5671
1991/3/12 0:00,0.7934,1.74046,0.886132,0.6948481999999999,0.185687,0.007686,0.590319,0.5673
1991/3/13 0:00,0.7955,1.74046,0.88574,0.6976592,0.185377,0.007678,0.589275,0.568
1991/3/14 0:00,0.7943,1.74046,0.884564,0.6952428,0.185377,0.007672,0.590493,0.5654
1991/3/15 0:00,0.797,1.74046,0.885426,0.6952427999999999,0.185377,0.007708,0.590667,0.5635
1991/3/16 0:00,0.8,1.7404600000000001,0.885112,0.6976592,0.185377,0.007679,0.589623,0.5679
1991/3/17 0:00,0.7955,1.74046,0.884408,0.6952428,0.185377,0.007691,0.58997,0.5661
1991/3/18 0:00,0.798,1.74046,0.886525,0.6978489999999999,0.185377,0.007706,0.58997,0.5658
1991/3/19 0:00,0.7968,1.74046,0.887311,0.6948482,0.185377,0.007649,0.590145,0.566
1991/3/20 0:00,0.795,1.74046,0.887548,0.6912078,0.185377,0.007622,0.589623,0.5628
1991/3/21 0:00,0.784,1.6564218,0.886918,0.6867822,0.185377,0.007602,0.588928,0.5526
1991/3/22 0:00,0.7854,1.74046,0.888573,0.6867822,0.185377,0.007623,0.590145,0.5565
1991/3/23 0:00,0.7855,1.74046,0.888415,0.6867822,0.185377,0.00761,0.589275,0.5565
1991/3/24 0:00,0.7871,1.7242267999999998,0.890313,0.6866392,0.185849,0.007648,0.588928,0.5551
1991/3/25 0:00,0.7845,1.74046,0.890631,0.68306,0.185377,0.007629,0.590319,0.5563
1991/3/26 0:00,0.7791,1.69466,0.890472,0.682594,0.185377,0.007657,0.591017,0.5566
1991/3/27 0:00,0.7845,1.74046,0.892061,0.696961,0.185377,0.007758,0.598802,0.564
1991/3/28 0:00,0.7836,1.74046,0.89222,0.690131,0.185377,0.007704,0.597372,0.5633
1991/3/29 0:00,0.7854,1.74046,0.888099,0.68918,0.185271,0.007673,0.59453,0.5585
1991/3/30 0:00,0.7863,1.74046,0.883314,0.690846,0.185178,0.0077,0.597015,0.5618
1991/3/31 0:00,0.7851,1.74046,0.884408,0.688231,0.185268,0.007689,0.597372,0.5611
1991/4/1 0:00,0.7866,1.74046,0.886525,0.701262,0.185268,0.007734,0.600781,0.5654
1991/4/2 0:00,0.7883,1.74046,0.885975,0.704722,0.185268,0.007695,0.60006,0.5667
1991/4/3 0:00,0.789,1.74046,0.880359,0.703235,0.185268,0.007706,0.600781,0.566
1991/4/4 0:00,0.7911,1.74046,0.880437,0.6976592000000001,0.18534,0.007715,0.600962,0.5673
1991/4/5 0:00,0.7915,1.74046,0.878889,0.6976592,0.185117,0.00772,0.601685,0.569
1991/4/6 0:00,0.7918,1.7270400000000001,0.877501,0.693837,0.185117,0.007827,0.604047,0.5682
1991/4/7 0:00,0.7888,1.7191400000000001,0.880282,0.6976592000000001,0.185117,0.007806,0.605327,0.567
1991/4/8 0:00,0.7868,1.74046,0.879507,0.6976592,0.185117,0.007676,0.599161,0.564
1991/4/9 0:00,0.7844,1.74046,0.881057,0.6976591999999999,0.184792,0.007688,0.599341,0.561
1991/4/10 0:00,0.784,1.72866,0.882223,0.6976591999999999,0.184792,0.007695,0.603136,0.5627
1991/4/11 0:00,0.7855,1.74046,0.881679,0.6976591999999999,0.184792,0.007719,0.601142,0.5619
1991/4/12 0:00,0.7851,1.72866,0.880747,0.6976591999999999,0.184792,0.007719,0.60241,0.5623
1991/4/13 0:00,0.7818,1.7215,0.879507,0.6976591999999999,0.184792,0.007766,0.603136,0.5618
1991/4/14 0:00,0.7784,1.6576,0.879662,0.6976591999999999,0.184792,0.0078,0.605327,0.56
1991/4/15 0:00,0.7735,1.6446999999999998,0.880204,0.6945508,0.184792,0.007788,0.606612,0.5566
1991/4/16 0:00,0.7728,1.6447000000000003,0.879972,0.6904226,0.184792,0.00777,0.605694,0.5562
1991/4/17 0:00,0.772,1.56844,0.876655,0.6725122000000001,0.184478,0.007743,0.604595,0.5552
1991/4/18 0:00,0.7711,1.7210999999999999,0.87558,0.6821114000000001,0.184478,0.007738,0.604595,0.5588
1991/4/19 0:00,0.7705,1.7211000000000003,0.87535,0.6727842,0.184478,0.007764,0.6035,0.5576
1991/4/20 0:00,0.773,1.6446999999999998,0.874355,0.6727842,0.184165,0.007784,0.606428,0.557
1991/4/21 0:00,0.7737,1.56844,0.872981,0.6598764,0.184294,0.007776,0.607533,0.554
1991/4/22 0:00,0.7731,1.6021868000000001,0.871992,0.6722104,0.184294,0.007785,0.606796,0.5496
1991/4/23 0:00,0.7715,1.6057668,0.86408,0.6735140000000001,0.184294,0.007792,0.608088,0.5507
1991/4/24 0:00,0.767,1.716,0.865801,0.692103,0.184294,0.007839,0.609756,0.543
1991/4/25 0:00,0.7604,1.827,0.861995,0.6989454,0.184294,0.007902,0.614251,0.5435
1991/4/26 0:00,0.7601,1.8094000000000001,0.861401,0.6989454,0.184189,0.00784,0.613497,0.544
1991/4/27 0:00,0.7608,1.8094000000000001,0.861104,0.6989454,0.184189,0.007888,0.613121,0.5445
1991/4/28 0:00,0.7624,1.827,0.861846,0.6910138,0.184189,0.007964,0.614628,0.5435
1991/4/29 0:00,0.7597,1.8094000000000001,0.86326,0.681039,0.18356,0.007952,0.613121,0.5405
1991/4/30 0:00,0.7593,1.8413,0.865202,0.681039,0.18356,0.008006,0.616903,0.5403
1991/5/1 0:00,0.7565,1.8157,0.868432,0.6806580000000001,0.18356,0.008032,0.615006,0.5375
1991/5/2 0:00,0.7572,1.845,0.871612,0.694544,0.183288,0.008013,0.613497,0.5379
1991/5/3 0:00,0.7641,1.877,0.874661,0.6632887999999999,0.183288,0.008058,0.615006,0.5495
1991/5/4 0:00,0.7551,1.871,0.875657,0.6611536,0.183506,0.008039,0.615385,0.5515
1991/5/5 0:00,0.7564,1.871,0.875044,0.6632887999999999,0.183506,0.008006,0.616523,0.5494
1991/5/6 0:00,0.7465,1.831,0.870322,0.6931804,0.183506,0.007974,0.614553,0.5442
1991/5/7 0:00,0.7365,1.792,0.866326,0.6839038000000001,0.18318,0.007871,0.61106,0.5417
1991/5/8 0:00,0.742,1.8015,0.870322,0.6839038000000001,0.182996,0.007883,0.610501,0.5443
1991/5/9 0:00,0.7458,1.789,0.870474,0.6839038000000001,0.182996,0.007886,0.611808,0.5435
1991/5/10 0:00,0.7415,1.753,0.864828,0.6849324,0.182996,0.007788,0.606796,0.5385
1991/5/11 0:00,0.7419,1.7605,0.867077,0.6815322,0.182862,0.007795,0.608272,0.5397
1991/5/12 0:00,0.743,1.777,0.867152,0.6839038000000001,0.182862,0.007846,0.608643,0.5415
1991/5/13 0:00,0.7504,1.807,0.866701,0.6910594000000001,0.183013,0.008117,0.613497,0.5422
1991/5/14 0:00,0.7513,1.8065,0.865876,0.6920526,0.183013,0.008116,0.61237,0.5405
1991/5/15 0:00,0.7449,1.7951,0.863334,0.6888721999999999,0.183013,0.008071,0.611995,0.5403
1991/5/16 0:00,0.7398,1.8055,0.856531,0.7027954000000001,0.182922,0.008102,0.610314,0.5405
1991/5/17 0:00,0.7383,1.776,0.852442,0.6899666000000001,0.182922,0.007974,0.611621,0.5365
1991/5/18 0:00,0.7443,1.7945,0.851571,0.6847814,0.182862,0.007961,0.61237,0.5409
1991/5/19 0:00,0.7431,1.806,0.853024,0.7039918000000001,0.182862,0.007971,0.61237,0.5406
1991/5/20 0:00,0.748,1.773,0.848896,0.6865334000000001,0.182862,0.007937,0.611995,0.5399
1991/5/21 0:00,0.7521,1.789,0.850919,0.6803596,0.182862,0.007965,0.610501,0.5402
1991/5/22 0:00,0.7524,1.7995,0.852442,0.6946264,0.182862,0.00794,0.613874,0.54
1991/5/23 0:00,0.749,1.8015,0.846883,0.6869698000000001,0.182862,0.007927,0.614628,0.5415
1991/5/24 0:00,0.7457,1.8062,0.847961,0.7039918000000001,0.182862,0.007947,0.615006,0.5405
1991/5/25 0:00,0.748,1.8205,0.848176,0.710732,0.182862,0.007959,0.615006,0.5416
1991/5/26 0:00,0.751,1.8375,0.84832,0.719424,0.182862,0.007986,0.616523,0.5423
1991/5/27 0:00,0.7481,1.8255,0.849834,0.712606,0.183097,0.007893,0.617093,0.5412
1991/5/28 0:00,0.751,1.8013,0.845666,0.702001,0.182785,0.007878,0.614251,0.5408
1991/5/29 0:00,0.7514,1.787,0.845881,0.69483,0.182475,0.007832,0.612745,0.5397
1991/5/30 0:00,0.7535,1.7725,0.843739,0.685166,0.182359,0.007832,0.609385,0.5407
1991/5/31 0:00,0.754,1.7685,0.84246,0.681199,0.182359,0.007817,0.610687,0.5415
1991/6/1 0:00,0.7541,1.751,0.840689,0.671366,0.182359,0.007813,0.607349,0.5412
1991/6/2 0:00,0.7572,1.752,0.841822,0.671682,0.182359,0.007788,0.608088,0.5412
1991/6/3 0:00,0.7558,1.75,0.843882,0.671366,0.182359,0.007773,0.608458,0.5439
1991/6/4 0:00,0.7534,1.7465,0.844452,0.6746192000000001,0.182359,0.007769,0.608088,0.5422
1991/6/5 0:00,0.751,1.748,0.842247,0.6790806,0.182359,0.007746,0.607533,0.5401
1991/6/6 0:00,0.7525,1.756,0.843241,0.6761558,0.182359,0.007725,0.609013,0.5414
1991/6/7 0:00,0.7487,1.7455,0.846883,0.6806104000000001,0.182359,0.007711,0.607533,0.541
1991/6/8 0:00,0.7533,1.754,0.847817,0.670901,0.182382,0.007727,0.609756,0.5463
1991/6/9 0:00,0.7538,1.756,0.846024,0.670901,0.182382,0.0077652,0.608347,0.5466
1991/6/10 0:00,0.7545,1.7543,0.844096,0.670901,0.182382,0.0077652,0.608458,0.5471
1991/6/11 0:00,0.7527,1.739,0.839842,0.6679058,0.182382,0.0076584,0.607165,0.5482
1991/6/12 0:00,0.7521,1.723,0.838715,0.6839038000000001,0.182193,0.007498,0.606428,0.5453
1991/6/13 0:00,0.7542,1.716,0.839983,0.6748188,0.182193,0.007476399999999999,0.60423,0.547
1991/6/14 0:00,0.7552,1.718,0.841397,0.6664236000000001,0.182193,0.0074726,0.602954,0.5477
1991/6/15 0:00,0.7567,1.7225,0.838364,0.6748187999999999,0.182193,0.0074703999999999994,0.601034,0.5473
1991/6/16 0:00,0.7571,1.714,0.83654,0.6698072,0.182193,0.007476399999999999,0.598982,0.5483
1991/6/17 0:00,0.7547,1.7253,0.83731,0.6698071999999999,0.182193,0.0074979999999999995,0.596837,0.5481
1991/6/18 0:00,0.7536,1.707,0.83696,0.6664236,0.182269,0.007476399999999999,0.595061,0.5479
1991/6/19 0:00,0.7547,1.7115,0.834028,0.6748187999999999,0.182176,0.007476399999999999,0.598444,0.5472
1991/6/20 0:00,0.7549,1.715,0.833194,0.6839038000000001,0.182176,0.007476399999999999,0.600601,0.5456
1991/6/21 0:00,0.7573,1.731,0.835422,0.6748187999999999,0.182176,0.007493,0.607903,0.5463
1991/6/22 0:00,0.7602,1.733,0.838012,0.6664236,0.182359,0.007573,0.605327,0.548
1991/6/23 0:00,0.7599,1.711,0.835561,0.6632888,0.182359,0.007504,0.603318,0.5497
1991/6/24 0:00,0.7593,1.706,0.834376,0.6632888,0.182053,0.007454,0.60024,0.5492
1991/6/25 0:00,0.7605,1.715,0.838223,0.6632887999999999,0.182053,0.007479,0.60042,0.5489
1991/6/26 0:00,0.7614,1.72,0.838926,0.6698071999999999,0.182053,0.00748,0.603865,0.5484
1991/6/27 0:00,0.7638,1.732,0.840972,0.6632887999999999,0.182193,0.007499,0.6035,0.5495
1991/6/28 0:00,0.7645,1.722,0.840477,0.6647698,0.182359,0.007465,0.601866,0.5504
1991/6/29 0:00,0.7659,1.7395,0.841184,0.6629271999999999,0.182359,0.007512,0.60024,0.549
1991/6/30 0:00,0.767,1.733,0.839842,0.6698072,0.182442,0.007515,0.601685,0.5483
1991/7/1 0:00,0.77,1.7363,0.840195,0.6748187999999999,0.182442,0.007523,0.603865,0.5463
1991/7/2 0:00,0.7666,1.7265,0.839278,0.6839038000000001,0.182442,0.007435,0.602047,0.545
1991/7/3 0:00,0.7663,1.7295,0.838223,0.6839038000000001,0.182442,0.007472,0.602954,0.5446
1991/7/4 0:00,0.7665,1.743,0.840831,0.6679058,0.182442,0.007505,0.605694,0.547
1991/7/5 0:00,0.7632,1.75,0.841893,0.6746192000000001,0.182442,0.007535,0.605144,0.5439
1991/7/6 0:00,0.7628,1.7495,0.841751,0.6746192000000001,0.182442,0.007503,0.604778,0.5423
1991/7/7 0:00,0.7595,1.7485,0.840831,0.6790806,0.182442,0.007541,0.60551,0.5421
1991/7/8 0:00,0.7628,1.764,0.841468,0.686899,0.1745252,0.007563,0.604595,0.5437
1991/7/9 0:00,0.7637,1.7652,0.842673,0.686899,0.1745252,0.007524,0.605327,0.5435
1991/7/10 0:00,0.7638,1.762,0.842957,0.6815321999999999,0.1725582,0.007503,0.603136,0.5447
1991/7/11 0:00,0.7661,1.771,0.846167,0.6815321999999999,0.17255820000000002,0.007531,0.604961,0.5453
1991/7/12 0:00,0.765,1.756,0.847529,0.6849956,0.1764018,0.007497,0.604047,0.5445
1991/7/13 0:00,0.7667,1.7477,0.845809,0.6815321999999999,0.17841519999999997,0.007468,0.600962,0.5438
1991/7/14 0:00,0.767,1.745,0.846024,0.6849323999999999,0.18041199999999996,0.007463,0.601323,0.543
1991/7/15 0:00,0.7645,1.747,0.847458,0.6806104000000001,0.1804286,0.00745,0.60241,0.5413
1991/7/16 0:00,0.7625,1.7625,0.842957,0.6818406,0.1803788,0.007454,0.602954,0.5377
1991/7/17 0:00,0.757,1.764,0.843313,0.6761558,0.182359,0.007433,0.601866,0.533
1991/7/18 0:00,0.754,1.772,0.843455,0.6830014,0.18248279999999997,0.007433,0.602773,0.534
1991/7/19 0:00,0.7562,1.78,0.837521,0.6761992,0.18258339999999998,0.007511,0.604412,0.5348
1991/7/20 0:00,0.7552,1.775,0.83654,0.6830014,0.18048599999999998,0.0075,0.604047,0.5376
1991/7/21 0:00,0.7589,1.7698,0.837451,0.6783718000000001,0.18046279999999998,0.007491,0.60423,0.5386
1991/7/22 0:00,0.7565,1.775,0.83612,0.6830014,0.180486,0.007502,0.602591,0.5372
1991/7/23 0:00,0.7538,1.783,0.839983,0.6799174000000001,0.180486,0.007536,0.604412,0.537
1991/7/24 0:00,0.7582,1.7815,0.839278,0.6799174000000001,0.18048599999999998,0.007515,0.605694,0.5382
1991/7/25 0:00,0.7552,1.7945,0.835631,0.665779,0.180918,0.007547,0.60551,0.5374
1991/7/26 0:00,0.7513,1.7965,0.834168,0.661507,0.182862,0.007536,0.60551,0.5368
1991/7/27 0:00,0.7541,1.7875,0.833333,0.654022,0.1788504,0.007496,0.606061,0.5371
1991/7/28 0:00,0.7503,1.7927,0.828981,0.65445,0.182862,0.007509,0.605877,0.5337
1991/7/29 0:00,0.7523,1.813,0.83022,0.664673,0.182862,0.007663,0.608643,0.532
1991/7/30 0:00,0.7525,1.813,0.829738,0.66912,0.180918,0.007669,0.609756,0.533
1991/7/31 0:00,0.7574,1.822,0.831601,0.677507,0.17656999999999998,0.00768,0.610501,0.5347
1991/8/1 0:00,0.7574,1.8185,0.831393,0.671817,0.1788504,0.007678,0.609756,0.534
1991/8/2 0:00,0.7583,1.8355,0.834864,0.682594,0.1771008,0.007764,0.61237,0.534
1991/8/3 0:00,0.7575,1.8395,0.83619,0.685166,0.1794844,0.007746,0.612745,0.5333
1991/8/4 0:00,0.7566,1.8308,0.83612,0.680041,0.18158179999999996,0.007717,0.613572,0.5326
1991/8/5 0:00,0.7582,1.817,0.83612,0.674536,0.1807944,0.007678,0.612445,0.5336
1991/8/6 0:00,0.7573,1.8142,0.83647,0.671592,0.1807944,0.007728,0.611359,0.5348
1991/8/7 0:00,0.7585,1.828,0.832016,0.676041,0.1724052,0.007732,0.613685,0.5355
1991/8/8 0:00,0.758,1.801,0.831947,0.672721,0.182862,0.007695,0.611621,0.5358
1991/8/9 0:00,0.7582,1.8065,0.830565,0.67714,0.1786674,0.007715,0.610874,0.536
1991/8/10 0:00,0.7568,1.829,0.830013,0.686719,0.1744726,0.007828,0.613987,0.5352
1991/8/11 0:00,0.7574,1.8227,0.830013,0.684135,0.17654019999999998,0.007846,0.614628,0.5351
1991/8/12 0:00,0.7575,1.8245,0.83091,0.684463,0.17447259999999998,0.007841,0.612557,0.5356
1991/8/13 0:00,0.763,1.8178,0.833125,0.680133,0.1745024,0.007825,0.613685,0.5373
1991/8/14 0:00,0.7629,1.825,0.835073,0.684229,0.17447259999999998,0.007839,0.614251,0.5369
1991/8/15 0:00,0.763,1.836,0.838504,0.689655,0.1794634,0.007886,0.615006,0.5385
1991/8/16 0:00,0.764,1.834,0.837521,0.688563,0.17234560000000002,0.007862,0.614439,0.5407
1991/8/17 0:00,0.7631,1.8325,0.837872,0.686813,0.1723754,0.00784,0.614628,0.5442
1991/8/18 0:00,0.7617,1.833,0.83682,0.688705,0.17234560000000002,0.007834,0.614628,0.5434
1991/8/19 0:00,0.7616,1.846,0.838012,0.698568,0.172375,0.00789,0.614628,0.5433
1991/8/20 0:00,0.7586,1.8515,0.839208,0.700771,0.172375,0.007896,0.616523,0.5436
1991/8/21 0:00,0.7535,1.856,0.838574,0.706714,0.172375,0.007886,0.616523,0.5417
1991/8/22 0:00,0.7534,1.86,0.83612,0.710732,0.172375,0.007893,0.615309,0.5423
1991/8/23 0:00,0.7525,1.853,0.835911,0.704225,0.1744724,0.007871,0.616029,0.542
1991/8/24 0:00,0.7545,1.8655,0.835073,0.707965,0.172375,0.007896,0.616447,0.5435
1991/8/25 0:00,0.7522,1.8595,0.834655,0.705965,0.172375,0.007878,0.616219,0.546
1991/8/26 0:00,0.7495,1.8615,0.83696,0.706714,0.172375,0.007868,0.61717,0.5445
1991/8/27 0:00,0.7518,1.8635,0.835422,0.705716,0.172375,0.00786,0.616143,0.5443
1991/8/28 0:00,0.7518,1.877,0.835631,0.711997,0.172375,0.007894,0.617093,0.545
1991/8/29 0:00,0.75,1.891,0.83731,0.718391,0.172375,0.007971,0.617093,0.5447
1991/8/30 0:00,0.7465,1.891,0.838223,0.722282,0.172375,0.007954,0.617742,0.5435
1991/8/31 0:00,0.7471,1.907,0.837872,0.730994,0.1794844,0.007984,0.617932,0.5438
1991/9/1 0:00,0.7477,1.9035,0.835282,0.727431,0.1747378,0.007945,0.618123,0.5442
1991/9/2 0:00,0.7469,1.911,0.83257,0.731797,0.1767288,0.008005,0.618047,0.544
1991/9/3 0:00,0.7421,1.918,0.831601,0.736377,0.1810826,0.008026,0.618047,0.544
1991/9/4 0:00,0.7444,1.9085,0.831601,0.736648,0.17846199999999998,0.008013,0.618429,0.5448
1991/9/5 0:00,0.7447,1.9102,0.833472,0.738661,0.1829886,0.008029,0.619963,0.5441
1991/9/6 0:00,0.7436,1.9248,0.835771,0.741565,0.18324639999999998,0.008037,0.619579,0.5438
1991/9/7 0:00,0.7466,1.9195,0.839278,0.74184,0.18383819999999998,0.00801,0.619195,0.5448
1991/9/8 0:00,0.7441,1.896,0.837521,0.728863,0.1747378,0.007949,0.619118,0.5455
1991/9/9 0:00,0.7463,1.921,0.838786,0.737463,0.18383819999999998,0.007974,0.618812,0.5458
1991/9/10 0:00,0.7456,1.929,0.838364,0.748503,0.18327259999999998,0.008003,0.62054,0.5467
1991/9/11 0:00,0.7469,1.913,0.837802,0.741785,0.18383819999999998,0.007937,0.619963,0.5474
1991/9/12 0:00,0.7441,1.9257,0.838364,0.748391,0.18327259999999998,0.008,0.62054,0.546
1991/9/13 0:00,0.7432,1.9355,0.839701,0.753012,0.18324639999999998,0.007971,0.621581,0.546
1991/9/14 0:00,0.7443,1.9495,0.840336,0.765111,0.18374600000000002,0.008029,0.620848,0.5482
1991/9/15 0:00,0.7455,1.918,0.840831,0.761615,0.18347159999999998,0.007984,0.619579,0.5483
1991/9/16 0:00,0.7465,1.9095,0.838364,0.756144,0.18318759999999998,0.007981,0.619579,0.5475
1991/9/17 0:00,0.748,1.9035,0.839983,0.75643,0.18338139999999997,0.00788,0.619848,0.5481
1991/9/18 0:00,0.7481,1.913,0.841397,0.759878,0.18383819999999998,0.007897,0.619118,0.5488
1991/9/19 0:00,0.746,1.8985,0.839278,0.75188,0.18318759999999998,0.007833,0.618238,0.5482
1991/9/20 0:00,0.7437,1.916,0.841043,0.761731,0.18327259999999998,0.007829,0.618697,0.5461
1991/9/21 0:00,0.7438,1.929,0.841468,0.76693,0.18327259999999998,0.007838,0.619387,0.5457
1991/9/22 0:00,0.7437,1.9175,0.842105,0.757174,0.18327259999999998,0.007817,0.619886,0.5453
1991/9/23 0:00,0.7441,1.9195,0.845237,0.757002,0.18383819999999998,0.007834,0.61931,0.5457
1991/9/24 0:00,0.7443,1.92,0.844238,0.757863,0.18347159999999998,0.007852,0.62004,0.5453
1991/9/25 0:00,0.7439,1.9237,0.844452,0.757691,0.18327259999999998,0.007857,0.620733,0.5446
1991/9/26 0:00,0.7414,1.9215,0.843597,0.757576,0.18327259999999998,0.007859,0.620655,0.5443
1991/9/27 0:00,0.7363,1.913,0.845309,0.755572,0.18324639999999998,0.007849,0.620424,0.544
1991/9/28 0:00,0.7372,1.907,0.842815,0.751315,0.1828158,0.007828,0.620424,0.5434
1991/9/29 0:00,0.7287,1.9215,0.843241,0.754603,0.183194,0.007809,0.620733,0.5426
1991/9/30 0:00,0.7182,1.928,0.83949,0.756716,0.183194,0.00783,0.621041,0.5343
1991/10/1 0:00,0.7187,1.931,0.838997,0.761035,0.183194,0.007857,0.621002,0.5371
1991/10/2 0:00,0.7211,1.916,0.838012,0.755173,0.183325,0.007921,0.62054,0.538
1991/10/3 0:00,0.7203,1.9295,0.835213,0.76266,0.183325,0.007921,0.620925,0.5381
1991/10/4 0:00,0.7255,1.935,0.834864,0.767813,0.183325,0.007918,0.621311,0.5398
1991/10/5 0:00,0.722,1.939,0.838434,0.774293,0.183325,0.007916,0.621234,0.5401
1991/10/6 0:00,0.7207,1.9475,0.838715,0.781861,0.183702,0.007932,0.622278,0.5384
1991/10/7 0:00,0.7137,1.9945,0.840054,0.804829,0.184505,0.008021,0.624025,0.5383
1991/10/8 0:00,0.7112,1.988,0.840407,0.801282,0.184505,0.008006,0.624025,0.5408
1991/10/9 0:00,0.7149,1.9865,0.839701,0.793651,0.184505,0.008003,0.625,0.5415
1991/10/10 0:00,0.7165,1.9762,0.83682,0.790514,0.184505,0.008006,0.625,0.5417
1991/10/11 0:00,0.717,1.9825,0.835771,0.794281,0.184505,0.008113,0.625313,0.5408
1991/10/12 0:00,0.7156,1.9893,0.83668,0.802246,0.184505,0.008133,0.625586,0.5392
1991/10/13 0:00,0.7174,1.996,0.83731,0.806127,0.184505,0.008133,0.626959,0.5398
1991/10/14 0:00,0.7181,2.0035,0.835422,0.806777,0.184761,0.00813,0.627392,0.5401
1991/10/15 0:00,0.72,1.983,0.834376,0.791766,0.183699,0.008065,0.627156,0.5402
1991/10/16 0:00,0.72,1.9945,0.834028,0.799041,0.182522,0.008116,0.625782,0.542
1991/10/17 0:00,0.7128,2.003,0.830358,0.811227,0.182522,0.008151,0.628417,0.5383
1991/10/18 0:00,0.7183,1.975,0.822368,0.798722,0.182522,0.008115,0.627746,0.5405
1991/10/19 0:00,0.7225,1.976,0.819672,0.80032,0.181406,0.008131,0.627156,0.5436
1991/10/20 0:00,0.7254,1.9235,0.818465,0.775795,0.181271,0.00805,0.62637,0.5472
1991/10/21 0:00,0.7331,1.8915,0.825219,0.760167,0.181041,0.008048,0.626096,0.5537
1991/10/22 0:00,0.7311,1.8715,0.820345,0.760746,0.181041,0.00804,0.625,0.545
1991/10/23 0:00,0.7302,1.811,0.818331,0.757289,0.180708,0.008003,0.623441,0.5465
1991/10/24 0:00,0.7317,1.7815,0.821288,0.772201,0.180535,0.008037,0.624805,0.5465
1991/10/25 0:00,0.7325,1.737,0.82203,0.766284,0.180871,0.008024,0.62162,0.5431
1991/10/26 0:00,0.7235,1.7082,0.812216,0.768049,0.180675,0.008251,0.62383,0.538
1991/10/27 0:00,0.722,1.7085,0.804894,0.763068,0.180675,0.008323,0.624025,0.5385
1991/10/28 0:00,0.7233,1.709,0.805477,0.76599,0.18074,0.008285,0.62422,0.5379
1991/10/29 0:00,0.7225,1.714,0.806712,0.77101,0.18074,0.008299,0.62383,0.538
1991/10/30 0:00,0.7165,1.7295,0.802246,0.786473,0.18074,0.008363,0.623636,0.5365
1991/10/31 0:00,0.713,1.769,0.797448,0.802246,0.181071,0.008351,0.626566,0.5358
1991/11/1 0:00,0.7139,1.779,0.801282,0.808277,0.181357,0.008333,0.628536,0.5372
1991/11/2 0:00,0.7141,1.734,0.804117,0.803213,0.181357,0.008333,0.628141,0.5404
1991/11/3 0:00,0.7165,1.706,0.796813,0.809585,0.181357,0.008379,0.628141,0.5433
1991/11/4 0:00,0.7205,1.701,0.801989,0.815661,0.181357,0.008358,0.628931,0.545
1991/11/5 0:00,0.7194,1.7175,0.800833,0.790826,0.180453,0.008332,0.627628,0.5425
1991/11/6 0:00,0.7208,1.6895,0.802182,0.768521,0.180323,0.008267,0.624922,0.5432
1991/11/7 0:00,0.7176,1.6975,0.79968,0.760746,0.180054,0.008197,0.622665,0.5412
1991/11/8 0:00,0.7222,1.714,0.80289,0.761151,0.180054,0.00823,0.620655,0.543
1991/11/9 0:00,0.7223,1.7098,0.800961,0.766871,0.180054,0.008263,0.62027,0.5431
1991/11/10 0:00,0.7224,1.7,0.80032,0.772678,0.180054,0.008306,0.622975,0.5425
1991/11/11 0:00,0.7196,1.6555,0.801667,0.758438,0.180054,0.008344,0.621813,0.542
1991/11/12 0:00,0.7187,1.63,0.802118,0.755858,0.180054,0.008344,0.620925,0.5405
1991/11/13 0:00,0.715,1.6235,0.807754,0.734754,0.179746,0.0082,0.619195,0.5389
1991/11/14 0:00,0.7184,1.6135,0.807754,0.74184,0.179682,0.00821,0.619118,0.5391
1991/11/15 0:00,0.7201,1.6195,0.804829,0.740192,0.179682,0.008282,0.619195,0.54
1991/11/16 0:00,0.7184,1.613,0.801989,0.733676,0.179682,0.008212,0.618812,0.5412
1991/11/17 0:00,0.7143,1.5865,0.80032,0.730727,0.179682,0.008195,0.616523,0.5399
1991/11/18 0:00,0.691,1.533,0.805477,0.715052,0.179585,0.008068,0.614704,0.5218
1991/11/19 0:00,0.695,1.5479,0.805283,0.718133,0.179247,0.00818,0.617284,0.525
1991/11/20 0:00,0.6909,1.5535,0.802568,0.715308,0.179247,0.008143,0.615006,0.5245
1991/11/21 0:00,0.6968,1.538,0.801282,0.705716,0.179247,0.008152,0.613422,0.5252
1991/11/22 0:00,0.689,1.4717999999999998,0.790952,0.695652,0.178757,0.008039,0.610128,0.5237
1991/11/23 0:00,0.6935,1.4655999999999998,0.791452,0.696864,0.178757,0.008057,0.610128,0.523
1991/11/24 0:00,0.6936,1.4889,0.791139,0.707714,0.178952,0.008074,0.612182,0.5248
1991/11/25 0:00,0.6881,1.4454799999999999,0.787402,0.694927,0.178952,0.00801,0.610389,0.5205
1991/11/26 0:00,0.6842,1.4918799999999999,0.784314,0.687285,0.178952,0.008029,0.610314,0.515
1991/11/27 0:00,0.6881,1.47948,0.784006,0.686813,0.178952,0.00804,0.611733,0.517
1991/11/28 0:00,0.6839,1.48688,0.785546,0.69735,0.177809,0.008094,0.611733,0.5165
1991/11/29 0:00,0.6843,1.48688,0.782167,0.698324,0.176239,0.00805,0.61106,0.5148
1991/11/30 0:00,0.6893,1.5006799999999998,0.777907,0.693481,0.175141,0.008039,0.610799,0.515
1991/12/1 0:00,0.6822,1.532,0.777545,0.695652,0.174395,0.008037,0.610687,0.5109
1991/12/2 0:00,0.6843,1.4653800000000001,0.777786,0.706714,0.173819,0.008039,0.61106,0.512
1991/12/3 0:00,0.6829,1.43878,0.780336,0.718649,0.173819,0.008038,0.611434,0.5127
1991/12/4 0:00,0.6887,1.4454799999999999,0.783085,0.708466,0.173819,0.008021,0.60983,0.516
1991/12/5 0:00,0.6916,1.4454799999999999,0.78235,0.697253,0.172357,0.008006,0.608643,0.5171
1991/12/6 0:00,0.6924,1.4454799999999999,0.783699,0.714286,0.172357,0.008036,0.60957,0.5186
1991/12/7 0:00,0.6934,1.4454799999999999,0.784375,0.717618,0.171245,0.008065,0.610128,0.5175
1991/12/8 0:00,0.6942,1.46118,0.785238,0.710732,0.171245,0.008058,0.609942,0.5183
1991/12/9 0:00,0.6902,1.4454799999999999,0.783392,0.711491,0.17066,0.008072,0.61024,0.5167
1991/12/10 0:00,0.6873,1.4474799999999999,0.78456,0.709975,0.17066,0.008074,0.609756,0.5155
1991/12/11 0:00,0.6881,1.4474799999999999,0.782963,0.70922,0.169471,0.008058,0.609756,0.5144
1991/12/12 0:00,0.6894,1.4454799999999999,0.784437,0.713521,0.169471,0.008123,0.610687,0.5188
1991/12/13 0:00,0.6916,1.4454799999999999,0.783945,0.708466,0.170515,0.008112,0.60957,0.5171
1991/12/14 0:00,0.691,1.4439799999999998,0.792833,0.696864,0.172429,0.008096,0.610874,0.5154
1991/12/15 0:00,0.6904,1.4439799999999998,0.793336,0.693481,0.172429,0.008074,0.610128,0.5139
1991/12/16 0:00,0.6885,1.46128,0.792581,0.687285,0.173424,0.008016,0.609385,0.5148
1991/12/17 0:00,0.6895,1.46128,0.789889,0.683527,0.173424,0.008019,0.608643,0.5138
1991/12/18 0:00,0.6894,1.46128,0.788208,0.685166,0.173424,0.008026,0.609385,0.5134
1991/12/19 0:00,0.689,1.46128,0.786535,0.682128,0.173424,0.00801,0.607903,0.5135
1991/12/20 0:00,0.6818,1.5287,0.78235,0.676133,0.173424,0.007974,0.605327,0.5121
1991/12/21 0:00,0.6735,1.49982,0.783208,0.68018,0.173424,0.007993,0.604412,0.5053
1991/12/22 0:00,0.67,1.5006,0.75731,0.672495,0.173178,0.007994,0.602119,0.5055
1991/12/23 0:00,0.669,1.475,0.75926,0.670017,0.173178,0.007984,0.602954,0.508
1991/12/24 0:00,0.672,1.54,0.6928436,0.668896,0.173178,0.007983,0.601685,0.5101
1991/12/25 0:00,0.6736,1.5535,0.723888,0.671817,0.173178,0.007997,0.602845,0.5129
1991/12/26 0:00,0.6736,1.54,0.6979226000000001,0.66778,0.173178,0.007981,0.6035,0.5127
1991/12/27 0:00,0.6698,1.539,0.6979226000000001,0.674992,0.173178,0.007952,0.603136,0.5123
1991/12/28 0:00,0.6723,1.548,0.753992,0.678196,0.173178,0.007965,0.603865,0.5135
1991/12/29 0:00,0.669,1.5416,0.7234438000000001,0.680041,0.173178,0.008006,0.603209,0.5125
1991/12/30 0:00,0.6655,1.5175,0.6979226000000001,0.675219,0.172729,0.008,0.603682,0.5117
1991/12/31 0:00,0.672,1.532,0.752194,0.685166,0.172729,0.00801,0.607349,0.5147
1992/1/1 0:00,0.672,1.5585,0.7271038,0.692905,0.172729,0.008112,0.607903,0.5168
1992/1/2 0:00,0.675,1.5385,0.7031294000000001,0.688468,0.172729,0.008089,0.60957,0.518
1992/1/3 0:00,0.6735,1.5145,0.7280266,0.684697,0.172729,0.008058,0.611135,0.5156
1992/1/4 0:00,0.6812,1.5165,0.757709,0.684463,0.172729,0.00805,0.610501,0.518
1992/1/5 0:00,0.6793,1.4855,0.787402,0.672043,0.172729,0.008002,0.607533,0.5162
1992/1/6 0:00,0.6755,1.454,0.791139,0.658545,0.172729,0.008003,0.606502,0.514
1992/1/7 0:00,0.6782,1.446,0.791954,0.656168,0.172729,0.008009,0.606134,0.5145
1992/1/8 0:00,0.6762,1.4475,0.792958,0.6666716,0.172414,0.008037,0.606061,0.5133
1992/1/9 0:00,0.6694,1.4395,0.791077,0.6674810000000001,0.172414,0.008063,0.605877,0.5091
1992/1/10 0:00,0.67,1.431,0.788519,0.6834948000000001,0.172414,0.008239,0.60687,0.5095
1992/1/11 0:00,0.6705,1.4255,0.789952,0.6834948000000001,0.172414,0.0080546,0.60687,0.5115
1992/1/12 0:00,0.6764,1.418,0.795988,0.6813610000000001,0.172414,0.0080174,0.607091,0.513
1992/1/13 0:00,0.6774,1.4175,0.796559,0.6813609999999999,0.172414,0.0080174,0.606061,0.512
1992/1/14 0:00,0.6871,1.4475,0.795925,0.6892646,0.172414,0.0080462,0.60698,0.5158
1992/1/15 0:00,0.6864,1.4439,0.792581,0.6892646000000001,0.172414,0.0080462,0.608643,0.5157
1992/1/16 0:00,0.6878,1.446,0.793651,0.6892646,0.172429,0.0080462,0.609199,0.516
1992/1/17 0:00,0.69,1.4525,0.795545,0.6892646,0.173328,0.0080462,0.608088,0.5168
1992/1/18 0:00,0.6961,1.4375,0.792456,0.7015652,0.173774,0.008149199999999999,0.609385,0.5252
1992/1/19 0:00,0.694,1.43,0.797766,0.6981149999999999,0.173774,0.0081466,0.608939,0.5225
1992/1/20 0:00,0.6955,1.4215,0.800128,0.6981149999999999,0.173774,0.008467,0.607533,0.5233
1992/1/21 0:00,0.7052,1.4363,0.800128,0.7015652,0.173774,0.008421,0.607903,0.5269
1992/1/22 0:00,0.707,1.4475,0.801282,0.7015652,0.173774,0.008491,0.608272,0.528
1992/1/23 0:00,0.7053,1.449,0.801989,0.6981149999999999,0.174086,0.008529,0.608643,0.5268
1992/1/24 0:00,0.7125,1.4535,0.804635,0.6852959999999999,0.174086,0.008562,0.608458,0.53
1992/1/25 0:00,0.7077,1.447,0.801603,0.7015652,0.174086,0.0085,0.607533,0.5275
1992/1/26 0:00,0.7062,1.4455,0.804182,0.6981149999999999,0.174086,0.008575,0.607165,0.5265
1992/1/27 0:00,0.701,1.4345,0.802439,0.6981150000000002,0.174086,0.008518,0.60698,0.528
1992/1/28 0:00,0.7044,1.432,0.802697,0.6981149999999999,0.174086,0.008466,0.606428,0.5271
1992/1/29 0:00,0.7067,1.4349,0.803471,0.6981149999999999,0.174086,0.008506,0.606796,0.5271
1992/1/30 0:00,0.7108,1.433,0.804182,0.6993768,0.174086,0.008489,0.607349,0.5278
1992/1/31 0:00,0.7031,1.434,0.802246,0.6981149999999999,0.173539,0.008442,0.607607,0.5266
1992/2/1 0:00,0.7051,1.4445,0.79968,0.7015652,0.173539,0.008554,0.607533,0.5275
1992/2/2 0:00,0.7096,1.451,0.79885,0.6917563999999999,0.173539,0.008529,0.607829,0.5335
1992/2/3 0:00,0.7137,1.4755,0.801796,0.6673899999999999,0.173539,0.008556,0.607718,0.5347
1992/2/4 0:00,0.7157,1.4892,0.80289,0.6707666000000001,0.174089,0.008624,0.609013,0.5336
1992/2/5 0:00,0.7147,1.4876,0.803019,0.6707666000000001,0.174089,0.008645,0.609088,0.5365
1992/2/6 0:00,0.7035,1.4832,0.801089,0.6784352,0.174089,0.008643,0.608828,0.5292
1992/2/7 0:00,0.7052,1.482,0.803471,0.6701476000000001,0.17442,0.008556,0.608347,0.5321
1992/2/8 0:00,0.7089,1.4743,0.803859,0.6781284,0.17442,0.008525,0.607903,0.5323
1992/2/9 0:00,0.709,1.4905,0.803277,0.6704006,0.17442,0.008591,0.607718,0.534
1992/2/10 0:00,0.7078,1.4904,0.802053,0.6704006,0.17442,0.008564,0.609199,0.5341
1992/2/11 0:00,0.7108,1.495,0.799105,0.671806,0.17442,0.008575,0.609199,0.5345
1992/2/12 0:00,0.7044,1.509,0.795355,0.682585,0.17442,0.008703,0.610054,0.5316
1992/2/13 0:00,0.697,1.526,0.794597,0.700562,0.17442,0.008764,0.611808,0.5276
1992/2/14 0:00,0.697,1.513,0.793336,0.6978592,0.17442,0.008757,0.613121,0.5288
1992/2/15 0:00,0.7092,1.5253,0.794913,0.6887186,0.17442,0.008814,0.615006,0.538
1992/2/16 0:00,0.69716,1.5282,0.79384,0.6869712,0.17442,0.008834,0.615006,0.538
1992/2/17 0:00,0.69306,1.5478,0.79321,0.685207,0.17442,0.008869,0.615574,0.54
1992/2/18 0:00,0.6924,1.5585,0.792833,0.6964868,0.174938,0.008818,0.616257,0.5415
1992/2/19 0:00,0.6924,1.552,0.791515,0.6920858,0.174938,0.00878,0.614439,0.5423
1992/2/20 0:00,0.69642,1.543,0.793021,0.6888056,0.174938,0.008818,0.614364,0.5407
1992/2/21 0:00,0.69716,1.5255,0.794281,0.6887186,0.174932,0.008879,0.614893,0.5382
1992/2/22 0:00,0.69832,1.5379,0.796052,0.6843520000000001,0.175205,0.009007,0.616713,0.5413
1992/2/23 0:00,0.69672,1.5424,0.795735,0.6843520000000002,0.175205,0.009025,0.616523,0.5402
1992/2/24 0:00,0.6957,1.5755,0.792707,0.6815321999999999,0.175205,0.00904,0.617932,0.5433
1992/2/25 0:00,0.7017599999999999,1.59,0.794597,0.6748187999999999,0.175205,0.009054,0.618812,0.5463
1992/2/26 0:00,0.6957,1.5703,0.785731,0.6964868,0.174743,0.009066,0.619579,0.5398
1992/2/27 0:00,0.6971200000000001,1.535,0.788333,0.6867308,0.174743,0.008949,0.619963,0.5438
1992/2/28 0:00,0.6964600000000001,1.542,0.784375,0.6937713999999999,0.174426,0.009005,0.619195,0.5415
1992/2/29 0:00,0.69536,1.534,0.784498,0.684463,0.174426,0.008969,0.61931,0.5425
1992/3/1 0:00,0.69932,1.5255,0.785731,0.68573,0.174116,0.008953,0.619118,0.5438
1992/3/2 0:00,0.6953600000000001,1.5385,0.784745,0.68918,0.174116,0.009021,0.61862,0.543
1992/3/3 0:00,0.69606,1.5322,0.783883,0.680735,0.174116,0.008977,0.619387,0.5432
1992/3/4 0:00,0.6932600000000001,1.5314,0.785546,0.67627,0.174116,0.008961,0.618506,0.537
1992/3/5 0:00,0.6916599999999999,1.5408,0.788955,0.678196,0.174116,0.009048,0.619195,0.5392
1992/3/6 0:00,0.68858,1.5563,0.788457,0.68306,0.174116,0.00905,0.619502,0.5411
1992/3/7 0:00,0.69274,1.5415,0.789578,0.678887,0.174116,0.009056,0.61862,0.5442
1992/3/8 0:00,0.6971399999999999,1.535,0.792267,0.679486,0.174116,0.009062,0.618927,0.5438
1992/3/9 0:00,0.6848000000000001,1.542,0.793273,0.685401,0.174116,0.009132,0.6170294000000001,0.5473
1992/3/10 0:00,0.6848000000000001,1.546,0.790826,0.683761,0.174116,0.009204,0.615904,0.5469
1992/3/11 0:00,0.69168,1.5605,0.786968,0.70497,0.174116,0.009331,0.6167562,0.542
1992/3/12 0:00,0.69642,1.541,0.786535,0.701754,0.174116,0.009287,0.6171238000000001,0.5422
1992/3/13 0:00,0.6964600000000001,1.5393,0.78456,0.699937,0.174116,0.009311,0.6177710000000001,0.5426
1992/3/14 0:00,0.69932,1.517,0.782779,0.685401,0.174694,0.009281,0.616305,0.5376
1992/3/15 0:00,0.69606,1.5225,0.782167,0.687049,0.174694,0.009314,0.6175428000000001,0.5363
1992/3/16 0:00,0.69598,1.5175,0.779423,0.686106,0.174694,0.009407,0.6161266000000001,0.5339
1992/3/17 0:00,0.6592262000000001,1.515,0.6622016,0.678334,0.174694,0.008324000000000002,0.613563,0.5356
1992/3/18 0:00,0.6500342,1.519,0.665712,0.681106,0.174694,0.008413600000000002,0.6156924,0.5371
1992/3/19 0:00,0.6510954,1.5245,0.6700042,0.689655,0.174694,0.008586,0.6114246,0.542
1992/3/20 0:00,0.6510954,1.527,0.6700041999999999,0.689655,0.174694,0.008586,0.6114246,0.5422
1992/3/21 0:00,0.6389053999999998,1.522,0.6683972,0.683387,0.173825,0.008616599999999999,0.6122257999999999,0.5438
1992/3/22 0:00,0.640423,1.5035,0.6736244000000001,0.672948,0.173473,0.008532000000000001,0.6145784,0.5445
1992/3/23 0:00,0.6364468,1.5145,0.6700041999999999,0.676361,0.173473,0.0084714,0.6119956,0.5423
1992/3/24 0:00,0.6514154,1.496,0.6691676000000001,0.666445,0.173473,0.0083836,0.6137897999999999,0.5412
1992/3/25 0:00,0.6510032,1.4717,0.667848,0.66335,0.173142,0.008445,0.6192852,0.5383
1992/3/26 0:00,0.6481437999999999,1.4675,0.6621750000000001,0.658762,0.173142,0.0083708,0.6192852,0.5366
1992/3/27 0:00,0.6788765999999999,1.4778,0.6657119999999999,0.661026,0.173142,0.008413599999999999,0.6161052,0.5372
1992/3/28 0:00,0.6788366000000001,1.493,0.6657119999999999,0.66454,0.173142,0.008413599999999999,0.6088433999999999,0.5373
1992/3/29 0:00,0.6491432,1.503,0.6657120000000001,0.666223,0.173142,0.0084136,0.6153378,0.5378
1992/3/30 0:00,0.694668,1.493,0.6621750000000001,0.662032,0.173142,0.0083708,0.6088433999999999,0.5366
1992/3/31 0:00,0.6387539999999999,1.5065,0.6691676000000001,0.66379,0.173142,0.0083836,0.6139064,0.5412
1992/4/1 0:00,0.6387539999999999,1.5075,0.6700041999999999,0.662691,0.173142,0.008471399999999999,0.6164956,0.5428
1992/4/2 0:00,0.644832,1.5097,0.6683972,0.661813,0.173142,0.008532000000000001,0.613077,0.5443
1992/4/3 0:00,0.6491568,1.4935,0.6703576,0.659196,0.173142,0.008700000000000001,0.6119859999999999,0.5465
1992/4/4 0:00,0.6537356000000001,1.4948,0.6745966,0.660284,0.173142,0.008784400000000001,0.6205603999999999,0.551
1992/4/5 0:00,0.6564494000000001,1.4779,0.6891734,0.652955,0.173142,0.0087844,0.6110962,0.55
1992/4/6 0:00,0.6552756,1.478,0.6772386,0.654022,0.173142,0.0087844,0.6121304000000001,0.5495
1992/4/7 0:00,0.6498216,1.4929,0.6751402000000001,0.658545,0.173142,0.008805799999999999,0.6112181999999999,0.5483
1992/4/8 0:00,0.6538356000000001,1.5012,0.6742772,0.661594,0.173142,0.008784400000000001,0.6205603999999999,0.5503
1992/4/9 0:00,0.6504318,1.4883,0.6705178,0.659196,0.173142,0.008770199999999999,0.6205604000000001,0.5492
1992/4/10 0:00,0.6504318,1.4795,0.6705178,0.660066,0.173142,0.0087702,0.6198096000000001,0.5492
1992/4/11 0:00,0.6491568,1.4985,0.6706810000000001,0.667334,0.173142,0.0088058,0.6131162,0.547
1992/4/12 0:00,0.6491568,1.501,0.6706809999999999,0.664231,0.173142,0.0088058,0.6131558,0.547
1992/4/13 0:00,0.6504318,1.5155,0.6705178,0.666311,0.173142,0.008784400000000001,0.6196526,0.5495
1992/4/14 0:00,0.650232,1.5085,0.6689308,0.66569,0.173142,0.0087844,0.620087,0.5505
1992/4/15 0:00,0.6537356000000001,1.4964,0.6689307999999999,0.658545,0.173142,0.008784400000000001,0.6195568,0.551
1992/4/16 0:00,0.65752,1.5015,0.6778042,0.657462,0.173142,0.0087912,0.6195567999999999,0.5525
1992/4/17 0:00,0.65752,1.489,0.6778042,0.657462,0.173142,0.00882,0.6195568,0.5524
1992/4/18 0:00,0.6537356000000001,1.4945,0.6827452,0.660502,0.173142,0.008784400000000001,0.6205603999999999,0.5512
1992/4/19 0:00,0.6558956,1.4861,0.6759755999999999,0.656168,0.173142,0.008784400000000001,0.6128538,0.5515
1992/4/20 0:00,0.6578200000000001,1.485,0.683477,0.656599,0.173142,0.0087912,0.6213772000000001,0.554
1992/4/21 0:00,0.6487,1.4897,0.675949,0.665557,0.173142,0.00882,0.6207206,0.5521
1992/4/22 0:00,0.6487,1.5045,0.6759489999999999,0.666089,0.173142,0.00882,0.6206813999999999,0.5521
1992/4/23 0:00,0.6533232000000001,1.52372,0.6703872000000001,0.66379,0.173142,0.008784400000000001,0.6200459999999999,0.5515
1992/4/24 0:00,0.6542937999999999,1.5168,0.6881206,0.66177,0.173142,0.0088714,0.6275176,0.5535
1992/4/25 0:00,0.6511658,1.4965,0.7041959999999999,0.666223,0.173142,0.008784400000000001,0.6195564,0.55
1992/4/26 0:00,0.6570696,1.5370474,0.7065531999999999,0.665115,0.173142,0.009166,0.6284262,0.5572
1992/4/27 0:00,0.6504318,1.49012,0.6736952,0.658892,0.173142,0.0088338,0.6179058,0.5489
1992/4/28 0:00,0.6537369999999999,1.50992,0.6856636,0.654365,0.172524,0.0087702,0.6121304,0.5493
1992/4/29 0:00,0.6567832,1.50914,0.6791887999999999,0.655093,0.172524,0.008784400000000001,0.611592,0.551
1992/4/30 0:00,0.6575138,1.5138599999999998,0.6792386,0.655093,0.172524,0.008784400000000001,0.611592,0.5515
1992/5/1 0:00,0.6483338,1.48758,0.7125986,0.66778,0.172524,0.0090986,0.6292088,0.553
1992/5/2 0:00,0.6541824,1.48244,0.7131551999999999,0.66379,0.172524,0.009091400000000001,0.6277533999999999,0.554
1992/5/3 0:00,0.6496824,1.5069668,0.7003232,0.671366,0.172524,0.009071800000000001,0.6285534,0.555
1992/5/4 0:00,0.6558224,1.5069668,0.7120292,0.673401,0.172524,0.009072199999999999,0.631699,0.555
1992/5/5 0:00,0.6555962,1.48046,0.7052248,0.677048,0.172524,0.0089666,0.634688,0.5535
1992/5/6 0:00,0.6490708,1.51214,0.6751530000000001,0.673174,0.172524,0.008784400000000001,0.6202472,0.5505
1992/5/7 0:00,0.6555962,1.5078,0.7052246,0.675904,0.172524,0.0089652,0.6321686,0.5528
1992/5/8 0:00,0.6654382,1.5350074,0.7162446,0.673174,0.172524,0.009131,0.631699,0.5565
1992/5/9 0:00,0.6655719999999999,1.5149067999999999,0.7088858000000001,0.680967,0.172524,0.009073800000000002,0.6299384,0.555
1992/5/10 0:00,0.6511658,1.5178999999999998,0.6722157999999999,0.67981,0.172524,0.00882,0.6194226,0.552
1992/5/11 0:00,0.6511658,1.5171,0.6703872,0.678518,0.172227,0.008784400000000001,0.6213788,0.551
1992/5/12 0:00,0.6490094,1.5078,0.6771801999999999,0.675447,0.172227,0.0089476,0.6233698,0.552
1992/5/13 0:00,0.6655719999999999,1.5398668,0.687426,0.685401,0.172227,0.008888,0.6278374,0.5535
1992/5/14 0:00,0.6491796,1.6548000000000003,0.6737512,0.688848,0.172375,0.0088986,0.6049711999999999,0.5478
1992/5/15 0:00,0.7129892000000001,1.7494,0.7392830000000001,0.69979,0.172375,0.0080988,0.6058592,0.5425
1992/5/16 0:00,0.6498216,1.5855400000000002,0.6751402,0.705766,0.172375,0.0086144,0.6238116,0.5483
1992/5/17 0:00,0.6525532,1.53286,0.6875104000000001,0.702741,0.172375,0.0087912,0.6351984,0.5525
1992/5/18 0:00,0.6525532,1.5471799999999998,0.722792,0.713929,0.172375,0.00882,0.6255922,0.5522
1992/5/19 0:00,0.6511658,1.5471799999999998,0.6703872,0.717103,0.172375,0.008784400000000001,0.6255922,0.551
1992/5/20 0:00,0.6511658,1.54382,0.68865,0.710227,0.172375,0.008784400000000001,0.6281722000000001,0.5512
1992/5/21 0:00,0.6525532,1.5471800000000002,0.7046870000000001,0.715564,0.172375,0.0087912,0.6255922,0.5528
1992/5/22 0:00,0.6525532,1.5648268,0.6722158,0.719166,0.172375,0.0087912,0.6255922,0.5527
1992/5/23 0:00,0.67854,1.5242,0.76063,0.713419,0.172375,0.0091138,0.6380982000000001,0.5515
1992/5/24 0:00,0.6785400000000001,1.5242,0.761035,0.713776,0.172375,0.0091138,0.6380982000000001,0.5515
1992/5/25 0:00,0.68438,1.5317,0.75643,0.712504,0.172375,0.0091146,0.6389566,0.5525
1992/5/26 0:00,0.6785400000000001,1.503,0.755744,0.699301,0.172375,0.009244800000000001,0.6354514000000001,0.5537
1992/5/27 0:00,0.6785400000000001,1.5198,0.75815,0.704722,0.172375,0.0092608,0.638386,0.5541
1992/5/28 0:00,0.67854,1.5055,0.756144,0.69735,0.172375,0.0092824,0.6354514,0.5536
1992/5/29 0:00,0.6785400000000001,1.5013,0.757863,0.695169,0.172375,0.0092448,0.6323466000000001,0.5547
1992/5/30 0:00,0.6785400000000001,1.5123,0.755116,0.701262,0.172375,0.0092824,0.6349549999999999,0.5545
1992/5/31 0:00,0.6785400000000001,1.5152,0.755458,0.707714,0.172375,0.009254799999999999,0.6361976,0.552
1992/6/1 0:00,0.67854,1.512,0.752502,0.707714,0.172375,0.009309999999999999,0.6349549999999999,0.55
1992/6/2 0:00,0.67854,1.496,0.748503,0.698812,0.172375,0.0092448,0.6331376000000001,0.5504
1992/6/3 0:00,0.67854,1.5048,0.746826,0.701902,0.172375,0.0092448,0.632031,0.5505
1992/6/4 0:00,0.67854,1.514,0.746826,0.704871,0.172375,0.0092824,0.631712,0.5503
1992/6/5 0:00,0.6785400000000001,1.5165,0.747049,0.703482,0.172375,0.0092824,0.636335,0.548
1992/6/6 0:00,0.6785400000000001,1.5257,0.748783,0.703235,0.172375,0.009326399999999999,0.641437,0.5476
1992/6/7 0:00,0.6785400000000001,1.522,0.750188,0.701262,0.172375,0.00931,0.637552,0.5495
1992/6/8 0:00,0.6775399999999999,1.5352,0.75092,0.711491,0.172375,0.009114599999999999,0.637959,0.5515
1992/6/9 0:00,0.67854,1.532,0.751202,0.714541,0.172375,0.0091146,0.639591,0.5521
1992/6/10 0:00,0.6785400000000001,1.5223,0.752276,0.711339,0.172375,0.0093276,0.638244,0.5518
1992/6/11 0:00,0.6785400000000001,1.5127,0.75375,0.702889,0.172375,0.0092824,0.63743,0.5516
1992/6/12 0:00,0.6785400000000001,1.512,0.75092,0.700771,0.172375,0.0092824,0.637267,0.55
1992/6/13 0:00,0.67854,1.498,0.753296,0.697107,0.172375,0.0092448,0.636213,0.5515
1992/6/14 0:00,0.6781,1.4924,0.754546,0.692041,0.172375,0.009244800000000001,0.634316,0.555
1992/6/15 0:00,0.6781400000000002,1.4893,0.75643,0.687191,0.172375,0.009319,0.633312,0.5557
1992/6/16 0:00,0.6773800000000001,1.4863,0.759301,0.680967,0.172375,0.009229,0.634115,0.556
1992/6/17 0:00,0.67824,1.4725,0.766284,0.677599,0.172375,0.009246,0.634518,0.5568
1992/6/18 0:00,0.6772400000000001,1.4863,0.76365,0.679348,0.172375,0.009228,0.63674,0.556
1992/6/19 0:00,0.67724,1.477,0.757174,0.674309,0.172375,0.009247,0.637349,0.5556
1992/6/20 0:00,0.6772,1.4783,0.758495,0.674764,0.172375,0.009219,0.634316,0.5545
1992/6/21 0:00,0.6771999999999999,1.48,0.756029,0.670241,0.172375,0.009217,0.629723,0.554
1992/6/22 0:00,0.6772,1.4882,0.75643,0.674309,0.172375,0.009229,0.630517,0.554
1992/6/23 0:00,0.6771999999999999,1.4807,0.759878,0.666001,0.172375,0.009235,0.627746,0.5545
1992/6/24 0:00,0.6772,1.4825,0.765814,0.666001,0.172375,0.009296,0.629129,0.5547
1992/6/25 0:00,0.6771999999999999,1.4805,0.763825,0.665779,0.172375,0.00932,0.629921,0.5545
1992/6/26 0:00,0.6771999999999999,1.4788,0.766401,0.665115,0.172375,0.009236,0.628141,0.5545
1992/6/27 0:00,0.6771999999999999,1.4865,0.773096,0.670017,0.172375,0.009263,0.627274,0.5572
1992/6/28 0:00,0.6771999999999999,1.4808,0.771426,0.67331,0.172375,0.009266600000000002,0.627746,0.5531
1992/6/29 0:00,0.6771999999999999,1.4682,0.764935,0.668449,0.172375,0.0092666,0.627471,0.5455
1992/6/30 0:00,0.6771999999999999,1.4753,0.764176,0.669344,0.172375,0.0092608,0.627943,0.5393
1992/7/1 0:00,0.6771999999999999,1.4818,0.761325,0.667646,0.172375,0.0092608,0.628141,0.5385
1992/7/2 0:00,0.6772000000000001,1.4907,0.757174,0.670466,0.172375,0.0092594,0.627235,0.5382
1992/7/3 0:00,0.6772,1.483,0.75815,0.666445,0.172375,0.009259400000000001,0.628417,0.5387
1992/7/4 0:00,0.6771999999999999,1.4765,0.759705,0.66778,0.172375,0.0092608,0.627156,0.55
1992/7/5 0:00,0.6772,1.4775,0.756029,0.665336,0.171836,0.0092608,0.626763,0.55
1992/7/6 0:00,0.6771999999999999,1.4712,0.753125,0.66357,0.171836,0.009245399999999999,0.625391,0.548
1992/7/7 0:00,0.6772,1.4745,0.75188,0.669568,0.171836,0.0092476,0.625978,0.5472
1992/7/8 0:00,0.6772,1.487,0.75358,0.671501,0.171836,0.009243999999999999,0.625195,0.5475
1992/7/9 0:00,0.6772,1.488,0.752276,0.669927,0.171836,0.009243999999999999,0.625978,0.5486
1992/7/10 0:00,0.6771999999999999,1.4795,0.752559,0.667557,0.171836,0.009243999999999999,0.624493,0.5468
1992/7/11 0:00,0.6772,1.488,0.74912,0.670691,0.171836,0.009243999999999999,0.62422,0.545
1992/7/12 0:00,0.6771999999999999,1.4852,0.747831,0.666578,0.171836,0.009243999999999999,0.624805,0.5455
1992/7/13 0:00,0.6771999999999999,1.4805,0.750019,0.668226,0.171836,0.009243999999999999,0.625586,0.5463
1992/7/14 0:00,0.6772,1.4823,0.751371,0.667646,0.171836,0.009243999999999999,0.625117,0.5477
1992/7/15 0:00,0.6504318,1.49,0.6736952,0.671276,0.171836,0.0087366,0.624025,0.5495
1992/7/16 0:00,0.6504318,1.4985,0.6724732,0.681896,0.171836,0.0087366,0.625117,0.5502
1992/7/17 0:00,0.6504318,1.4915,0.6715962,0.682035,0.171836,0.0087916,0.6259,0.5505
1992/7/18 0:00,0.6656400000000001,1.495,0.6706608,0.681896,0.171836,0.0087912,0.625978,0.5555
1992/7/19 0:00,0.6655,1.4945,0.6706608,0.681431,0.171836,0.0087912,0.625782,0.555
1992/7/20 0:00,0.6781400000000002,1.4945,0.6879436,0.686483,0.171836,0.008891,0.625861,0.5557
1992/7/21 0:00,0.6724694,1.4903,0.6706608,0.682594,0.171836,0.0087912,0.626959,0.554
1992/7/22 0:00,0.67188,1.4882,0.7054853999999999,0.682268,0.171836,0.008993000000000001,0.627077,0.5561
1992/7/23 0:00,0.67188,1.4831,0.7142259999999999,0.681896,0.171689,0.009054,0.627156,0.559
1992/7/24 0:00,0.67188,1.4885,0.7412032,0.684932,0.171689,0.0091512,0.627668,0.561
1992/7/25 0:00,0.679,1.491,0.7412032,0.687285,0.171689,0.009054,0.627865,0.5613
1992/7/26 0:00,0.6785,1.4855,0.74158,0.683527,0.171689,0.0091512,0.6287762,0.561
1992/7/27 0:00,0.6792,1.4887,0.7412032,0.688942,0.171689,0.009054,0.6298044,0.5613
1992/7/28 0:00,0.68,1.4945,0.7388448000000001,0.695555,0.171689,0.008993000000000001,0.6315134,0.561
1992/7/29 0:00,0.6771,1.5043,0.7222684,0.69735,0.171697,0.0087744,0.6354514000000001,0.5593
1992/7/30 0:00,0.6783,1.503,0.7222684,0.694927,0.171689,0.0087744,0.6312572000000001,0.558
1992/7/31 0:00,0.6785,1.5035,0.7222684,0.692041,0.171689,0.0087744,0.6312572000000001,0.5585
1992/8/1 0:00,0.6788,1.5072,0.7222684,0.695169,0.171689,0.0087744,0.6349306,0.5595
1992/8/2 0:00,0.674,1.491,0.7223736000000001,0.686342,0.171984,0.009054000000000001,0.6283565999999999,0.5583
1992/8/3 0:00,0.6762,1.4763,0.7247088,0.673854,0.171984,0.0090412,0.6327304,0.5575
1992/8/4 0:00,0.6783,1.4775,0.7430426,0.672043,0.171984,0.009136,0.6327304,0.559
1992/8/5 0:00,0.684,1.476,0.692199,0.670691,0.114657,0.008531,0.575056,0.562
1992/8/6 0:00,0.6845,1.484,0.7073522,0.672269,0.114657,0.008728799999999998,0.575056,0.562
1992/8/7 0:00,0.686,1.487,0.7003876,0.675356,0.114657,0.008712999999999999,0.575056,0.5613
1992/8/8 0:00,0.684,1.4855,0.6705578,0.675356,0.114657,0.0088252,0.5718409999999999,0.5557
1992/8/9 0:00,0.6865,1.49,0.6705578,0.680272,0.114788,0.0088616,0.572859,0.5568
1992/8/10 0:00,0.6865,1.4923,0.6705578,0.678887,0.114657,0.008864,0.572859,0.5584
1992/8/11 0:00,0.6905,1.4905,0.6705578,0.676819,0.114657,0.008901,0.574062,0.5595
1992/8/12 0:00,0.6902,1.5018,0.6705578,0.682128,0.114657,0.008897,0.572859,0.5587
1992/8/13 0:00,0.6908,1.4957,0.6705578,0.676819,0.114657,0.008935,0.572859,0.5573
1992/8/14 0:00,0.69,1.4913,0.6705578,0.675219,0.114657,0.00899,0.572859,0.558
1992/8/15 0:00,0.696,1.4965,0.700446,0.682967,0.114657,0.009029,0.575519,0.563
1992/8/16 0:00,0.701,1.491,0.7313174000000001,0.684463,0.114657,0.009021,0.575519,0.565
1992/8/17 0:00,0.7034,1.5,0.7279625999999999,0.687758,0.114657,0.008961,0.575519,0.5648
1992/8/18 0:00,0.7025,1.4948,0.7320624,0.682827,0.114604,0.008989,0.575519,0.5657
1992/8/19 0:00,0.703,1.4905,0.7313174,0.682594,0.114657,0.008945,0.575519,0.5658
1992/8/20 0:00,0.708,1.493,0.7346242000000001,0.67981,0.114524,0.008997,0.575519,0.567
1992/8/21 0:00,0.7085,1.494,0.7320624,0.680041,0.114657,0.009068,0.575519,0.5685
1992/8/22 0:00,0.709,1.493,0.7346242000000001,0.67944,0.114657,0.009122,0.575519,0.5683
1992/8/23 0:00,0.7086,1.4995,0.7279626,0.683761,0.114657,0.009137,0.575519,0.5675
1992/8/24 0:00,0.7085,1.5005,0.7279625999999999,0.683667,0.114657,0.009198,0.575519,0.5673
1992/8/25 0:00,0.7165,1.503,0.7414366,0.689655,0.114664,0.009255,0.6159756,0.5725
1992/8/26 0:00,0.715,1.4953,0.753182,0.688468,0.114642,0.009257,0.6031954,0.5723
1992/8/27 0:00,0.6902800000000001,1.493,0.753125,0.689417,0.114611,0.009244,0.587512,0.5715
1992/8/28 0:00,0.65534,1.479,0.749457,0.686436,0.114642,0.009176,0.5691949999999999,0.571
1992/8/29 0:00,0.64266,1.4825,0.745268,0.679948,0.114649,0.009211,0.5640812000000001,0.572
1992/8/30 0:00,0.6561199999999999,1.4718,0.74499,0.675676,0.114558,0.009203,0.5667842000000001,0.5755
1992/8/31 0:00,0.6561199999999999,1.4615,0.74366,0.677507,0.114558,0.009269,0.5667842000000001,0.5755
1992/9/1 0:00,0.6510199999999999,1.4622,0.745379,0.67659,0.114558,0.009221,0.5667842000000001,0.575
1992/9/2 0:00,0.6449999999999999,1.4648,0.744602,0.677277,0.114558,0.009288,0.5667842000000001,0.5728
1992/9/3 0:00,0.64266,1.4708,0.738771,0.680041,0.114558,0.009608,0.5640812000000001,0.5725
1992/9/4 0:00,0.6786399999999999,1.475,0.738225,0.687994,0.114549,0.00962,0.5701456,0.572
1992/9/5 0:00,0.66794,1.4755,0.740302,0.687521,0.114624,0.009634,0.5652836,0.574
1992/9/6 0:00,0.66772,1.477,0.745935,0.686577,0.11457,0.009597,0.5635306,0.575
1992/9/7 0:00,0.6662800000000001,1.4791,0.746993,0.68918,0.114629,0.009602,0.5701455999999999,0.5735
1992/9/8 0:00,0.6685800000000001,1.4784,0.744879,0.689988,0.114663,0.009499,0.5795496,0.578
1992/9/9 0:00,0.6685800000000002,1.4755,0.746269,0.687758,0.114701,0.009452,0.5795496,0.5785
1992/9/10 0:00,0.679,1.4847,0.742115,0.694782,0.114626,0.00951,0.6047564000000001,0.5785
1992/9/11 0:00,0.6984,1.4875,0.739864,0.700035,0.114726,0.009557,0.62795,0.5777
1992/9/12 0:00,0.72094,1.4875,0.739536,0.701754,0.114597,0.009595,0.6301522,0.575
1992/9/13 0:00,0.679,1.4854,0.74085,0.694444,0.114629,0.009542,0.6060498000000001,0.5765
1992/9/14 0:00,0.71916,1.4944,0.73888,0.700525,0.11459,0.009643,0.6031954,0.5701
1992/9/15 0:00,0.71516,1.4964,0.737409,0.69808,0.114576,0.00964,0.6030712,0.5697
1992/9/16 0:00,0.6873000000000001,1.4895,0.736648,0.694203,0.114574,0.00947,0.6005572,0.5735
1992/9/17 0:00,0.6871000000000002,1.492,0.736974,0.695169,0.114569,0.009458,0.62795,0.577
1992/9/18 0:00,0.6873000000000001,1.4877,0.736757,0.694686,0.11459,0.009497,0.619258,0.576
1992/9/19 0:00,0.6871000000000002,1.4915,0.739536,0.696621,0.114605,0.009445,0.6144688,0.5743
1992/9/20 0:00,0.7176400000000001,1.5008,0.73654,0.703977,0.114651,0.009461,0.6162485999999999,0.572
1992/9/21 0:00,0.71696,1.501,0.734376,0.705965,0.114605,0.009519,0.6436178,0.5725
1992/9/22 0:00,0.6983999999999999,1.4943,0.735294,0.695894,0.114649,0.009434,0.6278258,0.5755
1992/9/23 0:00,0.69748,1.4925,0.733138,0.695169,0.114657,0.009437,0.627735,0.576
1992/9/24 0:00,0.71982,1.4927,0.734053,0.697593,0.114646,0.009447,0.627735,0.575
1992/9/25 0:00,0.71824,1.4947,0.732279,0.697593,0.114654,0.00945,0.6432942,0.5735
1992/9/26 0:00,0.7190199999999999,1.4925,0.730194,0.697107,0.114668,0.00943,0.6431286,0.5728
1992/9/27 0:00,0.7206400000000001,1.4838,0.73303,0.695894,0.114667,0.009412,0.6029224,0.5693
1992/9/28 0:00,0.7173,1.4865,0.731797,0.699545,0.114685,0.009434,0.6029224,0.569
1992/9/29 0:00,0.71824,1.4937,0.733138,0.700035,0.114666,0.009398,0.6029224,0.5702
1992/9/30 0:00,0.71582,1.4948,0.728544,0.704722,0.114583,0.009477,0.6027734,0.5665
1992/10/1 0:00,0.7142999999999999,1.4975,0.727114,0.705965,0.114639,0.009537,0.602889,0.5663
1992/10/2 0:00,0.71532,1.4965,0.727379,0.703334,0.114634,0.009604,0.6159342,0.5688
1992/10/3 0:00,0.7173,1.485,0.725953,0.701508,0.114624,0.009667,0.589312,0.5663
1992/10/4 0:00,0.71784,1.4823,0.724953,0.705965,0.114654,0.009702,0.574062,0.5593
1992/10/5 0:00,0.7161000000000001,1.488,0.722648,0.709371,0.11455,0.009766,0.5750560000000001,0.5613
1992/10/6 0:00,0.7160399999999999,1.4621,0.722491,0.693193,0.11455,0.009629,0.575519,0.5637
1992/10/7 0:00,0.7045,1.4686,0.722543,0.690179,0.11455,0.009574,0.575519,0.566
1992/10/8 0:00,0.7125,1.4684,0.721241,0.689085,0.11455,0.009537,0.575519,0.5682
1992/10/9 0:00,0.724,1.4763,0.723746,0.692761,0.11455,0.009522,0.6029389999999999,0.5713
1992/10/10 0:00,0.7227,1.4715,0.720461,0.693626,0.11455,0.009667,0.575519,0.5703
1992/10/11 0:00,0.7235,1.4745,0.7249,0.68975,0.11455,0.009651,0.575519,0.569
1992/10/12 0:00,0.7215,1.477,0.726586,0.693626,0.11455,0.009655,0.575519,0.5657
1992/10/13 0:00,0.723,1.4765,0.724795,0.691898,0.11455,0.009602,0.575519,0.568
1992/10/14 0:00,0.723,1.4729,0.72197,0.688326,0.114419,0.009653,0.575519,0.5685
1992/10/15 0:00,0.7175,1.4725,0.720098,0.686106,0.114742,0.009671,0.575519,0.5665
1992/10/16 0:00,0.715,1.4775,0.721241,0.693241,0.114751,0.009687,0.575519,0.5653
1992/10/17 0:00,0.7162,1.4858,0.721605,0.694444,0.114762,0.009681,0.589312,0.5672
1992/10/18 0:00,0.7135,1.4948,0.724008,0.697204,0.114778,0.009648,0.6027734,0.5682
1992/10/19 0:00,0.7185,1.488,0.725426,0.695604,0.114778,0.009653,0.6297716,0.5725
1992/10/20 0:00,0.7168,1.4915,0.723851,0.697934,0.114405,0.009684,0.642343,0.573
1992/10/21 0:00,0.7203,1.5037,0.728173,0.697691,0.114818,0.009713,0.643087,0.5743
1992/10/22 0:00,0.716,1.5055,0.727114,0.702247,0.114578,0.00977,0.642921,0.574
1992/10/23 0:00,0.712,1.5075,0.724375,0.704473,0.114584,0.009826,0.643087,0.574
1992/10/24 0:00,0.7135,1.5118,0.723694,0.708717,0.114617,0.009799,0.643004,0.577
1992/10/25 0:00,0.7115,1.5187,0.723066,0.714286,0.114815,0.009824,0.643501,0.5767
1992/10/26 0:00,0.706,1.513,0.722543,0.714541,0.114964,0.009881,0.643542,0.5755
1992/10/27 0:00,0.7117,1.4995,0.721345,0.708968,0.115027,0.009804,0.642674,0.5765
1992/10/28 0:00,0.7148,1.498,0.722178,0.705916,0.115099,0.009737,0.641849,0.5776
1992/10/29 0:00,0.7155,1.4935,0.722752,0.706864,0.115122,0.009735,0.64288,0.5765
1992/10/30 0:00,0.719,1.4975,0.724795,0.707965,0.115137,0.009737,0.645286,0.579
1992/10/31 0:00,0.7242,1.4905,0.725479,0.699203,0.115154,0.009615,0.643708,0.5815
1992/11/1 0:00,0.7221,1.4911,0.7351811999999999,0.70028,0.115169,0.009577,0.643625,0.5805
1992/11/2 0:00,0.7175,1.4995,0.7250023999999999,0.700771,0.114784,0.009594,0.643708,0.5817
1992/11/3 0:00,0.7224,1.4985,0.7246754,0.701508,0.115194,0.009533,0.643418,0.5835
1992/11/4 0:00,0.726,1.5025,0.726641,0.701164,0.115199,0.009542,0.644953,0.5863
1992/11/5 0:00,0.7275,1.5065,0.7278454,0.706364,0.115198,0.009581,0.645036,0.5855
1992/11/6 0:00,0.728,1.5085,0.7278454,0.71048,0.115201,0.009657,0.648088,0.5855
1992/11/7 0:00,0.7288,1.508,0.7278454,0.70932,0.115202,0.009592,0.651254,0.5855
1992/11/8 0:00,0.7288,1.5098,0.7278454,0.711389,0.115205,0.009618,0.650407,0.5868
1992/11/9 0:00,0.734,1.5055,0.7278454,0.710732,0.115202,0.009585,0.650026,0.5885
1992/11/10 0:00,0.7352,1.5058,0.7278454,0.707214,0.115205,0.009533,0.650407,0.5877
1992/11/11 0:00,0.7345,1.5095,0.7278454,0.713419,0.115205,0.009569,0.651042,0.5882
1992/11/12 0:00,0.7323,1.5108,0.7278453999999999,0.712352,0.115207,0.009574,0.651763,0.5877
1992/11/13 0:00,0.7327,1.5095,0.7278454,0.713012,0.11521,0.009588,0.651254,0.5877
1992/11/14 0:00,0.7385,1.512,0.7278454000000001,0.712606,0.115213,0.009547,0.65189,0.5945
1992/11/15 0:00,0.7401,1.5172,0.7270865999999999,0.714031,0.115215,0.009551,0.652401,0.5942
1992/11/16 0:00,0.7377,1.5082,0.7278454,0.711744,0.115219,0.009526,0.651678,0.5933
1992/11/17 0:00,0.7378,1.5055,0.7278454,0.705716,0.1152088,0.009489,0.649562,0.5943
1992/11/18 0:00,0.7345,1.5083,0.727537,0.706714,0.1152088,0.009501,0.651678,0.593
1992/11/19 0:00,0.7335,1.508,0.729395,0.707914,0.1152086,0.009533,0.652614,0.591
1992/11/20 0:00,0.7338,1.5063,0.726956,0.707714,0.11520820000000001,0.009611,0.651975,0.5905
1992/11/21 0:00,0.7345,1.5067,0.727802,0.706464,0.1152048,0.009574,0.65083,0.5887
1992/11/22 0:00,0.734,1.5084,0.727537,0.711238,0.1152058,0.009643,0.651848,0.5886
1992/11/23 0:00,0.7355,1.5202,0.724008,0.720254,0.11521,0.009709,0.652827,0.5887
1992/11/24 0:00,0.7288,1.5192,0.721501,0.722804,0.11520839999999999,0.009756,0.652614,0.5864
1992/11/25 0:00,0.7312,1.5194,0.720357,0.728067,0.11520839999999999,0.00973,0.652443,0.587
1992/11/26 0:00,0.7305,1.52,0.717978,0.728863,0.11520839999999999,0.009682,0.652018,0.5876
1992/11/27 0:00,0.732,1.5307,0.718133,0.735727,0.11521,0.009732,0.652955,0.591
1992/11/28 0:00,0.738,1.5385,0.71736,0.740741,0.11521,0.009814,0.65445,0.595
1992/11/29 0:00,0.7438,1.5405,0.724375,0.743771,0.11520999999999999,0.009825,0.653894,0.5953
1992/11/30 0:00,0.739,1.5315,0.722022,0.739645,0.11521,0.009884,0.653595,0.5936
1992/12/1 0:00,0.7328,1.5415,0.721865,0.742115,0.11513100000000001,0.009891,0.654322,0.591
1992/12/2 0:00,0.7278,1.5519,0.719528,0.750751,0.11720900000000001,0.00995,0.654793,0.588
1992/12/3 0:00,0.721,1.5495,0.720721,0.757002,0.11720900000000001,0.009995,0.655867,0.5897
1992/12/4 0:00,0.722,1.5512,0.721293,0.753012,0.11720900000000001,0.009997,0.655609,0.5918
1992/12/5 0:00,0.7247,1.5462,0.722543,0.751033,0.11721379999999999,0.010119,0.656297,0.5928
1992/12/6 0:00,0.731,1.5483,0.723327,0.750469,0.11721379999999999,0.010151,0.655781,0.595
1992/12/7 0:00,0.7288,1.539,0.723484,0.748783,0.11682379999999999,0.010151,0.656599,0.5975
1992/12/8 0:00,0.726,1.5415,0.719891,0.752559,0.11674,0.010114,0.656944,0.5931
1992/12/9 0:00,0.7263,1.5505,0.722074,0.757002,0.11720900000000001,0.01018,0.658198,0.596
1992/12/10 0:00,0.7278,1.5421,0.720202,0.754717,0.1172294,0.010115,0.657678,0.5973
1992/12/11 0:00,0.729,1.5445,0.719269,0.75643,0.1172294,0.010194,0.657678,0.602
1992/12/12 0:00,0.7315,1.5645,0.718907,0.771605,0.11719199999999999,0.01027,0.661026,0.603
1992/12/13 0:00,0.7348,1.5725,0.7227,0.778513,0.11716,0.01033,0.661945,0.6055
1992/12/14 0:00,0.737,1.5675,0.723903,0.771903,0.11717879999999999,0.010215,0.661376,0.6051
1992/12/15 0:00,0.7343,1.5615,0.723589,0.764818,0.1171904,0.010163,0.660284,0.5972
1992/12/16 0:00,0.7332,1.5574,0.725163,0.761905,0.1171972,0.010194,0.661026,0.5983
1992/12/17 0:00,0.7308,1.5622,0.725689,0.76599,0.1171904,0.010151,0.662032,0.597
1992/12/18 0:00,0.7325,1.5513,0.724638,0.75643,0.11720900000000001,0.010081,0.66107,0.5993
1992/12/19 0:00,0.735,1.5493,0.723851,0.757576,0.11720900000000001,0.010147,0.66212,0.6007
1992/12/20 0:00,0.735,1.5395,0.725426,0.751033,0.11724640000000001,0.010147,0.662032,0.6038
1992/12/21 0:00,0.7395,1.531,0.725689,0.740741,0.1152118,0.010147,0.661813,0.605
1992/12/22 0:00,0.7432,1.532,0.725321,0.740741,0.11521180000000002,0.010106,0.662559,0.6045
1992/12/23 0:00,0.7433,1.5244,0.72427,0.74129,0.1152118,0.010201,0.661945,0.6045
1992/12/24 0:00,0.7388,1.5306,0.724795,0.748671,0.1160182,0.010185,0.662427,0.6012
1992/12/25 0:00,0.736,1.5317,0.724218,0.745712,0.11520999999999999,0.010083,0.662076,0.6
1992/12/26 0:00,0.7389,1.5415,0.722804,0.743771,0.1168356,0.009995,0.661901,0.6015
1992/12/27 0:00,0.7375,1.5368,0.720202,0.751033,0.1172464,0.010065,0.66335,0.6025
1992/12/28 0:00,0.7345,1.5378,0.719632,0.749625,0.1172464,0.009963,0.66335,0.6025
1992/12/29 0:00,0.7325,1.5395,0.720305,0.749064,0.1172464,0.009958,0.66357,0.6003
1992/12/30 0:00,0.7355,1.5387,0.721033,0.748783,0.1172464,0.00998,0.66335,0.6025
1992/12/31 0:00,0.7415,1.5425,0.720357,0.749344,0.1172464,0.009963,0.663966,0.604
1993/1/1 0:00,0.7403,1.5422,0.724638,0.751033,0.1172464,0.009869,0.664099,0.6043
1993/1/2 0:00,0.741,1.5385,0.727431,0.749569,0.11722940000000001,0.009881,0.664099,0.6002
1993/1/3 0:00,0.743,1.5393,0.727114,0.75358,0.1172294,0.009881,0.663614,0.5987
1993/1/4 0:00,0.7455,1.5395,0.725689,0.753012,0.1172294,0.009916,0.66379,0.6
1993/1/5 0:00,0.7415,1.545,0.723641,0.76365,0.11720900000000001,0.009973,0.663834,0.5992
1993/1/6 0:00,0.7405,1.5422,0.724533,0.767636,0.117408,0.00999,0.66357,0.6032
1993/1/7 0:00,0.7402,1.5427,0.724848,0.768521,0.11720900000000001,0.009969,0.66379,0.6002
1993/1/8 0:00,0.7415,1.54,0.726322,0.764526,0.11720900000000001,0.009969,0.664231,0.5978
1993/1/9 0:00,0.7398,1.545,0.725058,0.769823,0.1171972,0.010116,0.66454,0.6007
1993/1/10 0:00,0.7382,1.549,0.726903,0.773694,0.1171972,0.010145,0.665336,0.599
1993/1/11 0:00,0.7352,1.551,0.727008,0.775795,0.1171864,0.010203,0.666001,0.599
1993/1/12 0:00,0.7355,1.5535,0.725953,0.770416,0.1171972,0.010163,0.665646,0.6
1993/1/13 0:00,0.7405,1.5535,0.727484,0.768049,0.1171972,0.01014,0.666001,0.6025
1993/1/14 0:00,0.7442,1.5535,0.728332,0.765404,0.1171972,0.010029,0.666223,0.603
1993/1/15 0:00,0.7445,1.5355,0.729927,0.755458,0.1172346,0.00996,0.666223,0.6035
1993/1/16 0:00,0.742,1.534,0.7303,0.747943,0.1168408,0.009995,0.666001,0.601
1993/1/17 0:00,0.743,1.535,0.731368,0.750469,0.11723460000000001,0.010037,0.666622,0.6015
1993/1/18 0:00,0.7444,1.5362,0.729288,0.751033,0.11723460000000001,0.009989,0.666667,0.6018
1993/1/19 0:00,0.743,1.5445,0.730887,0.755287,0.1172294,0.010037,0.666445,0.604
1993/1/20 0:00,0.742,1.5475,0.731797,0.764234,0.1171972,0.010081,0.666667,0.6047
1993/1/21 0:00,0.7404,1.5487,0.730994,0.772201,0.1171972,0.010125,0.666622,0.6041
1993/1/22 0:00,0.7435,1.5462,0.730727,0.771903,0.1171972,0.010076,0.666667,0.6067
1993/1/23 0:00,0.745,1.5436,0.729395,0.76599,0.1171972,0.010052,0.666711,0.6046
1993/1/24 0:00,0.745,1.5503,0.731315,0.779423,0.1171864,0.010081,0.668137,0.604
1993/1/25 0:00,0.7436,1.5696,0.731957,0.780031,0.11716,0.010101,0.670691,0.6021
1993/1/26 0:00,0.7442,1.5623,0.738716,0.774293,0.1171676,0.010105,0.672224,0.6022
1993/1/27 0:00,0.7415,1.5673,0.739864,0.782473,0.11716,0.010096,0.671772,0.6027
1993/1/28 0:00,0.7435,1.563,0.738552,0.778513,0.11716,0.010055,0.671727,0.6037
1993/1/29 0:00,0.7442,1.584,0.739919,0.785238,0.11714240000000001,0.01013,0.674309,0.604
1993/1/30 0:00,0.7427,1.566,0.739809,0.776398,0.11716,0.010144,0.675311,0.6032
1993/1/31 0:00,0.7426,1.5745,0.743882,0.777001,0.11716,0.010226,0.677415,0.603
1993/2/1 0:00,0.7467,1.578,0.744602,0.779727,0.11714240000000001,0.010212,0.677369,0.6002
1993/2/2 0:00,0.7357,1.576,0.744435,0.778513,0.11714240000000001,0.010199,0.676911,0.5992
1993/2/3 0:00,0.7393,1.5813,0.743052,0.77912,0.11714240000000001,0.010235,0.674992,0.6022
1993/2/4 0:00,0.7397,1.5745,0.742225,0.776699,0.11716,0.010137,0.672585,0.6023
1993/2/5 0:00,0.7391,1.5775,0.74195,0.77912,0.11714240000000001,0.010166,0.673083,0.6022
1993/2/6 0:00,0.7403,1.576,0.745712,0.778513,0.11714240000000001,0.010125,0.671817,0.6017
1993/2/7 0:00,0.74,1.58,0.744879,0.77821,0.11714240000000001,0.010135,0.673174,0.603
1993/2/8 0:00,0.74,1.577,0.745712,0.777303,0.11714240000000001,0.010096,0.674082,0.6025
1993/2/9 0:00,0.7406,1.5785,0.743108,0.773395,0.11716,0.01005,0.674309,0.6027
1993/2/10 0:00,0.7382,1.5783,0.743494,0.775795,0.11714240000000001,0.010035,0.675402,0.603
1993/2/11 0:00,0.7392,1.586,0.74228,0.782473,0.11712960000000001,0.010053,0.678564,0.6029
1993/2/12 0:00,0.7395,1.5875,0.742005,0.780945,0.11712960000000001,0.010035,0.676224,0.6047
1993/2/13 0:00,0.7377,1.5865,0.741565,0.780214,0.11712960000000001,0.009963,0.674992,0.6045
1993/2/14 0:00,0.7355,1.578,0.744158,0.774893,0.11714240000000001,0.00995,0.673854,0.605
1993/2/15 0:00,0.7358,1.581,0.742005,0.777001,0.11714240000000001,0.010005,0.674354,0.6054
1993/2/16 0:00,0.7375,1.5815,0.7414,0.778816,0.11714240000000001,0.010025,0.674536,0.6055
1993/2/17 0:00,0.735,1.591,0.738552,0.791766,0.1170852,0.01016,0.677277,0.6061
1993/2/18 0:00,0.735,1.61,0.737191,0.800641,0.1170364,0.010238,0.678748,0.6107
1993/2/19 0:00,0.7373,1.6135,0.738007,0.800641,0.11702219999999999,0.010226,0.679348,0.6113
1993/2/20 0:00,0.7355,1.618,0.738116,0.802568,0.11702219999999999,0.010277,0.680504,0.6113
1993/2/21 0:00,0.7366,1.6215,0.738007,0.801925,0.11701779999999999,0.010288,0.678196,0.6125
1993/2/22 0:00,0.7315,1.6255,0.738389,0.801089,0.11700740000000001,0.01027,0.678012,0.612
1993/2/23 0:00,0.7363,1.6275,0.739372,0.8001008000000001,0.116973,0.010288,0.678564,0.6125
1993/2/24 0:00,0.7363,1.6365,0.741015,0.8001007999999998,0.11698,0.010315,0.67981,0.6123
1993/2/25 0:00,0.742,1.632,0.742115,0.8001007999999998,0.11698,0.010304,0.676819,0.613
1993/2/26 0:00,0.74694,1.6368,0.74129,0.7932549999999999,0.116996,0.010315,0.680041,0.614
1993/2/27 0:00,0.73638,1.623,0.740631,0.8001007999999998,0.117006,0.010267,0.679256,0.6152
1993/2/28 0:00,0.73654,1.635,0.739262,0.793255,0.117014,0.01032,0.680735,0.615
1993/3/1 0:00,0.73654,1.632,0.73828,0.7977014,0.117022,0.010334,0.681199,0.6152
1993/3/2 0:00,0.73654,1.6345,0.737735,0.7977014,0.117022,0.010309,0.681199,0.6165
1993/3/3 0:00,0.73518,1.6125,0.736757,0.797405,0.117044,0.010183,0.680133,0.6147
1993/3/4 0:00,0.73518,1.6105,0.736594,0.7958762,0.117044,0.010241,0.680041,0.6185
1993/3/5 0:00,0.73614,1.616,0.737681,0.796133,0.117044,0.010284,0.681803,0.6203
1993/3/6 0:00,0.73544,1.621,0.736648,0.794281,0.117044,0.010317,0.682361,0.6215
1993/3/7 0:00,0.7209999999999999,1.605,0.738825,0.78125,0.117096,0.010227,0.681199,0.6225
1993/3/8 0:00,0.7302699999999999,1.5992,0.735943,0.777303,0.11711,0.010212,0.67981,0.6215
1993/3/9 0:00,0.7372000000000001,1.588,0.736485,0.772798,0.117132,0.010197,0.678196,0.62
1993/3/10 0:00,0.7372000000000001,1.584,0.733568,0.769527,0.117132,0.010175,0.679117,0.62
1993/3/11 0:00,0.73944,1.5715,0.732601,0.765931,0.11716,0.010166,0.678656,0.6195
1993/3/12 0:00,0.7375200000000001,1.577,0.732386,0.770416,0.117178,0.010194,0.679486,0.6223
1993/3/13 0:00,0.74121,1.568,0.731261,0.75815,0.117184,0.010152,0.68018,0.624
1993/3/14 0:00,0.74121,1.566,0.731582,0.75643,0.117184,0.010162,0.681896,0.622
1993/3/15 0:00,0.75488,1.5695,0.726639,0.757863,0.117198,0.010184,0.682454,0.623
1993/3/16 0:00,0.7459200000000001,1.5725,0.728067,0.761035,0.117198,0.010176,0.682128,0.6225
1993/3/17 0:00,0.7554399999999999,1.563,0.726691,0.756144,0.117226,0.010127,0.682128,0.6207
1993/3/18 0:00,0.7696400000000001,1.563,0.725426,0.753296,0.117232,0.010143,0.683013,0.6227
1993/3/19 0:00,0.7696400000000001,1.5643,0.725847,0.754432,0.117243,0.010106,0.683995,0.6233
1993/3/20 0:00,0.76079,1.567,0.727167,0.754717,0.117247,0.01011,0.68292,0.6278
1993/3/21 0:00,0.76079,1.5652,0.727061,0.751597,0.117255,0.01006,0.681896,0.6299
1993/3/22 0:00,0.76079,1.5602,0.728863,0.751315,0.117262,0.009961,0.679348,0.63
1993/3/23 0:00,0.76079,1.559,0.728226,0.75358,0.117269,0.009968,0.681663,0.63
1993/3/24 0:00,0.76079,1.561,0.728226,0.75188,0.117275,0.009965,0.682687,0.6325
1993/3/25 0:00,0.7613300000000001,1.5641,0.72469,0.752842,0.117314,0.009987,0.681431,0.6343
1993/3/26 0:00,0.7694,1.5632,0.722804,0.747943,0.117336,0.009959,0.680828,0.6328
1993/3/27 0:00,0.7694,1.5602,0.722126,0.747105,0.117382,0.009978,0.680596,0.6346
1993/3/28 0:00,0.76442,1.5637,0.721501,0.749906,0.117426,0.009996,0.681849,0.6352
1993/3/29 0:00,0.76442,1.5605,0.720877,0.751597,0.117467,0.009968,0.682361,0.637
1993/3/30 0:00,0.76442,1.5612,0.720721,0.751823,0.117507,0.00997,0.681431,0.6385
1993/3/31 0:00,0.76442,1.563,0.720721,0.754034,0.117545,0.009974,0.681803,0.641
1993/4/1 0:00,0.76442,1.563,0.720202,0.751202,0.117599,0.009972,0.682594,0.639
1993/4/2 0:00,0.76442,1.5622,0.717309,0.751428,0.117646,0.009985,0.681803,0.64
1993/4/3 0:00,0.76442,1.56,0.717051,0.751936,0.117711,0.009968,0.682967,0.6384
1993/4/4 0:00,0.775,1.5595,0.717103,0.754148,0.117758,0.009977,0.68306,0.6382
1993/4/5 0:00,0.7755,1.5462,0.715052,0.750244,0.117818,0.009955,0.683107,0.6405
1993/4/6 0:00,0.777,1.5445,0.714745,0.749457,0.117888,0.009978,0.6832,0.6425
1993/4/7 0:00,0.7765,1.545,0.714031,0.751597,0.117941,0.009954,0.682827,0.6425
1993/4/8 0:00,0.76442,1.5435,0.712504,0.752672,0.118039,0.009967,0.68264,0.6428
1993/4/9 0:00,0.76442,1.5602,0.710328,0.763534,0.118076,0.010035,0.683854,0.6425
1993/4/10 0:00,0.76442,1.5665,0.712758,0.763359,0.118117,0.01004,0.685636,0.6402
1993/4/11 0:00,0.76442,1.5624,0.712504,0.761615,0.118138,0.009948,0.687758,0.6396
1993/4/12 0:00,0.76442,1.5605,0.712758,0.761615,0.118138,0.009862,0.687521,0.6381
1993/4/13 0:00,0.7726,1.5635,0.714031,0.767165,0.118161,0.009904,0.6879,0.637
1993/4/14 0:00,0.76442,1.5518,0.713878,0.763359,0.118167,0.009865,0.687616,0.6368
1993/4/15 0:00,0.76442,1.5573,0.711238,0.772499,0.118173,0.009967,0.688705,0.6365
1993/4/16 0:00,0.76442,1.5585,0.708065,0.775795,0.11818,0.00996,0.688942,0.6405
1993/4/17 0:00,0.76442,1.5592,0.707214,0.777303,0.118182,0.01001,0.688231,0.6413
1993/4/18 0:00,0.73756,1.5715,0.705965,0.780945,0.118187,0.010121,0.682361,0.641
1993/4/19 0:00,0.7726,1.567,0.708617,0.774593,0.118188,0.010125,0.686342,0.638
1993/4/20 0:00,0.7626200000000001,1.568,0.703482,0.777001,0.118194,0.010101,0.689941,0.6392
1993/4/21 0:00,0.7541800000000001,1.5707,0.703383,0.776096,0.118196,0.010045,0.688137,0.6395
1993/4/22 0:00,0.7512399999999999,1.575,0.703235,0.780336,0.118201,0.010057,0.688705,0.6417
1993/4/23 0:00,0.7425799999999999,1.5877,0.702346,0.786473,0.118203,0.01006,0.691324,0.6415
1993/4/24 0:00,0.71768,1.5955,0.704473,0.787712,0.118208,0.010025,0.689513,0.6433
1993/4/25 0:00,0.71768,1.596,0.706814,0.786782,0.118212,0.010036,0.688895,0.6453
1993/4/26 0:00,0.71768,1.5932,0.706764,0.784006,0.118217,0.01004,0.687616,0.6443
1993/4/27 0:00,0.7250400000000001,1.5908,0.706814,0.785238,0.118221,0.010069,0.688468,0.642
1993/4/28 0:00,0.73376,1.5885,0.706614,0.784621,0.118226,0.010065,0.688705,0.6401
1993/4/29 0:00,0.7250399999999999,1.5935,0.704573,0.788644,0.118226,0.010163,0.688705,0.639
1993/4/30 0:00,0.7541800000000001,1.5815,0.709622,0.778513,0.118226,0.010057,0.6879,0.6388
1993/5/1 0:00,0.75418,1.5805,0.708767,0.775795,0.118224,0.01006,0.688279,0.639
1993/5/2 0:00,0.7425799999999999,1.583,0.710985,0.778695,0.118226,0.01005,0.688279,0.6405
1993/5/3 0:00,0.76442,1.5643,0.712809,0.774593,0.118226,0.010025,0.685683,0.637
1993/5/4 0:00,0.7682,1.56,0.715052,0.77232,0.118231,0.01007,0.683948,0.6315
1993/5/5 0:00,0.7695000000000001,1.557,0.716589,0.768344,0.118238,0.010058,0.683995,0.6311
1993/5/6 0:00,0.7189599999999999,1.5523,0.716846,0.6995159999999999,0.118245,0.010103,0.686766,0.6302
1993/5/7 0:00,0.71896,1.5565,0.714898,0.7350016,0.118254,0.010116,0.687711,0.6327
1993/5/8 0:00,0.73134,1.5627,0.713267,0.7674616000000001,0.118259,0.010115,0.688421,0.6342
1993/5/9 0:00,0.73066,1.5635,0.71286,0.7674616000000001,0.118266,0.010136,0.688516,0.6335
1993/5/10 0:00,0.73066,1.5575,0.714541,0.7513626,0.11827,0.010137,0.687853,0.6328
1993/5/11 0:00,0.73124,1.5605,0.711896,0.7696384000000001,0.118272,0.01015,0.686719,0.6343
1993/5/12 0:00,0.72014,1.5775,0.70922,0.7845062,0.11827,0.010251,0.688705,0.6347
1993/5/13 0:00,0.71996,1.5765,0.711491,0.7845062,0.11827,0.010259,0.687758,0.6395
1993/5/14 0:00,0.71954,1.5815,0.714541,0.777353,0.118291,0.010277,0.688705,0.6355
1993/5/15 0:00,0.7194799999999999,1.586,0.71495,0.7818682,0.118303,0.010306,0.687853,0.635
1993/5/16 0:00,0.7189599999999999,1.593,0.717206,0.6839687999999999,0.11831,0.010331,0.688137,0.6323
1993/5/17 0:00,0.74558,1.5885,0.71736,0.801089,0.118315,0.010299,0.689417,0.6321
1993/5/18 0:00,0.75402,1.5835,0.716076,0.809192,0.118321,0.010336,0.689322,0.6358
1993/5/19 0:00,0.7540199999999999,1.584,0.717515,0.810898,0.118328,0.010352,0.690084,0.6335
1993/5/20 0:00,0.7540199999999999,1.5843,0.716076,0.806127,0.118332,0.010336,0.689893,0.6333
1993/5/21 0:00,0.74558,1.591,0.712251,0.808407,0.118205,0.010437,0.691085,0.6345
1993/5/22 0:00,0.7199199999999999,1.621,0.713521,0.822368,0.118212,0.010593,0.691181,0.6383
1993/5/23 0:00,0.70313,1.633,0.7585656,0.855066,0.118368,0.010799,0.697593,0.6432
1993/5/24 0:00,0.70753,1.644,0.7602795999999999,0.873744,0.118381,0.011007,0.70373,0.6452
1993/5/25 0:00,0.70353,1.619,0.7602795999999999,0.859107,0.118392,0.010957,0.701508,0.6442
1993/5/26 0:00,0.70753,1.6152,0.7595337999999999,0.861178,0.118401,0.011041,0.705965,0.646
1993/5/27 0:00,0.70753,1.5802,0.7595338,0.848536,0.118398,0.010961,0.70373,0.6465
1993/5/28 0:00,0.7039904,1.5968,0.7611958,0.851789,0.118394,0.01105,0.706314,0.6507
1993/5/29 0:00,0.7039904,1.5855,0.7611958,0.849618,0.118392,0.010993,0.706165,0.6504
1993/5/30 0:00,0.7039904,1.603,0.7611958000000001,0.870701,0.11838,0.011186,0.708717,0.6505
1993/5/31 0:00,0.70313,1.586,0.7567632000000002,0.858959,0.118371,0.011074,0.708516,0.6415
1993/6/1 0:00,0.70753,1.582,0.7595338,0.869187,0.118381,0.011212,0.708717,0.6463
1993/6/2 0:00,0.70753,1.5805,0.7602795999999999,0.859107,0.118385,0.011183,0.707614,0.6447
1993/6/3 0:00,0.70753,1.5855,0.7595338,0.849834,0.118396,0.011188,0.706464,0.6465
1993/6/4 0:00,0.7060104,1.586,0.7596546,0.856531,0.118388,0.011246,0.706464,0.647
1993/6/5 0:00,0.7063504,1.5923,0.7609703999999999,0.857265,0.118382,0.011324,0.706564,0.6482
1993/6/6 0:00,0.7039904,1.588,0.7611958000000001,0.85034,0.118377,0.011223,0.703136,0.6505
1993/6/7 0:00,0.7063503999999999,1.5955,0.7609703999999999,0.862441,0.118375,0.011227,0.704225,0.6481
1993/6/8 0:00,0.7063504,1.61,0.7609703999999999,0.869943,0.118375,0.011208,0.704722,0.6482
1993/6/9 0:00,0.7063504,1.608,0.7609703999999999,0.876271,0.118378,0.0095374,0.705965,0.6491
1993/6/10 0:00,0.7039904,1.5985,0.7611958000000001,0.853971,0.118387,0.0095058,0.703235,0.6497
1993/6/11 0:00,0.7171099999999999,1.619,0.7594488,0.882613,0.118394,0.0091038,0.707965,0.6549
1993/6/12 0:00,0.7171099999999999,1.616,0.7594488,0.889521,0.118399,0.0091038,0.710227,0.6548
1993/6/13 0:00,0.71517,1.6015,0.7583469999999999,0.879507,0.118403,0.0090748,0.709874,0.655
1993/6/14 0:00,0.72127,1.6065,0.7578476,0.883236,0.118405,0.009142800000000001,0.710833,0.657
1993/6/15 0:00,0.7212700000000001,1.6058,0.7586717999999999,0.886525,0.11841,0.009142800000000001,0.711389,0.658
1993/6/16 0:00,0.71581,1.6015,0.765112,0.881057,0.118412,0.009640800000000001,0.712251,0.663
1993/6/17 0:00,0.7170599999999999,1.594,0.765112,0.861698,0.11841,0.010142599999999998,0.7112834,0.6645
1993/6/18 0:00,0.71581,1.5945,0.7640456,0.867679,0.118413,0.0101768,0.6337862,0.6628
1993/6/19 0:00,0.7177200000000001,1.59,0.7518278,0.864902,0.118419,0.011281,0.6918934,0.667
1993/6/20 0:00,0.72618,1.6068,0.7475859999999999,0.869943,0.118424,0.011571399999999999,0.7165804,0.6728
1993/6/21 0:00,0.72618,1.602,0.7489079999999999,0.867905,0.118426,0.0116298,0.7155654,0.672
1993/6/22 0:00,0.7275576,1.6195,0.772828,0.885583,0.11843,0.0097388,0.6002612,0.6751
1993/6/23 0:00,0.7207999999999999,1.614,0.7730111999999999,0.888099,0.118433,0.0106884,0.6002612,0.6718
1993/6/24 0:00,0.71732,1.616,0.8029126,0.895095,0.118436,0.0106884,0.6002612,0.6695
1993/6/25 0:00,0.72304,1.6127,0.7470791999999999,0.874891,0.118439,0.0116168,0.7163854000000001,0.6716
1993/6/26 0:00,0.7173200000000001,1.61,0.730834,0.880282,0.118441,0.011598799999999998,0.7163076,0.672
1993/6/27 0:00,0.72648,1.6055,0.732332,0.879121,0.118446,0.0116216,0.7158456000000001,0.6721
1993/6/28 0:00,0.72535,1.6135,0.732601,0.883392,0.118476,0.011598799999999998,0.6710516,0.6737
1993/6/29 0:00,0.71786,1.6105,0.733676,0.877578,0.118571,0.011611199999999999,0.7158456000000001,0.6663
1993/6/30 0:00,0.72648,1.6162,0.733514,0.881057,0.118621,0.0116216,0.6936022000000002,0.6737
1993/7/1 0:00,0.72486,1.6091,0.735456,0.872981,0.118661,0.011637599999999998,0.7163854000000001,0.6718
1993/7/2 0:00,0.7333,1.618,0.737735,0.8726,0.118661,0.011422199999999999,0.7154624,0.6744
1993/7/3 0:00,0.7275576,1.6125,0.7478058,0.881057,0.118833,0.0103864,0.6002612,0.675
1993/7/4 0:00,0.7398176000000001,1.6172,0.781173,0.882613,0.119056,0.0096372,0.6005961999999999,0.6762
1993/7/5 0:00,0.7514000000000001,1.6185,0.7860828,0.88574,0.119263,0.0082884,0.5975086000000001,0.6785
1993/7/6 0:00,0.7275576,1.599,0.8220016000000001,0.883392,0.119557,0.0097388,0.6002612,0.6753
1993/7/7 0:00,0.7275575999999999,1.608,0.8220015999999999,0.889284,0.119693,0.0097388,0.6002611999999999,0.6755
1993/7/8 0:00,0.7275576,1.5885,0.8220016000000001,0.883392,0.119837,0.0097388,0.6002612,0.6752
1993/7/9 0:00,0.7212700000000001,1.5815,0.7473118,0.866551,0.120116,0.011823999999999998,0.7156882,0.6713
1993/7/10 0:00,0.7173200000000001,1.5576,0.8213132,0.840336,0.120265,0.010688399999999999,0.6230206,0.6695
1993/7/11 0:00,0.72676,1.571,0.7621644,0.829876,0.120441,0.0101352,0.7021792,0.662
1993/7/12 0:00,0.7188,1.5652,0.7621643999999999,0.827472,0.120604,0.009670600000000001,0.6307398,0.6616
1993/7/13 0:00,0.7132,1.55468,0.7454685999999999,0.834376,0.120508,0.0101698,0.7038598,0.6628
1993/7/14 0:00,0.7305,1.5195,0.7295404,0.832986,0.120391,0.0097634,0.6835773999999999,0.6666
1993/7/15 0:00,0.7175,1.57906,0.7327541999999999,0.821018,0.120327,0.009921000000000001,0.7052396,0.661
1993/7/16 0:00,0.715,1.57866,0.7439346,0.832639,0.120291,0.009684,0.7029299999999999,0.656
1993/7/17 0:00,0.7181,1.55776,0.7356012,0.8319948,0.120252,0.0099002,0.6951130000000001,0.6576
1993/7/18 0:00,0.7187,1.5716199999999998,0.7339384000000001,0.8311848,0.12021,0.009921000000000001,0.7004623999999999,0.6604
1993/7/19 0:00,0.717,1.56006,0.7325550000000001,0.7895334,0.120161,0.009569399999999999,0.7007182000000001,0.6588
1993/7/20 0:00,0.7192,1.5279,0.7393622000000001,0.8448038,0.120133,0.0089704,0.6752542000000001,0.664
1993/7/21 0:00,0.719,1.7065629999999998,0.7260972,0.8033459999999998,0.120101,0.0102686,0.6088508000000001,0.669
1993/7/22 0:00,0.7203,1.5221,0.7266572,0.8359382,0.120081,0.010254000000000001,0.6290324,0.6673
1993/7/23 0:00,0.719,1.57782,0.737719,0.79937,0.120113,0.0089704,0.6753790000000001,0.6647
1993/7/24 0:00,0.7154,1.55668,0.7323384,0.8375108000000001,0.1201614,0.011772,0.7013465999999999,0.6613
1993/7/25 0:00,0.7165,1.5221000000000002,0.725218,0.8505312,0.11965859999999999,0.011779,0.6494527999999999,0.6678
1993/7/26 0:00,0.7143,1.5825200000000001,0.725218,0.849339,0.11965859999999999,0.011816,0.6466206,0.668
1993/7/27 0:00,0.7165,1.661476,0.7391662,0.8183702,0.1199062,0.011751,0.5877095999999999,0.6703
1993/7/28 0:00,0.7205,1.5909792,0.7516134,0.863558,0.125038,0.011871,0.6498866000000001,0.672
1993/7/29 0:00,0.7227,1.5803456,0.7739986,0.855798,0.12612020000000002,0.011779,0.6488106,0.6703
1993/7/30 0:00,0.72,1.5607778,0.788219,0.863185,0.1250344,0.011848,0.6842518,0.668
1993/7/31 0:00,0.7175,1.5608777999999999,0.7909868,0.866176,0.1250344,0.011916,0.7049032,0.6675
1993/8/1 0:00,0.7193,1.5607778,0.7831302,0.861846,0.1250344,0.011858,0.6484589999999999,0.6693
1993/8/2 0:00,0.7215,1.6243000000000003,0.7739986,0.865052,0.1194286,0.011848,0.6498763999999999,0.6712
1993/8/3 0:00,0.7275,1.5673178,0.8539992,0.854336,0.1276184,0.01179,0.6444814,0.6687
1993/8/4 0:00,0.7281,1.5886178000000002,0.8539992,0.860437,0.12728420000000001,0.011812,0.6444814,0.6691
1993/8/5 0:00,0.7267,1.5909456,0.7974880000000001,0.858738,0.12843300000000002,0.011772,0.6457799999999999,0.6712
1993/8/6 0:00,0.7243,1.5909792,0.817299,0.864304,0.1266004,0.011813,0.6281958,0.6722
1993/8/7 0:00,0.7255,1.5696992,0.8409410000000002,0.868056,0.12093859999999998,0.011851,0.6281958,0.6725
1993/8/8 0:00,0.7207,1.5607778,0.7516134,0.863558,0.1194286,0.011813,0.6498763999999999,0.6705
1993/8/9 0:00,0.7208,1.60972,0.7483502,0.87146,0.11914119999999999,0.011834,0.6462679999999998,0.67
1993/8/10 0:00,0.7185,1.60348,0.8048018000000001,0.868432,0.1191456,0.011857,0.6531727999999999,0.672
1993/8/11 0:00,0.7142,1.60972,0.7316284000000001,0.873362,0.1188572,0.011893,0.6717834,0.6713
1993/8/12 0:00,0.7142,1.5479778000000002,0.7936416000000001,0.860215,0.1247002,0.011669,0.7056477999999999,0.6682
1993/8/13 0:00,0.7155,1.59496,0.72648,0.869565,0.11909719999999999,0.011806,0.705117,0.6685
1993/8/14 0:00,0.7108,1.59496,0.727908,0.868432,0.11875959999999999,0.011795,0.705117,0.6685
1993/8/15 0:00,0.71,1.60242,0.728704,0.8726,0.1188132,0.011792,0.7031075999999999,0.6705
1993/8/16 0:00,0.71,1.60242,0.729767,0.871992,0.1188132,0.011773,0.7031076,0.6714
1993/8/17 0:00,0.7115,1.60242,0.7303,0.870474,0.1188132,0.01174,0.6708184,0.6757
1993/8/18 0:00,0.7157,1.60348,0.733138,0.863558,0.1191456,0.011525,0.6896472,0.6774
1993/8/19 0:00,0.7146,1.5948600000000002,0.739754,0.861104,0.1194286,0.011482,0.713492,0.6727
1993/8/20 0:00,0.72,1.5817,0.738498,0.857633,0.12010879999999999,0.011435,0.7149606000000001,0.6735
1993/8/21 0:00,0.7215,1.5817,0.737735,0.857633,0.12010880000000002,0.011427,0.7149606000000001,0.6728
1993/8/22 0:00,0.7327,1.59966,0.735727,0.861698,0.11880920000000002,0.011442,0.715308,0.6756
1993/8/23 0:00,0.7303,1.5709,0.735673,0.859476,0.11937660000000001,0.011378,0.715461,0.6763
1993/8/24 0:00,0.7323,1.5709,0.737409,0.857412,0.11937660000000001,0.01128,0.714031,0.6745
1993/8/25 0:00,0.7324,1.59966,0.735024,0.863185,0.11880920000000002,0.011319,0.715717,0.6753
1993/8/26 0:00,0.732,1.60348,0.735186,0.863931,0.11885760000000001,0.011396,0.714286,0.6755
1993/8/27 0:00,0.7348,1.60348,0.733407,0.869338,0.11885760000000001,0.011395,0.714541,0.6763
1993/8/28 0:00,0.735,1.60348,0.735402,0.864678,0.11885760000000001,0.011293,0.714541,0.6746
1993/8/29 0:00,0.7375,1.60348,0.735835,0.869338,0.11885760000000001,0.011422,0.714541,0.676
1993/8/30 0:00,0.7385,1.59966,0.737572,0.862069,0.11880920000000002,0.011379,0.715052,0.6762
1993/8/31 0:00,0.7381,1.60348,0.736377,0.867679,0.11885760000000001,0.01137,0.71541,0.6745
1993/9/1 0:00,0.7365,1.60972,0.734862,0.871992,0.1185222,0.01137,0.717103,0.6697
1993/9/2 0:00,0.7363,1.60972,0.732923,0.8726,0.1185222,0.01134,0.717206,0.671
1993/9/3 0:00,0.7387,1.60242,0.730194,0.869187,0.1188132,0.01132,0.717618,0.6738
1993/9/4 0:00,0.7403,1.60972,0.731689,0.8726,0.1185222,0.011308,0.71736,0.6732
1993/9/5 0:00,0.7405,1.5948600000000002,0.73692,0.862962,0.11875899999999999,0.011011,0.715564,0.6706
1993/9/6 0:00,0.7402,1.60348,0.735889,0.870095,0.11885760000000001,0.011056,0.715308,0.6705
1993/9/7 0:00,0.7425,1.60348,0.737354,0.869943,0.11885760000000001,0.011223,0.71495,0.6695
1993/9/8 0:00,0.7414,1.5742,0.736703,0.858001,0.11936759999999999,0.011281,0.714286,0.6687
1993/9/9 0:00,0.7436,1.57404,0.737191,0.855432,0.1193398,0.0106958,0.715564,0.6655
1993/9/10 0:00,0.742,1.57936,0.735024,0.859107,0.11904219999999999,0.010113,0.716076,0.662
1993/9/11 0:00,0.7398,1.54696,0.736377,0.848896,0.1199706,0.0097958,0.71623,0.6573
1993/9/12 0:00,0.742,1.5251000000000001,0.735835,0.839631,0.12005779999999999,0.009848800000000001,0.71495,0.6613
1993/9/13 0:00,0.7415,1.52062,0.733568,0.837521,0.12005779999999999,0.0098972,0.713929,0.6638
1993/9/14 0:00,0.7363,1.55702,0.734916,0.816993,0.1199706,0.0097564,0.709723,0.6555
1993/9/15 0:00,0.732,1.54976,0.735835,0.814797,0.119937,0.0098044,0.704225,0.6503
1993/9/16 0:00,0.74922,1.5424999999999998,0.735835,0.815328,0.119991,0.0098358,0.701607,0.646
1993/9/17 0:00,0.74922,1.54326,0.735673,0.819001,0.11995739999999999,0.0098314,0.700427,0.648
1993/9/18 0:00,0.7410399999999999,1.5505,0.735727,0.819001,0.11992500000000002,0.009789200000000001,0.700918,0.6505
1993/9/19 0:00,0.74922,1.5473599999999998,0.736485,0.812348,0.1199422,0.0098288,0.701508,0.6486
1993/9/20 0:00,0.74922,1.54244,0.736106,0.815993,0.11997739999999998,0.0098314,0.702543,0.6475
1993/9/21 0:00,0.7152900000000001,1.5451000000000001,0.737191,0.819001,0.1200024,0.009842400000000001,0.702247,0.6435
1993/9/22 0:00,0.74104,1.55686,0.742887,0.820749,0.11994540000000001,0.009796200000000001,0.702988,0.6505
1993/9/23 0:00,0.72407,1.5737,0.74599,0.830565,0.1199832,0.0098226,0.706215,0.6526
1993/9/24 0:00,0.7332299999999999,1.56114,0.746547,0.825764,0.11998539999999999,0.0097716,0.702988,0.6525
1993/9/25 0:00,0.7180199999999999,1.5504200000000001,0.747775,0.825764,0.12015260000000001,0.009791200000000002,0.701262,0.65
1993/9/26 0:00,0.7332299999999999,1.5589600000000001,0.744491,0.829187,0.1199706,0.009828,0.703977,0.6502
1993/9/27 0:00,0.73323,1.5792199999999998,0.744325,0.832639,0.1200466,0.0097356,0.70373,0.6531
1993/9/28 0:00,0.7332299999999999,1.56812,0.744602,0.832293,0.12003280000000001,0.0097716,0.702741,0.6525
1993/9/29 0:00,0.71864,1.5501,0.746659,0.823723,0.1200938,0.009822800000000001,0.701262,0.6507
1993/9/30 0:00,0.71864,1.55,0.746826,0.823723,0.1201576,0.009668199999999998,0.702494,0.6515
1993/10/1 0:00,0.72363,1.5482,0.743716,0.821693,0.11989639999999999,0.0098426,0.699692,0.6505
1993/10/2 0:00,0.7157000000000001,1.5483,0.744435,0.828844,0.119978,0.0098426,0.700035,0.651
1993/10/3 0:00,0.71661,1.5545,0.743218,0.832085,0.1200516,0.009676,0.698324,0.6535
1993/10/4 0:00,0.72066,1.548,0.73828,0.819336,0.12001600000000001,0.010219599999999999,0.696379,0.6558
1993/10/5 0:00,0.7173400000000001,1.5505,0.7303,0.826105,0.12007799999999999,0.010117999999999999,0.697788,0.6578
1993/10/6 0:00,0.71684,1.552,0.732064,0.826788,0.12015939999999999,0.010085799999999999,0.693001,0.6576
1993/10/7 0:00,0.7172599999999999,1.546,0.733407,0.826105,0.12016279999999999,0.0101478,0.691802,0.656
1993/10/8 0:00,0.71684,1.546,0.735943,0.831601,0.1202844,0.010113800000000001,0.690131,0.6578
1993/10/9 0:00,0.729233,1.5525,0.734754,0.848536,0.12536920000000001,0.011327199999999999,0.692185,0.6605
1993/10/10 0:00,0.729853,1.5695,0.736648,0.873134,0.1253254,0.010211,0.69701,0.6634
1993/10/11 0:00,0.729853,1.5795,0.739372,0.880669,0.12530619999999998,0.010223399999999999,0.699056,0.663
1993/10/12 0:00,0.71768,1.5715,0.742721,0.869943,0.12536920000000001,0.0102042,0.692665,0.6603
1993/10/13 0:00,0.7304600000000001,1.5708,0.742942,0.8497816,0.1254268,0.010225,0.693481,0.6574
1993/10/14 0:00,0.73852,1.5722,0.741015,0.8427503999999999,0.125382,0.009864000000000001,0.699545,0.6559
1993/10/15 0:00,0.7331200000000001,1.5805,0.740192,0.8427503999999999,0.1200998,0.0097636,0.702346,0.655
1993/10/16 0:00,0.7364749999999999,1.5795,0.8099700000000001,0.8213286,0.1203038,0.0088582,0.702741,0.658
1993/10/17 0:00,0.7364749999999999,1.5909,0.8099700000000001,0.8421552,0.1255052,0.0088582,0.694927,0.6579
1993/10/18 0:00,0.7376699999999999,1.5808,0.8101582,0.8421552,0.130717,0.009049400000000003,0.697107,0.656
1993/10/19 0:00,0.7370249999999999,1.5837,0.8099700000000001,0.8544862,0.130691,0.0088582,0.698178,0.6583
1993/10/20 0:00,0.74876,1.584,0.8201948,0.8190043999999999,0.12550619999999998,0.0096076,0.701508,0.66
1993/10/21 0:00,0.7264799999999999,1.5812,0.8172426000000002,0.8440429999999999,0.1255756,0.009417799999999999,0.700771,0.6618
1993/10/22 0:00,0.73994,1.5778,0.8193798000000001,0.8190044000000001,0.1254912,0.009936,0.701016,0.6591
1993/10/23 0:00,0.7628,1.573,0.8346666,0.8087924,0.1201794,0.009911,0.70205,0.6605
1993/10/24 0:00,0.7603,1.5735,0.8589220000000001,0.8069348,0.1201794,0.009972,0.702247,0.6614
1993/10/25 0:00,0.759,1.5725,0.8281414,0.8069348,0.1201794,0.009921,0.700771,0.6608
1993/10/26 0:00,0.756,1.575,0.8037762,0.8247405999999999,0.1201794,0.009955,0.702494,0.6605
1993/10/27 0:00,0.72127,1.574,0.8099700000000001,0.8213286,0.1254462,0.009967,0.702247,0.658
1993/10/28 0:00,0.736475,1.5695,0.8104834000000001,0.8424434,0.1255074,0.009938,0.701164,0.6575
1993/10/29 0:00,0.72127,1.5725,0.8099700000000001,0.8213286,0.12550740000000002,0.009941,0.702247,0.658
1993/10/30 0:00,0.7303,1.5759,0.8109513999999999,0.8070207999999999,0.119985,0.009975,0.703334,0.6603
1993/10/31 0:00,0.72751,1.58,0.7857580000000001,0.8064776,0.119992,0.01003,0.707965,0.661
1993/11/1 0:00,0.7221599999999999,1.581,0.7837482,0.8066734,0.119996,0.009983,0.706814,0.659
1993/11/2 0:00,0.7170899999999999,1.5795,0.753417,0.8171389999999998,0.119995,0.009875,0.70497,0.6555
1993/11/3 0:00,0.7345050000000001,1.574,0.8104834000000001,0.8140098,0.119986,0.009823,0.705965,0.6566
1993/11/4 0:00,0.734505,1.5795,0.8104834000000001,0.8140098,0.119985,0.009832,0.706714,0.6565
1993/11/5 0:00,0.7225,1.5775,0.8109514000000001,0.8070208000000001,0.119977,0.009838,0.706464,0.66
1993/11/6 0:00,0.7225,1.5807,0.8109514000000001,0.8070208000000001,0.119977,0.009779,0.707664,0.66
1993/11/7 0:00,0.71649,1.5778,0.7594488,0.8171390000000001,0.119982,0.009702,0.705467,0.655
1993/11/8 0:00,0.7245899999999998,1.5813,0.8101582,0.8140098,0.119979,0.009653,0.706314,0.656
1993/11/9 0:00,0.72068,1.5805,0.7547444000000001,0.8140098,0.11998,0.009626,0.708215,0.6545
1993/11/10 0:00,0.72068,1.5793,0.7547444000000001,0.8140098,0.11998,0.00969,0.70932,0.655
1993/11/11 0:00,0.716,1.5778,0.7586915999999999,0.8679582,0.12014960000000001,0.009692,0.707464,0.654
1993/11/12 0:00,0.716,1.5805,0.7569918,0.8241516000000001,0.1203192,0.009756,0.706914,0.653
1993/11/13 0:00,0.71555,1.5794,0.7590337999999999,0.8798992,0.1203168,0.009926,0.708215,0.6515
1993/11/14 0:00,0.716,1.5753,0.7569918,0.876158,0.12755060000000001,0.009906,0.707864,0.653
1993/11/15 0:00,0.7086903999999999,1.5555,0.7556696,0.8255874000000001,0.12029000000000001,0.009833,0.707264,0.6508
1993/11/16 0:00,0.7079103999999999,1.5605,0.7556076,0.9046618000000001,0.12759199999999998,0.009835,0.708215,0.6502
1993/11/17 0:00,0.7020904000000001,1.558,0.751379,0.8316969999999999,0.12774539999999998,0.009911,0.708466,0.6469
1993/11/18 0:00,0.7060104,1.5558,0.7554700000000001,0.8222582,0.12029000000000001,0.00979,0.707564,0.6472
1993/11/19 0:00,0.7401992,1.5505,0.73959,0.8186148,0.1199332,0.009801,0.707965,0.6475
1993/11/20 0:00,0.7264991999999999,1.5495,0.739919,0.8255873999999999,0.1199332,0.009867,0.707965,0.6511
1993/11/21 0:00,0.7282399999999999,1.5583,0.739098,0.8235634,0.1200018,0.00984,0.707965,0.6532
1993/11/22 0:00,0.7235054,1.565,0.739098,0.8235634000000001,0.1200688,0.00995,0.708617,0.6525
1993/11/23 0:00,0.7282399999999999,1.56,0.738443,0.8161759999999999,0.11993179999999999,0.009852,0.707714,0.6513
1993/11/24 0:00,0.7264991999999999,1.5505,0.739481,0.8228730000000001,0.1199246,0.009823,0.707965,0.6509
1993/11/25 0:00,0.7236799999999999,1.548,0.737191,0.8291928000000001,0.12011240000000001,0.009889,0.707965,0.6555
1993/11/26 0:00,0.7236800000000001,1.5383,0.736106,0.8264652,0.12007219999999999,0.009856,0.707965,0.6553
1993/11/27 0:00,0.72368,1.5302,0.735998,0.8198846,0.120025,0.009823,0.708717,0.6527
1993/11/28 0:00,0.72782,1.536,0.732064,0.8154934,0.120009,0.009881,0.706964,0.6485
1993/11/29 0:00,0.72782,1.536,0.731957,0.8154934,0.120003,0.009896,0.706714,0.648
1993/11/30 0:00,0.73042,1.541,0.731422,0.7646029999999999,0.120002,0.00986,0.707614,0.6465
1993/12/1 0:00,0.73042,1.5422,0.732172,0.7897100000000001,0.12,0.009865,0.707214,0.6468
1993/12/2 0:00,0.73042,1.5353,0.730727,0.764603,0.119998,0.009862,0.707214,0.647
1993/12/3 0:00,0.7263999999999999,1.5329,0.726956,0.6871206,0.119993,0.009906,0.706614,0.646
1993/12/4 0:00,0.7259,1.5348,0.724533,0.6865798,0.120192,0.009894,0.707364,0.6463
1993/12/5 0:00,0.7259,1.5313,0.726006,0.6865798,0.119979,0.009818,0.706215,0.6451
1993/12/6 0:00,0.7264000000000002,1.5325,0.726533,0.6871206,0.119982,0.009828,0.705866,0.6465
1993/12/7 0:00,0.7236800000000001,1.541,0.727537,0.8208895999999999,0.11997,0.009852,0.706215,0.653
1993/12/8 0:00,0.7236800000000001,1.5395,0.727537,0.8198846,0.119946,0.00979,0.706215,0.6518
1993/12/9 0:00,0.72102,1.539,0.726691,0.8208895999999999,0.119933,0.009833,0.707264,0.6525
1993/12/10 0:00,0.72102,1.542,0.726216,0.8208895999999999,0.119939,0.009818,0.706964,0.6525
1993/12/11 0:00,0.72368,1.5373,0.731261,0.8198846,0.119941,0.009804,0.706714,0.6523
1993/12/12 0:00,0.72368,1.5388,0.734214,0.8198846,0.119943,0.009822,0.707064,0.6523
1993/12/13 0:00,0.72368,1.5425,0.733299,0.8158264,0.119941,0.009747,0.705965,0.6508
1993/12/14 0:00,0.72368,1.5555,0.734592,0.8198846,0.119934,0.009768,0.706814,0.6515
1993/12/15 0:00,0.72368,1.56,0.73524,0.8191556,0.119934,0.009728,0.706564,0.6544
1993/12/16 0:00,0.72368,1.539,0.735024,0.8198846,0.119934,0.009721,0.707714,0.6536
1993/12/17 0:00,0.72368,1.5535,0.732332,0.8198846,0.119941,0.009682,0.706714,0.6537
1993/12/18 0:00,0.72368,1.5565,0.73654,0.8191556,0.119933,0.009770200000000001,0.706364,0.6535
1993/12/19 0:00,0.72368,1.5517,0.739098,0.8266234000000001,0.119917,0.0098058,0.704722,0.6544
1993/12/20 0:00,0.7201600000000001,1.5463,0.738498,0.8243026,0.1199,0.0098094,0.698812,0.6544
1993/12/21 0:00,0.7172600000000001,1.552,0.736757,0.8266948,0.119898,0.0101678,0.702494,0.6575
1993/12/22 0:00,0.7173399999999999,1.5495,0.734808,0.8266948,0.119883,0.0101716,0.701262,0.6594
1993/12/23 0:00,0.7172600000000001,1.5475,0.73443,0.8266948,0.119884,0.0101622,0.702395,0.6585
1993/12/24 0:00,0.7172600000000001,1.5456,0.732654,0.8266948,0.119893,0.010196199999999999,0.702247,0.658
1993/12/25 0:00,0.7172599999999999,1.5445,0.732869,0.8262262,0.119898,0.010196199999999999,0.703235,0.6585
1993/12/26 0:00,0.7179599999999999,1.5487,0.733945,0.8294248000000002,0.119898,0.011007599999999998,0.702741,0.6622
1993/12/27 0:00,0.71796,1.538,0.731689,0.8382332,0.119898,0.011282799999999999,0.701508,0.663
1993/12/28 0:00,0.7179599999999999,1.5255,0.73046,0.8327526000000001,0.119901,0.0114224,0.706314,0.6622
1993/12/29 0:00,0.71786,1.5228,0.733138,0.842744,0.119917,0.010918799999999998,0.704722,0.6622
1993/12/30 0:00,0.7232999999999999,1.5093,0.732493,0.837381,0.119936,0.011266599999999998,0.711229,0.6652
1993/12/31 0:00,0.72374,1.5135,0.73046,0.841326,0.119941,0.011304400000000001,0.711229,0.6645
1994/1/1 0:00,0.7178599999999999,1.5135,0.729395,0.838926,0.119947,0.011304399999999997,0.711229,0.662
1994/1/2 0:00,0.7233,1.5092,0.729661,0.837802,0.119957,0.011266599999999998,0.711229,0.6654
1994/1/3 0:00,0.7178199999999999,1.5075,0.726322,0.83661,0.119952,0.0112666,0.6881898,0.6668
1994/1/4 0:00,0.7178199999999999,1.503,0.723484,0.827883,0.119966,0.0112666,0.6891899999999999,0.6668
1994/1/5 0:00,0.7178199999999999,1.5063,0.723851,0.827815,0.119976,0.011266599999999998,0.6881898,0.6672
1994/1/6 0:00,0.7178199999999999,1.5037,0.725953,0.824198,0.11998,0.011266599999999998,0.68919,0.667
1994/1/7 0:00,0.73196,1.5096,0.727643,0.824878,0.119993,0.0107544,0.6660093999999999,0.6722
1994/1/8 0:00,0.7762999999999999,1.5132,0.727908,0.820008,0.120002,0.009246,0.6214766,0.675
1994/1/9 0:00,0.77849,1.519,0.727326,0.821018,0.120009,0.0092864,0.6651178,0.6764
1994/1/10 0:00,0.7787499999999999,1.5352,0.725689,0.835422,0.120003,0.009228,0.6862796,0.6763
1994/1/11 0:00,0.7895800000000001,1.5402,0.728067,0.831808,0.120019,0.009222600000000001,0.7090216,0.6763
1994/1/12 0:00,0.762,1.5365,0.731689,0.827267,0.120032,0.0096742,0.7089206,0.6727
1994/1/13 0:00,0.7914,1.5374,0.730087,0.829531,0.120048,0.009160999999999999,0.7087897999999999,0.674
1994/1/14 0:00,0.7861199999999999,1.5318,0.728598,0.827472,0.120057,0.0092352,0.7089205999999999,0.6745
1994/1/15 0:00,0.7709999999999999,1.5308,0.728438,0.832293,0.12006,0.0097484,0.7084691999999999,0.6733
1994/1/16 0:00,0.7857999999999999,1.534,0.728757,0.8285,0.120042,0.009228,0.706215,0.673
1994/1/17 0:00,0.7858,1.5371,0.725216,0.834655,0.120048,0.009228,0.707214,0.6747
1994/1/18 0:00,0.7895800000000001,1.5385,0.725058,0.833681,0.120031,0.009222600000000001,0.707464,0.676
1994/1/19 0:00,0.79296,1.5487,0.723589,0.841822,0.119996,0.0092392,0.714031,0.6783
1994/1/20 0:00,0.7924599999999999,1.5445,0.723851,0.844238,0.119973,0.009236,0.713267,0.6782
1994/1/21 0:00,0.7912600000000001,1.5425,0.725268,0.842673,0.119973,0.009221400000000001,0.712962,0.6762
1994/1/22 0:00,0.7900600000000001,1.5435,0.726903,0.846382,0.119973,0.0092274,0.710985,0.6745
1994/1/23 0:00,0.78956,1.541,0.726111,0.85266,0.119973,0.009223,0.709723,0.6765
1994/1/24 0:00,0.78958,1.54,0.727167,0.848536,0.119949,0.009222600000000001,0.711086,0.6763
1994/1/25 0:00,0.76088,1.5398,0.727537,0.846024,0.11991,0.009720399999999999,0.7109462,0.6739
1994/1/26 0:00,0.71732,1.5335,0.727537,0.83661,0.119894,0.0107336,0.7091204,0.6697
1994/1/27 0:00,0.7709999999999999,1.532,0.728438,0.834028,0.119888,0.0097484,0.7084691999999999,0.6731
1994/1/28 0:00,0.75156,1.5273,0.729395,0.829669,0.119888,0.009873999999999999,0.7089205999999999,0.6736
1994/1/29 0:00,0.7515599999999999,1.5284,0.729076,0.831808,0.119893,0.0098092,0.7089206000000001,0.6729
1994/1/30 0:00,0.77676,1.529,0.72881,0.833472,0.11989,0.0093574,0.7084692,0.675
1994/1/31 0:00,0.77676,1.529,0.729022,0.832709,0.119871,0.0093574,0.7084692,0.675
1994/2/1 0:00,0.7625,1.53,0.729501,0.832085,0.119862,0.009501,0.6856481999999999,0.6726
1994/2/2 0:00,0.7678,1.524,0.731636,0.82905,0.119848,0.009439,0.6646664,0.6755
1994/2/3 0:00,0.768,1.5238,0.731529,0.832224,0.119814,0.009492,0.6221324,0.6792
1994/2/4 0:00,0.77,1.5213,0.731048,0.835422,0.119762,0.009475,0.6002181999999999,0.6835
1994/2/5 0:00,0.7737,1.5225,0.730994,0.839278,0.119692,0.009498,0.6003643999999999,0.6835
1994/2/6 0:00,0.774,1.5231,0.731101,0.840336,0.119713,0.00948,0.6003644,0.689
1994/2/7 0:00,0.7734,1.525,0.733138,0.840901,0.119736,0.009446,0.6003643999999999,0.683
1994/2/8 0:00,0.7734,1.53,0.73551,0.839419,0.119722,0.009432,0.6227992,0.681
1994/2/9 0:00,0.7742,1.5327,0.735781,0.839349,0.119717,0.009411,0.6631715999999999,0.6821
1994/2/10 0:00,0.775,1.5376,0.735348,0.839631,0.119732,0.009395,0.6406370000000001,0.6857
1994/2/11 0:00,0.778,1.536,0.734592,0.83661,0.119732,0.00937,0.640637,0.6869
1994/2/12 0:00,0.7769,1.5334,0.734107,0.83717,0.119717,0.009363,0.6406369999999999,0.6869
1994/2/13 0:00,0.7735,1.523,0.733837,0.838364,0.11969,0.009417,0.6003643999999999,0.6868
1994/2/14 0:00,0.7725,1.524,0.733353,0.838715,0.1197,0.009399,0.6025422,0.6825
1994/2/15 0:00,0.7779,1.5181,0.733407,0.83382,0.119713,0.009377,0.6003643999999999,0.6828
1994/2/16 0:00,0.7821,1.5239,0.733407,0.839983,0.11971,0.009404,0.6862874,0.6783
1994/2/17 0:00,0.7815,1.5262,0.733407,0.840548,0.119706,0.009346,0.6629707999999999,0.6807
1994/2/18 0:00,0.784,1.5244,0.738116,0.83696,0.119705,0.0093,0.620115,0.685
1994/2/19 0:00,0.7822,1.5248,0.737518,0.838223,0.119705,0.009304,0.6191022,0.6842
1994/2/20 0:00,0.781,1.526,0.73692,0.8371,0.119706,0.009351,0.6623196,0.6813
1994/2/21 0:00,0.781,1.5295,0.736431,0.837731,0.119725,0.009338,0.6622197999999999,0.6813
1994/2/22 0:00,0.7838,1.5287,0.7364784000000001,0.835422,0.119745,0.009288,0.6620676000000001,0.6825
1994/2/23 0:00,0.783,1.531,0.7364784,0.838926,0.119743,0.009309,0.661718,0.6833
1994/2/24 0:00,0.7861,1.5243,0.7341942,0.829325,0.119739,0.009244,0.6398808,0.682
1994/2/25 0:00,0.7883,1.5115,0.7272624000000001,0.821153,0.119735,0.009211,0.6296222,0.681
1994/2/26 0:00,0.7897,1.5125,0.727495,0.825423,0.119726,0.009215,0.6415132,0.6763
1994/2/27 0:00,0.79,1.5123,0.7272624000000001,0.815528,0.119729,0.009202,0.6413591999999999,0.677
1994/2/28 0:00,0.7902,1.5085,0.7272624000000001,0.812612,0.11973,0.009228,0.6410085999999999,0.6783
1994/3/1 0:00,0.7875,1.5071,0.7509304,0.812018,0.119736,0.009235,0.6410085999999999,0.6785
1994/3/2 0:00,0.7852,1.507,0.7511668,0.815661,0.119743,0.009236,0.6301425999999999,0.6819
1994/3/3 0:00,0.7815,1.51,0.7765692000000001,0.817996,0.119748,0.009337,0.6301426,0.6842
1994/3/4 0:00,0.7815,1.5168,0.7546812,0.817996,0.119752,0.009337,0.6301425999999999,0.6855
1994/3/5 0:00,0.7865,1.5112,0.7535604000000001,0.814664,0.11976,0.009372,0.6298098,0.6865
1994/3/6 0:00,0.7894,1.5161,0.7274746000000001,0.813339,0.119758,0.009382,0.6298098,0.6828
1994/3/7 0:00,0.7845,1.5138,0.7740754,0.811293,0.119759,0.009366,0.6410085999999999,0.6818
1994/3/8 0:00,0.7885,1.5127,0.7739682000000001,0.809127,0.119759,0.009392,0.628827,0.6825
1994/3/9 0:00,0.7883,1.5103,0.7739682000000001,0.809062,0.11976,0.009475,0.627972,0.684
1994/3/10 0:00,0.787,1.5094,0.7739682000000001,0.810898,0.119752,0.009568,0.6291944,0.6865
1994/3/11 0:00,0.7854,1.505,0.8011897999999998,0.7629554,0.119759,0.009557,0.646973,0.6869
1994/3/12 0:00,0.7896,1.4948,0.753503,0.7441504,0.119759,0.009517,0.6336334000000001,0.6849
1994/3/13 0:00,0.7951,1.503,0.7592734,0.7760298,0.119759,0.00957,0.6125694,0.689
1994/3/14 0:00,0.7955,1.5042,0.7543568,0.7441504,0.11976,0.009539,0.6336334000000001,0.6855
1994/3/15 0:00,0.7958,1.5072,0.7520403999999999,0.7475552,0.11976,0.00953,0.634084,0.6866
1994/3/16 0:00,0.7984,1.5125,0.756706,0.7760298,0.11976,0.009527,0.634084,0.6886
1994/3/17 0:00,0.8005,1.5215,0.7572037999999999,0.7553384,0.11976,0.00951,0.634084,0.688
1994/3/18 0:00,0.7983,1.522,0.7572037999999999,0.7475552000000001,0.119759,0.009542,0.6340840000000001,0.6875
1994/3/19 0:00,0.8026,1.5223,0.7592733999999999,0.7963676000000001,0.119758,0.009479,0.6125694,0.6905
1994/3/20 0:00,0.8012,1.5145,0.756706,0.7475552000000001,0.119758,0.009527,0.6340840000000001,0.6875
1994/3/21 0:00,0.8017,1.5149,0.7592734,0.7760298,0.11976,0.009452,0.634084,0.6887
1994/3/22 0:00,0.8007,1.513,0.754156,0.7475552000000001,0.119759,0.009359,0.6340840000000001,0.6872
1994/3/23 0:00,0.8015,1.5133,0.756706,0.7475552000000001,0.11976,0.009375,0.6340840000000001,0.6872
1994/3/24 0:00,0.8,1.515,0.7523374,0.7475552,0.119771,0.009387,0.634084,0.686
1994/3/25 0:00,0.7945,1.513,0.7262814000000001,0.7310122,0.119783,0.009334,0.6768535999999999,0.6823
1994/3/26 0:00,0.7928,1.5115,0.7262814000000001,0.7813138000000001,0.119799,0.009346,0.6768535999999999,0.6825
1994/3/27 0:00,0.7943,1.5103,0.7262814000000001,0.756146,0.119801,0.009342,0.6771672000000001,0.6832
1994/3/28 0:00,0.7935,1.5134,0.727114,0.7570014,0.119808,0.009365,0.6559168000000002,0.6842
1994/3/29 0:00,0.7914,1.511,0.727484,0.7813138000000001,0.119808,0.009268,0.6771672000000001,0.6833
1994/3/30 0:00,0.7945,1.5127,0.72648,0.7644214,0.1205378,0.0092,0.6786682,0.6854
1994/3/31 0:00,0.7983,1.5211,0.728969,0.7063560000000001,0.12050920000000001,0.009194,0.6559364000000001,0.6848
1994/4/1 0:00,0.7957,1.5345,0.730727,0.8131128000000001,0.1252092,0.009289,0.709471,0.6831
1994/4/2 0:00,0.798,1.5495,0.729714,0.8455550000000001,0.125201,0.00926,0.709471,0.6795
1994/4/3 0:00,0.801,1.5515,0.730353,0.814076,0.125201,0.009228,0.71048,0.6805
1994/4/4 0:00,0.799,1.5485,0.730407,0.8455549999999998,0.125201,0.009158,0.70927,0.678
1994/4/5 0:00,0.793,1.5474,0.732064,0.8444117999999999,0.130415,0.009188,0.70922,0.6767
1994/4/6 0:00,0.7855,1.5405,0.732816,0.8355408000000001,0.1252106,0.009152,0.709421,0.6678
1994/4/7 0:00,0.7914,1.541,0.731582,0.8395480000000001,0.1252106,0.009155,0.709874,0.6693
1994/4/8 0:00,0.7935,1.5322,0.733138,0.829912,0.1304314,0.009168,0.709723,0.6728
1994/4/9 0:00,0.7919,1.5355,0.732279,0.8293596000000001,0.13046039999999998,0.009132,0.709471,0.6731
1994/4/10 0:00,0.7905,1.5345,0.731636,0.8293596000000001,0.12522,0.009135,0.709723,0.6727
1994/4/11 0:00,0.792,1.532,0.73046,0.8308202,0.1252274,0.009187,0.709471,0.6724
1994/4/12 0:00,0.7921,1.5358,0.731797,0.8293596000000001,0.13046039999999998,0.009185,0.709471,0.6742
1994/4/13 0:00,0.792,1.545,0.73185,0.8444117999999999,0.130415,0.009187,0.709975,0.6748
1994/4/14 0:00,0.7892,1.5435,0.73046,0.845082,0.11996480000000001,0.009256,0.709975,0.6749
1994/4/15 0:00,0.7876,1.5433,0.730887,0.8444117999999999,0.11997740000000001,0.009255,0.710732,0.6773
1994/4/16 0:00,0.7885,1.5418,0.731208,0.8444117999999999,0.1252008,0.009251,0.709723,0.6786
1994/4/17 0:00,0.7905,1.5383,0.732332,0.8379604,0.12521580000000002,0.009166,0.709069,0.6787
1994/4/18 0:00,0.7903,1.54,0.734322,0.8379604,0.1252276,0.009179,0.709471,0.677
1994/4/19 0:00,0.7906,1.5405,0.735294,0.8382620000000001,0.1252158,0.009172,0.708466,0.6798
1994/4/20 0:00,0.7911,1.5414,0.734592,0.779182,0.1252144,0.009132,0.708215,0.6823
1994/4/21 0:00,0.789,1.5462,0.733783,0.8312028,0.125221,0.009137,0.714031,0.683
1994/4/22 0:00,0.7856,1.5529,0.732225,0.8268032,0.1199884,0.009134,0.708466,0.686
1994/4/23 0:00,0.7872,1.5545,0.733407,0.8291359999999999,0.1199884,0.009127,0.708466,0.6846
1994/4/24 0:00,0.7827,1.5583,0.733299,0.7735592,0.12002179999999998,0.009083,0.707965,0.6843
1994/4/25 0:00,0.7813,1.5587,0.734754,0.7431588,0.1200218,0.009065,0.707314,0.6823
1994/4/26 0:00,0.796,1.5522,0.730834,0.8216749999999999,0.119976,0.009013,0.707214,0.688
1994/4/27 0:00,0.7934,1.553,0.729341,0.8216749999999999,0.11997339999999998,0.009014,0.706964,0.6888
1994/4/28 0:00,0.7922,1.5495,0.730194,0.8303231999999999,0.1199786,0.009068,0.707464,0.6875
1994/4/29 0:00,0.7975,1.5504,0.73046,0.7717687999999999,0.119976,0.009076,0.707214,0.688
1994/4/30 0:00,0.7982,1.5555,0.729714,0.7658001999999999,0.11997,0.009076,0.706065,0.6885
1994/5/1 0:00,0.7973,1.5525,0.730194,0.7717688,0.119976,0.009034,0.704077,0.6875
1994/5/2 0:00,0.7948,1.55,0.730194,0.7761684000000001,0.12519999999999998,0.009054,0.704622,0.6854
1994/5/3 0:00,0.7912,1.5585,0.729022,0.8015079999999999,0.1199754,0.009162,0.705965,0.6884
1994/5/4 0:00,0.7875,1.5432,0.728544,0.776086,0.1199664,0.009206,0.70497,0.6885
1994/5/5 0:00,0.792,1.5479,0.731101,0.7761684,0.1199786,0.009265,0.704722,0.6889
1994/5/6 0:00,0.7906,1.5466,0.731315,0.8303231999999999,0.1200126,0.00924,0.705368,0.693
1994/5/7 0:00,0.7917,1.5512,0.731208,0.8207281999999999,0.12001220000000001,0.009302,0.703977,0.6952
1994/5/8 0:00,0.7911,1.5515,0.729129,0.8276599999999998,0.1199846,0.009252,0.705219,0.693
1994/5/9 0:00,0.7912,1.5525,0.728863,0.8216914,0.11998280000000001,0.009234,0.705766,0.696
1994/5/10 0:00,0.788,1.5572,0.728544,0.8132237999999999,0.1199948,0.009227,0.706464,0.697
1994/5/11 0:00,0.7873,1.5545,0.727484,0.8183133999999999,0.1199988,0.009231,0.705716,0.697
1994/5/12 0:00,0.7871,1.557,0.728651,0.8132237999999999,0.12000059999999999,0.009158,0.706215,0.6949
1994/5/13 0:00,0.7825,1.5558,0.727961,0.8201274,0.12000059999999999,0.009252,0.707064,0.6942
1994/5/14 0:00,0.7735,1.5556,0.727431,0.7693004,0.1201018,0.009366,0.707714,0.6892
1994/5/15 0:00,0.7721,1.5572,0.729129,0.6880048000000001,0.12013179999999998,0.009368,0.707164,0.6832
1994/5/16 0:00,0.773,1.5418,0.727008,0.7817456,0.1199408,0.009341,0.706215,0.6833
1994/5/17 0:00,0.7729,1.5442,0.726903,0.722658,0.11998899999999998,0.009377,0.706215,0.6836
1994/5/18 0:00,0.7758,1.5375,0.727537,0.7807980000000001,0.1198836,0.009353,0.705716,0.6875
1994/5/19 0:00,0.7772,1.5418,0.728757,0.780798,0.11996480000000001,0.009264,0.705716,0.6872
1994/5/20 0:00,0.7782,1.5497,0.728704,0.7778772,0.12013699999999998,0.009247,0.705069,0.6873
1994/5/21 0:00,0.7785,1.549,0.728704,0.7778772,0.12013699999999998,0.009249,0.706215,0.6882
1994/5/22 0:00,0.7776,1.5505,0.729129,0.7471448,0.1200952,0.009283,0.706714,0.6857
1994/5/23 0:00,0.7792,1.5499,0.727379,0.7796304000000001,0.1200358,0.009295,0.707464,0.6842
1994/5/24 0:00,0.779,1.5483,0.727537,0.7770210000000001,0.12006779999999999,0.009264,0.707965,0.6855
1994/5/25 0:00,0.7827,1.5504,0.725953,0.8312028,0.1200126,0.009258,0.707814,0.6871
1994/5/26 0:00,0.7837,1.5468,0.727749,0.8312028,0.12007160000000001,0.009263,0.709471,0.689
1994/5/27 0:00,0.79,1.5444,0.728067,0.828775,0.12002260000000001,0.00927,0.709069,0.689
1994/5/28 0:00,0.7862,1.5473,0.728067,0.82802,0.1200474,0.009234,0.708868,0.6899
1994/5/29 0:00,0.7898,1.5497,0.727802,0.833056,0.12004000000000001,0.00923,0.708215,0.692
1994/5/30 0:00,0.791,1.5508,0.728969,0.828432,0.12001199999999998,0.00924,0.708215,0.6913
1994/5/31 0:00,0.7903,1.553,0.729927,0.833333,0.12004,0.009225,0.708968,0.694
1994/6/1 0:00,0.7905,1.5553,0.729448,0.837872,0.12004,0.009285,0.709723,0.6943
1994/6/2 0:00,0.7868,1.553,0.731208,0.837731,0.12004000000000001,0.009278,0.709975,0.692
1994/6/3 0:00,0.7905,1.5593,0.731797,0.838364,0.1200108,0.009222,0.711238,0.692
1994/6/4 0:00,0.791,1.5563,0.731743,0.834376,0.119956,0.009217,0.710328,0.6928
1994/6/5 0:00,0.791,1.5612,0.730727,0.832709,0.119957,0.0092,0.71048,0.69
1994/6/6 0:00,0.792,1.5671,0.730034,0.827815,0.119962,0.009151,0.709975,0.6918
1994/6/7 0:00,0.7921,1.567,0.72998,0.829187,0.11996,0.009187,0.710227,0.6922
1994/6/8 0:00,0.7942,1.5667,0.729767,0.828363,0.119963,0.009167,0.710379,0.6939
1994/6/9 0:00,0.7975,1.5607,0.727961,0.82203,0.119966,0.009143,0.710732,0.6941
1994/6/10 0:00,0.8012,1.5582,0.728332,0.820681,0.119969,0.009158,0.710227,0.6953
1994/6/11 0:00,0.7991,1.5569,0.729395,0.810964,0.11997,0.009104,0.711238,0.6944
1994/6/12 0:00,0.8004,1.555,0.728969,0.811293,0.119972,0.00907,0.70922,0.697
1994/6/13 0:00,0.796,1.5538,0.729395,0.806777,0.119973,0.009066,0.709471,0.6947
1994/6/14 0:00,0.7927,1.5544,0.729767,0.805607,0.119976,0.009055,0.709471,0.6955
1994/6/15 0:00,0.787,1.5566,0.729661,0.806842,0.119983,0.009079,0.708466,0.6945
1994/6/16 0:00,0.79,1.5545,0.729341,0.803213,0.119986,0.009059,0.708366,0.6988
1994/6/17 0:00,0.7886,1.5602,0.729076,0.804959,0.119989,0.009157,0.709975,0.7021
1994/6/18 0:00,0.7895,1.5515,0.729235,0.803859,0.119996,0.009142,0.71048,0.6995
1994/6/19 0:00,0.7903,1.5555,0.730994,0.806777,0.120005,0.009102,0.709975,0.6916
1994/6/20 0:00,0.7898,1.5568,0.731797,0.810307,0.120013,0.009102,0.7099042,0.6981
1994/6/21 0:00,0.78746,1.558,0.731048,0.807885,0.120016,0.009106,0.7093031999999999,0.6978
1994/6/22 0:00,0.78508,1.5633,0.731529,0.809127,0.120012,0.00906,0.6440319999999999,0.6986
1994/6/23 0:00,0.7865400000000001,1.5613,0.731101,0.797766,0.120018,0.009054,0.6437267999999999,0.6995
1994/6/24 0:00,0.78508,1.563,0.733568,0.795862,0.120024,0.009021,0.645383,0.6996
1994/6/25 0:00,0.7850800000000001,1.5653,0.734214,0.796495,0.120024,0.008957,0.622374,0.699
1994/6/26 0:00,0.7850800000000001,1.564,0.733999,0.79713,0.120024,0.008979,0.622374,0.6995
1994/6/27 0:00,0.7850800000000001,1.5685,0.734214,0.79713,0.120024,0.0084422,0.622374,0.6992
1994/6/28 0:00,0.7850800000000001,1.5661,0.734808,0.797575,0.120026,0.008487199999999999,0.622374,0.6987
1994/6/29 0:00,0.77741,1.5623,0.737844,0.795798,0.120038,0.008654400000000001,0.6219468000000001,0.6994
1994/6/30 0:00,0.7673399999999999,1.5635,0.738661,0.796052,0.120038,0.0081234,0.602787,0.6922
1994/7/1 0:00,0.77938,1.52324,0.738062,0.799488,0.120026,0.0086412,0.602787,0.6915
1994/7/2 0:00,0.79262,1.51484,0.738116,0.797639,0.120041,0.0092196,0.5965966,0.6894
1994/7/3 0:00,0.77468,1.52324,0.739864,0.798722,0.120049,0.008441599999999999,0.602787,0.6922
1994/7/4 0:00,0.7755799999999999,1.5332000000000001,0.739317,0.797003,0.120058,0.008424400000000002,0.602787,0.6932
1994/7/5 0:00,0.7732699999999999,1.6270599999999997,0.738607,0.788644,0.120075,0.008551800000000002,0.6441244000000002,0.6965
1994/7/6 0:00,0.77142,1.5835,0.737735,0.790014,0.120084,0.008917,0.6208334000000001,0.6965
1994/7/7 0:00,0.7802,1.5863,0.739536,0.787712,0.120091,0.008911,0.707264,0.7002
1994/7/8 0:00,0.77942,1.5903,0.741125,0.786349,0.12008,0.008886,0.706914,0.7065
1994/7/9 0:00,0.7811600000000001,1.5916,0.742115,0.791139,0.120048,0.008868,0.706814,0.7131
1994/7/10 0:00,0.77912,1.5953,0.743605,0.790639,0.120048,0.008861,0.706364,0.7098
1994/7/11 0:00,0.779,1.5968,0.744103,0.797067,0.120048,0.008852,0.705866,0.7102
1994/7/12 0:00,0.7968248,1.5918,0.743108,0.795862,0.120048,0.008861,0.705816,0.7008
1994/7/13 0:00,0.77796,1.6062,0.743771,0.793651,0.120048,0.008824,0.706215,0.703
1994/7/14 0:00,0.7788400000000001,1.6122,0.743605,0.794597,0.120048,0.008763,0.705567,0.7054
1994/7/15 0:00,0.7792000000000001,1.6099,0.743273,0.79713,0.120048,0.008763,0.707464,0.7055
1994/7/16 0:00,0.779,1.6326,0.745323,0.798085,0.120048,0.008774,0.710076,0.7058
1994/7/17 0:00,0.77776,1.6278,0.745768,0.792205,0.120048,0.008788,0.709824,0.707
1994/7/18 0:00,0.78142,1.6358,0.749176,0.787402,0.12007,0.008828,0.709975,0.7083
1994/7/19 0:00,0.7838399999999999,1.6435,0.748559,0.786287,0.120078,0.008774,0.710631,0.7085
1994/7/20 0:00,0.7876,1.645,0.750188,0.782595,0.120081,0.008755,0.709975,0.7105
1994/7/21 0:00,0.7876000000000001,1.64,0.751315,0.782228,0.120084,0.008773,0.710227,0.7113
1994/7/22 0:00,0.79004,1.6475,0.750638,0.789266,0.120087,0.008965,0.713114,0.7062
1994/7/23 0:00,0.7909200000000001,1.647,0.750751,0.789889,0.120091,0.008958,0.714286,0.7091
1994/7/24 0:00,0.79074,1.647,0.748951,0.791452,0.120096,0.008969,0.713776,0.7068
1994/7/25 0:00,0.7909200000000001,1.655,0.749794,0.788395,0.120075,0.008976,0.713419,0.71
1994/7/26 0:00,0.7876000000000001,1.6653,0.749457,0.784621,0.120057,0.008986,0.714184,0.712
1994/7/27 0:00,0.79074,1.6646,0.748055,0.781739,0.120048,0.008985,0.714541,0.7058
1994/7/28 0:00,0.7876,1.67,0.745212,0.789079,0.120045,0.008984,0.714541,0.7088
1994/7/29 0:00,0.7952,1.676,0.744823,0.787092,0.120045,0.008965,0.714286,0.7113
1994/7/30 0:00,0.7995,1.678,0.745156,0.790326,0.120047,0.008989,0.713267,0.7098
1994/7/31 0:00,0.811,1.6887,0.746659,0.789453,0.120032,0.008975,0.713521,0.712
1994/8/1 0:00,0.812,1.68,0.746659,0.787712,0.120024,0.008976,0.713521,0.7148
1994/8/2 0:00,0.8116,1.6695,0.745545,0.777303,0.120024,0.008874,0.713419,0.7123
1994/8/3 0:00,0.8113,1.673,0.74499,0.774893,0.120031,0.008876,0.713674,0.7088
1994/8/4 0:00,0.8111,1.676,0.742611,0.773754,0.120034,0.008824,0.713521,0.7082
1994/8/5 0:00,0.8137,1.682,0.741345,0.767283,0.120031,0.008781,0.712962,0.7108
1994/8/6 0:00,0.818,1.684,0.739919,0.761035,0.120031,0.008787,0.713776,0.7113
1994/8/7 0:00,0.797,1.642,0.74151,0.7891642,0.120032,0.008804,0.712504,0.7065
1994/8/8 0:00,0.798,1.6387,0.739372,0.7873194000000001,0.120029,0.008839,0.712758,0.712
1994/8/9 0:00,0.798,1.6268,0.736106,0.7949318000000001,0.120029,0.008901,0.713878,0.703
1994/8/10 0:00,0.7961,1.6415,0.735564,0.7922942000000001,0.120045,0.008862,0.714031,0.7032
1994/8/11 0:00,0.8031,1.6475,0.737735,0.7878978,0.120054,0.008828,0.713521,0.707
1994/8/12 0:00,0.8018,1.6505,0.736974,0.7962992,0.120057,0.008828,0.714184,0.6985
1994/8/13 0:00,0.792,1.658,0.733945,0.7962992,0.12006,0.008857,0.714796,0.6955
1994/8/14 0:00,0.7925,1.657,0.736974,0.7931191999999999,0.120055,0.008807,0.714541,0.7006
1994/8/15 0:00,0.7915,1.6603,0.733945,0.7931192,0.120062,0.008787,0.714286,0.7015
1994/8/16 0:00,0.793,1.5604799999999999,0.731957,0.8041893999999999,0.120068,0.008754,0.714133,0.698
1994/8/17 0:00,0.7959,1.64296,0.731797,0.7984424000000001,0.120073,0.0088,0.714031,0.7077
1994/8/18 0:00,0.7905,1.6160600000000003,0.731475,0.7999152,0.120078,0.008799,0.714745,0.7055
1994/8/19 0:00,0.794,1.6291600000000002,0.730727,0.7999151999999999,0.120084,0.008772,0.714541,0.7073
1994/8/20 0:00,0.7943,1.6291600000000002,0.731261,0.7999152,0.120091,0.008753,0.714388,0.7083
1994/8/21 0:00,0.797,1.64296,0.731261,0.8009688,0.120081,0.008763,0.713776,0.7075
1994/8/22 0:00,0.796,1.61058,0.732225,0.7992760000000001,0.120077,0.008734,0.719166,0.7072
1994/8/23 0:00,0.795,1.62972,0.733299,0.7992760000000001,0.120081,0.008702,0.714643,0.706
1994/8/24 0:00,0.795,1.65422,0.7423339999999999,0.788285,0.120074,0.008611,0.714286,0.7065
1994/8/25 0:00,0.7957,1.6485200000000002,0.742548,0.788285,0.120074,0.00863,0.714133,0.7055
1994/8/26 0:00,0.7944,1.65522,0.7423339999999999,0.788285,0.120071,0.008638,0.714541,0.7065
1994/8/27 0:00,0.7895,1.65522,0.7448662,0.788285,0.120073,0.008659,0.714796,0.7072
1994/8/28 0:00,0.7914,1.5936,0.727696,0.8037848000000001,0.120073,0.008596,0.712758,0.7075
1994/8/29 0:00,0.7882,1.57756,0.730674,0.8011318,0.120077,0.008636,0.711086,0.7081
1994/8/30 0:00,0.7891,1.63764,0.73692,0.7888596000000001,0.120083,0.00867,0.712251,0.7097
1994/8/31 0:00,0.7796,1.6261200000000002,0.738934,0.7925696,0.120088,0.008631,0.711491,0.7067
1994/9/1 0:00,0.778,1.6261200000000002,0.739536,0.7925696,0.120094,0.008607,0.711389,0.7065
1994/9/2 0:00,0.7818,1.6261200000000002,0.74184,0.7925696,0.120096,0.008613,0.711491,0.705
1994/9/3 0:00,0.7783,1.6093800000000003,0.74129,0.7922962,0.120097,0.00859,0.711997,0.7035
1994/9/4 0:00,0.781,1.7713100000000002,0.740466,0.8013024,0.1201,0.008554,0.6654638,0.703
1994/9/5 0:00,0.7767,1.6690200000000002,0.745101,0.7982566,0.120103,0.00853,0.6854674000000001,0.7037
1994/9/6 0:00,0.7791,1.69232,0.746714,0.7947774,0.120109,0.008581,0.6891106,0.7064
1994/9/7 0:00,0.78,1.6885099999999997,0.746324,0.7958604000000001,0.120111,0.008539,0.6876323999999999,0.7085
1994/9/8 0:00,0.7774,1.6923199999999998,0.747105,0.7947774,0.120113,0.008489,0.6891106,0.7041
1994/9/9 0:00,0.7756,1.7465800000000002,0.748671,0.7961366,0.120114,0.008409,0.6673563999999998,0.7042
1994/9/10 0:00,0.7716,1.82715,0.745323,0.8054705999999999,0.120114,0.008358,0.617842,0.6967
1994/9/11 0:00,0.772,1.68903,0.74151,0.7634700000000001,0.120119,0.008399,0.6781068,0.6935
1994/9/12 0:00,0.7722,1.6369399999999998,0.743882,0.6997222000000001,0.120123,0.008372,0.7007586,0.69
1994/9/13 0:00,0.769,1.7296900000000002,0.745879,0.7142035999999999,0.120129,0.008252,0.6774624,0.6874
1994/9/14 0:00,0.77,1.67912,0.743218,0.7134664,0.120135,0.008198,0.6771906,0.6883
1994/9/15 0:00,0.7657,1.6360199999999998,0.74173,0.7032506000000001,0.120137,0.008227,0.7005728,0.69
1994/9/16 0:00,0.7625,1.6319399999999997,0.74217,0.6961164,0.120143,0.008247,0.6989297999999999,0.6885
1994/9/17 0:00,0.767,1.67912,0.74438,0.7134664,0.120148,0.008218,0.6771906,0.6882
1994/9/18 0:00,0.763,1.63776,0.744546,0.7011342,0.120153,0.008174,0.699929,0.6898
1994/9/19 0:00,0.7613,1.63728,0.744602,0.7157903999999999,0.120156,0.008091,0.67961,0.6909
1994/9/20 0:00,0.7648,1.6319399999999997,0.74162,0.6961164,0.120169,0.008076,0.6989297999999999,0.6885
1994/9/21 0:00,0.7611,1.7724600000000001,0.741125,0.7656972000000001,0.120169,0.00803,0.6341106000000001,0.6835
1994/9/22 0:00,0.7572,1.76944,0.739754,0.7402552,0.120169,0.008147,0.6565290000000001,0.6842
1994/9/23 0:00,0.7583,1.7259699999999998,0.737572,0.7346503999999999,0.120169,0.008119,0.6549596,0.6876
1994/9/24 0:00,0.759,1.72899,0.737626,0.7142035999999999,0.120192,0.008063,0.6774624000000001,0.687
1994/9/25 0:00,0.7676,1.66185,0.739044,0.794087,0.120161,0.008042,0.6171268000000001,0.6946
1994/9/26 0:00,0.7655,1.6709500000000002,0.740631,0.7782452,0.120156,0.008061,0.6598008,0.6935
1994/9/27 0:00,0.7653,1.63646,0.736648,0.6990078000000001,0.120162,0.00807,0.6998991999999999,0.6894
1994/9/28 0:00,0.7663,1.6372200000000003,0.735835,0.6990222,0.120137,0.008045,0.7010628000000001,0.69
1994/9/29 0:00,0.7702,1.66413,0.735456,0.7770005999999999,0.120136,0.008141,0.6582766,0.6938
1994/9/30 0:00,0.777,1.6334799999999998,0.733945,0.6972114,0.120133,0.008112,0.6969324,0.694
1994/10/1 0:00,0.777,1.6083599999999998,0.734053,0.7361962,0.120137,0.008185,0.6767836,0.697
1994/10/2 0:00,0.7768,1.6199999999999999,0.734646,0.7159310000000001,0.120192,0.008201,0.6767836,0.6965
1994/10/3 0:00,0.7742,1.6877699999999998,0.732064,0.7234233999999999,0.120123,0.008203,0.6764889999999999,0.6942
1994/10/4 0:00,0.7778,1.63728,0.731475,0.7164452000000001,0.120123,0.0088226,0.679759,0.6908
1994/10/5 0:00,0.7765,1.6866500000000002,0.731529,0.7197836,0.120114,0.008766,0.6775228,0.6924
1994/10/6 0:00,0.7863,1.82225,0.731261,0.8054776,0.120106,0.0093408,0.596525,0.7007
1994/10/7 0:00,0.7894,1.75402,0.729927,0.8077662,0.120116,0.009115999999999999,0.6669734,0.704
1994/10/8 0:00,0.7841,1.82225,0.730834,0.8054776,0.12012,0.0093408,0.596525,0.7025
1994/10/9 0:00,0.7873,1.75745,0.732654,0.805194,0.12011,0.0092492,0.6429940000000001,0.7031
1994/10/10 0:00,0.788,1.75402,0.730994,0.8077662,0.12011,0.009115999999999999,0.6669734,0.704
1994/10/11 0:00,0.7875,1.75515,0.729395,0.8067933999999999,0.120116,0.009317800000000001,0.642141,0.7026
1994/10/12 0:00,0.7927,1.72716,0.731689,0.8065476,0.120117,0.0087546,0.6911612,0.7045
1994/10/13 0:00,0.794,1.79204,0.733138,0.8062833999999999,0.120116,0.008151,0.7143268,0.704
1994/10/14 0:00,0.7923,1.6293399999999998,0.733514,0.798218,0.120113,0.008114,0.619536,0.6995
1994/10/15 0:00,0.7978,1.6022,0.733353,0.7955016,0.120113,0.0081,0.6211099999999999,0.6987
1994/10/16 0:00,0.7935,1.59,0.730247,0.7909688,0.120109,0.008087,0.620241,0.6948
1994/10/17 0:00,0.786,1.589,0.727484,0.7758602000000001,0.120109,0.008167,0.5941168,0.6937
1994/10/18 0:00,0.786,1.5968,0.725163,0.7569104000000001,0.120107,0.008143,0.61395,0.6903
1994/10/19 0:00,0.7871,1.5948,0.7249,0.7569104000000001,0.120107,0.008091,0.61395,0.6914
1994/10/20 0:00,0.7841,1.6015,0.724533,0.7569488000000001,0.120111,0.008142,0.5932594,0.6921
1994/10/21 0:00,0.787,1.6171,0.725689,0.7338542,0.120111,0.008135,0.5977469999999999,0.6974
1994/10/22 0:00,0.7817,1.6172,0.725742,0.6875666,0.120094,0.008071,0.5970174,0.6955
1994/10/23 0:00,0.783,1.6276,0.727484,0.682547,0.120097,0.00805,0.6148608,0.6934
1994/10/24 0:00,0.7816,1.6312,0.726216,0.690131,0.1201,0.008087,0.5961228000000001,0.6943
1994/10/25 0:00,0.7835,1.6315,0.724113,0.689417,0.1201,0.008071,0.5961228000000001,0.6945
1994/10/26 0:00,0.784,1.6448,0.722804,0.695265,0.120113,0.008083,0.5961228000000001,0.6947
1994/10/27 0:00,0.7876,1.6485,0.721241,0.693145,0.120116,0.00815,0.5977469999999999,0.6973
1994/10/28 0:00,0.7845,1.6425,0.720617,0.692281,0.120101,0.008149,0.5970174,0.6963
1994/10/29 0:00,0.779,1.646,0.720098,0.697593,0.120093,0.008143,0.6159011999999999,0.6927
1994/10/30 0:00,0.7755,1.6389,0.718236,0.693385,0.120094,0.008047,0.7021442,0.6905
1994/10/31 0:00,0.7762,1.6277,0.719735,0.682687,0.120097,0.007957,0.6544392,0.6892
1994/11/1 0:00,0.781,1.6233,0.720461,0.680643,0.120097,0.007931,0.6520838,0.6886
1994/11/2 0:00,0.7838,1.622,0.720357,0.677048,0.120098,0.007883,0.6522207999999999,0.6935
1994/11/3 0:00,0.7814,1.623,0.718597,0.680087,0.120098,0.00794,0.6715956000000001,0.6916
1994/11/4 0:00,0.786,1.6245,0.715512,0.682128,0.120093,0.007934,0.6525074,0.6938
1994/11/5 0:00,0.779,1.6225,0.715052,0.680782,0.120098,0.007906,0.6723138000000001,0.692
1994/11/6 0:00,0.7755,1.6255,0.715973,0.680596,0.120104,0.007915,0.6724926,0.6873
1994/11/7 0:00,0.7716,1.6225,0.71541,0.679579,0.120111,0.007952,0.6377376,0.687
1994/11/8 0:00,0.7735,1.631,0.715564,0.680735,0.120119,0.007933,0.6182746,0.6893
1994/11/9 0:00,0.774,1.6315,0.714592,0.685448,0.120119,0.007944,0.693963,0.6915
1994/11/10 0:00,0.776,1.6353,0.71541,0.689845,0.120123,0.007958,0.694541,0.6938
1994/11/11 0:00,0.778,1.6362,0.716486,0.685119,0.120122,0.007921,0.692521,0.6938
1994/11/12 0:00,0.7765,1.6213,0.717257,0.683807,0.120126,0.007926,0.692281,0.6928
1994/11/13 0:00,0.7755,1.625,0.717978,0.684229,0.120123,0.007939,0.692473,0.692
1994/11/14 0:00,0.7768,1.6235,0.716025,0.680735,0.12013,0.007944,0.693097,0.6935
1994/11/15 0:00,0.7797,1.6232,0.714541,0.680735,0.120122,0.007894,0.692041,0.6949
1994/11/16 0:00,0.7804,1.6312,0.715359,0.681756,0.120122,0.007886,0.692281,0.694
1994/11/17 0:00,0.7795,1.62,0.715768,0.678196,0.120127,0.007872,0.690608,0.693
1994/11/18 0:00,0.7845,1.6238,0.7204822,0.680967,0.120127,0.007896,0.691419,0.689
1994/11/19 0:00,0.784,1.6215,0.7181390000000001,0.680272,0.120127,0.007901,0.690846,0.6905
1994/11/20 0:00,0.78,1.62,0.7202706,0.67838,0.120124,0.007893,0.691563,0.6885
1994/11/21 0:00,0.7772,1.6375,0.7275928,0.684229,0.12013,0.007971,0.691563,0.687
1994/11/22 0:00,0.7764,1.6364,0.7243998,0.683948,0.120137,0.007994,0.691324,0.6847
1994/11/23 0:00,0.78,1.62,0.7316176000000001,0.692521,0.120143,0.008074,0.692761,0.6858
1994/11/24 0:00,0.7784,1.621,0.7345790000000001,0.702741,0.120148,0.008283,0.693963,0.6877
1994/11/25 0:00,0.7787,1.6235,0.7332474,0.695169,0.120149,0.008407,0.696864,0.695
1994/11/26 0:00,0.7767,1.6319,0.7332474,0.695604,0.120152,0.008421,0.696136,0.6945
1994/11/27 0:00,0.778,1.64,0.7332474,0.694686,0.120156,0.008451,0.696621,0.6956
1994/11/28 0:00,0.7765,1.6385,0.7332474,0.696621,0.120162,0.0086,0.696961,0.6962
1994/11/29 0:00,0.7748,1.6335,0.736586,0.703977,0.120166,0.008663,0.69808,0.693
1994/11/30 0:00,0.7743,1.638,0.736586,0.699888,0.120159,0.008617,0.697107,0.6917
1994/12/1 0:00,0.7742,1.6438,0.7365860000000001,0.71048,0.120165,0.008787,0.699056,0.692
1994/12/2 0:00,0.784,1.6465,0.7348742,0.711238,0.120162,0.008766,0.698812,0.6953
1994/12/3 0:00,0.7795,1.6235,0.7331296,0.706964,0.120159,0.008624,0.698568,0.6935
1994/12/4 0:00,0.765,1.6324,0.7400758000000001,0.711845,0.120159,0.008636,0.698812,0.6902
1994/12/5 0:00,0.764,1.629,0.7400758,0.705965,0.120169,0.008587,0.698812,0.6908
1994/12/6 0:00,0.7635,1.6382,0.7413427999999999,0.706115,0.120158,0.008657,0.699301,0.6896
1994/12/7 0:00,0.782011,1.6405,0.7394936000000001,0.708215,0.12538739999999998,0.008605,0.69891,0.6902
1994/12/8 0:00,0.7665000000000001,1.636,0.7405282,0.706964,0.12014239999999998,0.008591,0.69891,0.6895
1994/12/9 0:00,0.76536,1.6343,0.7426438000000001,0.700035,0.12014480000000001,0.008566,0.698324,0.6879
1994/12/10 0:00,0.7645200000000001,1.6342,0.741792,0.695265,0.12015279999999999,0.00861,0.698324,0.6885
1994/12/11 0:00,0.7659199999999999,1.6272,0.7416072,0.69056,0.12015139999999999,0.008598,0.699056,0.6887
1994/12/12 0:00,0.7771999999999999,1.6328,0.741735,0.690512,0.1253456,0.008645,0.69979,0.6865
1994/12/13 0:00,0.7645200000000001,1.628,0.741792,0.687758,0.12015279999999999,0.008666,0.700035,0.6885
1994/12/14 0:00,0.784311,1.6355,0.7394936000000001,0.695555,0.12538459999999998,0.008879,0.70497,0.6902
1994/12/15 0:00,0.786791,1.6382,0.7747598000000001,0.692281,0.12537479999999998,0.008881,0.704225,0.6915
1994/12/16 0:00,0.783971,1.637,0.7395048000000001,0.695652,0.1253852,0.008975,0.704722,0.6905
1994/12/17 0:00,0.783971,1.6352,0.7395048000000001,0.693818,0.12538519999999997,0.008773,0.702494,0.6907
1994/12/18 0:00,0.7665000000000001,1.637,0.7405282,0.694203,0.12014239999999998,0.008811,0.699741,0.6895
1994/12/19 0:00,0.782011,1.6357,0.7405282,0.693674,0.12538739999999998,0.008811,0.701262,0.69
1994/12/20 0:00,0.7665000000000001,1.6385,0.7405282,0.691324,0.12014239999999998,0.008822,0.700771,0.6894
1994/12/21 0:00,0.7665000000000001,1.6384,0.7405282,0.690703,0.12014239999999998,0.008811,0.701262,0.6895
1994/12/22 0:00,0.7771999999999999,1.648,0.741735,0.696233,0.1253456,0.008765,0.701262,0.6867
1994/12/23 0:00,0.80386,1.6537,0.7403912,0.694493,0.13592200000000002,0.008724,0.700771,0.685
1994/12/24 0:00,0.8039900000000001,1.6688,0.7403912000000001,0.697934,0.1360614,0.008673,0.698568,0.6827
1994/12/25 0:00,0.80386,1.6643,0.7403912,0.694782,0.13592200000000002,0.008711,0.699301,0.684
1994/12/26 0:00,0.78662,1.53914,0.7326884000000001,0.695265,0.1252118,0.008776,0.701115,0.6848
1994/12/27 0:00,0.8143846,1.513086,0.7870778,0.695314,0.1251784,0.008832,0.700771,0.6872
1994/12/28 0:00,0.8296504,1.6435359999999999,0.7290432000000001,0.689845,0.146379,0.008721,0.699301,0.6789
1994/12/29 0:00,0.8296504,1.6435359999999999,0.724113,0.68465,0.14637899999999998,0.008725,0.699203,0.679
1994/12/30 0:00,0.8217534000000001,1.6492494,0.72448,0.685401,0.1462396,0.008701,0.699937,0.678
1994/12/31 0:00,0.8217534000000001,1.6492494,0.726216,0.679394,0.14623959999999997,0.008732,0.699203,0.678
1995/1/1 0:00,0.8214568,1.6492494,0.728014,0.682128,0.14625159999999998,0.008814,0.698324,0.6775
1995/1/2 0:00,0.8309470000000001,1.6478886,0.726639,0.685401,0.14633639999999998,0.008881,0.696476,0.6745
1995/1/3 0:00,0.8192712,1.6483674000000001,0.727537,0.682361,0.14624679999999998,0.008868,0.695169,0.6757
1995/1/4 0:00,0.8360768000000001,1.6607826000000003,0.728332,0.684838,0.1463476,0.008852,0.695797,0.673
1995/1/5 0:00,0.8360768000000001,1.6607825999999999,0.728014,0.68975,0.1463476,0.008843,0.698959,0.6724
1995/1/6 0:00,0.8006093999999999,1.652276,0.729661,0.684885,0.141038,0.008781,0.694686,0.6697
1995/1/7 0:00,0.75351,1.6260252000000002,0.73046,0.679348,0.13053679999999998,0.00879,0.693481,0.6655
1995/1/8 0:00,0.729853,1.615605,0.729501,0.675539,0.1305626,0.00863,0.692857,0.663
1995/1/9 0:00,0.729233,1.58114,0.728014,0.674218,0.12536920000000001,0.0086,0.690131,0.6592
1995/1/10 0:00,0.729233,1.591426,0.725637,0.674992,0.12536920000000001,0.008611,0.685401,0.6557
1995/1/11 0:00,0.72136,1.593426,0.727484,0.678887,0.1253956,0.008661,0.680643,0.6523
1995/1/12 0:00,0.729233,1.590246,0.727484,0.677736,0.1253956,0.00863,0.683293,0.6534
1995/1/13 0:00,0.72262,1.5855799999999998,0.723694,0.671141,0.119075,0.008952199999999999,0.684932,0.6478
1995/1/14 0:00,0.72388,1.5855799999999998,0.724008,0.673854,0.12023999999999999,0.008626400000000001,0.68157,0.6497
1995/1/15 0:00,0.71984,1.57908,0.722961,0.666889,0.12536920000000001,0.009254799999999999,0.677277,0.653
1995/1/16 0:00,0.71768,1.57908,0.722126,0.660066,0.11980519999999999,0.009254799999999999,0.677736,0.6525
1995/1/17 0:00,0.72426,1.5787,0.721241,0.657895,0.11828559999999999,0.010257800000000001,0.681663,0.641
1995/1/18 0:00,0.71984,1.5795199999999998,0.721761,0.659196,0.1190554,0.0096166,0.683293,0.6495
1995/1/19 0:00,0.71984,1.58314,0.723956,0.660066,0.11943920000000001,0.008952200000000002,0.681896,0.6502
1995/1/20 0:00,0.71984,1.57994,0.723589,0.660284,0.1194392,0.008952200000000002,0.67981,0.6498
1995/1/21 0:00,0.7297800000000001,1.5795,0.719891,0.655308,0.11828920000000001,0.0102646,0.677966,0.6433
1995/1/22 0:00,0.7297800000000001,1.5787,0.724743,0.655523,0.11828559999999999,0.010257800000000001,0.681663,0.643
1995/1/23 0:00,0.7264999999999999,1.5787,0.723851,0.651042,0.11828559999999999,0.010257800000000001,0.678887,0.6448
1995/1/24 0:00,0.7297800000000001,1.5749,0.720929,0.652869,0.11828559999999999,0.0102334,0.67981,0.6393
1995/1/25 0:00,0.7297800000000001,1.57386,0.720721,0.653808,0.1182806,0.010226599999999999,0.678656,0.6385
1995/1/26 0:00,0.72726,1.56256,0.717978,0.66357,0.1182688,0.010162399999999999,0.675219,0.6373
1995/1/27 0:00,0.7297800000000001,1.5722,0.71772,0.656599,0.118278,0.0102216,0.673718,0.6418
1995/1/28 0:00,0.7297800000000001,1.56636,0.717772,0.654236,0.11906620000000001,0.010186800000000001,0.662471,0.638
1995/1/29 0:00,0.7297800000000001,1.56636,0.718081,0.662208,0.1198622,0.009601199999999999,0.664011,0.6414
1995/1/30 0:00,0.7297800000000001,1.6279,0.719062,0.658111,0.12025820000000001,0.009601199999999999,0.658111,0.6415
1995/1/31 0:00,0.7297800000000001,1.59018,0.719269,0.664231,0.1202566,0.009262200000000002,0.659196,0.6421
1995/2/1 0:00,0.7297800000000001,1.59018,0.720098,0.661376,0.12025820000000001,0.0092622,0.658979,0.6435
1995/2/2 0:00,0.7297800000000001,1.5722,0.716794,0.659413,0.12023740000000001,0.0092622,0.661594,0.6443
1995/2/3 0:00,0.7297800000000001,1.56636,0.717412,0.654879,0.1190712,0.0101868,0.66357,0.6403
1995/2/4 0:00,0.7297800000000001,1.56636,0.716589,0.659413,0.1190712,0.0101868,0.667557,0.6403
1995/2/5 0:00,0.72988,1.5734400000000002,0.716949,0.667646,0.12025820000000001,0.0092622,0.669031,0.647
1995/2/6 0:00,0.72988,1.5722,0.718546,0.666844,0.12025820000000001,0.009293399999999999,0.669344,0.6465
1995/2/7 0:00,0.72862,1.5734400000000002,0.716794,0.672269,0.12026099999999999,0.0092622,0.669344,0.646
1995/2/8 0:00,0.7297800000000001,1.59018,0.718546,0.668226,0.1202566,0.0092622,0.659196,0.6435
1995/2/9 0:00,0.72728,1.66054,0.720565,0.674172,0.12026099999999999,0.009254799999999999,0.655093,0.6433
1995/2/10 0:00,0.7345,1.56256,0.719942,0.671637,0.12026099999999999,0.009231,0.660066,0.6385
1995/2/11 0:00,0.7265,1.57456,0.722282,0.664011,0.1202566,0.009872200000000001,0.659631,0.6335
1995/2/12 0:00,0.7258,1.57456,0.7227,0.667289,0.1202566,0.0095932,0.658979,0.6342
1995/2/13 0:00,0.7321,1.56966,0.721605,0.668003,0.12026099999999999,0.009231,0.658328,0.6378
1995/2/14 0:00,0.7308,1.56966,0.72338,0.677828,0.12026099999999999,0.0092672,0.660066,0.6361
1995/2/15 0:00,0.73,1.56966,0.722282,0.671817,0.12026099999999999,0.0096062,0.665336,0.636
1995/2/16 0:00,0.727,1.56966,0.721917,0.676865,0.1202566,0.009575,0.66357,0.6358
1995/2/17 0:00,0.72,1.56906,0.718391,0.67981,0.11906399999999999,0.010198599999999999,0.687664,0.633
1995/2/18 0:00,0.7215,1.5749,0.717618,0.682035,0.11907260000000001,0.0102334,0.6880518,0.634
1995/2/19 0:00,0.7199,1.5749,0.718288,0.689941,0.119082,0.0102334,0.6880518,0.636
1995/2/20 0:00,0.7165,1.56906,0.718701,0.690608,0.1186748,0.0101986,0.687664,0.6337
1995/2/21 0:00,0.7163,1.5749,0.720046,0.68526,0.1198662,0.0102334,0.6880518,0.6363
1995/2/22 0:00,0.7165,1.56906,0.718856,0.681896,0.119061,0.010198599999999999,0.687664,0.6305
1995/2/23 0:00,0.7203,1.56906,0.719321,0.685495,0.120244,0.0101986,0.687664,0.6335
1995/2/24 0:00,0.7195,1.57386,0.719942,0.679071,0.120252,0.010226599999999999,0.6878344000000001,0.6347
1995/2/25 0:00,0.7195,1.5749,0.719269,0.678196,0.120259,0.0102334,0.6880518,0.636
1995/2/26 0:00,0.7206,1.56966,0.720721,0.684885,0.120263,0.010169599999999999,0.6834060000000001,0.6385
1995/2/27 0:00,0.7255,1.5379,0.722439,0.685965,0.120265,0.009871399999999999,0.6942856,0.6413
1995/2/28 0:00,0.7227,1.5379,0.722596,0.688231,0.120265,0.009871399999999999,0.693417,0.6412
1995/3/1 0:00,0.719,1.56966,0.722126,0.68918,0.120262,0.010169599999999999,0.6703682,0.6375
1995/3/2 0:00,0.725,1.5435,0.72338,0.68738,0.120266,0.009950399999999998,0.668721,0.6398
1995/3/3 0:00,0.728,1.5379,0.725111,0.68451,0.120139,0.009871399999999999,0.6942856,0.6425
1995/3/4 0:00,0.7283,1.53336,0.727431,0.686813,0.12009700000000001,0.009861599999999998,0.6805201999999999,0.6427
1995/3/5 0:00,0.7275,1.5346,0.729235,0.690084,0.12004440000000001,0.0098548,0.668571,0.6415
1995/3/6 0:00,0.7235,1.66054,0.728969,0.688658,0.1202642,0.0090416,0.64612,0.637
1995/3/7 0:00,0.725,1.66054,0.728332,0.692041,0.1202642,0.0096306,0.641026,0.641
1995/3/8 0:00,0.7285,1.66054,0.728491,0.691802,0.1202642,0.0096306,0.64288,0.6415
1995/3/9 0:00,0.7356,1.62408,0.727431,0.686766,0.1202642,0.0088208,0.652742,0.6443
1995/3/10 0:00,0.736,1.63674,0.7249,0.686248,0.1202642,0.0093536,0.650195,0.646
1995/3/11 0:00,0.7364,1.65598,0.723275,0.684229,0.1202642,0.009356399999999999,0.647878,0.6459
1995/3/12 0:00,0.7325,1.66054,0.721241,0.685871,0.1202642,0.009989999999999999,0.645369,0.6445
1995/3/13 0:00,0.7386,1.65598,0.720981,0.686907,0.1202642,0.0093536,0.645995,0.645
1995/3/14 0:00,0.7325,1.66054,0.721501,0.677736,0.1202636,0.009453,0.64288,0.6412
1995/3/15 0:00,0.7295,1.66054,0.722022,0.678794,0.1202636,0.010154,0.637959,0.641
1995/3/16 0:00,0.723,1.66054,0.719942,0.671817,0.1202566,0.0095744,0.633714,0.6365
1995/3/17 0:00,0.706,1.66054,0.718649,0.675995,0.120256,0.0080392,0.629327,0.6255
1995/3/18 0:00,0.7015,1.68719,0.719683,0.8216654,0.1294184,0.009451399999999999,0.635122,0.6225
1995/3/19 0:00,0.7,1.6347,0.718391,0.8091526,0.1251276,0.0090432,0.632511,0.621
1995/3/20 0:00,0.691,1.6548,0.715256,0.8048334,0.1251176,0.0090432,0.633834,0.6233
1995/3/21 0:00,0.7025,1.6756,0.709723,0.8190383999999999,0.12937939999999998,0.009027799999999999,0.63593,0.627
1995/3/22 0:00,0.704,1.6721,0.713521,0.7934108,0.1293794,0.009027799999999999,0.633312,0.6265
1995/3/23 0:00,0.7008,1.6655,0.71048,0.8048334,0.1251176,0.0090432,0.632511,0.6235
1995/3/24 0:00,0.703,1.68719,0.70927,0.8216654,0.1294184,0.009046799999999999,0.635526,0.6225
1995/3/25 0:00,0.712,1.7150159999999999,0.710985,0.722111,0.13072460000000002,0.0099062,0.647459,0.6328
1995/3/26 0:00,0.7045,1.677336,0.712301,0.8242306000000001,0.1378306,0.009436,0.640615,0.6268
1995/3/27 0:00,0.703,1.68719,0.714031,0.7940388,0.1293794,0.009046799999999999,0.636537,0.625
1995/3/28 0:00,0.6978,1.66054,0.713012,0.8048334,0.1251176,0.0090432,0.635324,0.6245
1995/3/29 0:00,0.694,1.6912099999999999,0.709471,0.8048334,0.1251176,0.0090432,0.63674,0.624
1995/3/30 0:00,0.697,1.69089,0.710682,0.7972062,0.1249914,0.0090432,0.63593,0.6275
1995/3/31 0:00,0.6935,1.7140799999999998,0.709723,0.8048334,0.1251176,0.0090432,0.632911,0.6245
1995/4/1 0:00,0.6962,1.7140800000000003,0.710126,0.8004842,0.1250646,0.0090432,0.633513,0.6255
1995/4/2 0:00,0.696,1.7389599999999998,0.707864,0.8004842,0.1250646,0.0090432,0.631114,0.6245
1995/4/3 0:00,0.6989,1.7402000000000002,0.706764,0.7932536,0.12488060000000001,0.009046799999999999,0.631712,0.6274
1995/4/4 0:00,0.699,1.7609199999999998,0.706964,0.789525,0.12479960000000001,0.009046799999999999,0.628931,0.628
1995/4/5 0:00,0.6892,1.7628799999999998,0.706464,0.7926658,0.12488459999999998,0.008635599999999998,0.62422,0.622
1995/4/6 0:00,0.6882,1.76204,0.70373,0.8181694,0.1293298,0.0082062,0.624415,0.6207
1995/4/7 0:00,0.699,1.7402000000000002,0.705716,0.8004842,0.1250646,0.009046799999999999,0.632311,0.6255
1995/4/8 0:00,0.6938,1.76092,0.70373,0.8022304,0.1250512,0.009043199999999998,0.628141,0.6233
1995/4/9 0:00,0.6865,1.75884,0.705219,0.8206154,0.1293148,0.0082062,0.626174,0.619
1995/4/10 0:00,0.6835,1.74265,0.702001,0.8206154,0.1293148,0.007843,0.626174,0.6182
1995/4/11 0:00,0.6825,1.74654,0.702001,0.8172127999999999,0.1292728,0.007828,0.626959,0.6164
1995/4/12 0:00,0.677,1.7483899999999999,0.702001,0.7939248,0.12910459999999999,0.007743,0.62461,0.6092
1995/4/13 0:00,0.677,1.7452999999999999,0.703334,0.8137482,0.13337879999999996,0.007766,0.621697,0.6067
1995/4/14 0:00,0.676,1.7414999999999998,0.705219,0.8120394000000001,0.1333206,0.007769,0.619771,0.605
1995/4/15 0:00,0.6732,1.7387474,0.702889,0.8126660000000001,0.1334158,0.007728,0.619579,0.6027
1995/4/16 0:00,0.6712,1.7387474,0.702741,0.7981209999999999,0.1333024,0.00768,0.618429,0.6
1995/4/17 0:00,0.6705,1.7387474,0.703087,0.7981210000000001,0.13330240000000002,0.007663,0.61862,0.5986
1995/4/18 0:00,0.6675,1.7387474,0.703037,0.7981210000000001,0.1333024,0.007704,0.615006,0.597
1995/4/19 0:00,0.6665,1.7387474,0.702149,0.7751976,0.1289746,0.007747,0.617475,0.6
1995/4/20 0:00,0.666,1.559025,0.702198,0.697593,0.12042420000000001,0.0077044,0.61237,0.5955
1995/4/21 0:00,0.663,1.6205100000000001,0.703829,0.697691,0.120337,0.0076955999999999995,0.603136,0.596
1995/4/22 0:00,0.6566,1.58479,0.703631,0.699056,0.12062799999999999,0.007681599999999999,0.59453,0.591
1995/4/23 0:00,0.649,1.57886,0.702395,0.693722,0.12053420000000001,0.0076544000000000004,0.586166,0.579
1995/4/24 0:00,0.6605,1.58479,0.70279,0.697204,0.12043700000000002,0.007681599999999999,0.594177,0.587
1995/4/25 0:00,0.6565,1.5986992,0.702001,0.694734,0.12033980000000002,0.007681599999999999,0.599161,0.5843
1995/4/26 0:00,0.653,1.6017028,0.697934,0.700378,0.1205342,0.007681599999999999,0.598265,0.581
1995/4/27 0:00,0.6523,1.6110006000000001,0.697107,0.69541,0.12043699999999999,0.007681599999999999,0.596837,0.5788
1995/4/28 0:00,0.6565,1.6017028000000004,0.696185,0.697447,0.12043699999999999,0.007681599999999999,0.597907,0.5835
1995/4/29 0:00,0.6558,1.5986992,0.696621,0.697058,0.12043699999999999,0.007689,0.59952,0.5848
1995/4/30 0:00,0.6559,1.5986992,0.696573,0.697253,0.12043699999999999,0.007675,0.597729,0.584
1995/5/1 0:00,0.654,1.6017028,0.694541,0.690894,0.1203424,0.007689,0.598802,0.5835
1995/5/2 0:00,0.6517,1.6017028,0.696136,0.686907,0.12034239999999999,0.007689,0.596303,0.5823
1995/5/3 0:00,0.6515,1.5583741999999998,0.699888,0.684463,0.1203424,0.007666,0.59312,0.5803
1995/5/4 0:00,0.65,1.5583742,0.701508,0.681663,0.12052860000000001,0.007553,0.588408,0.577
1995/5/5 0:00,0.6418,1.51877,0.701066,0.675539,0.12080899999999999,0.007463,0.581058,0.569
1995/5/6 0:00,0.6347,1.51754,0.698812,0.676133,0.12080899999999999,0.007469,0.568505,0.5655
1995/5/7 0:00,0.6415,1.46836,0.7350171999999999,0.677277,0.1170766,0.007593,0.575043,0.5692
1995/5/8 0:00,0.6353,1.47186,0.7345664,0.678794,0.11459299999999999,0.007548,0.560538,0.5668
1995/5/9 0:00,0.647,1.46836,0.743536,0.677369,0.11457619999999999,0.007603,0.563698,0.5725
1995/5/10 0:00,0.643,1.46836,0.743536,0.678242,0.11457619999999999,0.007528,0.556793,0.5705
1995/5/11 0:00,0.6465,1.46856,0.7447798,0.677277,0.11457619999999999,0.007592,0.564334,0.573
1995/5/12 0:00,0.647,1.4662200000000003,0.7434803999999999,0.6744,0.11455799999999998,0.007609,0.574053,0.577
1995/5/13 0:00,0.6503,1.4662200000000003,0.7434803999999999,0.669658,0.11455799999999998,0.007668,0.567215,0.5787
1995/5/14 0:00,0.6614,1.4662200000000003,0.7360278,0.66778,0.11684899999999998,0.007759,0.576701,0.5883
1995/5/15 0:00,0.6657,1.4662200000000003,0.7434803999999999,0.667423,0.11800480000000002,0.007764,0.570776,0.585
1995/5/16 0:00,0.6595,1.4662200000000003,0.7434803999999999,0.672902,0.11684900000000001,0.007843,0.570125,0.5815
1995/5/17 0:00,0.6596,1.4696000000000002,0.7452466,0.680226,0.11574519999999999,0.00786,0.567537,0.5822
1995/5/18 0:00,0.663,1.4832,0.7422174,0.692089,0.1146376,0.00795,0.565291,0.581
1995/5/19 0:00,0.6694,1.47822,0.7439,0.685636,0.118075,0.007896,0.570125,0.586
1995/5/20 0:00,0.6748,1.5397,0.7379477999999999,0.68975,0.1193054,0.007935,0.581395,0.5933
1995/5/21 0:00,0.681,1.5367000000000002,0.73974,0.683854,0.1204326,0.007983,0.581564,0.594
1995/5/22 0:00,0.675,1.46988,0.7450354000000001,0.681524,0.120337,0.007976,0.57971,0.588
1995/5/23 0:00,0.6852,1.52564,0.7396266,0.674764,0.11802539999999999,0.007868,0.58292,0.5865
1995/5/24 0:00,0.6868,1.5277800000000001,0.73996,0.678887,0.1204326,0.007896,0.585138,0.5915
1995/5/25 0:00,0.6825,1.46988,0.7450354000000001,0.680782,0.1192098,0.007935,0.595238,0.5863
1995/5/26 0:00,0.6812,1.47822,0.7439,0.685401,0.118075,0.008079,0.593472,0.5875
1995/5/27 0:00,0.6765,1.4832,0.7422174,0.690942,0.1157792,0.00811,0.601323,0.5863
1995/5/28 0:00,0.67,1.47822,0.7439,0.687002,0.11807500000000001,0.008048,0.5795688,0.5823
1995/5/29 0:00,0.6725,1.47092,0.7227294000000001,0.682454,0.120337,0.008046,0.6039962,0.5837
1995/5/30 0:00,0.6814,1.53206,0.7161638,0.682594,0.120337,0.008099,0.5870244,0.591
1995/5/31 0:00,0.678,1.4735800000000001,0.7304536,0.683387,0.120337,0.008095,0.5951532,0.587
1995/6/1 0:00,0.677,1.4832,0.7422174,0.68918,0.11693280000000002,0.008079,0.585205,0.5842
1995/6/2 0:00,0.6725,1.47092,0.7224856000000001,0.682361,0.1192098,0.007976,0.6039962,0.5824
1995/6/3 0:00,0.6685,1.4662200000000003,0.7294615999999999,0.678841,0.1191866,0.007882,0.5997098,0.5795
1995/6/4 0:00,0.6702,1.46836,0.7294616000000002,0.680735,0.1180282,0.007915,0.6021444,0.5793
1995/6/5 0:00,0.676,1.4696000000000002,0.7149452,0.679579,0.120337,0.007921,0.6031026,0.5852
1995/6/6 0:00,0.6716,1.4662200000000003,0.7357530000000001,0.680041,0.11686960000000002,0.007829,0.6021444,0.5786
1995/6/7 0:00,0.667,1.4771,0.7448756000000001,0.68937,0.120337,0.007757,0.570896,0.576
1995/6/8 0:00,0.6659,1.4770999999999999,0.7448756,0.687805,0.120337,0.007803,0.5708960000000001,0.5762
1995/6/9 0:00,0.6655,1.47346,0.7427872000000001,0.682454,0.120351,0.007775,0.5881574,0.5761
1995/6/10 0:00,0.6713,1.47346,0.7361199999999999,0.682361,0.120337,0.0078754,0.6113588,0.5772
1995/6/11 0:00,0.6785,1.47092,0.7224856000000001,0.682035,0.120337,0.0080012,0.6031025999999999,0.584
1995/6/12 0:00,0.6825,1.53206,0.7176539999999999,0.682128,0.120337,0.0080208,0.5962388000000001,0.5875
1995/6/13 0:00,0.6796,1.46988,0.715467,0.68055,0.120337,0.0080052,0.5951532,0.587
1995/6/14 0:00,0.6745,1.4662200000000003,0.707656,0.677048,0.120337,0.007949599999999998,0.6132758,0.583
1995/6/15 0:00,0.668,1.4662200000000003,0.7081278,0.673809,0.12035,0.008409999999999999,0.6127392,0.579
1995/6/16 0:00,0.6675,1.4662200000000003,0.7081278,0.669389,0.120221,0.0083826,0.6127392,0.578
1995/6/17 0:00,0.6672,1.5636224,0.707064,0.668896,0.120337,0.0078754,0.604047,0.5796
1995/6/18 0:00,0.668,1.5371892,0.707214,0.670466,0.120337,0.007864399999999999,0.609013,0.5832
1995/6/19 0:00,0.667,1.5371892,0.71048,0.669792,0.120337,0.0078754,0.61106,0.5785
1995/6/20 0:00,0.6695,1.5371892,0.708567,0.673265,0.120337,0.0078754,0.616523,0.5807
1995/6/21 0:00,0.676,1.48596,0.70922,0.677277,0.120337,0.0080274,0.625782,0.5862
1995/6/22 0:00,0.67,1.5371892,0.707314,0.674536,0.120773,0.0079046,0.623053,0.5825
1995/6/23 0:00,0.6715,1.5119146,0.705965,0.676224,0.120337,0.007904600000000001,0.621311,0.5823
1995/6/24 0:00,0.6637,1.6172944,0.704771,0.670916,0.120337,0.007840799999999998,0.622278,0.566
1995/6/25 0:00,0.6626,1.6172944,0.705219,0.669389,0.120337,0.0078092,0.620347,0.5633
1995/6/26 0:00,0.6645,1.6165928,0.705119,0.666978,0.120337,0.007840799999999998,0.623247,0.563
1995/6/27 0:00,0.6655,1.6172944,0.703235,0.671051,0.120337,0.0078092,0.62422,0.561
1995/6/28 0:00,0.6716,1.5105546,0.704325,0.671141,0.120337,0.008485999999999999,0.620733,0.5622
1995/6/29 0:00,0.67,1.48496,0.709069,0.669344,0.120337,0.008275399999999999,0.625,0.5626
1995/6/30 0:00,0.6742,1.48496,0.708215,0.671366,0.120337,0.008485999999999999,0.625391,0.5637
1995/7/1 0:00,0.674,1.48496,0.706864,0.667913,0.120337,0.0086996,0.628931,0.562
1995/7/2 0:00,0.6631,1.6134744,0.702988,0.657462,0.120337,0.0086516,0.622278,0.5536
1995/7/3 0:00,0.6613,1.4916,0.705219,0.655953,0.17289480000000002,0.009047,0.618812,0.5524
1995/7/4 0:00,0.659,1.4865,0.705467,0.652103,0.1727712,0.0089914,0.616333,0.549
1995/7/5 0:00,0.6553,1.4865,0.704473,0.652869,0.17277119999999999,0.0089914,0.615195,0.5493
1995/7/6 0:00,0.6568,1.4865,0.70373,0.653509,0.1727712,0.0090826,0.612933,0.5512
1995/7/7 0:00,0.6595,1.4865,0.70497,0.654236,0.1727712,0.0089914,0.617665,0.5502
1995/7/8 0:00,0.6597,1.4847799999999998,0.703087,0.653723,0.1727712,0.0087326,0.621504,0.5485
1995/7/9 0:00,0.657,1.4927,0.701951,0.662076,0.173142,0.008732599999999998,0.62383,0.548
1995/7/10 0:00,0.655,1.49328,0.701705,0.66107,0.173142,0.008732599999999998,0.626959,0.5525
1995/7/11 0:00,0.6565,1.4952399999999997,0.700967,0.659805,0.173142,0.008537,0.630517,0.5536
1995/7/12 0:00,0.6553,1.49328,0.698324,0.661244,0.173142,0.008732599999999998,0.628141,0.552
1995/7/13 0:00,0.647,1.5033999999999998,0.697107,0.670017,0.1727572,0.0087776,0.627353,0.549
1995/7/14 0:00,0.649,1.50164,0.694686,0.669792,0.17251,0.0087504,0.625782,0.5518
1995/7/15 0:00,0.65,1.50388,0.695943,0.664849,0.17301840000000002,0.008749,0.62383,0.5533
1995/7/16 0:00,0.649,1.50164,0.699545,0.666445,0.1727712,0.0081762,0.624025,0.558
1995/7/17 0:00,0.6455,1.5016399999999999,0.70028,0.669478,0.1726476,0.008594599999999999,0.62422,0.5545
1995/7/18 0:00,0.6487,1.49022,0.698812,0.674536,0.172357,0.0078264,0.626566,0.5597
1995/7/19 0:00,0.6515,1.49022,0.697983,0.673854,0.172524,0.0078264,0.629802,0.5593
1995/7/20 0:00,0.6535,1.49206,0.697107,0.670691,0.16221020000000003,0.0078408,0.628536,0.5615
1995/7/21 0:00,0.6507,1.4923600000000001,0.696379,0.671006,0.1726476,0.0078264,0.628536,0.5595
1995/7/22 0:00,0.6473,1.49474,0.695169,0.672948,0.17246460000000002,0.008750400000000002,0.625,0.5539
1995/7/23 0:00,0.644,1.5016399999999999,0.694927,0.669792,0.1726336,0.008806600000000001,0.627943,0.5513
1995/7/24 0:00,0.6485,1.50164,0.695604,0.668673,0.17289480000000002,0.0087504,0.629525,0.553
1995/7/25 0:00,0.652,1.50388,0.699203,0.666445,0.17289480000000002,0.008371,0.630915,0.5555
1995/7/26 0:00,0.652,1.50164,0.69735,0.671908,0.172524,0.0082036,0.631313,0.5552
1995/7/27 0:00,0.645,1.5033400000000001,0.696864,0.671366,0.172524,0.008806600000000001,0.632511,0.5535
1995/7/28 0:00,0.6412,1.49396,0.694927,0.674082,0.17246460000000002,0.0088882,0.630915,0.5515
1995/7/29 0:00,0.637,1.506,0.694879,0.678656,0.1729668,0.0087596,0.619579,0.545
1995/7/30 0:00,0.6373,1.53816,0.694444,0.680133,0.1735384,0.0088622,0.614439,0.5437
1995/7/31 0:00,0.6355,1.53294,0.69604,0.675904,0.17278480000000002,0.008975,0.617665,0.5448
1995/8/1 0:00,0.6371,1.53034,0.697593,0.672948,0.173651,0.008923,0.615195,0.541
1995/8/2 0:00,0.633,1.6347,0.698178,0.675447,0.120337,0.0088314,0.607533,0.5365
1995/8/3 0:00,0.6276,1.6308,0.692137,0.675265,0.120337,0.007947599999999999,0.602591,0.5345
1995/8/4 0:00,0.627,1.6306,0.690608,0.673854,0.120337,0.007947599999999999,0.604047,0.533
1995/8/5 0:00,0.627,1.6278,0.689275,0.672088,0.120337,0.0081208,0.60698,0.5352
1995/8/6 0:00,0.6221,1.6235,0.689798,0.672043,0.120337,0.008116599999999998,0.604961,0.5324
1995/8/7 0:00,0.6236,1.6232,0.68956,0.674536,0.120337,0.008116599999999998,0.604961,0.5312
1995/8/8 0:00,0.6255,1.6332,0.68975,0.677599,0.120337,0.0079476,0.606061,0.5323
1995/8/9 0:00,0.6304,1.6305,0.690846,0.682827,0.120337,0.008112399999999999,0.610874,0.535
1995/8/10 0:00,0.6315,1.6318,0.689845,0.682594,0.120337,0.008112399999999999,0.610501,0.5355
1995/8/11 0:00,0.6225,1.6365,0.687332,0.680272,0.120337,0.0078268,0.60423,0.5335
1995/8/12 0:00,0.6215,1.6322,0.686436,0.679256,0.120337,0.0075802000000000005,0.60006,0.533
1995/8/13 0:00,0.6219,1.6277,0.687002,0.677736,0.120337,0.007510600000000001,0.596837,0.5325
1995/8/14 0:00,0.626,1.6308,0.686295,0.674764,0.120337,0.0077469999999999995,0.596837,0.5358
1995/8/15 0:00,0.615,1.6392,0.686436,0.677277,0.120337,0.0071454000000000005,0.589275,0.528
1995/8/16 0:00,0.6145,1.6388,0.687616,0.675676,0.120337,0.0084616,0.595238,0.5235
1995/8/17 0:00,0.6115,1.6385,0.688231,0.676682,0.120337,0.0084696,0.597015,0.5245
1995/8/18 0:00,0.611,1.6395,0.686907,0.681431,0.120337,0.0075904,0.592768,0.5245
1995/8/19 0:00,0.6005,1.6351,0.685589,0.677048,0.120337,0.0084934,0.587372,0.513
1995/8/20 0:00,0.5995,1.6324,0.685307,0.676956,0.120337,0.007733600000000002,0.583942,0.509
1995/8/21 0:00,0.5955,1.6347,0.684838,0.676911,0.120337,0.0077216,0.583499,0.508
1995/8/22 0:00,0.587,1.6277,0.68171,0.671817,0.120337,0.007146599999999999,0.573066,0.496
1995/8/23 0:00,0.5867,1.6292,0.680226,0.670916,0.120337,0.0071466,0.573066,0.4973
1995/8/24 0:00,0.5925,1.6315,0.680967,0.668003,0.120337,0.007127400000000001,0.572574,0.5013
1995/8/25 0:00,0.5894,1.6315,0.678426,0.662471,0.120337,0.0073994,0.570939,0.496
1995/8/26 0:00,0.5925,1.6525,0.679902,0.66778,0.120337,0.0078804,0.575871,0.4963
1995/8/27 0:00,0.6081,1.662,0.683293,0.670241,0.120337,0.008942199999999999,0.598623,0.5173
1995/8/28 0:00,0.6067,1.6705,0.680735,0.668226,0.120337,0.0084844,0.597015,0.5175
1995/8/29 0:00,0.627,1.6735,0.680504,0.669344,0.120337,0.0083046,0.622278,0.5298
1995/8/30 0:00,0.611,1.672,0.679671,0.668003,0.120337,0.0084844,0.605327,0.5176
1995/8/31 0:00,0.6253848,1.6641,0.680365,0.66379,0.120337,0.0093346,0.605327,0.5085
1995/9/1 0:00,0.6253848,1.6683,0.680272,0.66313,0.120337,0.009331599999999999,0.60241,0.5166
1995/9/2 0:00,0.6253848,1.6722,0.681756,0.662076,0.120337,0.008875999999999998,0.599341,0.5139
1995/9/3 0:00,0.6415664,1.6608,0.680596,0.655523,0.120337,0.008482,0.591191,0.506
1995/9/4 0:00,0.622413,1.6645,0.679302,0.654664,0.120337,0.0082716,0.582072,0.5063
1995/9/5 0:00,0.6253848000000001,1.6695,0.679486,0.660066,0.120337,0.0084364,0.593824,0.52
1995/9/6 0:00,0.6339118,1.6616,0.682221,0.654236,0.120337,0.008036999999999999,0.591716,0.5175
1995/9/7 0:00,0.6493947999999999,1.6565,0.680921,0.651254,0.120337,0.00707,0.58651,0.5125
1995/9/8 0:00,0.6469851999999999,1.6471,0.681431,0.653595,0.120337,0.007176,0.587544,0.5195
1995/9/9 0:00,0.6452823999999999,1.6442,0.678887,0.655523,0.120337,0.007134,0.58326,0.516
1995/9/10 0:00,0.6440748,1.6375,0.678794,0.654407,0.120337,0.007206,0.590842,0.5205
1995/9/11 0:00,0.6440748,1.6369,0.678196,0.65445,0.120337,0.007163,0.585309,0.5166
1995/9/12 0:00,0.6375084,1.6315,0.67714,0.648508,0.120337,0.007077,0.582072,0.5128
1995/9/13 0:00,0.6407845999999999,1.6325,0.675676,0.649984,0.120337,0.00709,0.578536,0.514
1995/9/14 0:00,0.6480308,1.6412,0.676315,0.658545,0.120337,0.007093,0.581903,0.5173
1995/9/15 0:00,0.6420506,1.6355,0.676133,0.657678,0.120337,0.007151,0.592242,0.5255
1995/9/16 0:00,0.6304094000000001,1.6337,0.673401,0.6536772,0.120337,0.007109,0.589275,0.5225
1995/9/17 0:00,0.6316338,1.6387,0.671592,0.655717,0.120337,0.00713,0.592417,0.5267
1995/9/18 0:00,0.6316338,1.6427,0.671817,0.6683269999999999,0.120337,0.007163,0.584795,0.527
1995/9/19 0:00,0.6415632,1.648,0.672043,0.7057748,0.120337,0.007202,0.588235,0.527
1995/9/20 0:00,0.6346418,1.643,0.670107,0.6672068,0.120337,0.007123,0.584795,0.5251
1995/9/21 0:00,0.6438786,1.642,0.668583,0.6544302,0.120337,0.007087,0.584624,0.5206
1995/9/22 0:00,0.654231,1.6474,0.668762,0.6847456000000001,0.120337,0.007065,0.584112,0.517
1995/9/23 0:00,0.638793,1.6594,0.667601,0.7310580000000001,0.120337,0.007096,0.584454,0.5195
1995/9/24 0:00,0.6513114,1.6565,0.664894,0.7216471999999999,0.120337,0.00703,0.581058,0.511
1995/9/25 0:00,0.654231,1.6485,0.665646,0.7016548000000001,0.120337,0.007055,0.585309,0.5138
1995/9/26 0:00,0.654231,1.644,0.664938,0.670124,0.120337,0.00702,0.582411,0.5135
1995/9/27 0:00,0.6438786,1.6415,0.66291,0.666936,0.120337,0.007017,0.582411,0.5173
1995/9/28 0:00,0.6057684,1.6349,0.661726,0.653402,0.120337,0.006913,0.578704,0.5115
1995/9/29 0:00,0.6392116000000001,1.6245,0.659848,0.6594960000000001,0.120337,0.006859,0.577034,0.5095
1995/9/30 0:00,0.6396536,1.633,0.660502,0.6522220000000001,0.120337,0.006904,0.578704,0.5135
1995/10/1 0:00,0.6487876,1.636,0.659848,0.653402,0.120337,0.006926,0.57971,0.5165
1995/10/2 0:00,0.6511004,1.6332,0.654365,0.656629,0.120337,0.006916,0.573723,0.5135
1995/10/3 0:00,0.6146762,1.629,0.657073,0.6582332,0.120337,0.006835,0.570613,0.509
1995/10/4 0:00,0.6015083999999999,1.6328,0.658892,0.6575022,0.120337,0.006824,0.568666,0.5069
1995/10/5 0:00,0.59022,1.6295,0.6371774,0.6646382,0.120337,0.006796,0.567666,0.5013
1995/10/6 0:00,0.59022,1.629,0.644621,0.6646382,0.120337,0.006845,0.570613,0.5027
1995/10/7 0:00,0.59102,1.6265,0.6475173999999999,0.6646382,0.120337,0.006894,0.571919,0.5038
1995/10/8 0:00,0.598813,1.6184,0.6371774,0.6646382,0.120337,0.006832,0.569152,0.5038
1995/10/9 0:00,0.598813,1.6162,0.6356056,0.6646382,0.120337,0.00686,0.566893,0.5038
1995/10/10 0:00,0.598813,1.6162,0.6356056,0.6646382,0.120337,0.006896,0.566412,0.5027
1995/10/11 0:00,0.59102,1.6227,0.6371774,0.6646382,0.120337,0.006952,0.569152,0.5038
1995/10/12 0:00,0.59022,1.6275,0.6371188,0.6646382,0.120337,0.007013,0.571102,0.4985
1995/10/13 0:00,0.58962,1.6363,0.636591,0.6690229999999999,0.120337,0.006899,0.565771,0.4925
1995/10/14 0:00,0.58962,1.641,0.6371334,0.6707226,0.120337,0.006946,0.565931,0.491
1995/10/15 0:00,0.58962,1.6395,0.6371334,0.6707226,0.120337,0.0077306,0.563539,0.4912
1995/10/16 0:00,0.58962,1.6385,0.6393318,0.6707226,0.120337,0.0078498,0.563698,0.4885
1995/10/17 0:00,0.5553999999999999,1.6405,0.6366468000000001,0.6732175999999999,0.120337,0.008062999999999999,0.565291,0.4838
1995/10/18 0:00,0.5467099999999999,1.672,0.637267,0.6874826,0.120337,0.008287600000000001,0.56338,0.4928
1995/10/19 0:00,0.54589,1.676,0.635122,0.693626,0.120337,0.0082486,0.56338,0.495
1995/10/20 0:00,0.6469674,1.674,0.643708,0.694203,0.120337,0.0082532,0.581734,0.5073
1995/10/21 0:00,0.6474643999999999,1.6686,0.649984,0.692041,0.120337,0.0081966,0.574053,0.5035
1995/10/22 0:00,0.61248,1.6762,0.649562,0.704573,0.120337,0.008113600000000002,0.569476,0.5005
1995/10/23 0:00,0.624596,1.672,0.655093,0.701656,0.120337,0.008172200000000001,0.571102,0.5062
1995/10/24 0:00,0.624596,1.6581,0.655179,0.708065,0.120337,0.0080404,0.579374,0.5097
1995/10/25 0:00,0.624596,1.662,0.657462,0.705965,0.120337,0.0082644,0.573888,0.5075
1995/10/26 0:00,0.6121800000000001,1.6816,0.660284,0.719166,0.120337,0.0082836,0.578035,0.5155
1995/10/27 0:00,0.61248,1.6775,0.659457,0.711896,0.120337,0.008283599999999999,0.577201,0.5136
1995/10/28 0:00,0.61248,1.6742,0.665779,0.717103,0.120337,0.008283599999999999,0.579542,0.514
1995/10/29 0:00,0.61248,1.6758,0.664982,0.716589,0.120337,0.008283599999999999,0.579206,0.5075
1995/10/30 0:00,0.6121800000000001,1.684,0.655523,0.722022,0.120337,0.008283599999999999,0.580046,0.5093
1995/10/31 0:00,0.6121800000000001,1.6835,0.653808,0.719424,0.120337,0.008264200000000001,0.580383,0.504
1995/11/1 0:00,0.6121800000000001,1.6845,0.655008,0.724375,0.120337,0.008203600000000002,0.576369,0.5005
1995/11/2 0:00,0.6121800000000001,1.6837,0.653808,0.719683,0.120337,0.008200599999999999,0.577034,0.496
1995/11/3 0:00,0.6121800000000001,1.6798,0.65445,0.716589,0.120337,0.008169399999999999,0.578035,0.4905
1995/11/4 0:00,0.6122600000000001,1.6945,0.661376,0.720461,0.120337,0.008200599999999999,0.583942,0.4939
1995/11/5 0:00,0.6146800000000001,1.7023,0.661026,0.724375,0.120337,0.0081818,0.591366,0.4968
1995/11/6 0:00,0.6142000000000001,1.704,0.661989,0.719424,0.120798,0.0081818,0.58997,0.4935
1995/11/7 0:00,0.6146800000000001,1.7068,0.666134,0.719683,0.120799,0.0082304,0.596837,0.5025
1995/11/8 0:00,0.6142,1.6995,0.655222,0.724218,0.120802,0.008233,0.592347,0.5
1995/11/9 0:00,0.61736,1.7045,0.650872,0.733138,0.120802,0.008233,0.591611,0.503
1995/11/10 0:00,0.6186800000000001,1.7026,0.644953,0.739481,0.120802,0.008233,0.592768,0.4987
1995/11/11 0:00,0.6193,1.6901,0.636326,0.74239,0.120802,0.008204999999999999,0.595593,0.4968
1995/11/12 0:00,0.6193,1.6833,0.6372278,0.743937,0.120804,0.0082512,0.595948,0.493
1995/11/13 0:00,0.6213599999999999,1.6968,0.6351382,0.758725,0.120805,0.008225400000000003,0.605144,0.5113
1995/11/14 0:00,0.6576223999999999,1.7222,0.655111,0.773096,0.120806,0.0083496,0.607533,0.5195
1995/11/15 0:00,0.6269944,1.703,0.655111,0.755858,0.120806,0.0083496,0.607533,0.5205
1995/11/16 0:00,0.6387539999999999,1.7015,0.6691676000000001,0.752672,0.120808,0.0083836,0.612933,0.541
1995/11/17 0:00,0.6352634,1.7055,0.6684425999999999,0.750469,0.120806,0.0084034,0.619579,0.5395
1995/11/18 0:00,0.6315310000000001,1.7028,0.6626449999999999,0.755858,0.120805,0.0083252,0.619195,0.5312
1995/11/19 0:00,0.6339672000000001,1.703,0.6622016,0.760572,0.120808,0.008324000000000002,0.617475,0.5357
1995/11/20 0:00,0.6315310000000001,1.6995,0.6619362,0.755572,0.120805,0.008322,0.617475,0.535
1995/11/21 0:00,0.6283024,1.706,0.6593964,0.742832,0.120804,0.0083534,0.614817,0.5263
1995/11/22 0:00,0.6269944,1.7005,0.659638,0.74184,0.120805,0.008404,0.618812,0.526
1995/11/23 0:00,0.6269944,1.695,0.659638,0.74499,0.120799,0.008404,0.616903,0.5255
1995/11/24 0:00,0.6255848,1.69,0.659638,0.747664,0.120805,0.008404,0.616143,0.5253
1995/11/25 0:00,0.62136,1.683,0.659638,0.742776,0.120806,0.008404,0.614817,0.5225
1995/11/26 0:00,0.61776,1.6722,0.655111,0.740905,0.120808,0.0083496,0.613346,0.5202
1995/11/27 0:00,0.61776,1.672,0.659638,0.741675,0.120805,0.008404,0.615764,0.522
1995/11/28 0:00,0.6251648000000001,1.6758,0.659638,0.743384,0.120808,0.008404,0.616523,0.5258
1995/11/29 0:00,0.6251144,1.6735,0.6590123999999999,0.738116,0.120805,0.0083304,0.614628,0.5295
1995/11/30 0:00,0.6288424,1.6652,0.6617637999999999,0.740741,0.120806,0.0083214,0.615574,0.5305
1995/12/1 0:00,0.6268024000000001,1.6577,0.6617637999999999,0.737518,0.120802,0.008321400000000001,0.616903,0.5303
1995/12/2 0:00,0.6268024000000001,1.6588,0.6622518000000001,0.731529,0.120805,0.008491000000000002,0.615764,0.5331
1995/12/3 0:00,0.6352634,1.663,0.6684425999999999,0.736106,0.120806,0.0084034,0.616523,0.5395
1995/12/4 0:00,0.6352634,1.658,0.667848,0.727696,0.120804,0.008445,0.610501,0.5385
1995/12/5 0:00,0.6339672000000001,1.6585,0.6629112000000001,0.714541,0.120806,0.008324000000000002,0.602954,0.536
1995/12/6 0:00,0.6268024000000001,1.658,0.6582041999999999,0.718391,0.120808,0.0083284,0.603682,0.528
1995/12/7 0:00,0.6268024000000001,1.6568,0.6590123999999999,0.716589,0.120809,0.0083304,0.603865,0.5295
1995/12/8 0:00,0.6352634,1.6635,0.6657120000000001,0.719062,0.120802,0.0084136,0.604412,0.5378
1995/12/9 0:00,0.6352634,1.6755,0.667848,0.728067,0.120805,0.008445,0.613121,0.5385
1995/12/10 0:00,0.6315310000000001,1.6775,0.6612286,0.727802,0.120805,0.0083518,0.612182,0.5345
1995/12/11 0:00,0.6352634,1.672,0.6684425999999999,0.727431,0.120804,0.008444999999999998,0.612933,0.539
1995/12/12 0:00,0.6387539999999999,1.6677,0.6691676000000001,0.720981,0.120804,0.0083836,0.615574,0.5412
1995/12/13 0:00,0.6338928,1.6542,0.6643939999999999,0.718804,0.120806,0.0084926,0.613874,0.537
1995/12/14 0:00,0.6315310000000001,1.654,0.6611688,0.710934,0.120806,0.008313999999999998,0.61106,0.5325
1995/12/15 0:00,0.6315310000000001,1.6582,0.6607999999999999,0.709723,0.120805,0.008325599999999999,0.610874,0.5338
1995/12/16 0:00,0.6268024000000001,1.6613,0.6622125999999999,0.71048,0.120806,0.0083536,0.582144,0.5315
1995/12/17 0:00,0.6315310000000001,1.6522,0.65613,0.706614,0.120799,0.0083338,0.5773118,0.5285
1995/12/18 0:00,0.6268024000000001,1.6485,0.6610996,0.716178,0.120799,0.008165,0.5773097999999999,0.527
1995/12/19 0:00,0.6229944,1.654,0.659638,0.725531,0.120799,0.0083782,0.5776169999999999,0.5245
1995/12/20 0:00,0.6229944,1.6625,0.6582041999999999,0.729927,0.120802,0.0083438,0.574645,0.5275
1995/12/21 0:00,0.6134413999999999,1.6645,0.6619206,0.731689,0.120804,0.0083782,0.5768608000000001,0.5232
1995/12/22 0:00,0.6113600000000001,1.6615,0.6619206,0.729395,0.120806,0.0080908,0.5763938,0.5213
1995/12/23 0:00,0.6229944,1.653,0.6657282,0.726956,0.120809,0.0083414,0.5745646,0.5214
1995/12/24 0:00,0.6134414,1.654,0.6600911999999999,0.732118,0.120809,0.008293600000000002,0.5736746,0.5185
1995/12/25 0:00,0.6137,1.658,0.6600911999999999,0.735132,0.120809,0.0082504,0.5730324,0.5155
1995/12/26 0:00,0.6198414,1.667,0.6619206,0.746491,0.120811,0.0083414,0.5741719999999999,0.5214
1995/12/27 0:00,0.6213599999999999,1.6835,0.659638,0.752162,0.120811,0.0083782,0.5744258,0.5225
1995/12/28 0:00,0.6204,1.6885,0.659638,0.749738,0.120806,0.0083414,0.5827316,0.521
1995/12/29 0:00,0.6235,1.6853,0.659638,0.745434,0.120805,0.008378199999999999,0.5912392000000001,0.5222
1995/12/30 0:00,0.6187,1.6765,0.659638,0.743992,0.120805,0.008341399999999999,0.5915046,0.522
1995/12/31 0:00,0.6231,1.675,0.659638,0.741455,0.120806,0.008378199999999999,0.5915046,0.5248
1996/1/1 0:00,0.6211,1.6803,0.659638,0.74173,0.120806,0.008341399999999999,0.5824664,0.5215
1996/1/2 0:00,0.617,1.68,0.655111,0.733676,0.120804,0.0083384,0.5745646,0.52
1996/1/3 0:00,0.6145,1.6775,0.653919,0.732332,0.120799,0.0082936,0.5736746,0.5183
1996/1/4 0:00,0.6114,1.6767,0.659638,0.733676,0.120801,0.008378199999999999,0.5828956,0.5237
1996/1/5 0:00,0.611,1.6723,0.659638,0.726744,0.120795,0.0083782,0.5744258,0.5235
1996/1/6 0:00,0.607,1.6745,0.6559702000000001,0.728863,0.120799,0.0083384,0.5745646,0.52
1996/1/7 0:00,0.6114,1.6836,0.659638,0.733676,0.120793,0.008378199999999999,0.5747542,0.5243
1996/1/8 0:00,0.6129,1.6665,0.6593964,0.724375,0.120792,0.0084106,0.5747542,0.5262
1996/1/9 0:00,0.6229944,1.6628,0.6582041999999999,0.728067,0.120789,0.0083438,0.574645,0.527
1996/1/10 0:00,0.6315310000000001,1.658702,0.6591592,0.732123,0.120803,0.008923,0.5831219999999999,0.533597
1996/1/11 0:00,0.6338928,1.657777,0.665712,0.730345,0.120798,0.009006,0.5869906,0.537268
1996/1/12 0:00,0.6352634,1.654724,0.6666924,0.719339,0.120746,0.00887,0.5839442,0.538449
1996/1/13 0:00,0.6387539999999999,1.649213,0.6700763999999999,0.72136,0.120783,0.008961,0.5759032000000001,0.540536
1996/1/14 0:00,0.6352634,1.642054,0.6700763999999999,0.716249,0.120756,0.008967,0.5759866,0.540374
1996/1/15 0:00,0.6491568,1.637376,0.673169,0.715872,0.120823,0.009182,0.597693,0.546912
1996/1/16 0:00,0.6491795999999999,1.631878,0.673868,0.720654,0.120805,0.008917,0.596067,0.547186
1996/1/17 0:00,0.6387539999999999,1.650364,0.6691676000000001,0.735719,0.120838,0.008817,0.592101,0.54147
1996/1/18 0:00,0.6352634,1.652755,0.6700763999999999,0.733764,0.120822,0.008827,0.594567,0.540019
1996/1/19 0:00,0.6387539999999999,1.651038,0.6693566000000001,0.725096,0.120768,0.008757,0.595441,0.540687
1996/1/20 0:00,0.6352634,1.652671,0.665712,0.724001,0.120807,0.008737,0.59451,0.537895
1996/1/21 0:00,0.6338928,1.654142,0.6643939999999999,0.727491,0.120825,0.008795,0.59441,0.536803
1996/1/22 0:00,0.6387539999999999,1.647475,0.6700763999999999,0.719496,0.12077200000000002,0.008817,0.595638,0.540631
1996/1/23 0:00,0.6387539999999999,1.652134,0.6700041999999999,0.721457,0.12078579999999998,0.008791,0.597894,0.542473
1996/1/24 0:00,0.6312226,1.654556,0.658585,0.722921,0.12078579999999998,0.008722,0.594999,0.537004
1996/1/25 0:00,0.6268024000000001,1.657309,0.66035,0.723983,0.12079580000000001,0.008793,0.592604,0.534128
1996/1/26 0:00,0.6268024,1.658507,0.658226,0.72159,0.1207888,0.00877,0.594257,0.536293
1996/1/27 0:00,0.6312226,1.649958,0.657526,0.713144,0.12077819999999999,0.008645,0.592132,0.535831
1996/1/28 0:00,0.6346418,1.647557,0.655308,0.7210984,0.1208042,0.008595,0.592003,0.53447
1996/1/29 0:00,0.6334754,1.645655,0.662996,0.723584,0.131104,0.008622,0.592117,0.538922
1996/1/30 0:00,0.6352634,1.640574,0.663419,0.708051,0.1517408,0.008689,0.591495,0.543682
1996/1/31 0:00,0.6516148,1.50124,0.660914,0.6651043999999999,0.17320819999999998,0.008914,0.5931,0.545906
1996/2/1 0:00,0.6891,1.4962199999999999,0.660962,0.6639272,0.1730184,0.008887,0.593355,0.550085
1996/2/2 0:00,0.59981,1.54454,0.670105,0.7019214,0.151905,0.008923,0.5811194000000001,0.553544
1996/2/3 0:00,0.5991100000000001,1.50784,0.672604,0.6691560000000001,0.17286500000000002,0.008835,0.5792762,0.551361
1996/2/4 0:00,0.68298,1.5541399999999999,0.672089,0.7180706,0.12975720000000002,0.008751,0.585676,0.559763
1996/2/5 0:00,0.6201800000000001,1.56297,0.669502,0.6974276,0.15183960000000002,0.008743,0.5908848,0.554797
1996/2/6 0:00,0.5991099999999999,1.5078399999999998,0.669501,0.6691560000000001,0.17286500000000002,0.008736,0.5673817999999999,0.551549
1996/2/7 0:00,0.5991099999999999,1.5084399999999998,0.671592,0.6660616,0.17271180000000003,0.008719,0.5664926,0.551787
1996/2/8 0:00,0.59849,1.48994,0.669995,0.6624394,0.15194040000000003,0.008745,0.5843328,0.549646
1996/2/9 0:00,0.60067,1.5607056,0.669032,0.7014304,0.141743,0.008648,0.5778719999999999,0.547045
1996/2/10 0:00,0.627715,1.6225189999999998,0.667156,0.7124906,0.131254,0.008475,0.5945136000000001,0.538495
1996/2/11 0:00,0.628071,1.6225189999999998,0.666978,0.7124906,0.1312608,0.008405,0.600049,0.538221
1996/2/12 0:00,0.6335476,1.6495647999999998,0.672159,0.7299816,0.120803,0.008345,0.5918996,0.539158
1996/2/13 0:00,0.6288254,1.6044128,0.671006,0.7079214,0.1418094,0.008262,0.5983708,0.54124
1996/2/14 0:00,0.6288254,1.5451268,0.66856,0.6953836000000001,0.15288980000000002,0.008306,0.5799960000000001,0.542191
1996/2/15 0:00,0.6324848000000001,1.5223,0.668649,0.676346,0.1629852,0.008244,0.602032,0.536854
1996/2/16 0:00,0.6362118,1.6590578,0.667423,0.7210118,0.1208094,0.008197,0.5956737999999999,0.531187
1996/2/17 0:00,0.6429054000000001,1.66926,0.664542,0.7282757999999999,0.12079720000000001,0.008385,0.6056896,0.527068
1996/2/18 0:00,0.6278248,1.6872599999999998,0.663527,0.7438665999999999,0.1208046,0.00843,0.6166396,0.525281
1996/2/19 0:00,0.61608,1.6723200000000003,0.656708,0.7322164000000001,0.1208006,0.008349,0.5995284,0.524072
1996/2/20 0:00,0.6355422,1.6605999999999999,0.657566,0.7219274,0.1208072,0.008305,0.594142,0.528607
1996/2/21 0:00,0.6379218,1.6712,0.654944,0.7377644,0.12080739999999998,0.008221,0.6049782,0.530263
1996/2/22 0:00,0.61396,1.6567999999999998,0.6555,0.7198354,0.12080460000000001,0.008096,0.594142,0.528175
1996/2/23 0:00,0.6511321999999999,1.66842,0.659283,0.7299084,0.1208094,0.008159,0.5912360000000001,0.531717
1996/2/24 0:00,0.6511321999999999,1.6580222,0.659914,0.7218098000000001,0.12081120000000001,0.008215,0.5905498,0.532584
1996/2/25 0:00,0.6407554,1.6702422,0.659239,0.7298406,0.1315824,0.008236,0.6101219999999999,0.534609
1996/2/26 0:00,0.6407554,1.6447113999999998,0.655883,0.7273642,0.1315836,0.008346,0.6084178,0.535328
1996/2/27 0:00,0.6407554,1.6705403999999997,0.657077,0.7313498,0.12080660000000001,0.008356,0.6064862000000001,0.534064
1996/2/28 0:00,0.61396,1.6567999999999998,0.656188,0.7198354,0.12080260000000001,0.008398,0.6056896,0.527562
1996/2/29 0:00,0.6329466,1.6560718,0.654664,0.7189578,0.12081120000000001,0.008492,0.5905498,0.532528
1996/3/1 0:00,0.61396,1.6610799999999997,0.654171,0.7279156,0.12080919999999999,0.008488,0.5967862,0.529462
1996/3/2 0:00,0.6212342000000001,1.6568,0.657225,0.7198354,0.12080260000000001,0.008458,0.6056896,0.52744
1996/3/3 0:00,0.6511321999999999,1.6671204,0.658354,0.7281848,0.12081139999999999,0.008507,0.5912360000000001,0.531925
1996/3/4 0:00,0.6511321999999999,1.6682000000000001,0.659869,0.7311061999999999,0.1208094,0.008542,0.6001008000000001,0.531124
1996/3/5 0:00,0.6391788,1.6462472000000001,0.663769,0.711123,0.12080660000000001,0.008469,0.5979668,0.533849
1996/3/6 0:00,0.6286416,1.5575683999999999,0.663679,0.689639,0.15252179999999999,0.008474,0.6046446,0.536736
1996/3/7 0:00,0.6274158,1.6431818,0.665071,0.7306302,0.1208126,0.00853,0.5935578,0.539736
1996/3/8 0:00,0.6303114,1.5939896,0.662098,0.7008342000000001,0.14173819999999998,0.00847,0.5969814,0.537717
1996/3/9 0:00,0.6361956,1.6466618,0.660566,0.7266003999999999,0.13158759999999997,0.00832,0.6049836,0.535605
1996/3/10 0:00,0.6471933999999999,1.6702422,0.661047,0.7298406,0.12080660000000001,0.008352,0.6018542,0.534267
1996/3/11 0:00,0.6511321999999999,1.6721,0.661025,0.7365425999999999,0.1208086,0.008319799999999999,0.6001007999999999,0.530595
1996/3/12 0:00,0.6391788,1.6506999999999998,0.662868,0.7273642,0.1315836,0.0085076,0.612192,0.534984
1996/3/13 0:00,0.6398544,1.6506999999999998,0.665912,0.7273642,0.1315836,0.0086118,0.612192,0.535002
1996/3/14 0:00,0.6390568,1.6671204,0.666778,0.7281848,0.1208094,0.0084476,0.5905498,0.532375
1996/3/15 0:00,0.638017,1.6721,0.665625,0.7365425999999999,0.12080860000000002,0.008437799999999999,0.6001007999999999,0.530707
1996/3/16 0:00,0.628148,1.6671204,0.666134,0.7281848,0.12081140000000001,0.0084476,0.5905498,0.532159
1996/3/17 0:00,0.624907,1.6712,0.667356,0.7377644,0.12080740000000001,0.008323800000000001,0.6049782,0.529983
1996/3/18 0:00,0.63004,1.6507,0.665779,0.7273642,0.1315836,0.0087334,0.612192,0.535261
1996/3/19 0:00,0.635001,1.5446268,0.669254,0.6899908,0.152125,0.0084372,0.579996,0.542929
1996/3/20 0:00,0.637088,1.6044128,0.671297,0.7079214,0.141813,0.008612199999999999,0.6023374,0.541096
1996/3/21 0:00,0.637645,1.5736995999999999,0.669904,0.7025694,0.1423592,0.0085532,0.583434,0.54192
1996/3/22 0:00,0.636543,1.6670617999999997,0.670849,0.7328038,0.1208132,0.0086268,0.5966020000000001,0.539595
1996/3/23 0:00,0.647493,1.5407852,0.673354,0.686542,0.1418034,0.0086852,0.57466,0.545693
1996/3/24 0:00,0.651647,1.49026,0.674289,0.659766,0.152211,0.0083372,0.5725058,0.549023
1996/3/25 0:00,0.647607,1.48574,0.671366,0.6742494,0.1520482,0.0083398,0.5734864,0.548461
1996/3/26 0:00,0.647021,1.5681108,0.67195,0.6976378000000001,0.1417446,0.0086644,0.5818156,0.547042
1996/3/27 0:00,0.650999,1.5392155999999997,0.674971,0.6987822,0.14143219999999998,0.0084768,0.577114,0.547924
1996/3/28 0:00,0.651675,1.5328756,0.676849,0.6744234,0.1518948,0.0083788,0.5748446,0.548267
1996/3/29 0:00,0.648596,1.5681108,0.676538,0.6922330000000001,0.13111820000000002,0.0086644,0.577114,0.54758
1996/3/30 0:00,0.650231,1.49026,0.675977,0.660759,0.152211,0.0083372,0.5725058,0.548963
1996/3/31 0:00,0.654669,1.6147,0.677277,0.6725442,0.1622748,0.0083402,0.5722607999999999,0.551296
1996/4/1 0:00,0.658612,1.610534,0.681871,0.6728046000000001,0.1726476,0.0084188,0.572859,0.55584
1996/4/2 0:00,0.662386,1.609318,0.686197,0.6864564,0.14161859999999998,0.008489199999999999,0.575225,0.559763
1996/4/3 0:00,0.665492,1.607571,0.689624,0.7188638,0.1208094,0.008489199999999999,0.575225,0.561217
1996/4/4 0:00,0.663657,1.620789,0.68793,0.6666564,0.131271,0.008441,0.574062,0.559189
1996/4/5 0:00,0.662079,1.632903,0.686333,0.6728046,0.1416186,0.0084188,0.572859,0.557464
1996/4/6 0:00,0.668629,1.638925,0.686676,0.6728046,0.12080899999999999,0.0084954,0.5756408000000001,0.563655
1996/4/7 0:00,0.670714,1.635065,0.685867,0.6728046,0.1312756,0.0084778,0.575056,0.560951
1996/4/8 0:00,0.66932,1.629441,0.685484,0.6664318,0.1312756,0.0084778,0.575056,0.561133
1996/4/9 0:00,0.670533,1.622042,0.687934,0.664732,0.12080500000000001,0.0084954,0.5756408000000001,0.562507
1996/4/10 0:00,0.667579,1.620138,0.684625,0.665203,0.1208062,0.0084778,0.575056,0.560115
1996/4/11 0:00,0.668716,1.618673,0.68539,0.662865,0.120818,0.0084778,0.5750560000000001,0.560554
1996/4/12 0:00,0.665448,1.617281,0.683495,0.663878,0.120794,0.0084188,0.572859,0.557893
1996/4/13 0:00,0.666222,1.619166,0.684859,0.665912,0.120786,0.008441,0.574062,0.55913
1996/4/14 0:00,0.670802,1.620273,0.684971,0.665802,0.12078,0.0084778,0.575056,0.561826
1996/4/15 0:00,0.66315,1.616896,0.68197,0.664851,0.12079,0.0083418,0.571676,0.552322
1996/4/16 0:00,0.661464,1.61165,0.681995,0.662909,0.120806,0.0083398,0.5734864,0.548495
1996/4/17 0:00,0.660267,1.601173,0.684687,0.658887,0.120807,0.008418600000000002,0.576221,0.545207
1996/4/18 0:00,0.657851,1.602069,0.685299,0.663172,0.120794,0.0083902,0.5757846,0.543745
1996/4/19 0:00,0.649029,1.595526,0.679299,0.657552,0.120823,0.0084694,0.5755094,0.533903
1996/4/20 0:00,0.648524,1.595653,0.678395,0.65522,0.120805,0.008419,0.5762112,0.53545
1996/4/21 0:00,0.652736,1.602499,0.679212,0.655335,0.120763,0.008419000000000001,0.5762112,0.535804
1996/4/22 0:00,0.649607,1.603269,0.677251,0.654466,0.120786,0.008535200000000001,0.5755094,0.53437
1996/4/23 0:00,0.641113,1.610352,0.674014,0.656903,0.120771,0.008364,0.574892,0.529141
1996/4/24 0:00,0.644317,1.607955,0.675765,0.651283,0.12079,0.0084166,0.579551,0.536247
1996/4/25 0:00,0.647551,1.606159,0.677347,0.650755,0.120795,0.008449400000000001,0.579338,0.525368
1996/4/26 0:00,0.65565,1.608355,0.679935,0.650595,0.120785,0.008364,0.579078,0.532109
1996/4/27 0:00,0.658325,1.601595,0.679294,0.648421,0.120786,0.008364,0.579631,0.531876
1996/4/28 0:00,0.659592,1.606532,0.679889,0.655539,0.120845,0.0087308,0.584097,0.530867
1996/4/29 0:00,0.657954,1.599878,0.679256,0.655711,0.120784,0.0086294,0.584127,0.533262
1996/4/30 0:00,0.662668,1.59986,0.684632,0.656191,0.120781,0.0084382,0.582979,0.535806
1996/5/1 0:00,0.664807,1.610598,0.685224,0.658501,0.120789,0.0084576,0.584546,0.540308
1996/5/2 0:00,0.663991,1.608832,0.685299,0.653688,0.120758,0.0084402,0.583684,0.539083
1996/5/3 0:00,0.658567,1.592778,0.683237,0.652583,0.120816,0.008438200000000002,0.584956,0.535931
1996/5/4 0:00,0.656455,1.587821,0.685473,0.646026,0.120804,0.008412,0.586769,0.534102
1996/5/5 0:00,0.658461,1.593407,0.684394,0.646922,0.120784,0.008438200000000002,0.587859,0.534835
1996/5/6 0:00,0.652882,1.592483,0.682762,0.649468,0.120829,0.0083958,0.584801,0.531635
1996/5/7 0:00,0.651136,1.589233,0.679389,0.64653,0.120791,0.008388000000000001,0.585489,0.530161
1996/5/8 0:00,0.653887,1.589247,0.680749,0.646804,0.120829,0.0085722,0.588727,0.530905
1996/5/9 0:00,0.656749,1.578158,0.678613,0.64631,0.120841,0.0083858,0.587862,0.533864
1996/5/10 0:00,0.658108,1.584557,0.680016,0.649854,0.120839,0.008427599999999999,0.587554,0.536736
1996/5/11 0:00,0.662229,1.590194,0.68357,0.653537,0.120819,0.008438199999999998,0.587358,0.535185
1996/5/12 0:00,0.658068,1.582439,0.681027,0.648615,0.120774,0.008412000000000001,0.586668,0.533849
1996/5/13 0:00,0.657308,1.579097,0.677645,0.644941,0.120812,0.0083884,0.587126,0.530764
1996/5/14 0:00,0.661136,1.57519,0.679076,0.643473,0.120775,0.008388000000000001,0.587275,0.529424
1996/5/15 0:00,0.67024,1.580012,0.68269,0.637836,0.120804,0.0084084,0.589115,0.533956
1996/5/16 0:00,0.665912,1.5754,0.681933,0.636723,0.120754,0.008388000000000001,0.589203,0.529371
1996/5/17 0:00,0.666001,1.569664,0.681515,0.638972,0.120816,0.0084074,0.589219,0.529811
1996/5/18 0:00,0.664342,1.560125,0.680749,0.637331,0.120817,0.008385,0.589514,0.526684
1996/5/19 0:00,0.665424,1.557452,0.680479,0.635907,0.120785,0.0083784,0.588482,0.524122
1996/5/20 0:00,0.664939,1.552024,0.679112,0.634041,0.120846,0.008367000000000001,0.5773591999999999,0.527073
1996/5/21 0:00,0.662647,1.554702,0.67488,0.631476,0.120773,0.0083628,0.5776664,0.524477
1996/5/22 0:00,0.659084,1.55621,0.674334,0.634467,0.120797,0.008348,0.5771994,0.522508
1996/5/23 0:00,0.658801,1.563409,0.675762,0.636694,0.120809,0.008348,0.5774058,0.523003
1996/5/24 0:00,0.663023,1.566658,0.674784,0.636468,0.120818,0.0083628,0.5778728,0.524925
1996/5/25 0:00,0.660634,1.56314,0.674245,0.634874,0.120794,0.008348,0.5778728,0.523942
1996/5/26 0:00,0.65084,1.562149,0.670555,0.635185,0.120797,0.0083384,0.5745646,0.520362
1996/5/27 0:00,0.647703,1.570278,0.670042,0.648777,0.120825,0.0083384,0.5745646,0.521524
1996/5/28 0:00,0.648027,1.575828,0.666223,0.654917,0.120798,0.008329399999999999,0.5749286,0.527822
1996/5/29 0:00,0.647112,1.585595,0.66589,0.653912,0.120823,0.008391399999999999,0.574645,0.527173
1996/5/30 0:00,0.647745,1.578034,0.663549,0.654438,0.120808,0.0083814,0.574892,0.532259
1996/5/31 0:00,0.647371,1.591162,0.662472,0.663548,0.120811,0.0083914,0.574645,0.526726
1996/6/1 0:00,0.644606,1.589558,0.661116,0.664209,0.120792,0.0083782,0.5744258,0.523829
1996/6/2 0:00,0.644353,1.594834,0.662277,0.665779,0.120756,0.008385400000000001,0.5744258,0.52352
1996/6/3 0:00,0.649734,1.613642,0.663064,0.670536,0.120847,0.0084494,0.5749286,0.528086
1996/6/4 0:00,0.651944,1.61977,0.664144,0.670306,0.12085,0.008435,0.574892,0.531111
1996/6/5 0:00,0.653914,1.617114,0.668786,0.667802,0.120764,0.008327,0.574892,0.533237
1996/6/6 0:00,0.658612,1.620711,0.671165,0.672924,0.120767,0.008385799999999999,0.5762112,0.536333
1996/6/7 0:00,0.654207,1.619083,0.669254,0.674492,0.1208,0.008326999999999998,0.574892,0.532121
1996/6/8 0:00,0.652839,1.616118,0.664916,0.67288,0.120839,0.00873,0.574892,0.529234
1996/6/9 0:00,0.653399,1.605838,0.664959,0.668539,0.120793,0.008668,0.574892,0.529455
1996/6/10 0:00,0.651942,1.618911,0.666667,0.671658,0.120801,0.008737,0.574645,0.527609
1996/6/11 0:00,0.648375,1.609916,0.671296,0.66518,0.120827,0.008689,0.574892,0.528538
1996/6/12 0:00,0.649831,1.60872,0.673672,0.66359,0.120809,0.00864,0.574892,0.529886
1996/6/13 0:00,0.651627,1.60438,0.676457,0.659454,0.12082,0.008649,0.574892,0.530158
1996/6/14 0:00,0.649448,1.601211,0.67488,0.659352,0.120761,0.008712,0.574645,0.527409
1996/6/15 0:00,0.649468,1.603828,0.675999,0.657275,0.12077,0.008753,0.5758376000000001,0.525064
1996/6/16 0:00,0.647238,1.601236,0.674309,0.656818,0.120793,0.008909,0.5755094,0.533764
1996/6/17 0:00,0.636497,1.619159,0.669568,0.665868,0.120803,0.009,0.5755094,0.53401
1996/6/18 0:00,0.639425,1.61356,0.668831,0.666912,0.120784,0.008978,0.574892,0.533397
1996/6/19 0:00,0.63578,1.608289,0.668673,0.660462,0.12083,0.008952,0.594768,0.530911
1996/6/20 0:00,0.636659,1.594515,0.66845,0.656283,0.120837,0.00896,0.591506,0.527229
1996/6/21 0:00,0.634134,1.587179,0.66836,0.652844,0.120772,0.008991,0.59153,0.515786
1996/6/22 0:00,0.630141,1.587304,0.665646,0.651434,0.120778,0.008946,0.591156,0.511326
1996/6/23 0:00,0.632954,1.588815,0.670107,0.653557,0.120753,0.008951,0.592487,0.513165
1996/6/24 0:00,0.632851,1.588133,0.670396,0.652191,0.120788,0.008995,0.592902,0.513105
1996/6/25 0:00,0.638024,1.607652,0.669007,0.6614,0.120829,0.009146,0.594205,0.516696
1996/6/26 0:00,0.638571,1.602186,0.673353,0.660719,0.120794,0.009153,0.594616,0.51448
1996/6/27 0:00,0.64548,1.608332,0.669321,0.669702,0.120813,0.009159,0.593388,0.518912
1996/6/28 0:00,0.646891,1.604382,0.670379,0.663415,0.120796,0.009075,0.592016,0.517901
1996/6/29 0:00,0.646819,1.604881,0.669814,0.661924,0.120786,0.009007,0.591361,0.526421
1996/6/30 0:00,0.649043,1.618157,0.672045,0.662009,0.120827,0.009014,0.590075,0.528058
1996/7/1 0:00,0.652097,1.633246,0.675741,0.659048,0.120762,0.009259,0.592948,0.532486
1996/7/2 0:00,0.6538778000000001,1.616016,0.678262,0.647786,0.12083,0.009168,0.59215,0.534077
1996/7/3 0:00,0.6534077999999999,1.61038,0.68034,0.648043,0.1207964,0.009428,0.593587,0.53547
1996/7/4 0:00,0.6502814,1.608292,0.678972,0.649101,0.1208004,0.009491,0.592527,0.52948
1996/7/5 0:00,0.6469978000000001,1.612675,0.677511,0.647722,0.12079740000000001,0.009643,0.592101,0.524126
1996/7/6 0:00,0.6434306,1.624415,0.677575,0.649594,0.12053320000000001,0.009525,0.591068,0.523899
1996/7/7 0:00,0.6458372,1.621561,0.678494,0.648202,0.1207272,0.009345,0.59051,0.52638
1996/7/8 0:00,0.6434306000000001,1.622626,0.676133,0.648451,0.12061200000000001,0.009402,0.589143,0.521973
1996/7/9 0:00,0.6438648,1.631875,0.679188,0.652228,0.12042199999999999,0.009533,0.588138,0.525926
1996/7/10 0:00,0.6458706,1.637028,0.680834,0.655224,0.120337,0.009619,0.585236,0.524714
1996/7/11 0:00,0.6440748000000001,1.636674,0.678235,0.649623,0.12052820000000002,0.009595,0.582144,0.521071
1996/7/12 0:00,0.6452824,1.643368,0.678678,0.65401,0.120337,0.009599,0.585064,0.518686
1996/7/13 0:00,0.6425504,1.646343,0.679263,0.650586,0.120337,0.009424,0.586563,0.516237
1996/7/14 0:00,0.6466622,1.649923,0.682442,0.6568,0.1204326,0.009419,0.58344,0.512748
1996/7/15 0:00,0.6289994,1.642027,0.683132,0.663771,0.120337,0.009362,0.585379,0.518208
1996/7/16 0:00,0.6563665999999999,1.646499,0.680272,0.665092,0.120337,0.009359,0.588353,0.517586
1996/7/17 0:00,0.6562880000000001,1.653732,0.678802,0.672743,0.120337,0.009509,0.590198,0.516301
1996/7/18 0:00,0.647906,1.655214,0.680365,0.672741,0.120337,0.009399,0.592492,0.522896
1996/7/19 0:00,0.6562848,1.652233,0.680716,0.672062,0.120337,0.009348,0.597611,0.523458
1996/7/20 0:00,0.660324,1.655463,0.680367,0.672605,0.1309052,0.009296,0.595793,0.522264
1996/7/21 0:00,0.660635,1.653284,0.679739,0.673329,0.14147340000000003,0.009294,0.595023,0.518682
1996/7/22 0:00,0.654362,1.651717,0.678157,0.667045,0.120337,0.009321,0.594127,0.515004
1996/7/23 0:00,0.656109,1.652747,0.677695,0.674759,0.120337,0.009403,0.596044,0.517997
1996/7/24 0:00,0.65001,1.652338,0.674926,0.676469,0.120337,0.009314,0.593459,0.511409
1996/7/25 0:00,0.650039,1.65821,0.674405,0.679666,0.120337,0.009359,0.595071,0.511346
1996/7/26 0:00,0.647889,1.669894,0.673714,0.685567,0.120337,0.009491,0.596598,0.511095
1996/7/27 0:00,0.644191,1.670903,0.669075,0.683998,0.120337,0.009535,0.596993,0.508435
1996/7/28 0:00,0.649166,1.672155,0.671251,0.681128,0.120337,0.009420399999999999,0.597407,0.510692
1996/7/29 0:00,0.646037,1.664086,0.671521,0.676473,0.120337,0.0094416,0.597504,0.513736
1996/7/30 0:00,0.647554,1.677174,0.673177,0.679362,0.120337,0.009225800000000001,0.598658,0.514618
1996/7/31 0:00,0.649994,1.657325,0.676985,0.667579,0.120337,0.009379000000000002,0.600481,0.516226
1996/8/1 0:00,0.65113,1.663368,0.678402,0.667423,0.120337,0.0093454,0.602022,0.514971
1996/8/2 0:00,0.650403,1.65317,0.680011,0.661159,0.120337,0.009388000000000002,0.600277,0.514268
1996/8/3 0:00,0.643837,1.64692,0.679448,0.658326,0.1204326,0.008939800000000001,0.597906,0.508255
1996/8/4 0:00,0.645851,1.6401,0.678916,0.656037,0.12051680000000001,0.008113600000000002,0.59982,0.510799
1996/8/5 0:00,0.63732,1.6435,0.679101,0.655738,0.12051680000000001,0.008065600000000001,0.601395,0.507638
1996/8/6 0:00,0.638093,1.640966,0.681537,0.653912,0.12070700000000001,0.008113599999999999,0.60286,0.508641
1996/8/7 0:00,0.640702,1.644487,0.680466,0.653685,0.12060200000000001,0.008113600000000002,0.600493,0.510067
1996/8/8 0:00,0.644007,1.643622,0.680398,0.651587,0.12051780000000001,0.008113600000000002,0.598491,0.51188
1996/8/9 0:00,0.638355,1.639632,0.682572,0.648283,0.120815,0.007624000000000001,0.600096,0.515428
1996/8/10 0:00,0.638593,1.61914,0.684053,0.644284,0.1208,0.0089984,0.598277,0.512838
1996/8/11 0:00,0.636983,1.615811,0.680967,0.644062,0.120804,0.0094136,0.598982,0.510442
1996/8/12 0:00,0.638318,1.620724,0.678382,0.646945,0.120788,0.0089984,0.598527,0.509604
1996/8/13 0:00,0.640064,1.625238,0.679489,0.649925,0.120758,0.0080746,0.596764,0.511636
1996/8/14 0:00,0.643096,1.614997,0.683725,0.641821,0.120818,0.009481199999999999,0.600012,0.5158
1996/8/15 0:00,0.646561,1.622736,0.683072,0.642926,0.120844,0.0094166,0.600733,0.520971
1996/8/16 0:00,0.64172,1.616805,0.680278,0.643606,0.120798,0.0094166,0.598718,0.51877
1996/8/17 0:00,0.639765,1.623574,0.681546,0.648298,0.120825,0.0090242,0.599005,0.51404
1996/8/18 0:00,0.640156,1.616366,0.683539,0.643574,0.120821,0.0094812,0.598348,0.513224
1996/8/19 0:00,0.638694,1.617101,0.683649,0.643459,0.120781,0.009413600000000001,0.599257,0.509629
1996/8/20 0:00,0.637129,1.62096,0.683883,0.645216,0.120809,0.0089984,0.599114,0.511031
1996/8/21 0:00,0.635953,1.62404,0.682529,0.64147,0.1208,0.008491599999999998,0.599041,0.510886
1996/8/22 0:00,0.633171,1.609789,0.680806,0.635942,0.120788,0.0094068,0.60006,0.510799
1996/8/23 0:00,0.635729,1.615102,0.680831,0.637644,0.121392,0.009481199999999999,0.598205,0.513891
1996/8/24 0:00,0.635302,1.605561,0.68063,0.632958,0.120828,0.009420799999999998,0.598385,0.511146
1996/8/25 0:00,0.636723,1.601802,0.677787,0.630031,0.12083,0.009322,0.595013,0.514158
1996/8/26 0:00,0.636393,1.595341,0.678911,0.629001,0.120803,0.009468599999999999,0.594648,0.510517
1996/8/27 0:00,0.635468,1.596757,0.678198,0.627811,0.120835,0.0095166,0.595182,0.510002
1996/8/28 0:00,0.633285,1.597035,0.676195,0.627069,0.120844,0.0095032,0.592729,0.507568
1996/8/29 0:00,0.633524,1.600712,0.675817,0.62806,0.120829,0.0095194,0.59424,0.505124
1996/8/30 0:00,0.634253,1.623649,0.678334,0.641364,0.120811,0.008040599999999998,0.594977,0.505718
1996/8/31 0:00,0.635716,1.622557,0.677741,0.639566,0.120821,0.008551199999999998,0.595922,0.507277
1996/9/1 0:00,0.637744,1.624328,0.676469,0.640577,0.120801,0.008040599999999998,0.595262,0.508778
1996/9/2 0:00,0.640056,1.623829,0.678155,0.635549,0.120804,0.0080406,0.596223,0.507686
1996/9/3 0:00,0.636682,1.622665,0.676317,0.634822,0.120839,0.0078424,0.597041,0.493928
1996/9/4 0:00,0.633388,1.623368,0.675791,0.632164,0.120788,0.007803199999999999,0.596388,0.491575
1996/9/5 0:00,0.635723,1.611084,0.674831,0.628956,0.120759,0.0093198,0.595084,0.495225
1996/9/6 0:00,0.635653,1.608077,0.674218,0.629411,0.120832,0.009346,0.596337,0.492363
1996/9/7 0:00,0.642531,1.613205,0.676429,0.634656,0.120786,0.0094136,0.596776,0.508516
1996/9/8 0:00,0.642187,1.607766,0.676841,0.629226,0.120828,0.009436799999999999,0.597121,0.506613
1996/9/9 0:00,0.641799,1.604023,0.675542,0.629059,0.120767,0.009525200000000001,0.599102,0.504516
1996/9/10 0:00,0.643887,1.609616,0.676721,0.631247,0.120766,0.0094098,0.598623,0.513722
1996/9/11 0:00,0.644362,1.605333,0.677413,0.630073,0.120851,0.009546200000000001,0.600096,0.512382
1996/9/12 0:00,0.645153,1.616016,0.678724,0.634115,0.120789,0.0094166,0.598169,0.515821
1996/9/13 0:00,0.643032,1.6153,0.681515,0.630842,0.120816,0.0089334,0.598718,0.515331
1996/9/14 0:00,0.650494,1.616268,0.689322,0.625916,0.120756,0.0089512,0.600901,0.520654
1996/9/15 0:00,0.653761,1.611572,0.688025,0.624836,0.120785,0.0089678,0.600024,0.522398
1996/9/16 0:00,0.657118,1.615811,0.693342,0.627771,0.120834,0.009415,0.6006,0.522598
1996/9/17 0:00,0.656404,1.635972,0.68843,0.642394,0.120811,0.0071544,0.604973,0.519489
1996/9/18 0:00,0.655218,1.641833,0.689106,0.644044,0.120788,0.007624000000000001,0.604167,0.517872
1996/9/19 0:00,0.654365,1.647577,0.686775,0.643445,0.120763,0.007602,0.600312,0.514888
1996/9/20 0:00,0.655656,1.638863,0.684863,0.640346,0.120835,0.007609,0.602082,0.516582
1996/9/21 0:00,0.656363,1.637846,0.686693,0.636543,0.120777,0.0071568000000000005,0.601987,0.516728
1996/9/22 0:00,0.657374,1.64914,0.686475,0.641054,0.120771,0.0076156,0.599413,0.517026
1996/9/23 0:00,0.657851,1.646524,0.686946,0.63861,0.120768,0.0076012,0.599245,0.518323
1996/9/24 0:00,0.668294,1.649633,0.689527,0.637186,0.120785,0.0076004,0.598838,0.524324
1996/9/25 0:00,0.6666,1.63667,0.689506,0.627102,0.120793,0.0071454000000000005,0.596848,0.520944
1996/9/26 0:00,0.663813,1.631286,0.689413,0.62482,0.120854,0.007122399999999999,0.597635,0.516995
1996/9/27 0:00,0.664098,1.636883,0.689815,0.626953,0.120844,0.0071454000000000005,0.598195,0.517491
1996/9/28 0:00,0.664232,1.644252,0.688494,0.626966,0.120786,0.0071338,0.596099,0.515964
1996/9/29 0:00,0.666711,1.654148,0.690746,0.628268,0.120775,0.0071218,0.596563,0.513171
1996/9/30 0:00,0.663331,1.651196,0.694964,0.626935,0.120831,0.007369400000000001,0.596718,0.51034
1996/10/1 0:00,0.654038,1.652015,0.694167,0.62117,0.120821,0.007839200000000001,0.594852,0.506481
1996/10/2 0:00,0.654083,1.649383,0.694649,0.622675,0.120803,0.0080474,0.593216,0.507457
1996/10/3 0:00,0.650299,1.638737,0.695507,0.621266,0.120785,0.0077336,0.590488,0.506867
1996/10/4 0:00,0.654721,1.636224,0.696814,0.612777,0.120773,0.007475600000000001,0.591743,0.506946
1996/10/5 0:00,0.627544,1.621043,0.69012,0.605574,0.120807,0.008291199999999999,0.585847,0.486354
1996/10/6 0:00,0.638465,1.618954,0.688947,0.606513,0.120772,0.0078508,0.587779,0.495396
1996/10/7 0:00,0.631356,1.614749,0.691001,0.604681,0.120784,0.00913,0.589115,0.490443
1996/10/8 0:00,0.636421,1.606045,0.692654,0.605903,0.120803,0.00913,0.58864,0.490024
1996/10/9 0:00,0.638919,1.603244,0.694304,0.615623,0.120805,0.009504799999999999,0.59,0.497389
1996/10/10 0:00,0.632451,1.589904,0.691186,0.6235687999999999,0.120786,0.0093408,0.591436,0.494729
1996/10/11 0:00,0.634327,1.591658,0.691802,0.6235687999999999,0.120765,0.009352,0.590405,0.493803
1996/10/12 0:00,0.634978,1.609616,0.69133,0.6103254,0.120816,0.009211800000000001,0.58928,0.494046
1996/10/13 0:00,0.634356,1.611775,0.692606,0.6103254,0.120799,0.00913,0.591686,0.49159
1996/10/14 0:00,0.632524,1.605712,0.689655,0.6150928,0.120803,0.0092118,0.591288,0.493751
1996/10/15 0:00,0.628056,1.591529,0.689292,0.6187047999999999,0.120796,0.009275599999999998,0.590113,0.491759
1996/10/16 0:00,0.628685,1.588886,0.687543,0.6190248,0.120765,0.0092356,0.589497,0.487215
1996/10/17 0:00,0.6312086,1.595213,0.685983,0.6194022,0.12081,0.009118,0.589408,0.487666
1996/10/18 0:00,0.6354396,1.604311,0.68924,0.6104164,0.120809,0.00913,0.586561,0.490335
1996/10/19 0:00,0.6354396,1.605176,0.688266,0.6103254,0.12077,0.0093112,0.586201,0.493485
1996/10/20 0:00,0.6327558,1.597973,0.68893,0.6194022,0.120842,0.009234,0.58699,0.49138
1996/10/21 0:00,0.6340494,1.599866,0.687677,0.6150928,0.120816,0.00913,0.585956,0.490461
1996/10/22 0:00,0.6333398,1.617566,0.685062,0.6114986,0.120792,0.008291199999999999,0.584899,0.49242
1996/10/23 0:00,0.633927,1.605561,0.683352,0.6104164,0.120789,0.008998,0.583324,0.486959
1996/10/24 0:00,0.6320026,1.598021,0.68316,0.6194022,0.120742,0.009034,0.583265,0.485357
1996/10/25 0:00,0.631988,1.592341,0.688343,0.6190248,0.120854,0.009021,0.584678,0.487205
1996/10/26 0:00,0.631988,1.589595,0.689042,0.6190248,0.120818,0.00915,0.584971,0.483558
1996/10/27 0:00,0.631988,1.593359,0.688167,0.6194022,0.120805,0.00908,0.58185,0.484845
1996/10/28 0:00,0.631988,1.581316,0.688679,0.6287168,0.120854,0.009164,0.58022,0.483806
1996/10/29 0:00,0.6324875999999999,1.585976,0.69012,0.6235687999999999,0.120793,0.009317,0.582683,0.4907
1996/10/30 0:00,0.6324875999999999,1.578631,0.688459,0.6380308,0.120825,0.009309,0.579891,0.487156
1996/10/31 0:00,0.631988,1.580168,0.688805,0.6380308,0.120789,0.009286,0.579561,0.486395
1996/11/1 0:00,0.622963,1.569929,0.688262,0.6226988,0.120796,0.009294,0.581275,0.483207
1996/11/2 0:00,0.622963,1.578484,0.687118,0.6231234000000001,0.120796,0.009337,0.581602,0.4812
1996/11/3 0:00,0.6324875999999999,1.582275,0.687032,0.6335442,0.120732,0.009385,0.58547,0.490996
1996/11/4 0:00,0.631274,1.576742,0.686758,0.6426504000000001,0.120807,0.009421,0.587375,0.494098
1996/11/5 0:00,0.631274,1.578831,0.686051,0.6426504000000001,0.120752,0.009493,0.585119,0.492149
1996/11/6 0:00,0.631274,1.571071,0.684877,0.647419,0.120754,0.009512,0.586033,0.491554
1996/11/7 0:00,0.630732,1.570015,0.682985,0.642978,0.120745,0.009466,0.583538,0.487349
1996/11/8 0:00,0.630732,1.573787,0.678032,0.642978,0.120795,0.009468,0.58327,0.484258
1996/11/9 0:00,0.630732,1.572371,0.678032,0.642978,0.120734,0.009465,0.583562,0.484403
1996/11/10 0:00,0.622963,1.572014,0.680896,0.6322296,0.120733,0.009374,0.582465,0.482952
1996/11/11 0:00,0.630732,1.567643,0.68154,0.642978,0.120762,0.009384,0.582305,0.4874
1996/11/12 0:00,0.630732,1.567757,0.680915,0.642978,0.120798,0.009384,0.583893,0.487551
1996/11/13 0:00,0.630732,1.577285,0.680267,0.647419,0.120834,0.009323,0.583747,0.486751
1996/11/14 0:00,0.6312086,1.5878,0.681657,0.6238888,0.120744,0.009305,0.584473,0.489049
1996/11/15 0:00,0.6324875999999999,1.591064,0.686214,0.6235687999999999,0.120724,0.009372,0.583037,0.497199
1996/11/16 0:00,0.6325448,1.5865,0.6545236,0.647419,0.120732,0.009408,0.58276,0.502451
1996/11/17 0:00,0.630732,1.586776,0.6549541999999999,0.647419,0.120729,0.009466,0.582979,0.4996
1996/11/18 0:00,0.6324875999999999,1.592478,0.6381734,0.6424622,0.120803,0.009468,0.581908,0.4988
1996/11/19 0:00,0.6324875999999999,1.593503,0.6372278,0.6368748,0.12078,0.009518,0.581932,0.494752
1996/11/20 0:00,0.6324875999999999,1.594038,0.6378398,0.6332046,0.120818,0.009532,0.582518,0.4981
1996/11/21 0:00,0.6332554,1.597439,0.689781,0.6189428,0.12081,0.009517,0.582532,0.497451
1996/11/22 0:00,0.6324875999999999,1.594519,0.6868,0.6235687999999999,0.120804,0.009489,0.581545,0.50015
1996/11/23 0:00,0.6324875999999999,1.587659,0.689076,0.6328264000000001,0.120792,0.009534,0.583703,0.501501
1996/11/24 0:00,0.631274,1.579058,0.68711,0.6426504000000001,0.120804,0.009495,0.583722,0.498301
1996/11/25 0:00,0.631274,1.58011,0.686342,0.6426504000000001,0.12074,0.009402,0.581918,0.496901
1996/11/26 0:00,0.6313607999999999,1.585941,0.682432,0.6379258,0.120743,0.009493,0.5721568,0.4981
1996/11/27 0:00,0.6313607999999999,1.585941,0.682432,0.6379258,0.120743,0.009493,0.5721568,0.4981
1996/11/28 0:00,0.6319823999999999,1.587782,0.683995,0.6328264000000001,0.120758,0.00946,0.5722122000000001,0.498599
1996/11/29 0:00,0.631274,1.5829,0.680566,0.6426504000000001,0.120794,0.00945,0.5691122,0.497249
1996/11/30 0:00,0.6312002,1.588623,0.675497,0.6424622,0.120782,0.009648,0.5691122,0.495348
1996/12/1 0:00,0.6305374,1.5825,0.672992,0.647419,0.120836,0.009591,0.5691122,0.494648
1996/12/2 0:00,0.6314164000000001,1.581158,0.676546,0.647419,0.120795,0.009559,0.565447,0.4978
1996/12/3 0:00,0.631274,1.579532,0.678402,0.6474190000000001,0.120834,0.00955,0.5689,0.496101
1996/12/4 0:00,0.631274,1.580084,0.678293,0.647419,0.120771,0.009475,0.5692657999999999,0.493551
1996/12/5 0:00,0.631274,1.578073,0.67887,0.647419,0.120781,0.009477,0.5695401999999999,0.494047
1996/12/6 0:00,0.6304368,1.576627,0.677944,0.647419,0.120738,0.009476,0.565447,0.495802
1996/12/7 0:00,0.631274,1.575358,0.680902,0.647419,0.120816,0.009429,0.582029,0.486695
1996/12/8 0:00,0.630732,1.573157,0.67719,0.647419,0.120728,0.009415,0.5787608000000001,0.486357
1996/12/9 0:00,0.630732,1.56697,0.67764,0.6490422,0.120786,0.009383,0.5816946000000001,0.4876
1996/12/10 0:00,0.590507,1.555644,0.674427,0.672692,0.120823,0.009256,0.5788772000000001,0.483597
1996/12/11 0:00,0.6340346,1.558712,0.676658,0.672692,0.120811,0.009224,0.5788724,0.486305
1996/12/12 0:00,0.6441238,1.561119,0.672835,0.6495354,0.120786,0.009189,0.569295,0.491748
1996/12/13 0:00,0.6403202,1.558724,0.670307,0.6659408,0.120774,0.009171,0.5756722,0.488349
1996/12/14 0:00,0.5975202000000001,1.531188,0.668852,0.672692,0.120714,0.009294,0.5657536000000001,0.490547
1996/12/15 0:00,0.5975202000000001,1.532006,0.670892,0.672692,0.120716,0.009231,0.5660538,0.485857
1996/12/16 0:00,0.593248,1.535861,0.670827,0.6601316,0.1208,0.009172,0.5686376,0.480052
1996/12/17 0:00,0.5945004,1.52409,0.671275,0.6309502,0.120819,0.009154,0.5766516000000002,0.478752
1996/12/18 0:00,0.5983036,1.503301,0.672743,0.6020030000000001,0.120823,0.00922,0.5775696,0.4749
1996/12/19 0:00,0.5983036,1.503301,0.672743,0.6020030000000001,0.120823,0.00922,0.5775696,0.4749
1996/12/20 0:00,0.5945004,1.517652,0.672858,0.6125194,0.120829,0.009203,0.5797052,0.47461
1996/12/21 0:00,0.5789645999999999,1.497101,0.672565,0.584435,0.120819,0.009175,0.5759217999999999,0.472553
1996/12/22 0:00,0.5792072,1.49505,0.672136,0.58049,0.120862,0.009153,0.5798236000000001,0.463968
1996/12/23 0:00,0.5808812,1.491051,0.667,0.574747,0.120856,0.0090908,0.5815028,0.456137
1996/12/24 0:00,0.5717652,1.4794,0.667111,0.57544,0.120812,0.009031599999999999,0.5806357999999999,0.456091
1996/12/25 0:00,0.571814,1.484403,0.668874,0.580162,0.12078,0.009138400000000001,0.5813452,0.457146
1996/12/26 0:00,0.5763,1.481059,0.667713,0.582843,0.12082,0.009138400000000001,0.5808598,0.460962
1996/12/27 0:00,0.572428,1.473689,0.663702,0.582261,0.120758,0.0089526,0.5815661999999999,0.451936
1996/12/28 0:00,0.56767,1.476238,0.661636,0.579054,0.120764,0.0089602,0.5815661999999999,0.452755
1996/12/29 0:00,0.570614,1.474658,0.664983,0.584596,0.120755,0.00901,0.5820858,0.454218
1996/12/30 0:00,0.578073,1.496801,0.666933,0.596992,0.120753,0.0091942,0.5760301999999999,0.461216
1996/12/31 0:00,0.578189,1.49755,0.666733,0.596753,0.120753,0.0091942,0.5758791999999999,0.461446
1997/1/1 0:00,0.573128,1.496102,0.665381,0.593635,0.120764,0.0090898,0.5760301999999999,0.458483
1997/1/2 0:00,0.572314,1.495499,0.668896,0.593765,0.120803,0.0090898,0.57789,0.457837
1997/1/3 0:00,0.570957,1.497951,0.670896,0.595096,0.120827,0.0090898,0.579091,0.4565
1997/1/4 0:00,0.583575,1.512198,0.677557,0.599748,0.120756,0.009194400000000002,0.581685,0.470412
1997/1/5 0:00,0.581616,1.512856,0.677616,0.601734,0.120873,0.0091944,0.580334,0.468066
1997/1/6 0:00,0.5887,1.522648,0.677938,0.609783,0.120837,0.009196,0.580456,0.472458
1997/1/7 0:00,0.5893,1.518559,0.675793,0.612773,0.120858,0.0091938,0.581686,0.469959
1997/1/8 0:00,0.586,1.508703,0.677848,0.61025,0.120826,0.009057200000000001,0.579863,0.467407
1997/1/9 0:00,0.589241,1.5084,0.67895,0.609743,0.120755,0.009057199999999998,0.580441,0.469488
1997/1/10 0:00,0.594122,1.512395,0.67847,0.612923,0.120841,0.0092056,0.581039,0.472642
1997/1/11 0:00,0.60226,1.505247,0.681137,0.616281,0.120783,0.009078,0.580767,0.475462
1997/1/12 0:00,0.598001,1.508847,0.680063,0.608481,0.120868,0.009057200000000001,0.580952,0.467606
1997/1/13 0:00,0.608022,1.511096,0.678996,0.61336,0.12088,0.0092056,0.579436,0.475895
1997/1/14 0:00,0.602199,1.512256,0.681379,0.616918,0.120832,0.0092056,0.577743,0.476638
1997/1/15 0:00,0.60464,1.510396,0.681663,0.614005,0.120793,0.0092056,0.577027,0.476291
1997/1/16 0:00,0.59938,1.512605,0.679421,0.612862,0.120838,0.0092056,0.577092,0.474247
1997/1/17 0:00,0.59924,1.505601,0.678264,0.609074,0.120803,0.009194400000000002,0.576327,0.4733
1997/1/18 0:00,0.595419,1.5042,0.677984,0.606428,0.120867,0.009194400000000002,0.577201,0.469706
1997/1/19 0:00,0.593119,1.49925,0.671932,0.602423,0.120812,0.009194200000000001,0.576537,0.468506
1997/1/20 0:00,0.60148,1.497251,0.674289,0.607655,0.120799,0.0091942,0.577016,0.471147
1997/1/21 0:00,0.60132,1.508051,0.673085,0.609345,0.120846,0.009057200000000001,0.576072,0.467247
1997/1/22 0:00,0.60132,1.511395,0.675542,0.607647,0.120814,0.009057200000000001,0.576759,0.466007
1997/1/23 0:00,0.601,1.512456,0.674447,0.614256,0.120811,0.009057200000000001,0.578253,0.469853
1997/1/24 0:00,0.59884,1.512846,0.675198,0.611587,0.120805,0.009057200000000001,0.577534,0.467953
1997/1/25 0:00,0.59918,1.5121,0.674767,0.610545,0.120813,0.009057200000000001,0.577389,0.465333
1997/1/26 0:00,0.594597,1.513743,0.672448,0.615247,0.120852,0.008945,0.575993,0.463061
1997/1/27 0:00,0.591716,1.505499,0.673401,0.614548,0.120819,0.008562400000000001,0.57621,0.458546
1997/1/28 0:00,0.586765,1.505348,0.67367,0.614855,0.120844,0.008562400000000001,0.575922,0.458546
1997/1/29 0:00,0.594738,1.517259,0.674904,0.615655,0.120759,0.0088014,0.575499,0.463232
1997/1/30 0:00,0.591118,1.512246,0.676998,0.615087,0.120745,0.008814599999999999,0.573988,0.461346
1997/1/31 0:00,0.591204,1.514506,0.676087,0.612107,0.120816,0.008684599999999999,0.574268,0.460438
1997/2/1 0:00,0.590595,1.5017,0.674403,0.603511,0.120726,0.009194200000000001,0.574375,0.461892
1997/2/2 0:00,0.5853,1.503199,0.675583,0.604061,0.120774,0.0090614,0.574621,0.460454
1997/2/3 0:00,0.585734,1.496599,0.674013,0.604875,0.120827,0.008934800000000001,0.572533,0.460862
1997/2/4 0:00,0.584108,1.4926,0.67542,0.604203,0.120774,0.008885,0.57241,0.458654
1997/2/5 0:00,0.582242,1.494447,0.67824,0.595982,0.120839,0.0090982,0.573288,0.457046
1997/2/6 0:00,0.575885,1.4961,0.677942,0.595877,0.120743,0.009133800000000001,0.572803,0.456009
1997/2/7 0:00,0.584941,1.512603,0.679908,0.603815,0.120779,0.009057200000000001,0.573065,0.463107
1997/2/8 0:00,0.585383,1.515306,0.681601,0.600528,0.1208,0.009104000000000001,0.57346,0.461531
1997/2/9 0:00,0.584066,1.516507,0.682432,0.603636,0.12081820000000001,0.008971,0.573017,0.459962
1997/2/10 0:00,0.590141,1.518941,0.681106,0.606075,0.1207926,0.0090572,0.57351,0.461162
1997/2/11 0:00,0.591296,1.5431382,0.682196,0.604864,0.12082180000000001,0.009093799999999999,0.576983,0.4611
1997/2/12 0:00,0.588282,1.528661,0.678702,0.599102,0.12080779999999999,0.0091942,0.577374,0.458246
1997/2/13 0:00,0.57909,1.5197494,0.676158,0.597466,0.12080819999999999,0.0088948,0.577489,0.453782
1997/2/14 0:00,0.578211,1.54166,0.672697,0.598336,0.1208202,0.0088948,0.577079,0.455082
1997/2/15 0:00,0.581068,1.5197494,0.674601,0.594445,0.1208082,0.0089752,0.57853,0.452936
1997/2/16 0:00,0.584675,1.54166,0.676359,0.589828,0.1208202,0.009071199999999998,0.579429,0.454327
1997/2/17 0:00,0.583792,1.54166,0.673336,0.585577,0.1208202,0.0091942,0.581386,0.454564
1997/2/18 0:00,0.584283,1.54166,0.669703,0.587572,0.1208202,0.009135,0.579213,0.454064
1997/2/19 0:00,0.586,1.5416599999999998,0.67279,0.585553,0.1208202,0.0091942,0.579798,0.454255
1997/2/20 0:00,0.582116,1.54166,0.672587,0.581888,0.1208202,0.009194200000000001,0.580831,0.452436
1997/2/21 0:00,0.578558,1.5147324000000002,0.674287,0.584859,0.1208118,0.0090354,0.583071,0.45071
1997/2/22 0:00,0.581675,1.54166,0.674444,0.588599,0.1208202,0.0090032,0.583766,0.4519
1997/2/23 0:00,0.578284,1.5005099999999998,0.674444,0.581348,0.1207868,0.0090354,0.583548,0.447679
1997/2/24 0:00,0.583025,1.5152672,0.673761,0.58548,0.12081120000000001,0.009035399999999999,0.581168,0.44882
1997/2/25 0:00,0.588176,1.5251000000000001,0.675152,0.58215,0.12081839999999999,0.0090354,0.581951,0.450235
1997/2/26 0:00,0.590795,1.5416599999999998,0.677623,0.586116,0.1208202,0.0090032,0.582804,0.450355
1997/2/27 0:00,0.593137,1.5416599999999998,0.678428,0.586421,0.1208202,0.0090032,0.5810736000000001,0.451745
1997/2/28 0:00,0.589164,1.54166,0.678266,0.580117,0.1208202,0.0090354,0.5813104,0.45101
1997/3/1 0:00,0.589305,1.5157302,0.677325,0.576846,0.1208254,0.0090548,0.5813103999999999,0.44941
1997/3/2 0:00,0.567557,1.4430851999999998,0.674513,0.575583,0.12078599999999999,0.0089938,0.5824767999999999,0.428957
1997/3/3 0:00,0.571929,1.4430851999999998,0.673491,0.580671,0.1207772,0.0089938,0.5824768,0.4297
1997/3/4 0:00,0.5660314000000001,1.4432064,0.673739,0.58061,0.1207676,0.008844800000000002,0.5754286,0.435787
1997/3/5 0:00,0.5424296,1.4485836,0.674013,0.584029,0.12076719999999999,0.0088272,0.5617916000000001,0.434913
1997/3/6 0:00,0.5433312,1.4432064,0.67472,0.582445,0.1207676,0.00867,0.5475604000000001,0.4313
1997/3/7 0:00,0.5250060000000001,1.4415276000000001,0.674397,0.574144,0.1208024,0.008158799999999999,0.5529246000000001,0.425472
1997/3/8 0:00,0.5448218,1.4430852,0.678034,0.578266,0.1207772,0.0084832,0.5508646,0.430486
1997/3/9 0:00,0.5217956000000001,1.4415276000000001,0.679859,0.573592,0.12078,0.0082302,0.5529246000000001,0.422742
1997/3/10 0:00,0.5448218,1.4430851999999998,0.679506,0.580773,0.1207772,0.0084866,0.5508646,0.429628
1997/3/11 0:00,0.5349773999999999,1.4430851999999998,0.678654,0.576325,0.12077719999999999,0.0081482,0.5507746,0.428243
1997/3/12 0:00,0.526248,1.4415276000000001,0.676158,0.569039,0.1208044,0.0081482,0.5529246000000001,0.426585
1997/3/13 0:00,0.5130644,1.435221,0.674014,0.560574,0.1208256,0.008517199999999999,0.5502678,0.413976
1997/3/14 0:00,0.5203458,1.4355532,0.677964,0.563169,0.1208256,0.008205599999999999,0.5544374000000001,0.420532
1997/3/15 0:00,0.521786,1.4355532,0.676343,0.561262,0.1208256,0.008237,0.553314,0.421484
1997/3/16 0:00,0.526248,1.4415276,0.675902,0.565953,0.12080919999999999,0.0081482,0.5610256,0.4287
1997/3/17 0:00,0.521786,1.4342158,0.677,0.566733,0.1208256,0.008237,0.5596053999999999,0.421673
1997/3/18 0:00,0.5172055999999999,1.4310783999999999,0.671254,0.56696,0.120861,0.008237600000000001,0.5544374000000001,0.418467
1997/3/19 0:00,0.5203458,1.4310783999999999,0.672136,0.565382,0.120803,0.008205599999999999,0.5544374,0.420558
1997/3/20 0:00,0.5130644,1.4352209999999999,0.673313,0.561077,0.120778,0.0086488,0.5530571999999999,0.414007
1997/3/21 0:00,0.5130644,1.4332972,0.672583,0.561707,0.12084,0.008704199999999999,0.5530571999999999,0.412835
1997/3/22 0:00,0.5125238000000001,1.4406198,0.674104,0.559709,0.120846,0.00938,0.5532571999999999,0.408796
1997/3/23 0:00,0.4978694000000001,1.4351464,0.674174,0.564851,0.1207802,0.009395,0.5553071999999999,0.403098
1997/3/24 0:00,0.5031806000000001,1.4334372,0.671932,0.577043,0.1207716,0.009262,0.5583693999999999,0.411064
1997/3/25 0:00,0.5031806000000001,1.4305816,0.671999,0.575207,0.1207724,0.009293,0.5583693999999999,0.41
1997/3/26 0:00,0.5031806000000001,1.431768,0.672249,0.576491,0.1207716,0.009317,0.5583693999999999,0.411582
1997/3/27 0:00,0.5062816,1.4415276000000001,0.672153,0.580705,0.12077039999999999,0.009283,0.5601041999999999,0.414724
1997/3/28 0:00,0.5196634,1.4292007999999998,0.6527339999999999,0.578951,0.1207714,0.009298,0.5521282000000001,0.414541
1997/3/29 0:00,0.5101926,1.4304444,0.6559086,0.57701,0.12079500000000001,0.009237,0.5576786,0.406822
1997/3/30 0:00,0.5081924,1.4304444,0.6558502,0.577941,0.1207848,0.009201,0.5576786,0.406263
1997/3/31 0:00,0.5081922,1.4290593999999996,0.6556298,0.575754,0.12078040000000001,0.009195,0.5576785999999999,0.405741
1997/4/1 0:00,0.4974094,1.4298106000000002,0.6551572,0.577043,0.12077039999999999,0.00919,0.5564357999999999,0.40108
1997/4/2 0:00,0.5031006,1.4298106,0.6551572,0.575092,0.12078340000000001,0.009166,0.5553071999999999,0.402839
1997/4/3 0:00,0.49974999999999997,1.4298105999999997,0.6551572,0.572172,0.1207862,0.009184,0.5553071999999999,0.401151
1997/4/4 0:00,0.5045512,1.4298106000000002,0.6551572,0.5716,0.1207816,0.009174,0.5553071999999999,0.402711
1997/4/5 0:00,0.5045512,1.4298106000000002,0.6551572,0.57346,0.120781,0.009251,0.5553072,0.404038
1997/4/6 0:00,0.5081922,1.4304444,0.6556298,0.577052,0.12078040000000001,0.009255,0.5576785999999999,0.405931
1997/4/7 0:00,0.4985896,1.4381220000000001,0.6595044,0.572041,0.120803,0.009288,0.5553071999999999,0.397599
1997/4/8 0:00,0.4985896,1.4349962,0.6551572,0.57379,0.1207966,0.009286,0.5553072,0.39958
1997/4/9 0:00,0.5086428,1.4346452,0.6595044,0.564178,0.12077979999999999,0.009248,0.5516272,0.397449
1997/4/10 0:00,0.5041019999999999,1.427616,0.6595044,0.562129,0.120833,0.009252,0.5553071999999999,0.393579
1997/4/11 0:00,0.49974999999999997,1.446016,0.6595044,0.566051,0.12074,0.009244,0.5553071999999999,0.39601
1997/4/12 0:00,0.5086428,1.445611,0.6595044,0.559758,0.120839,0.009277,0.5553071999999999,0.393153
1997/4/13 0:00,0.5086428,1.444977,0.6595044,0.561523,0.120805,0.009211,0.5505037999999999,0.40221
1997/4/14 0:00,0.5086428,1.455613,0.6551572,0.559262,0.120845,0.009179,0.5505037999999999,0.40183
1997/4/15 0:00,0.5086428,1.454596,0.6551572,0.558077,0.120855,0.009244,0.550177,0.40269
1997/4/16 0:00,0.5086428,1.442411,0.6551572,0.554622,0.120763,0.00925,0.5494208,0.401611
1997/4/17 0:00,0.5086428,1.425485,0.6551572,0.548617,0.120747,0.00926,0.5494207999999999,0.39906
1997/4/18 0:00,0.5086428,1.431934,0.6551572,0.550911,0.120815,0.009223,0.5494208,0.39941
1997/4/19 0:00,0.5069216,1.462654,0.6543408,0.557255,0.120838,0.009198,0.5494208,0.405012
1997/4/20 0:00,0.5086428,1.448126,0.6551572,0.553611,0.120795,0.009181,0.5505038,0.394011
1997/4/21 0:00,0.5086428,1.44885,0.6551572,0.5564,0.120749,0.009186,0.5516271999999999,0.39485
1997/4/22 0:00,0.5086428,1.445972,0.6595044,0.563472,0.120768,0.009238,0.5532269999999999,0.39944
1997/4/23 0:00,0.5086428,1.443911,0.6595044,0.565489,0.120771,0.009263,0.5553071999999999,0.39934
1997/4/24 0:00,0.49974999999999997,1.448626,0.6551572,0.571298,0.120791,0.009324,0.5553071999999999,0.40075
1997/4/25 0:00,0.5041019999999999,1.429378,0.6595044,0.56653,0.120817,0.009315,0.5553072,0.397981
1997/4/26 0:00,0.5086428,1.422658,0.6595044,0.564924,0.120816,0.00931,0.5553072,0.39827
1997/4/27 0:00,0.5086428,1.414617,0.6595044,0.560905,0.120783,0.009319,0.5532269999999999,0.396491
1997/4/28 0:00,0.49974999999999997,1.431377,0.6551572,0.570964,0.120805,0.009286,0.5553072,0.40071
1997/4/29 0:00,0.49974999999999997,1.429007,0.6595044,0.565808,0.120795,0.009281,0.5553071999999999,0.394361
1997/4/30 0:00,0.5041019999999999,1.435213,0.6595044,0.565467,0.120788,0.009267,0.5553071999999999,0.397201
1997/5/1 0:00,0.5041019999999999,1.425472,0.6595044,0.564834,0.120756,0.00922,0.5553071999999999,0.39685
1997/5/2 0:00,0.5086428,1.42505,0.6595044,0.561505,0.12078,0.009183,0.5516272,0.39888
1997/5/3 0:00,0.5086428,1.422631,0.6551572,0.561163,0.120767,0.009196,0.5505037999999999,0.40235
1997/5/4 0:00,0.5086428,1.422208,0.6551572,0.55613,0.120804,0.009087,0.5505037999999999,0.395831
1997/5/5 0:00,0.5086428,1.423373,0.6595044,0.558193,0.120767,0.009105,0.5532269999999999,0.3947
1997/5/6 0:00,0.5086428,1.41885,0.6551572,0.557125,0.120757,0.00909,0.5505038,0.397591
1997/5/7 0:00,0.5086428,1.407387,0.6551572,0.555639,0.120763,0.009084,0.5505038,0.39944
1997/5/8 0:00,0.5086428,1.40183,0.6551572,0.554542,0.120755,0.008992,0.5505037999999999,0.39949
1997/5/9 0:00,0.5086428,1.405069,0.6551572,0.554087,0.120754,0.00899,0.5494208,0.40036
1997/5/10 0:00,0.5089424,1.418241,0.6554058,0.563364,0.12079,0.009052,0.5494208,0.406419
1997/5/11 0:00,0.5081922,1.417983,0.6556298,0.568027,0.120746,0.009076,0.5516271999999999,0.405709
1997/5/12 0:00,0.5086428,1.421689,0.6551572,0.569622,0.120768,0.008999,0.5532269999999999,0.404169
1997/5/13 0:00,0.5214753999999999,1.433233,0.6537877999999999,0.57883,0.120749,0.008976,0.5519562,0.415517
1997/5/14 0:00,0.5234146,1.44028,0.6449687999999999,0.580046,0.120764,0.009004,0.5501396000000001,0.422665
1997/5/15 0:00,0.5217862,1.447605,0.6367686,0.588062,0.120816,0.009005,0.5500308,0.423638
1997/5/16 0:00,0.5217862,1.43367,0.6429078,0.582358,0.120768,0.009023,0.5529384,0.423423
1997/5/17 0:00,0.5247166,1.446261,0.6505802,0.589717,0.120768,0.009062,0.5577631999999999,0.4297
1997/5/18 0:00,0.5250060000000001,1.445166,0.6376092000000001,0.586218,0.120759,0.009021,0.550787,0.42608
1997/5/19 0:00,0.5217862,1.450655,0.638208,0.585315,0.120779,0.009029,0.5494928000000001,0.423965
1997/5/20 0:00,0.5187443999999999,1.4548,0.638208,0.584371,0.120755,0.009014,0.5537806000000001,0.421666
1997/5/21 0:00,0.5230248,1.445655,0.6517676,0.579947,0.120816,0.008892,0.5505672,0.421208
1997/5/22 0:00,0.5235646,1.466057,0.638208,0.58703,0.120783,0.008888,0.5494928000000001,0.422739
1997/5/23 0:00,0.524394,1.473503,0.6457658000000001,0.595527,0.120795,0.008888,0.5475956,0.428357
1997/5/24 0:00,0.525804,1.477459,0.6344288,0.598354,0.120791,0.008881,0.5462178,0.4286
1997/5/25 0:00,0.5255166,1.467166,0.6504456000000001,0.593419,0.120762,0.008935,0.5486131999999999,0.4293
1997/5/26 0:00,0.5319282000000001,1.467453,0.6549212,0.595645,0.120783,0.008863,0.5521342,0.434326
1997/5/27 0:00,0.53685,1.476752,0.6608294000000001,0.600727,0.120771,0.008924,0.5445812,0.43923
1997/5/28 0:00,0.5328036,1.4379822,0.6496404,0.604055,0.12078,0.008901,0.5557527999999999,0.439606
1997/5/29 0:00,0.5481092000000001,1.449703,0.6580550000000001,0.610909,0.120783,0.008822,0.566262,0.441262
1997/5/30 0:00,0.5491604000000001,1.4508122,0.6623244000000001,0.613365,0.120806,0.008802,0.558293,0.442229
1997/5/31 0:00,0.5516114,1.4486329999999998,0.6623244,0.610773,0.120745,0.008773,0.5576584,0.442611
1997/6/1 0:00,0.5428264,1.446103,0.6540634000000001,0.607204,0.120752,0.008723,0.5616410000000001,0.441568
1997/6/2 0:00,0.5387084000000001,1.4480866000000001,0.654134,0.610855,0.120751,0.008719,0.5711976,0.439624
1997/6/3 0:00,0.53758,1.4580322000000003,0.6479817999999999,0.620623,0.120745,0.008742,0.5594966000000001,0.44315
1997/6/4 0:00,0.5363106,1.4549922,0.6479817999999999,0.62121,0.120743,0.008696,0.5632286,0.442067
1997/6/5 0:00,0.5404500000000001,1.46584,0.6383018,0.627141,0.120796,0.008735,0.5594966000000001,0.447111
1997/6/6 0:00,0.53911,1.46034,0.6387183999999999,0.623539,0.120746,0.008748,0.5594966,0.446577
1997/6/7 0:00,0.54111,1.4901400000000002,0.639146,0.623748,0.120787,0.008568,0.5562368000000001,0.450525
1997/6/8 0:00,0.5444500000000001,1.5060799999999999,0.6408720000000001,0.625426,0.120774,0.008593,0.5572854,0.453273
1997/6/9 0:00,0.5477774,1.4563322,0.6572686,0.616956,0.120792,0.008636,0.5562368,0.444667
1997/6/10 0:00,0.543674,1.45858,0.6520366,0.61879,0.120792,0.008592,0.5562368,0.44535
1997/6/11 0:00,0.5477774,1.4584,0.6614846,0.615901,0.120818,0.00857,0.5562368000000001,0.445677
1997/6/12 0:00,0.5418299999999999,1.47376,0.6454016000000001,0.619512,0.120825,0.008489,0.5572854000000002,0.450755
1997/6/13 0:00,0.5471388,1.449703,0.6623244,0.611483,0.120773,0.008421,0.566262,0.441579
1997/6/14 0:00,0.555817,1.4901704,0.6658708,0.611783,0.120833,0.008471,0.5496208,0.445455
1997/6/15 0:00,0.553205,1.4754304,0.6658708,0.610392,0.120765,0.0085,0.5496208,0.444156
1997/6/16 0:00,0.555055,1.50404,0.6665404,0.61359,0.120819,0.008404,0.5519552,0.44625
1997/6/17 0:00,0.556211,1.5069304000000001,0.6658708,0.610373,0.120765,0.008525,0.5496208,0.446861
1997/6/18 0:00,0.556928,1.54166,0.6658708,0.611194,0.120748,0.008549,0.5515838000000001,0.448166
1997/6/19 0:00,0.555267,1.50404,0.6658708,0.613657,0.12074,0.008536,0.5519552,0.447455
1997/6/20 0:00,0.550755,1.4570504000000002,0.6650462000000001,0.607718,0.120748,0.008477,0.5515838000000001,0.444567
1997/6/21 0:00,0.543554,1.4724666000000002,0.6311436,0.600078,0.120796,0.008536,0.5425641999999999,0.433033
1997/6/22 0:00,0.545623,1.464115,0.6412336,0.608035,0.120748,0.008571,0.5418752000000001,0.434807
1997/6/23 0:00,0.542859,1.4533,0.6543602,0.604675,0.120745,0.008539,0.5536276000000001,0.436275
1997/6/24 0:00,0.543918,1.464115,0.640393,0.603035,0.120803,0.008573,0.5425641999999999,0.435456
1997/6/25 0:00,0.545709,1.4543104,0.665402,0.608249,0.120773,0.008594,0.5498272,0.44045
1997/6/26 0:00,0.550965,1.4694399999999999,0.667022,0.613436,0.120752,0.008599,0.5519552,0.444917
1997/6/27 0:00,0.555572,1.54166,0.669525,0.611283,0.120812,0.008681,0.5515838000000001,0.45031
1997/6/28 0:00,0.552911,1.4863,0.667691,0.611091,0.120792,0.008636,0.5515838000000001,0.446055
1997/6/29 0:00,0.550415,1.4570504,0.663062,0.610253,0.120787,0.008712,0.5515838000000001,0.442761
1997/6/30 0:00,0.54876,1.4540704000000002,0.662054,0.603374,0.120806,0.008686,0.5498272,0.443856
1997/7/1 0:00,0.542721,1.453681,0.661439,0.604558,0.120783,0.008604,0.5465286,0.43765
1997/7/2 0:00,0.534717,1.4643962,0.662339,0.598211,0.120777,0.008541,0.5447811999999999,0.432884
1997/7/3 0:00,0.535957,1.4439504000000003,0.661222,0.604558,0.120825,0.008494,0.5438502,0.436619
1997/7/4 0:00,0.535904,1.4439504000000003,0.657093,0.602707,0.120794,0.008535,0.5436572,0.435369
1997/7/5 0:00,0.531012,1.4506059999999998,0.65718,0.598916,0.120813,0.008591,0.5496087999999999,0.43245
1997/7/6 0:00,0.526508,1.4560427999999999,0.654772,0.595172,0.120814,0.008608,0.5580216,0.425537
1997/7/7 0:00,0.528014,1.4541317999999999,0.651781,0.593289,0.120781,0.008687,0.5622925999999999,0.4286
1997/7/8 0:00,0.528158,1.4657584,0.64954,0.595965,0.120808,0.00863,0.5619495999999999,0.4297
1997/7/9 0:00,0.525405,1.451671,0.650907,0.592145,0.120773,0.008644,0.5576252,0.427557
1997/7/10 0:00,0.524407,1.451671,0.649217,0.592228,0.120754,0.008587,0.5576252,0.428072
1997/7/11 0:00,0.522102,1.4355132,0.650783,0.591403,0.120803,0.008609,0.5563566000000001,0.427157
1997/7/12 0:00,0.522307,1.4409904,0.650213,0.589355,0.120751,0.008569,0.5614024,0.429314
1997/7/13 0:00,0.525158,1.4413163999999998,0.651292,0.592841,0.12073,0.00861,0.5603444000000001,0.43435
1997/7/14 0:00,0.5252,1.4498295999999997,0.654255,0.595498,0.120789,0.008609,0.5562638,0.432634
1997/7/15 0:00,0.5262,1.4530982000000001,0.654554,0.599365,0.120772,0.008527,0.5570172,0.43085
1997/7/16 0:00,0.528561,1.4447375999999998,0.650146,0.602017,0.120745,0.008534,0.5605636,0.431984
1997/7/17 0:00,0.529115,1.445404,0.646344,0.609059,0.120764,0.008405,0.5668328,0.437125
1997/7/18 0:00,0.522657,1.4386968,0.647728,0.605327,0.120803,0.00841,0.5610212,0.431314
1997/7/19 0:00,0.51875,1.4386968,0.648086,0.603112,0.120758,0.008442,0.5652014000000001,0.430114
1997/7/20 0:00,0.51305,1.4202694,0.64874,0.606625,0.120752,0.00834,0.571489,0.425287
1997/7/21 0:00,0.510601,1.4413643999999999,0.644924,0.605538,0.120805,0.008361,0.5573828,0.421408
1997/7/22 0:00,0.5119,1.4309543999999998,0.647011,0.605206,0.120763,0.008354,0.5669256,0.424008
1997/7/23 0:00,0.509253,1.4317874,0.6374506,0.605462,0.12077,0.008298,0.5465859999999999,0.419358
1997/7/24 0:00,0.505351,1.4305303999999999,0.6323124,0.601245,0.120705,0.00832,0.5453146,0.417158
1997/7/25 0:00,0.5024,1.4443768000000001,0.62651,0.593518,0.120786,0.008324,0.5457409999999999,0.41885
1997/7/26 0:00,0.495198,1.4186444,0.6261058,0.591493,0.120771,0.008253,0.5446979999999999,0.411209
1997/7/27 0:00,0.492849,1.4349649999999998,0.6690684,0.58253,0.120767,0.008143,0.562715,0.408218
1997/7/28 0:00,0.4993,1.4501674000000002,0.6561216000000001,0.583844,0.120779,0.008106,0.565323,0.4195
1997/7/29 0:00,0.501701,1.4528566,0.6515904,0.58818,0.120802,0.008154,0.565036,0.421158
1997/7/30 0:00,0.5014,1.4489478,0.6515356,0.591333,0.120767,0.008126,0.563079,0.418266
1997/7/31 0:00,0.4908,1.4415276000000001,0.668505,0.581912,0.12077,0.008064,0.559268,0.412268
1997/8/1 0:00,0.493998,1.4415276000000001,0.668505,0.580387,0.120782,0.008139,0.560994,0.414434
1997/8/2 0:00,0.491996,1.4361160000000002,0.6690683999999999,0.58199,0.120803,0.008122,0.559143,0.407746
1997/8/3 0:00,0.4982,1.4368436000000002,0.6655070000000001,0.583207,0.120778,0.008151,0.557864,0.409636
1997/8/4 0:00,0.494649,1.4288363999999998,0.668505,0.579143,0.120791,0.008215,0.557072,0.410277
1997/8/5 0:00,0.49415,1.4305816,0.668505,0.578847,0.120767,0.008083,0.55537,0.4093
1997/8/6 0:00,0.485543,1.4298106,0.6728916,0.574128,0.120794,0.007947,0.554093,0.402799
1997/8/7 0:00,0.483297,1.4354172,0.6728916,0.574235,0.120808,0.007918,0.550858,0.39711
1997/8/8 0:00,0.483697,1.4298106000000002,0.6725014,0.579839,0.120751,0.007935,0.5564357999999999,0.40019
1997/8/9 0:00,0.484347,1.4229518,0.6261058,0.58844,0.120779,0.007945,0.5555626,0.402369
1997/8/10 0:00,0.491398,1.4201666000000002,0.6261058,0.589147,0.120772,0.008061,0.5588719999999999,0.404129
1997/8/11 0:00,0.493249,1.418351,0.6315915999999999,0.589102,0.120774,0.007993,0.5588719999999999,0.404988
1997/8/12 0:00,0.49635,1.4186444,0.6432032,0.590264,0.120793,0.007977,0.5532032,0.406569
1997/8/13 0:00,0.493349,1.4297516,0.653335,0.587281,0.120784,0.008032,0.5584328,0.40075
1997/8/14 0:00,0.4997,1.4321094,0.653335,0.583577,0.120758,0.008066,0.5584328,0.402869
1997/8/15 0:00,0.507804,1.4327532,0.652347,0.583127,0.120778,0.008118,0.550657,0.405859
1997/8/16 0:00,0.508601,1.4267866000000002,0.6516424000000001,0.58473,0.120758,0.008048,0.5479826,0.408437
1997/8/17 0:00,0.511206,1.4267866000000002,0.6512452,0.583696,0.120782,0.00804,0.5463131999999999,0.410627
1997/8/18 0:00,0.505803,1.4304444,0.653335,0.57722,0.120753,0.008078,0.5555277999999999,0.404679
1997/8/19 0:00,0.50005,1.4290594,0.653335,0.577511,0.120785,0.008138,0.5584328,0.40226
1997/8/20 0:00,0.5032,1.4290593999999999,0.653335,0.577868,0.120749,0.008184,0.5584328,0.40431
1997/8/21 0:00,0.514802,1.4258642,0.6571556000000001,0.586589,0.120788,0.008257,0.5472513999999999,0.410195
1997/8/22 0:00,0.51475,1.4258642,0.6571556000000001,0.586531,0.1208,0.008258,0.5472513999999999,0.410195
1997/8/23 0:00,0.507451,1.4310226000000001,0.6508955999999999,0.586599,0.120817,0.008246,0.5440533999999999,0.411386
1997/8/24 0:00,0.505701,1.4368436000000002,0.6509218,0.583511,0.120782,0.0082534,0.5471962,0.410909
1997/8/25 0:00,0.507653,1.4310226,0.6504906,0.586084,0.120821,0.008225,0.5442332000000001,0.410495
1997/8/26 0:00,0.51115,1.4258642,0.6512452,0.587285,0.120794,0.008103200000000001,0.5445276,0.412044
1997/8/27 0:00,0.508604,1.4291936,0.6508955999999999,0.579546,0.1208,0.008141,0.5480714,0.411036
1997/8/28 0:00,0.5124,1.4267865999999998,0.658878,0.577502,0.120751,0.008738800000000001,0.5472659999999999,0.413335
1997/8/29 0:00,0.51705,1.4284524,0.6538653999999999,0.579544,0.1207876,0.0081206,0.5485666,0.418908
1997/8/30 0:00,0.520702,1.4333988,0.6540674,0.580587,0.1207792,0.008517,0.5515909999999999,0.422616
1997/8/31 0:00,0.518102,1.4280411999999998,0.6524315999999999,0.576596,0.120783,0.008184199999999999,0.5534216000000001,0.420616
1997/9/1 0:00,0.518852,1.430228,0.6540674,0.578047,0.120789,0.0085242,0.556301,0.42155
1997/9/2 0:00,0.517955,1.4280411999999998,0.6524315999999999,0.577445,0.120783,0.0083452,0.5534216000000001,0.420566
1997/9/3 0:00,0.516408,1.4270918,0.6427968,0.5961323999999999,0.1208134,0.0080084,0.5470434,0.418433
1997/9/4 0:00,0.522707,1.4486306,0.6337134,0.5959002,0.120812,0.008199,0.5438052000000001,0.424565
1997/9/5 0:00,0.52391,1.4476534,0.6240846,0.5957794,0.1208136,0.008153,0.5438052000000001,0.42425
1997/9/6 0:00,0.522804,1.4511274,0.6356606000000001,0.5951972,0.1208226,0.008164,0.545407,0.422123
1997/9/7 0:00,0.519358,1.4407272,0.6357798,0.6060209999999999,0.12080379999999999,0.008113,0.5491396,0.419208
1997/9/8 0:00,0.521304,1.4357218,0.6427968,0.5961323999999999,0.1208134,0.008117,0.5465224,0.418391
1997/9/9 0:00,0.524305,1.4469014,0.6362324000000001,0.596569,0.12081440000000002,0.008101,0.5449740000000001,0.4226
1997/9/10 0:00,0.527703,1.4486306,0.6345666,0.597229,0.12082040000000001,0.008151,0.5436783999999999,0.424938
1997/9/11 0:00,0.529362,1.461911,0.6452786,0.5895024,0.1208094,0.008089,0.5428018,0.428072
1997/9/12 0:00,0.527558,1.4627898,0.6352646,0.5946274,0.12081,0.008149,0.5433351999999999,0.426507
1997/9/13 0:00,0.523152,1.4476534,0.6242652,0.5957794,0.12081360000000001,0.008142,0.5447254000000001,0.424065
1997/9/14 0:00,0.516052,1.4377244,0.6356556,0.6013232000000001,0.1208002,0.008327,0.5483268,0.419274
1997/9/15 0:00,0.521452,1.4476534,0.6348058,0.5890046000000001,0.1208016,0.00834,0.5447254000000001,0.423581
1997/9/16 0:00,0.519258,1.4427624000000001,0.6292324,0.5890046000000001,0.1208034,0.008289,0.5447284000000001,0.423873
1997/9/17 0:00,0.521159,1.4476534,0.6365206000000001,0.5890046000000001,0.1208016,0.008257,0.543639,0.42345
1997/9/18 0:00,0.51921,1.449411,0.6388552000000001,0.596789,0.12082079999999999,0.008323,0.5469444000000001,0.421008
1997/9/19 0:00,0.512906,1.4356200000000001,0.6340787999999999,0.6065584,0.1208164,0.008308,0.5457662,0.416858
1997/9/20 0:00,0.507452,1.42852,0.6346362,0.5935884,0.12081559999999998,0.008387,0.5451431999999999,0.409436
1997/9/21 0:00,0.507252,1.4222882000000001,0.6443592,0.5902179999999999,0.1208086,0.008394,0.5451432,0.409018
1997/9/22 0:00,0.50765,1.4239974,0.651079,0.5840940000000001,0.1207918,0.008385,0.5481347999999999,0.4103
1997/9/23 0:00,0.510102,1.4239974,0.653057,0.584642,0.12077580000000002,0.008317,0.5463766000000001,0.411518
1997/9/24 0:00,0.5159,1.4259680000000001,0.656447,0.5816806,0.1207692,0.008319,0.5485102000000001,0.413367
1997/9/25 0:00,0.520908,1.4289707999999997,0.657114,0.5826174,0.1207778,0.008319,0.5493602,0.416084
1997/9/26 0:00,0.522204,1.4449216000000003,0.65798,0.5823962,0.120787,0.008278,0.5477786,0.419374
1997/9/27 0:00,0.522011,1.436025,0.658021,0.582015,0.12077900000000001,0.008201,0.5493602,0.4171
1997/9/28 0:00,0.52566,1.448005,0.656206,0.5804289999999999,0.12077339999999999,0.008216,0.549729,0.418491
1997/9/29 0:00,0.528103,1.4480924,0.658867,0.5827503999999999,0.1207772,0.008192,0.5494669999999999,0.4223
1997/9/30 0:00,0.5275,1.448005,0.65798,0.5804289999999999,0.12077339999999999,0.008239,0.549729,0.417441
1997/10/1 0:00,0.524052,1.4366136,0.657806,0.5804289999999999,0.1207816,0.008192,0.549608,0.416717
1997/10/2 0:00,0.52325,1.4289708,0.651759,0.5826979999999999,0.12077040000000001,0.008109,0.550312,0.414426
1997/10/3 0:00,0.521058,1.4287176,0.651565,0.5826174,0.12077040000000001,0.008137,0.550358,0.414526
1997/10/4 0:00,0.520602,1.4287176000000001,0.652273,0.5840264000000001,0.12077040000000001,0.008071,0.549224,0.41405
1997/10/5 0:00,0.516205,1.4276396000000002,0.656446,0.5816806,0.120774,0.008027,0.548742,0.412459
1997/10/6 0:00,0.517157,1.4259680000000001,0.656206,0.5837754,0.12077500000000001,0.008042,0.549073,0.4133
1997/10/7 0:00,0.517505,1.4259679999999997,0.657631,0.5837754,0.1207824,0.008065,0.549753,0.414
1997/10/8 0:00,0.521657,1.436025,0.65889,0.582015,0.120779,0.00808,0.549858,0.416992
1997/10/9 0:00,0.518352,1.436025,0.658888,0.5826174,0.12077900000000001,0.008043,0.548893,0.416675
1997/10/10 0:00,0.505951,1.4350326,0.657009,0.5724612,0.120793,0.008018,0.5564254,0.406188
1997/10/11 0:00,0.511756,1.4350326,0.660085,0.5726788,0.120773,0.008017,0.550865,0.406547
1997/10/12 0:00,0.511252,1.4350326,0.660391,0.5726788,0.120768,0.008057,0.550865,0.407019
1997/10/13 0:00,0.517609,1.4350326,0.662011,0.5745861999999999,0.120797,0.00804,0.5492638000000001,0.408368
1997/10/14 0:00,0.5174,1.4350326,0.662011,0.5726788,0.120759,0.008036,0.5492638000000001,0.407578
1997/10/15 0:00,0.514557,1.4399012,0.661091,0.5671108,0.120773,0.007957,0.5491370000000001,0.403329
1997/10/16 0:00,0.509501,1.4359106,0.656616,0.5652881999999999,0.120771,0.007947,0.5509312000000001,0.404198
1997/10/17 0:00,0.5109,1.4350326,0.657264,0.5726788,0.120821,0.007975,0.5508649999999999,0.406887
1997/10/18 0:00,0.50995,1.4350326,0.658132,0.5724275999999999,0.120756,0.007978,0.550865,0.406178
1997/10/19 0:00,0.505852,1.4350326,0.655156,0.5691168,0.120794,0.008039,0.5563526,0.40455
1997/10/20 0:00,0.506001,1.4350326,0.652438,0.5683239999999999,0.120807,0.008071,0.5563526,0.405619
1997/10/21 0:00,0.507304,1.4350326,0.651587,0.5738938,0.120795,0.008044,0.555166,0.406659
1997/10/22 0:00,0.507303,1.4350326,0.650485,0.5697985999999999,0.120773,0.007973,0.555682,0.405378
1997/10/23 0:00,0.509751,1.4350326,0.650216,0.5742144,0.120818,0.008005,0.5529588000000001,0.406787
1997/10/24 0:00,0.515902,1.4273864,0.650442,0.5816806,0.12078,0.008071,0.5480001999999999,0.413984
1997/10/25 0:00,0.513455,1.4273864,0.648863,0.5818198,0.120795,0.008108,0.5452104,0.413526
1997/10/26 0:00,0.508254,1.429095,0.647198,0.5840172000000001,0.120803,0.008036,0.5526712,0.408918
1997/10/27 0:00,0.50925,1.4239974,0.649223,0.5846419999999999,0.120788,0.008048,0.5451966,0.4119
1997/10/28 0:00,0.508751,1.4239974,0.649787,0.584642,0.120754,0.008071,0.5451965999999999,0.411885
1997/10/29 0:00,0.509252,1.4239974,0.652036,0.5846419999999999,0.120767,0.008085,0.5459234000000001,0.41185
1997/10/30 0:00,0.508302,1.4239974,0.652353,0.584642,0.12078,0.008116,0.5451965999999999,0.412294
1997/10/31 0:00,0.50565,1.425622,0.654192,0.5829382000000001,0.120797,0.007985,0.5510021999999999,0.41235
1997/11/1 0:00,0.509602,1.424908,0.652123,0.5832154,0.120756,0.007995,0.5451966,0.413026
1997/11/2 0:00,0.518109,1.43362,0.650695,0.5826174,0.120794,0.008026,0.5481862000000001,0.417042
1997/11/3 0:00,0.52041,1.431564,0.651719,0.5806530000000001,0.120771,0.008087,0.5479856,0.419024
1997/11/4 0:00,0.518,1.428621,0.652996,0.5818694,0.120758,0.008088,0.5481862000000001,0.417791
1997/11/5 0:00,0.517507,1.417816,0.65565,0.5818694,0.120817,0.008071,0.5475260000000001,0.41939
1997/11/6 0:00,0.5156,1.41655,0.651098,0.5865498,0.120753,0.008091,0.546542,0.418408
1997/11/7 0:00,0.5196,1.415825,0.651992,0.5866996,0.120777,0.008092,0.5471164,0.424073
1997/11/8 0:00,0.512051,1.425415,0.649794,0.6033522,0.120764,0.008207,0.5563928,0.425315
1997/11/9 0:00,0.513005,1.423457,0.64949,0.6051886,0.12082,0.008183,0.568246,0.425357
1997/11/10 0:00,0.517755,1.4201,0.650044,0.5991643999999999,0.120767,0.008162,0.569103,0.427757
1997/11/11 0:00,0.521704,1.428214,0.650865,0.596285,0.120778,0.008202,0.569265,0.430385
1997/11/12 0:00,0.528853,1.440518,0.654664,0.5977274,0.120815,0.008366,0.572984,0.43332
1997/11/13 0:00,0.524055,1.443211,0.650146,0.5950498,0.120817,0.008311,0.572377,0.432214
1997/11/14 0:00,0.5354,1.444261,0.648445,0.6056562000000001,0.120758,0.008314,0.570679,0.438831
1997/11/15 0:00,0.532903,1.444,0.647417,0.6049152,0.120759,0.008283,0.568877,0.436406
1997/11/16 0:00,0.535368,1.45465,0.646033,0.604705,0.120771,0.008363,0.570776,0.439262
1997/11/17 0:00,0.53441,1.448126,0.648249,0.600517,0.120758,0.008303,0.570125,0.439762
1997/11/18 0:00,0.534314,1.446916,0.649328,0.601819,0.120808,0.008343,0.569979,0.44103
1997/11/19 0:00,0.53496,1.442711,0.649556,0.600643,0.120812,0.008327,0.572459,0.440406
1997/11/20 0:00,0.528706,1.442579,0.64924,0.60009,0.120817,0.008343,0.572197,0.437812
1997/11/21 0:00,0.53015,1.452659,0.649279,0.601389,0.120783,0.008328,0.57089,0.440612
1997/11/22 0:00,0.529359,1.45105,0.646842,0.598814,0.120818,0.008324,0.571804,0.439374
1997/11/23 0:00,0.531853,1.457004,0.647375,0.604481,0.120821,0.008368,0.572672,0.441373
1997/11/24 0:00,0.529064,1.453055,0.64491,0.601921,0.120758,0.008405,0.57468,0.438962
1997/11/25 0:00,0.527414,1.453605,0.644739,0.598557,0.120805,0.008419,0.574399,0.43675
1997/11/26 0:00,0.52071,1.442756,0.641077,0.586699,0.120808,0.008374,0.572197,0.431277
1997/11/27 0:00,0.520402,1.456517,0.642167,0.58576,0.120805,0.008285,0.571184,0.431964
1997/11/28 0:00,0.520406,1.455023,0.641945,0.5919,0.12082,0.00827,0.571429,0.433513
1997/11/29 0:00,0.519352,1.46042,0.638727,0.597603,0.120809,0.008328,0.572738,0.43442
1997/11/30 0:00,0.513605,1.4565,0.639836,0.592068,0.120796,0.008264,0.571396,0.430421
1997/12/1 0:00,0.516702,1.46731,0.639987,0.602653,0.120806,0.008367,0.575374,0.426857
1997/12/2 0:00,0.51685,1.46925,0.639276,0.604748,0.120759,0.008388,0.575457,0.425037
1997/12/3 0:00,0.514851,1.471314,0.639046,0.616542,0.120798,0.008261800000000001,0.577284,0.423573
1997/12/4 0:00,0.50235,1.465404,0.636975,0.622784,0.120785,0.0081872,0.576951,0.411318
1997/12/5 0:00,0.49755,1.467066,0.635867,0.625399,0.120808,0.0081872,0.576984,0.413043
1997/12/6 0:00,0.491599,1.468013,0.637012,0.626523,0.12081,0.0080398,0.574548,0.411418
1997/12/7 0:00,0.492097,1.465704,0.636514,0.629785,0.120798,0.0081044,0.575457,0.411318
1997/12/8 0:00,0.484742,1.455972,0.636326,0.633079,0.120797,0.008089,0.572951,0.40205
1997/12/9 0:00,0.491747,1.462769,0.636549,0.625606,0.12078,0.008115800000000001,0.564892,0.402029
1997/12/10 0:00,0.4932,1.469909,0.636448,0.629174,0.120814,0.008172200000000001,0.564302,0.407028
1997/12/11 0:00,0.491299,1.474408,0.635962,0.624867,0.120794,0.008065800000000001,0.565851,0.404338
1997/12/12 0:00,0.487995,1.4741,0.633076,0.620132,0.120807,0.0081794,0.566813,0.40137
1997/12/13 0:00,0.491848,1.4721,0.633226,0.61556,0.120771,0.0082232,0.56646,0.406897
1997/12/14 0:00,0.495448,1.479002,0.63539,0.618487,0.120795,0.008172200000000001,0.565307,0.406238
1997/12/15 0:00,0.4951,1.468553,0.637889,0.617189,0.120771,0.0081548,0.562351,0.404897
1997/12/16 0:00,0.495848,1.47581,0.637511,0.615626,0.120771,0.008172200000000001,0.562746,0.406897
1997/12/17 0:00,0.5011,1.475702,0.637584,0.617303,0.120771,0.0081872,0.562287,0.409686
1997/12/18 0:00,0.507151,1.483203,0.639885,0.618684,0.120783,0.008234599999999998,0.559362,0.414284
1997/12/19 0:00,0.5072,1.473003,0.640133,0.622045,0.120773,0.0082346,0.557072,0.416225
1997/12/20 0:00,0.5007,1.45785,0.638628,0.615162,0.120758,0.0080456,0.554739,0.412459
1997/12/21 0:00,0.5022,1.450625,0.637831,0.613977,0.120771,0.0079666,0.551511,0.412943
1997/12/22 0:00,0.50135,1.443978,0.638972,0.607697,0.120798,0.008025,0.550131,0.414426
1997/12/23 0:00,0.51205,1.4517,0.640164,0.615304,0.1208,0.0081236,0.550312,0.41974
1997/12/24 0:00,0.515453,1.448316,0.64197,0.615001,0.120823,0.008272,0.552501,0.420916
1997/12/25 0:00,0.511602,1.447471,0.639159,0.611536,0.120773,0.0081338,0.550464,0.418491
1997/12/26 0:00,0.510602,1.44605,0.636587,0.609552,0.120818,0.008053799999999998,0.550721,0.417825
1997/12/27 0:00,0.507404,1.443511,0.633684,0.610794,0.12078,0.008032,0.549753,0.415892
1997/12/28 0:00,0.5087,1.432177,0.634747,0.608169,0.120771,0.008146999999999998,0.548712,0.417025
1997/12/29 0:00,0.5156946,1.42398,0.63367,0.602712,0.120805,0.008237,0.546926,0.418341
1997/12/30 0:00,0.5156946,1.425072,0.636132,0.602217,0.120783,0.008237,0.54784,0.418658
1997/12/31 0:00,0.5172055999999999,1.428157,0.635214,0.603483,0.120797,0.0082326,0.5473,0.418041
1998/1/1 0:00,0.5084428000000001,1.42538,0.635419,0.604573,0.120806,0.008134,0.548546,0.41195
1998/1/2 0:00,0.5083322000000001,1.435632,0.634357,0.605651,0.120768,0.008142,0.54727,0.412318
1998/1/3 0:00,0.5102228,1.453159,0.635033,0.613742,0.120753,0.008194,0.546852,0.413934
1998/1/4 0:00,0.5102228,1.45076,0.63367,0.615366,0.120795,0.008199,0.548381,0.413176
1998/1/5 0:00,0.506102,1.455,0.62999,0.612257,0.120795,0.008166,0.548652,0.410777
1998/1/6 0:00,0.5172055999999999,1.4615,0.628279,0.613177,0.120818,0.008205,0.548441,0.41475
1998/1/7 0:00,0.5172055999999999,1.4588,0.627707,0.61024,0.12082,0.008223,0.54933,0.41595
1998/1/8 0:00,0.5203458,1.4593,0.627963,0.608939,0.120821,0.008255,0.550131,0.4205
1998/1/9 0:00,0.5184664,1.4636,0.625391,0.611247,0.120823,0.008267,0.551815,0.4195
1998/1/10 0:00,0.5197455999999999,1.4542,0.625469,0.609793,0.120823,0.008326,0.551709,0.4202
1998/1/11 0:00,0.521786,1.4536,0.623908,0.611322,0.120824,0.008308,0.548697,0.42215
1998/1/12 0:00,0.5203458000000001,1.4409,0.62751,0.598337,0.120824,0.00822,0.54757,0.4213
1998/1/13 0:00,0.5162549999999999,1.4417,0.627943,0.601558,0.120821,0.008228,0.548035,0.42
1998/1/14 0:00,0.5150654,1.432,0.629961,0.601649,0.120817,0.008168,0.545852,0.41745
1998/1/15 0:00,0.5112532,1.4277,0.629109,0.603519,0.120815,0.008138,0.54484,0.41425
1998/1/16 0:00,0.5136344,1.4136,0.630517,0.602882,0.120815,0.008114,0.542667,0.41505
1998/1/17 0:00,0.5136343999999999,1.4192,0.627235,0.606281,0.120817,0.008154,0.544736,0.4148
1998/1/18 0:00,0.5084428,1.4169,0.624493,0.604851,0.120818,0.008121,0.544425,0.41
1998/1/19 0:00,0.5084428000000001,1.4114,0.624922,0.601938,0.120818,0.008068,0.544514,0.41015
1998/1/20 0:00,0.5056318000000001,1.4099,0.625489,0.599862,0.120818,0.008056,0.543907,0.41025
1998/1/21 0:00,0.510853,1.4116,0.624805,0.601251,0.120818,0.008059,0.545346,0.413
1998/1/22 0:00,0.5136344,1.4149,0.627235,0.603245,0.120817,0.00807,0.54539,0.4154
1998/1/23 0:00,0.5112532,1.4244,0.630955,0.606465,0.120817,0.008123,0.545792,0.41425
1998/1/24 0:00,0.5084428000000001,1.4266,0.632391,0.603938,0.120811,0.008075,0.545464,0.4121
1998/1/25 0:00,0.5172055999999999,1.4247,0.635789,0.609292,0.120811,0.008109,0.546001,0.41615
1998/1/26 0:00,0.5136344,1.4213,0.634035,0.604412,0.120817,0.008074,0.543892,0.41495
1998/1/27 0:00,0.5084427999999999,1.4217,0.636436,0.604887,0.120815,0.008055,0.544677,0.41225
1998/1/28 0:00,0.5136344,1.4154,0.635586,0.602591,0.120814,0.008053,0.545167,0.41505
1998/1/29 0:00,0.5158457999999999,1.4282,0.635647,0.607017,0.120814,0.008021,0.546732,0.41725
1998/1/30 0:00,0.5115028,1.43325,0.63478,0.602954,0.120814,0.007966,0.545479,0.41505
1998/1/31 0:00,0.5149942,1.4347,0.633633,0.601251,0.120817,0.007933,0.545643,0.4151
1998/2/1 0:00,0.5150654,1.4369,0.633754,0.603064,0.12082,0.007921,0.545673,0.41715
1998/2/2 0:00,0.5203458,1.447,0.638447,0.608902,0.12082,0.007933,0.546448,0.4206
1998/2/3 0:00,0.516475,1.4417,0.637714,0.60529,0.120821,0.007927,0.546299,0.4186
1998/2/4 0:00,0.5172055999999999,1.45335,0.641355,0.613346,0.12082,0.007856,0.544381,0.41765
1998/2/5 0:00,0.5172055999999999,1.4597,0.638978,0.61222,0.120818,0.007841,0.544247,0.41785
1998/2/6 0:00,0.5172055999999999,1.4563,0.635243,0.61177,0.12082,0.007828,0.544573,0.41685
1998/2/7 0:00,0.5143639999999999,1.451,0.63484,0.610426,0.120821,0.007803,0.545881,0.4149
1998/2/8 0:00,0.5074428,1.4494,0.633312,0.61361,0.120823,0.007781,0.544218,0.4118
1998/2/9 0:00,0.5115028,1.42272,0.630736,0.604485,0.120821,0.007717,0.544514,0.41445
1998/2/10 0:00,0.5060608,1.42116,0.62692,0.593542,0.120821,0.007649,0.542594,0.4147
1998/2/11 0:00,0.5101811999999999,1.4352124000000002,0.624493,0.591366,0.120821,0.007644,0.5437,0.416
1998/2/12 0:00,0.5144040000000001,1.41228,0.6259,0.595238,0.120823,0.007594,0.539142,0.4155
1998/2/13 0:00,0.5122637999999999,1.4163999999999999,0.627727,0.596944,0.120821,0.007612,0.54019,0.41525
1998/2/14 0:00,0.5149942,1.41996,0.628082,0.601431,0.120823,0.007598,0.541565,0.4158
1998/2/15 0:00,0.5217956000000001,1.4321199999999998,0.626253,0.608014,0.120823,0.007567,0.539884,0.42245
1998/2/16 0:00,0.5250060000000001,1.4491318,0.626253,0.605877,0.120823,0.007592,0.540789,0.42585
1998/2/17 0:00,0.5301768,1.4412318,0.626782,0.604942,0.120823,0.007643,0.542446,0.42905
1998/2/18 0:00,0.526248,1.4545918,0.6259,0.606134,0.12082,0.007628,0.542094,0.4275
1998/2/19 0:00,0.5410632,1.4475924,0.626645,0.604047,0.120821,0.007534,0.540906,0.43075
1998/2/20 0:00,0.526248,1.4508724000000002,0.625782,0.603573,0.120821,0.007522,0.540599,0.4283
1998/2/21 0:00,0.526248,1.4531123999999997,0.626017,0.602156,0.120823,0.007561,0.5428,0.42615
1998/2/22 0:00,0.5233459999999999,1.4531123999999997,0.624512,0.601884,0.120823,0.007559,0.541932,0.42435
1998/2/23 0:00,0.5217956000000001,1.4377600000000001,0.627156,0.603682,0.120821,0.007575,0.54539,0.42245
1998/2/24 0:00,0.5220958,1.4432078000000002,0.629089,0.60183,0.120821,0.007627,0.547555,0.42415
1998/2/25 0:00,0.5203458,1.43144,0.626331,0.601685,0.120821,0.007579,0.545554,0.4211
1998/2/26 0:00,0.521786,1.4373118,0.62054,0.5997,0.12082,0.007571,0.545405,0.42145
1998/2/27 0:00,0.5233459999999999,1.4574323999999999,0.618582,0.60241,0.120821,0.007554,0.545316,0.4246
1998/2/28 0:00,0.526248,1.4506324000000002,0.620155,0.601685,0.12082,0.007543,0.545539,0.42735
1998/3/1 0:00,0.5313254000000001,1.4475924,0.621697,0.601866,0.120821,0.007469,0.543331,0.42925
1998/3/2 0:00,0.526248,1.4601456,0.624376,0.598408,0.120824,0.0081662,0.543774,0.4266
1998/3/3 0:00,0.525476,1.4579656,0.623519,0.597657,0.120821,0.008431600000000001,0.543774,0.4271
1998/3/4 0:00,0.5217862,1.4528566,0.621987,0.587458,0.120824,0.0084066,0.543434,0.42365
1998/3/5 0:00,0.5213456000000001,1.4528566,0.623986,0.586235,0.120821,0.008639200000000001,0.545494,0.42225
1998/3/6 0:00,0.517824,1.4528566,0.62822,0.58782,0.120823,0.008362999999999999,0.545019,0.42065
1998/3/7 0:00,0.513172,1.446683,0.629901,0.584761,0.120824,0.008222199999999999,0.544989,0.4163
1998/3/8 0:00,0.50825,1.4415276000000001,0.627805,0.581328,0.120824,0.0088976,0.544618,0.417
1998/3/9 0:00,0.50965,1.4415276000000001,0.628852,0.582479,0.1208072,0.0088976,0.544144,0.41715
1998/3/10 0:00,0.51075,1.4520034000000002,0.626233,0.589206,0.12082199999999998,0.008163199999999999,0.545643,0.4181
1998/3/11 0:00,0.50955,1.4361484,0.6315978,0.589518,0.12080900000000001,0.007942399999999999,0.543493,0.41705
1998/3/12 0:00,0.50865,1.4437984,0.6315978,0.589692,0.12080900000000001,0.007942399999999999,0.544366,0.417
1998/3/13 0:00,0.50925,1.4348074,0.6315978,0.591856,0.1208002,0.007942399999999999,0.546209,0.4169
1998/3/14 0:00,0.51055,1.4392040000000001,0.6315978,0.591926,0.12079480000000001,0.0079374,0.545108,0.41795
1998/3/15 0:00,0.51265,1.4258604,0.6299748000000001,0.59393,0.120807,0.008117999999999998,0.546314,0.42015
1998/3/16 0:00,0.50915,1.4279959999999998,0.6315978,0.592979,0.12080900000000001,0.0079632,0.546807,0.418
1998/3/17 0:00,0.51005,1.441984,0.6265666,0.587993,0.12081440000000002,0.0083698,0.546269,0.4182
1998/3/18 0:00,0.51725,1.4327706,0.652691,0.589136,0.1207892,0.0085228,0.550206,0.42185
1998/3/19 0:00,0.51715,1.4395916000000002,0.636367,0.589067,0.120804,0.0085194,0.548095,0.42255
1998/3/20 0:00,0.51825,1.4395916000000002,0.6423133999999999,0.587959,0.120804,0.0085194,0.548095,0.42225
1998/3/21 0:00,0.51875,1.4220751999999999,0.6481154,0.592347,0.1207892,0.0081776,0.546642,0.42165
1998/3/22 0:00,0.51725,1.4256342,0.6477317999999999,0.587786,0.120789,0.008138000000000001,0.546852,0.4196
1998/3/23 0:00,0.51715,1.4256342,0.6477318000000001,0.587976,0.120789,0.0081206,0.546852,0.41845
1998/3/24 0:00,0.51365,1.4325328000000002,0.6371388,0.591139,0.12079440000000001,0.0080882,0.546105,0.41885
1998/3/25 0:00,0.51375,1.4325328000000002,0.6319890000000001,0.588893,0.1208032,0.0080956,0.54609,0.41725
1998/3/26 0:00,0.51375,1.4302813999999997,0.6328608000000001,0.58548,0.1208032,0.008181,0.545256,0.41755
1998/3/27 0:00,0.51555,1.4367687999999998,0.64239,0.586304,0.12079379999999999,0.0083182,0.547645,0.41955
1998/3/28 0:00,0.51725,1.4327706,0.6361882,0.588963,0.120812,0.0085228,0.546075,0.4214
1998/3/29 0:00,0.51925,1.4469884000000002,0.636367,0.585703,0.120783,0.0086624,0.545405,0.42275
1998/3/30 0:00,0.52025,1.4450616,0.6397921999999999,0.588547,0.12078760000000002,0.0083966,0.547405,0.42545
1998/3/31 0:00,0.52055,1.4441827999999999,0.6506224,0.590702,0.1207802,0.0082354,0.548035,0.42495
1998/4/1 0:00,0.52275,1.4663684,0.651075,0.594106,0.1207774,0.008732599999999998,0.547975,0.4289
1998/4/2 0:00,0.52525,1.4567056,0.6458334,0.599449,0.12079599999999999,0.008615000000000001,0.550237,0.4284
1998/4/3 0:00,0.52305,1.4663684,0.6510750000000001,0.593067,0.12077179999999998,0.008661799999999999,0.548862,0.43075
1998/4/4 0:00,0.52195,1.4560428,0.6515342,0.595344,0.120781,0.00878,0.549647,0.42795
1998/4/5 0:00,0.51975,1.4560428,0.6399774,0.595274,0.1207856,0.008681,0.548817,0.42835
1998/4/6 0:00,0.52005,1.4602812,0.6341650000000001,0.596979,0.1207986,0.008467800000000001,0.547765,0.42905
1998/4/7 0:00,0.52575,1.4391704,0.6527725999999999,0.601793,0.1207862,0.0086592,0.548878,0.4362
1998/4/8 0:00,0.52545,1.4391704,0.6511904,0.602664,0.1207862,0.0086592,0.547345,0.43655
1998/4/9 0:00,0.52335,1.4245,0.6444422000000001,0.602954,0.12077979999999999,0.0082764,0.547016,0.4333
1998/4/10 0:00,0.53035,1.4287,0.654397,0.604485,0.1207856,0.0086116,0.547256,0.43995
1998/4/11 0:00,0.53015,1.4263,0.654397,0.603427,0.1207876,0.0086116,0.547106,0.4392
1998/4/12 0:00,0.53255,1.42495,0.6568356,0.601486,0.1208054,0.008648800000000002,0.545479,0.43985
1998/4/13 0:00,0.52995,1.4259,0.6575960000000001,0.600709,0.12080779999999999,0.0086204,0.543596,0.4375
1998/4/14 0:00,0.52765,1.4257,0.6485559999999999,0.599449,0.120815,0.008359,0.540657,0.43565
1998/4/15 0:00,0.52785,1.4246,0.6533642000000001,0.595841,0.120814,0.0085934,0.542211,0.4357
1998/4/16 0:00,0.53355,1.4258,0.6578252,0.594583,0.120811,0.0086356,0.542358,0.4407
1998/4/17 0:00,0.53355,1.4251,0.6578251999999999,0.595912,0.120811,0.008612400000000001,0.541624,0.4407
1998/4/18 0:00,0.53495,1.4309,0.6598546,0.601793,0.120811,0.0086388,0.540921,0.4409
1998/4/19 0:00,0.53435,1.4361,0.6598546,0.601251,0.120814,0.0086388,0.541506,0.4422
1998/4/20 0:00,0.53275,1.436,0.6568356,0.602954,0.120812,0.0086116,0.542947,0.44015
1998/4/21 0:00,0.53155,1.4334,0.657596,0.599916,0.120815,0.008648800000000002,0.542741,0.4414
1998/4/22 0:00,0.53015,1.4315,0.6575960000000001,0.600402,0.120817,0.008611,0.544989,0.43855
1998/4/23 0:00,0.52785,1.4308,0.6533642000000001,0.596694,0.120815,0.0085934,0.544885,0.4346
1998/4/24 0:00,0.52845,1.4368,0.6475664,0.600384,0.120818,0.008346,0.544603,0.4351
1998/4/25 0:00,0.53035,1.4364,0.6562026000000001,0.598623,0.120815,0.0086204,0.544915,0.4371
1998/4/26 0:00,0.53475,1.4386,0.6576874,0.602664,0.120812,0.0086852,0.544366,0.44295
1998/4/27 0:00,0.53385,1.4365,0.6575960000000001,0.600258,0.120814,0.0086388,0.544544,0.4406
1998/4/28 0:00,0.53165,1.4373,0.6575960000000001,0.599341,0.120815,0.008612400000000001,0.544514,0.4391
1998/4/29 0:00,0.53355,1.4396,0.6568356000000001,0.600709,0.120814,0.0086388,0.54536,0.44095
1998/4/30 0:00,0.53785,1.4459,0.661442,0.60595,0.120814,0.008728,0.546822,0.4456
1998/5/1 0:00,0.53845,1.4486,0.661442,0.607128,0.120814,0.008728,0.548306,0.44605
1998/5/2 0:00,0.54015,1.4468,0.6626358,0.60698,0.120809,0.0086666,0.549089,0.4472
1998/5/3 0:00,0.53945,1.4497,0.661442,0.605144,0.120814,0.008762599999999999,0.550721,0.4466
1998/5/4 0:00,0.53825,1.4474,0.661442,0.60595,0.120812,0.008728,0.549813,0.44565
1998/5/5 0:00,0.54365,1.4497,0.6650462,0.609162,0.120811,0.0086274,0.551207,0.44935
1998/5/6 0:00,0.54405,1.4546,0.6552886,0.613855,0.120811,0.0085772,0.552578,0.4507
1998/5/7 0:00,0.54405,1.4574,0.6504146,0.615669,0.120812,0.0085772,0.554324,0.44975
1998/5/8 0:00,0.53925,1.4592,0.6392524,0.617742,0.120817,0.0086058,0.552578,0.448
1998/5/9 0:00,0.53835,1.458,0.6392524,0.618448,0.120812,0.0086058,0.551025,0.44755
1998/5/10 0:00,0.54015,1.4659,0.638946,0.62422,0.120812,0.008626599999999998,0.5523424,0.44805
1998/5/11 0:00,0.53475,1.4628,0.640123,0.621388,0.120812,0.008682800000000001,0.5566354,0.44515
1998/5/12 0:00,0.53965,1.4682,0.639591,0.629366,0.120812,0.008626600000000002,0.5523424,0.4489
1998/5/13 0:00,0.54035,1.4686,0.63804,0.631513,0.120809,0.008626600000000002,0.5562368,0.4487
1998/5/14 0:00,0.53925,1.467,0.638284,0.628457,0.120809,0.008626599999999998,0.5523424,0.44835
1998/5/15 0:00,0.53945,1.4555,0.636902,0.621581,0.120808,0.008598,0.5523424,0.4493
1998/5/16 0:00,0.54285,1.4595,0.638692,0.625274,0.120808,0.008626600000000002,0.5523424,0.45135
1998/5/17 0:00,0.54385,1.4627,0.642261,0.627825,0.120815,0.008626600000000002,0.5523424,0.4533
1998/5/18 0:00,0.54745,1.4577,0.643211,0.626802,0.120818,0.0086266,0.5523424,0.45625
1998/5/19 0:00,0.54805,1.4503,0.641766,0.619444,0.120817,0.008598,0.5523424,0.4559
1998/5/20 0:00,0.54795,1.4548,0.643294,0.623131,0.120818,0.0086266,0.5523424,0.45815
1998/5/21 0:00,0.54875,1.45595,0.642921,0.626331,0.12082,0.0082384,0.5523424,0.4605
1998/5/22 0:00,0.55165,1.45935,0.646956,0.633633,0.120818,0.008011599999999999,0.5539484,0.4637
1998/5/23 0:00,0.55565,1.4592,0.648677,0.633854,0.120818,0.007976,0.5582112,0.4668
1998/5/24 0:00,0.55685,1.4598,0.649857,0.633995,0.120818,0.008061,0.5592784,0.4682
1998/5/25 0:00,0.55775,1.45965,0.652529,0.637308,0.120817,0.008044,0.5592784,0.4729
1998/5/26 0:00,0.55525,1.4546,0.651254,0.633473,0.120815,0.007994,0.5582112,0.4683
1998/5/27 0:00,0.55655,1.45695,0.652146,0.631912,0.120815,0.008016,0.5592784,0.4711
1998/5/28 0:00,0.55615,1.4568,0.652188,0.631951,0.120818,0.008011,0.5592784,0.4738
1998/5/29 0:00,0.56165,1.4597,0.652955,0.635405,0.120823,0.00803,0.5592784,0.47645
1998/5/30 0:00,0.56295,1.4628,0.651593,0.637308,0.120823,0.008039,0.5592784,0.4768
1998/5/31 0:00,0.56355,1.4648,0.651678,0.639816,0.120823,0.008096,0.5592784,0.4749
1998/6/1 0:00,0.57145,1.4629,0.654965,0.640287,0.120821,0.008085,0.5609914,0.48595
1998/6/2 0:00,0.57245,1.4597,0.653211,0.639284,0.12082,0.008061,0.561998,0.4896
1998/6/3 0:00,0.57375,1.4592,0.652486,0.638692,0.120818,0.008035,0.561998,0.48865
1998/6/4 0:00,0.57385,1.4597,0.652273,0.642013,0.120817,0.008051,0.5644484000000001,0.49115
1998/6/5 0:00,0.57065,1.4578,0.651721,0.641952,0.120817,0.008024,0.561998,0.4873
1998/6/6 0:00,0.56775,1.4607,0.64973,0.641355,0.120817,0.008018,0.5609914,0.48665
1998/6/7 0:00,0.56905,1.4722,0.650703,0.642921,0.12082,0.007983,0.558581,0.48865
1998/6/8 0:00,0.57025,1.4717,0.651169,0.639182,0.120818,0.007956,0.55966,0.4928
1998/6/9 0:00,0.56585,1.4717,0.649562,0.639202,0.120818,0.007992,0.559942,0.48765
1998/6/10 0:00,0.56045,1.4771,0.646705,0.640636,0.120846,0.008054,0.559237,0.48415
1998/6/11 0:00,0.55875,1.4793,0.646621,0.639795,0.120812,0.008047,0.558972,0.4842
1998/6/12 0:00,0.5648700000000001,1.4915,0.647375,0.645494,0.120809,0.008045,0.557849,0.4877
1998/6/13 0:00,0.5648700000000001,1.492,0.649182,0.65102,0.120811,0.008069,0.560255,0.48695
1998/6/14 0:00,0.56487,1.4983,0.654579,0.656254,0.120814,0.008097,0.562193,0.49105
1998/6/15 0:00,0.56487,1.4956,0.657203,0.660764,0.120815,0.008216,0.564493,0.49665
1998/6/16 0:00,0.56487,1.5013,0.657376,0.661463,0.120817,0.008212,0.565547,0.49255
1998/6/17 0:00,0.5522499999999999,1.5087,0.659848,0.667468,0.120815,0.00824,0.565451,0.4932
1998/6/18 0:00,0.5460699999999999,1.5245,0.658631,0.668941,0.120814,0.008321,0.565771,0.4895
1998/6/19 0:00,0.54607,1.5287,0.661726,0.672178,0.120815,0.008369399999999999,0.565931,0.49095
1998/6/20 0:00,0.54607,1.5326,0.659674,0.675356,0.120815,0.0088406,0.565787,0.486
1998/6/21 0:00,0.54607,1.5332,0.659413,0.6744,0.120817,0.0088406,0.565243,0.48755
1998/6/22 0:00,0.54607,1.5357,0.654707,0.672585,0.120817,0.008142199999999999,0.565451,0.4893
1998/6/23 0:00,0.5460699999999999,1.5272,0.652571,0.669389,0.12082,0.0081288,0.565531,0.4883
1998/6/24 0:00,0.55508,1.5258,0.654151,0.6720528000000001,0.12082,0.008405600000000001,0.565099,0.4845
1998/6/25 0:00,0.55508,1.54245,0.657117,0.6727816000000001,0.120821,0.0080838,0.567924,0.49035
1998/6/26 0:00,0.6074748000000001,1.546,0.659413,0.6727816000000001,0.120823,0.0080838,0.569476,0.49205
1998/6/27 0:00,0.5550799999999999,1.5492,0.657678,0.6727816000000001,0.120821,0.0083122,0.571102,0.4882
1998/6/28 0:00,0.5467099999999999,1.5519,0.6366468000000001,0.6732175999999999,0.12082,0.008062999999999999,0.571494,0.4835
1998/6/29 0:00,0.5467099999999999,1.5536,0.6393318,0.6732175999999999,0.120821,0.0080658,0.573132,0.4866
1998/6/30 0:00,0.5467099999999999,1.57,0.6367611999999999,0.6732175999999999,0.120817,0.008063,0.575175,0.4844
1998/7/1 0:00,0.5467099999999999,1.57035,0.6344442,0.6732176000000001,0.120818,0.008062999999999999,0.574878,0.482
1998/7/2 0:00,0.5467099999999999,1.57325,0.6361991999999999,0.6732175999999999,0.12082,0.008318599999999999,0.574696,0.4827
1998/7/3 0:00,0.5970584,1.5729,0.6469498,0.6732175999999999,0.120818,0.0083436,0.577101,0.48775
1998/7/4 0:00,0.5467099999999999,1.5778,0.6289707999999999,0.6735298000000001,0.120817,0.0085306,0.576602,0.4805
1998/7/5 0:00,0.5467099999999999,1.5669,0.6320938,0.6716246,0.120815,0.008564,0.573888,0.4742
1998/7/6 0:00,0.54405,1.5761,0.6353578,0.6702237999999999,0.120818,0.0093274,0.574185,0.4693
1998/7/7 0:00,0.54401,1.5836,0.6357775999999999,0.6693785999999999,0.120817,0.009014999999999999,0.573888,0.4682
1998/7/8 0:00,0.54405,1.56435,0.6355174,0.6693916,0.120821,0.00878,0.566926,0.4695
1998/7/9 0:00,0.54401,1.5735,0.6359876,0.6718611999999999,0.120823,0.0093876,0.5731740000000001,0.4678
1998/7/10 0:00,0.54401,1.5633,0.6362552,0.674101,0.120821,0.008725,0.5738711999999999,0.4651
1998/7/11 0:00,0.5619856,1.5611,0.655758,0.6479784,0.120823,0.008576,0.5759496000000001,0.46195
1998/7/12 0:00,0.5530792,1.569,0.6464078,0.6615892,0.12082,0.008576,0.5738711999999999,0.4636
1998/7/13 0:00,0.5841919999999999,1.5622,0.6747768000000001,0.5996537999999999,0.120821,0.008576,0.5790132,0.4574
1998/7/14 0:00,0.5816464000000001,1.5387,0.6734986000000001,0.5973594,0.12082,0.008576,0.5799657999999999,0.453
1998/7/15 0:00,0.5833922,1.5384,0.672977,0.5893732,0.120818,0.008576,0.579381,0.45485
1998/7/16 0:00,0.5835679999999999,1.5311,0.6736692000000001,0.5891992,0.120821,0.008576,0.579463,0.4541
1998/7/17 0:00,0.5852512,1.5247,0.676658,0.602661,0.120823,0.008576,0.5784502,0.4579
1998/7/18 0:00,0.5530792,1.53115,0.6464078,0.6616694,0.12082,0.008697,0.5774782,0.46325
1998/7/19 0:00,0.5841919999999999,1.5379,0.6747768000000001,0.5996537999999999,0.120821,0.008576,0.5790132,0.4571
1998/7/20 0:00,0.5619856,1.5355,0.6464078000000001,0.6616694,0.120823,0.0087006,0.5784502,0.46285
1998/7/21 0:00,0.54401,1.535,0.6362552,0.674101,0.12082,0.0087952,0.5783996,0.4658
1998/7/22 0:00,0.54401,1.5397,0.6359876,0.6718611999999999,0.12082,0.008609,0.5744188,0.468
1998/7/23 0:00,0.54401,1.5271,0.6362552,0.674101,0.12082,0.0089222,0.5776268,0.466
1998/7/24 0:00,0.5451699999999999,1.5295,0.6354284,0.670088,0.12082,0.008731000000000001,0.5759446,0.4698
1998/7/25 0:00,0.54399,1.5307,0.6351414,0.667557,0.120823,0.0089796,0.5654861999999999,0.46495
1998/7/26 0:00,0.54497,1.5201,0.6347842,0.65822,0.120823,0.008986999999999998,0.5656238,0.4671
1998/7/27 0:00,0.54497,1.5222,0.6354922,0.661113,0.120821,0.008731000000000001,0.5654862,0.4674
1998/7/28 0:00,0.5457099999999999,1.5217,0.642674,0.660349,0.120821,0.008062999999999999,0.5655278000000001,0.4697
1998/7/29 0:00,0.54631,1.5336,0.643832,0.670916,0.120821,0.008062999999999999,0.5654222000000001,0.47185
1998/7/30 0:00,0.54511,1.53345,0.641149,0.665956,0.12082,0.008062999999999999,0.5654222,0.46915
1998/7/31 0:00,0.5463100000000001,1.5489,0.641313,0.669389,0.120821,0.008062999999999999,0.5701782,0.46895
1998/8/1 0:00,0.5457500000000001,1.54945,0.64156,0.667312,0.120821,0.008062999999999999,0.5713084,0.47
1998/8/2 0:00,0.5463100000000001,1.5487,0.642178,0.668628,0.120818,0.008062999999999999,0.5701782,0.47
1998/8/3 0:00,0.5454899999999999,1.56,0.64433,0.679625,0.120817,0.008062999999999999,0.5730978,0.4676
1998/8/4 0:00,0.54525,1.54772,0.637349,0.677599,0.120815,0.008062999999999999,0.5730978,0.4661
1998/8/5 0:00,0.54525,1.54772,0.636213,0.678702,0.120814,0.008062999999999999,0.5730978,0.46655
1998/8/6 0:00,0.54549,1.5586499999999999,0.64119,0.672857,0.120817,0.008062999999999999,0.5730978,0.47025
1998/8/7 0:00,0.54511,1.55865,0.636011,0.6664,0.120817,0.008062999999999999,0.5730978,0.46885
1998/8/8 0:00,0.54497,1.5586499999999999,0.633714,0.664319,0.120817,0.008062999999999999,0.5730978,0.47085
1998/8/9 0:00,0.54527,1.5617800000000002,0.630477,0.668494,0.12082,0.0080454,0.5732958,0.4757
1998/8/10 0:00,0.54497,1.56409,0.632831,0.662383,0.12082,0.0080454,0.5730978,0.4719
1998/8/11 0:00,0.54497,1.56409,0.632471,0.658241,0.12082,0.0080454,0.5730978,0.4722
1998/8/12 0:00,0.54497,1.5586499999999999,0.632231,0.663262,0.120818,0.0080454,0.5730978,0.4704
1998/8/13 0:00,0.54785,1.5640900000000002,0.633593,0.665447,0.120964,0.0080454,0.5730978,0.47115
1998/8/14 0:00,0.54945,1.56409,0.635284,0.674809,0.120964,0.008062999999999999,0.5730978,0.4728
1998/8/15 0:00,0.54595,1.5586499999999999,0.635566,0.669882,0.120817,0.008062999999999999,0.5730978,0.4704
1998/8/16 0:00,0.54345,1.56,0.631951,0.667156,0.120814,0.0080454,0.5730978,0.46765
1998/8/17 0:00,0.54225,1.56745,0.631433,0.667423,0.120815,0.0080454,0.5730978,0.4683
1998/8/18 0:00,0.54665,1.56409,0.633032,0.667111,0.120817,0.0080454,0.5730978,0.4741
1998/8/19 0:00,0.54465,1.5586499999999999,0.635163,0.666289,0.120814,0.008062999999999999,0.5730978,0.4696
1998/8/20 0:00,0.54365,1.5586499999999999,0.633593,0.669792,0.120812,0.0080454,0.5730978,0.47085
1998/8/21 0:00,0.54375,1.5586499999999999,0.632992,0.67815,0.120811,0.0080454,0.5730978,0.46995
1998/8/22 0:00,0.54671,1.56409,0.632151,0.671096,0.120811,0.0080454,0.5730978,0.47425
1998/8/23 0:00,0.54589,1.5640899999999998,0.629525,0.676613,0.120811,0.0080454,0.5730978,0.47325
1998/8/24 0:00,0.54589,1.5680399999999999,0.628299,0.676842,0.120811,0.0080454,0.5743115999999999,0.4779
1998/8/25 0:00,0.5467099999999999,1.5680399999999999,0.627786,0.670691,0.120811,0.0080454,0.5743115999999999,0.47845
1998/8/26 0:00,0.5467099999999999,1.5812000000000002,0.627038,0.671908,0.120811,0.0076464,0.5723068,0.4835
1998/8/27 0:00,0.54597,1.58276,0.626096,0.667379,0.120811,0.0078294,0.5725921999999999,0.48125
1998/8/28 0:00,0.5458899999999999,1.58276,0.626331,0.67659,0.120814,0.0078294,0.5725921999999999,0.48055
1998/8/29 0:00,0.5458899999999999,1.5680399999999999,0.62901,0.673469,0.120815,0.0080454,0.5743115999999999,0.47855
1998/8/30 0:00,0.5458899999999999,1.5827600000000002,0.630318,0.675265,0.120817,0.0080454,0.5725921999999999,0.4805
1998/8/31 0:00,0.54589,1.5680399999999999,0.630517,0.674946,0.12082,0.0080454,0.5743115999999999,0.4786
1998/9/1 0:00,0.54627,1.58276,0.630597,0.6742426,0.12082,0.0080454,0.5725921999999999,0.48025
1998/9/2 0:00,0.54627,1.58276,0.631512,0.6742426,0.12082,0.0080454,0.5725921999999999,0.48105
1998/9/3 0:00,0.55263,1.58276,0.636862,0.6718569999999999,0.120818,0.0080454,0.5725921999999999,0.48185
1998/9/4 0:00,0.55989,1.5812000000000002,0.639345,0.6552272,0.120818,0.008062999999999999,0.5723068,0.4835
1998/9/5 0:00,0.55989,1.5812000000000002,0.63861,0.6552272,0.120815,0.007988,0.5723068,0.4827
1998/9/6 0:00,0.5643699999999999,1.5812000000000002,0.6391,0.6436599999999999,0.120817,0.008026,0.5723068,0.4843
1998/9/7 0:00,0.5643699999999999,1.57778,0.638855,0.6641764,0.120817,0.008026,0.5724386,0.48585
1998/9/8 0:00,0.5643699999999999,1.5951000000000002,0.637552,0.6726976,0.120812,0.008049,0.5708794000000001,0.48665
1998/9/9 0:00,0.5643699999999999,1.6091000000000002,0.641684,0.6641764,0.120811,0.008091,0.5686802,0.48915
1998/9/10 0:00,0.5643699999999999,1.5951,0.639468,0.6641764,0.120812,0.008137,0.5708794,0.48605
1998/9/11 0:00,0.55989,1.5812000000000002,0.639141,0.6552272,0.120814,0.008138,0.5723068,0.48255
1998/9/12 0:00,0.56935,1.6195238,0.642591,0.7117232,0.120811,0.008175,0.574848,0.4964
1998/9/13 0:00,0.56935,1.6195238,0.642013,0.7117232,0.120815,0.008191,0.574848,0.49615
1998/9/14 0:00,0.57029,1.6206783999999999,0.643749,0.7139125999999999,0.120815,0.008205,0.5717829999999999,0.4983
1998/9/15 0:00,0.57029,1.6206783999999999,0.642591,0.7249167999999999,0.120815,0.008247,0.5733528,0.49895
1998/9/16 0:00,0.56935,1.6181784000000001,0.638774,0.7227273999999999,0.120815,0.008347,0.5718941999999999,0.49815
1998/9/17 0:00,0.5646100000000001,1.6522206000000002,0.637349,0.7129856,0.120815,0.008367,0.575029,0.4936
1998/9/18 0:00,0.56461,1.6387205999999999,0.633192,0.7054251999999999,0.120815,0.00835,0.5749454,0.4931
1998/9/19 0:00,0.56487,1.6360232,0.634719,0.7129856,0.120815,0.00833,0.5714805999999999,0.4969
1998/9/20 0:00,0.56755,1.6060583999999998,0.634639,0.7227273999999999,0.120815,0.008305,0.5713557999999999,0.49985
1998/9/21 0:00,0.56487,1.6060583999999998,0.631114,0.7356318,0.120815,0.0083,0.5733018,0.49965
1998/9/22 0:00,0.5646100000000001,1.6181784000000001,0.629366,0.7182683999999999,0.120815,0.008249,0.5746312,0.49765
1998/9/23 0:00,0.5646100000000001,1.6195238,0.630994,0.7182684,0.120815,0.008173,0.574848,0.4963
1998/9/24 0:00,0.6692600000000001,1.6181784000000001,0.631313,0.704493,0.1207174,0.008156,0.5746312,0.49735
1998/9/25 0:00,0.66926,1.6167799999999999,0.633794,0.6894848,0.12051160000000001,0.008149,0.5688466,0.50215
1998/9/26 0:00,0.6729999999999999,1.5375999999999999,0.633553,0.6775312,0.1625258,0.008126,0.5994356,0.51415
1998/9/27 0:00,0.5648699999999999,1.63212,0.63589,0.6644154,0.12062380000000002,0.008189,0.564239,0.4995
1998/9/28 0:00,0.5648699999999999,1.65056,0.63484,0.6537048000000001,0.12062380000000002,0.008218,0.566765,0.4956
1998/9/29 0:00,0.56487,1.6529600000000002,0.63589,0.6539956,0.12062380000000002,0.008173,0.566348,0.49455
1998/9/30 0:00,0.5818800000000001,1.5810710000000001,0.6372656,0.6588358,0.120803,0.008185,0.567537,0.4951
1998/10/1 0:00,0.5825400000000001,1.5847444,0.6371586,0.6775787999999999,0.120815,0.008158,0.565867,0.4982
1998/10/2 0:00,0.575,1.566308,0.6355842,0.6645006,0.120815,0.008023,0.56427,0.49765
1998/10/3 0:00,0.5825400000000001,1.5672844,0.6371586,0.6775787999999999,0.120815,0.008024,0.564908,0.498
1998/10/4 0:00,0.58517,1.6071246000000001,0.6356056,0.6775787999999999,0.12062380000000002,0.008029,0.564653,0.50105
1998/10/5 0:00,0.5825400000000001,1.5914044,0.6356056,0.6775787999999999,0.12080360000000001,0.00798,0.563,0.5012
1998/10/6 0:00,0.58517,1.6206,0.6388657999999999,0.6854074000000001,0.120337,0.008087,0.566316,0.50385
1998/10/7 0:00,0.58517,1.6206,0.6416001999999998,0.6854074,0.120337,0.008089,0.567408,0.5029
1998/10/8 0:00,0.59402,1.6349799999999999,0.6524146,0.6944475999999999,0.120337,0.00815,0.568182,0.5085
1998/10/9 0:00,0.621948,1.64444,0.6528592,0.7044286,0.120815,0.008292,0.572246,0.51265
1998/10/10 0:00,0.6219480000000001,1.65034,0.6560248,0.7122923999999999,0.120815,0.008243,0.571984,0.51455
1998/10/11 0:00,0.621948,1.6687999999999998,0.6605698,0.7324242,0.120815,0.008246,0.572279,0.51765
1998/10/12 0:00,0.621948,1.66054,0.6556428000000001,0.7324242000000001,0.120815,0.008303,0.573345,0.51655
1998/10/13 0:00,0.621948,1.66086,0.656667,0.7261288,0.120815,0.008334,0.575308,0.51655
1998/10/14 0:00,0.6262806000000001,1.6494156,0.6705940000000001,0.7215892,0.120815,0.008342,0.575457,0.5217
1998/10/15 0:00,0.634032,1.6343486000000003,0.6660216,0.6989164,0.120815,0.00844,0.576319,0.52335
1998/10/16 0:00,0.6393476,1.6305838000000001,0.6695468,0.7000892,0.120815,0.00833,0.57346,0.5228
1998/10/17 0:00,0.6501834000000001,1.6140994,0.6627297999999999,0.673781,0.120815,0.008382,0.574614,0.5284
1998/10/18 0:00,0.648708,1.6165133999999999,0.6618145999999999,0.6738339999999999,0.120815,0.008363,0.574911,0.5314
1998/10/19 0:00,0.6435562,1.6109652,0.6666907999999999,0.6669538,0.120815,0.00832,0.573921,0.53025
1998/10/20 0:00,0.6485058,1.6172986000000003,0.6631488,0.6791533999999999,0.120815,0.008398,0.576136,0.5329
1998/10/21 0:00,0.6446878,1.6178181999999999,0.6628318,0.6748247999999999,0.120815,0.008357,0.574878,0.5325
1998/10/22 0:00,0.6445247999999999,1.6448957999999998,0.6684425999999999,0.7120434,0.120815,0.008398,0.575606,0.5394
1998/10/23 0:00,0.6408256,1.6298465999999998,0.6700042,0.6958014,0.12082,0.008408,0.575805,0.54165
1998/10/24 0:00,0.6458592,1.6448958,0.6666923999999999,0.7120434,0.120773,0.008479,0.577701,0.5388
1998/10/25 0:00,0.6458592000000001,1.6448958,0.6684425999999999,0.7120434,0.120817,0.008463,0.576735,0.53905
1998/10/26 0:00,0.6495266,1.6212318,0.6762307999999999,0.6845154,0.120815,0.008485,0.577417,0.54455
1998/10/27 0:00,0.6562322,1.6025092,0.6721938,0.6919448,0.120814,0.008424,0.576934,0.5502
1998/10/28 0:00,0.6519510000000001,1.6043683999999998,0.6748972,0.6944214,0.120817,0.008465,0.576701,0.5476
1998/10/29 0:00,0.6455704,1.6298466,0.6728046000000001,0.6958014,0.120815,0.008453,0.577284,0.54225
1998/10/30 0:00,0.6525247999999999,1.6102038,0.6747244,0.6804246,0.12082,0.008427,0.577884,0.54915
1998/10/31 0:00,0.6519510000000001,1.6043684000000002,0.6748972,0.6944214,0.120821,0.008427,0.576851,0.5476
1998/11/1 0:00,0.6525247999999999,1.6102038,0.6747244,0.6919448,0.12082,0.008448,0.577868,0.54925
1998/11/2 0:00,0.6522456,1.612891,0.6768644,0.6882325999999999,0.120773,0.008377,0.575225,0.5454
1998/11/3 0:00,0.6455704,1.6298466,0.6728046000000001,0.6958014,0.12082,0.008339,0.574911,0.54275
1998/11/4 0:00,0.6455704,1.6298465999999998,0.6700042,0.6958014,0.120773,0.008297,0.574086,0.542
1998/11/5 0:00,0.6525247999999999,1.6100392000000003,0.6747244,0.6947572,0.120773,0.008347,0.57549,0.54945
1998/11/6 0:00,0.6520682000000001,1.6043683999999998,0.6763437999999999,0.6944214,0.120773,0.008331,0.574185,0.5479
1998/11/7 0:00,0.6525248,1.6100392000000003,0.6747244,0.6947572,0.120773,0.008346,0.574713,0.54935
1998/11/8 0:00,0.6531236,1.6100392,0.674972,0.6947572,0.120773,0.008305,0.572918,0.5498
1998/11/9 0:00,0.6525247999999999,1.5914599999999999,0.6747244,0.7134878,0.120812,0.008249,0.568893,0.54925
1998/11/10 0:00,0.6241138,1.5906392,0.6745888000000001,0.7165123999999999,0.120809,0.008277,0.570483,0.5522
1998/11/11 0:00,0.6525247999999999,1.5810799999999998,0.6760952,0.7125007999999999,0.120809,0.008244,0.568602,0.5488
1998/11/12 0:00,0.6249024,1.5933959999999998,0.6750079999999999,0.7190023999999999,0.120809,0.008301,0.570255,0.5541
1998/11/13 0:00,0.6352166,1.5967292,0.6745888000000001,0.7014632,0.120809,0.008292,0.569606,0.5512
1998/11/14 0:00,0.6525247999999999,1.5914599999999999,0.6747244,0.7018134,0.120809,0.008318,0.569282,0.54935
1998/11/15 0:00,0.6531236,1.6019192,0.674972,0.7076244,0.120809,0.008403,0.571363,0.5499
1998/11/16 0:00,0.6241338000000001,1.5989292000000002,0.672534,0.7228464000000001,0.120809,0.008415,0.571102,0.5532
1998/11/17 0:00,0.6639584000000001,1.6057272,0.6829412,0.6912036,0.120809,0.008455,0.573378,0.5586
1998/11/18 0:00,0.6639584000000001,1.6057272,0.6829412,0.7096309999999999,0.120809,0.008447,0.573987,0.5586
1998/11/19 0:00,0.6511661999999999,1.5971799999999998,0.7017328,0.7490276,0.120809,0.008485,0.575225,0.56555
1998/11/20 0:00,0.664036,1.6036849999999998,0.6968593999999999,0.7333674,0.120809,0.008526,0.577117,0.5645
1998/11/21 0:00,0.6578628,1.5971799999999998,0.7017328,0.7490276,0.120809,0.008543,0.576302,0.5657
1998/11/22 0:00,0.665712,1.6091746,0.6831400000000001,0.7262206,0.120809,0.008476,0.575573,0.5593
1998/11/23 0:00,0.61143,1.5786,0.6705578,0.746882,0.120809,0.008504,0.575921,0.5619
1998/11/24 0:00,0.60239,1.5817,0.6705578,0.746826,0.120809,0.008485,0.576153,0.5605
1998/11/25 0:00,0.6369779999999999,1.6013,0.7006242,0.75188,0.120809,0.008526,0.577167,0.5645
1998/11/26 0:00,0.6369779999999999,1.6034,0.6945252,0.749148,0.120811,0.008542,0.57607,0.5626
1998/11/27 0:00,0.636978,1.6016,0.6831416000000001,0.755002,0.120814,0.008562,0.57612,0.5594
1998/11/28 0:00,0.60335,1.6066,0.6706608,0.752304,0.120817,0.008536,0.575209,0.55365
1998/11/29 0:00,0.59505,1.60035,0.6699383999999999,0.734835,0.120815,0.008426,0.570581,0.54685
1998/11/30 0:00,0.59405,1.566,0.6705447999999999,0.723223,0.120814,0.008415,0.566476,0.54835
1998/12/1 0:00,0.58945,1.5628,0.6705447999999999,0.718288,0.120812,0.008302,0.564239,0.5485
1998/12/2 0:00,0.59295,1.5645,0.6706608,0.719839,0.120812,0.008307,0.566011,0.5533
1998/12/3 0:00,0.59525,1.5758,0.6706608000000001,0.723223,0.120811,0.008294,0.566428,0.5526
1998/12/4 0:00,0.60155,1.5646,0.6707593999999999,0.723249,0.120814,0.008335,0.565771,0.55035
1998/12/5 0:00,0.60325,1.5763,0.6706608,0.733084,0.120815,0.008362,0.566316,0.5537
1998/12/6 0:00,0.60425,1.5831,0.6706608,0.740631,0.120811,0.00848,0.566958,0.5547
1998/12/7 0:00,0.60605,1.5808,0.6705578,0.740247,0.120812,0.008485,0.565451,0.55565
1998/12/8 0:00,0.60245,1.5674,0.6706608,0.724795,0.120817,0.008408,0.564621,0.55225
1998/12/9 0:00,0.60175,1.572,0.6705447999999999,0.7249,0.120815,0.008372,0.562272,0.5483
1998/12/10 0:00,0.59785,1.5526,0.668474,0.716563,0.120814,0.008335,0.561514,0.5397
1998/12/11 0:00,0.60565,1.5631,0.6705448,0.724743,0.120811,0.008328,0.560931,0.5481
1998/12/12 0:00,0.60685,1.5724,0.6705447999999999,0.720617,0.120812,0.0084516,0.563253,0.5474
1998/12/13 0:00,0.6401918,1.57105,0.673169,0.71736,0.120814,0.008474599999999999,0.561199,0.5457
1998/12/14 0:00,0.6410282,1.5718,0.6738679999999999,0.720098,0.120811,0.0085176,0.561766,0.54715
1998/12/15 0:00,0.6208256000000001,1.5704,0.6706608000000001,0.718288,0.120812,0.0087912,0.561325,0.55245
1998/12/16 0:00,0.59609,1.5627,0.6706608,0.720773,0.120815,0.0085378,0.5694914,0.55465
1998/12/17 0:00,0.60175,1.5764,0.678693,0.727961,0.120817,0.008531,0.575056,0.5602
1998/12/18 0:00,0.6214456,1.59375,0.6706608,0.735673,0.120817,0.008565800000000002,0.5718409999999999,0.55545
1998/12/19 0:00,0.6238384,1.595,0.6834110000000001,0.735402,0.120817,0.008531,0.5740620000000001,0.5596
1998/12/20 0:00,0.6261056,1.5999,0.699643,0.737518,0.120815,0.0084778,0.575056,0.5615
1998/12/21 0:00,0.6358384,1.6064,0.710328,0.744103,0.120815,0.0085244,0.5763762,0.5673
1998/12/22 0:00,0.67026,1.6156,0.718184,0.755059,0.120817,0.008567199999999999,0.5729702,0.57455
1998/12/23 0:00,0.6131300000000001,1.5962,0.714388,0.753125,0.120818,0.008574,0.5763762000000001,0.5673
1998/12/24 0:00,0.69711,1.602,0.716692,0.761325,0.12082,0.008543,0.5763862000000001,0.5744
1998/12/25 0:00,0.7476099999999999,1.60845,0.71958,0.764584,0.12082,0.008532,0.5763862,0.57595
1998/12/26 0:00,0.7476100000000001,1.61035,0.719891,0.762718,0.120817,0.008546,0.5741636,0.5795
1998/12/27 0:00,0.72278,1.609,0.720617,0.761383,0.120817,0.008581,0.5752132000000001,0.5764
1998/12/28 0:00,0.72026,1.6163,0.72722,0.757863,0.120818,0.008598,0.5741064,0.5746
1998/12/29 0:00,0.69353,1.6212,0.723537,0.754575,0.12082,0.008579,0.575519,0.57105
1998/12/30 0:00,0.7839999999999999,1.62855,0.73244,0.76743,0.120817,0.008661,0.575519,0.5776
1998/12/31 0:00,0.7844,1.6324,0.738007,0.770832,0.12082,0.008536,0.6174035999999999,0.58505
1999/1/1 0:00,0.78528,1.6408,0.741785,0.774533,0.12082,0.00857,0.6376394000000001,0.5868
1999/1/2 0:00,0.7844,1.6348,0.736811,0.770179,0.120818,0.008504,0.575519,0.5809
1999/1/3 0:00,0.7844,1.6323,0.728332,0.770001,0.12082,0.008521,0.5745162,0.58295
1999/1/4 0:00,0.78528,1.6367,0.727802,0.776096,0.120818,0.008559,0.6174035999999999,0.5845
1999/1/5 0:00,0.78528,1.6407,0.727431,0.774954,0.120818,0.008556,0.5759746,0.58275
1999/1/6 0:00,0.7860799999999999,1.6415,0.7303,0.778271,0.120814,0.008571,0.617699,0.5862
1999/1/7 0:00,0.7844,1.6373,0.722335,0.770475,0.120817,0.008435,0.5756408000000001,0.5749
1999/1/8 0:00,0.78528,1.6525,0.729714,0.777907,0.120817,0.008457,0.575519,0.57735
1999/1/9 0:00,0.7844,1.6355,0.728438,0.770416,0.12082,0.00838,0.5756408000000001,0.5766
1999/1/10 0:00,0.7476099999999999,1.6265,0.728969,0.76646,0.12082,0.008366,0.5756408000000001,0.5754
1999/1/11 0:00,0.7844,1.6373,0.730567,0.769764,0.12082,0.00843,0.5756408000000001,0.5801
1999/1/12 0:00,0.784,1.62875,0.732869,0.762573,0.120818,0.008386,0.5745162,0.5808
1999/1/13 0:00,0.78178,1.63045,0.734862,0.758495,0.120817,0.008412,0.573053,0.5829
1999/1/14 0:00,0.7844,1.6602,0.745434,0.770594,0.120817,0.008494,0.5758158,0.5784
1999/1/15 0:00,0.78178,1.64455,0.736214,0.759907,0.120817,0.00846,0.575519,0.5729
1999/1/16 0:00,0.78178,1.6518,0.733783,0.759359,0.12082,0.00849,0.5758158,0.5744
1999/1/17 0:00,0.784,1.6665,0.739645,0.763242,0.120817,0.008495,0.5759926,0.5776
1999/1/18 0:00,0.784,1.6678,0.741785,0.763417,0.120814,0.008498,0.5769346,0.5793
1999/1/19 0:00,0.7844,1.6743,0.749794,0.770772,0.12082,0.00852,0.5768826,0.5803
1999/1/20 0:00,0.7839999999999999,1.6801,0.745212,0.766607,0.120818,0.0085,0.5776178,0.58315
1999/1/21 0:00,0.784,1.6855,0.748167,0.764,0.12082,0.008467,0.5770053999999999,0.58505
1999/1/22 0:00,0.78024,1.679,0.748615,0.755801,0.12082,0.008485,0.577768,0.5851
1999/1/23 0:00,0.7817799999999999,1.6795,0.74217,0.759763,0.120817,0.008435,0.578001,0.58645
1999/1/24 0:00,0.78054,1.66375,0.735078,0.752842,0.120814,0.008438,0.575656,0.585
1999/1/25 0:00,0.78054,1.6666,0.736052,0.755116,0.120812,0.008487,0.574779,0.5867
1999/1/26 0:00,0.78054,1.66785,0.742446,0.748391,0.120809,0.008456,0.57169,0.5861
1999/1/27 0:00,0.7700400000000001,1.66185,0.73959,0.740521,0.120809,0.008375,0.569752,0.5787
1999/1/28 0:00,0.7700400000000001,1.6486,0.74239,0.74107,0.120811,0.008358,0.569557,0.5822
1999/1/29 0:00,0.7700400000000001,1.65525,0.74217,0.73959,0.120808,0.008351,0.56794,0.58725
1999/1/30 0:00,0.77728,1.66275,0.739372,0.744823,0.120809,0.008376,0.569265,0.59495
1999/1/31 0:00,0.77728,1.665,0.748447,0.744241,0.120809,0.008466,0.572082,0.59535
1999/2/1 0:00,0.7739800000000001,1.6686,0.748307,0.741235,0.120808,0.008462,0.571216,0.59585
1999/2/2 0:00,0.7739800000000001,1.6672,0.746157,0.741592,0.120808,0.008469,0.571216,0.59485
1999/2/3 0:00,0.7678800000000001,1.6352,0.733138,0.730807,0.120811,0.008463,0.569655,0.59085
1999/2/4 0:00,0.76888,1.63785,0.727855,0.735564,0.120808,0.008487,0.572836,0.5884
1999/2/5 0:00,0.7232200000000001,1.6141,0.727882,0.727961,0.120815,0.008495,0.569768,0.58925
1999/2/6 0:00,0.65571,1.5929,0.718907,0.721865,0.120814,0.008483,0.56844,0.5796
1999/2/7 0:00,0.65917,1.5982,0.720383,0.72685,0.120817,0.008458,0.569136,0.5832
1999/2/8 0:00,0.65775,1.59685,0.715256,0.730087,0.120815,0.008421,0.567376,0.5805
1999/2/9 0:00,0.6234299999999999,1.5786,0.710177,0.733192,0.120817,0.008426,0.568085,0.5727
1999/2/10 0:00,0.6577500000000001,1.5983,0.711212,0.737599,0.12082,0.008433,0.569152,0.5746
1999/2/11 0:00,0.65813,1.59535,0.705716,0.733568,0.120817,0.008409,0.569184,0.57445
1999/2/12 0:00,0.70485,1.60695,0.715717,0.743108,0.120815,0.008416,0.570255,0.58185
1999/2/13 0:00,0.7263200000000001,1.6136,0.717154,0.742198,0.120814,0.008403,0.571919,0.5865
1999/2/14 0:00,0.7518900000000001,1.6194,0.723746,0.74355,0.120808,0.008416,0.572639,0.5883
1999/2/15 0:00,0.74795,1.6255,0.721501,0.742942,0.120809,0.008372,0.571298,0.5872
1999/2/16 0:00,0.74717,1.6234,0.721293,0.739208,0.120808,0.008338,0.569801,0.5882
1999/2/17 0:00,0.7233,1.6175,0.714337,0.733353,0.120812,0.008315,0.569233,0.5828
1999/2/18 0:00,0.7018300000000001,1.6101,0.711491,0.72998,0.120811,0.008295,0.568343,0.583
1999/2/19 0:00,0.70183,1.611,0.715052,0.733487,0.120814,0.008318,0.568085,0.5864
1999/2/20 0:00,0.70485,1.6104,0.712251,0.74195,0.120809,0.008305,0.56802,0.5835
1999/2/21 0:00,0.7263200000000001,1.6164,0.71495,0.74217,0.120809,0.008344,0.566958,0.5833
1999/2/22 0:00,0.6807200000000001,1.6096,0.711997,0.738934,0.120812,0.008313,0.566926,0.5789
1999/2/23 0:00,0.70377,1.6186,0.717875,0.740604,0.120811,0.008405,0.569249,0.58035
1999/2/24 0:00,0.65917,1.6011,0.717283,0.73373,0.120814,0.008404,0.569022,0.5823
1999/2/25 0:00,0.68072,1.6022,0.722335,0.730247,0.120817,0.008425,0.569801,0.5872
1999/2/26 0:00,0.65835,1.6073,0.724848,0.73185,0.120815,0.008391,0.570028,0.5891
1999/2/27 0:00,0.65695,1.6026,0.717772,0.728067,0.120817,0.008397,0.571919,0.5869
1999/2/28 0:00,0.65995,1.5965,0.721266,0.728916,0.12082,0.008391,0.571396,0.5898
1999/3/1 0:00,0.65735,1.5893,0.718546,0.720254,0.12082,0.008375,0.571429,0.5856
1999/3/2 0:00,0.65615,1.58765,0.716332,0.720461,0.120821,0.008452,0.572246,0.58435
1999/3/3 0:00,0.66025,1.5943,0.712962,0.71541,0.12082,0.008463,0.574548,0.5895
1999/3/4 0:00,0.65345,1.5784,0.711187,0.712454,0.120823,0.008485,0.575374,0.58535
1999/3/5 0:00,0.65225,1.5743,0.713089,0.706414,0.120823,0.008499,0.570174,0.5864
1999/3/6 0:00,0.63785,1.5695,0.712301,0.704672,0.120817,0.008511,0.5712,0.566
1999/3/7 0:00,0.64085,1.5778,0.716949,0.706914,0.120814,0.008521,0.570174,0.572
1999/3/8 0:00,0.64745,1.5772,0.721657,0.714388,0.120814,0.008569,0.570499,0.5782
1999/3/9 0:00,0.64745,1.57855,0.722465,0.715001,0.120814,0.008564,0.570499,0.5782
1999/3/10 0:00,0.64365,1.5703,0.724559,0.711769,0.120817,0.008568,0.570353,0.5742
1999/3/11 0:00,0.63705,1.56805,0.717875,0.704622,0.120815,0.008584,0.569395,0.5654
1999/3/12 0:00,0.64005,1.57135,0.724165,0.706065,0.12082,0.008623,0.569898,0.5688
1999/3/13 0:00,0.64835,1.58895,0.729315,0.724113,0.120817,0.008555,0.570369,0.5741
1999/3/14 0:00,0.64845,1.583,0.727379,0.718907,0.120817,0.00856,0.568634,0.5766
1999/3/15 0:00,0.65675,1.5916,0.731368,0.722961,0.120817,0.008538,0.571396,0.58225
1999/3/16 0:00,0.66325,1.59845,0.730834,0.721657,0.120811,0.008581,0.571102,0.5858
1999/3/17 0:00,0.65905,1.6094,0.731716,0.725163,0.120815,0.008616,0.570125,0.58395
1999/3/18 0:00,0.76888,1.648,0.744851,0.735024,0.12080959999999999,0.008909,0.577201,0.59805
1999/3/19 0:00,0.76888,1.6484,0.740192,0.738934,0.1208094,0.008921,0.577768,0.5962
1999/3/20 0:00,0.7700400000000001,1.65705,0.737572,0.742115,0.1208102,0.008979,0.577968,0.5887
1999/3/21 0:00,0.78054,1.6667,0.740083,0.756086,0.1208122,0.009033,0.578469,0.5914
1999/3/22 0:00,0.7842,1.6722,0.742501,0.759965,0.12081439999999999,0.009068,0.579072,0.59695
1999/3/23 0:00,0.7842,1.6699,0.746213,0.758898,0.12081620000000001,0.008142,0.57971,0.59815
1999/3/24 0:00,0.7842,1.66145,0.752021,0.760167,0.12081539999999999,0.0078352,0.581125,0.59725
1999/3/25 0:00,0.78208,1.6631,0.748167,0.757002,0.12081460000000002,0.008123,0.580383,0.6009
1999/3/26 0:00,0.7842,1.66455,0.757576,0.762428,0.12081679999999999,0.0078352,0.580636,0.60005
1999/3/27 0:00,0.78054,1.6653,0.757461,0.756401,0.12081680000000002,0.007455399999999999,0.580467,0.59705
1999/3/28 0:00,0.7842,1.6728,0.754945,0.758725,0.1208186,0.007835199999999999,0.575407,0.59615
1999/3/29 0:00,0.78054,1.6683,0.754148,0.75092,0.12081439999999999,0.0076366,0.574713,0.594
1999/3/30 0:00,0.78054,1.6802,0.761325,0.755173,0.1208216,0.007455399999999999,0.575606,0.59635
1999/3/31 0:00,0.78054,1.6755,0.758725,0.750019,0.12081679999999999,0.007635800000000001,0.57554,0.59575
1999/4/1 0:00,0.78054,1.6737,0.756544,0.752021,0.120823,0.007455399999999999,0.572902,0.5973
1999/4/2 0:00,0.78054,1.67335,0.761006,0.75123,0.120824,0.007455399999999999,0.574614,0.6037
1999/4/3 0:00,0.7842,1.695,0.764701,0.761383,0.120823,0.007507999999999999,0.573493,0.6087
1999/4/4 0:00,0.7842,1.69375,0.764584,0.76063,0.12082,0.007508000000000001,0.574152,0.6102
1999/4/5 0:00,0.7842,1.6953,0.763475,0.758956,0.120821,0.0078578,0.573017,0.61205
1999/4/6 0:00,0.7820799999999999,1.6918,0.762195,0.756201,0.120821,0.0074854000000000006,0.573033,0.61025
1999/4/7 0:00,0.78054,1.7012,0.76266,0.752106,0.120823,0.0078296,0.575705,0.61305
1999/4/8 0:00,0.78054,1.7007,0.763534,0.754375,0.120821,0.0078296,0.577001,0.61295
1999/4/9 0:00,0.7635,1.6956,0.757404,0.74638,0.120823,0.007746600000000001,0.574927,0.6128
1999/4/10 0:00,0.7515499999999999,1.6802,0.748783,0.73524,0.120823,0.007995,0.572935,0.6093
1999/4/11 0:00,0.7067499999999999,1.6793,0.751399,0.734107,0.120821,0.00835,0.573789,0.6128
1999/4/12 0:00,0.6932799999999999,1.6743,0.750188,0.728863,0.120821,0.0086732,0.574548,0.61545
1999/4/13 0:00,0.69287,1.669,0.747328,0.726322,0.120818,0.0083308,0.574185,0.61265
1999/4/14 0:00,0.6969,1.67325,0.755458,0.731582,0.120817,0.0087648,0.574779,0.61775
1999/4/15 0:00,0.69705,1.6735,0.76333,0.73185,0.12082,0.009013,0.576784,0.6218
1999/4/16 0:00,0.69945,1.6666,0.76176,0.735348,0.12082,0.0090152,0.576469,0.6263
1999/4/17 0:00,0.69997,1.673,0.767577,0.739919,0.1208212,0.009015199999999998,0.577667,0.62655
1999/4/18 0:00,0.70015,1.6866,0.769882,0.747887,0.12082180000000001,0.009139,0.579878,0.6299
1999/4/19 0:00,0.70015,1.6878,0.766842,0.753551,0.1208212,0.0091486,0.581547,0.63
1999/4/20 0:00,0.70015,1.6914,0.766812,0.757978,0.1208212,0.009148600000000002,0.580248,0.6298
1999/4/21 0:00,0.70141,1.6998,0.766842,0.764789,0.1208216,0.009248,0.581801,0.63435
1999/4/22 0:00,0.70551,1.6981,0.767195,0.767224,0.1208212,0.009153,0.583976,0.63905
1999/4/23 0:00,0.70551,1.7021,0.766636,0.768521,0.12082119999999999,0.009152,0.581632,0.6397
1999/4/24 0:00,0.7041299999999999,1.70405,0.770001,0.77006,0.1208212,0.009202,0.580316,0.6407
1999/4/25 0:00,0.70213,1.6958,0.757805,0.758265,0.12082140000000001,0.009148,0.581024,0.6374
1999/4/26 0:00,0.70241,1.6983,0.758553,0.75933,0.1208216,0.009116,0.579945,0.6396
1999/4/27 0:00,0.70413,1.7113,0.766342,0.772977,0.1208212,0.009165,0.580501,0.641
1999/4/28 0:00,0.7041299999999999,1.7211,0.769556,0.775795,0.1208212,0.009117,0.579794,0.6401
1999/4/29 0:00,0.7041299999999999,1.7193,0.766812,0.770386,0.120821,0.009136,0.58003,0.64415
1999/4/30 0:00,0.70634,1.72975,0.770713,0.777122,0.12082060000000001,0.009198,0.58003,0.64615
1999/5/1 0:00,0.70551,1.7214,0.761847,0.775825,0.120821,0.009244,0.583158,0.6445
1999/5/2 0:00,0.70417,1.7302,0.766401,0.784498,0.12082059999999999,0.009285,0.581818,0.64555
1999/5/3 0:00,0.7063400000000001,1.7336,0.770802,0.789079,0.1208202,0.009313,0.584283,0.64745
1999/5/4 0:00,0.70634,1.74305,0.766254,0.789983,0.12082059999999999,0.009317,0.583942,0.64705
1999/5/5 0:00,0.7063400000000001,1.74475,0.765257,0.789359,0.12082059999999999,0.009226,0.583124,0.64815
1999/5/6 0:00,0.7093700000000001,1.74255,0.753154,0.782993,0.120821,0.009238,0.582547,0.64405
1999/5/7 0:00,0.7078104,1.7454,0.759936,0.789422,0.120821,0.009276,0.584027,0.6492
1999/5/8 0:00,0.7055504000000001,1.7447,0.760254,0.791202,0.120821,0.009289,0.585069,0.6479
1999/5/9 0:00,0.7173700000000001,1.75545,0.753949,0.793777,0.12082040000000001,0.0093,0.585926,0.65155
1999/5/10 0:00,0.71707,1.76135,0.751512,0.796337,0.120821,0.009316,0.585035,0.648
1999/5/11 0:00,0.7133299999999999,1.77135,0.751936,0.799105,0.120821,0.009284,0.585377,0.64635
1999/5/12 0:00,0.70719,1.76895,0.751767,0.798531,0.120821,0.009274,0.585652,0.6438
1999/5/13 0:00,0.70519,1.7647,0.751371,0.796052,0.12082140000000001,0.009302,0.585086,0.64195
1999/5/14 0:00,0.70313,1.7637,0.757146,0.794502,0.12082140000000001,0.009308,0.585532,0.63995
1999/5/15 0:00,0.7053800000000001,1.77345,0.762864,0.800737,0.1208202,0.009351,0.587561,0.65005
1999/5/16 0:00,0.7067399999999999,1.78355,0.771843,0.804441,0.12550619999999998,0.009312,0.58827,0.6551
1999/5/17 0:00,0.7298530000000001,1.7961,0.777726,0.811557,0.1253414,0.009354,0.58827,0.6622
1999/5/18 0:00,0.731574,1.8066,0.77991,0.810406,0.13569040000000002,0.009418,0.58898,0.67105
1999/5/19 0:00,0.76588,1.82355,0.778755,0.813306,0.13598000000000002,0.009417,0.588945,0.67425
1999/5/20 0:00,0.731574,1.81995,0.775524,0.806614,0.125582,0.009416,0.589866,0.67085
1999/5/21 0:00,0.7609199999999999,1.84585,0.7403912,0.819034,0.120817,0.009378,0.591226,0.68295
1999/5/22 0:00,0.7609199999999999,1.8502,0.7403912000000001,0.81696,0.120817,0.009398,0.591174,0.6841
1999/5/23 0:00,0.7419800000000001,1.8435,0.7990816000000001,0.817829,0.12082,0.009414,0.590023,0.6821
1999/5/24 0:00,0.73081,1.8335,0.7799943999999999,0.811655,0.12082,0.009417,0.58997,0.6761
1999/5/25 0:00,0.7207999999999999,1.8252,0.7694134,0.8036,0.120821,0.009418,0.588547,0.67075
1999/5/26 0:00,0.71841,1.79865,0.7610372,0.788955,0.120821,0.009387,0.58763,0.6591
1999/5/27 0:00,0.71878,1.8191,0.765112,0.800993,0.120817,0.009336,0.58584,0.6656
1999/5/28 0:00,0.7196,1.8314,0.7868742,0.806842,0.120815,0.00935,0.589136,0.67265
1999/5/29 0:00,0.7404900000000001,1.8427,0.7856005999999999,0.809651,0.120815,0.009425,0.591017,0.67735
1999/5/30 0:00,0.72239,1.82965,0.7868742,0.805023,0.120815,0.00945,0.590458,0.67505
1999/5/31 0:00,0.7419800000000001,1.82545,0.7746339999999999,0.805834,0.120815,0.009465,0.590354,0.6782
1999/6/1 0:00,0.7224654000000001,1.81675,0.8019896000000001,0.79526,0.120815,0.009413,0.589136,0.67555
1999/6/2 0:00,0.7345854,1.81445,0.8156032,0.793053,0.120817,0.009438,0.586923,0.66955
1999/6/3 0:00,0.7203299999999999,1.8173,0.8314556,0.791515,0.120817,0.009467,0.590214,0.6727
1999/6/4 0:00,0.7556700000000001,1.83315,0.7605566,0.799776,0.120814,0.009478,0.590284,0.6838
1999/6/5 0:00,0.7646599999999999,1.8337,0.741735,0.799105,0.120812,0.009446,0.590877,0.68665
1999/6/6 0:00,0.7665000000000001,1.8439,0.7405282,0.805477,0.120812,0.009459,0.593542,0.68945
1999/6/7 0:00,0.7807999999999999,1.8711,0.7357594,0.808963,0.120814,0.009478,0.596605,0.69955
1999/6/8 0:00,0.78624,1.8846,0.7330940000000001,0.811787,0.120815,0.009477,0.598552,0.7006
1999/6/9 0:00,0.7807999999999999,1.8917,0.7357594000000001,0.812513,0.120814,0.00949,0.597336,0.69945
1999/6/10 0:00,0.78524,1.8842,0.7329220000000001,0.80782,0.120817,0.009482,0.598015,0.70145
1999/6/11 0:00,0.78096,1.8896,0.7631152,0.810406,0.120814,0.009483,0.597336,0.70625
1999/6/12 0:00,0.8125722,1.90445,0.8530376000000001,0.814664,0.120817,0.009463,0.5973,0.70955
1999/6/13 0:00,0.7841400000000001,1.8859,0.7340256000000001,0.804473,0.120817,0.00936,0.59577,0.7
1999/6/14 0:00,0.78624,1.89525,0.733094,0.805542,0.120815,0.009331,0.593683,0.70035
1999/6/15 0:00,0.7419800000000001,1.86525,0.7990816,0.795102,0.120814,0.009218,0.589431,0.68105
1999/6/16 0:00,0.7877471999999999,1.89165,0.7794146,0.807168,0.120815,0.009248,0.592066,0.692
1999/6/17 0:00,0.7653599999999999,1.8719,0.7426438000000001,0.793714,0.120817,0.009175,0.590214,0.68775
1999/6/18 0:00,0.7646599999999999,1.86145,0.741735,0.788924,0.120817,0.009121,0.587165,0.68735
1999/6/19 0:00,0.7646599999999999,1.8684,0.741735,0.792958,0.120818,0.009172,0.58898,0.68635
1999/6/20 0:00,0.77142,1.5636800000000002,0.7357609999999999,0.788986,0.12082,0.0081756,0.587699,0.69065
1999/6/21 0:00,0.7802499999999999,1.56192,0.7800474,0.771962,0.12082,0.009064000000000001,0.585446,0.681
1999/6/22 0:00,0.7269100000000001,1.7384099999999996,0.8003819999999999,0.771962,0.12082,0.010633199999999999,0.584232,0.6707
1999/6/23 0:00,0.75085,1.7419499999999999,0.8194944,0.773276,0.120817,0.0088862,0.582717,0.6676
1999/6/24 0:00,0.7604,1.8098028,0.7751499999999999,0.784529,0.120812,0.008899,0.581903,0.67555
1999/6/25 0:00,0.75975,1.8192028,0.77515,0.784899,0.120821,0.0087566,0.586786,0.6779
1999/6/26 0:00,0.75875,1.82715,0.7396494,0.779879,0.120821,0.0081212,0.585686,0.6765
1999/6/27 0:00,0.73845,1.81,0.7562396000000001,0.786937,0.120814,0.0092108,0.58471,0.64835
1999/6/28 0:00,0.73045,1.7995,0.7451078000000001,0.780884,0.120815,0.009115000000000002,0.582581,0.64265
1999/6/29 0:00,0.73605,1.8048,0.7516541999999999,0.78376,0.120812,0.0091958,0.585995,0.6461
1999/6/30 0:00,0.74215,1.8136,0.7535778000000001,0.782473,0.120812,0.0092952,0.587372,0.65055
1999/7/1 0:00,0.74045,1.8173,0.7533850000000001,0.783331,0.120811,0.0091724,0.58846,0.64965
1999/7/2 0:00,0.75175,1.83575,0.8353541999999999,0.795292,0.12082,0.0085674,0.591716,0.6601
1999/7/3 0:00,0.7491,1.8336,0.7604249999999999,0.788644,0.120814,0.0087268,0.591191,0.65505
1999/7/4 0:00,0.75345,1.84685,0.749822,0.79545,0.120812,0.009412,0.592136,0.6631
1999/7/5 0:00,0.7478,1.82555,0.745935,0.784406,0.120814,0.009375600000000001,0.591733,0.65395
1999/7/6 0:00,0.73785,1.80655,0.751908,0.781097,0.120815,0.009153999999999999,0.591821,0.645
1999/7/7 0:00,0.7513,1.8225,0.764205,0.781555,0.120815,0.009339400000000001,0.593401,0.6553
1999/7/8 0:00,0.75345,1.82685,0.765433,0.780488,0.120815,0.009339400000000001,0.594001,0.65705
1999/7/9 0:00,0.763301,1.82685,0.765433,0.780488,0.120815,0.009339400000000001,0.594001,0.65705
1999/7/10 0:00,0.76805,1.85755,0.765316,0.791484,0.120818,0.009184600000000001,0.598301,0.6691
1999/7/11 0:00,0.75545,1.8283,0.760109,0.773754,0.120818,0.009226799999999999,0.597997,0.6558
1999/7/12 0:00,0.75295,1.8228,0.760745,0.766078,0.120818,0.009149000000000001,0.595026,0.65015
1999/7/13 0:00,0.76145,1.84305,0.76266,0.777242,0.120818,0.009226800000000002,0.594177,0.657
1999/7/14 0:00,0.76855,1.8384,0.751965,0.778847,0.120818,0.008841000000000002,0.60051,0.66395
1999/7/15 0:00,0.75015,1.8163,0.749822,0.768965,0.120818,0.0091204,0.597907,0.64965
1999/7/16 0:00,0.7353,1.791,0.743716,0.770861,0.120814,0.0090982,0.594813,0.63565
1999/7/17 0:00,0.74045,1.8071899999999999,0.743522,0.771784,0.120815,0.009124199999999999,0.595912,0.63785
1999/7/18 0:00,0.7451,1.80895,0.743467,0.774954,0.120818,0.009152,0.594972,0.64095
1999/7/19 0:00,0.74595,1.8106000000000002,0.743494,0.775314,0.12082,0.0092138,0.595026,0.6438
1999/7/20 0:00,0.73225,1.8092599999999996,0.736865,0.762166,0.12082,0.009108799999999998,0.594036,0.6291
1999/7/21 0:00,0.73055,1.8092599999999996,0.735916,0.761905,0.120818,0.0090918,0.591366,0.6215
1999/7/22 0:00,0.73525,1.8092399999999997,0.737354,0.763884,0.120817,0.009134799999999998,0.589588,0.6283
1999/7/23 0:00,0.7361,1.79677,0.7397,0.770297,0.12082,0.009134799999999998,0.589692,0.63135
1999/7/24 0:00,0.7205,1.8139600000000002,0.727696,0.771903,0.120815,0.0091128,0.588305,0.62565
1999/7/25 0:00,0.72025,1.8139600000000002,0.728438,0.76861,0.120815,0.0091128,0.586958,0.6247
1999/7/26 0:00,0.7309,1.79653,0.729049,0.78061,0.120815,0.009259,0.590528,0.6332
1999/7/27 0:00,0.73225,1.79145,0.728651,0.784252,0.120815,0.009229399999999999,0.592979,0.63675
1999/7/28 0:00,0.72285,1.79535,0.726586,0.778119,0.120815,0.0091446,0.591331,0.6299
1999/7/29 0:00,0.71785,1.79155,0.725268,0.777091,0.120815,0.009081800000000001,0.591156,0.62675
1999/7/30 0:00,0.6961,1.7748,0.719787,0.769556,0.120818,0.008553199999999999,0.580619,0.6055
1999/7/31 0:00,0.6975,1.75665,0.721735,0.771218,0.120812,0.0088556,0.581531,0.60655
1999/8/1 0:00,0.69905,1.77305,0.720617,0.772618,0.120812,0.0091034,0.581395,0.6132
1999/8/2 0:00,0.68705,1.761,0.717592,0.767607,0.120814,0.0082054,0.579005,0.59835
1999/8/3 0:00,0.69185,1.76055,0.719399,0.771694,0.120814,0.0084678,0.578955,0.60455
1999/8/4 0:00,0.68635,1.76925,0.715768,0.783607,0.120814,0.008205399999999998,0.579408,0.599
1999/8/5 0:00,0.6873,1.7679,0.719502,0.7552635999999999,0.120815,0.0079562,0.579139,0.59955
1999/8/6 0:00,0.69625,1.7838,0.726744,0.7552724000000001,0.120818,0.0079562,0.582649,0.60725
1999/8/7 0:00,0.69925,1.7885,0.728863,0.7742964000000001,0.120815,0.008535200000000001,0.583431,0.60955
1999/8/8 0:00,0.6972,1.7894,0.729954,0.7563518,0.120815,0.008319,0.582683,0.6079
1999/8/9 0:00,0.70795,1.8105,0.728969,0.7555238000000001,0.120818,0.009327,0.583976,0.6171
1999/8/10 0:00,0.70755,1.8145,0.73006,0.717395,0.120818,0.009326999999999998,0.584095,0.62145
1999/8/11 0:00,0.714,1.835,0.734322,0.7378747999999999,0.120818,0.0090232,0.586166,0.63065
1999/8/12 0:00,0.71655,1.8334,0.73408,0.7378748,0.120818,0.0090232,0.588998,0.6339
1999/8/13 0:00,0.7058,1.83975,0.730914,0.718132,0.120821,0.008995,0.586029,0.62665
1999/8/14 0:00,0.68915,1.8399,0.733783,0.7569554000000001,0.12082,0.0087398,0.584864,0.61695
1999/8/15 0:00,0.6984,1.8279299999999998,0.740933,0.7312228000000001,0.120821,0.0089764,0.584693,0.62495
1999/8/16 0:00,0.70585,1.8174700000000001,0.742859,0.7881376,0.120821,0.0090232,0.587027,0.6322
1999/8/17 0:00,0.7009,1.8279299999999998,0.7414,0.7502858,0.120821,0.0089764,0.586029,0.628
1999/8/18 0:00,0.68965,1.8082699999999998,0.735673,0.7466256,0.120821,0.0089734,0.583465,0.6198
1999/8/19 0:00,0.6966,1.8325099999999999,0.735835,0.7854570000000001,0.12082,0.008995,0.583805,0.63415
1999/8/20 0:00,0.68735,1.8050000000000002,0.727299,0.7622816,0.120823,0.0090996,0.581971,0.6245
1999/8/21 0:00,0.69705,1.8325099999999999,0.730353,0.7558804,0.120823,0.009139,0.583771,0.6378
1999/8/22 0:00,0.68725,1.8111400000000004,0.726137,0.7622816,0.120823,0.0092792,0.581598,0.62935
1999/8/23 0:00,0.68305,1.7949300000000001,0.728943,0.7622816,0.120823,0.0088358,0.582276,0.6223
1999/8/24 0:00,0.68945,1.81441,0.733353,0.7537154,0.120823,0.0090674,0.58214,0.62765
1999/8/25 0:00,0.6904,1.81554,0.732252,0.7537154,0.120823,0.0090674,0.580956,0.62935
1999/8/26 0:00,0.68765,1.76749,0.736187,0.7386984,0.120823,0.0090578,0.58045,0.62775
1999/8/27 0:00,0.68775,1.7853100000000002,0.73551,0.73943,0.120821,0.0090578,0.581531,0.62445
1999/8/28 0:00,0.70045,1.7901899999999997,0.743799,0.7942366,0.120823,0.0090232,0.58401,0.63515
1999/8/29 0:00,0.69985,1.80836,0.741015,0.7946036,0.120821,0.009080399999999999,0.585497,0.63605
1999/8/30 0:00,0.69955,1.76178,0.741427,0.7946036,0.120823,0.0091164,0.584454,0.64135
1999/8/31 0:00,0.69065,1.7818200000000002,0.743633,0.7729408,0.120823,0.009057800000000001,0.583022,0.6306
1999/9/1 0:00,0.69775,1.74714,0.749906,0.7860686,0.120823,0.009004799999999999,0.581971,0.63595
1999/9/2 0:00,0.70525,1.7622499999999999,0.75092,0.7942366,0.120821,0.0091696,0.583124,0.6407
1999/9/3 0:00,0.71265,1.75189,0.756945,0.7912998,0.120823,0.009215399999999999,0.584351,0.6473
1999/9/4 0:00,0.71255,1.75993,0.754091,0.7941486,0.12082,0.0092204,0.582513,0.6474
1999/9/5 0:00,0.71345,1.75993,0.752955,0.7941486,0.12082,0.0092256,0.582751,0.64955
1999/9/6 0:00,0.72275,1.68714,0.75663,0.8041288,0.12082,0.0092386,0.585583,0.6558
1999/9/7 0:00,0.72025,1.72763,0.759273,0.8127721999999998,0.120818,0.0092224,0.585823,0.65605
1999/9/8 0:00,0.72335,1.6569600000000002,0.759013,0.8203393999999999,0.120818,0.0092224,0.587648,0.65715
1999/9/9 0:00,0.72715,1.57652,0.75861,0.8296716,0.12082,0.009801800000000001,0.705387,0.66075
1999/9/10 0:00,0.72485,1.6250499999999999,0.756115,0.8295452000000001,0.12082,0.009236,0.6771445999999999,0.65845
1999/9/11 0:00,0.72395,1.5787,0.756372,0.8510812,0.120821,0.009162,0.7077344,0.6528
1999/9/12 0:00,0.72275,1.6062699999999999,0.755515,0.8432449999999999,0.120821,0.009108,0.6833068000000001,0.65085
1999/9/13 0:00,0.73215,1.6231300000000002,0.762602,0.8752624000000001,0.12015119999999999,0.009195,0.6819176,0.6592
1999/9/14 0:00,0.7501521999999999,1.5790199999999999,0.765169,0.8624307999999999,0.125294,0.009237,0.7025007999999999,0.656
1999/9/15 0:00,0.7292582,1.5740294,0.761383,0.8721678,0.1368816,0.009219,0.7086938,0.65245
1999/9/16 0:00,0.7097096,1.6325607999999998,0.756687,0.9319559999999999,0.1505548,0.009106,0.6678594,0.64015
1999/9/17 0:00,0.7065707999999999,1.660383,0.759244,0.8788940000000001,0.14291079999999998,0.009105,0.6409296,0.6408
1999/9/18 0:00,0.7142336,1.646282,0.75706,0.9538139999999998,0.1484722,0.009078,0.6782656,0.63535
1999/9/19 0:00,0.7049422,1.6412936000000002,0.750469,0.9067711999999999,0.1411762,0.009094,0.6503116,0.6359
1999/9/20 0:00,0.69995,1.7250974,0.750525,0.8294696,0.13110919999999998,0.009016,0.6410452,0.628
1999/9/21 0:00,0.69775,1.7705000000000002,0.752191,0.7795136,0.12466059999999998,0.008953,0.6245042,0.62915
1999/9/22 0:00,0.69915,1.77601,0.754802,0.7820725999999999,0.124642,0.008924,0.624702,0.63345
1999/9/23 0:00,0.70265,1.6224614,0.750835,0.9264268,0.1439308,0.008972,0.6704894,0.6367
1999/9/24 0:00,0.70275,1.6409164,0.750751,0.9354975999999999,0.1440442,0.009017,0.6738654000000001,0.63905
1999/9/25 0:00,0.70275,1.6409164,0.750751,0.9354975999999999,0.1440442,0.009017,0.6738654000000001,0.63905
1999/9/26 0:00,0.70295,1.6490798000000002,0.758294,0.8541608,0.12852579999999997,0.008988,0.6655494,0.6431
1999/9/27 0:00,0.70405,1.69976,0.759763,0.7886605999999999,0.1297158,0.009003,0.6272866,0.64535
1999/9/28 0:00,0.70315,1.6748798,0.75884,0.8366722,0.1297276,0.008944,0.6487656,0.6433
1999/9/29 0:00,0.714,1.5787,0.762776,0.8970444000000001,0.11934700000000001,0.009056,0.7077344,0.65315
1999/9/30 0:00,0.71535,1.5787,0.758438,0.8472609999999999,0.12056059999999999,0.009035,0.7077344,0.65275
1999/10/1 0:00,0.71255,1.634392,0.75749,0.8193728,0.12079480000000001,0.00899,0.6700136000000001,0.65145
1999/10/2 0:00,0.71415,1.59926,0.754489,0.8556113999999999,0.11903119999999998,0.009029,0.7091202,0.6548
1999/10/3 0:00,0.71425,1.65143,0.750863,0.8116206,0.12111159999999999,0.009017,0.6673191999999999,0.65725
1999/10/4 0:00,0.71695,1.6894866,0.763942,0.7924544,0.12249879999999999,0.009046,0.6108772,0.66515
1999/10/5 0:00,0.71845,1.70181,0.765521,0.7924544,0.12235800000000001,0.00905,0.6109076000000001,0.66485
1999/10/6 0:00,0.71555,1.67224,0.764848,0.8209446,0.1212056,0.0091,0.6296508000000001,0.66375
1999/10/7 0:00,0.71535,1.6226200000000002,0.766665,0.8221408,0.1212062,0.0096608,0.652637,0.6634
1999/10/8 0:00,0.72435,1.64832,0.771367,0.87235,0.1192458,0.0101972,0.5928398,0.6718
1999/10/9 0:00,0.72385,1.7639926,0.770713,0.8105732,0.11938299999999999,0.010191200000000001,0.6268524,0.673
1999/10/10 0:00,0.71355,1.6200599999999998,0.764584,0.835421,0.12042000000000001,0.0098594,0.6707122,0.6626
1999/10/11 0:00,0.70475,1.6375199999999999,0.765257,0.8268485999999999,0.1183864,0.009898,0.657912,0.64725
1999/10/12 0:00,0.70575,1.61488,0.766342,0.8368879999999999,0.1195768,0.0108574,0.687822,0.6503
1999/10/13 0:00,0.70315,1.6147719999999999,0.764409,0.8195172,0.1207918,0.0106436,0.6876852,0.6515
1999/10/14 0:00,0.699252,1.61798,0.758869,0.8262548000000001,0.1195756,0.0105026,0.6872914000000001,0.64965
1999/10/15 0:00,0.69925,1.61798,0.758869,0.8262548000000001,0.1195756,0.0105026,0.6872914000000001,0.64965
1999/10/16 0:00,0.70445,1.80185,0.762079,0.8071388,0.121363,0.0091778,0.5909096,0.65555
1999/10/17 0:00,0.70025,1.7919,0.764321,0.7923216,0.1214688,0.009231600000000001,0.5862068,0.65335
1999/10/18 0:00,0.69615,1.79,0.769083,0.7908602,0.1239482,0.009143,0.6037716,0.64675
1999/10/19 0:00,0.69095,1.7744,0.768994,0.7972684,0.1238844,0.009244800000000001,0.5864784000000001,0.64685
1999/10/20 0:00,0.69405,1.78365,0.769764,0.7938676,0.1239486,0.009224399999999999,0.6116178,0.64825
1999/10/21 0:00,0.69245,1.7745,0.775855,0.79169,0.1246628,0.009224399999999999,0.6116178,0.64605
1999/10/22 0:00,0.692449,1.7745,0.775855,0.79169,0.1246628,0.009224399999999999,0.6116178,0.646049
1999/10/23 0:00,0.68915,1.78855,0.77679,0.7960316000000001,0.12290939999999999,0.0093018,0.5998124,0.65305
1999/10/24 0:00,0.69645,1.7979,0.775194,0.7948872,0.12290939999999999,0.0093018,0.5998124,0.6562
1999/10/25 0:00,0.69935,1.79845,0.768846,0.7926818,0.12290939999999999,0.0093018,0.605539,0.65965
1999/10/26 0:00,0.70235,1.7984,0.773635,0.7991368000000001,0.12290939999999999,0.0098336,0.605539,0.66145
1999/10/27 0:00,0.69515,1.77705,0.771426,0.787557,0.12370300000000001,0.009224399999999999,0.5931978000000001,0.65725
1999/10/28 0:00,0.69845,1.7932,0.774923,0.788488,0.121408,0.009251,0.5936488000000001,0.66015
1999/10/29 0:00,0.69795,1.79235,0.770743,0.788115,0.1214092,0.009251,0.5937764,0.65995
1999/10/30 0:00,0.777821,1.985218,0.858431,0.881018,0.1464426,0.009219,0.7316687999999999,0.733665
1999/10/31 0:00,0.70395,1.79675,0.77691,0.797321,0.12028760000000001,0.0103494,0.5880145999999999,0.66395
1999/11/1 0:00,0.70585,1.792,0.772159,0.791609,0.1203114,0.0097026,0.5853974,0.66205
1999/11/2 0:00,0.71355,1.7973,0.765112,0.793242,0.12024979999999999,0.0106984,0.5892336,0.66645
1999/11/3 0:00,0.71205,1.80615,0.765112,0.793367,0.12024900000000001,0.0107026,0.5879486,0.66605
1999/11/4 0:00,0.71395,1.8096,0.765112,0.793367,0.12024900000000001,0.0106984,0.5879486,0.66635
1999/11/5 0:00,0.71795,1.8137,0.7672782,0.794029,0.12052619999999999,0.0108502,0.5903194,0.67015
1999/11/6 0:00,0.71685,1.8001,0.7663378,0.794092,0.12085520000000001,0.010688399999999999,0.592085,0.66975
1999/11/7 0:00,0.717927,1.813565,0.7672782,0.794029,0.12052619999999999,0.010850199999999999,0.5903194,0.670151
1999/11/8 0:00,0.716846,1.80018,0.7663378,0.794092,0.12085520000000001,0.0106884,0.592085,0.669748
1999/11/9 0:00,0.721652,1.78715,0.7846446,0.790608,0.12085520000000001,0.010688399999999999,0.6002448,0.671001
1999/11/10 0:00,0.72385,1.78225,0.8213132,0.792299,0.12234700000000001,0.010688399999999999,0.5971810000000001,0.6735
1999/11/11 0:00,0.723851,1.782213,0.8213132,0.792267,0.12234700000000001,0.010688399999999999,0.5971810000000001,0.673491
1999/11/12 0:00,0.72815,1.7853,0.8348848,0.794786,0.1238776,0.0098828,0.6003634,0.67735
1999/11/13 0:00,0.73345,1.79875,0.856753,0.799361,0.1239074,0.009246,0.6010742,0.6822
1999/11/14 0:00,0.72935,1.7915,0.8536978,0.795672,0.12386599999999999,0.010101,0.598014,0.6779
1999/11/15 0:00,0.72305,1.79355,0.8175433999999999,0.797512,0.12309060000000001,0.010688399999999999,0.597181,0.6764
1999/11/16 0:00,0.72855,1.79715,0.8542931999999999,0.803439,0.1238752,0.0096968,0.5980212,0.68065
1999/11/17 0:00,0.73135,1.80455,0.8396676000000001,0.811359,0.12370619999999999,0.0092424,0.5874233999999999,0.68635
1999/11/18 0:00,0.72525,1.79795,0.8463049999999999,0.811886,0.12375620000000001,0.0096968,0.5935382,0.68505
1999/11/19 0:00,0.72675,1.8045,0.8463049999999999,0.813339,0.12375620000000001,0.009709399999999998,0.5935382,0.68505
1999/11/20 0:00,0.73605,1.8171,0.8487566,0.818632,0.12367840000000001,0.0092154,0.5900884,0.6913
1999/11/21 0:00,0.73695,1.8271,0.8511749999999999,0.821254,0.1236882,0.0092418,0.5905298,0.6925
1999/11/22 0:00,0.74175,1.8306,0.8558477999999999,0.828775,0.1234866,0.009083999999999998,0.597747,0.69705
1999/11/23 0:00,0.74715,1.8418,0.8600094,0.835666,0.1237452,0.009173200000000001,0.5947798,0.7005
1999/11/24 0:00,0.74585,1.83385,0.8619156,0.831808,0.1234866,0.009128,0.5977469999999999,0.6969
1999/11/25 0:00,0.74465,1.82785,0.8458378,0.828295,0.1238466,0.008458,0.6033254,0.68635
1999/11/26 0:00,0.74575,1.77212,0.870844,0.833403,0.12405360000000001,0.008421,0.6146248000000001,0.6828
1999/11/27 0:00,0.74825,1.7714200000000002,0.8695252,0.83668,0.1240338,0.008421000000000001,0.6142106,0.6838
1999/11/28 0:00,0.74855,1.9540399999999998,0.820311,0.838153,0.128939,0.008824,0.630959,0.68645
1999/11/29 0:00,0.74575,1.9470399999999999,0.817628,0.831221,0.1270442,0.008824000000000002,0.6212982,0.6839
1999/11/30 0:00,0.74575,1.9470399999999999,0.81586,0.828775,0.128939,0.008824,0.630959,0.6859
1999/12/1 0:00,0.75645,1.9939600000000002,0.827369,0.838012,0.1289094,0.0087942,0.6332462000000001,0.6908
1999/12/2 0:00,0.75735,1.99396,0.828295,0.84168,0.1289094,0.008823999999999999,0.6332462,0.69065
1999/12/3 0:00,0.76355,1.9219700000000004,0.837346,0.849762,0.125374,0.008784400000000001,0.6105891999999999,0.69385
1999/12/4 0:00,0.75715,1.9736200000000004,0.838118,0.845809,0.12896939999999998,0.008794199999999999,0.6332032,0.69135
1999/12/5 0:00,0.76015,1.99396,0.833889,0.844702,0.127065,0.008824,0.6222958000000001,0.6882
1999/12/6 0:00,0.75965,1.97362,0.835247,0.845952,0.125265,0.008824,0.6114559999999999,0.68455
1999/12/7 0:00,0.76475,1.97362,0.83605,0.84969,0.1270792,0.008824,0.6226564,0.6875
1999/12/8 0:00,0.76965,1.9219700000000004,0.837767,0.85408,0.1253936,0.0087844,0.6077762,0.69395
1999/12/9 0:00,0.76995,1.9702100000000002,0.831739,0.84717,0.1234866,0.009201400000000002,0.5977469999999999,0.69745
1999/12/10 0:00,0.77355,1.9130000000000003,0.83668,0.851209,0.125365,0.009018400000000001,0.6133424,0.70095
1999/12/11 0:00,0.78205,1.81533,0.837661,0.859882,0.1229616,0.009295000000000001,0.607644,0.70835
1999/12/12 0:00,0.77615,1.88399,0.830013,0.854336,0.1234738,0.0095632,0.605583,0.70275
1999/12/13 0:00,0.78425,1.7888899999999999,0.83949,0.861883,0.12189639999999999,0.0092864,0.607533,0.71055
1999/12/14 0:00,0.78255,1.9239964,0.842957,0.859513,0.1296404,0.009443200000000002,0.6414196,0.7094
1999/12/15 0:00,0.78605,1.9239964,0.843561,0.863968,0.128948,0.0093556,0.6628499999999999,0.70965
1999/12/16 0:00,0.78604,1.8040600000000002,0.843526,0.864006,0.120824,0.0088232,0.6248584,0.709673
1999/12/17 0:00,0.79305,2.0081999999999995,0.849834,0.877655,0.120824,0.0087298,0.6939652,0.71765
1999/12/18 0:00,0.78935,2.0081999999999995,0.848716,0.877039,0.120824,0.0087298,0.6532148,0.71675
1999/12/19 0:00,0.77695,1.9217499999999998,0.842247,0.875235,0.120824,0.0094784,0.6083160000000001,0.7136
1999/12/20 0:00,0.77655,1.8331836,0.841751,0.879044,0.120824,0.0096984,0.611621,0.71855
1999/12/21 0:00,0.77675,1.8331836,0.844737,0.876578,0.120824,0.009584800000000001,0.613046,0.71745
1999/12/22 0:00,0.77505,1.8392199999999999,0.838469,0.868659,0.120824,0.009584800000000001,0.610203,0.71595
1999/12/23 0:00,0.78165,1.8599936,0.839631,0.883509,0.120824,0.0096984,0.61207,0.721
1999/12/24 0:00,0.77725,1.87452,0.83462,0.878735,0.120824,0.009731,0.611733,0.72345
1999/12/25 0:00,0.77445,1.86314,0.828569,0.876732,0.120824,0.00972,0.611378,0.7184
1999/12/26 0:00,0.75775,1.8861899999999998,0.822639,0.870095,0.120824,0.009606,0.607792,0.7152
1999/12/27 0:00,0.75435,1.8592600000000001,0.819303,0.870095,0.120824,0.009564,0.60698,0.70985
1999/12/28 0:00,0.74965,1.86361,0.816127,0.860511,0.120824,0.009494,0.604558,0.70185
1999/12/29 0:00,0.75865,1.8607099999999999,0.814531,0.867002,0.120824,0.009537,0.607017,0.7096
1999/12/30 0:00,0.75665,1.8466700000000003,0.809553,0.866476,0.120824,0.009475,0.605657,0.70915
1999/12/31 0:00,0.76225,1.8900599999999996,0.812117,0.875925,0.120824,0.009579,0.609775,0.7163
2000/1/1 0:00,0.75625,1.8630099999999998,0.810143,0.862627,0.120824,0.009544,0.606907,0.70975
2000/1/2 0:00,0.76485,1.88919,0.81357,0.865276,0.120824,0.009576,0.607718,0.71535
2000/1/3 0:00,0.764877,1.88919,0.813537,0.865276,0.120824,0.009576,0.607718,0.715359
2000/1/4 0:00,0.76535,1.87393,0.812414,0.866852,0.120824,0.009578,0.609645,0.71045
2000/1/5 0:00,0.76385,1.8677599999999999,0.805348,0.86734,0.120824,0.009594,0.609515,0.71195
2000/1/6 0:00,0.76665,1.88914,0.811227,0.874241,0.120824,0.009649,0.610612,0.7134
2000/1/7 0:00,0.77955,1.88782,0.822402,0.883392,0.120824,0.009679,0.611546,0.71955
2000/1/8 0:00,0.77385,1.86314,0.82481,0.882106,0.120824,0.009629,0.610352,0.71355
2000/1/9 0:00,0.77385,1.6026246,0.916456,0.980075,0.134249,0.010699,0.678168,0.713552
2000/1/10 0:00,0.77945,1.86288,0.828157,0.871346,0.120824,0.009733,0.610128,0.7142
2000/1/11 0:00,0.76545,1.8776599999999999,0.817895,0.855615,0.120824,0.009557,0.605877,0.7021
2000/1/12 0:00,0.76485,1.87891,0.813703,0.852842,0.120824,0.009589,0.606575,0.70075
2000/1/13 0:00,0.76185,1.8752,0.811655,0.851245,0.120824,0.009553,0.606134,0.698
2000/1/14 0:00,0.76535,1.88615,0.816693,0.854299,0.120824,0.00962,0.608939,0.7041
2000/1/15 0:00,0.75735,1.8711,0.811853,0.844131,0.120824,0.009532,0.606759,0.6943
2000/1/16 0:00,0.75715,1.871,0.810438,0.844131,0.120824,0.009531,0.606061,0.6943
2000/1/17 0:00,0.76005,1.8766,0.817795,0.846955,0.120824,0.00959,0.607866,0.6955
2000/1/18 0:00,0.76275,1.8777,0.821456,0.849546,0.120824,0.009628,0.6007264000000001,0.69905
2000/1/19 0:00,0.76415,1.88685,0.831532,0.854701,0.120824,0.009765,0.6010222000000001,0.70385
2000/1/20 0:00,0.76665,1.8832,0.830634,0.853643,0.120824,0.009763,0.6039028,0.70575
2000/1/21 0:00,0.75885,1.8683,0.823215,0.844416,0.120824,0.009749,0.5990932,0.699
2000/1/22 0:00,0.75875,1.87035,0.820042,0.847889,0.120824,0.009799,0.6007263999999999,0.69935
2000/1/23 0:00,0.75875,1.8714,0.820042,0.847889,0.120824,0.009799,0.6007264000000001,0.6993
2000/1/24 0:00,0.76035,1.8616,0.823181,0.847601,0.120824,0.009802,0.5986203999999999,0.6992
2000/1/25 0:00,0.75565,1.86885,0.818733,0.845094,0.120824,0.009746,0.5987656,0.6953
2000/1/26 0:00,0.76235,1.8789,0.81823,0.848896,0.120824,0.009796,0.6051444,0.70365
2000/1/27 0:00,0.75735,1.86795,0.810045,0.839067,0.120824,0.009719,0.6025084,0.70235
2000/1/28 0:00,0.76935,1.8734,0.818766,0.843953,0.120824,0.00974,0.6041656,0.71465
2000/1/29 0:00,0.76935,1.8734,0.818766,0.843953,0.120824,0.00974,0.6041656,0.71465
2000/1/30 0:00,0.76935,1.87975,0.817361,0.845594,0.120824,0.009729,0.6043992,0.7143
2000/1/31 0:00,0.76745,1.87325,0.809881,0.843384,0.120824,0.009649,0.6037935999999999,0.71325
2000/2/1 0:00,0.77385,1.88065,0.812117,0.842247,0.120824,0.009694,0.6051230000000001,0.71735
2000/2/2 0:00,0.77375,1.8826,0.806224,0.841715,0.120824,0.009677,0.6047146000000001,0.71365
2000/2/3 0:00,0.7748,1.88855,0.804829,0.843312,0.120824,0.009682,0.6044731999999999,0.7125
2000/2/4 0:00,0.7748,1.88855,0.804829,0.843312,0.120824,0.009682,0.6044731999999999,0.7125
2000/2/5 0:00,0.77525,1.8823,0.805737,0.840972,0.120824,0.009651,0.6050594,0.71025
2000/2/6 0:00,0.77085,1.88,0.804699,0.837802,0.120824,0.009621,0.6045182,0.70945
2000/2/7 0:00,0.77515,1.8881,0.80952,0.842105,0.120824,0.009656,0.6047146,0.71255
2000/2/8 0:00,0.77075,1.8808,0.804991,0.83129,0.120824,0.009556,0.6043712,0.71115
2000/2/9 0:00,0.77125,1.873,0.800256,0.824097,0.120824,0.009611,0.6045182,0.7104
2000/2/10 0:00,0.7725,1.873,0.80457,0.830048,0.120824,0.009613,0.6044818000000001,0.7123
2000/2/11 0:00,0.77075,1.8445,0.797512,0.823181,0.120824,0.009564,0.604591,0.7047
2000/2/12 0:00,0.76375,1.84236,0.796813,0.818364,0.120824,0.009454,0.6006746,0.69915
2000/2/13 0:00,0.76595,1.8521,0.799808,0.818498,0.120824,0.00945,0.5998048,0.6993
2000/2/14 0:00,0.77645,1.88535,0.799265,0.821423,0.120824,0.009402,0.6033072,0.7054
2000/2/15 0:00,0.78355,1.88129,0.80551,0.827198,0.120824,0.009456,0.6235291999999999,0.71295
2000/2/16 0:00,0.7852,1.86724,0.809651,0.82481,0.120824,0.009454,0.6239725999999999,0.7128
2000/2/17 0:00,0.7852,1.86724,0.809651,0.82481,0.120824,0.009454,0.6239725999999999,0.7128
2000/2/18 0:00,0.78835,1.8785999999999998,0.81126,0.835143,0.120824,0.009531,0.6251322,0.71735
2000/2/19 0:00,0.78655,1.8800999999999999,0.812117,0.839384,0.120824,0.009546,0.6239726,0.71605
2000/2/20 0:00,0.78265,1.8761299999999999,0.809848,0.840619,0.120824,0.009502,0.6239725999999999,0.71325
2000/2/21 0:00,0.78555,1.87833,0.809127,0.840866,0.120824,0.009455,0.6239725999999999,0.7161
2000/2/22 0:00,0.79025,1.9044900000000002,0.811754,0.844737,0.120824,0.009466,0.6165818,0.72355
2000/2/23 0:00,0.78925,1.9044900000000002,0.81057,0.845881,0.120824,0.009471,0.6165818,0.7251
2000/2/24 0:00,0.79435,1.93101,0.81636,0.863111,0.120824,0.009609,0.6409779999999999,0.728
2000/2/25 0:00,0.79215,1.9044899999999998,0.811952,0.859845,0.120824,0.009552,0.6285492,0.72725
2000/2/26 0:00,0.78785,1.8962400000000001,0.803084,0.860289,0.120824,0.009523,0.6165818,0.72355
2000/2/27 0:00,0.78335,1.8928699999999998,0.804117,0.855432,0.120824,0.009505,0.6031953999999999,0.7194
2000/2/28 0:00,0.78665,1.89088,0.807755,0.858259,0.120824,0.009494,0.6036526,0.7223
2000/2/29 0:00,0.78665,1.89088,0.807396,0.858369,0.120824,0.009494,0.6036526,0.7223
2000/3/1 0:00,0.793,1.9284,0.8141,0.862813,0.120824,0.009596,0.6409779999999999,0.72965
2000/3/2 0:00,0.78175,1.8991,0.804343,0.855469,0.120824,0.009561,0.6067944,0.7239
2000/3/3 0:00,0.78165,1.8991,0.804635,0.849907,0.120824,0.009537,0.6076762,0.7249
2000/3/4 0:00,0.7814,1.90624,0.802472,0.848356,0.120824,0.009521,0.6079356,0.72685
2000/3/5 0:00,0.78825,1.9092099999999999,0.807168,0.850159,0.120824,0.009507,0.6203832,0.73105
2000/3/6 0:00,0.79085,1.9320499999999998,0.810866,0.855688,0.120824,0.009547,0.6312021999999999,0.7328
2000/3/7 0:00,0.79065,1.9320499999999998,0.810866,0.855286,0.120824,0.009544,0.6312021999999999,0.7328
2000/3/8 0:00,0.79065,1.9340800000000002,0.809913,0.849546,0.120824,0.009492,0.6543836,0.73455
2000/3/9 0:00,0.79705,2.0178000000000003,0.819706,0.855615,0.120824,0.009549,0.6672239999999999,0.73875
2000/3/10 0:00,0.79235,2.0129900000000003,0.825525,0.858885,0.120824,0.009596,0.6657992,0.73335
2000/3/11 0:00,0.79015,2.0178000000000003,0.830082,0.867077,0.120824,0.009597,0.6672239999999999,0.73805
2000/3/12 0:00,0.78985,2.0178000000000003,0.82573,0.864865,0.120824,0.009596,0.6672239999999999,0.7378
2000/3/13 0:00,0.79395,2.0178,0.830323,0.868885,0.120824,0.009606,0.6672239999999999,0.741
2000/3/14 0:00,0.79485,2.0178,0.829291,0.870398,0.120824,0.009635,0.6672239999999999,0.73975
2000/3/15 0:00,0.78785,2.0178000000000003,0.830186,0.863782,0.120824,0.009553,0.6672239999999999,0.73855
2000/3/16 0:00,0.79055,2.0178000000000003,0.830668,0.858922,0.120824,0.009581,0.6672239999999999,0.74165
2000/3/17 0:00,0.79335,2.02008,0.831359,0.867152,0.120824,0.009602,0.6670027999999999,0.7444
2000/3/18 0:00,0.79115,2.0162400000000003,0.8296049999999999,0.862627,0.120824,0.009537,0.6662046,0.74235
2000/3/19 0:00,0.79095,2.00947,0.8233902000000001,0.857008,0.120824,0.009534,0.6639742,0.7404
2000/3/20 0:00,0.79485,2.01648,0.8275298000000001,0.859107,0.120824,0.009545,0.6663965999999999,0.7449
2000/3/21 0:00,0.79485,2.01648,0.8275298000000001,0.859107,0.120824,0.009545,0.6663965999999999,0.7449
2000/3/22 0:00,0.78755,1.9529,0.8084374000000001,0.849473,0.120824,0.009499,0.6639742,0.7384
2000/3/23 0:00,0.79125,2.0094699999999994,0.8117037999999999,0.850521,0.120824,0.009524,0.6639742,0.73895
2000/3/24 0:00,0.77525,1.89289,0.8052592000000001,0.837872,0.120824,0.009466,0.6039924,0.72175
2000/3/25 0:00,0.77245,1.8756599999999999,0.8094376000000001,0.835736,0.120824,0.009407,0.603278,0.7154
2000/3/26 0:00,0.77175,1.8725,0.8120644,0.833542,0.120824,0.009401,0.6025693999999999,0.71325
2000/3/27 0:00,0.77155,1.8666,0.8125132,0.833403,0.120824,0.009402,0.6025693999999999,0.7141
2000/3/28 0:00,0.77155,1.88008,0.821862,0.833403,0.120824,0.009402,0.6039388,0.7141
2000/3/29 0:00,0.76985,1.8756,0.817728,0.829187,0.120824,0.009348,0.6035032,0.7087
2000/3/30 0:00,0.77185,1.8778899999999996,0.82447,0.830841,0.120824,0.009308,0.6041656000000001,0.71125
2000/3/31 0:00,0.77275,1.87731,0.822098,0.83675,0.120824,0.009312,0.6048028,0.70975
2000/4/1 0:00,0.77335,1.87772,0.827027,0.838153,0.120824,0.009344,0.6041656,0.7134
2000/4/2 0:00,0.77255,1.8783699999999997,0.823316,0.832362,0.120824,0.009321,0.6045692,0.71
2000/4/3 0:00,0.769,1.87789,0.823384,0.828981,0.120824,0.009324,0.6039028,0.7082
2000/4/4 0:00,0.77115,1.8778899999999996,0.824266,0.830461,0.120824,0.009324,0.6041656,0.711
2000/4/5 0:00,0.76655,1.8722,0.818967,0.825151,0.120824,0.009225,0.603576,0.705
2000/4/6 0:00,0.76715,1.8777,0.819941,0.827643,0.120824,0.009224,0.603152,0.70845
2000/4/7 0:00,0.76475,1.8775,0.816993,0.828913,0.120824,0.009199,0.601721,0.71125
2000/4/8 0:00,0.76845,1.876,0.818967,0.831947,0.120824,0.009224,0.60361,0.71545
2000/4/9 0:00,0.76905,1.8746,0.813868,0.8296,0.120824,0.009205,0.603173,0.7144
2000/4/10 0:00,0.77215,1.88605,0.813173,0.835317,0.120824,0.009231,0.604778,0.7165
2000/4/11 0:00,0.77215,1.88605,0.818532,0.8342802,0.120824,0.009231,0.604778,0.7165
2000/4/12 0:00,0.77395,1.8887,0.810077,0.8368865999999999,0.120824,0.009432399999999999,0.606024,0.7199
2000/4/13 0:00,0.77255,1.8845,0.805867,0.8364536000000001,0.120824,0.0094706,0.606061,0.71825
2000/4/14 0:00,0.7872699999999999,1.89405,0.807852,0.8544522000000001,0.120824,0.0095096,0.608347,0.7263
2000/4/15 0:00,0.7829699999999999,1.8806,0.805023,0.8534862000000001,0.120824,0.009509800000000002,0.603974,0.7217
2000/4/16 0:00,0.77929,1.8933,0.80538,0.838527,0.120824,0.009444999999999999,0.603901,0.7176
2000/4/17 0:00,0.77697,1.8934,0.806484,0.834149,0.120824,0.0094242,0.603865,0.7161
2000/4/18 0:00,0.8188516,1.89305,0.805315,0.880386,0.13150440000000002,0.010237399999999999,0.6543918,0.7161
2000/4/19 0:00,0.7963826,1.9029,0.801603,0.8568337999999999,0.1261642,0.0098242,0.6530788000000001,0.7147
2000/4/20 0:00,0.76975,1.9173,0.805575,0.8429588000000001,0.120824,0.009465,0.6090676,0.72055
2000/4/21 0:00,0.77525,1.9195,0.805477,0.8494071999999999,0.120824,0.009506,0.6090676,0.7272
2000/4/22 0:00,0.77705,1.9132,0.808375,0.8483525999999999,0.120824,0.0094664,0.6091882,0.7288
2000/4/23 0:00,0.78315,1.9161,0.810833,0.8520304,0.120824,0.009448,0.6099712,0.7328
2000/4/24 0:00,0.78135,1.91585,0.810833,0.8518792,0.120824,0.009445,0.6097944,0.73115
2000/4/25 0:00,0.78135,1.91585,0.810767,0.8518792,0.120824,0.009445,0.6097944,0.73115
2000/4/26 0:00,0.77815,1.9102,0.806907,0.8483525999999999,0.120824,0.009457,0.6099438,0.7285
2000/4/27 0:00,0.77715,1.904,0.802729,0.8494071999999999,0.120824,0.00943,0.6070654,0.7228
2000/4/28 0:00,0.77705,1.90665,0.8026,0.8494071999999999,0.120824,0.009445,0.6070946,0.72275
2000/4/29 0:00,0.77925,1.90925,0.799456,0.8503786,0.120824,0.009438,0.6070946,0.7285
2000/4/30 0:00,0.78195,1.9102,0.795862,0.8526988,0.120824,0.009536,0.6066342,0.73245
2000/5/1 0:00,0.78055,1.9085,0.795735,0.8526988,0.120824,0.009543,0.6088214000000001,0.7325
2000/5/2 0:00,0.78055,1.9085,0.793934,0.8482154,0.120824,0.009543,0.6066342,0.7325
2000/5/3 0:00,0.77945,1.89415,0.79526,0.8503786,0.120824,0.009517,0.6088214000000001,0.7285
2000/5/4 0:00,0.77435,1.89215,0.797703,0.845468,0.120824,0.009525,0.6088214,0.72635
2000/5/5 0:00,0.77845,1.9011,0.800352,0.8506728000000001,0.120824,0.009595,0.6088214000000001,0.73245
2000/5/6 0:00,0.78135,1.9042,0.803374,0.8506728000000001,0.120824,0.009571,0.6088213999999998,0.7351
2000/5/7 0:00,0.77595,1.8925,0.803245,0.8483525999999999,0.120824,0.00954,0.6088214000000001,0.73285
2000/5/8 0:00,0.77525,1.8913,0.805283,0.8483525999999999,0.120824,0.009522,0.609607,0.7328
2000/5/9 0:00,0.7763,1.8913,0.804246,0.8483525999999999,0.120824,0.009522,0.609607,0.7322
2000/5/10 0:00,0.77305,1.8828,0.808048,0.8467701999999999,0.120824,0.009469,0.608236,0.7301
2000/5/11 0:00,0.77555,1.8824,0.808179,0.8467701999999999,0.120824,0.009469,0.60831,0.73075
2000/5/12 0:00,0.77565,1.875,0.801539,0.8483525999999999,0.120824,0.009465,0.608143,0.73115
2000/5/13 0:00,0.76805,1.8647,0.800096,0.8415786000000001,0.120824,0.009375,0.604997,0.7196
2000/5/14 0:00,0.76265,1.8545,0.792801,0.8386404000000001,0.121892,0.00934,0.603537,0.71305
2000/5/15 0:00,0.7608,1.8509,0.790326,0.8386403999999998,0.12241280000000002,0.009314,0.603136,0.7123
2000/5/16 0:00,0.76135,1.84945,0.789422,0.8386403999999998,0.12188539999999999,0.00931,0.603136,0.71285
2000/5/17 0:00,0.75695,1.83535,0.787061,0.8255034,0.1234466,0.009336,0.603355,0.70775
2000/5/18 0:00,0.75705,1.83945,0.78911,0.8326098,0.12293720000000001,0.009328,0.604047,0.70895
2000/5/19 0:00,0.75795,1.836,0.79255,0.8387718,0.12241279999999999,0.009336,0.605547,0.71045
2000/5/20 0:00,0.75785,1.83665,0.791609,0.8351659999999999,0.12241279999999999,0.009299,0.60381,0.71165
2000/5/21 0:00,0.75465,1.8251,0.791077,0.8387718,0.12343420000000001,0.009251,0.601576,0.70735
2000/5/22 0:00,0.755,1.8268,0.790733,0.8387718,0.1229112,0.009246,0.601685,0.7081
2000/5/23 0:00,0.75585,1.8273,0.79321,0.8466609999999999,0.1223852,0.009247,0.601214,0.7094
2000/5/24 0:00,0.75915,1.8288,0.795577,0.8387718,0.12241279999999999,0.009285,0.6027,0.70935
2000/5/25 0:00,0.76195,1.82795,0.793651,0.8386404000000001,0.1213594,0.009296,0.604485,0.71315
2000/5/26 0:00,0.76295,1.8321,0.790639,0.8386403999999998,0.121892,0.009282,0.603391,0.71415
2000/5/27 0:00,0.76035,1.8225,0.788955,0.8288452000000002,0.12241280000000002,0.009261,0.602228,0.7117
2000/5/28 0:00,0.76125,1.8226,0.79233,0.8386404000000001,0.1213594,0.009255,0.602609,0.7137
2000/5/29 0:00,0.76305,1.8242,0.794786,0.8386404000000001,0.1213594,0.009259,0.602555,0.71505
2000/5/30 0:00,0.76315,1.82495,0.795925,0.8386404000000001,0.1213594,0.009259,0.602555,0.71505
2000/5/31 0:00,0.76115,1.8235,0.795925,0.8351660000000001,0.1213594,0.009266,0.601938,0.7123
2000/6/1 0:00,0.75755,1.8224,0.797894,0.8466609999999999,0.12238679999999999,0.009264,0.601214,0.7059
2000/6/2 0:00,0.75065,1.81445,0.801796,0.8452952,0.12344459999999999,0.009234,0.597425,0.7013
2000/6/3 0:00,0.75495,1.81765,0.801828,0.8138591999999999,0.123444,0.00924,0.598372,0.70135
2000/6/4 0:00,0.75665,1.81575,0.802375,0.8299696000000001,0.12343420000000001,0.009286,0.600384,0.70245
2000/6/5 0:00,0.7548,1.81495,0.804182,0.829608,0.12344399999999997,0.009266,0.598802,0.6997
2000/6/6 0:00,0.7548,1.81595,0.802343,0.8138591999999999,0.12344399999999997,0.009262,0.598802,0.6997
2000/6/7 0:00,0.76555,1.81955,0.803632,0.8105495999999999,0.1229506,0.009369,0.601757,0.70875
2000/6/8 0:00,0.76815,1.8299,0.800833,0.8386404000000001,0.12135660000000001,0.009373,0.601993,0.71385
2000/6/9 0:00,0.76955,1.83825,0.803052,0.8415786000000001,0.120824,0.009364,0.602773,0.7161
2000/6/10 0:00,0.76735,1.81955,0.795703,0.829457,0.121892,0.009285,0.600709,0.71215
2000/6/11 0:00,0.76165,1.81135,0.800416,0.8387718,0.1218868,0.009209,0.598731,0.70705
2000/6/12 0:00,0.76145,1.81255,0.798244,0.832185,0.1218868,0.0092,0.598337,0.7095
2000/6/13 0:00,0.76105,1.80175,0.794881,0.8230015999999999,0.1218774,0.009125,0.594513,0.7043
2000/6/14 0:00,0.76535,1.80595,0.795608,0.8288452,0.1213594,0.009145,0.596588,0.70935
2000/6/15 0:00,0.76725,1.8184,0.806387,0.8037621999999999,0.121892,0.009138,0.59755,0.71075
2000/6/16 0:00,0.77275,1.81975,0.807396,0.8150388,0.120824,0.009167,0.596908,0.71555
2000/6/17 0:00,0.77655,1.8238,0.809684,0.8058045999999999,0.120824,0.009177,0.598176,0.7163
2000/6/18 0:00,0.7776,1.83265,0.814531,0.8182008,0.120824,0.00921,0.599125,0.7173
2000/6/19 0:00,0.7776,1.83265,0.810176,0.796622,0.12348319999999999,0.00921,0.599125,0.7153
2000/6/20 0:00,0.77575,1.824,0.811293,0.785731,0.12348319999999999,0.009135,0.596872,0.71435
2000/6/21 0:00,0.77745,1.82655,0.812282,0.787371,0.12348319999999999,0.009224,0.598569,0.71545
2000/6/22 0:00,0.77875,1.8219,0.808898,0.786782,0.12348319999999999,0.009189,0.598229,0.71635
2000/6/23 0:00,0.7727,1.819,0.810668,0.783269,0.12348319999999999,0.009186,0.59839,0.7074
2000/6/24 0:00,0.76685,1.8207,0.8108,0.783883,0.1234812,0.009149,0.597015,0.70435
2000/6/25 0:00,0.76925,1.82315,0.810964,0.784714,0.1234766,0.009155,0.596801,0.70595
2000/6/26 0:00,0.76975,1.8283,0.812315,0.789141,0.12348319999999999,0.009143,0.596552,0.7079
2000/6/27 0:00,0.76625,1.8174,0.812282,0.782075,0.12348999999999999,0.00911,0.594495,0.70145
2000/6/28 0:00,0.76305,1.8055,0.817361,0.781769,0.120824,0.009075,0.593507,0.6992
2000/6/29 0:00,0.76005,1.786,0.814531,0.777847,0.120824,0.009006,0.593401,0.69195
2000/6/30 0:00,0.75235,1.7718,0.805899,0.772141,0.120824,0.008958,0.591226,0.6843
2000/7/1 0:00,0.75195,1.7686,0.80525,0.771248,0.120824,0.008947,0.59011,0.6835
2000/7/2 0:00,0.75205,1.76755,0.804214,0.770713,0.120824,0.008949,0.590284,0.68315
2000/7/3 0:00,0.75055,1.76075,0.804959,0.767489,0.120824,0.008961,0.590423,0.68
2000/7/4 0:00,0.74085,1.75345,0.803374,0.76643,0.120824,0.008941,0.589258,0.67535
2000/7/5 0:00,0.74295,1.75835,0.809192,0.767931,0.120824,0.008943,0.589518,0.67635
2000/7/6 0:00,0.74245,1.7365,0.819941,0.768167,0.120824,0.008914,0.588097,0.6733
2000/7/7 0:00,0.74195,1.73775,0.81823,0.770001,0.120824,0.008913,0.588132,0.6735
2000/7/8 0:00,0.74195,1.73775,0.821659,0.770001,0.120824,0.008907,0.588132,0.6735
2000/7/9 0:00,0.75605,1.773364,0.829944,0.783914,0.120824,0.009018,0.592768,0.6851
2000/7/10 0:00,0.74785,1.75295,0.827815,0.774653,0.120824,0.008911,0.59004,0.679306
2000/7/11 0:00,0.75325,1.76075,0.827301,0.775855,0.120824,0.008919,0.592031,0.67685
2000/7/12 0:00,0.74995,1.7542,0.82122,0.77226,0.120824,0.008911,0.592312,0.67435
2000/7/13 0:00,0.74845,1.7504,0.819303,0.770654,0.120824,0.008907,0.592452,0.67315
2000/7/14 0:00,0.75365,1.748,0.822098,0.772648,0.120824,0.008933,0.593261,0.67725
2000/7/15 0:00,0.74955,1.7387,0.820076,0.766283,0.120824,0.008852,0.591244,0.6739
2000/7/16 0:00,0.75335,1.72965,0.81706,0.768669,0.120824,0.008793,0.591209,0.67405
2000/7/17 0:00,0.76325,1.7469,0.821997,0.776337,0.120824,0.009042,0.604376,0.6844
2000/7/18 0:00,0.76695,1.7434,0.822335,0.774533,0.123288,0.009015,0.603209,0.68725
2000/7/19 0:00,0.7652,1.7520400000000003,0.820244,0.771605,0.123288,0.008981,0.6027,0.6864
2000/7/20 0:00,0.7652,1.7520400000000003,0.822166,0.771605,0.123288,0.008981,0.6027,0.6864
2000/7/21 0:00,0.76225,1.75971,0.820446,0.795964,0.123282,0.00895,0.601594,0.68305
2000/7/22 0:00,0.75865,1.76949,0.813041,0.8142371999999998,0.123306,0.009134800000000002,0.599467,0.6829
2000/7/23 0:00,0.75485,1.6062400000000001,0.808734,0.8848841999999999,0.123262,0.009048,0.600132,0.67935
2000/7/24 0:00,0.75615,1.6062400000000001,0.809029,0.8848841999999999,0.123335,0.009038599999999999,0.59988,0.68085
2000/7/25 0:00,0.7591,1.7024000000000001,0.814764,0.795964,0.123371,0.0089938,0.60192,0.6831
2000/7/26 0:00,0.75665,1.6886899999999998,0.8187992,0.8047295999999999,0.123371,0.0087258,0.601034,0.6803
2000/7/27 0:00,0.76095,1.7674500000000002,0.8340092,0.7884131999999999,0.123387,0.008721,0.602555,0.68395
2000/7/28 0:00,0.7651,1.7607400000000002,0.836858,0.7883282,0.123408,0.008959,0.604431,0.6879
2000/7/29 0:00,0.77105,1.7592500000000002,0.8567634,0.7732716,0.123379,0.008789,0.605657,0.69145
2000/7/30 0:00,0.77335,1.7592500000000002,0.8567633999999998,0.7732716,0.123416,0.008789,0.605162,0.69165
2000/7/31 0:00,0.7684,1.7597,0.8560079999999999,0.7722326,0.1234,0.0087826,0.604412,0.68975
2000/8/1 0:00,0.76515,1.7650699999999997,0.8524318000000001,0.7740704,0.12332,0.0088054,0.605089,0.69295
2000/8/2 0:00,0.7605,1.7592500000000002,0.8567634,0.7732716,0.12335,0.008789,0.604485,0.6914
2000/8/3 0:00,0.76465,1.75914,0.8490024,0.7762892,0.123362,0.0087446,0.607607,0.69505
2000/8/4 0:00,0.77375,1.80532,0.8454177999999999,0.788413,0.123454,0.0089684,0.606796,0.7047
2000/8/5 0:00,0.77225,1.8123700000000003,0.8461001999999999,0.7918567999999999,0.123487,0.0089944,0.60573,0.70675
2000/8/6 0:00,0.77185,1.84456,0.8289785999999999,0.8212780000000001,0.123487,0.0092886,0.603355,0.70825
2000/8/7 0:00,0.7725,1.83452,0.8363394,0.8115333999999998,0.123487,0.0091752,0.603355,0.7076
2000/8/8 0:00,0.76835,1.80532,0.8454177999999999,0.788413,0.123501,0.0089684,0.603355,0.7057
2000/8/9 0:00,0.76805,1.8087600000000001,0.846322,0.7891764,0.123454,0.0089648,0.603719,0.70365
2000/8/10 0:00,0.75995,1.78416,0.8480416,0.7784294,0.123461,0.0087732,0.601685,0.70085
2000/8/11 0:00,0.75465,1.7646799999999998,0.8476393999999999,0.7812682000000001,0.123446,0.0087742,0.600474,0.69645
2000/8/12 0:00,0.75465,1.7646799999999998,0.8476394,0.7803326,0.123371,0.0087742,0.5997,0.6966
2000/8/13 0:00,0.75475,1.7646799999999998,0.8476394,0.7812682000000001,0.123439,0.0087742,0.599,0.69635
2000/8/14 0:00,0.75947,1.8031099999999998,0.8504944,0.7905282,0.123449,0.00877,0.597729,0.69605
2000/8/15 0:00,0.76766,1.7946299999999997,0.8309152,0.7769014000000001,0.123454,0.008960199999999998,0.598337,0.69895
2000/8/16 0:00,0.7533900000000001,1.7887,0.8441506000000001,0.8136962000000001,0.12351,0.008761000000000001,0.598015,0.69715
2000/8/17 0:00,0.76859,1.75914,0.8490024,0.7762892,0.12351,0.0087446,0.597336,0.6951
2000/8/18 0:00,0.76859,1.75914,0.8490024,0.7762892,0.12351,0.0087446,0.597318,0.6951
2000/8/19 0:00,0.7880672,1.76545,0.8493368,0.7907942,0.123527,0.0087782,0.594689,0.69465
2000/8/20 0:00,0.7925158,1.78624,0.8444302,0.8026624,0.123498,0.008967,0.593049,0.68785
2000/8/21 0:00,0.7760872,1.8168900000000001,0.8726742,0.7941544,0.12346,0.008994,0.593542,0.69205
2000/8/22 0:00,0.802448,1.8625900000000002,0.844167,0.8049822000000001,0.123535,0.009097,0.596143,0.70425
2000/8/23 0:00,0.798858,1.86339,0.841397,0.8064186,0.123556,0.009111,0.598176,0.7062
2000/8/24 0:00,0.7706000000000001,1.863,0.840902,0.810898,0.123556,0.009155,0.597693,0.71025
2000/8/25 0:00,0.76814,1.8422,0.84122,0.808505,0.123585,0.009117,0.596374,0.70755
2000/8/26 0:00,0.76814,1.8396,0.843597,0.806679,0.12359,0.009085,0.595877,0.70575
2000/8/27 0:00,0.76814,1.83915,0.844916,0.80331,0.123571,0.009045,0.595806,0.70435
2000/8/28 0:00,0.7588600000000001,1.8417,0.852043,0.805932,0.123541,0.009128,0.597211,0.7078
2000/8/29 0:00,0.76814,1.83835,0.850051,0.804182,0.123541,0.009114,0.597407,0.7077
2000/8/30 0:00,0.77489,1.83945,0.849221,0.804311,0.123541,0.009117,0.6026404000000001,0.70785
2000/8/31 0:00,0.7756200000000001,1.8228,0.843277,0.794913,0.123524,0.0091,0.6016378,0.70465
2000/9/1 0:00,0.7731600000000001,1.82235,0.846024,0.792896,0.123573,0.009036,0.6023396,0.70275
2000/9/2 0:00,0.77489,1.8252,0.845559,0.795165,0.123548,0.009072,0.6261182000000001,0.70925
2000/9/3 0:00,0.77098,1.80515,0.841503,0.789079,0.123591,0.009054,0.6035552,0.7055
2000/9/4 0:00,0.76847,1.8042,0.845809,0.787092,0.123629,0.008987,0.6023396,0.70375
2000/9/5 0:00,0.77098,1.80855,0.847027,0.78765,0.123629,0.008986,0.6031486,0.7046
2000/9/6 0:00,0.7622100000000002,1.8027,0.847422,0.78416,0.123629,0.008977,0.5995798,0.7006
2000/9/7 0:00,0.7561700000000001,1.80565,0.854117,0.783638,0.123654,0.008992,0.5970432000000001,0.70175
2000/9/8 0:00,0.7561700000000001,1.8047,0.854518,0.78373,0.123597,0.008971,0.5970432000000001,0.7014
2000/9/9 0:00,0.74054,1.81095,0.855395,0.787123,0.123625,0.008992,0.595606,0.69965
2000/9/10 0:00,0.7520600000000001,1.7924,0.853461,0.782228,0.123593,0.008958,0.5962528,0.69405
2000/9/11 0:00,0.75404,1.7778,0.853279,0.775675,0.123638,0.008915,0.6013024,0.68705
2000/9/12 0:00,0.75404,1.77245,0.852551,0.773066,0.123638,0.008903,0.6004716,0.68655
2000/9/13 0:00,0.7404400000000001,1.77825,0.853315,0.775404,0.123594,0.0089,0.599774,0.68425
2000/9/14 0:00,0.74224,1.76585,0.848428,0.770179,0.123577,0.00881,0.595402,0.6787
2000/9/15 0:00,0.7505000000000001,1.76185,0.846274,0.771307,0.123579,0.008822,0.5973029999999999,0.6841
2000/9/16 0:00,0.76199,1.7615,0.853679,0.771337,0.12355,0.008841,0.6026516000000001,0.69075
2000/9/17 0:00,0.76518,1.7643,0.859771,0.772857,0.123576,0.008811,0.6026516,0.69125
2000/9/18 0:00,0.7634899999999999,1.76475,0.860104,0.773395,0.123576,0.008812,0.6026516,0.6911
2000/9/19 0:00,0.7634899999999999,1.7594,0.860104,0.773395,0.123576,0.008748,0.6026516,0.691099
2000/9/20 0:00,0.75206,1.7594,0.853388,0.767931,0.123576,0.008748,0.597513,0.69465
2000/9/21 0:00,0.76694,1.76295,0.84538,0.771962,0.123576,0.008777,0.602787,0.69295
2000/9/22 0:00,0.75877,1.77215,0.845023,0.783576,0.123576,0.008806,0.5989836000000001,0.6968
2000/9/23 0:00,0.7534400000000001,1.75945,0.852043,0.781555,0.123576,0.008787,0.5988442,0.696
2000/9/24 0:00,0.75344,1.76085,0.851789,0.782228,0.123576,0.00879,0.599798,0.69565
2000/9/25 0:00,0.75344,1.76065,0.851426,0.78183,0.123576,0.008782,0.599798,0.6956
2000/9/26 0:00,0.74697,1.75225,0.85197,0.777152,0.123646,0.008751,0.5975888,0.6973
2000/9/27 0:00,0.7613399999999999,1.7463,0.850159,0.775374,0.123664,0.008733,0.602787,0.6919
2000/9/28 0:00,0.75274,1.7518,0.854044,0.777152,0.123641,0.008742,0.5975316,0.69605
2000/9/29 0:00,0.7619499999999999,1.74855,0.846382,0.770179,0.123617,0.008701,0.599237,0.68985
2000/9/30 0:00,0.75877,1.7666,0.842993,0.775612,0.123661,0.008769,0.5989358000000001,0.69495
2000/10/1 0:00,0.75877,1.77025,0.84317,0.7769476000000001,0.123661,0.008771,0.5989836000000001,0.69665
2000/10/2 0:00,0.75877,1.76975,0.843917,0.7769476,0.123661,0.008765,0.5989836000000001,0.69665
2000/10/3 0:00,0.75773,1.75465,0.848104,0.7972566000000001,0.123616,0.008712,0.5989836000000001,0.6974
2000/10/4 0:00,0.75877,1.7482,0.845416,0.767902,0.123657,0.008634,0.5989358000000001,0.6951
2000/10/5 0:00,0.7469699999999999,1.76245,0.850232,0.772559,0.123606,0.008658,0.5991052,0.69795
2000/10/6 0:00,0.74727,1.76975,0.852915,0.773186,0.123585,0.008656,0.5942202000000001,0.7007
2000/10/7 0:00,0.75841,1.7744,0.844416,0.777257,0.123614,0.008634,0.598776,0.7001
2000/10/8 0:00,0.75841,1.76925,0.840937,0.773814,0.123614,0.008628,0.6002912,0.7002
2000/10/9 0:00,0.7584100000000001,1.76885,0.842424,0.773754,0.123614,0.008623,0.5996422000000001,0.69965
2000/10/10 0:00,0.7731600000000001,1.7691,0.841397,0.776337,0.123632,0.00867,0.6013360000000001,0.7018
2000/10/11 0:00,0.7756200000000001,1.7859,0.849473,0.783331,0.123585,0.008715,0.6267465999999999,0.70455
2000/10/12 0:00,0.73926,1.7767,0.85481,0.78061,0.123608,0.00864,0.590877,0.70295
2000/10/13 0:00,0.73942,1.7831,0.852842,0.785361,0.123672,0.008662,0.592364,0.70665
2000/10/14 0:00,0.7394200000000001,1.77665,0.850485,0.782687,0.12368,0.008649,0.590755,0.70465
2000/10/15 0:00,0.73799,1.7736,0.851499,0.782779,0.12368,0.00864,0.591646,0.7037
2000/10/16 0:00,0.73799,1.77325,0.849005,0.78064,0.12368,0.008644,0.591646,0.70345
2000/10/17 0:00,0.73682,1.77145,0.850304,0.775314,0.123713,0.008594,0.590145,0.70065
2000/10/18 0:00,0.7365999999999999,1.76415,0.845273,0.774954,0.123693,0.008573,0.589762,0.698
2000/10/19 0:00,0.73467,1.76975,0.846418,0.780229,0.123683,0.008821,0.58957,0.69175
2000/10/20 0:00,0.73467,1.77325,0.846633,0.777635,0.123661,0.0088606,0.589206,0.69145
2000/10/21 0:00,0.73644,1.75865,0.85197,0.771248,0.123677,0.0088252,0.588547,0.68515
2000/10/22 0:00,0.73677,1.7638,0.853862,0.772977,0.123677,0.0088686,0.587717,0.68345
2000/10/23 0:00,0.73297,1.74955,0.844595,0.764555,0.123677,0.008823600000000001,0.587596,0.68315
2000/10/24 0:00,0.7314499999999999,1.7416,0.840018,0.763927,0.123677,0.009464799999999999,0.587959,0.6787
2000/10/25 0:00,0.7314499999999999,1.74125,0.839454,0.762704,0.123645,0.0088414,0.587579,0.68145
2000/10/26 0:00,0.7323200000000001,1.74045,0.840972,0.76063,0.12366,0.008805799999999999,0.587717,0.6832
2000/10/27 0:00,0.73309,1.56235,0.841008,0.760572,0.12369,0.0094626,0.587786,0.68785
2000/10/28 0:00,0.7326,1.8293500000000003,0.840371,0.7828885999999999,0.12369,0.009278400000000001,0.587234,0.687
2000/10/29 0:00,0.7326,1.8293500000000003,0.841326,0.7828885999999999,0.12369,0.009278400000000001,0.587234,0.68695
2000/10/30 0:00,0.73305,1.80322,0.840124,0.7828885999999999,0.12369,0.009278400000000001,0.58763,0.68605
2000/10/31 0:00,0.72825,1.76239,0.838012,0.7725324,0.123715,0.009390599999999999,0.586545,0.68065
2000/11/1 0:00,0.73205,1.79068,0.838399,0.7789252,0.123728,0.0093166,0.587475,0.68435
2000/11/2 0:00,0.7313,1.80322,0.838118,0.7776446000000001,0.123733,0.009323000000000001,0.587544,0.68505
2000/11/3 0:00,0.73335,1.8293500000000003,0.841609,0.7828885999999999,0.123693,0.0091762,0.588132,0.68725
2000/11/4 0:00,0.73325,1.8293500000000003,0.841255,0.7895054,0.123713,0.0091762,0.588253,0.6873
2000/11/5 0:00,0.73365,1.848,0.841078,0.7895054,0.123738,0.0091762,0.588408,0.68835
2000/11/6 0:00,0.73645,1.7743200000000001,0.845559,0.7871322,0.123712,0.0089892,0.588582,0.68965
2000/11/7 0:00,0.73665,1.78888,0.85168,0.7951166,0.123703,0.0089056,0.588893,0.69125
2000/11/8 0:00,0.7385,1.76655,0.852769,0.7791544,0.123787,0.008812999999999998,0.590615,0.69465
2000/11/9 0:00,0.73725,1.76655,0.852697,0.7791544,0.123779,0.008812999999999998,0.591017,0.6945
2000/11/10 0:00,0.7358,1.7570000000000001,0.85317,0.7799834000000001,0.123767,0.0087704,0.590755,0.69715
2000/11/11 0:00,0.735,1.7567499999999998,0.853643,0.7772036,0.123767,0.0087636,0.590755,0.69705
2000/11/12 0:00,0.7344,1.7748000000000002,0.856128,0.7791978,0.123767,0.0088454,0.589814,0.69665
2000/11/13 0:00,0.74155,1.7962200000000004,0.856788,0.7840924000000001,0.123749,0.0088514,0.591296,0.70395
2000/11/14 0:00,0.73755,1.7935500000000002,0.855139,0.7816574,0.123793,0.008850199999999999,0.590179,0.7005
2000/11/15 0:00,0.74005,1.7962200000000004,0.857449,0.7840924000000001,0.123793,0.0088514,0.591506,0.70435
2000/11/16 0:00,0.74215,1.7887499999999998,0.858443,0.7832236,0.12379,0.008781,0.591261,0.70525
2000/11/17 0:00,0.74825,1.8391099999999998,0.862255,0.7993946000000001,0.12379,0.0090752,0.591891,0.71275
2000/11/18 0:00,0.74825,1.8391099999999998,0.861326,0.7993946,0.12379,0.0090752,0.592171,0.71275
2000/11/19 0:00,0.74635,1.8391099999999998,0.861401,0.7993946,0.12379,0.009075200000000002,0.591751,0.71375
2000/11/20 0:00,0.75065,1.8391099999999998,0.864267,0.7993946,0.123775,0.0090752,0.593049,0.7179
2000/11/21 0:00,0.75245,1.8391099999999998,0.863968,0.7993946,0.123818,0.0090752,0.593578,0.71475
2000/11/22 0:00,0.74835,1.8793499999999999,0.863073,0.8127814000000001,0.123831,0.0094268,0.593472,0.7034
2000/11/23 0:00,0.74995,1.8771499999999999,0.863148,0.8134314,0.123793,0.009428200000000001,0.59393,0.7006
2000/11/24 0:00,0.75005,1.8756500000000003,0.866176,0.8124928,0.123824,0.009428200000000001,0.594195,0.7025
2000/11/25 0:00,0.7522,1.88521,0.863521,0.8074408,0.123824,0.0094268,0.594195,0.7042
2000/11/26 0:00,0.75,1.87935,0.863483,0.8127814000000001,0.123824,0.009426799999999999,0.593965,0.70345
2000/11/27 0:00,0.75665,1.89162,0.869074,0.8100438000000001,0.123841,0.0094472,0.595274,0.71095
2000/11/28 0:00,0.75315,1.88975,0.869792,0.80983,0.123877,0.009453,0.59805,0.7056
2000/11/29 0:00,0.75535,1.88975,0.868508,0.80983,0.123864,0.009453,0.599125,0.70775
2000/11/30 0:00,0.74635,1.79204,0.863744,0.7906838,0.123879,0.0089648,0.599862,0.69055
2000/12/1 0:00,0.74415,1.7900300000000002,0.862032,0.7959499999999999,0.12386,0.0089648,0.600817,0.69075
2000/12/2 0:00,0.74385,1.79204,0.865464,0.7906838,0.12386,0.0089648,0.600276,0.69075
2000/12/3 0:00,0.74385,1.79204,0.865464,0.7906838,0.12386,0.0089648,0.600276,0.69075
2000/12/4 0:00,0.74075,1.7835699999999999,0.855249,0.7847554000000001,0.12387,0.008874,0.602065,0.68825
2000/12/5 0:00,0.735,1.7863600000000002,0.85266,0.7869729999999999,0.123873,0.00887,0.600258,0.68305
2000/12/6 0:00,0.734388,1.5988400000000003,0.860303,0.8810464,0.124323,0.011146,0.601766,0.674799
2000/12/7 0:00,0.73145,1.5869199999999999,0.856861,0.8618908,0.123826,0.011807599999999998,0.599359,0.6721
2000/12/8 0:00,0.72935,1.6709600000000002,0.855945,0.8401288000000001,0.123879,0.0118076,0.600565,0.67365
2000/12/9 0:00,0.72585,1.6981426000000002,0.85168,0.8351327999999999,0.123848,0.011805399999999999,0.599484,0.67245
2000/12/10 0:00,0.72905,1.79544,0.858074,0.8013194,0.12391,0.009012599999999999,0.599952,0.68135
2000/12/11 0:00,0.7317,1.79664,0.858922,0.8005804000000001,0.123925,0.0088556,0.600601,0.6835
2000/12/12 0:00,0.73195,1.7992899999999998,0.860733,0.8046340000000001,0.123913,0.0088372,0.601504,0.6825
2000/12/13 0:00,0.73275,1.7863599999999997,0.855725,0.786973,0.123913,0.0088738,0.601504,0.6827
2000/12/14 0:00,0.73275,1.7863599999999997,0.855725,0.786973,0.123913,0.0088738,0.601504,0.6827
2000/12/15 0:00,0.74205,1.77577,0.864827,0.796269,0.123937,0.0086374,0.606538,0.68625
2000/12/16 0:00,0.74685,1.78246,0.870474,0.8073768000000001,0.123946,0.008408200000000001,0.607681,0.68735
2000/12/17 0:00,0.7476,1.77462,0.8604,0.7969244,0.123982,0.0088372,0.607294,0.68655
2000/12/18 0:00,0.7526,1.76847,0.857817,0.7746424,0.123985,0.008834,0.611359,0.6907
2000/12/19 0:00,0.75225,1.76588,0.856311,0.7743010000000001,0.124006,0.00882,0.611172,0.69315
2000/12/20 0:00,0.749975,1.77482,0.859624,0.7857214,0.124,0.0088142,0.611714,0.69425
2000/12/21 0:00,0.75485,1.77024,0.86285,0.7767844,0.123946,0.008820999999999999,0.613855,0.6971
2000/12/22 0:00,0.74995,1.77482,0.86103,0.7857214000000001,0.123979,0.0088142,0.613648,0.69355
2000/12/23 0:00,0.75515,1.7808199999999998,0.862924,0.7781,0.123919,0.0088668,0.614439,0.69885
2000/12/24 0:00,0.75535,1.77024,0.862664,0.7767844,0.123919,0.008820999999999999,0.614439,0.6974
2000/12/25 0:00,0.75765,1.78748,0.862255,0.7809000000000001,0.123919,0.008901599999999999,0.615347,0.7
2000/12/26 0:00,0.75325,1.7866500000000003,0.863707,0.7877156000000001,0.123957,0.008820999999999999,0.611677,0.69525
2000/12/27 0:00,0.7511,1.76134,0.860511,0.7855328,0.123959,0.0088254,0.611733,0.6883
2000/12/28 0:00,0.74795,1.76145,0.853497,0.7961316,0.123924,0.008794,0.613553,0.68685
2000/12/29 0:00,0.74765,1.7568,0.859254,0.7975344,0.123936,0.008739199999999999,0.612745,0.68175
2000/12/30 0:00,0.74765,1.77115,0.863483,0.7983895999999999,0.124068,0.0087006,0.614194,0.67905
2000/12/31 0:00,0.7469,1.77075,0.862329,0.7984256000000001,0.124068,0.0087876,0.614269,0.6783
2001/1/1 0:00,0.74935,1.77345,0.867039,0.7983478,0.124068,0.0084324,0.615157,0.68165
2001/1/2 0:00,0.75325,1.7864,0.869452,0.8006780000000001,0.124017,0.008738,0.616713,0.68375
2001/1/3 0:00,0.74495,1.7828,0.867228,0.809887,0.124036,0.008727,0.615271,0.68295
2001/1/4 0:00,0.74904,1.78435,0.868432,0.8071889999999999,0.124026,0.008738,0.616029,0.68635
2001/1/5 0:00,0.7486900000000001,1.7812,0.870133,0.809887,0.124031,0.008628,0.615101,0.68405
2001/1/6 0:00,0.74758,1.7688,0.87036,0.7979460000000002,0.124035,0.008432400000000001,0.614364,0.6818
2001/1/7 0:00,0.74757,1.76725,0.87222,0.7979459999999999,0.124035,0.008432400000000001,0.614024,0.682
2001/1/8 0:00,0.7486900000000001,1.7782,0.878233,0.809887,0.124035,0.0084324,0.616067,0.68775
2001/1/9 0:00,0.75106,1.77575,0.876732,0.821264,0.124035,0.00848,0.613572,0.68535
2001/1/10 0:00,0.76486,1.77815,0.873897,0.7984020000000001,0.124035,0.008437,0.611509,0.68985
2001/1/11 0:00,0.75993,1.76255,0.874049,0.7979459999999999,0.124035,0.008408,0.61177,0.68785
2001/1/12 0:00,0.7495999999999999,1.76255,0.872106,0.7979459999999999,0.124034,0.008408,0.611714,0.6863
2001/1/13 0:00,0.7495999999999999,1.76055,0.874279,0.7979459999999999,0.124131,0.008429,0.614364,0.68375
2001/1/14 0:00,0.7495999999999999,1.74685,0.872106,0.792861,0.124113,0.008396,0.613346,0.6814
2001/1/15 0:00,0.74877,1.745977,0.87167,0.792861,0.124051,0.008392,0.61304,0.681059
2001/1/16 0:00,0.7206,1.7412,0.869338,0.7643464,0.124146,0.00844,0.612632,0.67615
2001/1/17 0:00,0.7206,1.742943,0.870209,0.7643464,0.124271,0.008448,0.613246,0.676827
2001/1/18 0:00,0.72691,1.7443,0.863036,0.7642002,0.124222,0.008484,0.615915,0.67805
2001/1/19 0:00,0.7470500000000001,1.7443,0.866251,0.765111,0.124222,0.008484,0.614779,0.6791
2001/1/20 0:00,0.75403,1.74325,0.8681008,0.764468,0.124222,0.008508,0.614931,0.67815
2001/1/21 0:00,0.7196,1.74215,0.8479094,0.764643,0.124276,0.008511,0.613987,0.6747
2001/1/22 0:00,0.7365999999999999,1.7359,0.8479094,0.765199,0.124262,0.008507,0.614175,0.67705
2001/1/23 0:00,0.7196,1.7393,0.8289325999999999,0.762311,0.124135,0.008475,0.613234,0.67425
2001/1/24 0:00,0.7191,1.7389,0.8091137999999999,0.763417,0.124243,0.008505,0.61207,0.67095
2001/1/25 0:00,0.71654,1.74235,0.7870032,0.763709,0.124239,0.008464,0.612314,0.6684
2001/1/26 0:00,0.71635,1.74235,0.7860628000000001,0.763417,0.124239,0.00847,0.612314,0.6673
2001/1/27 0:00,0.71654,1.7426,0.7870032,0.764029,0.124239,0.008463,0.612783,0.66835
2001/1/28 0:00,0.7181299999999999,1.7441,0.8091138000000001,0.764468,0.124254,0.008446,0.61361,0.6698
2001/1/29 0:00,0.72076,1.7459,0.7613518,0.764584,0.124224,0.00842,0.613346,0.66085
2001/1/30 0:00,0.7212699999999999,1.738944,0.7586717999999999,0.761538,0.123729,0.0096914,0.610903,0.658217
2001/1/31 0:00,0.7159700000000001,1.7521,0.765112,0.764117,0.124326,0.0094776,0.615271,0.6634
2001/2/1 0:00,0.7212700000000001,1.74065,0.7578476000000001,0.756744,0.124332,0.009142800000000001,0.615082,0.65785
2001/2/2 0:00,0.72262,1.7385,0.7585548,0.755629,0.124367,0.009664,0.615972,0.66025
2001/2/3 0:00,0.7159699999999999,1.75627,0.765112,0.763475,0.124372,0.0094776,0.617303,0.66355
2001/2/4 0:00,0.71597,1.75627,0.765112,0.761267,0.124425,0.009489,0.617589,0.66485
2001/2/5 0:00,0.71635,1.7447,0.765112,0.769645,0.124431,0.010158200000000001,0.619732,0.6664
2001/2/6 0:00,0.71656,1.7566200000000003,0.765112,0.769157,0.124421,0.010158200000000001,0.616903,0.66525
2001/2/7 0:00,0.71656,1.7566200000000003,0.765112,0.769157,0.124421,0.010158200000000001,0.616903,0.66525
2001/2/8 0:00,0.71635,1.7573599999999998,0.765112,0.773575,0.124421,0.010158200000000001,0.617151,0.66625
2001/2/9 0:00,0.7206999999999999,1.7496,0.7578476,0.77006,0.124425,0.009142800000000001,0.61459,0.65685
2001/2/10 0:00,0.7039904,1.7374,0.7611958000000001,0.761992,0.124341,0.009081599999999999,0.612877,0.65045
2001/2/11 0:00,0.7063503999999999,1.732203,0.7609703999999999,0.759713,0.123969,0.009096400000000001,0.611043,0.648504
2001/2/12 0:00,0.7039904,1.73916,0.7616985999999999,0.762764,0.124467,0.009081599999999999,0.613497,0.651109
2001/2/13 0:00,0.7028304000000001,1.7357,0.7602046,0.761035,0.124234,0.0090066,0.61361,0.6462
2001/2/14 0:00,0.7028304000000001,1.7357,0.7602046,0.761035,0.124234,0.0090066,0.61361,0.6462
2001/2/15 0:00,0.70313,1.7278,0.7585656,0.760052,0.12427,0.009029200000000001,0.614288,0.64285
2001/2/16 0:00,0.7020500000000001,1.7352,0.7519731999999999,0.76266,0.124216,0.0090356,0.615271,0.63765
2001/2/17 0:00,0.70313,1.7465,0.7585656000000001,0.767725,0.12427,0.009029199999999998,0.616789,0.64245
2001/2/18 0:00,0.7028304,1.748,0.7602795999999999,0.771664,0.124401,0.009029200000000001,0.617589,0.64485
2001/2/19 0:00,0.70285,1.7565,0.7551454000000002,0.775795,0.124394,0.009046599999999998,0.618353,0.6407
2001/2/20 0:00,0.70101,1.7562,0.777596,0.775434,0.124504,0.009017,0.619118,0.6342
2001/2/21 0:00,0.70101,1.7564,0.777596,0.775374,0.124504,0.009017,0.619118,0.6342
2001/2/22 0:00,0.70045,1.7551,0.77698,0.774204,0.124504,0.009012999999999998,0.618353,0.63165
2001/2/23 0:00,0.69232,1.75345,0.7566463999999999,0.772648,0.12451,0.0085128,0.619003,0.6237
2001/2/24 0:00,0.69232,1.74735,0.7566463999999999,0.768787,0.124564,0.0085128,0.617627,0.62425
2001/2/25 0:00,0.69485,1.74635,0.7566463999999999,0.765931,0.124552,0.008762800000000001,0.61862,0.6268
2001/2/26 0:00,0.68244,1.73395,0.7363306,0.759474,0.124558,0.0077897999999999995,0.616865,0.6148
2001/2/27 0:00,0.6739400000000001,1.74335,0.7705384,0.762777,0.124535,0.007750599999999999,0.61717,0.60845
2001/2/28 0:00,0.6748800000000001,1.7437,0.8047774000000001,0.76365,0.124535,0.0077372,0.618276,0.61005
2001/3/1 0:00,0.6748800000000001,1.748,0.7705384,0.764438,0.124667,0.0077372,0.617971,0.6074
2001/3/2 0:00,0.69418,1.7429,0.736717,0.763854,0.12467,0.0076901999999999995,0.616257,0.6043
2001/3/3 0:00,0.67278,1.73525,0.7705384,0.763563,0.124597,0.007738,0.616941,0.60765
2001/3/4 0:00,0.6941,1.728337,0.7032664,0.760521,0.1241,0.007696800000000001,0.614483,0.605229
2001/3/5 0:00,0.68598,1.7375,0.77044,0.76646,0.124727,0.0077897999999999995,0.618774,0.61595
2001/3/6 0:00,0.68598,1.73745,0.77044,0.766518,0.124727,0.0077897999999999995,0.618869,0.61565
2001/3/7 0:00,0.68598,1.7356,0.7706890000000001,0.766284,0.124727,0.0077897999999999995,0.617932,0.61655
2001/3/8 0:00,0.6974400000000001,1.73925,0.7705384,0.766401,0.124673,0.007706599999999999,0.619118,0.60655
2001/3/9 0:00,0.6771400000000001,1.75505,0.7373278,0.774533,0.124733,0.0077668,0.621697,0.61095
2001/3/10 0:00,0.6813,1.752,0.7370612000000001,0.778938,0.124828,0.0077897999999999995,0.621736,0.61385
2001/3/11 0:00,0.6792,1.7507,0.7710602,0.773769,0.124875,0.0077897999999999995,0.6222,0.61115
2001/3/12 0:00,0.6974400000000001,1.7421,0.7703608,0.768403,0.124814,0.007706599999999999,0.622181,0.60835
2001/3/13 0:00,0.6974400000000001,1.7421,0.7703608,0.768433,0.124814,0.007706599999999999,0.622142,0.60815
2001/3/14 0:00,0.78454,1.74365,0.870663,0.769349,0.124814,0.0075504000000000005,0.622471,0.60915
2001/3/15 0:00,0.78454,1.74265,0.870587,0.767077,0.1249,0.0075504000000000005,0.619963,0.6087
2001/3/16 0:00,0.78454,1.749649,0.874084,0.770158,0.125402,0.0075504000000000005,0.622453,0.611145
2001/3/17 0:00,0.765635,1.75095,0.870322,0.770149,0.124814,0.0081108,0.62004,0.62545
2001/3/18 0:00,0.7604000000000001,1.7711,0.873134,0.781769,0.124712,0.0082568,0.624551,0.62525
2001/3/19 0:00,0.752915,1.7825,0.876924,0.78796,0.124626,0.0085562,0.625117,0.6316
2001/3/20 0:00,0.752915,1.78915,0.879856,0.788084,0.124789,0.008454999999999999,0.625606,0.63315
2001/3/21 0:00,0.69594,1.7792,0.7580667999999999,0.78235,0.124789,0.008512800000000001,0.625665,0.62715
2001/3/22 0:00,0.6997,1.78315,0.8038221999999999,0.784221,0.124735,0.0090042,0.626861,0.6332
2001/3/23 0:00,0.7002599999999999,1.78315,0.778018,0.781494,0.124735,0.009004199999999999,0.626861,0.6337
2001/3/24 0:00,0.70126,1.78665,0.7786044,0.7857,0.124735,0.009017,0.628536,0.63435
2001/3/25 0:00,0.69892,1.78645,0.75926,0.787743,0.124743,0.009013,0.630279,0.62965
2001/3/26 0:00,0.69753,1.78805,0.7151694000000001,0.788364,0.124813,0.0085128,0.629129,0.62615
2001/3/27 0:00,0.69895,1.7854,0.7941474000000002,0.78734,0.124715,0.009012999999999998,0.629604,0.63125
2001/3/28 0:00,0.72127,1.80115,0.7812285999999999,0.79384,0.124732,0.0090042,0.631552,0.63385
2001/3/29 0:00,0.722655,1.8257,0.7822288,0.807298,0.124783,0.009043400000000002,0.632351,0.6384
2001/3/30 0:00,0.722655,1.8257,0.7822288,0.807298,0.124783,0.009041200000000001,0.632351,0.6383
2001/3/31 0:00,0.722655,1.823925,0.7801794000000001,0.806582,0.124783,0.0090356,0.632551,0.637
2001/4/1 0:00,0.732165,1.8231,0.7809896000000001,0.804764,0.124783,0.009017,0.633032,0.63545
2001/4/2 0:00,0.7590399999999999,1.8520150000000002,0.90629,0.809487,0.124783,0.0085732,0.6348,0.6404
2001/4/3 0:00,0.7586299999999999,1.8648099999999999,0.90212,0.808489,0.124783,0.0085732,0.6348,0.63995
2001/4/4 0:00,0.76084,1.88046,0.901754,0.814233,0.124783,0.0085732,0.633593,0.64
2001/4/5 0:00,0.76628,1.87764,0.904732,0.814332,0.124783,0.008584999999999999,0.636517,0.64245
2001/4/6 0:00,0.7662799999999999,1.8776400000000002,0.903587,0.815594,0.124783,0.008584999999999999,0.636476,0.64145
2001/4/7 0:00,0.76628,1.87764,0.90465,0.816693,0.124783,0.008584999999999999,0.637531,0.6424
2001/4/8 0:00,0.7599746,1.8794499999999998,0.898674,0.813223,0.124891,0.0086888,0.637999,0.6325
2001/4/9 0:00,0.7434850000000001,1.86478,0.908389,0.819252,0.124919,0.0086888,0.637857,0.63105
2001/4/10 0:00,0.7413200000000001,1.8746500000000001,0.904773,0.818599,0.124945,0.0086888,0.638284,0.6219
2001/4/11 0:00,0.7474350000000001,1.8769099999999999,0.908719,0.825491,0.124938,0.0086888,0.638978,0.63185
2001/4/12 0:00,0.74492,1.87558,0.901388,0.835422,0.124899,0.0086888,0.637389,0.62495
2001/4/13 0:00,0.7411800000000001,1.8805800000000001,0.897666,0.826037,0.124875,0.0086888,0.632531,0.621
2001/4/14 0:00,0.7422,1.87558,0.903098,0.827712,0.124953,0.0086888,0.635728,0.6259
2001/4/15 0:00,0.7411800000000001,1.8877200000000003,0.896057,0.824385,0.124984,0.0086888,0.632651,0.62265
2001/4/16 0:00,0.74118,1.8979500000000002,0.893376,0.828947,0.124838,0.0086888,0.633834,0.6226
2001/4/17 0:00,0.7402150000000001,1.8968699999999998,0.890988,0.820446,0.124688,0.0086888,0.629525,0.6183
2001/4/18 0:00,0.74118,1.8680700000000001,0.895776,0.829359,0.124595,0.0086888,0.630199,0.62245
2001/4/19 0:00,0.74118,1.8908,0.890036,0.826344,0.124688,0.0086888,0.629445,0.62445
2001/4/20 0:00,0.7494050000000001,1.8699,0.891385,0.821659,0.124688,0.0086888,0.630239,0.6341
2001/4/21 0:00,0.761965,1.8742,0.902039,0.821794,0.124688,0.008614,0.633653,0.6397
2001/4/22 0:00,0.7422,1.85615,0.903057,0.814863,0.124611,0.0086888,0.632351,0.6329
2001/4/23 0:00,0.7422,1.85615,0.903057,0.814863,0.124611,0.0086888,0.632351,0.6329
2001/4/24 0:00,0.7468,1.85875,0.904364,0.815927,0.124611,0.0086888,0.632971,0.63455
2001/4/25 0:00,0.753545,1.8597,0.905182,0.816993,0.124648,0.0086888,0.632391,0.63535
2001/4/26 0:00,0.76393,1.88215,0.908926,0.82481,0.124502,0.0086496,0.633513,0.6391
2001/4/27 0:00,0.7468,1.86875,0.907812,0.82021,0.124626,0.0086888,0.633112,0.63325
2001/4/28 0:00,0.750485,1.7631,0.874814,0.773664,0.124035,0.008427,0.612108,0.632053
2001/4/29 0:00,0.74798,1.88055,0.907688,0.827541,0.124642,0.0086888,0.633633,0.6303
2001/4/30 0:00,0.753205,1.88055,0.908265,0.827609,0.124642,0.0086888,0.635506,0.6303
2001/5/1 0:00,0.75728,1.8831,0.9081,0.828912,0.124642,0.0086888,0.635445,0.6324
2001/5/2 0:00,0.7468,1.8716,0.903914,0.827301,0.124642,0.0086888,0.633473,0.63225
2001/5/3 0:00,0.740775,1.8621,0.898674,0.823181,0.124805,0.0086888,0.632191,0.62845
2001/5/4 0:00,0.74185,1.8562,0.899564,0.818867,0.124735,0.0086888,0.630517,0.62975
2001/5/5 0:00,0.74275,1.8438,0.891782,0.811063,0.124712,0.0086888,0.628654,0.62605
2001/5/6 0:00,0.74785,1.8405,0.903424,0.811194,0.124825,0.0086888,0.627077,0.6323
2001/5/7 0:00,0.74345,1.8421,0.910788,0.8108,0.12475,0.0086888,0.626645,0.62665
2001/5/8 0:00,0.73715,1.83425,0.898836,0.80694,0.124642,0.0086748,0.625274,0.61975
2001/5/9 0:00,0.737025,1.8679200000000002,0.897868,0.811458,0.124992,0.008692,0.626999,0.62295
2001/5/10 0:00,0.7435,1.8604600000000002,0.899523,0.813438,0.124986,0.008723,0.629882,0.62415
2001/5/11 0:00,0.7389,1.86077,0.890908,0.810274,0.125027,0.008682,0.626625,0.6171
2001/5/12 0:00,0.7389,1.8653400000000002,0.890591,0.81057,0.125027,0.008681,0.626625,0.6171
2001/5/13 0:00,0.738945,1.8672499999999999,0.89075,0.811622,0.125027,0.008666,0.626822,0.61745
2001/5/14 0:00,0.738945,1.86077,0.891027,0.804829,0.12488,0.008653,0.626213,0.61645
2001/5/15 0:00,0.739865,1.86812,0.895656,0.807999,0.124955,0.0086888,0.628694,0.621425
2001/5/16 0:00,0.7390950000000001,1.86252,0.902161,0.810504,0.124984,0.0086888,0.629426,0.614575
2001/5/17 0:00,0.75667,1.9401699999999997,0.893176,0.80457,0.125055,0.0084858,0.626272,0.61135
2001/5/18 0:00,0.77476,1.98666,0.890591,0.801025,0.125003,0.0079434,0.62541,0.60815
2001/5/19 0:00,0.78228,1.98666,0.890036,0.801828,0.125003,0.0077544,0.62543,0.606
2001/5/20 0:00,0.78228,1.98666,0.891385,0.800865,0.125003,0.0079434,0.625567,0.6078
2001/5/21 0:00,0.78178,1.99276,0.891782,0.805883,0.124969,0.0078011999999999995,0.626115,0.6059
2001/5/22 0:00,0.7795799999999999,1.991,0.890353,0.804279,0.125023,0.007793400000000001,0.626194,0.60205
2001/5/23 0:00,0.7789999999999999,1.9914999999999998,0.889798,0.801957,0.125023,0.007788399999999999,0.625195,0.59565
2001/5/24 0:00,0.7800199999999999,1.9942,0.900657,0.808669,0.125063,0.00781,0.628299,0.60565
2001/5/25 0:00,0.7390950000000001,1.87123,0.895616,0.817461,0.125117,0.0086888,0.631812,0.6095
2001/5/26 0:00,0.7390950000000001,1.87123,0.896178,0.817428,0.125117,0.0086888,0.631632,0.609
2001/5/27 0:00,0.75644,1.9427100000000004,0.899159,0.817027,0.124997,0.0085136,0.632591,0.60825
2001/5/28 0:00,0.7390950000000001,1.94271,0.902039,0.81666,0.12512,0.0086888,0.632251,0.60905
2001/5/29 0:00,0.7800199999999999,1.9942,0.899038,0.811326,0.125063,0.00781,0.630517,0.60425
2001/5/30 0:00,0.77188,1.9942,0.899321,0.81367,0.125063,0.0079826,0.632391,0.60425
2001/5/31 0:00,0.7390950000000001,1.8790299999999998,0.896941,0.817528,0.125227,0.0086888,0.635486,0.61055
2001/6/1 0:00,0.7148899999999999,1.8683,0.8979866,0.812942,0.125169,0.008502000000000001,0.633513,0.6113
2001/6/2 0:00,0.71738,1.87115,0.8852426,0.814963,0.125133,0.0086888,0.633553,0.61725
2001/6/3 0:00,0.731665,1.8683,0.8852426000000001,0.811194,0.125063,0.0086888,0.631732,0.61795
2001/6/4 0:00,0.7207600000000001,1.8683,0.8852426000000001,0.813223,0.125119,0.008516000000000001,0.630358,0.618375
2001/6/5 0:00,0.722615,1.77734,0.8568570000000001,0.81011,0.125078,0.0086888,0.629624,0.62215
2001/6/6 0:00,0.6882400000000001,1.72915,0.7390136,0.801186,0.125023,0.008339599999999999,0.628042,0.6217
2001/6/7 0:00,0.69074,1.68303,0.7395426,0.797035,0.125023,0.0084586,0.627471,0.62335
2001/6/8 0:00,0.69662,1.70349,0.7407429999999999,0.801828,0.124938,0.008631400000000001,0.629901,0.624625
2001/6/9 0:00,0.69682,1.72915,0.7444054,0.804133,0.125109,0.008510199999999999,0.630418,0.6223
2001/6/10 0:00,0.69626,1.7375099999999999,0.7827905999999999,0.807103,0.125269,0.0086888,0.631293,0.6225
2001/6/11 0:00,0.6966199999999999,1.69227,0.7415443999999999,0.800993,0.125194,0.008406399999999998,0.629941,0.623325
2001/6/12 0:00,0.74548,1.8029300000000004,0.875925,0.797925,0.125192,0.0086748,0.630438,0.62465
2001/6/13 0:00,0.7432896,1.86494,0.881562,0.806192,0.125243,0.0086748,0.633132,0.62195
2001/6/14 0:00,0.7402150000000001,1.8565,0.880398,0.807379,0.125392,0.0086748,0.632551,0.61855
2001/6/15 0:00,0.7398200000000001,1.86255,0.884056,0.811754,0.125455,0.0086748,0.633613,0.6183
2001/6/16 0:00,0.7398200000000001,1.86255,0.884017,0.811754,0.125455,0.0086748,0.633613,0.6171
2001/6/17 0:00,0.7398200000000001,1.86295,0.88433,0.811359,0.125455,0.0086748,0.633012,0.61815
2001/6/18 0:00,0.7398200000000001,1.86665,0.884447,0.811524,0.125471,0.0086748,0.633052,0.6185
2001/6/19 0:00,0.7433350000000001,1.8772,0.88433,0.815661,0.1254,0.0086748,0.633633,0.61975
2001/6/20 0:00,0.7433350000000001,1.87605,0.887508,0.8108,0.125463,0.0086748,0.632011,0.622
2001/6/21 0:00,0.7434396000000001,1.8868,0.889363,0.812381,0.125392,0.0086748,0.633533,0.618325
2001/6/22 0:00,0.7452750000000001,1.90735,0.887469,0.818498,0.125345,0.0086888,0.635869,0.6244
2001/6/23 0:00,0.7452750000000001,1.90735,0.887272,0.817695,0.125345,0.0086888,0.635869,0.62525
2001/6/24 0:00,0.7452750000000001,1.9073,0.887745,0.818699,0.125345,0.0086888,0.636314,0.627
2001/6/25 0:00,0.7452750000000001,1.90565,0.893615,0.815378,0.125494,0.0086888,0.635364,0.62455
2001/6/26 0:00,0.743895,1.8997,0.889205,0.811952,0.125423,0.0086888,0.633814,0.62495
2001/6/27 0:00,0.756745,1.90495,0.892379,0.815561,0.12536,0.0086888,0.63597,0.63365
2001/6/28 0:00,0.7590899999999999,1.8944,0.88743,0.80993,0.125458,0.0086888,0.636578,0.634325
2001/6/29 0:00,0.7541696,1.89115,0.888612,0.803406,0.125349,0.008686200000000002,0.633252,0.63375
2001/6/30 0:00,0.7541696000000001,1.89115,0.888612,0.806094,0.125349,0.0086888,0.633252,0.635
2001/7/1 0:00,0.7550250000000001,1.89345,0.88964,0.806809,0.125349,0.0086094,0.633433,0.63635
2001/7/2 0:00,0.7541696,1.89035,0.887272,0.805915,0.125251,0.0086888,0.632371,0.6309
2001/7/3 0:00,0.756665,1.89395,0.89071,0.808571,0.124977,0.0086534,0.633714,0.63595
2001/7/4 0:00,0.76805,1.89745,0.893416,0.814166,0.125183,0.008554,0.634961,0.64095
2001/7/5 0:00,0.761825,1.884925,0.889838,0.811326,0.125329,0.008548799999999999,0.634659,0.63975
2001/7/6 0:00,0.7604,1.88155,0.889166,0.811425,0.125384,0.008598,0.635566,0.63925
2001/7/7 0:00,0.7605,1.88155,0.889166,0.811425,0.125384,0.008598,0.635566,0.63925
2001/7/8 0:00,0.75835,1.88265,0.888691,0.811853,0.125384,0.0085744,0.635607,0.6384
2001/7/9 0:00,0.76145,1.8913,0.893455,0.815611,0.125496,0.0085618,0.635607,0.6402
2001/7/10 0:00,0.76315,1.8883,0.896338,0.810012,0.125496,0.0085744,0.635385,0.6384
2001/7/11 0:00,0.76115,1.8917,0.898998,0.808898,0.125472,0.0086062,0.634256,0.6354
2001/7/12 0:00,0.758873,1.886042,0.896309,0.806478,0.125097,0.0086062,0.632359,0.6335
2001/7/13 0:00,0.75765,1.8879,0.90151,0.806582,0.125371,0.008533599999999999,0.632471,0.63665
2001/7/14 0:00,0.75765,1.8879,0.90086,0.806744,0.125371,0.0085336,0.632931,0.63685
2001/7/15 0:00,0.75715,1.8882,0.901998,0.807265,0.125371,0.008533599999999999,0.633072,0.63635
2001/7/16 0:00,0.75955,1.89655,0.899402,0.810471,0.125483,0.0085454,0.634236,0.63905
2001/7/17 0:00,0.7632,1.899,0.902731,0.814481,0.125592,0.0085214,0.635687,0.64455
2001/7/18 0:00,0.76235,1.9048,0.901104,0.814233,0.125649,0.0085472,0.635405,0.65135
2001/7/19 0:00,0.7639,1.8972200000000001,0.905264,0.812331,0.125709,0.008546999999999999,0.635708,0.65665
2001/7/20 0:00,0.76705,1.8972200000000001,0.905961,0.812876,0.125736,0.0085274,0.635506,0.6556
2001/7/21 0:00,0.76705,1.8972200000000001,0.905961,0.812975,0.125736,0.0085274,0.635506,0.6556
2001/7/22 0:00,0.76875,1.8326,0.9051,0.813984,0.125736,0.008527400000000001,0.63745,0.65745
2001/7/23 0:00,0.77085,1.8830500000000001,0.903057,0.811787,0.125937,0.008524,0.637491,0.64765
2001/7/24 0:00,0.77075,1.8830500000000001,0.899726,0.810438,0.125929,0.008524,0.637633,0.64755
2001/7/25 0:00,0.76705,1.8972200000000001,0.90465,0.810718,0.125876,0.008524,0.637369,0.6492
2001/7/26 0:00,0.75805,1.87725,0.900455,0.803762,0.125929,0.008493200000000001,0.636659,0.64445
2001/7/27 0:00,0.75395,1.864555,0.892658,0.801571,0.125818,0.0084786,0.635506,0.63755
2001/7/28 0:00,0.7539,1.864555,0.892499,0.801346,0.125818,0.0084786,0.635506,0.63755
2001/7/29 0:00,0.75295,1.864555,0.891902,0.801057,0.125818,0.0084786,0.63597,0.63665
2001/7/30 0:00,0.751175,1.8383750000000003,0.891782,0.804279,0.12572,0.0084786,0.634659,0.63845
2001/7/31 0:00,0.7526,1.846555,0.892977,0.798005,0.125826,0.0084786,0.633754,0.641025
2001/8/1 0:00,0.75265,1.889875,0.892977,0.80016,0.125818,0.008504,0.634578,0.6536
2001/8/2 0:00,0.75325,1.9000500000000002,0.894095,0.798403,0.125849,0.008494,0.632111,0.65805
2001/8/3 0:00,0.75305,1.8983,0.892897,0.796495,0.125873,0.008515,0.631532,0.66235
2001/8/4 0:00,0.7518,1.8983,0.892897,0.798339,0.125859,0.008522,0.632051,0.6628
2001/8/5 0:00,0.7527,1.8983,0.892698,0.796242,0.125859,0.008484,0.631672,0.663125
2001/8/6 0:00,0.75505,1.90196,0.894654,0.80016,0.1258356,0.008477,0.629862,0.66265
2001/8/7 0:00,0.75225,1.89607,0.886446,0.798882,0.12581720000000002,0.008506,0.628615,0.659
2001/8/8 0:00,0.75625,1.89607,0.886721,0.800352,0.125859,0.008533,0.631453,0.6597
2001/8/9 0:00,0.756825,1.90669,0.892738,0.80525,0.1257796,0.008603,0.632551,0.66105
2001/8/10 0:00,0.75125,1.9015499999999999,0.894574,0.808604,0.1257796,0.008568,0.631094,0.66105
2001/8/11 0:00,0.74925,1.9015499999999999,0.894494,0.808653,0.1257796,0.008574,0.631373,0.66185
2001/8/12 0:00,0.75425,1.9093300000000002,0.895736,0.808244,0.1257796,0.00859,0.630835,0.66995
2001/8/13 0:00,0.7516,1.9036899999999999,0.897908,0.804246,0.1257796,0.00854,0.629604,0.65975
2001/8/14 0:00,0.7511,1.8952300000000002,0.899928,0.804732,0.1258356,0.008521,0.630179,0.6584
2001/8/15 0:00,0.7473,1.86308,0.900252,0.802021,0.125859,0.008485,0.63008,0.65155
2001/8/16 0:00,0.746,1.86413,0.895456,0.798276,0.12581720000000002,0.008471,0.629683,0.6527
2001/8/17 0:00,0.746,1.86413,0.895375,0.798276,0.12581720000000002,0.008471,0.629703,0.6527
2001/8/18 0:00,0.74525,1.8525449999999999,0.894614,0.799488,0.12581720000000002,0.008462,0.629921,0.65145
2001/8/19 0:00,0.74755,1.8984,0.896218,0.804521,0.125859,0.0085,0.631792,0.65765
2001/8/20 0:00,0.74375,1.89737,0.891146,0.802955,0.12581720000000002,0.008471,0.631512,0.6585
2001/8/21 0:00,0.74585,1.89817,0.889047,0.800576,0.125859,0.008497,0.631313,0.66425
2001/8/22 0:00,0.74555,1.89607,0.887942,0.79869,0.12581720000000002,0.008488,0.631114,0.662125
2001/8/23 0:00,0.74255,1.89511,0.888376,0.793682,0.12581720000000002,0.008402,0.629386,0.65885
2001/8/24 0:00,0.7434,1.89511,0.888376,0.793367,0.12581720000000002,0.008402,0.629386,0.6596
2001/8/25 0:00,0.74225,1.8732600000000001,0.887902,0.792424,0.12581720000000002,0.008413,0.629208,0.65565
2001/8/26 0:00,0.74425,1.89511,0.889521,0.792079,0.12581720000000002,0.008402,0.63004,0.6586
2001/8/27 0:00,0.74425,1.89511,0.88234,0.787216,0.12555739999999999,0.008357,0.629822,0.6606
2001/8/28 0:00,0.74235,1.8052585999999997,0.878657,0.786071,0.12527839999999998,0.008353,0.629247,0.65905
2001/8/29 0:00,0.75125,1.89511,0.882418,0.788239,0.1258368,0.008384,0.631752,0.658875
2001/8/30 0:00,0.750625,1.8951099999999996,0.879005,0.784775,0.12555739999999999,0.008352,0.630378,0.6572
2001/8/31 0:00,0.75395,1.89511,0.879507,0.787681,0.12555739999999999,0.008405,0.631552,0.66065
2001/9/1 0:00,0.75335,1.89511,0.877385,0.788457,0.1255274,0.008425,0.633653,0.66335
2001/9/2 0:00,0.7551,1.8966699999999999,0.880708,0.78765,0.1298912,0.008412,0.634598,0.6637
2001/9/3 0:00,0.75895,1.89812,0.886643,0.795687,0.13051240000000003,0.008449,0.635849,0.6675
2001/9/4 0:00,0.7578,1.89812,0.888849,0.79406,0.13051240000000003,0.008422,0.635728,0.6674
2001/9/5 0:00,0.75835,1.6705499999999998,0.888455,0.793273,0.12166320000000001,0.008422,0.6301922,0.6674
2001/9/6 0:00,0.7597,1.7682200000000001,0.888731,0.794597,0.1218278,0.008429,0.6069108,0.66835
2001/9/7 0:00,0.7576,1.57644,0.886446,0.788924,0.12015039999999999,0.008382,0.7028495999999999,0.6636
2001/9/8 0:00,0.7588,1.5796800000000002,0.886879,0.789858,0.12015039999999999,0.008385,0.7037358,0.66095
2001/9/9 0:00,0.76145,1.57922,0.889719,0.79164,0.11998819999999999,0.008411,0.6998513999999999,0.65745
2001/9/10 0:00,0.763725,1.5792199999999998,0.890551,0.798212,0.11998819999999999,0.008432,0.6998513999999999,0.65755
2001/9/11 0:00,0.7687,1.9053654000000002,0.893296,0.800224,0.1299118,0.008503,0.641149,0.66025
2001/9/12 0:00,0.7687,1.9053654000000002,0.893296,0.800224,0.1298732,0.008503,0.641149,0.6618
2001/9/13 0:00,0.7691,1.9053654000000002,0.893376,0.800705,0.1298732,0.008507,0.640533,0.6622
2001/9/14 0:00,0.76885,1.9053654000000002,0.888455,0.800064,0.13051240000000003,0.008497,0.639264,0.66545
2001/9/15 0:00,0.77565,1.9061253999999999,0.890789,0.804149,0.12868059999999998,0.008557,0.641766,0.67075
2001/9/16 0:00,0.77095,1.9053654000000002,0.883392,0.802568,0.132226,0.008529,0.640041,0.67185
2001/9/17 0:00,0.7738,1.9049854,0.882379,0.803084,0.1304536,0.008532,0.640985,0.67355
2001/9/18 0:00,0.7699,1.9053654000000002,0.885308,0.797671,0.1316764,0.008474,0.640861,0.67
2001/9/19 0:00,0.76965,1.9053654000000002,0.884995,0.797575,0.1316764,0.008474,0.639427,0.66975
2001/9/20 0:00,0.77015,1.9053654000000002,0.884956,0.797782,0.1316764,0.008474,0.639223,0.6696
2001/9/21 0:00,0.770725,1.89905,0.885504,0.796844,0.13112600000000002,0.008458,0.639243,0.6678
2001/9/22 0:00,0.77382,1.906677,0.889061,0.800045,0.132226,0.008492,0.64181,0.670482
2001/9/23 0:00,0.76795,1.90385,0.885661,0.799073,0.1305124,0.008475400000000001,0.639918,0.666325
2001/9/24 0:00,0.76925,1.9067,0.885975,0.805348,0.13108599999999998,0.008503,0.641396,0.6657
2001/9/25 0:00,0.76695,1.91055,0.883236,0.805348,0.13112600000000002,0.008503,0.642715,0.666
2001/9/26 0:00,0.7674,1.9112,0.883822,0.810045,0.1310586,0.008520799999999999,0.642797,0.666
2001/9/27 0:00,0.76735,1.91435,0.883548,0.808179,0.13112600000000002,0.008523,0.64288,0.66635
2001/9/28 0:00,0.764,1.90375,0.879565,0.804182,0.12985580000000002,0.008492,0.642137,0.6605
2001/9/29 0:00,0.7659,1.89605,0.878812,0.803955,0.13051240000000003,0.008502,0.642013,0.6624
2001/9/30 0:00,0.76465,1.8888,0.878117,0.802504,0.1297918,0.008477,0.641231,0.6593
2001/10/1 0:00,0.76635,1.8879,0.876002,0.801154,0.13112600000000002,0.008458,0.641313,0.6647
2001/10/2 0:00,0.7685,1.89795,0.872296,0.805056,0.13222599999999998,0.008507,0.641725,0.66605
2001/10/3 0:00,0.76895,1.89455,0.87203,0.803697,0.132226,0.008492,0.642529,0.66505
2001/10/4 0:00,0.76945,1.89435,0.873096,0.803923,0.132226,0.008483,0.642178,0.6655
2001/10/5 0:00,0.77055,1.89815,0.87321,0.804343,0.13222599999999998,0.008475,0.642302,0.66925
2001/10/6 0:00,0.77085,1.89935,0.872372,0.806045,0.132226,0.008486,0.641766,0.669625
2001/10/7 0:00,0.7749,1.91385,0.875887,0.815129,0.1357238,0.008563,0.643583,0.67095
2001/10/8 0:00,0.77555,1.9153,0.87512,0.817027,0.1357238,0.00859,0.644579,0.6695
2001/10/9 0:00,0.7781,1.9326,0.881368,0.827404,0.1373164,0.008628,0.645369,0.67395
2001/10/10 0:00,0.78015,1.93915,0.881951,0.829531,0.1373164,0.008649,0.64487,0.67255
2001/10/11 0:00,0.7788,1.9391,0.882651,0.829325,0.1373164,0.008623,0.644828,0.66935
2001/10/12 0:00,0.78345,1.95335,0.883275,0.831463,0.1314454,0.008634,0.646329,0.67945
2001/10/13 0:00,0.784,1.9459,0.87831,0.826344,0.1351184,0.00859,0.64704,0.6783
2001/10/14 0:00,0.7892,1.9668,0.877001,0.834864,0.1277496,0.008643,0.649646,0.68355
2001/10/15 0:00,0.7911,1.98035,0.872981,0.837942,0.1314386,0.008676,0.648719,0.68795
2001/10/16 0:00,0.7911,1.98125,0.873477,0.837311,0.13143860000000002,0.008662,0.648719,0.6844
2001/10/17 0:00,0.78845,1.9811,0.874393,0.839032,0.1314386,0.008676,0.649308,0.68685
2001/10/18 0:00,0.7886,1.97875,0.876347,0.837767,0.127755,0.008671,0.648761,0.6901
2001/10/19 0:00,0.788,1.97375,0.875695,0.839067,0.12782,0.008706,0.649899,0.6884
2001/10/20 0:00,0.7873,1.96715,0.87089,0.83619,0.127822,0.008685,0.649266,0.68675
2001/10/21 0:00,0.7878,1.96225,0.869679,0.83619,0.127675,0.008675,0.649688,0.68765
2001/10/22 0:00,0.7863,1.95425,0.871042,0.829497,0.127804,0.008597,0.647417,0.68595
2001/10/23 0:00,0.7863,1.95425,0.871042,0.829084,0.127804,0.008588,0.647417,0.6898
2001/10/24 0:00,0.7841,1.9508,0.87036,0.828123,0.127804,0.008591,0.647082,0.6858
2001/10/25 0:00,0.7854,1.9596,0.870853,0.832258,0.127725,0.008558,0.648803,0.6891
2001/10/26 0:00,0.787,1.9708,0.867943,0.833438,0.127706,0.008558,0.649815,0.69085
2001/10/27 0:00,0.7864,1.96685,0.864678,0.828981,0.127796,0.008512,0.649056,0.6937
2001/10/28 0:00,0.7831,1.96075,0.864118,0.82335,0.127879,0.00848,0.64855,0.68905
2001/10/29 0:00,0.7827,1.9517,0.864192,0.819034,0.127748,0.008462,0.648487,0.6908
2001/10/30 0:00,0.7827,1.95235,0.86367,0.819269,0.127748,0.008462,0.648487,0.6908
2001/10/31 0:00,0.78215,1.9535,0.863968,0.819135,0.127748,0.008471,0.648424,0.68935
2001/11/1 0:00,0.780875,1.94855,0.86479,0.818431,0.127874,0.008473,0.646412,0.6914
2001/11/2 0:00,0.7844,1.9715,0.868395,0.824606,0.127863,0.008463,0.648845,0.6971
2001/11/3 0:00,0.786,1.9654,0.87127,0.821591,0.127956,0.00845,0.648929,0.69345
2001/11/4 0:00,0.7848,1.9624,0.865913,0.82247,0.127943,0.008449,0.64914,0.6972
2001/11/5 0:00,0.783,1.9554,0.860919,0.818364,0.127934,0.0084,0.648761,0.70055
2001/11/6 0:00,0.78525,1.95725,0.861067,0.815694,0.127869,0.008419,0.65083,0.70185
2001/11/7 0:00,0.7906,1.9617,0.861698,0.818096,0.127984,0.008408,0.651084,0.70515
2001/11/8 0:00,0.7883,1.9613,0.858922,0.820143,0.128082,0.008404,0.650915,0.7045
2001/11/9 0:00,0.7883,1.95875,0.858885,0.82085,0.128082,0.008399,0.652146,0.7045
2001/11/10 0:00,0.78805,1.95905,0.857449,0.8125465999999999,0.128082,0.008399,0.652146,0.7045
2001/11/11 0:00,0.79135,1.96535,0.859365,0.822741,0.127943,0.00843,0.653125,0.7056
2001/11/12 0:00,0.7968,1.97435,0.858775,0.824572,0.12896219999999997,0.008422,0.653253,0.708
2001/11/13 0:00,0.791,1.9508,0.852842,0.815694,0.1289218,0.008381,0.652358,0.7052
2001/11/14 0:00,0.7812,1.941,0.849221,0.810734,0.12863719999999998,0.00843,0.651211,0.69265
2001/11/15 0:00,0.7798,1.9294,0.852152,0.80795,0.128393,0.008424,0.650533,0.6872
2001/11/16 0:00,0.7798,1.9294,0.852152,0.810077,0.128057,0.00843,0.650533,0.6872
2001/11/17 0:00,0.77905,1.9263,0.852043,0.808048,0.128057,0.008438,0.650322,0.6852
2001/11/18 0:00,0.78275,1.9432,0.852115,0.810274,0.127997,0.008419,0.650787,0.6925
2001/11/19 0:00,0.77995,1.9358,0.849437,0.804052,0.128097,0.008378,0.649899,0.69065
2001/11/20 0:00,0.7819,1.9331,0.851535,0.802729,0.128098,0.008365,0.650449,0.6884
2001/11/21 0:00,0.77985,1.9444,0.849798,0.800128,0.128291,0.008299,0.647459,0.6892
2001/11/22 0:00,0.7827,1.9371800000000001,0.855322,0.801443,0.12825,0.008311,0.648424,0.6914
2001/11/23 0:00,0.7827,1.9371800000000001,0.854372,0.800544,0.12825,0.008309,0.648424,0.6914
2001/11/24 0:00,0.78465,1.9371800000000001,0.854445,0.801443,0.12825,0.008325,0.648424,0.69065
2001/11/25 0:00,0.78285,1.9568999999999999,0.855725,0.800544,0.128319,0.008301,0.649056,0.69515
2001/11/26 0:00,0.7829,1.9371800000000001,0.850593,0.801218,0.128368,0.008276,0.648845,0.69115
2001/11/27 0:00,0.787,1.9727800000000002,0.852806,0.801667,0.128617,0.008291,0.650364,0.69255
2001/11/28 0:00,0.78865,1.9521500000000003,0.851934,0.801667,0.128692,0.008243,0.650915,0.69445
2001/11/29 0:00,0.7892,1.9521500000000003,0.852551,0.800801,0.128593,0.008248,0.65028,0.6953
2001/11/30 0:00,0.7892,1.9363100000000002,0.852697,0.801957,0.128593,0.008248,0.65028,0.6953
2001/12/1 0:00,0.79025,1.9521500000000003,0.852479,0.801394,0.128593,0.008241,0.650449,0.6955
2001/12/2 0:00,0.7882,1.8040599999999998,0.8534219999999999,0.800288,0.128636,0.008221,0.649815,0.6994
2001/12/3 0:00,0.78565,1.8393799999999998,0.8580238,0.804699,0.128593,0.008215,0.650703,0.70025
2001/12/4 0:00,0.77925,1.79941,0.8490575999999999,0.80048,0.12866,0.008264,0.650915,0.6988
2001/12/5 0:00,0.7736,1.81785,0.8467817999999999,0.80125,0.12873,0.00823,0.650576,0.69755
2001/12/6 0:00,0.7722,1.81785,0.8247014,0.797035,0.128584,0.008235,0.650618,0.6969
2001/12/7 0:00,0.7722,1.81785,0.8462886000000001,0.797003,0.128584,0.008277,0.650618,0.6951
2001/12/8 0:00,0.7732,1.81785,0.8462886000000001,0.797226,0.128584,0.008219,0.650237,0.69585
2001/12/9 0:00,0.77225,1.81785,0.8462886000000001,0.797989,0.128634,0.008221,0.650111,0.69605
2001/12/10 0:00,0.772,1.97288,0.8476506,0.79869,0.128601,0.008219,0.650407,0.6875
2001/12/11 0:00,0.7753,1.9337999999999997,0.8473328,0.803536,0.128621,0.008273,0.650787,0.68875
2001/12/12 0:00,0.77315,1.94934,0.8465928,0.804052,0.128886,0.008281,0.651636,0.68255
2001/12/13 0:00,0.7745,1.9536200000000001,0.8476506,0.799904,0.128932,0.008254,0.650872,0.68095
2001/12/14 0:00,0.77485,1.9536200000000001,0.843704,0.8017,0.128932,0.008255,0.651593,0.68125
2001/12/15 0:00,0.77315,1.97152,0.843989,0.801282,0.128932,0.008261,0.651211,0.68415
2001/12/16 0:00,0.7758,1.9536199999999997,0.846346,0.801218,0.1288606,0.008329,0.652316,0.68425
2001/12/17 0:00,0.7766,1.8463999999999998,0.845666,0.806094,0.1287478,0.008322,0.652699,0.6796
2001/12/18 0:00,0.78,1.9028599999999998,0.843633,0.805737,0.130891,0.008289,0.652614,0.68865
2001/12/19 0:00,0.781,1.86936,0.84513,0.802021,0.12744719999999998,0.008252,0.652231,0.68565
2001/12/20 0:00,0.7764,1.90458,0.852915,0.78911,0.1303808,0.008211,0.652188,0.6837
2001/12/21 0:00,0.772,1.9728800000000004,0.850955,0.798021,0.128932,0.008208,0.649372,0.68485
2001/12/22 0:00,0.77409,1.97288,0.853259,0.800181,0.129281,0.00823,0.65113,0.686704
2001/12/23 0:00,0.7838,1.9898600000000002,0.857633,0.806322,0.128883,0.008281,0.650999,0.69435
2001/12/24 0:00,0.78535,1.96858,0.858885,0.809225,0.128941,0.008365,0.650915,0.69685
2001/12/25 0:00,0.7867,1.98198,0.859217,0.809258,0.129029,0.008373,0.652997,0.6973
2001/12/26 0:00,0.7862,1.9728,0.858756,0.810767,0.129029,0.00836,0.652571,0.70075
2001/12/27 0:00,0.78575,1.9690999999999999,0.856935,0.809127,0.129029,0.008325,0.651678,0.70135
2001/12/28 0:00,0.78975,1.98054,0.861141,0.807233,0.129029,0.008262,0.65189,0.70505
2001/12/29 0:00,0.7888,1.9805400000000002,0.861104,0.80538,0.129029,0.008235,0.652146,0.70575
2001/12/30 0:00,0.792,1.9739799999999998,0.862329,0.811688,0.129029,0.008259,0.65304,0.70675
2001/12/31 0:00,0.7932,1.9905000000000002,0.862292,0.812331,0.129066,0.008293,0.654664,0.7106
2002/1/1 0:00,0.79265,1.9750899999999998,0.858775,0.818565,0.129182,0.008418,0.655437,0.70475
2002/1/2 0:00,0.78815,1.9721,0.852224,0.818063,0.129232,0.008433,0.653873,0.70085
2002/1/3 0:00,0.786,2.0089400000000004,0.853789,0.818029,0.129144,0.008506,0.654965,0.69405
2002/1/4 0:00,0.7836,1.9213,0.84868,0.82335,0.129121,0.008562,0.65475,0.6886
2002/1/5 0:00,0.77365,1.87472,0.847278,0.818063,0.129032,0.008617,0.652997,0.6768
2002/1/6 0:00,0.77355,1.8833600000000001,0.850738,0.81823,0.129172,0.008605,0.654215,0.67995
2002/1/7 0:00,0.776,1.98584,0.849131,0.819068,0.129199,0.008577,0.654922,0.68445
2002/1/8 0:00,0.77645,1.9672399999999999,0.846848,0.814001,0.129199,0.008523,0.65445,0.68495
2002/1/9 0:00,0.7808,1.9717200000000001,0.853024,0.809749,0.129132,0.008455,0.654536,0.6914
2002/1/10 0:00,0.78275,2.0089400000000004,0.855249,0.816493,0.129077,0.00851,0.654879,0.6929
2002/1/11 0:00,0.78775,1.97287,0.855542,0.818867,0.129084,0.008548,0.654151,0.69775
2002/1/12 0:00,0.78605,1.9712299999999998,0.8511,0.824232,0.129179,0.008596,0.651848,0.69015
2002/1/13 0:00,0.78845,1.9712299999999998,0.850485,0.823215,0.129132,0.008528,0.652401,0.6949
2002/1/14 0:00,0.7957,1.9457200000000001,0.849293,0.829291,0.129269,0.008598,0.655265,0.69725
2002/1/15 0:00,0.8006,1.9452,0.850847,0.824844,0.129262,0.008504,0.655652,0.70175
2002/1/16 0:00,0.80155,1.95845,0.859291,0.824097,0.129242,0.008528,0.655201,0.70435
2002/1/17 0:00,0.80135,1.95935,0.863894,0.823113,0.129277,0.00849,0.656556,0.7043
2002/1/18 0:00,0.80825,1.9681,0.863894,0.825696,0.129433,0.008491,0.658924,0.7145
2002/1/19 0:00,0.806,1.96135,0.861438,0.820176,0.129324,0.00847,0.658979,0.7126
2002/1/20 0:00,0.79901,1.9694,0.860104,0.822944,0.129267,0.008478,0.659544,0.71635
2002/1/21 0:00,0.8017000000000001,1.9626,0.862776,0.822842,0.129381,0.00855,0.658692,0.71215
2002/1/22 0:00,0.8000300000000001,1.96265,0.863894,0.821659,0.129415,0.008486,0.659148,0.71555
2002/1/23 0:00,0.7957,1.96795,0.866664,0.826685,0.129353,0.008486,0.658935,0.71445
2002/1/24 0:00,0.79863,1.979,0.86494,0.823961,0.129388,0.008494,0.657808,0.7217
2002/1/25 0:00,0.79938,1.976,0.863446,0.820378,0.129341,0.008413,0.658458,0.7198
2002/1/26 0:00,0.79938,1.9761,0.862589,0.820176,0.129289,0.008419,0.660546,0.72025
2002/1/27 0:00,0.80016,1.9624,0.867679,0.815428,0.129421,0.008382,0.660808,0.72075
2002/1/28 0:00,0.7999756000000001,1.97155,0.871574,0.821322,0.129299,0.008398,0.659131,0.7282
2002/1/29 0:00,0.8095956000000001,1.97705,0.874355,0.819605,0.129425,0.008374,0.658762,0.72815
2002/1/30 0:00,0.8221356,1.9773,0.880243,0.821322,0.129433,0.008403,0.658631,0.7288
2002/1/31 0:00,0.8311,1.9868,0.879546,0.823554,0.129505,0.008391,0.659544,0.73805
2002/2/1 0:00,0.83104,1.99025,0.884134,0.823961,0.129401,0.008348,0.660371,0.7396
2002/2/2 0:00,0.8341099999999999,2.00235,0.886093,0.829734,0.129592,0.008449,0.661026,0.7443
2002/2/3 0:00,0.81616,2.0022,0.891146,0.8535166000000001,0.129483,0.008436,0.661288,0.74565
2002/2/4 0:00,0.80795,2.001,0.890829,0.8535166000000001,0.129435,0.008432,0.660328,0.74355
2002/2/5 0:00,0.81616,2.0027,0.896298,0.8535166000000001,0.12955,0.008425,0.661649,0.7444
2002/2/6 0:00,0.8202399999999999,1.99035,0.892419,0.8487180000000001,0.129425,0.008371,0.659674,0.73875
2002/2/7 0:00,0.83045,1.99765,0.895536,0.8267618000000001,0.129507,0.008369,0.659239,0.74275
2002/2/8 0:00,0.8322,2.0016,0.903057,0.8267618000000001,0.129777,0.008376,0.658068,0.74195
2002/2/9 0:00,0.82845,1.9988,0.90082,0.8267617999999999,0.129777,0.008346,0.657614,0.74135
2002/2/10 0:00,0.82535,1.9909,0.902894,0.8248628,0.129777,0.008327,0.655308,0.73855
2002/2/11 0:00,0.817178,1.971188,0.893954,0.8219528,0.128493,0.008245,0.64882,0.731238
2002/2/12 0:00,0.821,1.9933,0.903261,0.8248628,0.129777,0.008328,0.659174,0.7362
2002/2/13 0:00,0.8254,1.9942,0.907112,0.8261063999999999,0.129777,0.008335,0.660415,0.7377
2002/2/14 0:00,0.828,1.9892,0.905018,0.8248628,0.129938,0.008339,0.659457,0.73755
2002/2/15 0:00,0.82925,1.9972,0.9042,0.8261064000000001,0.12998,0.008347,0.660086,0.73525
2002/2/16 0:00,0.82875,1.97855,0.898715,0.8217437999999999,0.129973,0.008325,0.658501,0.7285
2002/2/17 0:00,0.83315,1.9822,0.899847,0.8250718000000001,0.130266,0.008323,0.658848,0.73725
2002/2/18 0:00,0.8348,1.986,0.910954,0.8261063999999999,0.130149,0.008315,0.659718,0.73975
2002/2/19 0:00,0.82435,1.9774,0.904241,0.8231804,0.13018,0.008281,0.656771,0.73325
2002/2/20 0:00,0.82265,1.975,0.910996,0.8231804,0.13018,0.008248,0.655609,0.7307
2002/2/21 0:00,0.82065,1.97035,0.922935,0.8431599999999999,0.13048,0.008227,0.65505,0.72965
2002/2/22 0:00,0.8202,1.9756,0.920387,0.8327034,0.130642,0.008226,0.652529,0.72685
2002/2/23 0:00,0.82435,1.9867,0.92383,0.8514771999999999,0.130668,0.008222,0.6573216000000001,0.73035
2002/2/24 0:00,0.82075,1.9852,0.922722,0.8763169999999999,0.130686,0.008239,0.6567322000000001,0.7255
2002/2/25 0:00,0.8191,1.9828,0.925412,0.876317,0.13068,0.008212,0.6851206000000001,0.7266
2002/2/26 0:00,0.81975,1.9835,0.926055,0.876317,0.13068,0.008219,0.6851206000000001,0.72655
2002/2/27 0:00,0.81945,1.9812,0.932444,0.876317,0.130716,0.008216,0.6997076,0.7284
2002/2/28 0:00,0.82145,1.97465,0.93006,0.9001746,0.130787,0.008227,0.6845772,0.73015
2002/3/1 0:00,0.83285,1.98205,0.942463,0.8703474,0.130782,0.008193,0.7316687999999999,0.7435
2002/3/2 0:00,0.83445,1.9918,0.944912,0.8460158,0.130736,0.008214,0.702612,0.7477
2002/3/3 0:00,0.83565,1.99435,0.942329,0.8460158,0.130846,0.008245,0.702612,0.74935
2002/3/4 0:00,0.8412,1.9764,0.940645,0.8957840000000001,0.130753,0.008263,0.7266464,0.75135
2002/3/5 0:00,0.84345,1.969,0.942551,0.8957840000000001,0.130463,0.008212,0.7266464,0.7506
2002/3/6 0:00,0.8414,1.975,0.937383,0.8957840000000001,0.13083,0.008214,0.7266464,0.75085
2002/3/7 0:00,0.8406,1.9732,0.936154,0.8957840000000001,0.131027,0.008172,0.7266464,0.75145
2002/3/8 0:00,0.83495,1.9694,0.936373,0.8957840000000001,0.131139,0.008128,0.7266464,0.75025
2002/3/9 0:00,0.84165,1.9828,0.932444,0.8460158,0.131062,0.008087,0.7273970000000001,0.75365
2002/3/10 0:00,0.84625,1.98855,0.940468,0.8460158,0.131277,0.008103,0.7306902,0.7581
2002/3/11 0:00,0.84575,1.99425,0.939232,0.895407,0.131275,0.008087,0.7346731999999999,0.76275
2002/3/12 0:00,0.8466,1.9923,0.930882,0.895407,0.131251,0.008086,0.7348020000000001,0.76235
2002/3/13 0:00,0.84795,1.99935,0.934973,0.813769,0.131148,0.008072,0.7351942,0.76445
2002/3/14 0:00,0.8469,1.9996,0.934274,0.814034,0.131303,0.008101,0.7351942000000001,0.76645
2002/3/15 0:00,0.8582,2.01635,0.947239,0.82648,0.131492,0.008183,0.7339168,0.78185
2002/3/16 0:00,0.855,2.01775,0.942729,0.822876,0.131683,0.008175,0.7339168,0.78165
2002/3/17 0:00,0.858,2.0162,0.946119,0.822166,0.131666,0.008154,0.7339168,0.7818
2002/3/18 0:00,0.85585,2.0126,0.946119,0.821895,0.131614,0.008147,0.734475,0.7826
2002/3/19 0:00,0.85825,2.0116,0.953062,0.82122,0.131562,0.008101,0.734475,0.78275
2002/3/20 0:00,0.8596,2.0162,0.953471,0.82149,0.131553,0.008109,0.7339168,0.7799
2002/3/21 0:00,0.86265,2.0252,0.950932,0.828912,0.131909,0.008185,0.7339168,0.77955
2002/3/22 0:00,0.8616,2.033,0.947284,0.831048,0.132223,0.008195,0.7339168,0.77945
2002/3/23 0:00,0.86455,2.031,0.955703,0.831428,0.13217,0.008166,0.734475,0.78215
2002/3/24 0:00,0.8702,2.034,0.954335,0.831428,0.1321,0.008191,0.734475,0.78855
2002/3/25 0:00,0.87265,2.0368,0.958405,0.831463,0.132144,0.008204,0.734475,0.79205
2002/3/26 0:00,0.87345,2.0467,0.9686423999999999,0.831566,0.13224,0.008174,0.7238602000000001,0.79135
2002/3/27 0:00,0.8775,2.05365,0.9686423999999999,0.833507,0.13217,0.008214,0.7238602000000001,0.79415
2002/3/28 0:00,0.87965,2.051,0.9686423999999999,0.831774,0.132223,0.008197,0.7238602000000001,0.79255
2002/3/29 0:00,0.8798,2.0562,0.9686423999999999,0.833646,0.1321,0.008245,0.7590362,0.7964
2002/3/30 0:00,0.88355,2.0583,0.9470449999999999,0.82905,0.13224,0.008238,0.8004552,0.80425
2002/3/31 0:00,0.883,2.0613,0.9438128000000001,0.828432,0.132231,0.008282,0.8004552,0.80855
2002/4/1 0:00,0.88305,2.0518,0.9510624,0.823791,0.132328,0.008312,0.8004552,0.8022
2002/4/2 0:00,0.87845,2.05335,0.9686424,0.830737,0.132181,0.008397,0.734475,0.79035
2002/4/3 0:00,0.8559,2.0243,1.0025293999999998,0.826344,0.132275,0.008431,0.6801254,0.7654
2002/4/4 0:00,0.85115,2.0243,1.0025293999999998,0.83212,0.132153,0.008431,0.6775758,0.76325
2002/4/5 0:00,0.85885,2.037,1.0066144,0.831566,0.132057,0.008392,0.6814294,0.77075
2002/4/6 0:00,0.8516,2.031,1.0110265999999999,0.831393,0.1321,0.008435,0.677644,0.76175
2002/4/7 0:00,0.8574,2.0414,1.0184232,0.841645,0.132188,0.008471,0.6800371999999999,0.7642
2002/4/8 0:00,0.85345,2.0223,1.0115778,0.835911,0.132095,0.008437,0.6740573999999999,0.75945
2002/4/9 0:00,0.8618,2.0366,1.0190964,0.83675,0.131978,0.008354,0.6805842,0.76735
2002/4/10 0:00,0.85215,2.0258,1.0115778,0.835422,0.132186,0.008432,0.6740573999999999,0.7561
2002/4/11 0:00,0.84165,2.0116,0.8934846000000001,0.829772,0.131874,0.008447,0.6648566,0.73765
2002/4/12 0:00,0.8378,1.9999,0.8969259999999999,0.826788,0.131994,0.008476,0.6610098000000001,0.72855
2002/4/13 0:00,0.82335,1.9923,0.8960062000000001,0.820277,0.131843,0.00852,0.6349976,0.71575
2002/4/14 0:00,0.78365,1.9794,0.848535,0.823689,0.131527,0.008914,0.6542667999999999,0.6727
2002/4/15 0:00,0.7999,1.97935,0.852299,0.828226,0.131666,0.00874,0.6304952,0.6974
2002/4/16 0:00,0.79915,1.9838,0.8076459999999999,0.829325,0.1246552,0.008738,0.60763,0.6924
2002/4/17 0:00,0.80035,1.9828,0.7784137999999999,0.829876,0.1235012,0.008749,0.5970174,0.696
2002/4/18 0:00,0.804,1.99025,0.7996686,0.82905,0.1253908,0.008698,0.6101212,0.7004
2002/4/19 0:00,0.81745,1.99915,0.8750486000000001,0.829119,0.1289764,0.008649,0.6343984,0.70935
2002/4/20 0:00,0.82985,2.0157,0.8871133999999999,0.832362,0.13246220000000003,0.008612,0.662687,0.72299
2002/4/21 0:00,0.8288,2.0138,0.8667445999999999,0.831532,0.1309092,0.008615,0.6470282,0.71815
2002/4/22 0:00,0.8222,2.0072,0.821404,0.832917,0.12903099999999998,0.008706,0.6334044000000001,0.70485
2002/4/23 0:00,0.821,2.01715,0.821404,0.833715,0.132468,0.008623,0.6443894,0.70615
2002/4/24 0:00,0.8184,2.01645,0.8096568,0.8231854000000001,0.132547,0.008622,0.656362,0.70455
2002/4/25 0:00,0.816,2.01715,0.8096568,0.8227372,0.132538,0.008638,0.656039,0.7023
2002/4/26 0:00,0.8204,2.0188,0.7610286,0.8382670000000001,0.13254,0.008636,0.656405,0.70225
2002/4/27 0:00,0.8234,2.0138,0.7387931999999999,0.8313611999999999,0.13245,0.008608,0.654965,0.69615
2002/4/28 0:00,0.7920157999999999,2.0226,0.8756122000000002,0.8784312,0.132429,0.008674,0.655179,0.6905
2002/4/29 0:00,0.7771272,2.0224,0.855817,0.8458686,0.132647,0.008667,0.656814,0.6919
2002/4/30 0:00,0.7942758000000001,2.0285,0.8765025999999999,0.8805453999999999,0.132661,0.008818,0.656211,0.6888
2002/5/1 0:00,0.7906172,2.028,0.8664216,0.8296226000000001,0.132961,0.008818,0.655996,0.69375
2002/5/2 0:00,0.78651,2.0306,0.8537528,0.8220584000000001,0.13292,0.008763,0.657981,0.7033
2002/5/3 0:00,0.8057382000000001,2.0311,0.875334,0.833213,0.132961,0.008759,0.660633,0.71455
2002/5/4 0:00,0.7874,2.0311,0.8197825999999999,0.8366312,0.13311,0.008673,0.662559,0.7176
2002/5/5 0:00,0.8217822,2.00655,0.8960115999999999,0.8395695999999999,0.133049,0.008676,0.661376,0.71335
2002/5/6 0:00,0.8101839999999999,1.9941,0.8953082,0.8366992,0.132899,0.008684,0.659935,0.7063
2002/5/7 0:00,0.8254699999999999,2.0132,0.8068772,0.833267,0.132926,0.008623,0.662822,0.72515
2002/5/8 0:00,0.8283800000000001,2.00015,0.9036899999999999,0.8267617999999999,0.133103,0.008609,0.663702,0.73315
2002/5/9 0:00,0.8324,2.0088,0.8934846000000001,0.838486,0.133085,0.008735,0.665425,0.7393
2002/5/10 0:00,0.8016500000000001,2.0202,0.8282693999999999,0.8554428000000002,0.133307,0.008659,0.664319,0.7415
2002/5/11 0:00,0.79295,2.022,0.8282693999999999,0.861383,0.1233206,0.0087,0.666356,0.74525
2002/5/12 0:00,0.79361,2.0184,0.8280348,0.8604854,0.120824,0.008731,0.666045,0.74015
2002/5/13 0:00,0.79295,2.0156,0.8282693999999999,0.861383,0.120824,0.008659,0.667468,0.7449
2002/5/14 0:00,0.8052699999999999,2.0242,0.8682641999999999,0.8566830000000001,0.1230964,0.00864,0.670826,0.74825
2002/5/15 0:00,0.8204499999999999,2.0454,1.0154486,0.8496224,0.13302160000000002,0.008711,0.673174,0.7566
2002/5/16 0:00,0.8611600000000001,2.0432,1.0184232,0.8427990000000001,0.13294480000000003,0.008635,0.67769,0.7649
2002/5/17 0:00,0.8563600000000001,2.0408,1.0113168,0.8423394,0.1330228,0.008636,0.674036,0.7593
2002/5/18 0:00,0.8548199999999999,2.035,1.003412,0.835466,0.133227,0.008576,0.675562,0.75745
2002/5/19 0:00,0.8563600000000001,2.0397,1.002205,0.8353552000000001,0.133227,0.008581,0.675767,0.75535
2002/5/20 0:00,0.8611600000000001,2.0421,1.018382,0.8492767999999999,0.133227,0.008548,0.679348,0.7627
2002/5/21 0:00,0.85616,2.0364,1.013788,0.8376906000000002,0.133245,0.008519,0.678472,0.76275
2002/5/22 0:00,0.85616,2.0334,1.017346,0.8378014,0.133058,0.00855,0.679071,0.76225
2002/5/23 0:00,0.8611600000000001,2.0425,1.018797,0.8579570000000001,0.133174,0.008531,0.682082,0.76325
2002/5/24 0:00,0.9361828000000001,2.0332,1.027169,0.9471345999999998,0.133253,0.008495,0.683948,0.77425
2002/5/25 0:00,0.9361828000000001,2.0373,1.027485,0.9471346,0.133174,0.008503,0.683574,0.7753
2002/5/26 0:00,0.8563600000000001,2.0417,1.023803,0.847099,0.13289,0.008523,0.682594,0.76275
2002/5/27 0:00,0.8150700000000001,2.0323,1.021138,0.844987,0.133049,0.008569,0.681106,0.74475
2002/5/28 0:00,0.83003,2.0372,1.025326,0.846418,0.133044,0.008588,0.682827,0.75015
2002/5/29 0:00,0.8058399999999999,2.0449,1.025904,0.85481,0.133133,0.008646,0.68451,0.7529
2002/5/30 0:00,0.79261,2.0546,1.034768,0.859587,0.133186,0.008769,0.684791,0.74715
2002/5/31 0:00,0.7918899999999999,2.0274,1.01968,0.848572,0.133147,0.008752,0.68171,0.74315
2002/6/1 0:00,0.80586,2.0496,1.034447,0.852079,0.133239,0.008719,0.683574,0.75505
2002/6/2 0:00,0.80586,2.0473,1.02923,0.852479,0.133444,0.008774,0.68348,0.7504
2002/6/3 0:00,0.8370099999999999,2.0502,1.034715,0.856935,0.133649,0.008768,0.686719,0.76195
2002/6/4 0:00,0.8370099999999999,2.0522,1.039447,0.858406,0.133556,0.008758,0.688042,0.7648
2002/6/5 0:00,0.9317414000000002,2.0602,1.04608,0.858001,0.133783,0.008716,0.689085,0.76845
2002/6/6 0:00,0.8638089999999998,2.06675,1.048713,0.861326,0.133842,0.008718,0.689322,0.76595
2002/6/7 0:00,0.9192313999999999,2.0761,1.052742,0.862738,0.133842,0.008671,0.690417,0.769
2002/6/8 0:00,0.80959,2.08,1.052244,0.862664,0.13403,0.008712,0.68975,0.7625
2002/6/9 0:00,0.8467689999999999,2.0892,1.069805,0.866439,0.134129,0.008716,0.689893,0.7643
2002/6/10 0:00,0.8467689999999999,2.081,1.070377,0.866889,0.13416,0.008732,0.689608,0.76775
2002/6/11 0:00,0.9030677999999999,2.087,1.080964,0.873477,0.134126,0.008748,0.690512,0.77415
2002/6/12 0:00,0.9030677999999999,2.1041,1.091524,0.881873,0.134358,0.008829,0.694782,0.7854
2002/6/13 0:00,0.9030678,2.109,1.080089,0.886918,0.134756,0.008874,0.695169,0.77635
2002/6/14 0:00,0.8961690000000001,2.0852,1.057418,0.891027,0.134933,0.009067,0.693073,0.76
2002/6/15 0:00,0.87601,2.0604,1.035626,0.887115,0.134916,0.009143,0.688705,0.74775
2002/6/16 0:00,0.87601,2.0728,1.038745,0.890036,0.134526,0.009071,0.690512,0.75575
2002/6/17 0:00,0.9515913999999999,2.06575,1.046244,0.892777,0.134644,0.008975,0.691659,0.7651
2002/6/18 0:00,0.87734,2.0468,1.023489,0.889324,0.134735,0.009011,0.68937,0.75825
2002/6/19 0:00,0.87601,2.0522,1.026958,0.891941,0.134707,0.009002,0.689085,0.7556
2002/6/20 0:00,0.8767699999999999,2.0517,1.018537,0.895375,0.134689,0.009079,0.690846,0.75525
2002/6/21 0:00,0.8777200000000001,2.0642,1.015022,0.900414,0.134675,0.009071,0.68937,0.76255
2002/6/22 0:00,0.8753499999999999,2.0584,1.010662,0.906084,0.134935,0.009221,0.687285,0.7506
2002/6/23 0:00,0.8777199999999998,2.0618,1.014456,0.907812,0.134935,0.009208,0.689465,0.75235
2002/6/24 0:00,0.8758,2.05745,1.010662,0.905756,0.135148,0.009257,0.693842,0.7583
2002/6/25 0:00,0.8766,2.06725,1.012351,0.906495,0.1348764,0.009237,0.693361,0.75525
2002/6/26 0:00,0.8754,2.0703,1.004823,0.908306,0.13596919999999998,0.009214,0.693626,0.75905
2002/6/27 0:00,0.88085,2.06805,1.008675,0.894095,0.136843,0.009065,0.69185,0.76975
2002/6/28 0:00,0.87995,2.0621,1.005682,0.895736,0.1363962,0.009123,0.690179,0.76895
2002/6/29 0:00,0.88325,2.056,0.99995,0.882963,0.135172,0.009,0.69056,0.76235
2002/6/30 0:00,0.88385,2.0678,0.998403,0.886682,0.135089,0.009056,0.690274,0.76815
2002/7/1 0:00,0.8736,2.0587,0.990001,0.894015,0.135172,0.009111,0.691946,0.76255
2002/7/2 0:00,0.87005,2.02855,0.987606,0.888691,0.135258,0.009021,0.691372,0.76505
2002/7/3 0:00,0.8717,2.0256,0.986339,0.886289,0.134889,0.008986,0.692185,0.77315
2002/7/4 0:00,0.8807,2.03005,0.99458,0.885465,0.13508,0.008954,0.695507,0.7769
2002/7/5 0:00,0.88145,2.046,0.991867,0.886682,0.135208,0.008947,0.694059,0.77955
2002/7/6 0:00,0.8844,2.0405,0.988728,0.883119,0.13549,0.008959,0.693337,0.78345
2002/7/7 0:00,0.8848,2.0458,0.98868,0.879624,0.135621,0.008911,0.694637,0.78855
2002/7/8 0:00,0.87505,2.03925,0.979816,0.874967,0.135722,0.008908,0.693674,0.78195
2002/7/9 0:00,0.862,2.01785,0.983091,0.868697,0.135648,0.008828,0.688942,0.7674
2002/7/10 0:00,0.85795,2.01565,0.993493,0.86719,0.135509,0.008832,0.683153,0.75415
2002/7/11 0:00,0.8602,2.0177,0.989511,0.867717,0.135455,0.008834,0.685589,0.7547
2002/7/12 0:00,0.86065,2.0042,0.99691,0.866176,0.135556,0.008831,0.684322,0.75715
2002/7/13 0:00,0.85845,1.9832,1.0006,0.864603,0.135717,0.008854,0.68451,0.75655
2002/7/14 0:00,0.87055,1.9761,1.010714,0.863707,0.135777,0.008743,0.688421,0.7665
2002/7/15 0:00,0.87105,1.9796,1.015074,0.864342,0.135777,0.008758,0.687521,0.76605
2002/7/16 0:00,0.87375,1.9834,1.017294,0.869641,0.135777,0.00877,0.688895,0.76845
2002/7/17 0:00,0.87615,2.0151999999999997,1.019628,0.874967,0.136696,0.008764,0.689394,0.7688
2002/7/18 0:00,0.8738,2.04557,1.01994,0.887351,0.136909,0.008907,0.691611,0.7727
2002/7/19 0:00,0.8777,2.04747,1.013069,0.883314,0.136909,0.008947,0.694541,0.76965
2002/7/20 0:00,0.8738,2.04822,1.001603,0.883002,0.136909,0.008955,0.694686,0.7656
2002/7/21 0:00,0.881,2.0568000000000004,1.003814,0.893895,0.137076,0.009106,0.695652,0.7715
2002/7/22 0:00,0.88265,2.0547999999999997,1.007049,0.897102,0.137466,0.009128,0.696379,0.77615
2002/7/23 0:00,0.8761,2.06332,0.997059,0.903179,0.137495,0.009204,0.697496,0.7707
2002/7/24 0:00,0.869,2.04905,0.994728,0.898271,0.137593,0.009196,0.696379,0.76415
2002/7/25 0:00,0.88155,2.0548,1.001603,0.896499,0.137675,0.00912,0.698275,0.77275
2002/7/26 0:00,0.88185,2.04563,0.991916,0.896459,0.137669,0.009129,0.698032,0.77225
2002/7/27 0:00,0.88865,2.04603,0.988728,0.903057,0.137536,0.009133,0.698275,0.78125
2002/7/28 0:00,0.8925,2.0375900000000002,0.980729,0.908843,0.137694,0.009189,0.697593,0.7843
2002/7/29 0:00,0.90005,2.04603,0.983091,0.914537,0.137883,0.009261,0.699839,0.78985
2002/7/30 0:00,0.8916,2.04861,0.9843,0.917852,0.138081,0.00936,0.700035,0.78375
2002/7/31 0:00,0.87805,2.03778,0.976706,0.908265,0.138267,0.009326,0.698666,0.76955
2002/8/1 0:00,0.8861,2.0398699999999996,0.974516,0.908513,0.137958,0.009323,0.697058,0.7729
2002/8/2 0:00,0.8756,2.0393700000000003,0.973283,0.908802,0.138078,0.009358,0.694975,0.7575
2002/8/3 0:00,0.8618,2.03953,0.968429,0.905428,0.138102,0.009453,0.691372,0.74675
2002/8/4 0:00,0.86925,2.04527,0.975419,0.911245,0.138137,0.009372,0.696767,0.7637
2002/8/5 0:00,0.8652,2.04333,0.97371,0.916212,0.138274,0.009462,0.696767,0.7591
2002/8/6 0:00,0.8782,2.0554199999999994,0.988142,0.919244,0.138447,0.009379,0.700771,0.77325
2002/8/7 0:00,0.8816,2.0633199999999996,0.992901,0.910705,0.138648,0.009372,0.701902,0.7703
2002/8/8 0:00,0.8848,2.06332,0.996363,0.917979,0.138953,0.00937,0.703779,0.7767
2002/8/9 0:00,0.8866,2.0644199999999997,1.001853,0.914578,0.138987,0.009351,0.702889,0.77845
2002/8/10 0:00,0.88915,2.0644199999999997,1.003966,0.915416,0.139063,0.009317,0.704573,0.7813
2002/8/11 0:00,0.8924,2.03704,0.992457,0.922935,0.139218,0.009414,0.705617,0.78435
2002/8/12 0:00,0.9033,2.01372,1.006188,0.922169,0.139218,0.009387,0.707314,0.7948
2002/8/13 0:00,0.90945,2.0324199999999997,1.004419,0.917095,0.139045,0.009366,0.706864,0.79555
2002/8/14 0:00,0.89735,2.04603,0.993443,0.907935,0.139179,0.009354,0.704771,0.78385
2002/8/15 0:00,0.8974,2.04603,0.996165,0.910913,0.13909,0.009371,0.706664,0.78545
2002/8/16 0:00,0.8948,2.04603,0.989364,0.906988,0.13909,0.009381,0.705716,0.79065
2002/8/17 0:00,0.8943,2.04608,1.001151,0.905018,0.13909,0.009311,0.705617,0.78845
2002/8/18 0:00,0.90325,2.04603,0.998054,0.905346,0.139043,0.009369,0.704573,0.7896
2002/8/19 0:00,0.9074,2.0453099999999997,1.003261,0.908884,0.139082,0.009317,0.706764,0.79465
2002/8/20 0:00,0.89425,2.04934,0.9999,0.90269,0.1390984,0.009241,0.704722,0.7838
2002/8/21 0:00,0.90395,2.05408,1.006087,0.907853,0.13906999999999997,0.009242,0.705467,0.79165
2002/8/22 0:00,0.907,2.02875,0.992605,0.914537,0.13908779999999998,0.009283,0.708115,0.7886
2002/8/23 0:00,0.91305,1.9527209999999997,0.992408,0.907194,0.13906999999999997,0.009245,0.708115,0.79485
2002/8/24 0:00,0.92125,1.6812424,0.988289,0.914704,0.1388542,0.009298,0.707914,0.80015
2002/8/25 0:00,0.9138,2.01782,0.981643,0.908471,0.13885540000000002,0.009259,0.708617,0.79355
2002/8/26 0:00,0.91815,1.6812424,0.986972,0.913743,0.1388286,0.009295,0.70922,0.79935
2002/8/27 0:00,0.92375,1.6812424,0.987996,0.921532,0.1431608,0.0092926,0.711389,0.806
2002/8/28 0:00,0.92475,1.6068910000000003,1.001452,0.918822,0.14768699999999998,0.010447000000000001,0.710934,0.81085
2002/8/29 0:00,0.92945,1.6068910000000003,1.012248,0.921532,0.15625879999999998,0.0115998,0.71144,0.8125
2002/8/30 0:00,0.93835,1.6068910000000003,1.020564,0.937119,0.16057519999999997,0.0121512,0.716076,0.81635
2002/8/31 0:00,0.9472,1.6068910000000003,1.026115,0.948407,0.16057519999999997,0.012151200000000001,0.716949,0.81555
2002/9/1 0:00,0.93155,1.979431,1.015899,0.959831,0.1441438,0.0104654,0.716897,0.79955
2002/9/2 0:00,0.93825,1.9707529999999998,1.011736,0.960338,0.147451,0.011604,0.719062,0.8028
2002/9/3 0:00,0.93115,1.9775010000000002,1.006897,0.966604,0.14414380000000002,0.011604,0.720254,0.80095
2002/9/4 0:00,0.93115,1.9802209999999998,1.010918,0.964878,0.1441438,0.011604,0.719839,0.80085
2002/9/5 0:00,0.93235,1.98198,1.015589,0.972006,0.1441438,0.011427200000000002,0.721137,0.80005
2002/9/6 0:00,0.92675,1.98198,1.010203,0.975277,0.1441438,0.0098982,0.721423,0.79285
2002/9/7 0:00,0.9162,1.98629,1.003714,0.981017,0.1441438,0.009680400000000002,0.720955,0.7884
2002/9/8 0:00,0.92515,1.9816599999999998,1.003966,0.972195,0.14414380000000002,0.011604,0.721813,0.80035
2002/9/9 0:00,0.9325,1.9058689999999998,1.009591,0.978186,0.1539856,0.012151200000000001,0.721605,0.80645
2002/9/10 0:00,0.94125,1.6822803999999998,1.016673,0.987996,0.16057519999999997,0.0121512,0.7249,0.8134
2002/9/11 0:00,0.9385,1.6853234000000001,1.011071,1.005404,0.16057519999999997,0.0121512,0.725163,0.8148
2002/9/12 0:00,0.91865,1.9952100000000002,1.004419,1.014096,0.14414380000000002,0.011809,0.724375,0.80025
2002/9/13 0:00,0.92725,1.8459022,1.005682,1.009336,0.15729739999999998,0.012151200000000001,0.726375,0.80985
2002/9/14 0:00,0.92115,1.9986599999999999,0.9839352,0.998752,0.147451,0.011751799999999998,0.722282,0.80405
2002/9/15 0:00,0.89615,1.9845300000000001,0.9868730000000001,0.989022,0.1441592,0.0109154,0.71958,0.78815
2002/9/16 0:00,0.8969,1.9798300000000002,0.9868730000000001,0.991179,0.1441438,0.0109154,0.722074,0.7892
2002/9/17 0:00,0.90675,1.9854,0.9905153999999999,0.977087,0.1441438,0.009515199999999998,0.719373,0.79635
2002/9/18 0:00,0.9132,1.9988,0.982125,0.990688,0.14414380000000002,0.010150000000000001,0.72317,0.80475
2002/9/19 0:00,0.92005,2.0007,0.982801,1.004672,0.14414380000000002,0.010150000000000001,0.72448,0.8037
2002/9/20 0:00,0.92105,2.0088,0.985902,1.006847,0.14416700000000002,0.010150000000000001,0.725058,0.80395
2002/9/21 0:00,0.92105,2.0088,0.985902,1.006847,0.14416700000000002,0.010150000000000001,0.725058,0.80395
2002/9/22 0:00,0.91285,1.9858,0.973141,1.007811,0.1441592,0.0096026,0.725111,0.78545
2002/9/23 0:00,0.90585,1.9776,0.973757,0.989071,0.14411960000000001,0.009283,0.725426,0.78115
2002/9/24 0:00,0.91335,1.9824,0.982656,0.985513,0.1441438,0.009809799999999999,0.725058,0.78975
2002/9/25 0:00,0.91455,1.99585,0.992113,0.991621,0.144167,0.009127399999999999,0.721605,0.7859
2002/9/26 0:00,0.9215,1.9934,0.993838,0.993937,0.14416700000000002,0.0097794,0.724113,0.7882
2002/9/27 0:00,0.92715,1.98535,0.988484,0.983913,0.14414380000000002,0.010150000000000001,0.724323,0.7983
2002/9/28 0:00,0.93035,1.96875,0.986388,0.986242,0.14414380000000002,0.010150000000000001,0.724533,0.7979
2002/9/29 0:00,0.9293,1.9762,0.982946,1.001402,0.14414380000000002,0.010150000000000001,0.726427,0.79805
2002/9/30 0:00,0.9314,1.974,0.982994,0.993197,0.1441438,0.010150000000000001,0.736377,0.79795
2002/10/1 0:00,0.9288,1.9821,0.976276,0.998851,0.1441438,0.010150000000000001,0.736703,0.7937
2002/10/2 0:00,0.9246,1.9818,0.979624,0.9997,0.1441438,0.010150000000000001,0.736648,0.78795
2002/10/3 0:00,0.92445,1.9624,0.981884,0.996512,0.144167,0.009961800000000002,0.73616,0.7843
2002/10/4 0:00,0.9398,1.974,0.998004,1.001402,0.1441438,0.009961800000000002,0.740247,0.7899
2002/10/5 0:00,0.9368,1.9902,0.988338,0.996363,0.14414380000000002,0.010150000000000001,0.739645,0.78925
2002/10/6 0:00,0.940562,1.998193,0.992307,1.000365,0.14414380000000002,0.0101404,0.742615,0.79242
2002/10/7 0:00,0.9412,1.98059,0.994426,0.989027,0.1441438,0.0101404,0.738225,0.7925
2002/10/8 0:00,0.9454,1.995805,0.994243,0.997526,0.14414380000000002,0.0101404,0.740741,0.7971
2002/10/9 0:00,0.94885,1.979195,0.980488,0.985139,0.1441438,0.010150000000000001,0.7397,0.79876
2002/10/10 0:00,0.9386,1.97091,0.98464,0.964218,0.14414380000000002,0.009972400000000001,0.735078,0.788135
2002/10/11 0:00,0.9786377999999999,1.9828,0.984107,0.965018,0.1441438,0.012659599999999998,0.733945,0.7822
2002/10/12 0:00,0.9827178,1.991,0.987177,0.966697,0.144167,0.012659600000000002,0.734646,0.78345
2002/10/13 0:00,0.9522090000000001,1.972495,0.986145,0.965904,0.1447058,0.0120312,0.734538,0.775535
2002/10/14 0:00,0.9855278000000001,1.982505,0.991002,0.961261,0.1441438,0.012659600000000002,0.736703,0.78265
2002/10/15 0:00,0.9784577999999999,1.973225,0.980248,0.953107,0.14414739999999998,0.012065,0.735078,0.7773
2002/10/16 0:00,0.9757678000000001,1.9733,0.981017,0.946566,0.144167,0.0106002,0.733407,0.78145
2002/10/17 0:00,0.9858778000000001,1.967815,0.98668,0.948677,0.14416700000000002,0.0119474,0.735727,0.78533
2002/10/18 0:00,0.9884978,1.972605,0.99951,0.951919,0.14414380000000002,0.0123636,0.735889,0.79055
2002/10/19 0:00,0.9884977999999999,1.9525,0.997108,0.945367,0.14416700000000002,0.011222600000000001,0.731743,0.78385
2002/10/20 0:00,0.9480789999999999,1.95472,0.983623,0.950525,0.14439980000000002,0.0105928,0.728438,0.77245
2002/10/21 0:00,0.9471162,1.9536,0.9867608000000001,0.9579,0.14494040000000002,0.0098322,0.732923,0.7667
2002/10/22 0:00,1.0350742,1.95632,0.9867608000000001,0.95735,0.1450294,0.0115432,0.733084,0.77015
2002/10/23 0:00,1.0350742,1.9477,0.9867608000000001,0.951928,0.14494040000000002,0.0115432,0.729501,0.76685
2002/10/24 0:00,0.9471162,1.94501,0.9857351999999999,0.947598,0.1454084,0.0094184,0.725584,0.76195
2002/10/25 0:00,0.8441700000000001,1.980582,0.9358359999999999,0.945716,0.1423306,0.008107,0.725795,0.7573
2002/10/26 0:00,0.9499061999999998,1.957113,0.984407,0.955019,0.1441326,0.01064,0.730994,0.77345
2002/10/27 0:00,0.9734151999999998,1.9610530000000002,0.9857352,0.948497,0.1441326,0.01064,0.728544,0.773055
2002/10/28 0:00,1.0350742,1.9770240000000001,0.9857357999999999,0.96446,0.1441326,0.0123786,0.732547,0.7753
2002/10/29 0:00,0.8659706,1.8626641999999998,0.9277002,0.914706,0.1442228,0.008551600000000001,0.736648,0.7798
2002/10/30 0:00,1.0557681999999997,1.9804,1.0123954,1.056664,0.1460496,0.0123978,0.735348,0.78485
2002/10/31 0:00,1.0556378,1.9802,1.0221512000000001,1.0909141999999998,0.1519254,0.0123038,0.735889,0.7874
2002/11/1 0:00,1.0569714,1.98235,1.0221512000000001,1.0909141999999998,0.1499398,0.0123038,0.733999,0.7876
2002/11/2 0:00,1.060709,1.9754,1.0283764,1.0908102000000002,0.1518866,0.0122834,0.733568,0.79005
2002/11/3 0:00,1.0554517999999997,1.9814,0.9933238,1.0770240000000002,0.144001,0.0123038,0.732547,0.7849
2002/11/4 0:00,1.0197556,1.9766439999999998,0.9857250000000001,1.0390788,0.144117,0.011622,0.731154,0.77823
2002/11/5 0:00,1.022968,1.9796,0.9861699999999999,1.026903,0.14404,0.0125022,0.734484,0.7837
2002/11/6 0:00,1.0288012,1.9817799999999999,0.9850374000000001,1.0471491999999998,0.14404,0.0125022,0.734268,0.78315
2002/11/7 0:00,0.9990778,1.8923695999999999,0.9874977999999999,1.0063522,0.144238,0.0125022,0.733945,0.785645
2002/11/8 0:00,1.0288012,1.9762,0.9862586,1.043123,0.1444,0.0125022,0.73303,0.78265
2002/11/9 0:00,1.0365544,1.8196355999999998,0.983028,1.0057584,0.14414,0.0105544,0.731636,0.76975
2002/11/10 0:00,1.0365544,1.680138,0.9638526000000001,1.0567297999999998,0.143966,0.0105622,0.732118,0.76735
2002/11/11 0:00,1.0320864,1.8383398,0.8011144,1.033814,0.144442,0.012079000000000001,0.732762,0.75945
2002/11/12 0:00,1.016528,1.6165399999999999,0.9645712,1.0967626000000001,0.144511,0.012333,0.728704,0.75235
2002/11/13 0:00,1.0202752,1.6080824,0.9584412,1.0653014,0.144553,0.012288,0.728916,0.755
2002/11/14 0:00,1.0163769999999999,1.6116662000000002,0.9558916,1.0585796000000003,0.14477,0.0122974,0.725163,0.7494
2002/11/15 0:00,1.0198888,1.6154130000000002,0.9558916,1.0585795999999998,0.14415,0.0122974,0.724973,0.749604
2002/11/16 0:00,1.0202752,1.6080824,0.9584412,1.0967626000000001,0.144871,0.012288,0.728597,0.75337
2002/11/17 0:00,1.0202752,1.6080824,0.8952,1.0967626000000001,0.145108,0.012288,0.730994,0.75395
2002/11/18 0:00,1.0202752,1.7522811999999999,0.8677020000000001,1.0342166000000002,0.145292,0.012287999999999999,0.72998,0.75635
2002/11/19 0:00,1.0359126,1.8189624000000002,0.870346,1.005031,0.145376,0.012079000000000001,0.72998,0.76135
2002/11/20 0:00,1.0332922,1.8306604,0.8011144,1.0074678000000001,0.145347,0.012079000000000001,0.732493,0.76055
2002/11/21 0:00,1.0238753999999999,1.826841,0.8352712,1.0312638,0.145471,0.0121754,0.730887,0.75765
2002/11/22 0:00,1.0320864,1.8275818000000001,0.8011144,1.0312638,0.145556,0.012079000000000001,0.731689,0.75905
2002/11/23 0:00,1.0202752,1.6847657999999999,0.8677020000000001,1.0342166000000002,0.14566,0.012288,0.729874,0.75615
2002/11/24 0:00,1.0202752,1.6847657999999999,0.7997859999999999,1.0967626000000001,0.145649,0.012288,0.732547,0.75475
2002/11/25 0:00,1.0332922,1.8397004000000003,0.8011144,1.0604483999999998,0.145873,0.012079000000000001,0.734819,0.760761
2002/11/26 0:00,1.0332922,1.8397004000000003,0.8011144,1.0604483999999998,0.145892,0.012079000000000001,0.734808,0.76045
2002/11/27 0:00,1.027985,1.8375989999999998,0.8011143999999998,1.0333241999999998,0.145849,0.0121754,0.733945,0.7577
2002/11/28 0:00,1.0332922,1.8397004000000003,0.8003481999999998,1.0604484,0.145902,0.012079000000000001,0.736703,0.76073
2002/11/29 0:00,1.0202752,1.7627992,0.8011143999999998,1.0653014,0.145962,0.012287999999999999,0.733837,0.75585
2002/11/30 0:00,1.0320864,1.8383398,0.8011144,1.062512,0.145824,0.012079000000000001,0.7347,0.7593
2002/12/1 0:00,1.0165279999999999,1.61654,0.8521288,1.0967626,0.145802,0.0122974,0.732605,0.750981
2002/12/2 0:00,1.016528,1.6165399999999999,0.8521288,1.0967626,0.145813,0.0122974,0.73244,0.75123
2002/12/3 0:00,1.0202752,1.8375989999999998,0.8003481999999998,1.0967626000000001,0.146067,0.012288,0.735245,0.756523
2002/12/4 0:00,1.027985,1.8375989999999998,0.8011143999999998,1.062512,0.146124,0.0113782,0.735186,0.757765
2002/12/5 0:00,1.0332922,1.8397004,0.8003482,1.0600156000000003,0.146291,0.012079000000000001,0.738334,0.761
2002/12/6 0:00,1.0359126,1.6865272,0.85045,1.0848624,0.146092,0.0113064,0.739317,0.76427
2002/12/7 0:00,1.0377108,1.6927314,0.9236283999999999,1.0836704000000001,0.14661,0.0105616,0.74184,0.7716
2002/12/8 0:00,1.0365544,1.6927314,0.8828912000000001,1.0812026000000001,0.146832,0.010559,0.74096,0.77095
2002/12/9 0:00,1.0359126,1.6865272,0.8514758,1.0848624,0.146608,0.0105518,0.740247,0.76455
2002/12/10 0:00,0.8466899999999999,1.9988,0.9359658,0.8985996,0.146662,0.0080898,0.739919,0.7627
2002/12/11 0:00,0.8466899999999999,1.9976,0.9359658,0.8985996,0.146413,0.0080898,0.739536,0.759745
2002/12/12 0:00,0.84318,1.99085,0.9370709999999999,0.895407,0.146591,0.008121600000000001,0.735998,0.7585
2002/12/13 0:00,0.8271642,1.99729,0.9257206,0.8594126000000001,0.146409,0.008842800000000001,0.733165,0.7452
2002/12/14 0:00,0.8177842,1.98395,0.920416,0.9366876,0.146439,0.009045599999999999,0.733999,0.7404
2002/12/15 0:00,0.8210241999999999,1.9897,0.9223929999999999,0.911251,0.146634,0.0088324,0.73497,0.7419
2002/12/16 0:00,0.8151842,1.980289,0.9174456,0.9384024,0.14649,0.009256200000000001,0.731203,0.735985
2002/12/17 0:00,0.8151842,1.9804,0.9174456,0.9384024,0.146473,0.009245,0.730727,0.73745
2002/12/18 0:00,0.8254332,1.9806,0.9140354,0.9384024,0.14643,0.009248,0.731154,0.73355
2002/12/19 0:00,0.8249632,1.98155,0.9132344000000001,0.9384024,0.146381,0.009262,0.731261,0.73395
2002/12/20 0:00,0.8562704,1.97335,0.9437172,0.95143,0.146145,0.00928,0.728544,0.7267
2002/12/21 0:00,0.8672055999999999,1.9622,0.9500206,0.953971,0.14596,0.009246,0.728438,0.7306
2002/12/22 0:00,0.8774966,1.9524,0.9622816000000001,0.948407,0.145864,0.009238,0.724953,0.72505
2002/12/23 0:00,0.8774966,1.9498,0.9675140000000001,0.94422,0.14602,0.009136,0.723432,0.71955
2002/12/24 0:00,0.881701,1.9438,0.9675140000000001,0.940402,0.145717,0.009124,0.718236,0.71415
2002/12/25 0:00,0.8677444,1.9208,0.9756993999999999,0.924633,0.14579,0.009081,0.710631,0.70035
2002/12/26 0:00,0.8618410000000001,1.91025,0.9756994000000001,0.92009,0.145821,0.009079,0.707864,0.69785
2002/12/27 0:00,0.842347,1.8934,0.9654907999999999,0.921362,0.145647,0.009211,0.710783,0.6867
2002/12/28 0:00,0.8668564,1.8713,0.9751065999999999,0.922679,0.145832,0.009187,0.711339,0.6997
2002/12/29 0:00,0.8623722,1.86795,0.9756994000000001,0.9127,0.145709,0.009098,0.708466,0.6981
2002/12/30 0:00,0.8713105999999999,1.866525,0.9772538000000001,0.912867,0.145556,0.009063,0.705667,0.7053
2002/12/31 0:00,0.8741018,1.86855,0.9664394,0.913242,0.145539,0.009089,0.707814,0.71335
2003/1/1 0:00,0.8741018,1.866,0.9664394,0.915877,0.145775,0.00911,0.707464,0.71475
2003/1/2 0:00,0.8741018,1.8648,0.9664394,0.911839,0.145898,0.009127,0.708316,0.71355
2003/1/3 0:00,0.8741018,1.8752,0.9664394,0.920387,0.146101,0.009224,0.710278,0.71915
2003/1/4 0:00,0.8733948,1.858414,0.95577,0.915137,0.146002,0.009165,0.706634,0.708399
2003/1/5 0:00,0.8669876000000001,1.855085,0.952109,0.914119,0.146022,0.009161,0.706339,0.70675
2003/1/6 0:00,0.8379182000000001,1.83719,0.953812,0.908273,0.146028,0.009107,0.701066,0.69535
2003/1/7 0:00,0.8379182000000001,1.83085,0.95338,0.907812,0.146216,0.009104,0.704126,0.69835
2003/1/8 0:00,0.8534208,1.827775,0.951117,0.910374,0.146404,0.009133,0.705318,0.70175
2003/1/9 0:00,0.8376910000000001,1.800861,0.936838,0.907329,0.146098,0.009245,0.701811,0.694788
2003/1/10 0:00,0.85,1.800815,0.936154,0.907688,0.146522,0.009253,0.702297,0.6959
2003/1/11 0:00,0.83805,1.782515,0.934973,0.903191,0.146349,0.009188,0.698714,0.6872
2003/1/12 0:00,0.83524,1.7729,0.940999,0.903383,0.146116,0.009229,0.696379,0.6847
2003/1/13 0:00,0.8302,1.77385,0.940371,0.902975,0.146261,0.009309,0.695894,0.6795
2003/1/14 0:00,0.82665,1.77785,0.944555,0.8921,0.146148,0.009192,0.699203,0.67655
2003/1/15 0:00,0.814,1.75448,0.934798,0.882729,0.146254,0.009254,0.698422,0.66995
2003/1/16 0:00,0.811655,1.6538954000000001,0.93769,0.889126,0.146227,0.009309,0.698617,0.67485
2003/1/17 0:00,0.807,1.5569796,0.932705,0.882383,0.146175,0.009279,0.69667,0.6682
2003/1/18 0:00,0.7958,1.5880772,0.926741,0.877155,0.14606,0.009382,0.692449,0.6494
2003/1/19 0:00,0.8233,1.6661270000000001,0.943931,0.891623,0.146252,0.009445,0.700231,0.66795
2003/1/20 0:00,0.807,1.577,0.936768,0.894294,0.146013,0.00945,0.700427,0.66
2003/1/21 0:00,0.7942,1.5805399999999998,0.933097,0.892853,0.146002,0.009503,0.69633,0.6593
2003/1/22 0:00,0.7835,1.57942,0.7501401999999999,0.895432,0.14622,0.009553,0.697399,0.655965
2003/1/23 0:00,0.79965,1.5193818,0.7728476000000001,0.914955,0.146325,0.009599,0.697837,0.673435
2003/1/24 0:00,0.8289,1.700714,0.9458654,0.904527,0.146306,0.009304,0.7031896,0.68875
2003/1/25 0:00,0.842855,1.63678,0.9452304,0.6973828000000001,0.146387,0.009406,0.7024716000000001,0.6903
2003/1/26 0:00,0.83335,1.678455,0.901991,0.7757574,0.146787,0.009445,0.7008286,0.68095
2003/1/27 0:00,0.834,1.6751447999999995,0.9427044,0.7371714,0.146563,0.009431,0.6992267999999999,0.68405
2003/1/28 0:00,0.8343,1.6813639999999999,0.9471261999999999,0.7371714,0.146619,0.009371,0.6992268,0.68335
2003/1/29 0:00,0.8327,1.69244,0.9397411999999999,0.7395828,0.14609,0.009412,0.7026754000000001,0.68605
2003/1/30 0:00,0.813165,1.5651924000000002,0.8128232000000001,0.6842836,0.14609,0.009515,0.7036352,0.67785
2003/1/31 0:00,0.79157,1.6468099999999999,0.7494274,0.7352986,0.14609,0.009407,0.6585753999999999,0.6705
2003/2/1 0:00,0.793865,1.4852024,0.816925,0.6838258,0.14609,0.009444,0.7053567999999999,0.67675
2003/2/2 0:00,0.776965,1.6313078,0.7427414,0.7840494,0.14609,0.009479,0.6741347999999999,0.664
2003/2/3 0:00,0.7736,1.77505,0.8291268,0.886957,0.14609,0.00951,0.696655,0.6622
2003/2/4 0:00,0.713855,1.73878,0.7289692,0.872981,0.146137,0.009869,0.6473180000000001,0.62625
2003/2/5 0:00,0.72095,1.5927159999999998,0.7468889999999999,0.876724,0.146731,0.009774,0.6959338,0.634865
2003/2/6 0:00,0.66966,1.4849799999999997,0.7027806,0.887619,0.146763,0.010028,0.6178218,0.601365
2003/2/7 0:00,0.700955,1.66054,0.7408124,0.883939,0.146617,0.009913,0.6425162,0.6169
2003/2/8 0:00,0.6768,1.6522100000000002,0.7032368,0.884486,0.146287,0.009895,0.6208172,0.60784
2003/2/9 0:00,0.6752,1.5741900000000002,0.7032368,0.881018,0.146306,0.009915,0.6208172,0.60415
2003/2/10 0:00,0.70475,1.677336,0.7137612,0.881135,0.146387,0.009781,0.6362224000000001,0.623955
2003/2/11 0:00,0.68355,1.673876,0.703883,0.881523,0.146331,0.009851,0.6255884,0.61825
2003/2/12 0:00,0.6711,1.6342199999999998,0.7032368,0.882321,0.146329,0.009955,0.6208172,0.6106
2003/2/13 0:00,0.69595,1.545587,0.846238,0.881446,0.146323,0.009844,0.676911,0.61635
2003/2/14 0:00,0.69625,1.5419060000000002,0.834986,0.868546,0.146419,0.009829,0.676453,0.6191
2003/2/15 0:00,0.6828,1.5226389999999999,0.819605,0.863968,0.146338,0.00996,0.673945,0.61255
2003/2/16 0:00,0.61325,1.4103999999999999,0.781891,0.855103,0.146111,0.010792,0.66379,0.55535
2003/2/17 0:00,0.612,1.3986942,0.776572,0.86494,0.145951,0.010688,0.662559,0.54465
2003/2/18 0:00,0.628235,1.3906800000000001,0.772022,0.859114,0.146224,0.010407,0.665292,0.5523
2003/2/19 0:00,0.666565,1.482284,0.812447,0.880708,0.146167,0.010226,0.667668,0.58465
2003/2/20 0:00,0.6723,1.497164,0.82203,0.877155,0.146237,0.01018,0.679579,0.58805
2003/2/21 0:00,0.681612,1.4900579999999999,0.842801,0.856142,0.146235,0.010107,0.675986,0.596442
2003/2/22 0:00,0.700505,1.5996359999999998,0.869405,0.859767,0.146257,0.009951,0.679262,0.611649
2003/2/23 0:00,0.69296,1.5426008,0.867058,0.858155,0.146252,0.010024,0.679902,0.60485
2003/2/24 0:00,0.67165,1.509794,0.851172,0.857898,0.146447,0.010212,0.673083,0.59315
2003/2/25 0:00,0.6789,1.4900579999999999,0.84832,0.852515,0.146557,0.010198,0.670511,0.5942
2003/2/26 0:00,0.6844,1.4838017999999997,0.848824,0.851245,0.146505,0.010097,0.668494,0.59805
2003/2/27 0:00,0.6765,1.495077,0.836925,0.848752,0.146488,0.010197,0.670264,0.5877
2003/2/28 0:00,0.65595,1.5058340000000001,0.829666,0.843135,0.146604,0.010236,0.664717,0.57265
2003/3/1 0:00,0.6435,1.497601,0.8142,0.845155,0.146419,0.010464,0.662603,0.5623
2003/3/2 0:00,0.641,1.487212,0.81103,0.833924,0.146413,0.010426,0.658458,0.55665
2003/3/3 0:00,0.6455,1.487212,0.807885,0.83455,0.146535,0.010405,0.659283,0.55245
2003/3/4 0:00,0.65565,1.487212,0.81707,0.836037,0.146477,0.010301,0.657117,0.55915
2003/3/5 0:00,0.65395,1.487212,0.81641,0.833021,0.146512,0.010271,0.654279,0.5522
2003/3/6 0:00,0.65125,1.487212,0.808483,0.830361,0.146413,0.010325,0.655351,0.55014
2003/3/7 0:00,0.619535,1.415211,0.779114,0.819608,0.146291,0.010524,0.653445,0.5305
2003/3/8 0:00,0.63577,1.4389530000000001,0.789397,0.818733,0.146359,0.010419,0.654151,0.53815
2003/3/9 0:00,0.64685,1.487212,0.811359,0.832563,0.146512,0.010385,0.661726,0.5443
2003/3/10 0:00,0.6472,1.487212,0.814067,0.840513,0.146516,0.010477,0.662383,0.5468
2003/3/11 0:00,0.64814,1.487212,0.811392,0.833542,0.146441,0.010525,0.661857,0.54975
2003/3/12 0:00,0.658045,1.487212,0.809776,0.832626,0.146436,0.010465,0.662778,0.55305
2003/3/13 0:00,0.65164,1.487212,0.808211,0.823011,0.146501,0.010465,0.661419,0.5449
2003/3/14 0:00,0.64465,1.457212,0.807852,0.827695,0.145243,0.010664,0.652997,0.5353
2003/3/15 0:00,0.64386,1.4413120000000001,0.804473,0.829731,0.145311,0.01069,0.653381,0.53035
2003/3/16 0:00,0.6502,1.451422,0.798276,0.827198,0.145448,0.010718,0.65703,0.53425
2003/3/17 0:00,0.6464,1.433163,0.783177,0.83633,0.145279,0.010817,0.655136,0.5331
2003/3/18 0:00,0.646,1.438953,0.786906,0.82021,0.14545,0.010779,0.656556,0.5249
2003/3/19 0:00,0.661555,1.48581,0.795732,0.831324,0.145349,0.010745,0.664099,0.541735
2003/3/20 0:00,0.65996,1.47775,0.794123,0.828706,0.145486,0.010812,0.664894,0.54364
2003/3/21 0:00,0.66135,1.483,0.796273,0.83633,0.145666,0.010767,0.667958,0.5477
2003/3/22 0:00,0.67125,1.49385,0.814697,0.840866,0.145966,0.010901,0.672789,0.55245
2003/3/23 0:00,0.6634,1.49565,0.802439,0.84987,0.146145,0.010948,0.671547,0.54725
2003/3/24 0:00,0.6678,1.529695,0.810898,0.863353,0.146,0.01102,0.677415,0.5544
2003/3/25 0:00,0.6729,1.526975,0.814538,0.872372,0.146092,0.011104,0.679995,0.56375
2003/3/26 0:00,0.69625,1.545015,0.828552,0.921082,0.146257,0.011385,0.693193,0.5887
2003/3/27 0:00,0.698155,1.5063,0.835579,0.927803,0.146316,0.011131,0.698227,0.59334
2003/3/28 0:00,0.6832,1.49555,0.822639,0.907647,0.146109,0.01122,0.684932,0.57515
2003/3/29 0:00,0.683635,1.4811,0.820698,0.913977,0.145988,0.011104,0.69056,0.57465
2003/3/30 0:00,0.68105,1.47145,0.82149,0.921065,0.146017,0.011045,0.692473,0.5683
2003/3/31 0:00,0.683155,1.474975,0.823079,0.930735,0.146017,0.01104,0.691324,0.5744
2003/4/1 0:00,0.68395,1.47405,0.823147,0.927128,0.146017,0.011059,0.691372,0.57405
2003/4/2 0:00,0.6875,1.46645,0.818398,0.936637,0.146017,0.011033,0.690322,0.57995
2003/4/3 0:00,0.69353,1.45975,0.819874,0.9602,0.146066,0.011101,0.694782,0.5822
2003/4/4 0:00,0.69065,1.44191,0.818404,0.947733,0.146342,0.011063,0.69541,0.5769
2003/4/5 0:00,0.6927,1.446605,0.813256,0.938685,0.146342,0.011015,0.694203,0.5797
2003/4/6 0:00,0.7024,1.459,0.819504,0.940424,0.146342,0.011022,0.69541,0.58015
2003/4/7 0:00,0.71355,1.45345,0.829119,0.92554,0.146563,0.01086,0.687049,0.58875
2003/4/8 0:00,0.71525,1.467805,0.839983,0.900617,0.146381,0.01072,0.679163,0.58835
2003/4/9 0:00,0.722945,1.49275,0.844096,0.896298,0.146274,0.010662,0.680133,0.59745
2003/4/10 0:00,0.71523,1.51395,0.839137,0.909178,0.146346,0.010789,0.679302,0.5954
2003/4/11 0:00,0.7086,1.5191,0.843942,0.912326,0.146312,0.01096,0.676361,0.59315
2003/4/12 0:00,0.69965,1.51465,0.841468,0.897545,0.14627279999999998,0.011091,0.673355,0.58855
2003/4/13 0:00,0.68445,1.4838,0.830634,0.895977,0.14616639999999997,0.011212,0.672563,0.57975
2003/4/14 0:00,0.66606,1.45565,0.814531,0.889798,0.146401,0.011162,0.671727,0.5503
2003/4/15 0:00,0.66387,1.46085,0.806354,0.894534,0.1463662,0.011197,0.669882,0.54275
2003/4/16 0:00,0.656965,1.4604,0.792343,0.890468,0.14628480000000002,0.011162,0.667379,0.53125
2003/4/17 0:00,0.6657,1.4739,0.802761,0.895175,0.146263,0.011021,0.671276,0.5416
2003/4/18 0:00,0.67005,1.45212,0.79923,0.885347,0.14634,0.011064,0.668986,0.544565
2003/4/19 0:00,0.64875,1.39285,0.790061,0.871498,0.14618,0.011133,0.663262,0.52113
2003/4/20 0:00,0.647755,1.37635,0.786968,0.870815,0.146205,0.011342,0.664231,0.5203
2003/4/21 0:00,0.6526,1.37365,0.791838,0.866326,0.146261,0.01127,0.666667,0.5254
2003/4/22 0:00,0.660332,1.395889,0.819368,0.874279,0.146203,0.011204,0.667065,0.530383
2003/4/23 0:00,0.6619,1.4018,0.818599,0.881294,0.146205,0.011226,0.667067,0.52865
2003/4/24 0:00,0.6608,1.4169,0.814133,0.878002,0.146205,0.011261,0.663614,0.5283
2003/4/25 0:00,0.66766,1.42945,0.827044,0.872334,0.146205,0.011146,0.667289,0.534235
2003/4/26 0:00,0.6537,1.42855,0.818331,0.86847,0.146205,0.011139,0.663174,0.51425
2003/4/27 0:00,0.6366,1.44725,0.813802,0.859882,0.146205,0.01111,0.662208,0.5078
2003/4/28 0:00,0.6314,1.416285,0.808483,0.858575,0.146007,0.01113,0.660284,0.50205
2003/4/29 0:00,0.65035,1.4432,0.812018,0.873859,0.146192,0.011186,0.664408,0.513355
2003/4/30 0:00,0.649245,1.446775,0.814797,0.863625,0.146383,0.011152,0.664099,0.51145
2003/5/1 0:00,0.65505,1.464925,0.815461,0.85859,0.146306,0.010917,0.665292,0.51845
2003/5/2 0:00,0.6755,1.47895,0.818666,0.861809,0.146355,0.010888,0.66912,0.53115
2003/5/3 0:00,0.67845,1.490575,0.82021,0.860811,0.146205,0.010942,0.669075,0.53875
2003/5/4 0:00,0.654103,1.435996,0.804793,0.861946,0.146323,0.011028,0.664302,0.525209
2003/5/5 0:00,0.650714,1.424471,0.802067,0.859732,0.146295,0.011042,0.661626,0.520059
2003/5/6 0:00,0.652,1.42615,0.80289,0.859919,0.146351,0.011004,0.661419,0.5222
2003/5/7 0:00,0.648082,1.426519,0.80371,0.860047,0.146501,0.010892,0.659333,0.516516
2003/5/8 0:00,0.65127,1.42615,0.804441,0.859956,0.146462,0.010906,0.659087,0.5196
2003/5/9 0:00,0.6386,1.4256,0.792487,0.849907,0.1462832,0.010821,0.653702,0.50945
2003/5/10 0:00,0.6356,1.41925,0.793084,0.847565,0.1462256,0.010678,0.652955,0.50815
2003/5/11 0:00,0.6456,1.43245,0.796972,0.8584686000000001,0.1463762,0.010607,0.65505,0.51247
2003/5/12 0:00,0.642,1.4437,0.798531,0.865688,0.1463106,0.010714,0.653211,0.5069
2003/5/13 0:00,0.6446,1.4506,0.799424,0.85706,0.1463106,0.010557,0.654493,0.50925
2003/5/14 0:00,0.650355,1.448485,0.805338,0.861991,0.14627500000000002,0.010327,0.657354,0.514165
2003/5/15 0:00,0.6478,1.42605,0.795982,0.858516,0.1463762,0.010282,0.653894,0.51165
2003/5/16 0:00,0.6506,1.43075,0.800138,0.858185,0.146272,0.010167,0.650195,0.5095
2003/5/17 0:00,0.642,1.427,0.785053,0.854518,0.146222,0.01025,0.647207,0.5025
2003/5/18 0:00,0.62985,1.3978,0.775624,0.852232,0.146084,0.010292,0.642302,0.49225
2003/5/19 0:00,0.6409,1.40755,0.774644,0.850847,0.146152,0.010176,0.645328,0.49765
2003/5/20 0:00,0.65015,1.4148,0.78232,0.850304,0.146126,0.010069,0.647165,0.5065
2003/5/21 0:00,0.6366,1.41265,0.775585,0.854555,0.146169,0.010219,0.643376,0.49755
2003/5/22 0:00,0.64055,1.4068,0.78061,0.863148,0.146199,0.010174,0.647124,0.5023
2003/5/23 0:00,0.6321,1.37685,0.768403,0.862999,0.146165,0.010112,0.645619,0.4932
2003/5/24 0:00,0.6448,1.37685,0.778574,0.864715,0.146195,0.010137,0.651042,0.50115
2003/5/25 0:00,0.647765,1.37871,0.778083,0.864383,0.146173,0.010254,0.653467,0.50615
2003/5/26 0:00,0.65196,1.391705,0.781244,0.841885,0.146224,0.010242,0.653637,0.51904
2003/5/27 0:00,0.656196,1.40249,0.784588,0.840822,0.146214,0.010176,0.600799,0.523574
2003/5/28 0:00,0.65905,1.40705,0.786402,0.84311,0.146235,0.010168,0.651593,0.5295
2003/5/29 0:00,0.6604,1.4035,0.787371,0.845523,0.146261,0.010146,0.653189,0.5298
2003/5/30 0:00,0.6778,1.4289,0.801218,0.877116,0.14631,0.010414,0.660502,0.54435
2003/5/31 0:00,0.6856,1.4474,0.804926,0.889442,0.14649,0.010555,0.661879,0.5553
2003/6/1 0:00,0.696,1.45095,0.810626,0.889442,0.146484,0.010369,0.661682,0.5639
2003/6/2 0:00,0.7076,1.46315,0.817996,0.890076,0.146331,0.010277,0.664143,0.5733
2003/6/3 0:00,0.6964,1.46785,0.812282,0.884212,0.146428,0.010232,0.660306,0.56015
2003/6/4 0:00,0.7006,1.4595,0.813504,0.891186,0.146394,0.010229,0.662383,0.5707
2003/6/5 0:00,0.70205,1.4498,0.811227,0.887154,0.146372,0.010144,0.662756,0.579
2003/6/6 0:00,0.68565,1.42115,0.803161,0.871612,0.146372,0.010278,0.657916,0.562845
2003/6/7 0:00,0.6806,1.42485,0.792258,0.86904,0.146293,0.010263,0.656534,0.5617
2003/6/8 0:00,0.6924,1.42995,0.793399,0.877443,0.146278,0.010086,0.657419,0.5687
2003/6/9 0:00,0.693,1.4392,0.789733,0.871042,0.146327,0.010151,0.657009,0.5612
2003/6/10 0:00,0.7165,1.472585,0.807754,0.881718,0.146316,0.010061,0.666178,0.58063
2003/6/11 0:00,0.7174,1.4887,0.81473,0.886918,0.146295,0.009954,0.664408,0.5927
2003/6/12 0:00,0.71265,1.47465,0.806842,0.879662,0.14631,0.009896,0.66357,0.5874
2003/6/13 0:00,0.712655,1.475115,0.807696,0.874967,0.146299,0.009951,0.66072,0.575965
2003/6/14 0:00,0.716306,1.461265,0.814759,0.86297,0.146306,0.009954,0.659804,0.580112
2003/6/15 0:00,0.7198,1.46575,0.813339,0.866213,0.146295,0.009978,0.6595,0.58085
2003/6/16 0:00,0.728371,1.490237,0.826898,0.878162,0.146349,0.010093,0.668165,0.585391
2003/6/17 0:00,0.722773,1.499019,0.830595,0.87311,0.146346,0.010062,0.665642,0.575507
2003/6/18 0:00,0.7284,1.4996,0.830875,0.874814,0.146359,0.010064,0.666311,0.58105
2003/6/19 0:00,0.7236,1.480475,0.824776,0.857339,0.146357,0.010077,0.665735,0.5701
2003/6/20 0:00,0.6963,1.454,0.807396,0.855395,0.146349,0.010215,0.662011,0.5504
2003/6/21 0:00,0.71237,1.46988,0.81077,0.858141,0.146479,0.010135,0.664452,0.5651
2003/6/22 0:00,0.70527,1.4489,0.806699,0.859321,0.146424,0.010203,0.663438,0.5554
2003/6/23 0:00,0.7195,1.46625,0.825457,0.879624,0.146479,0.010333,0.669882,0.56695
2003/6/24 0:00,0.71144,1.4636,0.819884,0.864827,0.146494,0.010334,0.668226,0.5661
2003/6/25 0:00,0.7067,1.4633,0.820412,0.875051,0.146464,0.01037,0.668092,0.55885
2003/6/26 0:00,0.725455,1.47701,0.831241,0.8706124,0.14652,0.01026,0.673673,0.5717
2003/6/27 0:00,0.7264,1.478595,0.837065,0.8706124,0.146638,0.01013,0.674263,0.564735
2003/6/28 0:00,0.73015,1.49125,0.843384,0.8759446000000001,0.146638,0.010074,0.674992,0.57
2003/6/29 0:00,0.73875,1.497115,0.849542,0.8759446000000001,0.146531,0.010103,0.678841,0.57415
2003/6/30 0:00,0.7418,1.5089,0.850568,0.8863123999999999,0.146656,0.010116,0.678771,0.5807
2003/7/1 0:00,0.75425,1.5012,0.854555,0.7209512,0.146589,0.01009,0.679394,0.5909
2003/7/2 0:00,0.7609,1.5241,0.868961,0.7254536,0.146606,0.010156,0.685448,0.5978
2003/7/3 0:00,0.76856,1.521685,0.869452,0.7327882,0.146606,0.010127,0.684697,0.6066
2003/7/4 0:00,0.7617,1.5149,0.861401,0.7254536,0.146593,0.010255,0.683667,0.6057
2003/7/5 0:00,0.767711,1.530936,0.863306,0.7327882,0.146606,0.010402,0.687654,0.606306
2003/7/6 0:00,0.7586,1.5225,0.853461,0.7209512,0.146548,0.010444,0.68292,0.5937
2003/7/7 0:00,0.748999,1.516751,0.849474,0.7209512,0.146402,0.010525,0.679781,0.585209
2003/7/8 0:00,0.77403,1.5477,0.864521,0.7311143999999999,0.146518,0.010406,0.68362,0.60205
2003/7/9 0:00,0.775945,1.573377,0.875937,0.7543930000000001,0.146424,0.010523,0.685628,0.605657
2003/7/10 0:00,0.7785,1.588889,0.890025,0.7679756,0.146533,0.010587,0.693849,0.620973
2003/7/11 0:00,0.78455,1.592,0.892061,0.7679756,0.146533,0.010551,0.693289,0.6213
2003/7/12 0:00,0.782145,1.5908,0.88851,0.7679756,0.146544,0.010558,0.691085,0.6196
2003/7/13 0:00,0.784365,1.59341,0.892303,0.7679756,0.146426,0.010537,0.690274,0.62303
2003/7/14 0:00,0.7862,1.6055,0.899535,0.7679756,0.146424,0.010522,0.689037,0.6216
2003/7/15 0:00,0.780655,1.5882,0.894779,0.7679756,0.146449,0.010309,0.6879,0.620935
2003/7/16 0:00,0.805716,1.621386,0.919604,0.9090514000000001,0.146455,0.010491,0.694011,0.643275
2003/7/17 0:00,0.81105,1.643815,0.916632,0.9300881999999999,0.146449,0.010379,0.694469,0.64735
2003/7/18 0:00,0.82045,1.65855,0.924471,0.9306172,0.146417,0.010458,0.696108,0.6556
2003/7/19 0:00,0.8014,1.628585,0.904895,0.9305738,0.146449,0.010414,0.692185,0.63175
2003/7/20 0:00,0.79795,1.61,0.908802,0.9121729999999999,0.14634,0.010351,0.691136,0.6309
2003/7/21 0:00,0.7979,1.598,0.893575,0.9121729999999999,0.146359,0.010119,0.685977,0.6323
2003/7/22 0:00,0.79215,1.60905,0.897585,0.8357713999999999,0.146291,0.010197,0.683264,0.62283
2003/7/23 0:00,0.8007,1.630808,0.90559,0.9295358,0.146348,0.01028,0.68919,0.629049
2003/7/24 0:00,0.8043,1.63329,0.901969,0.9295358,0.146346,0.010192,0.687474,0.6296
2003/7/25 0:00,0.82044,1.6546,0.90996,0.9319427999999998,0.146252,0.010221,0.689275,0.64435
2003/7/26 0:00,0.8133,1.64295,0.894614,0.93075,0.14634,0.010164,0.689085,0.6427
2003/7/27 0:00,0.7914,1.6256,0.880359,0.9206078,0.14625,0.010196,0.684229,0.62855
2003/7/28 0:00,0.796735,1.641885,0.88169,0.9220522000000001,0.146327,0.010353,0.687602,0.6329
2003/7/29 0:00,0.80356,1.63669,0.887057,0.9295358,0.146295,0.010377,0.687803,0.643173
2003/7/30 0:00,0.811013,1.653783,0.885905,0.9279847999999999,0.146263,0.010401,0.688204,0.647395
2003/7/31 0:00,0.80053,1.64718,0.879275,0.9227748,0.146272,0.010435,0.686153,0.6384
2003/8/1 0:00,0.7842,1.6308,0.866664,0.922658,0.146306,0.010483,0.684322,0.6277
2003/8/2 0:00,0.7945,1.64515,0.869497,0.9195608,0.146252,0.010472,0.687015,0.6384
2003/8/3 0:00,0.7974,1.64235,0.865643,0.911162,0.146338,0.010435,0.685918,0.63875
2003/8/4 0:00,0.79755,1.63505,0.862813,0.913684,0.146308,0.010401,0.686059,0.6421
2003/8/5 0:00,0.8054,1.65265,0.867227,0.922126,0.146323,0.010499,0.684932,0.644
2003/8/6 0:00,0.8064,1.65265,0.867227,0.922637,0.146323,0.010499,0.684932,0.64525
2003/8/7 0:00,0.8066,1.654205,0.864192,0.921799,0.14631,0.010423,0.688184,0.650555
2003/8/8 0:00,0.804122,1.641913,0.870097,0.928175,0.146302,0.010353,0.691162,0.638633
2003/8/9 0:00,0.79896,1.641849,0.86385,0.922657,0.146332,0.01041,0.689479,0.632245
2003/8/10 0:00,0.79345,1.628,0.860733,0.920107,0.146364,0.010385,0.687403,0.627
2003/8/11 0:00,0.78975,1.60759,0.857229,0.91781,0.146334,0.010385,0.684104,0.628223
2003/8/12 0:00,0.7751,1.60078,0.855176,0.91529,0.146334,0.010537599999999998,0.684135,0.621345
2003/8/13 0:00,0.785238,1.634014,0.861289,0.928203,0.14634,0.010392400000000001,0.685871,0.630855
2003/8/14 0:00,0.77915,1.619355,0.860748,0.921999,0.146355,0.010385,0.683807,0.629148
2003/8/15 0:00,0.775104,1.621547,0.859402,0.920429,0.146355,0.010385,0.683527,0.629604
2003/8/16 0:00,0.77853,1.61535,0.859753,0.920768,0.146355,0.010385,0.68362,0.62616
2003/8/17 0:00,0.78115,1.62091,0.867769,0.922552,0.14634,0.010385,0.684135,0.6335
2003/8/18 0:00,0.787165,1.63191,0.881679,0.918493,0.146351,0.0103762,0.684744,0.63955
2003/8/19 0:00,0.801378,1.641699,0.896298,0.929627,0.146359,0.0105816,0.688468,0.647605
2003/8/20 0:00,0.802439,1.645116,0.893815,0.929774,0.146381,0.0104764,0.688658,0.644538
2003/8/21 0:00,0.802923,1.633947,0.896146,0.930233,0.146385,0.010612,0.689489,0.644496
2003/8/22 0:00,0.800993,1.6332,0.897022,0.928893,0.146385,0.010618,0.689417,0.643087
2003/8/23 0:00,0.803213,1.633747,0.89674,0.929152,0.146385,0.010611,0.689227,0.645494
2003/8/24 0:00,0.813703,1.652114,0.903628,0.93576,0.146355,0.010617,0.694155,0.65505
2003/8/25 0:00,0.810833,1.640891,0.901555,0.934964,0.146376,0.01069,0.692881,0.651954
2003/8/26 0:00,0.818967,1.647487,0.910486,0.939086,0.146379,0.010678,0.693626,0.661748
2003/8/27 0:00,0.81696,1.652101,0.919709,0.932053,0.146376,0.010497,0.6943,0.657592
2003/8/28 0:00,0.818431,1.645292,0.921786,0.935252,0.146359,0.010549,0.694806,0.65783
2003/8/29 0:00,0.816027,1.643007,0.920387,0.932966,0.146359,0.01055,0.694469,0.656491
2003/8/30 0:00,0.816027,1.643007,0.920387,0.932966,0.146359,0.01055,0.694469,0.656491
2003/8/31 0:00,0.82176,1.649253,0.923745,0.933228,0.146383,0.01051,0.694203,0.655437
2003/9/1 0:00,0.824504,1.641915,0.919299,0.929316,0.146394,0.010583,0.693698,0.657484
2003/9/2 0:00,0.814797,1.636996,0.916884,0.917204,0.146361,0.010528,0.690799,0.654151
2003/9/3 0:00,0.827438,1.650002,0.923873,0.919587,0.146357,0.010449,0.69365,0.653253
2003/9/4 0:00,0.83375,1.670551,0.927515,0.936812,0.146368,0.010555,0.694975,0.660458
2003/9/5 0:00,0.835352,1.671305,0.8710476,0.935979,0.146368,0.010563,0.69483,0.664231
2003/9/6 0:00,0.835317,1.671305,0.8710476,0.935979,0.146368,0.010563,0.69483,0.664209
2003/9/7 0:00,0.841184,1.69608,0.913206,0.943931,0.146391,0.010499,0.697934,0.667468
2003/9/8 0:00,0.840619,1.692391,0.9070666,0.943009,0.146406,0.010505,0.697739,0.666289
2003/9/9 0:00,0.841008,1.702751,0.9475794000000001,0.943352,0.146376,0.010552,0.7044368,0.673605
2003/9/10 0:00,0.838504,1.677501,0.7286212,0.6848444,0.146385,0.010463,0.6958798,0.669635
2003/9/11 0:00,0.838012,1.668001,0.7280366,0.685447,0.146374,0.010244,0.6962174,0.672721
2003/9/12 0:00,0.836155,1.669254,0.7280366,0.6854469999999999,0.146374,0.010262,0.6962173999999999,0.672495
2003/9/13 0:00,0.838821,1.669254,0.7277072,0.6848956,0.146374,0.010262,0.6969449999999999,0.67365
2003/9/14 0:00,0.833576,1.644047,0.774043,0.685447,0.146312,0.010294,0.6989032,0.673197
2003/9/15 0:00,0.82991,1.647446,0.8600648,0.7260888000000001,0.146306,0.010423,0.7034176,0.669098
2003/9/16 0:00,0.83382,1.653357,0.774043,0.685447,0.146304,0.010401,0.6989032,0.67297
2003/9/17 0:00,0.841255,1.658059,0.772207,0.6842836,0.146338,0.010512,0.6991936,0.678633
2003/9/18 0:00,0.828397,1.652811,0.7260719999999999,0.6842836000000001,0.14634,0.010534,0.6991935999999999,0.677599
2003/9/19 0:00,0.832085,1.652811,0.7260719999999999,0.6842836,0.14634,0.010534,0.6991935999999999,0.677599
2003/9/20 0:00,0.832085,1.63223,0.775232,0.682872,0.146267,0.010599,0.6982075999999999,0.668135
2003/9/21 0:00,0.824063,1.634949,0.8156690000000001,0.7260888000000001,0.146308,0.010546,0.6995476,0.669591
2003/9/22 0:00,0.824198,1.656589,0.7717858,0.6848956,0.146316,0.010561,0.6988931999999999,0.673696
2003/9/23 0:00,0.830565,1.655752,0.8130928000000001,0.6848956,0.146276,0.01065,0.700554,0.675014
2003/9/24 0:00,0.831186,1.650219,0.7265772,0.682937,0.146374,0.010626,0.6978218,0.675836
2003/9/25 0:00,0.833194,1.648805,0.7722070000000001,0.6890774000000001,0.146381,0.010597,0.7000168,0.682105
2003/9/26 0:00,0.834794,1.65041,0.8143976,0.6920972,0.146381,0.010595,0.7022244000000001,0.682501
2003/9/27 0:00,0.834794,1.65041,0.8143976,0.6920972,0.146381,0.010595,0.7022244000000001,0.682501
2003/9/28 0:00,0.838223,1.640406,0.9435224,0.7423146,0.146381,0.010586,0.7005658000000001,0.686153
2003/9/29 0:00,0.835666,1.634414,0.8573831999999999,0.7440185999999999,0.146376,0.010631,0.6996648000000001,0.684346
2003/9/30 0:00,0.826651,1.621652,0.7260719999999999,0.6842836,0.146383,0.010608,0.6991936,0.680342
2003/10/1 0:00,0.83682,1.620444,0.8573831999999999,0.7408081999999999,0.146374,0.01067,0.7022244000000001,0.683457
2003/10/2 0:00,0.841468,1.629208,0.9404828000000001,0.791219,0.146387,0.010691,0.7001534,0.685049
2003/10/3 0:00,0.841963,1.627353,0.9404828000000001,0.7415376,0.146387,0.010691,0.7027064000000001,0.686412
2003/10/4 0:00,0.842531,1.6328,0.9404828000000001,0.8412805999999999,0.146387,0.010886,0.6996648000000001,0.686412
2003/10/5 0:00,0.842212,1.62885,0.9404828000000001,0.791219,0.146402,0.010756,0.7001534,0.685354
2003/10/6 0:00,0.827575,1.613801,0.8130928000000001,0.6848956,0.146404,0.010747,0.700554,0.67415
2003/10/7 0:00,0.835981,1.626453,0.7277072,0.6848956,0.146396,0.010844,0.696945,0.674059
2003/10/8 0:00,0.839772,1.632347,0.772207,0.6842836000000001,0.146398,0.010804,0.7014994,0.677667
2003/10/9 0:00,0.851752,1.6396,0.9634254,0.6959517999999999,0.146402,0.010757,0.7054750000000001,0.68861
2003/10/10 0:00,0.848428,1.637653,0.9621013999999999,0.6933618,0.146402,0.010753,0.7079512,0.686412
2003/10/11 0:00,0.851571,1.639653,0.9634254,0.6961642,0.146402,0.010763,0.7080834,0.686412
2003/10/12 0:00,0.856384,1.6332,0.9614276,0.943218,0.146406,0.010761,0.7156618000000001,0.693193
2003/10/13 0:00,0.863483,1.651241,0.9688316,0.9568,0.146464,0.01086,0.7156618,0.697058
2003/10/14 0:00,0.862515,1.654711,0.9688316,0.959785,0.146451,0.010867,0.7156618,0.69604
2003/10/15 0:00,0.863931,1.66707,0.9758199999999999,0.964288,0.146426,0.01091,0.718526,0.703655
2003/10/16 0:00,0.863894,1.668599,0.9736676,0.963428,0.146471,0.011057,0.7213109999999999,0.707164
2003/10/17 0:00,0.86285,1.667862,0.9758199999999999,0.963855,0.146471,0.011029,0.718526,0.7043
2003/10/18 0:00,0.862589,1.667042,0.9758199999999999,0.964041,0.146471,0.011031,0.718526,0.706015
2003/10/19 0:00,0.859107,1.656603,0.9677834000000001,0.965531,0.146441,0.010989,0.7156618,0.698763
2003/10/20 0:00,0.863632,1.649403,0.9758199999999999,0.967165,0.146434,0.010993,0.718526,0.704151
2003/10/21 0:00,0.873401,1.647894,0.964002,0.96918,0.146469,0.010988,0.7206674,0.71375
2003/10/22 0:00,0.871004,1.645806,0.9694803999999999,0.971204,0.146486,0.010967,0.721311,0.709673
2003/10/23 0:00,0.868621,1.626294,0.9685782,0.9568764,0.146454,0.010942,0.721311,0.709849
2003/10/24 0:00,0.866964,1.62685,0.9660743999999999,0.9608566,0.146454,0.010949,0.7213109999999999,0.709019
2003/10/25 0:00,0.866964,1.62685,0.9660743999999999,0.9608566,0.146454,0.010949,0.7213109999999999,0.709019
2003/10/26 0:00,0.863222,1.621113,0.9679468,0.9582186,0.146436,0.010864,0.7156939999999999,0.707664
2003/10/27 0:00,0.8925118000000001,1.636193,0.9500936,0.976563,0.146477,0.010972,0.7140166000000001,0.719554
2003/10/28 0:00,0.9016889999999999,1.641457,0.9256656,0.976944,0.146497,0.010943,0.7139458000000001,0.726137
2003/10/29 0:00,0.8772914,1.603849,0.9607374,0.969086,0.146482,0.010925,0.7119676,0.716794
2003/10/30 0:00,0.8752355999999999,1.594451,0.9519984000000001,0.971487,0.146436,0.011131,0.7094413999999999,0.715564
2003/10/31 0:00,0.8752355999999999,1.597444,0.9519984000000001,0.973236,0.146436,0.011156,0.7107284,0.716794
2003/11/1 0:00,0.8752355999999999,1.597444,0.9519984000000001,0.973236,0.146436,0.011156,0.7107284,0.716794
2003/11/2 0:00,0.8806407999999999,1.587591,0.919244,0.968664,0.146451,0.011174,0.7330726000000001,0.718236
2003/11/3 0:00,0.9030657999999999,1.595202,0.922016,0.964841,0.146464,0.011095,0.7249534000000001,0.716743
2003/11/4 0:00,0.9253818,1.600256,0.93541,0.96493,0.14649,0.011147,0.7356738,0.72338
2003/11/5 0:00,0.8848341999999999,1.594896,0.925583,0.960108,0.146488,0.01115,0.7225838,0.716589
2003/11/6 0:00,0.8819126,1.595202,0.925283,0.968476,0.146488,0.011173,0.7277920000000001,0.718184
2003/11/7 0:00,0.8291216,1.587654,0.923788,0.963206,0.14668319999999999,0.011143,0.7240342,0.716589
2003/11/8 0:00,0.8104047999999999,1.587654,0.923788,0.963206,0.14646540000000002,0.011143,0.706714,0.716589
2003/11/9 0:00,0.9511151999999999,1.594795,0.931749,0.96857,0.1464572,0.011155,0.709522,0.725953
2003/11/10 0:00,0.9567446000000001,1.592902,0.945104,0.974991,0.14645160000000002,0.011265,0.71375,0.734053
2003/11/11 0:00,0.9377150000000001,1.59052,0.941531,0.967165,0.1464572,0.011259,0.713419,0.732789
2003/11/12 0:00,1.0105988,1.610397,0.949834,0.976796,0.1449576,0.011324,0.719735,0.745156
2003/11/13 0:00,0.912992,1.58715,0.958359,0.967258,0.14646140000000002,0.011135,0.71736,0.731689
2003/11/14 0:00,0.912992,1.589547,0.959693,0.972668,0.14646140000000002,0.011138,0.716435,0.732091
2003/11/15 0:00,0.912992,1.589547,0.959693,0.972668,0.14646140000000002,0.011138,0.716435,0.732091
2003/11/16 0:00,0.9129919999999998,1.579317,0.967413,0.975229,0.14646140000000002,0.011137,0.715564,0.734754
2003/11/17 0:00,0.9187474,1.5886,0.970167,0.97766,0.14646140000000002,0.011148,0.715333,0.734754
2003/11/18 0:00,0.9212016000000001,1.596857,0.973047,0.983043,0.14646140000000002,0.011188,0.718571,0.737436
2003/11/19 0:00,0.9741110000000001,1.625303,0.968335,0.984882,0.1464798,0.011043,0.719709,0.743688
2003/11/20 0:00,0.9751788000000001,1.634454,0.963855,0.981595,0.14648,0.011006,0.718184,0.738634
2003/11/21 0:00,0.9751787999999999,1.635256,0.964878,0.981981,0.14648,0.011002,0.71821,0.739317
2003/11/22 0:00,0.9751787999999999,1.635256,0.964878,0.981981,0.14648,0.011002,0.71821,0.739317
2003/11/23 0:00,0.961481,1.641591,0.970403,0.988093,0.144571,0.01103,0.719891,0.753438
2003/11/24 0:00,0.920471,1.634949,0.953039,0.986145,0.14567400000000003,0.011008,0.71623,0.746018
2003/11/25 0:00,0.929109,1.660247,0.961677,0.994481,0.1448008,0.010987,0.719062,0.758754
2003/11/26 0:00,0.92366,1.661406,0.953698,0.993345,0.144571,0.010944,0.717026,0.75429
2003/11/27 0:00,0.925198,1.632693,0.95143,0.993789,0.144571,0.010879,0.717824,0.756344
2003/11/28 0:00,0.921999,1.630803,0.949307,0.991375,0.144571,0.010862,0.716872,0.754546
2003/11/29 0:00,0.921999,1.630803,0.949307,0.991375,0.144571,0.010862,0.716872,0.754546
2003/11/30 0:00,0.91878,1.633547,0.940468,0.984204,0.144571,0.010862,0.715896,0.748811
2003/12/1 0:00,0.915206,1.634548,0.939161,0.97682,0.1449598,0.010856,0.71495,0.744158
2003/12/2 0:00,0.896861,1.640595,0.927394,0.973743,0.1464786,0.011037,0.712301,0.728147
2003/12/3 0:00,0.915793,1.656493,0.936847,0.983043,0.145673,0.010945,0.715461,0.734619
2003/12/4 0:00,0.901469,1.645508,0.926097,0.974754,0.1464786,0.011069,0.714286,0.719011
2003/12/5 0:00,0.900739,1.644548,0.921956,0.974042,0.1466894,0.011101,0.713623,0.718985
2003/12/6 0:00,0.900739,1.644548,0.921956,0.974042,0.1466894,0.011101,0.713623,0.718985
2003/12/7 0:00,0.908637,1.640541,0.930925,0.982555,0.1464802,0.011042,0.715896,0.721761
2003/12/8 0:00,0.897787,1.638391,0.934492,0.970261,0.1464802,0.011075,0.713012,0.716692
2003/12/9 0:00,0.90905,1.657097,0.938835,0.982463,0.1464812,0.010996,0.716332,0.725058
2003/12/10 0:00,0.908843,1.656658,0.938394,0.983236,0.1464772,0.011058,0.716692,0.718546
2003/12/11 0:00,0.917726,1.659903,0.934798,0.984804,0.14613939999999997,0.011135,0.717875,0.725742
2003/12/12 0:00,0.918274,1.661709,0.92993,0.982994,0.145673,0.011127,0.718004,0.725032
2003/12/13 0:00,0.918274,1.661709,0.92993,0.982994,0.145673,0.011127,0.718004,0.725032
2003/12/14 0:00,0.929195,1.671794,0.946566,0.992211,0.1448208,0.011123,0.721293,0.740796
2003/12/15 0:00,0.92829,1.668599,0.950927,0.991036,0.1448208,0.011129,0.720202,0.74118
2003/12/16 0:00,0.927472,1.656918,0.9547,0.990982,0.1449568,0.011125,0.720487,0.738853
2003/12/17 0:00,0.924599,1.652961,0.949478,0.983807,0.14567519999999998,0.011062,0.719683,0.733595
2003/12/18 0:00,0.931272,1.6665,0.951665,0.986047,0.14482080000000003,0.011169,0.721293,0.742198
2003/12/19 0:00,0.93362,1.667195,0.950525,0.987459,0.1448208,0.011153,0.721631,0.743467
2003/12/20 0:00,0.93362,1.667195,0.950525,0.987459,0.1448208,0.011153,0.721631,0.743467
2003/12/21 0:00,0.937075,1.679148,0.956206,0.992226,0.144571,0.011194,0.722022,0.746965
2003/12/22 0:00,0.925883,1.677712,0.943841,0.980623,0.1448208,0.011188,0.720305,0.741757
2003/12/23 0:00,0.930146,1.675603,0.95249,0.991606,0.144571,0.011189,0.722883,0.746352
2003/12/24 0:00,0.916296,1.664281,0.938394,0.983623,0.145673,0.011241,0.719217,0.728651
2003/12/25 0:00,0.915751,1.65266,0.934012,0.982371,0.1464812,0.011245,0.720305,0.724822
2003/12/26 0:00,0.915248,1.652852,0.934754,0.983961,0.1464812,0.01125,0.720124,0.725189
2003/12/27 0:00,0.915248,1.652852,0.934754,0.983961,0.1464812,0.01125,0.720124,0.725189
2003/12/28 0:00,0.924471,1.662193,0.94767,0.990334,0.145282,0.011216,0.721839,0.734241
2003/12/29 0:00,0.916884,1.65788,0.942774,0.988377,0.1464812,0.011291,0.721553,0.723641
2003/12/30 0:00,0.927773,1.665986,0.9522,0.99956,0.14540340000000002,0.011406,0.72469,0.729341
2003/12/31 0:00,0.911369,1.649553,0.942551,0.994431,0.1464772,0.011561,0.722361,0.71449
2004/1/1 0:00,0.908554,1.64875,0.941349,0.993838,0.1464772,0.011505,0.720825,0.710454
2004/1/2 0:00,0.907606,1.647162,0.942063,0.994431,0.1464772,0.011551,0.720461,0.709799
2004/1/3 0:00,0.907606,1.647162,0.942063,0.994431,0.1464772,0.011551,0.720461,0.709799
2004/1/4 0:00,0.913743,1.639801,0.944724,0.994392,0.1464772,0.01161,0.7221,0.713547
2004/1/5 0:00,0.924556,1.661585,0.9496542,1.001452,0.1456722,0.011544,0.72469,0.728147
2004/1/6 0:00,0.925969,1.664752,0.9414743999999999,0.998602,0.14614159999999998,0.011466,0.724664,0.723956
2004/1/7 0:00,0.927042,1.65799,0.9464284,1.000951,0.146484,0.011342,0.724244,0.722961
2004/1/8 0:00,0.914662,1.652401,0.9368929999999999,0.986242,0.1464818,0.011132,0.720721,0.716102
2004/1/9 0:00,0.914829,1.65165,0.9369375999999999,0.985707,0.1464818,0.011045,0.720072,0.717
2004/1/10 0:00,0.915332,1.646443,0.9345678,0.982608,0.1464812,0.011055,0.71958,0.716255
2004/1/11 0:00,0.912825,1.642225,0.9370316000000001,0.980435,0.1464772,0.011182,0.719891,0.712555
2004/1/12 0:00,0.907812,1.629208,0.9435792000000001,0.976038,0.1464732,0.011313,0.717772,0.710227
2004/1/13 0:00,0.907441,1.623996,0.9486054000000002,0.974251,0.146475,0.011378,0.719088,0.712504
2004/1/14 0:00,0.9168,1.625395,0.9675607999999999,0.973947,0.1464768,0.011336,0.719709,0.729607
2004/1/15 0:00,0.91166,1.624207,0.9542334,0.966137,0.1464742,0.011212,0.718107,0.724297
2004/1/16 0:00,0.910913,1.623838,0.9542334,0.965065,0.1464742,0.011229,0.718494,0.72372
2004/1/17 0:00,0.910913,1.623838,0.9542334,0.965065,0.1464742,0.011229,0.718494,0.72372
2004/1/18 0:00,0.915039,1.628346,0.9675608,0.968335,0.1464768,0.011271,0.718701,0.728518
2004/1/19 0:00,0.906618,1.623548,0.9514644000000001,0.959509,0.1464732,0.011124,0.717154,0.721735
2004/1/20 0:00,0.901226,1.6378,0.9263790000000001,0.965624,0.1464772,0.011159,0.716076,0.721996
2004/1/21 0:00,0.885465,1.613372,0.9601520000000001,0.952971,0.1468932,0.011068,0.712124,0.710152
2004/1/22 0:00,0.885975,1.607278,0.9474614000000001,0.956448,0.14668,0.011049,0.712479,0.708617
2004/1/23 0:00,0.890591,1.614296,0.9430911999999999,0.959141,0.14647919999999998,0.011058,0.713267,0.711541
2004/1/24 0:00,0.890591,1.614296,0.8620171999999998,0.8920573999999999,0.13590580000000002,0.011058,0.713267,0.711541
2004/1/25 0:00,0.883158,1.608105,0.9209073999999999,0.8589594,0.13081320000000002,0.010994,0.711465,0.707814
2004/1/26 0:00,0.877424,1.594489,0.8653594,0.8224254,0.1361348,0.010904,0.710076,0.701853
2004/1/27 0:00,0.881018,1.595316,0.954818,0.9651944,0.1466918,0.010925,0.710026,0.705368
2004/1/28 0:00,0.882535,1.594007,0.953516,0.9651944,0.1467,0.010907,0.710606,0.704399
2004/1/29 0:00,0.884525,1.595991,0.953016,0.9651944,0.1466918,0.010958,0.710581,0.706215
2004/1/30 0:00,0.884525,1.601653,0.953062,0.9606612,0.1466924,0.010975,0.710581,0.706215
2004/1/31 0:00,0.884525,1.601653,0.953062,0.9606612,0.1466924,0.010975,0.710581,0.706215
2004/2/1 0:00,0.887469,1.599974,0.958603,0.9686986,0.14667560000000002,0.010918,0.711136,0.708567
2004/2/2 0:00,0.895736,1.588903,0.959417,0.9726589999999999,0.146426,0.010874,0.71182,0.718546
2004/2/3 0:00,0.894374,1.605214,0.949208,0.9662293999999999,0.1464616,0.01079,0.711592,0.721007
2004/2/4 0:00,0.89815,1.61845,0.955311,0.9629833999999999,0.1464732,0.010749,0.712403,0.725453
2004/2/5 0:00,0.897948,1.613007,0.949532,0.9635732000000001,0.146475,0.010742,0.711845,0.723432
2004/2/6 0:00,0.897948,1.613046,0.949532,0.9635732000000001,0.146475,0.010742,0.711845,0.723432
2004/2/7 0:00,0.897948,1.613046,0.949532,0.9635732000000001,0.146475,0.010742,0.711845,0.723432
2004/2/8 0:00,0.912575,1.610954,0.963377,0.9659446,0.1464666,0.010803,0.715692,0.732654
2004/2/9 0:00,0.912242,1.596704,0.961904,0.9746594,0.14646140000000002,0.010914,0.715512,0.732359
2004/2/10 0:00,0.919244,1.601422,0.96767,0.9746594,0.146449,0.010807,0.716974,0.735294
2004/2/11 0:00,0.916716,1.591115,0.966137,0.9746594,0.14646,0.010716,0.715743,0.732601
2004/2/12 0:00,0.921022,1.598261,0.966277,0.9746594,0.146466,0.010778,0.716538,0.733299
2004/2/13 0:00,0.924513,1.602153,0.970638,0.9746594,0.146466,0.010793,0.716923,0.736594
2004/2/14 0:00,0.924513,1.602153,0.970638,0.9746594,0.146466,0.010793,0.716923,0.736594
2004/2/15 0:00,0.929454,1.614479,0.969288,0.9800526000000002,0.146488,0.010881,0.720513,0.742005
2004/2/16 0:00,0.924129,1.618202,0.963855,0.9798401999999999,0.146486,0.010992,0.720202,0.74129
2004/2/17 0:00,0.921022,1.627194,0.967876,0.9808771999999999,0.146482,0.010933,0.720098,0.738525
2004/2/18 0:00,0.930189,1.632307,0.974469,0.9837064,0.146477,0.010984,0.720357,0.742308
2004/2/19 0:00,0.923404,1.623851,0.972101,0.9808772000000001,0.146477,0.011019,0.71883,0.738416
2004/2/20 0:00,0.922892,1.626558,0.971723,0.9808772000000001,0.146477,0.011009,0.719192,0.737844
2004/2/21 0:00,0.922509,1.626545,0.971723,0.9808772000000001,0.146477,0.011013,0.719166,0.737844
2004/2/22 0:00,0.927042,1.632786,0.975134,0.9808771999999999,0.146482,0.011018,0.719476,0.739098
2004/2/23 0:00,0.923105,1.63709,0.968429,0.9814765999999999,0.146482,0.010971,0.718597,0.737898
2004/2/24 0:00,0.908265,1.628691,0.954381,0.9664678,0.146471,0.01096,0.713929,0.719528
2004/2/25 0:00,0.904977,1.620247,0.953998,0.9679855999999999,0.146462,0.011079,0.714031,0.713318
2004/2/26 0:00,0.904977,1.611214,0.947508,0.9670446,0.146477,0.011093,0.713318,0.712504
2004/2/27 0:00,0.904486,1.611863,0.945626,0.9670446,0.146477,0.011128,0.711896,0.712809
2004/2/28 0:00,0.900739,1.611084,0.945626,0.9623794,0.146477,0.01113,0.711896,0.709572
2004/2/29 0:00,0.903996,1.624431,0.9441,0.9679855999999999,0.146479,0.011170799999999998,0.714541,0.714694
2004/3/1 0:00,0.900901,1.615587,0.94304,0.9662974,0.146486,0.0110934,0.712758,0.709069
2004/3/2 0:00,0.89662,1.62022,0.938086,0.9637698,0.146477,0.0110884,0.711997,0.706764
2004/3/3 0:00,0.896459,1.613944,0.939496,0.9623794,0.146479,0.0110934,0.712251,0.706564
2004/3/4 0:00,0.888336,1.600897,0.93835,0.9649954000000001,0.146479,0.0109794,0.711845,0.704871
2004/3/5 0:00,0.883783,1.600845,0.93423,0.9649954000000001,0.146479,0.010988000000000001,0.710278,0.704275
2004/3/6 0:00,0.883783,1.59821,0.93423,0.9628499999999999,0.146479,0.011007199999999998,0.710278,0.700967
2004/3/7 0:00,0.887705,1.59261,0.938632,0.966903,0.146477,0.011061,0.708065,0.706215
2004/3/8 0:00,0.884095,1.596297,0.942685,0.9686986000000001,0.14652,0.0110652,0.709572,0.711238
2004/3/9 0:00,0.881834,1.591672,0.942578,0.9651944,0.146479,0.010964999999999999,0.707965,0.707764
2004/3/10 0:00,0.865651,1.576541,0.932244,0.7930138,0.146479,0.009831199999999998,0.70373,0.687947
2004/3/11 0:00,0.861623,1.561646,0.932149,0.7898714,0.146445,0.009823000000000002,0.702889,0.683901
2004/3/12 0:00,0.861623,1.561256,0.934317,0.7904432,0.146445,0.009831199999999998,0.703136,0.683901
2004/3/13 0:00,0.861623,1.561256,0.934317,0.7904432,0.146445,0.009831199999999998,0.703136,0.683901
2004/3/14 0:00,0.870019,1.564945,0.934842,0.7949674,0.146477,0.009843799999999998,0.703482,0.687947
2004/3/15 0:00,0.877039,1.567152,0.936417,0.79653,0.146486,0.0098184,0.705965,0.694155
2004/3/16 0:00,0.873362,1.559843,0.937374,0.79653,0.146434,0.0098184,0.705069,0.691372
2004/3/17 0:00,0.888968,1.566244,0.95048,0.8484584,0.146331,0.010391599999999999,0.707714,0.700722
2004/3/18 0:00,0.883783,1.566392,0.949487,0.79653,0.146338,0.0098184,0.708215,0.694734
2004/3/19 0:00,0.887075,1.567005,0.950968,0.8484584000000002,0.146338,0.010391599999999999,0.708682,0.696379
2004/3/20 0:00,0.887075,1.567005,0.950968,0.8484584000000002,0.146338,0.010391599999999999,0.708682,0.696379
2004/3/21 0:00,0.889601,1.566342,0.954016,0.8482236000000001,0.14634,0.0104184,0.708366,0.698178
2004/3/22 0:00,0.899281,1.573193,0.958782,0.9487233999999999,0.14634,0.011336800000000001,0.711187,0.704821
2004/3/23 0:00,0.899523,1.570524,0.956114,0.9502878000000001,0.14634,0.011472800000000002,0.710732,0.703928
2004/3/24 0:00,0.896861,1.558118,0.956764,0.8984926,0.14634,0.0110644,0.710227,0.701557
2004/3/25 0:00,0.893655,1.542401,0.957488,0.7935586,0.146432,0.0099036,0.707564,0.694686
2004/3/26 0:00,0.895175,1.543329,0.961908,0.8497964,0.146432,0.0099036,0.708265,0.695797
2004/3/27 0:00,0.895175,1.543329,0.961908,0.8497964,0.146432,0.0099036,0.708265,0.695797
2004/3/28 0:00,0.8992,1.547485,0.958901,0.9689652000000001,0.146458,0.0117354,0.714335,0.700771
2004/3/29 0:00,0.894374,1.547054,0.951556,0.9666698,0.146451,0.011717999999999998,0.7197604,0.695362
2004/3/30 0:00,0.893975,1.543234,0.947867,0.9150002,0.146477,0.011188,0.7126615999999999,0.693097
2004/3/31 0:00,0.880824,1.520589,0.936672,0.8027094,0.146479,0.009948799999999999,0.7130744000000001,0.686012
2004/4/1 0:00,0.895736,1.523717,0.950561,0.9700782,0.146484,0.0116644,0.7180148,0.699741
2004/4/2 0:00,0.896138,1.523647,0.950751,0.9700782,0.146484,0.0116644,0.7211177999999999,0.699986
2004/4/3 0:00,0.896138,1.523647,0.950751,0.9700782,0.146484,0.0116644,0.7211177999999999,0.699986
2004/4/4 0:00,0.899928,1.497006,0.959463,0.9296554,0.14649,0.010831799999999999,0.7124546,0.698812
2004/4/5 0:00,0.903996,1.494076,0.96841,0.9376318000000001,0.146466,0.010296,0.7127874000000001,0.695943
2004/4/6 0:00,0.907276,1.510688,0.971997,0.8926999999999999,0.146501,0.0099004,0.7116858,0.694011
2004/4/7 0:00,0.899523,1.50263,0.969932,0.7913745999999999,0.146486,0.009781,0.705593,0.686813
2004/4/8 0:00,0.906947,1.512333,0.972271,0.8926999999999999,0.146488,0.010413799999999999,0.7116858,0.695507
2004/4/9 0:00,0.906372,1.511259,0.971308,0.8927000000000002,0.146488,0.010413799999999999,0.7116858,0.695072
2004/4/10 0:00,0.906372,1.511259,0.971308,0.8927000000000002,0.146488,0.010413799999999999,0.7116858,0.695072
2004/4/11 0:00,0.908265,1.50675,0.971817,0.9413706,0.146477,0.010296,0.7144704000000001,0.69935
2004/4/12 0:00,0.912825,1.499026,0.974754,0.9415584000000001,0.146469,0.0098356,0.7138558,0.701361
2004/4/13 0:00,0.91617,1.495774,0.975991,0.9418597999999999,0.146497,0.0108666,0.7137372,0.707014
2004/4/14 0:00,0.914746,1.504506,0.974184,0.9415583999999999,0.146494,0.0098356,0.7138558,0.699399
2004/4/15 0:00,0.915499,1.519018,0.982145,0.9454312,0.146512,0.0112722,0.7153238,0.700722
2004/4/16 0:00,0.914662,1.521306,0.981065,0.9441615999999999,0.146512,0.0112722,0.7146424,0.701459
2004/4/17 0:00,0.914913,1.519341,0.981065,0.945269,0.146512,0.0113652,0.717257,0.700378
2004/4/18 0:00,0.911577,1.503601,0.978857,0.940645,0.146497,0.0113246,0.715389,0.699301
2004/4/19 0:00,0.914913,1.518004,0.985134,0.947059,0.146499,0.0114084,0.716759,0.707414
2004/4/20 0:00,0.922935,1.533648,0.990403,0.949794,0.146477,0.011452799999999999,0.717875,0.716435
2004/4/21 0:00,0.920217,1.52439,0.986407,0.941088,0.146466,0.01142,0.716332,0.714745
2004/4/22 0:00,0.91617,1.501208,0.986096,0.941974,0.146488,0.0113564,0.715384,0.708215
2004/4/23 0:00,0.91617,1.5161126,0.986096,0.941974,0.146488,0.0096454,0.715384,0.708215
2004/4/24 0:00,0.916422,1.5089936,0.983091,0.942152,0.146488,0.0091532,0.714796,0.709019
2004/4/25 0:00,0.916926,1.5146886,0.980969,0.946468,0.146482,0.0096454,0.713623,0.705219
2004/4/26 0:00,0.917431,1.5157754,0.982791,0.946208,0.146486,0.0096454,0.714184,0.705268
2004/4/27 0:00,0.909835,1.4999844,0.975524,0.935804,0.146475,0.0091364,0.711389,0.702642
2004/4/28 0:00,0.912825,1.487807,0.981643,0.934684,0.146469,0.0113564,0.711339,0.707814
2004/4/29 0:00,0.902201,1.487298,0.971326,0.937998,0.146477,0.0113246,0.712251,0.703185
2004/4/30 0:00,0.901713,1.486039,0.973994,0.936856,0.146477,0.0113246,0.712454,0.702889
2004/5/1 0:00,0.901713,1.486039,0.973994,0.936856,0.146477,0.0113246,0.712454,0.702889
2004/5/2 0:00,0.914913,1.497096,0.979681,0.938667,0.146484,0.0113564,0.714694,0.707864
2004/5/3 0:00,0.91878,1.507909,0.98174,0.938113,0.146497,0.011370599999999998,0.714286,0.709673
2004/5/4 0:00,0.917936,1.519295,0.985309,0.951384,0.146501,0.0114282,0.714847,0.70927
2004/5/5 0:00,0.9181788,1.527791,0.991591,0.947715,0.14649,0.011517200000000002,0.71582,0.707264
2004/5/6 0:00,0.9170306,1.519849,0.989609,0.940645,0.14649,0.011488600000000002,0.714796,0.705567
2004/5/7 0:00,0.9163724,1.520751,0.989022,0.942241,0.14649,0.011488600000000002,0.71398,0.705467
2004/5/8 0:00,0.9163724,1.520751,0.989022,0.942241,0.14649,0.011488600000000002,0.71398,0.705467
2004/5/9 0:00,0.9078100000000001,1.527791,0.997039,0.941531,0.14649,0.0111074,0.71582,0.702889
2004/5/10 0:00,0.9073064000000001,1.52381,0.998821,0.93362,0.146499,0.0111074,0.715922,0.703779
2004/5/11 0:00,0.9181314,1.526718,0.998482,0.932853,0.146512,0.011488600000000002,0.716769,0.708767
2004/5/12 0:00,0.9165939999999999,1.526205,0.997108,0.930951,0.146509,0.011488600000000002,0.717154,0.706664
2004/5/13 0:00,0.9186349999999999,1.537303,0.993739,0.937497,0.146555,0.011501599999999999,0.719528,0.714796
2004/5/14 0:00,0.9119678,1.536736,0.997208,0.938086,0.146555,0.011460000000000001,0.719373,0.715922
2004/5/15 0:00,0.9119678,1.536736,0.997208,0.938086,0.146555,0.011460000000000001,0.719373,0.715922
2004/5/16 0:00,0.8927992,1.537421,0.997506,0.94304,0.146501,0.0115046,0.719114,0.712758
2004/5/17 0:00,0.8830005999999999,1.538083,0.998502,0.948317,0.146497,0.0115046,0.721943,0.710126
2004/5/18 0:00,0.8893146,1.548107,1.001813,0.951077,0.146501,0.011472,0.727802,0.714337
2004/5/19 0:00,0.8899028,1.547652,0.998702,0.945474,0.146503,0.0115488,0.727643,0.710985
2004/5/20 0:00,0.8737606,1.538864,0.984329,0.941708,0.146497,0.0115046,0.726744,0.707714
2004/5/21 0:00,0.8813558,1.538746,0.987167,0.943396,0.146497,0.0115046,0.727167,0.707714
2004/5/22 0:00,0.8813558,1.538746,0.987167,0.943396,0.146497,0.0115046,0.727167,0.707714
2004/5/23 0:00,0.8737606000000001,1.530245,0.981643,0.940115,0.146499,0.0115196,0.724848,0.708617
2004/5/24 0:00,0.883297,1.536098,1.002305,0.935804,0.146501,0.0114786,0.727167,0.710429
2004/5/25 0:00,0.8776168,1.541212,1.001412,0.934754,0.146475,0.0115246,0.728704,0.71048
2004/5/26 0:00,0.9000235999999999,1.537823,1.000791,0.928781,0.14649,0.011496200000000002,0.728651,0.711086
2004/5/27 0:00,0.9072625999999999,1.537255,0.997287,0.931966,0.146456,0.011451800000000002,0.729395,0.714592
2004/5/28 0:00,0.8955992,1.537894,1.000901,0.932053,0.146456,0.011413799999999998,0.72982,0.717103
2004/5/29 0:00,0.8955992,1.537894,1.000901,0.932053,0.146456,0.011413799999999998,0.72982,0.717103
2004/5/30 0:00,0.8983836000000001,1.544855,0.999001,0.929195,0.146464,0.0114602,0.730887,0.722543
2004/5/31 0:00,0.8737606000000001,1.527861,0.987342,0.923276,0.146486,0.011447,0.728863,0.714235
2004/6/1 0:00,0.8829172,1.517819,0.988054,0.918493,0.14652,0.0112994,0.727061,0.717103
2004/6/2 0:00,0.9028236,1.531652,0.995818,0.923276,0.146503,0.011382799999999998,0.730567,0.724008
2004/6/3 0:00,0.8906537999999999,1.527791,0.983942,0.92736,0.146499,0.0113828,0.729607,0.727379
2004/6/4 0:00,0.9028236,1.530643,0.982415,0.929973,0.146499,0.011382799999999998,0.729767,0.731689
2004/6/5 0:00,0.9028236,1.530643,0.982415,0.929973,0.146499,0.011382799999999998,0.729767,0.731689
2004/6/6 0:00,0.8878375999999999,1.524181,0.988435,0.920641,0.14652,0.011382799999999998,0.729395,0.730941
2004/6/7 0:00,0.8748412,1.516645,0.976944,0.908678,0.146492,0.0107662,0.724533,0.720981
2004/6/8 0:00,0.8751595999999999,1.512196,0.973151,0.897666,0.146475,0.008768399999999999,0.718959,0.717309
2004/6/9 0:00,0.8784022,1.489847,0.954481,0.900763,0.146482,0.0089236,0.713725,0.711744
2004/6/10 0:00,0.8733948,1.47929,0.959978,0.900657,0.146505,0.008768399999999999,0.716897,0.715666
2004/6/11 0:00,0.8733948,1.47929,0.959978,0.900657,0.146505,0.008768399999999999,0.716897,0.715666
2004/6/12 0:00,0.8774966,1.481613,0.966389,0.921534,0.146505,0.011393799999999999,0.721085,0.717
2004/6/13 0:00,0.8794907999999999,1.485509,0.97561,0.9298118000000001,0.146486,0.0113564,0.72437,0.720565
2004/6/14 0:00,0.8871930000000001,1.497409,0.984058,0.9458194000000001,0.146462,0.0113612,0.725795,0.720098
2004/6/15 0:00,0.8791399999999999,1.483437,0.980854,0.9471854000000001,0.146464,0.0113564,0.724323,0.71286
2004/6/16 0:00,0.8955451999999999,1.468795,0.98529,0.9471854000000001,0.146464,0.0103006,0.723903,0.717257
2004/6/17 0:00,0.8732578,1.455244,0.967773,0.9478859999999999,0.146486,0.011018199999999999,0.720825,0.70932
2004/6/18 0:00,0.8717442,1.453509,0.966314,0.9487246,0.146486,0.011018199999999999,0.720877,0.707214
2004/6/19 0:00,0.8732578,1.455456,0.966314,0.9487246,0.146486,0.011018199999999999,0.720877,0.711086
2004/6/20 0:00,0.8459834,1.443814,0.962705,0.9372618000000001,0.146462,0.009384800000000002,0.717978,0.693481
2004/6/21 0:00,0.8464008,1.437711,0.963298,0.9372617999999999,0.146477,0.010176999999999999,0.718866,0.695507
2004/6/22 0:00,0.7802706,1.440196,0.955,0.8675423999999999,0.146466,0.010898799999999998,0.715052,0.675584
2004/6/23 0:00,0.7165,1.436389,0.934143,0.8608698,0.146458,0.0118056,0.708968,0.666667
2004/6/24 0:00,0.8184520000000001,1.445609,0.94201,0.8675423999999999,0.146492,0.0099324,0.709019,0.676636
2004/6/25 0:00,0.8238318,1.447807,0.943396,0.8831794000000001,0.146492,0.0094412,0.711693,0.678472
2004/6/26 0:00,0.829738,1.446153,0.943396,0.8738346,0.146492,0.0093926,0.711693,0.679902
2004/6/27 0:00,0.832085,1.444043,0.944947,0.8727506,0.146492,0.0094208,0.711916,0.674809
2004/6/28 0:00,0.81367,1.435029,0.925763,0.8944762,0.146385,0.0094304,0.704637,0.664143
2004/6/29 0:00,0.832154,1.443689,0.942241,0.8696704000000001,0.146456,0.009420800000000002,0.711055,0.66836
2004/6/30 0:00,0.848752,1.458215,0.951728,0.9384385999999999,0.146402,0.010600000000000002,0.712962,0.683434
2004/7/1 0:00,0.844523,1.446299,0.951475,0.9405888000000001,0.146406,0.009809799999999999,0.711794,0.677323
2004/7/2 0:00,0.847099,1.445045,0.948416,0.9384738,0.146406,0.011005000000000001,0.710581,0.678794
2004/7/3 0:00,0.849041,1.449338,0.948416,0.9384738,0.146406,0.010481,0.710581,0.679486
2004/7/4 0:00,0.844523,1.45389,0.955657,0.9405887999999999,0.146454,0.009413000000000001,0.714388,0.680041
2004/7/5 0:00,0.841114,1.467244,0.954927,0.7857406,0.146439,0.009413,0.709975,0.682175
2004/7/6 0:00,0.834028,1.46445,0.961076,0.7753148,0.146385,0.0093926,0.711177,0.678012
2004/7/7 0:00,0.838715,1.6057008,0.958212,0.8317998,0.146413,0.010635200000000001,0.710732,0.680457
2004/7/8 0:00,0.825083,1.6417074,0.948407,0.8531337999999999,0.146441,0.0105854,0.708065,0.670736
2004/7/9 0:00,0.827746,1.6038394,0.941478,0.8639790000000002,0.146441,0.0106014,0.707664,0.672812
2004/7/10 0:00,0.827746,1.6038394,0.941478,0.8639790000000002,0.146441,0.0106014,0.707664,0.672812
2004/7/11 0:00,0.817261,1.5782399999999999,0.948677,0.8899744,0.1464,0.0098454,0.706265,0.662427
2004/7/12 0:00,0.82021,1.5782399999999999,0.948686,0.8899744,0.146424,0.0098454,0.705278,0.662252
2004/7/13 0:00,0.831324,1.6465664,0.959693,0.94045,0.14643,0.010473399999999999,0.708115,0.669478
2004/7/14 0:00,0.848464,1.6886212,0.969368,0.7896135999999999,0.146432,0.010474,0.712099,0.686106
2004/7/15 0:00,0.847242,1.6886212,0.963391,0.8351754,0.146364,0.010474,0.712555,0.687663
2004/7/16 0:00,0.850557,1.6887012,0.968429,0.9240098,0.146364,0.010449,0.713216,0.689798
2004/7/17 0:00,0.849329,1.6886212,0.968054,0.878585,0.146364,0.010178000000000001,0.713216,0.68899
2004/7/18 0:00,0.860363,1.693411,0.96965,0.9496026000000001,0.146342,0.0105328,0.71623,0.696379
2004/7/19 0:00,0.862589,1.6525649999999998,0.973217,0.9579243999999999,0.146342,0.010877399999999999,0.718081,0.696864
2004/7/20 0:00,0.865276,1.6580574,0.976276,0.9623786000000001,0.146342,0.0109318,0.717566,0.698812
2004/7/21 0:00,0.866176,1.7543320000000002,0.971817,0.9465616000000001,0.146428,0.010215199999999999,0.7141890000000001,0.702839
2004/7/22 0:00,0.869716,1.6245204000000002,0.978636,0.9454822,0.146443,0.0108314,0.7232272,0.705119
2004/7/23 0:00,0.870095,1.6245203999999998,0.979154,0.9398418,0.146443,0.01083,0.7201396000000001,0.70497
2004/7/24 0:00,0.872372,1.6245204000000002,0.97924,0.9434878,0.146443,0.010898399999999999,0.7226684000000001,0.705119
2004/7/25 0:00,0.878426,1.5882732,0.977718,0.9241851999999999,0.147122,0.010042200000000001,0.722814,0.709371
2004/7/26 0:00,0.878194,1.5878681999999997,0.977422,0.9241851999999999,0.1468,0.010042200000000001,0.7223846,0.708617
2004/7/27 0:00,0.872905,1.8382087999999999,0.961354,0.9301079999999999,0.146834,0.0094876,0.7136091999999999,0.712708
2004/7/28 0:00,0.871308,1.6198329999999999,0.962455,0.9477656,0.147037,0.010939,0.7189262,0.711491
2004/7/29 0:00,0.873744,1.7235747999999997,0.964878,0.9532064,0.147228,0.010417,0.7175618,0.715001
2004/7/30 0:00,0.874126,1.8382087999999996,0.965792,0.930108,0.147228,0.0094876,0.7125413999999999,0.713878
2004/7/31 0:00,0.874891,1.5645534,0.965531,0.9187204,0.141818,0.010923800000000001,0.6966308,0.709874
2004/8/1 0:00,0.87222,1.6033282,0.965717,0.9263361999999999,0.1415326,0.0109792,0.6987378,0.708617
2004/8/2 0:00,0.851136,1.8430900000000001,0.947957,0.785201,0.131473,0.0094454,0.6405286,0.692617
2004/8/3 0:00,0.84674,1.8687906,0.941265,0.92804,0.1335274,0.009175800000000001,0.630959,0.68918
2004/8/4 0:00,0.842389,1.8667306,0.943014,0.938615,0.1365302,0.0094522,0.630959,0.689227
2004/8/5 0:00,0.841822,1.6317233999999998,0.939408,0.938791,0.147676,0.0111518,0.7109672,0.688279
2004/8/6 0:00,0.843313,1.6311728000000003,0.940291,0.940893,0.147676,0.01139,0.7109672,0.689655
2004/8/7 0:00,0.843313,1.6311727999999999,0.940734,0.940893,0.147676,0.011396,0.7109672,0.689655
2004/8/8 0:00,0.838715,1.6317233999999998,0.938967,0.938967,0.147571,0.011396,0.7109804,0.687616
2004/8/9 0:00,0.849979,1.6365811999999997,0.947885,0.943752,0.147482,0.011437,0.7116974,0.693001
2004/8/10 0:00,0.864528,1.5909678,0.953198,0.950661,0.147536,0.011453,0.7276106,0.703977
2004/8/11 0:00,0.872905,1.5337169999999998,0.956929,0.951565,0.147588,0.01131,0.7276106,0.706764
2004/8/12 0:00,0.875427,1.506115,0.967867,0.945537,0.147628,0.011296,0.7251456,0.709371
2004/8/13 0:00,0.877809,1.506501,0.967212,0.945269,0.147628,0.011288,0.724165,0.710934
2004/8/14 0:00,0.877809,1.506501,0.967212,0.945269,0.147628,0.011288,0.724165,0.710934
2004/8/15 0:00,0.874661,1.501502,0.9675781999999999,0.942863,0.147673,0.011284,0.723275,0.709774
2004/8/16 0:00,0.879894,1.516116,0.9652896,0.948317,0.14766,0.011312,0.726586,0.718339
2004/8/17 0:00,0.882457,1.526554,0.9702770000000001,0.948317,0.147643,0.011325,0.727934,0.722596
2004/8/18 0:00,0.880669,1.537894,0.9784678,0.957598,0.147591,0.011444,0.727167,0.724113
2004/8/19 0:00,0.868659,1.530081,0.9650182,0.952835,0.14761,0.011533,0.726069,0.710429
2004/8/20 0:00,0.870398,1.529239,0.9624494,0.951475,0.14761,0.011534,0.726216,0.711187
2004/8/21 0:00,0.870398,1.529239,0.9624494,0.951475,0.14761,0.011534,0.726216,0.711187
2004/8/22 0:00,0.86881,1.522394,0.9694314,0.95039,0.147514,0.01153,0.725742,0.705816
2004/8/23 0:00,0.882613,1.6592578,0.9149750000000001,0.95429,0.147525,0.011455,0.727537,0.715461
2004/8/24 0:00,0.884095,1.5846954,0.9504171999999999,0.951303,0.147525,0.011467,0.727141,0.717978
2004/8/25 0:00,0.892937,1.525786,0.9942110000000002,0.959111,0.147534,0.011498,0.728279,0.725058
2004/8/26 0:00,0.894534,1.54069,0.9987462,0.949713,0.147504,0.01144,0.729395,0.725058
2004/8/27 0:00,0.893975,1.541949,0.9987864,0.948317,0.147504,0.011426,0.729874,0.728597
2004/8/28 0:00,0.8871772,1.546225,0.9860372000000002,0.949271,0.147517,0.011411,0.732198,0.72768
2004/8/29 0:00,0.8871772,1.54916,0.9887506,0.953044,0.147569,0.011489,0.735037,0.73455
2004/8/30 0:00,0.8912886,1.556251,1.0002635999999998,0.941708,0.147545,0.011376,0.733891,0.731797
2004/8/31 0:00,0.8912886,1.559697,0.9860371999999998,0.946074,0.14753,0.011425,0.731582,0.729341
2004/9/1 0:00,0.8898237999999999,1.56128,0.9712584,0.960919,0.147558,0.011513,0.73381,0.725111
2004/9/2 0:00,0.8879656,1.569834,0.9547446,0.961844,0.147597,0.011578,0.735132,0.723956
2004/9/3 0:00,0.8947049999999999,1.569563,0.9547446,0.959693,0.147597,0.011571,0.735359,0.7259
2004/9/4 0:00,0.8947049999999999,1.57124,0.9470112,0.959693,0.147597,0.011565,0.735359,0.726375
2004/9/5 0:00,0.9339293999999999,1.588588,0.9255072,0.962052,0.147617,0.011565,0.740521,0.731689
2004/9/6 0:00,0.9751418000000001,1.593219,0.9255072,0.961686,0.14763,0.011654,0.740631,0.7347
2004/9/7 0:00,0.9339294,1.586596,0.9430846,0.947544,0.147645,0.011597,0.739317,0.733783
2004/9/8 0:00,0.8999599999999999,1.588411,0.9258616,0.9616844,0.147678,0.011646,0.738989,0.727749
2004/9/9 0:00,0.9469892,1.596449,0.9255071999999999,0.9609376000000001,0.147748,0.011727,0.742005,0.728916
2004/9/10 0:00,0.9751418000000001,1.597265,0.9365332000000001,0.9609376000000001,0.147748,0.01171,0.742556,0.732601
2004/9/11 0:00,0.9751418000000001,1.597265,0.9365332000000001,0.9609376000000001,0.147748,0.011686,0.742556,0.732601
2004/9/12 0:00,0.9253350000000001,1.590204,0.9255071999999999,0.9609752,0.147809,0.01165,0.74173,0.72881
2004/9/13 0:00,0.8774966,1.578881,0.9470112,0.9602394000000001,0.147645,0.011652,0.737409,0.720669
2004/9/14 0:00,0.8774966,1.565729,0.9664394,0.9579296000000002,0.14763,0.011732,0.732708,0.716743
2004/9/15 0:00,0.8794000000000001,1.557632,0.9441485999999999,0.914804,0.147388,0.011648,0.73381,0.707714
2004/9/16 0:00,0.896379,1.560379,0.9767089999999999,0.9593225999999999,0.147145,0.011596,0.734538,0.708215
2004/9/17 0:00,0.893017,1.560842,0.9777380000000001,0.949487,0.147145,0.011587,0.733676,0.705219
2004/9/18 0:00,0.895255,1.558458,0.9796278,0.949487,0.147145,0.011587,0.733676,0.707814
2004/9/19 0:00,0.89815,1.566318,0.9589708,0.962371,0.14697,0.01172,0.7347,0.707814
2004/9/20 0:00,0.907441,1.557511,0.9838312,0.958865,0.147226,0.011686,0.738716,0.713929
2004/9/21 0:00,0.901226,1.561744,0.9702466,0.95984,0.147059,0.011718,0.740466,0.716692
2004/9/22 0:00,0.891742,1.560014,0.967634,0.968804,0.147059,0.011731,0.738334,0.707314
2004/9/23 0:00,0.890789,1.553157,0.9626927999999999,0.966894,0.147258,0.011669,0.7373,0.705716
2004/9/24 0:00,0.894374,1.55434,0.9626928000000001,0.966464,0.147258,0.011681,0.737354,0.702198
2004/9/25 0:00,0.887626,1.551229,0.9626927999999999,0.96432,0.147258,0.01168,0.737354,0.702198
2004/9/26 0:00,0.890076,1.549163,0.9734820000000001,0.960061,0.147059,0.011741,0.736757,0.705517
2004/9/27 0:00,0.884251,1.546886,0.9702934000000001,0.971034,0.147126,0.011879,0.734349,0.70502
2004/9/28 0:00,0.88098,1.544783,0.9667606000000001,0.972573,0.14707,0.011802,0.735998,0.697107
2004/9/29 0:00,0.88739,1.553977,0.9626927999999999,0.97561,0.147054,0.011819,0.737898,0.70373
2004/9/30 0:00,0.897263,1.550628,0.9617230000000001,0.972488,0.147102,0.011707,0.739098,0.711187
2004/10/1 0:00,0.899038,1.551422,0.9665420000000001,0.970874,0.147102,0.011716,0.739229,0.710278
2004/10/2 0:00,0.897827,1.552554,0.9665420000000001,0.971817,0.147102,0.011734,0.739229,0.710278
2004/10/3 0:00,0.893735,1.546408,0.9626927999999999,0.97561,0.146987,0.011805,0.737463,0.709019
2004/10/4 0:00,0.890393,1.533883,0.9502972,0.982733,0.146869,0.011885,0.738443,0.697739
2004/10/5 0:00,0.908265,1.545308,0.969402,0.984465,0.146823,0.011833,0.742446,0.711845
2004/10/6 0:00,0.908843,1.538296,0.969402,0.986193,0.146929,0.011867,0.743052,0.713419
2004/10/7 0:00,0.915919,1.544998,0.9716836000000001,0.982801,0.146987,0.011852,0.744546,0.720773
2004/10/8 0:00,0.915667,1.545141,0.9716836000000001,0.982415,0.146987,0.011846,0.744435,0.721033
2004/10/9 0:00,0.91659,1.545141,0.9716836000000001,0.982415,0.146987,0.011846,0.744435,0.721033
2004/10/10 0:00,0.917095,1.540191,0.9711578,0.987264,0.147341,0.011874,0.742942,0.7227
2004/10/11 0:00,0.9062536000000001,1.533883,0.9655448,0.988377,0.147252,0.011944,0.741235,0.72197
2004/10/12 0:00,0.9147071999999999,1.548683,0.9691067999999999,0.989022,0.14713,0.011926,0.744491,0.722074
2004/10/13 0:00,0.9148227999999999,1.544187,0.9705973999999999,0.984252,0.147432,0.011918,0.744546,0.724795
2004/10/14 0:00,0.9148227999999999,1.535131,0.9692412000000001,0.981354,0.147697,0.011885,0.746213,0.727431
2004/10/15 0:00,0.9148227999999999,1.538462,0.9692412000000001,0.982318,0.147697,0.011885,0.746324,0.72759
2004/10/16 0:00,0.9148227999999999,1.538462,0.9692412000000001,0.982318,0.147697,0.011881,0.746324,0.72759
2004/10/17 0:00,0.9247719999999999,1.540998,0.973245,0.992349,0.147936,0.011959,0.748279,0.733245
2004/10/18 0:00,0.961932,1.55739,0.97371,1.00445,0.148236,0.012038,0.750863,0.736757
2004/10/19 0:00,0.961932,1.563233,0.974232,0.997765,0.148379,0.011686,0.74744,0.73303
2004/10/20 0:00,0.8992091999999999,1.562354,0.972573,0.985736,0.14871,0.011662,0.746826,0.723014
2004/10/21 0:00,0.8992091999999999,1.563844,0.970309,0.989609,0.148657,0.011652,0.748055,0.727114
2004/10/22 0:00,0.8906064,1.563551,0.96768,0.99108,0.148657,0.011648,0.748447,0.726058
2004/10/23 0:00,0.8992091999999999,1.563551,0.969556,0.99108,0.148657,0.011641,0.748447,0.726058
2004/10/24 0:00,0.9333468,1.555162,0.972857,0.995025,0.148947,0.011658,0.749738,0.729182
2004/10/25 0:00,0.9334478,1.553615,0.969434,0.995758,0.149105,0.011718,0.75092,0.728863
2004/10/26 0:00,0.9744746000000001,1.565607,0.968823,1.012863,0.149165,0.011842,0.754489,0.735727
2004/10/27 0:00,0.9773674,1.570549,0.970214,1.015744,0.149165,0.011855,0.753523,0.73303
2004/10/28 0:00,0.9797778000000001,1.581153,0.973805,1.013993,0.149165,0.011851,0.756601,0.73346
2004/10/29 0:00,0.979836,1.582654,0.976372,1.015074,0.149165,0.011875,0.756258,0.734268
2004/10/30 0:00,0.979836,1.582955,0.976372,1.015259,0.149165,0.011875,0.756258,0.733568
2004/10/31 0:00,0.9803974,1.584861,0.974374,1.016777,0.149425,0.011879,0.756945,0.735943
2004/11/1 0:00,0.9822241999999999,1.580878,0.971638,1.02459,0.149457,0.011942,0.758898,0.740192
2004/11/2 0:00,0.9822241999999999,1.578208,0.96918,1.024485,0.149513,0.011959,0.759936,0.737083
2004/11/3 0:00,0.9783480000000001,1.570574,0.97078,1.018288,0.149408,0.011976,0.759878,0.73346
2004/11/4 0:00,0.9837184000000001,1.582804,0.979058,1.02351,0.149254,0.011993,0.762021,0.743992
2004/11/5 0:00,0.9837184000000001,1.583356,0.980008,1.025315,0.149254,0.012016,0.762253,0.744269
2004/11/6 0:00,0.9846024,1.581753,0.980008,1.024286,0.149254,0.012016,0.762253,0.74228
2004/11/7 0:00,0.9815891999999999,1.58446,0.977498,1.028955,0.149254,0.011995,0.760456,0.741125
2004/11/8 0:00,0.9884278,1.590381,0.983091,1.034019,0.149254,0.012008,0.763359,0.747887
2004/11/9 0:00,0.9902928000000001,1.590381,0.990599,1.039933,0.149437,0.012067,0.764877,0.753012
2004/11/10 0:00,0.9873339999999999,1.586294,0.982685,1.032098,0.149254,0.01213,0.764292,0.748223
2004/11/11 0:00,0.9876000000000001,1.59566,0.986991,1.040399,0.14988,0.012206,0.76558,0.753012
2004/11/12 0:00,0.9912599999999999,1.594947,0.989609,1.037065,0.14988,0.012204,0.765287,0.754375
2004/11/13 0:00,0.986193,1.594947,0.989609,1.037065,0.14988,0.012204,0.765287,0.754375
2004/11/14 0:00,0.984931,1.588562,0.986952,1.037065,0.149948,0.012188,0.765755,0.752615
2004/11/15 0:00,0.984252,1.578856,0.988631,1.044496,0.149824,0.012223,0.765697,0.752729
2004/11/16 0:00,0.992162,1.588663,0.997009,1.041678,0.150015,0.012213,0.766871,0.762544
2004/11/17 0:00,0.992851,1.598491,0.995302,1.050045,0.150299,0.012277,0.770713,0.757978
2004/11/18 0:00,0.990491,1.603284,0.989286,1.045916,0.15058,0.0123,0.771605,0.757576
2004/11/19 0:00,0.987947,1.602461,0.990099,1.043732,0.15058,0.01227,0.77101,0.755572
2004/11/20 0:00,0.987947,1.602461,0.990099,1.043732,0.15058,0.01227,0.77101,0.755572
2004/11/21 0:00,0.990982,1.593092,0.984465,1.045653,0.150507,0.012314,0.769811,0.756716
2004/11/22 0:00,0.973331,1.572451,0.96965,1.030853,0.150498,0.012268,0.764468,0.748503
2004/11/23 0:00,0.986096,1.586798,0.977231,1.040431,0.150365,0.012337,0.768758,0.754318
2004/11/24 0:00,0.97924,1.572253,0.97334,1.03419,0.150403,0.012301,0.76864,0.746938
2004/11/25 0:00,0.979432,1.56789,0.974184,1.021826,0.150173,0.012276,0.770108,0.746102
2004/11/26 0:00,0.982898,1.568554,0.974659,1.021023,0.150173,0.012284,0.770832,0.746714
2004/11/27 0:00,0.978378,1.567152,0.974659,1.020106,0.150173,0.012284,0.770832,0.74499
2004/11/28 0:00,0.991277,1.573713,0.980363,1.030291,0.150191,0.012392,0.773395,0.75188
2004/11/29 0:00,0.985222,1.584184,0.976486,1.015703,0.150116,0.012285,0.770416,0.749681
2004/11/30 0:00,0.968617,1.575597,0.968054,1.009846,0.149714,0.012246,0.765462,0.74239
2004/12/1 0:00,0.977613,1.592458,0.981374,1.017915,0.149555,0.01234,0.77101,0.753409
2004/12/2 0:00,0.981354,1.602307,0.982318,1.016105,0.149909,0.012422,0.772481,0.762951
2004/12/3 0:00,0.984058,1.604055,0.981643,1.017915,0.149909,0.012432,0.772618,0.762486
2004/12/4 0:00,0.979816,1.601948,0.981643,1.017915,0.149909,0.012439,0.772618,0.762369
2004/12/5 0:00,0.985707,1.603258,0.984998,1.006816,0.149412,0.012395,0.773694,0.766284
2004/12/6 0:00,0.999001,1.602461,0.990668,1.023227,0.1525064,0.012376,0.776699,0.772201
2004/12/7 0:00,0.996314,1.607976,0.989727,1.021503,0.15054599999999999,0.012299,0.775795,0.775555
2004/12/8 0:00,1.013736,1.624247,0.997307,1.04145,0.1583974,0.01239,0.779666,0.793588
2004/12/9 0:00,1.015198,1.622402,1.0006,1.042079,0.15880599999999997,0.012294,0.788208,0.795608
2004/12/10 0:00,1.015754,1.61794,0.9998,1.039912,0.15880599999999997,0.012304,0.788208,0.795482
2004/12/11 0:00,1.015754,1.61794,0.9998,1.039912,0.1573234,0.012304,0.777968,0.795482
2004/12/12 0:00,1.012351,1.613944,0.997009,1.036592,0.15599079999999999,0.01232,0.776657,0.789391
2004/12/13 0:00,1.012945,1.606348,0.99989,1.039145,0.155709,0.012334,0.778192,0.787402
2004/12/14 0:00,1.002828,1.607976,0.998074,1.026589,0.15177239999999997,0.012112,0.775555,0.781067
2004/12/15 0:00,0.996711,1.612903,0.99455,1.023646,0.1509366,0.012129,0.775494,0.779059
2004/12/16 0:00,0.990001,1.616109,0.991473,1.02459,0.1502022,0.012123,0.772798,0.776337
2004/12/17 0:00,0.984252,1.611396,0.987849,1.019482,0.14973879999999998,0.012117,0.770416,0.773395
2004/12/18 0:00,0.984252,1.611655,0.987849,1.019649,0.1497388,0.012117,0.770416,0.773395
2004/12/19 0:00,0.990099,1.605987,0.993552,1.016539,0.15017779999999997,0.012064,0.768297,0.77682
2004/12/20 0:00,0.974659,1.586798,0.97682,1.007557,0.14978019999999997,0.011985,0.766284,0.767165
2004/12/21 0:00,0.981836,1.594184,0.979336,1.010744,0.14973879999999998,0.012027,0.768049,0.771843
2004/12/22 0:00,0.988924,1.600897,0.982531,1.003613,0.15017779999999997,0.011958,0.771129,0.777122
2004/12/23 0:00,0.98464,1.596169,0.980017,1.002175,0.14973879999999998,0.011976,0.770357,0.777122
2004/12/24 0:00,0.985707,1.598772,0.982444,1.008075,0.14973879999999998,0.01198,0.771921,0.77918
2004/12/25 0:00,0.98668,1.598133,0.983187,1.007689,0.14973879999999998,0.011967,0.771921,0.77918
2004/12/26 0:00,0.986388,1.594388,0.981296,1.008247,0.14973879999999998,0.01198,0.770297,0.771962
2004/12/27 0:00,0.972384,1.582304,0.975343,1.005197,0.15099,0.012067,0.761499,0.761151
2004/12/28 0:00,0.981836,1.576516,0.988621,1.005055,0.1547184,0.01199,0.764117,0.762137
2004/12/29 0:00,0.980969,1.576591,0.991965,1.0,0.15789400000000003,0.011951,0.764994,0.761151
2004/12/30 0:00,0.963391,1.559454,0.97972,0.997437,0.1488882,0.011885,0.757691,0.749625
2004/12/31 0:00,0.963391,1.559454,0.97972,0.997437,0.1488882,0.011885,0.757691,0.749625
2005/1/1 0:00,0.96432,1.558749,0.979432,0.997307,0.1488882,0.011891,0.757576,0.750244
2005/1/2 0:00,0.958589,1.554944,0.977231,0.998343,0.14852060000000003,0.011854,0.756201,0.744214
2005/1/3 0:00,0.959969,1.557244,0.973425,1.001201,0.14876640000000002,0.011969,0.757002,0.744325
2005/1/4 0:00,0.976427,1.55955,0.996419,1.00694,0.1576404,0.011928,0.764767,0.755494
2005/1/5 0:00,0.977326,1.560257,0.99553,1.009224,0.1576404,0.011969,0.765638,0.755744
2005/1/6 0:00,0.987752,1.571709,0.993907,1.02351,0.15620820000000002,0.012085,0.766989,0.762195
2005/1/7 0:00,0.987849,1.572253,0.997009,1.025326,0.1546536,0.012112,0.766871,0.762602
2005/1/8 0:00,0.993049,1.572253,0.997009,1.025326,0.15306619999999999,0.012114,0.766871,0.762602
2005/1/9 0:00,0.987167,1.567398,0.993453,1.015187,0.15620820000000002,0.012089,0.765814,0.759129
2005/1/10 0:00,0.988631,1.579654,0.9915728000000001,1.017087,0.1528892,0.012037,0.766812,0.761615
2005/1/11 0:00,0.977995,1.578956,0.9767227999999999,1.013069,0.1495184,0.011888,0.760456,0.747496
2005/1/12 0:00,0.982415,1.573193,0.970021,1.015847,0.1529832,0.011928,0.762021,0.745712
2005/1/13 0:00,0.98464,1.578258,0.9774396,1.019576,0.14946700000000002,0.011916,0.763417,0.747775
2005/1/14 0:00,0.985513,1.581553,0.9774396,1.020512,0.14946700000000002,0.011912,0.764584,0.748111
2005/1/15 0:00,0.985222,1.581053,0.9774396,1.020512,0.14946700000000002,0.011912,0.764584,0.748111
2005/1/16 0:00,0.993937,1.586747,0.9865872,1.033528,0.1495546,0.011956,0.76646,0.754774
2005/1/17 0:00,0.999201,1.578557,0.9796610000000001,1.039944,0.15414659999999997,0.011972,0.768049,0.752842
2005/1/18 0:00,0.99167,1.561305,0.9659547999999999,1.039566,0.1543148,0.0119,0.761731,0.744435
2005/1/19 0:00,0.985902,1.559795,0.96509,1.032983,0.15427580000000002,0.011861,0.759301,0.73616
2005/1/20 0:00,0.985222,1.548395,0.9577996000000001,1.030397,0.15710980000000002,0.011884,0.759359,0.735727
2005/1/21 0:00,0.985222,1.553229,0.9577996000000001,1.030609,0.15710980000000002,0.011915,0.761267,0.736106
2005/1/22 0:00,0.988533,1.553229,0.9577995999999999,1.030609,0.1571098,0.011909,0.761267,0.736106
2005/1/23 0:00,0.993049,1.550772,0.9620536,1.036925,0.1569674,0.01194,0.759301,0.74217
2005/1/24 0:00,0.997506,1.546049,0.9802566,1.043079,0.1569674,0.011939,0.761905,0.743826
2005/1/25 0:00,1.0,1.538817,0.9815254,1.050818,0.15740920000000003,0.01197,0.765052,0.742942
2005/1/26 0:00,1.004752,1.541545,0.9881978,1.039566,0.15738180000000002,0.012053,0.76558,0.748727
2005/1/27 0:00,1.00445,1.544402,0.9894947999999999,1.039933,0.15738180000000002,0.012063,0.769586,0.748727
2005/1/28 0:00,1.005541,1.544044,0.9894947999999999,1.039177,0.15738180000000002,0.012063,0.769231,0.749064
2005/1/29 0:00,1.004894,1.544044,0.9894948000000001,1.039177,0.15738180000000002,0.012064,0.769231,0.749064
2005/1/30 0:00,1.002205,1.538012,0.9881977999999998,1.039069,0.15738180000000002,0.01206,0.768817,0.747887
2005/1/31 0:00,1.011143,1.536334,0.9792278,1.050862,0.1573818,0.012164,0.771004,0.75523
2005/2/1 0:00,1.015672,1.546312,0.9827424,1.053408,0.1586398,0.012216,0.772678,0.764877
2005/2/2 0:00,1.012433,1.538509,0.9770244,1.067076,0.1586398,0.012237,0.775976,0.768403
2005/2/3 0:00,1.023657,1.561939,0.9816054,1.070939,0.157454,0.012329,0.780214,0.778634
2005/2/4 0:00,1.023227,1.561183,0.9816054,1.069519,0.157454,0.012326,0.779423,0.779606
2005/2/5 0:00,1.023227,1.539433,0.9767182,1.069519,0.158693,0.012321,0.779423,0.779606
2005/2/6 0:00,1.01995,1.549595,0.9805337999999999,1.071582,0.158246,0.012259,0.778519,0.776096
2005/2/7 0:00,1.005005,1.558846,0.9861842,1.054786,0.15733380000000002,0.012202,0.77688,0.767224
2005/2/8 0:00,1.0001,1.549283,0.9913297999999999,1.036699,0.15694980000000003,0.012013,0.773994,0.761673
2005/2/9 0:00,0.995421,1.569359,0.9797984,1.037883,0.154126,0.012021,0.771486,0.758093
2005/2/10 0:00,0.995223,1.565972,0.9764691999999998,1.035668,0.1541612,0.01204,0.77232,0.758495
2005/2/11 0:00,0.99691,1.5709532,0.9727729999999999,1.033912,0.157097,0.012019,0.772082,0.759821
2005/2/12 0:00,0.995818,1.5683901999999998,0.9733993999999999,1.033912,0.1556436,0.012013,0.772082,0.757576
2005/2/13 0:00,0.991867,1.5746436,0.990562,1.032418,0.1527058,0.01208,0.769704,0.762137
2005/2/14 0:00,0.987752,1.5747144,0.9874887999999998,1.025115,0.15130019999999997,0.011994,0.772678,0.760052
2005/2/15 0:00,0.993345,1.5796848,0.9908862,1.028923,0.1534268,0.012,0.775615,0.759301
2005/2/16 0:00,0.9994,1.5652634,0.9929378,1.03867,0.1560254,0.01208,0.77821,0.769231
2005/2/17 0:00,0.988631,1.5515274,1.0028284,1.03509,0.1570728,0.012047,0.776096,0.768226
2005/2/18 0:00,0.98912,1.5536764,1.0028284,1.036355,0.1572358,0.012048,0.77682,0.76693
2005/2/19 0:00,0.988533,1.5515274,1.0028283999999998,1.037883,0.1570728,0.012055,0.77682,0.767695
2005/2/20 0:00,0.995025,1.5528518000000002,0.9927704,1.036699,0.15698499999999999,0.012095,0.776699,0.773455
2005/2/21 0:00,0.997904,1.5651002000000003,0.9916418,1.038131,0.1560752,0.012101,0.779593,0.770179
2005/2/22 0:00,1.002858,1.5774446,1.006137,1.042492,0.1550282,0.012188,0.780214,0.771724
2005/2/23 0:00,0.986291,1.5747942,0.99949,1.034875,0.15791020000000003,0.012045,0.775494,0.755972
2005/2/24 0:00,0.988631,1.5743462,1.005975,1.042644,0.15793580000000002,0.012101,0.779241,0.757691
2005/2/25 0:00,0.989022,1.5743462,1.005834,1.043188,0.15793580000000002,0.012111,0.778938,0.757805
2005/2/26 0:00,0.990884,1.5801804,1.005834,1.043188,0.1579118,0.012108,0.778938,0.757805
2005/2/27 0:00,1.0,1.5881576,1.006776,1.053519,0.15386139999999998,0.012135,0.780762,0.763884
2005/2/28 0:00,0.989609,1.566315,1.000931,1.056636,0.1574736,0.012132,0.77991,0.76365
2005/3/1 0:00,0.994827,1.573135,1.00452,1.060041,0.1573222,0.012149,0.781616,0.766049
2005/3/2 0:00,0.989805,1.589952,1.005035,1.056078,0.1581172,0.012044,0.781616,0.771188
2005/3/3 0:00,0.992063,1.583907,1.000891,1.060783,0.1581172,0.012194,0.778756,0.772857
2005/3/4 0:00,0.992063,1.583857,0.998901,1.061346,0.1581172,0.012176,0.778271,0.772201
2005/3/5 0:00,0.995025,1.58705,0.998901,1.061346,0.15529500000000002,0.01217,0.778271,0.772201
2005/3/6 0:00,0.997009,1.602744,0.996532,1.062394,0.154005,0.012198,0.781494,0.772559
2005/3/7 0:00,1.012371,1.612565,1.007953,1.065417,0.15720099999999998,0.012271,0.786584,0.780214
2005/3/8 0:00,1.006847,1.617076,1.011542,1.062586,0.15598800000000002,0.012227,0.78596,0.779788
2005/3/9 0:00,1.013397,1.615587,1.009591,1.059266,0.15232679999999998,0.012267,0.784683,0.772917
2005/3/10 0:00,1.013767,1.607976,1.010611,1.046463,0.1523268,0.012195,0.784314,0.76864
2005/3/11 0:00,1.013644,1.608648,1.012658,1.047559,0.152474,0.012165,0.784314,0.76858
2005/3/12 0:00,1.013644,1.608648,1.012658,1.047559,0.152474,0.012165,0.784314,0.76858
2005/3/13 0:00,1.013849,1.61111,1.012064,1.043623,0.152379,0.012132,0.784621,0.770179
2005/3/14 0:00,1.017439,1.608493,1.009184,1.04467,0.152567,0.012206,0.786349,0.777484
2005/3/15 0:00,1.009826,1.608933,1.00553,1.039825,0.15174,0.012119,0.785176,0.771426
2005/3/16 0:00,1.006036,1.612981,1.004823,1.035229,0.151872,0.012034,0.782779,0.76746
2005/3/17 0:00,0.9998,1.598593,1.009693,1.024443,0.15175,0.011967,0.779423,0.759071
2005/3/18 0:00,1.002546,1.600563,1.0000646,1.027538,0.15175,0.011985,0.780031,0.760167
2005/3/19 0:00,1.002546,1.600845,1.0044856,1.0356163999999999,0.15175,0.011986,0.780031,0.760167
2005/3/20 0:00,1.002004,1.601948,1.0013782,1.0346648,0.151623,0.011995,0.77991,0.75643
2005/3/21 0:00,0.998702,1.613372,1.0068224000000001,1.0369758,0.151713,0.011935,0.781128,0.752106
2005/3/22 0:00,0.997904,1.605961,1.0068224000000001,1.033456,0.1517172,0.011939,0.781384,0.751767
2005/3/23 0:00,1.011317,1.616371,1.0105628000000002,1.0440866,0.1521878,0.012003,0.783576,0.75884
2005/3/24 0:00,1.013592,1.623403,1.0103588000000001,1.0466472,0.1521878,0.012015,0.784929,0.762777
2005/3/25 0:00,1.014302,1.624168,1.0103588000000001,1.0466472,0.1521878,0.012034,0.785361,0.763359
2005/3/26 0:00,1.01495,1.625329,1.0078782,1.0468258000000001,0.1521878,0.012019,0.785361,0.763359
2005/3/27 0:00,1.007547,1.62285,1.0063694,1.0458352,0.1521824,0.012021,0.783337,0.761035
2005/3/28 0:00,0.999001,1.612747,0.9838245999999999,1.0236342,0.1464496,0.012059,0.7367208000000001,0.748335
2005/3/29 0:00,1.0003,1.622507,0.962356,1.0138282,0.1464496,0.012132,0.726978,0.745657
2005/3/30 0:00,1.008664,1.61098,0.9839352,1.0463156,0.1450092,0.0119864,0.7269832,0.747384
2005/3/31 0:00,1.015249,1.607433,0.99035,1.0463156,0.1450092,0.0123284,0.728777,0.751145
2005/4/1 0:00,1.015249,1.607433,0.99035,1.0463156,0.1450092,0.0123284,0.728777,0.751145
2005/4/2 0:00,1.018454,1.611552,0.9908192,1.0463156,0.1450092,0.0121504,0.7287769999999999,0.750807
2005/4/3 0:00,1.017128,1.624801,0.962356,1.0479328,0.1450294,0.0118954,0.7294638,0.751428
2005/4/4 0:00,1.01656,1.631481,0.9664697999999999,0.9765306,0.1450092,0.0117612,0.7287769999999999,0.750694
2005/4/5 0:00,1.016405,1.63228,0.9664697999999999,0.9837064,0.1450092,0.0115448,0.7198952000000001,0.74239
2005/4/6 0:00,1.013284,1.626678,0.962356,1.0066922,0.1450092,0.011736,0.7198952000000001,0.740302
2005/4/7 0:00,1.011531,1.624616,0.962356,0.981447,0.14672139999999997,0.0119838,0.7188095999999999,0.736377
2005/4/8 0:00,1.014507,1.626439,0.962356,1.0066922,0.1450092,0.011736,0.7198952000000001,0.738662
2005/4/9 0:00,1.011051,1.624959,0.962356,0.981447,0.14658639999999998,0.012244000000000001,0.7188095999999999,0.736594
2005/4/10 0:00,1.011051,1.619381,0.962356,0.981447,0.14803519999999998,0.012183,0.7188095999999999,0.735835
2005/4/11 0:00,1.010101,1.615404,0.9639898,1.0541488,0.1464496,0.01209,0.7341416,0.740412
2005/4/12 0:00,1.010509,1.619486,0.962356,1.0541488,0.1464496,0.012082,0.7188095999999999,0.739262
2005/4/13 0:00,1.001001,1.606168,0.9470288,0.9722892,0.14747280000000001,0.012045,0.7330846,0.735294
2005/4/14 0:00,1.014507,1.608234,0.9735631999999999,1.053781,0.1450092,0.012214,0.7269832,0.744879
2005/4/15 0:00,1.007953,1.616998,0.962356,1.0541488,0.14722580000000002,0.012245,0.744028,0.738007
2005/4/16 0:00,0.990884,1.608389,0.9470288,0.972485,0.1472432,0.012396,0.7330846,0.731422
2005/4/17 0:00,0.985222,1.601204,0.9453682000000001,0.9706440000000001,0.14747280000000001,0.012468,0.7310419999999999,0.72998
2005/4/18 0:00,0.982029,1.613944,0.8209173999999999,0.8673282,0.1313248,0.012671,0.6630230000000001,0.718391
2005/4/19 0:00,0.995025,1.623377,0.962356,0.9814003999999998,0.1422434,0.01234,0.7188095999999999,0.730407
2005/4/20 0:00,0.995025,1.623377,0.962356,0.9814003999999998,0.1422434,0.01234,0.7188095999999999,0.730407
2005/4/21 0:00,0.995025,1.623377,0.962356,0.9814003999999998,0.1422434,0.01234,0.7188095999999999,0.730407
2005/4/22 0:00,1.004853,1.629912,0.962356,0.9814765999999999,0.13696819999999998,0.012344,0.7310882,0.73346
2005/4/23 0:00,1.010509,1.637197,0.9664697999999999,0.9837064,0.1454064,0.012348,0.7188408,0.740521
2005/4/24 0:00,1.012545,1.625382,0.962356,0.981447,0.1464496,0.012366,0.7198952000000001,0.74173
2005/4/25 0:00,1.020721,1.611396,0.9814854000000001,1.0750136,0.1450092,0.012357,0.728777,0.749963
2005/4/26 0:00,1.020721,1.611396,0.9781118,1.103022,0.1450092,0.012357,0.728777,0.749963
2005/4/27 0:00,1.020721,1.611396,0.9781118,1.103022,0.1450092,0.012357,0.728777,0.749963
2005/4/28 0:00,1.020721,1.611396,0.9781118,1.103022,0.1450092,0.012357,0.728777,0.749963
2005/4/29 0:00,1.028204,1.601845,0.9786018000000001,1.089206,0.14522859999999999,0.012237,0.7309782,0.754205
2005/4/30 0:00,1.025546,1.5989,0.9794386000000002,1.085541,0.1454232,0.012132,0.7310308,0.755344
2005/5/1 0:00,1.03325,1.605549,0.9815619999999999,1.088258,0.146048,0.012078,0.7365394,0.763475
2005/5/2 0:00,1.035797,1.605703,0.9820611999999999,1.091655,0.14566659999999998,0.012073,0.7359992,0.764234
2005/5/3 0:00,1.037635,1.611136,0.9836523999999999,1.078888,0.1452364,0.011875,0.7346595999999999,0.765755
2005/5/4 0:00,1.038001,1.611655,0.9836523999999999,1.08135,0.14552759999999998,0.012079000000000001,0.7368555999999999,0.767695
2005/5/5 0:00,1.038648,1.612851,0.9836632,1.082134,0.1455276,0.012079000000000001,0.7368555999999999,0.766989
2005/5/6 0:00,1.034233,1.611448,0.9845816000000001,1.083377,0.14552759999999998,0.012079000000000001,0.7368555999999999,0.766342
2005/5/7 0:00,1.034255,1.628903,0.990329,1.080264,0.14563120000000002,0.0121962,0.7373602,0.769053
2005/5/8 0:00,1.043047,1.9290302000000004,1.0106022000000001,1.088779,0.13979679999999997,0.010830600000000001,0.7136707999999999,0.778634
2005/5/9 0:00,1.043417,1.9290302000000001,1.019153,1.091227,0.14079719999999998,0.010604800000000001,0.7154328,0.776699
2005/5/10 0:00,1.054563,1.9923300000000002,1.0299466,1.097743,0.1480226,0.012356,0.7339354,0.782411
2005/5/11 0:00,1.056546,1.97995,1.0299466,1.103144,0.1480226,0.012356,0.7339354,0.783085
2005/5/12 0:00,1.056546,1.97995,1.0299466,1.103144,0.1480226,0.012356,0.7339354,0.783085
2005/5/13 0:00,1.051901,1.9923300000000002,1.0298684,1.104362,0.14411960000000001,0.011532999999999998,0.7339168,0.781067
2005/5/14 0:00,1.047559,1.97995,1.0288055999999999,1.116071,0.1441438,0.01225,0.7343455999999999,0.785731
2005/5/15 0:00,1.049318,1.9799499999999999,1.0281996,1.115897,0.1460094,0.01225,0.7475442,0.788333
2005/5/16 0:00,1.053264,1.9040236,1.0262026,1.120649,0.153858,0.012277199999999999,0.7742572,0.792707
2005/5/17 0:00,1.056848,1.6953648000000001,1.0242272,1.118944,0.1539132,0.012201799999999999,0.7889692,0.798148
2005/5/18 0:00,1.05715,1.6292862,1.0240414,1.119946,0.15397940000000002,0.012204399999999999,0.8002659999999999,0.799552
2005/5/19 0:00,1.056133,1.8304179999999999,1.0254575999999997,1.122473,0.1538856,0.012201799999999999,0.7889692,0.797067
2005/5/20 0:00,1.050641,1.97995,1.0281996,1.112347,0.14994839999999998,0.012131,0.7475442,0.789079
2005/5/21 0:00,1.052709,1.9799499999999999,1.0288055999999999,1.110556,0.1519174,0.012127,0.7475442,0.788022
2005/5/22 0:00,1.066758,1.8450468,1.031804,1.123141,0.15389100000000003,0.012138,0.7625363999999999,0.795229
2005/5/23 0:00,1.075072,1.6423189999999999,1.0355025999999998,1.13071,0.1625448,0.01222,0.7881108,0.801989
2005/5/24 0:00,1.073895,1.6423189999999999,1.0355025999999998,1.128541,0.160587,0.012204,0.7881107999999999,0.801475
2005/5/25 0:00,1.074229,1.6423189999999999,1.0355025999999998,1.128159,0.1625448,0.012217,0.7881107999999999,0.80186
2005/5/26 0:00,1.074645,1.6423189999999999,1.0355026,1.128159,0.1625448,0.012217,0.7881107999999999,0.802053
2005/5/27 0:00,1.071364,1.707619,1.0333978,1.135976,0.158386,0.012211,0.7919981999999999,0.799488
2005/5/28 0:00,1.077052,1.6423189999999999,1.0328114000000002,1.139653,0.1625448,0.01225,0.7858474,0.805218
2005/5/29 0:00,1.083882,1.6423189999999999,1.0337084,1.13977,0.1647458,0.012164,0.7858474,0.805348
2005/5/30 0:00,1.089776,1.707619,1.0359551999999999,1.147249,0.1647458,0.012261,0.7733125999999999,0.799361
2005/5/31 0:00,1.09595,1.6423189999999999,0.9958302,1.154881,0.1647458,0.012312,0.7858474,0.808407
2005/6/1 0:00,1.093446,1.6423189999999999,1.032255,1.155402,0.1647458,0.012329,0.7858474,0.807103
2005/6/2 0:00,1.096948,1.6423189999999999,1.01566,1.155402,0.1647458,0.012317,0.7858474,0.807103
2005/6/3 0:00,1.096299,1.6423189999999999,0.9958301999999998,1.15718,0.1647458,0.012311,0.7858474,0.808865
2005/6/4 0:00,1.087016,1.6423189999999999,1.0359552,1.161319,0.1625448,0.01235,0.7858474,0.800512
2005/6/5 0:00,1.077041,1.9799499999999999,1.0377310000000002,1.163332,0.14998840000000002,0.012415,0.7339895999999999,0.790826
2005/6/6 0:00,1.062045,1.972463,1.0055505999999999,0.940775,0.14793759999999997,0.012477,0.733862,0.785484
2005/6/7 0:00,1.072444,2.0029310000000002,1.0292801999999999,1.1005818,0.150009,0.012448,0.7493808,0.793021
2005/6/8 0:00,1.076345,1.8450468,1.034768,1.1373436000000001,0.15389100000000003,0.012407,0.7649633999999998,0.795292
2005/6/9 0:00,1.06945,1.8450468,1.036055,1.1287952,0.15389100000000003,0.012402,0.7649634000000001,0.795292
2005/6/10 0:00,1.077052,1.97995,1.037323,1.1373436000000001,0.151985,0.012435,0.748992,0.793462
2005/6/11 0:00,1.07975,1.9799499999999999,1.041764,1.1424122,0.14799959999999998,0.012376,0.7339895999999999,0.792267
2005/6/12 0:00,1.068262,1.97995,1.038745,1.1358298000000002,0.1460108,0.012369,0.7339895999999999,0.788333
2005/6/13 0:00,1.068285,1.707619,1.039501,1.1287952,0.15520000000000003,0.012361,0.7842933999999999,0.797957
2005/6/14 0:00,1.056669,1.97995,1.030524,1.1053868,0.153846,0.012389,0.7478248000000001,0.786906
2005/6/15 0:00,1.057899,1.97995,1.032951,1.1053867999999998,0.153846,0.012364,0.7492726000000001,0.787154
2005/6/16 0:00,1.056145,1.97995,1.032951,1.1053868,0.153929,0.012378,0.7350904,0.785176
2005/6/17 0:00,1.060637,1.9799499999999999,1.027876,1.1037898,0.153641,0.012381,0.7498886,0.78284
2005/6/18 0:00,1.057944,1.9799499999999999,1.025431,1.1037898,0.153704,0.012268,0.7484408,0.782473
2005/6/19 0:00,1.061594,1.97995,1.028912,1.1104664,0.153768,0.01227,0.7492726000000001,0.788333
2005/6/20 0:00,1.064951,1.97995,1.032951,1.1272297999999998,0.153735,0.012232,0.7492726000000001,0.78964
2005/6/21 0:00,1.070435,1.6247534000000001,1.029866,1.1287952,0.153984,0.012262,0.8102408000000001,0.799041
2005/6/22 0:00,1.064623,1.835138,1.026799,1.1240960000000002,0.153984,0.012238,0.7625363999999999,0.793399
2005/6/23 0:00,1.066109,1.6175944000000002,1.026799,1.1358298000000002,0.153984,0.012238,0.807559,0.793399
2005/6/24 0:00,1.051049,1.5990358,1.022171,1.1151039999999999,0.153728,0.012225,0.80032,0.789889
2005/6/25 0:00,1.054541,1.6091438,1.022401,1.1317796000000002,0.153882,0.01221,0.801667,0.796495
2005/6/26 0:00,1.05148,1.5993932,1.022966,1.1317796000000002,0.153988,0.012198,0.801732,0.797957
2005/6/27 0:00,1.061402,1.6210254,1.021242,1.1824344,0.154059,0.012299,0.803342,0.809717
2005/6/28 0:00,1.069393,1.5453394,1.023856,1.1369472,0.154012,0.012361,0.808865,0.817394
2005/6/29 0:00,1.071249,1.499456,1.023123,1.107554,0.154055,0.012372,0.808931,0.818599
2005/6/30 0:00,1.071249,1.499456,1.023123,1.107554,0.154055,0.012372,0.808931,0.818599
2005/7/1 0:00,1.068536,1.5453394,1.023541,1.1371268,0.154231,0.012357,0.809454,0.817394
2005/7/2 0:00,1.066496,1.5285958,1.032077,1.0926486,0.154323,0.012286,0.809979,0.823316
2005/7/3 0:00,1.0676,1.5181327999999998,1.026357,1.0818670000000001,0.154321,0.012362,0.809717,0.820816
2005/7/4 0:00,1.066416,1.5962274,1.02459,1.1627758,0.154242,0.012367,0.810787,0.816393
2005/7/5 0:00,1.075847,1.5172781999999998,1.024821,1.1108972,0.154321,0.012452,0.814863,0.817528
2005/7/6 0:00,1.071846,1.5909418,1.022599,1.1095918,0.154321,0.012469,0.813471,0.815794
2005/7/7 0:00,1.071145,1.5929491999999998,1.022599,1.1095918,0.154326,0.012453,0.813471,0.815262
2005/7/8 0:00,1.071593,1.6136968,1.020179,1.1946,0.154338,0.012473,0.812876,0.814266
2005/7/9 0:00,1.072547,1.6074682000000002,1.026589,1.193175,0.154273,0.012475,0.814863,0.821423
2005/7/10 0:00,1.062575,1.639452,1.021211,1.197662,0.15444,0.012528,0.811214,0.816127
2005/7/11 0:00,1.063445,1.636688,1.026778,1.186986,0.154395,0.01244,0.812678,0.827198
2005/7/12 0:00,1.053941,1.622481,1.021952,1.188312,0.154266,0.012456,0.80844,0.822436
2005/7/13 0:00,1.056446,1.62525,1.020408,1.18779,0.154266,0.01245,0.808146,0.823588
2005/7/14 0:00,1.053741,1.623535,1.020408,1.186549,0.154266,0.012449,0.808146,0.823588
2005/7/15 0:00,1.056524,1.631215,1.022296,1.192677,0.154226,0.012458,0.808846,0.813008
2005/7/16 0:00,1.070492,1.639183,1.033143,1.183922,0.154328,0.012423,0.813537,0.819269
2005/7/17 0:00,1.055654,1.618097,1.017915,1.170823,0.154269,0.012353,0.807233,0.806127
2005/7/18 0:00,1.052942,1.611863,1.014837,1.176886,0.15444,0.012385,0.805471,0.801218
2005/7/19 0:00,1.059547,1.6159,1.018953,1.179482,0.154536,0.012491,0.81011,0.810898
2005/7/20 0:00,1.061751,1.618647,1.021138,1.178314,0.154512,0.012495,0.810241,0.810504
2005/7/21 0:00,1.0634,1.619643,1.021138,1.179051,0.154512,0.012492,0.810241,0.810504
2005/7/22 0:00,1.057597,1.619722,1.020939,1.182648,0.154488,0.012467,0.809389,0.809389
2005/7/23 0:00,1.057988,1.622113,1.027327,1.18882,0.154631,0.012481,0.811754,0.811688
2005/7/24 0:00,1.062699,1.611292,1.028595,1.194073,0.154722,0.012457,0.812612,0.817929
2005/7/25 0:00,1.047867,1.597444,1.018745,1.192407,0.154607,0.012408,0.807689,0.81011
2005/7/26 0:00,1.052233,1.598747,1.015022,1.1948,0.15444,0.012441,0.808081,0.81182
2005/7/27 0:00,1.052244,1.598465,1.011941,1.193887,0.154466,0.012422,0.807494,0.811886
2005/7/28 0:00,1.050045,1.598465,1.011941,1.193887,0.154466,0.012433,0.807494,0.811886
2005/7/29 0:00,1.042894,1.596806,1.012043,1.195314,0.154297,0.012353,0.804829,0.804829
2005/7/30 0:00,1.051348,1.598593,1.01686,1.201591,0.15456,0.012312,0.806517,0.810504
2005/7/31 0:00,1.066144,1.606529,1.030184,1.198236,0.154703,0.012372,0.810833,0.823181
2005/8/1 0:00,1.071524,1.607097,1.037355,1.189952,0.154708,0.012399,0.814133,0.826583
2005/8/2 0:00,1.077528,1.606529,1.041526,1.178689,0.154655,0.012369,0.815295,0.828226
2005/8/3 0:00,1.07535,1.607149,1.043188,1.178967,0.154672,0.012373,0.815528,0.827061
2005/8/4 0:00,1.077993,1.60764,1.043188,1.179412,0.154672,0.012372,0.815528,0.827061
2005/8/5 0:00,1.073146,1.609269,1.041309,1.179204,0.154777,0.012375,0.815993,0.8296
2005/8/6 0:00,1.0711,1.608596,1.04132,1.183572,0.154631,0.01233,0.81473,0.828157
2005/8/7 0:00,1.068034,1.598593,1.03584,1.189372,0.154607,0.012357,0.81367,0.826856
2005/8/8 0:00,1.077354,1.596144,1.042318,1.184273,0.154655,0.012313,0.817862,0.830979
2005/8/9 0:00,1.073042,1.602205,1.038853,1.193317,0.154679,0.012398,0.818331,0.834446
2005/8/10 0:00,1.075731,1.605961,1.04015,1.195886,0.154679,0.012404,0.819269,0.837802
2005/8/11 0:00,1.072651,1.602949,1.04015,1.193645,0.15465,0.012401,0.819269,0.833264
2005/8/12 0:00,1.065825,1.591596,1.032642,1.196688,0.154624,0.012453,0.814133,0.829669
2005/8/13 0:00,1.060952,1.592458,1.035572,1.200322,0.154799,0.012581,0.815993,0.819605
2005/8/14 0:00,1.075708,1.609554,1.041764,1.220852,0.153998,0.012656,0.820466,0.83682
2005/8/15 0:00,1.073111,1.614778,1.042459,1.224995,0.155446,0.012651,0.821693,0.84317
2005/8/16 0:00,1.064396,1.613684,1.047449,1.226392,0.155424,0.012653,0.821018,0.845094
2005/8/17 0:00,1.06553,1.614752,1.048768,1.231497,0.155412,0.012637,0.820075,0.843597
2005/8/18 0:00,1.06553,1.613632,1.048768,1.230663,0.155412,0.012639,0.820075,0.843597
2005/8/19 0:00,1.059344,1.603515,1.041732,1.221747,0.15456,0.012647,0.821153,0.843811
2005/8/20 0:00,1.072996,1.6147,1.05241,1.221195,0.154681,0.012668,0.822978,0.856238
2005/8/21 0:00,1.074345,1.61457,1.056089,1.219854,0.154878,0.012698,0.823995,0.855798
2005/8/22 0:00,1.08387,1.629992,1.058291,1.221299,0.154871,0.012729,0.826105,0.863334
2005/8/23 0:00,1.085352,1.631747,1.053297,1.224035,0.155101,0.012744,0.827609,0.865127
2005/8/24 0:00,1.085446,1.629912,1.054407,1.221404,0.155101,0.01274,0.827404,0.864678
2005/8/25 0:00,1.084599,1.631747,1.054407,1.222793,0.155121,0.012734,0.827404,0.864379
2005/8/26 0:00,1.086449,1.629593,1.058067,1.240941,0.155135,0.012778,0.828226,0.866176
2005/8/27 0:00,1.096467,1.639882,1.06076,1.248439,0.155316,0.012825,0.831048,0.87146
2005/8/28 0:00,1.102536,1.633266,1.053952,1.245439,0.155183,0.012809,0.83129,0.870019
2005/8/29 0:00,1.101698,1.634548,1.05363,1.246153,0.155183,0.012852,0.831808,0.871536
2005/8/30 0:00,1.099626,1.643872,1.046124,1.267427,0.155352,0.012964,0.830772,0.877501
2005/8/31 0:00,1.10005,1.645359,1.047011,1.274665,0.155311,0.013004,0.830496,0.87727
2005/9/1 0:00,1.099699,1.642063,1.047011,1.272119,0.155311,0.013028,0.830496,0.87727
2005/9/2 0:00,1.094895,1.628346,1.044517,1.279541,0.155386,0.012953,0.830772,0.874355
2005/9/3 0:00,1.079914,1.627975,1.041515,1.302762,0.155299,0.012974,0.829187,0.869036
2005/9/4 0:00,1.074968,1.642576,1.039361,1.301999,0.155352,0.013004,0.829187,0.863856
2005/9/5 0:00,1.052454,1.627498,1.023206,1.302983,0.155333,0.012687,0.822368,0.843811
2005/9/6 0:00,1.050851,1.637787,1.02373,1.30039,0.155263,0.01273,0.821895,0.845237
2005/9/7 0:00,1.037947,1.636152,1.01916,1.302762,0.155263,0.012755,0.821895,0.83167
2005/9/8 0:00,1.037947,1.636152,1.01916,1.302762,0.155263,0.012755,0.821895,0.83167
2005/9/9 0:00,1.031555,1.636929,1.010785,1.328021,0.155393,0.012867,0.820749,0.830358
2005/9/10 0:00,1.014302,1.621508,1.008065,1.370276,0.155497,0.012977,0.823045,0.816193
2005/9/11 0:00,1.026252,1.6153,1.011941,1.0644456,0.155819,0.013028,0.821828,0.817661
2005/9/12 0:00,1.025873,1.620089,1.010305,1.0740652,0.156441,0.01301,0.824572,0.824742
2005/9/13 0:00,1.03569,1.628505,1.010622,1.2140524,0.156463,0.013031,0.825832,0.833611
2005/9/14 0:00,1.035047,1.628253,1.009082,1.1233932,0.156463,0.013017,0.824402,0.831393
2005/9/15 0:00,1.035047,1.627803,1.009082,1.1233932,0.156463,0.01304,0.824402,0.831393
2005/9/16 0:00,1.048944,1.638726,1.017294,1.0753768,0.156487,0.013021,0.831324,0.829738
2005/9/17 0:00,1.04665,1.643605,1.017656,1.2116284,0.156504,0.013042,0.830806,0.8351
2005/9/18 0:00,1.053652,1.656287,1.019493,1.120632,0.156548,0.013077,0.832556,0.837381
2005/9/19 0:00,1.03436,1.64788,1.008787,1.071451,0.156556,0.013011,0.822842,0.81974
2005/9/20 0:00,1.041439,1.650247,1.012443,1.0753768,0.156446,0.013077,0.827643,0.820681
2005/9/21 0:00,1.044147,1.654451,1.009897,1.0753768,0.156446,0.013063,0.826515,0.823995
2005/9/22 0:00,1.044147,1.654451,1.009897,1.0753768,0.156446,0.013063,0.826515,0.823995
2005/9/23 0:00,1.042209,1.646687,1.009907,1.0753768,0.156299,0.01303,0.827712,0.825083
2005/9/24 0:00,1.048229,1.649308,1.009469,1.0753768,0.156348,0.013053,0.830289,0.832362
2005/9/25 0:00,1.045992,1.636983,1.012023,1.0753768,0.156544,0.012981,0.828981,0.827198
2005/9/26 0:00,1.043972,1.627803,1.014199,1.0719284,0.15647,0.012882,0.825607,0.829738
2005/9/27 0:00,1.057463,1.634868,1.01626,1.2563326,0.156568,0.013036,0.831594,0.840195
2005/9/28 0:00,1.057899,1.634975,1.017315,1.2563326,0.156588,0.01304,0.831421,0.839842
2005/9/29 0:00,1.062157,1.639613,1.021263,1.2791766,0.15706,0.012998,0.829531,0.843668
2005/9/30 0:00,1.066974,1.62958,1.021315,1.2443068,0.15672,0.013034,0.829187,0.851209
2005/10/1 0:00,1.07404,1.6177,1.023887,1.2494956,0.156704,0.013018,0.830834,0.85162
2005/10/2 0:00,1.065644,1.621297,1.01657,1.17383,0.156703,0.013034,0.83091,0.84674
2005/10/3 0:00,1.054741,1.610643,1.008888,1.0830714000000001,0.156551,0.013006,0.827643,0.831947
2005/10/4 0:00,1.062643,1.596704,1.012658,1.0799726,0.156397,0.012932,0.826836,0.831808
2005/10/5 0:00,1.059648,1.596781,1.011736,1.0790072,0.156656,0.012891,0.822774,0.832362
2005/10/6 0:00,1.046047,1.588941,1.003583,1.0717539999999999,0.156537,0.01292,0.816193,0.822301
2005/10/7 0:00,1.028045,1.579854,1.003391,1.0713658,0.156177,0.012942,0.807572,0.818465
2005/10/8 0:00,1.033805,1.581703,1.011429,1.0753768,0.156274,0.013011,0.806452,0.825627
2005/10/9 0:00,1.025147,1.577884,1.009693,1.0753768,0.156323,0.013045,0.803419,0.822301
2005/10/10 0:00,1.036452,1.579979,1.020387,1.0887461999999999,0.156666,0.013007,0.805477,0.830979
2005/10/11 0:00,1.019202,1.567693,1.008369,1.0753768,0.156482,0.013072,0.791452,0.819807
2005/10/12 0:00,1.022809,1.567951,1.001753,1.0695416,0.15674,0.013104,0.785114,0.816127
2005/10/13 0:00,0.974944,1.535721,0.969556,1.0333721999999999,0.156482,0.013083,0.76386,0.778028
2005/10/14 0:00,0.981451,1.545189,0.972384,1.0359452,0.156492,0.013076,0.771605,0.778816
2005/10/15 0:00,0.972763,1.551663,0.968326,1.0404042,0.156201,0.013082,0.769254,0.772618
2005/10/16 0:00,0.997506,1.567742,0.984441,1.0451814000000001,0.156355,0.013049,0.781067,0.793903
2005/10/17 0:00,0.982029,1.557899,0.972016,1.0373436,0.156397,0.013081,0.773874,0.778634
2005/10/18 0:00,0.974184,1.561768,0.964711,1.0330591999999998,0.156311,0.013042,0.769882,0.76746
2005/10/19 0:00,0.961169,1.547389,0.954745,0.9983449999999999,0.156348,0.013036,0.762195,0.759013
2005/10/20 0:00,0.959601,1.542401,0.956283,0.9983449999999999,0.156863,0.013016,0.765896,0.762486
2005/10/21 0:00,0.970214,1.538746,0.959039,1.0367697999999999,0.156764,0.013043,0.768462,0.766754
2005/10/22 0:00,0.975657,1.555984,0.962742,1.0404042,0.157282,0.013023,0.771915,0.76929
2005/10/23 0:00,1.0,1.567509,0.97352,1.0441364,0.157518,0.01304,0.784191,0.78456
2005/10/24 0:00,0.995124,1.558798,0.970751,1.0391432,0.156838,0.013036,0.778816,0.780457
2005/10/25 0:00,1.019098,1.575821,0.985513,1.0561816,0.157277,0.012927,0.785731,0.798148
2005/10/26 0:00,1.014199,1.573391,0.977316,1.0498759999999998,0.156666,0.01301,0.780354,0.791703
2005/10/27 0:00,1.02239,1.578059,0.982898,1.0561816,0.156863,0.013024,0.78796,0.796369
2005/10/28 0:00,1.023646,1.569982,0.984049,1.0497494,0.156759,0.013016,0.788644,0.794786
2005/10/29 0:00,1.022809,1.579105,0.984426,1.0561816,0.156674,0.013014,0.784498,0.793336
2005/10/30 0:00,1.03325,1.593194,0.990207,1.0760783999999999,0.156654,0.013122,0.783576,0.801603
2005/10/31 0:00,1.044746,1.600768,0.985902,1.1163843999999998,0.15706,0.013168,0.791954,0.797194
2005/11/1 0:00,1.034672,1.590508,0.990609,1.0768922,0.157406,0.013151,0.784991,0.79277
2005/11/2 0:00,1.07087,1.612513,1.006016,1.0753768000000001,0.157233,0.013202,0.805088,0.821693
2005/11/3 0:00,1.058503,1.613372,1.003402,1.0618786,0.157351,0.012825,0.797766,0.810898
2005/11/4 0:00,1.032546,1.594515,0.981532,1.0679944000000001,0.157324,0.012767,0.781769,0.793462
2005/11/5 0:00,1.032311,1.595329,0.986412,1.0845676000000002,0.157304,0.012806,0.785176,0.788955
2005/11/6 0:00,1.037797,1.599744,0.990197,1.10873,0.157485,0.012825,0.788271,0.791766
2005/11/7 0:00,1.034383,1.602102,0.980854,1.1002448,0.157704,0.012778,0.789092,0.791515
2005/11/8 0:00,1.033464,1.602089,0.982434,1.0710878,0.157456,0.012809,0.78672,0.795229
2005/11/9 0:00,1.033122,1.607355,0.986466,1.060618,0.15758,0.012857,0.787154,0.79466
2005/11/10 0:00,1.020794,1.595825,0.98356,1.0415934,0.157604,0.012858,0.778634,0.785762
2005/11/11 0:00,1.013818,1.593473,0.98121,1.0347838,0.1575,0.012887,0.775074,0.776398
2005/11/12 0:00,1.028807,1.608286,0.987752,1.0403828000000002,0.157659,0.012963,0.780823,0.786411
2005/11/13 0:00,1.018849,1.589193,0.982241,1.058005,0.157344,0.012984,0.774455,0.778634
2005/11/14 0:00,1.013644,1.580903,0.97683,1.0648424,0.15756,0.012985,0.772917,0.76864
2005/11/15 0:00,1.013644,1.577163,0.979681,1.0728486,0.157592,0.012982,0.773814,0.768699
2005/11/16 0:00,1.005399,1.579704,0.977231,1.036009,0.157458,0.01299,0.773096,0.761905
2005/11/17 0:00,1.003452,1.578208,0.97426,1.0362638,0.157292,0.012996,0.77104,0.757031
2005/11/18 0:00,1.001402,1.578906,0.97353,1.0362638,0.157292,0.013002,0.770297,0.756487
2005/11/19 0:00,0.983574,1.565693,0.962385,1.0264904,0.157206,0.012994,0.767766,0.747105
2005/11/20 0:00,0.982994,1.564798,0.964218,1.0236736,0.157191,0.012975,0.768182,0.745629
2005/11/21 0:00,0.968804,1.55212,0.953834,1.0251598,0.157295,0.012918,0.763068,0.740357
2005/11/22 0:00,0.973331,1.550147,0.954727,1.0348008,0.157171,0.012968,0.764234,0.741565
2005/11/23 0:00,0.973331,1.547185,0.953834,1.0348008,0.156686,0.012875,0.762428,0.741785
2005/11/24 0:00,0.992063,1.553302,0.967876,1.0477154,0.156583,0.012806,0.768965,0.755059
2005/11/25 0:00,1.001603,1.561622,0.970968,1.0453582000000001,0.15686,0.012845,0.772439,0.762253
2005/11/26 0:00,1.024548,1.570007,0.980657,1.0676995999999999,0.156791,0.012895,0.779727,0.776759
2005/11/27 0:00,1.022349,1.569908,0.982415,1.0673642,0.156961,0.012888,0.780153,0.777152
2005/11/28 0:00,1.021899,1.558895,0.983961,1.0674942,0.157171,0.012837,0.778756,0.777363
2005/11/29 0:00,1.029962,1.568652,0.985989,1.0683876,0.157555,0.012857,0.782656,0.78183
2005/11/30 0:00,1.021503,1.557002,0.987947,1.0691890000000002,0.157853,0.012862,0.778513,0.778513
2005/12/1 0:00,1.018641,1.562988,0.98058,1.0711208000000003,0.157188,0.012874,0.77226,0.773485
2005/12/2 0:00,1.018807,1.565068,0.97995,1.0711208000000003,0.157828,0.012886,0.773395,0.773156
2005/12/3 0:00,1.01915,1.563942,0.982608,1.0711208000000003,0.1574702,0.012897,0.773515,0.773395
2005/12/4 0:00,1.02215,1.566342,0.982608,1.082626,0.1571878,0.012897,0.773515,0.773395
2005/12/5 0:00,1.005834,1.559381,0.972838,1.068513,0.15742240000000002,0.012846,0.767931,0.762021
2005/12/6 0:00,1.009296,1.553036,0.971808,1.061447,0.1582356,0.012837,0.768049,0.763534
2005/12/7 0:00,0.990884,1.544926,0.961955,1.049406,0.1569674,0.012807,0.764,0.751174
2005/12/8 0:00,0.99453,1.548851,0.966128,1.063536,0.1572236,0.012839,0.765111,0.75392
2005/12/9 0:00,0.997506,1.551687,0.963215,1.067464,0.1571836,0.012877,0.767106,0.763009
2005/12/10 0:00,0.991473,1.552494,0.964785,1.067578,0.1570244,0.012825,0.765023,0.75706
2005/12/11 0:00,1.006999,1.567152,0.971912,1.074737,0.1575882,0.012853,0.769823,0.769112
2005/12/12 0:00,1.006451,1.567496,0.97144,1.065303,0.15748099999999998,0.012817,0.77022,0.767401
2005/12/13 0:00,1.014055,1.566551,0.979048,1.067384,0.15755439999999998,0.012798,0.773455,0.774893
2005/12/14 0:00,1.014961,1.5615,0.98056,1.066098,0.1578492,0.012798,0.772917,0.773814
2005/12/15 0:00,1.016043,1.563795,0.977422,1.069061,0.1574702,0.01283,0.774114,0.773994
2005/12/16 0:00,1.015692,1.566502,0.979912,1.070435,0.158203,0.012849,0.771188,0.772022
2005/12/17 0:00,1.009296,1.548036,0.976849,1.060108,0.158278,0.012826,0.769941,0.769172
2005/12/18 0:00,1.010795,1.537492,0.978751,1.060176,0.158328,0.012864,0.768344,0.77006
2005/12/19 0:00,1.025347,1.554291,0.983091,1.068034,0.158856,0.012992,0.772171,0.780457
2005/12/20 0:00,1.020752,1.552337,0.978857,1.065871,0.158856,0.012992,0.771307,0.777484
2005/12/21 0:00,1.020752,1.552337,0.978857,1.065871,0.158856,0.012992,0.771307,0.777484
2005/12/22 0:00,1.022098,1.549691,0.979528,1.06349,0.158881,0.013002,0.770713,0.778816
2005/12/23 0:00,1.037463,1.56519,0.990099,1.072501,0.158781,0.013043,0.779606,0.789889
2005/12/24 0:00,1.023447,1.5767655999999999,0.977135,1.046353,0.158328,0.012977,0.773294,0.781616
2005/12/25 0:00,1.0235,1.5530861999999999,0.973047,1.0490777999999998,0.158494,0.012975,0.77232,0.781433
2005/12/26 0:00,1.021649,1.5512158,0.973302,1.0377994000000001,0.158378,0.013011,0.770939,0.785176
2005/12/27 0:00,1.032652,1.5671300000000001,0.984252,1.0175014,0.158403,0.013009,0.775916,0.794976
2005/12/28 0:00,1.029506,1.5574705999999998,0.981258,1.0189157999999998,0.158303,0.013002,0.773575,0.794597
2005/12/29 0:00,1.030949,1.5626638,0.980565,1.0169877999999999,0.158295,0.013031,0.774833,0.792456
2005/12/30 0:00,1.029569,1.5551901999999997,0.976811,1.0165089999999999,0.158381,0.013004,0.773527,0.792519
2005/12/31 0:00,1.030758,1.5626638,0.982222,1.0169877999999999,0.158326,0.013024,0.774563,0.793588
2006/1/1 0:00,1.039501,1.5651798,0.986777,1.0164324,0.158278,0.013021,0.778756,0.800064
2006/1/2 0:00,1.046343,1.5730385999999998,0.985707,1.0290912,0.157878,0.012988,0.785204,0.805088
2006/1/3 0:00,1.053541,1.5805734,0.992359,1.0482854,0.158353,0.013,0.789266,0.810636
2006/1/4 0:00,1.046901,1.5783989999999999,0.989981,1.0297716,0.158153,0.012858,0.787774,0.809323
2006/1/5 0:00,1.047603,1.566512,0.987567,1.021138,0.158366,0.012793,0.78703,0.805088
2006/1/6 0:00,1.065099,1.6034572,1.001292,1.0758906,0.158353,0.01291,0.796514,0.821558
2006/1/7 0:00,1.064339,1.5495738,0.999016,1.0743794,0.158353,0.013038,0.797512,0.823723
2006/1/8 0:00,1.05838,1.586711,0.995847,1.0585748,0.158368,0.013099,0.794786,0.819236
2006/1/9 0:00,1.0593,1.5477148,0.994926,1.07121,0.158509,0.013099,0.795229,0.824674
2006/1/10 0:00,1.073065,1.5841998,1.0031,1.0635848,0.158562,0.013134,0.800564,0.834585
2006/1/11 0:00,1.071501,1.5841998,1.001001,1.0635848,0.158609,0.01313,0.802311,0.835143
2006/1/12 0:00,1.076623,1.5841998,1.00545,1.0635848,0.158572,0.013065,0.804878,0.83619
2006/1/13 0:00,1.076195,1.5841998,1.00634,1.0635848,0.158584,0.013053,0.805153,0.835946
2006/1/14 0:00,1.073353,1.5841998,1.003714,1.0635848,0.158418,0.013055,0.801025,0.833611
2006/1/15 0:00,1.079564,1.5841998,1.005237,1.0635848,0.158479,0.013006,0.802697,0.83612
2006/1/16 0:00,1.078481,1.5841998,1.002366,1.0635848,0.158705,0.012999,0.802381,0.833889
2006/1/17 0:00,1.08045,1.5841998,1.005733,1.0621362,0.158707,0.012908,0.801539,0.83647
2006/1/18 0:00,1.067236,1.5113362,0.998891,1.064241,0.158957,0.01289,0.793714,0.8285
2006/1/19 0:00,1.067395,1.5478796,0.998602,1.0673797999999999,0.158874,0.012882,0.792896,0.826583
2006/1/20 0:00,1.074345,1.5841998,1.00068,1.0635848,0.158798,0.0129,0.796686,0.835213
2006/1/21 0:00,1.069301,1.5841998,1.000811,1.0635848,0.158781,0.012753,0.790983,0.832085
2006/1/22 0:00,1.074045,1.5841998,1.003402,1.0621362,0.158758,0.012784,0.792896,0.837802
2006/1/23 0:00,1.074552,1.5841998,1.001904,1.0635848,0.158695,0.012686,0.791202,0.831117
2006/1/24 0:00,1.069244,1.5841998,1.002808,1.0635848,0.158786,0.012601,0.793997,0.832293
2006/1/25 0:00,1.075998,1.5841998,1.007354,1.0621362,0.158821,0.012578,0.798977,0.840089
2006/1/26 0:00,1.069336,1.5841998,1.004631,1.0621362,0.158798,0.012541,0.795862,0.83668
2006/1/27 0:00,1.062496,1.5296296,0.9998,1.0635848,0.158783,0.012454,0.794155,0.829463
2006/1/28 0:00,1.068593,1.5841998,1.001904,1.0635848,0.15875,0.012468,0.795798,0.833403
2006/1/29 0:00,1.070664,1.5841998,1.001492,1.0621362,0.158844,0.012361,0.796305,0.83647
2006/1/30 0:00,1.069496,1.5841998,1.0004,1.0635848,0.158768,0.012314,0.796369,0.835701
2006/1/31 0:00,1.07631,1.5841998,1.001512,1.0621362,0.158697,0.012433,0.797067,0.840477
2006/2/1 0:00,1.076334,1.5841998,1.004319,1.0621362,0.158748,0.01243,0.8052925999999999,0.837591
2006/2/2 0:00,1.077935,1.607705,1.013582,1.0621362,0.158854,0.01232,0.8162111999999999,0.840124
2006/2/3 0:00,1.080287,1.5841998,1.015022,1.0621362,0.15873,0.012318,0.8204712000000001,0.840054
2006/2/4 0:00,1.073952,1.5656814,1.010887,1.0635848,0.158765,0.012257,0.8031032,0.83091
2006/2/5 0:00,1.073295,1.5095986,1.010509,1.0625930000000001,0.15875,0.012226,0.804481,0.828947
2006/2/6 0:00,1.067236,1.5409104,1.006563,1.0678505999999999,0.158526,0.012281,0.8158660000000001,0.821828
2006/2/7 0:00,1.054285,1.5886588,0.998208,1.046684,0.158413,0.012387,0.8158897999999999,0.810767
2006/2/8 0:00,1.058279,1.574803,1.00061,1.090941,0.158358,0.012337,0.8052439999999998,0.819739
2006/2/9 0:00,1.061391,1.581803,1.00775,1.099904,0.158288,0.012268,0.8147042000000001,0.824063
2006/2/10 0:00,1.058941,1.568898,1.010428,1.08724,0.158514,0.012117,0.8146716000000002,0.82149
2006/2/11 0:00,1.055487,1.567054,1.009591,1.08724,0.158469,0.012124,0.8146716000000002,0.821355
2006/2/12 0:00,1.057899,1.567054,1.009591,1.08724,0.158469,0.012126,0.8146716000000002,0.821355
2006/2/13 0:00,1.04835,1.563233,1.005834,1.09075,0.158035,0.012159,0.8004552,0.816793
2006/2/14 0:00,1.053574,1.57344,1.010203,1.087382,0.158018,0.012095,0.8146715999999999,0.821828
2006/2/15 0:00,1.045938,1.568627,1.008542,1.076844,0.157888,0.011953,0.8004552,0.809192
2006/2/16 0:00,1.054741,1.571722,1.009184,1.084128,0.157965,0.012003,0.805544,0.819605
2006/2/17 0:00,1.058952,1.583281,1.008776,1.09218,0.158135,0.011998,0.8147041999999999,0.825014
2006/2/18 0:00,1.059401,1.584359,1.008065,1.092478,0.158163,0.011983,0.8147041999999999,0.824402
2006/2/19 0:00,1.059547,1.584359,1.008065,1.092478,0.158163,0.011983,0.8147041999999999,0.824402
2006/2/20 0:00,1.060648,1.58932,1.013685,1.097574,0.158215,0.011986,0.8147041999999999,0.826583
2006/2/21 0:00,1.048493,1.586345,1.007973,1.097574,0.158198,0.011967,0.79186,0.817528
2006/2/22 0:00,1.04455,1.584811,1.007435,1.09493,0.158258,0.011943,0.790826,0.814399
2006/2/23 0:00,1.038465,1.581153,1.0005,1.093972,0.15864,0.012122,0.789952,0.808767
2006/2/24 0:00,1.044998,1.586798,1.0006,1.100485,0.158647,0.012132,0.792393,0.817127
2006/2/25 0:00,1.046397,1.58705,1.001803,1.102086,0.158707,0.012143,0.792959,0.819437
2006/2/26 0:00,1.046594,1.586798,1.002004,1.101977,0.158707,0.012143,0.793147,0.819437
2006/2/27 0:00,1.051348,1.594134,1.007475,1.106072,0.158521,0.012075,0.794723,0.820917
2006/2/28 0:00,1.048669,1.596679,1.006745,1.106317,0.158851,0.012029,0.796242,0.821625
2006/3/1 0:00,1.036764,1.586169,1.001282,1.103789,0.158695,0.012082,0.79466,0.81626
2006/3/2 0:00,1.033944,1.6104188000000002,1.001001,1.100837,0.158763,0.010213,0.793273,0.813603
2006/3/3 0:00,1.038044,1.5943124000000002,1.001402,1.108156,0.158791,0.0107116,0.795735,0.820883
2006/3/4 0:00,1.034704,1.604193,1.001402,1.10882,0.158808,0.0106966,0.795165,0.818465
2006/3/5 0:00,1.043242,1.6102121999999999,1.008654,1.106709,0.158793,0.011663799999999998,0.797575,0.82464
2006/3/6 0:00,1.036957,1.6026322,1.009255,1.108033,0.158889,0.011222199999999998,0.799303,0.823452
2006/3/7 0:00,1.025999,1.588815,1.003673,1.091381,0.158773,0.0097608,0.794092,0.81473
2006/3/8 0:00,1.030195,1.582654,1.006249,1.086484,0.158433,0.0097608,0.793588,0.816327
2006/3/9 0:00,1.031151,1.588991,1.002808,1.090513,0.158559,0.0097608,0.793336,0.819403
2006/3/10 0:00,1.029898,1.582754,1.002808,1.090988,0.158562,0.0097608,0.793242,0.81606
2006/3/11 0:00,1.029898,1.582754,1.002707,1.089918,0.158564,0.0097608,0.793116,0.81606
2006/3/12 0:00,1.031981,1.590457,1.003412,1.091822,0.158489,0.010228000000000001,0.792644,0.82291
2006/3/13 0:00,1.026863,1.586169,0.996314,1.089681,0.158431,0.0097608,0.792519,0.814531
2006/3/14 0:00,1.031353,1.59071,0.997307,1.091286,0.158539,0.0097608,0.795545,0.818264
2006/3/15 0:00,1.043787,1.597049,1.004722,1.098696,0.158624,0.0111764,0.79885,0.827061
2006/3/16 0:00,1.037312,1.585289,1.001693,1.087417,0.158707,0.011051,0.80186,0.824334
2006/3/17 0:00,1.037291,1.58461,1.0003,1.0780374,0.158781,0.0121656,0.801218,0.823045
2006/3/18 0:00,1.037646,1.58461,1.0005,1.0780374,0.158778,0.0121656,0.801218,0.823045
2006/3/19 0:00,1.037129,1.589572,1.00263,1.0840212,0.158376,0.011702800000000003,0.800769,0.821018
2006/3/20 0:00,1.040702,1.594032,0.9927313999999999,1.0753768,0.15867,0.012165600000000002,0.801603,0.822504
2006/3/21 0:00,1.035165,1.602051,1.0071298,1.0797493999999999,0.158682,0.0116686,0.799361,0.816127
2006/3/22 0:00,1.032695,1.605394,1.010008,1.0812792,0.158642,0.011202399999999998,0.799361,0.81314
2006/3/23 0:00,1.037344,1.611941,1.0043427999999999,1.0844951999999999,0.158589,0.0116964,0.800737,0.817595
2006/3/24 0:00,1.0285,1.613684,1.0073412,1.0812792,0.158574,0.011202399999999998,0.802375,0.811162
2006/3/25 0:00,1.033912,1.614596,1.0043428,1.0812792,0.158569,0.011202399999999998,0.803277,0.813074
2006/3/26 0:00,1.038551,1.619433,1.0006081999999998,1.0596766,0.158796,0.011383999999999998,0.8081627999999998,0.814133
2006/3/27 0:00,1.047153,1.627472,1.0029854,1.0753768,0.158692,0.011968000000000001,0.8146716000000002,0.822504
2006/3/28 0:00,1.041645,1.623377,1.0043427999999999,1.0614835999999999,0.159218,0.011382199999999999,0.8089028,0.817127
2006/3/29 0:00,1.033645,1.621534,1.0050002,1.072958,0.159264,0.0122424,0.8126669999999999,0.815129
2006/3/30 0:00,1.031449,1.619564,1.0005045999999997,1.059453,0.159041,0.012307,0.8112657999999999,0.80952
2006/3/31 0:00,1.024601,1.617783,0.9810216,1.0478033999999998,0.159013,0.013014000000000001,0.7856828,0.799233
2006/4/1 0:00,1.018641,1.614726,0.9941022,1.0399889999999998,0.158975,0.0124466,0.7925954000000001,0.794849
2006/4/2 0:00,1.01805,1.615535,0.9900307999999999,1.0527342,0.158912,0.012415800000000001,0.803794,0.795735
2006/4/3 0:00,1.021127,1.618909,0.9900307999999999,1.0527342,0.158629,0.012415800000000001,0.802955,0.795672
2006/4/4 0:00,1.012494,1.615796,1.0058158000000001,1.0509328,0.158501,0.012260400000000001,0.801603,0.788146
2006/4/5 0:00,1.008258,1.614205,1.0058158000000001,1.0509328,0.158476,0.012260400000000001,0.799488,0.786473
2006/4/6 0:00,1.010938,1.616044,1.0058158000000001,1.0509328,0.158348,0.012260400000000001,0.800576,0.786658
2006/4/7 0:00,1.003915,1.607446,1.0068017999999999,1.0504820000000001,0.158446,0.0122254,0.798639,0.785608
2006/4/8 0:00,0.998901,1.610254,1.0052759999999998,1.0530902000000002,0.158168,0.0121698,0.796242,0.779423
2006/4/9 0:00,0.995818,1.601409,1.0006774000000003,1.045257,0.15816,0.012202399999999999,0.792896,0.770921
2006/4/10 0:00,0.99167,1.59261,1.0046192,1.052881,0.158193,0.012212999999999998,0.788333,0.765111
2006/4/11 0:00,0.994233,1.581528,1.0024038000000002,1.054764,0.158135,0.012236799999999999,0.789391,0.767224
2006/4/12 0:00,0.982029,1.57903,1.0036128000000002,1.0441062,0.15809,0.012636,0.784252,0.752729
2006/4/13 0:00,0.984349,1.582153,1.0036127999999997,1.0441061999999999,0.15808,0.012655,0.784191,0.756716
2006/4/14 0:00,0.984349,1.582153,1.0036127999999997,1.0441061999999999,0.15808,0.012655,0.784191,0.756716
2006/4/15 0:00,0.986875,1.579904,1.0046188,1.0491394,0.158098,0.012605,0.786596,0.762021
2006/4/16 0:00,0.984446,1.57679,1.0036128,1.0441061999999999,0.158218,0.012505,0.786411,0.75815
2006/4/17 0:00,0.972668,1.569612,0.9722120000000001,1.0255996,0.157893,0.012593,0.782228,0.749344
2006/4/18 0:00,0.972384,1.566318,0.9722120000000001,1.026404,0.157858,0.012565,0.782362,0.750751
2006/4/19 0:00,0.977804,1.565607,0.9983584000000001,1.0369836,0.157761,0.012558,0.781494,0.755401
2006/4/20 0:00,0.976372,1.566097,0.9857934,1.0280948,0.157788,0.01255,0.780396,0.75375
2006/4/21 0:00,0.984543,1.568135,1.0036128,1.0441061999999999,0.157761,0.012581,0.782736,0.760861
2006/4/22 0:00,0.982222,1.5625,1.0036128000000002,1.0441062,0.15754,0.012577,0.781616,0.760803
2006/4/23 0:00,0.973236,1.549667,0.982644,1.0237596,0.157255,0.012655,0.776337,0.755116
2006/4/24 0:00,0.973141,1.541663,0.9646746,1.037802,0.156996,0.012759,0.776337,0.753807
2006/4/25 0:00,0.96768,1.535862,0.9557255999999998,1.0390456000000001,0.156969,0.012792,0.772917,0.752955
2006/4/26 0:00,0.970591,1.534637,0.9646782,1.037802,0.156969,0.012812,0.773694,0.754262
2006/4/27 0:00,0.970874,1.537279,0.9646781999999998,1.037802,0.157107,0.012768,0.776156,0.755658
2006/4/28 0:00,0.972763,1.53709,0.9853242,1.0378020000000001,0.157023,0.012698,0.777303,0.755344
2006/4/29 0:00,0.990491,1.548467,1.0047789999999999,1.045201,0.157109,0.012643,0.78376,0.768344
2006/4/30 0:00,0.993345,1.556299,0.997823,1.0460354,0.157112,0.012561,0.784357,0.77098
2006/5/1 0:00,0.988631,1.545117,0.9979288000000001,1.045201,0.15686,0.012587,0.778513,0.76929
2006/5/2 0:00,0.990933,1.550364,0.9841203999999999,1.0368316,0.157337,0.012591,0.779302,0.772618
2006/5/3 0:00,0.992753,1.55739,0.990871,1.0372945999999998,0.156946,0.012587,0.779126,0.775675
2006/5/4 0:00,0.998403,1.55642,0.9853888000000002,1.0383423999999999,0.157473,0.012607,0.781861,0.779545
2006/5/5 0:00,0.997705,1.55259,0.9853888000000002,1.0383423999999999,0.156944,0.012607,0.780945,0.77991
2006/5/6 0:00,1.005955,1.566661,0.9783082000000001,1.0451814,0.156991,0.012706,0.786702,0.787836
2006/5/7 0:00,1.011644,1.566048,0.9809678,1.0451814000000001,0.15727,0.012642,0.787154,0.791515
2006/5/8 0:00,1.019399,1.575051,0.9828404000000001,1.059288,0.157337,0.012665,0.790514,0.797957
2006/5/9 0:00,1.01915,1.57208,0.9828404,1.057418,0.15721,0.012568,0.788656,0.795862
2006/5/10 0:00,1.005662,1.561768,0.982433,1.046496,0.157092,0.01247,0.782632,0.788581
2006/5/11 0:00,1.00634,1.558652,0.9787950000000001,1.045916,0.157099,0.012429,0.784191,0.791264
2006/5/12 0:00,1.006401,1.558944,0.9787950000000001,1.046835,0.157104,0.012433,0.782411,0.790576
2006/5/13 0:00,1.006644,1.558944,0.9787950000000001,1.046835,0.157104,0.012433,0.782105,0.790576
2006/5/14 0:00,0.999151,1.556178,0.9813729999999999,1.040691,0.157089,0.012565,0.77997,0.786596
2006/5/15 0:00,1.005753,1.563233,0.9783082000000001,1.039825,0.157141,0.012582,0.782819,0.791327
2006/5/16 0:00,1.006857,1.556711,0.9787950000000001,1.03799,0.15727,0.012545,0.783208,0.791202
2006/5/17 0:00,1.00065,1.548947,0.9814466000000002,1.033699,0.15727,0.012593,0.779989,0.784929
2006/5/18 0:00,1.024233,1.568874,0.9877278,1.053674,0.157354,0.012522,0.789204,0.802504
2006/5/19 0:00,1.023898,1.570549,0.9877278,1.055264,0.157356,0.012528,0.790264,0.801475
2006/5/20 0:00,1.024149,1.570549,0.9877278,1.055264,0.157356,0.012528,0.790264,0.801475
2006/5/21 0:00,1.024296,1.568874,0.9923012,1.047186,0.157488,0.012588,0.789141,0.8036
2006/5/22 0:00,1.028352,1.568874,0.9923012,1.049571,0.157391,0.012522,0.792205,0.804376
2006/5/23 0:00,1.027897,1.560087,0.9930399999999999,1.043667,0.157515,0.012527,0.789827,0.804441
2006/5/24 0:00,1.029431,1.552506,0.9915904000000001,1.031247,0.157297,0.012516,0.79098,0.803988
2006/5/25 0:00,1.01916,1.547988,0.9810216,1.022495,0.157089,0.012544,0.785669,0.796749
2006/5/26 0:00,1.021096,1.549043,0.9810216,1.02416,0.157089,0.01255,0.786287,0.797957
2006/5/27 0:00,1.019742,1.552072,0.9788316,1.025431,0.156929,0.012557,0.7820076,0.796622
2006/5/28 0:00,1.021221,1.55147,0.9788316,1.020721,0.157065,0.012588,0.7787242,0.795545
2006/5/29 0:00,1.025946,1.552795,0.9810216,1.020669,0.156993,0.012558,0.7787242,0.798531
2006/5/30 0:00,1.013541,1.54271,0.977328,1.015981,0.15687,0.012606,0.7777484,0.790202
2006/5/31 0:00,1.022537,1.557147,0.9788316,1.019119,0.156443,0.012632,0.7787242,0.794786
2006/6/1 0:00,1.023604,1.563233,0.9809810000000001,1.021513,0.156745,0.012686,0.7770284000000001,0.797067
2006/6/2 0:00,1.030142,1.563502,0.9810216,1.021409,0.15688,0.01265,0.7744828,0.797703
2006/6/3 0:00,1.035626,1.564945,0.9830148000000001,1.021138,0.156974,0.012689,0.7755286000000001,0.800064
2006/6/4 0:00,1.041764,1.570969,0.9963754,1.021398,0.156885,0.012724,0.7880992,0.802439
2006/6/5 0:00,1.036731,1.562012,0.9830148000000001,1.012422,0.1580568,0.012739,0.7755286000000001,0.798786
2006/6/6 0:00,1.03799,1.562256,0.9840432,1.01273,0.15777219999999997,0.012739,0.7776028,0.799744
2006/6/7 0:00,1.037947,1.562256,0.9840432,1.01273,0.15777219999999997,0.012737,0.7776028,0.799744
2006/6/8 0:00,1.026694,1.551831,0.9788316,1.009479,0.15552359999999998,0.012749,0.7655614000000001,0.788457
2006/6/9 0:00,1.022735,1.549883,0.9790136,1.003804,0.149838,0.012789,0.7491912000000001,0.785299
2006/6/10 0:00,1.0318,1.550676,0.9810216,1.011869,0.15834159999999997,0.012792,0.7744828,0.790077
2006/6/11 0:00,1.039242,1.568406,1.0010252,1.022882,0.157379,0.012778,0.782936,0.80186
2006/6/12 0:00,1.046704,1.572945,1.0059592,1.026905,0.1582326,0.012716,0.7904983999999999,0.809717
2006/6/13 0:00,1.048944,1.569859,0.9933064000000001,1.019888,0.1582326,0.012786,0.7891031999999999,0.808407
2006/6/14 0:00,1.051834,1.568135,1.0032996,1.0248,0.1582326,0.012793,0.7973969999999999,0.810504
2006/6/15 0:00,1.052532,1.561524,0.998682,1.02417,0.1583592,0.012799,0.7990994,0.813008
2006/6/16 0:00,1.044965,1.550652,0.992847,1.012699,0.1582326,0.01278,0.7904984,0.808407
2006/6/17 0:00,1.055153,1.563477,1.000981,1.029654,0.1583992,0.012722,0.8053164,0.818264
2006/6/18 0:00,1.056803,1.564456,0.998901,1.030503,0.1583992,0.012745,0.8050164000000001,0.819001
2006/6/19 0:00,1.056803,1.564333,0.998901,1.030503,0.1583992,0.012742,0.8050164000000001,0.819001
2006/6/20 0:00,1.057641,1.560915,1.00021,1.032098,0.1584732,0.012791,0.8146716000000002,0.821153
2006/6/21 0:00,1.056145,1.563966,1.00318,1.033699,0.1583992,0.012708,0.8004552,0.816127
2006/6/22 0:00,1.056535,1.566661,1.005429,1.028828,0.15840259999999998,0.012742,0.8004552,0.815328
2006/6/23 0:00,1.056948,1.562256,1.007557,1.022735,0.1575438,0.012729,0.8004552,0.811162
2006/6/24 0:00,1.056368,1.567152,1.008065,1.024013,0.1575438,0.012784,0.8004552,0.81215
2006/6/25 0:00,1.050873,1.568824,1.006948,1.027158,0.1577986,0.012768,0.8004552,0.808538
2006/6/26 0:00,1.049748,1.568627,1.008471,1.026589,0.1569226,0.012695,0.8015926,0.805802
2006/6/27 0:00,1.050045,1.568504,1.010918,1.022809,0.1560638,0.012673,0.8015926,0.806712
2006/6/28 0:00,1.051735,1.573837,1.013674,1.029749,0.1554454,0.012598,0.8004552,0.81103
2006/6/29 0:00,1.042546,1.569563,1.01101,1.025704,0.15662800000000002,0.012573,0.8048059999999999,0.807233
2006/6/30 0:00,1.042199,1.569908,1.010816,1.02681,0.156628,0.012568,0.8048059999999999,0.807624
2006/7/1 0:00,1.042199,1.569957,1.010816,1.026842,0.156628,0.012568,0.8048059999999999,0.807624
2006/7/2 0:00,1.044899,1.5854759999999999,1.011235,1.027644,0.1647458,0.012597,0.7858474,0.809061
2006/7/3 0:00,1.048647,1.6423189999999999,1.012043,1.03854,0.1647458,0.012607,0.7884420000000001,0.810964
2006/7/4 0:00,1.043656,1.579529,1.00712,1.038476,0.15761160000000002,0.012633,0.8048059999999999,0.808865
2006/7/5 0:00,1.044605,1.586546,1.006178,1.046518,0.1594188,0.012742,0.8004552,0.814001
2006/7/6 0:00,1.041829,1.582479,1.008888,1.043907,0.15939920000000002,0.01271,0.8048059999999999,0.811952
2006/7/7 0:00,1.038206,1.579754,1.009693,1.041667,0.15801099999999998,0.012706,0.8048059999999999,0.809454
2006/7/8 0:00,1.037549,1.582604,1.012658,1.046572,0.1596342,0.012739,0.8079772000000001,0.804117
2006/7/9 0:00,1.036592,1.584058,1.012474,1.04346,0.1582984,0.012704,0.8032580000000001,0.802826
2006/7/10 0:00,1.029039,1.577387,1.007293,1.040734,0.157389,0.012726,0.7902156,0.798276
2006/7/11 0:00,1.032748,1.586169,1.014188,1.047011,0.160267,0.012768,0.8079772000000001,0.803084
2006/7/12 0:00,1.032493,1.586647,1.01389,1.047395,0.160267,0.012757,0.8079772000000001,0.803729
2006/7/13 0:00,1.025115,1.58932,1.01424,1.04901,0.15791440000000004,0.012776,0.7947000000000001,0.797575
2006/7/14 0:00,1.022171,1.588058,1.013315,1.045774,0.15469940000000001,0.012752,0.7787286,0.793462
2006/7/15 0:00,1.018558,1.590331,1.009082,1.046353,0.154333,0.012758,0.7810217999999999,0.79447
2006/7/16 0:00,1.029548,1.593752,1.017832,1.048471,0.160267,0.012669,0.8081886,0.802761
2006/7/17 0:00,1.039242,1.601409,1.022589,1.058022,0.160267,0.012786,0.8083741999999999,0.812018
2006/7/18 0:00,1.035047,1.600115,1.023646,1.057753,0.16031820000000002,0.012776,0.8158897999999999,0.809389
2006/7/19 0:00,1.044539,1.606942,1.028278,1.065076,0.16041659999999996,0.012853,0.809137,0.818666
2006/7/20 0:00,1.045741,1.610825,1.02501,1.066405,0.1604716,0.012837,0.8096987999999999,0.819471
2006/7/21 0:00,1.053408,1.614544,1.03146,1.067498,0.1605498,0.012907,0.814987,0.829325
2006/7/22 0:00,1.0561,1.622336,1.030174,1.078702,0.160508,0.012774,0.8150468,0.829119
2006/7/23 0:00,1.046244,1.625752,1.026388,1.077087,0.1601678,0.012698,0.8147041999999999,0.825832
2006/7/24 0:00,1.044452,1.624431,1.026062,1.075963,0.16016780000000003,0.012711,0.8148920000000001,0.826925
2006/7/25 0:00,1.047779,1.621534,0.9740628000000001,1.077656,0.15972340000000002,0.012761,0.8038793999999999,0.827883
2006/7/26 0:00,1.041547,1.619433,0.95671,1.07048,0.15973900000000002,0.012771,0.811382,0.827541
2006/7/27 0:00,1.046452,1.625435,0.9892678,1.072766,0.1596818,0.012798,0.8132164,0.830634
2006/7/28 0:00,1.041049,1.62022,0.9910515999999999,1.067578,0.15980139999999998,0.012842,0.8144037999999998,0.820075
2006/7/29 0:00,1.041916,1.622192,0.95671,1.069084,0.15973900000000002,0.012846,0.8190012,0.825627
2006/7/30 0:00,1.036055,1.615248,0.9564996000000001,1.063988,0.160113,0.012862,0.8181244,0.823859
2006/7/31 0:00,1.045446,1.623298,0.9619256,1.067566,0.1588794,0.012877,0.8132164,0.831808
2006/8/1 0:00,1.038637,1.616005,0.9470106000000001,1.063909,0.16052459999999996,0.012807,0.8151938,0.830392
2006/8/2 0:00,1.037549,1.613997,0.9564996000000001,1.066633,0.16052,0.012817,0.8111569999999999,0.829187
2006/8/3 0:00,1.026747,1.615613,0.9535586,1.069119,0.1597404,0.012803,0.8038793999999999,0.827883
2006/8/4 0:00,1.021138,1.607459,0.9538858000000001,1.06553,0.16042119999999999,0.012737,0.8094712,0.819135
2006/8/5 0:00,1.026905,1.619695,0.9679778000000001,1.075292,0.1597646,0.012763,0.8199946,0.822639
2006/8/6 0:00,1.019555,1.615509,0.9679778000000001,1.07594,0.16056520000000002,0.012714,0.8083928,0.818733
2006/8/7 0:00,1.017801,1.613398,0.9683120000000001,1.075882,0.16057919999999998,0.012713,0.813339,0.818063
2006/8/8 0:00,1.021263,1.602564,0.9538857999999999,1.071938,0.1605582,0.012789,0.81322,0.821288
2006/8/9 0:00,1.019441,1.6,0.9871947999999999,1.063717,0.16040000000000001,0.012783,0.812942,0.816927
2006/8/10 0:00,1.02262,1.600551,1.0002382,1.064963,0.16040000000000001,0.01278,0.812876,0.815461
2006/8/11 0:00,1.027591,1.604235,1.0222928,1.070286,0.1605468,0.012755,0.814266,0.8188
2006/8/12 0:00,1.022349,1.607149,1.0193518000000001,1.071455,0.16056279999999998,0.012763,0.818264,0.816993
2006/8/13 0:00,1.023395,1.607446,1.0193518000000001,1.071019,0.1605082,0.012752,0.81813,0.81686
2006/8/14 0:00,1.023552,1.6072,1.0193518000000001,1.070859,0.1605082,0.012753,0.81813,0.81686
2006/8/15 0:00,1.025347,1.606813,1.0193518,1.070526,0.16056279999999998,0.012697,0.818424,0.819001
2006/8/16 0:00,1.026905,1.611733,1.0203192,1.079214,0.1596176,0.012674,0.819672,0.813603
2006/8/17 0:00,1.037344,1.6156,1.0167556,1.083893,0.1605436,0.012695,0.822368,0.822301
2006/8/18 0:00,1.038875,1.613424,1.0177790000000002,1.084222,0.1605436,0.012622,0.821271,0.821693
2006/8/19 0:00,1.032855,1.614836,1.0093733999999999,1.077354,0.1594894,0.012606,0.819169,0.816593
2006/8/20 0:00,1.033293,1.6148359999999997,1.0093733999999999,1.077261,0.1594894,0.012607,0.819001,0.815927
2006/8/21 0:00,1.0318,1.6076066,1.0093733999999999,1.079226,0.1594894,0.012527,0.818398,0.816593
2006/8/22 0:00,1.025546,1.6065686,1.0088234,1.071708,0.1591962,0.012528,0.816127,0.811688
2006/8/23 0:00,1.03465,1.6200116000000002,1.0172918000000002,1.070859,0.1594914,0.01253,0.818043,0.817127
2006/8/24 0:00,1.035411,1.5962872000000001,1.0102670000000002,1.070778,0.1597976,0.012473,0.819807,0.821625
2006/8/25 0:00,1.035025,1.6157384000000001,1.007176,1.06889,0.159761,0.012549,0.818867,0.82149
2006/8/26 0:00,1.033293,1.6191745999999998,1.0067484,1.067156,0.1596662,0.012531,0.818867,0.818867
2006/8/27 0:00,1.036549,1.59496,1.0121563999999998,1.073077,0.15979759999999998,0.012559,0.820075,0.820749
2006/8/28 0:00,1.037517,1.5873544,1.0154526000000001,1.074587,0.16057319999999997,0.012522,0.819403,0.821828
2006/8/29 0:00,1.039933,1.5740513999999999,1.0169626,1.07257,0.160541,0.012483,0.819504,0.827404
2006/8/30 0:00,1.036807,1.5717704,1.000993,1.064147,0.1608348,0.012423,0.817528,0.82631
2006/8/31 0:00,1.033592,1.5715873999999999,1.0025622,1.065496,0.1608348,0.012427,0.816526,0.825287
2006/9/1 0:00,1.036592,1.5468525999999998,1.0014623999999999,1.05994,0.160697,0.012475,0.81626,0.82481
2006/9/2 0:00,1.043841,1.5268983999999999,0.9891985999999999,1.061154,0.16082519999999997,0.012456,0.817261,0.827678
2006/9/3 0:00,1.040745,1.5446208,0.9956172000000001,1.057865,0.1607788,0.012519,0.817511,0.8259
2006/9/4 0:00,1.042731,1.6110859999999998,1.0075336,1.057027,0.159933,0.012538,0.817595,0.816793
2006/9/5 0:00,1.0385232,1.6134016000000002,1.0183726000000002,1.054519,0.16009,0.012582,0.817207,0.814399
2006/9/6 0:00,1.0410512,1.6170634,1.0179282,1.054419,0.160123,0.012579,0.816393,0.814067
2006/9/7 0:00,1.0381732,1.6151110000000002,1.011139,1.054841,0.160411,0.012591,0.817528,0.817394
2006/9/8 0:00,1.0441927999999998,1.5941258,0.9908899999999999,1.056,0.160421,0.01259,0.817641,0.819471
2006/9/9 0:00,1.0397148,1.6124110000000003,0.9725904,1.058313,0.160555,0.012469,0.818264,0.811293
2006/9/10 0:00,1.0093409999999998,1.6170762,0.9725904,1.061571,0.160346,0.012319,0.81626,0.809389
2006/9/11 0:00,1.0397148,1.6151928000000002,0.9946252000000001,1.055543,0.160313,0.012305,0.813802,0.808571
2006/9/12 0:00,1.040154,1.6124110000000003,0.9946252000000001,1.057272,0.160254,0.0123,0.81473,0.812546
2006/9/13 0:00,1.0360334000000002,1.6099716000000002,1.007573,1.063377,0.160303,0.012321,0.81706,0.81813
2006/9/14 0:00,1.0298844,1.6087137999999999,0.9283851999999999,1.063683,0.160308,0.012237,0.8084002,0.814797
2006/9/15 0:00,1.0405866,1.6133219999999997,0.9791494000000001,1.064566,0.160431,0.012142,0.7981580000000001,0.811754
2006/9/16 0:00,1.0111377999999998,1.6143578,0.9272668,1.06849,0.160382,0.012111,0.8061824,0.81493
2006/9/17 0:00,0.9766843999999999,1.6286169999999998,0.9871368,1.075489,0.160439,0.012146,0.8070793999999999,0.823859
2006/9/18 0:00,0.9828316000000001,1.6298283999999998,0.9923144,1.076739,0.160444,0.012135,0.8070794000000001,0.824029
2006/9/19 0:00,0.9831078000000002,1.6242740000000002,0.966039,1.076855,0.160601,0.012177,0.8072058,0.821895
2006/9/20 0:00,0.9792995999999998,1.6217752,0.9681546000000001,1.074114,0.160679,0.012156,0.8129852,0.821052
2006/9/21 0:00,0.9770824000000001,1.6093167999999998,0.9779441999999999,1.073687,0.160663,0.012214,0.8082622,0.82291
2006/9/22 0:00,1.0489609999999998,1.602564,0.9739422000000001,1.076374,0.160434,0.012182,0.8141619999999999,0.821625
2006/9/23 0:00,0.9931438,1.602256,0.9815252000000001,1.079331,0.160475,0.012116,0.8096829999999999,0.819706
2006/9/24 0:00,1.0531336,1.601255,0.9815252000000001,1.078423,0.160576,0.012123,0.8089576,0.820143
2006/9/25 0:00,1.035964,1.601255,0.9913248000000001,1.0721889999999998,0.160576,0.012119,0.8182476,0.820143
2006/9/26 0:00,1.0365308,1.609956,0.9973341999999998,1.0730448,0.160514,0.012157,0.8188742,0.821659
2006/9/27 0:00,1.0426942000000001,1.609852,0.9934816,1.0702702,0.160599,0.012215,0.8176532,0.824436
2006/9/28 0:00,1.0381956,1.609749,0.9734567999999999,1.0671057999999998,0.16056,0.012142,0.8176532,0.824674
2006/9/29 0:00,1.0567258000000002,1.60689,0.9972534,1.0727808,0.160534,0.012151,0.8126152,0.832709
2006/9/30 0:00,1.0610162,1.603052,0.9972534,1.0818246,0.160632,0.012137,0.8085372,0.832882
2006/10/1 0:00,1.0610162,1.603643,1.0036627999999999,1.0918862,0.160627,0.012123,0.8075742,0.832535
2006/10/2 0:00,1.0610162,1.603643,1.0036627999999999,1.0918862,0.160627,0.012123,0.8075742,0.832535
2006/10/3 0:00,1.042536,1.5726634000000002,0.9922264000000001,1.0697861999999998,0.160393,0.012139,0.8160674,0.834168
2006/10/4 0:00,1.0413086,1.5621136,0.987903,1.0706644,0.160097,0.012134,0.8098734000000001,0.837872
2006/10/5 0:00,1.03787,1.5630713999999999,0.9738948000000001,1.0756222,0.159752,0.011969,0.8142174000000001,0.843846
2006/10/6 0:00,1.0318379999999998,1.6104641999999998,0.9895892,1.0645436,0.160072,0.011971,0.819941,0.844096
2006/10/7 0:00,1.0098472,1.6197020000000002,0.9701022,1.07557,0.160097,0.011973,0.820277,0.846346
2006/10/8 0:00,1.0098472,1.6197020000000002,0.9701022,1.07557,0.160097,0.011974,0.820277,0.846346
2006/10/9 0:00,1.0476606,1.5988820000000001,1.0065262,1.1331588,0.15969719999999998,0.011942,0.819907,0.844238
2006/10/10 0:00,1.0411704,1.5835508,0.9902892,1.099149,0.1604368,0.011902,0.821392,0.842212
2006/10/11 0:00,1.04567,1.5569685999999998,0.9938172,1.0925706,0.1595898,0.011859,0.820839,0.83675
2006/10/12 0:00,1.0486574,1.6040354000000001,1.0024142,1.1846004,0.1605626,0.011856,0.820546,0.833229
2006/10/13 0:00,1.0467346,1.5940244,1.0044158,1.0874176,0.1595858,0.011888,0.8188,0.824368
2006/10/14 0:00,1.0421552,1.5779154,1.0044157999999999,1.0738732,0.1595994,0.011872,0.819169,0.82352
2006/10/15 0:00,1.046477,1.6066254,1.0092752,1.077918,0.1593,0.011789,0.818599,0.822571
2006/10/16 0:00,1.0586274000000002,1.5831051999999999,1.0092751999999998,1.0850952,0.15927999999999998,0.011788,0.818833,0.821558
2006/10/17 0:00,1.0425342,1.5845679999999998,0.9846908000000001,1.0658384,0.15958440000000002,0.011675,0.817461,0.815894
2006/10/18 0:00,1.036044,1.5836805999999999,1.0076682,1.0648816,0.1603984,0.011623,0.817799,0.817361
2006/10/19 0:00,1.038152,1.6034572,1.0080178,1.0770194,0.16055579999999997,0.011613,0.817461,0.820883
2006/10/20 0:00,1.036801,1.5798866,1.0075336,1.0672722,0.1605454,0.01163,0.817194,0.81984
2006/10/21 0:00,1.03895,1.5101409999999997,1.009579,1.0655028000000002,0.160891,0.011551,0.818666,0.826856
2006/10/22 0:00,1.039501,1.5115529999999997,1.0130402,1.0655028,0.160891,0.01153,0.818867,0.827369
2006/10/23 0:00,1.049296,1.606417,0.9895533999999999,1.0639744,0.1605626,0.01148,0.819205,0.833854
2006/10/24 0:00,1.051431,1.614857,1.006292,1.0862776,0.16061579999999998,0.011501,0.818264,0.832258
2006/10/25 0:00,1.045538,1.604235,0.9985282,1.065073,0.16057280000000002,0.011345,0.813739,0.828844
2006/10/26 0:00,1.048196,1.607149,0.9906746,1.0652046000000002,0.1605626,0.011345,0.81473,0.831843
2006/10/27 0:00,1.0483,1.607149,0.9906746,1.0652046000000002,0.1605626,0.011345,0.814598,0.831843
2006/10/28 0:00,1.048141,1.608493,0.9811361999999999,1.0626284000000001,0.1606158,0.011402,0.812546,0.835143
2006/10/29 0:00,1.048647,1.603849,0.9811361999999999,1.0617106,0.1605626,0.011475,0.81314,0.834376
2006/10/30 0:00,1.051668,1.602436,0.9838428,1.0733932000000002,0.1602596,0.011376,0.815106,0.83956
2006/10/31 0:00,1.0573,1.612123,1.0160052,1.091167,0.16002299999999997,0.01134,0.817631,0.842212
2006/11/1 0:00,1.054241,1.613476,1.0194148,1.096792,0.1601696,0.01121,0.816263,0.837311
2006/11/2 0:00,1.053497,1.613254,1.0194148,1.094751,0.1601696,0.011214,0.816093,0.836645
2006/11/3 0:00,1.053497,1.613254,1.0194148,1.094691,0.1601696,0.011214,0.816193,0.836645
2006/11/4 0:00,1.056067,1.607071,1.0191066,1.090162,0.1601696,0.011195,0.815498,0.839701
2006/11/5 0:00,1.0562,1.609269,1.0189831999999999,1.077818,0.1601696,0.011275,0.816163,0.839137
2006/11/6 0:00,1.05605,1.600986,1.0099792,1.073693,0.16002299999999997,0.011286,0.817498,0.841043
2006/11/7 0:00,1.053769,1.598849,0.9992002000000001,1.071541,0.16002299999999997,0.011183,0.817595,0.841008
2006/11/8 0:00,1.049362,1.587352,0.9924541999999998,1.070034,0.1596146,0.011125,0.8149,0.834829
2006/11/9 0:00,1.050801,1.586848,0.9924541999999998,1.069862,0.1602576,0.011097,0.814531,0.837135
2006/11/10 0:00,1.050801,1.586848,0.9924541999999998,1.069976,0.1602576,0.011094,0.814531,0.837135
2006/11/11 0:00,1.051353,1.582003,0.9941844,1.072685,0.1600822,0.011139,0.8142,0.836645
2006/11/12 0:00,1.055554,1.586294,1.0043814,1.077122,0.1600822,0.011291,0.814531,0.839772
2006/11/13 0:00,1.055147,1.584623,0.9962512,1.075697,0.16002299999999997,0.011306,0.815129,0.842851
2006/11/14 0:00,1.046501,1.578233,0.9898924000000001,1.076032,0.1600822,0.011108,0.814001,0.838891
2006/11/15 0:00,1.042063,1.579654,0.9959536,1.080824,0.15962780000000001,0.010986,0.808996,0.837416
2006/11/16 0:00,1.0424,1.580353,0.9959536,1.079447,0.15962780000000001,0.011004,0.810241,0.837276
2006/11/17 0:00,1.04215,1.580353,0.9959536,1.079214,0.15962780000000001,0.011007,0.810964,0.837276
2006/11/18 0:00,1.040161,1.568874,0.955575,1.078464,0.1603948,0.011022,0.807689,0.830875
2006/11/19 0:00,1.046507,1.575051,0.9699808000000001,1.08481,0.159396,0.011033,0.810373,0.837521
2006/11/20 0:00,1.042449,1.579405,0.970226,1.096191,0.1579934,0.010979,0.809848,0.831497
2006/11/21 0:00,1.042731,1.585376,0.970226,1.099155,0.1586364,0.010951,0.807764,0.839137
2006/11/22 0:00,1.041536,1.574456,0.9186703999999999,1.107168,0.1599736,0.010813,0.806517,0.846776
2006/11/23 0:00,1.040101,1.5696,0.9181388,1.102828,0.160002,0.010778,0.806062,0.845309
2006/11/24 0:00,1.040599,1.569551,0.9181388,1.102791,0.160002,0.010772,0.806062,0.84513
2006/11/25 0:00,1.042503,1.574307,0.9387636,1.100722,0.1599314,0.010797,0.806452,0.845916
2006/11/26 0:00,1.038707,1.564749,0.9181388,1.100897,0.1600538,0.010707,0.807833,0.844309
2006/11/27 0:00,1.032002,1.565423,0.9387636,1.098961,0.1600822,0.01069,0.807983,0.842673
2006/11/28 0:00,1.028542,1.569206,0.9534362000000002,1.089799,0.1579506,0.010721,0.806192,0.830392
2006/11/29 0:00,1.031662,1.580815,0.9826398000000001,1.089253,0.15863639999999998,0.010786,0.808016,0.835178
2006/11/30 0:00,1.031848,1.579854,0.9826398000000001,1.088613,0.1586364,0.010787,0.807689,0.836225
2006/12/1 0:00,1.031848,1.579854,0.970226,1.08885,0.1586364,0.010787,0.807624,0.836225
2006/12/2 0:00,1.028627,1.566747,0.955575,1.088074,0.1598204,0.010703,0.80612,0.8371
2006/12/3 0:00,1.03105,1.565435,0.9742709999999999,1.090477,0.1605016,0.010739,0.807233,0.84207
2006/12/4 0:00,1.034244,1.553688,0.9796900000000001,1.089437,0.16083699999999998,0.0115368,0.80796,0.840407
2006/12/5 0:00,1.035084,1.549799,0.9796900000000001,1.082497,0.161416,0.0119658,0.809389,0.847099
2006/12/6 0:00,1.030174,1.552373,0.9788441999999999,1.084175,0.161482,0.0114974,0.807823,0.84563
2006/12/7 0:00,1.029999,1.551699,0.9788441999999999,1.084952,0.161482,0.011497400000000001,0.808342,0.845166
2006/12/8 0:00,1.029999,1.551735,0.9788441999999999,1.085187,0.161482,0.011497400000000001,0.808277,0.844916
2006/12/9 0:00,1.029601,1.547149,0.9788441999999999,1.083072,0.1614208,0.011751000000000001,0.806793,0.845309
2006/12/10 0:00,1.035047,1.543305,0.9761534,1.084875,0.1613738,0.0119658,0.8081,0.848284
2006/12/11 0:00,1.028373,1.529754,0.9742272,1.081888,0.1612186,0.011977999999999999,0.820525,0.8364
2006/12/12 0:00,1.025336,1.525716,0.9743134,1.073572,0.16118420000000003,0.011763,0.8127002000000001,0.834864
2006/12/13 0:00,1.031151,1.525949,0.9742718,1.073843,0.1614798,0.011747000000000002,0.820525,0.838223
2006/12/14 0:00,1.032098,1.516438,0.9742718,1.076137,0.1612024,0.011509,0.820525,0.837977
2006/12/15 0:00,1.033053,1.516438,0.9760252000000001,1.076195,0.16079139999999997,0.010701,0.820525,0.837977
2006/12/16 0:00,1.028748,1.512173,0.9742718,1.074905,0.1611834,0.010712,0.820525,0.838399
2006/12/17 0:00,0.9396592,1.512493,0.9545122000000001,1.072214,0.1593114,0.010943,0.8080552000000001,0.8243
2006/12/18 0:00,0.9489830000000001,1.513145,0.9653042,1.073768,0.15892599999999998,0.010879,0.8066806,0.823316
2006/12/19 0:00,0.9865528000000001,1.51873,0.9499708,1.071237,0.1599928,0.010827,0.8048434,0.828672
2006/12/20 0:00,0.9396592,1.50263,0.9545122000000001,1.057921,0.15895359999999997,0.010714,0.804616,0.824606
2006/12/21 0:00,0.9424834000000001,1.50385,0.954712,1.060333,0.15895359999999997,0.010684,0.801187,0.825151
2006/12/22 0:00,0.9216698000000001,1.508182,0.9493696,1.061104,0.1567752,0.010714,0.8026665999999999,0.822774
2006/12/23 0:00,0.9945216,1.51046,0.9508208,1.060327,0.15879000000000001,0.010704,0.799901,0.829738
2006/12/24 0:00,0.9622834000000001,1.503771,0.9644563999999999,1.055754,0.1587548,0.010677,0.7982918,0.830599
2006/12/25 0:00,0.9322066,1.503488,0.9510122000000001,1.060344,0.16001459999999998,0.010526,0.8033567999999999,0.827096
2006/12/26 0:00,0.9392268000000001,1.492103,0.9953053999999998,1.048493,0.155865,0.010412,0.7989090000000001,0.819672
2006/12/27 0:00,0.9486648000000001,1.492103,0.9517566000000001,1.050806,0.1567752,0.010416,0.8030365999999999,0.821794
2006/12/28 0:00,0.9281076,1.491747,0.9517566000000001,1.050696,0.15677519999999998,0.010422,0.8035117999999999,0.822064
2006/12/29 0:00,0.9393166000000001,1.489758,0.9546344000000001,1.05287,0.15895359999999997,0.010394,0.8008841999999999,0.825423
2006/12/30 0:00,0.9424834000000001,1.489203,0.954712,1.056028,0.15895359999999997,0.010425,0.801187,0.825219
2006/12/31 0:00,0.9408338,1.492203,0.9554016000000001,1.049489,0.15895359999999997,0.01041,0.8008841999999999,0.825593
2007/1/1 0:00,0.9216698000000001,1.508569,0.9493696,1.056022,0.160923,0.010435,0.8026665999999999,0.822571
2007/1/2 0:00,0.9608391999999999,1.512459,0.9499422000000001,1.063994,0.160927,0.010485,0.807751,0.827198
2007/1/3 0:00,0.9618552000000001,1.511544,0.9540362,1.065303,0.160928,0.010494,0.807751,0.827438
2007/1/4 0:00,0.9618552000000001,1.511544,0.9540362,1.065303,0.16116,0.010496,0.807751,0.827438
2007/1/5 0:00,1.039933,1.51167,0.9463838000000001,1.058896,0.16088,0.010506,0.8071052,0.825866
2007/1/6 0:00,1.036549,1.510551,0.9463837999999999,1.054841,0.160896,0.010517,0.8147042000000001,0.823791
2007/1/7 0:00,1.039393,1.512745,0.974431,1.059305,0.160932,0.010468,0.8144038,0.822571
2007/1/8 0:00,1.043776,1.516369,0.975976,1.056267,0.160898,0.0118952,0.818678,0.831878
2007/1/9 0:00,1.044403,1.52381,0.977804,1.061954,0.16105,0.0118936,0.8190723999999999,0.83462
2007/1/10 0:00,1.044299,1.523136,0.977565,1.062248,0.160974,0.011893599999999999,0.8195584,0.836225
2007/1/11 0:00,1.044299,1.5721062,0.977565,1.062248,0.160974,0.012084000000000001,0.8172552,0.836225
2007/1/12 0:00,1.044998,1.5867194,0.978378,1.054118,0.161071,0.012081200000000002,0.8163601999999999,0.83462
2007/1/13 0:00,1.047554,1.6049440000000001,0.98256,1.053752,0.160984,0.011801800000000001,0.8161672000000001,0.837381
2007/1/14 0:00,1.04383,1.6051441999999998,0.98341,1.048273,0.160904,0.012084000000000001,0.8172552,0.835981
2007/1/15 0:00,1.041271,1.5867194,0.983961,1.053852,0.16097,0.012084000000000001,0.8174024,0.836715
2007/1/16 0:00,1.04094,1.5867194,0.982772,1.052964,0.160871,0.012084000000000001,0.8174024,0.836225
2007/1/17 0:00,1.041499,1.5867194,0.982898,1.052798,0.160914,0.012084000000000001,0.8190528,0.837205
2007/1/18 0:00,1.041499,1.5867194,0.982898,1.053463,0.161093,0.012084000000000001,0.8190528,0.837205
2007/1/19 0:00,1.042949,1.5721062,0.983768,1.056585,0.161423,0.012034199999999998,0.8175716,0.838434
2007/1/20 0:00,1.045402,1.5723448000000002,0.985717,1.054396,0.161324,0.0119836,0.8203587999999999,0.841999
2007/1/21 0:00,1.047861,1.5723448000000002,0.987006,1.057608,0.161267,0.011951600000000001,0.8203587999999999,0.843811
2007/1/22 0:00,1.040031,1.5880728,0.98684,1.058604,0.16126,0.012084000000000001,0.820599,0.838153
2007/1/23 0:00,1.038346,1.5434822,0.982999,1.071984,0.161231,0.0119516,0.8203587999999999,0.842957
2007/1/24 0:00,1.042753,1.5730762,0.986388,1.062727,0.161232,0.0119836,0.8204712000000001,0.840619
2007/1/25 0:00,1.037597,1.5343453999999999,0.986388,1.070687,0.16121,0.0119516,0.8203587999999999,0.843064
2007/1/26 0:00,1.039679,1.5337970000000003,0.981123,1.069576,0.161221,0.0119658,0.8203587999999999,0.845952
2007/1/27 0:00,1.049164,1.5776798,0.985154,1.073048,0.161149,0.011838600000000001,0.8186437999999999,0.852115
2007/1/28 0:00,1.053707,1.5776797999999999,0.984931,1.072035,0.161466,0.0116814,0.8186438,0.856788
2007/1/29 0:00,1.054902,1.5602931999999998,0.989218,1.075032,0.161348,0.0115444,0.8181552,0.86326
2007/1/30 0:00,1.050547,1.5602932,0.986777,1.076542,0.161483,0.011838600000000001,0.8186438,0.858001
2007/1/31 0:00,1.050001,1.5602932,0.98668,1.0784,0.161486,0.011838600000000001,0.8186244,0.858922
2007/2/1 0:00,1.0509,1.5602932,0.98668,1.078283,0.161488,0.011838600000000001,0.8186244,0.858848
2007/2/2 0:00,1.037646,1.526352,0.978565,1.07461,0.161653,0.0119658,0.8203587999999999,0.845666
2007/2/3 0:00,1.039301,1.5497821999999999,0.979259,1.085329,0.161749,0.0119658,0.8155968000000001,0.850593
2007/2/4 0:00,1.029898,1.520899,0.973753,1.073341,0.161983,0.011951599999999998,0.8203587999999999,0.843917
2007/2/5 0:00,1.030137,1.520899,0.974854,1.074281,0.161732,0.0116992,0.8203587999999999,0.842495
2007/2/6 0:00,1.029484,1.5208990000000002,0.974336,1.072685,0.161888,0.0119514,0.8203587999999999,0.843526
2007/2/7 0:00,1.0294,1.520899,0.974184,1.07118,0.161807,0.0116992,0.8203587999999999,0.841928
2007/2/8 0:00,1.027802,1.523136,0.974232,1.070893,0.161875,0.0119836,0.8203587999999999,0.841751
2007/2/9 0:00,1.025546,1.526799,0.973961,1.069605,0.161749,0.0119836,0.8204712000000001,0.840795
2007/2/10 0:00,1.025452,1.52532,0.974564,1.059996,0.161849,0.011967000000000002,0.8204712000000001,0.840407
2007/2/11 0:00,1.026388,1.525902,0.973881,1.055933,0.161801,0.0119658,0.8203587999999999,0.845988
2007/2/12 0:00,1.0313,1.543567,0.9807,1.058011,0.162008,0.0119658,0.8203587999999999,0.852515
2007/2/13 0:00,1.028468,1.548155,0.983294,1.060558,0.162261,0.0119658,0.8203587999999999,0.849005
2007/2/14 0:00,1.02805,1.548,0.982801,1.06067,0.162242,0.0119658,0.8203587999999999,0.847925
2007/2/15 0:00,1.02805,1.548,0.982801,1.06067,0.162236,0.0119658,0.8203587999999999,0.847925
2007/2/16 0:00,1.035299,1.550748,0.987928,1.066974,0.16229,0.0119658,0.8153354,0.856751
2007/2/17 0:00,1.036001,1.553193,0.992462,1.074114,0.162181,0.0119658,0.8131731999999999,0.856898
2007/2/18 0:00,1.028849,1.559211,0.992019,1.079546,0.162194,0.0119658,0.815332,0.849618
2007/2/19 0:00,1.025925,1.553398,0.991881,1.069707,0.162495,0.0119658,0.8203587999999999,0.849654
2007/2/20 0:00,1.031199,1.555658,0.99167,1.06889,0.162454,0.0119658,0.8155414000000001,0.853898
2007/2/21 0:00,1.032002,1.557244,0.992113,1.068776,0.162464,0.0119658,0.8155414000000001,0.853279
2007/2/22 0:00,1.026252,1.557244,0.992113,1.068776,0.16235760000000002,0.0119658,0.817645,0.853279
2007/2/23 0:00,1.024711,1.554497,0.992556,1.065644,0.16152139999999998,0.0119658,0.8203587999999999,0.851644
2007/2/24 0:00,1.01775,1.548479,0.994743,1.063717,0.1605026,0.0119658,0.8203587999999999,0.845309
2007/2/25 0:00,1.01818,1.555125,0.997108,1.069862,0.16056180000000003,0.012000599999999998,0.820525,0.838785
2007/2/26 0:00,1.017636,1.548827,0.99681,1.058722,0.16002299999999997,0.011951600000000001,0.8203587999999999,0.843241
2007/2/27 0:00,1.002195,1.534919,0.988426,1.045047,0.1602148,0.0115528,0.8154948000000001,0.831221
2007/2/28 0:00,1.001101,1.536452,0.989462,1.047011,0.1602824,0.0115036,0.8154948000000001,0.830254
2007/3/1 0:00,1.001101,1.536452,0.989462,1.047011,0.1602824,0.0115036,0.8154948000000001,0.830254
2007/3/2 0:00,0.994382,1.529204,0.989423,1.043547,0.1602876,0.0114226,0.8147041999999999,0.823757
2007/3/3 0:00,0.989462,1.524111,0.984678,1.037813,0.16039360000000003,0.0101686,0.8055439999999999,0.819706
2007/3/4 0:00,0.987752,1.522684,0.982994,1.035261,0.1602228,0.009773,0.8105356,0.821895
2007/3/5 0:00,0.9843,1.531054,0.983768,1.041477,0.16082639999999998,0.009802,0.8053163999999999,0.818398
2007/3/6 0:00,0.974042,1.517393,0.973146,1.027955,0.16057320000000003,0.009705,0.7943994,0.807461
2007/3/7 0:00,0.97281,1.517048,0.972701,1.028331,0.1606178,0.009685,0.7938202,0.806354
2007/3/8 0:00,0.97281,1.517048,0.972701,1.028331,0.16209880000000004,0.009685,0.794095,0.806354
2007/3/9 0:00,0.981306,1.524402,0.975686,1.035127,0.161506,0.009774,0.79694,0.81626
2007/3/10 0:00,0.981884,1.516059,0.974564,1.031247,0.1615008,0.009753,0.793966,0.817595
2007/3/11 0:00,0.969415,1.505899,0.964958,1.020523,0.16079380000000001,0.009678,0.789515,0.807657
2007/3/12 0:00,0.974469,1.511156,0.969833,1.034372,0.1621148,0.009828,0.791452,0.814332
2007/3/13 0:00,0.964041,1.512653,0.967586,1.04028,0.16154300000000002,0.009904,0.790611,0.808309
2007/3/14 0:00,0.964785,1.512642,0.96903,1.040042,0.16209880000000002,0.009869,0.79107,0.809848
2007/3/15 0:00,0.967492,1.512642,0.96903,1.040042,0.16209880000000004,0.009869,0.79107,0.809848
2007/3/16 0:00,0.963066,1.50981,0.967394,1.037022,0.161506,0.009892,0.792707,0.808407
2007/3/17 0:00,0.963577,1.505197,0.962473,1.026446,0.16156,0.009795,0.787929,0.809029
2007/3/18 0:00,0.962881,1.511453,0.965517,1.037398,0.1616658,0.009902,0.789394,0.812381
2007/3/19 0:00,0.966978,1.521398,0.970214,1.048878,0.1619994,0.009908,0.795102,0.808211
2007/3/20 0:00,0.959739,1.517658,0.965978,1.041694,0.163004,0.009918,0.789917,0.796242
2007/3/21 0:00,0.978809,1.534601,0.9543250000000001,1.060209,0.163087,0.010092,0.800163,0.810701
2007/3/22 0:00,0.961862,1.529099,0.9683676,1.055014,0.163167,0.009994,0.797547,0.797416
2007/3/23 0:00,0.953334,1.539788,0.9689694,1.060547,0.163191,0.010074,0.800644,0.793588
2007/3/24 0:00,0.959923,1.561183,0.9537241999999999,1.074737,0.162967,0.010288,0.803052,0.802343
2007/3/25 0:00,0.948092,1.554847,0.9612178,1.070131,0.163039,0.010246,0.801029,0.787247
2007/3/26 0:00,0.949487,1.555839,0.9627892000000001,1.068262,0.163039,0.010252,0.800644,0.788768
2007/3/27 0:00,0.950029,1.555839,0.9627892000000001,1.068262,0.163039,0.010252,0.800644,0.788768
2007/3/28 0:00,0.946647,1.557608,0.9627892000000001,1.071444,0.163039,0.01014,0.794906,0.789858
2007/3/29 0:00,0.941886,1.560281,0.96113,1.078912,0.163039,0.010387,0.795843,0.785793
2007/3/30 0:00,0.950074,1.567644,0.9675342,1.084305,0.163039,0.010426,0.79783,0.798244
2007/3/31 0:00,0.960108,1.568627,0.9537241999999999,1.084287,0.163015,0.010554,0.799392,0.804182
2007/4/1 0:00,0.958819,1.569477,0.9537242000000001,1.08537,0.163111,0.010616,0.798891,0.805445
2007/4/2 0:00,0.956892,1.570648,0.9576758000000002,1.085464,0.163111,0.010628,0.798993,0.805056
2007/4/3 0:00,0.956892,1.570648,0.9576758000000002,1.085464,0.163111,0.010628,0.798993,0.805056
2007/4/4 0:00,0.953971,1.570389,0.9675342,1.08045,0.163265,0.010536,0.797057,0.799456
2007/4/5 0:00,0.949532,1.565043,0.9652968000000002,1.088198,0.163172,0.010501,0.792519,0.800833
2007/4/6 0:00,0.95388,1.566551,0.9608551999999999,1.088678,0.163215,0.010498,0.795988,0.804182
2007/4/7 0:00,0.919794,1.547748,0.9513332,1.077737,0.16318,0.010204,0.785093,0.774054
2007/4/8 0:00,0.922765,1.543615,0.9537800000000001,1.071541,0.163042,0.010244,0.784446,0.775104
2007/4/9 0:00,0.926698,1.544103,0.9582622000000001,1.072179,0.162731,0.010238,0.783374,0.775795
2007/4/10 0:00,0.926655,1.541307,0.9537800000000001,1.065769,0.162726,0.010232,0.788967,0.773994
2007/4/11 0:00,0.926741,1.530925,0.9585828,1.060013,0.162681,0.010236,0.784899,0.778665
2007/4/12 0:00,0.928031,1.525483,0.965409,1.056954,0.160566,0.010165,0.789833,0.778938
2007/4/13 0:00,0.913826,1.519387,0.9527908,1.057479,0.161512,0.010074,0.788597,0.773694
2007/4/14 0:00,0.913993,1.521248,0.9527908,1.058369,0.16293,0.010086,0.789163,0.774353
2007/4/15 0:00,0.914244,1.521248,0.9527908,1.058369,0.16293,0.010086,0.789163,0.774353
2007/4/16 0:00,0.923404,1.521514,0.965409,1.056848,0.163052,0.010035,0.790648,0.781158
2007/4/17 0:00,0.914119,1.515014,0.953066,1.052615,0.163052,0.009933,0.78646,0.774893
2007/4/18 0:00,0.907153,1.528129,0.9527908,1.055922,0.163111,0.010007,0.78533,0.777091
2007/4/19 0:00,0.915961,1.507523,0.961161,1.044343,0.163244,0.009994,0.785416,0.784037
2007/4/20 0:00,0.90551,1.490957,0.9564888,1.038972,0.161747,0.0099,0.780783,0.769675
2007/4/21 0:00,0.906906,1.489048,0.9538696,1.037075,0.163063,0.009883,0.780363,0.770951
2007/4/22 0:00,0.906906,1.489048,0.9538696,1.037075,0.163063,0.009883,0.780363,0.770951
2007/4/23 0:00,0.912492,1.494199,0.9508715999999999,1.037092,0.163031,0.009908,0.78139,0.780183
2007/4/24 0:00,0.917473,1.485696,0.952413,1.028029,0.163145,0.009902,0.782298,0.786102
2007/4/25 0:00,0.914955,1.493083,0.9508715999999999,1.035449,0.163012,0.009963,0.784778,0.780457
2007/4/26 0:00,0.913784,1.512814,0.9527908,1.054035,0.162994,0.010071,0.792302,0.779484
2007/4/27 0:00,0.9051,1.510951,0.9527521999999999,1.056798,0.162933,0.010062,0.792176,0.778119
2007/4/28 0:00,0.904895,1.511042,0.9527521999999999,1.056524,0.162933,0.010078,0.792079,0.777968
2007/4/29 0:00,0.904895,1.511042,0.9527521999999999,1.056524,0.162933,0.010078,0.792079,0.777968
2007/4/30 0:00,0.908884,1.508944,0.9528982000000001,1.053569,0.162198,0.010009,0.79154,0.780671
2007/5/1 0:00,0.923788,1.512436,0.9608404,1.062524,0.161778,0.010087,0.793692,0.788675
2007/5/2 0:00,0.923233,1.521954,0.9653191999999999,1.064566,0.162991,0.01005,0.79377,0.789952
2007/5/3 0:00,0.916842,1.522244,0.9653191999999999,1.058957,0.162832,0.009952,0.78973,0.790014
2007/5/4 0:00,0.919413,1.526321,0.9653191999999999,1.062473,0.162922,0.009969,0.790611,0.794092
2007/5/5 0:00,0.917389,1.526951,0.9653191999999999,1.062756,0.162922,0.009936,0.789621,0.793273
2007/5/6 0:00,0.918991,1.526951,0.9653191999999999,1.062756,0.162922,0.009936,0.789621,0.793273
2007/5/7 0:00,0.925455,1.536098,0.9676392,1.068959,0.162843,0.010047,0.793188,0.796432
2007/5/8 0:00,0.928591,1.537752,0.9676392,1.068753,0.162935,0.010046,0.791434,0.799424
2007/5/9 0:00,0.914913,1.529953,0.965784,1.065871,0.162973,0.009968,0.7876,0.79186
2007/5/10 0:00,0.922637,1.535851,0.9653191999999999,1.072961,0.163007,0.010047,0.789048,0.807559
2007/5/11 0:00,0.925369,1.538651,0.9592314,1.078109,0.163087,0.010194,0.791014,0.808375
2007/5/12 0:00,0.926312,1.538355,0.9592314,1.076948,0.163087,0.010173,0.791011,0.808669
2007/5/13 0:00,0.926312,1.538355,0.9592314,1.076948,0.163087,0.010173,0.791011,0.808669
2007/5/14 0:00,0.919118,1.534295,0.9653191999999999,1.073641,0.163066,0.010223,0.78954,0.801603
2007/5/15 0:00,0.905518,1.523206,0.9653191999999999,1.074824,0.163087,0.010199,0.786414,0.796972
2007/5/16 0:00,0.89658,1.519099,0.9582786000000001,1.077993,0.163161,0.010175,0.784274,0.796147
2007/5/17 0:00,0.893895,1.513203,0.9529527999999999,1.068616,0.163119,0.010056,0.783475,0.788208
2007/5/18 0:00,0.891504,1.528269,0.9505006,1.077522,0.163145,0.010105,0.786513,0.784806
2007/5/19 0:00,0.890591,1.528748,0.9505006,1.076206,0.163145,0.010105,0.786565,0.783331
2007/5/20 0:00,0.890591,1.528748,0.9505006,1.076206,0.163145,0.010105,0.786565,0.783331
2007/5/21 0:00,0.890948,1.535108,0.9505006,1.077058,0.163273,0.010148,0.787299,0.780122
2007/5/22 0:00,0.898957,1.53657,0.9577423999999999,1.07996,0.163353,0.010235,0.78883,0.790701
2007/5/23 0:00,0.900293,1.550099,0.9586542,1.08593,0.16342,0.010361,0.789238,0.796686
2007/5/24 0:00,0.911785,1.554569,0.9693173999999999,1.0729354,0.163361,0.010377,0.794199,0.802858
2007/5/25 0:00,0.919667,1.551362,0.9676392,1.0738893999999999,0.163348,0.010377,0.795535,0.803859
2007/5/26 0:00,0.919033,1.550604,0.9676392,1.0727759999999997,0.163348,0.010388,0.795267,0.803859
2007/5/27 0:00,0.919033,1.550604,0.972039,1.0727759999999997,0.163348,0.010388,0.795267,0.803859
2007/5/28 0:00,0.91529,1.546946,0.970436,1.08118,0.163345,0.010358,0.79261,0.801507
2007/5/29 0:00,0.909298,1.544747,0.96651,1.071381,0.163351,0.010178,0.788815,0.795355
2007/5/30 0:00,0.9132,1.550556,0.967853,1.068644,0.1633512,0.01019,0.786739,0.803213
2007/5/31 0:00,0.913034,1.562988,0.969749,1.078906,0.16336219999999999,0.010258,0.787997,0.80694
2007/6/1 0:00,0.917557,1.561853,0.966277,1.078784,0.16337759999999998,0.010242,0.786225,0.809487
2007/6/2 0:00,0.918358,1.562805,0.967459,1.079383,0.1633702,0.010255,0.78725,0.810307
2007/6/3 0:00,0.918358,1.562842,0.967459,1.079383,0.1633702,0.010254,0.78725,0.810143
2007/6/4 0:00,0.912284,1.565889,0.966931,1.083365,0.16337759999999998,0.010235,0.783331,0.807005
2007/6/5 0:00,0.908637,1.567226,0.962543,1.089562,0.163381,0.01028,0.784541,0.798085
2007/6/6 0:00,0.903261,1.569095,0.957446,1.086661,0.1633848,0.010244,0.782353,0.789484
2007/6/7 0:00,0.902772,1.559649,0.95057,1.083136,0.16338,0.010138,0.780485,0.784652
2007/6/8 0:00,0.903138,1.556772,0.950841,1.085258,0.1633804,0.010129,0.781458,0.781403
2007/6/9 0:00,0.902731,1.556953,0.952549,1.084981,0.1633804,0.010127,0.781803,0.780244
2007/6/10 0:00,0.903424,1.556953,0.952549,1.084981,0.16338,0.010127,0.781803,0.780244
2007/6/11 0:00,0.902161,1.556905,0.951506,1.082872,0.163367,0.010135,0.780537,0.784745
2007/6/12 0:00,0.89674,1.553543,0.952585,1.089609,0.163353,0.010299,0.779581,0.778847
2007/6/13 0:00,0.894374,1.551747,0.954249,1.084246,0.163388,0.010232,0.783211,0.779606
2007/6/14 0:00,0.892977,1.550135,0.949492,1.074737,0.163385,0.010181,0.784504,0.777333
2007/6/15 0:00,0.890234,1.548551,0.950706,1.074755,0.163412,0.010186,0.784369,0.773754
2007/6/16 0:00,0.890076,1.550207,0.949028,1.075494,0.163412,0.010185,0.784621,0.772618
2007/6/17 0:00,0.890036,1.550953,0.949028,1.075494,0.163412,0.010187,0.784621,0.772738
2007/6/18 0:00,0.897787,1.5544,0.948025,1.070274,0.163409,0.01007,0.784855,0.781036
2007/6/19 0:00,0.904773,1.557075,0.949221,1.068564,0.163383,0.010075,0.782546,0.778695
2007/6/20 0:00,0.9168,1.562891,0.953062,1.068091,0.163396,0.010024,0.784775,0.791014
2007/6/21 0:00,0.911993,1.558992,0.952082,1.058537,0.163401,0.00999,0.780756,0.788395
2007/6/22 0:00,0.919498,1.562659,0.961358,1.064912,0.163385,0.010088,0.784606,0.80016
2007/6/23 0:00,0.918949,1.563355,0.960919,1.066445,0.163385,0.010089,0.784772,0.800064
2007/6/24 0:00,0.918949,1.563355,0.960919,1.066445,0.163385,0.010089,0.784772,0.800064
2007/6/25 0:00,0.923702,1.57124,0.964655,1.073947,0.163372,0.010044,0.787941,0.802633
2007/6/26 0:00,0.930795,1.573849,0.966095,1.070549,0.163399,0.009971,0.788746,0.806647
2007/6/27 0:00,0.93314,1.582166,0.969171,1.076148,0.163439,0.01001,0.789712,0.808669
2007/6/28 0:00,0.926398,1.580853,0.968631,1.074524,0.163452,0.010065,0.788715,0.814465
2007/6/29 0:00,0.924813,1.588083,0.967258,1.076195,0.163431,0.010076,0.788243,0.814531
2007/6/30 0:00,0.924599,1.587554,0.966081,1.075795,0.163431,0.010065,0.787585,0.813041
2007/7/1 0:00,0.924599,1.587554,0.966081,1.075795,0.163431,0.010065,0.787585,0.813041
2007/7/2 0:00,0.93214,1.590419,0.969119,1.078807,0.163391,0.010101,0.792974,0.81716
2007/7/3 0:00,0.935454,1.591039,0.971062,1.079914,0.163359,0.010076,0.794117,0.824097
2007/7/4 0:00,0.937207,1.597112,0.971402,1.083212,0.163367,0.010116,0.795387,0.823825
2007/7/5 0:00,0.943352,1.603348,0.975134,1.098581,0.163367,0.010071,0.801957,0.835631
2007/7/6 0:00,0.941531,1.602513,0.971794,1.099662,0.163367,0.010065,0.799424,0.838574
2007/7/7 0:00,0.939408,1.600551,0.970403,1.098605,0.163367,0.010067,0.798607,0.83675
2007/7/8 0:00,0.939408,1.600551,0.970403,1.098605,0.163367,0.010067,0.798607,0.83675
2007/7/9 0:00,0.944153,1.604261,0.972455,1.097984,0.162101,0.010109,0.799811,0.837907
2007/7/10 0:00,0.940513,1.601653,0.971109,1.096215,0.163372,0.010109,0.79796,0.829153
2007/7/11 0:00,0.936505,1.607291,0.97004,1.099662,0.163412,0.010152,0.797435,0.824844
2007/7/12 0:00,0.934536,1.602307,0.9688,1.097936,0.163412,0.010108,0.796746,0.827301
2007/7/13 0:00,0.932184,1.613254,0.970097,1.104204,0.163412,0.010185,0.796258,0.827404
2007/7/14 0:00,0.931489,1.613788,0.970294,1.103875,0.163401,0.01018,0.795782,0.827952
2007/7/15 0:00,0.931793,1.613944,0.970294,1.103875,0.163401,0.010176,0.795782,0.827849
2007/7/16 0:00,0.933489,1.619695,0.971341,1.105871,0.163385,0.010168,0.797346,0.831808
2007/7/17 0:00,0.939276,1.62001,0.968148,1.103826,0.163532,0.010199,0.798681,0.827198
2007/7/18 0:00,0.937075,1.621324,0.96827,1.107493,0.163532,0.010258,0.800493,0.82672
2007/7/19 0:00,0.940513,1.616109,0.969053,1.111618,0.163532,0.010284,0.800384,0.830082
2007/7/20 0:00,0.943174,1.603502,0.970332,1.102354,0.162866,0.010267,0.802211,0.832743
2007/7/21 0:00,0.943085,1.600948,0.971308,1.102189,0.163359,0.010257,0.802166,0.831635
2007/7/22 0:00,0.943352,1.600948,0.971308,1.102189,0.163359,0.010257,0.802166,0.831635
2007/7/23 0:00,0.943886,1.609503,0.969659,1.106195,0.163359,0.010315,0.801038,0.832952
2007/7/24 0:00,0.943174,1.607433,0.966945,1.1018284,0.163345,0.010315,0.8004,0.829325
2007/7/25 0:00,0.942818,1.594299,0.961973,1.079797,0.163372,0.010281,0.799252,0.828981
2007/7/26 0:00,0.946387,1.596602,0.963373,1.091792,0.163372,0.010193,0.801269,0.829256
2007/7/27 0:00,0.946925,1.593207,0.963289,1.1007884000000001,0.163506,0.010152,0.802182,0.832743
2007/7/28 0:00,0.946701,1.595558,0.965974,1.1003104000000001,0.163383,0.010145,0.802861,0.832258
2007/7/29 0:00,0.946701,1.595558,0.965974,1.1003104000000001,0.163383,0.010145,0.802861,0.832258
2007/7/30 0:00,0.947912,1.599616,0.965908,1.1008756000000002,0.163722,0.010177,0.804146,0.83661
2007/7/31 0:00,0.952336,1.597304,0.964167,1.1008756000000002,0.163506,0.010141,0.804285,0.836645
2007/8/1 0:00,0.953652,1.591976,0.966744,1.1001258,0.163961,0.010119,0.802658,0.841468
2007/8/2 0:00,0.963948,1.616606,0.971902,1.1009552,0.164015,0.010214,0.806712,0.850847
2007/8/3 0:00,0.967024,1.616763,0.972162,1.1009552,0.1608066,0.010223,0.807921,0.849545
2007/8/4 0:00,0.967212,1.616554,0.971987,1.1009552,0.1608066,0.01023,0.807174,0.850232
2007/8/5 0:00,0.967586,1.616554,0.971987,1.1009552,0.1608066,0.01023,0.807174,0.850232
2007/8/6 0:00,0.965997,1.614765,0.971426,1.1009552,0.1608066,0.010187,0.805568,0.846704
2007/8/7 0:00,0.970591,1.623693,0.972006,1.102808,0.1608066,0.010201,0.809471,0.851716
2007/8/8 0:00,0.961908,1.617442,0.963558,1.093605,0.1609582,0.010282,0.807041,0.838188
2007/8/9 0:00,0.960984,1.619617,0.959187,1.081793,0.160244,0.010274,0.808679,0.834934
2007/8/10 0:00,0.957717,1.616462,0.957181,1.0753768,0.16049980000000003,0.01026,0.8130628,0.828157
2007/8/11 0:00,0.958589,1.616554,0.956814,1.0753768,0.1605414,0.010264,0.8130628,0.827952
2007/8/12 0:00,0.958543,1.616554,0.956814,1.0753768,0.1605414,0.010264,0.8130628,0.827952
2007/8/13 0:00,0.957579,1.614231,0.957698,1.0753768000000001,0.160487,0.010237,0.8130628,0.82905
2007/8/14 0:00,0.948452,1.528656,0.955557,1.0598732,0.16185680000000002,0.010186,0.8008024,0.824674
2007/8/15 0:00,0.949487,1.5265705999999999,0.955521,1.0558127999999998,0.16236099999999998,0.010181,0.7887946,0.825866
2007/8/16 0:00,0.945716,1.5263924,0.958171,1.0565449999999998,0.16236099999999998,0.010174,0.7887945999999999,0.82631
2007/8/17 0:00,0.94402,1.5359897999999998,0.957932,1.0584792,0.1622746,0.010126,0.8003788000000001,0.822842
2007/8/18 0:00,0.943797,1.5346178,0.959546,1.0608866,0.162361,0.010132,0.7887946,0.826856
2007/8/19 0:00,0.943129,1.5346178,0.959546,1.0608866,0.162361,0.010132,0.7887945999999999,0.826856
2007/8/20 0:00,0.950796,1.5674211999999998,0.960094,1.0652362,0.16235,0.010138,0.7887946,0.828363
2007/8/21 0:00,0.948902,1.5656497999999999,0.957071,1.0635848,0.16235,0.010138,0.7932798000000001,0.830151
2007/8/22 0:00,0.951973,1.597031,0.959693,1.0791734000000002,0.1623358,0.010141,0.810664,0.838504
2007/8/23 0:00,0.94697,1.5841998,0.957625,1.0635848,0.1605626,0.010146,0.8096561999999998,0.833959
2007/8/24 0:00,0.938218,1.4955288,0.953812,1.0553282,0.1605938,0.010102,0.802214,0.825014
2007/8/25 0:00,0.93813,1.4955288,0.954335,1.0553282,0.1608348,0.010095,0.801973,0.825287
2007/8/26 0:00,0.93813,1.4955288,0.954335,1.0553282,0.160593,0.010092,0.801973,0.824742
2007/8/27 0:00,0.935366,1.5090038,0.954522,1.0642057999999999,0.16061360000000002,0.01008,0.800333,0.823418
2007/8/28 0:00,0.92993,1.5027491999999998,0.952404,1.0584792,0.1606302,0.010039,0.799099,0.821963
2007/8/29 0:00,0.932618,1.4957004,0.955169,1.0558127999999998,0.1608348,0.010075,0.801655,0.825968
2007/8/30 0:00,0.932053,1.511553,0.952821,1.0652362,0.1608348,0.010004,0.801349,0.827952
2007/8/31 0:00,0.936154,1.5841998,0.955721,1.0635848,0.1605626,0.009977,0.802108,0.832466
2007/9/1 0:00,0.937251,1.5841998,0.958111,1.0635848,0.1605626,0.009984,0.802266,0.832952
2007/9/2 0:00,0.936988,1.5841998,0.958111,1.0635848,0.1605626,0.009982,0.802266,0.834272
2007/9/3 0:00,0.939761,1.6020869999999998,0.959049,1.0838972000000002,0.1604566,0.009996,0.802533,0.83689
2007/9/4 0:00,0.941309,1.5841998,0.955384,1.0635848,0.1605626,0.009986,0.803445,0.83375
2007/9/5 0:00,0.937119,1.5112097999999998,0.957249,1.0635848,0.1608538,0.01,0.803277,0.829703
2007/9/6 0:00,0.924727,1.4985408,0.95152,1.0534241999999998,0.1606536,0.009905,0.800186,0.820883
2007/9/7 0:00,0.91617,1.5577944000000001,0.949758,1.0676839999999999,0.16046339999999998,0.009875,0.799885,0.816593
2007/9/8 0:00,0.917389,1.5577944000000001,0.9257152000000002,1.0615498,0.1606458,0.009876,0.800141,0.819538
2007/9/9 0:00,0.914997,1.5577944000000001,0.917375,1.0615498,0.1606458,0.009876,0.800141,0.819538
2007/9/10 0:00,0.914746,1.5839648,0.9175734,1.0651313999999998,0.160548,0.009832,0.798521,0.818599
2007/9/11 0:00,0.912201,1.5839648,0.923436,1.0651313999999998,0.1610026,0.009862,0.797785,0.819236
2007/9/12 0:00,0.907606,1.6251812,0.905935,1.067719,0.1613994,0.009789,0.796905,0.813074
2007/9/13 0:00,0.909215,1.6251812,0.9149166000000001,1.067719,0.1613994,0.009778,0.796511,0.811754
2007/9/14 0:00,0.912284,1.5943488000000001,0.9155216000000002,1.0627672000000001,0.161307,0.00976,0.79693,0.815328
2007/9/15 0:00,0.8969218,1.6290073999999997,0.9110996,1.0642432000000002,0.16202740000000002,0.009761,0.796242,0.813041
2007/9/16 0:00,0.8969218,1.6290073999999997,0.9110996,1.0642432000000002,0.16202740000000002,0.009761,0.796242,0.813041
2007/9/17 0:00,0.9746857999999999,1.5720398,0.972484,1.0717359999999998,0.1603958,0.009705,0.796045,0.818297
2007/9/18 0:00,0.9761334000000002,1.5413485999999998,0.9673532,1.0773495999999998,0.160574,0.009776,0.79812,0.82464
2007/9/19 0:00,0.9641564,1.5851026000000001,0.953398,1.061309,0.16044880000000003,0.009756,0.796286,0.817261
2007/9/20 0:00,0.941371,1.552264,0.9479428000000001,1.0561496,0.161212,0.009821,0.797957,0.820647
2007/9/21 0:00,1.0395844,1.5101410000000002,0.938174,1.062768,0.160891,0.009729,0.799479,0.827335
2007/9/22 0:00,1.0134596000000002,1.511553,0.939845,1.0652362,0.16172079999999997,0.009717,0.800362,0.828466
2007/9/23 0:00,1.0134596000000002,1.511553,0.939845,1.0652362,0.16172079999999997,0.009717,0.800362,0.828466
2007/9/24 0:00,1.0385110000000002,1.5101409999999997,0.939624,1.062768,0.1609582,0.009689,0.800394,0.826856
2007/9/25 0:00,0.91529,1.5656814,0.941354,1.0635848,0.1605626,0.009723,0.800717,0.831843
2007/9/26 0:00,0.906495,1.5027491999999998,0.942405,1.0584792000000003,0.160627,0.00977,0.799108,0.82247
2007/9/27 0:00,0.892538,1.5090038,0.939585,1.0642057999999999,0.1612164,0.009699,0.796194,0.823452
2007/9/28 0:00,0.895817,1.520972,0.943276,1.0558127999999998,0.1631914,0.009685,0.796606,0.8259
2007/9/29 0:00,0.896338,1.5492594,0.944697,1.0558128,0.164709,0.00969,0.796695,0.826754
2007/9/30 0:00,0.896338,1.629846,0.944697,1.0753768,0.164709,0.00969,0.796695,0.826754
2007/10/1 0:00,0.8967,1.631002,0.945206,1.0753768,0.164684,0.009713,0.796771,0.826549
2007/10/2 0:00,0.889996,1.626003,0.942378,1.0753768,0.163613,0.009743,0.794954,0.824606
2007/10/3 0:00,0.888178,1.639196,0.93932,1.0753768,0.163586,0.009688,0.793682,0.822538
2007/10/4 0:00,0.886171,1.638498,0.936067,1.0713658,0.164704,0.009601,0.789419,0.817461
2007/10/5 0:00,0.891981,1.634855,0.936413,1.0753768,0.163492,0.00961,0.789512,0.821355
2007/10/6 0:00,0.892618,1.633653,0.940035,1.0753768,0.164707,0.009608,0.789721,0.820951
2007/10/7 0:00,0.892618,1.633653,0.940035,1.0753768,0.164707,0.009608,0.789721,0.820951
2007/10/8 0:00,0.893695,1.635871,0.942987,1.0753768,0.163492,0.009608,0.788656,0.82122
2007/10/9 0:00,0.8921,1.637251,0.941886,1.0713658,0.164718,0.009591,0.788432,0.818565
2007/10/10 0:00,0.892299,1.636795,0.94042,1.0713658,0.164704,0.009578,0.788924,0.818331
2007/10/11 0:00,0.888455,1.642306,0.939311,1.0695416,0.164718,0.00955,0.787954,0.81576
2007/10/12 0:00,0.888455,1.648832,0.934824,1.0713658,0.164718,0.009522,0.788861,0.81813
2007/10/13 0:00,0.886525,1.648057,0.933973,1.0695416,0.1621656,0.009509,0.787985,0.814764
2007/10/14 0:00,0.886525,1.648057,0.933973,1.0695416,0.1621656,0.009509,0.787985,0.814764
2007/10/15 0:00,0.891941,1.6515,0.939982,1.0753768,0.16056520000000002,0.0121656,0.789154,0.821288
2007/10/16 0:00,0.893136,1.657536,0.940942,1.0753768,0.16056520000000002,0.0116742,0.792158,0.823249
2007/10/17 0:00,0.891305,1.656095,0.941416,1.0753768,0.16056520000000002,0.0121656,0.791982,0.822233
2007/10/18 0:00,0.892339,1.643601,0.9391522,1.0753768,0.16227580000000003,0.011137600000000001,0.789665,0.820244
2007/10/19 0:00,0.897787,1.641726,0.9413916,1.0753768,0.1648962,0.009741999999999999,0.789765,0.829531
2007/10/20 0:00,0.893855,1.641551,0.9413386000000001,1.0753768,0.1640432,0.010248799999999999,0.789219,0.827438
2007/10/21 0:00,0.893855,1.641551,0.9413386000000001,1.0753768,0.1640432,0.010248799999999999,0.789219,0.827438
2007/10/22 0:00,0.895456,1.64116,0.9413386000000001,1.0753768,0.1649496,0.0097854,0.788762,0.828535
2007/10/23 0:00,0.891981,1.641847,0.9402052000000001,1.0753768,0.1650616,0.0097372,0.786513,0.828432
2007/10/24 0:00,0.890908,1.64605,0.9393395999999999,1.0753768,0.1640432,0.009742,0.786513,0.828569
2007/10/25 0:00,0.888573,1.646253,0.9374819999999999,1.0753768,0.1614932,0.0116896,0.786671,0.825014
2007/10/26 0:00,0.898029,1.646877,0.9416964,1.0753768,0.1649126,0.0097064,0.78984,0.828706
2007/10/27 0:00,0.891782,1.648057,0.9411428,1.0835604,0.1639906,0.009601,0.79113,0.830461
2007/10/28 0:00,0.899726,1.648057,0.9411674000000001,1.0835604,0.1639906,0.009601,0.79113,0.830461
2007/10/29 0:00,0.9051,1.63776,0.9230248,1.1068524,0.1620546,0.009677,0.790695,0.83605
2007/10/30 0:00,0.897666,1.644602,0.9177844000000001,1.1141400000000001,0.164101,0.00963,0.788606,0.839208
2007/10/31 0:00,0.892459,1.637371,0.939758,1.0993682,0.165536,0.009577,0.785614,0.834794
2007/11/1 0:00,0.880165,1.63396,0.9332039999999999,1.0753768,0.163834,0.009586,0.785799,0.832154
2007/11/2 0:00,0.878156,1.642967,0.936699,1.0753768,0.163881,0.009587,0.78472,0.826276
2007/11/3 0:00,0.87831,1.642549,0.936699,1.0753768,0.165281,0.009585,0.783656,0.825934
2007/11/4 0:00,0.87831,1.642549,0.936699,1.0753768,0.165281,0.009585,0.783656,0.825934
2007/11/5 0:00,0.879933,1.641942,0.9382816,1.0753768,0.165213,0.009602,0.783843,0.826241
2007/11/6 0:00,0.880398,1.64685,0.936699,1.0753768,0.165317,0.009612,0.782249,0.831635
2007/11/7 0:00,0.884408,1.657756,0.9342697999999998,1.0753768,0.163741,0.009581,0.781803,0.830979
2007/11/8 0:00,0.877193,1.661392,0.9209484,1.0753768,0.16524,0.009648,0.782243,0.832154
2007/11/9 0:00,0.871004,1.648546,0.9356296000000001,1.0753768,0.163869,0.009771,0.781427,0.824844
2007/11/10 0:00,0.868395,1.648356,0.9356296000000001,1.0753768,0.165319,0.009776,0.782246,0.821355
2007/11/11 0:00,0.9162716,1.648356,0.9524009999999998,1.0753768,0.165319,0.009776,0.782246,0.821355
2007/11/12 0:00,0.9461608,1.658306,0.9573454000000001,1.0753768,0.163867,0.009769,0.78376,0.823486
2007/11/13 0:00,0.9461162,1.657839,0.9576682,1.0753768000000001,0.163814,0.009726,0.784163,0.825355
2007/11/14 0:00,0.946585,1.655944,0.9585756,1.0784534000000001,0.163814,0.009788,0.783914,0.827609
2007/11/15 0:00,0.9157094000000001,1.6489,0.9508248,1.0525846,0.164989,0.00972,0.784412,0.814034
2007/11/16 0:00,1.0855084,1.645007,0.9789540000000001,1.1301017999999998,0.164989,0.009782,0.782552,0.808931
2007/11/17 0:00,1.0855084,1.643642,0.9727658,1.1301017999999998,0.164989,0.0098,0.783269,0.808669
2007/11/18 0:00,1.0855084,1.643642,0.9727658,1.1301017999999998,0.164989,0.0098,0.783269,0.808669
2007/11/19 0:00,0.9648470000000001,1.630404,0.951985,1.0769670000000002,0.163773,0.009885,0.783905,0.810931
2007/11/20 0:00,0.9012117999999999,1.630643,0.9226976,1.0734348,0.164976,0.009842,0.788768,0.819336
2007/11/21 0:00,0.9093392,1.630258,0.9315279999999999,1.0734348,0.164962,0.009865,0.78883,0.820378
2007/11/22 0:00,0.946585,1.634054,0.9585756,1.0748296,0.164976,0.009818,0.788759,0.82713
2007/11/23 0:00,0.9258228,1.639344,0.9588856,1.0777686,0.164921,0.009779,0.789017,0.828054
2007/11/24 0:00,0.895696,1.641053,0.9413386000000001,1.0753768,0.164924,0.00977,0.788532,0.829635
2007/11/25 0:00,0.895696,1.641053,0.9413386000000001,1.0753768,0.164924,0.00977,0.788532,0.829635
2007/11/26 0:00,0.894174,1.641847,0.9402052,1.0753768,0.165003,0.00979,0.787079,0.827438
2007/11/27 0:00,0.904364,1.646741,0.9313205999999999,1.0913028,0.165003,0.009744,0.78907,0.833681
2007/11/28 0:00,0.902812,1.657894,0.9362548,1.0958658,0.164969,0.009759,0.789391,0.831739
2007/11/29 0:00,0.897747,1.663935,0.9316028,1.1300516,0.164944,0.009785,0.789986,0.83375
2007/11/30 0:00,0.90212,1.673346,0.9229230000000002,1.1237078,0.164929,0.00982,0.79338,0.836575
2007/12/1 0:00,0.903669,1.674649,0.9229229999999999,1.1243744,0.164829,0.009823,0.794234,0.836925
2007/12/2 0:00,0.903669,1.674649,0.9229229999999999,1.1243744,0.164829,0.009823,0.794234,0.836925
2007/12/3 0:00,0.903204,1.670997,0.9264522,1.1237078,0.164905,0.009814,0.794316,0.83605
2007/12/4 0:00,0.90371,1.669672,0.940437,1.0958658000000001,0.164799,0.009771,0.793399,0.830806
2007/12/5 0:00,0.903138,1.671877,0.940437,1.097415,0.164813,0.00977,0.793358,0.83091
2007/12/6 0:00,0.898311,1.664544,0.9413348000000001,1.0958658000000001,0.164345,0.009772,0.790529,0.828603
2007/12/7 0:00,0.895937,1.662662,0.9419831999999999,1.0859938,0.164163,0.009733,0.788811,0.82802
2007/12/8 0:00,0.897706,1.661751,0.9419831999999999,1.0859938000000002,0.164163,0.009755,0.788905,0.828157
2007/12/9 0:00,0.897706,1.661751,0.9419831999999999,1.0859938000000002,0.164163,0.009755,0.788905,0.828157
2007/12/10 0:00,0.904037,1.663935,0.9306344,1.12458,0.164163,0.00976,0.791327,0.83382
2007/12/11 0:00,0.902649,1.669156,0.9313205999999999,1.126069,0.163975,0.009786,0.791618,0.833542
2007/12/12 0:00,0.895736,1.66435,0.9413348000000001,1.0958658,0.163279,0.00977,0.789752,0.829256
2007/12/13 0:00,0.895696,1.668196,0.9266951999999999,1.126215,0.163279,0.009789,0.790967,0.837661
2007/12/14 0:00,0.893695,1.674369,0.93649,1.134945,0.162721,0.009793,0.789207,0.838926
2007/12/15 0:00,0.892897,1.674453,0.9414496,1.136616,0.162731,0.009823,0.788827,0.838328
2007/12/16 0:00,0.892897,1.674453,0.9414496,1.136616,0.162731,0.009823,0.788827,0.838328
2007/12/17 0:00,0.892698,1.671835,0.9411153999999999,1.135119,0.162707,0.009864,0.78651,0.836575
2007/12/18 0:00,0.893815,1.665848,0.9280633999999999,1.127199,0.162784,0.009787,0.787839,0.837802
2007/12/19 0:00,0.89819,1.672451,0.917918,1.12678,0.162787,0.009769,0.787454,0.841928
2007/12/20 0:00,0.909298,1.673752,0.9162946,1.134687,0.163159,0.009705,0.791546,0.848644
2007/12/21 0:00,0.907359,1.672604,0.9201878000000001,1.138278,0.163199,0.009676,0.788519,0.845666
2007/12/22 0:00,0.906988,1.671444,0.9201878000000001,1.139121,0.163236,0.009683,0.788342,0.846848
2007/12/23 0:00,0.906906,1.671444,0.9201878000000001,1.139121,0.163236,0.009683,0.788342,0.846848
2007/12/24 0:00,0.902079,1.664669,0.9208564000000001,1.138887,0.162981,0.009684,0.788246,0.84631
2007/12/25 0:00,0.900584,1.662524,0.9208563999999999,1.138563,0.16286,0.0097,0.789341,0.847889
2007/12/26 0:00,0.897908,1.662331,0.9208564000000001,1.143864,0.162734,0.009735,0.789051,0.848896
2007/12/27 0:00,0.904691,1.665542,0.9152922,1.146257,0.162721,0.009824,0.789578,0.856678
2007/12/28 0:00,0.903506,1.662054,0.9208564000000001,1.147256,0.16292,0.009858,0.790654,0.853825
2007/12/29 0:00,0.903098,1.664752,0.9208563999999999,1.146526,0.162594,0.009866,0.790454,0.854664
2007/12/30 0:00,0.903098,1.664752,0.9208563999999999,1.146526,0.162594,0.009866,0.790454,0.854664
2007/12/31 0:00,0.909132,1.664143,0.9152922,1.145751,0.163106,0.009841,0.790648,0.857412
2008/1/1 0:00,0.913159,1.657427,0.9166812,1.143596,0.16146,0.009866,0.791361,0.863558
2008/1/2 0:00,0.911868,1.663921,0.9166812,1.143694,0.161394,0.009845,0.78955,0.86285
2008/1/3 0:00,0.904773,1.651637,0.9196724,1.132144,0.160578,0.009762,0.783217,0.854372
2008/1/4 0:00,0.909174,1.648709,0.9186758000000002,1.132708,0.160581,0.009775,0.784701,0.854701
2008/1/5 0:00,0.908306,1.648655,0.9186757999999999,1.132708,0.16064,0.009779,0.784929,0.853643
2008/1/6 0:00,0.908306,1.648655,0.9186757999999999,1.132708,0.16064,0.009779,0.784929,0.853643
2008/1/7 0:00,0.911785,1.649104,0.9186757999999999,1.131036,0.160581,0.009785,0.786408,0.854117
2008/1/8 0:00,0.915039,1.65165,0.9190634000000001,1.130825,0.16144,0.009778,0.78801,0.856091
2008/1/9 0:00,0.922382,1.655862,0.918217,1.129305,0.16197,0.009769,0.788756,0.860067
2008/1/10 0:00,0.925412,1.661861,0.9215852,1.128643,0.160875,0.009791,0.79088,0.86734
2008/1/11 0:00,0.924129,1.663658,0.922409,1.126888,0.160875,0.00972,0.794246,0.865202
2008/1/12 0:00,0.924684,1.66435,0.922409,1.127949,0.160974,0.009726,0.794565,0.866138
2008/1/13 0:00,0.924684,1.66435,0.922409,1.127949,0.160974,0.009726,0.794565,0.866138
2008/1/14 0:00,0.92687,1.667389,0.9221062,1.130288,0.16081,0.009702,0.79477,0.867528
2008/1/15 0:00,0.924684,1.663631,0.9189526000000001,1.132464,0.161147,0.00966,0.794237,0.865576
2008/1/16 0:00,0.923916,1.663022,0.9171431999999999,1.127434,0.161142,0.009636,0.792073,0.855688
2008/1/17 0:00,0.922084,1.65865,0.9197713999999999,1.12163,0.161012,0.009621,0.791399,0.853752
2008/1/18 0:00,0.928505,1.657646,0.9198056000000001,1.121114,0.16094,0.009679,0.794101,0.857927
2008/1/19 0:00,0.928376,1.657949,0.9196474,1.120574,0.160971,0.009682,0.794508,0.859956
2008/1/20 0:00,0.929411,1.657949,0.9194134,1.121453,0.160971,0.009682,0.794508,0.859956
2008/1/21 0:00,0.926055,1.660647,0.9188715999999999,1.126335,0.161031,0.009702,0.793707,0.859734
2008/1/22 0:00,0.935804,1.674439,0.9197165999999999,1.132035,0.160979,0.009813,0.798136,0.867453
2008/1/23 0:00,0.934973,1.673458,0.9197165999999999,1.133144,0.161368,0.009802,0.801475,0.865164
2008/1/24 0:00,0.942196,1.678556,0.9197165999999999,1.140862,0.161264,0.009851,0.801211,0.869679
2008/1/25 0:00,0.939673,1.674467,0.9197165999999999,1.14319,0.161005,0.009846,0.801298,0.868093
2008/1/26 0:00,0.939452,1.673346,0.9197165999999999,1.141748,0.160994,0.009838,0.801022,0.86915
2008/1/27 0:00,0.939496,1.673346,0.9197165999999999,1.141748,0.160994,0.009838,0.801022,0.86915
2008/1/28 0:00,0.941531,1.67259,0.9197165999999999,1.137482,0.160798,0.009828,0.798467,0.867679
2008/1/29 0:00,0.934885,1.672353,0.9197165999999999,1.136067,0.160765,0.009829,0.797986,0.863819
2008/1/30 0:00,0.937734,1.679642,0.9197165999999999,1.134514,0.160746,0.009779,0.799626,0.861772
2008/1/31 0:00,0.933358,1.679529,0.9199596,1.133189,0.160798,0.009763,0.798917,0.857817
2008/2/1 0:00,0.933315,1.67874,0.9199596,1.132189,0.160378,0.009765,0.798282,0.857412
2008/2/2 0:00,0.932749,1.679346,0.9188297999999999,1.132182,0.160795,0.009766,0.798327,0.857155
2008/2/3 0:00,0.932879,1.679346,0.9188297999999999,1.132182,0.160795,0.009766,0.798327,0.857155
2008/2/4 0:00,0.933576,1.679769,0.9188297999999999,1.130007,0.160449,0.009749,0.798324,0.855761
2008/2/5 0:00,0.936549,1.682949,0.9197165999999999,1.129944,0.160269,0.009744,0.795928,0.859919
2008/2/6 0:00,0.92829,1.677107,0.9180657999999999,1.132573,0.160308,0.009773,0.795957,0.858222
2008/2/7 0:00,0.925583,1.679741,0.9170088,1.134102,0.160179,0.009778,0.79466,0.856311
2008/2/8 0:00,0.926784,1.679924,0.9180657999999999,1.134996,0.159987,0.009789,0.795779,0.858222
2008/2/9 0:00,0.92687,1.679896,0.9180657999999999,1.134514,0.159905,0.009786,0.795776,0.857596
2008/2/10 0:00,0.92687,1.680545,0.9180657999999999,1.134893,0.159905,0.009785,0.795776,0.857964
2008/2/11 0:00,0.924813,1.680743,0.9161158,1.136396,0.159898,0.009769,0.795589,0.85317
2008/2/12 0:00,0.926999,1.682539,0.9170532,1.130953,0.159885,0.00975,0.796464,0.855542
2008/2/13 0:00,0.927601,1.687393,0.9189526000000001,1.135654,0.159744,0.009791,0.796648,0.860919
2008/2/14 0:00,0.927429,1.689417,0.9189526000000001,1.137165,0.15976,0.009779,0.798422,0.862664
2008/2/15 0:00,0.926398,1.686952,0.9189526000000001,1.139328,0.159757,0.00978,0.797747,0.866664
2008/2/16 0:00,1.07776,1.687522,0.9294068,1.138848,0.15976,0.009784,0.798065,0.866439
2008/2/17 0:00,0.927687,1.686654,0.9197165999999999,1.138848,0.15976,0.009785,0.798065,0.866852
2008/2/18 0:00,0.927558,1.687038,0.9197165999999999,1.139556,0.159751,0.009795,0.799824,0.868357
2008/2/19 0:00,0.936373,1.698355,0.929333,1.144492,0.160617,0.009847,0.801831,0.876501
2008/2/20 0:00,0.93423,1.69595,0.9197165999999999,1.141683,0.160403,0.009832,0.8009,0.867754
2008/2/21 0:00,0.938571,1.693566,0.9197165999999999,1.137223,0.160565,0.00985,0.802291,0.865202
2008/2/22 0:00,0.935673,1.684963,0.9197165999999999,1.127777,0.160565,0.009822,0.800974,0.861289
2008/2/23 0:00,0.936505,1.685346,0.9197165999999999,1.128426,0.160573,0.009817,0.800891,0.861364
2008/2/24 0:00,0.936505,1.685346,0.9197165999999999,1.128426,0.160573,0.009817,0.800891,0.861364
2008/2/25 0:00,0.936461,1.686853,0.9197165999999999,1.126323,0.160333,0.00979,0.799725,0.86218
2008/2/26 0:00,0.934929,1.682539,0.9199596,1.122927,0.160527,0.009775,0.798394,0.863558
2008/2/27 0:00,0.93813,1.6850093999999998,0.919481,1.123255,0.160527,0.009822,0.799907,0.866889
2008/2/28 0:00,0.934667,1.6850093999999998,0.91878,1.123867,0.160539,0.009857,0.798531,0.863894
2008/2/29 0:00,0.936593,1.6850093999999998,0.920001,1.121189,0.160378,0.009854,0.799469,0.863371
2008/3/1 0:00,0.93633,1.6850093999999998,0.920696,1.120247,0.160424,0.009848,0.799456,0.862589
2008/3/2 0:00,0.93633,1.6850093999999998,0.920696,1.120323,0.160424,0.009849,0.799456,0.862776
2008/3/3 0:00,0.933532,1.6850093999999998,0.919625,1.121497,0.160276,0.009873,0.800266,0.863036
2008/3/4 0:00,0.924684,1.6585682,0.916876,1.120762,0.160276,0.009878,0.798429,0.856348
2008/3/5 0:00,0.921999,1.6585682,0.914716,1.117356,0.160333,0.009853,0.798397,0.855103
2008/3/6 0:00,0.921829,1.6585682,0.917987,1.117306,0.160424,0.009822,0.798486,0.855578
2008/3/7 0:00,0.923745,1.6585682,0.92023,1.116695,0.160424,0.009809,0.798515,0.855066
2008/3/8 0:00,0.923105,1.6590432,0.920416,1.116321,0.160344,0.009807,0.7987148000000001,0.85492
2008/3/9 0:00,0.9225524,1.6603397999999998,0.920416,1.116321,0.160344,0.009807,0.7982476000000001,0.854153
2008/3/10 0:00,0.9238535999999999,1.6585682,0.92109,1.117774,0.160269,0.009811,0.796186,0.855359
2008/3/11 0:00,0.9230723999999999,1.6648980000000002,0.919921,1.113697,0.160051,0.009794,0.7982476000000001,0.853352
2008/3/12 0:00,0.9286108000000001,1.6512300000000004,0.919004,1.113177,0.159898,0.009824,0.8072564,0.848608
2008/3/13 0:00,0.9521689999999999,1.6454504,0.922199,1.114014,0.160308,0.009832,0.8155294,0.846024
2008/3/14 0:00,0.9230894,1.6590432,0.921888,1.11818,0.159987,0.009828,0.8067117999999999,0.849329
2008/3/15 0:00,0.9230723999999999,1.6626398000000002,0.922024,1.116757,0.160054,0.009825,0.797245,0.849618
2008/3/16 0:00,0.9230723999999999,1.6626398000000002,0.922024,1.116757,0.160054,0.009825,0.797245,0.849618
2008/3/17 0:00,0.9283895999999998,1.6714984000000002,0.917263,1.11291,0.160102,0.009767,0.795776,0.845059
2008/3/18 0:00,0.9020655999999999,1.6676485999999997,0.916271,1.115567,0.159859,0.009754,0.796067,0.842637
2008/3/19 0:00,0.9035523999999999,1.6662801999999999,0.914185,1.115032,0.159859,0.009737,0.795254,0.841361
2008/3/20 0:00,0.9228682000000001,1.6634072,0.915047,1.121881,0.159878,0.009764,0.797502,0.850557
2008/3/21 0:00,0.9230723999999999,1.6590432,0.914662,1.118844,0.159962,0.009748,0.79899,0.850123
2008/3/22 0:00,0.9230723999999999,1.6590432,0.914938,1.119251,0.159987,0.009757,0.798843,0.850051
2008/3/23 0:00,0.9230723999999999,1.6590432,0.914938,1.119251,0.159987,0.009757,0.798843,0.850051
2008/3/24 0:00,0.9264750000000002,1.6529614000000001,0.916393,1.113865,0.159955,0.009752,0.799834,0.84886
2008/3/25 0:00,0.9280063999999999,1.6745016,0.915835,1.111019,0.159955,0.009767,0.800118,0.8511
2008/3/26 0:00,0.9263353999999999,1.6921902,0.919879,1.111537,0.160565,0.009802,0.799747,0.855871
2008/3/27 0:00,0.936183,1.7047910000000002,0.921128,1.114045,0.160643,0.009835,0.801089,0.867905
2008/3/28 0:00,0.936183,1.7042546,0.92081,1.110692,0.160813,0.009802,0.799808,0.866476
2008/3/29 0:00,0.936183,1.6940749999999998,0.921065,1.110741,0.161044,0.0098,0.799338,0.866363
2008/3/30 0:00,0.936183,1.7042546,0.921065,1.110389,0.161044,0.0098,0.799338,0.866363
2008/3/31 0:00,0.936183,1.6844698,0.921328,1.114144,0.160559,0.009818,0.799607,0.867227
2008/4/1 0:00,0.933306,1.678747,0.920437,1.111074,0.1608206,0.009788,0.797324,0.865014
2008/4/2 0:00,0.936183,1.6844698,0.919709,1.11415,0.16082059999999998,0.009791,0.798754,0.868432
2008/4/3 0:00,0.9368126,1.7059336000000003,0.92412,1.118143,0.1605062,0.009808,0.799808,0.870777
2008/4/4 0:00,0.9385632000000002,1.7100526000000003,0.929891,1.116451,0.16071719999999998,0.009791,0.800061,0.869641
2008/4/5 0:00,0.9385632000000002,1.7100526000000003,0.929558,1.11715,0.16071719999999998,0.009797,0.800673,0.869754
2008/4/6 0:00,0.9385632000000002,1.7100526000000003,0.929558,1.11715,0.16071719999999998,0.009797,0.800673,0.869754
2008/4/7 0:00,0.938044,1.7111952,0.931945,1.118137,0.1605874,0.009813,0.800711,0.87108
2008/4/8 0:00,0.9385632000000002,1.7100526000000003,0.931129,1.117518,0.16049719999999998,0.009801,0.800641,0.868697
2008/4/9 0:00,0.9366627999999999,1.7129701999999998,0.932644,1.120825,0.16083200000000003,0.009818,0.79984,0.873248
2008/4/10 0:00,0.9373674,1.7123941999999999,0.935493,1.119376,0.16083200000000003,0.009834,0.800362,0.876962
2008/4/11 0:00,0.9370521999999999,1.7128405999999998,0.937647,1.122013,0.1608528,0.009864,0.800307,0.87677
2008/4/12 0:00,0.9376677999999998,1.7121938,0.937576,1.122334,0.1608528,0.009861,0.800083,0.877732
2008/4/13 0:00,0.9387830000000001,1.703505,0.937576,1.122334,0.16054359999999998,0.009861,0.800083,0.877732
2008/4/14 0:00,0.9381601999999999,1.710542,0.937339,1.127351,0.16049799999999997,0.009874,0.802066,0.875197
2008/4/15 0:00,0.9382484,1.716075,0.940278,1.127714,0.1605448,0.009849,0.802813,0.878002
2008/4/16 0:00,0.9370521999999999,1.715854,0.937501,1.124638,0.1605062,0.00982,0.801446,0.876539
2008/4/17 0:00,0.935148,1.715295,0.940813,1.119188,0.1605154,0.009784,0.801777,0.875388
2008/4/18 0:00,0.936417,1.716208,0.938734,1.118137,0.1605154,0.009797,0.802542,0.874317
2008/4/19 0:00,0.936724,1.715943,0.938861,1.118074,0.1605154,0.009794,0.80271,0.873935
2008/4/20 0:00,0.93633,1.715943,0.938861,1.118074,0.1605154,0.009794,0.80271,0.873935
2008/4/21 0:00,0.937163,1.713341,0.937036,1.119319,0.1605154,0.009816,0.802401,0.876463
2008/4/22 0:00,0.940203,1.712974,0.936812,1.120053,0.1605062,0.009846,0.804635,0.879121
2008/4/23 0:00,0.939408,1.712153,0.938254,1.120637,0.1605062,0.009827,0.805302,0.880049
2008/4/24 0:00,0.93932,1.713135,0.93832,1.12026,0.1605062,0.009869,0.805373,0.882379
2008/4/25 0:00,0.938262,1.711347,0.93201,1.120806,0.1605062,0.009868,0.80588,0.881057
2008/4/26 0:00,0.939099,1.711552,0.931589,1.121139,0.1605062,0.009868,0.805867,0.881057
2008/4/27 0:00,0.939099,1.711552,0.931589,1.121139,0.1605062,0.009868,0.805867,0.881057
2008/4/28 0:00,0.938879,1.707461,0.933489,1.120379,0.1605062,0.009843,0.805477,0.879701
2008/4/29 0:00,0.93668,1.71456,0.929588,1.116383,0.1607172,0.009836,0.804263,0.876463
2008/4/30 0:00,0.936461,1.713253,0.930613,1.112582,0.16082059999999998,0.009833,0.804644,0.870928
2008/5/1 0:00,0.93813,1.710659,0.931016,1.114008,0.16082059999999998,0.009872,0.804832,0.869981
2008/5/2 0:00,0.939629,1.708657,0.931315,1.11397,0.1608206,0.009866,0.805958,0.868923
2008/5/3 0:00,0.939276,1.708847,0.931532,1.11309,0.16082059999999998,0.009868,0.805876,0.868998
2008/5/4 0:00,0.93932,1.708847,0.931532,1.113332,0.16082059999999998,0.009868,0.805876,0.869943
2008/5/5 0:00,0.937603,1.706659,0.931793,1.113195,0.16082059999999998,0.009864,0.806725,0.868998
2008/5/6 0:00,0.93932,1.705975,0.931246,1.108414,0.1608206,0.009854,0.806715,0.866401
2008/5/7 0:00,0.945001,1.703737,0.931736,1.10834,0.1608206,0.009852,0.808398,0.868583
2008/5/8 0:00,0.941487,1.698846,0.93028,1.10807,0.1607034,0.009819,0.806032,0.858406
2008/5/9 0:00,0.940115,1.697346,0.925091,1.105644,0.1601626,0.009827,0.8000932000000001,0.855139
2008/5/10 0:00,0.939541,1.697649,0.924411,1.105308,0.1601626,0.009819,0.8005118,0.855322
2008/5/11 0:00,0.939585,1.697649,0.924411,1.105308,0.1601626,0.009819,0.8005118,0.855322
2008/5/12 0:00,0.940999,1.698802,0.925446,1.106415,0.1601626,0.009817,0.8000773999999999,0.854847
2008/5/13 0:00,0.938659,1.694642,0.921939,1.102925,0.15999460000000001,0.009795,0.8161039999999999,0.850376
2008/5/14 0:00,0.931966,1.690588,0.916969,1.099094,0.15999460000000001,0.009718,0.8203587999999999,0.84832
2008/5/15 0:00,0.930362,1.689189,0.918497,1.100776,0.15999460000000001,0.009725,0.8161039999999999,0.849473
2008/5/16 0:00,0.931272,1.683445,0.916376,1.10407,0.1601224,0.009754,0.8080506,0.851209
2008/5/17 0:00,0.931142,1.682157,0.915931,1.104313,0.1601224,0.009744,0.8080506,0.851825
2008/5/18 0:00,0.931142,1.682157,0.915931,1.104313,0.1601224,0.009744,0.8080506,0.851825
2008/5/19 0:00,0.933097,1.685161,0.916636,1.103199,0.1601224,0.009759,0.8080506,0.852551
2008/5/20 0:00,0.929627,1.68745,0.912101,1.098678,0.16002299999999997,0.009746,0.8203587999999999,0.846059
2008/5/21 0:00,0.934885,1.685616,0.915667,1.102171,0.15999460000000001,0.009803,0.8203587999999999,0.847458
2008/5/22 0:00,0.927515,1.683388,0.915386,1.099789,0.15999460000000001,0.009793,0.8203587999999999,0.84832
2008/5/23 0:00,0.927687,1.677965,0.911369,1.104442,0.15999460000000001,0.0098,0.8203587999999999,0.846883
2008/5/24 0:00,0.927773,1.677501,0.911452,1.104374,0.15999460000000001,0.009801,0.8203587999999999,0.846167
2008/5/25 0:00,0.927773,1.677346,0.911452,1.104374,0.15999460000000001,0.009802,0.8203587999999999,0.846274
2008/5/26 0:00,0.926012,1.678655,0.915089,1.103588,0.15999460000000001,0.009789,0.8203587999999999,0.845845
2008/5/27 0:00,0.927171,1.681266,0.913709,1.101625,0.16002299999999997,0.009781,0.8203587999999999,0.843668
2008/5/28 0:00,0.930665,1.669282,0.915302,1.101916,0.15999460000000001,0.009762,0.8203587999999999,0.846131
2008/5/29 0:00,0.931402,1.66846,0.916964,1.103193,0.15999460000000001,0.009759,0.8161039999999999,0.848284
2008/5/30 0:00,0.931402,1.66924,0.91808,1.107297,0.1600298,0.009774,0.8072564,0.848644
2008/5/31 0:00,0.932401,1.669505,0.917389,1.107788,0.16000040000000001,0.009768,0.8072564,0.849401
2008/6/1 0:00,0.932401,1.669449,0.917389,1.107788,0.16000040000000001,0.009768,0.8072564,0.848572
2008/6/2 0:00,0.932705,1.6735,0.918485,1.103424,0.15999460000000001,0.009748,0.8203587999999999,0.847673
2008/6/3 0:00,0.930665,1.661626,0.913572,1.099874,0.16002299999999997,0.009721,0.8203587999999999,0.843028
2008/6/4 0:00,0.931099,1.662552,0.912863,1.097755,0.16002299999999997,0.009674,0.8204712000000001,0.840654
2008/6/5 0:00,0.930319,1.65876,0.913517,1.097201,0.16002299999999997,0.009638,0.8204712000000001,0.84076
2008/6/6 0:00,0.931446,1.658059,0.913943,1.094271,0.1600822,0.009621,0.8204712000000001,0.840089
2008/6/7 0:00,0.931055,1.657262,0.913601,1.094403,0.16002299999999997,0.00962,0.8204712000000001,0.840937
2008/6/8 0:00,0.929843,1.658059,0.910722,1.092848,0.161574,0.009618,0.8061708,0.835003
2008/6/9 0:00,0.930579,1.654944,0.91285,1.089497,0.16239699999999999,0.009603,0.7986443999999999,0.83257
2008/6/10 0:00,0.933707,1.658141,0.92154,1.093667,0.1608256,0.009621,0.820525,0.83724
2008/6/11 0:00,0.935235,1.657742,0.92182,1.092657,0.1608256,0.009638,0.820525,0.837556
2008/6/12 0:00,0.933707,1.657578,0.920247,1.08952,0.16082559999999999,0.00961,0.8133264,0.836155
2008/6/13 0:00,0.933968,1.659903,0.919261,1.089206,0.16082559999999999,0.009608,0.8133264,0.836225
2008/6/14 0:00,0.933968,1.659847,0.919261,1.088998,0.16082559999999999,0.009608,0.8133264,0.836225
2008/6/15 0:00,0.93375,1.66095,0.920251,1.087258,0.1600822,0.009589,0.820525,0.838047
2008/6/16 0:00,0.92773,1.648546,0.915839,1.087843,0.16290880000000002,0.009513,0.8084437999999998,0.831255
2008/6/17 0:00,0.934187,1.645468,0.919287,1.08901,0.16290880000000002,0.009538,0.8094643999999999,0.831947
2008/6/18 0:00,0.935629,1.634855,0.919595,1.073918,0.1622346,0.009504,0.8034562,0.830944
2008/6/19 0:00,0.937647,1.631947,0.918725,1.074298,0.1621652,0.009522,0.8034562000000001,0.832709
2008/6/20 0:00,0.937822,1.63268,0.918911,1.073704,0.1621652,0.009516,0.8034562000000001,0.832917
2008/6/21 0:00,0.929023,1.611655,0.912267,1.07032,0.160555,0.009444,0.8150468,0.827575
2008/6/22 0:00,0.919794,1.609049,0.908827,1.070034,0.160603,0.009396,0.810529,0.823282
2008/6/23 0:00,0.915919,1.617861,0.913092,1.066428,0.1605608,0.009367,0.810529,0.823995
2008/6/24 0:00,0.910871,1.622955,0.905379,1.068604,0.1618218,0.00935,0.7970006,0.817862
2008/6/25 0:00,0.90464,1.624145,0.902833,1.070928,0.16191819999999998,0.009325,0.8004552,0.815508
2008/6/26 0:00,0.90464,1.624145,0.902833,1.070928,0.16301,0.009325,0.8004552,0.815508
2008/6/27 0:00,0.90266,1.623725,0.90485,1.070051,0.162813,0.00933,0.8004552,0.816395
2008/6/28 0:00,0.90872,1.627215,0.909819,1.073094,0.162707,0.00935,0.7995901999999999,0.820105
2008/6/29 0:00,0.90872,1.627215,0.909819,1.073094,0.162707,0.00935,0.7995901999999999,0.820105
2008/6/30 0:00,0.903383,1.630936,0.91378,1.070017,0.162866,0.009293,0.8004552,0.815694
2008/7/1 0:00,0.897714,1.636835,0.912767,1.06969,0.16288,0.009196,0.8004552,0.813438
2008/7/2 0:00,0.893495,1.631069,0.911797,1.063377,0.162787,0.009177,0.802022,0.813008
2008/7/3 0:00,0.892897,1.62885,0.912425,1.062869,0.162837,0.009171,0.802022,0.812942
2008/7/4 0:00,0.892897,1.62885,0.912425,1.062869,0.162837,0.009171,0.802022,0.812942
2008/7/5 0:00,0.886682,1.635443,0.906084,1.062411,0.162866,0.009182,0.8021825999999999,0.811359
2008/7/6 0:00,0.883923,1.636688,0.903032,1.064509,0.162866,0.009182,0.7969934000000001,0.806452
2008/7/7 0:00,0.879391,1.630643,0.901652,1.05591,0.162986,0.009202,0.7914486,0.793556
2008/7/8 0:00,0.876271,1.624656,0.896338,1.051353,0.163145,0.009144,0.7854222,0.787092
2008/7/9 0:00,0.876578,1.624445,0.896539,1.051027,0.163209,0.00915,0.7854222,0.786658
2008/7/10 0:00,0.876578,1.62455,0.896539,1.051094,0.163209,0.00915,0.7854222,0.786751
2008/7/11 0:00,0.873057,1.62455,0.897106,1.051359,0.162615,0.009134,0.7742937999999999,0.777273
2008/7/12 0:00,0.873897,1.620667,0.892252,1.047268,0.162536,0.009119,0.7742937999999999,0.779029
2008/7/13 0:00,0.872106,1.618254,0.894562,1.044812,0.162893,0.00915,0.7742938,0.779849
2008/7/14 0:00,0.86742,1.596005,0.888557,1.034132,0.162893,0.009115,0.7688438000000001,0.777015
2008/7/15 0:00,0.86742,1.596005,0.888557,1.034132,0.162893,0.009115,0.7688438000000001,0.777015
2008/7/16 0:00,0.86742,1.596005,0.888557,1.034132,0.162893,0.009115,0.7688438000000001,0.777015
2008/7/17 0:00,0.87382,1.601685,0.894262,1.037662,0.162893,0.009161,0.782834,0.77984
2008/7/18 0:00,0.88118,1.609035,0.89439,1.041499,0.162893,0.009233,0.78346,0.784625
2008/7/19 0:00,0.88118,1.609035,0.89439,1.041499,0.162893,0.009233,0.78346,0.784625
2008/7/20 0:00,0.875312,1.606593,0.893455,1.045205,0.162853,0.009223,0.782173,0.780762
2008/7/21 0:00,0.87777,1.6115,0.895291,1.047011,0.163052,0.009263,0.786096,0.785793
2008/7/22 0:00,0.872791,1.606452,0.894843,1.045697,0.163103,0.00927,0.785453,0.784375
2008/7/23 0:00,0.868508,1.607652,0.89306,1.044386,0.163103,0.00929,0.783276,0.781739
2008/7/24 0:00,0.868508,1.607652,0.89306,1.044386,0.163103,0.00929,0.783276,0.781739
2008/7/25 0:00,0.87558,1.605871,0.892423,1.048867,0.163292,0.009305,0.785648,0.786875
2008/7/26 0:00,0.873019,1.592699,0.889075,1.049208,0.163292,0.009336,0.784434,0.785731
2008/7/27 0:00,0.879856,1.594489,0.886407,1.061492,0.163292,0.009462,0.785694,0.797194
2008/7/28 0:00,0.876962,1.606555,0.888001,1.061571,0.163292,0.00943,0.785546,0.795862
2008/7/29 0:00,0.877078,1.609347,0.888759,1.057625,0.163359,0.009377,0.784314,0.793179
2008/7/30 0:00,0.874508,1.609049,0.886556,1.057138,0.163292,0.009356,0.784068,0.792142
2008/7/31 0:00,0.874508,1.609049,0.886556,1.057138,0.163292,0.009356,0.784068,0.792142
2008/8/1 0:00,0.878735,1.614101,0.886167,1.059906,0.163359,0.009357,0.786983,0.797099
2008/8/2 0:00,0.879585,1.613359,0.891695,1.055353,0.163319,0.009376,0.786711,0.79713
2008/8/3 0:00,0.878503,1.607084,0.891691,1.049698,0.163332,0.009323,0.786028,0.794218
2008/8/4 0:00,0.876194,1.603553,0.890266,1.04785,0.163452,0.009236,0.783659,0.782228
2008/8/5 0:00,0.880669,1.608855,0.890416,1.050459,0.163452,0.009254,0.783914,0.785268
2008/8/6 0:00,0.879314,1.609049,0.890099,1.050398,0.163476,0.009244,0.784025,0.785546
2008/8/7 0:00,0.879314,1.609049,0.890099,1.050398,0.163476,0.009244,0.784025,0.785546
2008/8/8 0:00,0.881096,1.61315,0.889882,1.054852,0.163492,0.009292,0.78448,0.790202
2008/8/9 0:00,0.885112,1.615561,0.893368,1.056334,0.163578,0.009252,0.785799,0.792739
2008/8/10 0:00,0.889324,1.61358,0.89769,1.057681,0.163634,0.009248,0.786451,0.795071
2008/8/11 0:00,0.883041,1.602461,0.893871,1.046518,0.163546,0.009176,0.783177,0.784806
2008/8/12 0:00,0.880049,1.599552,0.886643,1.039285,0.163594,0.008926,0.778452,0.779302
2008/8/13 0:00,0.879624,1.599501,0.887599,1.038761,0.163594,0.008902,0.777484,0.779089
2008/8/14 0:00,0.879624,1.599501,0.887599,1.038761,0.163594,0.008902,0.777484,0.779089
2008/8/15 0:00,0.869792,1.597559,0.883342,1.035701,0.163444,0.008778,0.774617,0.772947
2008/8/16 0:00,0.872753,1.599399,0.877012,1.041938,0.163524,0.008815,0.775696,0.777454
2008/8/17 0:00,0.858959,1.597955,0.878542,1.037237,0.163559,0.008724,0.772803,0.772738
2008/8/18 0:00,0.858369,1.585339,0.874814,1.030503,0.163613,0.008706,0.772801,0.771873
2008/8/19 0:00,0.861958,1.58505,0.880305,1.033181,0.163324,0.008717,0.774171,0.773545
2008/8/20 0:00,0.863297,1.586999,0.882722,1.035025,0.163324,0.00873,0.776036,0.775164
2008/8/21 0:00,0.863297,1.586999,0.882722,1.035025,0.163324,0.00873,0.776036,0.775164
2008/8/22 0:00,0.862627,1.587415,0.881916,1.033538,0.163412,0.008712,0.774311,0.776669
2008/8/23 0:00,0.867303,1.587654,0.881329,1.035143,0.163279,0.008654,0.774084,0.780244
2008/8/24 0:00,0.873782,1.581753,0.885936,1.036973,0.163233,0.00867,0.775768,0.789733
2008/8/25 0:00,0.872638,1.572686,0.88041,1.038152,0.163271,0.008649,0.774461,0.789983
2008/8/26 0:00,0.873477,1.565153,0.884756,1.03929,0.163145,0.00858,0.770093,0.790576
2008/8/27 0:00,0.874508,1.566956,0.885736,1.042693,0.163145,0.008599,0.770567,0.790952
2008/8/28 0:00,0.875848,1.566956,0.885736,1.042693,0.163145,0.008599,0.770567,0.790952
2008/8/29 0:00,0.871802,1.564933,0.883896,1.036221,0.163284,0.00859,0.770377,0.793714
2008/8/30 0:00,0.872486,1.564872,0.883822,1.043929,0.163364,0.008567,0.771438,0.793934
2008/8/31 0:00,0.862738,1.566735,0.881457,1.04455,0.163412,0.008495,0.765882,0.785947
2008/9/1 0:00,0.860696,1.568332,0.883911,1.041829,0.163305,0.00846,0.768489,0.785268
2008/9/2 0:00,0.867303,1.56741,0.889711,1.031087,0.163268,0.008497,0.770238,0.788364
2008/9/3 0:00,0.867002,1.566048,0.890258,1.031029,0.163268,0.008486,0.769707,0.788457
2008/9/4 0:00,0.867002,1.566048,0.890258,1.031029,0.163268,0.008486,0.769707,0.788457
2008/9/5 0:00,0.86192,1.570265,0.886713,1.033912,0.162821,0.008446,0.767154,0.786133
2008/9/6 0:00,0.852406,1.571771,0.888273,1.036823,0.162959,0.008477,0.768267,0.78064
2008/9/7 0:00,0.853424,1.578432,0.889787,1.040242,0.16289,0.008502,0.770214,0.788022
2008/9/8 0:00,0.854555,1.571709,0.881418,1.038044,0.16289,0.008489,0.769734,0.786565
2008/9/9 0:00,0.852479,1.563551,0.875603,1.035368,0.162782,0.008425,0.766912,0.784037
2008/9/10 0:00,0.850738,1.565398,0.875833,1.036216,0.162782,0.008429,0.766762,0.784314
2008/9/11 0:00,0.850738,1.565398,0.875833,1.03621,0.162782,0.008429,0.766762,0.784314
2008/9/12 0:00,0.851499,1.573119,0.880324,1.037813,0.162549,0.008458,0.766075,0.789141
2008/9/13 0:00,0.845201,1.563942,0.877281,1.028278,0.162615,0.008391,0.763601,0.779757
2008/9/14 0:00,0.841857,1.5705,0.880398,1.023353,0.162596,0.00835,0.762492,0.777726
2008/9/15 0:00,0.840795,1.57087,0.879388,1.033864,0.16248,0.008363,0.762809,0.781158
2008/9/16 0:00,0.832882,1.55977,0.875542,1.023086,0.162596,0.00824,0.756544,0.771933
2008/9/17 0:00,0.832605,1.558348,0.874653,1.021774,0.162596,0.008236,0.756004,0.771159
2008/9/18 0:00,0.832605,1.558348,0.874653,1.021774,0.162596,0.008236,0.756004,0.771159
2008/9/19 0:00,0.829841,1.563453,0.8716,1.02317,0.161996,0.008272,0.757504,0.766342
2008/9/20 0:00,0.833507,1.569034,0.875197,1.032509,0.161608,0.0084,0.760237,0.772022
2008/9/21 0:00,0.830358,1.569058,0.87028,1.032871,0.161901,0.008432,0.762558,0.771099
2008/9/22 0:00,0.826788,1.571907,0.867062,1.032866,0.161587,0.008381,0.760931,0.780244
2008/9/23 0:00,0.826105,1.572401,0.866356,1.038157,0.161632,0.008441,0.761603,0.778059
2008/9/24 0:00,0.824198,1.571759,0.863334,1.037457,0.161632,0.008417,0.761102,0.777756
2008/9/25 0:00,0.824198,1.571759,0.863334,1.037457,0.161632,0.008417,0.761102,0.777756
2008/9/26 0:00,0.822301,1.56497,0.85955,1.037807,0.161538,0.008482,0.76169,0.774863
2008/9/27 0:00,0.822064,1.572747,0.860537,1.040599,0.161564,0.008518,0.766407,0.778816
2008/9/28 0:00,0.816627,1.564847,0.858111,1.033106,0.161368,0.008503,0.764894,0.772648
2008/9/29 0:00,0.816593,1.566833,0.861427,1.02096,0.160914,0.008419,0.761736,0.775314
2008/9/30 0:00,0.812909,1.56167,0.860215,1.016725,0.160774,0.008362,0.759192,0.774653
2008/10/1 0:00,0.814332,1.562598,0.861813,1.016002,0.160774,0.008367,0.760537,0.774803
2008/10/2 0:00,0.814332,1.562598,0.861813,1.016002,0.160774,0.008367,0.760537,0.774803
2008/10/3 0:00,0.814166,1.561902,0.858738,1.018434,0.16073,0.008344,0.758032,0.773904
2008/10/4 0:00,0.80954,1.551494,0.860733,1.012387,0.160619,0.008285,0.755884,0.77104
2008/10/5 0:00,0.810964,1.555004,0.860659,1.013988,0.160893,0.008302,0.755635,0.771873
2008/10/6 0:00,0.811129,1.5559,0.860289,1.01916,0.160893,0.0083,0.755858,0.772917
2008/10/7 0:00,0.811326,1.555573,0.861326,1.012105,0.160893,0.008304,0.755173,0.775976
2008/10/8 0:00,0.81075,1.555948,0.859771,1.012792,0.160893,0.008298,0.755601,0.772857
2008/10/9 0:00,0.81075,1.555948,0.859771,1.012792,0.160893,0.008298,0.755601,0.772857
2008/10/10 0:00,0.814863,1.55218,0.859513,1.01251,0.160707,0.008292,0.755886,0.778998
2008/10/11 0:00,0.820008,1.556723,0.862199,1.012043,0.161238,0.008376,0.756853,0.784468
2008/10/12 0:00,0.808931,1.532743,0.848497,0.998418,0.161132,0.008298,0.75112,0.769882
2008/10/13 0:00,0.808931,1.532743,0.848497,0.998418,0.161132,0.008298,0.75112,0.769882
2008/10/14 0:00,0.80952,1.52345,0.848353,0.992093,0.160813,0.008355,0.748803,0.770268
2008/10/15 0:00,0.811524,1.517554,0.846736,0.993789,0.160979,0.00845,0.750413,0.779545
2008/10/16 0:00,0.804732,1.507034,0.843754,0.98417,0.160927,0.008372,0.745618,0.772529
2008/10/17 0:00,0.812645,1.511362,0.846633,0.983294,0.16094,0.008364,0.748383,0.782656
2008/10/18 0:00,0.819236,1.514933,0.843313,0.985328,0.161023,0.00843,0.749695,0.783147
2008/10/19 0:00,0.820311,1.515909,0.842783,0.985804,0.161023,0.008436,0.750033,0.783392
2008/10/20 0:00,0.820311,1.515909,0.842783,0.985804,0.161023,0.008436,0.750033,0.783392
2008/10/21 0:00,0.816127,1.515852,0.837767,0.984868,0.161202,0.008451,0.749224,0.777122
2008/10/22 0:00,0.81616,1.517232,0.837574,0.980584,0.161353,0.008456,0.749403,0.773365
2008/10/23 0:00,0.816127,1.522939,0.836736,0.982574,0.161447,0.008563,0.749754,0.774114
2008/10/24 0:00,0.821389,1.515278,0.838487,1.114914,0.161616,0.008549,0.752298,0.778907
2008/10/25 0:00,0.819807,1.513145,0.83469,1.174978,0.161108,0.008518,0.753509,0.777847
2008/10/26 0:00,0.822707,1.515048,0.834324,1.164551,0.161108,0.008501,0.753608,0.77915
2008/10/27 0:00,0.822707,1.515048,0.834324,1.164551,0.161108,0.008501,0.753608,0.77915
2008/10/28 0:00,0.821085,1.513638,0.835628,1.142707,0.160823,0.00851,0.749887,0.777393
2008/10/29 0:00,0.817929,1.516162,0.827431,1.142387,0.160904,0.008445,0.747387,0.769349
2008/10/30 0:00,0.810373,1.511933,0.809258,1.163284,0.160987,0.008483,0.749395,0.757146
2008/10/31 0:00,0.810143,1.5048,0.808398,1.148501,0.161057,0.008481,0.748509,0.755687
2008/11/1 0:00,0.793493,1.50237,0.806367,1.144335,0.160568,0.00849,0.743992,0.7473
2008/11/2 0:00,0.791954,1.498801,0.804972,1.161744,0.160568,0.008489,0.743619,0.745684
2008/11/3 0:00,0.791954,1.498801,0.804972,1.161744,0.160568,0.008489,0.743619,0.745684
2008/11/4 0:00,0.79255,1.507898,0.805542,1.112223,0.159852,0.008444,0.745101,0.742363
2008/11/5 0:00,0.794281,1.519584,0.806348,1.104649,0.160126,0.008496,0.746712,0.746018
2008/11/6 0:00,0.797416,1.516749,0.803052,1.104362,0.16009,0.008492,0.739905,0.745796
2008/11/7 0:00,0.775645,1.504121,0.791233,1.083365,0.160087,0.008451,0.738558,0.725716
2008/11/8 0:00,0.776066,1.502404,0.786624,1.08616,0.159974,0.008519,0.738681,0.724743
2008/11/9 0:00,0.778483,1.506852,0.785605,1.085835,0.159974,0.008513,0.738334,0.726137
2008/11/10 0:00,0.778483,1.506852,0.785605,1.085835,0.159974,0.008513,0.738334,0.726137
2008/11/11 0:00,0.781494,1.501907,0.794051,1.080666,0.159757,0.008516,0.739503,0.729341
2008/11/12 0:00,0.772887,1.512505,0.802446,1.082474,0.159854,0.008511,0.742357,0.729341
2008/11/13 0:00,0.776669,1.521757,0.79747,1.083113,0.160059,0.008506,0.742352,0.737246
2008/11/14 0:00,0.779423,1.528842,0.804848,1.08114,0.159946,0.008516,0.743301,0.738253
2008/11/15 0:00,0.780671,1.525541,0.798725,1.08121,0.160169,0.008397,0.73993,0.736947
2008/11/16 0:00,0.779636,1.524402,0.798569,1.079447,0.160169,0.008394,0.739027,0.736675
2008/11/17 0:00,0.779636,1.524402,0.798569,1.079447,0.160169,0.008394,0.739027,0.736675
2008/11/18 0:00,0.781616,1.52178,0.803258,1.080573,0.160031,0.008424,0.73846,0.741482
2008/11/19 0:00,0.777817,1.525251,0.798614,1.079057,0.16021,0.00838,0.737673,0.741043
2008/11/20 0:00,0.770654,1.522441,0.790926,1.07826,0.160197,0.008307,0.734681,0.737708
2008/11/21 0:00,0.77691,1.53813,0.802826,1.078976,0.160141,0.00843,0.737659,0.74744
2008/11/22 0:00,0.777091,1.538604,0.803306,1.074258,0.160249,0.008423,0.738653,0.746687
2008/11/23 0:00,0.776699,1.539954,0.803139,1.073019,0.160249,0.008421,0.738552,0.745601
2008/11/24 0:00,0.777212,1.539954,0.803139,1.073019,0.160249,0.008421,0.738552,0.745573
2008/11/25 0:00,0.777212,1.537551,0.801944,1.073595,0.160036,0.008442,0.737314,0.750694
2008/11/26 0:00,0.781372,1.53406,0.806257,1.069319,0.159895,0.008402,0.737104,0.752049
2008/11/27 0:00,0.77818,1.543698,0.803084,1.058481,0.159895,0.00839,0.735354,0.75253
2008/11/28 0:00,0.780975,1.544974,0.801247,1.055989,0.159895,0.008414,0.736323,0.754233
2008/11/29 0:00,0.782503,1.537468,0.798317,1.06094,0.159895,0.008426,0.735619,0.75304
2008/11/30 0:00,0.784468,1.5398,0.797852,1.06553,0.159895,0.008402,0.735091,0.752474
2008/12/1 0:00,0.784468,1.5398,0.797852,1.06553,0.159895,0.008402,0.735091,0.752474
2008/12/2 0:00,0.781317,1.546946,0.79576,1.052964,0.15987,0.008411,0.736079,0.754489
2008/12/3 0:00,0.781067,1.544736,0.793937,1.052261,0.15987,0.008398,0.736008,0.746659
2008/12/4 0:00,0.789297,1.549151,0.804865,1.053463,0.159757,0.008411,0.738482,0.754432
2008/12/5 0:00,0.782258,1.54164,0.800189,1.048405,0.159757,0.00838,0.737371,0.755316
2008/12/6 0:00,0.781097,1.544032,0.799619,1.051193,0.159525,0.008354,0.734533,0.755601
2008/12/7 0:00,0.781555,1.543508,0.799523,1.048163,0.159525,0.008363,0.733975,0.756086
2008/12/8 0:00,0.781555,1.543508,0.799523,1.048163,0.159525,0.008363,0.733975,0.756086
2008/12/9 0:00,0.777635,1.537374,0.797378,1.046457,0.159396,0.008326,0.732539,0.752049
2008/12/10 0:00,0.783976,1.5389,0.802887,1.042535,0.159396,0.008371,0.734125,0.756888
2008/12/11 0:00,0.782014,1.525879,0.80402,1.036264,0.159474,0.008351,0.730986,0.758208
2008/12/12 0:00,0.776609,1.522847,0.801343,1.02757,0.159556,0.008318,0.729171,0.746352
2008/12/13 0:00,0.772171,1.506728,0.793109,1.016209,0.159647,0.008274,0.72531,0.737137
2008/12/14 0:00,0.771635,1.503703,0.792117,1.014456,0.159647,0.008277,0.726077,0.736241
2008/12/15 0:00,0.771635,1.503703,0.792117,1.014456,0.159647,0.008277,0.726077,0.736241
2008/12/16 0:00,0.771426,1.511327,0.794682,1.013859,0.159617,0.008251,0.724984,0.736675
2008/12/17 0:00,0.761644,1.508751,0.790242,1.002461,0.159693,0.008248,0.720433,0.726296
2008/12/18 0:00,0.758409,1.494545,0.783573,0.992324,0.159693,0.008234,0.721079,0.721501
2008/12/19 0:00,0.768374,1.487763,0.78681,0.994683,0.159693,0.008242,0.723733,0.738062
2008/12/20 0:00,0.763679,1.474502,0.782081,0.995461,0.159778,0.008248,0.718768,0.732789
2008/12/21 0:00,0.763913,1.474144,0.78231,0.994382,0.159778,0.008238,0.718053,0.734835
2008/12/22 0:00,0.763913,1.474144,0.78231,0.994382,0.159778,0.008238,0.718053,0.734835
2008/12/23 0:00,0.766078,1.48236,0.783647,0.995421,0.159698,0.008244,0.719784,0.739946
2008/12/24 0:00,0.76147,1.473405,0.783447,0.99454,0.160013,0.008242,0.720103,0.731368
2008/12/25 0:00,0.766195,1.471021,0.783665,1.006421,0.160547,0.008274,0.720064,0.737599
2008/12/26 0:00,0.762515,1.473405,0.784837,1.008491,0.161394,0.008272,0.719994,0.738716
2008/12/27 0:00,0.777756,1.495663,0.795703,1.025773,0.161134,0.008325,0.724045,0.757031
2008/12/28 0:00,0.777454,1.495294,0.796594,1.025957,0.161134,0.008331,0.725247,0.756659
2008/12/29 0:00,0.777454,1.495294,0.796594,1.025957,0.161134,0.008331,0.725247,0.756659
2008/12/30 0:00,0.786318,1.494199,0.798965,1.033426,0.160901,0.00835,0.731957,0.763271
2008/12/31 0:00,0.786813,1.487298,0.799914,1.045058,0.161153,0.008351,0.731553,0.763592
2009/1/1 0:00,0.783914,1.489115,0.797992,1.042123,0.161005,0.008371,0.730327,0.76147
2009/1/2 0:00,0.783177,1.4852,0.801565,1.039182,0.160994,0.008403,0.73018,0.758898
2009/1/3 0:00,0.776036,1.489492,0.79564,1.042579,0.160896,0.008388,0.730679,0.757203
2009/1/4 0:00,0.775194,1.487509,0.792773,1.039231,0.160896,0.008393,0.730183,0.756659
2009/1/5 0:00,0.775194,1.487509,0.792773,1.039231,0.160896,0.008393,0.730183,0.756659
2009/1/6 0:00,0.764614,1.480823,0.787749,1.032434,0.161121,0.008329,0.726934,0.751625
2009/1/7 0:00,0.76176,1.483944,0.788311,1.027501,0.161355,0.008339,0.728218,0.747524
2009/1/8 0:00,0.761702,1.483349,0.794701,1.036216,0.161366,0.008368,0.734409,0.74744
2009/1/9 0:00,0.757232,1.485222,0.795162,1.043313,0.161368,0.008353,0.736974,0.748503
2009/1/10 0:00,0.763942,1.490302,0.80141,1.050895,0.161368,0.008402,0.740774,0.759619
2009/1/11 0:00,0.763009,1.482844,0.800993,1.0502,0.161368,0.008353,0.740472,0.759157
2009/1/12 0:00,0.763009,1.482844,0.800993,1.0502,0.161368,0.008353,0.740472,0.759157
2009/1/13 0:00,0.762602,1.492504,0.80234,1.047066,0.161368,0.008387,0.739426,0.758236
2009/1/14 0:00,0.764994,1.48573,0.800253,1.038168,0.161337,0.00831,0.735505,0.750948
2009/1/15 0:00,0.77009,1.490313,0.798352,1.036823,0.161254,0.00834,0.737762,0.75663
2009/1/16 0:00,0.769497,1.471454,0.794344,1.023222,0.161168,0.008295,0.735781,0.755059
2009/1/17 0:00,0.767666,1.464654,0.794641,1.021049,0.161054,0.008322,0.731307,0.753665
2009/1/18 0:00,0.768285,1.463358,0.795554,1.021315,0.161054,0.008318,0.730906,0.753324
2009/1/19 0:00,0.768285,1.463358,0.795554,1.022025,0.161054,0.008318,0.730906,0.753324
2009/1/20 0:00,0.757892,1.467136,0.793808,1.023594,0.160909,0.008327,0.728239,0.744048
2009/1/21 0:00,0.763301,1.479804,0.800916,1.028965,0.160976,0.00838,0.735743,0.752842
2009/1/22 0:00,0.768935,1.483349,0.812232,1.036645,0.161194,0.00841,0.737833,0.75933
2009/1/23 0:00,0.780975,1.494768,0.822135,1.046841,0.161371,0.008405,0.739672,0.767872
2009/1/24 0:00,0.777333,1.495886,0.816993,1.049434,0.161379,0.00841,0.742639,0.768433
2009/1/25 0:00,0.778331,1.496401,0.81692,1.050332,0.161379,0.008409,0.742978,0.768344
2009/1/26 0:00,0.778331,1.496401,0.81692,1.050332,0.161379,0.008409,0.742978,0.768344
2009/1/27 0:00,0.770844,1.490535,0.817588,1.046479,0.161241,0.008374,0.740999,0.764614
2009/1/28 0:00,0.772111,1.494768,0.81415,1.049334,0.161241,0.008359,0.740338,0.767902
2009/1/29 0:00,0.777514,1.503974,0.817361,1.033437,0.161402,0.008343,0.742727,0.76743
2009/1/30 0:00,0.778513,1.506069,0.823649,1.048037,0.161324,0.008364,0.744269,0.758581
2009/1/31 0:00,0.782258,1.517681,0.821659,1.04734,0.161426,0.008407,0.749934,0.759561
2009/2/1 0:00,0.782197,1.518799,0.820853,1.048328,0.161426,0.008405,0.750582,0.760109
2009/2/2 0:00,0.782197,1.518799,0.820853,1.048328,0.161426,0.008405,0.750582,0.760109
2009/2/3 0:00,0.785639,1.523229,0.825689,1.046627,0.160798,0.008401,0.753069,0.764526
2009/2/4 0:00,0.801603,1.532238,0.831082,1.047982,0.161121,0.008409,0.758271,0.772768
2009/2/5 0:00,0.806322,1.546193,0.835303,1.066951,0.161285,0.008427,0.759474,0.773575
2009/2/6 0:00,0.789609,1.532414,0.826173,1.064985,0.161264,0.008361,0.754168,0.761934
2009/2/7 0:00,0.782871,1.514234,0.822044,1.070819,0.161264,0.008316,0.751781,0.752984
2009/2/8 0:00,0.785145,1.535249,0.822453,1.072386,0.161264,0.008377,0.751608,0.754148
2009/2/9 0:00,0.785145,1.535249,0.822453,1.08659,0.161264,0.008377,0.751608,0.754148
2009/2/10 0:00,0.784652,1.51183,0.82543,1.069891,0.161072,0.008321,0.750621,0.753324
2009/2/11 0:00,0.794913,1.519503,0.829772,1.081034,0.161155,0.008339,0.750993,0.756544
2009/2/12 0:00,0.797385,1.524623,0.830379,1.09162,0.161316,0.008373,0.75423,0.750554
2009/2/13 0:00,0.790389,1.522533,0.822673,1.084987,0.161082,0.008346,0.750368,0.744352
2009/2/14 0:00,0.793116,1.546922,0.828339,1.075899,0.161082,0.008356,0.752842,0.749457
2009/2/15 0:00,0.793399,1.544056,0.827928,1.075153,0.161082,0.008347,0.752734,0.749092
2009/2/16 0:00,0.793399,1.544056,0.827928,1.075153,0.161082,0.008347,0.752734,0.749092
2009/2/17 0:00,0.791296,1.560062,0.827082,1.0711,0.160957,0.008332,0.748497,0.735727
2009/2/18 0:00,0.798499,1.568,0.833653,1.077041,0.161059,0.008339,0.749524,0.73654
2009/2/19 0:00,0.810767,1.574134,0.836999,1.090905,0.161171,0.008396,0.75464,0.747915
2009/2/20 0:00,0.807983,1.576044,0.833792,1.094571,0.161249,0.008391,0.757389,0.749541
2009/2/21 0:00,0.804117,1.575461,0.83149,1.090435,0.161132,0.008378,0.757564,0.748447
2009/2/22 0:00,0.803342,1.572599,0.832362,1.091703,0.161132,0.00838,0.757088,0.74744
2009/2/23 0:00,0.803342,1.572599,0.832362,1.091703,0.161132,0.00838,0.757088,0.74744
2009/2/24 0:00,0.798945,1.56546,0.823215,1.082099,0.161179,0.008338,0.753208,0.737599
2009/2/25 0:00,0.791734,1.550207,0.817367,1.066041,0.161116,0.008285,0.74866,0.734322
2009/2/26 0:00,0.787929,1.553036,0.819642,1.068913,0.161194,0.008249,0.747328,0.7303
2009/2/27 0:00,0.788799,1.567619,0.819548,1.070051,0.161374,0.008262,0.74845,0.732064
2009/2/28 0:00,0.781891,1.547748,0.812051,1.059305,0.161358,0.008227,0.747929,0.730327
2009/3/1 0:00,0.78232,1.548947,0.814399,1.059827,0.161358,0.008226,0.748083,0.731208
2009/3/2 0:00,0.78232,1.548947,0.814399,1.059827,0.161358,0.008226,0.748083,0.731208
2009/3/3 0:00,0.782718,1.54691,0.81211,1.057809,0.161238,0.008231,0.745234,0.731449
2009/3/4 0:00,0.774293,1.539646,0.804855,1.051912,0.161189,0.008133,0.740922,0.723563
2009/3/5 0:00,0.772052,1.533472,0.801439,1.052776,0.161257,0.008076,0.739809,0.722752
2009/3/6 0:00,0.764614,1.531311,0.803426,1.060249,0.161259,0.008081,0.741367,0.716589
2009/3/7 0:00,0.765961,1.52952,0.802761,1.064254,0.161335,0.008063,0.741801,0.710682
2009/3/8 0:00,0.764409,1.529403,0.80289,1.063536,0.161335,0.008055,0.741966,0.710707
2009/3/9 0:00,0.764088,1.529157,0.80289,1.063536,0.161335,0.008055,0.741966,0.71053
2009/3/10 0:00,0.76063,1.5206,0.797474,1.057725,0.161303,0.008013,0.737572,0.709421
2009/3/11 0:00,0.77824,1.535756,0.806985,1.072754,0.161337,0.00807,0.742429,0.718933
2009/3/12 0:00,0.777877,1.53225,0.802407,1.068639,0.161348,0.008038,0.744158,0.714566
2009/3/13 0:00,0.767695,1.537279,0.800541,1.070813,0.161262,0.008037,0.742057,0.711136
2009/3/14 0:00,0.762282,1.52744,0.80234,1.063751,0.161202,0.007963,0.73733,0.704771
2009/3/15 0:00,0.762515,1.526694,0.804072,1.064271,0.161202,0.00796,0.736602,0.704573
2009/3/16 0:00,0.762515,1.526694,0.804072,1.064271,0.161202,0.00796,0.736602,0.704573
2009/3/17 0:00,0.767106,1.53306,0.804787,1.075899,0.161145,0.008009,0.737564,0.71144
2009/3/18 0:00,0.767312,1.537551,0.810599,1.073906,0.161142,0.008037,0.739656,0.713572
2009/3/19 0:00,0.776096,1.55159,0.81412,1.072731,0.16114,0.008152,0.744954,0.72015
2009/3/20 0:00,0.773305,1.549667,0.812239,1.067851,0.161119,0.008089,0.741867,0.699496
2009/3/21 0:00,0.774503,1.555936,0.812196,1.078743,0.161075,0.008104,0.74412,0.699374
2009/3/22 0:00,0.773096,1.555851,0.812097,1.077238,0.161075,0.008105,0.744192,0.698348
2009/3/23 0:00,0.773096,1.555851,0.812097,1.077238,0.161075,0.008105,0.744192,0.698348
2009/3/24 0:00,0.776488,1.558834,0.812552,1.070721,0.161057,0.0081,0.743119,0.700084
2009/3/25 0:00,0.774563,1.563893,0.811682,1.072271,0.161067,0.008105,0.744399,0.698666
2009/3/26 0:00,0.766783,1.57208,0.811458,1.078888,0.161041,0.008051,0.741776,0.691587
2009/3/27 0:00,0.780366,1.586244,0.817037,1.083424,0.161085,0.008132,0.749642,0.692353
2009/3/28 0:00,0.776699,1.588272,0.815428,1.08904,0.161044,0.008157,0.748935,0.689941
2009/3/29 0:00,0.776609,1.58836,0.814959,1.089562,0.161044,0.008152,0.749662,0.691252
2009/3/30 0:00,0.776609,1.58836,0.814959,1.091048,0.161044,0.008152,0.749662,0.691252
2009/3/31 0:00,0.772768,1.581565,0.81151,1.085028,0.161044,0.008105,0.748632,0.686554
2009/4/1 0:00,0.773007,1.57208,0.810396,1.069919,0.161114,0.008076,0.745632,0.684791
2009/4/2 0:00,0.771605,1.570105,0.807582,1.071409,0.161106,0.008077,0.744363,0.689608
2009/4/3 0:00,0.774863,1.574555,0.810222,1.067703,0.161046,0.008094,0.744568,0.691276
2009/4/4 0:00,0.764438,1.572203,0.810895,1.069679,0.161057,0.008072,0.741128,0.683317
2009/4/5 0:00,0.765404,1.57515,0.811761,1.071524,0.161057,0.008073,0.741098,0.684346
2009/4/6 0:00,0.765404,1.57515,0.811761,1.071524,0.161057,0.008073,0.741098,0.684346
2009/4/7 0:00,0.771159,1.575548,0.807852,1.081028,0.161062,0.008166,0.743003,0.687592
2009/4/8 0:00,0.770505,1.573317,0.800596,1.068781,0.161264,0.008172,0.742002,0.677553
2009/4/9 0:00,0.765667,1.560598,0.794218,1.055493,0.161251,0.008119,0.739527,0.675014
2009/4/10 0:00,0.762689,1.560342,0.796308,1.057977,0.161168,0.008121,0.741375,0.672359
2009/4/11 0:00,0.752219,1.5583,0.795735,1.061199,0.161142,0.008146,0.742261,0.669142
2009/4/12 0:00,0.751682,1.55705,0.795437,1.063321,0.161142,0.008142,0.742986,0.669232
2009/4/13 0:00,0.751004,1.55705,0.795437,1.063321,0.161142,0.008142,0.742986,0.669546
2009/4/14 0:00,0.751004,1.561524,0.790604,1.06089,0.161051,0.008167,0.741455,0.669456
2009/4/15 0:00,0.743384,1.543925,0.784572,1.053907,0.161031,0.008167,0.737583,0.665181
2009/4/16 0:00,0.743329,1.534213,0.785268,1.054902,0.161057,0.00828,0.740286,0.672699
2009/4/17 0:00,0.743191,1.534684,0.785426,1.053519,0.161062,0.008242,0.739776,0.671953
2009/4/18 0:00,0.741592,1.548947,0.785642,1.062327,0.161049,0.008142,0.740165,0.669299
2009/4/19 0:00,0.744629,1.551699,0.789868,1.065269,0.161049,0.008146,0.740102,0.671637
2009/4/20 0:00,0.744518,1.552554,0.789868,1.065269,0.161049,0.008146,0.740102,0.67245
2009/4/21 0:00,0.740302,1.549187,0.78416,1.05413,0.161072,0.008105,0.736865,0.669411
2009/4/22 0:00,0.744907,1.562012,0.784464,1.058151,0.161059,0.008109,0.734584,0.670983
2009/4/23 0:00,0.737137,1.564211,0.773066,1.049533,0.161051,0.008078,0.731818,0.659914
2009/4/24 0:00,0.740988,1.560793,0.77241,1.044005,0.161044,0.008057,0.731965,0.652039
2009/4/25 0:00,0.737654,1.560306,0.76955,1.040929,0.161044,0.00806,0.731486,0.652337
2009/4/26 0:00,0.737436,1.560196,0.770719,1.039571,0.161044,0.00806,0.731074,0.652167
2009/4/27 0:00,0.737436,1.560196,0.770719,1.039571,0.161044,0.00806,0.731074,0.652167
2009/4/28 0:00,0.737681,1.55739,0.769506,1.0375,0.161036,0.008048,0.729448,0.657203
2009/4/29 0:00,0.74366,1.556263,0.772061,1.044659,0.161041,0.008077,0.733832,0.664518
2009/4/30 0:00,0.737599,1.55926,0.768049,1.040637,0.161046,0.008062,0.732338,0.65835
2009/5/1 0:00,0.737327,1.551037,0.768412,1.045227,0.161044,0.008079,0.731101,0.664253
2009/5/2 0:00,0.727352,1.551145,0.765131,1.038497,0.161041,0.008084,0.728263,0.656944
2009/5/3 0:00,0.727352,1.551001,0.766507,1.038368,0.161041,0.008077,0.729102,0.657657
2009/5/4 0:00,0.728704,1.551049,0.766507,1.038368,0.161041,0.008077,0.729102,0.657657
2009/5/5 0:00,0.72889,1.556541,0.767548,1.039215,0.161044,0.008118,0.730762,0.661726
2009/5/6 0:00,0.733837,1.561037,0.773829,1.04002,0.161046,0.008093,0.733353,0.669949
2009/5/7 0:00,0.732225,1.562988,0.775705,1.038028,0.161057,0.008077,0.73266,0.670309
2009/5/8 0:00,0.728412,1.558701,0.76861,1.030609,0.161038,0.008045,0.726786,0.659304
2009/5/9 0:00,0.731556,1.563404,0.765433,1.036162,0.161036,0.008072,0.729528,0.660677
2009/5/10 0:00,0.730594,1.562195,0.76398,1.035095,0.161036,0.008069,0.728704,0.659348
2009/5/11 0:00,0.730594,1.562195,0.76398,1.035095,0.161036,0.008069,0.728704,0.659348
2009/5/12 0:00,0.726797,1.558895,0.760835,1.033218,0.161038,0.008071,0.725971,0.659914
2009/5/13 0:00,0.739399,1.558361,0.759379,1.025746,0.161041,0.008054,0.724546,0.655351
2009/5/14 0:00,0.735916,1.561524,0.758702,1.021555,0.161038,0.008015,0.722596,0.651742
2009/5/15 0:00,0.734889,1.55135,0.761797,1.019565,0.161038,0.008017,0.722791,0.6549
2009/5/16 0:00,0.741537,1.548467,0.762352,1.019145,0.161038,0.008054,0.722525,0.661266
2009/5/17 0:00,0.741895,1.549391,0.761354,1.017553,0.161038,0.008049,0.722173,0.662076
2009/5/18 0:00,0.740796,1.549391,0.761354,1.017553,0.161038,0.008049,0.722173,0.662076
2009/5/19 0:00,0.741043,1.559248,0.767471,1.017791,0.161038,0.008028,0.724008,0.661638
2009/5/20 0:00,0.729102,1.557147,0.761641,1.011695,0.158105,0.007991,0.713012,0.653061
2009/5/21 0:00,0.737599,1.562988,0.769853,1.027971,0.156568,0.008057,0.712076,0.662515
2009/5/22 0:00,0.73551,1.560184,0.764532,1.023107,0.156277,0.008039,0.715487,0.656362
2009/5/23 0:00,0.738062,1.564443,0.765026,1.023144,0.15645,0.00805,0.711642,0.654729
2009/5/24 0:00,0.73711,1.564248,0.763545,1.02438,0.15645,0.008045,0.710856,0.654151
2009/5/25 0:00,0.73711,1.564248,0.763545,1.02438,0.15645,0.008045,0.710856,0.654151
2009/5/26 0:00,0.738525,1.5596,0.764935,1.023594,0.15638,0.008041,0.710462,0.65796
2009/5/27 0:00,0.733192,1.565374,0.764968,1.023405,0.156402,0.008039,0.711157,0.657635
2009/5/28 0:00,0.734997,1.568135,0.761913,1.034447,0.156353,0.00807,0.712911,0.659718
2009/5/29 0:00,0.734592,1.567521,0.763857,1.03868,0.156519,0.008094,0.711615,0.66335
2009/5/30 0:00,0.733272,1.570105,0.759824,1.053419,0.156521,0.008188,0.711399,0.668963
2009/5/31 0:00,0.731904,1.569403,0.758285,1.05658,0.156521,0.008194,0.710076,0.668606
2009/6/1 0:00,0.731904,1.569403,0.758285,1.05658,0.156521,0.008194,0.710076,0.668606
2009/6/2 0:00,0.720747,1.575796,0.75685,1.067954,0.156143,0.008394,0.710411,0.653253
2009/6/3 0:00,0.716127,1.5688,0.749552,1.058481,0.155936,0.008356,0.711997,0.650893
2009/6/4 0:00,0.709396,1.547748,0.749763,1.053802,0.155982,0.008358,0.710323,0.642261
2009/6/5 0:00,0.715768,1.540393,0.755715,1.036162,0.156121,0.008259,0.714235,0.645599
2009/6/6 0:00,0.715692,1.539836,0.756144,1.041667,0.156531,0.008247,0.711061,0.645494
2009/6/7 0:00,0.716512,1.539101,0.757355,1.038961,0.156531,0.008216,0.709816,0.64635
2009/6/8 0:00,0.716512,1.539101,0.757355,1.038961,0.156531,0.008216,0.709816,0.64635
2009/6/9 0:00,0.71182,1.534743,0.758093,1.035438,0.156828,0.008254,0.708572,0.635445
2009/6/10 0:00,0.704151,1.530702,0.758676,1.040583,0.157122,0.008352,0.708097,0.634296
2009/6/11 0:00,0.70368,1.53191,0.753659,1.03163,0.157334,0.008326,0.706599,0.635001
2009/6/12 0:00,0.701311,1.52645,0.757369,1.027063,0.157334,0.00834,0.705403,0.639304
2009/6/13 0:00,0.692185,1.519099,0.755316,1.027723,0.157334,0.008413,0.702168,0.629287
2009/6/14 0:00,0.691085,1.516898,0.753125,1.027961,0.157334,0.008402,0.702006,0.627943
2009/6/15 0:00,0.691085,1.516898,0.753125,1.027961,0.157334,0.008402,0.702006,0.627943
2009/6/16 0:00,0.692881,1.528666,0.75149,1.025152,0.157087,0.008379,0.700349,0.625645
2009/6/17 0:00,0.702593,1.537622,0.757538,1.019747,0.157055,0.008338,0.70501,0.633955
2009/6/18 0:00,0.702099,1.536098,0.756095,1.024433,0.156794,0.008268,0.706314,0.64
2009/6/19 0:00,0.708617,1.545523,0.757263,1.02976,0.156809,0.008288,0.707789,0.630656
2009/6/20 0:00,0.707514,1.542639,0.75373,1.030556,0.156863,0.008297,0.707584,0.631512
2009/6/21 0:00,0.709019,1.542948,0.754068,1.031646,0.156863,0.008294,0.707714,0.631752
2009/6/22 0:00,0.712758,1.542948,0.754068,1.031646,0.156863,0.008294,0.707714,0.631752
2009/6/23 0:00,0.713852,1.542246,0.753829,1.032258,0.157038,0.008327,0.710896,0.633052
2009/6/24 0:00,0.712454,1.534649,0.754119,1.024643,0.156986,0.008301,0.713012,0.633032
2009/6/25 0:00,0.719011,1.549295,0.758524,1.032397,0.156964,0.008295,0.716178,0.635344
2009/6/26 0:00,0.716794,1.553398,0.758208,1.031726,0.157085,0.008274,0.715774,0.633874
2009/6/27 0:00,0.722752,1.556965,0.760488,1.03778,0.157126,0.008346,0.715415,0.641746
2009/6/28 0:00,0.723746,1.553253,0.756029,1.032525,0.157126,0.008334,0.714549,0.640061
2009/6/29 0:00,0.718701,1.553253,0.756029,1.032525,0.157126,0.008334,0.714549,0.639754
2009/6/30 0:00,0.713063,1.550207,0.754649,1.03146,0.157008,0.008301,0.708911,0.631453
2009/7/1 0:00,0.708567,1.536842,0.753438,1.026552,0.156838,0.008335,0.705699,0.629545
2009/7/2 0:00,0.701164,1.525437,0.750272,1.02296,0.156649,0.00832,0.701533,0.625156
2009/7/3 0:00,0.701459,1.524472,0.749709,1.025378,0.156659,0.008354,0.702543,0.634659
2009/7/4 0:00,0.701902,1.51676,0.750466,1.020408,0.156885,0.008272,0.701461,0.637308
2009/7/5 0:00,0.702741,1.518211,0.750112,1.021242,0.156885,0.008292,0.701582,0.638325
2009/7/6 0:00,0.702741,1.518211,0.750112,1.021242,0.156885,0.008292,0.701582,0.638325
2009/7/7 0:00,0.698934,1.517048,0.748024,1.026647,0.157015,0.008347,0.699837,0.633633
2009/7/8 0:00,0.699741,1.51607,0.744543,1.028807,0.157144,0.008344,0.700199,0.635364
2009/7/9 0:00,0.701213,1.513546,0.748083,1.025504,0.157304,0.008338,0.702395,0.639509
2009/7/10 0:00,0.702395,1.513546,0.753491,1.023908,0.157329,0.00835,0.699218,0.639795
2009/7/11 0:00,0.702691,1.519099,0.757401,1.028854,0.157329,0.008344,0.697569,0.642653
2009/7/12 0:00,0.706664,1.517796,0.760193,1.029548,0.157329,0.00834,0.697958,0.644517
2009/7/13 0:00,0.706664,1.517796,0.760193,1.029548,0.157329,0.00834,0.697958,0.644517
2009/7/14 0:00,0.708215,1.514234,0.763234,1.024685,0.157329,0.0083,0.703413,0.649393
2009/7/15 0:00,0.714975,1.523252,0.766568,1.032844,0.157329,0.008318,0.703524,0.653531
2009/7/16 0:00,0.720929,1.531745,0.76683,1.027163,0.157329,0.008337,0.709165,0.661835
2009/7/17 0:00,0.723066,1.532567,0.767816,1.034158,0.157394,0.008341,0.709371,0.66368
2009/7/18 0:00,0.733057,1.532849,0.773647,1.041857,0.157597,0.008315,0.716391,0.670399
2009/7/19 0:00,0.733595,1.530843,0.772487,1.039771,0.157597,0.008315,0.717072,0.669232
2009/7/20 0:00,0.733595,1.530843,0.772487,1.039771,0.157597,0.008315,0.717072,0.669232
2009/7/21 0:00,0.7373,1.536216,0.771563,1.040431,0.158153,0.008339,0.715436,0.673446
2009/7/22 0:00,0.727934,1.524193,0.769515,1.043656,0.157672,0.008347,0.713725,0.66865
2009/7/23 0:00,0.726586,1.544449,0.77104,1.050751,0.157537,0.008389,0.723,0.676613
2009/7/24 0:00,0.733487,1.550388,0.777345,1.052964,0.157575,0.00845,0.725961,0.687002
2009/7/25 0:00,0.727114,1.545058,0.773754,1.05148,0.157416,0.008372,0.72275,0.680156
2009/7/26 0:00,0.726296,1.543555,0.774042,1.048218,0.157416,0.008371,0.722413,0.680944
2009/7/27 0:00,0.726296,1.543555,0.774042,1.048218,0.157416,0.008371,0.722413,0.680944
2009/7/28 0:00,0.726111,1.547353,0.769408,1.045642,0.15723,0.00837,0.720648,0.680064
2009/7/29 0:00,0.726507,1.546001,0.771001,1.046737,0.15752,0.008346,0.7193,0.675858
2009/7/30 0:00,0.722517,1.543925,0.762675,1.04455,0.157498,0.008333,0.71746,0.673151
2009/7/31 0:00,0.721996,1.537953,0.763388,1.028965,0.157282,0.008286,0.717255,0.678058
2009/8/1 0:00,0.722074,1.534213,0.75944,1.022599,0.157503,0.00825,0.715789,0.674787
2009/8/2 0:00,0.721839,1.531394,0.759538,1.021889,0.157503,0.008233,0.715359,0.675151
2009/8/3 0:00,0.721501,1.531452,0.759538,1.021889,0.157503,0.008233,0.715359,0.675333
2009/8/4 0:00,0.725953,1.535709,0.761702,1.018392,0.157401,0.008266,0.718871,0.679117
2009/8/5 0:00,0.721163,1.530948,0.754404,1.013223,0.157401,0.008307,0.716332,0.678702
2009/8/6 0:00,0.714286,1.532555,0.761589,1.015538,0.15725,0.008296,0.718288,0.671795
2009/8/7 0:00,0.707564,1.529988,0.759091,1.008217,0.157314,0.008253,0.712058,0.668047
2009/8/8 0:00,0.713954,1.544879,0.764848,1.013716,0.158275,0.008284,0.713671,0.676201
2009/8/9 0:00,0.71375,1.542603,0.765052,1.012248,0.158275,0.00829,0.713521,0.677438
2009/8/10 0:00,0.71375,1.542603,0.765052,1.012248,0.158275,0.00829,0.713521,0.677438
2009/8/11 0:00,0.714031,1.542972,0.763796,1.015321,0.157793,0.008285,0.713526,0.67465
2009/8/12 0:00,0.717051,1.539883,0.762864,1.008522,0.157826,0.008249,0.71449,0.667401
2009/8/13 0:00,0.714158,1.53657,0.75963,1.00593,0.157831,0.008225,0.712421,0.657787
2009/8/14 0:00,0.714796,1.523693,0.759642,1.00394,0.157575,0.008218,0.710755,0.662647
2009/8/15 0:00,0.70326,1.506648,0.751484,0.994481,0.157403,0.008117,0.704166,0.65136
2009/8/16 0:00,0.704498,1.504948,0.751654,0.994135,0.157403,0.00812,0.704104,0.652443
2009/8/17 0:00,0.704498,1.504948,0.751654,0.994135,0.157403,0.00812,0.704104,0.652443
2009/8/18 0:00,0.705144,1.512402,0.753367,0.998712,0.157178,0.008128,0.703334,0.653787
2009/8/19 0:00,0.702938,1.510951,0.753886,0.992635,0.157188,0.008114,0.703059,0.652891
2009/8/20 0:00,0.70594,1.520797,0.753551,0.996115,0.157048,0.008135,0.70402,0.65606
2009/8/21 0:00,0.711541,1.520994,0.751247,0.998752,0.157003,0.00814,0.704622,0.653659
2009/8/22 0:00,0.71144,1.521375,0.749783,0.991719,0.156892,0.00814,0.702144,0.652699
2009/8/23 0:00,0.713216,1.52345,0.7505,0.994085,0.156892,0.008154,0.70222,0.654643
2009/8/24 0:00,0.713216,1.52345,0.7505,0.994085,0.156892,0.008154,0.70222,0.654643
2009/8/25 0:00,0.708767,1.519526,0.748637,0.992,0.156956,0.008122,0.703069,0.648887
2009/8/26 0:00,0.711845,1.521607,0.750751,0.984426,0.156774,0.008099,0.702889,0.646057
2009/8/27 0:00,0.707714,1.519757,0.74912,0.980037,0.15662,0.008094,0.702282,0.643646
2009/8/28 0:00,0.720565,1.531628,0.753395,0.98595,0.156666,0.008147,0.707631,0.65796
2009/8/29 0:00,0.723432,1.520207,0.750075,0.982053,0.156617,0.008143,0.707709,0.655996
2009/8/30 0:00,0.723772,1.519203,0.749055,0.981894,0.156617,0.008144,0.707967,0.656319
2009/8/31 0:00,0.723772,1.519203,0.749055,0.981894,0.156617,0.008144,0.707967,0.656319
2009/9/1 0:00,0.718597,1.512402,0.747963,0.97995,0.156512,0.00813,0.704804,0.65119
2009/9/2 0:00,0.724034,1.505571,0.750413,0.984107,0.156499,0.008166,0.70807,0.653232
2009/9/3 0:00,0.724664,1.510802,0.752095,0.977986,0.156514,0.00815,0.712119,0.657052
2009/9/4 0:00,0.722961,1.512104,0.751936,0.975991,0.156504,0.008156,0.710376,0.657397
2009/9/5 0:00,0.719011,1.504212,0.748167,0.970261,0.156372,0.00814,0.707414,0.653296
2009/9/6 0:00,0.719502,1.503748,0.747664,0.970921,0.156372,0.00814,0.707169,0.653445
2009/9/7 0:00,0.719502,1.503748,0.747664,0.970921,0.156372,0.00814,0.707169,0.653445
2009/9/8 0:00,0.723563,1.504902,0.750356,0.973179,0.156294,0.008116,0.709358,0.657592
2009/9/9 0:00,0.732198,1.506932,0.748315,0.971062,0.156279,0.008138,0.710578,0.667646
2009/9/10 0:00,0.731101,1.493607,0.74871,0.973757,0.156279,0.008098,0.70813,0.66335
2009/9/11 0:00,0.731101,1.510118,0.747423,1.000555,0.156311,0.008127,0.715154,0.663416
2009/9/12 0:00,0.734808,1.510574,0.748119,1.001532,0.156223,0.008126,0.71635,0.675402
2009/9/13 0:00,0.734403,1.511156,0.748419,1.003764,0.156223,0.008119,0.715231,0.674559
2009/9/14 0:00,0.734403,1.511156,0.748419,1.003764,0.156223,0.008119,0.715231,0.674559
2009/9/15 0:00,0.726691,1.507613,0.740094,0.99785,0.15605,0.00811,0.711794,0.664651
2009/9/16 0:00,0.720903,1.500499,0.735478,1.00595,0.155831,0.008133,0.709615,0.66368
2009/9/17 0:00,0.720955,1.51699,0.73537,1.014091,0.155569,0.008211,0.711974,0.662537
2009/9/18 0:00,0.730407,1.51676,0.735727,1.011675,0.155333,0.008234,0.713638,0.676521
2009/9/19 0:00,0.721553,1.521375,0.7303,1.015847,0.154911,0.008261,0.708541,0.672382
2009/9/20 0:00,0.718856,1.521757,0.726911,1.016984,0.154911,0.008274,0.707489,0.671862
2009/9/21 0:00,0.718856,1.521757,0.726911,1.016984,0.154911,0.008274,0.707489,0.671862
2009/9/22 0:00,0.724638,1.513317,0.727596,1.019784,0.154823,0.008302,0.710227,0.677094
2009/9/23 0:00,0.717412,1.504698,0.728343,1.008654,0.154775,0.008223,0.709706,0.6749
2009/9/24 0:00,0.720513,1.501389,0.723893,1.015332,0.154481,0.008209,0.709403,0.677048
2009/9/25 0:00,0.710581,1.487431,0.715937,1.000951,0.154233,0.008147,0.703485,0.669411
2009/9/26 0:00,0.719865,1.490802,0.721428,1.005895,0.154285,0.008244,0.70807,0.675105
2009/9/27 0:00,0.717283,1.489225,0.716509,1.008014,0.154285,0.008254,0.707689,0.672721
2009/9/28 0:00,0.717283,1.489225,0.716509,1.008014,0.154285,0.008254,0.707689,0.672721
2009/9/29 0:00,0.717077,1.488982,0.714896,1.009591,0.154302,0.008268,0.710399,0.676956
2009/9/30 0:00,0.722961,1.481043,0.717793,1.012915,0.15435,0.00827,0.712365,0.680944
2009/10/1 0:00,0.72197,1.486768,0.720606,1.006897,0.154373,0.008268,0.710919,0.678656
2009/10/2 0:00,0.727088,1.494322,0.723215,1.013223,0.154385,0.008314,0.711896,0.684065
2009/10/3 0:00,0.727061,1.491157,0.723,1.013813,0.154385,0.00831,0.710381,0.682827
2009/10/4 0:00,0.7282,1.491647,0.724375,1.014101,0.154385,0.008303,0.710381,0.684065
2009/10/5 0:00,0.7282,1.491647,0.724375,1.014101,0.154385,0.008303,0.710381,0.684065
2009/10/6 0:00,0.726111,1.488317,0.720189,1.012417,0.154114,0.008312,0.710182,0.685096
2009/10/7 0:00,0.729235,1.480166,0.721917,1.007765,0.154207,0.008303,0.707772,0.687238
2009/10/8 0:00,0.728412,1.483459,0.720106,1.01126,0.154055,0.008294,0.706317,0.683644
2009/10/9 0:00,0.728306,1.473839,0.721709,0.998707,0.153995,0.008316,0.704493,0.684018
2009/10/10 0:00,0.728491,1.474448,0.721813,0.999001,0.153995,0.008315,0.704493,0.68465
2009/10/11 0:00,0.728491,1.474448,0.721813,0.999001,0.153995,0.008315,0.704493,0.684252
2009/10/12 0:00,0.728491,1.474448,0.721813,0.999001,0.153995,0.008315,0.704493,0.684252
2009/10/13 0:00,0.716281,1.468321,0.716145,0.995124,0.153013,0.00838,0.700827,0.673197
2009/10/14 0:00,0.714847,1.466706,0.714921,0.990251,0.153315,0.008404,0.700329,0.66986
2009/10/15 0:00,0.706964,1.462202,0.710043,0.991616,0.152516,0.008433,0.69633,0.663812
2009/10/16 0:00,0.702001,1.457513,0.71097,0.997705,0.151678,0.008472,0.698592,0.665048
2009/10/17 0:00,0.697301,1.451379,0.706989,1.003794,0.151596,0.008494,0.69346,0.65563
2009/10/18 0:00,0.695241,1.452064,0.705604,1.005177,0.151596,0.008529,0.693142,0.654322
2009/10/19 0:00,0.695241,1.452064,0.705604,1.005177,0.151596,0.008529,0.693142,0.654322
2009/10/20 0:00,0.698617,1.454757,0.703665,1.000996,0.152219,0.008514,0.696976,0.6546
2009/10/21 0:00,0.69735,1.439201,0.699611,0.996458,0.152149,0.008488,0.695287,0.651742
2009/10/22 0:00,0.699692,1.446299,0.700363,0.992856,0.152082,0.008464,0.69763,0.656146
2009/10/23 0:00,0.69701,1.439885,0.695096,0.992319,0.15174,0.008473,0.695434,0.646392
2009/10/24 0:00,0.687096,1.429797,0.688919,1.001252,0.151863,0.008557,0.694203,0.643211
2009/10/25 0:00,0.687498,1.425588,0.687959,0.998642,0.151863,0.008547,0.694601,0.64658
2009/10/26 0:00,0.687498,1.425588,0.687959,0.998642,0.151863,0.008547,0.694601,0.64658
2009/10/27 0:00,0.687002,1.427144,0.68861,0.994347,0.152001,0.00852,0.69469,0.644247
2009/10/28 0:00,0.692689,1.416631,0.688852,0.996557,0.152008,0.008497,0.696328,0.648803
2009/10/29 0:00,0.685895,1.416631,0.68526,0.997138,0.152013,0.008595,0.695016,0.639039
2009/10/30 0:00,0.699154,1.41844,0.701277,0.987947,0.151976,0.0085,0.696597,0.649625
2009/10/31 0:00,0.700992,1.430615,0.706285,0.985202,0.151996,0.00845,0.70031,0.647941
2009/11/1 0:00,0.702494,1.426544,0.707872,0.984199,0.151996,0.008419,0.699347,0.649266
2009/11/2 0:00,0.702494,1.426544,0.707872,0.984199,0.151996,0.008419,0.699347,0.649266
2009/11/3 0:00,0.697156,1.424806,0.701828,0.984688,0.15199,0.008432,0.700101,0.647249
2009/11/4 0:00,0.70055,1.433897,0.710959,0.981066,0.151918,0.008439,0.70124,0.649393
2009/11/5 0:00,0.707539,1.427348,0.712545,0.983168,0.152027,0.008413,0.700138,0.652933
2009/11/6 0:00,0.708316,1.43575,0.709892,0.986826,0.152087,0.008433,0.700864,0.646998
2009/11/7 0:00,0.706714,1.417635,0.709348,0.977608,0.152066,0.00826,0.702092,0.6466
2009/11/8 0:00,0.708416,1.424501,0.715802,0.977522,0.152066,0.008256,0.702235,0.648424
2009/11/9 0:00,0.708416,1.424501,0.715802,0.977522,0.152066,0.008256,0.702235,0.648424
2009/11/10 0:00,0.70824,1.436101,0.714133,0.979965,0.152013,0.008258,0.702319,0.651232
2009/11/11 0:00,0.705617,1.439346,0.712352,0.98174,0.15198,0.00831,0.700749,0.649161
2009/11/12 0:00,0.713267,1.457853,0.722282,0.992654,0.152045,0.008476,0.703151,0.665624
2009/11/13 0:00,0.722256,1.457938,0.729448,1.007125,0.152328,0.008561,0.716589,0.673106
2009/11/14 0:00,0.708567,1.446288,0.72097,1.006203,0.152117,0.008545,0.710886,0.662361
2009/11/15 0:00,0.707214,1.450148,0.718639,1.009184,0.152117,0.008555,0.710273,0.662954
2009/11/16 0:00,0.707214,1.450148,0.718639,1.009184,0.152117,0.008555,0.710273,0.662954
2009/11/17 0:00,0.709522,1.441203,0.717417,1.012299,0.152117,0.008659,0.711936,0.663504
2009/11/18 0:00,0.708215,1.450747,0.724344,1.029628,0.152117,0.008696,0.716127,0.666045
2009/11/19 0:00,0.707814,1.447387,0.71564,1.023568,0.152117,0.008766,0.7168,0.664386
2009/11/20 0:00,0.709019,1.4454,0.717026,1.030822,0.152117,0.008959,0.719994,0.668248
2009/11/21 0:00,0.709925,1.446132,0.72294,1.023667,0.152117,0.008849,0.71614,0.662888
2009/11/22 0:00,0.710631,1.450705,0.722204,1.023489,0.152117,0.008832,0.715392,0.662669
2009/11/23 0:00,0.710328,1.450705,0.722204,1.023489,0.152117,0.008832,0.715392,0.662669
2009/11/24 0:00,0.714235,1.444252,0.72338,1.012402,0.153936,0.00873,0.713809,0.665447
2009/11/25 0:00,0.70995,1.429184,0.721061,1.011225,0.153447,0.008785,0.711506,0.656534
2009/11/26 0:00,0.716949,1.431844,0.730388,1.007521,0.153179,0.008754,0.711389,0.662888
2009/11/27 0:00,0.713827,1.432203,0.727738,1.005788,0.153402,0.008806,0.71203,0.661704
2009/11/28 0:00,0.712251,1.433692,0.725021,1.010152,0.153318,0.008885,0.71141,0.661354
2009/11/29 0:00,0.715103,1.440652,0.726361,1.01005,0.153318,0.008884,0.711592,0.662954
2009/11/30 0:00,0.715103,1.440652,0.726361,1.01005,0.153318,0.008884,0.711592,0.662954
2009/12/1 0:00,0.724165,1.414627,0.730506,1.001151,0.153332,0.008845,0.714648,0.672156
2009/12/2 0:00,0.720877,1.405383,0.725168,1.0081,0.153207,0.008917,0.710126,0.666333
2009/12/3 0:00,0.717901,1.394797,0.726538,1.013187,0.153099,0.008981,0.711035,0.663196
2009/12/4 0:00,0.719891,1.3947,0.735294,1.011291,0.153057,0.008882,0.71272,0.669411
2009/12/5 0:00,0.713216,1.386578,0.737964,1.003543,0.152896,0.008785,0.710182,0.66368
2009/12/6 0:00,0.712149,1.387203,0.739982,1.00314,0.152896,0.008773,0.710101,0.662954
2009/12/7 0:00,0.712149,1.387203,0.739982,1.00314,0.152896,0.008773,0.710101,0.662954
2009/12/8 0:00,0.714796,1.392157,0.738989,1.003251,0.152579,0.008851,0.711283,0.6595
2009/12/9 0:00,0.717257,1.393922,0.745851,1.00045,0.152623,0.008782,0.713297,0.661967
2009/12/10 0:00,0.726903,1.405057,0.742914,1.001492,0.152648,0.008784,0.71438,0.664253
2009/12/11 0:00,0.73616,1.41616,0.746274,1.008776,0.153104,0.008813,0.719644,0.674445
2009/12/12 0:00,0.742942,1.423589,0.749738,1.008832,0.153688,0.008788,0.727643,0.680342
2009/12/13 0:00,0.743771,1.423396,0.751092,1.00713,0.153655,0.008788,0.727397,0.682035
2009/12/14 0:00,0.743771,1.423396,0.751092,1.00713,0.153655,0.008788,0.727397,0.682035
2009/12/15 0:00,0.746491,1.423548,0.752021,1.002074,0.15345,0.008799,0.725005,0.679856
2009/12/16 0:00,0.744158,1.420697,0.746408,1.006391,0.153735,0.008885,0.7227,0.67595
2009/12/17 0:00,0.752021,1.422677,0.754606,1.004319,0.153539,0.008853,0.725163,0.67974
2009/12/18 0:00,0.744158,1.430001,0.747161,1.013721,0.153643,0.00884,0.723249,0.666045
2009/12/19 0:00,0.757662,1.44321,0.757857,1.019108,0.153957,0.008798,0.729198,0.676659
2009/12/20 0:00,0.758035,1.438445,0.756578,1.017294,0.153957,0.008786,0.728194,0.674491
2009/12/21 0:00,0.758035,1.438445,0.756578,1.017294,0.153957,0.008786,0.728194,0.674491
2009/12/22 0:00,0.751061,1.432049,0.752842,1.01388,0.153846,0.008804,0.726335,0.668025
2009/12/23 0:00,0.745295,1.415028,0.747887,1.01292,0.153504,0.008853,0.723851,0.659304
2009/12/24 0:00,0.743246,1.409245,0.748433,1.010356,0.153327,0.008796,0.722721,0.659391
2009/12/25 0:00,0.764088,1.448551,0.769394,1.03576,0.15444,0.009008,0.740922,0.684838
2009/12/26 0:00,0.761064,1.448121,0.769405,1.032258,0.154521,0.008967,0.737218,0.680342
2009/12/27 0:00,0.760398,1.448153,0.76892,1.031683,0.154521,0.008963,0.735781,0.679648
2009/12/28 0:00,0.760398,1.448153,0.76892,1.031683,0.154521,0.008963,0.735781,0.679648
2009/12/29 0:00,0.758323,1.437401,0.764921,1.03114,0.154212,0.008952,0.735202,0.67506
2009/12/30 0:00,0.761789,1.421,0.765838,1.028463,0.154081,0.008925,0.734311,0.674514
2009/12/31 0:00,0.753381,1.409245,0.757688,1.024223,0.153697,0.008873,0.731261,0.66986
2010/1/1 0:00,0.751908,1.414827,0.754148,1.024874,0.153499,0.008874,0.730148,0.669591
2010/1/2 0:00,0.751287,1.412659,0.753838,1.022945,0.153499,0.008838,0.729203,0.668405
2010/1/3 0:00,0.750835,1.415458,0.75358,1.02239,0.153499,0.008843,0.728674,0.668695
2010/1/4 0:00,0.750835,1.415458,0.75358,1.02239,0.153499,0.008843,0.728674,0.668695
2010/1/5 0:00,0.754006,1.4237,0.758492,1.026589,0.154089,0.00882,0.729695,0.671885
2010/1/6 0:00,0.761296,1.436678,0.76328,1.031475,0.153727,0.008856,0.736901,0.684556
2010/1/7 0:00,0.766372,1.438849,0.77044,1.037404,0.154677,0.008888,0.740247,0.691085
2010/1/8 0:00,0.767489,1.439263,0.77098,1.043368,0.155063,0.00889,0.742572,0.692113
2010/1/9 0:00,0.768079,1.422273,0.767654,1.044147,0.154354,0.00895,0.741743,0.690179
2010/1/10 0:00,0.767843,1.4229,0.768504,1.044277,0.154354,0.00896,0.740316,0.690417
2010/1/11 0:00,0.767077,1.422647,0.768504,1.044277,0.154354,0.008956,0.740316,0.69025
2010/1/12 0:00,0.762166,1.428571,0.767098,1.043188,0.154354,0.008998,0.740132,0.684627
2010/1/13 0:00,0.752078,1.414827,0.75863,1.045369,0.154385,0.009071,0.736855,0.67891
2010/1/14 0:00,0.759878,1.413428,0.763895,1.046627,0.1543,0.009118,0.742115,0.682198
2010/1/15 0:00,0.750779,1.405877,0.759714,1.045478,0.154727,0.009236,0.739388,0.677209
2010/1/16 0:00,0.755059,1.411632,0.768941,1.048889,0.15466,0.009223,0.741526,0.680897
2010/1/17 0:00,0.755715,1.412659,0.769776,1.048696,0.15466,0.009255,0.741485,0.680851
2010/1/18 0:00,0.755715,1.412659,0.769776,1.048696,0.15466,0.009255,0.741485,0.680851
2010/1/19 0:00,0.760023,1.423356,0.774156,1.047982,0.154811,0.009257,0.744114,0.686059
2010/1/20 0:00,0.766812,1.425344,0.782748,1.045648,0.154665,0.009202,0.743025,0.69056
2010/1/21 0:00,0.764848,1.420596,0.780628,1.034501,0.154359,0.009148,0.739519,0.691611
2010/1/22 0:00,0.770594,1.41623,0.779256,1.034784,0.154259,0.009161,0.733848,0.687002
2010/1/23 0:00,0.771873,1.421201,0.778474,1.034046,0.154426,0.009198,0.736757,0.691491
2010/1/24 0:00,0.771337,1.420202,0.779879,1.033037,0.154426,0.009195,0.736578,0.69197
2010/1/25 0:00,0.771337,1.420202,0.779879,1.033037,0.154426,0.009195,0.736578,0.69197
2010/1/26 0:00,0.774863,1.4285,0.780573,1.037673,0.154435,0.009189,0.739765,0.694686
2010/1/27 0:00,0.781097,1.439367,0.789974,1.0419,0.154844,0.009169,0.748374,0.703878
2010/1/28 0:00,0.781494,1.437815,0.792242,1.030434,0.15454,0.00911,0.744352,0.698812
2010/1/29 0:00,0.774084,1.433045,0.785376,1.027364,0.154276,0.00913,0.741065,0.690989
2010/1/30 0:00,0.770564,1.439678,0.788271,1.021659,0.153822,0.008951,0.738299,0.684767
2010/1/31 0:00,0.771129,1.4406,0.789456,1.021805,0.153822,0.008945,0.738514,0.685307
2010/2/1 0:00,0.771129,1.4406,0.789456,1.021805,0.153822,0.008945,0.738514,0.685307
2010/2/2 0:00,0.771647,1.449748,0.789017,1.025851,0.154012,0.008993,0.739555,0.684744
2010/2/3 0:00,0.774383,1.458396,0.792629,1.026973,0.154,0.008977,0.739284,0.68861
2010/2/4 0:00,0.75985,1.455699,0.791728,1.030641,0.153965,0.008982,0.740826,0.685495
2010/2/5 0:00,0.764672,1.461646,0.798308,1.034768,0.154419,0.009256,0.743273,0.697934
2010/2/6 0:00,0.759446,1.459801,0.795339,1.041775,0.154462,0.009373,0.7423,0.697107
2010/2/7 0:00,0.760485,1.46155,0.796632,1.042275,0.154462,0.009402,0.743901,0.697739
2010/2/8 0:00,0.760485,1.46155,0.796632,1.042275,0.154462,0.009402,0.743901,0.697739
2010/2/9 0:00,0.766313,1.467998,0.798062,1.047834,0.154462,0.009389,0.745443,0.701705
2010/2/10 0:00,0.750244,1.456876,0.788668,1.050525,0.15404,0.009416,0.740881,0.693433
2010/2/11 0:00,0.745684,1.449485,0.776913,1.045041,0.153969,0.009337,0.73645,0.686908
2010/2/12 0:00,0.746408,1.447597,0.777626,1.032482,0.153763,0.009325,0.735713,0.68835
2010/2/13 0:00,0.736187,1.443501,0.773225,1.030344,0.153841,0.009359,0.734646,0.684346
2010/2/14 0:00,0.73673,1.442991,0.774671,1.028188,0.153841,0.009336,0.734422,0.683878
2010/2/15 0:00,0.73673,1.442991,0.774671,1.028188,0.153841,0.009336,0.734422,0.683878
2010/2/16 0:00,0.731154,1.439253,0.768882,1.029601,0.153447,0.009224,0.729703,0.676888
2010/2/17 0:00,0.735159,1.443408,0.773455,1.02511,0.153414,0.009146,0.730223,0.675083
2010/2/18 0:00,0.73929,1.446236,0.779189,1.02994,0.154036,0.009221,0.732595,0.683924
2010/2/19 0:00,0.732064,1.444356,0.778847,1.030992,0.15345,0.009177,0.728422,0.681199
2010/2/20 0:00,0.727511,1.436905,0.772944,1.025094,0.153092,0.009204,0.729004,0.678196
2010/2/21 0:00,0.730007,1.435925,0.772851,1.025131,0.153092,0.009204,0.728725,0.676842
2010/2/22 0:00,0.730007,1.435925,0.772851,1.025131,0.153092,0.009204,0.728725,0.676842
2010/2/23 0:00,0.728863,1.439802,0.775047,1.022809,0.153346,0.009172,0.730426,0.679509
2010/2/24 0:00,0.733756,1.446602,0.775434,1.022443,0.153348,0.009167,0.73042,0.682012
2010/2/25 0:00,0.729661,1.462887,0.774773,1.018984,0.152933,0.009121,0.726678,0.679833
2010/2/26 0:00,0.722308,1.463143,0.763983,1.010101,0.152742,0.009101,0.724635,0.674946
2010/2/27 0:00,0.722596,1.45218,0.762114,1.010152,0.152749,0.009073,0.723717,0.676842
2010/2/28 0:00,0.722517,1.450032,0.762454,1.009856,0.152749,0.009082,0.723783,0.676498
2010/3/1 0:00,0.723406,1.456452,0.762454,1.009856,0.152749,0.00907,0.723783,0.676247
2010/3/2 0:00,0.722204,1.448845,0.761774,1.010918,0.152539,0.009163,0.72584,0.676842
2010/3/3 0:00,0.71736,1.461732,0.760265,1.007425,0.152504,0.009088,0.723476,0.673197
2010/3/4 0:00,0.719632,1.470415,0.764965,1.008985,0.152576,0.009074,0.725189,0.676064
2010/3/5 0:00,0.721605,1.465438,0.769882,1.010285,0.152509,0.009112,0.727691,0.67365
2010/3/6 0:00,0.718649,1.462758,0.767519,1.007389,0.152362,0.009086,0.725718,0.670488
2010/3/7 0:00,0.719399,1.461913,0.76753,1.005394,0.152362,0.009072,0.724719,0.669411
2010/3/8 0:00,0.718494,1.462544,0.76753,1.005834,0.152362,0.009072,0.724719,0.669546
2010/3/9 0:00,0.718597,1.463486,0.765902,1.00777,0.1519,0.008999,0.723924,0.669905
2010/3/10 0:00,0.723301,1.449433,0.763213,1.00634,0.151909,0.00903,0.726187,0.676384
2010/3/11 0:00,0.725242,1.441774,0.764596,1.011736,0.152089,0.009128,0.725977,0.681849
2010/3/12 0:00,0.722596,1.443428,0.763586,1.010239,0.151872,0.009195,0.7275,0.681129
2010/3/13 0:00,0.734997,1.452992,0.772556,1.023788,0.152328,0.009379,0.736144,0.693914
2010/3/14 0:00,0.7259,1.451547,0.772863,1.024858,0.152328,0.009385,0.73714,0.695628
2010/3/15 0:00,0.7259,1.451547,0.772863,1.024858,0.152328,0.009385,0.73714,0.695628
2010/3/16 0:00,0.736648,1.444836,0.779059,1.029935,0.152351,0.009322,0.73724,0.693241
2010/3/17 0:00,0.744796,1.454948,0.782197,1.035411,0.152172,0.009316,0.739358,0.696961
2010/3/18 0:00,0.746798,1.451337,0.786473,1.042862,0.152381,0.009358,0.742341,0.702149
2010/3/19 0:00,0.743743,1.446341,0.785916,1.037436,0.152393,0.009373,0.739519,0.712555
2010/3/20 0:00,0.737463,1.426544,0.783368,1.036318,0.152393,0.009347,0.7347,0.704523
2010/3/21 0:00,0.740001,1.426198,0.782653,1.037086,0.152393,0.009352,0.73511,0.705567
2010/3/22 0:00,0.740001,1.426198,0.782653,1.037086,0.152393,0.009352,0.73511,0.705567
2010/3/23 0:00,0.739044,1.420959,0.782344,1.036474,0.151844,0.009411,0.73783,0.705517
2010/3/24 0:00,0.736052,1.41226,0.777823,1.038745,0.151596,0.009434,0.737732,0.699888
2010/3/25 0:00,0.741098,1.415719,0.774293,1.036828,0.151934,0.009441,0.738236,0.703087
2010/3/26 0:00,0.736079,1.420596,0.771953,1.035465,0.151699,0.0096,0.741095,0.704449
2010/3/27 0:00,0.739508,1.433384,0.776277,1.042085,0.151782,0.009595,0.741293,0.706414
2010/3/28 0:00,0.739618,1.435802,0.775588,1.04196,0.151782,0.009604,0.741592,0.705442
2010/3/29 0:00,0.739618,1.43575,0.775588,1.04196,0.151782,0.009604,0.741592,0.705069
2010/3/30 0:00,0.745657,1.466544,0.780214,1.039825,0.152043,0.009614,0.744419,0.711187
2010/3/31 0:00,0.746519,1.467233,0.780823,1.040843,0.151738,0.00955,0.745026,0.712911
2010/4/1 0:00,0.749288,1.464686,0.779089,1.042699,0.152033,0.009575,0.746361,0.71582
2010/4/2 0:00,0.759648,1.482701,0.782626,1.043705,0.152038,0.00945,0.747275,0.724113
2010/4/3 0:00,0.748744,1.37193,0.772386,1.029458,0.151016,0.009786,0.741576,0.713318
2010/4/4 0:00,0.748867,1.368045,0.769133,1.030721,0.151016,0.009782,0.739533,0.713318
2010/4/5 0:00,0.748867,1.368045,0.769133,1.030721,0.151016,0.009782,0.739533,0.713318
2010/4/6 0:00,0.733434,1.317592,0.762547,1.022411,0.15034,0.009812,0.733541,0.699399
2010/4/7 0:00,0.736269,1.332765,0.765313,1.017895,0.150419,0.009739,0.737762,0.702889
2010/4/8 0:00,0.742501,1.343616,0.768935,1.021607,0.150675,0.009751,0.741444,0.71048
2010/4/9 0:00,0.743246,1.32318,0.770336,1.020689,0.150419,0.009684,0.739916,0.711288
2010/4/10 0:00,0.748699,1.32633,0.774003,1.026694,0.150247,0.009759,0.74265,0.716435
2010/4/11 0:00,0.749991,1.326357,0.774554,1.027797,0.150247,0.009752,0.743163,0.717952
2010/4/12 0:00,0.749991,1.326357,0.774554,1.027797,0.150247,0.009752,0.743163,0.717952
2010/4/13 0:00,0.753949,1.329416,0.77818,1.029988,0.150031,0.009753,0.743262,0.722961
2010/4/14 0:00,0.745935,1.304351,0.772156,1.02501,0.149707,0.00985,0.740324,0.714235
2010/4/15 0:00,0.749738,1.291381,0.77006,1.024611,0.14941,0.009877,0.739875,0.711238
2010/4/16 0:00,0.747943,1.289898,0.768749,1.022286,0.149676,0.009932,0.740944,0.722648
2010/4/17 0:00,0.755829,1.294373,0.766069,1.016735,0.149519,0.009937,0.742785,0.72873
2010/4/18 0:00,0.756974,1.29475,0.766927,1.01717,0.149519,0.009942,0.743337,0.730647
2010/4/19 0:00,0.756974,1.29475,0.766927,1.01717,0.149519,0.009942,0.743337,0.730647
2010/4/20 0:00,0.753211,1.297597,0.761748,1.017718,0.14939,0.009721,0.739943,0.721917
2010/4/21 0:00,0.764263,1.32611,0.769083,1.013274,0.149508,0.009536,0.743152,0.731904
2010/4/22 0:00,0.761557,1.31572,0.771953,1.017232,0.14956,0.009584,0.742495,0.728651
2010/4/23 0:00,0.763621,1.33053,0.775795,1.019945,0.14962,0.009482,0.744549,0.720773
2010/4/24 0:00,0.75959,1.319131,0.771653,1.016963,0.149504,0.009471,0.742633,0.714235
2010/4/25 0:00,0.757892,1.319044,0.771159,1.017998,0.149504,0.009538,0.741961,0.711642
2010/4/26 0:00,0.757892,1.319044,0.771159,1.017998,0.149504,0.009538,0.741961,0.711642
2010/4/27 0:00,0.759532,1.326357,0.771245,1.018491,0.149077,0.009432,0.741741,0.710858
2010/4/28 0:00,0.750441,1.310298,0.76728,1.01493,0.149327,0.009427,0.738539,0.704597
2010/4/29 0:00,0.747999,1.316716,0.766424,1.012392,0.149724,0.009357,0.736675,0.702321
2010/4/30 0:00,0.748722,1.319192,0.764973,1.013294,0.149726,0.009447,0.737311,0.697569
2010/5/1 0:00,0.745573,1.311003,0.759059,1.011972,0.149867,0.009424,0.73609,0.699081
2010/5/2 0:00,0.746547,1.311329,0.761586,1.013212,0.149433,0.009427,0.735841,0.700158
2010/5/3 0:00,0.746547,1.311329,0.761586,1.013212,0.149433,0.009427,0.735841,0.700158
2010/5/4 0:00,0.746854,1.314147,0.75657,1.014291,0.14979,0.00945,0.734169,0.699252
2010/5/5 0:00,0.751343,1.315037,0.75755,1.008186,0.149881,0.00955,0.73567,0.703755
2010/5/6 0:00,0.746519,1.313396,0.756581,1.007384,0.149894,0.009465,0.736399,0.705069
2010/5/7 0:00,0.75092,1.315703,0.758947,1.019223,0.150267,0.009516,0.738967,0.707064
2010/5/8 0:00,0.759532,1.322655,0.765679,1.031779,0.15067,0.009797,0.745095,0.721527
2010/5/9 0:00,0.759676,1.322953,0.76678,1.031358,0.150661,0.009799,0.746347,0.720357
2010/5/10 0:00,0.759676,1.322953,0.76678,1.031358,0.150661,0.009799,0.746347,0.720357
2010/5/11 0:00,0.756573,1.319583,0.76356,1.032706,0.150519,0.009771,0.745865,0.719243
2010/5/12 0:00,0.760427,1.333814,0.763245,1.037027,0.150906,0.00992,0.747401,0.723615
2010/5/13 0:00,0.758697,1.332436,0.764526,1.028568,0.150744,0.009877,0.744951,0.714898
2010/5/14 0:00,0.76298,1.310839,0.768374,1.027079,0.15056,0.009881,0.744948,0.717901
2010/5/15 0:00,0.76205,1.308678,0.759382,1.021085,0.1502,0.009829,0.742937,0.714031
2010/5/16 0:00,0.761963,1.307096,0.758996,1.019581,0.14977,0.009822,0.742779,0.713801
2010/5/17 0:00,0.761963,1.307096,0.758996,1.019581,0.14977,0.009822,0.742779,0.713801
2010/5/18 0:00,0.765726,1.303025,0.760083,1.01703,0.150105,0.009756,0.742322,0.714184
2010/5/19 0:00,0.766842,1.300103,0.761432,1.018221,0.150288,0.00982,0.743989,0.715871
2010/5/20 0:00,0.77232,1.300483,0.766654,1.024737,0.150699,0.009867,0.746152,0.722022
2010/5/21 0:00,0.770564,1.295295,0.771394,1.025573,0.150897,0.009817,0.744688,0.72197
2010/5/22 0:00,0.764994,1.291047,0.771456,1.026257,0.150715,0.00989,0.742782,0.719476
2010/5/23 0:00,0.764643,1.291873,0.771819,1.02593,0.150431,0.009871,0.743387,0.719709
2010/5/24 0:00,0.764643,1.291873,0.771819,1.02593,0.150431,0.009871,0.743387,0.719709
2010/5/25 0:00,0.768197,1.28817,0.774084,1.028383,0.150684,0.009882,0.744358,0.721215
2010/5/26 0:00,0.770475,1.303781,0.778189,1.039393,0.151006,0.00998,0.746904,0.728465
2010/5/27 0:00,0.76298,1.300898,0.776811,1.03728,0.150774,0.009969,0.743912,0.722831
2010/5/28 0:00,0.768403,1.31406,0.782751,1.045484,0.150855,0.010014,0.746595,0.72873
2010/5/29 0:00,0.761644,1.30736,0.776609,1.041114,0.150301,0.009977,0.742424,0.726085
2010/5/30 0:00,0.762515,1.307677,0.777309,1.041341,0.15106,0.00998,0.742666,0.727405
2010/5/31 0:00,0.762602,1.307002,0.777152,1.040274,0.150351,0.009978,0.742666,0.727405
2010/6/1 0:00,0.762457,1.31337,0.771578,1.039669,0.150375,0.00997,0.740488,0.727379
2010/6/2 0:00,0.763184,1.319557,0.775188,1.039988,0.150577,0.009988,0.740357,0.730994
2010/6/3 0:00,0.761025,1.31765,0.773078,1.032455,0.150167,0.009941,0.73858,0.729625
2010/6/4 0:00,0.76118,1.317436,0.773156,1.033058,0.150225,0.009948,0.738836,0.729581
2010/6/5 0:00,0.758956,1.315097,0.769853,1.025126,0.149876,0.009853,0.737191,0.72619
2010/6/6 0:00,0.762515,1.313301,0.768876,1.022223,0.149882,0.009821,0.735835,0.723798
2010/6/7 0:00,0.756287,1.313845,0.769201,1.022688,0.149882,0.009821,0.735889,0.723956
2010/6/8 0:00,0.757834,1.310616,0.768678,1.023337,0.149793,0.009808,0.735727,0.7259
2010/6/9 0:00,0.750554,1.308216,0.76476,1.016518,0.149757,0.009702,0.732864,0.721189
2010/6/10 0:00,0.751597,1.31337,0.762079,1.017294,0.149723,0.009672,0.734101,0.7259
2010/6/11 0:00,0.75566,1.329699,0.769325,1.019924,0.149689,0.0096,0.735537,0.728412
2010/6/12 0:00,0.756344,1.329655,0.769595,1.01995,0.149689,0.009616,0.735586,0.729208
2010/6/13 0:00,0.756974,1.329442,0.769527,1.019981,0.149689,0.009617,0.73524,0.730353
2010/6/14 0:00,0.75706,1.329398,0.769556,1.019321,0.149649,0.009618,0.735132,0.729501
2010/6/15 0:00,0.758604,1.331026,0.773291,1.020408,0.149788,0.009674,0.736757,0.730807
2010/6/16 0:00,0.768167,1.343544,0.779226,1.030641,0.149565,0.009795,0.742611,0.741812
2010/6/17 0:00,0.766871,1.3328,0.775344,1.031109,0.150098,0.009826,0.742446,0.744685
2010/6/18 0:00,0.764643,1.330672,0.77444,1.028256,0.150054,0.009763,0.74042,0.739208
2010/6/19 0:00,0.754774,1.325908,0.766328,1.024018,0.149334,0.00974,0.735919,0.733192
2010/6/20 0:00,0.753892,1.3267,0.766348,1.02521,0.14933,0.009737,0.735841,0.732091
2010/6/21 0:00,0.752502,1.331203,0.764643,1.027063,0.149697,0.009807,0.735646,0.731957
2010/6/22 0:00,0.746854,1.318131,0.759532,1.027063,0.149715,0.00979,0.731957,0.726111
2010/6/23 0:00,0.747077,1.320481,0.759425,1.023913,0.149921,0.009742,0.731888,0.726348
2010/6/24 0:00,0.74758,1.322751,0.758593,1.027538,0.14999,0.009766,0.733703,0.729076
2010/6/25 0:00,0.750976,1.322401,0.761058,1.029564,0.149868,0.009802,0.733579,0.731074
2010/6/26 0:00,0.748559,1.302592,0.756885,1.020486,0.149784,0.009773,0.730762,0.726401
2010/6/27 0:00,0.749288,1.300001,0.756796,1.020039,0.14858,0.009777,0.730946,0.726559
2010/6/28 0:00,0.749176,1.3005,0.756802,1.018081,0.149851,0.009778,0.730941,0.726401
2010/6/29 0:00,0.75429,1.302932,0.757579,1.020273,0.150004,0.00983,0.734498,0.730007
2010/6/30 0:00,0.754205,1.297353,0.756024,1.021237,0.149813,0.009823,0.733708,0.730727
2010/7/1 0:00,0.758006,1.299545,0.757581,1.023133,0.149876,0.009914,0.736223,0.731609
2010/7/2 0:00,0.764,1.309415,0.766163,1.032338,0.150008,0.009921,0.7373,0.730994
2010/7/3 0:00,0.76147,1.29584,0.759175,1.031593,0.149751,0.009901,0.73567,0.723014
2010/7/4 0:00,0.762369,1.296899,0.758581,1.030923,0.150033,0.009898,0.735781,0.72469
2010/7/5 0:00,0.762369,1.296899,0.758581,1.030923,0.150033,0.009898,0.735781,0.72469
2010/7/6 0:00,0.764029,1.296344,0.75726,1.03197,0.149957,0.009971,0.735229,0.728226
2010/7/7 0:00,0.766577,1.301914,0.756621,1.03054,0.14994,0.009971,0.735478,0.730034
2010/7/8 0:00,0.767048,1.300728,0.757194,1.0294,0.149806,0.009941,0.73474,0.725426
2010/7/9 0:00,0.763796,1.296176,0.759717,1.033618,0.149979,0.009905,0.732963,0.725979
2010/7/10 0:00,0.766577,1.297859,0.762274,1.030551,0.149864,0.009865,0.733323,0.728783
2010/7/11 0:00,0.765961,1.297901,0.761748,1.029479,0.15076,0.009868,0.733563,0.728385
2010/7/12 0:00,0.765931,1.296294,0.761528,1.028235,0.150664,0.009868,0.733568,0.728518
2010/7/13 0:00,0.766489,1.284192,0.762041,1.026536,0.149896,0.009848,0.732145,0.726956
2010/7/14 0:00,0.761354,1.272678,0.757125,1.020882,0.149832,0.009714,0.729283,0.722308
2010/7/15 0:00,0.762137,1.27486,0.759532,1.024984,0.149925,0.009659,0.730058,0.717772
2010/7/16 0:00,0.757805,1.264542,0.756859,1.020867,0.149865,0.009618,0.728558,0.715359
2010/7/17 0:00,0.756916,1.243936,0.753429,1.020356,0.149876,0.009697,0.727794,0.71347
2010/7/18 0:00,0.75838,1.243495,0.752078,1.022955,0.149808,0.009719,0.72812,0.716307
2010/7/19 0:00,0.760774,1.235788,0.75914,1.017434,0.149065,0.009639,0.727146,0.713216
2010/7/20 0:00,0.753494,1.211534,0.753679,1.011056,0.148858,0.009691,0.725155,0.704945
2010/7/21 0:00,0.756916,1.223541,0.754996,1.011005,0.148754,0.009587,0.722001,0.707114
2010/7/22 0:00,0.757404,1.22549,0.757777,1.013839,0.148717,0.009658,0.724034,0.709698
2010/7/23 0:00,0.762747,1.221299,0.76246,1.012212,0.14861,0.009631,0.720448,0.710631
2010/7/24 0:00,0.761702,1.218851,0.761009,1.009928,0.14915,0.009599,0.71921,0.708667
2010/7/25 0:00,0.761731,1.218999,0.760832,1.009688,0.148591,0.009598,0.719321,0.708717
2010/7/26 0:00,0.762486,1.219401,0.761449,1.012002,0.148454,0.009622,0.719994,0.713267
2010/7/27 0:00,0.767254,1.229559,0.762858,1.010918,0.148298,0.009631,0.721662,0.720487
2010/7/28 0:00,0.77229,1.227295,0.76239,1.010714,0.148429,0.009681,0.721425,0.722961
2010/7/29 0:00,0.763213,1.226392,0.75745,1.008593,0.148182,0.009619,0.718435,0.720098
2010/7/30 0:00,0.759994,1.223391,0.750309,1.00548,0.147866,0.009624,0.716936,0.715922
2010/7/31 0:00,0.760572,1.224597,0.750103,1.007988,0.147927,0.009634,0.717257,0.716384
2010/8/1 0:00,0.760572,1.224597,0.750103,1.007988,0.147851,0.009634,0.717257,0.716384
2010/8/2 0:00,0.759965,1.220398,0.746857,1.006416,0.147615,0.009593,0.71719,0.71286
2010/8/3 0:00,0.764883,1.219512,0.750272,1.006421,0.14749,0.009592,0.719135,0.716435
2010/8/4 0:00,0.765257,1.222793,0.748646,1.006695,0.147639,0.009561,0.719391,0.715615
2010/8/5 0:00,0.759215,1.217137,0.74689,1.005237,0.147415,0.009498,0.716463,0.711642
2010/8/6 0:00,0.758783,1.215658,0.747189,1.007455,0.147508,0.00949,0.71803,0.714796
2010/8/7 0:00,0.759821,1.219096,0.746505,1.012397,0.148302,0.009549,0.718401,0.716692
2010/8/8 0:00,0.75884,1.2192,0.746519,1.012797,0.147096,0.009549,0.718546,0.716486
2010/8/9 0:00,0.760341,1.220703,0.745868,1.010392,0.147615,0.009512,0.718236,0.714439
2010/8/10 0:00,0.764175,1.222793,0.746182,1.023437,0.147855,0.009592,0.719834,0.715768
2010/8/11 0:00,0.767489,1.231967,0.74648,1.029071,0.147992,0.009698,0.72338,0.730407
2010/8/12 0:00,0.767548,1.245245,0.74643,1.026036,0.147796,0.009704,0.72235,0.732547
2010/8/13 0:00,0.767725,1.252348,0.746322,1.031933,0.147988,0.009706,0.723029,0.732493
2010/8/14 0:00,0.767371,1.251831,0.746088,1.032951,0.148006,0.009699,0.722953,0.732896
2010/8/15 0:00,0.767636,1.251799,0.745962,1.032578,0.147883,0.009699,0.722648,0.732789
2010/8/16 0:00,0.769853,1.239926,0.746938,1.024853,0.147538,0.009562,0.71922,0.732225
2010/8/17 0:00,0.773096,1.237011,0.749822,1.024795,0.14733,0.009525,0.719932,0.735889
2010/8/18 0:00,0.767283,1.246417,0.745595,1.017134,0.147486,0.009531,0.716607,0.729501
2010/8/19 0:00,0.759532,1.251564,0.74214,1.012279,0.146994,0.009378,0.709675,0.720409
2010/8/20 0:00,0.755287,1.259763,0.73993,1.011839,0.14686,0.00938,0.708153,0.713521
2010/8/21 0:00,0.755316,1.260152,0.738503,1.012187,0.146789,0.009375,0.707914,0.711845
2010/8/22 0:00,0.755316,1.260152,0.738503,1.012187,0.146789,0.009375,0.707914,0.711845
2010/8/23 0:00,0.754148,1.246572,0.736307,1.001989,0.14613,0.009234,0.705574,0.708265
2010/8/24 0:00,0.75375,1.242545,0.742016,0.998951,0.14577,0.009184,0.706437,0.708291
2010/8/25 0:00,0.748951,1.244787,0.745921,0.99782,0.145351,0.009162,0.706691,0.707364
2010/8/26 0:00,0.745712,1.245175,0.74443,0.994951,0.14537,0.009124,0.705378,0.705916
2010/8/27 0:00,0.734187,1.232742,0.739771,0.990119,0.145214,0.009045,0.701262,0.70279
2010/8/28 0:00,0.734187,1.234446,0.740362,0.990099,0.145165,0.009014,0.701066,0.701656
2010/8/29 0:00,0.733837,1.234499,0.740384,0.991129,0.145169,0.009015,0.701804,0.700795
2010/8/30 0:00,0.735537,1.246362,0.744056,0.988694,0.145007,0.009,0.701164,0.705393
2010/8/31 0:00,0.738907,1.243163,0.744604,0.98979,0.145245,0.009004,0.701644,0.704722
2010/9/1 0:00,0.738689,1.243626,0.742198,0.984737,0.144504,0.008884,0.698088,0.700697
2010/9/2 0:00,0.741372,1.24502,0.741466,0.984339,0.144523,0.008829,0.698373,0.70055
2010/9/3 0:00,0.742694,1.245601,0.740014,0.986952,0.144553,0.008844,0.699966,0.704399
2010/9/4 0:00,0.744518,1.247653,0.739593,0.985367,0.144513,0.008843,0.70043,0.704349
2010/9/5 0:00,0.743716,1.2477,0.739399,0.986047,0.144438,0.00883,0.700378,0.7043
2010/9/6 0:00,0.747831,1.240849,0.745476,0.985125,0.14468,0.008913,0.701508,0.706714
2010/9/7 0:00,0.746436,1.249531,0.743749,0.986295,0.144995,0.008858,0.700697,0.711288
2010/9/8 0:00,0.738662,1.248751,0.744081,0.98146,0.145258,0.008746,0.697297,0.708015
2010/9/9 0:00,0.741125,1.25897,0.750331,0.986787,0.145212,0.008743,0.700653,0.706814
2010/9/10 0:00,0.744546,1.268231,0.751933,0.989413,0.145212,0.008791,0.704126,0.713496
2010/9/11 0:00,0.745796,1.27331,0.752273,0.989609,0.145212,0.00881,0.704722,0.714184
2010/9/12 0:00,0.745045,1.273301,0.752361,0.98956,0.145212,0.00881,0.704622,0.714184
2010/9/13 0:00,0.747692,1.27081,0.753915,0.98959,0.145328,0.008761,0.702469,0.713216
2010/9/14 0:00,0.745601,1.271375,0.752615,0.990688,0.145307,0.008773,0.704722,0.711592
2010/9/15 0:00,0.74768,1.260923,0.754623,0.992812,0.145338,0.008806,0.705015,0.715615
2010/9/16 0:00,0.744602,1.256755,0.75637,0.984417,0.145351,0.008756,0.701971,0.716153
2010/9/17 0:00,0.744158,1.257703,0.759512,0.981691,0.144766,0.008682,0.6988,0.713903
2010/9/18 0:00,0.745184,1.257743,0.758708,0.983158,0.144766,0.008666,0.699088,0.713547
2010/9/19 0:00,0.74499,1.257498,0.758639,0.983187,0.144766,0.008666,0.699105,0.713598
2010/9/20 0:00,0.748951,1.267042,0.761023,0.98432,0.144783,0.008668,0.701223,0.718856
2010/9/21 0:00,0.749681,1.268553,0.762262,0.988685,0.144892,0.008676,0.702585,0.720617
2010/9/22 0:00,0.751654,1.271456,0.762367,0.990256,0.14482,0.008693,0.702938,0.723014
2010/9/23 0:00,0.733999,1.23839,0.746021,0.967123,0.144003,0.008445,0.690799,0.701238
2010/9/24 0:00,0.730567,1.247194,0.750379,0.9764,0.143684,0.00851,0.692502,0.698666
2010/9/25 0:00,0.729714,1.249001,0.749822,0.974137,0.143693,0.008481,0.692473,0.696088
2010/9/26 0:00,0.729714,1.249001,0.749822,0.974137,0.143693,0.008481,0.692473,0.696088
2010/9/27 0:00,0.726533,1.242236,0.746335,0.978043,0.14381,0.008579,0.691628,0.695217
2010/9/28 0:00,0.725058,1.235025,0.747552,0.97219,0.143868,0.008479,0.692521,0.691683
2010/9/29 0:00,0.724506,1.23533,0.746801,0.974721,0.144042,0.008493,0.692413,0.690322
2010/9/30 0:00,0.721553,1.229559,0.742209,0.9755,0.143879,0.008509,0.690534,0.690655
2010/10/1 0:00,0.717618,1.22519,0.739235,0.9738,0.143962,0.00853,0.691009,0.687191
2010/10/2 0:00,0.719114,1.2278,0.738089,0.973189,0.143962,0.008527,0.691133,0.687687
2010/10/3 0:00,0.719114,1.2278,0.738089,0.973189,0.143962,0.008527,0.691133,0.687687
2010/10/4 0:00,0.719735,1.228501,0.740384,0.973047,0.143972,0.008537,0.690978,0.690846
2010/10/5 0:00,0.718701,1.226001,0.737776,0.972479,0.143833,0.00851,0.690164,0.688753
2010/10/6 0:00,0.718494,1.222195,0.737485,0.969974,0.143697,0.0085,0.688565,0.690846
2010/10/7 0:00,0.721839,1.223459,0.741155,0.977297,0.143763,0.008595,0.690288,0.695701
2010/10/8 0:00,0.723197,1.234111,0.745184,0.984446,0.143997,0.008562,0.691419,0.695943
2010/10/9 0:00,0.720825,1.233905,0.744131,0.980344,0.143993,0.008555,0.690942,0.692689
2010/10/10 0:00,0.720825,1.233905,0.744131,0.980344,0.143993,0.008555,0.690942,0.692689
