date,0,1,2,3,4,5,6,OT
1990/1/1 0:00,0.7855,1.611,0.861698,0.634196,0.211242,0.006838,0.525486,0.593
1990/1/2 0:00,0.7818,1.61,0.861104,0.633513,0.211242,0.006863,0.523972,0.594
1990/1/3 0:00,0.7867,1.6293,0.86103,0.648508,0.211242,0.006975,0.526316,0.5973
1990/1/4 0:00,0.786,1.637,0.862069,0.650618,0.211242,0.006953,0.523834,0.597
1990/1/5 0:00,0.7849,1.653,0.861995,0.656254,0.211242,0.00694,0.527426,0.5985
1990/1/6 0:00,0.7866,1.6537,0.86103,0.654879,0.211242,0.006887,0.526177,0.604
1990/1/7 0:00,0.7886,1.662,0.862887,0.661157,0.211242,0.006885,0.527565,0.607
1990/1/8 0:00,0.791,1.6568,0.864304,0.659631,0.211242,0.006878,0.527565,0.6084
1990/1/9 0:00,0.7939,1.6695,0.86423,0.66912,0.211242,0.006878,0.528123,0.6115
1990/1/10 0:00,0.7894,1.657,0.858369,0.659413,0.211242,0.006874,0.528123,0.609
1990/1/11 0:00,0.7917,1.6495,0.859107,0.663702,0.211242,0.006873,0.529381,0.612
1990/1/12 0:00,0.7941,1.6445,0.853752,0.658545,0.211242,0.006844,0.529101,0.614
1990/1/13 0:00,0.7935,1.6465,0.848176,0.660284,0.211242,0.006866,0.532765,0.6106
1990/1/14 0:00,0.7954,1.639,0.845309,0.652742,0.211242,0.006829,0.532056,0.6118
1990/1/15 0:00,0.7751,1.649,0.848896,0.66313,0.211242,0.006845,0.53135,0.6052
1990/1/16 0:00,0.7622,1.655,0.843526,0.668226,0.211242,0.006881,0.533049,0.5915
1990/1/17 0:00,0.7583,1.6572,0.839983,0.672043,0.211242,0.006924,0.532623,0.5945
1990/1/18 0:00,0.7605,1.657,0.837591,0.667557,0.211242,0.006976,0.534188,0.5928
1990/1/19 0:00,0.7635,1.678,0.841397,0.672948,0.211242,0.006987,0.535045,0.595
1990/1/20 0:00,0.766,1.6818,0.839913,0.670691,0.211242,0.00694,0.537201,0.597
1990/1/21 0:00,0.7685,1.6794,0.843313,0.664894,0.211242,0.006918,0.536481,0.602
1990/1/22 0:00,0.7702,1.6815,0.842886,0.667468,0.211242,0.006901,0.536193,0.5983
1990/1/23 0:00,0.7735,1.6817,0.841255,0.668003,0.211242,0.006879,0.535475,0.6003
1990/1/24 0:00,0.7655,1.695,0.840407,0.675584,0.211242,0.006878,0.535906,0.5998
1990/1/25 0:00,0.7665,1.702,0.841822,0.677094,0.211242,0.00689,0.538503,0.601
1990/1/26 0:00,0.7575,1.699,0.837872,0.674992,0.211242,0.006874,0.537779,0.5936
1990/1/27 0:00,0.7545,1.687,0.835352,0.668986,0.211242,0.006878,0.536769,0.5915
1990/1/28 0:00,0.7493,1.6925,0.8364,0.668003,0.211242,0.006887,0.536337,0.593
1990/1/29 0:00,0.7521,1.695,0.83167,0.668539,0.211242,0.006935,0.536625,0.5926
1990/1/30 0:00,0.7521,1.6905,0.833403,0.668003,0.211242,0.006925,0.535906,0.5925
1990/1/31 0:00,0.7457,1.696,0.828638,0.670107,0.211242,0.006931,0.536625,0.5815
1990/2/1 0:00,0.75,1.693,0.829187,0.668673,0.211242,0.006925,0.536193,0.585
1990/2/2 0:00,0.7567,1.6955,0.834028,0.669568,0.211242,0.006937,0.535045,0.5883
1990/2/3 0:00,0.7595,1.704,0.831947,0.673401,0.211242,0.006875,0.537634,0.5898
1990/2/4 0:00,0.7586,1.715,0.832432,0.678104,0.211242,0.006881,0.537346,0.5887
1990/2/5 0:00,0.7646,1.7147,0.83717,0.679117,0.211242,0.006854,0.536481,0.5897
1990/2/6 0:00,0.7652,1.71,0.835422,0.677048,0.211242,0.006806,0.535906,0.5902
1990/2/7 0:00,0.765,1.693,0.834725,0.672495,0.211242,0.006718,0.536193,0.5882
1990/2/8 0:00,0.7605,1.692,0.83696,0.674172,0.211242,0.006728,0.536049,0.5877
1990/2/9 0:00,0.7601,1.6892,0.838715,0.670466,0.211242,0.00672,0.535619,0.588
1990/2/10 0:00,0.7635,1.665,0.840195,0.664011,0.211242,0.006681,0.533333,0.5872
1990/2/11 0:00,0.7596,1.651,0.837521,0.66072,0.211242,0.006654,0.533333,0.5884
1990/2/12 0:00,0.7585,1.6388,0.839913,0.666667,0.211242,0.006676,0.534045,0.5878
1990/2/13 0:00,0.7611,1.649,0.84246,0.666889,0.211242,0.006676,0.533903,0.5891
1990/2/14 0:00,0.7596,1.639,0.843811,0.663702,0.211242,0.006613,0.533476,0.5889
1990/2/15 0:00,0.7607,1.6425,0.847817,0.662559,0.211242,0.00663,0.533618,0.5879
1990/2/16 0:00,0.7607,1.6181,0.847961,0.661244,0.211242,0.006608,0.534045,0.5907
1990/2/17 0:00,0.758,1.6103,0.848176,0.656211,0.211242,0.006563,0.533618,0.5892
1990/2/18 0:00,0.761,1.6003,0.849041,0.65445,0.211242,0.006555,0.532623,0.5863
1990/2/19 0:00,0.7635,1.609,0.851426,0.654879,0.211242,0.006569,0.533333,0.5874
1990/2/20 0:00,0.7563,1.6175,0.848896,0.65703,0.211242,0.006555,0.533333,0.5898
1990/2/21 0:00,0.7536,1.6235,0.847242,0.662471,0.211242,0.006563,0.533618,0.588
1990/2/22 0:00,0.7549,1.6103,0.844809,0.662822,0.211242,0.006515,0.533618,0.5855
1990/2/23 0:00,0.7565,1.6105,0.847961,0.659326,0.211242,0.006499,0.533476,0.5832
1990/2/24 0:00,0.752,1.5945,0.849762,0.657462,0.211242,0.006487,0.532056,0.5793
1990/2/25 0:00,0.7504,1.601,0.849834,0.660066,0.211242,0.006447,0.53135,0.581
1990/2/26 0:00,0.7474,1.604,0.851064,0.658545,0.211242,0.006498,0.531773,0.5785
1990/2/27 0:00,0.7469,1.618,0.850412,0.655093,0.211242,0.00639,0.530926,0.5805
1990/2/28 0:00,0.7452,1.6261,0.85034,0.658762,0.211242,0.006353,0.530786,0.5808
1990/3/1 0:00,0.7471,1.6275,0.850196,0.659631,0.211242,0.006299,0.529801,0.5767
1990/3/2 0:00,0.7523,1.634,0.851571,0.667557,0.211242,0.00638,0.530082,0.5783
1990/3/3 0:00,0.7548,1.648,0.854336,0.66778,0.211242,0.006336,0.530363,0.579
1990/3/4 0:00,0.7561,1.6315,0.855066,0.66335,0.211265,0.006293,0.530223,0.5778
1990/3/5 0:00,0.7605,1.6355,0.857486,0.665469,0.211265,0.006284,0.530645,0.577
1990/3/6 0:00,0.7669,1.6415,0.856678,0.66379,0.211242,0.006305,0.531915,0.579
1990/3/7 0:00,0.765,1.6415,0.855725,0.666223,0.211242,0.006342,0.532481,0.5782
1990/3/8 0:00,0.765,1.6385,0.858001,0.666089,0.211242,0.006343,0.533191,0.578
1990/3/9 0:00,0.763,1.6385,0.860807,0.66836,0.211242,0.006349,0.532765,0.5784
1990/3/10 0:00,0.7643,1.6343,0.860956,0.668315,0.211242,0.006306,0.531915,0.5783
1990/3/11 0:00,0.7663,1.6425,0.858222,0.673854,0.211242,0.006318,0.532623,0.5792
1990/3/12 0:00,0.7663,1.642,0.859771,0.6744,0.211242,0.006322,0.532765,0.5796
1990/3/13 0:00,0.765,1.6385,0.858369,0.673401,0.211242,0.006299,0.532765,0.5795
1990/3/14 0:00,0.7654,1.631,0.856898,0.671006,0.211242,0.006275,0.532765,0.5796
1990/3/15 0:00,0.7653,1.6338,0.855945,0.670916,0.211242,0.006254,0.532198,0.5777
1990/3/16 0:00,0.77,1.638,0.860363,0.673854,0.211242,0.006285,0.532056,0.5788
1990/3/17 0:00,0.7732,1.6435,0.860659,0.6744,0.211242,0.00639,0.5410503999999999,0.5815
1990/3/18 0:00,0.7705,1.6353,0.859993,0.670556,0.211242,0.006335,0.5323398000000001,0.5827
1990/3/19 0:00,0.7655,1.6357,0.861326,0.669792,0.211242,0.006341,0.5326801999999999,0.5828
1990/3/20 0:00,0.7663,1.6341,0.862589,0.672043,0.211242,0.0063,0.5324532,0.5818
1990/3/21 0:00,0.766,1.637,0.861475,0.681663,0.211242,0.0063,0.5410504,0.5817
1990/3/22 0:00,0.756,1.6335,0.86192,0.684229,0.211242,0.006299,0.5411072,0.5755
1990/3/23 0:00,0.7503,1.636,0.85955,0.686342,0.211242,0.006293,0.5406556,0.5735
1990/3/24 0:00,0.75,1.6389,0.858074,0.689417,0.211242,0.006295,0.5406556,0.5748
1990/3/25 0:00,0.7457,1.6405,0.858516,0.687049,0.211242,0.006295,0.5402036,0.5685
1990/3/26 0:00,0.752,1.643,0.856678,0.687049,0.211242,0.006317,0.5407118,0.5708
1990/3/27 0:00,0.7552,1.6422,0.856898,0.687569,0.211242,0.006323,0.5407118,0.5727
1990/3/28 0:00,0.7546,1.66,0.859623,0.692185,0.211242,0.006315,0.5407118,0.5726
1990/3/29 0:00,0.7565,1.668,0.860215,0.69808,0.211242,0.006329,0.5774410000000001,0.5726
1990/3/30 0:00,0.7577,1.6695,0.859476,0.697837,0.211242,0.006333,0.5621606,0.5747
1990/3/31 0:00,0.7585,1.678,0.857486,0.712251,0.211242,0.006392,0.5591923999999999,0.5721
1990/4/1 0:00,0.7587,1.6763,0.858148,0.716589,0.211242,0.006369,0.5621606,0.5739
1990/4/2 0:00,0.76,1.6813,0.848536,0.716743,0.211242,0.006548,0.5617707999999999,0.57
1990/4/3 0:00,0.7669,1.684,0.849618,0.716486,0.211242,0.006546,0.5738412,0.5708
1990/4/4 0:00,0.7645,1.677,0.84674,0.715308,0.211242,0.006605,0.5640066,0.5725
1990/4/5 0:00,0.7625,1.68,0.850557,0.714286,0.211242,0.006604,0.5624292,0.5728
1990/4/6 0:00,0.7617,1.6917,0.851934,0.712251,0.211242,0.006564,0.5616733999999999,0.5735
1990/4/7 0:00,0.7605,1.6908,0.84868,0.711845,0.211242,0.006542,0.5608546,0.5725
1990/4/8 0:00,0.764,1.6912,0.847817,0.702247,0.211242,0.006513,0.5640066,0.5735
1990/4/9 0:00,0.764,1.6915,0.838786,0.705219,0.211242,0.006596,0.5640066,0.5735
1990/4/10 0:00,0.7653,1.694,0.84488,0.708065,0.211242,0.006612,0.5643566,0.5737
1990/4/11 0:00,0.7623,1.6895,0.843526,0.704225,0.211242,0.006598,0.5624100000000001,0.5739
1990/4/12 0:00,0.7668,1.6892,0.844523,0.701508,0.211242,0.00668,0.5590804,0.5733
1990/4/13 0:00,0.766,1.6946,0.846167,0.70932,0.211242,0.006628,0.5643566,0.5741
1990/4/14 0:00,0.772,1.693,0.848896,0.70373,0.211242,0.006609,0.5653264,0.5757
1990/4/15 0:00,0.7678,1.6765,0.851426,0.697837,0.211242,0.006551,0.5597228000000001,0.5768
1990/4/16 0:00,0.7693,1.6838,0.852806,0.696379,0.211242,0.006605,0.5594140000000001,0.5752
1990/4/17 0:00,0.7676,1.675,0.849907,0.693963,0.211242,0.006596,0.5497942,0.5768
1990/4/18 0:00,0.771,1.683,0.850557,0.69701,0.211242,0.006551,0.5420242,0.5776
1990/4/19 0:00,0.7718,1.6882,0.85266,0.700035,0.211242,0.006555,0.5482267999999999,0.5819
1990/4/20 0:00,0.7775,1.6883,0.855945,0.695169,0.211242,0.006556,0.5441092000000001,0.5828
1990/4/21 0:00,0.7725,1.6848,0.851064,0.690703,0.211242,0.006513,0.5435898,0.5812
1990/4/22 0:00,0.7751,1.6858,0.853898,0.694203,0.211242,0.006472,0.5435898,0.5785
1990/4/23 0:00,0.774,1.7025,0.853606,0.695894,0.211242,0.006475,0.5428308,0.5783
1990/4/24 0:00,0.7743,1.707,0.853097,0.697934,0.211242,0.00646,0.5430902,0.5806
1990/4/25 0:00,0.775,1.7052,0.854336,0.696621,0.211242,0.006491,0.536915,0.5823
1990/4/26 0:00,0.7756,1.7055,0.853242,0.696379,0.211242,0.006485,0.5368284,0.5816
1990/4/27 0:00,0.7792,1.713,0.852733,0.705965,0.211242,0.006506,0.5540689999999999,0.5823
1990/4/28 0:00,0.784,1.7205,0.851716,0.710379,0.211265,0.006508,0.5700708000000001,0.583
1990/4/29 0:00,0.7833,1.723,0.852951,0.706964,0.211242,0.006494,0.5796028,0.5825
1990/4/30 0:00,0.7901,1.725,0.851136,0.706464,0.211242,0.006459,0.5937186,0.5875
1990/5/1 0:00,0.7852,1.733,0.845881,0.709723,0.211242,0.006462,0.5890978,0.586
1990/5/2 0:00,0.7851,1.9167,0.847889,0.708868,0.211242,0.006436,0.5777357999999999,0.5852
1990/5/3 0:00,0.7846,1.9142,0.85237,0.711238,0.211242,0.006445,0.5777357999999999,0.5873
1990/5/4 0:00,0.7875,1.8971000000000005,0.854336,0.710227,0.211242,0.006478,0.5904494,0.5872
1990/5/5 0:00,0.7853,1.9559000000000002,0.854847,0.707364,0.211242,0.006529,0.5921748,0.5872
1990/5/6 0:00,0.7916,1.5775400000000002,0.857265,0.706464,0.211242,0.006564,0.64436,0.5883
1990/5/7 0:00,0.7964,1.6392300000000002,0.860659,0.712251,0.211242,0.006611,0.6370714,0.5903
1990/5/8 0:00,0.7974,1.6699249999999999,0.860215,0.717103,0.211242,0.006614,0.6327432,0.5902
1990/5/9 0:00,0.799,1.5889700000000002,0.859697,0.714439,0.211242,0.006633,0.6327432000000001,0.59
1990/5/10 0:00,0.7974,1.5889700000000002,0.859697,0.713521,0.211242,0.006621,0.6436360000000001,0.5903
1990/5/11 0:00,0.8025,1.54296,0.862664,0.716589,0.211242,0.006618,0.6327432,0.5912
1990/5/12 0:00,0.8066,1.54296,0.864155,0.716178,0.211242,0.006716,0.624619,0.5933
1990/5/13 0:00,0.7965,1.6392300000000002,0.862292,0.712504,0.211242,0.006726,0.6356908,0.5938
1990/5/14 0:00,0.7913,1.7211000000000003,0.862589,0.711744,0.211242,0.006729,0.6228328000000001,0.5881
1990/5/15 0:00,0.7804,1.9385000000000001,0.863632,0.717875,0.211242,0.00678,0.5743348,0.5918
1990/5/16 0:00,0.7815,1.94754,0.862887,0.705965,0.211242,0.006754,0.5756204,0.5892
1990/5/17 0:00,0.7899,1.6253,0.864828,0.710732,0.211242,0.006741,0.6147085999999999,0.5918
1990/5/18 0:00,0.7915,1.6246800000000001,0.867303,0.709824,0.211242,0.006789,0.6216839999999999,0.5928
1990/5/19 0:00,0.7819,1.95764,0.866701,0.70922,0.211242,0.006754,0.5777152,0.5923
1990/5/20 0:00,0.7838,1.964,0.86408,0.71048,0.211242,0.006713,0.5777357999999999,0.595
1990/5/21 0:00,0.7839,1.964,0.864304,0.720202,0.211242,0.006736,0.5777357999999999,0.5937
1990/5/22 0:00,0.7858,1.92056,0.865052,0.727273,0.211242,0.006741,0.5831608,0.5942
1990/5/23 0:00,0.7859,1.8739286,0.868056,0.727802,0.211242,0.006717,0.5920312000000001,0.5918
1990/5/24 0:00,0.7792,1.93722,0.868282,0.725584,0.211242,0.006647,0.5729246,0.5894
1990/5/25 0:00,0.7897,1.6744685999999998,0.867905,0.730727,0.211242,0.006684,0.6141748,0.5888
1990/5/26 0:00,0.7916,1.6744685999999998,0.86783,0.732601,0.211242,0.006748,0.6216839999999999,0.591
1990/5/27 0:00,0.7938,1.54234,0.867303,0.742005,0.211242,0.006843,0.642439,0.5918
1990/5/28 0:00,0.794,1.54234,0.866927,0.737735,0.211242,0.006791,0.6410735999999999,0.594
1990/5/29 0:00,0.7859,1.8492,0.86783,0.737191,0.211242,0.006684,0.5951251999999999,0.589
1990/5/30 0:00,0.785,1.8565,0.868432,0.740192,0.211242,0.006671,0.5962378,0.5936
1990/5/31 0:00,0.79,1.872,0.870701,0.750638,0.211242,0.006678,0.5876964,0.5987
1990/6/1 0:00,0.7925,1.877,0.869338,0.751315,0.211242,0.006676,0.5964452,0.6017
1990/6/2 0:00,0.7953,1.8655,0.870322,0.744048,0.211242,0.00666,0.5876964,0.6018
1990/6/3 0:00,0.7992,1.8717,0.87184,0.747105,0.211242,0.006675,0.5964452,0.601
1990/6/4 0:00,0.7977,1.8713,0.87146,0.746826,0.211242,0.00666,0.5876964,0.6015
1990/6/5 0:00,0.8025,1.884,0.87184,0.75959,0.211242,0.006651,0.6093264,0.6085
1990/6/6 0:00,0.8061,1.8925,0.873057,0.765697,0.211242,0.00669,0.6100638,0.6075
1990/6/7 0:00,0.8071,1.8998,0.874508,0.773395,0.211242,0.006782,0.6158072000000001,0.618
1990/6/8 0:00,0.8045,1.898,0.870928,0.767165,0.211242,0.006739,0.6158376000000001,0.6173
1990/6/9 0:00,0.807,1.919,0.873744,0.780336,0.211242,0.006776,0.60726,0.619
1990/6/10 0:00,0.808,1.9198,0.874279,0.774114,0.211242,0.006809,0.6175984000000001,0.6197
1990/6/11 0:00,0.8162,1.921,0.877578,0.777122,0.211242,0.006831,0.6175984000000001,0.622
1990/6/12 0:00,0.8205,1.9275,0.879894,0.785238,0.211242,0.006861,0.6175984000000001,0.6258
1990/6/13 0:00,0.8293,1.9515,0.883704,0.793336,0.211242,0.006821,0.6247883999999999,0.6308
1990/6/14 0:00,0.833,1.9453,0.88199,0.788333,0.211242,0.006824,0.6175984000000001,0.6295
1990/6/15 0:00,0.8311,1.9443,0.879353,0.784314,0.211242,0.006923,0.6175984000000001,0.628
1990/6/16 0:00,0.8302,1.9483,0.875503,0.780336,0.211242,0.00697,0.6175984000000001,0.6313
1990/6/17 0:00,0.8325,1.9465,0.878889,0.77821,0.211242,0.006963,0.6175984000000001,0.6303
1990/6/18 0:00,0.8168,1.9225,0.872981,0.771605,0.211242,0.00693,0.6175984000000001,0.6132
1990/6/19 0:00,0.816,1.892,0.866176,0.764234,0.211242,0.006948,0.6102010000000001,0.6153
1990/6/20 0:00,0.8147,1.8758,0.860956,0.759013,0.211242,0.006966,0.6145343999999999,0.6165
1990/6/21 0:00,0.8278,1.899,0.867378,0.770713,0.211242,0.007058,0.6158072000000001,0.624
1990/6/22 0:00,0.8237,1.908,0.863632,0.769941,0.211242,0.00709,0.6175984000000001,0.6255
1990/6/23 0:00,0.8208,1.894,0.859476,0.766871,0.211242,0.007138,0.6099838,0.6233
1990/6/24 0:00,0.8123,1.8555,0.854336,0.75815,0.211242,0.007184,0.617686,0.6202
1990/6/25 0:00,0.817,1.8485,0.859845,0.751597,0.211242,0.007151,0.617686,0.6185
1990/6/26 0:00,0.8187,1.864,0.859993,0.755744,0.211242,0.007262,0.617686,0.6215
1990/6/27 0:00,0.821,1.8767,0.858811,0.761093,0.211242,0.007281,0.6145343999999999,0.624
1990/6/28 0:00,0.8267,1.8985,0.85859,0.774893,0.211242,0.007317,0.6105992,0.6275
1990/6/29 0:00,0.8316,1.9025,0.862515,0.777001,0.211242,0.007299,0.6158072000000001,0.623
1990/6/30 0:00,0.8335,1.918,0.863931,0.779727,0.210975,0.007273,0.6175984000000001,0.625
1990/7/1 0:00,0.8291,1.8847,0.863931,0.765697,0.211242,0.007273,0.614963,0.6225
1990/7/2 0:00,0.8266,1.8683,0.866101,0.757576,0.211242,0.007303,0.617686,0.619
1990/7/3 0:00,0.8288,1.846,0.867152,0.756315,0.211242,0.007305,0.617686,0.613
1990/7/4 0:00,0.8315,1.884,0.869338,0.770713,0.211242,0.007348,0.6149326,0.6215
1990/7/5 0:00,0.8303,1.8768,0.869943,0.768049,0.211242,0.007279,0.614963,0.6204
1990/7/6 0:00,0.831,1.864,0.867002,0.76266,0.211242,0.007285,0.617686,0.6183
1990/7/7 0:00,0.8267,1.871,0.865576,0.764526,0.211242,0.007227,0.617686,0.616
1990/7/8 0:00,0.8254,1.8735,0.864678,0.769527,0.211242,0.007232,0.6175984000000001,0.615
1990/7/9 0:00,0.8311,1.889,0.867378,0.775494,0.211242,0.007305,0.6105992,0.619
1990/7/10 0:00,0.8298,1.8885,0.867303,0.773994,0.211242,0.007302,0.614918,0.618
1990/7/11 0:00,0.832,1.898,0.868282,0.77821,0.211242,0.007346,0.6105992,0.6183
1990/7/12 0:00,0.833,1.9118,0.870398,0.6777918,0.211242,0.007468,0.5913534,0.6165
1990/7/13 0:00,0.8351,1.9465,0.866176,0.6777918,0.211242,0.007553,0.6364796,0.6163
1990/7/14 0:00,0.8337,1.97,0.86881,0.6751962,0.211242,0.007673,0.6076794,0.6193
1990/7/15 0:00,0.8265,1.9675,0.869565,0.671326,0.211242,0.007694,0.6076794,0.6168
1990/7/16 0:00,0.814,1.964,0.868508,0.671326,0.211242,0.007695,0.6076794,0.6155
1990/7/17 0:00,0.8183,1.9732,0.871688,0.672619,0.211242,0.007773,0.6076794,0.6167
1990/7/18 0:00,0.7888,1.9535,0.86783,0.672619,0.211242,0.007803,0.577304,0.6065
1990/7/19 0:00,0.787,1.957,0.865426,0.6784830000000001,0.211242,0.007859,0.5772374000000001,0.604
1990/7/20 0:00,0.7775,1.965,0.85859,0.6855998,0.211242,0.007983,0.5925354,0.598
1990/7/21 0:00,0.769,1.9535,0.851209,0.6853846,0.211242,0.007997,0.608165,0.6
1990/7/22 0:00,0.782,1.9595,0.856898,0.6855998,0.211242,0.007952,0.5776718000000001,0.605
1990/7/23 0:00,0.782,1.948,0.852297,0.6854288000000001,0.211242,0.007933,0.6058406,0.607
1990/7/24 0:00,0.778,1.9464,0.853971,0.6784830000000001,0.211242,0.007843,0.5901788,0.6048
1990/7/25 0:00,0.7804,1.9565,0.855578,0.672619,0.211242,0.007809,0.5924356,0.6063
1990/7/26 0:00,0.7833,1.954,0.856164,0.6784830000000001,0.211242,0.007855,0.577304,0.609
1990/7/27 0:00,0.7812,1.956,0.858001,0.6726190000000001,0.211242,0.007813,0.5776718,0.6098
1990/7/28 0:00,0.7835,1.953,0.858959,0.672619,0.211242,0.007788,0.5663748,0.51934
1990/7/29 0:00,0.7821,1.9475,0.856898,0.6715978,0.211242,0.007746,0.6018361999999999,0.55295
1990/7/30 0:00,0.7848,1.944,0.856311,0.671326,0.211242,0.007695,0.5663748,0.5197799999999999
1990/7/31 0:00,0.7837,1.95,0.858222,0.6751962,0.211242,0.007664,0.5663748,0.5789599999999999
1990/8/1 0:00,0.7765,1.9515,0.858001,0.6726190000000001,0.211242,0.007776,0.5663748,0.50035
1990/8/2 0:00,0.782,1.9695,0.863036,0.6784830000000001,0.211242,0.007886,0.5646294000000001,0.50035
1990/8/3 0:00,0.787,1.973,0.861252,0.6784830000000001,0.211242,0.007855,0.5646294000000001,0.50035
1990/8/4 0:00,0.7785,1.976,0.859993,0.672619,0.211242,0.007803,0.5663748,0.50035
1990/8/5 0:00,0.7781,1.967,0.855432,0.671326,0.211242,0.007698,0.5663748,0.50035
1990/8/6 0:00,0.7794,1.9665,0.854701,0.671326,0.211242,0.007708,0.5663748,0.50035
1990/8/7 0:00,0.7725,1.9642,0.85778,0.671326,0.211242,0.007716,0.5663748,0.51912
1990/8/8 0:00,0.7707,1.961,0.858738,0.671326,0.211242,0.007715,0.5663748,0.50035
1990/8/9 0:00,0.772,1.9595,0.860511,0.6715978,0.211242,0.007736,0.5663748,0.50035
1990/8/10 0:00,0.7635,1.9707,0.7242434,0.6820124,0.191015,0.007752,0.5970948,0.53835
1990/8/11 0:00,0.7653,1.9698,0.6967518,0.6820124,0.191015,0.007755,0.5970948,0.51878
1990/8/12 0:00,0.7635,1.9685,0.7242434,0.6784830000000001,0.191015,0.007834,0.5910708,0.53835
1990/8/13 0:00,0.7658,1.967,0.6967518,0.6784830000000001,0.191015,0.007852,0.584379,0.50035
1990/8/14 0:00,0.7663,1.9658,0.6967518,0.6784140000000001,0.191015,0.007767,0.5970948,0.50035
1990/8/15 0:00,0.7684,1.976,0.6967518,0.6726190000000001,0.191015,0.007792,0.5970948,0.50035
1990/8/16 0:00,0.7691,1.972,0.6967518,0.688354,0.191015,0.007701,0.5970948,0.51894
1990/8/17 0:00,0.7722,1.9515,0.6995693999999999,0.6786506,0.191015,0.00755,0.5812267999999999,0.54398
1990/8/18 0:00,0.774,1.9392,0.6995693999999999,0.6780742,0.191015,0.007513,0.5812267999999999,0.5415
1990/8/19 0:00,0.7768,1.9195,0.6960135999999999,0.6780742,0.191015,0.00744,0.5812267999999999,0.5642400000000001
1990/8/20 0:00,0.7773,1.926,0.6995693999999999,0.6780742,0.191015,0.00746,0.5812267999999999,0.52212
1990/8/21 0:00,0.7692,1.922,0.733231,0.7028112,0.191015,0.007433,0.5807711999999999,0.5221199999999999
1990/8/22 0:00,0.77,1.938,0.7266026,0.6786506,0.191015,0.007556,0.5812267999999999,0.60658
1990/8/23 0:00,0.7735,1.95,0.7453079999999999,0.6754996,0.12639499999999998,0.007631,0.582072,0.61907
1990/8/24 0:00,0.7667,1.9425,0.7586016,0.6959604,0.12082200000000001,0.007582,0.584283,0.6385
1990/8/25 0:00,0.7677,1.939,0.7999417999999999,0.6772164,0.1212176,0.00757,0.58326,0.60002
1990/8/26 0:00,0.766,1.944,0.7391281999999999,0.6772164,0.12082180000000001,0.007586,0.583431,0.60969
1990/8/27 0:00,0.7581,1.9435,0.7150977999999999,0.6772164,0.12082200000000001,0.007568,0.584454,0.62076
1990/8/28 0:00,0.7675,1.9391,0.7620434,0.6772164,0.12069080000000001,0.007522,0.58309,0.6069500000000001
1990/8/29 0:00,0.766,1.9285,0.7602814,0.6772164,0.1208216,0.007505,0.582751,0.61635
1990/8/30 0:00,0.7701,1.935,0.7662260000000001,0.7106283999999999,0.134072,0.007506,0.580552,0.62662
1990/8/31 0:00,0.771,1.931,0.7073082000000002,0.6772164,0.1627728,0.007454,0.578704,0.57636
1990/9/1 0:00,0.7734,1.906,0.77623,0.6772164,0.1409596,0.007416,0.576037,0.66097
1990/9/2 0:00,0.773,1.885,0.7392270000000001,0.7088958,0.16248559999999998,0.007375,0.573559,0.59518
1990/9/3 0:00,0.774,1.867,0.753868,0.7059605999999999,0.14893279999999998,0.00735,0.573559,0.6194
1990/9/4 0:00,0.774,1.885,0.726667,0.6772164,0.1539866,0.00735,0.569801,0.6160500000000001
1990/9/5 0:00,0.7675,1.887,0.793841,0.6891254,0.1209488,0.007329,0.569963,0.61757
1990/9/6 0:00,0.77,1.921,0.7679942,0.6946130000000001,0.13433199999999998,0.007401,0.573559,0.61941
1990/9/7 0:00,0.772,1.9285,0.7556407999999999,0.7281674,0.1213538,0.007366,0.574713,0.6055699999999999
1990/9/8 0:00,0.7735,1.9425,0.753868,0.7365306,0.1269208,0.007429,0.573559,0.66376
1990/9/9 0:00,0.7784,1.9465,0.8476086,0.6772164,0.1609648,0.007516,0.573394,0.58354
1990/9/10 0:00,0.7793,1.932,0.7839054,0.6772164,0.1747266,0.007402,0.570939,0.5870999999999998
1990/9/11 0:00,0.7775,1.905,0.7901006,0.677563,0.1876342,0.007315,0.568828,0.55202
1990/9/12 0:00,0.7785,1.906,0.7951957999999999,0.677563,0.17494780000000001,0.007329,0.568182,0.5828599999999999
1990/9/13 0:00,0.7728,1.9258,0.6989979999999999,0.6918458000000001,0.1630184,0.00746,0.568343,0.6149600000000002
1990/9/14 0:00,0.7733,1.905,0.7189844000000001,0.6772164,0.16805799999999999,0.007429,0.56899,0.61548
1990/9/15 0:00,0.7728,1.907,0.6989979999999999,0.6918458000000001,0.1635374,0.007449,0.568505,0.61496
1990/9/16 0:00,0.7765,1.9045,0.7715032000000001,0.6915902,0.161271,0.007405,0.566733,0.56502
1990/9/17 0:00,0.781,1.904,0.8425882,0.6772164,0.1789462,0.007358,0.566893,0.52772
1990/9/18 0:00,0.7889,1.9047,0.6576181999999999,0.6748732000000001,0.12080919999999999,0.007307,0.565611,0.5579700000000001
1990/9/19 0:00,0.7817,1.9228,0.7813153999999999,0.7043148,0.1344984,0.007526,0.572902,0.6037399999999999
1990/9/20 0:00,0.7778,1.9416,0.7809788,0.7043148,0.13447199999999998,0.00753,0.572902,0.6039599999999999
1990/9/21 0:00,0.782,1.9477,0.8442282000000001,0.6772164,0.19697440000000002,0.007593,0.577367,0.56631
1990/9/22 0:00,0.7841,1.955,0.8521148000000001,0.6772164,0.1737444,0.007552,0.576535,0.5745
1990/9/23 0:00,0.7787,1.96,0.8470144,0.6772164,0.18864299999999998,0.007563,0.579206,0.5865600000000001
1990/9/24 0:00,0.776,1.9575,0.75118,0.6772164,0.1474626,0.00756,0.579206,0.63014
1990/9/25 0:00,0.7812,1.9642,0.766443,0.6772164,0.160581,0.007564,0.579206,0.6263599999999999
1990/9/26 0:00,0.7836,1.9695,0.8471720000000001,0.6935436,0.18712420000000002,0.007603,0.579374,0.5877199999999999
1990/9/27 0:00,0.785,1.961,0.8354776000000002,0.6754996,0.18673099999999998,0.007599,0.578369,0.58822
1990/9/28 0:00,0.7826,1.965,0.8228978000000001,0.692443,0.1605578,0.007607,0.577034,0.59148
1990/9/29 0:00,0.782,1.9763,0.8295096,0.6754996,0.1608054,0.007607,0.577367,0.57022
1990/9/30 0:00,0.7817,1.9772,0.7244206,0.6785814,0.1344988,0.007629,0.581734,0.5961799999999999
1990/10/1 0:00,0.7765,1.983,0.8236526,0.800641,0.134996,0.007708,0.5955008,0.62676
1990/10/2 0:00,0.7787,1.999,0.7966192,0.809913,0.1404318,0.007791,0.6348895999999999,0.616075
1990/10/3 0:00,0.7816,1.9965,0.8189926,0.808081,0.1341802,0.007816,0.594234,0.580615
1990/10/4 0:00,0.7796,1.987,0.7569584,0.803536,0.12028940000000002,0.007819,0.5781267999999999,0.6007
1990/10/5 0:00,0.7793,1.997,0.7569584,0.809389,0.12028940000000002,0.00783,0.5781267999999999,0.601
1990/10/6 0:00,0.7809,1.9915,0.7388522,0.803213,0.12016299999999999,0.007794,0.5703216,0.6032
1990/10/7 0:00,0.7875,1.9918,0.7388522,0.80032,0.12016299999999999,0.007747,0.6018644,0.6071
1990/10/8 0:00,0.7869,1.98,0.7388522000000001,0.795545,0.12016299999999999,0.007704,0.586174,0.6062
1990/10/9 0:00,0.7886,1.69895,0.7388522,0.788644,0.12108719999999999,0.007666,0.6242152,0.6058
1990/10/10 0:00,0.788,1.60426,0.7388522,0.780336,0.1218518,0.007602,0.6511874,0.6045
1990/10/11 0:00,0.7873,1.8531900000000001,0.7890398,0.781372,0.141842,0.007587,0.6101042,0.5993
1990/10/12 0:00,0.788,1.63442,0.7388522,0.784745,0.12028760000000001,0.00761,0.6320214,0.5992
1990/10/13 0:00,0.7838,1.87742,0.813542,0.775494,0.1589922,0.007564,0.6024996,0.5972
1990/10/14 0:00,0.7833,1.91518,0.8122936,0.766871,0.15999800000000003,0.007499,0.6112196,0.5974
1990/10/15 0:00,0.784,1.82363,0.813542,0.766284,0.1426346,0.007527,0.6102456,0.6002
1990/10/16 0:00,0.7836,1.8665006000000002,0.7898742000000001,0.759878,0.1574744,0.00756,0.592473,0.5988
1990/10/17 0:00,0.7853,1.8499400000000001,0.7886336,0.753863,0.1400224,0.007522,0.6211804,0.5995
1990/10/18 0:00,0.7848,1.88736,0.7922962,0.750751,0.13988680000000003,0.007432,0.6054362,0.601
1990/10/19 0:00,0.7763,1.8800000000000001,0.774654,0.746269,0.1528122,0.007377,0.5733682000000001,0.5977
1990/10/20 0:00,0.7727,1.911,0.8006059999999999,0.748783,0.1708984,0.007386,0.5708219999999999,0.5977
1990/10/21 0:00,0.7669,1.86266,0.8297395999999999,0.729661,0.1347276,0.007241,0.5806694,0.598
1990/10/22 0:00,0.7673,1.91617,0.8297395999999999,0.733945,0.12042299999999999,0.007337,0.5806694,0.5979
1990/10/23 0:00,0.7651,1.64253,0.6707626,0.6475068,0.12133920000000001,0.007331,0.5638951999999999,0.596
1990/10/24 0:00,0.7688,1.75408,0.711481,0.6894942000000001,0.1218048,0.007356,0.5737036,0.5968
1990/10/25 0:00,0.7713,1.8123799999999999,0.7174482,0.677732,0.1213336,0.007289,0.5688944,0.5965
1990/10/26 0:00,0.7679,1.9228700000000003,0.7075932,0.686512,0.12082219999999999,0.007239,0.568677,0.593
1990/10/27 0:00,0.7696,1.89391,0.7709542,0.6475068,0.12082280000000001,0.007239,0.5609254,0.594
1990/10/28 0:00,0.7683,1.7404800000000002,0.6707626,0.6475068,0.12166219999999998,0.007215,0.5638951999999999,0.5953
1990/10/29 0:00,0.7712,1.90516,0.7697314000000001,0.7014442,0.1221736,0.007267,0.5858004,0.5957
1990/10/30 0:00,0.773,1.9057600000000001,0.6995693999999999,0.6780742,0.191015,0.007289,0.571994,0.5945
1990/10/31 0:00,0.771,1.9367999999999999,0.6995693999999999,0.6780742,0.191015,0.007224,0.5783436,0.5891
1990/11/1 0:00,0.7713,1.9367999999999999,0.6995693999999999,0.6780742,0.191015,0.007228,0.5783436,0.5865
1990/11/2 0:00,0.7742,1.91674,0.6995693999999999,0.6780742,0.191015,0.007189,0.5762662000000001,0.5865
1990/11/3 0:00,0.775,1.91251,0.6995693999999999,0.6780742,0.191015,0.007082,0.5812267999999999,0.5865
1990/11/4 0:00,0.773,1.9057600000000001,0.6995694,0.6780742,0.191015,0.007112,0.572091,0.5865
1990/11/5 0:00,0.775,1.91251,0.6995693999999999,0.6780742,0.191015,0.007133,0.5812267999999999,0.5873
1990/11/6 0:00,0.775,1.91251,0.6995693999999999,0.6780742,0.191015,0.007231,0.5812267999999999,0.59
1990/11/7 0:00,0.7786,1.9487,0.6995693999999999,0.6780742,0.191015,0.007278,0.5740689999999999,0.5928
1990/11/8 0:00,0.7842,1.9569500000000002,0.6995693999999999,0.6780742,0.191015,0.007355,0.5779098,0.5925
1990/11/9 0:00,0.786,1.7870286,0.6995694,0.6780742,0.191015,0.007305,0.5812267999999999,0.5943
1990/11/10 0:00,0.7846,1.9154600000000002,0.6995693999999999,0.6780742,0.191015,0.007286,0.5782765999999999,0.5917
1990/11/11 0:00,0.7857,1.7870286,0.6995693999999999,0.6780742,0.189204,0.007402,0.5812267999999999,0.5905
1990/11/12 0:00,0.7871,1.7433485999999998,0.6995693999999999,0.6780742,0.189204,0.007334,0.5812267999999999,0.591
1990/11/13 0:00,0.7818,1.9641000000000002,0.6995693999999999,0.6780742,0.189204,0.007356,0.5785214,0.5898
1990/11/14 0:00,0.7844,1.9154600000000002,0.6995693999999999,0.6780742,0.189297,0.007337,0.5779097999999999,0.5895
1990/11/15 0:00,0.7803,1.9337500000000003,0.6995693999999999,0.6780742,0.189297,0.007436,0.5812267999999999,0.5896
1990/11/16 0:00,0.7799,1.94488,0.6995693999999999,0.6780742,0.189297,0.007416,0.5812267999999999,0.5921
1990/11/17 0:00,0.779,1.9487,0.6995694,0.6780742,0.189297,0.007334,0.5767906,0.5908
1990/11/18 0:00,0.7776,1.9368636000000001,0.6995693999999999,0.7179452,0.189072,0.00731,0.5759402,0.5909
1990/11/19 0:00,0.7728,1.9057600000000001,0.6995693999999999,0.6780742,0.188754,0.007216,0.571994,0.5885
1990/11/20 0:00,0.7703,1.92297,0.6995693999999999,0.6780742,0.188384,0.007171,0.5784164,0.5841
1990/11/21 0:00,0.775,1.9077300000000001,0.6995693999999999,0.6780742,0.188551,0.00725,0.5812267999999999,0.5885
1990/11/22 0:00,0.7741,1.9101,0.6995693999999999,0.6780742,0.188551,0.007244,0.5762662000000001,0.5843
1990/11/23 0:00,0.7768,1.9383199999999998,0.6995693999999999,0.6780742,0.188551,0.007244,0.5759494000000001,0.5843
1990/11/24 0:00,0.7795,1.9486999999999999,0.6995693999999999,0.6780742,0.188551,0.00724,0.5767906,0.585
1990/11/25 0:00,0.7792,1.9487,0.6995693999999999,0.6780742,0.188551,0.007262,0.5767906,0.5847
1990/11/26 0:00,0.7788,1.9487,0.6995693999999999,0.6780742,0.188654,0.007267,0.5770718,0.588
1990/11/27 0:00,0.778,1.9368636000000001,0.6995693999999999,0.7179452,0.188654,0.007241,0.5768534,0.5853
1990/11/28 0:00,0.7764,1.9383200000000003,0.6995693999999999,0.6780742,0.188654,0.007218,0.576782,0.5848
1990/11/29 0:00,0.7795,1.9486999999999999,0.6995693999999999,0.6780742,0.187966,0.007222,0.5767906,0.5875
1990/11/30 0:00,0.7807,1.9529400000000003,0.6995693999999999,0.6780742,0.187966,0.007249,0.5759814000000001,0.5876
1990/12/1 0:00,0.7838,1.9592800000000001,0.6995693999999999,0.6780742,0.187966,0.007228,0.5787760000000001,0.5887
1990/12/2 0:00,0.783,1.9627000000000003,0.6995693999999999,0.6780742,0.187744,0.007179,0.5780096,0.5899
1990/12/3 0:00,0.7838,1.9592800000000001,0.6995693999999999,0.6780742,0.187744,0.007207,0.5787760000000001,0.5892
1990/12/4 0:00,0.7791,1.9487,0.6995693999999999,0.6780742,0.187744,0.007173,0.5776232,0.5875
1990/12/5 0:00,0.7788,1.9487,0.6995693999999999,0.6780742,0.187744,0.007239,0.5770718,0.5881
1990/12/6 0:00,0.7835,1.95775,0.6995693999999999,0.6780742,0.187966,0.007247,0.5784776,0.5896
1990/12/7 0:00,0.7834,1.95811,0.6995693999999999,0.6780742,0.187966,0.00727,0.5784776,0.5912
1990/12/8 0:00,0.7825,1.9578,0.6995693999999999,0.6780742,0.187966,0.00722,0.5780096,0.5902
1990/12/9 0:00,0.7824,1.9578,0.6995693999999999,0.6780742,0.187505,0.007235,0.5780096,0.5882
1990/12/10 0:00,0.7765,1.9383200000000003,0.6995693999999999,0.6780742,0.187505,0.007273,0.5759494000000001,0.5888
1990/12/11 0:00,0.7715,1.9183300000000003,0.6995693999999999,0.6780742,0.187631,0.007244,0.5775454,0.5875
1990/12/12 0:00,0.7565,1.7835286,0.6995693999999999,0.6780742,0.18741,0.007261,0.5812267999999999,0.5785
1990/12/13 0:00,0.759,1.80524,0.7280964,0.6780742,0.18741,0.007225,0.5859074,0.582
1990/12/14 0:00,0.7603,1.7433485999999998,0.6995693999999999,0.6780742,0.18741,0.007257,0.5754696,0.5825
1990/12/15 0:00,0.7605,1.7820399999999998,0.6995693999999999,0.6780742,0.18741,0.007236,0.5812267999999999,0.5834
1990/12/16 0:00,0.7565,1.4940000000000002,0.6681864,0.6772164,0.186951,0.007254,0.567215,0.5828
1990/12/17 0:00,0.7594,1.4940000000000002,0.6594127999999999,0.6772164,0.186951,0.007223,0.566412,0.581
1990/12/18 0:00,0.7575,1.4940000000000002,0.6594127999999999,0.6772164,0.186787,0.00719,0.564812,0.5811
1990/12/19 0:00,0.76,1.4940000000000002,0.6594127999999999,0.6772164,0.186619,0.007212,0.564493,0.583
1990/12/20 0:00,0.7603,1.4940000000000002,0.6594127999999999,0.6772164,0.186619,0.007188,0.564334,0.5824
1990/12/21 0:00,0.7507,1.4940000000000002,0.6594127999999999,0.6772164,0.186619,0.007185,0.563222,0.5795
1990/12/22 0:00,0.7515,1.4940000000000002,0.6594127999999999,0.6772164,0.186619,0.007127,0.562588,0.5797
1990/12/23 0:00,0.752,1.4940000000000002,0.6594127999999999,0.6772164,0.18631,0.007047,0.560695,0.5763
1990/12/24 0:00,0.755,1.49516,0.6594127999999999,0.6772164,0.18631,0.007082,0.561167,0.574
1990/12/25 0:00,0.7548,1.49496,0.6594127999999999,0.6772164,0.18631,0.007047,0.559284,0.5718
1990/12/26 0:00,0.754,1.49496,0.6594127999999999,0.6772164,0.186092,0.007076,0.558659,0.5712
1990/12/27 0:00,0.7598,1.4940000000000002,0.6594127999999999,0.6772164,0.186092,0.007094,0.559128,0.576
1990/12/28 0:00,0.763,1.4940000000000002,0.6594127999999999,0.6772164,0.186092,0.007097,0.557724,0.575
1990/12/29 0:00,0.7631,1.4940000000000002,0.6594127999999999,0.6772164,0.186092,0.007139,0.559284,0.5753
1990/12/30 0:00,0.7641,1.4940000000000002,0.7479775999999999,0.6772164,0.186254,0.007208,0.563222,0.576
1990/12/31 0:00,0.765,1.4940000000000002,0.7040474,0.6772164,0.186254,0.007194,0.563063,0.5752
1991/1/1 0:00,0.7645,1.4940000000000002,0.7479775999999999,0.6772164,0.186254,0.007199,0.56243,0.575
1991/1/2 0:00,0.765,1.4940000000000002,0.7040474,0.6772164,0.186254,0.007204,0.565611,0.5755
1991/1/3 0:00,0.767,1.4940000000000002,0.7930778,0.6772164,0.186254,0.007231,0.565771,0.5763
1991/1/4 0:00,0.7675,1.5715,0.8383534000000001,0.6772164,0.186254,0.007241,0.567215,0.5773
1991/1/5 0:00,0.767,1.4940000000000002,0.7930778,0.6772164,0.186254,0.007252,0.564972,0.5754
1991/1/6 0:00,0.7651,1.49496,0.7040474,0.6772164,0.186254,0.007225,0.565707,0.5723
1991/1/7 0:00,0.7643,1.4942,0.7479775999999999,0.6772164,0.185929,0.007206,0.564972,0.568
1991/1/8 0:00,0.7642,1.4942,0.7479775999999999,0.6772164,0.185711,0.007168,0.564334,0.5685
1991/1/9 0:00,0.7651,1.49536,0.7040474,0.6772164,0.185711,0.007228,0.565931,0.5665
1991/1/10 0:00,0.7665,1.573,0.7994744,0.6772164,0.185912,0.007208,0.567376,0.5686
1991/1/11 0:00,0.765,1.57276,0.7040474,0.635526,0.186074,0.007212,0.568666,0.5667
1991/1/12 0:00,0.7664,1.5734,0.7905665999999999,0.636132,0.186074,0.007219,0.56802,0.5632
1991/1/13 0:00,0.7664,1.5722,0.7905665999999999,0.62901,0.186074,0.007216,0.568666,0.5618
1991/1/14 0:00,0.77,1.73887,0.6594127999999999,0.645203,0.186074,0.007313,0.571102,0.5624
1991/1/15 0:00,0.7738,1.8134700000000001,0.6594127999999999,0.646078,0.186293,0.007315,0.571102,0.5627
1991/1/16 0:00,0.7755,1.6551599999999997,0.872372,0.64041,0.186293,0.007291,0.570613,0.5645
1991/1/17 0:00,0.776,1.65516,0.871536,0.643708,0.186293,0.00731,0.570451,0.5648
1991/1/18 0:00,0.773,1.8228000000000002,0.866176,0.651254,0.186293,0.00731,0.571102,0.563
1991/1/19 0:00,0.7785,1.8451199999999996,0.862069,0.660066,0.186293,0.007329,0.571102,0.5674
1991/1/20 0:00,0.7755,1.7380600000000002,0.864528,0.656599,0.18655,0.007275,0.570776,0.5667
1991/1/21 0:00,0.7738,1.64756,0.864454,0.655523,0.18655,0.0073,0.571265,0.565
1991/1/22 0:00,0.7751,1.73796,0.867679,0.661463,0.18655,0.007279,0.57241,0.5664
1991/1/23 0:00,0.7758,1.7439799999999999,0.869717,0.660066,0.18655,0.007252,0.571102,0.571
1991/1/24 0:00,0.7761,1.66358,0.870246,0.652529,0.18655,0.007237,0.571429,0.5712
1991/1/25 0:00,0.7792,1.8471800000000003,0.868583,0.654108,0.18655,0.00725,0.572082,0.5711
1991/1/26 0:00,0.778,1.7607199999999998,0.868131,0.655308,0.18655,0.007277,0.57323,0.5708
1991/1/27 0:00,0.7765,1.7486799999999998,0.869338,0.651169,0.18655,0.007264,0.574053,0.5714
1991/1/28 0:00,0.779,1.93722,0.86881,0.66313,0.18655,0.007313,0.5729246,0.5725
1991/1/29 0:00,0.7802,1.8568685999999999,0.869717,0.667111,0.18655,0.007316,0.5885832000000001,0.5757
1991/1/30 0:00,0.7822,1.9578,0.870549,0.668807,0.186679,0.007368,0.5772807999999999,0.574
1991/1/31 0:00,0.7835,1.9596399999999998,0.87146,0.66912,0.186679,0.007361,0.5777357999999999,0.5741
1991/2/1 0:00,0.7825,1.9578,0.872068,0.66335,0.186679,0.007328,0.5772807999999999,0.5735
1991/2/2 0:00,0.7835,1.9596399999999998,0.871992,0.6777918,0.186505,0.007305,0.5770705999999999,0.5711
1991/2/3 0:00,0.7839,1.91928,0.871916,0.6777918,0.186505,0.007324,0.577271,0.5717
1991/2/4 0:00,0.7825,1.9578,0.8726,0.6777918,0.186505,0.007325,0.5759426,0.5738
1991/2/5 0:00,0.7821,1.9578,0.87382,0.6777918,0.186505,0.00732,0.5768826,0.573
1991/2/6 0:00,0.7785,1.95062,0.874585,0.6777918,0.186505,0.007328,0.5737454,0.5731
1991/2/7 0:00,0.7776,1.9368636000000001,0.873897,0.7185216000000001,0.186234,0.007286,0.5716697999999999,0.5732
1991/2/8 0:00,0.779,1.9486999999999999,0.873897,0.6777918,0.185925,0.007231,0.5733528,0.5705
1991/2/9 0:00,0.7815,1.95294,0.87558,0.6777918,0.185405,0.007275,0.5751556,0.575
1991/2/10 0:00,0.784,1.91928,0.874279,0.6777918,0.18557,0.00731,0.577271,0.5753
1991/2/11 0:00,0.7871,1.79121,0.874508,0.6777918,0.18566,0.00733,0.6054191999999999,0.5755
1991/2/12 0:00,0.7855,1.82972,0.874126,0.6777918,0.18566,0.007294,0.5913806,0.5742
1991/2/13 0:00,0.7845,1.8751000000000002,0.873744,0.6777918,0.18566,0.007299,0.5845334,0.5735
1991/2/14 0:00,0.7841,1.91928,0.875887,0.6777918,0.18566,0.007299,0.577271,0.573
1991/2/15 0:00,0.7845,1.8751000000000002,0.876578,0.6777918,0.18566,0.007321,0.5845334,0.5741
1991/2/16 0:00,0.7842,1.8751000000000002,0.876732,0.6777918,0.18566,0.007299,0.5845334,0.575
1991/2/17 0:00,0.7852,1.8751000000000002,0.875503,0.6777918,0.18566,0.007307,0.5913806,0.5744
1991/2/18 0:00,0.7781,1.9368636,0.876655,0.6777918,0.18566,0.007352,0.5716697999999999,0.5723
1991/2/19 0:00,0.7848,1.8751000000000002,0.875887,0.6777918,0.18566,0.007391,0.5845334,0.5745
1991/2/20 0:00,0.7856,1.692,0.876424,0.6777918,0.18566,0.00736,0.5916368000000001,0.5798
1991/2/21 0:00,0.7867,1.6975,0.877578,0.6777918,0.18566,0.007345,0.5974128000000001,0.5814
1991/2/22 0:00,0.7905,1.73,0.877886,0.6777918,0.18566,0.00741,0.5960631999999999,0.5825
1991/2/23 0:00,0.7878,1.7295,0.876732,0.6777918,0.185753,0.007416,0.5960631999999999,0.5822
1991/2/24 0:00,0.7896,1.7252,0.878889,0.6777918,0.185753,0.00741,0.5919532,0.582
1991/2/25 0:00,0.7958,1.7335,0.87943,0.6777918,0.185753,0.007459,0.6058283999999999,0.5843
1991/2/26 0:00,0.7963,1.7325,0.880204,0.6777918,0.185753,0.007464,0.5960406,0.5863
1991/2/27 0:00,0.7995,1.742,0.879894,0.6777918,0.185753,0.007473,0.6052881999999999,0.587
1991/2/28 0:00,0.7957,1.7275,0.879894,0.6772164,0.185532,0.007435,0.590319,0.5839
1991/3/1 0:00,0.7974,1.7285,0.880669,0.6772164,0.185532,0.007442,0.589623,0.5843
1991/3/2 0:00,0.8011,1.744,0.881446,0.6772164,0.185532,0.007516,0.592066,0.5845
1991/3/3 0:00,0.8002,1.738,0.881834,0.6772164,0.185532,0.007514,0.591191,0.5856
1991/3/4 0:00,0.7961,1.7333,0.881446,0.6772164,0.185532,0.007502,0.590493,0.5737
1991/3/5 0:00,0.7935,1.7325,0.880902,0.6772164,0.185532,0.007481,0.590842,0.5643
1991/3/6 0:00,0.7965,1.737,0.881601,0.6772164,0.185532,0.007496,0.58997,0.5693
1991/3/7 0:00,0.7971,1.7485,0.883783,0.6772163999999999,0.185532,0.007508,0.592066,0.5678
1991/3/8 0:00,0.8004,1.751,0.884173,0.6772163999999999,0.185532,0.007537,0.592839,0.5699
1991/3/9 0:00,0.7953,1.5453,0.883939,0.6754996,0.185532,0.007647,0.592242,0.568
1991/3/10 0:00,0.794,1.4945599999999999,0.88347,0.671326,0.185687,0.007691,0.591716,0.5665
1991/3/11 0:00,0.796,1.5454599999999998,0.885347,0.6704326,0.185687,0.007734,0.591541,0.5671
1991/3/12 0:00,0.7934,1.4942,0.886132,0.671326,0.185687,0.007686,0.590319,0.5673
1991/3/13 0:00,0.7955,1.4942,0.88574,0.6732968,0.185377,0.007678,0.589275,0.568
1991/3/14 0:00,0.7943,1.4938600000000002,0.884564,0.6732967999999999,0.185377,0.007672,0.590493,0.5654
1991/3/15 0:00,0.797,1.4948000000000001,0.885426,0.671326,0.185377,0.007708,0.590667,0.5635
1991/3/16 0:00,0.8,1.4942,0.885112,0.671326,0.185377,0.007679,0.589623,0.5679
1991/3/17 0:00,0.7955,1.4938600000000002,0.884408,0.671326,0.185377,0.007691,0.58997,0.5661
1991/3/18 0:00,0.798,1.4938600000000002,0.886525,0.671326,0.185377,0.007706,0.58997,0.5658
1991/3/19 0:00,0.7968,1.4938600000000002,0.887311,0.6754996,0.185377,0.007649,0.590145,0.566
1991/3/20 0:00,0.795,1.4934,0.887548,0.6754996,0.185377,0.007622,0.589623,0.5628
1991/3/21 0:00,0.784,1.4940000000000002,0.886918,0.6754996,0.185377,0.007602,0.588928,0.5526
1991/3/22 0:00,0.7854,1.4909400000000002,0.888573,0.6754996,0.185377,0.007623,0.590145,0.5565
1991/3/23 0:00,0.7855,1.4909400000000002,0.888415,0.6754996,0.185377,0.00761,0.589275,0.5565
1991/3/24 0:00,0.7871,1.4912,0.890313,0.6754996,0.185849,0.007648,0.588928,0.5551
1991/3/25 0:00,0.7845,1.4909400000000002,0.890631,0.68306,0.185377,0.007629,0.590319,0.5563
1991/3/26 0:00,0.7791,1.4909400000000002,0.890472,0.682594,0.185377,0.007657,0.591017,0.5566
1991/3/27 0:00,0.7845,1.4942,0.892061,0.696961,0.185377,0.007758,0.598802,0.564
1991/3/28 0:00,0.7836,1.4948000000000001,0.89222,0.690131,0.185377,0.007704,0.597372,0.5633
1991/3/29 0:00,0.7854,1.49432,0.888099,0.68918,0.185271,0.007673,0.59453,0.5585
1991/3/30 0:00,0.7863,1.4934,0.883314,0.690846,0.185178,0.0077,0.597015,0.5618
1991/3/31 0:00,0.7851,1.5842699999999998,0.884408,0.688231,0.185268,0.007689,0.597372,0.5611
1991/4/1 0:00,0.7866,1.4938600000000002,0.886525,0.701262,0.185268,0.007734,0.600781,0.5654
1991/4/2 0:00,0.7883,1.4945599999999999,0.885975,0.704722,0.185268,0.007695,0.60006,0.5667
1991/4/3 0:00,0.789,1.4938600000000002,0.880359,0.703235,0.185268,0.007706,0.600781,0.566
1991/4/4 0:00,0.7911,1.4942,0.880437,0.671326,0.18534,0.007715,0.600962,0.5673
1991/4/5 0:00,0.7915,1.4940000000000002,0.878889,0.671326,0.185117,0.00772,0.601685,0.569
1991/4/6 0:00,0.7918,1.7316600000000002,0.877501,0.672619,0.185117,0.007827,0.604047,0.5682
1991/4/7 0:00,0.7888,1.4945599999999999,0.880282,0.672619,0.185117,0.007806,0.605327,0.567
1991/4/8 0:00,0.7868,1.5260268,0.879507,0.6732968,0.185117,0.007676,0.599161,0.564
1991/4/9 0:00,0.7844,1.5240268000000001,0.881057,0.671326,0.184792,0.007688,0.599341,0.561
1991/4/10 0:00,0.784,1.8234299999999997,0.882223,0.671326,0.184792,0.007695,0.603136,0.5627
1991/4/11 0:00,0.7855,1.4934,0.881679,0.671326,0.184792,0.007719,0.601142,0.5619
1991/4/12 0:00,0.7851,1.4934,0.880747,0.671326,0.184792,0.007719,0.60241,0.5623
1991/4/13 0:00,0.7818,1.83086,0.879507,0.6715978,0.184792,0.007766,0.603136,0.5618
1991/4/14 0:00,0.7784,1.7795636000000001,0.879662,0.672619,0.184792,0.0078,0.605327,0.56
1991/4/15 0:00,0.7735,1.4909400000000002,0.880204,0.6726190000000001,0.184792,0.007788,0.606612,0.5566
1991/4/16 0:00,0.7728,1.7730900000000003,0.879972,0.672619,0.14765260000000002,0.00777,0.605694,0.5562
1991/4/17 0:00,0.772,1.7242899999999999,0.876655,0.6715978,0.13485039999999998,0.007743,0.604595,0.5552
1991/4/18 0:00,0.7711,1.49372,0.87558,0.6715978,0.1621466,0.007738,0.604595,0.5588
1991/4/19 0:00,0.7705,1.7408000000000001,0.87535,0.6715978,0.15577500000000002,0.007764,0.6035,0.5576
1991/4/20 0:00,0.773,1.67895,0.874355,0.672619,0.1310502,0.007784,0.606428,0.557
1991/4/21 0:00,0.7737,1.71353,0.872981,0.672619,0.1399066,0.007776,0.607533,0.554
1991/4/22 0:00,0.7731,1.66159,0.871992,0.672619,0.1258654,0.007785,0.606796,0.5496
1991/4/23 0:00,0.7715,1.7622499999999999,0.86408,0.672619,0.1353644,0.007792,0.608088,0.5507
1991/4/24 0:00,0.767,1.6878,0.865801,0.6784830000000001,0.145317,0.007839,0.609756,0.543
1991/4/25 0:00,0.7604,1.6927274,0.861995,0.6819638,0.13207059999999998,0.007902,0.614251,0.5435
1991/4/26 0:00,0.7601,1.648452,0.861401,0.6952584,0.15241180000000001,0.00784,0.613497,0.544
1991/4/27 0:00,0.7608,1.6471320000000003,0.861104,0.6784922,0.14232419999999998,0.007888,0.613121,0.5445
1991/4/28 0:00,0.7624,1.6765974,0.861846,0.6855998,0.13207059999999998,0.007964,0.614628,0.5435
1991/4/29 0:00,0.7597,1.723402,0.86326,0.6855998,0.1208108,0.007952,0.613121,0.5405
1991/4/30 0:00,0.7593,1.72286,0.865202,0.7326331999999999,0.1235738,0.008006,0.616903,0.5403
1991/5/1 0:00,0.7565,1.63975,0.868432,0.6840470000000001,0.152721,0.008032,0.615006,0.5375
1991/5/2 0:00,0.7572,1.845,0.871612,0.6853846000000001,0.1218356,0.008013,0.613497,0.5379
1991/5/3 0:00,0.7641,1.877,0.874661,0.6859306000000001,0.12232640000000002,0.008058,0.615006,0.5495
1991/5/4 0:00,0.7551,1.871,0.875657,0.6840470000000001,0.1218138,0.008039,0.615385,0.5515
1991/5/5 0:00,0.7564,1.871,0.875044,0.6853845999999999,0.1218356,0.008006,0.616523,0.5494
1991/5/6 0:00,0.7465,1.831,0.870322,0.6855998,0.120824,0.007974,0.614553,0.5442
1991/5/7 0:00,0.7365,1.792,0.866326,0.6784830000000001,0.120824,0.007871,0.61106,0.5417
1991/5/8 0:00,0.742,1.8015,0.870322,0.6784830000000002,0.120824,0.007883,0.610501,0.5443
1991/5/9 0:00,0.7458,1.789,0.870474,0.6784830000000001,0.120824,0.007886,0.611808,0.5435
1991/5/10 0:00,0.7415,1.753,0.864828,0.6726190000000001,0.120824,0.007788,0.606796,0.5385
1991/5/11 0:00,0.7419,1.7605,0.867077,0.6726190000000001,0.120824,0.007795,0.608272,0.5397
1991/5/12 0:00,0.743,1.777,0.867152,0.6784830000000001,0.120824,0.007846,0.608643,0.5415
1991/5/13 0:00,0.7504,1.807,0.866701,0.6859306000000001,0.120824,0.008117,0.613497,0.5422
1991/5/14 0:00,0.7513,1.8065,0.865876,0.6859306000000001,0.120824,0.008116,0.61237,0.5405
1991/5/15 0:00,0.7449,1.7951,0.863334,0.6859306000000001,0.120824,0.008071,0.611995,0.5403
1991/5/16 0:00,0.7398,1.8055,0.856531,0.6859306000000001,0.120824,0.008102,0.610314,0.5405
1991/5/17 0:00,0.7383,1.776,0.852442,0.6855998,0.120824,0.007974,0.611621,0.5365
1991/5/18 0:00,0.7443,1.7945,0.851571,0.6855998,0.120824,0.007961,0.61237,0.5409
1991/5/19 0:00,0.7431,1.806,0.853024,0.6855998,0.120824,0.007971,0.61237,0.5406
1991/5/20 0:00,0.748,1.773,0.848896,0.6859562,0.120824,0.007937,0.611995,0.5399
1991/5/21 0:00,0.7521,1.789,0.850919,0.6855998,0.120824,0.007965,0.610501,0.5402
1991/5/22 0:00,0.7524,1.7995,0.852442,0.6855998,0.120824,0.00794,0.613874,0.54
1991/5/23 0:00,0.749,1.8015,0.846883,0.6854288,0.1332162,0.007927,0.614628,0.5415
1991/5/24 0:00,0.7457,1.8062,0.847961,0.6855998,0.120824,0.007947,0.615006,0.5405
1991/5/25 0:00,0.748,1.8205,0.848176,0.710732,0.16932359999999996,0.007959,0.615006,0.5416
1991/5/26 0:00,0.751,1.8375,0.84832,0.719424,0.1573566,0.007986,0.616523,0.5423
1991/5/27 0:00,0.7481,1.8255,0.849834,0.712606,0.183097,0.007893,0.617093,0.5412
1991/5/28 0:00,0.751,1.8013,0.845666,0.702001,0.182785,0.007878,0.614251,0.5408
1991/5/29 0:00,0.7514,1.787,0.845881,0.69483,0.182475,0.007832,0.612745,0.5397
1991/5/30 0:00,0.7535,1.7725,0.843739,0.685166,0.182359,0.007832,0.609385,0.5407
1991/5/31 0:00,0.754,1.7685,0.84246,0.681199,0.182359,0.007817,0.610687,0.5415
1991/6/1 0:00,0.7541,1.751,0.840689,0.671366,0.182359,0.007813,0.607349,0.5412
1991/6/2 0:00,0.7572,1.752,0.841822,0.671682,0.182359,0.007788,0.608088,0.5412
1991/6/3 0:00,0.7558,1.75,0.843882,0.671366,0.182359,0.007773,0.608458,0.5439
1991/6/4 0:00,0.7534,1.7465,0.844452,0.672619,0.182359,0.007769,0.608088,0.5422
1991/6/5 0:00,0.751,1.748,0.842247,0.6715978,0.182359,0.007746,0.607533,0.5401
1991/6/6 0:00,0.7525,1.756,0.843241,0.6704326,0.182359,0.007725,0.609013,0.5414
1991/6/7 0:00,0.7487,1.7455,0.846883,0.671326,0.182359,0.007711,0.607533,0.541
1991/6/8 0:00,0.7533,1.754,0.847817,0.6704326,0.182382,0.007727,0.609756,0.5463
1991/6/9 0:00,0.7538,1.756,0.846024,0.7062406,0.182382,0.0077652,0.608347,0.5466
1991/6/10 0:00,0.7545,1.7543,0.844096,0.7062406,0.182382,0.0077652,0.608458,0.5471
1991/6/11 0:00,0.7527,1.739,0.839842,0.7625934,0.182382,0.008102000000000002,0.607165,0.5482
1991/6/12 0:00,0.7521,1.723,0.838715,0.7195104,0.182193,0.007498,0.606428,0.5453
1991/6/13 0:00,0.7542,1.716,0.839983,0.6809343999999999,0.182193,0.007476399999999999,0.60423,0.547
1991/6/14 0:00,0.7552,1.718,0.841397,0.6809343999999999,0.182193,0.0074726,0.602954,0.5477
1991/6/15 0:00,0.7567,1.7225,0.838364,0.663158,0.182193,0.0074703999999999994,0.601034,0.5473
1991/6/16 0:00,0.7571,1.714,0.83654,0.663158,0.182193,0.007476399999999999,0.598982,0.5483
1991/6/17 0:00,0.7547,1.7253,0.83731,0.663158,0.182193,0.0074979999999999995,0.596837,0.5481
1991/6/18 0:00,0.7536,1.707,0.83696,0.663158,0.182269,0.007476399999999999,0.595061,0.5479
1991/6/19 0:00,0.7547,1.7115,0.834028,0.663158,0.182176,0.007476399999999999,0.598444,0.5472
1991/6/20 0:00,0.7549,1.715,0.833194,0.663158,0.182176,0.007476399999999999,0.600601,0.5456
1991/6/21 0:00,0.7573,1.731,0.835422,0.6772164,0.182176,0.007493,0.607903,0.5463
1991/6/22 0:00,0.7602,1.733,0.838012,0.6772164,0.182359,0.007573,0.605327,0.548
1991/6/23 0:00,0.7599,1.711,0.835561,0.6772164,0.182359,0.007504,0.603318,0.5497
1991/6/24 0:00,0.7593,1.706,0.834376,0.6772164,0.182053,0.007454,0.60024,0.5492
1991/6/25 0:00,0.7605,1.715,0.838223,0.6772164,0.182053,0.007479,0.60042,0.5489
1991/6/26 0:00,0.7614,1.72,0.838926,0.6772164,0.182053,0.00748,0.603865,0.5484
1991/6/27 0:00,0.7638,1.732,0.840972,0.6772164,0.182193,0.007499,0.6035,0.5495
1991/6/28 0:00,0.7645,1.722,0.840477,0.6772164,0.182359,0.007465,0.601866,0.5504
1991/6/29 0:00,0.7659,1.7395,0.841184,0.6772164,0.182359,0.007512,0.60024,0.549
1991/6/30 0:00,0.767,1.733,0.839842,0.6772164,0.182442,0.007515,0.601685,0.5483
1991/7/1 0:00,0.77,1.7363,0.840195,0.6772164,0.182442,0.007523,0.603865,0.5463
1991/7/2 0:00,0.7666,1.7265,0.839278,0.6772164,0.182442,0.007435,0.602047,0.545
1991/7/3 0:00,0.7663,1.7295,0.838223,0.6772164,0.182442,0.007472,0.602954,0.5446
1991/7/4 0:00,0.7665,1.743,0.840831,0.6772164,0.182442,0.007505,0.605694,0.547
1991/7/5 0:00,0.7632,1.75,0.841893,0.6777918,0.182442,0.007535,0.6061162,0.5439
1991/7/6 0:00,0.7628,1.7495,0.841751,0.6777918,0.182442,0.007503,0.6056486,0.5423
1991/7/7 0:00,0.7595,1.7485,0.840831,0.6777918,0.182442,0.007541,0.6056486000000001,0.5421
1991/7/8 0:00,0.7628,1.764,0.841468,0.6777918,0.1207908,0.007563,0.562991,0.5437
1991/7/9 0:00,0.7637,1.7652,0.842673,0.6777918,0.1207908,0.007524,0.562991,0.5435
1991/7/10 0:00,0.7638,1.762,0.842957,0.6777918,0.12079200000000001,0.007503,0.5645532,0.5447
1991/7/11 0:00,0.7661,1.771,0.846167,0.6777918,0.12156420000000001,0.007531,0.5776106,0.5453
1991/7/12 0:00,0.765,1.756,0.847529,0.6777918,0.12205440000000001,0.007497,0.5974003999999999,0.5445
1991/7/13 0:00,0.7667,1.7477,0.845809,0.6777918,0.12231339999999999,0.007468,0.59672,0.5438
1991/7/14 0:00,0.767,1.745,0.846024,0.6777918,0.120793,0.007463,0.564052,0.543
1991/7/15 0:00,0.7645,1.747,0.847458,0.6777918,0.1228138,0.00745,0.5955524000000001,0.5413
1991/7/16 0:00,0.7625,1.7625,0.842957,0.6777918,0.1207908,0.007454,0.562991,0.5377
1991/7/17 0:00,0.757,1.764,0.843313,0.6772164,0.12289940000000002,0.007433,0.601866,0.533
1991/7/18 0:00,0.754,1.772,0.843455,0.6772164,0.12300440000000001,0.007433,0.602773,0.534
1991/7/19 0:00,0.7562,1.78,0.837521,0.6772164,0.12232319999999999,0.007511,0.604412,0.5348
1991/7/20 0:00,0.7552,1.775,0.83654,0.6772164,0.12232319999999999,0.0075,0.604047,0.5376
1991/7/21 0:00,0.7589,1.7698,0.837451,0.6772164,0.12182979999999999,0.007491,0.60423,0.5386
1991/7/22 0:00,0.7565,1.775,0.83612,0.6772164,0.12232319999999999,0.007502,0.602591,0.5372
1991/7/23 0:00,0.7538,1.783,0.839983,0.6772164,0.1213116,0.007536,0.604412,0.537
1991/7/24 0:00,0.7582,1.7815,0.839278,0.6772164,0.12233920000000001,0.007515,0.605694,0.5382
1991/7/25 0:00,0.7552,1.7945,0.835631,0.665779,0.1432504,0.007547,0.60551,0.5374
1991/7/26 0:00,0.7513,1.7965,0.834168,0.661507,0.1676692,0.007536,0.60551,0.5368
1991/7/27 0:00,0.7541,1.7875,0.833333,0.654022,0.1528338,0.007496,0.606061,0.5371
1991/7/28 0:00,0.7503,1.7927,0.828981,0.65445,0.16742200000000002,0.007509,0.605877,0.5337
1991/7/29 0:00,0.7523,1.813,0.83022,0.664673,0.1630424,0.007663,0.608643,0.532
1991/7/30 0:00,0.7525,1.813,0.829738,0.66912,0.1529574,0.007739399999999999,0.609756,0.533
1991/7/31 0:00,0.7574,1.822,0.831601,0.677507,0.1429526,0.0076334,0.610501,0.5347
1991/8/1 0:00,0.7574,1.8185,0.831393,0.671817,0.143012,0.007749400000000001,0.609756,0.534
1991/8/2 0:00,0.7583,1.8355,0.834864,0.682594,0.13318139999999998,0.00796,0.61237,0.534
1991/8/3 0:00,0.7575,1.8395,0.83619,0.685166,0.13312200000000002,0.008010399999999999,0.612745,0.5333
1991/8/4 0:00,0.7566,1.8308,0.83612,0.680041,0.1527962,0.007843,0.613572,0.5326
1991/8/5 0:00,0.7582,1.817,0.83612,0.674536,0.1527904,0.007703,0.612445,0.5336
1991/8/6 0:00,0.7573,1.8142,0.83647,0.671592,0.143012,0.007749400000000001,0.611359,0.5348
1991/8/7 0:00,0.7585,1.828,0.832016,0.676041,0.15279040000000002,0.007639999999999999,0.613685,0.5355
1991/8/8 0:00,0.758,1.801,0.831947,0.672721,0.1528498,0.007987600000000001,0.611621,0.5358
1991/8/9 0:00,0.7582,1.8065,0.830565,0.67714,0.15279040000000002,0.0076334,0.610874,0.536
1991/8/10 0:00,0.7568,1.829,0.830013,0.686719,0.1331002,0.007988199999999999,0.613987,0.5352
1991/8/11 0:00,0.7574,1.8227,0.830013,0.684135,0.13312200000000002,0.007996,0.614628,0.5351
1991/8/12 0:00,0.7575,1.8245,0.83091,0.684463,0.133122,0.008010399999999999,0.612557,0.5356
1991/8/13 0:00,0.763,1.8178,0.833125,0.680133,0.1527888,0.0080378,0.613685,0.5373
1991/8/14 0:00,0.7629,1.825,0.835073,0.684229,0.1429656,0.0081908,0.614251,0.5369
1991/8/15 0:00,0.763,1.836,0.838504,0.689655,0.1331646,0.008198599999999999,0.615006,0.5385
1991/8/16 0:00,0.764,1.834,0.837521,0.688563,0.1429358,0.008187799999999999,0.614439,0.5407
1991/8/17 0:00,0.7631,1.8325,0.837872,0.686813,0.1429358,0.0081816,0.614628,0.5442
1991/8/18 0:00,0.7617,1.833,0.83682,0.688705,0.1459608,0.007885199999999998,0.614628,0.61071
1991/8/19 0:00,0.7616,1.846,0.838012,0.698568,0.14596079999999997,0.007955799999999999,0.614628,0.6504000000000001
1991/8/20 0:00,0.7586,1.8515,0.839208,0.700771,0.14598460000000002,0.007618,0.616523,0.64962
1991/8/21 0:00,0.7535,1.856,0.838574,0.706714,0.13317859999999998,0.0079902,0.616523,0.69739
1991/8/22 0:00,0.7534,1.86,0.83612,0.710732,0.13317859999999998,0.007618,0.615309,0.67185
1991/8/23 0:00,0.7525,1.853,0.835911,0.704225,0.1430012,0.007618,0.616029,0.67185
1991/8/24 0:00,0.7545,1.8655,0.835073,0.707965,0.1233706,0.007618,0.616447,0.6718500000000001
1991/8/25 0:00,0.7522,1.8595,0.834655,0.705965,0.13317859999999998,0.007618,0.616219,0.6718500000000001
1991/8/26 0:00,0.7495,1.8615,0.83696,0.706714,0.1528104,0.0079902,0.61717,0.69739
1991/8/27 0:00,0.7518,1.8635,0.835422,0.705716,0.1430012,0.007618,0.616143,0.6718500000000001
1991/8/28 0:00,0.7518,1.877,0.835631,0.711997,0.1430012,0.0079902,0.617093,0.67185
1991/8/29 0:00,0.75,1.891,0.83731,0.718391,0.1626112,0.008385,0.617093,0.7023400000000001
1991/8/30 0:00,0.7465,1.891,0.838223,0.722282,0.1528432,0.0088612,0.617742,0.70287
1991/8/31 0:00,0.7471,1.907,0.837872,0.730994,0.12346939999999999,0.0085708,0.617932,0.70906
1991/9/1 0:00,0.7477,1.9035,0.835282,0.727431,0.1234148,0.0086024,0.618123,0.70106
1991/9/2 0:00,0.7469,1.911,0.83257,0.731797,0.12341479999999998,0.008672599999999999,0.618047,0.64753
1991/9/3 0:00,0.7421,1.918,0.831601,0.736377,0.1337578,0.0084648,0.618047,0.6472100000000001
1991/9/4 0:00,0.7444,1.9085,0.831601,0.736648,0.1234148,0.0082054,0.618429,0.5652999999999999
1991/9/5 0:00,0.7447,1.9102,0.833472,0.738661,0.1234148,0.008461,0.619963,0.56576
1991/9/6 0:00,0.7436,1.9248,0.835771,0.741565,0.1354204,0.0081756,0.619579,0.5257600000000001
1991/9/7 0:00,0.7466,1.9195,0.839278,0.74184,0.12346939999999999,0.0087186,0.619195,0.64115
1991/9/8 0:00,0.7441,1.896,0.837521,0.728863,0.1332566,0.008361200000000001,0.619118,0.6734500000000001
1991/9/9 0:00,0.7463,1.921,0.838786,0.737463,0.12346939999999999,0.0087186,0.618812,0.60218
1991/9/10 0:00,0.7456,1.929,0.838364,0.748503,0.1354204,0.0084072,0.62054,0.5645
1991/9/11 0:00,0.7469,1.913,0.837802,0.741785,0.1224288,0.007937,0.619963,0.54775
1991/9/12 0:00,0.7441,1.9257,0.838364,0.748391,0.1224288,0.008,0.62054,0.50127
1991/9/13 0:00,0.7432,1.9355,0.839701,0.753012,0.1224288,0.007971,0.621581,0.50127
1991/9/14 0:00,0.7443,1.9495,0.840336,0.765111,0.1224288,0.008029,0.620848,0.5012700000000001
1991/9/15 0:00,0.7455,1.918,0.840831,0.761615,0.1224288,0.007984,0.619579,0.50127
1991/9/16 0:00,0.7465,1.9095,0.838364,0.756144,0.1224288,0.007981,0.619579,0.50127
1991/9/17 0:00,0.748,1.9035,0.839983,0.75643,0.1224288,0.00788,0.619848,0.50127
1991/9/18 0:00,0.7481,1.913,0.841397,0.759878,0.1224288,0.007897,0.619118,0.54775
1991/9/19 0:00,0.746,1.8985,0.839278,0.75188,0.1224288,0.007833,0.618238,0.50127
1991/9/20 0:00,0.7437,1.916,0.841043,0.761731,0.1224288,0.007829,0.618697,0.50127
1991/9/21 0:00,0.7438,1.929,0.841468,0.76693,0.1224288,0.007838,0.619387,0.50127
1991/9/22 0:00,0.7437,1.9175,0.842105,0.757174,0.1224288,0.007817,0.619886,0.5461
1991/9/23 0:00,0.7441,1.9195,0.845237,0.757002,0.1224246,0.007834,0.61931,0.5474300000000001
1991/9/24 0:00,0.7443,1.92,0.844238,0.757863,0.1224246,0.007852,0.62004,0.50127
1991/9/25 0:00,0.7439,1.9237,0.844452,0.757691,0.1224246,0.007857,0.620733,0.50127
1991/9/26 0:00,0.7414,1.9215,0.843597,0.757576,0.1224246,0.007859,0.620655,0.50127
1991/9/27 0:00,0.7363,1.913,0.845309,0.755572,0.1224246,0.007849,0.620424,0.54775
1991/9/28 0:00,0.7372,1.907,0.842815,0.751315,0.1224246,0.007828,0.620424,0.5012700000000001
1991/9/29 0:00,0.7287,1.9215,0.843241,0.754603,0.183194,0.007809,0.620733,0.50124
1991/9/30 0:00,0.7182,1.928,0.83949,0.756716,0.183194,0.00783,0.621041,0.50124
1991/10/1 0:00,0.7187,1.931,0.838997,0.761035,0.183194,0.007857,0.621002,0.50124
1991/10/2 0:00,0.7211,1.916,0.838012,0.755173,0.183325,0.007921,0.62054,0.50124
1991/10/3 0:00,0.7203,1.9295,0.835213,0.76266,0.183325,0.007921,0.620925,0.50124
1991/10/4 0:00,0.7255,1.935,0.834864,0.767813,0.183325,0.007918,0.621311,0.50124
1991/10/5 0:00,0.722,1.939,0.838434,0.774293,0.183325,0.007916,0.621234,0.50124
1991/10/6 0:00,0.7207,1.9475,0.838715,0.781861,0.183702,0.007932,0.622278,0.50124
1991/10/7 0:00,0.7137,1.9945,0.840054,0.804829,0.184505,0.008021,0.624025,0.50124
1991/10/8 0:00,0.7112,1.988,0.840407,0.801282,0.184505,0.008006,0.624025,0.50124
1991/10/9 0:00,0.7149,1.9865,0.839701,0.793651,0.184505,0.008003,0.625,0.50124
1991/10/10 0:00,0.7165,1.9762,0.83682,0.790514,0.184505,0.008006,0.625,0.50124
1991/10/11 0:00,0.717,1.9825,0.835771,0.794281,0.184505,0.008113,0.625313,0.50124
1991/10/12 0:00,0.7156,1.9893,0.83668,0.802246,0.184505,0.008133,0.625586,0.50124
1991/10/13 0:00,0.7174,1.996,0.83731,0.806127,0.184505,0.008133,0.626959,0.50124
1991/10/14 0:00,0.7181,2.0035,0.835422,0.806777,0.184761,0.00813,0.627392,0.50124
1991/10/15 0:00,0.72,1.983,0.834376,0.791766,0.183699,0.008065,0.627156,0.50124
1991/10/16 0:00,0.72,1.9945,0.834028,0.799041,0.182522,0.008116,0.625782,0.50124
1991/10/17 0:00,0.7128,2.003,0.830358,0.811227,0.182522,0.008151,0.628417,0.50124
1991/10/18 0:00,0.7183,1.975,0.822368,0.798722,0.182522,0.008115,0.627746,0.54045
1991/10/19 0:00,0.7225,1.976,0.819672,0.80032,0.181406,0.008131,0.627156,0.50124
1991/10/20 0:00,0.7254,1.9235,0.818465,0.775795,0.181271,0.00805,0.62637,0.50124
1991/10/21 0:00,0.7331,1.8915,0.825219,0.760167,0.181041,0.008048,0.626096,0.50124
1991/10/22 0:00,0.7311,1.8715,0.820345,0.760746,0.181041,0.00804,0.625,0.50124
1991/10/23 0:00,0.7302,1.811,0.818331,0.757289,0.180708,0.008003,0.623441,0.50124
1991/10/24 0:00,0.7317,1.7815,0.821288,0.772201,0.180535,0.008037,0.624805,0.50124
1991/10/25 0:00,0.7325,1.737,0.82203,0.766284,0.180871,0.008024,0.62162,0.50124
1991/10/26 0:00,0.7235,1.7082,0.812216,0.768049,0.180675,0.008251,0.62383,0.49858
1991/10/27 0:00,0.722,1.7085,0.804894,0.763068,0.180675,0.008323,0.624025,0.49753
1991/10/28 0:00,0.7233,1.709,0.805477,0.76599,0.18074,0.008285,0.62422,0.49870000000000003
1991/10/29 0:00,0.7225,1.714,0.806712,0.77101,0.18074,0.008299,0.62383,0.49753
1991/10/30 0:00,0.7165,1.7295,0.802246,0.786473,0.18074,0.008363,0.623636,0.49632
1991/10/31 0:00,0.713,1.769,0.797448,0.802246,0.181071,0.008351,0.626566,0.49632
1991/11/1 0:00,0.7139,1.779,0.801282,0.808277,0.181357,0.008333,0.628536,0.49753
1991/11/2 0:00,0.7141,1.734,0.804117,0.803213,0.181357,0.008333,0.628141,0.49753
1991/11/3 0:00,0.7165,1.706,0.796813,0.809585,0.181357,0.008379,0.628141,0.49632
1991/11/4 0:00,0.7205,1.701,0.801989,0.815661,0.181357,0.008358,0.628931,0.49632
1991/11/5 0:00,0.7194,1.7175,0.800833,0.790826,0.180453,0.008332,0.5661512,0.49753
1991/11/6 0:00,0.7208,1.6895,0.802182,0.768521,0.180323,0.008267,0.5661512,0.49847
1991/11/7 0:00,0.7176,1.6975,0.79968,0.760746,0.180054,0.008197,0.5661512,0.49693000000000004
1991/11/8 0:00,0.7222,1.714,0.80289,0.761151,0.180054,0.00823,0.5661512,0.4976999999999999
1991/11/9 0:00,0.7223,1.7098,0.800961,0.766871,0.180054,0.008263,0.5661512,0.49847
1991/11/10 0:00,0.7224,1.7,0.80032,0.772678,0.180054,0.008306,0.5661512,0.49753
1991/11/11 0:00,0.7196,1.6555,0.801667,0.6859306000000001,0.180054,0.008344,0.5661512,0.49632000000000004
1991/11/12 0:00,0.7187,1.63,0.802118,0.6859306000000001,0.180054,0.008344,0.5661512,0.49632000000000004
1991/11/13 0:00,0.715,1.6235,0.807754,0.6859306000000001,0.179746,0.0082,0.5661512,0.49693000000000004
1991/11/14 0:00,0.7184,1.6135,0.807754,0.6859306000000001,0.179682,0.00821,0.5661512,0.49693000000000004
1991/11/15 0:00,0.7201,1.6195,0.804829,0.6859306000000001,0.179682,0.008282,0.5661512,0.49819
1991/11/16 0:00,0.7184,1.613,0.801989,0.6859306000000001,0.179682,0.008212,0.5661512,0.49693000000000004
1991/11/17 0:00,0.7143,1.5865,0.80032,0.6859306000000001,0.179682,0.008195,0.5661512,0.49709000000000003
1991/11/18 0:00,0.691,1.533,0.805477,0.6859306000000001,0.179585,0.008068,0.565511,0.50069
1991/11/19 0:00,0.695,1.5479,0.805283,0.6859306000000001,0.179247,0.00818,0.5664346,0.49634
1991/11/20 0:00,0.6909,1.5535,0.802568,0.6859306000000001,0.179247,0.008143,0.5664346,0.5040699999999999
1991/11/21 0:00,0.6968,1.538,0.801282,0.6859306000000001,0.179247,0.008152,0.5664346000000001,0.5001499999999999
1991/11/22 0:00,0.689,1.7527000000000001,0.790952,0.6840470000000001,0.178757,0.008039,0.565511,0.50069
1991/11/23 0:00,0.6935,1.74346,0.791452,0.6859306000000001,0.178757,0.008057,0.565511,0.50069
1991/11/24 0:00,0.6936,1.74346,0.791139,0.6859306000000001,0.178952,0.008074,0.565511,0.50069
1991/11/25 0:00,0.6881,1.74346,0.787402,0.6853846000000001,0.178952,0.00801,0.5646294000000001,0.50035
1991/11/26 0:00,0.6842,1.74346,0.784314,0.684047,0.178952,0.008029,0.5646294000000001,0.50035
1991/11/27 0:00,0.6881,1.74346,0.784006,0.6840470000000001,0.178952,0.00804,0.565511,0.50069
1991/11/28 0:00,0.6839,1.74346,0.785546,0.6859306000000001,0.177809,0.008094,0.5664852,0.50631
1991/11/29 0:00,0.6843,1.74346,0.782167,0.6859306000000001,0.176239,0.00805,0.565511,0.50069
1991/11/30 0:00,0.6893,1.7527000000000001,0.777907,0.6840470000000001,0.175141,0.008039,0.565511,0.50069
1991/12/1 0:00,0.6822,1.56628,0.777545,0.6840470000000001,0.174395,0.008037,0.565511,0.50069
1991/12/2 0:00,0.6843,1.5563799999999999,0.777786,0.6844196,0.173819,0.008039,0.565511,0.5088699999999999
1991/12/3 0:00,0.6829,1.55638,0.780336,0.6844196,0.173819,0.008038,0.565511,0.5088699999999999
1991/12/4 0:00,0.6887,1.5563799999999999,0.783085,0.6836442,0.173819,0.008021,0.5646294000000001,0.5083399999999999
1991/12/5 0:00,0.6916,1.58696,0.78235,0.7125178000000001,0.172357,0.008006,0.5646294000000001,0.50035
1991/12/6 0:00,0.6924,1.59876,0.783699,0.7015778000000001,0.172357,0.008036,0.565511,0.50069
1991/12/7 0:00,0.6934,1.74346,0.784375,0.6859306000000001,0.171245,0.008065,0.565511,0.50069
1991/12/8 0:00,0.6942,1.75172,0.785238,0.6859306000000001,0.171245,0.008058,0.565511,0.5006900000000001
1991/12/9 0:00,0.6902,1.74346,0.783392,0.6859306000000001,0.17066,0.008072,0.565511,0.50069
1991/12/10 0:00,0.6873,1.74346,0.78456,0.6859306000000001,0.17066,0.008074,0.565511,0.50069
1991/12/11 0:00,0.6881,1.74346,0.782963,0.6859306000000001,0.169471,0.008058,0.565511,0.50069
1991/12/12 0:00,0.6894,1.6067900000000002,0.784437,0.6874410000000001,0.169471,0.0080492,0.6271332000000001,0.56062
1991/12/13 0:00,0.6916,1.659,0.783945,0.6886732,0.170515,0.0080474,0.6267176,0.56016
1991/12/14 0:00,0.691,1.51461,0.792833,0.7041544000000001,0.172429,0.010171000000000001,0.6451749999999999,0.5384800000000001
1991/12/15 0:00,0.6904,1.5276900000000002,0.793336,0.7041544,0.172429,0.010132400000000001,0.6317345999999999,0.54739
1991/12/16 0:00,0.6885,1.48,0.792581,0.7512257999999999,0.173424,0.010171,0.6417074,0.53374
1991/12/17 0:00,0.6895,1.4985600000000001,0.789889,0.6676748,0.173424,0.0090614,0.6183438,0.5406
1991/12/18 0:00,0.6894,1.5592099999999998,0.788208,0.6671083999999999,0.173424,0.0090868,0.6206282,0.5415
1991/12/19 0:00,0.689,1.55911,0.786535,0.6677624,0.173424,0.0091196,0.619065,0.5416000000000001
1991/12/20 0:00,0.6818,1.4990399999999997,0.78235,0.6675701999999999,0.173424,0.008744199999999999,0.6243012,0.5415
1991/12/21 0:00,0.6735,1.5215,0.783208,0.6686006,0.173424,0.0087206,0.620498,0.5406
1991/12/22 0:00,0.67,1.4872,0.7304364000000001,0.6592304,0.173178,0.008225399999999999,0.6180374000000001,0.53984
1991/12/23 0:00,0.669,1.49402,0.7330154,0.6626052,0.173178,0.008747800000000002,0.6282678,0.5370999999999999
1991/12/24 0:00,0.672,1.54,0.7466682,0.663158,0.173178,0.0086914,0.6420298,0.5633600000000001
1991/12/25 0:00,0.6736,1.5535,0.7353254,0.663158,0.173178,0.0088704,0.6914928,0.6950000000000001
1991/12/26 0:00,0.6736,1.54,0.7464274000000001,0.663158,0.173178,0.009211800000000001,0.6422597999999999,0.56336
1991/12/27 0:00,0.6698,1.539,0.7329193999999999,0.6801565999999999,0.173178,0.0094676,0.6599332,0.56352
1991/12/28 0:00,0.6723,1.548,0.7373898000000001,0.6942672,0.173178,0.0089428,0.6919704,0.60764
1991/12/29 0:00,0.669,1.5416,0.7251103999999999,0.663158,0.173178,0.0095734,0.6767544,0.5635600000000001
1991/12/30 0:00,0.6655,1.5175,0.7500572,0.6669648,0.172729,0.0091842,0.6347746000000001,0.5959144000000001
1991/12/31 0:00,0.672,1.532,0.7502638,0.681557,0.172729,0.008695,0.6561576,0.5536800000000001
1992/1/1 0:00,0.672,1.5585,0.6594127999999999,0.692905,0.172729,0.008112,0.5668242,0.50631
1992/1/2 0:00,0.675,1.5385,0.6594127999999999,0.688468,0.172729,0.008089,0.5662934,0.5048199999999999
1992/1/3 0:00,0.6735,1.5145,0.6594127999999999,0.684697,0.172729,0.008058,0.565511,0.5006900000000001
1992/1/4 0:00,0.6812,1.5165,0.6594127999999999,0.684463,0.172729,0.00805,0.565511,0.50069
1992/1/5 0:00,0.6793,1.4855,0.787402,0.672043,0.172729,0.008002,0.5646294000000001,0.5107200000000001
1992/1/6 0:00,0.6755,1.454,0.791139,0.658545,0.172729,0.008003,0.5646294000000001,0.50035
1992/1/7 0:00,0.6782,1.446,0.791954,0.656168,0.172729,0.008009,0.5646294000000001,0.50035
1992/1/8 0:00,0.6762,1.4475,0.792958,0.7032104,0.172414,0.008037,0.565511,0.50069
1992/1/9 0:00,0.6694,1.4395,0.791077,0.69687,0.172414,0.008063,0.565511,0.50069
1992/1/10 0:00,0.67,1.431,0.788519,0.7104303999999999,0.172414,0.008239,0.5661512,0.4976999999999999
1992/1/11 0:00,0.6705,1.4255,0.789952,0.7104304000000001,0.172414,0.0084846,0.7053010000000001,0.6355156
1992/1/12 0:00,0.6764,1.418,0.795988,0.7125178000000001,0.172414,0.0085498,0.7313168000000001,0.6986323999999999
1992/1/13 0:00,0.6774,1.4175,0.796559,0.7104304,0.172414,0.0085744,0.7311734000000001,0.6986324
1992/1/14 0:00,0.6871,1.4475,0.795925,0.7104304,0.172414,0.0090712,0.7059711999999999,0.6355646
1992/1/15 0:00,0.6864,1.4439,0.792581,0.7104304000000001,0.172414,0.008569199999999999,0.7313828,0.6983423999999999
1992/1/16 0:00,0.6878,1.446,0.793651,0.7125178000000001,0.172429,0.008565800000000002,0.7315262,0.6983423999999999
1992/1/17 0:00,0.69,1.4525,0.795545,0.663158,0.173328,0.0085474,0.6829366,0.577739
1992/1/18 0:00,0.6961,1.4375,0.792456,0.663158,0.173774,0.008567,0.6261502,0.6352656
1992/1/19 0:00,0.694,1.43,0.797766,0.663158,0.173774,0.009294,0.6259534,0.6355156
1992/1/20 0:00,0.6955,1.4215,0.800128,0.6913533999999999,0.173774,0.008467,0.592838,0.49632
1992/1/21 0:00,0.7052,1.4363,0.800128,0.7184598,0.173774,0.008421,0.607903,0.49632
1992/1/22 0:00,0.707,1.4475,0.801282,0.6859306000000001,0.173774,0.008491,0.608272,0.49632
1992/1/23 0:00,0.7053,1.449,0.801989,0.6859306000000001,0.174086,0.008529,0.608643,0.49632
1992/1/24 0:00,0.7125,1.4535,0.804635,0.6859306000000001,0.174086,0.008562,0.608458,0.49632
1992/1/25 0:00,0.7077,1.447,0.801603,0.7184598,0.174086,0.0085,0.607533,0.5049699999999999
1992/1/26 0:00,0.7062,1.4455,0.804182,0.7184598,0.174086,0.008575,0.607165,0.49632
1992/1/27 0:00,0.701,1.4345,0.802439,0.6859306000000001,0.174086,0.008518,0.60698,0.49632
1992/1/28 0:00,0.7044,1.432,0.802697,0.6859306000000001,0.174086,0.008466,0.606428,0.49632
1992/1/29 0:00,0.7067,1.4349,0.803471,0.6859306000000001,0.174086,0.008506,0.606796,0.49632
1992/1/30 0:00,0.7108,1.433,0.804182,0.7184598000000001,0.174086,0.008489,0.607349,0.50025
1992/1/31 0:00,0.7031,1.434,0.802246,0.7184598000000001,0.173539,0.008442,0.607607,0.5049699999999999
1992/2/1 0:00,0.7051,1.4445,0.79968,0.7044124,0.173539,0.008554,0.607533,0.5049699999999999
1992/2/2 0:00,0.7096,1.451,0.79885,0.7044124,0.173539,0.008529,0.607829,0.49632
1992/2/3 0:00,0.7137,1.4755,0.801796,0.7031678000000001,0.173539,0.008556,0.607718,0.5049699999999999
1992/2/4 0:00,0.7157,1.4892,0.80289,0.6190414000000001,0.174089,0.008624,0.609013,0.49632000000000004
1992/2/5 0:00,0.7147,1.4876,0.803019,0.5973698000000001,0.174089,0.008645,0.609088,0.49632
1992/2/6 0:00,0.7035,1.4832,0.801089,0.5973698000000001,0.174089,0.008643,0.608828,0.49632
1992/2/7 0:00,0.7052,1.482,0.803471,0.6859306000000001,0.17442,0.008556,0.608347,0.49632
1992/2/8 0:00,0.7089,1.4743,0.803859,0.7184598000000001,0.17442,0.008525,0.607903,0.49632
1992/2/9 0:00,0.709,1.4905,0.803277,0.7184598000000001,0.17442,0.008591,0.607718,0.5172399999999999
1992/2/10 0:00,0.7078,1.4904,0.802053,0.6859306000000001,0.17442,0.008564,0.609199,0.50825
1992/2/11 0:00,0.7108,1.495,0.799105,0.6641782,0.17442,0.008575,0.609199,0.49632
1992/2/12 0:00,0.7044,1.509,0.795355,0.5743322,0.17442,0.008703,0.610054,0.49632
1992/2/13 0:00,0.697,1.526,0.794597,0.5743322,0.17442,0.008764,0.611808,0.45808
1992/2/14 0:00,0.697,1.513,0.793336,0.7428074,0.17442,0.008757,0.613121,0.5742432
1992/2/15 0:00,0.7092,1.5253,0.794913,0.6408944000000001,0.17442,0.008814,0.615006,0.45110019999999995
1992/2/16 0:00,0.5535516000000001,1.5282,0.79384,0.6408944000000001,0.17442,0.008834,0.615006,0.45110019999999995
1992/2/17 0:00,0.5535516000000001,1.5478,0.79321,0.6075164000000001,0.17442,0.008869,0.615574,0.4259562
1992/2/18 0:00,0.5535516000000001,1.5585,0.792833,0.6087142,0.174938,0.008818,0.616257,0.42661619999999995
1992/2/19 0:00,0.6556799999999999,1.552,0.791515,0.7283558000000001,0.174938,0.00878,0.614439,0.45401859999999994
1992/2/20 0:00,0.5535516000000001,1.543,0.793021,0.5743322,0.174938,0.008818,0.614364,0.4027044
1992/2/21 0:00,0.7976978000000001,1.5255,0.794281,0.7411744,0.174932,0.008879,0.614893,0.5378428000000001
1992/2/22 0:00,0.5535515999999999,1.5379,0.796052,0.5743322,0.175205,0.009007,0.616713,0.4027044
1992/2/23 0:00,0.5535516000000001,1.5424,0.795735,0.5743322,0.175205,0.009025,0.616523,0.4027044
1992/2/24 0:00,0.5535516000000001,1.5755,0.792707,0.5743322,0.175205,0.00904,0.617932,0.4027044
1992/2/25 0:00,0.5535516000000001,1.59,0.794597,0.6075494000000001,0.175205,0.009054,0.618812,0.4267562
1992/2/26 0:00,0.66013,1.5703,0.785731,0.6092752000000001,0.174743,0.009066,0.619579,0.4294562
1992/2/27 0:00,0.5535516000000001,1.535,0.788333,0.6131104,0.174743,0.008949,0.619963,0.4027044
1992/2/28 0:00,0.5535516000000001,1.542,0.784375,0.6103530000000001,0.174426,0.009005,0.619195,0.42779619999999996
1992/2/29 0:00,0.6851499999999999,1.534,0.784498,0.684463,0.174426,0.008969,0.61931,0.5425
1992/3/1 0:00,0.68645,1.5255,0.785731,0.68573,0.174116,0.008953,0.619118,0.5438
1992/3/2 0:00,0.68147,1.5385,0.784745,0.68918,0.174116,0.009021,0.61862,0.543
1992/3/3 0:00,0.6835899999999999,1.5322,0.783883,0.680735,0.174116,0.008977,0.619387,0.5432
1992/3/4 0:00,0.68311,1.5314,0.785546,0.67627,0.174116,0.008961,0.618506,0.537
1992/3/5 0:00,0.6620400000000001,1.5408,0.788955,0.678196,0.174116,0.009048,0.619195,0.5392
1992/3/6 0:00,0.6873699999999999,1.5563,0.788457,0.68306,0.174116,0.00905,0.619502,0.5411
1992/3/7 0:00,0.65726,1.5415,0.789578,0.678887,0.174116,0.009056,0.61862,0.5442
1992/3/8 0:00,0.68381,1.535,0.792267,0.679486,0.174116,0.009062,0.618927,0.5438
1992/3/9 0:00,0.8560216,1.542,0.793273,0.685401,0.174116,0.009132,0.789785,0.5473
1992/3/10 0:00,0.8560216,1.546,0.790826,0.683761,0.174116,0.009204,0.789785,0.5469
1992/3/11 0:00,0.8560216,1.5605,0.786968,0.70497,0.174116,0.009331,0.789785,0.542
1992/3/12 0:00,0.8560216,1.541,0.786535,0.701754,0.174116,0.009287,0.789785,0.5422
1992/3/13 0:00,0.8560216,1.5393,0.78456,0.699937,0.174116,0.009311,0.789785,0.5426
1992/3/14 0:00,0.8560216,1.517,0.782779,0.685401,0.174694,0.009281,0.789785,0.5376
1992/3/15 0:00,0.8560216,1.5225,0.782167,0.687049,0.174694,0.009314,0.789785,0.5363
1992/3/16 0:00,0.8939315999999999,1.5175,0.779423,0.686106,0.174694,0.009407,0.789785,0.5339
1992/3/17 0:00,0.66265,1.515,0.7558622,0.678334,0.174694,0.0078068,0.5905466,0.5356
1992/3/18 0:00,0.6973800000000001,1.519,0.7816954,0.681106,0.174694,0.007979,0.6053116000000001,0.5371
1992/3/19 0:00,0.6883999999999999,1.5245,0.7855462,0.689655,0.174694,0.008180799999999998,0.6133316,0.542
1992/3/20 0:00,0.7025,1.527,0.8019380000000002,0.689655,0.174694,0.0081708,0.6133316,0.5422
1992/3/21 0:00,0.67424,1.522,0.7794104,0.683387,0.173825,0.0080066,0.6139872,0.5438
1992/3/22 0:00,0.70026,1.5035,0.8026633999999999,0.672948,0.173473,0.0079658,0.6156602,0.5445
1992/3/23 0:00,0.68598,1.5145,0.7869126,0.676361,0.173473,0.0078812,0.5897226,0.5423
1992/3/24 0:00,0.68446,1.496,0.7869126,0.666445,0.173473,0.008338,0.6128348,0.5412
1992/3/25 0:00,0.67974,1.4717,0.756381,0.66335,0.173142,0.0082674,0.6136256,0.5383
1992/3/26 0:00,0.67984,1.4675,0.7879126000000001,0.658762,0.173142,0.008027999999999999,0.6136256,0.5366
1992/3/27 0:00,0.67674,1.4778,0.7872472,0.661026,0.173142,0.0083258,0.6111753999999999,0.5372
1992/3/28 0:00,0.69334,1.493,0.8024174000000001,0.66454,0.173142,0.0090056,0.610027,0.5373
1992/3/29 0:00,0.64933,1.503,0.7880842,0.666223,0.173142,0.0080332,0.6140557999999999,0.5378
1992/3/30 0:00,0.6796599999999999,1.493,0.7865764000000001,0.662032,0.173142,0.0092866,0.610027,0.5366
1992/3/31 0:00,0.6694599999999999,1.5065,0.7682496000000001,0.66379,0.173142,0.008017199999999999,0.6130058,0.5412
1992/4/1 0:00,0.6967,1.5075,0.8030950000000001,0.662691,0.173142,0.0079802,0.6133141999999999,0.5428
1992/4/2 0:00,0.6942,1.5097,0.8009518,0.661813,0.173142,0.0079652,0.6156602,0.5443
1992/4/3 0:00,0.67984,1.4935,0.7451404,0.659196,0.173142,0.008893799999999999,0.6744152,0.63162
1992/4/4 0:00,0.67984,1.4948,0.7380316,0.660284,0.173142,0.009354600000000001,0.6737186000000001,0.6180999999999999
1992/4/5 0:00,0.6782,1.4779,0.7746283999999999,0.652955,0.173142,0.0083266,0.6615084,0.64018
1992/4/6 0:00,0.67984,1.478,0.7591172,0.654022,0.173142,0.008320600000000001,0.6724946,0.63988
1992/4/7 0:00,0.67974,1.4929,0.7767453999999999,0.658545,0.173142,0.009248,0.6704436,0.6123799999999999
1992/4/8 0:00,0.6782,1.5012,0.7628212,0.661594,0.173142,0.008787399999999999,0.6724863999999999,0.59514
1992/4/9 0:00,0.67974,1.4883,0.7451404,0.659196,0.173142,0.0083262,0.6598535999999999,0.6473599999999999
1992/4/10 0:00,0.6780999999999999,1.4795,0.7485536,0.660066,0.173142,0.0085752,0.6737186000000001,0.64742
1992/4/11 0:00,0.6301,1.4985,0.7744747999999999,0.667334,0.173142,0.0079242,0.6665918000000001,0.6437
1992/4/12 0:00,0.6857,1.501,0.739135,0.664231,0.173142,0.0088476,0.6654802000000001,0.60778
1992/4/13 0:00,0.65097,1.5155,0.7865764000000001,0.666311,0.173142,0.0083774,0.6937194,0.679659
1992/4/14 0:00,0.6499699999999999,1.5085,0.7571612,0.66569,0.173142,0.008027999999999999,0.6817156000000001,0.6582414
1992/4/15 0:00,0.6782,1.4964,0.7869126,0.658545,0.173142,0.0085534,0.6704436,0.61046
1992/4/16 0:00,0.67984,1.5015,0.7865764000000001,0.657462,0.173142,0.0085028,0.6756896,0.61006
1992/4/17 0:00,0.67984,1.489,0.7879126000000001,0.657462,0.173142,0.0084384,0.6463186000000001,0.60812
1992/4/18 0:00,0.67974,1.4945,0.7523440000000001,0.660502,0.173142,0.0093168,0.661524,0.6180999999999999
1992/4/19 0:00,0.6726599999999999,1.4861,0.7714864,0.656168,0.173142,0.0083352,0.6612009999999999,0.60724
1992/4/20 0:00,0.6782,1.485,0.7739866000000001,0.656599,0.173142,0.008629999999999999,0.6647676,0.60724
1992/4/21 0:00,0.64997,1.4897,0.7571612,0.665557,0.173142,0.0084384,0.6308940000000001,0.59398
1992/4/22 0:00,0.64933,1.5045,0.7880841999999999,0.666089,0.173142,0.008028,0.6928292,0.6558314
1992/4/23 0:00,0.67072,1.5556253999999998,0.7423036,0.66379,0.173142,0.0086886,0.6271552,0.5737015999999999
1992/4/24 0:00,0.66996,1.53676,0.7982036,0.66177,0.173142,0.0083234,0.6175286,0.58052
1992/4/25 0:00,0.67134,1.53432,0.7905515999999999,0.666223,0.173142,0.008325599999999999,0.6072393999999999,0.54192
1992/4/26 0:00,0.67002,1.5641198,0.7463716,0.665115,0.173142,0.008688,0.6038079999999999,0.5403002
1992/4/27 0:00,0.6721,1.5444200000000001,0.7880438,0.658892,0.173142,0.0084168,0.6227959999999999,0.595791
1992/4/28 0:00,0.6993799999999999,1.50864,0.799464,0.654365,0.172524,0.0079708,0.6124666,0.5472254
1992/4/29 0:00,0.6833199999999999,1.43718,0.792184,0.655093,0.172524,0.0083928,0.6428624000000001,0.5970028000000001
1992/4/30 0:00,0.6833199999999999,1.43718,0.792184,0.655093,0.172524,0.0083928,0.6428624000000001,0.5970028000000001
1992/5/1 0:00,0.68654,1.4514,0.7858954,0.66778,0.172524,0.0080208,0.6366274000000001,0.5779052
1992/5/2 0:00,0.68308,1.4757054,0.7719022000000001,0.66379,0.172524,0.0083414,0.6409632000000001,0.5944616
1992/5/3 0:00,0.6885399999999999,1.43878,0.792771,0.671366,0.172524,0.0080762,0.6462898,0.5982200000000001
1992/5/4 0:00,0.6812069999999999,1.4823568000000003,0.7699022,0.673401,0.172524,0.0083278,0.634441,0.5669164
1992/5/5 0:00,0.7027599999999999,1.5070999999999999,0.8005932,0.677048,0.172524,0.0080762,0.6189012,0.5554072
1992/5/6 0:00,0.68172,1.4335,0.7944608000000001,0.673174,0.172524,0.0083278,0.603416,0.5293558
1992/5/7 0:00,0.6890399999999999,1.4371800000000001,0.7773976,0.675904,0.172524,0.0080762,0.6099128,0.553189
1992/5/8 0:00,0.68172,1.4335,0.7944608000000001,0.673174,0.172524,0.0083278,0.603416,0.5293558
1992/5/9 0:00,0.68182,1.43866,0.7858146,0.680967,0.172524,0.0083148,0.6143379999999999,0.5454784
1992/5/10 0:00,0.6918399999999999,1.43458,0.7782338,0.67981,0.172524,0.0083468,0.6316542,0.5540492
1992/5/11 0:00,0.68166,1.4296,0.7909042,0.678518,0.172227,0.0080762,0.659052,0.6109199999999999
1992/5/12 0:00,0.68356,1.42998,0.758635,0.675447,0.172227,0.008074799999999998,0.6414633999999999,0.5853394
1992/5/13 0:00,0.6870578,1.4842787999999998,0.7474428000000001,0.685401,0.172227,0.0083406,0.6466848,0.606639
1992/5/14 0:00,0.68132,1.4279,0.7902982,0.688848,0.172375,0.0080762,0.6378304,0.58998
1992/5/15 0:00,0.68026,1.43748,0.7902227999999999,0.69979,0.172375,0.0080762,0.6289818,0.57786
1992/5/16 0:00,0.6833400000000001,1.4323,0.7887416,0.705766,0.172375,0.0080762,0.6328932,0.55822
1992/5/17 0:00,0.68346,1.4279000000000002,0.7890282,0.702741,0.172375,0.0080762,0.636957,0.5399
1992/5/18 0:00,0.6836599999999999,1.4315799999999999,0.7902353999999999,0.713929,0.172375,0.0080762,0.6100078,0.541
1992/5/19 0:00,0.6801800000000001,1.4296,0.7637660000000001,0.717103,0.172375,0.0080762,0.6069104000000001,0.5138999999999999
1992/5/20 0:00,0.6835600000000001,1.4358799999999998,0.7887416,0.710227,0.172375,0.0080762,0.6316732,0.5697399999999999
1992/5/21 0:00,0.6801800000000001,1.4296,0.7890282,0.715564,0.172375,0.0080762,0.6123322,0.5231199999999999
1992/5/22 0:00,0.68132,1.43588,0.7614723999999999,0.719166,0.172375,0.0080762,0.6034184,0.51862
1992/5/23 0:00,0.67108,1.5382000000000002,0.76063,0.713419,0.172375,0.009093200000000001,0.629531,0.5671
1992/5/24 0:00,0.67048,1.55792,0.761035,0.713776,0.172375,0.009115600000000001,0.6106313999999999,0.53662
1992/5/25 0:00,0.68454,1.5317,0.75643,0.712504,0.172375,0.0090172,0.6685690000000001,0.6633038
1992/5/26 0:00,0.6929700000000001,1.503,0.755744,0.699301,0.172375,0.0090422,0.6639384,0.5631600000000001
1992/5/27 0:00,0.7007999999999999,1.5198,0.75815,0.704722,0.172375,0.009006999999999998,0.638386,0.6073161999999999
1992/5/28 0:00,0.69297,1.5055,0.756144,0.69735,0.172375,0.0090254,0.6625592000000001,0.60976
1992/5/29 0:00,0.69397,1.5013,0.757863,0.695169,0.172375,0.008896600000000001,0.6743432,0.6112
1992/5/30 0:00,0.6929700000000001,1.5123,0.755116,0.701262,0.172375,0.0090254,0.6360591999999999,0.55398
1992/5/31 0:00,0.68356,1.5152,0.755458,0.707714,0.172375,0.0090254,0.6361976,0.6073162
1992/6/1 0:00,0.6907300000000001,1.512,0.752502,0.707714,0.172375,0.0089952,0.6384612,0.58304
1992/6/2 0:00,0.68889,1.496,0.748503,0.698812,0.172375,0.009170000000000001,0.6930384,0.56386
1992/6/3 0:00,0.68889,1.5048,0.746826,0.701902,0.172375,0.0090558,0.632031,0.5616
1992/6/4 0:00,0.68144,1.514,0.746826,0.704871,0.172375,0.0090232,0.631712,0.55248
1992/6/5 0:00,0.68144,1.5165,0.747049,0.703482,0.172375,0.0090232,0.636335,0.55248
1992/6/6 0:00,0.68889,1.5257,0.748783,0.703235,0.172375,0.009023199999999999,0.641437,0.5513000000000001
1992/6/7 0:00,0.7044699999999999,1.522,0.750188,0.701262,0.172375,0.0090232,0.637552,0.5495
1992/6/8 0:00,0.7044699999999999,1.5352,0.75092,0.711491,0.172375,0.0090078,0.637959,0.5515
1992/6/9 0:00,0.6988800000000001,1.532,0.751202,0.714541,0.172375,0.0090078,0.639591,0.5521
1992/6/10 0:00,0.6907300000000001,1.5223,0.752276,0.711339,0.172375,0.0089952,0.638244,0.5518
1992/6/11 0:00,0.69001,1.5127,0.75375,0.702889,0.172375,0.008979,0.63743,0.5516
1992/6/12 0:00,0.7044699999999999,1.512,0.75092,0.700771,0.172375,0.0090078,0.637267,0.55
1992/6/13 0:00,0.69001,1.498,0.753296,0.697107,0.172375,0.0091366,0.636213,0.5515
1992/6/14 0:00,0.69001,1.4924,0.754546,0.692041,0.172375,0.008896600000000001,0.634316,0.555
1992/6/15 0:00,0.69325,1.4893,0.75643,0.687191,0.172375,0.009319,0.633312,0.5557
1992/6/16 0:00,0.70821,1.4863,0.759301,0.680967,0.172375,0.009229,0.634115,0.556
1992/6/17 0:00,0.6633500000000001,1.4725,0.766284,0.677599,0.172375,0.009246,0.634518,0.5568
1992/6/18 0:00,0.70953,1.4863,0.76365,0.679348,0.172375,0.009228,0.63674,0.556
1992/6/19 0:00,0.6633100000000001,1.477,0.757174,0.674309,0.172375,0.009247,0.637349,0.5556
1992/6/20 0:00,0.67729,1.4783,0.758495,0.674764,0.172375,0.009219,0.634316,0.5545
1992/6/21 0:00,0.6255499999999999,1.48,0.756029,0.670241,0.172375,0.008926,0.629723,0.554
1992/6/22 0:00,0.66003,1.4882,0.75643,0.674309,0.172375,0.0086316,0.630517,0.554
1992/6/23 0:00,0.6581699999999999,1.4807,0.759878,0.666001,0.172375,0.0087702,0.627746,0.5545
1992/6/24 0:00,0.62975,1.4825,0.765814,0.666001,0.172375,0.008604200000000001,0.629129,0.5547
1992/6/25 0:00,0.66292,1.4805,0.763825,0.665779,0.172375,0.009227200000000001,0.629921,0.5545
1992/6/26 0:00,0.62975,1.4788,0.766401,0.665115,0.172375,0.0093128,0.628141,0.5545
1992/6/27 0:00,0.59417,1.4865,0.773096,0.670017,0.172375,0.009171799999999999,0.627274,0.5572
1992/6/28 0:00,0.59561,1.4808,0.771426,0.67331,0.172375,0.008426600000000001,0.627746,0.5531
1992/6/29 0:00,0.66333,1.4682,0.764935,0.668449,0.172375,0.008571200000000001,0.627471,0.5455
1992/6/30 0:00,0.6291100000000001,1.4753,0.764176,0.669344,0.172375,0.009083999999999998,0.627943,0.5393
1992/7/1 0:00,0.5942700000000001,1.4818,0.761325,0.667646,0.172375,0.0086296,0.628141,0.5385
1992/7/2 0:00,0.6282300000000001,1.4907,0.757174,0.670466,0.172375,0.0091128,0.627235,0.5382
1992/7/3 0:00,0.6444300000000001,1.483,0.75815,0.666445,0.172375,0.0090336,0.628417,0.5387
1992/7/4 0:00,0.6012799999999999,1.4765,0.759705,0.66778,0.172375,0.0086456,0.627156,0.55
1992/7/5 0:00,0.65907,1.4775,0.756029,0.665336,0.171836,0.009240799999999999,0.626763,0.55
1992/7/6 0:00,0.69001,1.4712,0.753125,0.66357,0.171836,0.0091434,0.625391,0.548
1992/7/7 0:00,0.64085,1.4745,0.75188,0.669568,0.171836,0.009065400000000001,0.625978,0.5472
1992/7/8 0:00,0.69001,1.487,0.75358,0.671501,0.171836,0.009320400000000001,0.625195,0.5475
1992/7/9 0:00,0.62527,1.488,0.752276,0.669927,0.171836,0.009054000000000001,0.625978,0.5486
1992/7/10 0:00,0.57495,1.4795,0.752559,0.667557,0.171836,0.0086508,0.624493,0.5468
1992/7/11 0:00,0.62571,1.488,0.74912,0.670691,0.171836,0.009082199999999999,0.62422,0.545
1992/7/12 0:00,0.5694,1.4852,0.747831,0.666578,0.171836,0.008834,0.624805,0.5455
1992/7/13 0:00,0.6700699999999999,1.4805,0.750019,0.668226,0.171836,0.0087806,0.625586,0.5463
1992/7/14 0:00,0.60985,1.4823,0.751371,0.667646,0.171836,0.008544600000000001,0.625117,0.5477
1992/7/15 0:00,0.6699894000000001,1.49,0.7300556,0.671276,0.171836,0.0085044,0.624025,0.5495
1992/7/16 0:00,0.68188,1.4985,0.7681264,0.681896,0.171836,0.008008,0.625117,0.5502
1992/7/17 0:00,0.6794800000000001,1.4915,0.7681264,0.682035,0.171836,0.0085802,0.6259,0.5505
1992/7/18 0:00,0.68882,1.495,0.7735882000000001,0.681896,0.171836,0.0082888,0.625978,0.5555
1992/7/19 0:00,0.6923999999999999,1.4945,0.7635994,0.681431,0.171836,0.0091142,0.625782,0.555
1992/7/20 0:00,0.6925199999999999,1.4945,0.7637720000000001,0.686483,0.171836,0.0091286,0.625861,0.5557
1992/7/21 0:00,0.67888,1.4903,0.7673258,0.682594,0.171836,0.0082144,0.626959,0.554
1992/7/22 0:00,0.68626,1.4882,0.7857996,0.682268,0.171836,0.0083248,0.627077,0.5561
1992/7/23 0:00,0.6802400000000001,1.4831,0.7668948,0.681896,0.171689,0.008024199999999999,0.627156,0.559
1992/7/24 0:00,0.6850200000000001,1.4885,0.7665538,0.684932,0.171689,0.0080488,0.627668,0.561
1992/7/25 0:00,0.6850200000000001,1.491,0.7665538,0.687285,0.171689,0.008512200000000001,0.627865,0.5613
1992/7/26 0:00,0.6821400000000001,1.4855,0.7665538,0.683527,0.171689,0.008348600000000001,0.6208851999999999,0.561
1992/7/27 0:00,0.68194,1.4887,0.7665538000000001,0.688942,0.171689,0.0080488,0.6241032,0.5613
1992/7/28 0:00,0.6850200000000001,1.4945,0.7468586000000002,0.695555,0.171689,0.008929999999999999,0.6159272,0.561
1992/7/29 0:00,0.6677000000000001,1.5043,0.6979820000000001,0.69735,0.171697,0.007845000000000001,0.6096302,0.5593
1992/7/30 0:00,0.6999,1.503,0.7693018,0.694927,0.171689,0.007985799999999998,0.6056236,0.558
1992/7/31 0:00,0.6998599999999999,1.5035,0.7854175999999999,0.692041,0.171689,0.0079694,0.6180916,0.5585
1992/8/1 0:00,0.6677,1.5072,0.6984564000000001,0.695169,0.171689,0.007980600000000001,0.6161804,0.5595
1992/8/2 0:00,0.6828799999999999,1.491,0.7703526,0.686342,0.171984,0.008343,0.611645,0.5583
1992/8/3 0:00,0.7071799999999999,1.4763,0.8055136,0.673854,0.171984,0.0078398,0.615804,0.5575
1992/8/4 0:00,0.7059200000000001,1.4775,0.7719108,0.672043,0.171984,0.008287,0.6227048,0.559
1992/8/5 0:00,0.62296,1.476,0.7020446,0.670691,0.114657,0.009194200000000001,0.623607,0.562
1992/8/6 0:00,0.62296,1.484,0.709054,0.672269,0.114657,0.0091036,0.623607,0.562
1992/8/7 0:00,0.6751,1.487,0.7152634000000001,0.6977316,0.114657,0.0095698,0.623607,0.5613
1992/8/8 0:00,0.70562,1.4855,0.7776524,0.7035283999999999,0.1557972,0.009145200000000001,0.6273232,0.5557
1992/8/9 0:00,0.7793,1.49,0.8844038,0.6751728,0.182813,0.0076924,0.5966954,0.5568
1992/8/10 0:00,0.7120216000000001,1.4923,0.7521808,0.6594932000000001,0.1648626,0.009089,0.599812,0.5584
1992/8/11 0:00,0.7026000000000001,1.4905,0.7006596,0.7518566000000001,0.1330198,0.008901,0.593992,0.5595
1992/8/12 0:00,0.7129900000000001,1.5018,0.6954048,0.7518566,0.122281,0.008897,0.5838784,0.5587
1992/8/13 0:00,0.7129900000000001,1.4957,0.7352259999999999,0.7518566000000001,0.1223,0.008935,0.5838784,0.5573
1992/8/14 0:00,0.71898,1.4913,0.7425328,0.756069,0.12229999999999999,0.00899,0.590266,0.558
1992/8/15 0:00,0.7022,1.4965,0.741776,0.7452478,0.1222032,0.009029,0.5771620000000001,0.563
1992/8/16 0:00,0.7067699999999999,1.491,0.7514758,0.7602752,0.1223,0.009021,0.5812754,0.565
1992/8/17 0:00,0.7262000000000001,1.5,0.7515464000000002,0.7518566,0.1223,0.008961,0.5809012,0.5648
1992/8/18 0:00,0.72999,1.4948,0.7527908,0.740339,0.13276419999999997,0.008989,0.5812754,0.5657
1992/8/19 0:00,0.7129899999999999,1.4905,0.735226,0.7518566000000001,0.1233632,0.008945,0.5838783999999999,0.66454
1992/8/20 0:00,0.72999,1.493,0.7527288000000001,0.7223794000000001,0.143264,0.008997,0.6037888,0.63182
1992/8/21 0:00,0.7160599999999999,1.494,0.75836,0.850972,0.14131100000000002,0.009068,0.6558976000000001,0.70387
1992/8/22 0:00,0.74286,1.493,0.8174870000000001,0.7547072,0.1524284,0.009122,0.6561674,0.6134299999999999
1992/8/23 0:00,0.7653899999999999,1.4995,0.8019130000000001,0.8238769999999999,0.1365402,0.009137,0.631264,0.66731
1992/8/24 0:00,0.72385,1.5005,0.7603282,0.831879,0.12082200000000001,0.009198,0.5812754,0.5673
1992/8/25 0:00,0.739054,1.503,0.7523789999999999,0.8054273999999999,0.13096180000000002,0.009255,0.6616264000000001,0.5725
1992/8/26 0:00,0.739054,1.4953,0.7603282,0.831879,0.12082319999999999,0.009257,0.7044744,0.5723
1992/8/27 0:00,0.7238499999999999,1.493,0.7603282,0.831879,0.12082319999999999,0.009244,0.6622958000000001,0.5715
1992/8/28 0:00,0.7232495999999999,1.479,0.8731132,0.6220656000000001,0.1359978,0.009176,0.651499,0.45078779999999996
1992/8/29 0:00,0.791388,1.4825,0.7666336,0.7423021999999999,0.1514178,0.009211,0.6165754,0.5933925999999999
1992/8/30 0:00,0.7913879999999999,1.4718,0.8365688,0.7185954,0.1411068,0.009203,0.6537082,0.5550808
1992/8/31 0:00,0.80521,1.4615,0.7943047999999999,0.7321112,0.13612039999999997,0.009269,0.6218755999999999,0.5573976
1992/9/1 0:00,0.793778,1.4622,0.7977846,0.7946264,0.14105660000000003,0.009221,0.6305287999999999,0.6205744
1992/9/2 0:00,0.834051,1.4648,0.7606388,0.7041272,0.1360622,0.009288,0.6514051999999999,0.5473958
1992/9/3 0:00,0.8657324000000001,1.4708,0.8154655999999999,0.8653728,0.1469108,0.009608,0.7516278,0.71349
1992/9/4 0:00,0.8673026,1.475,0.8152282,0.8664794,0.1556882,0.00962,0.7521298000000001,0.7140799999999999
1992/9/5 0:00,0.8391514000000001,1.4755,0.8172852,0.8664794,0.1383626,0.009634,0.7148124000000001,0.71473
1992/9/6 0:00,0.8654781999999999,1.477,0.8132109999999999,0.8653727999999999,0.120824,0.009597,0.75281,0.7138518
1992/9/7 0:00,0.8643618,1.4791,0.8132176,0.8653728,0.1297018,0.009602,0.7527231999999999,0.7138500000000001
1992/9/8 0:00,0.8335609999999999,1.4784,0.8121980000000001,0.8386492000000001,0.12960280000000002,0.009499,0.7150092000000001,0.7017100000000001
1992/9/9 0:00,0.7956520000000001,1.4755,0.7567742000000001,0.812396,0.1258736,0.009452,0.7150092000000001,0.6821600000000001
1992/9/10 0:00,0.8339610000000001,1.4847,0.812316,0.8538349999999999,0.12960280000000002,0.00951,0.7152812,0.7017100000000001
1992/9/11 0:00,0.7857564,1.4875,0.8129495999999999,0.8586598000000001,0.12960280000000002,0.009557,0.6434554,0.7119818
1992/9/12 0:00,0.8654782000000001,1.4875,0.8132176,0.8653727999999999,0.1296028,0.009595,0.75281,0.7138500000000001
1992/9/13 0:00,0.8092320000000001,1.4854,0.8131418,0.858363,0.120824,0.009542,0.6795438,0.7119818
1992/9/14 0:00,0.8391514000000001,1.4944,0.8448708,0.8676754000000001,0.1383626,0.009643,0.7148124000000001,0.71473
1992/9/15 0:00,0.8391514000000001,1.4964,0.8448708,0.8264114000000001,0.14882620000000002,0.00964,0.7148124000000001,0.71473
1992/9/16 0:00,0.8146429999999999,1.4895,0.8121980000000001,0.8295496,0.12082040000000001,0.00947,0.7150092000000001,0.68832
1992/9/17 0:00,0.814643,1.492,0.7567742,0.8215852,0.1258736,0.009458,0.7150092000000001,0.68832
1992/9/18 0:00,0.8335610000000001,1.4877,0.8120533999999999,0.8386492000000001,0.1296028,0.009497,0.7150092000000001,0.7017100000000001
1992/9/19 0:00,0.7956519999999999,1.4915,0.7567742,0.7880830000000001,0.13607419999999998,0.009445,0.6824169999999999,0.65037
1992/9/20 0:00,0.849388,1.5008,0.73654,0.8215706,0.1258718,0.009461,0.7708586000000001,0.6744800000000001
1992/9/21 0:00,0.8884837999999998,1.501,0.734376,0.816772,0.1400664,0.009519,0.7876798,0.6744800000000001
1992/9/22 0:00,0.849388,1.4943,0.735294,0.808067,0.12587220000000002,0.009434,0.7876798,0.6740600000000001
1992/9/23 0:00,0.849388,1.4925,0.733138,0.8080670000000001,0.12587220000000002,0.009437,0.7876797999999999,0.67406
1992/9/24 0:00,0.849388,1.4927,0.734053,0.812396,0.1258718,0.009447,0.7876798,0.6744800000000001
1992/9/25 0:00,0.849388,1.4947,0.732279,0.8137572000000001,0.1258718,0.00945,0.7467482000000001,0.6661400000000001
1992/9/26 0:00,0.849388,1.4925,0.730194,0.8097236000000001,0.1258732,0.00943,0.7876797999999999,0.6738999999999999
1992/9/27 0:00,0.849388,1.4838,0.73303,0.8134188,0.12587379999999998,0.009412,0.7876798,0.67577
1992/9/28 0:00,0.849388,1.4865,0.731797,0.699545,0.14834660000000002,0.009434,0.7876797999999999,0.8232611999999999
1992/9/29 0:00,0.849388,1.4937,0.733138,0.700035,0.15743040000000003,0.009398,0.7876798,0.7857255999999999
1992/9/30 0:00,0.8939315999999999,1.4948,0.728544,0.704722,0.114583,0.009477,0.789785,0.8153935999999999
1992/10/1 0:00,0.8939315999999999,1.4975,0.727114,0.705965,0.114639,0.009537,0.789785,0.8153935999999999
1992/10/2 0:00,0.8939315999999999,1.4965,0.727379,0.703334,0.114634,0.009604,0.789785,0.8153936000000002
1992/10/3 0:00,0.9036214000000001,1.485,0.725953,0.701508,0.114624,0.009667,0.7930572,0.8153935999999999
1992/10/4 0:00,0.9067862,1.4823,0.724953,0.705965,0.114654,0.009702,0.7952396,0.8153935999999999
1992/10/5 0:00,0.8939315999999999,1.488,0.722648,0.709371,0.11455,0.009766,0.789785,0.5613
1992/10/6 0:00,0.8939315999999999,1.4621,0.722491,0.693193,0.11455,0.009629,0.789785,0.5637
1992/10/7 0:00,0.8939315999999999,1.4686,0.722543,0.690179,0.11455,0.009574,0.789785,0.566
1992/10/8 0:00,0.8939315999999999,1.4684,0.721241,0.689085,0.11455,0.009537,0.789785,0.5682
1992/10/9 0:00,0.8939315999999999,1.4763,0.723746,0.692761,0.11455,0.009522,0.789785,0.5713
1992/10/10 0:00,0.8939315999999999,1.4715,0.720461,0.693626,0.11455,0.009667,0.789785,0.5703
1992/10/11 0:00,0.8939315999999999,1.4745,0.7249,0.68975,0.11455,0.009651,0.789785,0.569
1992/10/12 0:00,0.8939315999999999,1.477,0.726586,0.693626,0.11455,0.009655,0.789785,0.5657
1992/10/13 0:00,0.723,1.4765,0.724795,0.691898,0.11455,0.009602,0.575519,0.568
1992/10/14 0:00,0.723,1.4729,0.72197,0.688326,0.114419,0.009653,0.575519,0.5685
1992/10/15 0:00,0.7175,1.4725,0.720098,0.686106,0.114742,0.009671,0.575519,0.5665
1992/10/16 0:00,0.715,1.4775,0.721241,0.693241,0.114751,0.009687,0.575519,0.5653
1992/10/17 0:00,0.7162,1.4858,0.721605,0.694444,0.114762,0.009681,0.589312,0.5672
1992/10/18 0:00,0.7135,1.4948,0.724008,0.697204,0.114778,0.009648,0.589312,0.5682
1992/10/19 0:00,0.7185,1.488,0.725426,0.695604,0.114778,0.009653,0.6029224,0.5725
1992/10/20 0:00,0.7168,1.4915,0.723851,0.697934,0.114405,0.009684,0.642343,0.573
1992/10/21 0:00,0.7203,1.5037,0.728173,0.697691,0.114818,0.009713,0.643087,0.5743
1992/10/22 0:00,0.716,1.5055,0.727114,0.702247,0.114578,0.00977,0.642921,0.574
1992/10/23 0:00,0.712,1.5075,0.724375,0.704473,0.114584,0.009826,0.643087,0.574
1992/10/24 0:00,0.7135,1.5118,0.723694,0.708717,0.114617,0.009799,0.643004,0.577
1992/10/25 0:00,0.7115,1.5187,0.723066,0.714286,0.114815,0.009824,0.643501,0.5767
1992/10/26 0:00,0.706,1.513,0.722543,0.714541,0.114964,0.009881,0.643542,0.5755
1992/10/27 0:00,0.7117,1.4995,0.721345,0.708968,0.115027,0.009804,0.642674,0.5765
1992/10/28 0:00,0.7148,1.498,0.722178,0.705916,0.115099,0.009737,0.641849,0.5776
1992/10/29 0:00,0.7155,1.4935,0.722752,0.706864,0.115122,0.009735,0.64288,0.5765
1992/10/30 0:00,0.719,1.4975,0.724795,0.707965,0.115137,0.009737,0.645286,0.579
1992/10/31 0:00,0.7242,1.4905,0.725479,0.699203,0.115154,0.009615,0.643708,0.5815
1992/11/1 0:00,0.7221,1.4911,0.7585904000000001,0.70028,0.115169,0.009577,0.643625,0.5805
1992/11/2 0:00,0.7175,1.4995,0.7585903999999999,0.700771,0.114784,0.009594,0.643708,0.5817
1992/11/3 0:00,0.7224,1.4985,0.7585904000000001,0.701508,0.115194,0.009533,0.643418,0.5835
1992/11/4 0:00,0.726,1.5025,0.7585903999999999,0.701164,0.115199,0.009542,0.644953,0.5863
1992/11/5 0:00,0.7275,1.5065,0.7585903999999999,0.706364,0.115198,0.009581,0.645036,0.5855
1992/11/6 0:00,0.728,1.5085,0.7585904000000001,0.71048,0.115201,0.009657,0.648088,0.5855
1992/11/7 0:00,0.7288,1.508,0.7585903999999999,0.70932,0.115202,0.009592,0.651254,0.5855
1992/11/8 0:00,0.7288,1.5098,0.7585903999999999,0.711389,0.115205,0.009618,0.650407,0.5868
1992/11/9 0:00,0.734,1.5055,0.7585903999999999,0.710732,0.115202,0.009585,0.650026,0.49906999999999996
1992/11/10 0:00,0.7352,1.5058,0.7585903999999999,0.707214,0.115205,0.009533,0.650407,0.49829
1992/11/11 0:00,0.7345,1.5095,0.7585903999999999,0.713419,0.115205,0.009569,0.651042,0.49632
1992/11/12 0:00,0.7323,1.5108,0.7410595999999999,0.712352,0.115207,0.009574,0.651763,0.49906999999999996
1992/11/13 0:00,0.7327,1.5095,0.761017,0.713012,0.11521,0.009588,0.651254,0.49906999999999996
1992/11/14 0:00,0.7385,1.512,0.7585903999999999,0.712606,0.115213,0.009547,0.65189,0.49906999999999996
1992/11/15 0:00,0.9332698,1.5172,0.9489277999999999,0.714031,0.115215,0.009551,0.652401,0.8327048000000001
1992/11/16 0:00,0.9160532,1.5082,0.874836,0.711744,0.115219,0.009526,0.651678,0.783172
1992/11/17 0:00,0.8539142,1.5055,0.8500378000000002,0.705716,0.1585512,0.009489,0.649562,0.781952
1992/11/18 0:00,0.7910432,1.5083,0.727537,0.706714,0.14052599999999998,0.009501,0.651678,0.5383908
1992/11/19 0:00,0.7977532,1.508,0.729395,0.707914,0.1391808,0.009533,0.652614,0.5567708
1992/11/20 0:00,0.7977532,1.5063,0.726956,0.707714,0.1397784,0.009611,0.651975,0.6097136000000001
1992/11/21 0:00,0.7977532,1.5067,0.727802,0.706464,0.13977840000000002,0.009574,0.65083,0.5745008
1992/11/22 0:00,0.7910432000000001,1.5084,0.727537,0.711238,0.1388702,0.009643,0.651848,0.64527
1992/11/23 0:00,0.7910432000000001,1.5202,0.724008,0.720254,0.14052599999999998,0.009709,0.652827,0.5745008
1992/11/24 0:00,0.7910432000000001,1.5192,0.721501,0.722804,0.14052599999999998,0.009756,0.652614,0.5745008
1992/11/25 0:00,0.7788932000000001,1.5194,0.720357,0.728067,0.14052599999999998,0.00973,0.652443,0.5745008
1992/11/26 0:00,0.7910432000000001,1.52,0.717978,0.728863,0.14052599999999998,0.009682,0.652018,0.5745008
1992/11/27 0:00,0.7910432000000001,1.5307,0.718133,0.735727,0.13946260000000002,0.009732,0.652955,0.59428
1992/11/28 0:00,0.7725531999999999,1.5385,0.71736,0.740741,0.1499342,0.009814,0.65445,0.6183
1992/11/29 0:00,0.7646032,1.5405,0.724375,0.743771,0.16040559999999998,0.009825,0.653894,0.5953
1992/11/30 0:00,0.7729932,1.5315,0.722022,0.739645,0.1549606,0.009884,0.653595,0.5936
1992/12/1 0:00,0.7723932,1.5415,0.721865,0.742115,0.15505039999999998,0.009891,0.654322,0.591
1992/12/2 0:00,0.8054688000000001,1.5519,0.719528,0.750751,0.1496952,0.00995,0.654793,0.588
1992/12/3 0:00,0.8355192,1.5495,0.720721,0.757002,0.1496952,0.009995,0.655867,0.5897
1992/12/4 0:00,0.8355192,1.5512,0.721293,0.753012,0.1496952,0.009997,0.655609,0.5918
1992/12/5 0:00,0.8475194,1.5462,0.722543,0.751033,0.1497576,0.010119,0.656297,0.5928
1992/12/6 0:00,0.8232063999999999,1.5483,0.723327,0.750469,0.1551752,0.010151,0.655781,0.595
1992/12/7 0:00,0.8227064000000001,1.539,0.723484,0.748783,0.1551752,0.010151,0.656599,0.5975
1992/12/8 0:00,0.7925322,1.5415,0.719891,0.752559,0.1551752,0.010114,0.656944,0.5931
1992/12/9 0:00,0.8567007999999999,1.5505,0.722074,0.757002,0.14982040000000002,0.01018,0.658198,0.6628100000000001
1992/12/10 0:00,0.7925322,1.5421,0.720202,0.754717,0.15517560000000002,0.010115,0.657678,0.66349
1992/12/11 0:00,0.8290464,1.5445,0.719269,0.75643,0.14982040000000002,0.010194,0.657678,0.67713
1992/12/12 0:00,0.8567007999999999,1.5645,0.718907,0.771605,0.14640160000000002,0.01027,0.661026,0.6771900000000001
1992/12/13 0:00,0.9485196,1.5725,0.9573134,0.778513,0.14640160000000002,0.01033,0.661945,0.8093244
1992/12/14 0:00,0.9485196,1.5675,0.9573134,0.771903,0.15006380000000002,0.010215,0.661376,0.8437062000000001
1992/12/15 0:00,0.9485195999999998,1.5615,0.9573134,0.764818,0.1534818,0.010163,0.660284,0.8437062000000001
1992/12/16 0:00,0.9485196,1.5574,0.9573134,0.761905,0.1480488,0.010194,0.661026,0.8097042
1992/12/17 0:00,0.9483539999999999,1.5622,0.9588058,0.76599,0.1534818,0.010151,0.662032,0.8437062000000001
1992/12/18 0:00,0.9461288,1.5513,0.9588378000000001,0.75643,0.156597,0.010081,0.66107,0.8437062000000001
1992/12/19 0:00,0.9484876,1.5493,0.9588058,0.757576,0.1534818,0.010147,0.66212,0.8437062000000001
1992/12/20 0:00,0.9483539999999999,1.5395,0.9588058,0.751033,0.1610126,0.010147,0.662032,0.7680944000000001
1992/12/21 0:00,0.9483539999999999,1.531,0.9588058,0.740741,0.1432492,0.010147,0.661813,0.6816422
1992/12/22 0:00,0.8907484,1.532,0.9588378000000001,0.740741,0.15361,0.010106,0.662559,0.8437062000000001
1992/12/23 0:00,0.9485196,1.5244,0.9573134,0.74129,0.14494800000000002,0.010201,0.661945,0.7595054
1992/12/24 0:00,0.7388,1.5306,0.7586976000000001,0.748671,0.13103099999999998,0.010185,0.662427,0.5576494
1992/12/25 0:00,0.736,1.5317,0.7415385999999999,0.745712,0.125895,0.010083,0.662076,0.5135808
1992/12/26 0:00,0.7389,1.5415,0.7767759999999999,0.743771,0.1326702,0.009995,0.661901,0.66049
1992/12/27 0:00,0.7375,1.5368,0.7010592,0.751033,0.12081679999999999,0.0099476,0.66335,0.46676039999999996
1992/12/28 0:00,0.7345,1.5378,0.7194012,0.749625,0.12081680000000002,0.0097496,0.66335,0.46676039999999996
1992/12/29 0:00,0.7325,1.5395,0.7194012,0.749064,0.120731,0.009732,0.66357,0.5069204
1992/12/30 0:00,0.7355,1.5387,0.7194012,0.748783,0.12081680000000002,0.0097184,0.66335,0.4667604000000001
1992/12/31 0:00,0.7415,1.5425,0.759413,0.749344,0.1214274,0.0101044,0.663966,0.57526
1993/1/1 0:00,0.7403,1.5422,0.7210778,0.751033,0.1214286,0.0101044,0.664099,0.5736800000000001
1993/1/2 0:00,0.741,1.5385,0.749538,0.749569,0.12081680000000002,0.00993,0.664099,0.54588
1993/1/3 0:00,0.743,1.5393,0.7776522,0.75358,0.1214286,0.0099484,0.663614,0.5464800000000001
1993/1/4 0:00,0.7455,1.5395,0.8361232,0.753012,0.1220302,0.0099398,0.66379,0.58417
1993/1/5 0:00,0.7415,1.545,0.787715,0.76365,0.12262880000000001,0.010110000000000001,0.663834,0.6221099999999999
1993/1/6 0:00,0.7405,1.5422,0.7774656,0.767636,0.1214286,0.0099282,0.66357,0.5776199999999999
1993/1/7 0:00,0.7402,1.5427,0.7798748000000001,0.768521,0.1214286,0.0099056,0.66379,0.5776199999999999
1993/1/8 0:00,0.7415,1.54,0.7774656,0.764526,0.1214286,0.009928200000000002,0.664231,0.5228904000000001
1993/1/9 0:00,0.7398,1.545,0.7982298,0.769823,0.1220302,0.009910200000000001,0.66454,0.5776199999999999
1993/1/10 0:00,0.7382,1.549,0.7603664,0.773694,0.1212356,0.009732000000000001,0.665336,0.60482
1993/1/11 0:00,0.7352,1.551,0.7030618000000001,0.775795,0.1206128,0.010079600000000001,0.666001,0.5929994
1993/1/12 0:00,0.7355,1.5535,0.7030618,0.770416,0.1206128,0.009384400000000001,0.665646,0.5820204
1993/1/13 0:00,0.7405,1.5535,0.7309760000000001,0.768049,0.1213104,0.0095842,0.666001,0.5937194
1993/1/14 0:00,0.7442,1.5535,0.8069464,0.765404,0.1219218,0.009760399999999999,0.666223,0.6303494000000001
1993/1/15 0:00,0.7445,1.5355,0.7677902,0.755458,0.1214286,0.009605800000000001,0.666223,0.5402104
1993/1/16 0:00,0.742,1.534,0.7794348,0.747943,0.1254024,0.010103200000000001,0.666001,0.601
1993/1/17 0:00,0.743,1.535,0.779497,0.750469,0.1258872,0.0101122,0.666622,0.6015
1993/1/18 0:00,0.7444,1.5362,0.779497,0.751033,0.12125059999999999,0.0101122,0.666667,0.6018
1993/1/19 0:00,0.743,1.5445,0.7786540000000001,0.755287,0.12447,0.0101242,0.666445,0.604
1993/1/20 0:00,0.742,1.5475,0.7814376000000001,0.764234,0.1236138,0.0101072,0.666667,0.6047
1993/1/21 0:00,0.7404,1.5487,0.7684142,0.772201,0.12435079999999998,0.0100738,0.666622,0.6041
1993/1/22 0:00,0.7435,1.5462,0.7585903999999999,0.771903,0.1253928,0.010076,0.666667,0.6067
1993/1/23 0:00,0.745,1.5436,0.7833454,0.76599,0.1253928,0.010052,0.666711,0.6046
1993/1/24 0:00,0.745,1.5503,0.731315,0.779423,0.12011399999999998,0.010081,0.668137,0.604
1993/1/25 0:00,0.7436,1.5696,0.731957,0.780031,0.12011399999999998,0.010101,0.670691,0.6021
1993/1/26 0:00,0.7442,1.5623,0.738716,0.774293,0.12541739999999998,0.010105,0.672224,0.6022
1993/1/27 0:00,0.7415,1.5673,0.739864,0.782473,0.12541019999999997,0.010096,0.671772,0.6027
1993/1/28 0:00,0.7435,1.563,0.738552,0.778513,0.12541739999999998,0.010055,0.671727,0.6037
1993/1/29 0:00,0.7442,1.584,0.739919,0.785238,0.12541019999999997,0.01013,0.674309,0.604
1993/1/30 0:00,0.7427,1.566,0.739809,0.776398,0.1254102,0.010144,0.675311,0.6032
1993/1/31 0:00,0.7426,1.5745,0.743882,0.777001,0.12541019999999997,0.010226,0.677415,0.603
1993/2/1 0:00,0.7467,1.578,0.744602,0.779727,0.12541019999999997,0.010212,0.677369,0.6002
1993/2/2 0:00,0.7357,1.576,0.744435,0.778513,0.12541019999999997,0.010199,0.676911,0.5992
1993/2/3 0:00,0.7393,1.5813,0.743052,0.77912,0.12541019999999997,0.010235,0.674992,0.6022
1993/2/4 0:00,0.7397,1.5745,0.742225,0.776699,0.12541019999999997,0.010137,0.672585,0.6023
1993/2/5 0:00,0.7391,1.5775,0.74195,0.77912,0.12541019999999997,0.010166,0.673083,0.6022
1993/2/6 0:00,0.7403,1.576,0.745712,0.778513,0.12541019999999997,0.010125,0.671817,0.6017
1993/2/7 0:00,0.74,1.58,0.744879,0.77821,0.12541019999999997,0.010135,0.673174,0.603
1993/2/8 0:00,0.74,1.577,0.745712,0.777303,0.12541019999999997,0.010096,0.674082,0.6025
1993/2/9 0:00,0.7406,1.5785,0.743108,0.773395,0.12541019999999997,0.01005,0.674309,0.6027
1993/2/10 0:00,0.7382,1.5783,0.743494,0.775795,0.12541019999999997,0.010035,0.675402,0.603
1993/2/11 0:00,0.7392,1.586,0.74228,0.782473,0.12541019999999997,0.010053,0.678564,0.6029
1993/2/12 0:00,0.7395,1.5875,0.742005,0.780945,0.12541019999999997,0.010035,0.676224,0.6047
1993/2/13 0:00,0.7377,1.5865,0.741565,0.780214,0.12541019999999997,0.009963,0.674992,0.6045
1993/2/14 0:00,0.7355,1.578,0.744158,0.774893,0.12541019999999997,0.00995,0.673854,0.605
1993/2/15 0:00,0.7358,1.581,0.742005,0.777001,0.12541019999999997,0.010005,0.674354,0.6054
1993/2/16 0:00,0.7375,1.5815,0.7414,0.778816,0.12541019999999997,0.010025,0.674536,0.6055
1993/2/17 0:00,0.735,1.591,0.738552,0.791766,0.12541739999999998,0.01016,0.677277,0.6061
1993/2/18 0:00,0.735,1.61,0.737191,0.800641,0.1254112,0.010238,0.678748,0.6107
1993/2/19 0:00,0.7373,1.6135,0.738007,0.800641,0.1247924,0.010226,0.679348,0.6113
1993/2/20 0:00,0.7355,1.618,0.738116,0.802568,0.125416,0.010277,0.680504,0.6113
1993/2/21 0:00,0.7366,1.6215,0.738007,0.801925,0.125416,0.010288,0.678196,0.6125
1993/2/22 0:00,0.7315,1.6255,0.738389,0.801089,0.12541739999999998,0.01027,0.678012,0.612
1993/2/23 0:00,0.7363,1.6275,0.739372,0.7093776,0.116973,0.010288,0.678564,0.6125
1993/2/24 0:00,0.7363,1.6365,0.741015,0.6859306000000001,0.11698,0.010315,0.67981,0.6123
1993/2/25 0:00,0.742,1.632,0.742115,0.6859306000000001,0.11698,0.010304,0.676819,0.613
1993/2/26 0:00,0.72147,1.6368,0.74129,0.8609595999999999,0.116996,0.010315,0.680041,0.614
1993/2/27 0:00,0.7187500000000001,1.623,0.740631,0.8608104000000001,0.117006,0.010267,0.679256,0.6152
1993/2/28 0:00,0.71717,1.635,0.739262,0.8590646,0.117014,0.01032,0.680735,0.615
1993/3/1 0:00,0.71717,1.632,0.73828,0.8590646,0.117022,0.010334,0.681199,0.6152
1993/3/2 0:00,0.71959,1.6345,0.737735,0.8589312,0.117022,0.010309,0.681199,0.6165
1993/3/3 0:00,0.71959,1.6125,0.736757,0.8589312,0.117044,0.010183,0.680133,0.6147
1993/3/4 0:00,0.72013,1.6105,0.736594,0.8601162,0.117044,0.010241,0.680041,0.6185
1993/3/5 0:00,0.71959,1.616,0.737681,0.8589312,0.117044,0.010284,0.681803,0.6203
1993/3/6 0:00,0.7214499999999999,1.621,0.736648,0.794281,0.117044,0.010317,0.682361,0.6215
1993/3/7 0:00,0.7742302,1.605,0.738825,0.78125,0.117096,0.010227,0.681199,0.6805388000000001
1993/3/8 0:00,0.71733,1.5992,0.735943,0.777303,0.11711,0.010212,0.67981,0.66854
1993/3/9 0:00,0.71733,1.588,0.736485,0.772798,0.117132,0.010197,0.678196,0.6152835999999999
1993/3/10 0:00,0.71733,1.584,0.733568,0.769527,0.117132,0.010175,0.679117,0.6152836
1993/3/11 0:00,0.71733,1.5715,0.732601,0.765931,0.11716,0.010166,0.678656,0.6152835999999999
1993/3/12 0:00,0.7214499999999999,1.577,0.732386,0.770416,0.117178,0.010194,0.679486,0.6223
1993/3/13 0:00,0.7214499999999999,1.568,0.731261,0.75815,0.117184,0.010152,0.68018,0.624
1993/3/14 0:00,0.7214499999999999,1.566,0.731582,0.75643,0.117184,0.010162,0.681896,0.622
1993/3/15 0:00,0.7214499999999999,1.5695,0.726639,0.757863,0.117198,0.010184,0.682454,0.623
1993/3/16 0:00,0.7214499999999999,1.5725,0.728067,0.761035,0.117198,0.010176,0.682128,0.6225
1993/3/17 0:00,0.7214499999999999,1.563,0.726691,0.756144,0.117226,0.010127,0.682128,0.6207
1993/3/18 0:00,0.73245,1.563,0.725426,0.753296,0.117232,0.010143,0.683013,0.6227
1993/3/19 0:00,0.7214499999999999,1.5643,0.725847,0.754432,0.117243,0.010106,0.683995,0.6233
1993/3/20 0:00,0.7214499999999999,1.567,0.727167,0.754717,0.117247,0.01011,0.68292,0.6278
1993/3/21 0:00,0.7214499999999999,1.5652,0.727061,0.751597,0.117255,0.01006,0.681896,0.6299
1993/3/22 0:00,0.6085812,1.5602,0.728863,0.751315,0.117262,0.009961,0.679348,0.4987108
1993/3/23 0:00,0.76837,1.559,0.728226,0.75358,0.117269,0.009968,0.681663,0.6345036000000001
1993/3/24 0:00,0.6592908,1.561,0.728226,0.75188,0.117275,0.009965,0.682687,0.5246308
1993/3/25 0:00,0.5535516000000001,1.5641,0.72469,0.752842,0.117314,0.009987,0.681431,0.5388708
1993/3/26 0:00,0.5535515999999999,1.5632,0.722804,0.747943,0.117336,0.009959,0.680828,0.4606608
1993/3/27 0:00,0.5535516000000001,1.5602,0.722126,0.747105,0.117382,0.009978,0.680596,0.4606608
1993/3/28 0:00,0.5535516000000001,1.5637,0.721501,0.749906,0.117426,0.009996,0.681849,0.4606608
1993/3/29 0:00,0.6413508,1.5605,0.720877,0.751597,0.117467,0.009968,0.682361,0.46066080000000004
1993/3/30 0:00,0.6413508,1.5612,0.720721,0.751823,0.117507,0.00997,0.681431,0.4606608
1993/3/31 0:00,0.5906412000000001,1.563,0.720721,0.754034,0.117545,0.009974,0.681803,0.4606608
1993/4/1 0:00,0.9461288,1.563,0.9588378000000001,0.751202,0.117599,0.009972,0.682594,0.8437062000000001
1993/4/2 0:00,0.9461288,1.5622,0.9588378000000001,0.751428,0.117646,0.009985,0.681803,0.8437062000000001
1993/4/3 0:00,0.9433254,1.56,0.9505570000000001,0.751936,0.117711,0.009968,0.682967,0.8437062000000001
1993/4/4 0:00,0.775,1.5595,0.7541418,0.754148,0.117758,0.009977,0.68306,0.5617
1993/4/5 0:00,0.7755,1.5462,0.7585903999999999,0.750244,0.117818,0.009955,0.683107,0.49632
1993/4/6 0:00,0.777,1.5445,0.7585903999999999,0.749457,0.117888,0.009978,0.6832,0.53379
1993/4/7 0:00,0.7765,1.545,0.7585903999999999,0.751597,0.117941,0.009954,0.682827,0.49632
1993/4/8 0:00,0.9433254,1.5435,0.9505570000000001,0.752672,0.118039,0.009967,0.68264,0.8437062000000001
1993/4/9 0:00,0.9461288,1.5602,0.9588378000000001,0.763534,0.118076,0.010035,0.683854,0.8437062000000001
1993/4/10 0:00,0.9461288,1.5665,0.9588377999999999,0.763359,0.118117,0.01004,0.685636,0.8437062000000001
1993/4/11 0:00,0.9397855999999999,1.5624,0.9418654,0.761615,0.118138,0.009948,0.687758,0.8437062000000001
1993/4/12 0:00,0.9319786000000001,1.5605,0.9152532000000001,0.761615,0.118138,0.009862,0.687521,0.8499435999999999
1993/4/13 0:00,0.9319786000000001,1.5635,0.9152532000000001,0.767165,0.118161,0.009904,0.6879,0.8499435999999999
1993/4/14 0:00,0.9319786000000001,1.5518,0.9152532000000001,0.763359,0.118167,0.009865,0.687616,0.8499435999999999
1993/4/15 0:00,0.9584166,1.5573,0.9569608000000001,0.772499,0.118173,0.009967,0.688705,0.8451502
1993/4/16 0:00,0.9429466,1.5585,0.9499524000000001,0.775795,0.11818,0.00996,0.688942,0.8437062000000001
1993/4/17 0:00,0.9461288,1.5592,0.9588378000000001,0.777303,0.118182,0.01001,0.688231,0.8437062000000001
1993/4/18 0:00,0.68652,1.5715,0.705965,0.780945,0.118187,0.010121,0.682361,0.59616
1993/4/19 0:00,0.70041,1.567,0.708617,0.774593,0.118188,0.010125,0.686342,0.6152835999999999
1993/4/20 0:00,0.67076,1.568,0.703482,0.777001,0.118194,0.010101,0.689941,0.5494399999999999
1993/4/21 0:00,0.68281,1.5707,0.703383,0.776096,0.118196,0.010045,0.688137,0.54944
1993/4/22 0:00,0.68281,1.575,0.703235,0.780336,0.118201,0.010057,0.688705,0.5499
1993/4/23 0:00,0.66875,1.5877,0.702346,0.786473,0.118203,0.01006,0.691324,0.5755600000000001
1993/4/24 0:00,0.67072,1.5955,0.704473,0.787712,0.118208,0.010025,0.689513,0.59724
1993/4/25 0:00,0.69973,1.596,0.706814,0.786782,0.118212,0.010036,0.688895,0.5000107999999999
1993/4/26 0:00,0.7003299999999999,1.5932,0.706764,0.784006,0.118217,0.01004,0.687616,0.4708308
1993/4/27 0:00,0.69973,1.5908,0.706814,0.785238,0.118221,0.010069,0.688468,0.5062708
1993/4/28 0:00,0.7003299999999999,1.5885,0.706614,0.784621,0.118226,0.010065,0.688705,0.5185708
1993/4/29 0:00,0.69661,1.5935,0.704573,0.788644,0.118226,0.010163,0.688705,0.639
1993/4/30 0:00,0.7004499999999999,1.5815,0.709622,0.778513,0.118226,0.010057,0.6879,0.6388
1993/5/1 0:00,0.70041,1.5805,0.708767,0.775795,0.118224,0.01006,0.688279,0.639
1993/5/2 0:00,0.70285,1.583,0.710985,0.778695,0.118226,0.01005,0.688279,0.6405
1993/5/3 0:00,0.70871,1.5643,0.712809,0.774593,0.118226,0.010025,0.685683,0.637
1993/5/4 0:00,0.7180500000000001,1.56,0.715052,0.77232,0.118231,0.01007,0.683948,0.6315
1993/5/5 0:00,0.7214499999999999,1.557,0.716589,0.768344,0.118238,0.010058,0.683995,0.6311
1993/5/6 0:00,0.8409487999999999,1.5523,0.716846,0.8653636,0.118245,0.010103,0.686766,0.6302
1993/5/7 0:00,0.71643,1.5565,0.714898,0.80891,0.118254,0.010116,0.687711,0.6327
1993/5/8 0:00,0.9026936000000001,1.5627,0.713267,0.9133323999999998,0.118259,0.010115,0.688421,0.6342
1993/5/9 0:00,0.7717593999999999,1.5635,0.71286,0.9133323999999998,0.118266,0.010136,0.688516,0.6335
1993/5/10 0:00,0.7114499999999999,1.5575,0.714541,0.7894854,0.11827,0.010137,0.687853,0.6328
1993/5/11 0:00,0.70537,1.5605,0.711896,0.7679724,0.118272,0.01015,0.686719,0.6343
1993/5/12 0:00,0.7004499999999999,1.5775,0.70922,0.8614504000000001,0.11827,0.010251,0.688705,0.6347
1993/5/13 0:00,0.70505,1.5765,0.711491,0.84749,0.11827,0.010259,0.687758,0.6395
1993/5/14 0:00,0.71643,1.5815,0.714541,0.8505772,0.118291,0.010277,0.688705,0.6355
1993/5/15 0:00,0.71643,1.586,0.71495,0.8389418000000001,0.118303,0.010306,0.687853,0.635
1993/5/16 0:00,0.71959,1.593,0.717206,0.7513585999999999,0.11831,0.010331,0.688137,0.6323
1993/5/17 0:00,0.7214499999999999,1.5885,0.71736,0.801089,0.118315,0.010299,0.689417,0.6321
1993/5/18 0:00,0.7214499999999999,1.5835,0.716076,0.809192,0.118321,0.010336,0.689322,0.6358
1993/5/19 0:00,0.7214499999999999,1.584,0.717515,0.810898,0.118328,0.010352,0.690084,0.6335
1993/5/20 0:00,0.7214499999999999,1.5843,0.716076,0.806127,0.118332,0.010336,0.689893,0.6333
1993/5/21 0:00,0.71051,1.591,0.712251,0.808407,0.118205,0.010437,0.691085,0.6345
1993/5/22 0:00,0.7111,1.621,0.713521,0.822368,0.118212,0.010593,0.691181,0.6383
1993/5/23 0:00,0.9486706,1.633,0.9572828,0.855066,0.118368,0.010799,0.697593,0.6432
1993/5/24 0:00,0.8124678,1.644,0.9572828,0.873744,0.118381,0.011007,0.70373,0.6452
1993/5/25 0:00,0.9038514000000001,1.619,0.9572828,0.859107,0.118392,0.010957,0.701508,0.6442
1993/5/26 0:00,0.72288,1.6152,0.9133402,0.861178,0.118401,0.011041,0.705965,0.646
1993/5/27 0:00,0.9030514000000001,1.5802,0.9572828,0.848536,0.118398,0.010961,0.70373,0.6465
1993/5/28 0:00,0.7197199999999999,1.5968,0.9573134,0.851789,0.118394,0.01105,0.706314,0.7002718
1993/5/29 0:00,0.7197199999999999,1.5855,0.9573134,0.849618,0.118392,0.010993,0.706165,0.7002718
1993/5/30 0:00,0.8540851999999999,1.603,0.909632,0.870701,0.11838,0.011186,0.708717,0.6781026000000001
1993/5/31 0:00,0.8908202,1.586,0.9559536000000002,0.858959,0.118371,0.011074,0.708516,0.6781025999999999
1993/6/1 0:00,0.8908202,1.582,0.9559536000000002,0.869187,0.118381,0.011212,0.708717,0.6781026000000001
1993/6/2 0:00,0.7882446,1.5805,0.9562542,0.859107,0.118385,0.011183,0.707614,0.6789711999999999
1993/6/3 0:00,0.71972,1.5855,0.9573134,0.849834,0.118396,0.011188,0.706464,0.6945496
1993/6/4 0:00,0.7197199999999999,1.586,0.8690963999999999,0.856531,0.118388,0.011246,0.706464,0.6945496
1993/6/5 0:00,0.7179800000000001,1.5923,0.9023934,0.857265,0.118382,0.011324,0.706564,0.6945496
1993/6/6 0:00,0.7197199999999999,1.588,0.9573134,0.85034,0.118377,0.011223,0.703136,0.6945496
1993/6/7 0:00,0.7197199999999999,1.5955,0.8642688,0.862441,0.118375,0.011227,0.704225,0.6717544
1993/6/8 0:00,0.7350947999999999,1.61,0.7619402000000001,0.869943,0.118375,0.011208,0.704722,0.6490224
1993/6/9 0:00,0.9402761999999999,1.608,0.8012278,0.876271,0.118378,0.010055,0.705965,0.7079616
1993/6/10 0:00,0.7189,1.5985,0.737741,0.853971,0.118387,0.008469399999999998,0.703235,0.6836599999999999
1993/6/11 0:00,0.9148303999999999,1.619,0.9562541999999998,0.882613,0.118394,0.009985999999999998,0.707965,0.7098106000000001
1993/6/12 0:00,0.9342466,1.616,0.9120773999999999,0.889521,0.118399,0.011024599999999999,0.710227,0.675923
1993/6/13 0:00,0.9069832,1.6015,0.9506463999999999,0.879507,0.118403,0.010131999999999999,0.709874,0.7086127999999999
1993/6/14 0:00,0.9423830000000001,1.6065,0.9106400000000001,0.883236,0.118405,0.010214400000000002,0.710833,0.7261382000000001
1993/6/15 0:00,0.9182079999999999,1.6058,0.9106400000000001,0.886525,0.11841,0.0097372,0.711389,0.7083202
1993/6/16 0:00,0.8937927999999999,1.6015,0.8241883999999999,0.881057,0.118412,0.0099536,0.712251,0.7135301999999999
1993/6/17 0:00,0.72658,1.594,0.7349746,0.861698,0.11841,0.0114684,0.7131732000000001,0.6645
1993/6/18 0:00,0.7224200000000001,1.5945,0.7310428,0.867679,0.118413,0.0109928,0.7154119999999999,0.6628
1993/6/19 0:00,0.7244200000000001,1.59,0.7322914,0.864902,0.118419,0.0116194,0.7255428,0.667
1993/6/20 0:00,0.7289,1.6068,0.7326860000000001,0.869943,0.118424,0.0114838,0.7153916,0.6728
1993/6/21 0:00,0.7263200000000001,1.602,0.730473,0.867905,0.118426,0.010994599999999998,0.7141654,0.672
1993/6/22 0:00,0.8196483999999999,1.6195,0.7783662,0.885583,0.11843,0.0085708,0.6945271999999999,0.6751
1993/6/23 0:00,0.8164852,1.614,0.8247960000000001,0.888099,0.118433,0.009687999999999999,0.6479942000000001,0.6718
1993/6/24 0:00,0.9619294,1.616,0.9629566,0.895095,0.118436,0.010249600000000001,0.8069756,0.6695
1993/6/25 0:00,0.8146552,1.6127,0.7770416,0.874891,0.118439,0.010029199999999999,0.6778169999999999,0.6716
1993/6/26 0:00,0.7201200000000001,1.61,0.730834,0.880282,0.118441,0.0089268,0.5726017999999999,0.672
1993/6/27 0:00,0.7337199999999999,1.6055,0.732332,0.8480248000000001,0.118446,0.0104414,0.6853826,0.6721
1993/6/28 0:00,0.7337199999999999,1.6135,0.732601,0.8287929999999999,0.118476,0.010458600000000002,0.6866322,0.6737
1993/6/29 0:00,0.7329600000000001,1.6105,0.733676,0.862592,0.118571,0.010716399999999997,0.7135002,0.6663
1993/6/30 0:00,0.7329600000000001,1.6162,0.733514,0.8546488,0.118621,0.010358200000000001,0.7146012,0.6737
1993/7/1 0:00,0.7334999999999999,1.6091,0.735456,0.8537568,0.118661,0.011386199999999999,0.7120046,0.6718
1993/7/2 0:00,0.7356800000000001,1.618,0.737735,0.826507,0.118661,0.0104964,0.687513,0.6744
1993/7/3 0:00,0.71164,1.6125,0.7298064,0.757835,0.118833,0.008686200000000002,0.6481969999999999,0.675
1993/7/4 0:00,0.96273,1.6172,0.915377,0.74954,0.119056,0.0099802,0.7848957999999999,0.6762
1993/7/5 0:00,0.7305816,1.6185,0.7274128,0.7243806,0.119263,0.008598600000000001,0.7011217999999999,0.6785
1993/7/6 0:00,0.7353414,1.599,0.780978,0.7481652000000001,0.119557,0.0090632,0.7277444,0.6753
1993/7/7 0:00,0.6747,1.608,0.7311920000000001,0.6844241999999999,0.119693,0.0082896,0.6484456,0.6755
1993/7/8 0:00,0.7231626,1.5885,0.779718,0.7434840000000001,0.119837,0.008745600000000001,0.6954248000000001,0.6752
1993/7/9 0:00,0.6730400000000001,1.5815,0.7311356,0.6832888,0.120116,0.0081442,0.6368176,0.6713
1993/7/10 0:00,0.6757799999999999,1.5576,0.7381446,0.6832888,0.120265,0.007919800000000001,0.6613256,0.6695
1993/7/11 0:00,0.67296,1.571,0.8624099999999999,0.6836696000000001,0.120441,0.008079399999999999,0.6477178,0.662
1993/7/12 0:00,0.5502864,1.5652,0.6534826,0.606194,0.120604,0.008287399999999999,0.5596591999999999,0.6616
1993/7/13 0:00,0.70357,1.5165506,0.7685494,0.7298615999999999,0.120508,0.0080668,0.6203896,0.6628
1993/7/14 0:00,0.7305,1.6228200000000002,0.7373284,0.7260596,0.120391,0.0087582,0.6766411999999999,0.6666
1993/7/15 0:00,0.7175,1.6228200000000002,0.7381446,0.6920477999999999,0.120327,0.0088714,0.7085777999999999,0.661
1993/7/16 0:00,0.715,1.6228200000000002,0.7381446,0.6920477999999999,0.120291,0.008112000000000001,0.7082475999999999,0.656
1993/7/17 0:00,0.7181,1.6133,0.7381446,0.7129702,0.120252,0.008112000000000001,0.7072176,0.6576
1993/7/18 0:00,0.7187,1.6228200000000002,0.7381446,0.6920477999999999,0.12021,0.008112000000000001,0.7076515999999999,0.6604
1993/7/19 0:00,0.717,1.6228200000000002,0.7387298,0.6920477999999999,0.120161,0.008087800000000001,0.708158,0.6588
1993/7/20 0:00,0.7192,1.6228200000000002,0.7341528,0.6920477999999999,0.120133,0.0081372,0.708158,0.664
1993/7/21 0:00,0.719,1.6320999999999999,0.723633,0.6874126,0.120101,0.0080628,0.708158,0.669
1993/7/22 0:00,0.7203,1.63062,0.7208544,0.687371,0.120081,0.0080298,0.708158,0.6673
1993/7/23 0:00,0.719,1.6228199999999997,0.7293778000000001,0.6920477999999999,0.120113,0.0081148,0.708158,0.6647
1993/7/24 0:00,0.7154,1.5726738,0.9217512000000001,0.9815846,0.1485626,0.011772,0.7474548,0.6613
1993/7/25 0:00,0.7165,1.5726738,0.9713016,1.0072246,0.1485626,0.011779,0.7474548,0.6678
1993/7/26 0:00,0.7143,1.5765836,0.9731172000000001,1.0145866000000001,0.149165,0.011816,0.7554257999999999,0.668
1993/7/27 0:00,0.7165,1.5754214000000002,0.9715838,0.9974294,0.148122,0.011751,0.743236,0.6703
1993/7/28 0:00,0.7205,1.5654788,0.9742274,1.0023492,0.14862979999999998,0.011871,0.7669908000000001,0.8320158
1993/7/29 0:00,0.7227,1.575733,0.9209744000000001,0.9453178,0.1427826,0.011779,0.772613,0.7694948
1993/7/30 0:00,0.72,1.5765836,0.9215209999999999,0.9474968,0.149165,0.011848,0.7811996,0.7901733999999999
1993/7/31 0:00,0.7175,1.5485524,0.9744002,0.9935189999999998,0.1423196,0.011916,0.7778468000000001,0.7990676000000001
1993/8/1 0:00,0.7193,1.5765836,0.9731172000000001,1.0145866000000001,0.149165,0.011858,0.7941355999999999,0.8320158000000001
1993/8/2 0:00,0.7215,1.5765836,0.9213663999999999,0.9479418000000001,0.149165,0.011848,0.7811996,0.7903734
1993/8/3 0:00,0.7275,1.5758974,0.9223022000000001,0.9456884000000001,0.1485746,0.01179,0.776246,0.7695548000000001
1993/8/4 0:00,0.7281,1.5871178000000001,0.817412,0.860437,0.1423396,0.011812,0.8195971999999999,0.8275256000000001
1993/8/5 0:00,0.7267,1.6322416,0.799541,0.858738,0.1477038,0.011772,0.7709402,0.8086048
1993/8/6 0:00,0.7243,1.5871178000000001,0.7996079999999999,0.864304,0.15012520000000001,0.011813,0.8195971999999999,0.8275255999999999
1993/8/7 0:00,0.7255,1.5917416000000002,0.8813891999999999,0.868056,0.1575296,0.011851,0.8201492,0.8320158
1993/8/8 0:00,0.7207,1.5871178000000001,0.8616797999999999,0.863558,0.15012520000000001,0.011813,0.8195971999999999,0.8275255999999999
1993/8/9 0:00,0.7208,1.5871178000000001,0.8031166000000001,0.87146,0.15259,0.011834,0.8195971999999999,0.8275255999999999
1993/8/10 0:00,0.7185,1.5871178000000001,0.8571798000000002,0.868432,0.1575296,0.011857,0.8201492,0.8320158
1993/8/11 0:00,0.7142,1.6887415999999997,0.8527072,0.873362,0.1548288,0.011893,0.8201492,0.8320158
1993/8/12 0:00,0.7142,1.5824786,0.8067589999999999,0.860215,0.1476536,0.011669,0.7545932,0.7833376000000001
1993/8/13 0:00,0.7155,1.5871178000000001,0.72648,0.869565,0.1477038,0.011806,0.8195971999999999,0.8275256000000001
1993/8/14 0:00,0.7108,1.5871178000000001,0.727908,0.868432,0.1477038,0.011795,0.8023049999999999,0.8086048
1993/8/15 0:00,0.71,1.5871178000000001,0.728704,0.8726,0.1477038,0.011792,0.7865382000000001,0.8086048
1993/8/16 0:00,0.71,1.5871178000000001,0.729767,0.871992,0.1477038,0.011773,0.7709402000000001,0.8086048000000001
1993/8/17 0:00,0.7115,1.5871178000000001,0.7303,0.870474,0.1423394,0.01174,0.7709402,0.7653478
1993/8/18 0:00,0.7157,1.5824786,0.733138,0.863558,0.1476536,0.011525,0.7538798,0.7443534
1993/8/19 0:00,0.7146,1.5824786,0.739754,0.861104,0.1476536,0.011482,0.7538798,0.7833376
1993/8/20 0:00,0.72,1.5722856,0.738498,0.857633,0.142084,0.011435,0.73015,0.7522833999999999
1993/8/21 0:00,0.7215,1.5866256,0.737735,0.857633,0.1418362,0.011427,0.7538798,0.7537034
1993/8/22 0:00,0.7327,1.6081596,0.735727,0.861698,0.1379212,0.011442,0.715308,0.7373401999999999
1993/8/23 0:00,0.7303,1.6254621999999999,0.735673,0.859476,0.1383174,0.011378,0.715461,0.7108024000000001
1993/8/24 0:00,0.7323,1.6272422,0.737409,0.857412,0.14085,0.01128,0.714031,0.6813456
1993/8/25 0:00,0.7324,1.6254622,0.735024,0.863185,0.14085,0.011319,0.715717,0.6808256
1993/8/26 0:00,0.732,1.6609016,0.735186,0.863931,0.14351960000000002,0.011396,0.714286,0.7123124000000001
1993/8/27 0:00,0.7348,1.61903,0.733407,0.869338,0.1379454,0.011395,0.714541,0.7086116
1993/8/28 0:00,0.735,1.6176206,0.735402,0.864678,0.135253,0.011293,0.714541,0.6769432
1993/8/29 0:00,0.7375,1.6609299999999998,0.735835,0.869338,0.137924,0.011422,0.714541,0.7120424
1993/8/30 0:00,0.7385,1.6202006,0.737572,0.862069,0.13792120000000002,0.011379,0.715052,0.7109023999999999
1993/8/31 0:00,0.7381,1.6174716,0.736377,0.867679,0.13787480000000002,0.01137,0.71541,0.7100824000000001
1993/9/1 0:00,0.7365,1.7029899999999998,0.734862,0.871992,0.14351960000000002,0.01137,0.717103,0.7123124000000001
1993/9/2 0:00,0.7363,1.6616900000000001,0.732923,0.8726,0.1355542,0.01134,0.717206,0.6782532000000001
1993/9/3 0:00,0.7387,1.627731,0.730194,0.869187,0.14114100000000002,0.01132,0.717618,0.6834754000000001
1993/9/4 0:00,0.7403,1.627731,0.731689,0.8726,0.12536940000000002,0.011308,0.71736,0.6834754000000001
1993/9/5 0:00,0.7405,1.627731,0.73692,0.862962,0.1463952,0.011011,0.715564,0.6834754000000001
1993/9/6 0:00,0.7402,1.6250022000000002,0.735889,0.870095,0.1408026,0.011056,0.715308,0.6810255999999999
1993/9/7 0:00,0.7425,1.67258,0.737354,0.869943,0.11950380000000001,0.008457200000000002,0.71495,0.6923000000000001
1993/9/8 0:00,0.7414,1.6531399999999998,0.736703,0.858001,0.12009080000000001,0.00872,0.714286,0.70352
1993/9/9 0:00,0.7436,1.6508300000000002,0.737191,0.855432,0.1200016,0.0086524,0.715564,0.6974400000000001
1993/9/10 0:00,0.742,1.5855400000000002,0.735024,0.859107,0.1206976,0.009540199999999999,0.716076,0.6884600000000001
1993/9/11 0:00,0.7398,1.57584,0.736377,0.848896,0.11998400000000001,0.0086432,0.71623,0.6904999999999999
1993/9/12 0:00,0.742,1.61526,0.735835,0.839631,0.1198156,0.0085834,0.71495,0.6990400000000001
1993/9/13 0:00,0.7415,1.6639599999999999,0.733568,0.837521,0.1194984,0.0085842,0.713929,0.6907
1993/9/14 0:00,0.7363,1.60016,0.734916,0.816993,0.11995720000000001,0.0092484,0.709723,0.6718600000000001
1993/9/15 0:00,0.732,1.6626400000000001,0.735835,0.814797,0.1199492,0.0089088,0.704225,0.67043
1993/9/16 0:00,0.77778,1.55008,0.735835,0.815328,0.11992859999999998,0.008912400000000001,0.701607,0.66184
1993/9/17 0:00,0.7787799999999999,1.55952,0.735673,0.819001,0.1199268,0.008931399999999999,0.700427,0.67103
1993/9/18 0:00,0.7787799999999999,1.58202,0.735727,0.819001,0.11992980000000002,0.0094436,0.700918,0.6667099999999999
1993/9/19 0:00,0.77196,1.6046,0.736485,0.812348,0.120068,0.0090968,0.701508,0.6788299999999999
1993/9/20 0:00,0.77086,1.5749,0.736106,0.815993,0.11993380000000001,0.009576,0.702543,0.65968
1993/9/21 0:00,0.7684199999999999,1.5735999999999999,0.737191,0.819001,0.12024759999999998,0.0098338,0.702247,0.6641699999999999
1993/9/22 0:00,0.76528,1.56308,0.742887,0.820749,0.1200242,0.0091172,0.702988,0.6718
1993/9/23 0:00,0.7885248,1.5675599999999998,0.74599,0.830565,0.12016199999999999,0.009378000000000001,0.706215,0.6737
1993/9/24 0:00,0.76556,1.62302,0.746547,0.825764,0.1200088,0.009252999999999999,0.702988,0.68796
1993/9/25 0:00,0.76556,1.55636,0.747775,0.825764,0.12013500000000002,0.009647,0.701262,0.67742
1993/9/26 0:00,0.76484,1.56684,0.744491,0.829187,0.120204,0.008615000000000001,0.703977,0.69252
1993/9/27 0:00,0.76438,1.57668,0.744325,0.832639,0.12025319999999999,0.0087558,0.70373,0.68384
1993/9/28 0:00,0.7648400000000001,1.5749,0.744602,0.832293,0.12027679999999999,0.0087518,0.702741,0.67748
1993/9/29 0:00,0.6902699999999999,1.5501,0.746659,0.823723,0.1201152,0.008443800000000001,0.701262,0.70062
1993/9/30 0:00,0.6902699999999999,1.55,0.746826,0.823723,0.1201152,0.008443800000000001,0.702494,0.70062
1993/10/1 0:00,0.6893699999999999,1.5482,0.743716,0.821693,0.1307474,0.008210600000000002,0.699692,0.68944
1993/10/2 0:00,0.6902699999999999,1.5483,0.744435,0.828844,0.1308918,0.008631000000000002,0.700035,0.69252
1993/10/3 0:00,0.7228699999999999,1.5545,0.743218,0.832085,0.13088059999999999,0.008471200000000002,0.698324,0.68896
1993/10/4 0:00,0.7671800000000001,1.548,0.73828,0.819336,0.13090339999999998,0.008349800000000001,0.696379,0.6891299999999999
1993/10/5 0:00,0.7934599999999999,1.5505,0.7303,0.826105,0.1201136,0.0091504,0.697788,0.68968
1993/10/6 0:00,0.76884,1.552,0.732064,0.826788,0.1201174,0.008760599999999999,0.693001,0.6914200000000001
1993/10/7 0:00,0.76718,1.546,0.733407,0.826105,0.12012179999999999,0.0083398,0.691802,0.6888
1993/10/8 0:00,0.7670000000000001,1.546,0.735943,0.831601,0.12041660000000001,0.008576999999999998,0.690131,0.6930999999999999
1993/10/9 0:00,0.7668200000000001,1.5525,0.734754,0.848536,0.1202844,0.0084276,0.692185,0.6900000000000001
1993/10/10 0:00,0.725761,1.5695,0.736648,0.873134,0.12535939999999998,0.008838,0.69701,0.66826
1993/10/11 0:00,0.687111,1.5795,0.739372,0.880669,0.1358708,0.0081734,0.699056,0.68926
1993/10/12 0:00,0.7185710000000001,1.5715,0.742721,0.869943,0.120336,0.008782600000000002,0.692665,0.68346
1993/10/13 0:00,0.9567008000000001,1.5708,0.742942,0.8693754,0.12781740000000003,0.008223999999999999,0.693481,0.6548999999999999
1993/10/14 0:00,0.8665036,1.5722,0.741015,0.7749650000000001,0.1204134,0.008353000000000001,0.699545,0.6339899999999999
1993/10/15 0:00,0.84916,1.5805,0.740192,0.8460376000000001,0.127612,0.0088548,0.702346,0.71391
1993/10/16 0:00,0.9400124,1.5795,0.7818234000000001,0.8844177999999999,0.1331524,0.0107234,0.702741,0.717754
1993/10/17 0:00,0.8586058000000001,1.5909,0.8189112,0.7645196,0.1339566,0.0094692,0.694927,0.6790452
1993/10/18 0:00,0.85603,1.5808,0.9112490000000001,0.9069162000000001,0.1362768,0.0092846,0.697107,0.689893
1993/10/19 0:00,0.85314,1.5837,0.9290117999999999,0.8336314,0.14109180000000002,0.0097996,0.698178,0.74005
1993/10/20 0:00,1.0192184,1.584,0.8338813999999999,0.8808458,0.14942000000000003,0.009749800000000001,0.701508,0.7296128000000001
1993/10/21 0:00,0.8922982000000002,1.5812,0.8077052,0.8074194,0.13427979999999998,0.008995,0.700771,0.66498
1993/10/22 0:00,0.9345542,1.5778,0.8876126,0.817769,0.141656,0.009936,0.701016,0.8499435999999999
1993/10/23 0:00,0.7628,1.573,0.7809341999999999,0.8585025999999999,0.120824,0.009911,0.70205,0.6605
1993/10/24 0:00,0.7603,1.5735,0.7809883999999999,0.8482858,0.120824,0.009972,0.702247,0.6614
1993/10/25 0:00,0.759,1.5725,0.7806089999999999,0.8585025999999999,0.1213334,0.009921,0.700771,0.6608
1993/10/26 0:00,0.756,1.575,0.7679262,0.8413139999999999,0.12132620000000001,0.009955,0.702494,0.6605
1993/10/27 0:00,0.9461288,1.574,0.9142572000000001,0.8482858,0.1381346,0.009967,0.702247,0.658
1993/10/28 0:00,0.8995896,1.5695,0.916374,0.8502400000000001,0.13802019999999998,0.009938,0.701164,0.6575
1993/10/29 0:00,0.9461288,1.5725,0.9148618000000001,0.8482858,0.13813460000000002,0.009941,0.702247,0.658
1993/10/30 0:00,0.9461288,1.5759,0.7312730000000001,0.7382918,0.119985,0.009975,0.703334,0.6603
1993/10/31 0:00,0.9461288,1.58,0.9588378000000001,0.7194944,0.119992,0.01003,0.707965,0.661
1993/11/1 0:00,0.9461288,1.581,0.7311666000000001,0.7032058,0.119996,0.009983,0.706814,0.659
1993/11/2 0:00,0.9238602,1.5795,0.7312730000000001,0.7063029999999999,0.119995,0.009875,0.70497,0.6555
1993/11/3 0:00,0.9238602,1.574,0.7732046,0.7115278,0.119986,0.009823,0.705965,0.6566
1993/11/4 0:00,0.9238602,1.5795,0.7311666000000001,0.7115278,0.119985,0.009832,0.706714,0.6565
1993/11/5 0:00,0.9238602,1.5775,0.7312730000000001,0.7115278,0.119977,0.009838,0.706464,0.66
1993/11/6 0:00,0.868946,1.5807,0.8608528,0.7194944,0.119977,0.009779,0.707664,0.66
1993/11/7 0:00,0.7635510000000001,1.5778,0.815554,0.706303,0.119982,0.009702,0.705467,0.655
1993/11/8 0:00,0.7708510000000001,1.5813,0.8182212,0.7115278,0.119979,0.009653,0.706314,0.656
1993/11/9 0:00,0.8936612,1.5805,0.9075876,0.7063029999999999,0.11998,0.009626,0.708215,0.6545
1993/11/10 0:00,0.7643510000000001,1.5793,0.815554,0.7063029999999999,0.11998,0.00969,0.70932,0.655
1993/11/11 0:00,0.8940658000000001,1.5778,0.9191824000000001,0.8676753999999999,0.13813460000000002,0.009692,0.707464,0.654
1993/11/12 0:00,0.8741078,1.5805,0.889858,0.8664794,0.13813460000000002,0.009756,0.706914,0.653
1993/11/13 0:00,0.9135536,1.5794,0.959062,0.8676753999999999,0.13813460000000002,0.009926,0.708215,0.6515
1993/11/14 0:00,0.914502,1.5753,0.9490072000000002,0.8676754000000001,0.13813460000000002,0.009906,0.707864,0.653
1993/11/15 0:00,0.9041387999999999,1.5555,0.8746031999999999,0.8664794,0.13813460000000002,0.009833,0.707264,0.6508
1993/11/16 0:00,0.8950086,1.5605,0.9502748000000001,0.8676754000000001,0.13813460000000002,0.009835,0.708215,0.6502
1993/11/17 0:00,0.9033018,1.558,0.9550698000000001,0.8664794,0.13813460000000002,0.009911,0.708466,0.6469
1993/11/18 0:00,0.8940658000000001,1.5558,0.9191824000000001,0.8676753999999999,0.13813460000000002,0.00979,0.707564,0.6472
1993/11/19 0:00,0.9063902,1.5505,0.73959,0.8970761999999999,0.12935760000000002,0.009801,0.707965,0.6475
1993/11/20 0:00,0.8431402,1.5495,0.739919,0.8676753999999999,0.12935760000000002,0.009867,0.707965,0.6511
1993/11/21 0:00,0.7916331999999999,1.5583,0.739098,0.8664794,0.12935760000000002,0.00984,0.707965,0.6532
1993/11/22 0:00,0.8355192,1.565,0.739098,0.8676754000000001,0.12935760000000002,0.00995,0.708617,0.6525
1993/11/23 0:00,0.7916331999999999,1.56,0.738443,0.8676753999999999,0.12935760000000002,0.009852,0.707714,0.6513
1993/11/24 0:00,0.9063901999999999,1.5505,0.739481,0.8970761999999999,0.12935760000000002,0.009823,0.707965,0.6509
1993/11/25 0:00,0.7729432,1.548,0.737191,0.8664794,0.13982840000000002,0.009889,0.707965,0.6555
1993/11/26 0:00,0.8311432000000002,1.5383,0.736106,0.8664794,0.12935760000000002,0.009856,0.707965,0.63175
1993/11/27 0:00,0.8558378000000001,1.5302,0.735998,0.8676754000000001,0.12935760000000002,0.009823,0.708717,0.6744800000000001
1993/11/28 0:00,0.8580332,1.536,0.732064,0.8781214,0.1330018,0.009881,0.706964,0.72419
1993/11/29 0:00,0.8580332,1.536,0.731957,0.8781214,0.13286040000000002,0.009896,0.706714,0.69938
1993/11/30 0:00,0.8338432000000001,1.541,0.731422,0.8676754000000001,0.12893179999999999,0.00986,0.707614,0.69923
1993/12/1 0:00,0.8580332,1.5422,0.732172,0.8791361999999999,0.1330364,0.009865,0.707214,0.72419
1993/12/2 0:00,0.8580332,1.5353,0.730727,0.8791361999999999,0.1328954,0.009862,0.707214,0.63944
1993/12/3 0:00,0.8230331999999999,1.5329,0.726956,0.8781214,0.1330018,0.009906,0.706614,0.69377
1993/12/4 0:00,0.8580332,1.5348,0.724533,0.8791361999999999,0.1330356,0.009894,0.707364,0.6582399999999999
1993/12/5 0:00,0.7189,1.5313,0.726006,0.6792926,0.119979,0.009818,0.706215,0.66476
1993/12/6 0:00,0.7189,1.5325,0.726533,0.6792926,0.119982,0.009828,0.705866,0.66476
1993/12/7 0:00,0.7211599999999999,1.541,0.727537,0.6795477999999999,0.11997,0.009852,0.706215,0.66154
1993/12/8 0:00,0.7211599999999999,1.5395,0.727537,0.7651876,0.119946,0.00979,0.706215,0.66154
1993/12/9 0:00,0.7189,1.539,0.726691,0.6792926,0.119933,0.009833,0.707264,0.66476
1993/12/10 0:00,0.7189,1.542,0.726216,0.6792926,0.119939,0.009818,0.706964,0.66476
1993/12/11 0:00,0.7189,1.5373,0.731261,0.7564152,0.119941,0.009804,0.706714,0.66476
1993/12/12 0:00,0.7189,1.5388,0.734214,0.6792926,0.119943,0.009822,0.707064,0.66476
1993/12/13 0:00,0.7189,1.5425,0.733299,0.7822544,0.119941,0.009747,0.705965,0.66476
1993/12/14 0:00,0.7189,1.5555,0.734592,0.7563686000000001,0.119934,0.009768,0.706814,0.66476
1993/12/15 0:00,0.7189,1.56,0.73524,0.7822544,0.119934,0.009728,0.706564,0.66476
1993/12/16 0:00,0.7189,1.539,0.735024,0.7822544,0.119934,0.009721,0.707714,0.66476
1993/12/17 0:00,0.7189,1.5535,0.732332,0.7822544,0.119941,0.009682,0.706714,0.66476
1993/12/18 0:00,0.7189,1.5565,0.73654,0.7042466000000001,0.119933,0.008101399999999998,0.706364,0.66476
1993/12/19 0:00,0.7808387999999999,1.5517,0.739098,0.7454828,0.119917,0.0079048,0.704722,0.66476
1993/12/20 0:00,0.7194999999999999,1.5463,0.738498,0.7137118000000001,0.1199,0.0085624,0.698812,0.66476
1993/12/21 0:00,0.7808387999999999,1.552,0.736757,0.7721560000000001,0.119898,0.0079048,0.702494,0.66476
1993/12/22 0:00,0.7189,1.5495,0.734808,0.7455268,0.119883,0.0080624,0.701262,0.66996
1993/12/23 0:00,0.7189,1.5475,0.73443,0.6800592,0.119884,0.008011599999999999,0.702395,0.66476
1993/12/24 0:00,0.7189,1.5456,0.732654,0.680428,0.119893,0.007937799999999998,0.702247,0.66476
1993/12/25 0:00,0.7189,1.5445,0.732869,0.7167326,0.119898,0.0086022,0.703235,0.66476
1993/12/26 0:00,0.7189,1.5487,0.733945,0.6782952,0.119898,0.007994199999999998,0.702741,0.66476
1993/12/27 0:00,0.7189,1.538,0.7378296,0.792492,0.119898,0.008463599999999998,0.701508,0.6898799999999999
1993/12/28 0:00,0.7805671999999999,1.5255,0.7419064,0.7876184,0.119901,0.008463599999999998,0.706314,0.6898799999999999
1993/12/29 0:00,0.7730503999999999,1.5228,0.7893072,0.842744,0.119917,0.0087954,0.704722,0.712979
1993/12/30 0:00,0.7189,1.5093,0.732493,0.837381,0.119936,0.0086544,0.7153843999999999,0.6986000000000001
1993/12/31 0:00,0.7358,1.5135,0.73046,0.841326,0.119941,0.0086348,0.7137684,0.6986000000000001
1994/1/1 0:00,0.7358,1.5135,0.729395,0.838926,0.119947,0.0087826,0.6880064000000001,0.6986000000000001
1994/1/2 0:00,0.7189,1.5092,0.729661,0.837802,0.119957,0.008800800000000001,0.7137684,0.6986000000000001
1994/1/3 0:00,0.7189,1.5075,0.726322,0.83661,0.119952,0.0088136,0.6878708,0.6986000000000001
1994/1/4 0:00,0.73452,1.503,0.723484,0.827883,0.119966,0.0087586,0.6863882,0.67964
1994/1/5 0:00,0.7189,1.5063,0.723851,0.827815,0.119976,0.0088136,0.6864937999999999,0.6986000000000001
1994/1/6 0:00,0.7189,1.5037,0.725953,0.824198,0.11998,0.0088154,0.6878708,0.6986000000000001
1994/1/7 0:00,0.7189,1.5096,0.727643,0.824878,0.119993,0.0086268,0.7141027999999999,0.7066399999999999
1994/1/8 0:00,0.7189,1.5132,0.727908,0.820008,0.120002,0.0086268,0.7141028,0.6986000000000001
1994/1/9 0:00,0.7189,1.519,0.727326,0.821018,0.120009,0.0086268,0.7141028,0.6986000000000001
1994/1/10 0:00,0.7189,1.5352,0.725689,0.835422,0.120003,0.008789,0.6878708,0.6986000000000001
1994/1/11 0:00,0.7189,1.5402,0.728067,0.831808,0.120019,0.0086268,0.7141027999999999,0.6986000000000001
1994/1/12 0:00,0.7189,1.5365,0.731689,0.827267,0.120032,0.008667600000000001,0.7143573999999999,0.6986000000000001
1994/1/13 0:00,0.7189,1.5374,0.730087,0.829531,0.120048,0.0086348,0.7137684,0.6986000000000001
1994/1/14 0:00,0.7189,1.5318,0.728598,0.827472,0.120057,0.0086268,0.6880063999999999,0.6986000000000001
1994/1/15 0:00,0.7189,1.5308,0.728438,0.832293,0.12006,0.0086268,0.7141027999999999,0.6986000000000001
1994/1/16 0:00,0.7189,1.534,0.728757,0.8285,0.120042,0.009,0.706215,0.66476
1994/1/17 0:00,0.7189,1.5371,0.725216,0.834655,0.120048,0.0089264,0.707214,0.66476
1994/1/18 0:00,0.7189,1.5385,0.725058,0.833681,0.120031,0.0089254,0.707464,0.66476
1994/1/19 0:00,0.7189,1.5487,0.723589,0.841822,0.119996,0.0085422,0.714031,0.6741
1994/1/20 0:00,0.7189,1.5445,0.723851,0.844238,0.119973,0.0084602,0.713267,0.66476
1994/1/21 0:00,0.7189,1.5425,0.725268,0.842673,0.119973,0.0084602,0.712962,0.66476
1994/1/22 0:00,0.7189,1.5435,0.726903,0.846382,0.119973,0.008720199999999999,0.710985,0.66476
1994/1/23 0:00,0.7189,1.541,0.726111,0.85266,0.119973,0.0090828,0.709723,0.66476
1994/1/24 0:00,0.7189,1.54,0.727167,0.848536,0.119949,0.008771600000000001,0.711086,0.66476
1994/1/25 0:00,0.7189,1.5398,0.727537,0.846024,0.11991,0.0086268,0.7141027999999999,0.7066399999999999
1994/1/26 0:00,0.7189,1.5335,0.727537,0.83661,0.119894,0.0086268,0.7141028,0.7066399999999999
1994/1/27 0:00,0.7189,1.532,0.728438,0.834028,0.119888,0.0086268,0.7141028,0.6986000000000001
1994/1/28 0:00,0.7189,1.5273,0.729395,0.829669,0.119888,0.0087772,0.6880063999999999,0.6986000000000001
1994/1/29 0:00,0.7189,1.5284,0.729076,0.831808,0.119893,0.0087718,0.6880064000000001,0.6986000000000001
1994/1/30 0:00,0.7748200000000001,1.529,0.72881,0.833472,0.11989,0.0090046,0.5726017999999999,0.675
1994/1/31 0:00,0.7748200000000001,1.529,0.729022,0.832709,0.119871,0.0091882,0.5726017999999999,0.675
1994/2/1 0:00,0.7625,1.53,0.729501,0.832085,0.119862,0.009501,0.5741961999999999,0.6726
1994/2/2 0:00,0.7678,1.524,0.731636,0.82905,0.119848,0.009439,0.5758784,0.6755
1994/2/3 0:00,0.768,1.5238,0.731529,0.832224,0.119814,0.009492,0.7965869999999999,0.8172560000000001
1994/2/4 0:00,0.77,1.5213,0.731048,0.835422,0.119762,0.009475,0.7965869999999999,0.8172560000000001
1994/2/5 0:00,0.7737,1.5225,0.730994,0.839278,0.119692,0.009498,0.7965869999999999,0.8172560000000001
1994/2/6 0:00,0.774,1.5231,0.731101,0.840336,0.119713,0.00948,0.7965869999999999,0.8172560000000001
1994/2/7 0:00,0.7734,1.525,0.733138,0.840901,0.119736,0.009446,0.7965869999999999,0.8172560000000001
1994/2/8 0:00,0.7734,1.53,0.73551,0.839419,0.119722,0.009432,0.7965869999999999,0.8172560000000001
1994/2/9 0:00,0.7742,1.5327,0.735781,0.839349,0.119717,0.009411,0.7965869999999999,0.8172560000000001
1994/2/10 0:00,0.775,1.5376,0.735348,0.839631,0.119732,0.009395,0.7772646,0.8172560000000001
1994/2/11 0:00,0.778,1.536,0.734592,0.83661,0.119732,0.00937,0.7965869999999999,0.8172560000000001
1994/2/12 0:00,0.7769,1.5334,0.734107,0.83717,0.119717,0.009363,0.7965869999999999,0.8172560000000001
1994/2/13 0:00,0.7735,1.523,0.733837,0.838364,0.11969,0.009417,0.7965869999999999,0.8172560000000001
1994/2/14 0:00,0.7725,1.524,0.733353,0.838715,0.1197,0.009399,0.7965869999999999,0.8172560000000001
1994/2/15 0:00,0.7779,1.5181,0.733407,0.83382,0.119713,0.009377,0.7965869999999999,0.8172560000000001
1994/2/16 0:00,0.7821,1.5239,0.733407,0.839983,0.11971,0.009404,0.7965869999999999,0.8172560000000001
1994/2/17 0:00,0.7815,1.5262,0.733407,0.840548,0.119706,0.009346,0.7965869999999999,0.8172560000000001
1994/2/18 0:00,0.784,1.5244,0.738116,0.83696,0.119705,0.0093,0.7965869999999999,0.8172560000000001
1994/2/19 0:00,0.7822,1.5248,0.737518,0.838223,0.119705,0.009304,0.7965869999999999,0.8172560000000001
1994/2/20 0:00,0.781,1.526,0.73692,0.8371,0.119706,0.009351,0.7782258,0.8172560000000001
1994/2/21 0:00,0.781,1.5295,0.736431,0.837731,0.119725,0.009338,0.7965869999999999,0.8172560000000001
1994/2/22 0:00,0.7838,1.5287,0.7585903999999999,0.835422,0.119745,0.009288,0.6829107999999999,0.7537526000000001
1994/2/23 0:00,0.783,1.531,0.7585903999999999,0.838926,0.119743,0.009309,0.7392232,0.7774596
1994/2/24 0:00,0.7861,1.5243,0.7742582,0.829325,0.119739,0.009244,0.6636274,0.7077899999999999
1994/2/25 0:00,0.7883,1.5115,0.7585903999999999,0.821153,0.119735,0.009211,0.665781,0.7075
1994/2/26 0:00,0.7897,1.5125,0.7585903999999999,0.825423,0.119726,0.009215,0.6608758,0.7075
1994/2/27 0:00,0.79,1.5123,0.7585903999999999,0.815528,0.119729,0.009202,0.6631534,0.7075
1994/2/28 0:00,0.7902,1.5085,0.7585903999999999,0.812612,0.11973,0.009228,0.6631336,0.7075
1994/3/1 0:00,0.7875,1.5071,0.7585903999999999,0.812018,0.119736,0.009235,0.6631336,0.6983
1994/3/2 0:00,0.7852,1.507,0.7585904000000001,0.815661,0.119743,0.009236,0.6608558,0.70736
1994/3/3 0:00,0.7815,1.51,0.7585904000000001,0.817996,0.119748,0.009337,0.7993283999999999,0.82088
1994/3/4 0:00,0.7815,1.5168,0.7585903999999999,0.817996,0.119752,0.009337,0.7993283999999999,0.82088
1994/3/5 0:00,0.7865,1.5112,0.7585903999999999,0.814664,0.11976,0.009372,0.7993283999999999,0.82088
1994/3/6 0:00,0.7894,1.5161,0.7585903999999999,0.813339,0.119758,0.009382,0.7993283999999999,0.7931218
1994/3/7 0:00,0.7845,1.5138,0.7763946,0.811293,0.119759,0.009366,0.7609391999999999,0.7693696000000001
1994/3/8 0:00,0.7885,1.5127,0.7964214000000001,0.809127,0.119759,0.009392,0.7993283999999999,0.82088
1994/3/9 0:00,0.7883,1.5103,0.9045314,0.809062,0.11976,0.009475,0.7993283999999999,0.82088
1994/3/10 0:00,0.787,1.5094,0.9045314000000001,0.810898,0.119752,0.009568,0.7993283999999999,0.82088
1994/3/11 0:00,0.7854,1.505,0.8863324,0.7613468,0.119759,0.009557,0.7993283999999999,0.7325826
1994/3/12 0:00,0.7896,1.4948,0.8451534,0.7613468,0.119759,0.009517,0.7562209999999999,0.6162895999999999
1994/3/13 0:00,0.7951,1.503,0.8961944000000001,0.764612,0.119759,0.00957,0.7993283999999999,0.7325826
1994/3/14 0:00,0.7955,1.5042,0.8863324,0.7613468,0.11976,0.009539,0.7993283999999999,0.647509
1994/3/15 0:00,0.7958,1.5072,0.8863324,0.7613468,0.11976,0.00953,0.7993283999999999,0.647509
1994/3/16 0:00,0.7984,1.5125,0.8863324,0.8134782000000002,0.11976,0.009527,0.7993283999999999,0.6487095999999999
1994/3/17 0:00,0.8005,1.5215,0.7646206,0.7613468,0.11976,0.00951,0.7130052000000001,0.6162895999999999
1994/3/18 0:00,0.7983,1.522,0.8863324,0.7613468,0.119759,0.009542,0.7993283999999999,0.647509
1994/3/19 0:00,0.8026,1.5223,0.7110955999999999,0.7613468,0.119758,0.009479,0.6268928,0.6162895999999999
1994/3/20 0:00,0.8012,1.5145,0.8863324,0.7613468,0.119758,0.009527,0.7993283999999999,0.6162895999999999
1994/3/21 0:00,0.8017,1.5149,0.7110955999999999,0.7613468,0.11976,0.009452,0.5831742,0.6162895999999999
1994/3/22 0:00,0.8007,1.513,0.7110956,0.7087237999999999,0.119759,0.009359,0.5831742,0.5547960000000001
1994/3/23 0:00,0.8015,1.5133,0.7110956,0.7594130000000001,0.11976,0.009375,0.5831742,0.6120896
1994/3/24 0:00,0.8,1.515,0.7110956,0.7613468,0.119771,0.009387,0.5831742,0.6162896
1994/3/25 0:00,0.7945,1.513,0.729541,0.755021,0.119783,0.009334,0.5831742,0.6037764
1994/3/26 0:00,0.7928,1.5115,0.7110955999999999,0.7550209999999999,0.119799,0.009346,0.5831742,0.6037764000000001
1994/3/27 0:00,0.7943,1.5103,0.7110955999999999,0.7550209999999999,0.119801,0.009342,0.5831742,0.6037764
1994/3/28 0:00,0.7935,1.5134,0.727114,0.8057102,0.119808,0.009365,0.7965869999999999,0.6610699999999999
1994/3/29 0:00,0.7914,1.511,0.727484,0.6643875999999999,0.119808,0.009268,0.7170772,0.49993979999999993
1994/3/30 0:00,0.7945,1.5127,0.72648,0.6446593999999999,0.1408632,0.0092,0.7084676,0.46667699999999995
1994/3/31 0:00,0.7983,1.5211,0.728969,0.574902,0.135886,0.009194,0.68336,0.4033892
1994/4/1 0:00,0.7957,1.5345,0.730727,0.6630178,0.120824,0.009289,0.709471,0.5011939999999999
1994/4/2 0:00,0.798,1.5495,0.729714,0.61507,0.12082580000000001,0.00926,0.709471,0.4489594
1994/4/3 0:00,0.801,1.5515,0.730353,0.5707658,0.12082580000000001,0.009228,0.71048,0.4015637999999999
1994/4/4 0:00,0.799,1.5485,0.730407,0.5743322,0.121353,0.009158,0.70927,0.4027044
1994/4/5 0:00,0.793,1.5474,0.732064,0.574902,0.12082580000000001,0.009188,0.70922,0.4033892
1994/4/6 0:00,0.7855,1.5405,0.732816,0.5743322,0.12121019999999998,0.009152,0.709421,0.4027044
1994/4/7 0:00,0.7914,1.541,0.731582,0.5743322,0.12040220000000001,0.009155,0.709874,0.4027044
1994/4/8 0:00,0.7935,1.5322,0.733138,0.5743322,0.12082580000000001,0.009168,0.709723,0.4027044
1994/4/9 0:00,0.7919,1.5355,0.732279,0.5743322,0.12188760000000001,0.009132,0.709471,0.4141262
1994/4/10 0:00,0.7905,1.5345,0.731636,0.5743322,0.1209294,0.009135,0.709723,0.4027044
1994/4/11 0:00,0.792,1.532,0.73046,0.574902,0.12082580000000001,0.009187,0.709471,0.4033892
1994/4/12 0:00,0.7921,1.5358,0.731797,0.574902,0.1206844,0.009185,0.709471,0.4033892
1994/4/13 0:00,0.792,1.545,0.73185,0.574902,0.1408632,0.009187,0.7084675999999999,0.4033892
1994/4/14 0:00,0.7892,1.5435,0.73046,0.61507,0.1258812,0.009256,0.683659,0.4489594
1994/4/15 0:00,0.7876,1.5433,0.730887,0.5707658,0.12574040000000003,0.009255,0.7084676,0.4015638
1994/4/16 0:00,0.7885,1.5418,0.731208,0.5707658,0.1257376,0.009251,0.7084675999999999,0.4015638
1994/4/17 0:00,0.7905,1.5383,0.732332,0.5743322,0.1458044,0.009166,0.7084675999999999,0.4027044
1994/4/18 0:00,0.7903,1.54,0.734322,0.5743322,0.1408632,0.009179,0.7084676,0.4027044
1994/4/19 0:00,0.7906,1.5405,0.735294,0.5743322,0.1408632,0.009172,0.7084676,0.4027044
1994/4/20 0:00,0.7911,1.5414,0.734592,0.7774216,0.14569539999999997,0.009132,0.7075454,0.5863900000000001
1994/4/21 0:00,0.789,1.5462,0.733783,0.7774216,0.14569539999999997,0.009137,0.7075454,0.58639
1994/4/22 0:00,0.7856,1.5529,0.732225,0.7774216,0.14074879999999998,0.009134,0.6826032,0.6317178000000001
1994/4/23 0:00,0.7872,1.5545,0.733407,0.84575,0.14074879999999998,0.009127,0.7080852,0.6485178000000001
1994/4/24 0:00,0.7827,1.5583,0.733299,0.9133049999999999,0.14569539999999997,0.009083,0.7075454,0.70901
1994/4/25 0:00,0.7813,1.5587,0.734754,0.9133049999999999,0.14569539999999997,0.009065,0.7075454,0.70901
1994/4/26 0:00,0.796,1.5522,0.730834,0.9133049999999999,0.1316346,0.009013,0.7075454,0.6993300000000001
1994/4/27 0:00,0.7934,1.553,0.729341,0.9133049999999999,0.13163379999999997,0.009014,0.7075454,0.6993300000000001
1994/4/28 0:00,0.7922,1.5495,0.730194,0.9133049999999999,0.14569539999999997,0.009068,0.7075454,0.70901
1994/4/29 0:00,0.7975,1.5504,0.73046,0.9133049999999999,0.14569539999999997,0.009076,0.7075454,0.70901
1994/4/30 0:00,0.7982,1.5555,0.729714,0.8922926,0.14569539999999997,0.009076,0.7078772,0.70462
1994/5/1 0:00,0.7973,1.5525,0.730194,0.8048496,0.1212172,0.009034,0.6009976,0.6875
1994/5/2 0:00,0.7948,1.55,0.730194,0.831879,0.12068240000000001,0.009054,0.6255094,0.6854
1994/5/3 0:00,0.7912,1.5585,0.729022,0.831879,0.120824,0.009162,0.7647046,0.6884
1994/5/4 0:00,0.7875,1.5432,0.728544,0.831879,0.120824,0.009206,0.7834266,0.6885
1994/5/5 0:00,0.792,1.5479,0.731101,0.831879,0.120824,0.009265,0.761556,0.6889
1994/5/6 0:00,0.7906,1.5466,0.731315,0.831879,0.1206804,0.00924,0.7409412,0.693
1994/5/7 0:00,0.7917,1.5512,0.731208,0.831879,0.120824,0.009302,0.7834266,0.6952
1994/5/8 0:00,0.7911,1.5515,0.729129,0.831879,0.120824,0.009252,0.7644394,0.693
1994/5/9 0:00,0.7912,1.5525,0.728863,0.831879,0.121349,0.009234,0.7834266,0.696
1994/5/10 0:00,0.788,1.5572,0.728544,0.831879,0.120824,0.009227,0.7646572,0.697
1994/5/11 0:00,0.7873,1.5545,0.727484,0.831879,0.120824,0.009231,0.7834266,0.697
1994/5/12 0:00,0.7871,1.557,0.728651,0.831879,0.120824,0.009158,0.7353968,0.6949
1994/5/13 0:00,0.7825,1.5558,0.727961,0.831879,0.120824,0.009252,0.7834266,0.6942
1994/5/14 0:00,0.7735,1.5556,0.727431,0.8335376,0.120824,0.009366,0.7834266,0.6892
1994/5/15 0:00,0.7721,1.5572,0.729129,0.8335376,0.120824,0.009368,0.7834266,0.6832
1994/5/16 0:00,0.773,1.5418,0.727008,0.8318287999999999,0.120824,0.009341,0.7834266,0.6833
1994/5/17 0:00,0.7729,1.5442,0.726903,0.8330542,0.120824,0.009377,0.7834266,0.6836
1994/5/18 0:00,0.7758,1.5375,0.727537,0.8318288,0.120824,0.009353,0.7726464,0.6875
1994/5/19 0:00,0.7772,1.5418,0.728757,0.831879,0.120824,0.009264,0.7670704,0.6872
1994/5/20 0:00,0.7782,1.5497,0.728704,0.831879,0.120824,0.009247,0.7670704,0.6873
1994/5/21 0:00,0.7785,1.549,0.728704,0.831879,0.120824,0.009249,0.7834266,0.6882
1994/5/22 0:00,0.7776,1.5505,0.729129,0.831879,0.120824,0.009283,0.706714,0.6857
1994/5/23 0:00,0.7792,1.5499,0.727379,0.831879,0.120824,0.009295,0.707464,0.6842
1994/5/24 0:00,0.779,1.5483,0.727537,0.831879,0.120824,0.009264,0.707965,0.6855
1994/5/25 0:00,0.7827,1.5504,0.725953,0.831879,0.120824,0.009258,0.707814,0.6871
1994/5/26 0:00,0.7837,1.5468,0.727749,0.831879,0.120824,0.009263,0.709471,0.689
1994/5/27 0:00,0.79,1.5444,0.728067,0.828775,0.12641200000000002,0.00927,0.709069,0.689
1994/5/28 0:00,0.7862,1.5473,0.728067,0.82802,0.1217444,0.009234,0.708868,0.6899
1994/5/29 0:00,0.7673169999999999,1.5497,0.727802,0.833056,0.1314576,0.00923,0.708215,0.692
1994/5/30 0:00,0.7647470000000001,1.5508,0.728969,0.828432,0.1324456,0.00924,0.708215,0.6913
1994/5/31 0:00,0.771327,1.553,0.729927,0.833333,0.1257356,0.009225,0.708968,0.694
1994/6/1 0:00,0.7982332,1.5553,0.729448,0.837872,0.1307888,0.009285,0.709723,0.6943
1994/6/2 0:00,0.7910432,1.553,0.731208,0.837731,0.131314,0.009278,0.709975,0.692
1994/6/3 0:00,0.767317,1.5593,0.731797,0.838364,0.13131620000000002,0.009222,0.711238,0.692
1994/6/4 0:00,0.7741499999999999,1.5563,0.731743,0.834376,0.119956,0.009217,0.710328,0.6928
1994/6/5 0:00,0.76402,1.5612,0.730727,0.832709,0.119957,0.0092,0.71048,0.69
1994/6/6 0:00,0.7553599999999999,1.5671,0.730034,0.827815,0.119962,0.009151,0.709975,0.6918
1994/6/7 0:00,0.7553599999999999,1.567,0.72998,0.829187,0.11996,0.009187,0.710227,0.6922
1994/6/8 0:00,0.7460600000000001,1.5667,0.729767,0.828363,0.119963,0.009167,0.710379,0.6939
1994/6/9 0:00,0.76708,1.5607,0.727961,0.82203,0.119966,0.009143,0.710732,0.6941
1994/6/10 0:00,0.77427,1.5582,0.728332,0.820681,0.119969,0.009158,0.710227,0.6953
1994/6/11 0:00,0.7742700000000001,1.5569,0.729395,0.810964,0.11997,0.009104,0.711238,0.6944
1994/6/12 0:00,0.763577,1.555,0.728969,0.811293,0.1324686,0.00907,0.70922,0.697
1994/6/13 0:00,0.741524,1.5538,0.729395,0.806777,0.13723860000000002,0.009066,0.709471,0.6947
1994/6/14 0:00,0.765577,1.5544,0.729767,0.805607,0.1311388,0.009055,0.709471,0.6955
1994/6/15 0:00,0.7910432,1.5566,0.729661,0.806842,0.1266262,0.009079,0.708466,0.6945
1994/6/16 0:00,0.7508701999999999,1.5545,0.8006629999999999,0.803213,0.1224594,0.009059,0.708366,0.6988
1994/6/17 0:00,0.7238499999999999,1.5602,0.758084,0.804959,0.1263668,0.009157,0.709975,0.7021
1994/6/18 0:00,0.73908,1.5515,0.7556573999999999,0.803859,0.1263668,0.009142,0.71048,0.6995
1994/6/19 0:00,0.7447699999999999,1.5555,0.7503257999999999,0.806777,0.12183199999999998,0.009102,0.709975,0.6916
1994/6/20 0:00,0.71754,1.5568,0.755795,0.810307,0.1223346,0.009102,0.6473674,0.6981
1994/6/21 0:00,0.71894,1.558,0.755795,0.807885,0.1263668,0.009106,0.6953115999999999,0.6978
1994/6/22 0:00,0.71578,1.5633,0.7615474,0.809127,0.1264172,0.00906,0.6928532000000001,0.6986
1994/6/23 0:00,0.71578,1.5613,0.7615474,0.797766,0.12231399999999999,0.009054,0.6761266,0.6995
1994/6/24 0:00,0.7067699999999999,1.563,0.7514758,0.795862,0.12858640000000002,0.009021,0.6646004,0.6996
1994/6/25 0:00,0.71375,1.5653,0.7555299999999999,0.796495,0.1275636,0.008957,0.6890364,0.699
1994/6/26 0:00,0.70399,1.564,0.7557146000000001,0.79713,0.1263668,0.008979,0.6226778,0.6995
1994/6/27 0:00,0.8236573999999999,1.5685,0.9424892,0.79713,0.13335219999999998,0.0086866,0.690339,0.6992
1994/6/28 0:00,0.8293799999999999,1.5661,0.9091034,0.797575,0.1339858,0.008922999999999999,0.7036776,0.6987
1994/6/29 0:00,0.9443636,1.5623,0.923175,0.795798,0.13489879999999999,0.009536,0.7663292,0.6994
1994/6/30 0:00,0.945365,1.5635,0.9665965999999999,0.796052,0.13014679999999998,0.0095308,0.7800188,0.6922
1994/7/1 0:00,0.7795624,1.9533299999999998,0.8693722000000002,0.799488,0.12640959999999998,0.0085046,0.645486,0.6915
1994/7/2 0:00,0.74107,1.64812,0.8570702000000001,0.797639,0.12610079999999999,0.0086464,0.647007,0.6894
1994/7/3 0:00,0.75548,1.95489,0.8681938,0.798722,0.14995039999999998,0.0085466,0.6420242,0.6922
1994/7/4 0:00,0.7793650000000001,1.6342628000000001,0.8329928000000001,0.797003,0.1266156,0.0086924,0.6537151999999999,0.6932
1994/7/5 0:00,0.7982275999999999,1.88123,0.8990572,0.788644,0.128073,0.008613800000000001,0.659764,0.6965
1994/7/6 0:00,0.72339,1.5835,0.7011246000000001,0.790014,0.1280416,0.008917,0.6402362,0.6965
1994/7/7 0:00,0.7129900000000001,1.5863,0.7373546,0.787712,0.12193260000000002,0.008911,0.707264,0.7002
1994/7/8 0:00,0.7129900000000001,1.5903,0.7217084,0.786349,0.12225100000000003,0.008886,0.706914,0.7065
1994/7/9 0:00,0.7129900000000001,1.5916,0.7217084,0.791139,0.1265156,0.008868,0.706814,0.7131
1994/7/10 0:00,0.7474382,1.5953,0.7643764,0.790639,0.1213136,0.008861,0.706364,0.7098
1994/7/11 0:00,0.7129900000000001,1.5968,0.7217084,0.797067,0.1211702,0.008852,0.705866,0.7102
1994/7/12 0:00,0.72445,1.5918,0.7217084,0.795862,0.1224356,0.008861,0.705816,0.7008
1994/7/13 0:00,0.7129900000000001,1.6062,0.6707382,0.793651,0.1262904,0.008824,0.706215,0.703
1994/7/14 0:00,0.72309,1.6122,0.6705358,0.794597,0.1327092,0.008763,0.705567,0.7054
1994/7/15 0:00,0.7622709999999999,1.6099,0.6705358,0.79713,0.1275848,0.008763,0.707464,0.7055
1994/7/16 0:00,0.7659522,1.6326,0.6705358,0.798085,0.12300740000000002,0.008774,0.710076,0.7058
1994/7/17 0:00,0.7129900000000001,1.6278,0.6707382,0.792205,0.12184620000000002,0.008788,0.709824,0.707
1994/7/18 0:00,0.72683,1.6358,0.6707382,0.787402,0.1269002,0.008828,0.709975,0.7083
1994/7/19 0:00,0.8104473999999999,1.6435,0.6705358,0.786287,0.1269002,0.008774,0.710631,0.7085
1994/7/20 0:00,0.71665,1.645,0.750188,0.782595,0.1450712,0.008755,0.709975,0.7105
1994/7/21 0:00,0.7194900000000001,1.64,0.751315,0.782228,0.148508,0.008773,0.710227,0.7113
1994/7/22 0:00,0.71665,1.6475,0.750638,0.789266,0.13249,0.008965,0.713114,0.7062
1994/7/23 0:00,0.71693,1.647,0.750751,0.789889,0.1404882,0.008958,0.714286,0.7091
1994/7/24 0:00,0.767097,1.647,0.748951,0.791452,0.13180460000000002,0.008969,0.713776,0.7068
1994/7/25 0:00,0.7526369999999999,1.655,0.749794,0.788395,0.1404882,0.008976,0.713419,0.71
1994/7/26 0:00,0.7910432,1.6653,0.749457,0.784621,0.1450712,0.008986,0.714184,0.712
1994/7/27 0:00,0.7663170000000001,1.6646,0.748055,0.781739,0.1266036,0.008985,0.714541,0.7058
1994/7/28 0:00,0.767017,1.67,0.745212,0.789079,0.1404882,0.008984,0.714541,0.7088
1994/7/29 0:00,0.8257722,1.676,0.744823,0.8739544,0.1325676,0.008965,0.714286,0.7113
1994/7/30 0:00,0.7995,1.678,0.745156,0.831879,0.120824,0.008989,0.713267,0.7098
1994/7/31 0:00,0.811,1.6887,0.746659,0.831879,0.120824,0.008975,0.713521,0.712
1994/8/1 0:00,0.812,1.68,0.746659,0.8191082,0.12082280000000001,0.008976,0.713521,0.7148
1994/8/2 0:00,0.8116,1.6190386,0.745545,0.7238832000000001,0.12077719999999999,0.008874,0.713419,0.7123
1994/8/3 0:00,0.74755,1.7269047999999998,0.74499,0.760186,0.1208084,0.008876,0.713674,0.7088
1994/8/4 0:00,0.7530300000000001,1.7222448,0.742611,0.7589892,0.121341,0.008824,0.713521,0.7082
1994/8/5 0:00,0.75864,1.7705648,0.741345,0.7589892,0.1229768,0.008781,0.712962,0.7108
1994/8/6 0:00,0.7586400000000001,1.7705647999999996,0.739919,0.7589892,0.1229768,0.008787,0.713776,0.7113
1994/8/7 0:00,0.8192152,1.642,0.74151,0.8266342,0.1228202,0.008804,0.712504,0.7065
1994/8/8 0:00,0.7819826,1.6387,0.739372,0.8495526,0.1223012,0.008839,0.712758,0.712
1994/8/9 0:00,0.7850252,1.6268,0.736106,0.8748319999999999,0.1325676,0.008901,0.713878,0.703
1994/8/10 0:00,0.7851262,1.6415,0.735564,0.87478,0.13256759999999998,0.008862,0.714031,0.7032
1994/8/11 0:00,0.7963652000000001,1.6475,0.737735,0.8748319999999999,0.127967,0.008828,0.713521,0.707
1994/8/12 0:00,0.8257722,1.6505,0.736974,0.8739544,0.1325676,0.008828,0.714184,0.6985
1994/8/13 0:00,0.8553441999999999,1.658,0.733945,0.901596,0.12229300000000001,0.008857,0.714796,0.6955
1994/8/14 0:00,0.7935026,1.657,0.736974,0.8724284000000001,0.1228286,0.008807,0.714541,0.7006
1994/8/15 0:00,0.8257722,1.6603,0.733945,0.8739544,0.1325676,0.008787,0.714286,0.7015
1994/8/16 0:00,0.7924362,1.7680348,0.731957,0.828548,0.12811,0.008754,0.714133,0.698
1994/8/17 0:00,0.7737022,1.5118,0.731797,0.8151968,0.120073,0.0088,0.714031,0.7077
1994/8/18 0:00,0.8206142,1.5014,0.731475,0.9200230000000001,0.120078,0.008799,0.714745,0.7055
1994/8/19 0:00,0.7486425999999999,1.5199200000000002,0.730727,0.7653034,0.120084,0.008772,0.714541,0.7073
1994/8/20 0:00,0.7739222,1.5132400000000001,0.731261,0.785872,0.120091,0.008753,0.714388,0.7083
1994/8/21 0:00,0.7257651999999999,1.51116,0.731261,0.7347083999999999,0.120081,0.008763,0.713776,0.7075
1994/8/22 0:00,0.6995000000000001,1.5168,0.732225,0.7128909999999999,0.120077,0.008734,0.719166,0.7072
1994/8/23 0:00,0.8206142,1.5397,0.733299,0.8909951999999999,0.120081,0.008702,0.714643,0.706
1994/8/24 0:00,0.7985260000000001,1.7699199999999997,0.7915516,0.8570820000000001,0.120074,0.008611,0.714286,0.7065
1994/8/25 0:00,0.78194,1.8645299999999998,0.8505466,0.8525541999999999,0.120074,0.00863,0.714133,0.7055
1994/8/26 0:00,0.7819399999999999,1.8645399999999999,0.8078228000000001,0.8296742,0.120071,0.008638,0.714541,0.7065
1994/8/27 0:00,0.8135944,1.78996,0.8059798,0.8744186,0.120073,0.008659,0.714796,0.7072
1994/8/28 0:00,0.7227226,1.52726,0.727696,0.801614,0.120073,0.008596,0.712758,0.7075
1994/8/29 0:00,0.724945,1.55002,0.730674,0.7642098,0.120077,0.008636,0.711086,0.7081
1994/8/30 0:00,0.8403153999999999,1.62229,0.73692,0.8352212,0.120083,0.00867,0.712251,0.7097
1994/8/31 0:00,0.771212,1.5002600000000001,0.738934,0.7831054,0.120088,0.008631,0.711491,0.7067
1994/9/1 0:00,0.771212,1.50026,0.739536,0.7831054,0.120094,0.008607,0.711389,0.7065
1994/9/2 0:00,0.798932,1.6251000000000002,0.74184,0.7834024,0.120096,0.008613,0.711491,0.705
1994/9/3 0:00,0.7228201999999999,1.5289047999999998,0.74129,0.7330144,0.120097,0.00859,0.711997,0.7035
1994/9/4 0:00,0.67866,1.7399,0.740466,0.7640076,0.1201,0.008554,0.6136793999999999,0.703
1994/9/5 0:00,0.67866,1.7399,0.745101,0.7640076,0.120103,0.00853,0.6136794,0.7037
1994/9/6 0:00,0.67866,1.70206,0.746714,0.7762899999999999,0.120109,0.008581,0.6718013999999999,0.7064
1994/9/7 0:00,0.67866,1.7399,0.746324,0.7640076,0.120111,0.008539,0.6136794,0.7085
1994/9/8 0:00,0.67866,1.73994,0.747105,0.7637624,0.120113,0.008489,0.6133447999999999,0.7041
1994/9/9 0:00,0.67866,1.74346,0.748671,0.7640414,0.120114,0.008409,0.6128734,0.7042
1994/9/10 0:00,0.67866,1.74346,0.745323,0.7640414,0.120114,0.008358,0.6128734,0.6967
1994/9/11 0:00,0.69828,1.74346,0.74151,0.7640414,0.120119,0.008399,0.6128734,0.6935
1994/9/12 0:00,0.69538,1.74346,0.743882,0.7640414,0.120123,0.008372,0.6128734,0.69
1994/9/13 0:00,0.69946,1.71919,0.745879,0.7304144000000001,0.120129,0.008252,0.6479834,0.6874
1994/9/14 0:00,0.6789,1.59374,0.743218,0.7156375999999999,0.120135,0.008198,0.6828538,0.6883
1994/9/15 0:00,0.67804,1.6561800000000002,0.74173,0.6863007999999999,0.120137,0.008227,0.6501549999999999,0.69
1994/9/16 0:00,0.67804,1.7189900000000002,0.74217,0.6863008,0.120143,0.008247,0.6287231999999999,0.6885
1994/9/17 0:00,0.6789,1.6607399999999999,0.74438,0.7728412,0.120148,0.008218,0.6847658,0.6882
1994/9/18 0:00,0.6789,1.5761,0.744546,0.7436805999999999,0.120153,0.008174,0.7030409999999999,0.6898
1994/9/19 0:00,0.67698,1.5512200000000003,0.744602,0.7145710000000001,0.120156,0.008091,0.7035577999999999,0.6909
1994/9/20 0:00,0.6977800000000001,1.64056,0.74162,0.6855127999999999,0.120169,0.008076,0.6991052,0.6885
1994/9/21 0:00,0.7422599999999999,1.61938,0.741125,0.6859558,0.120169,0.00803,0.6155832,0.56804
1994/9/22 0:00,0.5638645999999999,1.6033000000000002,0.739754,0.6837666,0.120169,0.008147,0.5664346,0.45723199999999997
1994/9/23 0:00,0.5926734,1.6065999999999998,0.737572,0.6877248,0.120169,0.008119,0.5921068,0.48662980000000006
1994/9/24 0:00,0.6619124000000001,1.6065999999999998,0.737626,0.6826852000000001,0.120192,0.008063,0.5912092,0.5346444
1994/9/25 0:00,0.73392,1.61938,0.739044,0.6873116,0.120161,0.008042,0.6155832,0.56826
1994/9/26 0:00,0.6845123999999999,1.6066000000000003,0.740631,0.6873116,0.120156,0.008061,0.5912092,0.60307
1994/9/27 0:00,0.6762724,1.60898,0.736648,0.7254476000000001,0.120162,0.00807,0.6176296,0.5558844
1994/9/28 0:00,0.73844,1.61938,0.735835,0.7678424,0.120137,0.008045,0.6756392,0.6040300000000001
1994/9/29 0:00,0.5643046,1.6192799999999998,0.735456,0.6869690000000002,0.120136,0.008141,0.5921390000000001,0.5050444000000001
1994/9/30 0:00,0.5931134,1.6192800000000003,0.733945,0.6877247999999999,0.120133,0.008112,0.5921068,0.48766980000000004
1994/10/1 0:00,0.6401421999999999,1.6033000000000002,0.734053,0.6876374000000001,0.120137,0.008185,0.5661512,0.53023
1994/10/2 0:00,0.6297422000000001,1.58652,0.734646,0.6876374000000001,0.120192,0.008201,0.5661512,0.482723
1994/10/3 0:00,0.6793813999999999,1.58642,0.732064,0.7164762,0.120123,0.008203,0.591578,0.584573
1994/10/4 0:00,0.76894,1.6168600000000002,0.731475,0.6815592,0.120123,0.007931,0.691343,0.6852600000000001
1994/10/5 0:00,0.7573000000000001,1.6168600000000002,0.731529,0.6815592,0.120114,0.007931,0.691343,0.6765
1994/10/6 0:00,0.7573,1.6168600000000002,0.731261,0.6815592,0.120106,0.0082412,0.7003984,0.68416
1994/10/7 0:00,0.7689400000000001,1.59996,0.729927,0.7114362,0.120116,0.008177199999999999,0.6948718,0.6815
1994/10/8 0:00,0.7727,1.5998,0.730834,0.6815592,0.12012,0.008134800000000001,0.691343,0.6808
1994/10/9 0:00,0.7573000000000001,1.6168600000000002,0.732654,0.6815592,0.12011,0.007931,0.691343,0.6765
1994/10/10 0:00,0.7573000000000001,1.6168600000000002,0.730994,0.6815592,0.12011,0.007930999999999999,0.691343,0.6768
1994/10/11 0:00,0.76894,1.57742,0.729395,0.7108619999999999,0.120116,0.0084578,0.6871826,0.68164
1994/10/12 0:00,0.76156,1.6168600000000002,0.731689,0.7192896,0.120117,0.0085938,0.6965502000000001,0.6808
1994/10/13 0:00,0.5642646,1.61222,0.733138,0.6869690000000002,0.120116,0.008151,0.5664346000000001,0.506679
1994/10/14 0:00,0.6005933999999999,1.61552,0.733514,0.6863007999999999,0.120113,0.008114,0.5921068,0.5685198
1994/10/15 0:00,0.6264133999999999,1.6022,0.733353,0.6863008,0.120113,0.0081,0.5664852,0.5374544
1994/10/16 0:00,0.6644724,1.59,0.730247,0.6863008,0.120109,0.008087,0.5662934,0.5537044
1994/10/17 0:00,0.6024834,1.589,0.727484,0.6861003999999999,0.120109,0.008167,0.5664345999999999,0.5493546
1994/10/18 0:00,0.6032826,1.5968,0.725163,0.6738487999999999,0.120107,0.008143,0.5726232,0.5372844
1994/10/19 0:00,0.6762724,1.5948,0.7249,0.685362,0.120107,0.008091,0.5833508000000001,0.5491043999999999
1994/10/20 0:00,0.6032825999999999,1.6015,0.724533,0.6863007999999999,0.120111,0.008142,0.5664346000000001,0.5051843999999999
1994/10/21 0:00,0.6254808,1.6171,0.725689,0.6779124,0.120111,0.008135,0.5734123999999999,0.5563087999999999
1994/10/22 0:00,0.6729323999999999,1.6172,0.725742,0.6854848,0.120094,0.008071,0.565511,0.5542244000000001
1994/10/23 0:00,0.6813724,1.6276,0.727484,0.682547,0.120097,0.00805,0.565511,0.6000099999999999
1994/10/24 0:00,0.6423934,1.6312,0.726216,0.690131,0.1201,0.008087,0.5662934,0.5537044
1994/10/25 0:00,0.7408444,1.6315,0.724113,0.689417,0.1201,0.008071,0.565511,0.5537044
1994/10/26 0:00,0.6421734,1.6448,0.722804,0.695265,0.120113,0.008083,0.565511,0.5537044000000001
1994/10/27 0:00,0.5642646,1.6485,0.721241,0.693145,0.120116,0.00815,0.5664346,0.457269
1994/10/28 0:00,0.5642646,1.6425,0.720617,0.692281,0.120101,0.008149,0.5664346000000001,0.506219
1994/10/29 0:00,0.5642645999999999,1.646,0.720098,0.697593,0.120093,0.008143,0.5664346000000001,0.45723199999999997
1994/10/30 0:00,0.6813724,1.6389,0.718236,0.693385,0.120094,0.008047,0.565511,0.6000099999999999
1994/10/31 0:00,0.7158,1.6277,0.719735,0.682687,0.120097,0.007957,0.5646294000000001,0.63324
1994/11/1 0:00,0.7189,1.6233,0.720461,0.680643,0.120097,0.007931,0.5646294000000001,0.63324
1994/11/2 0:00,0.6723600000000001,1.622,0.720357,0.677048,0.120098,0.007883,0.5711097999999999,0.6935
1994/11/3 0:00,0.69628,1.623,0.718597,0.680087,0.120098,0.00794,0.5703216,0.6916
1994/11/4 0:00,0.6740600000000001,1.6245,0.715512,0.682128,0.120093,0.007934,0.5703216,0.6938
1994/11/5 0:00,0.7164400000000001,1.6225,0.715052,0.680782,0.120098,0.007906,0.5703216,0.692
1994/11/6 0:00,0.67518,1.6255,0.715973,0.680596,0.120104,0.007915,0.5703216,0.6873
1994/11/7 0:00,0.6731799999999999,1.6225,0.71541,0.679579,0.120111,0.007952,0.5703216,0.687
1994/11/8 0:00,0.7735,1.631,0.715564,0.680735,0.120119,0.007933,0.5703216,0.6893
1994/11/9 0:00,0.774,1.6315,0.714592,0.685448,0.120119,0.007944,0.693963,0.6915
1994/11/10 0:00,0.776,1.6353,0.71541,0.689845,0.120123,0.007958,0.694541,0.6938
1994/11/11 0:00,0.778,1.6362,0.716486,0.685119,0.120122,0.007921,0.692521,0.6938
1994/11/12 0:00,0.7765,1.6213,0.717257,0.683807,0.120126,0.007926,0.692281,0.6928
1994/11/13 0:00,0.7755,1.625,0.717978,0.684229,0.120123,0.007939,0.692473,0.692
1994/11/14 0:00,0.7768,1.6235,0.716025,0.680735,0.12013,0.007944,0.693097,0.6935
1994/11/15 0:00,0.7797,1.6232,0.714541,0.680735,0.120122,0.007894,0.692041,0.6949
1994/11/16 0:00,0.7804,1.6312,0.715359,0.681756,0.120122,0.007886,0.692281,0.694
1994/11/17 0:00,0.7795,1.62,0.715768,0.678196,0.120127,0.007872,0.690608,0.693
1994/11/18 0:00,0.7845,1.6238,0.730664,0.680967,0.120127,0.007896,0.691419,0.689
1994/11/19 0:00,0.784,1.6215,0.730664,0.680272,0.120127,0.007901,0.690846,0.6905
1994/11/20 0:00,0.78,1.62,0.730664,0.67838,0.120124,0.007893,0.691563,0.6885
1994/11/21 0:00,0.7772,1.6375,0.730664,0.684229,0.12013,0.007971,0.691563,0.687
1994/11/22 0:00,0.7764,1.6364,0.7306640000000001,0.683948,0.120137,0.007994,0.691324,0.6847
1994/11/23 0:00,0.78,1.62,0.7200177999999999,0.692521,0.120143,0.008074,0.692761,0.6858
1994/11/24 0:00,0.7784,1.621,0.6918882,0.702741,0.120148,0.008283,0.693963,0.6877
1994/11/25 0:00,0.7787,1.6235,0.676542,0.695169,0.120149,0.008407,0.696864,0.695
1994/11/26 0:00,0.7767,1.6319,0.6898004,0.695604,0.120152,0.008421,0.696136,0.6945
1994/11/27 0:00,0.778,1.64,0.6620596000000001,0.694686,0.120156,0.008451,0.696621,0.6956
1994/11/28 0:00,0.7765,1.6385,0.730664,0.696621,0.120162,0.0086,0.696961,0.6962
1994/11/29 0:00,0.7748,1.6335,0.718485,0.703977,0.120166,0.008663,0.69808,0.693
1994/11/30 0:00,0.7743,1.638,0.718485,0.699888,0.120159,0.008617,0.697107,0.6917
1994/12/1 0:00,0.7742,1.6438,0.6947789999999999,0.71048,0.120165,0.008787,0.699056,0.692
1994/12/2 0:00,0.784,1.6465,0.6825124,0.711238,0.120162,0.008766,0.698812,0.6953
1994/12/3 0:00,0.7795,1.6235,0.718485,0.706964,0.120159,0.008624,0.698568,0.6935
1994/12/4 0:00,0.765,1.6324,0.718485,0.711845,0.120159,0.008636,0.698812,0.6902
1994/12/5 0:00,0.764,1.629,0.7166524000000001,0.705965,0.120169,0.008587,0.698812,0.6908
1994/12/6 0:00,0.7635,1.6382,0.7185914,0.706115,0.120158,0.008657,0.699301,0.6896
1994/12/7 0:00,0.7817209999999999,1.6405,0.7071748000000001,0.708215,0.12676159999999997,0.008605,0.69891,0.6902
1994/12/8 0:00,0.7669400000000002,1.636,0.7071748,0.706964,0.1214162,0.008591,0.69891,0.6895
1994/12/9 0:00,0.7669400000000002,1.6343,0.7478276,0.700035,0.1320028,0.008566,0.698324,0.6879
1994/12/10 0:00,0.76694,1.6342,0.7071748,0.695265,0.12151559999999999,0.00861,0.698324,0.6885
1994/12/11 0:00,0.76694,1.6272,0.7071748,0.69056,0.12078179999999998,0.008598,0.699056,0.6887
1994/12/12 0:00,0.76694,1.6328,0.7080054,0.690512,0.12230319999999999,0.008645,0.69979,0.6865
1994/12/13 0:00,0.7669400000000002,1.628,0.6699244,0.687758,0.12151559999999999,0.008666,0.700035,0.6885
1994/12/14 0:00,0.7129899999999999,1.6355,0.7217084,0.695555,0.127038,0.008879,0.70497,0.6902
1994/12/15 0:00,0.7129900000000001,1.6382,0.7217084,0.692281,0.12233800000000002,0.008881,0.704225,0.6915
1994/12/16 0:00,0.71563,1.637,0.7557146,0.695652,0.1225576,0.008975,0.704722,0.6905
1994/12/17 0:00,0.7324900000000001,1.6352,0.7077808,0.693818,0.12388879999999998,0.008773,0.702494,0.6907
1994/12/18 0:00,0.7129900000000001,1.637,0.6707382,0.694203,0.1218288,0.008811,0.699741,0.6895
1994/12/19 0:00,0.7129900000000001,1.6357,0.6707382,0.693674,0.1268026,0.008811,0.701262,0.69
1994/12/20 0:00,0.7129900000000001,1.6385,0.6707382,0.691324,0.1218288,0.008822,0.700771,0.6894
1994/12/21 0:00,0.7129900000000001,1.6384,0.6707382,0.690703,0.1218288,0.008811,0.701262,0.6895
1994/12/22 0:00,0.7129899999999999,1.648,0.6705358,0.696233,0.1225686,0.008765,0.701262,0.6867
1994/12/23 0:00,0.74081,1.6537,0.6705358,0.694493,0.12117340000000001,0.008724,0.700771,0.685
1994/12/24 0:00,0.7669400000000002,1.6688,0.744315,0.697934,0.1237788,0.008673,0.698568,0.6827
1994/12/25 0:00,0.76698,1.6643,0.6705358,0.694782,0.12708239999999998,0.008711,0.699301,0.684
1994/12/26 0:00,0.7909500000000002,1.80812,0.7744327999999999,0.695265,0.12525299999999998,0.008776,0.701115,0.6848
1994/12/27 0:00,0.74962,1.7734400000000001,0.7749545999999999,0.695314,0.1268352,0.008832,0.700771,0.6872
1994/12/28 0:00,0.79095,1.8889299999999998,0.7468788,0.689845,0.126917,0.008721,0.699301,0.6789
1994/12/29 0:00,0.8013899999999999,1.88829,0.724113,0.68465,0.1300624,0.008725,0.699203,0.679
1994/12/30 0:00,0.82042,1.99847,0.72448,0.685401,0.13985140000000001,0.008701,0.699937,0.678
1994/12/31 0:00,0.8013899999999999,1.88829,0.726216,0.679394,0.1300624,0.008732,0.699203,0.678
1995/1/1 0:00,0.7413599999999999,1.70519,0.728014,0.682128,0.1254298,0.008814,0.698324,0.6775
1995/1/2 0:00,0.7711699999999999,1.6872500000000001,0.726639,0.685401,0.13810899999999998,0.008881,0.696476,0.6745
1995/1/3 0:00,0.74653,1.71005,0.727537,0.682361,0.12530100000000002,0.008868,0.695169,0.6757
1995/1/4 0:00,0.77694,1.6872500000000001,0.728332,0.684838,0.1300624,0.008852,0.695797,0.673
1995/1/5 0:00,0.77694,1.6872500000000001,0.728014,0.68975,0.1300624,0.008843,0.698959,0.6724
1995/1/6 0:00,0.79347,1.7124700000000002,0.729661,0.684885,0.12771659999999999,0.008781,0.694686,0.6697
1995/1/7 0:00,0.79333,1.6985299999999999,0.73046,0.679348,0.1300624,0.00879,0.693481,0.6655
1995/1/8 0:00,0.83202,2.0049099999999997,0.729501,0.675539,0.1375692,0.00863,0.692857,0.663
1995/1/9 0:00,0.83202,2.0049099999999997,0.728014,0.674218,0.131913,0.0086,0.690131,0.6592
1995/1/10 0:00,0.83202,2.0049099999999997,0.725637,0.674992,0.131913,0.008611,0.685401,0.6557
1995/1/11 0:00,0.83202,2.0049099999999997,0.727484,0.678887,0.131913,0.008661,0.680643,0.6523
1995/1/12 0:00,0.83202,2.0049099999999997,0.727484,0.677736,0.131913,0.00863,0.683293,0.6534
1995/1/13 0:00,0.68012,1.60548,0.723694,0.671141,0.13059199999999999,0.007977399999999999,0.684932,0.6478
1995/1/14 0:00,0.71859,1.60548,0.724008,0.673854,0.151558,0.0079106,0.68157,0.6497
1995/1/15 0:00,0.54413,1.5115399999999999,0.722961,0.666889,0.1626782,0.007979799999999999,0.677277,0.653
1995/1/16 0:00,0.7409000000000001,1.4901199999999997,0.722126,0.660066,0.173142,0.0081164,0.677736,0.6525
1995/1/17 0:00,0.7360999999999999,1.4999799999999999,0.721241,0.657895,0.1626782,0.0081164,0.681663,0.641
1995/1/18 0:00,0.7561799999999999,1.49012,0.721761,0.659196,0.173142,0.0081164,0.683293,0.6495
1995/1/19 0:00,0.77584,1.5127599999999999,0.723956,0.660066,0.16253579999999998,0.0081164,0.681896,0.6502
1995/1/20 0:00,0.75618,1.5185,0.723589,0.660284,0.15207159999999997,0.0081164,0.67981,0.6498
1995/1/21 0:00,0.6998999999999999,1.51706,0.719891,0.655308,0.1727712,0.0081164,0.677966,0.6433
1995/1/22 0:00,0.7942199999999999,1.5792599999999999,0.724743,0.655523,0.1410746,0.0081164,0.681663,0.643
1995/1/23 0:00,0.77584,1.60548,0.723851,0.651042,0.120106,0.0081164,0.678887,0.6448
1995/1/24 0:00,0.7361000000000001,1.5356400000000001,0.720929,0.652869,0.17277119999999999,0.0081164,0.67981,0.6393
1995/1/25 0:00,0.7360999999999999,1.5123400000000002,0.720721,0.653808,0.17277119999999999,0.0081164,0.678656,0.6385
1995/1/26 0:00,0.63676,1.5270199999999998,0.717978,0.66357,0.17301840000000002,0.0078848,0.675219,0.6373
1995/1/27 0:00,0.6998999999999999,1.51926,0.71772,0.656599,0.1730184,0.0081164,0.673718,0.6418
1995/1/28 0:00,0.6998999999999999,1.5123400000000002,0.717772,0.654236,0.1727712,0.0081164,0.662471,0.638
1995/1/29 0:00,0.6680299999999999,1.52948,0.718081,0.662208,0.1625542,0.007979799999999999,0.664011,0.6414
1995/1/30 0:00,0.7043999999999999,1.4999799999999999,0.719062,0.658111,0.1626782,0.0081164,0.658111,0.6415
1995/1/31 0:00,0.60725,1.52768,0.719269,0.664231,0.1730184,0.0078848,0.659196,0.6421
1995/2/1 0:00,0.67385,1.49844,0.720098,0.661376,0.1626778,0.0081164,0.658979,0.6435
1995/2/2 0:00,0.6998999999999999,1.4901199999999997,0.716794,0.659413,0.173142,0.007979799999999999,0.661594,0.6443
1995/2/3 0:00,0.6999000000000001,1.51234,0.717412,0.654879,0.1727712,0.0081164,0.66357,0.6403
1995/2/4 0:00,0.6999000000000001,1.49012,0.716589,0.659413,0.173142,0.007979799999999999,0.667557,0.6403
1995/2/5 0:00,0.5753999999999999,1.5367799999999998,0.716949,0.667646,0.1625546,0.0077285999999999995,0.669031,0.647
1995/2/6 0:00,0.5753999999999999,1.5367799999999998,0.718546,0.666844,0.1626782,0.0078352,0.669344,0.6465
1995/2/7 0:00,0.64072,1.59816,0.716794,0.672269,0.17246460000000002,0.007749400000000001,0.669344,0.646
1995/2/8 0:00,0.60677,1.53678,0.718546,0.668226,0.16255460000000002,0.0078352,0.659196,0.6435
1995/2/9 0:00,0.67599,1.6102200000000004,0.720565,0.674172,0.17246460000000002,0.007703,0.655093,0.6433
1995/2/10 0:00,0.7345,1.69559,0.719942,0.671637,0.17246460000000002,0.007749400000000001,0.660066,0.6385
1995/2/11 0:00,0.7265,1.6203300000000003,0.722282,0.664011,0.17301840000000002,0.008860200000000002,0.659631,0.6335
1995/2/12 0:00,0.7258,1.62943,0.7227,0.667289,0.1625546,0.0087092,0.658979,0.6342
1995/2/13 0:00,0.7321,1.57075,0.721605,0.668003,0.16255460000000002,0.0078848,0.658328,0.6378
1995/2/14 0:00,0.7308,1.6429500000000001,0.72338,0.677828,0.14101519999999998,0.0076334,0.660066,0.6361
1995/2/15 0:00,0.73,1.6804299999999999,0.722282,0.671817,0.1620414,0.0086104,0.665336,0.636
1995/2/16 0:00,0.727,1.6844099999999997,0.721917,0.676865,0.1619226,0.0084122,0.66357,0.6358
1995/2/17 0:00,0.72,1.5905599999999998,0.718391,0.67981,0.1511674,0.010266599999999999,0.665102,0.633
1995/2/18 0:00,0.7215,1.5973,0.717618,0.682035,0.12989560000000003,0.010303999999999999,0.6880518000000001,0.634
1995/2/19 0:00,0.7199,1.60838,0.718288,0.689941,0.130227,0.0103244,0.6880518,0.636
1995/2/20 0:00,0.7165,1.61588,0.718701,0.690608,0.13019920000000001,0.0094784,0.687664,0.6337
1995/2/21 0:00,0.7163,1.6023,0.720046,0.68526,0.13061859999999997,0.0089948,0.691954,0.6363
1995/2/22 0:00,0.7165,1.59056,0.718856,0.681896,0.1298546,0.008998999999999998,0.687664,0.6305
1995/2/23 0:00,0.7203,1.7445500000000003,0.719321,0.685495,0.120244,0.009629799999999999,0.624733,0.6335
1995/2/24 0:00,0.7195,1.7445500000000003,0.719942,0.679071,0.120252,0.0095252,0.625575,0.6347
1995/2/25 0:00,0.7195,1.7445500000000003,0.719269,0.678196,0.120259,0.009633,0.6255749999999999,0.636
1995/2/26 0:00,0.7206,1.7445500000000003,0.720721,0.684885,0.120263,0.009044600000000002,0.624733,0.6385
1995/2/27 0:00,0.7255,1.72693,0.722439,0.685965,0.120265,0.008303399999999999,0.6258891999999999,0.6413
1995/2/28 0:00,0.7227,1.7445500000000003,0.722596,0.688231,0.120265,0.009122,0.6255750000000001,0.6412
1995/3/1 0:00,0.719,1.7445500000000003,0.722126,0.68918,0.120262,0.0090958,0.6272932,0.6375
1995/3/2 0:00,0.725,1.72724,0.72338,0.68738,0.120266,0.0083484,0.6260578,0.6398
1995/3/3 0:00,0.728,1.589,0.725111,0.68451,0.120106,0.008860199999999999,0.7067346,0.6425
1995/3/4 0:00,0.7283,1.5482799999999997,0.727431,0.686813,0.11998800000000001,0.0091526,0.7064347999999999,0.6427
1995/3/5 0:00,0.7275,1.59266,0.729235,0.690084,0.1305672,0.009070400000000001,0.68071,0.6415
1995/3/6 0:00,0.7235,1.62013,0.728969,0.688658,0.130565,0.0090796,0.64612,0.637
1995/3/7 0:00,0.725,1.6547899999999998,0.728332,0.692041,0.12011000000000001,0.0083488,0.641026,0.641
1995/3/8 0:00,0.7285,1.6214400000000002,0.728491,0.691802,0.12011000000000001,0.009089400000000001,0.64288,0.6415
1995/3/9 0:00,0.7356,1.6935000000000002,0.727431,0.686766,0.13053140000000002,0.008052199999999999,0.652742,0.6443
1995/3/10 0:00,0.736,1.64546,0.7249,0.686248,0.120106,0.008063999999999998,0.650195,0.646
1995/3/11 0:00,0.7364,1.6874600000000002,0.723275,0.684229,0.1305326,0.0080382,0.647878,0.6459
1995/3/12 0:00,0.7325,1.63551,0.721241,0.685871,0.140982,0.0083834,0.6842934,0.6445
1995/3/13 0:00,0.7386,1.6779,0.720981,0.686907,0.140982,0.0087448,0.6842934,0.645
1995/3/14 0:00,0.7325,1.61587,0.721501,0.677736,0.1626032,0.0076397999999999995,0.6522272,0.61482
1995/3/15 0:00,0.7295,1.61677,0.722022,0.678794,0.1519868,0.007686999999999999,0.6463650000000001,0.63352
1995/3/16 0:00,0.723,1.4862,0.719942,0.671817,0.1491316,0.0102018,0.658518,0.5554
1995/3/17 0:00,0.706,1.61673,0.718649,0.675995,0.1621692,0.007707799999999999,0.6548766,0.62832
1995/3/18 0:00,0.7015,1.58798,0.719683,0.7426598,0.1256888,0.0090198,0.6613154,0.622
1995/3/19 0:00,0.7,1.6347,0.718391,0.6721766,0.1361846,0.0094252,0.6732188000000001,0.6570674000000001
1995/3/20 0:00,0.691,1.6548,0.715256,0.730678,0.12079659999999999,0.0085356,0.6375344000000001,0.55274
1995/3/21 0:00,0.7025,1.6756,0.709723,0.768112,0.136204,0.0087792,0.6455792,0.5809070000000001
1995/3/22 0:00,0.704,1.6721,0.713521,0.8427754000000001,0.13614880000000001,0.009218,0.6663488,0.606748
1995/3/23 0:00,0.7008,1.6655,0.71048,0.7727704000000001,0.12597160000000002,0.008490800000000001,0.6468755999999999,0.5919800000000001
1995/3/24 0:00,0.703,1.6427,0.70927,0.7718828,0.11874499999999999,0.0097838,0.6901146,0.6422064
1995/3/25 0:00,0.712,1.6340700000000001,0.710985,0.7567488,0.11978839999999999,0.009092600000000001,0.6883481999999999,0.6152399999999999
1995/3/26 0:00,0.7045,1.6628800000000001,0.712301,0.7890037999999999,0.12489700000000001,0.009446,0.6905504,0.61364
1995/3/27 0:00,0.703,1.6309200000000001,0.714031,0.7696674,0.1192806,0.0095792,0.6887741999999999,0.6247199999999999
1995/3/28 0:00,0.6978,1.6207700000000003,0.713012,0.7963941999999999,0.1187544,0.0102612,0.6889772000000001,0.6355
1995/3/29 0:00,0.694,1.6203499999999997,0.709471,0.7612392,0.11874499999999999,0.009783799999999999,0.6879010000000001,0.6233799999999999
1995/3/30 0:00,0.697,1.6328399999999998,0.710682,0.7447137999999999,0.12029779999999998,0.009092600000000001,0.6824676000000001,0.6131399999999999
1995/3/31 0:00,0.6935,1.62553,0.709723,0.7612392,0.1192704,0.009783799999999999,0.687901,0.6272
1995/4/1 0:00,0.6962,1.64477,0.710126,0.784789,0.1249136,0.0098306,0.682969,0.62338
1995/4/2 0:00,0.696,1.67658,0.707864,0.8025249999999999,0.1238658,0.0101318,0.6827332,0.6295104
1995/4/3 0:00,0.6989,1.63339,0.706764,0.785827,0.1182126,0.010066199999999999,0.687209,0.6472342
1995/4/4 0:00,0.699,1.63339,0.706964,0.785827,0.1182126,0.010066199999999999,0.687209,0.6463742
1995/4/5 0:00,0.6892,1.63141,0.706464,0.7843184,0.1182126,0.010066199999999999,0.687209,0.6213599999999999
1995/4/6 0:00,0.6882,1.58054,0.70373,0.746036,0.11820499999999998,0.010078199999999999,0.6528898000000001,0.6283888
1995/4/7 0:00,0.699,1.6694,0.705716,0.7743256000000001,0.1187336,0.009734199999999998,0.687209,0.6502986
1995/4/8 0:00,0.6938,1.61857,0.70373,0.746036,0.11820499999999998,0.010078199999999999,0.6528898000000001,0.6317586
1995/4/9 0:00,0.6865,1.56065,0.705219,0.7960621999999999,0.12438560000000001,0.0098546,0.6651187999999999,0.6213599999999999
1995/4/10 0:00,0.6835,1.6748699999999999,0.702001,0.7208298,0.1258964,0.007843,0.5711983999999999,0.50035
1995/4/11 0:00,0.6825,1.6748699999999999,0.702001,0.6809508,0.1206976,0.007828,0.5807418,0.50035
1995/4/12 0:00,0.677,1.6748699999999999,0.702001,0.6744994,0.12588760000000002,0.007743,0.5827688,0.50035
1995/4/13 0:00,0.677,1.6748699999999999,0.703334,0.6715978,0.12588760000000002,0.007766,0.5663748,0.50035
1995/4/14 0:00,0.676,1.6447600000000002,0.705219,0.672619,0.1207932,0.007769,0.5663748,0.50035
1995/4/15 0:00,0.6732,1.62137,0.702889,0.6856464000000001,0.15296,0.007728,0.619579,0.5168699999999999
1995/4/16 0:00,0.6712,1.74783,0.702741,0.7142852000000001,0.1280514,0.00768,0.618429,0.50719
1995/4/17 0:00,0.6705,1.7465800000000002,0.703087,0.6929270000000001,0.12460900000000001,0.007663,0.61862,0.50719
1995/4/18 0:00,0.6675,1.7411774000000002,0.703037,0.6861987999999999,0.1211646,0.007704,0.615006,0.5286199999999999
1995/4/19 0:00,0.6665,1.7444599999999997,0.702149,0.704201,0.1221176,0.007747,0.617475,0.5168699999999999
1995/4/20 0:00,0.671,1.58006,0.702198,0.697593,0.17182779999999998,0.0077768,0.61237,0.55238
1995/4/21 0:00,0.71174,1.7677599999999998,0.703829,0.697691,0.1616548,0.0090066,0.603136,0.5517
1995/4/22 0:00,0.69537,1.65034,0.703631,0.699056,0.17196499999999998,0.0080662,0.59453,0.5325876
1995/4/23 0:00,0.6655088,1.5617394,0.702395,0.693722,0.171897,0.0078584,0.586166,0.5386708
1995/4/24 0:00,0.6868576,1.6203896,0.70279,0.697204,0.17182779999999998,0.008060999999999999,0.594177,0.5426962000000001
1995/4/25 0:00,0.69552,1.6893514,0.702001,0.694734,0.17189859999999998,0.008378,0.599161,0.5402294000000001
1995/4/26 0:00,0.7180096,1.7451166,0.697934,0.700378,0.17196499999999998,0.009218399999999998,0.598265,0.529462
1995/4/27 0:00,0.7069484000000001,1.6218632,0.697107,0.69541,0.1718986,0.0088718,0.596837,0.532991
1995/4/28 0:00,0.7266322000000001,1.6829338,0.696185,0.697447,0.17182779999999998,0.008886,0.597907,0.5278108
1995/4/29 0:00,0.7665199999999999,1.9708599999999996,0.696621,0.697058,0.191015,0.007689,0.59952,0.5699645999999999
1995/4/30 0:00,0.7456026,1.9019171999999998,0.696573,0.697253,0.1871514,0.007675,0.597729,0.569699
1995/5/1 0:00,0.7464988,1.9055866000000001,0.694541,0.690894,0.191015,0.007689,0.598802,0.5772647999999999
1995/5/2 0:00,0.7665199999999999,1.9708599999999996,0.696136,0.686907,0.191015,0.007689,0.596303,0.560267
1995/5/3 0:00,0.7436565999999999,1.9055366,0.699888,0.684463,0.191015,0.007666,0.59312,0.5738913999999999
1995/5/4 0:00,0.7740600000000001,1.93484,0.701508,0.681663,0.191015,0.007553,0.588408,0.59176
1995/5/5 0:00,0.7767000000000001,1.9316399999999998,0.701066,0.675539,0.1903278,0.007463,0.581058,0.58312
1995/5/6 0:00,0.7752800000000001,1.92274,0.698812,0.676133,0.19067139999999996,0.007469,0.568505,0.5917600000000001
1995/5/7 0:00,0.7632199999999999,1.8697000000000004,0.8199175999999999,0.677277,0.1792102,0.007593,0.575043,0.56644
1995/5/8 0:00,0.77608,1.9079000000000002,0.830637,0.678794,0.1922492,0.007548,0.5864396000000001,0.5618399999999999
1995/5/9 0:00,0.78344,1.9639,0.8778932000000002,0.677369,0.1847734,0.007603,0.5802143999999999,0.55528
1995/5/10 0:00,0.77186,1.8273800000000002,0.8421822000000001,0.678242,0.183678,0.007528,0.5874341999999999,0.5432
1995/5/11 0:00,0.7551400000000001,1.9529400000000003,0.8328066,0.677277,0.17176539999999998,0.007592,0.5796986000000001,0.5574
1995/5/12 0:00,0.78354,1.9639,0.8421734000000001,0.6744,0.17246499999999998,0.007609,0.5776586,0.55528
1995/5/13 0:00,0.7737999999999999,1.9591,0.838838,0.669658,0.19567099999999998,0.007668,0.5974343999999999,0.57692
1995/5/14 0:00,0.75162,1.8258599999999998,0.784623,0.66778,0.1823442,0.007759,0.6095148,0.5535599999999999
1995/5/15 0:00,0.684536,1.8637336000000002,0.8015724000000001,0.667423,0.1920846,0.007764,0.6044879999999999,0.5465542
1995/5/16 0:00,0.74632,1.92638,0.8300652,0.672902,0.20315120000000003,0.007843,0.6094006000000001,0.56846
1995/5/17 0:00,0.7719199999999999,1.9286,0.863264,0.680226,0.20719659999999998,0.00786,0.6106914,0.5802
1995/5/18 0:00,0.7568199999999999,1.82654,0.8544264,0.692089,0.20333140000000002,0.00795,0.6132732,0.55338
1995/5/19 0:00,0.7582,1.8307000000000002,0.8653862,0.685636,0.211242,0.007896,0.6121482,0.5435
1995/5/20 0:00,0.75542,1.82564,0.8496957999999999,0.68975,0.211242,0.007935,0.6137248,0.55378
1995/5/21 0:00,0.7548800000000001,1.8663,0.8571174000000001,0.683854,0.19700700000000002,0.007983,0.602409,0.5441
1995/5/22 0:00,0.7515,1.8334,0.8570594,0.681524,0.19700700000000002,0.007976,0.602409,0.5440999999999999
1995/5/23 0:00,0.7671600000000001,1.8955000000000002,0.863898,0.674764,0.20719659999999998,0.007868,0.6110266,0.5685
1995/5/24 0:00,0.7582,1.8306999999999998,0.8653862,0.678887,0.211242,0.007896,0.6121482,0.5435
1995/5/25 0:00,0.75542,1.82564,0.8496957999999999,0.680782,0.15656620000000002,0.007935,0.6137248,0.55378
1995/5/26 0:00,0.6878714,1.79548,0.7814182,0.685401,0.1625336,0.008079,0.5689602,0.5127383999999999
1995/5/27 0:00,0.6807816,1.88475,0.787713,0.690942,0.12464899999999998,0.00811,0.5907802,0.46694500000000005
1995/5/28 0:00,0.5851036,1.6336,0.7144280000000001,0.687002,0.1432572,0.008048,0.5886726,0.4393724
1995/5/29 0:00,0.5851036,1.6336,0.714428,0.682454,0.1432572,0.008046,0.5886726,0.4393724
1995/5/30 0:00,0.6814,1.5789000000000002,0.7177203999999999,0.682594,0.1304642,0.008099,0.5789464000000001,0.58803
1995/5/31 0:00,0.678,1.58524,0.7177203999999999,0.683387,0.130862,0.008095,0.5664852,0.58599
1995/6/1 0:00,0.677,1.60426,0.7357718,0.68918,0.12013800000000001,0.008079,0.565511,0.5800599999999999
1995/6/2 0:00,0.6725,1.57848,0.7388522,0.682361,0.12016299999999999,0.007976,0.5767816,0.5107999999999999
1995/6/3 0:00,0.6685,1.6181116,0.7077785999999999,0.678841,0.1202874,0.007882,0.5646294000000001,0.5123110000000001
1995/6/4 0:00,0.6702,1.6157,0.7263310000000001,0.680735,0.12012579999999999,0.007915,0.5646294000000001,0.57523
1995/6/5 0:00,0.676,1.5744000000000002,0.7090256,0.679579,0.120279,0.007921,0.5646294000000001,0.53698
1995/6/6 0:00,0.6716,1.6054400000000002,0.7350464,0.680041,0.1306178,0.007829,0.5646294000000001,0.5378999999999999
1995/6/7 0:00,0.667,1.5813599999999999,0.730664,0.68937,0.120337,0.007757,0.5706787999999999,0.6333599999999999
1995/6/8 0:00,0.6659,1.5834599999999999,0.7360208,0.687805,0.120337,0.007803,0.5646294000000001,0.59863
1995/6/9 0:00,0.6655,1.5982942,0.7218886,0.682454,0.120351,0.007775,0.5646294000000001,0.6113434
1995/6/10 0:00,0.6713,1.58798,0.728834,0.682361,0.120337,0.0081716,0.687082,0.6717
1995/6/11 0:00,0.6785,1.5873599999999999,0.7358956000000001,0.682035,0.120337,0.008268800000000001,0.7095178000000001,0.6720599999999999
1995/6/12 0:00,0.6825,1.5873599999999999,0.7287814000000001,0.682128,0.120337,0.008187200000000002,0.7056739999999999,0.67206
1995/6/13 0:00,0.6796,1.59178,0.7334874000000001,0.68055,0.120337,0.0080804,0.7121512,0.67402
1995/6/14 0:00,0.6745,1.59996,0.7381446,0.677048,0.120337,0.008112000000000001,0.6799108,0.583
1995/6/15 0:00,0.668,1.59996,0.7381446,0.673809,0.12035,0.008112000000000001,0.706315,0.579
1995/6/16 0:00,0.6675,1.59996,0.7312375999999999,0.669389,0.120221,0.0080234,0.6879034,0.578
1995/6/17 0:00,0.6672,1.7445500000000003,0.707064,0.668896,0.120337,0.0084474,0.6260578,0.5796
1995/6/18 0:00,0.668,1.7445500000000003,0.707214,0.670466,0.120337,0.0084474,0.6260578,0.5832
1995/6/19 0:00,0.667,1.7445500000000003,0.71048,0.669792,0.120337,0.0082998,0.625575,0.5785
1995/6/20 0:00,0.6695,1.7445500000000003,0.708567,0.673265,0.120337,0.0083074,0.6260578,0.5807
1995/6/21 0:00,0.676,1.7445500000000003,0.70922,0.677277,0.120337,0.0079358,0.6263631999999999,0.5862
1995/6/22 0:00,0.67,1.7445499999999998,0.707314,0.674536,0.120773,0.0084468,0.5733282,0.5825
1995/6/23 0:00,0.6715,1.7445500000000003,0.705965,0.676224,0.120337,0.0084422,0.6260577999999999,0.5823
1995/6/24 0:00,0.6637,1.66661,0.704771,0.670916,0.120337,0.0085494,0.624733,0.566
1995/6/25 0:00,0.6626,1.66695,0.705219,0.669389,0.120337,0.008394,0.6255054,0.5633
1995/6/26 0:00,0.6645,1.6666400000000003,0.705119,0.666978,0.120337,0.0084192,0.6259539999999999,0.563
1995/6/27 0:00,0.6655,1.7445500000000003,0.703235,0.671051,0.120337,0.008441,0.624733,0.561
1995/6/28 0:00,0.6716,1.7445500000000003,0.704325,0.671141,0.120337,0.0084474,0.6260578,0.5622
1995/6/29 0:00,0.67,1.6661100000000002,0.709069,0.669344,0.120337,0.008400000000000001,0.6259539999999999,0.5626
1995/6/30 0:00,0.6742,1.7445500000000003,0.708215,0.671366,0.120337,0.0084568,0.624733,0.5637
1995/7/1 0:00,0.674,1.67379,0.706864,0.667913,0.120337,0.0083034,0.624733,0.562
1995/7/2 0:00,0.6631,1.7445500000000003,0.702988,0.657462,0.120337,0.0084118,0.6245114,0.5536
1995/7/3 0:00,0.6613,1.48792,0.705219,0.655953,0.1624282,0.0083398,0.5741075999999999,0.5524
1995/7/4 0:00,0.659,1.5681699999999998,0.705467,0.7516244,0.1208156,0.0083554,0.573592,0.549
1995/7/5 0:00,0.6553,1.54454,0.704473,0.7075262,0.1202772,0.008683,0.5972953999999999,0.5493
1995/7/6 0:00,0.6568,1.56014,0.70373,0.7460359999999999,0.12892699999999999,0.0097304,0.6528898000000001,0.5512
1995/7/7 0:00,0.6595,1.53417,0.70497,0.7112974,0.1406934,0.008702,0.6180764,0.5502
1995/7/8 0:00,0.6597,1.55828,0.703087,0.7459386000000001,0.1192346,0.0093556,0.6459124,0.5485
1995/7/9 0:00,0.657,1.55904,0.701951,0.7108369999999999,0.1202846,0.0085672,0.6107781999999999,0.548
1995/7/10 0:00,0.655,1.5583399999999998,0.701705,0.7072004,0.12944899999999998,0.008682,0.590296,0.5525
1995/7/11 0:00,0.6565,1.53348,0.700967,0.6837986,0.14069979999999999,0.0082038,0.5977412,0.5536
1995/7/12 0:00,0.6553,1.51404,0.698324,0.6982948,0.14122200000000001,0.007755199999999999,0.591998,0.552
1995/7/13 0:00,0.647,1.7247299999999999,0.697107,0.76316,0.134166,0.0088264,0.627353,0.549
1995/7/14 0:00,0.649,1.7250999999999999,0.694686,0.76493,0.134155,0.0088462,0.625782,0.5518
1995/7/15 0:00,0.65,1.7592098,0.695943,0.7764118,0.1248858,0.0088462,0.62383,0.5533
1995/7/16 0:00,0.649,1.5155,0.699545,0.6969364,0.1616322,0.0089504,0.624025,0.558
1995/7/17 0:00,0.6455,1.6267,0.70028,0.7553524,0.13335560000000002,0.0088264,0.62422,0.5545
1995/7/18 0:00,0.6487,1.61366,0.698812,0.7280260000000001,0.15290900000000002,0.0089504,0.626566,0.5597
1995/7/19 0:00,0.6515,1.55298,0.697983,0.7279289999999999,0.1529656,0.0089504,0.629802,0.5593
1995/7/20 0:00,0.6535,1.54957,0.697107,0.7082018,0.1508918,0.0089556,0.628536,0.5615
1995/7/21 0:00,0.6507,1.5532299999999999,0.696379,0.7277252,0.1529836,0.0089504,0.628536,0.5595
1995/7/22 0:00,0.6473,1.72329,0.695169,0.7643188000000001,0.1341504,0.0089504,0.625,0.5539
1995/7/23 0:00,0.644,1.7265000000000001,0.694927,0.7643628,0.1341708,0.0088264,0.627943,0.5513
1995/7/24 0:00,0.6485,1.72737,0.695604,0.7663481999999999,0.1341684,0.0089504,0.629525,0.553
1995/7/25 0:00,0.652,1.6326,0.699203,0.7827477999999999,0.1239576,0.0088264,0.630915,0.5555
1995/7/26 0:00,0.652,1.7449000000000001,0.69735,0.8005521999999999,0.12476480000000001,0.0089504,0.631313,0.5552
1995/7/27 0:00,0.645,1.8199150000000004,0.696864,0.8039564,0.12477279999999999,0.0088264,0.632511,0.5535
1995/7/28 0:00,0.6412,1.80488,0.694927,0.7967038,0.12475119999999999,0.0088264,0.630915,0.5515
1995/7/29 0:00,0.637,1.74909,0.694879,0.7715358,0.1344728,0.0084784,0.619579,0.545
1995/7/30 0:00,0.6373,1.6927274,0.694444,0.7478438,0.1635364,0.0084784,0.614439,0.5437
1995/7/31 0:00,0.6355,1.69649,0.69604,0.7481899999999999,0.13439320000000002,0.0084784,0.617665,0.5448
1995/8/1 0:00,0.6371,1.6460900000000003,0.697593,0.7227512,0.15401579999999998,0.0084784,0.615195,0.541
1995/8/2 0:00,0.633,1.6347,0.698178,0.71266,0.1259402,0.0084536,0.5997114,0.5365
1995/8/3 0:00,0.6276,1.6308,0.692137,0.7367100000000001,0.1206218,0.008344800000000001,0.5964062,0.5345
1995/8/4 0:00,0.627,1.6306,0.690608,0.7461544,0.1207174,0.008471,0.5882373999999999,0.533
1995/8/5 0:00,0.627,1.6278,0.689275,0.748625,0.12052820000000002,0.008412,0.5965602,0.5352
1995/8/6 0:00,0.6221,1.6235,0.689798,0.7785462000000001,0.1207194,0.008364,0.5838082,0.5324
1995/8/7 0:00,0.6236,1.6232,0.68956,0.7785462000000001,0.120815,0.008364,0.5838082,0.5312
1995/8/8 0:00,0.6255,1.6332,0.68975,0.7402013999999999,0.1208122,0.0084996,0.5882374,0.5323
1995/8/9 0:00,0.6304,1.6305,0.690846,0.6418846,0.120337,0.008276,0.5715814,0.535
1995/8/10 0:00,0.6315,1.6318,0.689845,0.6628908,0.120337,0.0083684,0.5789412,0.5355
1995/8/11 0:00,0.6225,1.6365,0.687332,0.6154780000000001,0.120337,0.0094676,0.60423,0.5335
1995/8/12 0:00,0.6215,1.6322,0.686436,0.6154780000000001,0.120337,0.0094568,0.60006,0.533
1995/8/13 0:00,0.6219,1.6277,0.687002,0.6154780000000001,0.120337,0.0093816,0.596837,0.5325
1995/8/14 0:00,0.626,1.6308,0.686295,0.6154780000000001,0.120337,0.0094568,0.596837,0.5358
1995/8/15 0:00,0.615,1.6392,0.686436,0.6154780000000001,0.120337,0.0094568,0.589275,0.528
1995/8/16 0:00,0.6145,1.6388,0.687616,0.6154780000000001,0.120337,0.009381599999999999,0.595238,0.5235
1995/8/17 0:00,0.6115,1.6385,0.688231,0.6154780000000001,0.120337,0.0093816,0.597015,0.5245
1995/8/18 0:00,0.611,1.6395,0.686907,0.6154780000000001,0.120337,0.0093816,0.592768,0.5245
1995/8/19 0:00,0.6005,1.6351,0.685589,0.6369316,0.120337,0.009246599999999999,0.587372,0.513
1995/8/20 0:00,0.5995,1.6324,0.685307,0.6154780000000001,0.120337,0.009381599999999999,0.583942,0.509
1995/8/21 0:00,0.5955,1.6347,0.684838,0.6154780000000001,0.120337,0.009381599999999999,0.583499,0.508
1995/8/22 0:00,0.587,1.6277,0.68171,0.6154780000000001,0.120337,0.008480199999999999,0.573066,0.496
1995/8/23 0:00,0.5867,1.6292,0.680226,0.6054886,0.120337,0.008506799999999998,0.573066,0.4973
1995/8/24 0:00,0.5925,1.6315,0.680967,0.6154780000000001,0.120337,0.0094638,0.572574,0.5013
1995/8/25 0:00,0.5894,1.6315,0.678426,0.5914326,0.120337,0.008271400000000002,0.570939,0.496
1995/8/26 0:00,0.5925,1.6525,0.679902,0.5975186000000001,0.120337,0.0083116,0.575871,0.4963
1995/8/27 0:00,0.6081,1.662,0.683293,0.6388744000000001,0.120337,0.009232,0.598623,0.5173
1995/8/28 0:00,0.6067,1.6705,0.680735,0.6154780000000001,0.120337,0.0094608,0.597015,0.5175
1995/8/29 0:00,0.627,1.6735,0.680504,0.6383934,0.120337,0.0093816,0.622278,0.5298
1995/8/30 0:00,0.611,1.672,0.679671,0.6207128,0.120337,0.0093816,0.605327,0.5176
1995/8/31 0:00,0.6071272000000001,1.6641,0.680365,0.6766274000000001,0.12080500000000001,0.00843,0.605327,0.5085
1995/9/1 0:00,0.5991012,1.6683,0.680272,0.6814816,0.12081,0.0084744,0.60241,0.5166
1995/9/2 0:00,0.6243510000000001,1.6722,0.681756,0.6666017999999999,0.1207114,0.008826800000000001,0.599341,0.5139
1995/9/3 0:00,0.711994,1.7150121999999999,0.680596,0.7239308,0.12082680000000001,0.008926400000000001,0.591191,0.506
1995/9/4 0:00,0.7363674,1.9467599999999998,0.679302,0.5794455999999999,0.12058879999999998,0.007571400000000001,0.582072,0.5063
1995/9/5 0:00,0.742207,1.7431426,0.679486,0.6882944,0.12082040000000001,0.0089446,0.593824,0.52
1995/9/6 0:00,0.686659,1.6789896,0.682221,0.7200328,0.12082220000000002,0.0089914,0.591716,0.5175
1995/9/7 0:00,0.7739,1.9316400000000002,0.680921,0.6772164,0.191015,0.00707,0.58651,0.5125
1995/9/8 0:00,0.7739,1.9316400000000002,0.681431,0.6772164,0.191015,0.007176,0.587544,0.5195
1995/9/9 0:00,0.7716999999999999,1.92912,0.678887,0.6394118000000001,0.191015,0.007134,0.58326,0.516
1995/9/10 0:00,0.7739,1.9316399999999998,0.678794,0.6394118000000001,0.191015,0.007206,0.590842,0.5205
1995/9/11 0:00,0.7011202,1.9316399999999998,0.678196,0.597243,0.191015,0.007163,0.585309,0.5166
1995/9/12 0:00,0.737221,1.9313399999999998,0.67714,0.6355784,0.191015,0.007077,0.582072,0.5128
1995/9/13 0:00,0.77586,1.9319,0.675676,0.633861,0.191015,0.00709,0.578536,0.514
1995/9/14 0:00,0.7757,1.9389399999999999,0.676315,0.610658,0.191015,0.007093,0.581903,0.5173
1995/9/15 0:00,0.7739,1.9316400000000002,0.676133,0.6235760000000001,0.191015,0.007151,0.592242,0.5255
1995/9/16 0:00,0.7338458,1.9316399999999998,0.673401,0.6158788000000001,0.17696759999999995,0.007109,0.589275,0.5225
1995/9/17 0:00,0.7468776,1.87104,0.671592,0.6634902,0.16294099999999997,0.00713,0.592417,0.5267
1995/9/18 0:00,0.7710800000000001,1.87104,0.671817,0.6631746000000001,0.16292939999999997,0.007163,0.584795,0.527
1995/9/19 0:00,0.7739,1.87104,0.672043,0.6631746000000001,0.16292939999999997,0.007202,0.588235,0.527
1995/9/20 0:00,0.746989,1.93004,0.670107,0.6772164,0.191015,0.007123,0.584795,0.5251
1995/9/21 0:00,0.76962,1.9307000000000003,0.668583,0.6772164,0.191015,0.007087,0.584624,0.5206
1995/9/22 0:00,0.76962,1.9306999999999999,0.668762,0.6772164,0.191015,0.007065,0.584112,0.517
1995/9/23 0:00,0.6963836000000001,1.9307000000000003,0.667601,0.6645546,0.1769704,0.007096,0.584454,0.5195
1995/9/24 0:00,0.77348,1.92834,0.664894,0.6639862,0.1769666,0.00703,0.581058,0.511
1995/9/25 0:00,0.6719532,1.9316399999999998,0.665646,0.6719330000000001,0.1769666,0.007055,0.585309,0.5138
1995/9/26 0:00,0.7270018,1.9270399999999999,0.664938,0.6639862000000001,0.1769666,0.00702,0.582411,0.5135
1995/9/27 0:00,0.727943,1.9291999999999998,0.66291,0.6485554,0.1769694,0.007017,0.582411,0.5173
1995/9/28 0:00,0.77586,1.9319,0.661726,0.6177886,0.1488888,0.006913,0.578704,0.5115
1995/9/29 0:00,0.7785200000000001,1.9461,0.659848,0.6772164,0.191015,0.006859,0.577034,0.5095
1995/9/30 0:00,0.77586,1.9319,0.660502,0.6772164,0.191015,0.006904,0.578704,0.5135
1995/10/1 0:00,0.77658,1.9388999999999998,0.659848,0.6772164,0.191015,0.006926,0.57971,0.5165
1995/10/2 0:00,0.77378,1.9123999999999999,0.654365,0.6294142,0.14888099999999999,0.006916,0.573723,0.5135
1995/10/3 0:00,0.7740199999999999,1.9172999999999998,0.657073,0.6471872000000001,0.1488916,0.006835,0.570613,0.509
1995/10/4 0:00,0.77498,1.90976,0.658892,0.6772164,0.17697659999999998,0.006824,0.568666,0.5069
1995/10/5 0:00,0.77492,1.91986,0.7037442,0.6869642,0.17697619999999997,0.006796,0.567666,0.5013
1995/10/6 0:00,0.7740199999999999,1.9172999999999998,0.7755254,0.6772164,0.17697619999999997,0.006845,0.570613,0.5027
1995/10/7 0:00,0.6986283999999999,1.7513398000000002,0.7022894,0.6597570000000001,0.16292779999999998,0.006894,0.571919,0.5038
1995/10/8 0:00,0.77416,1.9073,0.7040478,0.6889268,0.17697659999999998,0.006832,0.569152,0.5038
1995/10/9 0:00,0.7761600000000001,1.9152,0.7747514,0.6891556,0.191015,0.00686,0.566893,0.5038
1995/10/10 0:00,0.7761600000000001,1.9151999999999998,0.7371834,0.6763694,0.17697499999999997,0.006896,0.566412,0.5027
1995/10/11 0:00,0.77482,1.9154999999999998,0.7040477999999999,0.6889268000000001,0.17697659999999998,0.006952,0.569152,0.5038
1995/10/12 0:00,0.77532,1.92774,0.8164688,0.6772164,0.1629372,0.007013,0.571102,0.4985
1995/10/13 0:00,0.77724,1.92228,0.6576182000000002,0.6546704,0.12080919999999999,0.006899,0.565771,0.4925
1995/10/14 0:00,0.77724,1.92228,0.6566255999999999,0.6812194,0.13485640000000002,0.006946,0.565931,0.491
1995/10/15 0:00,0.6965000000000001,1.6310328000000003,0.6581214,0.641494,0.12076980000000001,0.008348399999999999,0.563539,0.4912
1995/10/16 0:00,0.6967399999999999,1.6273880000000003,0.662776,0.6158122,0.12078180000000001,0.008621400000000001,0.563698,0.4885
1995/10/17 0:00,0.73927,1.76017,0.6605092000000001,0.6535371999999999,0.1208096,0.0082672,0.565291,0.4838
1995/10/18 0:00,0.7345499999999999,1.7591100000000002,0.637267,0.6393128,0.12079599999999999,0.0075738,0.56338,0.4928
1995/10/19 0:00,0.7370800000000001,1.83554,0.635122,0.693626,0.1414142,0.0082036,0.56338,0.495
1995/10/20 0:00,0.7526600000000001,1.8698400000000004,0.643708,0.694203,0.1413964,0.0076766000000000004,0.581734,0.5073
1995/10/21 0:00,0.6640674,1.6143952,0.649984,0.692041,0.15178039999999998,0.0070976,0.5686864,0.5035
1995/10/22 0:00,0.6824003999999999,1.5730584,0.649562,0.704573,0.1414028,0.007882,0.5685074,0.5005
1995/10/23 0:00,0.6552943999999999,1.6447831999999998,0.655093,0.701656,0.1414424,0.00835,0.586837,0.5062
1995/10/24 0:00,0.688267,1.5918872,0.655179,0.708065,0.14031919999999998,0.00835,0.5944818,0.5097
1995/10/25 0:00,0.6696681999999999,1.6163718,0.657462,0.705965,0.130009,0.0085914,0.5947093999999999,0.5075
1995/10/26 0:00,0.663341,1.6297457999999998,0.660284,0.719166,0.13111420000000001,0.0085528,0.5915804,0.5155
1995/10/27 0:00,0.7208422,1.5389296,0.659457,0.711896,0.11745540000000002,0.0088074,0.624274,0.5136
1995/10/28 0:00,0.6375646,1.629646,0.665779,0.717103,0.13111620000000002,0.007794799999999999,0.5867920000000001,0.514
1995/10/29 0:00,0.645432,1.6407548000000003,0.664982,0.716589,0.14142820000000003,0.008642799999999999,0.5882644000000001,0.5075
1995/10/30 0:00,0.6470667999999999,1.6325600000000002,0.655523,0.722022,0.12080880000000001,0.008409799999999999,0.5850820000000001,0.5093
1995/10/31 0:00,0.6452081999999999,1.6134354000000002,0.653808,0.719424,0.13111160000000002,0.007917200000000001,0.5734302,0.504
1995/11/1 0:00,0.6246805999999999,1.6409084,0.655008,0.724375,0.12078320000000001,0.0084282,0.5813025999999999,0.5005
1995/11/2 0:00,0.6699841999999999,1.6231462,0.653808,0.719683,0.1311122,0.0085078,0.5765636000000001,0.496
1995/11/3 0:00,0.6929200000000001,1.6224272,0.65445,0.716589,0.1414298,0.0082228,0.5762754,0.4905
1995/11/4 0:00,0.6301555999999999,1.6169537999999999,0.661376,0.720461,0.12078580000000001,0.0086874,0.5861604,0.4939
1995/11/5 0:00,0.6214763999999999,1.6443112,0.661026,0.724375,0.1207994,0.008644,0.5938019999999999,0.4968
1995/11/6 0:00,0.6332052,1.6300264000000002,0.661989,0.719424,0.1311036,0.008574799999999999,0.5826458,0.4935
1995/11/7 0:00,0.6868610000000002,1.7826548,0.666134,0.719683,0.13111060000000002,0.008913,0.596837,0.5025
1995/11/8 0:00,0.7046100000000001,1.6839032,0.655222,0.724218,0.1207954,0.008303399999999999,0.592347,0.5
1995/11/9 0:00,0.6218042,1.6753004,0.650872,0.733138,0.12079999999999999,0.0086358,0.591611,0.503
1995/11/10 0:00,0.70867,1.6872099999999999,0.644953,0.739481,0.1208102,0.00829,0.592768,0.4987
1995/11/11 0:00,0.70867,1.6369864,0.6791780000000001,0.74239,0.12081139999999999,0.0084568,0.595593,0.4968
1995/11/12 0:00,0.7337,1.6667868,0.6826636,0.743937,0.1208018,0.008760599999999999,0.595948,0.493
1995/11/13 0:00,0.7608699999999999,1.76645,0.780414,0.758725,0.12082059999999999,0.008953,0.605144,0.5113
1995/11/14 0:00,0.70714,1.50565,0.8121251999999999,0.773096,0.163767,0.0085282,0.607533,0.5195
1995/11/15 0:00,0.70808,1.4875,0.8019013999999999,0.755858,0.163214,0.008493999999999998,0.607533,0.5205
1995/11/16 0:00,0.74172,1.6821854000000003,0.8504021999999999,0.752672,0.1328432,0.0082954,0.612933,0.541
1995/11/17 0:00,0.6675686,1.5851599999999997,0.7464354,0.750469,0.16398459999999998,0.0087604,0.619579,0.5395
1995/11/18 0:00,0.6923600000000001,1.6687400000000001,0.761957,0.755858,0.15320119999999998,0.008450599999999999,0.619195,0.5312
1995/11/19 0:00,0.67296,1.64932,0.7347311999999999,0.760572,0.15529339999999997,0.0083348,0.617475,0.5357
1995/11/20 0:00,0.6365999999999999,1.6358800000000002,0.7129643999999999,0.755572,0.1315022,0.0085532,0.617475,0.535
1995/11/21 0:00,0.64792,1.57831,0.7755172000000001,0.742832,0.1645682,0.0086022,0.614817,0.5263
1995/11/22 0:00,0.6664999999999999,1.6798000000000002,0.7648156,0.74184,0.1424102,0.0083742,0.618812,0.526
1995/11/23 0:00,0.6500800000000001,1.5973700000000002,0.7930004,0.74499,0.1533924,0.0085946,0.616903,0.5255
1995/11/24 0:00,0.65742,1.6342399999999997,0.8246093999999999,0.747664,0.1647606,0.0088406,0.616143,0.5253
1995/11/25 0:00,0.64792,1.5348000000000002,0.7755172,0.742776,0.1645682,0.0086022,0.614817,0.5225
1995/11/26 0:00,0.66114,1.6854285999999998,0.8568106,0.740905,0.13348600000000002,0.0084878,0.613346,0.5202
1995/11/27 0:00,0.65748,1.6629200000000002,0.8060698000000001,0.741675,0.132175,0.008620400000000002,0.615764,0.522
1995/11/28 0:00,0.6496788,1.6257800000000002,0.6799953999999999,0.743384,0.12062060000000001,0.007973,0.6092344000000001,0.5258
1995/11/29 0:00,0.6954800000000001,1.74058,0.7527234,0.738116,0.12072039999999999,0.0084814,0.6103753999999999,0.5295
1995/11/30 0:00,0.8588431999999999,1.6652,0.7064208,0.740741,0.13797600000000002,0.009038399999999999,0.6615757999999999,0.5305
1995/12/1 0:00,0.67906,1.6577,0.7225362000000001,0.737518,0.1326566,0.0078276,0.616903,0.5303
1995/12/2 0:00,0.66713,1.6588,0.706456,0.731529,0.1208072,0.0083542,0.615764,0.5331
1995/12/3 0:00,0.6733885999999999,1.663,0.727766,0.736106,0.1208062,0.007833799999999998,0.616523,0.5395
1995/12/4 0:00,0.6985186,1.658,0.7602608,0.727696,0.13266260000000002,0.008418,0.610501,0.5385
1995/12/5 0:00,0.7154885999999999,1.6585,0.7624152000000001,0.714541,0.172375,0.00863,0.602954,0.536
1995/12/6 0:00,0.7196499999999999,1.658,0.7734134,0.718391,0.141428,0.00863,0.603682,0.528
1995/12/7 0:00,0.71965,1.6568,0.7819112,0.716589,0.15327480000000002,0.00863,0.603865,0.5295
1995/12/8 0:00,0.7049986,1.6635,0.7462945999999999,0.719062,0.1414436,0.008361200000000001,0.604412,0.5378
1995/12/9 0:00,0.6525886000000001,1.6755,0.736574,0.728067,0.120811,0.0080952,0.613121,0.5385
1995/12/10 0:00,0.68117,1.6775,0.7359910000000001,0.727802,0.1208118,0.0080952,0.612182,0.5345
1995/12/11 0:00,0.6736386,1.672,0.7373335999999999,0.727431,0.120811,0.0080952,0.612933,0.539
1995/12/12 0:00,0.6715586,1.6677,0.7310454,0.720981,0.14143139999999998,0.0080002,0.615574,0.5412
1995/12/13 0:00,0.7338899999999999,1.6542,0.7652840000000001,0.718804,0.120806,0.008915399999999999,0.613874,0.537
1995/12/14 0:00,0.73249,1.654,0.7677457999999999,0.710934,0.120806,0.008754000000000001,0.61106,0.5325
1995/12/15 0:00,0.73249,1.6582,0.7677457999999999,0.709723,0.120805,0.008754,0.610874,0.5338
1995/12/16 0:00,0.72441,1.6613,0.7366808,0.71048,0.120806,0.0084328,0.5735064,0.5315
1995/12/17 0:00,0.72441,1.6522,0.7366808,0.706614,0.120799,0.0084328,0.5735064,0.5285
1995/12/18 0:00,0.72441,1.6485,0.7031267999999999,0.716178,0.120799,0.007948199999999999,0.5790993999999999,0.527
1995/12/19 0:00,0.72441,1.654,0.7170012,0.725531,0.120799,0.0084328,0.5735064,0.5245
1995/12/20 0:00,0.72441,1.6625,0.7171134,0.729927,0.120802,0.0084422,0.5736749999999999,0.5275
1995/12/21 0:00,0.5105246,1.6645,0.6524194000000001,0.731689,0.120804,0.0084422,0.5734742,0.464781
1995/12/22 0:00,0.5105246,1.6615,0.6524194000000001,0.729395,0.120806,0.0083972,0.5721350000000001,0.49295740000000005
1995/12/23 0:00,0.5949012,1.653,0.6936275999999999,0.726956,0.120809,0.0084422,0.5736102,0.5212138
1995/12/24 0:00,0.5949012,1.654,0.6936275999999999,0.732118,0.120809,0.008382400000000002,0.5736102,0.5212138
1995/12/25 0:00,0.5949012,1.658,0.6885619999999999,0.735132,0.120809,0.0083876,0.5736749999999999,0.5502737999999999
1995/12/26 0:00,0.5949012,1.667,0.6936275999999999,0.746491,0.120811,0.0084242,0.5733638,0.5212138000000001
1995/12/27 0:00,0.5949012,1.6835,0.6936275999999999,0.752162,0.120811,0.0083644,0.5720246,0.5212138000000001
1995/12/28 0:00,0.6204,1.6885,0.731261,0.749738,0.120806,0.008421799999999998,0.5726017999999999,0.5446500000000001
1995/12/29 0:00,0.6235,1.6853,0.73542,0.745434,0.120805,0.008421799999999998,0.5726017999999999,0.5446500000000001
1995/12/30 0:00,0.6187,1.6765,0.73542,0.743992,0.120805,0.008421799999999998,0.5726017999999999,0.5446500000000001
1995/12/31 0:00,0.6231,1.675,0.7517567999999999,0.741455,0.120806,0.008415200000000001,0.5727208,0.53493
1996/1/1 0:00,0.6211,1.6803,0.7517567999999999,0.74173,0.120806,0.008405600000000001,0.5729215999999999,0.53493
1996/1/2 0:00,0.617,1.68,0.73542,0.733676,0.120804,0.008405600000000001,0.5727207999999999,0.54854
1996/1/3 0:00,0.6145,1.6775,0.73542,0.732332,0.120799,0.008421799999999998,0.5726017999999999,0.5446500000000001
1996/1/4 0:00,0.6114,1.6767,0.73542,0.733676,0.120801,0.0084438,0.5743552000000001,0.5446500000000001
1996/1/5 0:00,0.611,1.6723,0.731996,0.726744,0.120795,0.008421799999999998,0.5726017999999999,0.53493
1996/1/6 0:00,0.607,1.6745,0.7509762,0.728863,0.120799,0.0084004,0.5727855999999999,0.56318
1996/1/7 0:00,0.6114,1.6836,0.731261,0.733676,0.120793,0.008421799999999998,0.5726017999999999,0.54871
1996/1/8 0:00,0.6129,1.6665,0.6967098,0.724375,0.120792,0.008421800000000002,0.5726017999999999,0.5295500000000001
1996/1/9 0:00,0.5083624,1.6628,0.6523676,0.728067,0.120789,0.008186200000000001,0.575084,0.40856459999999994
1996/1/10 0:00,0.5468328,1.658702,0.6746812,0.732123,0.120803,0.008923,0.5785306,0.4078544
1996/1/11 0:00,0.547783,1.657777,0.6725133999999999,0.730345,0.120798,0.009006,0.5748862,0.4078544
1996/1/12 0:00,0.5713906,1.654724,0.6920930000000001,0.719339,0.120746,0.00887,0.6654137999999999,0.5293482
1996/1/13 0:00,0.5477014,1.649213,0.6709387999999998,0.72136,0.120783,0.008961,0.5753307999999999,0.409377
1996/1/14 0:00,0.5496006,1.642054,0.6745601999999999,0.716249,0.120756,0.008967,0.5785306,0.4083378
1996/1/15 0:00,0.7799100000000001,1.637376,0.8237003999999999,0.715872,0.120823,0.009182,0.597693,0.61555
1996/1/16 0:00,0.5468328,1.631878,0.675226,0.720654,0.120805,0.008917,0.596067,0.4078544
1996/1/17 0:00,0.77657,1.650364,0.8234656000000001,0.735719,0.120838,0.008817,0.592101,0.6650946
1996/1/18 0:00,0.71216,1.652755,0.7669303999999999,0.733764,0.120822,0.008827,0.594567,0.4518274
1996/1/19 0:00,0.5116026,1.651038,0.6584634,0.725096,0.120768,0.008757,0.595441,0.4064666
1996/1/20 0:00,0.508953,1.652671,0.6617268000000001,0.724001,0.120807,0.008737,0.59451,0.4165666
1996/1/21 0:00,0.7799099999999999,1.654142,0.8176017999999999,0.727491,0.120825,0.008795,0.59441,0.6639246
1996/1/22 0:00,0.7129900000000001,1.647475,0.666097,0.719496,0.1220898,0.008817,0.595638,0.57468
1996/1/23 0:00,0.7129900000000001,1.652134,0.6707382,0.721457,0.1220898,0.008791,0.597894,0.69956
1996/1/24 0:00,0.6027912000000001,1.654556,0.658585,0.722921,0.1223622,0.008722,0.594999,0.5383908
1996/1/25 0:00,0.6027912000000001,1.657309,0.66035,0.723983,0.1223646,0.008793,0.592604,0.5383908
1996/1/26 0:00,0.6004908,1.658507,0.658226,0.72159,0.1223622,0.00877,0.594257,0.5209064
1996/1/27 0:00,0.5618612,1.649958,0.657526,0.713144,0.12237520000000002,0.008645,0.592132,0.44240820000000003
1996/1/28 0:00,0.5116120000000001,1.647557,0.655308,0.7160672,0.12233540000000001,0.008595,0.592003,0.44840080000000004
1996/1/29 0:00,0.5205246000000001,1.645655,0.662996,0.7053998,0.1228286,0.008622,0.592117,0.4606608
1996/1/30 0:00,0.6614708,1.640574,0.663419,0.6980920000000002,0.1228348,0.008689,0.591495,0.5639708
1996/1/31 0:00,0.7553300000000001,1.76616,0.660914,0.7765566,0.12296460000000001,0.008914,0.5931,0.5766652
1996/2/1 0:00,0.75437,1.6270348,0.660962,0.7613814,0.1208084,0.008887,0.593355,0.60546
1996/2/2 0:00,0.75499,1.674266,0.670105,0.7573626000000001,0.1229566,0.008923,0.6137636,0.6049652
1996/2/3 0:00,0.7286431999999999,1.7122510000000002,0.672604,0.740291,0.12562120000000002,0.008835,0.6824598,0.69633
1996/2/4 0:00,0.79152,1.8512975999999999,0.672089,0.7474114,0.1278244,0.008751,0.6654172,0.70495
1996/2/5 0:00,0.7477943999999999,1.9214841999999996,0.669502,0.7470634,0.1278574,0.008743,0.6364107999999999,0.71648
1996/2/6 0:00,0.7477944000000001,1.9286041999999999,0.669501,0.6889436,0.1278574,0.008736,0.6652104,0.71057
1996/2/7 0:00,0.80512,1.8778,0.671592,0.7056433999999999,0.127845,0.008719,0.6877184,0.7089300000000001
1996/2/8 0:00,0.8011199999999998,1.9214841999999996,0.669995,0.7474114000000001,0.1278574,0.008745,0.6364107999999999,0.71648
1996/2/9 0:00,0.79647,1.8623,0.669032,0.7000414,0.1252294,0.008648,0.6880993999999999,0.70804
1996/2/10 0:00,0.7367,1.82121,0.667156,0.7543902000000001,0.125315,0.008475,0.589156,0.54826
1996/2/11 0:00,0.6721804,1.7694499999999997,0.666978,0.720675,0.120682,0.008405,0.5968518,0.5722400000000001
1996/2/12 0:00,0.6371804000000001,1.6915300000000002,0.672159,0.7290430000000001,0.1207978,0.008345,0.5732683999999999,0.5223500000000001
1996/2/13 0:00,0.7244818000000001,1.87452,0.671006,0.800995,0.125568,0.008262,0.634417,0.5043
1996/2/14 0:00,0.6347212,1.6636,0.66856,0.7177668,0.12080419999999999,0.008306,0.5693536,0.5072715999999999
1996/2/15 0:00,0.7662417999999999,1.9700900000000001,0.668649,0.7993315999999999,0.1230708,0.008244,0.5864752,0.5155200000000001
1996/2/16 0:00,0.7677414,2.05317,0.667423,0.7555493999999999,0.1284722,0.008197,0.5812632000000001,0.482723
1996/2/17 0:00,0.6707508000000001,1.79739,0.664542,0.7260416000000001,0.1230526,0.008385,0.5727706,0.4863308
1996/2/18 0:00,0.8011699999999999,1.94115,0.663527,0.7415256,0.12765100000000001,0.00843,0.5996772,0.5729599999999999
1996/2/19 0:00,0.6371804000000001,1.6962700000000002,0.656708,0.7307111999999999,0.1230294,0.008349,0.5750898,0.52235
1996/2/20 0:00,0.6347212,1.67518,0.657566,0.7177668,0.12080419999999999,0.008305,0.5693536,0.5336000000000001
1996/2/21 0:00,0.77826,2.05317,0.654944,0.7555494000000001,0.1270492,0.008221,0.6334670000000001,0.496363
1996/2/22 0:00,0.6176134,1.5496,0.6555,0.6648476000000001,0.1518194,0.008096,0.5900074,0.455326
1996/2/23 0:00,0.5950850000000001,1.8496700000000001,0.659283,0.6701792,0.135757,0.008159,0.5651596,0.4533722
1996/2/24 0:00,0.79612,2.05317,0.659914,0.7555494,0.12774780000000002,0.008215,0.6150368,0.48282299999999995
1996/2/25 0:00,0.8194699999999999,2.0560899999999998,0.659239,0.7984380000000001,0.1262356,0.008236,0.6028118000000001,0.5155200000000001
1996/2/26 0:00,0.6371804000000001,1.6915300000000002,0.655883,0.7307111999999999,0.12079780000000002,0.008346,0.5732683999999999,0.5223500000000001
1996/2/27 0:00,0.6379604000000001,1.6977499999999999,0.657077,0.7082702,0.12304540000000001,0.008356,0.5732616,0.53203
1996/2/28 0:00,0.7251404000000001,1.7694500000000002,0.656188,0.7305187999999999,0.1253354,0.008398,0.5991548,0.5435936
1996/2/29 0:00,0.6868706,1.6021536,0.654664,0.7482484,0.12081440000000002,0.008492,0.573446,0.525404
1996/3/1 0:00,0.68223,1.6432099999999998,0.654171,0.7492174,0.12081439999999999,0.008488,0.5722408000000001,0.52121
1996/3/2 0:00,0.8336600000000001,1.69132,0.657225,0.7496341999999999,0.12081040000000001,0.008458,0.5904988,0.5747500000000001
1996/3/3 0:00,0.6949599999999999,1.70776,0.658354,0.7609218,0.1208146,0.008507,0.6062168,0.54826
1996/3/4 0:00,0.71465,1.6174400000000002,0.659869,0.7558212,0.120811,0.008542,0.576373,0.66029
1996/3/5 0:00,0.7367,1.7602900000000001,0.663769,0.7553918000000001,0.12308839999999999,0.008469,0.5982596,0.5444800000000001
1996/3/6 0:00,0.7367,1.8380299999999998,0.663679,0.7543901999999999,0.1253144,0.008474,0.589156,0.54826
1996/3/7 0:00,0.69496,1.69558,0.665071,0.7577494,0.12301959999999998,0.00853,0.576373,0.5763199999999999
1996/3/8 0:00,0.7367,1.76029,0.662098,0.7551122,0.12308839999999999,0.00847,0.5980272,0.54494
1996/3/9 0:00,0.6073736000000001,1.65932,0.660566,0.7205364,0.12311559999999999,0.00832,0.5713718,0.48310639999999994
1996/3/10 0:00,0.6371804000000001,1.6962700000000002,0.661047,0.7307111999999999,0.1230294,0.008352,0.5733708,0.52451
1996/3/11 0:00,0.5499682,1.5818201999999997,0.661025,0.6636322,0.12078739999999999,0.0082754,0.5872934,0.48627159999999997
1996/3/12 0:00,0.6279236,1.6171734,0.662868,0.6416654,0.1207956,0.008245599999999999,0.5821316000000001,0.5255782
1996/3/13 0:00,0.6382688,1.5547972,0.665912,0.6707728,0.1207918,0.008001999999999999,0.5860138,0.5170589999999999
1996/3/14 0:00,0.6014392,1.5167426000000002,0.666778,0.6107172000000001,0.120783,0.008181999999999998,0.586727,0.4724998
1996/3/15 0:00,0.638017,1.6266604,0.665625,0.6639874000000001,0.12080520000000002,0.008180799999999998,0.5964107999999999,0.512383
1996/3/16 0:00,0.628148,1.5638744,0.666134,0.6607124,0.12078739999999999,0.007896999999999998,0.5862924,0.4945582
1996/3/17 0:00,0.624907,1.5723878,0.667356,0.6664814,0.1207986,0.008095799999999998,0.5870672,0.4909656
1996/3/18 0:00,0.63004,1.5098708,0.665779,0.6759111999999999,0.12587980000000001,0.007716200000000001,0.586946,0.5098252
1996/3/19 0:00,0.635001,1.5928280000000001,0.669254,0.6317404,0.1207786,0.0084972,0.591728,0.5042116
1996/3/20 0:00,0.637088,1.6012326,0.671297,0.6284013999999999,0.12080740000000001,0.008499199999999998,0.5973841999999999,0.5069125999999999
1996/3/21 0:00,0.637645,1.615034,0.669904,0.6513686,0.120802,0.008536,0.5966851999999999,0.5093122
1996/3/22 0:00,0.636543,1.6280399999999997,0.670849,0.7017324,0.1208138,0.008553,0.6002751999999999,0.539595
1996/3/23 0:00,0.647493,1.5356100000000001,0.673354,0.60073,0.1208102,0.0086844,0.5760758,0.545693
1996/3/24 0:00,0.651647,1.5333,0.674289,0.5721802,0.1208214,0.0085496,0.573592,0.549023
1996/3/25 0:00,0.647607,1.52457,0.671366,0.6170846,0.1208132,0.008396599999999999,0.5734864,0.548461
1996/3/26 0:00,0.647021,1.5292100000000002,0.67195,0.6263014,0.12081840000000002,0.0085414,0.5743128000000001,0.547042
1996/3/27 0:00,0.650999,1.52457,0.674971,0.6004698,0.1208136,0.0085694,0.5748445999999999,0.547924
1996/3/28 0:00,0.651675,1.5333,0.676849,0.5652312,0.120808,0.0083788,0.5748446,0.548267
1996/3/29 0:00,0.648596,1.52457,0.676538,0.596617,0.1208062,0.0083788,0.5748445999999999,0.54758
1996/3/30 0:00,0.650231,1.5333,0.675977,0.5868526000000001,0.12080679999999999,0.0083428,0.573592,0.548963
1996/3/31 0:00,0.654669,1.6147,0.677277,0.5994782000000001,0.12032200000000001,0.008369600000000001,0.6012104,0.551296
1996/4/1 0:00,0.658612,1.610534,0.681871,0.6953808,0.1198366,0.0089418,0.6806783999999999,0.55584
1996/4/2 0:00,0.662386,1.609318,0.686197,0.7999418,0.1191692,0.008607600000000002,0.6817958,0.559763
1996/4/3 0:00,0.665492,1.607571,0.689624,0.7638272,0.1195616,0.008485000000000001,0.6817958,0.561217
1996/4/4 0:00,0.663657,1.620789,0.68793,0.7167974,0.12013239999999999,0.0078264,0.6432026,0.559189
1996/4/5 0:00,0.662079,1.632903,0.686333,0.7596565999999999,0.1257562,0.008785999999999999,0.582819,0.557464
1996/4/6 0:00,0.668629,1.638925,0.686676,0.7397262,0.14695000000000003,0.0082446,0.5969006,0.563655
1996/4/7 0:00,0.670714,1.635065,0.685867,0.731253,0.1414836,0.008631,0.5918696000000001,0.560951
1996/4/8 0:00,0.66932,1.629441,0.685484,0.7623754,0.151957,0.00806,0.614202,0.561133
1996/4/9 0:00,0.670533,1.622042,0.687934,0.7626153999999999,0.15195699999999998,0.0078718,0.6422408000000001,0.562507
1996/4/10 0:00,0.667579,1.620138,0.684625,0.665203,0.1520824,0.0078622,0.5760742,0.560115
1996/4/11 0:00,0.668716,1.618673,0.68539,0.662865,0.120818,0.008421799999999998,0.5731562,0.560554
1996/4/12 0:00,0.665448,1.617281,0.683495,0.663878,0.120794,0.008421799999999998,0.5726017999999999,0.557893
1996/4/13 0:00,0.666222,1.619166,0.684859,0.665912,0.120786,0.008421799999999998,0.5726018,0.55913
1996/4/14 0:00,0.670802,1.620273,0.684971,0.665802,0.12078,0.008421799999999998,0.5726017999999999,0.561826
1996/4/15 0:00,0.66315,1.616896,0.68197,0.664851,0.12079,0.008421799999999998,0.5726017999999999,0.552322
1996/4/16 0:00,0.661464,1.61165,0.681995,0.662909,0.120806,0.008421799999999998,0.5726017999999999,0.548495
1996/4/17 0:00,0.660267,1.601173,0.684687,0.658887,0.120807,0.008421800000000002,0.5726017999999999,0.545207
1996/4/18 0:00,0.657851,1.602069,0.685299,0.663172,0.120794,0.008421799999999998,0.5726017999999999,0.543745
1996/4/19 0:00,0.649029,1.595526,0.679299,0.657552,0.120823,0.008421800000000002,0.5731562,0.533903
1996/4/20 0:00,0.648524,1.595653,0.678395,0.65522,0.120805,0.008421800000000002,0.5726017999999999,0.53545
1996/4/21 0:00,0.652736,1.602499,0.679212,0.655335,0.120763,0.008421799999999998,0.5726017999999999,0.535804
1996/4/22 0:00,0.649607,1.603269,0.677251,0.654466,0.120786,0.008421799999999998,0.5726017999999999,0.53437
1996/4/23 0:00,0.641113,1.610352,0.674014,0.656903,0.120771,0.008421799999999998,0.5726017999999999,0.529141
1996/4/24 0:00,0.644317,1.607955,0.675765,0.651283,0.12079,0.008481800000000001,0.579551,0.536247
1996/4/25 0:00,0.647551,1.606159,0.677347,0.650755,0.120795,0.008695199999999998,0.579338,0.525368
1996/4/26 0:00,0.65565,1.608355,0.679935,0.650595,0.120785,0.0088772,0.579078,0.532109
1996/4/27 0:00,0.658325,1.601595,0.679294,0.648421,0.120786,0.008437400000000001,0.579631,0.531876
1996/4/28 0:00,0.659592,1.606532,0.679889,0.655539,0.120845,0.008898399999999999,0.584097,0.530867
1996/4/29 0:00,0.657954,1.599878,0.679256,0.655711,0.120784,0.0086294,0.584127,0.533262
1996/4/30 0:00,0.662668,1.59986,0.684632,0.656191,0.120781,0.0084818,0.582979,0.535806
1996/5/1 0:00,0.664807,1.610598,0.685224,0.658501,0.120789,0.0084576,0.584546,0.540308
1996/5/2 0:00,0.663991,1.608832,0.685299,0.653688,0.120758,0.0086698,0.583684,0.539083
1996/5/3 0:00,0.658567,1.592778,0.683237,0.652583,0.120816,0.0084638,0.584956,0.535931
1996/5/4 0:00,0.656455,1.587821,0.685473,0.646026,0.120804,0.0084446,0.586769,0.534102
1996/5/5 0:00,0.658461,1.593407,0.684394,0.646922,0.120784,0.008438200000000002,0.587859,0.534835
1996/5/6 0:00,0.652882,1.592483,0.682762,0.649468,0.120829,0.008424599999999999,0.584801,0.531635
1996/5/7 0:00,0.651136,1.589233,0.679389,0.64653,0.120791,0.007688,0.585489,0.530161
1996/5/8 0:00,0.653887,1.589247,0.680749,0.646804,0.120829,0.0071704,0.588727,0.530905
1996/5/9 0:00,0.656749,1.578158,0.678613,0.64631,0.120841,0.0074962,0.587862,0.533864
1996/5/10 0:00,0.658108,1.584557,0.680016,0.649854,0.120839,0.008438200000000002,0.587554,0.536736
1996/5/11 0:00,0.662229,1.590194,0.68357,0.653537,0.120819,0.008438200000000002,0.587358,0.535185
1996/5/12 0:00,0.658068,1.582439,0.681027,0.648615,0.120774,0.0079386,0.586668,0.533849
1996/5/13 0:00,0.657308,1.579097,0.677645,0.644941,0.1208148,0.0074962,0.587126,0.530764
1996/5/14 0:00,0.661136,1.57519,0.679076,0.643473,0.12081739999999999,0.007151,0.587275,0.529424
1996/5/15 0:00,0.67024,1.580012,0.68269,0.637836,0.141762,0.0071704,0.589115,0.533956
1996/5/16 0:00,0.665912,1.5754,0.681933,0.636723,0.141753,0.0071688,0.589203,0.529371
1996/5/17 0:00,0.666001,1.569664,0.681515,0.638972,0.14175300000000002,0.0071730000000000006,0.589219,0.529811
1996/5/18 0:00,0.664342,1.560125,0.680749,0.637331,0.152225,0.0071688,0.589514,0.526684
1996/5/19 0:00,0.665424,1.557452,0.680479,0.635907,0.16270120000000002,0.007161000000000001,0.588482,0.524122
1996/5/20 0:00,0.664939,1.552024,0.679112,0.634041,0.1312876,0.008124600000000001,0.5811156000000001,0.527073
1996/5/21 0:00,0.662647,1.554702,0.67488,0.631476,0.1261296,0.007973000000000001,0.5839062,0.524477
1996/5/22 0:00,0.659084,1.55621,0.674334,0.634467,0.1261254,0.0087738,0.6096641999999999,0.522508
1996/5/23 0:00,0.658801,1.563409,0.675762,0.636694,0.1261738,0.0078744,0.5813506000000002,0.523003
1996/5/24 0:00,0.663023,1.566658,0.674784,0.636468,0.1261738,0.008552399999999998,0.6128007999999999,0.524925
1996/5/25 0:00,0.660634,1.56314,0.674245,0.634874,0.120794,0.008421799999999998,0.5726017999999999,0.523942
1996/5/26 0:00,0.65084,1.562149,0.670555,0.635185,0.120797,0.0084468,0.5741797999999999,0.520362
1996/5/27 0:00,0.647703,1.570278,0.670042,0.648777,0.120825,0.008421800000000002,0.5731562,0.521524
1996/5/28 0:00,0.648027,1.575828,0.666223,0.654917,0.120798,0.008421799999999998,0.5726017999999999,0.527822
1996/5/29 0:00,0.647112,1.585595,0.66589,0.653912,0.120823,0.008421799999999998,0.5731562,0.527173
1996/5/30 0:00,0.647745,1.578034,0.663549,0.654438,0.120808,0.008421800000000002,0.5726017999999999,0.532259
1996/5/31 0:00,0.647371,1.591162,0.662472,0.663548,0.120811,0.008421800000000002,0.5726017999999999,0.526726
1996/6/1 0:00,0.644606,1.589558,0.661116,0.664209,0.120792,0.008421799999999998,0.5726017999999999,0.523829
1996/6/2 0:00,0.644353,1.594834,0.662277,0.665779,0.120756,0.008421800000000002,0.5726017999999999,0.52352
1996/6/3 0:00,0.649734,1.613642,0.663064,0.670536,0.120847,0.008421799999999998,0.5731562,0.528086
1996/6/4 0:00,0.651944,1.61977,0.664144,0.670306,0.12085,0.008421799999999998,0.5731562,0.531111
1996/6/5 0:00,0.653914,1.617114,0.668786,0.667802,0.120764,0.0083134,0.5726017999999999,0.533237
1996/6/6 0:00,0.658612,1.620711,0.671165,0.672924,0.120767,0.0083302,0.5726017999999999,0.536333
1996/6/7 0:00,0.654207,1.619083,0.669254,0.674492,0.1208,0.008421799999999998,0.5726017999999999,0.532121
1996/6/8 0:00,0.652839,1.616118,0.664916,0.67288,0.120839,0.00873,0.5741962,0.529234
1996/6/9 0:00,0.653399,1.605838,0.664959,0.668539,0.120793,0.008668,0.5741962,0.529455
1996/6/10 0:00,0.651942,1.618911,0.666667,0.671658,0.120801,0.008737,0.5741962,0.527609
1996/6/11 0:00,0.648375,1.609916,0.671296,0.66518,0.120827,0.008689,0.5741962,0.528538
1996/6/12 0:00,0.649831,1.60872,0.673672,0.66359,0.120809,0.00864,0.5741962,0.529886
1996/6/13 0:00,0.651627,1.60438,0.676457,0.659454,0.12082,0.008649,0.5741962,0.530158
1996/6/14 0:00,0.649448,1.601211,0.67488,0.659352,0.120761,0.008712,0.5741962,0.527409
1996/6/15 0:00,0.649468,1.603828,0.675999,0.657275,0.12077,0.008753,0.5741962,0.525064
1996/6/16 0:00,0.647238,1.601236,0.674309,0.656818,0.120793,0.008909,0.5741962,0.533764
1996/6/17 0:00,0.636497,1.619159,0.669568,0.665868,0.120803,0.009,0.5741962,0.53401
1996/6/18 0:00,0.639425,1.61356,0.668831,0.666912,0.120784,0.008978,0.5741962,0.533397
1996/6/19 0:00,0.63578,1.608289,0.8100978,0.660462,0.12083,0.008952,0.5693465999999999,0.530911
1996/6/20 0:00,0.636659,1.594515,0.8095652,0.656283,0.120837,0.00896,0.5706256,0.527229
1996/6/21 0:00,0.634134,1.587179,0.6880951999999999,0.652844,0.120772,0.008991,0.5715496,0.515786
1996/6/22 0:00,0.630141,1.587304,0.659993,0.651434,0.120778,0.008946,0.5759491999999999,0.511326
1996/6/23 0:00,0.632954,1.588815,0.6606498000000001,0.653557,0.120753,0.008951,0.5816003999999999,0.513165
1996/6/24 0:00,0.632851,1.588133,0.6867738,0.652191,0.120788,0.008995,0.570914,0.513105
1996/6/25 0:00,0.638024,1.607652,0.8096772,0.6614,0.120829,0.009146,0.5706256000000001,0.516696
1996/6/26 0:00,0.638571,1.602186,0.6879237999999999,0.660719,0.120794,0.009153,0.5719556000000001,0.51448
1996/6/27 0:00,0.64548,1.608332,0.6879237999999999,0.669702,0.120813,0.009159,0.570914,0.518912
1996/6/28 0:00,0.646891,1.604382,0.695295,0.663415,0.120796,0.009075,0.570914,0.517901
1996/6/29 0:00,0.646819,1.604881,0.6880951999999999,0.661924,0.120786,0.009007,0.570914,0.526421
1996/6/30 0:00,0.649043,1.618157,0.8100978,0.662009,0.120827,0.009014,0.5706256,0.528058
1996/7/1 0:00,0.652097,1.633246,0.6990996,0.659048,0.120762,0.009259,0.570914,0.532486
1996/7/2 0:00,0.8560216,1.616016,0.678262,0.647786,0.12083,0.009168,0.6165328,0.534077
1996/7/3 0:00,0.849388,1.61038,0.68034,0.648043,0.15743040000000003,0.009428,0.7876798,0.53547
1996/7/4 0:00,0.868765,1.608292,0.678972,0.649101,0.1574304,0.009491,0.7876797999999999,0.52948
1996/7/5 0:00,0.8904675999999998,1.612675,0.677511,0.647722,0.16457139999999998,0.009643,0.7867028,0.524126
1996/7/6 0:00,0.8884838,1.624415,0.677575,0.649594,0.16468339999999998,0.009525,0.7876798,0.523899
1996/7/7 0:00,0.849388,1.621561,0.678494,0.648202,0.15743040000000003,0.009345,0.7876797999999999,0.52638
1996/7/8 0:00,0.849388,1.622626,0.676133,0.648451,0.15743040000000003,0.009402,0.7876798,0.521973
1996/7/9 0:00,0.7910432000000001,1.631875,0.679188,0.652228,0.14872760000000002,0.009533,0.588138,0.525926
1996/7/10 0:00,0.7910432000000001,1.637028,0.680834,0.655224,0.160144,0.009619,0.585236,0.524714
1996/7/11 0:00,0.7910432000000001,1.636674,0.678235,0.649623,0.1450712,0.009595,0.582144,0.521071
1996/7/12 0:00,0.7910432000000001,1.643368,0.678678,0.65401,0.1502956,0.009599,0.585064,0.518686
1996/7/13 0:00,0.7910432,1.646343,0.679263,0.650586,0.1450712,0.009424,0.586563,0.516237
1996/7/14 0:00,0.7910432,1.649923,0.682442,0.6568,0.1450712,0.009419,0.58344,0.512748
1996/7/15 0:00,0.7910432,1.642027,0.683132,0.663771,0.1602676,0.009362,0.585379,0.518208
1996/7/16 0:00,0.7910432,1.646499,0.680272,0.665092,0.1504192,0.009359,0.588353,0.517586
1996/7/17 0:00,0.7910432000000001,1.653732,0.678802,0.672743,0.160144,0.009509,0.590198,0.516301
1996/7/18 0:00,0.7910432,1.655214,0.680365,0.672741,0.160144,0.009399,0.592492,0.522896
1996/7/19 0:00,0.7910432,1.652233,0.680716,0.672062,0.1502956,0.009348,0.597611,0.523458
1996/7/20 0:00,0.660324,1.655463,0.680367,0.672605,0.1672984,0.009296,0.595793,0.522264
1996/7/21 0:00,0.660635,1.653284,0.679739,0.673329,0.1672984,0.009294,0.595023,0.518682
1996/7/22 0:00,0.654362,1.651717,0.678157,0.667045,0.16754560000000002,0.009321,0.594127,0.515004
1996/7/23 0:00,0.656109,1.652747,0.677695,0.674759,0.167239,0.009403,0.596044,0.517997
1996/7/24 0:00,0.65001,1.652338,0.674926,0.676469,0.1671796,0.009314,0.593459,0.511409
1996/7/25 0:00,0.650039,1.65821,0.674405,0.679666,0.167239,0.009359,0.595071,0.511346
1996/7/26 0:00,0.647889,1.669894,0.7585903999999999,0.685567,0.13055899999999998,0.009491,0.596598,0.511095
1996/7/27 0:00,0.644191,1.670903,0.7585903999999999,0.683998,0.1253928,0.009535,0.596993,0.508435
1996/7/28 0:00,0.649166,1.672155,0.6599072,0.681128,0.1517812,0.0079426,0.597407,0.510692
1996/7/29 0:00,0.646037,1.664086,0.6466974000000001,0.676473,0.16206340000000002,0.0077434,0.597504,0.513736
1996/7/30 0:00,0.647554,1.677174,0.6558268,0.679362,0.1517812,0.0077916,0.598658,0.514618
1996/7/31 0:00,0.649994,1.657325,0.642118,0.667579,0.152089,0.008127599999999999,0.600481,0.516226
1996/8/1 0:00,0.65113,1.663368,0.6425409999999999,0.667423,0.152089,0.007832,0.602022,0.514971
1996/8/2 0:00,0.650403,1.65317,0.6418808,0.661159,0.162554,0.0083714,0.600277,0.514268
1996/8/3 0:00,0.643837,1.64692,0.6489136000000001,0.658326,0.1727712,0.0086288,0.597906,0.508255
1996/8/4 0:00,0.645851,1.6401,0.6505358,0.656037,0.1623058,0.0086476,0.59982,0.510799
1996/8/5 0:00,0.63732,1.6435,0.6617102000000001,0.655738,0.1623058,0.0084362,0.601395,0.507638
1996/8/6 0:00,0.638093,1.640966,0.6617102000000001,0.653912,0.1623058,0.008378199999999999,0.60286,0.508641
1996/8/7 0:00,0.640702,1.644487,0.6617102,0.653685,0.1623058,0.008583799999999999,0.600493,0.510067
1996/8/8 0:00,0.644007,1.643622,0.6607198000000001,0.651587,0.1623058,0.008628799999999999,0.598491,0.51188
1996/8/9 0:00,0.638355,1.639632,0.8096772,0.648283,0.120815,0.008112000000000001,0.600096,0.515428
1996/8/10 0:00,0.638593,1.61914,0.8096772,0.644284,0.1208,0.008112000000000001,0.598277,0.512838
1996/8/11 0:00,0.636983,1.615811,0.8095723999999999,0.644062,0.120804,0.008112000000000001,0.598982,0.510442
1996/8/12 0:00,0.638318,1.620724,0.8096772,0.646945,0.120788,0.008112000000000001,0.598527,0.509604
1996/8/13 0:00,0.640064,1.625238,0.8095723999999999,0.649925,0.120758,0.008112000000000001,0.596764,0.511636
1996/8/14 0:00,0.643096,1.614997,0.8096772,0.641821,0.120818,0.008112000000000001,0.600012,0.5158
1996/8/15 0:00,0.646561,1.622736,0.8096772,0.642926,0.120844,0.008112000000000001,0.600733,0.520971
1996/8/16 0:00,0.64172,1.616805,0.6932892,0.643606,0.12053339999999998,0.0086754,0.598718,0.51877
1996/8/17 0:00,0.639765,1.623574,0.6704426000000001,0.648298,0.12079880000000001,0.0089708,0.599005,0.51404
1996/8/18 0:00,0.640156,1.616366,0.6916513999999999,0.643574,0.1205254,0.0084266,0.598348,0.513224
1996/8/19 0:00,0.638694,1.617101,0.6916513999999999,0.643459,0.12051940000000001,0.0084266,0.599257,0.509629
1996/8/20 0:00,0.637129,1.62096,0.6803644,0.645216,0.1206488,0.0084266,0.599114,0.511031
1996/8/21 0:00,0.635953,1.62404,0.6674084,0.64147,0.12079360000000001,0.008426600000000001,0.599041,0.510886
1996/8/22 0:00,0.633171,1.609789,0.6683718,0.635942,0.1206642,0.0084266,0.60006,0.510799
1996/8/23 0:00,0.635729,1.615102,0.6923772,0.637644,0.12052539999999998,0.0084266,0.598205,0.513891
1996/8/24 0:00,0.635302,1.605561,0.6818866000000001,0.632958,0.12052840000000001,0.0084338,0.598385,0.511146
1996/8/25 0:00,0.636723,1.601802,0.6929424,0.630031,0.1203802,0.0084338,0.595013,0.514158
1996/8/26 0:00,0.636393,1.595341,0.6792634,0.629001,0.12051419999999999,0.008432199999999999,0.594648,0.510517
1996/8/27 0:00,0.635468,1.596757,0.6903151999999999,0.627811,0.12051420000000002,0.008432199999999999,0.595182,0.510002
1996/8/28 0:00,0.633285,1.597035,0.6793777999999999,0.627069,0.12051420000000002,0.0084354,0.592729,0.507568
1996/8/29 0:00,0.633524,1.600712,0.6898032000000001,0.62806,0.1203802,0.008438400000000002,0.59424,0.505124
1996/8/30 0:00,0.634253,1.623649,0.6686046,0.641364,0.12064880000000003,0.008511000000000001,0.594977,0.505718
1996/8/31 0:00,0.635716,1.622557,0.6674084,0.639566,0.12051940000000001,0.0084312,0.595922,0.507277
1996/9/1 0:00,0.637744,1.624328,0.6657404,0.640577,0.12079360000000001,0.008229199999999999,0.595262,0.508778
1996/9/2 0:00,0.640056,1.623829,0.6657404,0.635549,0.12066080000000001,0.0084294,0.596223,0.507686
1996/9/3 0:00,0.636682,1.622665,0.6674084,0.634822,0.1205262,0.0082512,0.597041,0.493928
1996/9/4 0:00,0.633388,1.623368,0.6656412,0.632164,0.1205262,0.008541799999999999,0.596388,0.491575
1996/9/5 0:00,0.635723,1.611084,0.6664662,0.628956,0.12079740000000001,0.0082472,0.595084,0.495225
1996/9/6 0:00,0.635653,1.608077,0.6674084,0.629411,0.12079740000000001,0.008541799999999999,0.596337,0.492363
1996/9/7 0:00,0.642531,1.613205,0.6907806,0.634656,0.1205254,0.008426600000000001,0.596776,0.508516
1996/9/8 0:00,0.642187,1.607766,0.6676002000000001,0.629226,0.12064320000000002,0.008438399999999999,0.597121,0.506613
1996/9/9 0:00,0.641799,1.604023,0.6929424000000001,0.629059,0.1205162,0.0081992,0.599102,0.504516
1996/9/10 0:00,0.643887,1.609616,0.6698415999999999,0.631247,0.12066099999999999,0.008246599999999998,0.598623,0.513722
1996/9/11 0:00,0.644362,1.605333,0.6908754000000001,0.630073,0.1205162,0.008433800000000002,0.600096,0.512382
1996/9/12 0:00,0.645153,1.616016,0.6948200000000001,0.634115,0.12053339999999998,0.0084266,0.598169,0.515821
1996/9/13 0:00,0.643032,1.6153,0.6957525999999999,0.630842,0.1205186,0.0084266,0.598718,0.515331
1996/9/14 0:00,0.650494,1.616268,0.6978542000000001,0.625916,0.1205124,0.007737799999999999,0.600901,0.520654
1996/9/15 0:00,0.653761,1.611572,0.6957284,0.624836,0.12076920000000002,0.0075385999999999995,0.600024,0.522398
1996/9/16 0:00,0.657118,1.615811,0.6957284,0.627771,0.1205124,0.0075385999999999995,0.6006,0.522598
1996/9/17 0:00,0.656404,1.635972,0.6787818000000001,0.642394,0.1207994,0.0087098,0.604973,0.519489
1996/9/18 0:00,0.655218,1.641833,0.6686859999999999,0.644044,0.1518462,0.008247599999999999,0.604167,0.517872
1996/9/19 0:00,0.654365,1.647577,0.6681946000000001,0.643445,0.1518462,0.008628799999999999,0.600312,0.514888
1996/9/20 0:00,0.655656,1.638863,0.6733832000000001,0.640346,0.120807,0.008306,0.602082,0.516582
1996/9/21 0:00,0.656363,1.637846,0.6729764,0.636543,0.12079740000000001,0.0083644,0.601987,0.516728
1996/9/22 0:00,0.657374,1.64914,0.6681946,0.641054,0.1521078,0.008628799999999999,0.599413,0.517026
1996/9/23 0:00,0.657851,1.646524,0.7063614,0.7001065999999999,0.120532,0.0080586,0.599245,0.518323
1996/9/24 0:00,0.668294,1.649633,0.6974564000000001,0.6972413999999999,0.13104500000000002,0.008115800000000001,0.598838,0.524324
1996/9/25 0:00,0.6666,1.63667,0.7147893999999999,0.7648692,0.1258538,0.0086824,0.596848,0.520944
1996/9/26 0:00,0.663813,1.631286,0.7082042,0.6949251999999999,0.1205314,0.0081532,0.597635,0.516995
1996/9/27 0:00,0.664098,1.636883,0.7149645999999998,0.742832,0.12595099999999998,0.0084562,0.598195,0.517491
1996/9/28 0:00,0.664232,1.644252,0.7025089999999999,0.711331,0.1203422,0.0079364,0.596099,0.515964
1996/9/29 0:00,0.666711,1.654148,0.6754128,0.7031402000000001,0.1206074,0.008048999999999999,0.596563,0.513171
1996/9/30 0:00,0.663331,1.651196,0.6801036,0.7149673999999999,0.12080419999999999,0.0082804,0.596718,0.51034
1996/10/1 0:00,0.654038,1.652015,0.6912420000000001,0.7323958,0.12080679999999999,0.008653600000000001,0.594852,0.506481
1996/10/2 0:00,0.654083,1.649383,0.6688416,0.7138894,0.1206632,0.008557200000000001,0.593216,0.507457
1996/10/3 0:00,0.650299,1.638737,0.6752738,0.7106318,0.12067140000000001,0.0084176,0.590488,0.506867
1996/10/4 0:00,0.654721,1.636224,0.6867553999999999,0.7891258,0.1259486,0.0089618,0.591743,0.506946
1996/10/5 0:00,0.627544,1.621043,0.6956612000000001,0.7054384,0.12038799999999998,0.0080538,0.585847,0.486354
1996/10/6 0:00,0.638465,1.618954,0.6724284,0.7079808,0.12053100000000001,0.0080844,0.587779,0.495396
1996/10/7 0:00,0.631356,1.614749,0.6934282,0.727827,0.12053100000000001,0.008170400000000001,0.589115,0.490443
1996/10/8 0:00,0.636421,1.606045,0.692654,0.7316594000000001,0.1259474,0.0088658,0.58864,0.490024
1996/10/9 0:00,0.638919,1.603244,0.694304,0.7640728,0.1259474,0.0088014,0.59,0.497389
1996/10/10 0:00,0.632451,1.589904,0.691186,0.7760788000000001,0.1259282,0.0082512,0.591436,0.494729
1996/10/11 0:00,0.634327,1.591658,0.691802,0.7857777999999999,0.12594,0.0082512,0.590405,0.493803
1996/10/12 0:00,0.634978,1.609616,0.69133,0.6945309999999999,0.1259474,0.0082512,0.58928,0.494046
1996/10/13 0:00,0.634356,1.611775,0.692606,0.6834344,0.1259474,0.0082184,0.591686,0.49159
1996/10/14 0:00,0.632524,1.605712,0.689655,0.742756,0.1259474,0.0088012,0.591288,0.493751
1996/10/15 0:00,0.628056,1.591529,0.689292,0.7857778,0.12592180000000003,0.009012000000000001,0.590113,0.491759
1996/10/16 0:00,0.628685,1.588886,0.687543,0.7520182,0.1258946,0.0092356,0.589497,0.487215
1996/10/17 0:00,0.6312086,1.595213,0.685983,0.8778067999999999,0.13618840000000001,0.0102996,0.589408,0.487666
1996/10/18 0:00,0.6354396,1.604311,0.68924,0.8347849999999999,0.1361958,0.0091348,0.586561,0.490335
1996/10/19 0:00,0.6354396,1.605176,0.688266,0.7446539999999999,0.1259452,0.0088012,0.586201,0.493485
1996/10/20 0:00,0.6327558,1.597973,0.68893,0.8778068000000001,0.136187,0.010032,0.58699,0.49138
1996/10/21 0:00,0.6340494,1.599866,0.687677,0.9244894,0.1361962,0.009612599999999999,0.585956,0.490461
1996/10/22 0:00,0.6702763999999999,1.617566,0.685062,0.6146611999999999,0.1259398,0.0088534,0.584899,0.49242
1996/10/23 0:00,0.759954,1.605561,0.683352,0.8086325999999999,0.1223012,0.008998,0.583324,0.486959
1996/10/24 0:00,0.759954,1.598021,0.68316,0.8086325999999999,0.1223012,0.009034,0.583265,0.485357
1996/10/25 0:00,0.759954,1.592341,0.688343,0.8086325999999999,0.1223012,0.009021,0.584678,0.487205
1996/10/26 0:00,0.759954,1.589595,0.689042,0.8086325999999999,0.1218096,0.00915,0.584971,0.483558
1996/10/27 0:00,0.759954,1.593359,0.688167,0.8086325999999999,0.1223012,0.00908,0.58185,0.484845
1996/10/28 0:00,0.759954,1.581316,0.688679,0.831879,0.120824,0.009164,0.58022,0.483806
1996/10/29 0:00,0.7916331999999999,1.585976,0.69012,0.831879,0.120824,0.009317,0.582683,0.4907
1996/10/30 0:00,0.7916331999999999,1.578631,0.688459,0.831879,0.120824,0.009309,0.579891,0.487156
1996/10/31 0:00,0.766277,1.580168,0.688805,0.831879,0.120824,0.009286,0.579561,0.486395
1996/11/1 0:00,0.8230257999999999,1.569929,0.688262,0.831879,0.120824,0.009294,0.581275,0.483207
1996/11/2 0:00,0.7916331999999999,1.578484,0.687118,0.8318288,0.120824,0.009337,0.581602,0.4812
1996/11/3 0:00,0.7916331999999999,1.582275,0.687032,0.8330542000000001,0.1258772,0.009385,0.58547,0.490996
1996/11/4 0:00,0.5372236000000001,1.576742,0.686758,0.6025266,0.120807,0.009421,0.587375,0.494098
1996/11/5 0:00,0.5502863999999998,1.578831,0.686051,0.6034254000000001,0.120752,0.009493,0.585119,0.492149
1996/11/6 0:00,0.549874,1.571071,0.684877,0.5985338,0.120754,0.009512,0.586033,0.491554
1996/11/7 0:00,0.5502864000000001,1.570015,0.682985,0.616164,0.120745,0.009466,0.583538,0.487349
1996/11/8 0:00,0.5389444,1.573787,0.678032,0.6029078,0.120795,0.009468,0.58327,0.484258
1996/11/9 0:00,0.5502864,1.572371,0.678032,0.6057162,0.120734,0.009465,0.583562,0.484403
1996/11/10 0:00,0.5502864000000001,1.572014,0.680896,0.6141876,0.120733,0.009374,0.582465,0.482952
1996/11/11 0:00,0.5525444,1.567643,0.68154,0.6002594,0.120762,0.009384,0.582305,0.4874
1996/11/12 0:00,0.5392244,1.567757,0.680915,0.6078616,0.120798,0.009384,0.583893,0.487551
1996/11/13 0:00,0.5394644,1.577285,0.680267,0.7446197999999999,0.120834,0.009323,0.583747,0.486751
1996/11/14 0:00,0.5502864,1.5878,0.681657,0.616164,0.120744,0.009305,0.584473,0.489049
1996/11/15 0:00,0.5502864,1.591064,0.686214,0.610312,0.120724,0.009372,0.583037,0.497199
1996/11/16 0:00,0.5502864,1.5865,0.6534826,0.60688,0.120732,0.009408,0.58276,0.502451
1996/11/17 0:00,0.5502864,1.586776,0.6534826,0.60688,0.120729,0.009466,0.582979,0.4996
1996/11/18 0:00,0.5392243999999999,1.592478,0.655525,0.5941370000000001,0.120803,0.009468,0.581908,0.4988
1996/11/19 0:00,0.5516902,1.593503,0.6623867999999999,0.5859976,0.12078,0.009518,0.581932,0.494752
1996/11/20 0:00,0.574471,1.594038,0.662771,0.6470334,0.120818,0.009532,0.582518,0.4981
1996/11/21 0:00,0.5353899999999999,1.597439,0.689781,0.6003864,0.12081,0.009517,0.582532,0.497451
1996/11/22 0:00,0.5372236000000001,1.594519,0.6868,0.602775,0.120804,0.009489,0.581545,0.50015
1996/11/23 0:00,0.5389444,1.587659,0.689076,0.6106458,0.120792,0.009534,0.583703,0.501501
1996/11/24 0:00,0.5372236000000001,1.579058,0.68711,0.602775,0.120804,0.009495,0.583722,0.498301
1996/11/25 0:00,0.5502864,1.58011,0.686342,0.6141876,0.12074,0.009402,0.581918,0.496901
1996/11/26 0:00,0.5502864,1.585941,0.682432,0.616164,0.120743,0.009493,0.6522064000000001,0.4981
1996/11/27 0:00,0.5502864,1.585941,0.682432,0.616164,0.120743,0.009493,0.6522064000000001,0.4981
1996/11/28 0:00,0.5525443999999999,1.587782,0.683995,0.5982770000000001,0.120758,0.00946,0.5622758,0.498599
1996/11/29 0:00,0.5392243999999999,1.5829,0.680566,0.6000432,0.120794,0.00945,0.5580247999999999,0.497249
1996/11/30 0:00,0.5474076,1.588623,0.675497,0.5942144,0.120782,0.009648,0.5604785999999999,0.495348
1996/12/1 0:00,0.6861659999999999,1.5825,0.672992,0.7644244,0.120836,0.009591,0.6603528,0.494648
1996/12/2 0:00,0.5392243999999999,1.581158,0.676546,0.6020802,0.120795,0.009559,0.5580248,0.4978
1996/12/3 0:00,0.5402044,1.579532,0.678402,0.8098787999999999,0.120834,0.00955,0.5688983999999999,0.496101
1996/12/4 0:00,0.5525444,1.580084,0.678293,0.5958993999999999,0.120771,0.009475,0.5622757999999999,0.493551
1996/12/5 0:00,0.5474076,1.578073,0.67887,0.593527,0.120781,0.009477,0.5605513999999999,0.494047
1996/12/6 0:00,0.5502864,1.576627,0.677944,0.6141876,0.120738,0.009476,0.6522064,0.495802
1996/12/7 0:00,0.53027,1.575358,0.680902,0.5989952,0.120816,0.009429,0.5688983999999999,0.486695
1996/12/8 0:00,0.5502864000000001,1.573157,0.67719,0.6141876,0.120728,0.009415,0.5622758,0.486357
1996/12/9 0:00,0.5575366,1.56697,0.67764,0.5991685999999999,0.120786,0.009383,0.5609428,0.4876
1996/12/10 0:00,0.5353709999999999,1.555644,0.674427,0.6099577999999999,0.120823,0.009256,0.5688983999999999,0.483597
1996/12/11 0:00,0.53461,1.558712,0.676658,0.6002384000000001,0.120811,0.009224,0.5619734,0.486305
1996/12/12 0:00,0.5474076,1.561119,0.672835,0.5991685999999999,0.120786,0.009189,0.5609428,0.491748
1996/12/13 0:00,0.5498696,1.558724,0.670307,0.6013301999999999,0.120774,0.009171,0.5622758,0.488349
1996/12/14 0:00,0.5502864,1.531188,0.668852,0.610312,0.120714,0.009294,0.5622757999999999,0.490547
1996/12/15 0:00,0.5502864,1.532006,0.670892,0.610312,0.120716,0.009231,0.5622757999999999,0.485857
1996/12/16 0:00,0.5392243999999999,1.535861,0.670827,0.6000848000000001,0.1208,0.009172,0.5557886,0.480052
1996/12/17 0:00,0.5351109999999999,1.52409,0.671275,0.6060386,0.120819,0.009154,0.5688983999999999,0.478752
1996/12/18 0:00,0.5351109999999999,1.503301,0.672743,0.6099577999999999,0.120823,0.00922,0.5688983999999999,0.4749
1996/12/19 0:00,0.5351109999999999,1.503301,0.672743,0.6099577999999999,0.120823,0.00922,0.5688983999999999,0.4749
1996/12/20 0:00,0.5402044,1.517652,0.672858,0.612234,0.120829,0.009203,0.5688983999999999,0.47461
1996/12/21 0:00,0.8560216,1.497101,0.672565,0.584435,0.120819,0.009175,0.6165328,0.472553
1996/12/22 0:00,0.8560216,1.49505,0.672136,0.58049,0.120862,0.009153,0.5711345999999999,0.463968
1996/12/23 0:00,0.6312226,1.491051,0.667,0.574747,0.120856,0.0084554,0.5739808,0.456137
1996/12/24 0:00,0.6312226,1.4794,0.667111,0.57544,0.120812,0.0084328,0.5735064,0.456091
1996/12/25 0:00,0.571814,1.484403,0.668874,0.580162,0.12078,0.0084328,0.5735064,0.457146
1996/12/26 0:00,0.5763,1.481059,0.667713,0.582843,0.12082,0.0083972,0.5732084,0.460962
1996/12/27 0:00,0.572428,1.473689,0.663702,0.582261,0.120758,0.008419,0.5735064,0.451936
1996/12/28 0:00,0.56767,1.476238,0.661636,0.579054,0.120764,0.0084328,0.5735064,0.452755
1996/12/29 0:00,0.570614,1.474658,0.664983,0.584596,0.120755,0.0084328,0.5735064,0.454218
1996/12/30 0:00,0.578073,1.496801,0.666933,0.596992,0.120753,0.008464800000000001,0.572271,0.461216
1996/12/31 0:00,0.578189,1.49755,0.666733,0.596753,0.120753,0.0083972,0.572271,0.461446
1997/1/1 0:00,0.573128,1.496102,0.665381,0.593635,0.120764,0.0084422,0.572271,0.458483
1997/1/2 0:00,0.572314,1.495499,0.668896,0.593765,0.120803,0.008492,0.57789,0.457837
1997/1/3 0:00,0.570957,1.497951,0.670896,0.595096,0.120827,0.00868,0.579091,0.4565
1997/1/4 0:00,0.583575,1.512198,0.677557,0.599748,0.120756,0.0086466,0.581685,0.470412
1997/1/5 0:00,0.581616,1.512856,0.677616,0.601734,0.120873,0.0084954,0.580334,0.468066
1997/1/6 0:00,0.5887,1.522648,0.677938,0.609783,0.120837,0.008646599999999999,0.580456,0.472458
1997/1/7 0:00,0.5893,1.518559,0.675793,0.612773,0.120858,0.008732,0.581686,0.469959
1997/1/8 0:00,0.586,1.508703,0.677848,0.61025,0.120826,0.0084954,0.579863,0.467407
1997/1/9 0:00,0.589241,1.5084,0.67895,0.609743,0.120755,0.0084954,0.580441,0.469488
1997/1/10 0:00,0.594122,1.512395,0.67847,0.612923,0.120841,0.0086466,0.581039,0.472642
1997/1/11 0:00,0.60226,1.505247,0.681137,0.616281,0.120783,0.00865,0.580767,0.475462
1997/1/12 0:00,0.598001,1.508847,0.680063,0.608481,0.120868,0.0084954,0.580952,0.467606
1997/1/13 0:00,0.608022,1.511096,0.678996,0.61336,0.12088,0.0084954,0.579436,0.475895
1997/1/14 0:00,0.602199,1.512256,0.681379,0.616918,0.120832,0.0084954,0.577743,0.476638
1997/1/15 0:00,0.60464,1.510396,0.681663,0.614005,0.120793,0.0084954,0.577027,0.476291
1997/1/16 0:00,0.59938,1.512605,0.679421,0.612862,0.120838,0.0084954,0.577092,0.474247
1997/1/17 0:00,0.59924,1.505601,0.678264,0.609074,0.120803,0.0084954,0.576327,0.4733
1997/1/18 0:00,0.595419,1.5042,0.677984,0.606428,0.120867,0.0084954,0.577201,0.469706
1997/1/19 0:00,0.593119,1.49925,0.671932,0.602423,0.120812,0.008699,0.576537,0.468506
1997/1/20 0:00,0.60148,1.497251,0.674289,0.607655,0.120799,0.008733999999999999,0.577016,0.471147
1997/1/21 0:00,0.60132,1.508051,0.673085,0.609345,0.120846,0.008573,0.576072,0.467247
1997/1/22 0:00,0.60132,1.511395,0.675542,0.607647,0.120814,0.0084954,0.576759,0.466007
1997/1/23 0:00,0.601,1.512456,0.674447,0.614256,0.120811,0.008573,0.578253,0.469853
1997/1/24 0:00,0.59884,1.512846,0.675198,0.611587,0.120805,0.0084954,0.577534,0.467953
1997/1/25 0:00,0.59918,1.5121,0.674767,0.610545,0.120813,0.008573,0.577389,0.465333
1997/1/26 0:00,0.594597,1.513743,0.672448,0.615247,0.120852,0.00859,0.575993,0.463061
1997/1/27 0:00,0.591716,1.505499,0.673401,0.614548,0.120819,0.008573,0.57621,0.458546
1997/1/28 0:00,0.586765,1.505348,0.67367,0.614855,0.120844,0.008573,0.575922,0.458546
1997/1/29 0:00,0.594738,1.517259,0.674904,0.615655,0.120759,0.008495399999999998,0.575499,0.463232
1997/1/30 0:00,0.591118,1.512246,0.676998,0.615087,0.120745,0.0082972,0.573988,0.50421
1997/1/31 0:00,0.591204,1.514506,0.676087,0.612107,0.120816,0.008299399999999998,0.574268,0.47308000000000006
1997/2/1 0:00,0.590595,1.5017,0.674403,0.603511,0.120726,0.0084064,0.574375,0.47307999999999995
1997/2/2 0:00,0.5853,1.503199,0.675583,0.604061,0.120774,0.0083014,0.574621,0.48816
1997/2/3 0:00,0.585734,1.496599,0.674013,0.604875,0.120827,0.0086674,0.572533,0.46317
1997/2/4 0:00,0.584108,1.4926,0.67542,0.604203,0.120774,0.0082406,0.57241,0.47307999999999995
1997/2/5 0:00,0.582242,1.494447,0.67824,0.595982,0.120839,0.0085646,0.573288,0.46317
1997/2/6 0:00,0.575885,1.4961,0.677942,0.595877,0.120743,0.0085226,0.572803,0.47307999999999995
1997/2/7 0:00,0.584941,1.512603,0.679908,0.603815,0.120779,0.008296999999999999,0.573065,0.47307999999999995
1997/2/8 0:00,0.585383,1.515306,0.681601,0.600528,0.1208,0.008302,0.57346,0.48704000000000003
1997/2/9 0:00,0.584066,1.516507,0.682432,0.603636,0.12079960000000001,0.008327800000000002,0.573017,0.5238900000000001
1997/2/10 0:00,0.590141,1.518941,0.681106,0.606075,0.12081539999999999,0.008371,0.57351,0.5024
1997/2/11 0:00,0.591296,1.596528,0.682196,0.604864,0.120801,0.0088726,0.576983,0.51635
1997/2/12 0:00,0.588282,1.558355,0.678702,0.599102,0.12080760000000001,0.0088982,0.577374,0.5129395999999999
1997/2/13 0:00,0.57909,1.5558218,0.676158,0.597466,0.12080640000000001,0.0084782,0.577489,0.5325200000000001
1997/2/14 0:00,0.578211,1.5125664,0.672697,0.598336,0.12081280000000001,0.008998,0.577079,0.4958996
1997/2/15 0:00,0.581068,1.5705672,0.674601,0.594445,0.1208102,0.00834,0.57853,0.5391094000000001
1997/2/16 0:00,0.584675,1.5854376000000001,0.676359,0.589828,0.1207964,0.0089872,0.579429,0.5168024
1997/2/17 0:00,0.583792,1.5408808,0.673336,0.585577,0.1208102,0.009393799999999999,0.581386,0.4740602
1997/2/18 0:00,0.584283,1.5542948,0.669703,0.587572,0.1207984,0.0088636,0.579213,0.48282559999999997
1997/2/19 0:00,0.586,1.5335746000000001,0.67279,0.585553,0.12081940000000002,0.009133400000000002,0.579798,0.4821612
1997/2/20 0:00,0.582116,1.5335746000000001,0.672587,0.581888,0.12081940000000002,0.0091334,0.580831,0.4821612
1997/2/21 0:00,0.578558,1.5926750000000003,0.674287,0.584859,0.12077200000000002,0.009436,0.583071,0.500267
1997/2/22 0:00,0.581675,1.5530296,0.674444,0.588599,0.1207928,0.009462000000000002,0.583766,0.48092680000000004
1997/2/23 0:00,0.578284,1.589278,0.674444,0.581348,0.120774,0.009462000000000002,0.583548,0.5031028
1997/2/24 0:00,0.583025,1.5274892000000002,0.673761,0.58548,0.120797,0.009407200000000001,0.581168,0.4592162
1997/2/25 0:00,0.588176,1.5604624,0.675152,0.58215,0.1207902,0.0094844,0.581951,0.51885
1997/2/26 0:00,0.590795,1.5938424000000002,0.677623,0.586116,0.12078320000000001,0.009453,0.582804,0.5014792
1997/2/27 0:00,0.593137,1.5501880000000001,0.678428,0.586421,0.120802,0.008571800000000001,0.5852486000000001,0.4442856
1997/2/28 0:00,0.589164,1.5354101999999998,0.678266,0.580117,0.1207044,0.0090242,0.5768148,0.497302
1997/3/1 0:00,0.589305,1.5695674,0.677325,0.576846,0.12075119999999999,0.0088348,0.5810304000000001,0.44259799999999994
1997/3/2 0:00,0.567557,1.5611076000000002,0.674513,0.575583,0.1208086,0.0088748,0.5730008000000001,0.44162819999999997
1997/3/3 0:00,0.571929,1.5094412,0.673491,0.580671,0.1207994,0.0088624,0.571383,0.4812244
1997/3/4 0:00,0.6062938,1.5083462,0.673739,0.58061,0.12080419999999999,0.0088696,0.5747831999999999,0.5046858000000001
1997/3/5 0:00,0.6223444,1.5215394,0.674013,0.584029,0.12077940000000001,0.008656400000000002,0.5753402,0.4753312
1997/3/6 0:00,0.6238674,1.548319,0.67472,0.582445,0.1207862,0.008250799999999999,0.5641882,0.5179784
1997/3/7 0:00,0.6335854,1.5611076000000002,0.674397,0.574144,0.1208086,0.008813600000000001,0.5730008,0.4768324
1997/3/8 0:00,0.6148426,1.5764802,0.678034,0.578266,0.12077439999999999,0.0090094,0.57569,0.4805226
1997/3/9 0:00,0.6047800000000001,1.639857,0.679859,0.573592,0.12052779999999999,0.0088888,0.5863670000000001,0.4629636
1997/3/10 0:00,0.6012727999999999,1.5944106000000002,0.679506,0.580773,0.1205148,0.008518,0.5836176,0.49256320000000003
1997/3/11 0:00,0.6073748,1.5883119999999997,0.678654,0.576325,0.1207036,0.008568399999999999,0.5827824,0.5045295999999999
1997/3/12 0:00,0.651234,1.513633,0.676158,0.569039,0.12078039999999998,0.0080234,0.5836045999999999,0.5274286
1997/3/13 0:00,0.6494782,1.4527106,0.674014,0.560574,0.1207994,0.008852,0.5866165999999999,0.4994607999999999
1997/3/14 0:00,0.631068,1.5173996,0.677964,0.563169,0.12076500000000001,0.008962000000000001,0.5810304000000001,0.4761006
1997/3/15 0:00,0.651234,1.4865055999999999,0.676343,0.561262,0.1207916,0.0084364,0.5836045999999999,0.498078
1997/3/16 0:00,0.651234,1.468554,0.675902,0.565953,0.12077520000000001,0.008482799999999999,0.5836045999999999,0.4757668
1997/3/17 0:00,0.6389142,1.551421,0.677,0.566733,0.12078739999999999,0.008917999999999999,0.5846098,0.49934019999999996
1997/3/18 0:00,0.6738476,1.743768,0.671254,0.56696,0.120861,0.008729400000000002,0.592128,0.4658504
1997/3/19 0:00,0.7056241999999999,1.6535432,0.672136,0.565382,0.120803,0.0086658,0.57592,0.53985
1997/3/20 0:00,0.7057186,1.6663438,0.673313,0.561077,0.120778,0.0086004,0.5760282,0.5352404
1997/3/21 0:00,0.71996,1.74389,0.672583,0.561707,0.12084,0.008566399999999998,0.5913842,0.46092000000000005
1997/3/22 0:00,0.76363,1.85218,0.674104,0.559709,0.120846,0.00938,0.6037216,0.46152
1997/3/23 0:00,0.7853539999999999,1.7032,0.674174,0.564851,0.12503579999999997,0.009395,0.603085,0.403098
1997/3/24 0:00,0.7597799999999999,1.8219999999999998,0.671932,0.577043,0.1199932,0.009262,0.6014707999999999,0.411064
1997/3/25 0:00,0.76059,1.7547899999999998,0.671999,0.575207,0.1199932,0.009293,0.6024176000000001,0.41
1997/3/26 0:00,0.76486,1.77209,0.672249,0.576491,0.11978040000000001,0.009317,0.6042487999999999,0.411582
1997/3/27 0:00,0.76161,1.7521999999999998,0.672153,0.580705,0.1199932,0.009283,0.6023338,0.414724
1997/3/28 0:00,0.7667,1.70267,0.7415613999999999,0.578951,0.11979,0.009298,0.6242572,0.414541
1997/3/29 0:00,0.75729,1.77929,0.7488456,0.57701,0.12061819999999998,0.009237,0.6225479999999999,0.406822
1997/3/30 0:00,0.76961,1.6259000000000001,0.7361150000000001,0.577941,0.12060580000000001,0.009201,0.6429767999999999,0.406263
1997/3/31 0:00,0.7758800000000001,1.5877500000000002,0.7361150000000001,0.575754,0.12061879999999998,0.009195,0.6650459999999999,0.405741
1997/4/1 0:00,0.78149,1.53626,0.7371890000000001,0.577043,0.12061879999999998,0.00919,0.6649349999999999,0.40108
1997/4/2 0:00,0.77426,1.59585,0.7375086,0.575092,0.1316058,0.009166,0.6647902,0.402839
1997/4/3 0:00,0.7918800000000001,1.5400399999999999,0.7320986,0.572172,0.1206188,0.009184,0.664935,0.401151
1997/4/4 0:00,0.78474,1.5831,0.7333766,0.5716,0.1206188,0.009174,0.6647498000000001,0.402711
1997/4/5 0:00,0.76957,1.71202,0.7374876,0.57346,0.12041119999999998,0.009251,0.6019278,0.404038
1997/4/6 0:00,0.77792,1.6550799999999999,0.7299506,0.577052,0.1202072,0.009255,0.6237532,0.405931
1997/4/7 0:00,0.76836,1.69268,0.7415613999999999,0.572041,0.1202072,0.009288,0.623331,0.397599
1997/4/8 0:00,0.76836,1.69268,0.7415613999999999,0.57379,0.1202072,0.009286,0.6233310000000001,0.39958
1997/4/9 0:00,0.76305,1.76872,0.7427678,0.564178,0.12041120000000001,0.009248,0.6010912,0.397449
1997/4/10 0:00,0.7762399999999999,1.6552599999999997,0.7467058,0.562129,0.120833,0.009252,0.6019278,0.393579
1997/4/11 0:00,0.7262899999999999,1.446016,0.7608564,0.566051,0.12074,0.009244,0.5748588,0.39601
1997/4/12 0:00,0.77127,1.445611,0.8124192000000001,0.559758,0.120839,0.009277,0.5926316,0.393153
1997/4/13 0:00,0.7453899999999999,1.444977,0.7180548,0.561523,0.120805,0.009211,0.5748588,0.40221
1997/4/14 0:00,0.75003,1.455613,0.7912736,0.559262,0.120845,0.009179,0.591996,0.40183
1997/4/15 0:00,0.75793,1.454596,0.7804332,0.558077,0.120855,0.009244,0.5926316,0.40269
1997/4/16 0:00,0.73425,1.442411,0.7608564,0.554622,0.120763,0.00925,0.5748588,0.401611
1997/4/17 0:00,0.73447,1.425485,0.7608564,0.548617,0.120747,0.00926,0.5748588,0.39906
1997/4/18 0:00,0.74913,1.431934,0.718167,0.550911,0.120815,0.009223,0.5748588,0.39941
1997/4/19 0:00,0.76495,1.462654,0.8035347999999999,0.557255,0.120838,0.009198,0.5926316,0.405012
1997/4/20 0:00,0.73441,1.448126,0.7381496000000001,0.553611,0.120795,0.009181,0.5748588,0.394011
1997/4/21 0:00,0.72629,1.44885,0.7603281999999999,0.5564,0.120749,0.009186,0.5748588,0.39485
1997/4/22 0:00,0.73447,1.445972,0.7608564,0.563472,0.120768,0.009238,0.5748588,0.39944
1997/4/23 0:00,0.74091,1.443911,0.760058,0.565489,0.120771,0.009263,0.5748588,0.39934
1997/4/24 0:00,0.75543,1.448626,0.6973138,0.571298,0.120791,0.009324,0.5748588,0.40075
1997/4/25 0:00,0.7500899999999999,1.429378,0.6973138000000001,0.56653,0.120817,0.009315,0.5748588,0.397981
1997/4/26 0:00,0.7542500000000001,1.422658,0.6973138,0.564924,0.120816,0.00931,0.5748588,0.39827
1997/4/27 0:00,0.7542500000000001,1.414617,0.6973138000000001,0.560905,0.120783,0.009319,0.5748588,0.396491
1997/4/28 0:00,0.7554299999999999,1.431377,0.6973138000000001,0.570964,0.120805,0.009286,0.5748588,0.40071
1997/4/29 0:00,0.74891,1.429007,0.6973138,0.565808,0.120795,0.009281,0.5748588,0.394361
1997/4/30 0:00,0.74091,1.435213,0.7386116,0.565467,0.120788,0.009267,0.5748588,0.397201
1997/5/1 0:00,0.5109708,1.425472,0.6766698,0.564834,0.120756,0.00922,0.5753307999999999,0.4083378
1997/5/2 0:00,0.5110628,1.42505,0.6527188,0.561505,0.12078,0.009183,0.5748862,0.409377
1997/5/3 0:00,0.5545526,1.422631,0.676566,0.561163,0.120767,0.009196,0.5748862,0.40646660000000007
1997/5/4 0:00,0.5081732,1.422208,0.6917504,0.55613,0.120804,0.009087,0.5748862,0.4078544
1997/5/5 0:00,0.5512326,1.423373,0.6950135999999999,0.558193,0.120767,0.009105,0.5748862,0.40646660000000007
1997/5/6 0:00,0.5521806,1.41885,0.6744870000000001,0.557125,0.120757,0.00909,0.5748862,0.4083378
1997/5/7 0:00,0.5109708,1.407387,0.6771710000000001,0.555639,0.120763,0.009084,0.5748861999999999,0.4083378
1997/5/8 0:00,0.511321,1.40183,0.6564714,0.554542,0.120755,0.0083114,0.575084,0.408902
1997/5/9 0:00,0.511321,1.405069,0.6564714,0.554087,0.120754,0.0083114,0.5750839999999999,0.408902
1997/5/10 0:00,0.5083624,1.418241,0.6523676,0.563364,0.12079,0.0082376,0.5750014,0.40856459999999994
1997/5/11 0:00,0.511321,1.417983,0.6564714,0.568027,0.120746,0.0083068,0.5750014,0.408902
1997/5/12 0:00,0.510373,1.421689,0.6561237999999999,0.569622,0.120768,0.0083114,0.5750839999999999,0.4614534
1997/5/13 0:00,0.511321,1.433233,0.6564714,0.57883,0.120749,0.0082624,0.5712383999999999,0.408902
1997/5/14 0:00,0.511471,1.44028,0.6578372000000001,0.580046,0.120764,0.008303000000000001,0.5750839999999999,0.4073646
1997/5/15 0:00,0.72441,1.447605,0.7170012,0.588062,0.120816,0.008903399999999999,0.5748588,0.423638
1997/5/16 0:00,0.510373,1.43367,0.6561237999999999,0.582358,0.120768,0.0083114,0.575084,0.4614534
1997/5/17 0:00,0.510373,1.446261,0.6561237999999999,0.589717,0.120768,0.0083114,0.575084,0.4620934
1997/5/18 0:00,0.511321,1.445166,0.6564714,0.586218,0.120759,0.0083068,0.5750014,0.408902
1997/5/19 0:00,0.511564,1.450655,0.6548912,0.585315,0.120779,0.008361,0.5750839999999999,0.4631712
1997/5/20 0:00,0.511321,1.4548,0.6564714,0.584371,0.120755,0.0083068,0.5750014,0.408902
1997/5/21 0:00,0.6392002,1.445655,0.7367484,0.579947,0.120816,0.008332999999999998,0.575458,0.52849
1997/5/22 0:00,0.5110627999999999,1.466057,0.6527187999999999,0.58703,0.120783,0.008361,0.5750839999999999,0.46447559999999993
1997/5/23 0:00,0.5100342,1.473503,0.6549252,0.595527,0.120795,0.0082626,0.5733056,0.4078582
1997/5/24 0:00,0.5083624,1.477459,0.6523676,0.598354,0.120791,0.008257200000000001,0.5749686,0.40856459999999994
1997/5/25 0:00,0.511321,1.467166,0.6564713999999999,0.593419,0.120762,0.0083068,0.5750014,0.408902
1997/5/26 0:00,0.5110628,1.467453,0.6527187999999999,0.595645,0.120783,0.008361,0.5750839999999999,0.4651156
1997/5/27 0:00,0.5108738,1.476752,0.6577335999999999,0.600727,0.120771,0.008361,0.5750839999999999,0.48715519999999995
1997/5/28 0:00,0.5262728,1.5660736,0.6665490000000001,0.604055,0.12078,0.009442999999999998,0.5762714,0.46208499999999997
1997/5/29 0:00,0.5093416000000001,1.5776575999999998,0.6659993999999999,0.610909,0.120783,0.009442999999999998,0.5778536,0.4614842
1997/5/30 0:00,0.5089636,1.5880472,0.6720607999999999,0.613365,0.120806,0.0092382,0.578306,0.46141719999999997
1997/5/31 0:00,0.510991,1.5819613999999997,0.6831695999999999,0.610773,0.120745,0.0094318,0.5842162,0.4938998
1997/6/1 0:00,0.510991,1.5465214,0.6661940000000001,0.607204,0.120752,0.0094472,0.5842936,0.44295840000000003
1997/6/2 0:00,0.510991,1.5465250000000001,0.6661940000000001,0.610855,0.120751,0.009447200000000001,0.5842936,0.44295840000000003
1997/6/3 0:00,0.510991,1.5819614000000002,0.6831695999999999,0.620623,0.120745,0.0094318,0.5842162,0.4938998
1997/6/4 0:00,0.510991,1.5819613999999997,0.6831695999999999,0.62121,0.120743,0.0094318,0.583722,0.4938998
1997/6/5 0:00,0.509974,1.5462447999999998,0.6586398,0.627141,0.120796,0.0091802,0.5832991999999999,0.4277406
1997/6/6 0:00,0.510991,1.5817056,0.6831696,0.623539,0.120746,0.00945,0.5842162,0.4938998
1997/6/7 0:00,0.5110127999999999,1.5764888,0.6728542,0.623748,0.120787,0.009154400000000002,0.5820998,0.4776194
1997/6/8 0:00,0.5118037999999999,1.5798014,0.6597168000000001,0.625426,0.120774,0.0084606,0.5751038,0.4773948
1997/6/9 0:00,0.5101342,1.5518248000000001,0.6665004,0.616956,0.120792,0.0092058,0.5829412,0.445306
1997/6/10 0:00,0.5101342,1.5518248000000001,0.6665004,0.61879,0.120792,0.0092058,0.5829412,0.445306
1997/6/11 0:00,0.6392002,1.7675676,0.7155294,0.615901,0.120818,0.008808199999999999,0.5824844,0.5254274
1997/6/12 0:00,0.7605700000000001,1.88144,0.815329,0.619512,0.120825,0.009617,0.6095066000000001,0.71831
1997/6/13 0:00,0.5108737999999999,1.5798014,0.6597168000000001,0.611483,0.120773,0.0082754,0.5752349999999999,0.46103079999999996
1997/6/14 0:00,0.555817,1.6291338,0.7027291999999999,0.611783,0.120833,0.009379600000000002,0.596212,0.515972
1997/6/15 0:00,0.553205,1.5730608,0.6798024,0.610392,0.120765,0.009035,0.5767277999999999,0.5136299999999999
1997/6/16 0:00,0.555055,1.6517279999999999,0.7095902000000001,0.61359,0.120819,0.008555199999999999,0.5773664,0.5089203999999999
1997/6/17 0:00,0.556211,1.5730608,0.6798024,0.610373,0.120765,0.0090084,0.5761027999999999,0.5127499999999999
1997/6/18 0:00,0.556928,1.5817056,0.6831113999999999,0.611194,0.120748,0.009450000000000002,0.5842162,0.4929494
1997/6/19 0:00,0.555267,1.5832837999999998,0.6821613999999999,0.613657,0.12074,0.0094338,0.5831912,0.49559040000000004
1997/6/20 0:00,0.550755,1.5817056,0.6831113999999999,0.607718,0.120748,0.00945,0.5842162,0.4929494
1997/6/21 0:00,0.543554,1.5682926,0.6773772000000001,0.600078,0.120796,0.009406600000000001,0.5828637999999999,0.4893820000000001
1997/6/22 0:00,0.545623,1.5817056,0.6831113999999999,0.608035,0.120748,0.00945,0.5842162,0.4929494
1997/6/23 0:00,0.542859,1.5819614000000002,0.6831695999999999,0.604675,0.120745,0.0094318,0.5842162,0.4938998
1997/6/24 0:00,0.543918,1.5757316,0.682482,0.603035,0.120803,0.009409,0.5836886,0.49428019999999995
1997/6/25 0:00,0.545709,1.6254314,0.665402,0.608249,0.120773,0.0083312,0.5749286,0.5446899999999999
1997/6/26 0:00,0.550965,1.6254314,0.667022,0.613436,0.120752,0.0085536,0.5761156,0.5390002
1997/6/27 0:00,0.555572,1.6412776,0.669525,0.611283,0.120812,0.008368800000000001,0.5739911999999998,0.5409200000000001
1997/6/28 0:00,0.552911,1.6663438,0.667691,0.611091,0.120792,0.0088314,0.575715,0.5266704000000001
1997/6/29 0:00,0.550415,1.6392962,0.663062,0.610253,0.120787,0.0086052,0.5766532,0.5356403999999999
1997/6/30 0:00,0.5283654,1.6535432,0.662054,0.603374,0.120806,0.008524600000000002,0.5719306,0.53985
1997/7/1 0:00,0.567175,1.6663438,0.661439,0.604558,0.120783,0.0086052,0.5766532,0.5356403999999999
1997/7/2 0:00,0.6026718000000001,1.6663438,0.662339,0.598211,0.120777,0.008596,0.5764452,0.5361404000000001
1997/7/3 0:00,0.5715432,1.74389,0.661222,0.604558,0.120825,0.008566400000000002,0.5913842,0.46152
1997/7/4 0:00,0.5195917999999999,1.6663438,0.657093,0.602707,0.120794,0.008768000000000001,0.5742659999999999,0.5287604
1997/7/5 0:00,0.5199518000000001,1.6423776,0.65718,0.598916,0.120813,0.0083882,0.5747975999999999,0.55281
1997/7/6 0:00,0.516411,1.6425076,0.654772,0.595172,0.120814,0.0083918,0.5758156000000001,0.53218
1997/7/7 0:00,0.5159632000000001,1.6663438,0.651781,0.593289,0.120781,0.0085756,0.57595,0.5374604
1997/7/8 0:00,0.5184811999999999,1.6530632,0.64954,0.595965,0.120808,0.008363,0.5724121999999999,0.53985
1997/7/9 0:00,0.5163626000000001,1.5937189999999999,0.650907,0.592145,0.120773,0.008351800000000001,0.5742254,0.5469100000000001
1997/7/10 0:00,0.513002,1.6254314,0.649217,0.592228,0.120754,0.0083678,0.5745062,0.54627
1997/7/11 0:00,0.5153336000000001,1.6546432,0.650783,0.591403,0.120803,0.0086084,0.5743736,0.53985
1997/7/12 0:00,0.5154026,1.6254314,0.650213,0.589355,0.120751,0.0085518,0.5769168,0.5353102
1997/7/13 0:00,0.5125508,1.6254314,0.651292,0.592841,0.12073,0.0087714,0.5781278,0.5290302
1997/7/14 0:00,0.52175,1.6042843999999998,0.654255,0.595498,0.120789,0.0088082,0.5777479999999999,0.5272604
1997/7/15 0:00,0.5238106,1.6254314,0.654554,0.599365,0.120772,0.0083678,0.5751038,0.54627
1997/7/16 0:00,0.5204826,1.5604935999999998,0.650146,0.602017,0.120745,0.0088152,0.5775051999999999,0.505513
1997/7/17 0:00,0.6434504000000001,1.6254314,0.646344,0.609059,0.120764,0.0083678,0.5752094,0.5450900000000001
1997/7/18 0:00,0.5698714,1.6538732,0.647728,0.605327,0.120803,0.008524599999999998,0.5719306,0.53985
1997/7/19 0:00,0.5329835999999999,1.6254314,0.648086,0.603112,0.120758,0.008366,0.5751820000000001,0.5446899999999999
1997/7/20 0:00,0.5273410000000001,1.6254314,0.64874,0.606625,0.120752,0.008583200000000001,0.5768188000000001,0.5371802
1997/7/21 0:00,0.6127100000000001,1.6555832000000001,0.644924,0.605538,0.120805,0.008524600000000002,0.5719306000000001,0.53985
1997/7/22 0:00,0.5707932,1.6254314,0.647011,0.605206,0.120763,0.0083678,0.5751038,0.54627
1997/7/23 0:00,0.5098128,1.5756054,0.6611739999999999,0.605462,0.12077,0.0084718,0.5751038,0.4497892
1997/7/24 0:00,0.510991,1.5628382000000003,0.6768088000000001,0.601245,0.120705,0.0093556,0.5829606,0.49191199999999996
1997/7/25 0:00,0.5115027999999999,1.5764888,0.670813,0.593518,0.120786,0.009446199999999998,0.5813965999999999,0.4761286
1997/7/26 0:00,0.5108738,1.5756054,0.6613140000000001,0.591493,0.120771,0.0085966,0.5743807999999999,0.5084797999999999
1997/7/27 0:00,0.510373,1.5459142,0.6595641999999999,0.58253,0.120767,0.008836,0.562715,0.42439920000000003
1997/7/28 0:00,0.511564,1.5707017999999997,0.6654937999999999,0.583844,0.120779,0.0091004,0.565323,0.46080439999999995
1997/7/29 0:00,0.5089636,1.5118322,0.6573332000000001,0.58818,0.120802,0.0088478,0.565036,0.42306140000000003
1997/7/30 0:00,0.510373,1.5459142,0.6595641999999999,0.591333,0.120767,0.008836,0.563079,0.42439920000000003
1997/7/31 0:00,0.5112636,1.5786571999999999,0.6614842000000001,0.581912,0.12077,0.0088394,0.559268,0.42463300000000004
1997/8/1 0:00,0.5105025999999999,1.5707017999999997,0.6669604,0.580387,0.120782,0.0093736,0.560994,0.46065459999999997
1997/8/2 0:00,0.5101937999999999,1.5069945999999999,0.6573332000000001,0.58199,0.120803,0.009089,0.559143,0.42306140000000003
1997/8/3 0:00,0.520675,1.47019,0.6541974,0.583207,0.120778,0.008151,0.557864,0.43836579999999997
1997/8/4 0:00,0.7015819999999999,1.8745839999999998,0.8237776,0.579143,0.120791,0.008215,0.557072,0.4757166
1997/8/5 0:00,0.513995,1.4488965999999999,0.6564478,0.578847,0.120767,0.008083,0.55537,0.41056539999999997
1997/8/6 0:00,0.5101342,1.5118322,0.6573734,0.574128,0.120794,0.0088478,0.554093,0.4278052
1997/8/7 0:00,0.509453,1.5239286,0.6656046,0.574235,0.120808,0.008849399999999999,0.550858,0.45895839999999993
1997/8/8 0:00,0.510991,1.5465214,0.6661940000000001,0.579839,0.120751,0.009447200000000001,0.5842162,0.44295840000000003
1997/8/9 0:00,0.511564,1.5771785999999999,0.6654937999999999,0.58844,0.120779,0.0092238,0.5763922,0.46208499999999997
1997/8/10 0:00,0.5108738,1.5798014,0.661314,0.589147,0.120772,0.008361,0.5745062,0.49043539999999997
1997/8/11 0:00,0.5118037999999999,1.5798014,0.6597168,0.589102,0.120774,0.0084606,0.5751037999999999,0.4773948
1997/8/12 0:00,0.5101342,1.5518248000000001,0.6665004,0.590264,0.120793,0.0092058,0.5832992,0.445306
1997/8/13 0:00,0.5090514,1.5776575999999998,0.6710568,0.587281,0.120784,0.009442999999999998,0.5780878,0.4762074
1997/8/14 0:00,0.510991,1.546047,0.6612096000000001,0.583577,0.120758,0.0091812,0.5842936,0.4274532
1997/8/15 0:00,0.511564,1.5798014,0.6654937999999999,0.583127,0.120778,0.0092322,0.5760556,0.46208499999999997
1997/8/16 0:00,0.6833818,1.8810099999999998,0.7179800000000001,0.58473,0.120758,0.008467399999999998,0.5739065999999999,0.408437
1997/8/17 0:00,0.72441,1.8814,0.7170012,0.583696,0.120782,0.008358,0.5712157999999998,0.410627
1997/8/18 0:00,0.72441,1.87885,0.7171134,0.57722,0.120753,0.008467399999999998,0.5732806,0.404679
1997/8/19 0:00,0.72441,1.88191,0.7171134,0.577511,0.120785,0.0084674,0.5732806,0.40226
1997/8/20 0:00,0.72441,1.87759,0.7171134,0.577868,0.120749,0.008401200000000001,0.5719276,0.40431
1997/8/21 0:00,0.72441,1.8810099999999998,0.7170012,0.586589,0.120788,0.0084224,0.5732806,0.410195
1997/8/22 0:00,0.72441,1.8810099999999998,0.7170012,0.586531,0.1208,0.0083704,0.572097,0.410195
1997/8/23 0:00,0.72441,1.88689,0.7171134,0.586599,0.120817,0.009011,0.5748588,0.411386
1997/8/24 0:00,0.72441,1.8814,0.7171134,0.583511,0.120782,0.0083966,0.5723396,0.410909
1997/8/25 0:00,0.73181,1.8779499999999998,0.7170584,0.586084,0.120821,0.0090076,0.5697502,0.410495
1997/8/26 0:00,0.72441,1.88076,0.7171134,0.587285,0.120794,0.008359799999999999,0.5711461999999999,0.412044
1997/8/27 0:00,0.72441,1.87933,0.7171134,0.579546,0.1208,0.008370399999999998,0.5719276,0.411036
1997/8/28 0:00,0.6416814,1.8778700000000002,0.6963864,0.577502,0.120751,0.008345,0.5696702,0.413335
1997/8/29 0:00,0.5207368,1.430373,0.6545306,0.579544,0.12077779999999998,0.0082298,0.5613684,0.418908
1997/8/30 0:00,0.547261,1.4337326,0.6727738000000001,0.580587,0.12077659999999998,0.0082108,0.5687567999999998,0.422616
1997/8/31 0:00,0.5431565999999999,1.4255567999999998,0.6688244000000001,0.576596,0.12078180000000001,0.008241,0.5534502,0.420616
1997/9/1 0:00,0.5367453999999999,1.4305618,0.6742291999999999,0.578047,0.1207748,0.008172599999999999,0.565046,0.42155
1997/9/2 0:00,0.5328555999999999,1.4289636000000001,0.6695285999999999,0.577445,0.1207748,0.0082248,0.5556774,0.420566
1997/9/3 0:00,0.516408,1.4289846000000002,0.6538653999999999,0.5867017999999999,0.120817,0.008077,0.548533,0.418433
1997/9/4 0:00,0.522707,1.46456,0.7051124,0.6202529999999999,0.12041199999999999,0.008199,0.5565434,0.424565
1997/9/5 0:00,0.52391,1.5906,0.6923028,0.6545013999999999,0.12038560000000001,0.008153,0.5478168,0.42425
1997/9/6 0:00,0.522804,1.54624,0.6754202,0.6353126,0.12052739999999999,0.008164,0.5478168,0.422123
1997/9/7 0:00,0.519358,1.45636,0.6942674,0.6228864,0.12040819999999999,0.008113,0.5482156,0.419208
1997/9/8 0:00,0.521304,1.45636,0.6920082,0.6228864,0.1204096,0.008117,0.5482156,0.418391
1997/9/9 0:00,0.524305,1.5333,0.6808242,0.6499002,0.1203956,0.008101,0.5501312,0.4226
1997/9/10 0:00,0.527703,1.5906,0.7083969999999999,0.6545014,0.12038560000000001,0.008151,0.5478168,0.424938
1997/9/11 0:00,0.529362,1.6126,0.7119333999999999,0.6611796000000001,0.12023919999999999,0.008089,0.5504618000000001,0.428072
1997/9/12 0:00,0.527558,1.5906,0.7083969999999999,0.6545014,0.120256,0.008149,0.5478168,0.426507
1997/9/13 0:00,0.523152,1.5778199999999998,0.7068717999999999,0.6539490000000001,0.1202524,0.008142,0.5475314,0.424065
1997/9/14 0:00,0.516052,1.60916,0.6542294,0.7054766000000001,0.12081279999999998,0.008327,0.5647222,0.419274
1997/9/15 0:00,0.521452,1.60916,0.6605748,0.7054766000000001,0.1208124,0.00834,0.5647222,0.423581
1997/9/16 0:00,0.519258,1.5280099999999999,0.6563212,0.6269984,0.12081299999999999,0.008289,0.5647222,0.423873
1997/9/17 0:00,0.521159,1.47144,0.6573370000000001,0.621454,0.12081680000000002,0.008257,0.559031,0.42345
1997/9/18 0:00,0.51921,1.60916,0.6538462,0.6693252000000001,0.12081280000000001,0.008323,0.5647222000000001,0.421008
1997/9/19 0:00,0.512906,1.60916,0.6538461999999999,0.7054766000000001,0.12081300000000002,0.008308,0.5647222000000001,0.416858
1997/9/20 0:00,0.507452,1.6839654,0.773925,0.7569586,0.1221222,0.008387,0.6042466,0.409436
1997/9/21 0:00,0.507252,1.7293354,0.7594749999999999,0.753975,0.1221222,0.008394,0.6042466,0.409018
1997/9/22 0:00,0.50765,1.6748700000000003,0.651079,0.7461176,0.1208094,0.008385,0.5886815999999999,0.4103
1997/9/23 0:00,0.510102,1.6748699999999999,0.653057,0.7107994,0.12080919999999999,0.008317,0.5703216,0.411518
1997/9/24 0:00,0.5159,1.6748699999999999,0.656447,0.7087011999999999,0.12079719999999998,0.008319,0.5703216,0.413367
1997/9/25 0:00,0.520908,1.6748699999999999,0.657114,0.7137421999999999,0.1208084,0.008319,0.5696859999999999,0.416084
1997/9/26 0:00,0.522204,1.6748699999999999,0.65798,0.7090294,0.12080519999999999,0.008278,0.5675155999999999,0.419374
1997/9/27 0:00,0.522011,1.6748699999999999,0.658021,0.6054966,0.1207992,0.008201,0.5648158,0.4171
1997/9/28 0:00,0.52566,1.6748699999999999,0.656206,0.6067864000000001,0.1207992,0.008216,0.5648158,0.418491
1997/9/29 0:00,0.528103,1.6748699999999999,0.658867,0.623508,0.1207908,0.008192,0.5620334,0.4223
1997/9/30 0:00,0.5275,1.6748699999999999,0.65798,0.6667904,0.1207992,0.008239,0.5648158,0.417441
1997/10/1 0:00,0.524052,1.6748699999999999,0.657806,0.623508,0.1207908,0.008192,0.5620334,0.416717
1997/10/2 0:00,0.52325,1.6105900000000002,0.651759,0.6678176,0.12080359999999998,0.008109,0.550312,0.414426
1997/10/3 0:00,0.521058,1.66159,0.651565,0.6859306000000001,0.12080359999999998,0.008137,0.550358,0.414526
1997/10/4 0:00,0.520602,1.6174500000000003,0.652273,0.6673001999999999,0.12081140000000001,0.008071,0.549224,0.41405
1997/10/5 0:00,0.516205,1.57644,0.656446,0.684047,0.1208082,0.008027,0.548742,0.412459
1997/10/6 0:00,0.517157,1.6174500000000003,0.656206,0.6248001999999999,0.12079979999999998,0.008042,0.549073,0.4133
1997/10/7 0:00,0.517505,1.66159,0.657631,0.6859306000000001,0.1208108,0.008065,0.549753,0.414
1997/10/8 0:00,0.521657,1.6615900000000003,0.65889,0.6859306000000001,0.1208108,0.00808,0.549858,0.416992
1997/10/9 0:00,0.518352,1.6166900000000002,0.658888,0.6859306000000001,0.12080640000000001,0.008043,0.548893,0.416675
1997/10/10 0:00,0.505951,1.4549926000000002,0.657009,0.5996984000000001,0.120793,0.008018,0.555061,0.406188
1997/10/11 0:00,0.511756,1.4458054,0.660085,0.6013301999999999,0.120773,0.008017,0.5622757999999999,0.406547
1997/10/12 0:00,0.511252,1.4437304000000002,0.660391,0.5831120000000001,0.120768,0.008057,0.5622757999999999,0.407019
1997/10/13 0:00,0.517609,1.4549926,0.662011,0.6048838,0.120797,0.00804,0.555061,0.408368
1997/10/14 0:00,0.5174,1.4797415999999999,0.662011,0.5770346,0.120759,0.0088888,0.5646914,0.407578
1997/10/15 0:00,0.514557,1.485882,0.661091,0.603177,0.120773,0.0086584,0.5676734,0.403329
1997/10/16 0:00,0.509501,1.485882,0.656616,0.5937482,0.120771,0.0086584,0.5671746,0.404198
1997/10/17 0:00,0.5109,1.5974110000000001,0.657264,0.7063379999999999,0.120821,0.0085578,0.5772432,0.406887
1997/10/18 0:00,0.50995,1.4686012000000002,0.658132,0.5954242,0.120756,0.0090462,0.5646914000000001,0.406178
1997/10/19 0:00,0.505852,1.4549926000000002,0.655156,0.5975083999999999,0.120794,0.0088296,0.5546468,0.40455
1997/10/20 0:00,0.506001,1.6563142000000002,0.652438,0.6777514,0.120807,0.0085012,0.5785858,0.405619
1997/10/21 0:00,0.507304,1.5028998000000002,0.651587,0.6048838,0.120795,0.0088296,0.5546468000000001,0.406659
1997/10/22 0:00,0.507303,1.485882,0.650485,0.603177,0.120773,0.0086584,0.5666532,0.405378
1997/10/23 0:00,0.509751,1.58135,0.650216,0.6918637999999999,0.120818,0.0084764,0.5638636,0.406787
1997/10/24 0:00,0.515902,1.4916855999999998,0.650442,0.5846318,0.12078,0.0086534,0.5601041999999999,0.413984
1997/10/25 0:00,0.513455,1.5028998000000002,0.648863,0.6048838,0.120795,0.0088296,0.5546468000000001,0.413526
1997/10/26 0:00,0.508254,1.6077576,0.647198,0.6380224,0.120803,0.008934000000000001,0.5731227999999999,0.408918
1997/10/27 0:00,0.50925,1.498402,0.649223,0.6201106000000001,0.120788,0.0087032,0.5538384,0.4119
1997/10/28 0:00,0.508751,1.4713824,0.649787,0.6045982,0.120754,0.0090462,0.5646914,0.411885
1997/10/29 0:00,0.509252,1.4753946,0.652036,0.5744132000000001,0.120767,0.008845,0.5671746,0.41185
1997/10/30 0:00,0.508302,1.4916855999999998,0.652353,0.5846318,0.12078,0.0086534,0.5601041999999999,0.412294
1997/10/31 0:00,0.50565,1.425622,0.654192,0.5997006,0.120797,0.0083818,0.5572404,0.41235
1997/11/1 0:00,0.509602,1.424908,0.652123,0.6010028000000001,0.120756,0.0082756,0.5596591999999999,0.413026
1997/11/2 0:00,0.518109,1.43362,0.650695,0.6054557999999999,0.120794,0.0083766,0.5592675999999999,0.417042
1997/11/3 0:00,0.52041,1.431564,0.651719,0.5898122,0.1207814,0.008222,0.5606872,0.419024
1997/11/4 0:00,0.518,1.428621,0.652996,0.6046465999999999,0.1207964,0.0083034,0.5614996000000001,0.417791
1997/11/5 0:00,0.517507,1.417816,0.65565,0.5843776,0.1207848,0.0083106,0.5650320000000001,0.41939
1997/11/6 0:00,0.5156,1.41655,0.651098,0.5884474,0.12076760000000002,0.0083814,0.5637057999999999,0.418408
1997/11/7 0:00,0.5196,1.415825,0.651992,0.6081268,0.1207814,0.0083394,0.5637057999999999,0.424073
1997/11/8 0:00,0.512051,1.425415,0.649794,0.5827351999999999,0.12076799999999999,0.008724400000000002,0.5641968,0.425315
1997/11/9 0:00,0.513005,1.423457,0.64949,0.586291,0.12076500000000001,0.008799600000000001,0.568246,0.425357
1997/11/10 0:00,0.517755,1.4201,0.650044,0.5928864,0.12078439999999999,0.0084832,0.569103,0.427757
1997/11/11 0:00,0.521704,1.428214,0.650865,0.5922175999999999,0.1207848,0.0083458,0.569265,0.430385
1997/11/12 0:00,0.528853,1.440518,0.654664,0.594093,0.12079599999999999,0.0083504,0.572984,0.43332
1997/11/13 0:00,0.524055,1.443211,0.650146,0.594177,0.12078559999999998,0.0084042,0.572377,0.432214
1997/11/14 0:00,0.5354,1.444261,0.648445,0.6039042,0.1207878,0.0083458,0.570679,0.438831
1997/11/15 0:00,0.532903,1.444,0.647417,0.602177,0.12079960000000001,0.0083458,0.568877,0.436406
1997/11/16 0:00,0.535368,1.45465,0.646033,0.604705,0.1208054,0.0083458,0.570776,0.439262
1997/11/17 0:00,0.53441,1.448126,0.648249,0.600517,0.12081199999999999,0.0083458,0.570125,0.439762
1997/11/18 0:00,0.534314,1.446916,0.649328,0.601819,0.12078959999999998,0.0083458,0.569979,0.44103
1997/11/19 0:00,0.53496,1.442711,0.649556,0.600643,0.12079300000000001,0.0084042,0.572459,0.440406
1997/11/20 0:00,0.528706,1.442579,0.64924,0.60009,0.12081659999999998,0.0084042,0.572197,0.437812
1997/11/21 0:00,0.53015,1.452659,0.649279,0.601389,0.1207904,0.008345799999999999,0.57089,0.440612
1997/11/22 0:00,0.529359,1.45105,0.646842,0.598814,0.120814,0.0084042,0.571804,0.439374
1997/11/23 0:00,0.531853,1.457004,0.647375,0.604481,0.12079520000000002,0.0084042,0.572672,0.441373
1997/11/24 0:00,0.529064,1.453055,0.64491,0.601921,0.1207916,0.008481200000000001,0.57468,0.438962
1997/11/25 0:00,0.527414,1.453605,0.644739,0.598557,0.12081360000000001,0.008481200000000001,0.574399,0.43675
1997/11/26 0:00,0.52071,1.442756,0.641077,0.586699,0.1208086,0.0084042,0.572197,0.431277
1997/11/27 0:00,0.520402,1.456517,0.642167,0.58576,0.1208062,0.008345799999999999,0.571184,0.431964
1997/11/28 0:00,0.520406,1.455023,0.641945,0.5919,0.12080359999999998,0.0083732,0.571429,0.433513
1997/11/29 0:00,0.519352,1.46042,0.638727,0.597603,0.12081360000000001,0.0085978,0.572738,0.43442
1997/11/30 0:00,0.513605,1.4565,0.639836,0.592068,0.12080359999999998,0.0083732,0.571396,0.430421
1997/12/1 0:00,0.516702,1.46731,0.639987,0.602653,0.1208124,0.008495399999999998,0.575374,0.426857
1997/12/2 0:00,0.51685,1.46925,0.639276,0.604748,0.12080660000000001,0.008711799999999999,0.575457,0.425037
1997/12/3 0:00,0.514851,1.471314,0.639046,0.616542,0.12080739999999998,0.0088712,0.577284,0.423573
1997/12/4 0:00,0.50235,1.465404,0.6514852,0.622784,0.12079200000000001,0.008663599999999999,0.576951,0.411318
1997/12/5 0:00,0.49755,1.467066,0.6555063999999999,0.625399,0.12079759999999999,0.008663599999999999,0.576984,0.413043
1997/12/6 0:00,0.491599,1.468013,0.6570735999999999,0.626523,0.12080980000000001,0.008481200000000001,0.574548,0.411418
1997/12/7 0:00,0.492097,1.465704,0.6570736,0.629785,0.1208124,0.0086478,0.575457,0.411318
1997/12/8 0:00,0.484742,1.455972,0.6551468,0.633079,0.12081360000000001,0.008441,0.572951,0.40205
1997/12/9 0:00,0.491747,1.462769,0.656703,0.625606,0.12078459999999999,0.0088776,0.564892,0.402029
1997/12/10 0:00,0.4932,1.469909,0.8091386,0.629174,0.120814,0.008112000000000001,0.564302,0.407028
1997/12/11 0:00,0.491299,1.474408,0.8091386,0.624867,0.120794,0.0084122,0.565851,0.404338
1997/12/12 0:00,0.487995,1.4741,0.8100061999999999,0.620132,0.120807,0.008112000000000001,0.566813,0.40137
1997/12/13 0:00,0.491848,1.4721,0.8100061999999999,0.61556,0.120771,0.0083232,0.56646,0.406897
1997/12/14 0:00,0.495448,1.479002,0.8100061999999999,0.618487,0.120795,0.0089082,0.565307,0.406238
1997/12/15 0:00,0.4951,1.468553,0.8100061999999999,0.617189,0.120771,0.008112000000000001,0.562351,0.404897
1997/12/16 0:00,0.495848,1.47581,0.8100061999999999,0.615626,0.120771,0.008676,0.562746,0.406897
1997/12/17 0:00,0.5011,1.475702,0.8100061999999999,0.617303,0.120771,0.008676,0.562287,0.409686
1997/12/18 0:00,0.507151,1.483203,0.8091386,0.618684,0.120783,0.0083706,0.559362,0.414284
1997/12/19 0:00,0.5072,1.473003,0.8100061999999999,0.622045,0.120773,0.008112000000000001,0.557072,0.416225
1997/12/20 0:00,0.5007,1.45785,0.8091386,0.615162,0.120758,0.008112000000000001,0.554739,0.412459
1997/12/21 0:00,0.5022,1.450625,0.8091386,0.613977,0.120771,0.008112000000000001,0.551511,0.412943
1997/12/22 0:00,0.50135,1.443978,0.8100061999999999,0.607697,0.120798,0.008112000000000001,0.550131,0.414426
1997/12/23 0:00,0.51205,1.4517,0.8100061999999999,0.615304,0.1208,0.008112000000000001,0.550312,0.41974
1997/12/24 0:00,0.515453,1.448316,0.8091386,0.615001,0.120823,0.008112000000000001,0.552501,0.420916
1997/12/25 0:00,0.511602,1.447471,0.8100061999999999,0.611536,0.120773,0.008111799999999999,0.550464,0.47307999999999995
1997/12/26 0:00,0.510602,1.44605,0.8091386,0.609552,0.120818,0.0081718,0.550721,0.46503000000000005
1997/12/27 0:00,0.507404,1.443511,0.8100061999999999,0.610794,0.12078,0.0083176,0.549753,0.47307999999999995
1997/12/28 0:00,0.5087,1.432177,0.7767452,0.608169,0.120771,0.0081524,0.548712,0.46485699999999996
1997/12/29 0:00,0.5320436000000001,1.42398,0.63367,0.602712,0.120805,0.0080576,0.546926,0.47307999999999995
1997/12/30 0:00,0.57028,1.425072,0.636132,0.602217,0.120783,0.0083004,0.54784,0.47307999999999995
1997/12/31 0:00,0.6109636,1.428157,0.635214,0.603483,0.120797,0.0080968,0.5473,0.47307999999999995
1998/1/1 0:00,0.6490617999999999,1.42538,0.635419,0.604573,0.120806,0.0081254,0.548546,0.47307999999999995
1998/1/2 0:00,0.64806,1.435632,0.634357,0.605651,0.120768,0.0080484,0.54727,0.47307999999999995
1998/1/3 0:00,0.511321,1.453159,0.6564714,0.613742,0.120753,0.008061,0.546852,0.408902
1998/1/4 0:00,0.5100342,1.45076,0.6549252,0.615366,0.120795,0.008099400000000001,0.548381,0.4078582
1998/1/5 0:00,0.5100342,1.455,0.6549252,0.612257,0.120795,0.008099400000000001,0.548652,0.4078582
1998/1/6 0:00,0.6390802,1.4615,0.715544,0.613177,0.120818,0.008806999999999999,0.548441,0.4471274
1998/1/7 0:00,0.68192,1.4588,0.7367752,0.61024,0.12082,0.008785600000000001,0.54933,0.44919739999999997
1998/1/8 0:00,0.71996,1.4593,0.627963,0.608939,0.120821,0.008727,0.550131,0.46021
1998/1/9 0:00,0.655149,1.4636,0.625391,0.611247,0.120823,0.008839999999999999,0.551815,0.46317
1998/1/10 0:00,0.6202132,1.4542,0.625469,0.609793,0.120823,0.0085348,0.551709,0.46317
1998/1/11 0:00,0.5177756,1.4536,0.623908,0.611322,0.120824,0.008308,0.548697,0.4607716
1998/1/12 0:00,0.5219676,1.4409,0.62751,0.598337,0.120824,0.00822,0.54757,0.46317
1998/1/13 0:00,0.5236956,1.4417,0.627943,0.601558,0.120821,0.008228,0.548035,0.46138
1998/1/14 0:00,0.5250254,1.432,0.629961,0.601649,0.120817,0.008168,0.545852,0.4579746
1998/1/15 0:00,0.5247254,1.4277,0.629109,0.603519,0.120815,0.008138,0.54484,0.45058300000000007
1998/1/16 0:00,0.5234962000000001,1.4136,0.630517,0.602882,0.120815,0.008114,0.542667,0.4418098
1998/1/17 0:00,0.5250254,1.4192,0.627235,0.606281,0.120817,0.008154,0.544736,0.45299759999999994
1998/1/18 0:00,0.5231353999999999,1.4169,0.624493,0.604851,0.120818,0.008121,0.544425,0.45879000000000003
1998/1/19 0:00,0.5234962000000001,1.4114,0.624922,0.601938,0.120818,0.008068,0.544514,0.45879000000000003
1998/1/20 0:00,0.5251758000000001,1.4099,0.625489,0.599862,0.120818,0.008056,0.543907,0.45879000000000003
1998/1/21 0:00,0.5257358,1.4116,0.624805,0.601251,0.120818,0.008059,0.545346,0.45879000000000003
1998/1/22 0:00,0.5234962000000001,1.4149,0.627235,0.603245,0.120817,0.00807,0.54539,0.45879000000000003
1998/1/23 0:00,0.5231353999999999,1.4244,0.630955,0.606465,0.120817,0.008123,0.545792,0.4686
1998/1/24 0:00,0.5234962000000001,1.4266,0.632391,0.603938,0.120811,0.008075,0.545464,0.45879000000000003
1998/1/25 0:00,0.5234962000000001,1.4247,0.635789,0.609292,0.120811,0.008109,0.546001,0.4357298
1998/1/26 0:00,0.5234962000000001,1.4213,0.634035,0.604412,0.120817,0.008074,0.543892,0.45879000000000003
1998/1/27 0:00,0.5234962000000001,1.4217,0.636436,0.604887,0.120815,0.008055,0.544677,0.45879000000000003
1998/1/28 0:00,0.5258157999999999,1.4154,0.635586,0.602591,0.120814,0.008053,0.545167,0.45879000000000003
1998/1/29 0:00,0.530325,1.4282,0.635647,0.607017,0.120814,0.008021,0.546732,0.45879000000000003
1998/1/30 0:00,0.5299386,1.43325,0.63478,0.602954,0.120814,0.007966,0.545479,0.45879000000000003
1998/1/31 0:00,0.5257358,1.4347,0.633633,0.601251,0.120817,0.007933,0.545643,0.45879000000000003
1998/2/1 0:00,0.5299386,1.4369,0.633754,0.603064,0.12082,0.007921,0.545673,0.45879000000000003
1998/2/2 0:00,0.5234962000000001,1.447,0.638447,0.608902,0.12082,0.007933,0.546448,0.45879000000000003
1998/2/3 0:00,0.5267557999999999,1.4417,0.637714,0.60529,0.120821,0.007927,0.546299,0.46137999999999996
1998/2/4 0:00,0.5366694,1.45335,0.641355,0.613346,0.12082,0.007856,0.544381,0.45879000000000003
1998/2/5 0:00,0.5234962000000001,1.4597,0.638978,0.61222,0.120818,0.007841,0.544247,0.45879000000000003
1998/2/6 0:00,0.5300292000000001,1.4563,0.635243,0.61177,0.12082,0.007828,0.544573,0.4587899999999999
1998/2/7 0:00,0.5364882,1.451,0.63484,0.610426,0.120821,0.007803,0.545881,0.46138
1998/2/8 0:00,0.5366694,1.4494,0.633312,0.61361,0.120823,0.007781,0.544218,0.46317
1998/2/9 0:00,0.5791352,1.5124400000000002,0.630736,0.604485,0.120821,0.007717,0.544514,0.45734
1998/2/10 0:00,0.7178100000000001,1.53339,0.62692,0.593542,0.120821,0.007649,0.542594,0.45734
1998/2/11 0:00,0.71801,1.53293,0.624493,0.591366,0.120821,0.007644,0.5437,0.45734
1998/2/12 0:00,0.6693800000000001,1.5337800000000001,0.6259,0.595238,0.120823,0.007594,0.539142,0.46158
1998/2/13 0:00,0.67062,1.53293,0.627727,0.596944,0.120821,0.007612,0.54019,0.45734
1998/2/14 0:00,0.6271500000000001,1.53126,0.628082,0.601431,0.120823,0.007598,0.541565,0.46152
1998/2/15 0:00,0.6803156,1.5337800000000001,0.626253,0.608014,0.120823,0.007567,0.539884,0.46158
1998/2/16 0:00,0.72285,1.5317400000000003,0.626253,0.605877,0.120823,0.007592,0.540789,0.46152
1998/2/17 0:00,0.6775018,1.5328400000000002,0.626782,0.604942,0.120823,0.007643,0.542446,0.46152
1998/2/18 0:00,0.72285,1.53249,0.6259,0.606134,0.12082,0.007628,0.542094,0.46364
1998/2/19 0:00,0.76886,1.53464,0.626645,0.604047,0.120821,0.007534,0.540906,0.45734
1998/2/20 0:00,0.72131,1.53293,0.625782,0.603573,0.120821,0.007522,0.540599,0.45734
1998/2/21 0:00,0.7222700000000001,1.5320700000000003,0.626017,0.602156,0.120823,0.007561,0.5428,0.46092000000000005
1998/2/22 0:00,0.530302,1.4426104,0.624512,0.601884,0.120823,0.007559,0.541932,0.42435
1998/2/23 0:00,0.5307854000000001,1.423,0.627156,0.603682,0.120821,0.007575,0.54539,0.42245
1998/2/24 0:00,0.5280623999999999,1.4530904000000002,0.629089,0.60183,0.120821,0.007627,0.547555,0.42415
1998/2/25 0:00,0.5293620000000001,1.4249104,0.626331,0.601685,0.120821,0.007579,0.545554,0.4211
1998/2/26 0:00,0.5319307999999999,1.4896022,0.62054,0.5997,0.12082,0.007571,0.545405,0.42145
1998/2/27 0:00,0.5343636,1.4790104000000002,0.618582,0.60241,0.120821,0.007554,0.545316,0.4246
1998/2/28 0:00,0.5313924,1.4790104000000002,0.620155,0.601685,0.12082,0.007543,0.545539,0.42735
1998/3/1 0:00,0.53247,1.5053104,0.621697,0.601866,0.120821,0.0093872,0.543331,0.42925
1998/3/2 0:00,0.5823015999999999,1.4844317999999999,0.624376,0.598408,0.120824,0.0088454,0.543774,0.4266
1998/3/3 0:00,0.5270339999999999,1.7324418000000001,0.623519,0.597657,0.120821,0.0086184,0.5860612,0.4271
1998/3/4 0:00,0.5204542,1.7145824,0.621987,0.587458,0.120824,0.0085686,0.5922978,0.42365
1998/3/5 0:00,0.5191318,1.7140946,0.623986,0.586235,0.120821,0.008618400000000002,0.5922978,0.42225
1998/3/6 0:00,0.5163819999999999,1.7301614,0.62822,0.58782,0.120823,0.0085686,0.5922978,0.42065
1998/3/7 0:00,0.6266012,1.712941,0.629901,0.584761,0.120824,0.008618399999999998,0.5922978,0.4163
1998/3/8 0:00,0.50825,1.7066400000000002,0.627805,0.581328,0.120824,0.008525399999999999,0.5922978,0.417
1998/3/9 0:00,0.50965,1.445012,0.628852,0.582479,0.12077719999999999,0.008411,0.5608625999999999,0.41715
1998/3/10 0:00,0.51075,1.4511488,0.626233,0.589206,0.120779,0.0079044,0.5507101999999999,0.4181
1998/3/11 0:00,0.50955,1.4499115999999999,0.6405258,0.589518,0.1207716,0.008049,0.5559464000000001,0.41705
1998/3/12 0:00,0.50865,1.4420906,0.6497548,0.589692,0.1207712,0.008225399999999999,0.557161,0.4113694
1998/3/13 0:00,0.50925,1.44405,0.652181,0.591856,0.120771,0.008076400000000001,0.5519822,0.41057179999999993
1998/3/14 0:00,0.51055,1.44405,0.6522456,0.591926,0.12078440000000001,0.007936799999999999,0.557803,0.4076778
1998/3/15 0:00,0.51265,1.4492082,0.6453696,0.59393,0.120789,0.007925,0.5530155999999999,0.4175205999999999
1998/3/16 0:00,0.50915,1.451689,0.6521896,0.592979,0.1207674,0.008076400000000001,0.5519822000000001,0.41057180000000004
1998/3/17 0:00,0.51005,1.4459993999999998,0.6483496000000001,0.587993,0.120803,0.0082326,0.5622914,0.41375419999999996
1998/3/18 0:00,0.51725,1.4292835999999998,0.6563422,0.589136,0.12077059999999999,0.008043400000000001,0.5563414,0.4125272
1998/3/19 0:00,0.51715,1.4292835999999998,0.6563422,0.589067,0.12077059999999999,0.008100199999999998,0.5563414,0.4125272
1998/3/20 0:00,0.51825,1.4295524,0.6481686,0.587959,0.12080280000000002,0.008152,0.5563716000000001,0.4191592
1998/3/21 0:00,0.51875,1.4330664,0.6521998,0.592347,0.1207644,0.0080824,0.5534738000000001,0.41956119999999997
1998/3/22 0:00,0.51725,1.4360398,0.6519436,0.587786,0.12080379999999999,0.008043400000000001,0.5563414,0.41498359999999995
1998/3/23 0:00,0.51715,1.4360398,0.6519436,0.587976,0.1207994,0.008100199999999998,0.5563414,0.41583319999999996
1998/3/24 0:00,0.51365,1.4336366,0.642693,0.591139,0.1207914,0.008069,0.557803,0.41789819999999994
1998/3/25 0:00,0.51375,1.4318576,0.6475754,0.588893,0.12077420000000001,0.0081996,0.5632998,0.41654160000000007
1998/3/26 0:00,0.51375,1.4542358,0.6426662000000001,0.58548,0.1207956,0.008394,0.5610422,0.414823
1998/3/27 0:00,0.51555,1.4452066000000001,0.6476838,0.586304,0.12079780000000002,0.008378,0.5563414,0.4143085999999999
1998/3/28 0:00,0.51725,1.4292835999999998,0.6587018,0.588963,0.12077059999999999,0.008043400000000001,0.5563414,0.4125272
1998/3/29 0:00,0.51925,1.4403565999999999,0.6413868,0.585703,0.12079599999999999,0.008388600000000001,0.5621202000000001,0.4197314
1998/3/30 0:00,0.52025,1.4368022,0.6482635999999999,0.588547,0.1207886,0.0081794,0.5573346,0.41937379999999996
1998/3/31 0:00,0.52055,1.4353774000000001,0.6474328,0.590702,0.12079100000000001,0.0080856,0.5555580000000001,0.4174268
1998/4/1 0:00,0.52275,1.4559094,0.6492922,0.594106,0.1207928,0.008178399999999999,0.5502342,0.4209106
1998/4/2 0:00,0.52525,1.4496444,0.6427938,0.599449,0.1208094,0.0080328,0.5506066,0.42427100000000006
1998/4/3 0:00,0.52305,1.4534234,0.6461938,0.593067,0.120776,0.0080526,0.5568812000000001,0.4209106
1998/4/4 0:00,0.52195,1.45358,0.6487626000000001,0.595344,0.1208008,0.008098600000000001,0.551787,0.42148640000000004
1998/4/5 0:00,0.51975,1.4443929999999998,0.6477276,0.595274,0.1208008,0.008078,0.5455614000000001,0.4214372
1998/4/6 0:00,0.52005,1.4432323999999999,0.6444876,0.596979,0.12080199999999999,0.0080816,0.552016,0.4237334
1998/4/7 0:00,0.52575,1.4289744,0.631567,0.601793,0.1208212,0.0077047999999999995,0.5447822,0.4234682
1998/4/8 0:00,0.52545,1.424626,0.6426144,0.602664,0.1208098,0.007980600000000001,0.545111,0.4241682
1998/4/9 0:00,0.52335,1.4245,0.6505324,0.602954,0.1207968,0.0080244,0.5461986,0.4218928
1998/4/10 0:00,0.53035,1.4287,0.6413648,0.604485,0.120806,0.007598200000000001,0.5441112,0.4243544
1998/4/11 0:00,0.53015,1.4281814,0.6358788000000001,0.603427,0.12081120000000001,0.0078452,0.5447038000000001,0.4294808
1998/4/12 0:00,0.53255,1.4327999999999999,0.6264944000000001,0.601486,0.12082040000000001,0.0078232,0.5453089999999999,0.4276512
1998/4/13 0:00,0.52995,1.4371222,0.6322576000000001,0.600709,0.1207856,0.007947,0.5494701999999999,0.43098920000000007
1998/4/14 0:00,0.52765,1.7471316000000001,0.7216242,0.599449,0.120815,0.0083136,0.5750316,0.5233800000000001
1998/4/15 0:00,0.52785,1.695974,0.7090691999999998,0.595841,0.120814,0.0083622,0.5749002,0.51664
1998/4/16 0:00,0.53355,1.6578586000000002,0.7024028,0.594583,0.120811,0.0087984,0.575026,0.5268012
1998/4/17 0:00,0.53355,1.6580386,0.7024028,0.595912,0.120811,0.0087218,0.5732374,0.5268012
1998/4/18 0:00,0.53495,1.6621586000000002,0.7024028,0.601793,0.120811,0.008707000000000001,0.5723290000000001,0.5268012
1998/4/19 0:00,0.53435,1.6711715999999999,0.6796314000000001,0.601251,0.120814,0.0083524,0.5759418000000001,0.5235700000000001
1998/4/20 0:00,0.53275,1.6291602,0.6920072,0.602954,0.120812,0.008676,0.5700314000000001,0.5229212000000001
1998/4/21 0:00,0.53155,1.7509115999999998,0.7208202,0.599916,0.120815,0.008323600000000002,0.5765362,0.54224
1998/4/22 0:00,0.53015,1.7737516000000002,0.7275092,0.600402,0.120817,0.0090086,0.5758202000000001,0.5044090000000001
1998/4/23 0:00,0.52785,1.7509115999999998,0.7266627999999999,0.596694,0.120815,0.0083504,0.5780182,0.52736
1998/4/24 0:00,0.52845,1.8154400000000002,0.7373408,0.600384,0.120818,0.008808199999999999,0.5836226000000001,0.59284
1998/4/25 0:00,0.53035,1.7471316000000001,0.7205536,0.598623,0.120815,0.0083436,0.576022,0.5438000000000001
1998/4/26 0:00,0.53475,1.7003902,0.7012316000000001,0.602664,0.120812,0.0087554,0.5758546000000001,0.5199512000000001
1998/4/27 0:00,0.53385,1.695974,0.7090691999999998,0.600258,0.120814,0.008373,0.5759418000000001,0.5235700000000001
1998/4/28 0:00,0.53165,1.7509115999999998,0.7205536,0.599341,0.120815,0.0083056,0.5758523999999999,0.5326799999999999
1998/4/29 0:00,0.53355,1.695974,0.7101398000000001,0.600709,0.120814,0.0083918,0.5758156,0.53218
1998/4/30 0:00,0.53785,1.695974,0.7101398000000001,0.60595,0.120814,0.0083524,0.575236,0.5235700000000001
1998/5/1 0:00,0.53845,1.695974,0.7100914,0.607128,0.120814,0.008374799999999998,0.5762604,0.5256700000000001
1998/5/2 0:00,0.54015,1.5812940000000002,0.6854214,0.60698,0.120809,0.0083116,0.5719882,0.5157708
1998/5/3 0:00,0.53945,1.695974,0.7101398000000001,0.605144,0.120814,0.008377399999999998,0.5745189999999999,0.52222
1998/5/4 0:00,0.53825,1.5449920000000001,0.675201,0.60595,0.120812,0.0088458,0.549813,0.48436
1998/5/5 0:00,0.54365,1.54686,0.8096772,0.609162,0.120811,0.008112000000000001,0.551207,0.44935
1998/5/6 0:00,0.54405,1.59996,0.8091386,0.613855,0.120811,0.008112000000000001,0.552578,0.4507
1998/5/7 0:00,0.54405,1.59996,0.8096772,0.615669,0.120812,0.008112000000000001,0.554324,0.44975
1998/5/8 0:00,0.53925,1.59996,0.8095723999999999,0.617742,0.120817,0.008112000000000001,0.552578,0.448
1998/5/9 0:00,0.53835,1.59996,0.8100061999999999,0.618448,0.120812,0.008112000000000001,0.551025,0.44755
1998/5/10 0:00,0.54015,1.7757100000000001,0.6874971999999999,0.62422,0.120812,0.0084358,0.5747988,0.44805
1998/5/11 0:00,0.53475,1.7445499999999998,0.640123,0.621388,0.120812,0.008359799999999999,0.5719882,0.44515
1998/5/12 0:00,0.53965,1.7445499999999998,0.639591,0.629366,0.120812,0.008357999999999999,0.5719882,0.4489
1998/5/13 0:00,0.54035,1.7445499999999998,0.63804,0.631513,0.120809,0.008415999999999998,0.5733282,0.4487
1998/5/14 0:00,0.53925,1.7445499999999998,0.638284,0.628457,0.120809,0.0083768,0.5730332,0.44835
1998/5/15 0:00,0.53945,1.7445499999999998,0.636902,0.621581,0.120808,0.0084118,0.5731066,0.4493
1998/5/16 0:00,0.54285,1.7445499999999998,0.638692,0.625274,0.120808,0.0084118,0.5722646,0.45135
1998/5/17 0:00,0.54385,1.7431699999999999,0.642261,0.627825,0.120815,0.008358,0.5720869999999999,0.4533
1998/5/18 0:00,0.54745,1.7445300000000004,0.643211,0.626802,0.120818,0.008561000000000001,0.580148,0.45625
1998/5/19 0:00,0.54805,1.7445300000000004,0.641766,0.619444,0.120817,0.008523600000000001,0.580148,0.4559
1998/5/20 0:00,0.54795,1.74437,0.643294,0.623131,0.120818,0.0085774,0.5798914,0.45815
1998/5/21 0:00,0.54875,1.7445499999999998,0.642921,0.626331,0.12082,0.008561000000000001,0.580148,0.4605
1998/5/22 0:00,0.55165,1.7451800000000002,0.646956,0.633633,0.120818,0.0085774,0.580148,0.4637
1998/5/23 0:00,0.55565,1.675,0.648677,0.633854,0.120818,0.007976,0.5801406,0.4668
1998/5/24 0:00,0.55685,1.7378900000000002,0.649857,0.633995,0.120818,0.008061,0.5737133999999999,0.4682
1998/5/25 0:00,0.55775,1.73505,0.652529,0.637308,0.120817,0.008044,0.580148,0.4729
1998/5/26 0:00,0.55525,1.7448900000000003,0.651254,0.633473,0.120815,0.007994,0.580148,0.4683
1998/5/27 0:00,0.55655,1.7445499999999998,0.652146,0.631912,0.120815,0.008016,0.580148,0.4711
1998/5/28 0:00,0.55615,1.7445499999999998,0.652188,0.631951,0.120818,0.008011,0.580148,0.4738
1998/5/29 0:00,0.56165,1.73505,0.652955,0.635405,0.120823,0.00803,0.5863178,0.47645
1998/5/30 0:00,0.56295,1.73505,0.651593,0.637308,0.120823,0.008039,0.5863178,0.4768
1998/5/31 0:00,0.56355,1.7285499999999998,0.651678,0.639816,0.120823,0.008096,0.5863178,0.4749
1998/6/1 0:00,0.57145,1.7594614,0.654965,0.640287,0.120821,0.008085,0.5863178,0.48595
1998/6/2 0:00,0.57245,1.5324900000000001,0.653211,0.639284,0.12082,0.008061,0.5737793999999999,0.46691000000000005
1998/6/3 0:00,0.57375,1.58335,0.652486,0.638692,0.120818,0.008035,0.5767975999999999,0.49746999999999997
1998/6/4 0:00,0.57385,1.6307000000000003,0.652273,0.642013,0.120817,0.008051,0.577083,0.5025999999999999
1998/6/5 0:00,0.57065,1.6294700000000002,0.651721,0.641952,0.120817,0.008024,0.5735348,0.4807499999999999
1998/6/6 0:00,0.56775,1.6306999999999998,0.64973,0.641355,0.120817,0.008018,0.5770829999999999,0.5025999999999999
1998/6/7 0:00,0.56905,1.53249,0.650703,0.642921,0.12082,0.007983,0.558581,0.46233
1998/6/8 0:00,0.57025,1.5324900000000001,0.651169,0.639182,0.120818,0.007956,0.55966,0.46233
1998/6/9 0:00,0.56585,1.53249,0.649562,0.639202,0.120818,0.007992,0.559942,0.46109
1998/6/10 0:00,0.56045,1.5320700000000003,0.646705,0.640636,0.120846,0.008054,0.559237,0.46092000000000005
1998/6/11 0:00,0.55875,1.53249,0.646621,0.639795,0.120812,0.008047,0.558972,0.46109
1998/6/12 0:00,0.5234962000000001,1.53249,0.647375,0.645494,0.120809,0.008045,0.557849,0.46054000000000006
1998/6/13 0:00,0.5207158,1.53249,0.649182,0.65102,0.120811,0.008069,0.560255,0.46109
1998/6/14 0:00,0.5234962000000001,1.53249,0.654579,0.656254,0.120814,0.008097,0.562193,0.45201
1998/6/15 0:00,0.520296,1.53249,0.657203,0.660764,0.120815,0.008216,0.564493,0.46134000000000003
1998/6/16 0:00,0.5236566,1.53249,0.657376,0.661463,0.120817,0.008212,0.565547,0.46134000000000003
1998/6/17 0:00,0.5236560000000001,1.53249,0.659848,0.667468,0.120815,0.00824,0.565451,0.46109
1998/6/18 0:00,0.5177756,1.53249,0.658631,0.668941,0.120814,0.008321,0.565771,0.4432264
1998/6/19 0:00,0.6137932,1.53249,0.661726,0.672178,0.120815,0.007685,0.565931,0.47856
1998/6/20 0:00,0.6519816,1.53249,0.659674,0.675356,0.120815,0.007685,0.565787,0.47396000000000005
1998/6/21 0:00,0.6596212000000001,1.53249,0.659413,0.6744,0.120817,0.008085199999999999,0.565243,0.47352
1998/6/22 0:00,0.6496804,1.53249,0.654707,0.672585,0.120817,0.008088399999999999,0.565451,0.47396000000000005
1998/6/23 0:00,0.591657,1.53249,0.652571,0.669389,0.12082,0.0079574,0.565531,0.46309000000000006
1998/6/24 0:00,0.623371,1.61438,0.654151,0.7723174,0.12082,0.008675800000000001,0.565099,0.5510900000000001
1998/6/25 0:00,0.713931,1.5311400000000002,0.657117,0.7302814,0.120821,0.0092206,0.567924,0.532569
1998/6/26 0:00,0.74829,1.56975,0.659413,0.7654487999999999,0.120823,0.0093714,0.569476,0.45219899999999996
1998/6/27 0:00,0.7135309999999999,1.58346,0.657678,0.7302814,0.120821,0.0087404,0.571102,0.48996900000000004
1998/6/28 0:00,0.64611,1.63035,0.7012942,0.7000284,0.12082,0.008360999999999999,0.571494,0.519364
1998/6/29 0:00,0.61556,1.5324700000000002,0.6676652,0.6658158000000001,0.120821,0.009032,0.573132,0.4907874
1998/6/30 0:00,0.5636099999999999,1.7508499999999998,0.6838219999999999,0.7154674,0.120817,0.008735999999999999,0.575175,0.5411572
1998/7/1 0:00,0.5413702,1.6319246,0.7041456,0.7112651999999999,0.120818,0.008411,0.574878,0.46262
1998/7/2 0:00,0.66835,1.5995000000000001,0.7084402,0.726607,0.12082,0.008524599999999998,0.574696,0.4827
1998/7/3 0:00,0.5541499999999999,1.62412,0.7135616,0.7056308,0.120818,0.0085228,0.577101,0.48775
1998/7/4 0:00,0.57987,1.60733,0.7321268,0.7205314,0.120817,0.0085382,0.576602,0.4805
1998/7/5 0:00,0.52981,1.59599,0.6797578,0.6143411999999999,0.120815,0.0084846,0.573888,0.4742
1998/7/6 0:00,0.5591309999999999,1.62699,0.7115,0.7432804,0.120818,0.008538599999999999,0.574185,0.4693
1998/7/7 0:00,0.57987,1.62164,0.6979762,0.7432709999999999,0.120817,0.0083512,0.573888,0.4682
1998/7/8 0:00,0.68079,1.53517,0.6877184,0.6658158000000001,0.120821,0.0087916,0.566926,0.4695
1998/7/9 0:00,0.7259,1.5070551999999997,0.6326653999999999,0.6253944,0.120823,0.0077598,0.5488044000000001,0.4678
1998/7/10 0:00,0.69759,1.49938,0.6426318,0.6152038,0.120821,0.0078394,0.5494424,0.4651
1998/7/11 0:00,0.71205,1.5049351999999998,0.6496522,0.6279496,0.120823,0.0077598,0.5488044000000001,0.46195
1998/7/12 0:00,0.68187,1.6122699999999999,0.7169365999999999,0.679081,0.12082,0.0084236,0.563434,0.4636
1998/7/13 0:00,0.69401,1.4868999999999999,0.6271316,0.6541412,0.120821,0.008156,0.5436030000000001,0.4574
1998/7/14 0:00,0.66835,1.6023600000000002,0.701705,0.70357,0.12082,0.0086264,0.5637532000000001,0.453
1998/7/15 0:00,0.5812804,1.48347,0.631212,0.6382364,0.120818,0.008206000000000001,0.5444878,0.45485
1998/7/16 0:00,0.6806300000000001,1.5311,0.6959264,0.6212719999999999,0.120821,0.007904999999999999,0.5584736,0.4541
1998/7/17 0:00,0.72551,1.5247,0.6609022,0.6447102000000001,0.120823,0.007957599999999999,0.55881,0.4579
1998/7/18 0:00,0.6332099999999999,1.53115,0.677318,0.6600372,0.12082,0.0082,0.5614332,0.46325
1998/7/19 0:00,0.6806300000000001,1.5379,0.6441958,0.6213596000000001,0.120821,0.008195,0.5470628,0.4571
1998/7/20 0:00,0.72117,1.5355,0.6710298,0.6259864,0.120823,0.008082599999999999,0.5875819999999999,0.46285
1998/7/21 0:00,0.63719,1.535,0.677318,0.6541952,0.12082,0.008133999999999999,0.5605598,0.4658
1998/7/22 0:00,0.6649499999999999,1.5397,0.6740778000000001,0.6672564,0.12082,0.0084022,0.563434,0.468
1998/7/23 0:00,0.6373099999999999,1.5271,0.67337,0.6716476,0.12082,0.0083558,0.5637532000000001,0.466
1998/7/24 0:00,0.68187,1.5295,0.6780076,0.6593098000000001,0.12082,0.0083382,0.5628232,0.4698
1998/7/25 0:00,0.7686300000000001,1.5307,0.736678,0.667557,0.120823,0.0096212,0.5827798000000001,0.6321100000000001
1998/7/26 0:00,0.76881,1.5201,0.7262788,0.65822,0.120823,0.009532,0.5797048,0.6325299999999999
1998/7/27 0:00,0.6819200000000001,1.5222,0.7084422,0.661113,0.120821,0.0088544,0.5803081999999999,0.5881574
1998/7/28 0:00,0.71996,1.5217,0.642674,0.660349,0.120821,0.0084098,0.5726628,0.49625
1998/7/29 0:00,0.71996,1.5336,0.643832,0.670916,0.120821,0.0084098,0.5726628,0.48446
1998/7/30 0:00,0.6851499999999999,1.53345,0.641149,0.665956,0.12082,0.0084098,0.574958,0.49673999999999996
1998/7/31 0:00,0.6410199999999999,1.5489,0.641313,0.669389,0.120821,0.0084098,0.5726628,0.49625
1998/8/1 0:00,0.61607,1.54945,0.64156,0.667312,0.120821,0.0084098,0.5741196000000001,0.49775
1998/8/2 0:00,0.71996,1.5487,0.642178,0.668628,0.120818,0.008424599999999999,0.5759002000000001,0.48629
1998/8/3 0:00,0.6886308,1.6423776,0.64433,0.679625,0.120817,0.0086484,0.5758202000000001,0.5066900000000001
1998/8/4 0:00,0.6762499999999999,1.6423776,0.637349,0.677599,0.120815,0.008315600000000001,0.575913,0.51683
1998/8/5 0:00,0.7222999999999999,1.6425076,0.636213,0.678702,0.120814,0.008368,0.5742742,0.51363
1998/8/6 0:00,0.71996,1.6425075999999996,0.64119,0.672857,0.120817,0.008630599999999999,0.5758202,0.5285200000000001
1998/8/7 0:00,0.6851499999999999,1.6423776,0.636011,0.6664,0.120817,0.008638400000000001,0.5758202000000001,0.5066900000000001
1998/8/8 0:00,0.71996,1.6440876,0.633714,0.664319,0.120817,0.008648600000000001,0.5758202,0.52852
1998/8/9 0:00,0.71996,1.53249,0.630477,0.668494,0.12082,0.0084098,0.574958,0.50003
1998/8/10 0:00,0.6917724,1.53249,0.632831,0.662383,0.12082,0.0084098,0.5755494,0.49689000000000005
1998/8/11 0:00,0.6428448,1.524764,0.632471,0.658241,0.1626782,0.009094,0.6004515999999999,0.5230737999999999
1998/8/12 0:00,0.6257254000000001,1.5182164,0.632231,0.663262,0.1625492,0.009079,0.5928132,0.5353602000000001
1998/8/13 0:00,0.54785,1.50424,0.633593,0.665447,0.173142,0.0077285999999999995,0.5797316,0.53916
1998/8/14 0:00,0.54945,1.49024,0.7314298,0.674809,0.1517514,0.008510799999999999,0.6305651999999999,0.5958
1998/8/15 0:00,0.54595,1.49558,0.7349188,0.669882,0.16184839999999998,0.008267199999999999,0.6148968,0.54926
1998/8/16 0:00,0.54345,1.50799,0.6990947999999999,0.667156,0.14148739999999999,0.0082886,0.6323364,0.5865
1998/8/17 0:00,0.54225,1.50799,0.7133326,0.667423,0.14148739999999999,0.0079504,0.6224466,0.5660000000000001
1998/8/18 0:00,0.54665,1.50867,0.6990947999999999,0.667111,0.14148739999999999,0.0082886,0.6322740000000001,0.5879
1998/8/19 0:00,0.54465,1.5004000000000002,0.7335368000000001,0.666289,0.16252359999999996,0.0084968,0.6280036,0.54538
1998/8/20 0:00,0.54365,1.49464,0.7142272000000001,0.669792,0.1515376,0.008267199999999999,0.6145408000000001,0.54926
1998/8/21 0:00,0.54375,1.53836,0.711257,0.67815,0.1628454,0.008400000000000001,0.6472538,0.58746
1998/8/22 0:00,0.7062999999999999,1.6078800000000002,0.7263968000000001,0.671096,0.15679579999999999,0.007011000000000001,0.5962538000000001,0.5856600000000001
1998/8/23 0:00,0.6738094,1.6144647999999997,0.7447552,0.676613,0.1521574,0.0080866,0.6017889999999999,0.548049
1998/8/24 0:00,0.73828,1.7009172,0.7900166000000001,0.676842,0.1670886,0.007697,0.5892714,0.6206999999999999
1998/8/25 0:00,0.7035868,1.5789483999999998,0.7633722,0.670691,0.16596480000000002,0.0065048,0.5712945999999999,0.5629571999999999
1998/8/26 0:00,0.7469999999999999,1.6145600000000002,0.7802004,0.671908,0.1899112,0.007672400000000001,0.6026828,0.58106
1998/8/27 0:00,0.688336,1.6053636,0.743713,0.667379,0.1674524,0.0072522,0.5785454000000001,0.5837142
1998/8/28 0:00,0.6919494,1.6144648000000004,0.7174332,0.67659,0.17033840000000003,0.008086600000000001,0.6083088,0.548049
1998/8/29 0:00,0.704527,1.6238168000000002,0.7700096000000001,0.673469,0.177544,0.0070142,0.5651582,0.5643564
1998/8/30 0:00,0.6797118,1.6684093999999998,0.7307499999999999,0.675265,0.17758020000000002,0.0076912000000000005,0.6125764,0.61332
1998/8/31 0:00,0.6782518000000001,1.653226,0.7318745999999999,0.674946,0.149201,0.008395,0.6038654000000001,0.5808594
1998/9/1 0:00,0.8036036649590164,1.6188703471007122,0.8198973298002445,0.8519816192229039,0.14586911097536143,0.00931116472034419,0.6845351711065575,0.659599469057377
1998/9/2 0:00,0.8036036649590164,1.6188703471007122,0.8198973298002445,0.8519816192229039,0.14586911097536143,0.00931116472034419,0.6845351711065575,0.659599469057377
1998/9/3 0:00,0.8036036649590164,1.6188703471007122,0.8198973298002445,0.8519816192229039,0.14586911097536143,0.00931116472034419,0.6845351711065575,0.659599469057377
1998/9/4 0:00,0.8036036649590164,1.6188703471007122,0.8198973298002445,0.8519816192229039,0.14586911097536143,0.00931116472034419,0.6845351711065575,0.659599469057377
1998/9/5 0:00,0.7137903999999999,1.7828094,0.7917888,0.763158,0.1462244,0.007988,0.6135274,0.5892722
1998/9/6 0:00,0.6489195999999999,1.7336896000000004,0.7363964,0.7653086,0.1525002,0.008026,0.6047096,0.5141594
1998/9/7 0:00,0.6489195999999999,1.7336896000000004,0.7363964,0.7653086,0.1525002,0.008026,0.6047096,0.5141594
1998/9/8 0:00,0.7171744,1.6268764,0.7569448,0.8178236,0.15918859999999999,0.008049,0.6816907999999999,0.6655342
1998/9/9 0:00,0.6892192,1.5623049999999998,0.7638854,0.9805444000000001,0.1470314,0.008091,0.6997622000000001,0.5982633999999999
1998/9/10 0:00,0.6779294,1.5153481999999998,0.7016458,0.9023755999999998,0.142229,0.008137,0.643442,0.6090671999999999
1998/9/11 0:00,0.6806418,1.4927172,0.704964,0.9029029999999999,0.1494722,0.008138,0.6430668,0.6083224
1998/9/12 0:00,0.8244499999999999,1.80351,0.8083221999999999,0.7236064000000001,0.1390028,0.008175,0.5852482,0.4964
1998/9/13 0:00,0.8283200000000001,1.93215,0.9190668000000001,0.7994466,0.1392102,0.008191,0.6127324,0.49615
1998/9/14 0:00,0.77089,1.77116,0.8167648,0.7176966,0.13622739999999997,0.008205,0.6149764,0.4983
1998/9/15 0:00,0.8034700000000001,1.8496099999999998,0.8256884000000001,0.7678283999999999,0.1397306,0.008247,0.6455072,0.49895
1998/9/16 0:00,0.74672,1.7492699999999999,0.717707,0.7818668000000001,0.15879300000000002,0.008347,0.632949,0.49815
1998/9/17 0:00,0.7713300000000001,1.72274,0.8201704,0.7964366,0.13752559999999997,0.008367,0.6461136,0.4936
1998/9/18 0:00,0.74672,1.7492699999999999,0.6886490000000001,0.7818668000000001,0.15879300000000002,0.00835,0.6364306,0.4931
1998/9/19 0:00,0.7417900000000002,1.7137999999999998,0.8219025999999999,0.8025321999999999,0.1600892,0.00833,0.6418189999999999,0.4969
1998/9/20 0:00,0.7580600000000002,1.77276,0.7209452000000001,0.7259376,0.13565119999999997,0.008305,0.6127781999999999,0.49985
1998/9/21 0:00,0.7580600000000001,1.77276,0.7676722,0.7453474,0.1476426,0.0083,0.6078593999999999,0.49965
1998/9/22 0:00,0.52981,1.5458322,0.6737439999999999,0.6434894,0.120815,0.008249,0.567336,0.49765
1998/9/23 0:00,0.5298099999999999,1.5458322,0.6737439999999999,0.6408708,0.120815,0.008173,0.567336,0.4963
1998/9/24 0:00,0.7976,1.72498,0.7534114,0.6772282,0.13452480000000003,0.008156,0.5643418,0.49735
1998/9/25 0:00,0.76287,1.76892,0.7721737999999999,0.6772282000000001,0.120256,0.008149,0.5802886,0.50215
1998/9/26 0:00,0.74171,1.75804,0.769383,0.724908,0.14778819999999998,0.008126,0.5940702,0.51415
1998/9/27 0:00,0.8571,2.01812,0.8764206,0.7591056,0.1392102,0.008189,0.564239,0.4995
1998/9/28 0:00,0.83851,1.9970299999999999,0.8236538,0.7876248,0.15056540000000002,0.008218,0.566765,0.4956
1998/9/29 0:00,0.8257199999999999,1.83491,0.8734706000000001,0.7591056,0.1294458,0.008173,0.566348,0.49455
1998/9/30 0:00,0.82378,1.9210999999999998,0.8783684,0.7591056,0.138977,0.008185,0.567537,0.4951
1998/10/1 0:00,0.82316,1.7752400000000002,0.8191049999999999,0.746475,0.136663,0.008158,0.565867,0.4982
1998/10/2 0:00,0.61701,1.49438,0.721995,0.6473424000000001,0.1429148,0.008023,0.56427,0.49765
1998/10/3 0:00,0.6170100000000001,1.49438,0.721995,0.6473424,0.1429148,0.008024,0.564908,0.498
1998/10/4 0:00,0.6419400000000001,1.5352999999999999,0.722669,0.6595676,0.1426226,0.008029,0.564653,0.50105
1998/10/5 0:00,0.6794199999999999,1.5272999999999999,0.774516,0.6804938,0.1621282,0.00798,0.563,0.5012
1998/10/6 0:00,0.7785799999999999,1.83811,0.8518041999999999,0.6885304,0.12675940000000002,0.008087,0.566316,0.50385
1998/10/7 0:00,0.77858,1.6674599999999997,0.8106078,0.6885304000000001,0.132864,0.008089,0.567408,0.5029
1998/10/8 0:00,0.79322,1.7715600000000002,0.7432063999999999,0.746475,0.13194979999999998,0.00815,0.568182,0.5085
1998/10/9 0:00,0.52981,1.561931,0.6676610000000001,0.6387712,0.120815,0.008292,0.572246,0.51265
1998/10/10 0:00,0.52981,1.561931,0.6676610000000001,0.638721,0.120815,0.008243,0.571984,0.51455
1998/10/11 0:00,0.52981,1.6418009999999998,0.7288842,0.6667708,0.120815,0.008246,0.572279,0.51765
1998/10/12 0:00,0.52981,1.561681,0.6676610000000001,0.6714368,0.120815,0.008303,0.573345,0.51655
1998/10/13 0:00,0.52981,1.558211,0.6676610000000001,0.5988046,0.120815,0.008334,0.575308,0.51655
1998/10/14 0:00,0.52981,1.566051,0.6676610000000001,0.6149856,0.120815,0.008342,0.575457,0.5217
1998/10/15 0:00,0.52981,1.575681,0.6676610000000001,0.5988046,0.120815,0.00844,0.576319,0.52335
1998/10/16 0:00,0.52981,1.561681,0.6676610000000001,0.6555359999999999,0.120815,0.00833,0.57346,0.5228
1998/10/17 0:00,0.52981,1.566051,0.6676610000000001,0.6145997999999999,0.120815,0.008382,0.574614,0.5284
1998/10/18 0:00,0.5298099999999999,1.561681,0.6676610000000001,0.6958884,0.120815,0.008363,0.574911,0.5314
1998/10/19 0:00,0.52981,1.561681,0.6725316,0.638606,0.120815,0.00832,0.573921,0.53025
1998/10/20 0:00,0.5298099999999999,1.5616809999999999,0.671656,0.639157,0.120815,0.008398,0.576136,0.5329
1998/10/21 0:00,0.52981,1.558211,0.6676610000000001,0.622976,0.120815,0.008357,0.574878,0.5325
1998/10/22 0:00,0.52981,1.558211,0.6716559999999999,0.622976,0.120815,0.008398,0.575606,0.5394
1998/10/23 0:00,0.622031,1.53752,0.6613798,0.6654669999999999,0.12082,0.008408,0.575805,0.54165
1998/10/24 0:00,0.7242418,1.4458054,0.744438,0.6073336,0.120773,0.008479,0.577701,0.5388
1998/10/25 0:00,0.535131,1.565281,0.6546858,0.7098824,0.120817,0.008463,0.576735,0.53905
1998/10/26 0:00,0.52981,1.6228010000000002,0.7111810000000001,0.5988046,0.120815,0.008485,0.577417,0.54455
1998/10/27 0:00,0.5356099999999999,1.5570110000000001,0.6726926,0.600668,0.120814,0.008424,0.576934,0.5502
1998/10/28 0:00,0.535131,1.565281,0.6546858,0.6949301999999999,0.120817,0.008465,0.576701,0.5476
1998/10/29 0:00,0.52981,1.566051,0.6676610000000001,0.655536,0.120815,0.008453,0.577284,0.54225
1998/10/30 0:00,0.619931,1.53742,0.660876,0.6670122,0.12082,0.008427,0.577884,0.54915
1998/10/31 0:00,0.7114309999999999,1.53517,0.6399712,0.6658158,0.120821,0.008427,0.576851,0.5476
1998/11/1 0:00,0.6232110000000001,1.53742,0.6609254,0.6670122,0.12082,0.008448,0.577868,0.54925
1998/11/2 0:00,0.563688,1.4458054,0.661303,0.6052810000000001,0.120773,0.008377,0.575225,0.5454
1998/11/3 0:00,0.622031,1.5319699999999998,0.660876,0.6650516,0.12082,0.008339,0.574911,0.54275
1998/11/4 0:00,0.563688,1.4458054,0.661303,0.6000688000000001,0.120773,0.008297,0.574086,0.542
1998/11/5 0:00,0.5516902,1.4458054,0.659781,0.6000688000000001,0.120773,0.008347,0.57549,0.54945
1998/11/6 0:00,0.563688,1.4458054,0.661303,0.605281,0.120773,0.008331,0.574185,0.5479
1998/11/7 0:00,0.5516902,1.4458054,0.6761788,0.6303798,0.120773,0.008346,0.574713,0.54935
1998/11/8 0:00,0.5516902,1.4458054,0.6593978,0.6000688000000001,0.120773,0.008305,0.572918,0.5498
1998/11/9 0:00,0.5380344,1.64638,0.6510078,0.6262202,0.120812,0.008249,0.568893,0.54925
1998/11/10 0:00,0.55306,1.6631,0.6566446,0.6794302,0.120809,0.008277,0.570483,0.5522
1998/11/11 0:00,0.59557,1.72857,0.7184194,0.6794302,0.120809,0.008244,0.568602,0.5488
1998/11/12 0:00,0.561389,1.6288414,0.6430934,0.6658076,0.120809,0.008301,0.570255,0.47565179999999996
1998/11/13 0:00,0.5404100000000001,1.6288414,0.6402916,0.6658076,0.120809,0.008292,0.569606,0.46599179999999996
1998/11/14 0:00,0.530152,1.6288414,0.6453574000000001,0.6658076,0.120809,0.008318,0.569282,0.43424700000000005
1998/11/15 0:00,0.602009,1.6288414,0.6933882,0.6865398,0.120809,0.008403,0.571363,0.5079018000000001
1998/11/16 0:00,0.562069,1.6288414,0.6601042,0.6865398,0.120809,0.008415,0.571102,0.49379180000000006
1998/11/17 0:00,0.562069,1.6421768,0.6430934,0.6652047999999999,0.120809,0.008455,0.573378,0.4659918
1998/11/18 0:00,0.561389,1.6288414,0.645621,0.6658076,0.120809,0.008447,0.573987,0.4659918
1998/11/19 0:00,0.602959,1.6884768,0.6954054000000001,0.6865398,0.120809,0.008485,0.575225,0.5064418
1998/11/20 0:00,0.5404100000000001,1.6288414,0.6402916000000001,0.6865398,0.120809,0.008526,0.577117,0.4659918
1998/11/21 0:00,0.561389,1.6288414,0.6430934,0.6908352,0.120809,0.008543,0.576302,0.4659918
1998/11/22 0:00,0.6064290000000001,1.6288414,0.693506,0.6652048,0.120809,0.008476,0.575573,0.4659918
1998/11/23 0:00,0.6116812,1.5786,0.7418196,0.746882,0.120809,0.008504,0.575921,0.4279548
1998/11/24 0:00,0.663331,1.5817,0.7412935999999999,0.746826,0.120809,0.008485,0.576153,0.4279548
1998/11/25 0:00,0.6037011999999999,1.6013,0.6996941999999999,0.75188,0.120809,0.008526,0.577167,0.4279548
1998/11/26 0:00,0.5524112,1.6034,0.6736662,0.749148,0.120811,0.008542,0.57607,0.4279548
1998/11/27 0:00,0.6039504,1.6016,0.703208,0.755002,0.120814,0.008562,0.57612,0.4370248
1998/11/28 0:00,0.60335,1.6066,0.751633,0.752304,0.120817,0.008536,0.575209,0.45879000000000003
1998/11/29 0:00,0.59505,1.60035,0.7804523999999999,0.734835,0.120815,0.008426,0.570581,0.45879000000000003
1998/11/30 0:00,0.59405,1.566,0.8090398000000001,0.723223,0.120814,0.008415,0.566476,0.54835
1998/12/1 0:00,0.58945,1.5628,0.7505034,0.718288,0.120812,0.008302,0.564239,0.5485
1998/12/2 0:00,0.59295,1.5645,0.7518701999999999,0.719839,0.120812,0.008307,0.566011,0.5533
1998/12/3 0:00,0.59525,1.5758,0.7504046000000001,0.723223,0.120811,0.008294,0.566428,0.5526
1998/12/4 0:00,0.60155,1.5646,0.781745,0.723249,0.120814,0.008335,0.565771,0.55035
1998/12/5 0:00,0.60325,1.5763,0.7791623999999999,0.733084,0.120815,0.008362,0.566316,0.5537
1998/12/6 0:00,0.60425,1.5831,0.6621746,0.740631,0.120811,0.00848,0.566958,0.5547
1998/12/7 0:00,0.60605,1.5808,0.6903573999999999,0.740247,0.120812,0.008485,0.565451,0.55565
1998/12/8 0:00,0.60245,1.5674,0.7807088,0.724795,0.120817,0.008408,0.564621,0.55225
1998/12/9 0:00,0.60175,1.572,0.8096772,0.7249,0.120815,0.008372,0.562272,0.5483
1998/12/10 0:00,0.59785,1.5526,0.6880952,0.716563,0.120814,0.008335,0.570914,0.5397
1998/12/11 0:00,0.60565,1.5631,0.657785,0.724743,0.120811,0.008328,0.5711856,0.5481
1998/12/12 0:00,0.60685,1.5724,0.6880951999999999,0.720617,0.120812,0.0084328,0.5735064,0.5474
1998/12/13 0:00,0.72441,1.57105,0.7171134,0.71736,0.120814,0.0084474,0.5766102,0.5457
1998/12/14 0:00,0.72441,1.5718,0.7170012,0.720098,0.120811,0.0084328,0.5735064,0.54715
1998/12/15 0:00,0.6382204,1.5704,0.715514,0.718288,0.120812,0.0083992,0.5745954,0.53575
1998/12/16 0:00,0.6815702,1.5627,0.7367484,0.720773,0.120815,0.008332999999999998,0.575458,0.52849
1998/12/17 0:00,0.6818101999999999,1.5764,0.7367484,0.727961,0.120817,0.00842,0.5758202000000001,0.5046200000000001
1998/12/18 0:00,0.6818101999999999,1.59375,0.7367484,0.735673,0.120817,0.00842,0.5758202,0.5046200000000001
1998/12/19 0:00,0.6818101999999999,1.595,0.7360134,0.735402,0.120817,0.00842,0.5758202,0.5046200000000001
1998/12/20 0:00,0.6928000000000001,1.5999,0.699643,0.737518,0.120815,0.008266800000000001,0.5744866,0.52083
1998/12/21 0:00,0.8245210000000001,1.6064,0.710328,0.744103,0.120815,0.008266800000000001,0.5743414,0.52083
1998/12/22 0:00,0.7782401999999999,1.6156,0.718184,0.755059,0.120817,0.0083734,0.5758202000000001,0.49804000000000004
1998/12/23 0:00,0.5142836000000001,1.5962,0.714388,0.753125,0.120818,0.008574,0.5755882,0.47212000000000004
1998/12/24 0:00,0.5142836000000001,1.602,0.716692,0.761325,0.12082,0.008543,0.5726697999999999,0.46524
1998/12/25 0:00,0.5507416,1.60845,0.71958,0.764584,0.12082,0.008532,0.5726697999999999,0.46524
1998/12/26 0:00,0.5507416,1.61035,0.719891,0.762718,0.120817,0.008546,0.5755288,0.47212
1998/12/27 0:00,0.5142836000000001,1.609,0.720617,0.761383,0.120817,0.008581,0.5755288,0.47212
1998/12/28 0:00,0.5142836000000001,1.6163,0.72722,0.757863,0.120818,0.008598,0.5755881999999999,0.47212
1998/12/29 0:00,0.5359504000000002,1.6212,0.723537,0.754575,0.12082,0.008579,0.5726697999999999,0.46524
1998/12/30 0:00,0.5142836000000001,1.62855,0.73244,0.76743,0.120817,0.008661,0.5755288000000001,0.47212000000000004
1998/12/31 0:00,0.6137226,1.6324,0.738007,0.770832,0.12082,0.008536,0.5722251999999999,0.4667800000000001
1999/1/1 0:00,0.5142836000000001,1.6408,0.741785,0.774533,0.12082,0.00857,0.5726697999999999,0.46524
1999/1/2 0:00,0.5142836000000001,1.6348,0.736811,0.770179,0.120818,0.008504,0.5753307999999999,0.47212
1999/1/3 0:00,0.6137226,1.6323,0.728332,0.770001,0.12082,0.008521,0.5726697999999999,0.46524
1999/1/4 0:00,0.5733708,1.6367,0.727802,0.776096,0.120818,0.008559,0.5755881999999999,0.47212
1999/1/5 0:00,0.5142836000000001,1.6407,0.727431,0.774954,0.120818,0.008556,0.5792622,0.5066700000000001
1999/1/6 0:00,0.5142836000000001,1.6415,0.7303,0.778271,0.120814,0.008571,0.5753307999999999,0.47599
1999/1/7 0:00,0.5142836000000001,1.6373,0.722335,0.770475,0.120817,0.008435,0.5755288000000001,0.47212
1999/1/8 0:00,0.5142836000000001,1.6525,0.729714,0.777907,0.120817,0.008457,0.5755288000000001,0.47212
1999/1/9 0:00,0.5142836000000001,1.6355,0.728438,0.770416,0.12082,0.00838,0.5726697999999999,0.46524
1999/1/10 0:00,0.5142836000000001,1.6265,0.728969,0.76646,0.12082,0.008366,0.5726697999999999,0.4724799999999999
1999/1/11 0:00,0.5142836000000001,1.6373,0.730567,0.769764,0.12082,0.00843,0.5722251999999999,0.4667800000000001
1999/1/12 0:00,0.5142836000000001,1.62875,0.732869,0.762573,0.120818,0.008386,0.5753307999999999,0.47212
1999/1/13 0:00,0.5142836000000001,1.63045,0.734862,0.758495,0.120817,0.008412,0.5755288000000001,0.47212
1999/1/14 0:00,0.5142836000000001,1.6602,0.745434,0.770594,0.120817,0.008494,0.5753902,0.47212
1999/1/15 0:00,0.5142836000000001,1.64455,0.736214,0.759907,0.120817,0.00846,0.5755288000000001,0.47212
1999/1/16 0:00,0.6561502,1.6518,0.7311284,0.759359,0.12082,0.00849,0.5777728,0.57548
1999/1/17 0:00,0.6986402,1.6665,0.7602044,0.763242,0.120817,0.008495,0.5753902,0.46250739999999996
1999/1/18 0:00,0.6980302,1.6678,0.7600538,0.763417,0.120814,0.008498,0.5748862,0.47309999999999997
1999/1/19 0:00,0.6477002,1.6743,0.7352874,0.770772,0.12082,0.00852,0.5753106,0.53925
1999/1/20 0:00,0.6474101999999999,1.6801,0.7367484,0.766607,0.120818,0.0085,0.579927,0.49494740000000004
1999/1/21 0:00,0.6492402,1.6855,0.7311284,0.764,0.12082,0.008467,0.5777728,0.57548
1999/1/22 0:00,0.6481201999999999,1.679,0.7311284,0.755801,0.12082,0.008485,0.5777728,0.57548
1999/1/23 0:00,0.6521001999999999,1.6795,0.7356174,0.759763,0.120817,0.008435,0.5753902,0.46250739999999996
1999/1/24 0:00,0.5954303999999999,1.66375,0.7153488,0.752842,0.120814,0.008438,0.5751744000000001,0.48679999999999995
1999/1/25 0:00,0.6636304,1.6666,0.7412797999999999,0.755116,0.120812,0.008487,0.5756613999999999,0.47461380000000003
1999/1/26 0:00,0.6027412,1.66785,0.6966157999999999,0.748391,0.120809,0.008456,0.5750544000000002,0.47400739999999997
1999/1/27 0:00,0.5510012,1.66185,0.6936275999999999,0.740521,0.120809,0.008375,0.5748333999999999,0.4595274
1999/1/28 0:00,0.5949012,1.6486,0.6760102,0.74107,0.120811,0.008358,0.5750907999999999,0.4848438
1999/1/29 0:00,0.5537616,1.65525,0.6566306000000001,0.73959,0.120808,0.008351,0.5746572000000001,0.46765740000000006
1999/1/30 0:00,0.5510012,1.66275,0.6530946,0.744823,0.120809,0.008376,0.5748333999999999,0.45706739999999996
1999/1/31 0:00,0.6027412,1.665,0.700301,0.744241,0.120809,0.008466,0.5752550000000001,0.4750774
1999/2/1 0:00,0.6027412,1.6686,0.6993264,0.741235,0.120808,0.008462,0.5755972,0.4750774000000001
1999/2/2 0:00,0.6118412,1.6672,0.6578364,0.741592,0.120808,0.008469,0.5758998,0.4750774
1999/2/3 0:00,0.6027412,1.6352,0.7023063999999999,0.730807,0.120811,0.008463,0.5754608,0.48939380000000005
1999/2/4 0:00,0.663331,1.63785,0.7412935999999999,0.735564,0.120808,0.008487,0.575741,0.4627574
1999/2/5 0:00,0.6986402,1.6141,0.7390391999999999,0.727961,0.120815,0.008495,0.5770752,0.49714739999999996
1999/2/6 0:00,0.5142836000000001,1.5929,0.718907,0.721865,0.120814,0.008483,0.575394,0.48446
1999/2/7 0:00,0.5142836000000001,1.5982,0.720383,0.72685,0.120817,0.008458,0.5753902,0.47212
1999/2/8 0:00,0.5142836000000001,1.59685,0.715256,0.730087,0.120815,0.008421,0.5752974,0.49217000000000005
1999/2/9 0:00,0.5496816000000001,1.5786,0.710177,0.733192,0.120817,0.008426,0.5755288000000001,0.47212
1999/2/10 0:00,0.5142836000000001,1.5983,0.711212,0.737599,0.12082,0.008433,0.5722251999999999,0.46436
1999/2/11 0:00,0.5502416,1.59535,0.705716,0.733568,0.120817,0.008409,0.5755288,0.47212
1999/2/12 0:00,0.8560216,1.60695,0.715717,0.743108,0.120815,0.008416,0.5731562,0.58185
1999/2/13 0:00,0.8560216,1.6136,0.717154,0.742198,0.120814,0.008403,0.5732084000000001,0.5865
1999/2/14 0:00,0.7255799999999999,1.72104,0.723746,0.74355,0.120808,0.008416,0.5728024,0.5883
1999/2/15 0:00,0.7301,1.7285499999999998,0.721501,0.742942,0.120809,0.008372,0.5801406,0.5872
1999/2/16 0:00,0.7806799999999999,1.761,0.721293,0.739208,0.120808,0.008338,0.5727922,0.5882
1999/2/17 0:00,0.66326,1.7627,0.714337,0.733353,0.120812,0.008315,0.5727922,0.5828
1999/2/18 0:00,0.7663599999999999,1.7455354,0.711491,0.72998,0.120811,0.008295,0.5722816,0.583
1999/2/19 0:00,0.66086,1.7627,0.715052,0.733487,0.120814,0.008318,0.5727922,0.5864
1999/2/20 0:00,0.70078,1.75914,0.712251,0.74195,0.120809,0.008305,0.5718392,0.5835
1999/2/21 0:00,0.6980799999999999,1.7550999999999999,0.71495,0.74217,0.120809,0.008344,0.5801406,0.5833
1999/2/22 0:00,0.76486,1.761,0.711997,0.738934,0.120812,0.008313,0.5722167999999999,0.5789
1999/2/23 0:00,0.7133900000000001,1.75045,0.717875,0.740604,0.120811,0.008405,0.5728024,0.58035
1999/2/24 0:00,0.6300800000000001,1.7627,0.717283,0.73373,0.120814,0.008404,0.5732084000000001,0.5823
1999/2/25 0:00,0.75639,1.7113354,0.722335,0.730247,0.120817,0.008425,0.580148,0.5872
1999/2/26 0:00,0.65835,1.7500804000000003,0.724848,0.73185,0.120815,0.008391,0.580148,0.5891
1999/2/27 0:00,0.65695,1.6567599999999998,0.717772,0.728067,0.120817,0.008397,0.5831774,0.48885000000000006
1999/2/28 0:00,0.65995,1.53249,0.721266,0.728916,0.12082,0.008391,0.5722251999999999,0.46746
1999/3/1 0:00,0.65735,1.53249,0.718546,0.720254,0.12082,0.008375,0.5726697999999999,0.46309000000000006
1999/3/2 0:00,0.65615,1.5349700000000002,0.716332,0.720461,0.120821,0.008452,0.572246,0.4603400000000001
1999/3/3 0:00,0.66025,1.5324900000000001,0.712962,0.71541,0.12082,0.008463,0.574548,0.46407999999999994
1999/3/4 0:00,0.65345,1.5317400000000003,0.711187,0.712454,0.120823,0.008485,0.575374,0.46092000000000005
1999/3/5 0:00,0.65225,1.5337800000000001,0.713089,0.706414,0.120823,0.008499,0.570174,0.46092000000000005
1999/3/6 0:00,0.63785,1.5324900000000001,0.712301,0.704672,0.120817,0.008511,0.5712,0.46054000000000006
1999/3/7 0:00,0.64085,1.53249,0.716949,0.706914,0.120814,0.008521,0.570174,0.4601
1999/3/8 0:00,0.64745,1.5324900000000001,0.721657,0.714388,0.120814,0.008569,0.570499,0.46109
1999/3/9 0:00,0.64745,1.53249,0.722465,0.715001,0.120814,0.008564,0.570499,0.46058000000000004
1999/3/10 0:00,0.64365,1.53249,0.724559,0.711769,0.120817,0.008568,0.570353,0.4601
1999/3/11 0:00,0.63705,1.53249,0.717875,0.704622,0.120815,0.008584,0.569395,0.46065000000000006
1999/3/12 0:00,0.64005,1.53249,0.724165,0.706065,0.12082,0.008623,0.569898,0.46397000000000005
1999/3/13 0:00,0.64835,1.53249,0.729315,0.724113,0.120817,0.008555,0.570369,0.46394
1999/3/14 0:00,0.64845,1.53249,0.727379,0.718907,0.120817,0.00856,0.568634,0.46109
1999/3/15 0:00,0.65675,1.53249,0.731368,0.722961,0.120817,0.008538,0.571396,0.46105
1999/3/16 0:00,0.66325,1.53249,0.730834,0.721657,0.120811,0.008581,0.571102,0.46109
1999/3/17 0:00,0.82022,2.0072099999999997,0.731716,0.725163,0.1296176,0.008616,0.570125,0.711408
1999/3/18 0:00,0.78906,1.59158,0.744851,0.735024,0.12451699999999999,0.008909,0.577201,0.58563
1999/3/19 0:00,0.77234,1.59158,0.740192,0.738934,0.12668659999999998,0.008921,0.577768,0.58563
1999/3/20 0:00,0.77234,1.49392,0.737572,0.742115,0.12408560000000002,0.008979,0.577968,0.61368
1999/3/21 0:00,0.77234,1.49316,0.740083,0.756086,0.12668660000000004,0.009033,0.578469,0.58875
1999/3/22 0:00,0.77005,1.54848,0.742501,0.759965,0.1245164,0.009068,0.579072,0.5955199999999999
1999/3/23 0:00,0.77792,1.9006,0.746213,0.758898,0.1203968,0.008292999999999998,0.57971,0.67971
1999/3/24 0:00,0.76133,1.7555361999999999,0.752021,0.760167,0.120808,0.008016600000000002,0.581125,0.5480004
1999/3/25 0:00,0.77792,1.95724,0.748167,0.757002,0.1203942,0.0079134,0.580383,0.64261
1999/3/26 0:00,0.7256199999999999,1.8432000000000002,0.757576,0.762428,0.12081499999999998,0.0086114,0.580636,0.5461604
1999/3/27 0:00,0.72498,1.90154,0.757461,0.756401,0.1208176,0.008632999999999998,0.580467,0.5740204
1999/3/28 0:00,0.73629,1.8241599999999998,0.754945,0.758725,0.1208042,0.0084846,0.575407,0.5345
1999/3/29 0:00,0.71469,1.84592,0.754148,0.75092,0.1208082,0.0079766,0.574713,0.53879
1999/3/30 0:00,0.76996,1.7563400000000002,0.761325,0.755173,0.1208122,0.0081604,0.575606,0.59635
1999/3/31 0:00,0.7173999999999999,1.8162800000000001,0.758725,0.750019,0.1208122,0.0082106,0.57554,0.59575
1999/4/1 0:00,0.7573399999999999,1.83163,0.756544,0.752021,0.120823,0.008512,0.572902,0.5973
1999/4/2 0:00,0.75139,1.6480800000000002,0.761006,0.75123,0.120824,0.0083986,0.574614,0.6037
1999/4/3 0:00,0.77378,1.9123999999999999,0.764701,0.761383,0.120823,0.007602,0.573493,0.6087
1999/4/4 0:00,0.7725000000000001,1.9088,0.764584,0.76063,0.12082,0.0081812,0.574152,0.6102
1999/4/5 0:00,0.76567,1.86954,0.763475,0.758956,0.120821,0.007903400000000001,0.573017,0.61205
1999/4/6 0:00,0.76861,1.8864800000000002,0.762195,0.756201,0.120821,0.0079024,0.573033,0.61025
1999/4/7 0:00,0.7214,1.76297,0.76266,0.752106,0.120823,0.0085358,0.575705,0.61305
1999/4/8 0:00,0.76953,1.90212,0.763534,0.754375,0.120821,0.0080758,0.577001,0.61295
1999/4/9 0:00,0.71183,1.68822,0.757404,0.74638,0.120823,0.008478999999999999,0.574927,0.6128
1999/4/10 0:00,0.77708,1.7510499999999998,0.748783,0.73524,0.120823,0.0079028,0.572935,0.6093
1999/4/11 0:00,0.7415,1.8591000000000002,0.751399,0.734107,0.120821,0.0076003999999999985,0.573789,0.6128
1999/4/12 0:00,0.69689,1.7007400000000001,0.750188,0.728863,0.120821,0.008481599999999999,0.574548,0.61545
1999/4/13 0:00,0.7400000000000001,1.81266,0.747328,0.726322,0.120818,0.007803800000000001,0.574185,0.61265
1999/4/14 0:00,0.7116100000000001,1.7166404,0.755458,0.731582,0.120817,0.0086236,0.574779,0.61775
1999/4/15 0:00,0.73544,1.7794404,0.76333,0.73185,0.12080679999999999,0.0082302,0.576784,0.6218
1999/4/16 0:00,0.77085,1.68792,0.76176,0.735348,0.12081199999999999,0.0082434,0.576469,0.6263
1999/4/17 0:00,0.78052,1.8412199999999999,0.767577,0.739919,0.12080900000000001,0.008090400000000001,0.577667,0.62655
1999/4/18 0:00,0.7779200000000002,1.90381,0.769882,0.747887,0.120808,0.0077492,0.579878,0.6299
1999/4/19 0:00,0.76195,1.8908900000000002,0.766842,0.753551,0.1208132,0.007741799999999998,0.581547,0.63
1999/4/20 0:00,0.77792,1.95724,0.766812,0.757978,0.12081559999999998,0.0075592,0.580248,0.6298
1999/4/21 0:00,0.7967599999999999,1.46856,0.766842,0.764789,0.11978040000000001,0.009248,0.581801,0.63435
1999/4/22 0:00,0.77188,1.48516,0.767195,0.767224,0.12048480000000002,0.009153,0.583976,0.63905
1999/4/23 0:00,0.77188,1.48516,0.766636,0.768521,0.12048480000000002,0.009152,0.581632,0.6397
1999/4/24 0:00,0.77957,1.479,0.770001,0.77006,0.11978040000000001,0.009202,0.580316,0.6407
1999/4/25 0:00,0.77188,1.48516,0.757805,0.758265,0.12048480000000002,0.009148,0.581024,0.6374
1999/4/26 0:00,0.74079,1.48746,0.758553,0.75933,0.1230426,0.009116,0.579945,0.6396
1999/4/27 0:00,0.77957,1.48516,0.766342,0.772977,0.11978039999999998,0.009165,0.580501,0.641
1999/4/28 0:00,0.76184,1.48746,0.769556,0.775795,0.1230434,0.009117,0.579794,0.6401
1999/4/29 0:00,0.77188,1.48746,0.766812,0.770386,0.12283840000000001,0.009136,0.58003,0.64415
1999/4/30 0:00,0.77957,1.479,0.770713,0.777122,0.11978040000000001,0.009198,0.58003,0.64615
1999/5/1 0:00,0.7967599999999999,1.46856,0.761847,0.775825,0.11978040000000001,0.009244,0.583158,0.6445
1999/5/2 0:00,0.7967599999999999,1.49222,0.766401,0.784498,0.11978039999999998,0.009285,0.581818,0.64555
1999/5/3 0:00,0.7967599999999999,1.49222,0.770802,0.789079,0.11978040000000001,0.009313,0.584283,0.64745
1999/5/4 0:00,0.7967599999999999,1.50252,0.766254,0.789983,0.11978040000000001,0.009317,0.583942,0.64705
1999/5/5 0:00,0.7795699999999999,1.4714,0.765257,0.789359,0.11978040000000001,0.009226,0.583124,0.64815
1999/5/6 0:00,0.7967599999999999,1.46856,0.753154,0.782993,0.11978040000000001,0.009238,0.582547,0.64405
1999/5/7 0:00,0.7967599999999999,1.4768000000000001,0.759936,0.789422,0.11978040000000001,0.009276,0.584027,0.6492
1999/5/8 0:00,0.7681600000000001,1.69268,0.7415613999999999,0.791202,0.12000220000000002,0.009289,0.6235497999999999,0.6479
1999/5/9 0:00,0.7667,1.70267,0.7415613999999999,0.793777,0.11979,0.0093,0.6242572,0.65155
1999/5/10 0:00,0.76554,1.7747799999999998,0.7408922,0.796337,0.11979,0.009316,0.6037665999999999,0.648
1999/5/11 0:00,0.76836,1.7521999999999998,0.7415613999999999,0.799105,0.1202072,0.009284,0.623331,0.64635
1999/5/12 0:00,0.76557,1.68861,0.7298544,0.798531,0.1202072,0.009274,0.6012107999999999,0.6438
1999/5/13 0:00,0.7667,1.7026700000000001,0.7415613999999999,0.796052,0.11979,0.009302,0.6242572000000001,0.64195
1999/5/14 0:00,0.76678,1.7026700000000001,0.7415613999999999,0.794502,0.11979000000000002,0.009308,0.6249898,0.63995
1999/5/15 0:00,0.79017,1.5772899999999999,0.7420973999999999,0.800737,0.11979,0.009351,0.6030850000000001,0.65005
1999/5/16 0:00,0.76654,1.7732999999999997,0.7408922,0.804441,0.11979000000000002,0.009312,0.6249898,0.6551
1999/5/17 0:00,0.79017,1.57729,0.7857957999999999,0.811557,0.11979,0.009354,0.6030850000000001,0.6622
1999/5/18 0:00,0.791577,1.49092,0.7331418,0.810406,0.131528,0.009418,0.6156784,0.67105
1999/5/19 0:00,0.795307,1.49092,0.7331418,0.813306,0.1302938,0.009417,0.603085,0.67425
1999/5/20 0:00,0.7977269999999999,1.49092,0.7331418,0.806614,0.1312988,0.009416,0.6089242,0.67085
1999/5/21 0:00,0.7488300000000001,1.86816,0.6973138,0.819034,0.120817,0.009378,0.5748588,0.68295
1999/5/22 0:00,0.7531100000000001,1.87638,0.6973138000000001,0.81696,0.120817,0.009398,0.5748588,0.6841
1999/5/23 0:00,0.75031,1.7985599999999997,0.6921172,0.817829,0.12082,0.009414,0.5697502,0.6821
1999/5/24 0:00,0.74903,1.88312,0.6973138000000001,0.811655,0.12082,0.009417,0.5697502,0.6761
1999/5/25 0:00,0.76366,1.8796899999999996,0.6773937999999999,0.8036,0.120821,0.009418,0.5697502,0.67075
1999/5/26 0:00,0.7605000000000001,1.88385,0.6773938000000002,0.788955,0.120821,0.009387,0.5697502,0.6591
1999/5/27 0:00,0.74591,1.86011,0.6973138000000001,0.800993,0.120817,0.009336,0.5893206,0.6656
1999/5/28 0:00,0.74841,1.88388,0.6973138000000001,0.806842,0.120815,0.00935,0.5748588,0.67265
1999/5/29 0:00,0.7550699999999999,1.72346,0.7119291999999999,0.809651,0.120815,0.009425,0.5748588,0.67735
1999/5/30 0:00,0.7529999999999999,1.4892800000000002,0.7276212,0.805023,0.120815,0.00945,0.5748588,0.67505
1999/5/31 0:00,0.74969,1.64813,0.7131984000000001,0.805834,0.120815,0.009465,0.5748588,0.6782
1999/6/1 0:00,0.7522,1.80105,0.7123842,0.79526,0.120815,0.009413,0.5748588,0.67555
1999/6/2 0:00,0.74913,1.81445,0.6973138000000001,0.793053,0.120817,0.009438,0.5748588,0.66955
1999/6/3 0:00,0.7500899999999999,1.8173,0.6973138000000001,0.791515,0.120817,0.009467,0.5748588,0.6727
1999/6/4 0:00,0.7500899999999999,1.83315,0.6973138000000001,0.799776,0.120814,0.009478,0.5748588,0.6838
1999/6/5 0:00,0.7500899999999999,1.8337,0.6973138000000001,0.799105,0.120812,0.009446,0.5748588,0.68665
1999/6/6 0:00,0.74891,1.8439,0.6973138000000001,0.805477,0.120812,0.009459,0.5748588,0.68945
1999/6/7 0:00,0.7474099999999999,1.8711,0.6973138000000001,0.808963,0.120814,0.009478,0.5748588,0.69955
1999/6/8 0:00,0.74891,1.8846,0.6973138000000001,0.811787,0.120815,0.009477,0.5748588,0.7006
1999/6/9 0:00,0.7500899999999999,1.8917,0.6973138000000001,0.812513,0.120814,0.00949,0.5748588,0.69945
1999/6/10 0:00,0.7500899999999999,1.8842,0.6973138000000001,0.80782,0.120817,0.009482,0.5748588,0.70145
1999/6/11 0:00,0.74891,1.8896,0.6973138000000001,0.810406,0.120814,0.009483,0.5748588,0.70625
1999/6/12 0:00,0.7500899999999999,1.90445,0.6973138000000001,0.814664,0.120817,0.009463,0.5748588,0.70955
1999/6/13 0:00,0.74913,1.8859,0.6973138000000001,0.804473,0.120817,0.00936,0.5748588,0.7
1999/6/14 0:00,0.7500899999999999,1.89525,0.6973138000000001,0.805542,0.120815,0.009331,0.5748588,0.70035
1999/6/15 0:00,0.76081,1.86525,0.7877542,0.795102,0.120814,0.009218,0.589431,0.68105
1999/6/16 0:00,0.76081,1.89165,0.7977295999999999,0.807168,0.120815,0.009248,0.592066,0.692
1999/6/17 0:00,0.76081,1.8719,0.7977295999999999,0.793714,0.120817,0.009175,0.590214,0.68775
1999/6/18 0:00,0.76081,1.86145,0.7977295999999999,0.788924,0.120817,0.009121,0.587165,0.68735
1999/6/19 0:00,0.76081,1.8684,0.7977295999999999,0.792958,0.120818,0.009172,0.58898,0.68635
1999/6/20 0:00,0.7312099999999999,1.8765100000000001,0.7709813999999999,0.788986,0.12082,0.0087596,0.587699,0.69065
1999/6/21 0:00,0.73221,1.8728000000000002,0.7714492,0.771962,0.12082,0.00907,0.585446,0.681
1999/6/22 0:00,0.7346999999999999,1.8767900000000002,0.7673314,0.771962,0.12082,0.0087998,0.584232,0.6707
1999/6/23 0:00,0.75085,1.5999599999999998,0.8100978,0.773276,0.120817,0.008112000000000001,0.582717,0.6676
1999/6/24 0:00,0.7604,1.6665237999999998,0.8100061999999999,0.784529,0.120812,0.0086078,0.581903,0.67555
1999/6/25 0:00,0.75975,1.81477,0.8092506,0.784899,0.120821,0.008112000000000001,0.586786,0.6779
1999/6/26 0:00,0.75875,1.82715,0.8095723999999999,0.779879,0.120821,0.008112000000000001,0.585686,0.6765
1999/6/27 0:00,0.73845,1.81,0.8100978,0.786937,0.120814,0.008112000000000001,0.58471,0.64835
1999/6/28 0:00,0.73045,1.7995,0.8095724000000001,0.780884,0.120815,0.008112000000000001,0.582581,0.64265
1999/6/29 0:00,0.73605,1.8048,0.8096772,0.78376,0.120812,0.008112000000000001,0.585995,0.6461
1999/6/30 0:00,0.74215,1.8136,0.8096772,0.782473,0.120812,0.008112000000000001,0.587372,0.65055
1999/7/1 0:00,0.74045,1.8173,0.8100978,0.783331,0.120811,0.008112000000000001,0.58846,0.64965
1999/7/2 0:00,0.75175,1.83575,0.8096772,0.795292,0.12082,0.008112000000000001,0.591716,0.6601
1999/7/3 0:00,0.7491,1.8336,0.8100978,0.788644,0.120814,0.008112000000000001,0.591191,0.65505
1999/7/4 0:00,0.73249,1.84685,0.7677457999999999,0.79545,0.120812,0.008754,0.592136,0.6631
1999/7/5 0:00,0.73249,1.82555,0.7677457999999999,0.784406,0.120814,0.008754000000000001,0.591733,0.65395
1999/7/6 0:00,0.73249,1.80655,0.7677457999999999,0.781097,0.120815,0.008754000000000001,0.591821,0.645
1999/7/7 0:00,0.73249,1.8225,0.7677457999999999,0.781555,0.120815,0.009061399999999999,0.593401,0.6553
1999/7/8 0:00,0.73249,1.82685,0.7677457999999999,0.780488,0.120815,0.008754000000000001,0.594001,0.65705
1999/7/9 0:00,0.73249,1.82685,0.7677457999999999,0.780488,0.120815,0.008754000000000001,0.594001,0.65705
1999/7/10 0:00,0.73249,1.85755,0.7677457999999999,0.791484,0.120818,0.008754000000000001,0.598301,0.6691
1999/7/11 0:00,0.73249,1.8283,0.7677457999999999,0.773754,0.120818,0.008754000000000001,0.597997,0.6558
1999/7/12 0:00,0.73249,1.8228,0.7677457999999999,0.766078,0.120818,0.008754,0.595026,0.65015
1999/7/13 0:00,0.73249,1.84305,0.7677457999999999,0.777242,0.120818,0.008754,0.594177,0.657
1999/7/14 0:00,0.73249,1.8384,0.7677457999999999,0.778847,0.120818,0.008754000000000001,0.60051,0.66395
1999/7/15 0:00,0.73249,1.8163,0.7677457999999999,0.768965,0.120818,0.008754000000000001,0.597907,0.64965
1999/7/16 0:00,0.73249,1.791,0.7677457999999999,0.770861,0.120814,0.008754,0.594813,0.63565
1999/7/17 0:00,0.73323,1.8842400000000001,0.7696136,0.771784,0.120815,0.00907,0.595912,0.63785
1999/7/18 0:00,0.73181,1.8259599999999998,0.7508086,0.774954,0.120818,0.0089946,0.594972,0.64095
1999/7/19 0:00,0.7338899999999999,1.8697400000000002,0.769069,0.775314,0.12082,0.0089962,0.595026,0.6438
1999/7/20 0:00,0.7325699999999999,1.88112,0.7677457999999999,0.762166,0.12082,0.008887599999999999,0.594036,0.6291
1999/7/21 0:00,0.73361,1.8782,0.7687946,0.761905,0.120818,0.0089552,0.591366,0.6215
1999/7/22 0:00,0.7346999999999999,1.87728,0.7672264,0.763884,0.120817,0.0088942,0.589588,0.6283
1999/7/23 0:00,0.73149,1.87486,0.7672264,0.770297,0.12082,0.008877999999999999,0.589692,0.63135
1999/7/24 0:00,0.73249,1.87785,0.7672526000000001,0.771903,0.120815,0.00907,0.588305,0.62565
1999/7/25 0:00,0.73249,1.8697400000000002,0.7672526000000001,0.76861,0.120815,0.0089,0.586958,0.6247
1999/7/26 0:00,0.73503,1.8706,0.7664244,0.78061,0.120815,0.008754000000000001,0.590528,0.6332
1999/7/27 0:00,0.73249,1.79145,0.7677457999999999,0.784252,0.120815,0.0090614,0.592979,0.63675
1999/7/28 0:00,0.73249,1.79535,0.7677457999999999,0.778119,0.120815,0.008754,0.591331,0.6299
1999/7/29 0:00,0.73249,1.79155,0.7677457999999999,0.777091,0.120815,0.008754000000000001,0.591156,0.62675
1999/7/30 0:00,0.73249,1.7748,0.7677457999999999,0.769556,0.120818,0.008754,0.580619,0.6055
1999/7/31 0:00,0.73249,1.75665,0.7677457999999999,0.771218,0.120812,0.008754000000000001,0.581531,0.60655
1999/8/1 0:00,0.73249,1.77305,0.7677457999999999,0.772618,0.120812,0.008754,0.581395,0.6132
1999/8/2 0:00,0.73249,1.761,0.7677457999999999,0.767607,0.120814,0.008754,0.579005,0.59835
1999/8/3 0:00,0.73249,1.76055,0.7677457999999999,0.771694,0.120814,0.008754000000000001,0.578955,0.60455
1999/8/4 0:00,0.73249,1.76925,0.7677457999999999,0.783607,0.120814,0.008754,0.579408,0.599
1999/8/5 0:00,0.52981,1.7679,0.6443594,0.6143411999999999,0.120815,0.008105000000000001,0.579139,0.59955
1999/8/6 0:00,0.577611,1.7838,0.6431348,0.6339694,0.120818,0.008105000000000001,0.582649,0.60725
1999/8/7 0:00,0.52981,1.7885,0.728863,0.5988046,0.120815,0.0094638,0.583431,0.60955
1999/8/8 0:00,0.52981,1.7894,0.729954,0.5988046,0.120815,0.0094538,0.582683,0.6079
1999/8/9 0:00,0.534331,1.8105,0.728969,0.60578,0.120818,0.0094444,0.583976,0.6171
1999/8/10 0:00,0.534571,1.8145,0.73006,0.6059452,0.120818,0.0093816,0.584095,0.62145
1999/8/11 0:00,0.534571,1.835,0.734322,0.6059452,0.120818,0.0093816,0.586166,0.63065
1999/8/12 0:00,0.534571,1.8334,0.73408,0.6059452,0.120818,0.0093816,0.588998,0.6339
1999/8/13 0:00,0.534331,1.83975,0.730914,0.7987095999999999,0.120821,0.0094568,0.586029,0.62665
1999/8/14 0:00,0.534331,1.8399,0.733783,0.6534053999999999,0.12082,0.0093816,0.584864,0.61695
1999/8/15 0:00,0.7114710000000001,1.64256,0.740933,0.7422089999999999,0.120821,0.0087086,0.584693,0.62495
1999/8/16 0:00,0.7112510000000001,1.64256,0.742859,0.7422090000000001,0.120821,0.0085762,0.587027,0.6322
1999/8/17 0:00,0.669911,1.64256,0.7414,0.7422089999999999,0.120821,0.0087116,0.586029,0.628
1999/8/18 0:00,0.7124510000000001,1.64256,0.735673,0.7422089999999999,0.120821,0.008702999999999999,0.583465,0.6198
1999/8/19 0:00,0.6229509999999999,1.64256,0.735835,0.742209,0.12082,0.0084924,0.583805,0.63415
1999/8/20 0:00,0.75407,1.6578700000000002,0.727299,0.7600064,0.120823,0.0093018,0.581971,0.6245
1999/8/21 0:00,0.75221,1.6645328,0.730353,0.7380502,0.120823,0.0090372,0.583771,0.6378
1999/8/22 0:00,0.75185,1.6617628,0.726137,0.7554608,0.120823,0.009340999999999999,0.581598,0.62935
1999/8/23 0:00,0.75043,1.6626528,0.728943,0.7689824000000001,0.120823,0.0094382,0.582276,0.6223
1999/8/24 0:00,0.75221,1.65701,0.733353,0.7289092,0.120823,0.0088874,0.58214,0.62765
1999/8/25 0:00,0.75221,1.6624627999999997,0.732252,0.727472,0.120823,0.0089096,0.580956,0.62935
1999/8/26 0:00,0.75297,1.6663628000000004,0.736187,0.7746672,0.120823,0.009421800000000001,0.58045,0.62775
1999/8/27 0:00,0.7114710000000001,1.64256,0.73551,0.7422090000000001,0.120821,0.008713599999999998,0.581531,0.62445
1999/8/28 0:00,0.75221,1.6624628000000001,0.743799,0.7414204,0.120823,0.008995800000000002,0.58401,0.63515
1999/8/29 0:00,0.713871,1.64256,0.741015,0.742209,0.120821,0.0085746,0.585497,0.63605
1999/8/30 0:00,0.75078,1.7290728000000002,0.741427,0.7810978,0.120823,0.00915,0.584454,0.64135
1999/8/31 0:00,0.74993,1.6616028,0.743633,0.7274719999999999,0.120823,0.009057,0.583022,0.6306
1999/9/1 0:00,0.75255,1.6578700000000002,0.749906,0.7298830000000001,0.120823,0.0090566,0.581971,0.63595
1999/9/2 0:00,0.711931,1.64256,0.75092,0.7422089999999999,0.120821,0.0086548,0.583124,0.6407
1999/9/3 0:00,0.75439,1.66068,0.756945,0.7697568,0.120823,0.009449,0.584351,0.6473
1999/9/4 0:00,0.623371,1.64256,0.754091,0.7327044,0.12082,0.0084924,0.582513,0.6474
1999/9/5 0:00,0.625841,1.72382,0.752955,0.742209,0.12082,0.0082934,0.582751,0.64955
1999/9/6 0:00,0.623451,1.64256,0.75663,0.742209,0.12082,0.0084924,0.585583,0.6558
1999/9/7 0:00,0.5351109999999999,1.64297,0.759273,0.6719448,0.120818,0.0084834,0.585823,0.65605
1999/9/8 0:00,0.72335,1.78994,0.759013,0.7648052,0.120818,0.0090636,0.587648,0.5920371999999999
1999/9/9 0:00,0.72715,1.51631,0.75861,0.7852106000000001,0.12082,0.008822800000000002,0.5774776,0.4787
1999/9/10 0:00,0.72485,1.51631,0.756115,0.7414006000000001,0.12082,0.009236,0.5865118,0.5819799999999999
1999/9/11 0:00,0.72395,1.5315999999999999,0.756372,0.7109947999999999,0.120821,0.009162,0.5837624,0.46064
1999/9/12 0:00,0.72275,1.53147,0.755515,0.7160214,0.120821,0.009108,0.579487,0.449719
1999/9/13 0:00,0.73215,1.5470169999999999,0.762602,0.6200256,0.125802,0.009195,0.6449418,0.4370792
1999/9/14 0:00,0.77288,1.6453844,0.765169,0.7433136,0.125387,0.009237,0.6260612,0.4660024
1999/9/15 0:00,0.78465,1.5394712,0.761383,0.7136434,0.120587,0.009219,0.6425342,0.577704
1999/9/16 0:00,0.75633,1.5822146,0.756687,0.7748674,0.130765,0.009106,0.661513,0.70007
1999/9/17 0:00,0.7305581999999999,1.5822146,0.759244,0.7798078,0.13076499999999996,0.009105,0.6856428,0.70007
1999/9/18 0:00,0.7309981999999999,1.7296638000000002,0.75706,0.7691091999999999,0.1307988,0.009078,0.6850966,0.6669501999999999
1999/9/19 0:00,0.7305582,1.472149,0.750469,0.7491947999999999,0.13071439999999998,0.009094,0.70895,0.69979
1999/9/20 0:00,0.69995,1.5402554000000002,0.750525,0.7633509999999999,0.1268136,0.009016,0.70745,0.61553
1999/9/21 0:00,0.69775,1.5694134,0.752191,0.7453772,0.12132899999999999,0.008953,0.6838384,0.6398900000000001
1999/9/22 0:00,0.69915,1.591216,0.754802,0.7653996,0.12132899999999999,0.008924,0.683888,0.61444
1999/9/23 0:00,0.70265,1.5984534,0.750835,0.7453772000000001,0.12185899999999998,0.008972,0.6719212,0.66833
1999/9/24 0:00,0.70275,1.5402554,0.750751,0.7821984000000001,0.1268136,0.009017,0.708181,0.61553
1999/9/25 0:00,0.70275,1.5402554,0.750751,0.7821984000000001,0.1268136,0.009017,0.708181,0.61553
1999/9/26 0:00,0.70295,1.53602,0.758294,0.7321472,0.12185900000000001,0.008988,0.6844172000000001,0.64115
1999/9/27 0:00,0.70405,1.5399753999999999,0.759763,0.7470475999999999,0.12185900000000001,0.009003,0.690755,0.6160699999999999
1999/9/28 0:00,0.70315,1.5401426,0.75884,0.7512482,0.12132899999999999,0.008944,0.6838384,0.6410899999999999
1999/9/29 0:00,0.714,1.6166699999999998,0.762776,0.8486125999999998,0.1357468,0.009056,0.7080683999999999,0.70001
1999/9/30 0:00,0.71535,1.53326,0.758438,0.8237669999999999,0.136285,0.009035,0.7080683999999999,0.64518
1999/10/1 0:00,0.71255,1.53602,0.75749,0.7391554,0.12185900000000001,0.00899,0.6590578,0.64115
1999/10/2 0:00,0.71415,1.5539154,0.754489,0.7872626,0.136285,0.009029,0.7074499999999999,0.64518
1999/10/3 0:00,0.71425,1.5402554,0.750863,0.7848632,0.1268136,0.009017,0.6678292,0.61553
1999/10/4 0:00,0.71695,1.5339199999999997,0.763942,0.8237669999999999,0.13574559999999997,0.009046,0.7080683999999999,0.67304
1999/10/5 0:00,0.71845,1.53392,0.765521,0.8486125999999998,0.1357468,0.00905,0.7080683999999999,0.67304
1999/10/6 0:00,0.71555,1.5830746,0.8258926000000001,0.8465018000000001,0.1312394,0.0091,0.7069742000000001,0.6993400000000001
1999/10/7 0:00,0.71535,1.580788,0.7320784,0.879755,0.1525588,0.0102896,0.6805422,0.6418404000000001
1999/10/8 0:00,0.72435,1.4329152,0.7364954000000001,0.9118326,0.14477299999999999,0.0094136,0.6946229999999999,0.6556248
1999/10/9 0:00,0.72385,1.6312244,0.7521848,0.9161758000000001,0.14953599999999997,0.00839,0.7008576,0.6352062
1999/10/10 0:00,0.71355,1.65478,0.7709208,0.803248,0.1491428,0.0088628,0.6603578000000001,0.6323559999999999
1999/10/11 0:00,0.70475,1.5376492,0.7635972000000001,0.9454876000000001,0.16176359999999998,0.008392600000000002,0.6464446,0.6296738000000001
1999/10/12 0:00,0.70575,1.5421286,0.7422554,0.8320000000000001,0.15443279999999998,0.008686000000000001,0.6528238,0.6179816
1999/10/13 0:00,0.70315,1.490602,0.7471742,1.0116908,0.16382079999999996,0.008521,0.6650484000000001,0.6447108
1999/10/14 0:00,0.699252,1.5392614,0.7233566,1.0074505999999999,0.1540872,0.0085158,0.6982478000000001,0.6458736
1999/10/15 0:00,0.69925,1.5392614,0.7233566,1.0074506,0.1540872,0.0085158,0.6982478000000001,0.6458736
1999/10/16 0:00,0.70445,1.80185,0.7575192,0.7844443999999999,0.1369616,0.008985799999999999,0.6340838,0.7026000000000001
1999/10/17 0:00,0.70025,1.7919,0.7867818,0.8174553999999998,0.1310636,0.0089774,0.6081786,0.64022
1999/10/18 0:00,0.69615,1.79,0.7658336,0.8186378000000001,0.131832,0.00842,0.6312932,0.62332
1999/10/19 0:00,0.69095,1.7744,0.7993760000000001,0.7775734,0.1523294,0.008399199999999999,0.5936547999999999,0.65567
1999/10/20 0:00,0.69405,1.78365,0.7398602,0.7994382,0.144097,0.008183200000000002,0.6089528,0.66887
1999/10/21 0:00,0.69245,1.7745,0.8122936000000001,0.7930764000000001,0.1470796,0.008276200000000001,0.6161792,0.65567
1999/10/22 0:00,0.692449,1.7745,0.8122936000000001,0.7930764000000001,0.14707959999999998,0.008276200000000001,0.6161792,0.65567
1999/10/23 0:00,0.68915,1.78855,0.7581441999999999,0.7841503999999999,0.1643122,0.0080334,0.609877,0.63472
1999/10/24 0:00,0.69645,1.7979,0.7619792000000001,0.8360212,0.1527508,0.0084132,0.6512298,0.67101
1999/10/25 0:00,0.69935,1.79845,0.7249542000000001,0.8368422000000001,0.13696799999999998,0.008976399999999999,0.6511018000000001,0.68594
1999/10/26 0:00,0.70235,1.7984,0.7439802,0.8432004,0.1369616,0.0089876,0.6511018,0.68594
1999/10/27 0:00,0.69515,1.77705,0.7573192000000001,0.787557,0.13283419999999999,0.008735,0.6026260000000001,0.66837
1999/10/28 0:00,0.69845,1.7932,0.7206516000000001,0.788488,0.1224116,0.0091606,0.584615,0.66837
1999/10/29 0:00,0.69795,1.79235,0.7306902,0.788115,0.12161200000000001,0.0091606,0.584615,0.66837
1999/10/30 0:00,0.777821,1.985218,0.8566866,0.881018,0.17916500000000002,0.008083,0.6462344,0.57007
1999/10/31 0:00,0.70395,1.79675,0.7641720000000001,0.797321,0.12336999999999998,0.0090536,0.6277654,0.65572
1999/11/1 0:00,0.70585,1.792,0.7527022000000001,0.791609,0.12161200000000001,0.009237,0.5836117999999999,0.6487700000000001
1999/11/2 0:00,0.71355,1.7973,0.7473205999999999,0.793242,0.12220439999999999,0.0096436,0.6020232,0.6553599999999999
1999/11/3 0:00,0.71205,1.80615,0.7473205999999999,0.793367,0.1223358,0.0092134,0.6020232,0.65659
1999/11/4 0:00,0.71395,1.8096,0.751107,0.793367,0.1205804,0.009643600000000002,0.5925079999999999,0.64652
1999/11/5 0:00,0.71795,1.8137,0.749386,0.794029,0.12048479999999999,0.0098024,0.6019844,0.6541
1999/11/6 0:00,0.71685,1.8001,0.7586506,0.794092,0.1212574,0.010236799999999999,0.611486,0.65768
1999/11/7 0:00,0.717927,1.813565,0.749386,0.794029,0.12035339999999999,0.0098024,0.6019844,0.6541
1999/11/8 0:00,0.716846,1.80018,0.7586506,0.794092,0.1212574,0.010236799999999999,0.611486,0.65768
1999/11/9 0:00,0.721652,1.78715,0.7832828,0.790608,0.12131080000000001,0.0102682,0.5902474,0.65521
1999/11/10 0:00,0.72385,1.78225,0.8017721999999999,0.792299,0.12210519999999998,0.009714799999999999,0.6033396,0.65474
1999/11/11 0:00,0.723851,1.782213,0.8017721999999999,0.792267,0.12210519999999998,0.009714799999999999,0.6033396000000001,0.65474
1999/11/12 0:00,0.72815,1.7853,0.8403468000000001,0.794786,0.1226786,0.009822599999999999,0.6058814,0.66681
1999/11/13 0:00,0.73345,1.79875,0.8410784,0.799361,0.12370479999999999,0.009288,0.5879314,0.68015
1999/11/14 0:00,0.72935,1.7915,0.8081238,0.795672,0.12273540000000001,0.009825799999999999,0.6029361999999999,0.66255
1999/11/15 0:00,0.72305,1.79355,0.780588,0.797512,0.12253499999999999,0.009727799999999998,0.620213,0.65488
1999/11/16 0:00,0.72855,1.79715,0.880236,0.803439,0.12400340000000001,0.0097246,0.6205362,0.6419
1999/11/17 0:00,0.73135,1.80455,0.8206656000000001,0.780332,0.1230464,0.0095206,0.6507191999999999,0.68636
1999/11/18 0:00,0.72525,1.79795,0.7305932,0.7201462000000001,0.12059800000000001,0.0107668,0.6538652,0.63796
1999/11/19 0:00,0.72675,1.8045,0.7806272,0.7540872,0.12117720000000001,0.0101148,0.6419502,0.67599
1999/11/20 0:00,0.73605,1.8171,0.7538368,0.770317,0.12256340000000002,0.010432399999999998,0.6631514000000001,0.67028
1999/11/21 0:00,0.73695,1.8271,0.8365332000000001,0.785731,0.1228208,0.010838799999999999,0.5989822,0.66456
1999/11/22 0:00,0.74175,1.8306,0.7595835999999999,0.8373367999999999,0.1234272,0.0094974,0.6901074,0.67655
1999/11/23 0:00,0.74715,1.8418,0.8702268,0.8064346,0.123924,0.0087402,0.5994133999999999,0.6876599999999999
1999/11/24 0:00,0.74585,1.83385,0.8626732,0.7989846,0.12202260000000001,0.008674600000000001,0.6194064,0.663685
1999/11/25 0:00,0.74465,1.82785,0.8891126,0.7910983999999999,0.1222448,0.008436,0.6262890000000001,0.6569900000000001
1999/11/26 0:00,0.74575,1.5322369999999998,0.7917658,0.8773514,0.17340700000000003,0.007821400000000001,0.6347077999999999,0.62212
1999/11/27 0:00,0.74825,1.8164799999999999,0.8555769999999999,0.74206,0.1350664,0.0081186,0.6070558,0.642
1999/11/28 0:00,0.74855,1.603085,0.820311,0.8588571999999999,0.1359794,0.010192999999999999,0.6682036,0.58616
1999/11/29 0:00,0.74575,1.56239,0.817628,0.8320292,0.14624920000000002,0.0109026,0.6682228,0.56087
1999/11/30 0:00,0.74575,1.56573,0.81586,0.8147448,0.1411982,0.010825200000000002,0.6628342,0.55732
1999/12/1 0:00,0.75645,1.7767828,0.827369,0.731585,0.12415580000000001,0.0089452,0.6500956,0.6908
1999/12/2 0:00,0.75735,1.732443,0.828295,0.7615506,0.1292424,0.0094142,0.6502616,0.69065
1999/12/3 0:00,0.76355,1.90781,0.837346,0.7484764,0.15132779999999998,0.008541000000000002,0.6116008000000001,0.69385
1999/12/4 0:00,0.75715,1.7381799999999998,0.838118,0.7599064,0.1242226,0.0091822,0.6445632000000001,0.69135
1999/12/5 0:00,0.76015,1.701,0.833889,0.7309238,0.12423740000000001,0.008821800000000001,0.6584623999999999,0.6882
1999/12/6 0:00,0.75965,1.6419244,0.835247,0.7824736,0.136144,0.009653600000000002,0.6592428,0.68455
1999/12/7 0:00,0.76475,1.7687499999999996,0.83605,0.7499184,0.1223656,0.008932200000000001,0.6549402000000001,0.6875
1999/12/8 0:00,0.76965,1.91071,0.837767,0.7931264,0.16590659999999996,0.0084564,0.6051362,0.69395
1999/12/9 0:00,0.76995,1.8360600000000002,0.831739,0.8480245999999999,0.159414,0.0081424,0.61226,0.69745
1999/12/10 0:00,0.77355,1.85906,0.83668,0.8186164,0.13062100000000001,0.0079134,0.617612,0.70095
1999/12/11 0:00,0.78205,1.68967,0.837661,0.8195325999999999,0.1201768,0.009052399999999999,0.607644,0.70835
1999/12/12 0:00,0.77615,1.91235,0.830013,0.8313486000000001,0.1348622,0.008214,0.605583,0.70275
1999/12/13 0:00,0.78425,1.68459,0.83949,0.8175876000000001,0.1223182,0.009253399999999998,0.607533,0.71055
1999/12/14 0:00,0.78255,1.80032,0.842957,0.8030100000000001,0.12229919999999998,0.008694200000000001,0.6287996,0.7094
1999/12/15 0:00,0.78605,1.71281,0.843561,0.8107982,0.1217404,0.0090208,0.6703865999999999,0.70965
1999/12/16 0:00,0.78604,1.8835000000000002,0.843526,0.8338684000000001,0.120824,0.0095664,0.6044387999999999,0.709673
1999/12/17 0:00,0.79305,1.88259,0.849834,0.833385,0.120824,0.009546200000000001,0.6044799999999999,0.71765
1999/12/18 0:00,0.78935,1.8825800000000001,0.848716,0.8318391999999999,0.120824,0.009527,0.6047292,0.71675
1999/12/19 0:00,0.77695,1.8825499999999997,0.842247,0.8592334000000001,0.120824,0.0093488,0.6044387999999999,0.7136
1999/12/20 0:00,0.77655,1.6645800000000002,0.841751,0.8602892000000001,0.120824,0.00955,0.611621,0.71855
1999/12/21 0:00,0.77675,1.6645800000000002,0.844737,0.8602892000000001,0.120824,0.009532,0.613046,0.71745
1999/12/22 0:00,0.77505,1.6645800000000002,0.838469,0.8650088,0.120824,0.00955,0.610203,0.71595
1999/12/23 0:00,0.78165,1.70792,0.839631,0.8612312,0.120824,0.00953,0.61207,0.721
1999/12/24 0:00,0.77725,1.54863,0.83462,0.6444605999999999,0.120824,0.009731,0.611733,0.72345
1999/12/25 0:00,0.77445,1.54863,0.828569,0.6444605999999999,0.120824,0.00972,0.611378,0.7184
1999/12/26 0:00,0.75775,1.5045799999999998,0.822639,0.7362652,0.120824,0.009606,0.607792,0.7152
1999/12/27 0:00,0.75435,1.55235,0.819303,0.6444605999999999,0.120824,0.009564,0.60698,0.70985
1999/12/28 0:00,0.74965,1.50782,0.816127,0.691175,0.120824,0.009494,0.604558,0.70185
1999/12/29 0:00,0.75865,1.5306799999999998,0.814531,0.7329848,0.120824,0.009537,0.607017,0.7096
1999/12/30 0:00,0.75665,1.52778,0.809553,0.6444605999999999,0.120824,0.009475,0.605657,0.70915
1999/12/31 0:00,0.76225,1.55235,0.812117,0.6930647999999999,0.120824,0.009579,0.609775,0.7163
2000/1/1 0:00,0.75625,1.5306799999999998,0.810143,0.7327006,0.120824,0.009544,0.606907,0.70975
2000/1/2 0:00,0.76485,1.54863,0.81357,0.6930647999999999,0.120824,0.009576,0.607718,0.71535
2000/1/3 0:00,0.764877,1.54863,0.813537,0.6930647999999999,0.120824,0.009576,0.607718,0.715359
2000/1/4 0:00,0.76535,1.55235,0.812414,0.6930647999999999,0.120824,0.009578,0.609645,0.71045
2000/1/5 0:00,0.76385,1.5075,0.805348,0.7338077999999999,0.120824,0.009594,0.609515,0.71195
2000/1/6 0:00,0.76665,1.53223,0.811227,0.6444605999999999,0.120824,0.009649,0.610612,0.7134
2000/1/7 0:00,0.77955,1.54863,0.822402,0.6444605999999999,0.120824,0.009679,0.611546,0.71955
2000/1/8 0:00,0.77385,1.52498,0.82481,0.69536,0.120824,0.009629,0.610352,0.71355
2000/1/9 0:00,0.77385,1.48242,0.916456,0.6859306000000001,0.134249,0.010699,0.678168,0.713552
2000/1/10 0:00,0.77945,1.7398899999999997,0.828157,0.8399865999999999,0.120824,0.0095102,0.610128,0.5158
2000/1/11 0:00,0.76545,1.66724,0.817895,0.8395572,0.120824,0.00955,0.605877,0.5042500000000001
2000/1/12 0:00,0.76485,1.6681600000000003,0.813703,0.8597028,0.120824,0.0095506,0.606575,0.45219899999999996
2000/1/13 0:00,0.76185,1.8752,0.811655,0.8426912000000002,0.120824,0.009524000000000001,0.606134,0.5046
2000/1/14 0:00,0.76535,1.88615,0.816693,0.8466940000000001,0.120824,0.0095306,0.608939,0.5046
2000/1/15 0:00,0.75735,1.8711,0.811853,0.8486154000000001,0.120824,0.0095372,0.606759,0.45254900000000003
2000/1/16 0:00,0.75715,1.871,0.810438,0.8577389999999999,0.120824,0.0094674,0.606061,0.5046
2000/1/17 0:00,0.76005,1.8766,0.817795,0.8403468000000001,0.120824,0.009390399999999998,0.607866,0.50227
2000/1/18 0:00,0.76275,1.8777,0.821456,0.8366024,0.120824,0.0093216,0.5803254000000001,0.48084999999999994
2000/1/19 0:00,0.76415,1.88685,0.831532,0.8634523999999999,0.120824,0.009581,0.5803254000000001,0.48084999999999994
2000/1/20 0:00,0.76665,1.8832,0.830634,0.8634523999999999,0.120824,0.009581,0.5803254,0.48084999999999994
2000/1/21 0:00,0.75885,1.8683,0.823215,0.8634523999999999,0.120824,0.009581,0.5803254,0.48084999999999994
2000/1/22 0:00,0.75875,1.87035,0.820042,0.8634523999999999,0.120824,0.009581,0.5803254000000001,0.48084999999999994
2000/1/23 0:00,0.75875,1.8714,0.820042,0.8387043999999999,0.120824,0.0093816,0.5803254,0.48084999999999994
2000/1/24 0:00,0.76035,1.8616,0.823181,0.8634523999999999,0.120824,0.0095234,0.5803254000000001,0.48085000000000006
2000/1/25 0:00,0.75565,1.86885,0.818733,0.8634523999999999,0.120824,0.009477,0.5803254,0.48084999999999994
2000/1/26 0:00,0.76235,1.8789,0.81823,0.8482695999999998,0.120824,0.009581,0.5803254,0.48084999999999994
2000/1/27 0:00,0.75735,1.86795,0.810045,0.8451031999999999,0.120824,0.0095804,0.5771282,0.52352
2000/1/28 0:00,0.76935,1.8734,0.818766,0.8387043999999999,0.120824,0.0093816,0.5803254000000001,0.48084999999999994
2000/1/29 0:00,0.76935,1.8734,0.818766,0.8387043999999999,0.120824,0.0093816,0.5803254000000001,0.48084999999999994
2000/1/30 0:00,0.76935,1.87975,0.817361,0.8486588000000002,0.120824,0.009581,0.5803254,0.48084999999999994
2000/1/31 0:00,0.76745,1.87325,0.809881,0.8674588,0.120824,0.009577800000000001,0.5803254000000001,0.48084999999999994
2000/2/1 0:00,0.77385,1.88065,0.812117,0.8568221999999999,0.120824,0.009587,0.5771282,0.52352
2000/2/2 0:00,0.77375,1.8826,0.806224,0.8641188,0.120824,0.009503599999999997,0.5771282,0.52352
2000/2/3 0:00,0.7748,1.88855,0.804829,0.8632213999999999,0.120824,0.009437,0.5803254000000001,0.48084999999999994
2000/2/4 0:00,0.7748,1.88855,0.804829,0.8632213999999999,0.120824,0.009437,0.5803254000000001,0.48084999999999994
2000/2/5 0:00,0.77525,1.8823,0.805737,0.8634523999999999,0.120824,0.009459599999999999,0.5803254000000001,0.48084999999999994
2000/2/6 0:00,0.77085,1.88,0.804699,0.8634523999999999,0.120824,0.009525200000000001,0.5803254,0.48084999999999994
2000/2/7 0:00,0.77515,1.8881,0.80952,0.8387043999999999,0.120824,0.009381599999999999,0.5803254000000001,0.48084999999999994
2000/2/8 0:00,0.77075,1.8808,0.804991,0.8387043999999999,0.120824,0.0093816,0.5803253999999999,0.48085000000000006
2000/2/9 0:00,0.77125,1.873,0.800256,0.8403468000000001,0.120824,0.0094552,0.5803254,0.48085000000000006
2000/2/10 0:00,0.7725,1.873,0.80457,0.8572609999999999,0.120824,0.009496399999999999,0.5803254000000001,0.48084999999999994
2000/2/11 0:00,0.77075,1.87985,0.797512,0.8353296,0.120824,0.0093736,0.6046724,0.5042500000000001
2000/2/12 0:00,0.76375,1.87727,0.796813,0.8583694,0.120824,0.0094156,0.6036119999999999,0.5042500000000001
2000/2/13 0:00,0.76595,1.87727,0.799808,0.8353296,0.120824,0.0093474,0.6044387999999999,0.5042500000000001
2000/2/14 0:00,0.77645,1.8805699999999999,0.799265,0.8336667999999999,0.120824,0.009338200000000001,0.6044388,0.46152
2000/2/15 0:00,0.7545700000000001,1.75092,0.80551,0.833257,0.120824,0.0089808,0.6022046,0.4542832
2000/2/16 0:00,0.74847,1.82761,0.809651,0.8106892,0.120824,0.0092636,0.6011434,0.4542832
2000/2/17 0:00,0.74847,1.82761,0.809651,0.8106892,0.120824,0.0092636,0.6011434,0.4542832
2000/2/18 0:00,0.74567,1.79569,0.81126,0.8113652,0.120824,0.0093644,0.6024520000000001,0.4542832
2000/2/19 0:00,0.7462500000000001,1.7518828,0.812117,0.8201466,0.120824,0.009329800000000001,0.5948884,0.5059632000000001
2000/2/20 0:00,0.7498900000000001,1.81843,0.809848,0.7854532,0.120824,0.0092888,0.6011364,0.4542832
2000/2/21 0:00,0.74707,1.82761,0.809127,0.8106892,0.120824,0.0089308,0.6024520000000001,0.45428320000000005
2000/2/22 0:00,0.74465,1.84678,0.811754,0.8037666,0.120824,0.0093198,0.5946876,0.45428320000000005
2000/2/23 0:00,0.75358,1.74389,0.81057,0.845881,0.120824,0.008566400000000002,0.592128,0.46158
2000/2/24 0:00,0.73674,1.74389,0.81636,0.863111,0.120824,0.008566399999999998,0.5933691999999999,0.46092000000000005
2000/2/25 0:00,0.76413,1.74389,0.811952,0.859845,0.120824,0.008570600000000001,0.5933692,0.46158
2000/2/26 0:00,0.7210599999999999,1.74389,0.803084,0.860289,0.120824,0.0085882,0.592128,0.46399999999999997
2000/2/27 0:00,0.7535300000000001,1.74389,0.804117,0.855432,0.120824,0.0085664,0.592128,0.46092000000000005
2000/2/28 0:00,0.74466,1.74389,0.807755,0.858259,0.120824,0.0085664,0.5933692,0.46152
2000/2/29 0:00,0.72156,1.74389,0.807396,0.858369,0.120824,0.008570600000000001,0.5933691999999999,0.46158
2000/3/1 0:00,0.7567454000000001,1.74389,0.8141,0.862813,0.120824,0.008566399999999998,0.5913842,0.46152
2000/3/2 0:00,0.77385,1.74389,0.804343,0.855469,0.120824,0.008570600000000001,0.5913842,0.46158
2000/3/3 0:00,0.77274,1.74389,0.804635,0.849907,0.120824,0.0085882,0.5913842,0.46092000000000005
2000/3/4 0:00,0.71996,1.74389,0.802472,0.848356,0.120824,0.0085664,0.5933691999999999,0.46092000000000005
2000/3/5 0:00,0.71996,1.74389,0.807168,0.850159,0.120824,0.0085664,0.592128,0.46092000000000005
2000/3/6 0:00,0.7786700000000001,1.6742599999999999,0.810866,0.855688,0.120824,0.009547,0.5847274,0.46152
2000/3/7 0:00,0.77867,1.82514,0.810866,0.855286,0.120824,0.009544,0.5847274,0.5166000000000001
2000/3/8 0:00,0.8190399999999999,1.6742599999999999,0.809913,0.849546,0.120824,0.009492,0.5847274,0.46092000000000005
2000/3/9 0:00,0.76101,1.87729,0.8246436000000001,0.855615,0.120824,0.009549,0.6075822000000001,0.7164999999999999
2000/3/10 0:00,0.75785,1.87539,0.8062278,0.858885,0.120824,0.009596,0.6064292,0.7157146
2000/3/11 0:00,0.7661399999999999,1.8814699999999998,0.8215016,0.867077,0.120824,0.009597,0.6071443999999999,0.7165
2000/3/12 0:00,0.7637499999999999,1.87574,0.8222136000000001,0.864865,0.120824,0.009596,0.6073826,0.71727
2000/3/13 0:00,0.7619100000000001,1.88129,0.8236024000000001,0.868885,0.120824,0.009606,0.6074780000000001,0.71682
2000/3/14 0:00,0.76143,1.87377,0.8398680000000001,0.870398,0.120824,0.009635,0.6071912,0.7164999999999999
2000/3/15 0:00,0.7678300000000001,1.8710499999999999,0.8236024000000001,0.863782,0.120824,0.009553,0.607243,0.71727
2000/3/16 0:00,0.7678699999999999,1.87503,0.8100966,0.858922,0.120824,0.009581,0.6079656,0.71727
2000/3/17 0:00,0.76848,1.8814699999999998,0.8137944000000001,0.867152,0.120824,0.009602,0.6069753999999999,0.7165
2000/3/18 0:00,0.7674500000000001,1.8774299999999997,0.8225264000000001,0.862627,0.120824,0.009537,0.6067319999999999,0.7157
2000/3/19 0:00,0.76766,1.88096,0.8067471999999999,0.857008,0.120824,0.009534,0.6071518,0.7165
2000/3/20 0:00,0.757,1.8799500000000002,0.8167342,0.859107,0.120824,0.009545,0.6071518,0.7164999999999999
2000/3/21 0:00,0.757,1.8799500000000002,0.8167342,0.859107,0.120824,0.009545,0.6071518,0.7164999999999999
2000/3/22 0:00,0.7698699999999998,1.8783400000000001,0.8099208000000001,0.849473,0.120824,0.009499,0.607866,0.71727
2000/3/23 0:00,0.76489,1.8791499999999999,0.8074064,0.850521,0.120824,0.009524,0.607575,0.7157146
2000/3/24 0:00,0.7729000000000001,1.88293,0.8166546,0.837872,0.120824,0.009466,0.607228,0.7165
2000/3/25 0:00,0.76297,1.8709700000000002,0.8230603999999999,0.835736,0.120824,0.009407,0.6094434000000001,0.7171700000000001
2000/3/26 0:00,0.77184,1.87743,0.8136340000000001,0.833542,0.120824,0.009401,0.6074046000000001,0.7164999999999999
2000/3/27 0:00,0.77184,1.8799,0.8362456,0.833403,0.120824,0.009402,0.6076042,0.7164999999999999
2000/3/28 0:00,0.77184,1.8799,0.8362456,0.833403,0.120824,0.009402,0.6076042,0.7164999999999999
2000/3/29 0:00,0.75923,1.8714,0.8234228,0.829187,0.120824,0.009348,0.6066438,0.7165
2000/3/30 0:00,0.77461,1.8761499999999998,0.8033338000000001,0.830841,0.120824,0.009308,0.6082562,0.7165
2000/3/31 0:00,0.7613099999999999,1.87912,0.823455,0.83675,0.120824,0.009312,0.6100618,0.7158545999999999
2000/4/1 0:00,0.7730199999999999,1.8714,0.8227059999999999,0.838153,0.120824,0.009344,0.60724,0.7165
2000/4/2 0:00,0.7664599999999999,1.8710499999999999,0.8144819999999999,0.832362,0.120824,0.009321,0.6078808,0.7157146
2000/4/3 0:00,0.77475,1.87503,0.8195827999999998,0.828981,0.120824,0.009324,0.6065394,0.7164999999999999
2000/4/4 0:00,0.77329,1.8742800000000002,0.819134,0.830461,0.120824,0.009324,0.6076294,0.7157146
2000/4/5 0:00,0.77477,1.8722,0.8173014000000001,0.825151,0.120824,0.009225,0.6088808,0.71812
2000/4/6 0:00,0.77477,1.8777,0.8304038,0.827643,0.120824,0.009224,0.6088808,0.7179800000000001
2000/4/7 0:00,0.7765700000000001,1.8775,0.8234655999999999,0.828913,0.120824,0.009199,0.601721,0.6639246
2000/4/8 0:00,0.77409,1.876,0.8159744,0.831947,0.120824,0.009224,0.60361,0.6639246
2000/4/9 0:00,0.77409,1.8746,0.8159744,0.8296,0.120824,0.009205,0.603173,0.6639246
2000/4/10 0:00,0.77409,1.88605,0.8159744,0.835317,0.120824,0.009231,0.604778,0.6639245999999999
2000/4/11 0:00,0.7211479999999999,1.88605,0.8080983999999999,0.8013586,0.120824,0.009231,0.604778,0.5360446
2000/4/12 0:00,0.72881,1.8887,0.7324131999999999,0.8576739999999999,0.120824,0.009486999999999999,0.606024,0.59773
2000/4/13 0:00,0.7189479999999999,1.8845,0.8011478000000001,0.8576739999999999,0.120824,0.0095416,0.606061,0.5975900000000001
2000/4/14 0:00,0.7788754000000001,1.89405,0.8346604000000001,0.7734128,0.13890760000000002,0.0087258,0.608347,0.6666117999999999
2000/4/15 0:00,0.77131,1.8806,0.8372171999999999,0.7628467999999999,0.1336826,0.008113200000000001,0.603974,0.58833
2000/4/16 0:00,0.7710100000000001,1.8933,0.8642426000000001,0.7506436,0.17735340000000002,0.008113200000000001,0.603901,0.62051
2000/4/17 0:00,0.78291,1.8934,0.8264566,0.7506436,0.17735340000000002,0.007997800000000001,0.603865,0.6334099999999999
2000/4/18 0:00,0.7948280000000001,1.89305,0.8252818000000002,0.8600055999999998,0.1261642,0.009958400000000001,0.6310562,0.7161
2000/4/19 0:00,0.7759288,1.9029,0.86535,0.8531734,0.13169380000000003,0.0091496,0.632189,0.7147
2000/4/20 0:00,0.7585,1.9173,0.835314,0.754414,0.1383796,0.008246,0.6162256,0.72055
2000/4/21 0:00,0.75146,1.9195,0.841674,0.7511566000000001,0.1738746,0.007702199999999999,0.6193872,0.7272
2000/4/22 0:00,0.7563500000000001,1.9132,0.8551030000000001,0.7501526000000001,0.1598364,0.0081672,0.6192498000000001,0.7288
2000/4/23 0:00,0.849388,1.9161,0.7741836,0.8379920000000001,0.1309304,0.009448,0.7876798,0.7328
2000/4/24 0:00,0.78135,1.91585,0.7741836,0.8347912000000001,0.120824,0.009445,0.7906182,0.73115
2000/4/25 0:00,0.78135,1.91585,0.7741836,0.8347912000000001,0.120824,0.009445,0.7906182,0.73115
2000/4/26 0:00,0.77815,1.9102,0.7741836,0.841206,0.120824,0.009457,0.7906182,0.7285
2000/4/27 0:00,0.77715,1.904,0.7741836,0.8347912000000001,0.120824,0.00943,0.7906182,0.7228
2000/4/28 0:00,0.77705,1.90665,0.7741836,0.8347912000000001,0.120824,0.009445,0.7906182,0.72275
2000/4/29 0:00,0.77925,1.90925,0.7867812,0.8347912000000001,0.120824,0.009438,0.7558918,0.7285
2000/4/30 0:00,0.78195,1.9102,0.8090746,0.8586269999999999,0.120824,0.009536,0.7906182,0.73245
2000/5/1 0:00,0.78055,1.9085,0.8090746,0.858363,0.120824,0.009543,0.7906181999999999,0.7325
2000/5/2 0:00,0.78055,1.9085,0.8090746,0.858363,0.120824,0.009543,0.7906181999999999,0.7325
2000/5/3 0:00,0.77945,1.89415,0.7867811999999998,0.8538350000000001,0.120824,0.009517,0.7207285999999999,0.7285
2000/5/4 0:00,0.77435,1.89215,0.8090746000000001,0.8569098,0.120824,0.009525,0.7906182,0.72635
2000/5/5 0:00,0.77845,1.9011,0.8622228,0.8653727999999999,0.120824,0.009595,0.7906182,0.73245
2000/5/6 0:00,0.78135,1.9042,0.8622228,0.8597744,0.120824,0.009571,0.7906182,0.7351
2000/5/7 0:00,0.77595,1.8925,0.8090746,0.8586269999999999,0.120824,0.00954,0.7906182,0.73285
2000/5/8 0:00,0.77525,1.8913,0.7741836000000001,0.854983,0.120824,0.009522,0.609607,0.7328
2000/5/9 0:00,0.7763,1.8913,0.804246,0.8557472,0.120824,0.009522,0.609607,0.7322
2000/5/10 0:00,0.77305,1.8828,0.808048,0.846122,0.120824,0.009469,0.608236,0.7301
2000/5/11 0:00,0.77555,1.8824,0.808179,0.846122,0.120824,0.009469,0.60831,0.73075
2000/5/12 0:00,0.77565,1.875,0.801539,0.841401,0.120824,0.009465,0.608143,0.73115
2000/5/13 0:00,0.76805,1.8647,0.800096,0.8335376,0.120824,0.009375,0.604997,0.7196
2000/5/14 0:00,0.76265,1.8545,0.792801,0.8318288,0.120824,0.00934,0.603537,0.71305
2000/5/15 0:00,0.7608,1.8509,0.790326,0.831879,0.120824,0.009314,0.603136,0.7123
2000/5/16 0:00,0.76135,1.84945,0.789422,0.8125742,0.120824,0.00931,0.603136,0.6473099999999999
2000/5/17 0:00,0.75695,1.83535,0.6729358,0.8255549999999999,0.1208226,0.009336,0.603355,0.6124164000000001
2000/5/18 0:00,0.75705,1.83945,0.6724874,0.7738575999999999,0.1208226,0.009328,0.604047,0.6040464
2000/5/19 0:00,0.75795,1.836,0.6729358,0.8255549999999999,0.1208226,0.009336,0.605547,0.6124164000000001
2000/5/20 0:00,0.75785,1.83665,0.6907004000000001,0.7149656,0.120824,0.009299,0.60381,0.5515981999999999
2000/5/21 0:00,0.75465,1.8251,0.7085272,0.5707724000000001,0.1218596,0.009251,0.601576,0.5176232
2000/5/22 0:00,0.755,1.8268,0.7085272,0.5707658,0.12082580000000001,0.009246,0.601685,0.4015638000000001
2000/5/23 0:00,0.75585,1.8273,0.7085272,0.5707658,0.12082580000000001,0.009247,0.601214,0.4015638000000001
2000/5/24 0:00,0.75915,1.8288,0.6907004000000001,0.6633686000000001,0.12082580000000001,0.009285,0.6027,0.5012306000000001
2000/5/25 0:00,0.76195,1.82795,0.6907004000000001,0.7070377999999999,0.120824,0.009296,0.604485,0.5531881999999999
2000/5/26 0:00,0.76295,1.8321,0.6907004000000001,0.6633686000000001,0.12082580000000001,0.009282,0.603391,0.5012306000000001
2000/5/27 0:00,0.76035,1.8225,0.7085272,0.5707724,0.12082580000000001,0.009261,0.602228,0.4024122
2000/5/28 0:00,0.76125,1.8226,0.7085272,0.5707724,0.12082580000000001,0.009255,0.602609,0.4024122
2000/5/29 0:00,0.76305,1.8242,0.7085272,0.5707724,0.12082580000000001,0.009259,0.602555,0.4024122
2000/5/30 0:00,0.76315,1.82495,0.7085272,0.5707724,0.12082580000000001,0.009259,0.602555,0.4024122
2000/5/31 0:00,0.76115,1.8235,0.7085272,0.6176429999999999,0.12082580000000001,0.009266,0.601938,0.4516824
2000/6/1 0:00,0.75755,1.8224,0.7085272,0.6176429999999999,0.12082580000000001,0.009264,0.601214,0.4516824
2000/6/2 0:00,0.75065,1.81445,0.7469808,0.5707658,0.1219624,0.009234,0.597425,0.46395759999999997
2000/6/3 0:00,0.75495,1.81765,0.7085272,0.5707658,0.12082580000000001,0.00924,0.598372,0.4015637999999999
2000/6/4 0:00,0.75665,1.81575,0.7114814,0.6633686000000001,0.12193859999999998,0.009286,0.600384,0.5138406000000001
2000/6/5 0:00,0.7548,1.81495,0.7085272,0.6176429999999999,0.1218364,0.009266,0.598802,0.4516824
2000/6/6 0:00,0.7548,1.81595,0.7085272,0.6176429999999999,0.1218364,0.009262,0.598802,0.45168240000000004
2000/6/7 0:00,0.76555,1.81955,0.6729358,0.7559984,0.12082459999999999,0.009369,0.601757,0.66539
2000/6/8 0:00,0.76815,1.8299,0.6729358,0.7559984,0.12082459999999999,0.009373,0.601993,0.6114796
2000/6/9 0:00,0.76955,1.83825,0.6729358000000001,0.8134713999999998,0.12082520000000001,0.009364,0.602773,0.66539
2000/6/10 0:00,0.76735,1.81955,0.6907004000000001,0.6633686000000001,0.12082580000000001,0.009285,0.600709,0.5012306
2000/6/11 0:00,0.76165,1.81135,0.7423077999999999,0.575984,0.12191859999999999,0.009209,0.598731,0.4042114
2000/6/12 0:00,0.76145,1.81255,0.7474640000000001,0.574902,0.1224608,0.0092,0.598337,0.4033892
2000/6/13 0:00,0.76105,1.80175,0.7810252,0.6457636000000001,0.12297339999999998,0.009125,0.594513,0.58525
2000/6/14 0:00,0.76535,1.80595,0.8084793999999998,0.621361,0.12298800000000001,0.009145,0.596588,0.5246302
2000/6/15 0:00,0.76725,1.8184,0.8084794000000001,0.621361,0.12298799999999999,0.009138,0.59755,0.58525
2000/6/16 0:00,0.77275,1.81975,0.7919226,0.621361,0.12246080000000001,0.009167,0.596908,0.46360619999999997
2000/6/17 0:00,0.77655,1.8238,0.7931076,0.5743322,0.1224608,0.009177,0.598176,0.4027044
2000/6/18 0:00,0.7776,1.83265,0.7482773999999999,0.6199064,0.12191860000000002,0.00921,0.599125,0.4042114
2000/6/19 0:00,0.7776,1.83265,0.7767760000000001,0.796622,0.1228316,0.00921,0.599125,0.68767
2000/6/20 0:00,0.77575,1.824,0.7903928,0.785731,0.1228316,0.009135,0.596872,0.69935
2000/6/21 0:00,0.77745,1.82655,0.7767760000000001,0.787371,0.1280278,0.009224,0.598569,0.70079
2000/6/22 0:00,0.77875,1.8219,0.7767760000000001,0.786782,0.1228316,0.009189,0.598229,0.69935
2000/6/23 0:00,0.7727,1.819,0.7767760000000001,0.783269,0.12350720000000001,0.009186,0.59839,0.69959
2000/6/24 0:00,0.76685,1.8207,0.7903928,0.783883,0.1228316,0.009149,0.597015,0.69935
2000/6/25 0:00,0.76925,1.82315,0.7903928,0.784714,0.1228316,0.009155,0.596801,0.69686
2000/6/26 0:00,0.76975,1.8283,0.7903928,0.789141,0.122974,0.009143,0.596552,0.69686
2000/6/27 0:00,0.76625,1.8174,0.7903928,0.782075,0.1229746,0.00911,0.594495,0.69935
2000/6/28 0:00,0.76305,1.8055,0.8095723999999999,0.781769,0.120824,0.009075,0.593507,0.46317
2000/6/29 0:00,0.76005,1.786,0.8096772,0.777847,0.120824,0.009006,0.593401,0.46317
2000/6/30 0:00,0.75235,1.7718,0.8096772,0.772141,0.120824,0.008958,0.591226,0.46317
2000/7/1 0:00,0.75195,1.7686,0.8100978,0.771248,0.120824,0.008947,0.59011,0.46317
2000/7/2 0:00,0.75205,1.76755,0.8096772,0.770713,0.120824,0.008949,0.590284,0.46317
2000/7/3 0:00,0.75055,1.76075,0.8096772,0.767489,0.120824,0.008961,0.590423,0.46317
2000/7/4 0:00,0.74085,1.75345,0.8104994,0.76643,0.120824,0.008941,0.589258,0.46317
2000/7/5 0:00,0.74295,1.75835,0.8096772,0.767931,0.120824,0.008943,0.589518,0.46317
2000/7/6 0:00,0.74245,1.7365,0.8096772,0.768167,0.120824,0.008914,0.588097,0.46317
2000/7/7 0:00,0.74195,1.73775,0.8096772,0.770001,0.120824,0.008913,0.588132,0.46317
2000/7/8 0:00,0.74195,1.73775,0.8096772,0.770001,0.120824,0.008907,0.5797254000000001,0.63134
2000/7/9 0:00,0.75605,1.773364,0.8095723999999999,0.783914,0.120824,0.009018,0.5797048,0.6325299999999999
2000/7/10 0:00,0.74785,1.75295,0.8100978,0.774653,0.120824,0.008911,0.5797254000000001,0.6315899999999999
2000/7/11 0:00,0.75325,1.76075,0.8100978,0.775855,0.120824,0.008919,0.5797048,0.63278
2000/7/12 0:00,0.74995,1.7542,0.8096772,0.77226,0.120824,0.008911,0.5797047999999999,0.63278
2000/7/13 0:00,0.74845,1.7504,0.8095723999999999,0.770654,0.120824,0.008907,0.5797254000000001,0.63134
2000/7/14 0:00,0.75365,1.748,0.8100978,0.772648,0.120824,0.008933,0.5797254000000001,0.63134
2000/7/15 0:00,0.74955,1.7387,0.8096772,0.766283,0.120824,0.008852,0.5797048,0.63278
2000/7/16 0:00,0.75335,1.72965,0.8096772,0.768669,0.120824,0.008793,0.5797048,0.6325299999999999
2000/7/17 0:00,0.76325,1.7469,0.8096772,0.776337,0.120824,0.009042,0.5797254,0.63134
2000/7/18 0:00,0.76695,1.7434,0.7813391999999999,0.774533,0.123288,0.009015,0.6654852,0.6967399999999999
2000/7/19 0:00,0.7652,1.5521322,0.6939566,0.771605,0.123288,0.008981,0.6166284,0.5773518
2000/7/20 0:00,0.7652,1.5521322,0.6939566,0.771605,0.123288,0.008981,0.6166284,0.5773518
2000/7/21 0:00,0.76225,1.59904,0.7697247999999999,0.789866,0.123282,0.00895,0.7120368,0.6746299999999998
2000/7/22 0:00,0.75865,1.8105,0.8508625999999999,0.7487877999999999,0.123306,0.0089142,0.6025788000000001,0.6567000000000001
2000/7/23 0:00,0.75485,1.8200899999999998,0.8694457999999999,0.7951954,0.123262,0.0092016,0.5998474,0.6968799999999999
2000/7/24 0:00,0.75615,1.7594699999999999,0.8548262,0.7983658,0.123335,0.008792,0.6291518,0.6563100000000001
2000/7/25 0:00,0.7591,1.7687300000000001,0.8554868000000001,0.7974327999999999,0.123371,0.0091232,0.6230962,0.6871400000000001
2000/7/26 0:00,0.75665,1.81845,0.8429703999999999,0.7498558,0.123371,0.0085562,0.609108,0.6615
2000/7/27 0:00,0.76095,1.8189999999999997,0.8402638,0.7918816,0.123387,0.0088142,0.600717,0.6944100000000001
2000/7/28 0:00,0.7651,1.79253,0.8477629999999999,0.7862754,0.123408,0.008354,0.5903934,0.6752
2000/7/29 0:00,0.77105,1.82655,0.8617722000000001,0.798809,0.123379,0.008336399999999999,0.5898943999999999,0.66354
2000/7/30 0:00,0.77335,1.7894400000000001,0.8496734,0.7710125999999999,0.123416,0.0080918,0.6282598,0.69165
2000/7/31 0:00,0.7684,1.77273,0.8559452000000001,0.776688,0.1234,0.0086352,0.6784104,0.68975
2000/8/1 0:00,0.76515,1.7774,0.850562,0.7770721999999999,0.12332,0.0089198,0.592446,0.69295
2000/8/2 0:00,0.7605,1.66626,0.8275521999999998,0.779967,0.12335,0.009059,0.6627698000000001,0.6914
2000/8/3 0:00,0.76465,1.7728100000000002,0.8571094,0.7767,0.123362,0.0086292,0.5914575999999999,0.69505
2000/8/4 0:00,0.77375,1.7898900000000002,0.8563505999999999,0.787825,0.123454,0.0087898,0.5914575999999999,0.7047
2000/8/5 0:00,0.77225,1.7483600000000004,0.8312761999999999,0.7802276000000001,0.123487,0.0087276,0.6158836,0.70675
2000/8/6 0:00,0.77185,1.74612,0.8300082,0.7794176,0.123487,0.0087362,0.63629,0.70825
2000/8/7 0:00,0.7725,1.7997299999999998,0.8487781999999999,0.7883526,0.123487,0.008852,0.5914576,0.7076
2000/8/8 0:00,0.76835,1.73849,0.8288544,0.7886040000000001,0.123501,0.008843,0.6397226,0.7057
2000/8/9 0:00,0.76805,1.7904399999999998,0.856818,0.7830482,0.123454,0.0088778,0.593527,0.70365
2000/8/10 0:00,0.75995,1.73732,0.8496734,0.7811096000000001,0.123461,0.008706000000000002,0.6142915999999999,0.70085
2000/8/11 0:00,0.75465,1.75604,0.8485006,0.768628,0.123446,0.0089602,0.6013008,0.69645
2000/8/12 0:00,0.75465,1.781,0.8465431999999999,0.7707059999999999,0.123371,0.0091004,0.6013008,0.6966
2000/8/13 0:00,0.75475,1.80233,0.8503692,0.7815468000000001,0.123439,0.00903,0.5976857999999999,0.69635
2000/8/14 0:00,0.77773,1.76649,0.8274676000000001,0.7775565999999999,0.123449,0.0088454,0.5914576,0.69605
2000/8/15 0:00,0.76257,1.6875799999999999,0.8496734,0.7857568,0.123454,0.008809,0.6148016000000001,0.69895
2000/8/16 0:00,0.7625700000000001,1.77273,0.8499708,0.7767,0.12351,0.008660600000000001,0.6149724,0.69715
2000/8/17 0:00,0.7706899999999999,1.7292,0.8277276,0.7773886,0.12351,0.008794199999999999,0.5914576,0.6951
2000/8/18 0:00,0.7706899999999999,1.7292,0.8277276,0.7773886,0.12351,0.008794199999999999,0.5914576,0.6951
2000/8/19 0:00,0.7875066,1.72626,0.8270806,0.7807568,0.123527,0.0087686,0.6618786,0.69465
2000/8/20 0:00,0.70381,1.530729,0.7515464000000002,0.7464248000000001,0.123498,0.008967,0.5809012,0.68785
2000/8/21 0:00,0.74179,1.52948,0.7487906000000001,0.7464248,0.12346,0.008994,0.5812754,0.69205
2000/8/22 0:00,0.75717,1.6860300000000001,0.844167,0.7851087999999999,0.123535,0.009097,0.5959964,0.70425
2000/8/23 0:00,0.75717,1.6871299999999998,0.841397,0.7851087999999999,0.123556,0.009111,0.5959964,0.7062
2000/8/24 0:00,0.76859,1.6845200000000002,0.840902,0.810898,0.123556,0.009155,0.596747,0.71025
2000/8/25 0:00,0.75703,1.8422,0.84122,0.808505,0.123585,0.009117,0.789785,0.70755
2000/8/26 0:00,0.7534000000000001,1.8396,0.843597,0.806679,0.12359,0.009085,0.7524553999999999,0.70575
2000/8/27 0:00,0.7538600000000001,1.83915,0.844916,0.80331,0.123571,0.009045,0.7524553999999999,0.70435
2000/8/28 0:00,0.7522500000000001,1.8417,0.852043,0.805932,0.123541,0.009128,0.789785,0.7078
2000/8/29 0:00,0.762284,1.83835,0.850051,0.804182,0.1407334,0.009114,0.7511116,0.7077
2000/8/30 0:00,0.759784,1.83945,0.849221,0.804311,0.1324872,0.009117,0.7513664,0.70785
2000/8/31 0:00,0.7546299999999999,1.8228,0.843277,0.794913,0.14072679999999999,0.0091,0.6764042,0.70465
2000/9/1 0:00,0.75139,1.82235,0.846024,0.792896,0.1401978,0.009036,0.6764042,0.70275
2000/9/2 0:00,0.757434,1.8252,0.845559,0.795165,0.14897960000000002,0.009072,0.7137924,0.70925
2000/9/3 0:00,0.7663170000000001,1.80515,0.841503,0.789079,0.13180740000000002,0.009054,0.7733836000000001,0.7055
2000/9/4 0:00,0.74079,1.8042,0.845809,0.787092,0.13194500000000003,0.008987,0.6184404,0.70375
2000/9/5 0:00,0.7673970000000001,1.80855,0.847027,0.78765,0.13194500000000003,0.008986,0.6184404,0.7046
2000/9/6 0:00,0.7646369999999999,1.8027,0.847422,0.78416,0.12689019999999998,0.008977,0.575519,0.7006
2000/9/7 0:00,0.7657170000000001,1.80565,0.854117,0.783638,0.13141599999999998,0.008992,0.5947312,0.70175
2000/9/8 0:00,0.7454940000000001,1.8047,0.854518,0.78373,0.12784800000000002,0.008971,0.6050983999999999,0.7014
2000/9/9 0:00,0.764977,1.81095,0.855395,0.787123,0.13141599999999998,0.008992,0.5951598,0.69965
2000/9/10 0:00,0.752697,1.7924,0.853461,0.782228,0.1263598,0.008958,0.575519,0.69405
2000/9/11 0:00,0.7700469999999999,1.7778,0.853279,0.775675,0.1213036,0.008915,0.575519,0.68705
2000/9/12 0:00,0.7688499999999999,1.77245,0.852551,0.773066,0.1213036,0.008903,0.575519,0.68655
2000/9/13 0:00,0.75435,1.77825,0.853315,0.775404,0.123594,0.0089,0.789785,0.68425
2000/9/14 0:00,0.76257,1.76585,0.848428,0.770179,0.123577,0.00881,0.7555923999999999,0.6787
2000/9/15 0:00,0.7625700000000001,1.76185,0.846274,0.771307,0.123579,0.008822,0.789785,0.6841
2000/9/16 0:00,0.7625700000000001,1.7615,0.853679,0.771337,0.12355,0.008841,0.789785,0.69075
2000/9/17 0:00,0.76334,1.7643,0.859771,0.772857,0.123576,0.008811,0.7550762,0.69125
2000/9/18 0:00,0.7625700000000001,1.76475,0.860104,0.773395,0.123576,0.008812,0.7550762,0.6911
2000/9/19 0:00,0.7625700000000001,1.7594,0.860104,0.773395,0.123576,0.008748,0.7550762,0.691099
2000/9/20 0:00,0.7625700000000001,1.7594,0.853388,0.767931,0.123576,0.008748,0.7097464,0.69465
2000/9/21 0:00,0.76427,1.76295,0.84538,0.771962,0.123576,0.008777,0.789785,0.69295
2000/9/22 0:00,0.76168,1.77215,0.845023,0.783576,0.123576,0.008806,0.789785,0.6968
2000/9/23 0:00,0.76257,1.75945,0.852043,0.781555,0.123576,0.008787,0.789785,0.696
2000/9/24 0:00,0.76257,1.76085,0.851789,0.782228,0.123576,0.00879,0.749769,0.69565
2000/9/25 0:00,0.76257,1.76065,0.851426,0.78183,0.123576,0.008782,0.789785,0.6956
2000/9/26 0:00,0.7625700000000001,1.75225,0.85197,0.777152,0.123646,0.008751,0.7497969999999999,0.6973
2000/9/27 0:00,0.76542,1.7463,0.850159,0.775374,0.123664,0.008733,0.789785,0.6919
2000/9/28 0:00,0.76219,1.7518,0.854044,0.777152,0.123641,0.008742,0.709722,0.69605
2000/9/29 0:00,0.76898,1.74855,0.846382,0.770179,0.123617,0.008701,0.5769242,0.69754
2000/9/30 0:00,0.7735000000000001,1.7666,0.842993,0.7247268,0.123661,0.008769,0.6641131999999998,0.69099
2000/10/1 0:00,0.76898,1.77025,0.84317,0.7247268,0.123661,0.008771,0.6641132000000001,0.6885399999999999
2000/10/2 0:00,0.76898,1.76975,0.843917,0.7247268,0.123661,0.008765,0.6641132000000001,0.6885399999999999
2000/10/3 0:00,0.76898,1.75465,0.848104,0.7247268,0.123616,0.008712,0.6464382,0.6901200000000001
2000/10/4 0:00,0.7642800000000001,1.7482,0.845416,0.767902,0.123657,0.008634,0.5706942,0.6943300000000001
2000/10/5 0:00,0.76898,1.76245,0.850232,0.772559,0.123606,0.008658,0.5661512,0.69754
2000/10/6 0:00,0.76898,1.76975,0.852915,0.773186,0.123585,0.008656,0.5994142,0.69754
2000/10/7 0:00,0.7232098,1.7744,0.844416,0.777257,0.123614,0.008634,0.5661512,0.69754
2000/10/8 0:00,0.76372,1.76925,0.840937,0.773814,0.123614,0.008628,0.5936560000000001,0.69754
2000/10/9 0:00,0.76898,1.76885,0.842424,0.773754,0.123614,0.008623,0.576408,0.69754
2000/10/10 0:00,0.75566,1.7691,0.841397,0.776337,0.123632,0.00867,0.5837584,0.69223
2000/10/11 0:00,0.76898,1.7859,0.849473,0.783331,0.123585,0.008715,0.5661512,0.69754
2000/10/12 0:00,0.76898,1.7767,0.85481,0.78061,0.123608,0.00864,0.590877,0.69754
2000/10/13 0:00,0.76898,1.7831,0.852842,0.785361,0.123672,0.008662,0.592364,0.69754
2000/10/14 0:00,0.76898,1.77665,0.850485,0.782687,0.12368,0.008649,0.590755,0.69754
2000/10/15 0:00,0.76898,1.7736,0.851499,0.782779,0.12368,0.00864,0.591646,0.69089
2000/10/16 0:00,0.76898,1.77325,0.849005,0.78064,0.12368,0.008644,0.591646,0.69754
2000/10/17 0:00,0.76274,1.77145,0.850304,0.775314,0.123713,0.008594,0.590145,0.70065
2000/10/18 0:00,0.7625700000000001,1.76415,0.845273,0.774954,0.123693,0.008573,0.589762,0.698
2000/10/19 0:00,0.7659100000000001,1.76975,0.846418,0.780229,0.123683,0.0088248,0.58957,0.69175
2000/10/20 0:00,0.7661899999999999,1.77325,0.846633,0.777635,0.123661,0.008837800000000002,0.589206,0.69145
2000/10/21 0:00,0.76257,1.75865,0.85197,0.771248,0.123677,0.0089074,0.588547,0.68515
2000/10/22 0:00,0.76257,1.7638,0.853862,0.772977,0.123677,0.0089038,0.587717,0.68345
2000/10/23 0:00,0.7625700000000001,1.74955,0.844595,0.764555,0.123677,0.008838599999999999,0.587596,0.68315
2000/10/24 0:00,0.7625700000000001,1.7416,0.840018,0.763927,0.123677,0.0089072,0.587959,0.6787
2000/10/25 0:00,0.76257,1.74125,0.839454,0.762704,0.123645,0.008919199999999999,0.587579,0.68145
2000/10/26 0:00,0.7625700000000001,1.74045,0.840972,0.76063,0.12366,0.008919199999999999,0.587717,0.6832
2000/10/27 0:00,0.76257,1.74531,0.841008,0.760572,0.12369,0.0088444,0.587786,0.68785
2000/10/28 0:00,0.7326,1.7820999999999998,0.840371,0.7767676,0.12369,0.008801800000000002,0.587234,0.687
2000/10/29 0:00,0.7326,1.77451,0.841326,0.7767676000000001,0.12369,0.0087314,0.587234,0.68695
2000/10/30 0:00,0.73305,1.7692800000000002,0.840124,0.7741427999999999,0.12369,0.008801800000000002,0.58763,0.68605
2000/10/31 0:00,0.72825,1.7528010000000003,0.838012,0.8034075999999999,0.123715,0.011313199999999999,0.586545,0.68065
2000/11/1 0:00,0.73205,1.77085,0.838399,0.7826938,0.123728,0.0097388,0.587475,0.68435
2000/11/2 0:00,0.7313,1.7693999999999999,0.838118,0.7706784000000001,0.123733,0.009057200000000001,0.587544,0.68505
2000/11/3 0:00,0.73335,1.77451,0.841609,0.7767676000000001,0.123693,0.0087314,0.588132,0.68725
2000/11/4 0:00,0.73325,1.77451,0.841255,0.7767676,0.123713,0.0087314,0.588253,0.6873
2000/11/5 0:00,0.73365,1.77451,0.841078,0.7767676,0.123738,0.0087314,0.588408,0.68835
2000/11/6 0:00,0.73645,1.78307,0.845559,0.7781224000000001,0.123712,0.0087402,0.588582,0.68965
2000/11/7 0:00,0.73665,1.7447499999999998,0.85168,0.7885644,0.123703,0.0087764,0.588893,0.69125
2000/11/8 0:00,0.7385,1.7683699999999998,0.852769,0.7774256,0.123787,0.008787800000000002,0.590615,0.69465
2000/11/9 0:00,0.73725,1.78445,0.852697,0.778297,0.123779,0.008732799999999999,0.591017,0.6945
2000/11/10 0:00,0.7358,1.6961199999999999,0.85317,0.7873762,0.123767,0.0088344,0.590755,0.69715
2000/11/11 0:00,0.735,1.68795,0.853643,0.7819212,0.123767,0.008812200000000001,0.590755,0.69705
2000/11/12 0:00,0.7344,1.69375,0.856128,0.7933028,0.123767,0.0089014,0.589814,0.69665
2000/11/13 0:00,0.74155,1.77137,0.856788,0.7641381999999999,0.123749,0.0088496,0.591296,0.70395
2000/11/14 0:00,0.73755,1.75649,0.855139,0.788891,0.123793,0.0089206,0.590179,0.7005
2000/11/15 0:00,0.74005,1.7497728,0.857449,0.7726332,0.123793,0.0089576,0.591506,0.70435
2000/11/16 0:00,0.74215,1.7507528,0.858443,0.7641382,0.12379,0.0088496,0.591261,0.70525
2000/11/17 0:00,0.74825,1.7796827999999998,0.862255,0.7629596,0.12379,0.008889600000000001,0.591891,0.71275
2000/11/18 0:00,0.74825,1.7796827999999998,0.861326,0.7629596,0.12379,0.008889600000000001,0.592171,0.71275
2000/11/19 0:00,0.74635,1.8113527999999999,0.861401,0.7465035999999999,0.12379,0.008833400000000002,0.591751,0.71375
2000/11/20 0:00,0.75065,1.7615474,0.864267,0.7692794000000001,0.123775,0.008814800000000001,0.6136763999999999,0.7179
2000/11/21 0:00,0.75245,1.7792374000000002,0.863968,0.7691048,0.123818,0.0088986,0.6176254,0.71475
2000/11/22 0:00,0.74835,1.7180674,0.863073,0.7752796,0.123831,0.0087982,0.6348168000000001,0.7034
2000/11/23 0:00,0.74995,1.6930374000000001,0.863148,0.7787346,0.123793,0.0089022,0.6481806,0.7006
2000/11/24 0:00,0.75005,1.6906974,0.866176,0.7796892000000001,0.123824,0.008912,0.6485754,0.7025
2000/11/25 0:00,0.7522,1.7475174000000002,0.863521,0.7692794000000001,0.123824,0.0088136,0.6173743999999999,0.7042
2000/11/26 0:00,0.75,1.7296774,0.863483,0.7752796,0.123824,0.0088924,0.6304782,0.70345
2000/11/27 0:00,0.75665,1.7920174,0.869074,0.7692794000000001,0.123841,0.009048400000000002,0.6069802,0.71095
2000/11/28 0:00,0.75315,1.665196,0.869792,0.7849074,0.123877,0.0086376,0.6701672000000001,0.7056
2000/11/29 0:00,0.75535,1.8030073999999998,0.868508,0.7740298000000001,0.123864,0.0091654,0.6251458000000001,0.70775
2000/11/30 0:00,0.74635,1.6553073999999999,0.863744,0.7107522,0.123879,0.0088086,0.6851157999999999,0.69055
2000/12/1 0:00,0.7625700000000001,1.6553073999999999,0.862032,0.7107522000000001,0.12386,0.0088494,0.6851157999999999,0.69075
2000/12/2 0:00,0.7625700000000001,1.6553073999999999,0.865464,0.7107522000000001,0.12386,0.0088426,0.6851157999999999,0.69075
2000/12/3 0:00,0.7625700000000001,1.6553073999999999,0.865464,0.7107522000000001,0.12386,0.0088426,0.6851157999999999,0.69075
2000/12/4 0:00,0.7625700000000001,1.6803073999999998,0.855249,0.7248378000000001,0.12387,0.008689800000000001,0.6604086,0.68825
2000/12/5 0:00,0.7729000000000001,1.7801574000000002,0.85266,0.7612224,0.123873,0.0085166,0.6419922,0.68305
2000/12/6 0:00,0.7625700000000001,1.7503999999999997,0.860303,0.7697305999999999,0.124323,0.009404,0.618384,0.674799
2000/12/7 0:00,0.7625700000000001,1.7473374,0.856861,0.7707276000000001,0.123826,0.009068999999999999,0.6176254,0.6721
2000/12/8 0:00,0.7625700000000001,1.7473374,0.855945,0.7783140000000001,0.123879,0.0090688,0.6178466,0.67365
2000/12/9 0:00,0.7672000000000001,1.7862274,0.85168,0.7722086,0.123848,0.008808199999999999,0.6188266,0.67245
2000/12/10 0:00,0.7625700000000001,1.7473374,0.858074,0.7708704000000001,0.12391,0.0088698,0.6178466,0.68135
2000/12/11 0:00,0.77011,1.7756973999999999,0.858922,0.7555058000000001,0.123925,0.008822,0.6409016,0.6835
2000/12/12 0:00,0.7625700000000001,1.6693524,0.860733,0.7561362,0.123913,0.0098882,0.633905,0.6825
2000/12/13 0:00,0.7625700000000001,1.6906113999999999,0.855725,0.7561362,0.123913,0.0098882,0.633905,0.6827
2000/12/14 0:00,0.7625700000000001,1.6906113999999999,0.855725,0.7561362,0.123913,0.0098882,0.633905,0.6827
2000/12/15 0:00,0.7625700000000001,1.7041273999999997,0.864827,0.7393688,0.123937,0.008877400000000002,0.6506011999999999,0.68625
2000/12/16 0:00,0.7625700000000001,1.7234159999999998,0.870474,0.7410896000000001,0.123946,0.0087156,0.6491884,0.68735
2000/12/17 0:00,0.7625700000000001,1.7041274000000002,0.8604,0.7393688,0.123982,0.008840800000000001,0.6506012,0.68655
2000/12/18 0:00,0.7625700000000001,1.6553073999999999,0.857817,0.7107522000000001,0.123985,0.0088426,0.6851157999999999,0.6907
2000/12/19 0:00,0.76378,1.7473973999999999,0.856311,0.7759500000000001,0.124006,0.008933,0.6178466,0.69315
2000/12/20 0:00,0.7625700000000001,1.7473274,0.859624,0.7691048,0.124,0.0088698,0.6176254,0.69425
2000/12/21 0:00,0.76168,1.7475174000000002,0.86285,0.7692794000000001,0.123946,0.0088756,0.6173743999999999,0.6971
2000/12/22 0:00,0.7625700000000001,1.7473974,0.86103,0.7759500000000001,0.123979,0.008984200000000001,0.6178466,0.69355
2000/12/23 0:00,0.76257,1.6317074000000003,0.862924,0.7933861999999999,0.123919,0.008915000000000001,0.6352469999999999,0.69885
2000/12/24 0:00,0.7625700000000001,1.7084274000000002,0.862664,0.7781264,0.123919,0.0089134,0.6173743999999999,0.6974
2000/12/25 0:00,0.77155,1.6863774,0.862255,0.7877981999999999,0.123919,0.0089326,0.6539396,0.7
2000/12/26 0:00,0.76417,1.7473974,0.863707,0.7692794000000001,0.123957,0.0088822,0.6178466,0.69525
2000/12/27 0:00,0.7625700000000001,1.7398406000000002,0.860511,0.7673362,0.123959,0.0086842,0.611733,0.6883
2000/12/28 0:00,0.7625700000000001,1.76145,0.853497,0.7725922000000001,0.123924,0.008943999999999999,0.613553,0.68685
2000/12/29 0:00,0.7625700000000001,1.7568,0.859254,0.7994066,0.123936,0.0091408,0.612745,0.68175
2000/12/30 0:00,0.7625700000000001,1.77115,0.863483,0.7855704,0.124068,0.009160399999999999,0.614194,0.67905
2000/12/31 0:00,0.7625700000000001,1.77075,0.862329,0.7855704,0.124068,0.009160399999999999,0.614269,0.6783
2001/1/1 0:00,0.7625700000000001,1.77345,0.867039,0.7710198,0.124068,0.009068799999999998,0.615157,0.68165
2001/1/2 0:00,0.7625700000000001,1.7864,0.869452,0.7693938,0.124017,0.0091376,0.616713,0.68375
2001/1/3 0:00,0.7489602,1.7828,0.867228,0.7793866,0.124036,0.0091408,0.615271,0.68295
2001/1/4 0:00,0.7625700000000001,1.78435,0.868432,0.775262,0.124026,0.0090554,0.616029,0.68635
2001/1/5 0:00,0.76257,1.7812,0.870133,0.7793865999999999,0.124031,0.0087822,0.615101,0.68405
2001/1/6 0:00,0.76257,1.7688,0.87036,0.789846,0.124035,0.0087822,0.614364,0.6818
2001/1/7 0:00,0.76691,1.76725,0.87222,0.7994066,0.124035,0.0087822,0.614024,0.682
2001/1/8 0:00,0.7638900000000001,1.7782,0.878233,0.7637240000000001,0.124035,0.008658599999999999,0.616067,0.61963
2001/1/9 0:00,0.5142836000000001,1.77575,0.876732,0.6974016,0.124035,0.00848,0.613572,0.4606608
2001/1/10 0:00,0.5142836000000001,1.77815,0.873897,0.6863008,0.124035,0.008437,0.611509,0.4606608
2001/1/11 0:00,0.5142836000000001,1.76255,0.874049,0.6863008,0.124035,0.008408,0.61177,0.4606608
2001/1/12 0:00,0.5642316,1.76255,0.872106,0.6863007999999999,0.124034,0.008408,0.611714,0.46066080000000004
2001/1/13 0:00,0.5142836000000001,1.76055,0.874279,0.6863007999999999,0.124131,0.008429,0.614364,0.4606608
2001/1/14 0:00,0.5142836000000001,1.74685,0.872106,0.6974016,0.124113,0.008396,0.613346,0.4650708
2001/1/15 0:00,0.5142836000000001,1.745977,0.87167,0.7148358,0.124051,0.008392,0.61304,0.4606608
2001/1/16 0:00,0.5142836000000001,1.7412,0.869338,0.6997549999999999,0.122526,0.00844,0.612632,0.4606608
2001/1/17 0:00,0.5142836000000001,1.742943,0.870209,0.7262283999999999,0.122547,0.008448,0.613246,0.4650708
2001/1/18 0:00,0.6068912,1.7443,0.863036,0.7092523999999999,0.12326079999999999,0.008484,0.615915,0.5842608
2001/1/19 0:00,0.5604516,1.7443,0.866251,0.765111,0.1224468,0.008484,0.614779,0.5015308
2001/1/20 0:00,0.7669400000000002,1.74325,0.7895348,0.764468,0.1201072,0.008508,0.614931,0.7051399999999999
2001/1/21 0:00,0.7669400000000002,1.74215,0.8076222,0.764643,0.1201072,0.008511,0.613987,0.7051399999999999
2001/1/22 0:00,0.7669400000000001,1.7359,0.7887382,0.765199,0.1201072,0.008507,0.614175,0.7051399999999999
2001/1/23 0:00,0.767,1.7393,0.7488520000000001,0.762311,0.120112,0.008475,0.613234,0.7028000000000001
2001/1/24 0:00,0.7698,1.7389,0.7807514,0.763417,0.1202502,0.008505,0.61207,0.7080599999999999
2001/1/25 0:00,0.767,1.74235,0.7045546,0.763709,0.120112,0.008464,0.612314,0.6429036
2001/1/26 0:00,0.767,1.74235,0.7059824,0.763417,0.120112,0.00847,0.612314,0.7028000000000001
2001/1/27 0:00,0.767,1.7426,0.7045546,0.764029,0.120112,0.008463,0.612783,0.6429036
2001/1/28 0:00,0.767,1.7441,0.7045241999999999,0.764468,0.1201144,0.008446,0.61361,0.5840508
2001/1/29 0:00,0.6118508,1.7459,0.6953748,0.764584,0.12011659999999999,0.00842,0.613346,0.5252908
2001/1/30 0:00,0.7739100000000001,1.738944,0.8250954,0.761538,0.120824,0.009681600000000002,0.610903,0.71617
2001/1/31 0:00,0.69216,1.7521,0.7650703999999999,0.764117,0.1467982,0.007921599999999999,0.615271,0.5418399999999999
2001/2/1 0:00,0.69216,1.74065,0.7650703999999999,0.756744,0.1344368,0.007814999999999999,0.615082,0.5418399999999999
2001/2/2 0:00,0.71656,1.7385,0.799222,0.755629,0.13455660000000003,0.007890600000000001,0.615972,0.53946
2001/2/3 0:00,0.72674,1.6996799999999996,0.785779,0.763475,0.1223166,0.008242600000000001,0.617303,0.58671
2001/2/4 0:00,0.7125600000000001,1.67544,0.7276776,0.761267,0.1616276,0.008076400000000001,0.617589,0.58571
2001/2/5 0:00,0.7402500000000001,1.7048199999999998,0.7557487999999999,0.769645,0.17855800000000002,0.008281,0.619732,0.61714
2001/2/6 0:00,0.75219,1.72224,0.8382238,0.769157,0.16129860000000001,0.0082552,0.616903,0.5866499999999999
2001/2/7 0:00,0.75219,1.72224,0.8382238,0.769157,0.16129860000000001,0.0082552,0.616903,0.5866499999999999
2001/2/8 0:00,0.73964,1.7924099999999998,0.8556153999999999,0.773575,0.1411244,0.0083186,0.617151,0.6316998
2001/2/9 0:00,0.7372199999999999,1.7496,0.8203858,0.77006,0.1583534,0.007787199999999999,0.61459,0.54338
2001/2/10 0:00,0.7678,1.7374,0.8540265999999999,0.761992,0.121451,0.008377200000000001,0.612877,0.61349
2001/2/11 0:00,0.7801100000000001,1.732203,0.8368306000000001,0.759713,0.1338098,0.0088144,0.611043,0.66729
2001/2/12 0:00,0.7635500000000001,1.73916,0.8584994,0.762764,0.121451,0.0080114,0.613497,0.57799
2001/2/13 0:00,0.7635500000000001,1.7357,0.8584994,0.761035,0.121451,0.0079092,0.61361,0.57799
2001/2/14 0:00,0.7635500000000001,1.7357,0.8584994,0.761035,0.121451,0.0079092,0.61361,0.57799
2001/2/15 0:00,0.7400399999999999,1.7278,0.7979508,0.760052,0.14743219999999999,0.0078324,0.614288,0.5534
2001/2/16 0:00,0.69216,1.7352,0.7650703999999999,0.76266,0.1360918,0.007921599999999999,0.615271,0.5418399999999999
2001/2/17 0:00,0.7218199999999999,1.7465,0.7913316,0.767725,0.1359764,0.007634,0.616789,0.55352
2001/2/18 0:00,0.71982,1.748,0.7900062,0.771664,0.1346918,0.008143599999999999,0.617589,0.54246
2001/2/19 0:00,0.7051999999999999,1.7565,0.7303092,0.775795,0.1243734,0.007630200000000001,0.618353,0.55436
2001/2/20 0:00,0.7059,1.7562,0.730225,0.775434,0.1243734,0.0076264,0.619118,0.55436
2001/2/21 0:00,0.7059,1.7564,0.7617374,0.775374,0.124504,0.0076264,0.619118,0.6109298000000001
2001/2/22 0:00,0.7193099999999999,1.7551,0.7964132000000002,0.774204,0.124504,0.0078598,0.618353,0.6878898
2001/2/23 0:00,0.6796500000000001,1.75345,0.8274284,0.772648,0.12451,0.0082558,0.619003,0.6878898
2001/2/24 0:00,0.71591,1.74735,0.7903518,0.768787,0.124564,0.007670199999999999,0.617627,0.5995698
2001/2/25 0:00,0.72731,1.74635,0.7964132000000002,0.765931,0.124552,0.0075638,0.61862,0.6706198000000001
2001/2/26 0:00,0.74178,1.73395,0.8598513999999999,0.759474,0.124558,0.008304200000000001,0.616865,0.6402597999999999
2001/2/27 0:00,0.7121600000000001,1.74335,0.7960010000000001,0.762777,0.124535,0.008585599999999999,0.61717,0.6294598
2001/2/28 0:00,0.6953400000000001,1.7437,0.7964132000000002,0.76365,0.124535,0.0082596,0.618276,0.6878898
2001/3/1 0:00,0.68208,1.748,0.7614084,0.764438,0.124667,0.0076016,0.617971,0.6301598
2001/3/2 0:00,0.7541599999999999,1.7429,0.8598513999999999,0.763854,0.12467,0.0086412,0.616257,0.6586398
2001/3/3 0:00,0.71216,1.73525,0.8287178,0.763563,0.124597,0.008585599999999999,0.616941,0.6586398
2001/3/4 0:00,0.7319199999999999,1.728337,0.8257192,0.760521,0.1241,0.0081426,0.614483,0.66167
2001/3/5 0:00,0.7164400000000001,1.7375,0.7964132,0.76646,0.124727,0.0076194,0.618774,0.6519598
2001/3/6 0:00,0.7091999999999999,1.73745,0.7327798,0.766518,0.124727,0.0076194,0.618869,0.6221098
2001/3/7 0:00,0.7081000000000001,1.7356,0.732864,0.766284,0.124727,0.007623199999999999,0.617932,0.6220698
2001/3/8 0:00,0.7096,1.73925,0.7634938,0.766401,0.124673,0.0076194,0.619118,0.6221098
2001/3/9 0:00,0.7519699999999999,1.75505,0.8588910000000001,0.774533,0.124733,0.0083962,0.621697,0.6878898
2001/3/10 0:00,0.7519699999999999,1.752,0.8588910000000001,0.778938,0.124828,0.0089336,0.621736,0.6878898
2001/3/11 0:00,0.75197,1.7507,0.8588910000000001,0.773769,0.124875,0.0090238,0.6222,0.6878898
2001/3/12 0:00,0.7519699999999999,1.7421,0.8588910000000001,0.768403,0.124814,0.0090238,0.622181,0.6878898
2001/3/13 0:00,0.7519699999999999,1.7421,0.8588910000000001,0.768433,0.124814,0.0090238,0.622142,0.6878898
2001/3/14 0:00,0.7644500000000001,1.74365,0.870663,0.769349,0.124814,0.008782000000000002,0.622471,0.6959700000000001
2001/3/15 0:00,0.7247700000000001,1.74265,0.7948012,0.767077,0.1249,0.0079056,0.619963,0.6221098
2001/3/16 0:00,0.7323000000000001,1.749649,0.8237126,0.770158,0.125402,0.0088816,0.622453,0.6612397999999999
2001/3/17 0:00,0.71301,1.75095,0.7948012,0.770149,0.124814,0.0087794,0.62004,0.6595798000000002
2001/3/18 0:00,0.6990399999999999,1.7711,0.7602928,0.781769,0.124712,0.0084194,0.624551,0.5855598000000001
2001/3/19 0:00,0.7321899999999999,1.7825,0.839621,0.78796,0.124626,0.008258399999999999,0.625117,0.6423848000000001
2001/3/20 0:00,0.73253,1.78915,0.8429408,0.788084,0.124789,0.0082584,0.625606,0.639675
2001/3/21 0:00,0.6889,1.7792,0.7932186,0.78235,0.124789,0.008751199999999999,0.625665,0.6335798
2001/3/22 0:00,0.705675,1.78315,0.7983076,0.784221,0.124735,0.008627399999999999,0.626861,0.6079798
2001/3/23 0:00,0.70468,1.78315,0.7944314,0.781494,0.124735,0.008472799999999999,0.626861,0.6151898
2001/3/24 0:00,0.68738,1.78665,0.7654745999999999,0.7857,0.124735,0.0085046,0.628536,0.6012298
2001/3/25 0:00,0.7312099999999999,1.78645,0.8401838000000001,0.787743,0.124743,0.0083966,0.630279,0.6434648000000001
2001/3/26 0:00,0.72617,1.78805,0.8404311999999999,0.788364,0.124813,0.008252399999999998,0.629129,0.635505
2001/3/27 0:00,0.7106600000000001,1.7854,0.8072284000000002,0.78734,0.124715,0.0083966,0.629604,0.61945
2001/3/28 0:00,0.73082,1.80115,0.8446508000000001,0.79384,0.124732,0.0085896,0.631552,0.6415598
2001/3/29 0:00,0.7327600000000001,1.8257,0.852307,0.807298,0.124783,0.0089576,0.632351,0.6316598000000001
2001/3/30 0:00,0.7327600000000001,1.8257,0.852307,0.807298,0.124783,0.0089576,0.632351,0.6316598000000001
2001/3/31 0:00,0.73276,1.823925,0.8493618,0.806582,0.124783,0.0090388,0.632551,0.6333398000000001
2001/4/1 0:00,0.730415,1.8231,0.889419,0.804764,0.124783,0.0086952,0.633032,0.6613998
2001/4/2 0:00,0.7647449999999999,1.8387799999999999,0.8638639999999999,0.809487,0.124783,0.008561599999999999,0.6348,0.6404
2001/4/3 0:00,0.7653099999999999,1.81155,0.8549044,0.808489,0.124783,0.008566599999999999,0.6348,0.63995
2001/4/4 0:00,0.76403,1.7905099999999998,0.86492,0.814233,0.124783,0.0087934,0.633593,0.64
2001/4/5 0:00,0.7658799999999999,1.79051,0.9016624,0.814332,0.124783,0.0087934,0.636517,0.64245
2001/4/6 0:00,0.7647600000000001,1.79051,0.8867398,0.815594,0.124783,0.0087934,0.636476,0.64145
2001/4/7 0:00,0.7625700000000001,1.7905099999999998,0.8543278000000001,0.816693,0.124783,0.0087934,0.637531,0.6424
2001/4/8 0:00,0.7659100000000001,1.8047,0.8676473999999998,0.813223,0.124891,0.0087934,0.637999,0.6325
2001/4/9 0:00,0.7625700000000001,1.7937099999999997,0.8531858,0.819252,0.124919,0.0087934,0.637857,0.63105
2001/4/10 0:00,0.7625700000000001,1.7937199999999998,0.8531306000000001,0.818599,0.124945,0.0087934,0.638284,0.6219
2001/4/11 0:00,0.7625700000000001,1.7883599999999997,0.8572898,0.825491,0.124938,0.0087934,0.638978,0.63185
2001/4/12 0:00,0.7625700000000001,1.8046999999999997,0.8495725999999999,0.835422,0.124899,0.0087934,0.637389,0.62495
2001/4/13 0:00,0.7625700000000001,1.8046999999999997,0.8495725999999999,0.826037,0.124875,0.0087934,0.632531,0.621
2001/4/14 0:00,0.7625700000000001,1.7883599999999997,0.8572898,0.827712,0.124953,0.0087934,0.635728,0.6259
2001/4/15 0:00,0.7625700000000001,1.8046999999999997,0.8495725999999999,0.824385,0.124984,0.0087934,0.632651,0.62265
2001/4/16 0:00,0.7625700000000001,1.8046999999999997,0.8495725999999999,0.828947,0.124838,0.0087934,0.633834,0.6226
2001/4/17 0:00,0.7625700000000001,1.8047,0.8495725999999999,0.820446,0.124688,0.0087934,0.629525,0.6183
2001/4/18 0:00,0.7625700000000001,1.7877899999999998,0.8495725999999999,0.829359,0.124595,0.0087934,0.630199,0.62245
2001/4/19 0:00,0.7625700000000001,1.7866899999999997,0.8553716,0.826344,0.124688,0.0087934,0.629445,0.62445
2001/4/20 0:00,0.7625700000000001,1.8699,0.8379688,0.821659,0.124688,0.0091362,0.630239,0.6341
2001/4/21 0:00,0.7625700000000001,1.8742,0.8104478,0.821794,0.124688,0.0091362,0.633653,0.6397
2001/4/22 0:00,0.7625700000000001,1.85615,0.9016272000000001,0.814863,0.124611,0.008931399999999999,0.632351,0.6329
2001/4/23 0:00,0.7625700000000001,1.85615,0.9016272000000001,0.814863,0.124611,0.008931399999999999,0.632351,0.6329
2001/4/24 0:00,0.7625700000000001,1.85875,0.9016272000000001,0.815927,0.124611,0.008931399999999999,0.632971,0.63455
2001/4/25 0:00,0.76257,1.8597,0.8850712000000002,0.816993,0.124648,0.008931399999999999,0.632391,0.63535
2001/4/26 0:00,0.7625700000000001,1.88215,0.8119406,0.82481,0.124502,0.009136,0.633513,0.6391
2001/4/27 0:00,0.7625700000000001,1.86875,0.907812,0.82021,0.124626,0.009114,0.633112,0.63325
2001/4/28 0:00,0.7625700000000001,1.7631,0.874814,0.773664,0.124035,0.008641,0.612108,0.632053
2001/4/29 0:00,0.7625700000000001,1.88055,0.907688,0.827541,0.124642,0.009234,0.633633,0.6303
2001/4/30 0:00,0.7625700000000001,1.88055,0.908265,0.827609,0.124642,0.009234000000000001,0.635506,0.6303
2001/5/1 0:00,0.76257,1.8831,0.9081,0.828912,0.124642,0.0092508,0.635445,0.6324
2001/5/2 0:00,0.76257,1.8716,0.903914,0.827301,0.124642,0.009234200000000001,0.633473,0.63225
2001/5/3 0:00,0.740775,1.8621,0.898674,0.823181,0.124805,0.0090822,0.632191,0.62845
2001/5/4 0:00,0.74185,1.8562,0.899564,0.818867,0.124735,0.0088204,0.630517,0.62975
2001/5/5 0:00,0.74275,1.8438,0.891782,0.811063,0.124712,0.0086888,0.628654,0.62605
2001/5/6 0:00,0.74785,1.8405,0.903424,0.811194,0.124825,0.0086888,0.627077,0.6323
2001/5/7 0:00,0.74345,1.8421,0.910788,0.8108,0.12475,0.0086888,0.626645,0.62665
2001/5/8 0:00,0.73715,1.83425,0.898836,0.80694,0.124642,0.0086748,0.625274,0.61975
2001/5/9 0:00,0.737025,1.55952,0.897868,0.811458,0.124992,0.008692,0.626999,0.62295
2001/5/10 0:00,0.7435,1.4940000000000002,0.899523,0.813438,0.124986,0.008723,0.629882,0.62415
2001/5/11 0:00,0.7389,1.4940000000000002,0.890908,0.810274,0.125027,0.008682,0.626625,0.6171
2001/5/12 0:00,0.7389,1.4940000000000002,0.890591,0.81057,0.125027,0.008681,0.626625,0.6171
2001/5/13 0:00,0.7468600000000001,1.4940000000000002,0.89075,0.811622,0.125027,0.008666,0.626822,0.61745
2001/5/14 0:00,0.74648,1.4940000000000002,0.891027,0.804829,0.12488,0.008653,0.626213,0.61645
2001/5/15 0:00,0.7670699999999999,1.8962299999999999,0.895656,0.807999,0.124955,0.0083862,0.628694,0.621425
2001/5/16 0:00,0.76649,1.8941650000000003,0.902161,0.810504,0.124984,0.0086982,0.629426,0.614575
2001/5/17 0:00,0.7564599999999999,1.8537950000000003,0.893176,0.80457,0.125055,0.0085564,0.626272,0.61135
2001/5/18 0:00,0.7727739999999998,1.8728500000000001,0.890591,0.801025,0.125003,0.0081382,0.62541,0.60815
2001/5/19 0:00,0.766294,1.9124400000000001,0.890036,0.801828,0.125003,0.0081382,0.62543,0.606
2001/5/20 0:00,0.7647,1.8728500000000001,0.891385,0.800865,0.125003,0.0081382,0.625567,0.6078
2001/5/21 0:00,0.7625700000000001,1.88731,0.891782,0.805883,0.124969,0.0080196,0.626115,0.6059
2001/5/22 0:00,0.76302,1.9511300000000003,0.890353,0.804279,0.125023,0.0081526,0.626194,0.60205
2001/5/23 0:00,0.76894,1.87189,0.889798,0.801957,0.125023,0.0072916,0.625195,0.59565
2001/5/24 0:00,0.7714799999999998,1.8941650000000003,0.900657,0.808669,0.125063,0.008372399999999999,0.628299,0.60565
2001/5/25 0:00,0.7625700000000001,1.51146,0.895616,0.817461,0.125117,0.009212399999999999,0.631812,0.6095
2001/5/26 0:00,0.76257,1.51146,0.896178,0.817428,0.125117,0.009212399999999999,0.631632,0.609
2001/5/27 0:00,0.7625700000000001,1.51146,0.899159,0.817027,0.124997,0.009212399999999999,0.632591,0.60825
2001/5/28 0:00,0.7625700000000001,1.51146,0.902039,0.81666,0.12512,0.009212399999999999,0.632251,0.60905
2001/5/29 0:00,0.76649,1.894265,0.899038,0.811326,0.125063,0.0083506,0.630517,0.60425
2001/5/30 0:00,0.76257,1.8327000000000002,0.899321,0.81367,0.125063,0.008664999999999999,0.632391,0.60425
2001/5/31 0:00,0.76257,1.51146,0.896941,0.817528,0.125227,0.009212399999999999,0.635486,0.61055
2001/6/1 0:00,0.76398,1.8046999999999997,0.9035384000000001,0.812942,0.125169,0.0087934,0.633513,0.6113
2001/6/2 0:00,0.76495,1.8141199999999997,0.8842889999999999,0.814963,0.125133,0.0087934,0.633553,0.61725
2001/6/3 0:00,0.76707,1.8683,0.8852426000000001,0.811194,0.125063,0.008561599999999999,0.631732,0.61795
2001/6/4 0:00,0.76257,1.78558,0.8525262,0.813223,0.125119,0.0087934,0.630358,0.618375
2001/6/5 0:00,0.762565,1.8363299999999998,0.8626488,0.81011,0.125078,0.008561599999999999,0.629624,0.62215
2001/6/6 0:00,0.7694840000000001,1.80885,0.853449,0.801186,0.125023,0.008501,0.628042,0.6217
2001/6/7 0:00,0.7384350000000001,1.7793800000000002,0.8527376,0.797035,0.125023,0.008695,0.627471,0.62335
2001/6/8 0:00,0.76605,1.80885,0.853449,0.801828,0.124938,0.008545,0.629901,0.624625
2001/6/9 0:00,0.75898,1.77168,0.8528318,0.804133,0.125109,0.0087934,0.630418,0.6223
2001/6/10 0:00,0.76615,1.848415,0.8846491999999999,0.807103,0.125269,0.008566599999999999,0.631293,0.6225
2001/6/11 0:00,0.7619640000000001,1.80885,0.853449,0.800993,0.125194,0.008501,0.629941,0.623325
2001/6/12 0:00,0.74876,1.87725,0.875925,0.797925,0.125192,0.008586,0.630438,0.62465
2001/6/13 0:00,0.77749,1.869415,0.881562,0.806192,0.125243,0.00847,0.633132,0.62195
2001/6/14 0:00,0.7654,1.8565,0.880398,0.807379,0.125392,0.008588799999999999,0.632551,0.61855
2001/6/15 0:00,0.76555,1.86255,0.884056,0.811754,0.125455,0.0087004,0.633613,0.6183
2001/6/16 0:00,0.76555,1.86255,0.884017,0.811754,0.125455,0.0087004,0.633613,0.6171
2001/6/17 0:00,0.76555,1.86295,0.88433,0.811359,0.125455,0.0087004,0.633012,0.61815
2001/6/18 0:00,0.76555,1.86665,0.884447,0.811524,0.125471,0.0087004,0.633052,0.6185
2001/6/19 0:00,0.76555,1.8772,0.88433,0.815661,0.1254,0.008662399999999999,0.633633,0.61975
2001/6/20 0:00,0.7625700000000001,1.87605,0.887508,0.8108,0.125463,0.0087004,0.632011,0.622
2001/6/21 0:00,0.7625700000000001,1.8868,0.889363,0.812381,0.125392,0.0087264,0.633533,0.618325
2001/6/22 0:00,0.7625700000000001,1.90735,0.887469,0.818498,0.125345,0.0087086,0.635869,0.6244
2001/6/23 0:00,0.7625700000000001,1.90735,0.887272,0.817695,0.125345,0.0087086,0.635869,0.62525
2001/6/24 0:00,0.7625700000000001,1.9073,0.887745,0.818699,0.125345,0.0087108,0.636314,0.627
2001/6/25 0:00,0.7625700000000001,1.90565,0.893615,0.815378,0.125494,0.0087424,0.635364,0.62455
2001/6/26 0:00,0.7625700000000001,1.8997,0.889205,0.811952,0.125423,0.0087404,0.633814,0.62495
2001/6/27 0:00,0.76257,1.86441,0.892379,0.815561,0.12536,0.009228400000000001,0.63597,0.63365
2001/6/28 0:00,0.7714799999999998,1.91708,0.88743,0.80993,0.125458,0.0084944,0.636578,0.634325
2001/6/29 0:00,0.755365,1.819115,0.888612,0.803406,0.125349,0.0082978,0.633252,0.63375
2001/6/30 0:00,0.763505,1.858985,0.888612,0.806094,0.125349,0.008504799999999998,0.633252,0.635
2001/7/1 0:00,0.7659749999999999,1.858985,0.88964,0.806809,0.125349,0.0086848,0.633433,0.63635
2001/7/2 0:00,0.7646,1.858985,0.887272,0.805915,0.125251,0.0083428,0.632371,0.6309
2001/7/3 0:00,0.7714799999999998,1.8941649999999999,0.89071,0.808571,0.124977,0.0086848,0.633714,0.63595
2001/7/4 0:00,0.76805,1.87592,0.893416,0.814166,0.125183,0.008765199999999999,0.634961,0.64095
2001/7/5 0:00,0.761825,1.86138,0.889838,0.811326,0.125329,0.0085942,0.634659,0.63975
2001/7/6 0:00,0.7604,1.86138,0.889166,0.811425,0.125384,0.0085942,0.635566,0.63925
2001/7/7 0:00,0.7605,1.88155,0.889166,0.811425,0.125384,0.0085942,0.635566,0.63925
2001/7/8 0:00,0.75835,1.88265,0.888691,0.811853,0.125384,0.0085892,0.635607,0.6384
2001/7/9 0:00,0.76145,1.8913,0.893455,0.815611,0.125496,0.0087586,0.635607,0.6402
2001/7/10 0:00,0.76315,1.8883,0.896338,0.810012,0.125496,0.008748599999999999,0.635385,0.6384
2001/7/11 0:00,0.76115,1.8917,0.898998,0.808898,0.125472,0.008823399999999999,0.634256,0.6354
2001/7/12 0:00,0.758873,1.886042,0.896309,0.806478,0.125097,0.0086992,0.632359,0.6335
2001/7/13 0:00,0.75765,1.838025,0.90151,0.806582,0.125371,0.0089506,0.632471,0.63665
2001/7/14 0:00,0.75765,1.771285,0.90086,0.806744,0.125371,0.009159,0.632931,0.6535499999999999
2001/7/15 0:00,0.75715,1.771285,0.901998,0.807265,0.125371,0.0091086,0.633072,0.6535500000000001
2001/7/16 0:00,0.75955,1.73264,0.899402,0.810471,0.125483,0.0091802,0.634236,0.66143
2001/7/17 0:00,0.7632,1.86449,0.902731,0.814481,0.125592,0.008731800000000001,0.635687,0.6430800000000001
2001/7/18 0:00,0.76235,1.86449,0.901104,0.814233,0.125649,0.0091364,0.635405,0.64308
2001/7/19 0:00,0.7639,1.7382300000000002,0.905264,0.812331,0.125709,0.008924399999999999,0.635708,0.63724
2001/7/20 0:00,0.76705,1.7975099999999997,0.905961,0.812876,0.125736,0.0081162,0.635506,0.6232599999999999
2001/7/21 0:00,0.76705,1.7975099999999997,0.905961,0.812975,0.125736,0.0081162,0.635506,0.6232599999999999
2001/7/22 0:00,0.76875,1.86704,0.9051,0.813984,0.125736,0.0076932,0.63745,0.62826
2001/7/23 0:00,0.77085,1.7449099999999997,0.903057,0.811787,0.125937,0.0081134,0.637491,0.61618
2001/7/24 0:00,0.77075,1.6791899999999997,0.899726,0.810438,0.125929,0.008486,0.637633,0.64471
2001/7/25 0:00,0.76705,1.6659,0.90465,0.810718,0.125876,0.0084656,0.637369,0.64393
2001/7/26 0:00,0.75805,1.8500934,0.900455,0.803762,0.125929,0.009208,0.636659,0.6764699999999999
2001/7/27 0:00,0.75395,1.7855034,0.892658,0.801571,0.125818,0.008862,0.635506,0.6786099999999999
2001/7/28 0:00,0.7539,1.7215150000000001,0.892499,0.801346,0.125818,0.00892,0.635506,0.67861
2001/7/29 0:00,0.75295,1.7215150000000001,0.891902,0.801057,0.125818,0.00892,0.63597,0.6675899999999999
2001/7/30 0:00,0.751175,1.8368650000000002,0.891782,0.804279,0.12572,0.009038599999999999,0.634659,0.64276
2001/7/31 0:00,0.7526,1.56504,0.892977,0.798005,0.125826,0.0088646,0.633754,0.6847200000000001
2001/8/1 0:00,0.75265,1.4940000000000002,0.892977,0.80016,0.125818,0.008504,0.634578,0.6536
2001/8/2 0:00,0.75325,1.4940000000000002,0.894095,0.798403,0.125849,0.008494,0.632111,0.65805
2001/8/3 0:00,0.75305,1.4940000000000002,0.892897,0.796495,0.125873,0.008515,0.631532,0.66235
2001/8/4 0:00,0.7518,1.4940000000000002,0.892897,0.798339,0.1226504,0.008522,0.632051,0.6628
2001/8/5 0:00,0.7527,1.4940000000000002,0.892698,0.796242,0.1226504,0.008484,0.631672,0.663125
2001/8/6 0:00,0.75505,1.5083,0.894654,0.80016,0.12162999999999999,0.008477,0.629862,0.66265
2001/8/7 0:00,0.75225,1.494,0.886446,0.798882,0.12731520000000002,0.008506,0.628615,0.659
2001/8/8 0:00,0.75625,1.4940000000000002,0.886721,0.800352,0.12220259999999998,0.008533,0.631453,0.6597
2001/8/9 0:00,0.756825,1.55872,0.892738,0.80525,0.12337519999999999,0.008603,0.632551,0.66105
2001/8/10 0:00,0.75125,1.5071400000000001,0.894574,0.808604,0.1222238,0.008568,0.631094,0.66105
2001/8/11 0:00,0.74925,1.52274,0.894494,0.808653,0.1222238,0.008574,0.631373,0.66185
2001/8/12 0:00,0.75425,1.50562,0.895736,0.808244,0.1278956,0.00859,0.630835,0.66995
2001/8/13 0:00,0.7516,1.55872,0.897908,0.804246,0.12080899999999999,0.00854,0.575519,0.65975
2001/8/14 0:00,0.7511,1.62301,0.899928,0.804732,0.1216038,0.008521,0.5874498,0.6584
2001/8/15 0:00,0.7473,1.5624600000000002,0.900252,0.802021,0.12080899999999999,0.008485,0.5750559999999999,0.65155
2001/8/16 0:00,0.746,1.56087,0.895456,0.798276,0.12080899999999999,0.008471,0.5750559999999999,0.6527
2001/8/17 0:00,0.746,1.56087,0.895375,0.798276,0.12080899999999999,0.008471,0.5750559999999999,0.6527
2001/8/18 0:00,0.74525,1.6278400000000002,0.894614,0.799488,0.12080899999999999,0.008462,0.5738530000000001,0.65145
2001/8/19 0:00,0.74755,1.6284800000000001,0.896218,0.804521,0.12080899999999999,0.0085,0.575519,0.65765
2001/8/20 0:00,0.74375,1.4940000000000002,0.891146,0.802955,0.12080899999999999,0.008471,0.5750559999999999,0.6585
2001/8/21 0:00,0.74585,1.56087,0.889047,0.800576,0.12080899999999999,0.008497,0.575519,0.66425
2001/8/22 0:00,0.74555,1.59071,0.887942,0.79869,0.12080899999999999,0.008488,0.575056,0.662125
2001/8/23 0:00,0.74255,1.55433,0.888376,0.793682,0.12080899999999999,0.008402,0.5730806,0.65885
2001/8/24 0:00,0.7434,1.5543300000000002,0.888376,0.793367,0.12080899999999999,0.008402,0.5730806,0.6596
2001/8/25 0:00,0.74225,1.56022,0.887902,0.792424,0.12080899999999999,0.008413,0.5730806,0.65565
2001/8/26 0:00,0.74425,1.5596700000000001,0.889521,0.792079,0.12080899999999999,0.008402,0.5730806,0.6586
2001/8/27 0:00,0.74425,1.6766400000000001,0.88234,0.787216,0.12080899999999999,0.008357,0.5703216,0.6606
2001/8/28 0:00,0.74235,1.67579,0.878657,0.786071,0.12080899999999999,0.008353,0.5703216,0.65905
2001/8/29 0:00,0.75125,1.7273299999999998,0.882418,0.788239,0.12080899999999999,0.008384,0.5718224000000001,0.658875
2001/8/30 0:00,0.750625,1.6150200000000001,0.879005,0.784775,0.12080899999999999,0.008352,0.5703216,0.6572
2001/8/31 0:00,0.75395,1.7268000000000001,0.879507,0.787681,0.1215958,0.008405,0.5840218,0.66065
2001/9/1 0:00,0.75335,1.72519,0.877385,0.788457,0.12080899999999999,0.008425,0.5730805999999999,0.66335
2001/9/2 0:00,0.7551,1.7268000000000001,0.880708,0.78765,0.12080899999999999,0.008412,0.5730806,0.6637
2001/9/3 0:00,0.75895,1.55986,0.886643,0.795687,0.12080899999999999,0.008449,0.573853,0.6675
2001/9/4 0:00,0.7578,1.68874,0.888849,0.79406,0.12080899999999999,0.008422,0.5730805999999999,0.6674
2001/9/5 0:00,0.75835,1.6444300000000003,0.888455,0.793273,0.12080899999999999,0.008422,0.5730806,0.6674
2001/9/6 0:00,0.7597,1.4940000000000002,0.888731,0.794597,0.12080899999999999,0.008429,0.5730805999999999,0.66835
2001/9/7 0:00,0.7576,1.68612,0.886446,0.788924,0.12080899999999999,0.008382,0.5718224,0.6636
2001/9/8 0:00,0.7588,1.5743,0.886879,0.789858,0.12080899999999999,0.008385,0.5718224000000001,0.66095
2001/9/9 0:00,0.76145,1.6818300000000002,0.889719,0.79164,0.12080899999999999,0.008411,0.5730805999999999,0.65745
2001/9/10 0:00,0.763725,1.68334,0.890551,0.798212,0.12080899999999999,0.008432,0.5730805999999999,0.65755
2001/9/11 0:00,0.7687,1.5893000000000002,0.893296,0.800224,0.12080899999999999,0.008503,0.575519,0.66025
2001/9/12 0:00,0.7687,1.6191400000000002,0.893296,0.800224,0.12080899999999999,0.008503,0.575519,0.6618
2001/9/13 0:00,0.7691,1.6041,0.893376,0.800705,0.12080899999999999,0.008507,0.575519,0.6622
2001/9/14 0:00,0.76885,1.6850999999999998,0.888455,0.800064,0.12080899999999999,0.008497,0.575519,0.66545
2001/9/15 0:00,0.77565,1.5104000000000002,0.890789,0.804149,0.12080899999999999,0.008557,0.575519,0.67075
2001/9/16 0:00,0.77095,1.5104000000000002,0.883392,0.802568,0.12080899999999999,0.008529,0.575519,0.67185
2001/9/17 0:00,0.7738,1.4940000000000002,0.882379,0.803084,0.12080899999999999,0.008532,0.575519,0.67355
2001/9/18 0:00,0.7699,1.50562,0.885308,0.797671,0.12080899999999999,0.008474,0.5750559999999999,0.67
2001/9/19 0:00,0.76965,1.57467,0.884995,0.797575,0.12080899999999999,0.008474,0.5750559999999999,0.66975
2001/9/20 0:00,0.77015,1.50562,0.884956,0.797782,0.12080899999999999,0.008474,0.5750559999999999,0.6696
2001/9/21 0:00,0.770725,2.0243100000000003,0.885504,0.796844,0.1208156,0.008458,0.5763932,0.5403
2001/9/22 0:00,0.77382,2.02431,0.889061,0.800045,0.1208046,0.008492,0.5765233999999999,0.54245
2001/9/23 0:00,0.76795,1.8464766000000001,0.885661,0.799073,0.1400568,0.0091486,0.6021270000000001,0.6554089999999999
2001/9/24 0:00,0.76925,1.8573866000000003,0.885975,0.805348,0.153984,0.008865000000000001,0.6415086,0.661249
2001/9/25 0:00,0.76695,1.8289099999999998,0.883236,0.7316307999999999,0.1735924,0.0079776,0.5819182,0.58324
2001/9/26 0:00,0.7674,1.86532,0.883822,0.7911894,0.1505638,0.007742799999999999,0.5837054,0.6300399999999999
2001/9/27 0:00,0.76735,1.6993800000000001,0.883548,0.7633924,0.12081159999999999,0.008523,0.5994754,0.57158
2001/9/28 0:00,0.764,1.64737,0.879565,0.7482484,0.12081440000000002,0.008492,0.5833572,0.54245
2001/9/29 0:00,0.7659,1.6802599999999999,0.878812,0.7611044,0.12081460000000002,0.008502,0.6062168,0.54245
2001/9/30 0:00,0.76465,1.6819099999999998,0.878117,0.7539894,0.12131460000000001,0.008477,0.590995,0.57301
2001/10/1 0:00,0.76635,1.6913200000000004,0.876002,0.7496342,0.12081040000000001,0.008458,0.5904988,0.5403
2001/10/2 0:00,0.7685,1.70776,0.872296,0.7609218,0.12081460000000002,0.008507,0.6062168,0.54245
2001/10/3 0:00,0.76895,1.6473699999999998,0.87203,0.7482484,0.12081440000000002,0.008492,0.5764834000000001,0.54245
2001/10/4 0:00,0.76945,1.6433900000000001,0.873096,0.7505332,0.1208122,0.008483,0.5764138,0.54245
2001/10/5 0:00,0.77055,1.69987,0.87321,0.7551122,0.12080379999999999,0.008475,0.590995,0.54245
2001/10/6 0:00,0.77085,1.89935,0.872372,0.6485548,0.1208046,0.008486,0.5765233999999999,0.54245
2001/10/7 0:00,0.7749,1.91385,0.875887,0.6914984000000001,0.1213916,0.008563,0.6424551999999999,0.65754
2001/10/8 0:00,0.77555,1.9153,0.87512,0.6926206,0.12036739999999999,0.00859,0.6592758,0.67405
2001/10/9 0:00,0.7781,1.9326,0.881368,0.6931518000000001,0.1202202,0.008628,0.6868116000000001,0.7009200000000001
2001/10/10 0:00,0.78015,1.93915,0.881951,0.7598966,0.1202202,0.008649,0.7114113999999999,0.7009200000000001
2001/10/11 0:00,0.7788,1.9391,0.882651,0.6920093999999999,0.1202202,0.008623,0.6868116000000001,0.7009200000000001
2001/10/12 0:00,0.78345,1.95335,0.883275,0.7867512000000001,0.12530239999999998,0.008634,0.711031,0.6963330000000001
2001/10/13 0:00,0.784,1.9459,0.87831,0.6485548,0.12036739999999999,0.00859,0.6592758,0.67405
2001/10/14 0:00,0.7892,1.9668,0.877001,0.7144867999999999,0.1202202,0.008643,0.7114113999999999,0.7009200000000001
2001/10/15 0:00,0.7911,1.98035,0.872981,0.7813066,0.1253564,0.008676,0.7156237999999999,0.71659
2001/10/16 0:00,0.7911,1.98125,0.873477,0.7813066,0.1202202,0.008662,0.7114114,0.7009200000000001
2001/10/17 0:00,0.78845,1.9811,0.874393,0.7813066,0.1202202,0.008676,0.7114114,0.70092
2001/10/18 0:00,0.7886,1.97875,0.876347,0.6454232,0.127755,0.008671,0.6464382,0.60752
2001/10/19 0:00,0.788,1.97375,0.875695,0.6454232,0.12782,0.008706,0.6464382,0.60752
2001/10/20 0:00,0.7873,1.96715,0.87089,0.6454232,0.127822,0.008685,0.6464382000000002,0.60752
2001/10/21 0:00,0.7878,1.96225,0.869679,0.6454232000000001,0.127675,0.008675,0.6464382,0.6075200000000001
2001/10/22 0:00,0.7863,1.95425,0.871042,0.809717,0.127804,0.007795400000000001,0.668612,0.63314
2001/10/23 0:00,0.7863,1.95425,0.871042,0.809717,0.127804,0.007795400000000001,0.668612,0.63314
2001/10/24 0:00,0.7841,1.9508,0.87036,0.7638556,0.127804,0.007516400000000001,0.6245633999999999,0.5989199999999999
2001/10/25 0:00,0.7854,1.9596,0.870853,0.7702182000000001,0.127725,0.007659000000000001,0.6280242,0.59934
2001/10/26 0:00,0.787,1.9708,0.867943,0.7879592,0.127706,0.007847,0.6534858,0.60166
2001/10/27 0:00,0.7864,1.96685,0.864678,0.783474,0.127796,0.008006200000000002,0.6479771999999999,0.6226900000000001
2001/10/28 0:00,0.7831,1.96075,0.864118,0.7780372000000001,0.127879,0.0075498,0.6392104,0.6218299999999999
2001/10/29 0:00,0.7827,1.9517,0.864192,0.8052854,0.127748,0.0075163999999999995,0.6620184,0.6320600000000001
2001/10/30 0:00,0.7827,1.95235,0.86367,0.8052854,0.127748,0.00771,0.6510668000000001,0.6320600000000001
2001/10/31 0:00,0.78215,1.9535,0.863968,0.8052854,0.127748,0.007715,0.6480854,0.6320600000000001
2001/11/1 0:00,0.780875,1.94855,0.86479,0.7738014,0.127874,0.007682800000000001,0.646412,0.65369
2001/11/2 0:00,0.7844,1.9715,0.868395,0.6859306000000001,0.127863,0.008463,0.648845,0.49632
2001/11/3 0:00,0.786,1.9654,0.87127,0.6859306000000001,0.127956,0.00845,0.648929,0.49632
2001/11/4 0:00,0.7848,1.9624,0.865913,0.6859306000000001,0.127943,0.008449,0.64914,0.49632
2001/11/5 0:00,0.783,1.9554,0.860919,0.6859306000000001,0.127934,0.0084,0.648761,0.49632
2001/11/6 0:00,0.78525,1.95725,0.861067,0.7100996,0.127869,0.008419,0.65083,0.49632
2001/11/7 0:00,0.7906,1.9617,0.861698,0.6859306000000001,0.127984,0.008408,0.651084,0.49632
2001/11/8 0:00,0.7883,1.9613,0.858922,0.6859306000000001,0.128082,0.008404,0.650915,0.49632
2001/11/9 0:00,0.7883,1.95875,0.858885,0.6859306000000001,0.128082,0.008399,0.652146,0.49632000000000004
2001/11/10 0:00,0.78805,1.95905,0.857449,0.6859306000000001,0.128082,0.008399,0.652146,0.49632
2001/11/11 0:00,0.79135,1.96535,0.859365,0.6859306000000001,0.127943,0.00843,0.653125,0.49632
2001/11/12 0:00,0.7968,1.97435,0.858775,0.6859306000000001,0.12250259999999999,0.008422,0.653253,0.49632
2001/11/13 0:00,0.791,1.9508,0.852842,0.6859306000000001,0.12249220000000001,0.008381,0.652358,0.49632
2001/11/14 0:00,0.7812,1.941,0.849221,0.6859306000000001,0.1218842,0.00843,0.651211,0.49632
2001/11/15 0:00,0.7798,1.9294,0.852152,0.7092558,0.124439,0.008424,0.650533,0.49632
2001/11/16 0:00,0.7798,1.9294,0.852152,0.6859306000000001,0.128057,0.00843,0.650533,0.49632
2001/11/17 0:00,0.77905,1.9263,0.852043,0.7092558,0.128057,0.008438,0.650322,0.49632
2001/11/18 0:00,0.78275,1.9432,0.852115,0.6859306000000001,0.127997,0.008419,0.650787,0.49632
2001/11/19 0:00,0.77995,1.9358,0.849437,0.6859306000000001,0.128097,0.008378,0.649899,0.49632
2001/11/20 0:00,0.7819,1.9331,0.851535,0.6859306000000001,0.128098,0.008365,0.650449,0.49632
2001/11/21 0:00,0.77985,1.9444,0.849798,0.6859306000000001,0.128291,0.008299,0.647459,0.49753
2001/11/22 0:00,0.7827,1.5764900000000002,0.855322,0.6859306000000001,0.12825,0.008311,0.648424,0.49753
2001/11/23 0:00,0.7827,1.63723,0.854372,0.6859306000000001,0.12825,0.008309,0.648424,0.49753
2001/11/24 0:00,0.78465,1.63723,0.854445,0.6859306000000001,0.12825,0.008325,0.648424,0.49753
2001/11/25 0:00,0.78285,1.5764900000000002,0.855725,0.6859306000000001,0.128319,0.008301,0.649056,0.49753
2001/11/26 0:00,0.7829,1.5124,0.850593,0.6859306000000001,0.128368,0.008276,0.648845,0.49873
2001/11/27 0:00,0.787,1.80477,0.852806,0.6859306000000001,0.128617,0.008291,0.650364,0.49870000000000003
2001/11/28 0:00,0.78865,1.5687900000000001,0.851934,0.6859306000000001,0.128692,0.008243,0.650915,0.4985799999999999
2001/11/29 0:00,0.7892,1.5687900000000001,0.852551,0.6859306000000001,0.128593,0.008248,0.65028,0.49858
2001/11/30 0:00,0.7892,1.6252099999999998,0.852697,0.6859306000000001,0.128593,0.008248,0.65028,0.4985799999999999
2001/12/1 0:00,0.79025,1.5687900000000001,0.852479,0.6859306000000001,0.128593,0.008241,0.650449,0.49858
2001/12/2 0:00,0.7882,1.9773399999999999,0.6620337999999999,0.6859306000000001,0.128636,0.008221,0.649815,0.49743000000000004
2001/12/3 0:00,0.78565,1.6924100000000002,0.6620338,0.804699,0.128593,0.008215,0.650703,0.49742999999999993
2001/12/4 0:00,0.77925,1.8451999999999997,0.665004,0.80048,0.12866,0.008264,0.650915,0.49873
2001/12/5 0:00,0.7736,1.4957,0.6627504,0.80125,0.12873,0.00823,0.650576,0.53815
2001/12/6 0:00,0.7722,1.5531400000000002,0.6627504,0.797035,0.128584,0.008235,0.650618,0.5366
2001/12/7 0:00,0.7722,1.55314,0.6650039999999999,0.797003,0.128584,0.008277,0.650618,0.53771
2001/12/8 0:00,0.7732,1.53818,0.6620338,0.797226,0.128584,0.008219,0.650237,0.49743000000000004
2001/12/9 0:00,0.77225,1.52308,0.6620338,0.797989,0.128634,0.008221,0.650111,0.49742999999999993
2001/12/10 0:00,0.772,1.4957,0.6620338,0.79869,0.128601,0.008219,0.650407,0.5364
2001/12/11 0:00,0.7753,1.66343,0.6650039999999999,0.803536,0.128621,0.008273,0.650787,0.49872999999999995
2001/12/12 0:00,0.77315,1.6331599999999997,0.6652694,0.804052,0.128886,0.008281,0.651636,0.49870000000000003
2001/12/13 0:00,0.7745,1.57847,0.6627504,0.799904,0.128932,0.008254,0.650872,0.49858
2001/12/14 0:00,0.77485,1.4957,0.843704,0.8017,0.128932,0.008255,0.651593,0.49858
2001/12/15 0:00,0.77315,1.4957,0.843989,0.801282,0.128932,0.008261,0.651211,0.49873
2001/12/16 0:00,0.7758,1.4957,0.846346,0.801218,0.12188099999999999,0.008329,0.652316,0.49753
2001/12/17 0:00,0.7766,1.4956999999999998,0.845666,0.806094,0.1404466,0.008322,0.652699,0.49753
2001/12/18 0:00,0.78,1.65978,0.843633,0.805737,0.12252260000000001,0.008289,0.652614,0.49860000000000004
2001/12/19 0:00,0.781,1.4957,0.84513,0.802021,0.1353108,0.008252,0.652231,0.49887999999999993
2001/12/20 0:00,0.7764,1.5796,0.852915,0.78911,0.14052159999999997,0.008211,0.652188,0.49722
2001/12/21 0:00,0.772,1.52308,0.850955,0.798021,0.128932,0.008208,0.649372,0.49743000000000004
2001/12/22 0:00,0.77409,1.4957,0.853259,0.800181,0.129281,0.00823,0.65113,0.49789000000000005
2001/12/23 0:00,0.7838,1.4957,0.857633,0.806322,0.128883,0.008281,0.650999,0.49870000000000003
2001/12/24 0:00,0.78535,1.5083600000000001,0.858885,0.809225,0.128941,0.008365,0.650915,0.49632000000000004
2001/12/25 0:00,0.7867,1.5083600000000001,0.859217,0.809258,0.129029,0.008373,0.652997,0.49632
2001/12/26 0:00,0.7862,1.4957,0.858756,0.810767,0.129029,0.00836,0.652571,0.49632
2001/12/27 0:00,0.78575,1.5083600000000001,0.856935,0.809127,0.129029,0.008325,0.651678,0.49753
2001/12/28 0:00,0.78975,1.4957,0.861141,0.807233,0.129029,0.008262,0.65189,0.49873
2001/12/29 0:00,0.7888,1.4940000000000002,0.861104,0.80538,0.129029,0.008235,0.652146,0.70575
2001/12/30 0:00,0.792,1.4940000000000002,0.862329,0.811688,0.129029,0.008259,0.65304,0.70675
2001/12/31 0:00,0.7932,1.494,0.862292,0.812331,0.129066,0.008293,0.654664,0.7106
2002/1/1 0:00,0.79265,1.4940000000000002,0.858775,0.818565,0.129182,0.008418,0.655437,0.70475
2002/1/2 0:00,0.78815,1.4940000000000002,0.852224,0.818063,0.129232,0.008433,0.653873,0.70085
2002/1/3 0:00,0.786,1.4940000000000002,0.853789,0.818029,0.129144,0.008506,0.654965,0.69405
2002/1/4 0:00,0.7836,1.4940000000000002,0.84868,0.82335,0.129121,0.008562,0.65475,0.6886
2002/1/5 0:00,0.77365,1.4940000000000002,0.847278,0.818063,0.129032,0.008617,0.652997,0.6768
2002/1/6 0:00,0.77355,1.4940000000000002,0.850738,0.81823,0.129172,0.008605,0.654215,0.67995
2002/1/7 0:00,0.776,1.4940000000000002,0.849131,0.819068,0.129199,0.008577,0.654922,0.68445
2002/1/8 0:00,0.77645,1.4940000000000002,0.846848,0.814001,0.129199,0.008523,0.65445,0.68495
2002/1/9 0:00,0.7808,1.4940000000000002,0.853024,0.809749,0.129132,0.008455,0.654536,0.6914
2002/1/10 0:00,0.78275,1.4940000000000002,0.855249,0.816493,0.129077,0.00851,0.654879,0.6929
2002/1/11 0:00,0.78775,1.4940000000000002,0.855542,0.818867,0.129084,0.008548,0.654151,0.69775
2002/1/12 0:00,0.78605,1.4940000000000002,0.8511,0.824232,0.129179,0.008596,0.651848,0.69015
2002/1/13 0:00,0.78845,1.4940000000000002,0.850485,0.823215,0.129132,0.008528,0.652401,0.6949
2002/1/14 0:00,0.7957,1.4940000000000002,0.849293,0.829291,0.129269,0.008598,0.655265,0.69725
2002/1/15 0:00,0.8006,1.9452,0.850847,0.824844,0.129262,0.008504,0.655652,0.70175
2002/1/16 0:00,0.80155,1.95845,0.859291,0.824097,0.129242,0.008528,0.655201,0.70435
2002/1/17 0:00,0.80135,1.95935,0.863894,0.823113,0.129277,0.00849,0.656556,0.7043
2002/1/18 0:00,0.80825,1.9681,0.863894,0.825696,0.129433,0.008491,0.658924,0.7145
2002/1/19 0:00,0.806,1.96135,0.861438,0.820176,0.129324,0.00847,0.658979,0.7126
2002/1/20 0:00,0.7520800000000001,1.9694,0.860104,0.822944,0.129267,0.008478,0.659544,0.71635
2002/1/21 0:00,0.77986,1.9626,0.862776,0.822842,0.129381,0.00855,0.658692,0.71215
2002/1/22 0:00,0.77986,1.96265,0.863894,0.821659,0.129415,0.008486,0.659148,0.71555
2002/1/23 0:00,0.7769,1.96795,0.866664,0.826685,0.129353,0.008486,0.658935,0.71445
2002/1/24 0:00,0.7498600000000001,1.979,0.86494,0.823961,0.129388,0.008494,0.657808,0.7217
2002/1/25 0:00,0.7498600000000001,1.976,0.863446,0.820378,0.129341,0.008413,0.658458,0.7198
2002/1/26 0:00,0.7498600000000001,1.9761,0.862589,0.820176,0.129289,0.008419,0.660546,0.72025
2002/1/27 0:00,0.77183,1.9624,0.867679,0.815428,0.129421,0.008382,0.660808,0.72075
2002/1/28 0:00,0.7586,1.97155,0.871574,0.821322,0.129299,0.008398,0.659131,0.7282
2002/1/29 0:00,0.75808,1.97705,0.874355,0.819605,0.129425,0.008374,0.658762,0.72815
2002/1/30 0:00,0.75875,1.9773,0.880243,0.821322,0.129433,0.008403,0.658631,0.7288
2002/1/31 0:00,0.75529,1.9868,0.879546,0.823554,0.129505,0.008391,0.659544,0.73805
2002/2/1 0:00,0.7681199999999999,1.99025,0.884134,0.823961,0.129401,0.008348,0.660371,0.7396
2002/2/2 0:00,0.77101,2.00235,0.886093,0.829734,0.129592,0.008449,0.661026,0.7443
2002/2/3 0:00,0.6942299999999999,2.0022,0.891146,0.6863008,0.1221092,0.008436,0.661288,0.74565
2002/2/4 0:00,0.67698,2.001,0.890829,0.6863007999999999,0.1221092,0.008432,0.660328,0.74355
2002/2/5 0:00,0.67698,2.0027,0.896298,0.6863008,0.1221092,0.008425,0.661649,0.7444
2002/2/6 0:00,0.67698,1.99035,0.892419,0.6863008,0.1221092,0.008371,0.659674,0.73875
2002/2/7 0:00,0.83045,1.99765,0.895536,0.6859306000000001,0.120824,0.008369,0.659239,0.74275
2002/2/8 0:00,0.8322,2.0016,0.903057,0.6859306000000001,0.120824,0.008376,0.658068,0.74195
2002/2/9 0:00,0.82845,1.9988,0.90082,0.6859306000000001,0.120824,0.008346,0.657614,0.74135
2002/2/10 0:00,0.82535,1.9909,0.902894,0.6859306000000001,0.120824,0.008327,0.655308,0.73855
2002/2/11 0:00,0.817178,1.971188,0.893954,0.6859306000000001,0.120824,0.008245,0.64882,0.731238
2002/2/12 0:00,0.821,1.9933,0.903261,0.6859306000000001,0.120824,0.008328,0.659174,0.7362
2002/2/13 0:00,0.8254,1.9942,0.907112,0.6859306000000001,0.120824,0.008335,0.660415,0.7377
2002/2/14 0:00,0.828,1.9892,0.905018,0.6859306000000001,0.120824,0.008339,0.659457,0.73755
2002/2/15 0:00,0.82925,1.9972,0.9042,0.6859306000000001,0.120824,0.008347,0.660086,0.73525
2002/2/16 0:00,0.82875,1.97855,0.898715,0.6859306000000001,0.120824,0.008325,0.658501,0.7285
2002/2/17 0:00,0.83315,1.9822,0.899847,0.6859306000000001,0.120824,0.008323,0.658848,0.73725
2002/2/18 0:00,0.8348,1.986,0.910954,0.6859306000000001,0.120824,0.008315,0.659718,0.73975
2002/2/19 0:00,0.82435,1.9774,0.904241,0.6859306000000001,0.120824,0.008281,0.656771,0.73325
2002/2/20 0:00,0.82265,1.975,0.910996,0.6859306000000001,0.120824,0.008248,0.655609,0.7307
2002/2/21 0:00,0.82065,1.97035,0.922935,0.6859306000000001,0.12872080000000002,0.008227,0.65505,0.72965
2002/2/22 0:00,0.8202,1.9756,0.920387,0.772424,0.14446240000000002,0.008226,0.652529,0.72685
2002/2/23 0:00,0.82435,1.9867,0.92383,0.623508,0.1207992,0.008222,0.5648158,0.73035
2002/2/24 0:00,0.82075,1.9852,0.922722,0.6235080000000001,0.1207992,0.008239,0.5648158,0.7255
2002/2/25 0:00,0.8191,1.9828,0.925412,0.623508,0.1207992,0.008212,0.5648158,0.7266
2002/2/26 0:00,0.81975,1.9835,0.926055,0.623508,0.12080899999999999,0.008219,0.5673404,0.51498
2002/2/27 0:00,0.81945,1.9812,0.932444,0.623508,0.12080899999999999,0.008216,0.5657324000000001,0.5008199999999999
2002/2/28 0:00,0.82145,1.97465,0.93006,0.623508,0.12080899999999999,0.008227,0.5673404,0.51511
2002/3/1 0:00,0.83285,1.98205,0.942463,0.623508,0.1208016,0.008193,0.5643922,0.4970899999999999
2002/3/2 0:00,0.83445,1.9918,0.944912,0.623508,0.12080899999999999,0.008214,0.5655194,0.49693000000000004
2002/3/3 0:00,0.83565,1.99435,0.942329,0.623508,0.1208132,0.008245,0.5697046,0.5155200000000001
2002/3/4 0:00,0.8412,1.9764,0.940645,0.623508,0.120812,0.008263,0.5704482,0.5231399999999999
2002/3/5 0:00,0.84345,1.969,0.942551,0.6859306000000001,0.130463,0.008212,0.5661512,0.49693
2002/3/6 0:00,0.8414,1.975,0.937383,0.6859306000000001,0.13083,0.008214,0.5661512,0.49693000000000004
2002/3/7 0:00,0.8406,1.9732,0.936154,0.6859306000000001,0.131027,0.008172,0.5664346,0.49632000000000004
2002/3/8 0:00,0.83495,1.9694,0.936373,0.6859306000000001,0.131139,0.008128,0.5668242,0.5040699999999999
2002/3/9 0:00,0.84165,1.9828,0.932444,0.6859306000000001,0.131062,0.008087,0.5662934,0.50482
2002/3/10 0:00,0.84625,1.98855,0.940468,0.6859306000000001,0.131277,0.008103,0.5668242,0.50631
2002/3/11 0:00,0.84575,1.99425,0.939232,0.6859306000000001,0.131275,0.008087,0.5662934,0.50482
2002/3/12 0:00,0.8466,1.9923,0.930882,0.6859306000000001,0.131251,0.008086,0.565511,0.5039900000000002
2002/3/13 0:00,0.84795,1.99935,0.934973,0.813769,0.131148,0.008072,0.565511,0.50069
2002/3/14 0:00,0.8469,1.9996,0.934274,0.814034,0.131303,0.008101,0.5664852,0.50631
2002/3/15 0:00,0.8582,2.01635,0.947239,0.82648,0.131492,0.008183,0.5664346,0.49634
2002/3/16 0:00,0.855,2.01775,0.942729,0.822876,0.131683,0.008175,0.5664346,0.49634
2002/3/17 0:00,0.858,2.0162,0.946119,0.6859306000000001,0.131666,0.008154,0.5664345999999999,0.5001499999999999
2002/3/18 0:00,0.85585,2.0126,0.946119,0.6859306000000001,0.131614,0.008147,0.5664346000000001,0.5040699999999999
2002/3/19 0:00,0.85825,2.0116,0.953062,0.6859306000000001,0.131562,0.008101,0.5664852,0.50631
2002/3/20 0:00,0.8596,2.0162,0.953471,0.6859306000000001,0.131553,0.008109,0.5668242,0.50631
2002/3/21 0:00,0.86265,2.0252,0.950932,0.6859306000000001,0.131909,0.008185,0.5661512,0.49634
2002/3/22 0:00,0.8616,2.033,0.947284,0.6859306000000001,0.132223,0.008195,0.5661512,0.49709000000000003
2002/3/23 0:00,0.86455,2.031,0.955703,0.6859306000000001,0.13217,0.008166,0.5664345999999999,0.499
2002/3/24 0:00,0.8702,2.034,0.954335,0.6859306000000001,0.1321,0.008191,0.5661512,0.49709000000000003
2002/3/25 0:00,0.87265,2.0368,0.958405,0.6859306000000001,0.132144,0.008204,0.5661512,0.49693
2002/3/26 0:00,0.87345,2.0467,0.6601606,0.6859306000000001,0.13224,0.008174,0.5664346,0.49675
2002/3/27 0:00,0.8775,2.05365,0.6620338,0.6859306000000001,0.13217,0.008214,0.5661512,0.49693000000000004
2002/3/28 0:00,0.87965,2.051,0.6601606,0.6859306000000001,0.132223,0.008197,0.5661512,0.49693000000000004
2002/3/29 0:00,0.8798,2.0562,0.6627504000000001,0.6859306000000001,0.1321,0.008245,0.5661512,0.49772999999999995
2002/3/30 0:00,0.88355,2.0583,0.6627504,0.6859306000000001,0.13224,0.008238,0.5661512,0.4976999999999999
2002/3/31 0:00,0.883,2.0613,0.6652694,0.6859306000000001,0.132231,0.008282,0.5661512,0.49818999999999997
2002/4/1 0:00,0.88305,2.0518,0.6629468000000001,0.6840033999999999,0.132328,0.008312,0.5661512,0.49753
2002/4/2 0:00,0.87845,2.05335,0.6616624,0.6855296,0.132181,0.008397,0.6148146,0.49632
2002/4/3 0:00,0.8559,2.0243,0.6615374,0.6855296,0.132275,0.008431,0.6599552,0.49632
2002/4/4 0:00,0.85115,2.0243,0.718375,0.6855296,0.132153,0.008431,0.6599552,0.5348734
2002/4/5 0:00,0.85885,2.037,0.6616624,0.6855296,0.132057,0.008392,0.591004,0.49632
2002/4/6 0:00,0.8516,2.031,0.6627194000000001,0.6855296,0.1321,0.008435,0.6643614,0.49632
2002/4/7 0:00,0.8574,2.0414,0.6627854,0.6855296,0.132188,0.008471,0.6643614,0.55995
2002/4/8 0:00,0.85345,2.0223,0.6627194000000001,0.6855296,0.132095,0.008437,0.6643614,0.49632
2002/4/9 0:00,0.8618,2.0366,0.6605748,0.6901432000000001,0.131978,0.008354,0.5661512,0.49632
2002/4/10 0:00,0.85215,2.0258,0.6615373999999999,0.6855296,0.132186,0.008432,0.6643614,0.49632000000000004
2002/4/11 0:00,0.84165,2.0116,0.6620596,0.6855296,0.131874,0.008447,0.6643614,0.49632
2002/4/12 0:00,0.8378,1.9999,0.6621746,0.6855296000000001,0.131994,0.008476,0.6643614,0.55995
2002/4/13 0:00,0.82335,1.9923,0.6584258,0.6855296,0.131843,0.00852,0.6643614,0.65672
2002/4/14 0:00,0.78365,1.9794,0.6954048,0.7053116000000001,0.131527,0.008914,0.60758,0.68088
2002/4/15 0:00,0.7999,1.97935,0.6814606000000001,0.686911,0.131666,0.00874,0.7025910000000001,0.68374
2002/4/16 0:00,0.79915,1.9838,0.6705358,0.7479916,0.12080899999999999,0.008738,0.5823098,0.6924
2002/4/17 0:00,0.80035,1.9828,0.6705358,0.7394643999999999,0.121337,0.008749,0.5823098,0.696
2002/4/18 0:00,0.804,1.99025,0.6699244,0.7394643999999999,0.12080899999999999,0.008698,0.57882,0.7004
2002/4/19 0:00,0.81745,1.99915,0.6822686,0.7220354,0.12080899999999999,0.008649,0.5748684,0.70935
2002/4/20 0:00,0.82985,2.0157,0.6768084,0.7220354,0.12080899999999999,0.008612,0.5748684,0.72299
2002/4/21 0:00,0.8288,2.0138,0.679456,0.7220354,0.12080899999999999,0.008615,0.5748684,0.71815
2002/4/22 0:00,0.8222,2.0072,0.6705358,0.7394643999999999,0.1206664,0.008706,0.6056779999999999,0.70485
2002/4/23 0:00,0.821,2.01715,0.679456,0.7394643999999999,0.132468,0.008623,0.5823097999999999,0.70615
2002/4/24 0:00,0.8184,2.01645,0.667013,0.6859306000000001,0.132547,0.008622,0.656362,0.70455
2002/4/25 0:00,0.816,2.01715,0.6678992,0.6859306000000001,0.132538,0.008638,0.656039,0.7023
2002/4/26 0:00,0.8204,2.0188,0.6670130000000001,0.6859306000000001,0.13254,0.008636,0.656405,0.70225
2002/4/27 0:00,0.8234,2.0138,0.6647836,0.7068885999999999,0.13245,0.008608,0.654965,0.69615
2002/4/28 0:00,0.7665839999999999,2.0226,0.6699244,0.7307623999999999,0.132429,0.008674,0.655179,0.6905
2002/4/29 0:00,0.767914,2.0224,0.6699244,0.7772081999999999,0.132647,0.008667,0.656814,0.6919
2002/4/30 0:00,0.7011299999999999,2.0285,0.6707382,0.8522366,0.132661,0.008818,0.656211,0.6888
2002/5/1 0:00,0.71325,2.028,0.6707382,0.7534856,0.132961,0.008818,0.655996,0.69375
2002/5/2 0:00,0.7011299999999999,2.0306,0.6705358,0.7307623999999999,0.13292,0.008763,0.657981,0.7033
2002/5/3 0:00,0.7011299999999999,2.0311,0.6705358,0.7307623999999999,0.132961,0.008759,0.660633,0.71455
2002/5/4 0:00,0.767914,2.0311,0.6699244,0.7307623999999999,0.13311,0.008673,0.662559,0.7176
2002/5/5 0:00,0.767914,2.00655,0.6699244,0.7307623999999999,0.133049,0.008676,0.661376,0.71335
2002/5/6 0:00,0.767914,1.9941,0.6699244,0.7307623999999999,0.132899,0.008684,0.659935,0.7063
2002/5/7 0:00,0.767914,2.0132,0.7098224,0.7307623999999999,0.132926,0.008623,0.662822,0.72515
2002/5/8 0:00,0.767914,2.00015,0.7071748,0.7307624,0.133103,0.008609,0.663702,0.73315
2002/5/9 0:00,0.7271799999999999,2.0088,0.6705358,0.7307623999999999,0.133085,0.008735,0.665425,0.7393
2002/5/10 0:00,0.7669400000000002,2.0202,0.6699244,0.7307623999999999,0.133307,0.008659,0.664319,0.7415
2002/5/11 0:00,0.7669400000000002,2.022,0.6705358,0.7736332000000001,0.12455399999999998,0.0087,0.666356,0.74525
2002/5/12 0:00,0.7259300000000001,2.0184,0.6705358,0.7736332000000001,0.122299,0.008731,0.666045,0.74015
2002/5/13 0:00,0.7669400000000002,2.0156,0.6699244,0.7869160000000001,0.1263812,0.008659,0.667468,0.7449
2002/5/14 0:00,0.767914,2.0242,0.6678992,0.7548252,0.12537700000000002,0.00864,0.670826,0.74825
2002/5/15 0:00,0.73451,2.0454,0.6705358,0.7995994000000001,0.1274244,0.008711,0.673174,0.7566
2002/5/16 0:00,0.767914,2.0432,0.6670130000000001,0.7548252,0.1218054,0.008635,0.67769,0.7649
2002/5/17 0:00,0.7516739999999998,2.0408,0.6979198,0.783568,0.1264154,0.008636,0.674036,0.7593
2002/5/18 0:00,0.68489,2.035,1.003412,0.6863008,0.133227,0.008576,0.675562,0.75745
2002/5/19 0:00,0.68489,2.0397,1.002205,0.6863007999999999,0.133227,0.008581,0.675767,0.75535
2002/5/20 0:00,0.68489,2.0421,1.018382,0.6863008,0.133227,0.008548,0.679348,0.7627
2002/5/21 0:00,0.68489,2.0364,1.013788,0.6863007999999999,0.133245,0.008519,0.678472,0.76275
2002/5/22 0:00,0.68489,2.0334,1.017346,0.6863008,0.133058,0.00855,0.679071,0.76225
2002/5/23 0:00,0.68489,2.0425,1.018797,0.6863007999999999,0.133174,0.008531,0.682082,0.76325
2002/5/24 0:00,0.67698,2.0332,1.027169,0.6863008,0.133253,0.008495,0.683948,0.77425
2002/5/25 0:00,0.67698,2.0373,1.027485,0.6863007999999999,0.133174,0.008503,0.683574,0.7753
2002/5/26 0:00,0.71326,2.0417,1.023803,0.6863008,0.13289,0.008523,0.682594,0.76275
2002/5/27 0:00,0.68489,2.0323,1.021138,0.6863008,0.133049,0.008569,0.681106,0.74475
2002/5/28 0:00,0.7221599999999999,2.0372,1.025326,0.6863008,0.133044,0.008588,0.682827,0.75015
2002/5/29 0:00,0.87048,2.0449,1.025904,0.8959933999999998,0.133133,0.008390600000000002,0.68451,0.7529
2002/5/30 0:00,0.8796899999999999,2.0546,1.034768,0.8907581999999999,0.133186,0.008272999999999999,0.684791,0.74715
2002/5/31 0:00,0.8528500000000001,2.0274,1.01968,0.7327658,0.133147,0.0084596,0.68171,0.74315
2002/6/1 0:00,0.8784199999999999,2.0496,1.034447,0.8959934,0.133239,0.0082588,0.683574,0.75505
2002/6/2 0:00,0.8744,2.0473,1.02923,0.8959934,0.133444,0.0083102,0.68348,0.7504
2002/6/3 0:00,0.87842,2.0502,1.034715,0.8959934,0.133649,0.0082588,0.686719,0.76195
2002/6/4 0:00,0.8796899999999999,2.0522,1.039447,0.8954737999999999,0.133556,0.008273,0.688042,0.7648
2002/6/5 0:00,0.88046,2.0602,1.04608,0.9460329999999999,0.133783,0.0082752,0.689085,0.76845
2002/6/6 0:00,0.87863,2.06675,1.048713,0.8944788000000001,0.133842,0.0082752,0.689322,0.76595
2002/6/7 0:00,0.9106434,2.0761,1.052742,0.8952834,0.133842,0.0089202,0.690417,0.769
2002/6/8 0:00,0.7228,2.08,1.052244,0.862664,0.13403,0.0117758,0.68975,0.7625
2002/6/9 0:00,0.7219599999999999,2.0892,1.069805,0.866439,0.134129,0.0118336,0.689893,0.7643
2002/6/10 0:00,0.7219599999999999,2.081,1.070377,0.866889,0.13416,0.0118336,0.689608,0.76775
2002/6/11 0:00,0.7185710000000001,2.087,1.080964,0.873477,0.134126,0.011849600000000002,0.690512,0.77415
2002/6/12 0:00,0.9140559999999999,2.1041,1.091524,0.881873,0.134358,0.012213400000000003,0.694782,0.7854
2002/6/13 0:00,0.698423,2.109,1.080089,0.886918,0.134756,0.0102244,0.695169,0.77635
2002/6/14 0:00,0.698423,2.0852,1.057418,0.891027,0.134933,0.010251199999999999,0.693073,0.76
2002/6/15 0:00,0.88046,2.0604,1.035626,0.887115,0.134916,0.0082752,0.688705,0.74775
2002/6/16 0:00,0.740803,2.0728,1.038745,0.890036,0.134526,0.0088642,0.690512,0.75575
2002/6/17 0:00,0.88046,2.06575,1.046244,0.892777,0.134644,0.0082752,0.691659,0.7651
2002/6/18 0:00,0.8744,2.0468,1.023489,0.889324,0.134735,0.008335400000000001,0.68937,0.75825
2002/6/19 0:00,0.8796900000000001,2.0522,1.026958,0.891941,0.134707,0.008272999999999999,0.689085,0.7556
2002/6/20 0:00,0.8796900000000001,2.0517,1.018537,0.895375,0.134689,0.008272999999999999,0.690846,0.75525
2002/6/21 0:00,0.87996,2.0642,1.015022,0.900414,0.134675,0.0082752,0.68937,0.76255
2002/6/22 0:00,0.88046,2.0584,1.010662,0.906084,0.134935,0.0082752,0.687285,0.7506
2002/6/23 0:00,0.8797500000000001,2.0618,1.014456,0.907812,0.134935,0.0082752,0.689465,0.75235
2002/6/24 0:00,0.8758,2.05745,1.010662,0.905756,0.135148,0.0082582,0.693842,0.7583
2002/6/25 0:00,0.8766,2.06725,1.012351,0.906495,0.1343848,0.0087842,0.693361,0.75525
2002/6/26 0:00,0.8754,2.0703,1.004823,0.908306,0.1378972,0.0087842,0.693626,0.75905
2002/6/27 0:00,0.88085,2.06805,1.008675,0.894095,0.1359074,0.0082752,0.69185,0.76975
2002/6/28 0:00,0.87995,2.0621,1.005682,0.895736,0.1342644,0.0082752,0.690179,0.76895
2002/6/29 0:00,0.88325,2.056,0.99995,0.882963,0.135172,0.008294800000000001,0.69056,0.76235
2002/6/30 0:00,0.88385,2.0678,0.998403,0.886682,0.135089,0.0082752,0.690274,0.76815
2002/7/1 0:00,0.8736,2.0587,0.990001,0.894015,0.135172,0.008267,0.691946,0.76255
2002/7/2 0:00,0.87005,2.02855,0.987606,0.888691,0.135258,0.0089112,0.691372,0.76505
2002/7/3 0:00,0.8717,2.0256,0.986339,0.886289,0.134889,0.0089112,0.692185,0.77315
2002/7/4 0:00,0.8807,2.03005,0.99458,0.885465,0.13508,0.0093022,0.695507,0.7769
2002/7/5 0:00,0.88145,2.046,0.991867,0.886682,0.135208,0.0082588,0.694059,0.77955
2002/7/6 0:00,0.8844,2.0405,0.988728,0.883119,0.13549,0.0082588,0.693337,0.78345
2002/7/7 0:00,0.8848,2.0458,0.98868,0.879624,0.135621,0.0082588,0.694637,0.78855
2002/7/8 0:00,0.87505,2.03925,0.979816,0.874967,0.135722,0.008267199999999999,0.693674,0.78195
2002/7/9 0:00,0.862,2.01785,0.983091,0.868697,0.135648,0.008934600000000001,0.688942,0.7674
2002/7/10 0:00,0.85795,2.01565,0.993493,0.86719,0.135509,0.0088976,0.683153,0.75415
2002/7/11 0:00,0.8602,2.0177,0.989511,0.867717,0.135455,0.0084332,0.685589,0.7547
2002/7/12 0:00,0.86065,2.0042,0.99691,0.866176,0.135556,0.0103322,0.684322,0.75715
2002/7/13 0:00,0.85845,1.9832,1.0006,0.864603,0.135717,0.0105622,0.68451,0.75655
2002/7/14 0:00,0.87055,1.9761,1.010714,0.863707,0.135777,0.0100944,0.688421,0.7665
2002/7/15 0:00,0.87105,1.9796,1.015074,0.864342,0.135777,0.0100944,0.687521,0.76605
2002/7/16 0:00,0.87375,1.9834,1.017294,0.869641,0.135777,0.010125799999999999,0.688895,0.76845
2002/7/17 0:00,0.87615,2.03762,1.019628,0.874967,0.136696,0.0082454,0.689394,0.7688
2002/7/18 0:00,0.8738,1.95912,1.01994,0.887351,0.136909,0.0082454,0.691611,0.7727
2002/7/19 0:00,0.8777,1.8659400000000002,1.013069,0.883314,0.136909,0.0082454,0.694541,0.76965
2002/7/20 0:00,0.8738,1.77115,1.001603,0.883002,0.136909,0.0082454,0.694686,0.7656
2002/7/21 0:00,0.881,1.7771099999999997,1.003814,0.893895,0.137076,0.0082548,0.695652,0.7715
2002/7/22 0:00,0.88265,1.7737000000000003,1.007049,0.897102,0.137466,0.008254800000000001,0.696379,0.77615
2002/7/23 0:00,0.8761,1.5828799999999998,0.997059,0.903179,0.137495,0.0085836,0.697496,0.7707
2002/7/24 0:00,0.869,1.6790599999999998,0.994728,0.898271,0.137593,0.010190000000000001,0.696379,0.76415
2002/7/25 0:00,0.88155,1.5815000000000001,1.001603,0.896499,0.137675,0.008593,0.698275,0.77275
2002/7/26 0:00,0.88185,1.58288,0.991916,0.896459,0.137669,0.008593,0.698032,0.77225
2002/7/27 0:00,0.88865,1.5815000000000001,0.988728,0.903057,0.137536,0.0086026,0.698275,0.78125
2002/7/28 0:00,0.8925,1.5828799999999998,0.980729,0.908843,0.137694,0.0091224,0.697593,0.7843
2002/7/29 0:00,0.90005,1.5815000000000001,0.983091,0.914537,0.137883,0.0093294,0.699839,0.78985
2002/7/30 0:00,0.8916,1.58124,0.9843,0.917852,0.138081,0.0091224,0.700035,0.78375
2002/7/31 0:00,0.87805,1.5815000000000001,0.976706,0.908265,0.138267,0.0085978,0.698666,0.76955
2002/8/1 0:00,0.8861,1.5828799999999998,0.974516,0.908513,0.137958,0.0086026,0.697058,0.7729
2002/8/2 0:00,0.8756,1.77115,0.973283,0.908802,0.138078,0.0082454,0.694975,0.7575
2002/8/3 0:00,0.8618,1.85734,0.968429,0.905428,0.138102,0.0089024,0.691372,0.74675
2002/8/4 0:00,0.86925,1.5828799999999998,0.975419,0.911245,0.138137,0.010190000000000001,0.696767,0.7637
2002/8/5 0:00,0.8652,1.5796800000000002,0.8732022,0.916212,0.138274,0.0085672,0.696767,0.7591
2002/8/6 0:00,0.8782,1.5791400000000002,0.8243082000000002,0.919244,0.138447,0.0085978,0.700771,0.77325
2002/8/7 0:00,0.8816,1.5806,0.8738201999999999,0.910705,0.138648,0.0089348,0.701902,0.7703
2002/8/8 0:00,0.8848,1.5709399999999998,0.7326682,0.917979,0.138953,0.0098968,0.703779,0.7767
2002/8/9 0:00,0.8866,1.5806,0.784884,0.914578,0.138987,0.009896199999999999,0.702889,0.77845
2002/8/10 0:00,0.88915,1.5529800000000002,0.7326682,0.915416,0.139063,0.009881999999999998,0.704573,0.7813
2002/8/11 0:00,0.8924,1.53648,0.8156858,0.922935,0.139218,0.0098494,0.705617,0.78435
2002/8/12 0:00,0.9033,1.5378599999999998,0.7301835999999999,0.922169,0.139218,0.0098724,0.707314,0.7948
2002/8/13 0:00,0.90945,1.5364800000000003,0.7307752000000001,0.917095,0.139045,0.009881999999999998,0.706864,0.79555
2002/8/14 0:00,0.89735,1.55298,0.9583008,0.907935,0.139179,0.0098466,0.704771,0.78385
2002/8/15 0:00,0.8974,1.58124,0.996165,0.910913,0.13909,0.0093294,0.706664,0.78545
2002/8/16 0:00,0.8948,1.5812400000000002,0.989364,0.906988,0.13909,0.0093294,0.705716,0.79065
2002/8/17 0:00,0.8943,1.58124,1.001151,0.905018,0.13909,0.0093294,0.705617,0.78845
2002/8/18 0:00,0.90325,1.58124,0.998054,0.905346,0.139043,0.0093294,0.704573,0.7896
2002/8/19 0:00,0.9074,1.46856,1.003261,0.908884,0.139082,0.009317,0.706764,0.79465
2002/8/20 0:00,0.89425,1.5716004000000001,0.9999,0.90269,0.1452692,0.009738,0.704722,0.7838
2002/8/21 0:00,0.90395,1.5609600000000001,1.006087,0.907853,0.1314206,0.0096638,0.705467,0.79165
2002/8/22 0:00,0.907,1.5609600000000001,0.992605,0.914537,0.1352594,0.0096638,0.708115,0.7886
2002/8/23 0:00,0.91305,1.5609600000000001,0.992408,0.907194,0.13139380000000003,0.0100344,0.708115,0.79485
2002/8/24 0:00,0.92125,1.5609600000000001,0.988289,0.914704,0.13142879999999998,0.0111488,0.707914,0.80015
2002/8/25 0:00,0.9138,1.5609600000000001,0.981643,0.908471,0.131189,0.0100344,0.708617,0.79355
2002/8/26 0:00,0.91815,1.5609600000000001,0.986972,0.913743,0.1314288,0.010648399999999999,0.70922,0.79935
2002/8/27 0:00,0.92375,1.5489638,0.987996,0.921532,0.14118819999999999,0.0111488,0.711389,0.806
2002/8/28 0:00,0.92475,1.5656510000000001,1.001452,0.918822,0.13867919999999997,0.0111488,0.710934,0.81085
2002/8/29 0:00,0.92945,1.5708422000000002,1.012248,0.921532,0.1439994,0.0117138,0.71144,0.8125
2002/8/30 0:00,0.93835,1.5774812,1.020564,0.937119,0.14653519999999998,0.0117138,0.716076,0.81635
2002/8/31 0:00,0.9472,1.5690106000000001,1.026115,0.948407,0.1493108,0.012072999999999999,0.716949,0.81555
2002/9/1 0:00,0.93155,1.5619980000000002,1.015899,0.959831,0.1411634,0.011219999999999999,0.716897,0.79955
2002/9/2 0:00,0.93825,1.5664284,1.011736,0.960338,0.1464838,0.011219999999999999,0.719062,0.8028
2002/9/3 0:00,0.93115,1.6058762000000002,1.006897,0.966604,0.1464534,0.011068,0.720254,0.80095
2002/9/4 0:00,0.93115,1.588259,1.010918,0.964878,0.1464582,0.011068000000000001,0.719839,0.80085
2002/9/5 0:00,0.93235,1.6058762000000002,1.015589,0.972006,0.1464534,0.011068000000000001,0.721137,0.80005
2002/9/6 0:00,0.92675,1.6133978,1.010203,0.975277,0.1464564,0.011071600000000001,0.721423,0.79285
2002/9/7 0:00,0.9162,1.85046,1.003714,0.981017,0.14596939999999997,0.011071600000000001,0.720955,0.7884
2002/9/8 0:00,0.92515,1.6058762000000002,1.003966,0.972195,0.1464534,0.011068000000000001,0.721813,0.80035
2002/9/9 0:00,0.9325,1.6133978,1.009591,0.978186,0.1464564,0.011071600000000001,0.721605,0.80645
2002/9/10 0:00,0.94125,1.5888848000000002,1.016673,0.987996,0.15534140000000002,0.011974199999999999,0.7249,0.8134
2002/9/11 0:00,0.9385,1.5888848,1.011071,1.005404,0.15534140000000002,0.011974199999999999,0.725163,0.8148
2002/9/12 0:00,0.91865,1.8232722,1.004419,1.014096,0.14618040000000002,0.0116556,0.724375,0.80025
2002/9/13 0:00,0.92725,1.7484431999999999,1.005682,1.009336,0.1527506,0.0118616,0.726375,0.80985
2002/9/14 0:00,0.92115,1.9986599999999999,0.9839352,0.998752,0.1364452,0.011085399999999999,0.722282,0.80405
2002/9/15 0:00,0.89615,1.6249198,0.9468344,0.989022,0.1642414,0.0099616,0.71958,0.78815
2002/9/16 0:00,0.8969,1.6249198,0.9468344,0.991179,0.1642414,0.0099616,0.722074,0.7892
2002/9/17 0:00,0.90675,1.9854,0.9720333999999999,0.977087,0.14827759999999998,0.0099344,0.719373,0.79635
2002/9/18 0:00,0.9132,1.9988,0.982125,0.990688,0.1441438,0.010034800000000002,0.72317,0.80475
2002/9/19 0:00,0.92005,2.0007,0.982801,1.004672,0.14414380000000002,0.0101404,0.72448,0.8037
2002/9/20 0:00,0.92105,2.0088,0.985902,1.006847,0.14416700000000002,0.0101404,0.725058,0.80395
2002/9/21 0:00,0.92105,2.0088,0.985902,1.006847,0.14416700000000002,0.0101404,0.725058,0.80395
2002/9/22 0:00,0.91285,1.9858,0.973141,1.007811,0.1441592,0.0098498,0.725111,0.78545
2002/9/23 0:00,0.90585,1.9776,0.973757,0.989071,0.14411959999999996,0.0095858,0.725426,0.78115
2002/9/24 0:00,0.91335,1.9824,0.982656,0.985513,0.1441438,0.0100348,0.725058,0.78975
2002/9/25 0:00,0.91455,1.99585,0.992113,0.991621,0.144167,0.0103028,0.721605,0.7859
2002/9/26 0:00,0.9215,1.9934,0.993838,0.993937,0.14416700000000002,0.010478999999999999,0.724113,0.7882
2002/9/27 0:00,0.92715,1.98535,0.988484,0.983913,0.14414380000000002,0.0101404,0.724323,0.7983
2002/9/28 0:00,0.93035,1.96875,0.986388,0.986242,0.1441438,0.0101404,0.724533,0.7979
2002/9/29 0:00,0.9293,1.9762,0.982946,1.001402,0.14414380000000002,0.0101404,0.726427,0.79805
2002/9/30 0:00,0.9314,1.974,0.982994,0.993197,0.1441438,0.0101404,0.736377,0.79795
2002/10/1 0:00,0.9288,1.9821,0.976276,0.998851,0.1441438,0.0101404,0.736703,0.7937
2002/10/2 0:00,0.9246,1.9818,0.979624,0.9997,0.1441438,0.010591800000000002,0.736648,0.78795
2002/10/3 0:00,0.92445,1.9624,0.981884,0.996512,0.14416700000000002,0.010591800000000002,0.73616,0.7843
2002/10/4 0:00,0.9398,1.974,0.998004,1.001402,0.1441438,0.012388199999999999,0.740247,0.7899
2002/10/5 0:00,0.9368,1.9902,0.988338,0.996363,0.14414380000000002,0.010591800000000002,0.739645,0.78925
2002/10/6 0:00,0.940562,1.998193,0.992307,1.000365,0.14414380000000002,0.011466800000000001,0.742615,0.79242
2002/10/7 0:00,0.9412,1.98059,0.994426,0.989027,0.1441438,0.010594200000000002,0.738225,0.7925
2002/10/8 0:00,0.9454,1.995805,0.994243,0.997526,0.14414380000000002,0.011019200000000002,0.740741,0.7971
2002/10/9 0:00,0.94885,1.979195,0.980488,0.985139,0.1441438,0.010140399999999999,0.7397,0.79876
2002/10/10 0:00,0.9386,1.97091,0.98464,0.964218,0.14414380000000002,0.0101404,0.735078,0.788135
2002/10/11 0:00,0.8624742,1.9828,0.984107,0.965018,0.1455556,0.0110032,0.733945,0.7822
2002/10/12 0:00,0.8944129999999999,1.991,0.987177,0.966697,0.145071,0.0107778,0.734646,0.78345
2002/10/13 0:00,0.8238539999999999,1.972495,0.986145,0.965904,0.1642662,0.009669,0.734538,0.775535
2002/10/14 0:00,0.9027785999999999,1.982505,0.991002,0.961261,0.1454946,0.011292199999999999,0.736703,0.78265
2002/10/15 0:00,0.7859565999999999,1.973225,0.980248,0.953107,0.18163539999999995,0.008372000000000001,0.735078,0.7773
2002/10/16 0:00,0.7845368,1.9733,0.981017,0.946566,0.16290199999999996,0.0083522,0.733407,0.78145
2002/10/17 0:00,0.8245889999999999,1.967815,0.98668,0.948677,0.16286959999999998,0.008737,0.735727,0.78533
2002/10/18 0:00,0.9472739999999998,1.972605,0.99951,0.951919,0.18449459999999998,0.0096142,0.735889,0.79055
2002/10/19 0:00,0.9643909999999998,1.9525,0.997108,0.945367,0.15638159999999995,0.0111266,0.731743,0.78385
2002/10/20 0:00,0.865983,1.95472,0.983623,0.950525,0.1539404,0.009561,0.728438,0.77245
2002/10/21 0:00,0.7843399999999999,1.9536,0.8696572,0.9579,0.14771280000000003,0.0091398,0.732923,0.7667
2002/10/22 0:00,0.8161495999999999,1.95632,0.8699676000000001,0.95735,0.1380356,0.009177,0.733084,0.77015
2002/10/23 0:00,0.7837400000000001,1.9477,0.8640202,0.951928,0.16767880000000002,0.007849,0.729501,0.76685
2002/10/24 0:00,0.7981968000000002,1.94501,0.8640202,0.947598,0.17196440000000002,0.0084912,0.725584,0.76195
2002/10/25 0:00,0.9637846000000001,1.6218035999999998,0.9930254000000002,0.945716,0.1460912,0.0116048,0.725795,0.7573
2002/10/26 0:00,0.8821298000000001,1.8015252,0.9713232000000002,0.955019,0.1459478,0.011484600000000001,0.730994,0.77345
2002/10/27 0:00,0.892794,1.6339558,0.9857352,0.948497,0.1462868,0.011463,0.728544,0.773055
2002/10/28 0:00,0.8624742,1.5812945999999999,0.9385284,0.96446,0.1466962,0.011183000000000002,0.732547,0.7753
2002/10/29 0:00,0.885665,1.5633172,0.931034,0.9821608000000002,0.15030759999999999,0.011208599999999999,0.736648,0.7798
2002/10/30 0:00,0.9034380000000001,1.9804,0.9172492,1.056664,0.14108,0.010084600000000003,0.735348,0.78485
2002/10/31 0:00,0.9484054000000001,1.9802,0.9699188,1.0909141999999998,0.14493060000000002,0.010894,0.735889,0.7874
2002/11/1 0:00,0.9123216,1.98235,0.9934588,1.0278281999999999,0.147352,0.009695800000000001,0.733999,0.7876
2002/11/2 0:00,0.8549402,1.9754,0.9402063999999999,1.0822736000000002,0.16292840000000003,0.0088536,0.733568,0.79005
2002/11/3 0:00,0.858779,1.9814,0.8991516,1.0176035999999997,0.144001,0.0092448,0.732547,0.7849
2002/11/4 0:00,0.8934188000000001,1.5365876,0.9958072000000001,0.992906,0.144117,0.0102524,0.731154,0.77823
2002/11/5 0:00,1.03083,1.9796,0.9861699999999999,1.026903,0.14404,0.010985400000000001,0.734484,0.7837
2002/11/6 0:00,0.973141,1.9817799999999999,0.9850374000000001,1.0471491999999998,0.14404,0.010809200000000001,0.734268,0.78315
2002/11/7 0:00,0.9248367999999999,1.980593,0.9874978000000001,0.9829828,0.144238,0.010985400000000001,0.733945,0.785645
2002/11/8 0:00,1.0065442,1.9762,0.9737306,1.043123,0.1444,0.0105738,0.73303,0.78265
2002/11/9 0:00,0.834051,1.6546770000000002,0.9958072000000001,0.9554083999999999,0.14414,0.010251199999999999,0.731636,0.76975
2002/11/10 0:00,1.0365544,1.680138,0.9958072000000001,1.0567297999999998,0.143966,0.010474800000000001,0.732118,0.76735
2002/11/11 0:00,0.789833,1.5910614000000003,0.9382254,0.8815526,0.144442,0.0102524,0.732762,0.75945
2002/11/12 0:00,0.975849,1.5837404,0.9915814,0.9278836,0.144511,0.0105472,0.728704,0.75235
2002/11/13 0:00,0.882557,1.5615282000000001,0.9915814,0.9923115999999998,0.144553,0.0108128,0.728916,0.755
2002/11/14 0:00,1.0163769999999999,1.6116662000000002,0.9338139999999999,1.0315718,0.14477,0.0122974,0.725163,0.7494
2002/11/15 0:00,1.0198888,1.6154130000000002,0.9463681999999999,1.0315718,0.14415,0.0122974,0.724973,0.749604
2002/11/16 0:00,0.8371598,1.5491991999999999,0.9915814,0.9525948,0.144871,0.0105472,0.728597,0.75337
2002/11/17 0:00,0.8328407999999999,1.5508279999999999,0.9958072000000001,0.940323,0.145108,0.0105472,0.730994,0.75395
2002/11/18 0:00,0.789833,1.532973,0.9901148000000001,0.9108034000000002,0.145292,0.0105262,0.72998,0.75635
2002/11/19 0:00,0.789833,1.532973,0.9901148,0.9108034,0.145376,0.010251199999999999,0.72998,0.76135
2002/11/20 0:00,0.789833,1.5996086,0.9255071999999999,0.8815526,0.145347,0.0102524,0.732493,0.76055
2002/11/21 0:00,0.789833,1.5785016000000003,0.9523323999999999,0.899379,0.145471,0.010251199999999999,0.730887,0.75765
2002/11/22 0:00,0.789833,1.5910614000000003,0.9382254,0.8815526,0.145556,0.0102524,0.731689,0.75905
2002/11/23 0:00,0.789833,1.532973,0.9901148000000001,0.9108034,0.14566,0.010251199999999999,0.729874,0.75615
2002/11/24 0:00,0.789833,1.6027505999999998,0.9255071999999999,0.9638342,0.145649,0.0108128,0.732547,0.75475
2002/11/25 0:00,0.789833,1.5996086,0.9255071999999999,0.8815526,0.145873,0.0102524,0.734819,0.760761
2002/11/26 0:00,0.789833,1.5996086,0.9255072,0.8815526,0.145892,0.0102524,0.734808,0.76045
2002/11/27 0:00,0.789833,1.5996086,0.9255072,0.8815526,0.145849,0.010251199999999999,0.733945,0.7577
2002/11/28 0:00,0.789833,1.5996086,0.9255071999999999,0.8815526,0.145902,0.0102524,0.736703,0.76073
2002/11/29 0:00,0.789833,1.5996086,0.9255072,0.8815526,0.145962,0.010251199999999999,0.733837,0.75585
2002/11/30 0:00,0.789833,1.5996086,0.9255072,0.8815526,0.145824,0.010251199999999999,0.7347,0.7593
2002/12/1 0:00,0.9757353999999999,1.6165399999999999,0.9255072,0.8815526,0.145802,0.0102524,0.732605,0.750981
2002/12/2 0:00,0.9275512000000001,1.6165399999999999,0.9255071999999999,0.8815526,0.145813,0.010251199999999999,0.73244,0.75123
2002/12/3 0:00,0.789833,1.5996086,0.9255071999999999,0.8815526,0.146067,0.0102524,0.735245,0.756523
2002/12/4 0:00,0.77429,1.5996086,0.9255072,0.8815526,0.146124,0.010251199999999999,0.735186,0.757765
2002/12/5 0:00,0.6822799999999999,1.5996086,0.9255072,0.8820966,0.146291,0.010784199999999999,0.738334,0.761
2002/12/6 0:00,0.789833,1.6032310000000003,0.9255072,0.9234194,0.146092,0.0105144,0.739317,0.76427
2002/12/7 0:00,0.8036695999999999,1.607132,0.9255072,0.9342026000000001,0.14661,0.011076,0.74184,0.7716
2002/12/8 0:00,0.7652926000000001,1.607132,0.9255071999999999,0.9180311999999999,0.146832,0.011076,0.74096,0.77095
2002/12/9 0:00,0.8039305999999999,1.607132,0.9255072,0.9508794,0.146608,0.011076,0.740247,0.76455
2002/12/10 0:00,0.7652926000000001,1.9988,1.0013154,0.9165828000000001,0.146662,0.011014399999999999,0.739919,0.7627
2002/12/11 0:00,0.8544132,1.9976,1.0013154,0.9442674,0.146413,0.010788799999999998,0.739536,0.759745
2002/12/12 0:00,0.8322584000000001,1.99085,0.9793584,0.9492934,0.146591,0.011014399999999999,0.735998,0.7585
2002/12/13 0:00,0.8495813999999999,1.99729,1.0013154,0.9442674,0.146409,0.010767599999999999,0.733165,0.7452
2002/12/14 0:00,0.8635612,1.98395,0.9097663999999999,0.9627138000000001,0.146439,0.0109402,0.733999,0.7404
2002/12/15 0:00,0.7652926,1.9897,0.9595046,0.9165828000000001,0.146634,0.011014399999999999,0.73497,0.7419
2002/12/16 0:00,0.8667476000000001,1.980289,0.8991516,0.9663416,0.14649,0.011014399999999999,0.731203,0.735985
2002/12/17 0:00,0.698501,1.9804,0.761017,0.8819872,0.146473,0.009245,0.730727,0.73745
2002/12/18 0:00,0.69335,1.9806,0.761017,0.8820966,0.14643,0.009248,0.731154,0.73355
2002/12/19 0:00,0.69335,1.98155,0.761017,0.8820966,0.146381,0.009262,0.731261,0.73395
2002/12/20 0:00,0.7815430000000001,1.97335,0.761017,0.95143,0.146145,0.00928,0.728544,0.7267
2002/12/21 0:00,0.76588,1.9622,0.761017,0.953971,0.14596,0.009246,0.728438,0.7306
2002/12/22 0:00,0.7194200000000001,1.9524,0.761017,0.948407,0.145864,0.009238,0.724953,0.72505
2002/12/23 0:00,0.750366,1.9498,0.7572124,0.94422,0.14602,0.009136,0.723432,0.71955
2002/12/24 0:00,0.7194200000000001,1.9438,0.7572472,0.940402,0.145717,0.009124,0.718236,0.71415
2002/12/25 0:00,0.7160599999999999,1.9208,0.7572471999999999,0.924633,0.14579,0.009081,0.710631,0.70035
2002/12/26 0:00,0.7160599999999999,1.91025,0.7572472,0.92009,0.145821,0.009079,0.707864,0.69785
2002/12/27 0:00,0.7559346,1.8934,0.800391,0.921362,0.145647,0.009211,0.710783,0.6867
2002/12/28 0:00,0.7194199999999998,1.8713,0.761017,0.922679,0.145832,0.009187,0.711339,0.6997
2002/12/29 0:00,0.77623,1.54234,0.7513517999999999,0.9127,0.145709,0.009098,0.708466,0.6981
2002/12/30 0:00,0.76083,1.54162,0.7445918,0.912867,0.145556,0.009063,0.705667,0.7053
2002/12/31 0:00,0.77723,1.54154,0.7402004,0.913242,0.145539,0.009089,0.707814,0.71335
2003/1/1 0:00,0.77369,1.5282600000000002,0.7468798000000001,0.915877,0.145775,0.00911,0.707464,0.71475
2003/1/2 0:00,0.77369,1.5376,0.7381388,0.911839,0.145898,0.009127,0.708316,0.71355
2003/1/3 0:00,0.781056,1.4942,0.7493684,0.920387,0.146101,0.009224,0.710278,0.71915
2003/1/4 0:00,0.778223,1.48516,0.95577,0.915137,0.146002,0.009165,0.706634,0.708399
2003/1/5 0:00,0.778223,1.48516,0.952109,0.914119,0.146022,0.009161,0.706339,0.70675
2003/1/6 0:00,0.778223,1.48746,0.953812,0.908273,0.146028,0.009107,0.701066,0.69535
2003/1/7 0:00,0.778223,1.48746,0.95338,0.907812,0.146216,0.009104,0.704126,0.69835
2003/1/8 0:00,0.778223,1.48746,0.951117,0.910374,0.146404,0.009133,0.705318,0.70175
2003/1/9 0:00,0.7782229999999999,1.46856,0.936838,0.907329,0.146098,0.009245,0.701811,0.694788
2003/1/10 0:00,0.85,1.46856,0.936154,0.907688,0.146522,0.009253,0.702297,0.6959
2003/1/11 0:00,0.83805,1.479,0.934973,0.903191,0.146349,0.009188,0.698714,0.6872
2003/1/12 0:00,0.83524,1.4714,0.940999,0.903383,0.146116,0.009229,0.696379,0.6847
2003/1/13 0:00,0.8302,1.46856,0.940371,0.902975,0.146261,0.009309,0.695894,0.6795
2003/1/14 0:00,0.82665,1.479,0.944555,0.8921,0.146148,0.009192,0.699203,0.67655
2003/1/15 0:00,0.814,1.46856,0.934798,0.882729,0.146254,0.009254,0.698422,0.66995
2003/1/16 0:00,0.811655,1.46856,0.93769,0.889126,0.146227,0.009309,0.698617,0.67485
2003/1/17 0:00,0.807,1.46856,0.932705,0.882383,0.146175,0.009279,0.69667,0.6682
2003/1/18 0:00,0.7958,1.6190902,0.926741,0.877155,0.14606,0.0101288,0.692449,0.6494
2003/1/19 0:00,0.8233,1.6147250000000004,0.943931,0.891623,0.146252,0.0104696,0.700231,0.66795
2003/1/20 0:00,0.807,1.577,0.936768,0.894294,0.146013,0.010125199999999999,0.700427,0.66
2003/1/21 0:00,0.7942,1.57978,0.933097,0.892853,0.146002,0.009920000000000002,0.69633,0.6593
2003/1/22 0:00,0.7835,1.7444600000000001,0.830316,0.895432,0.14622,0.0095218,0.697399,0.655965
2003/1/23 0:00,0.79965,1.6413894,0.7321983999999999,0.914955,0.146325,0.0104724,0.697837,0.673435
2003/1/24 0:00,0.8289,1.5793544000000002,0.9280250000000001,0.904527,0.146306,0.0115172,0.7378078,0.68875
2003/1/25 0:00,0.842855,1.582837,0.8065772000000001,0.859932,0.146387,0.0110922,0.6586682,0.6903
2003/1/26 0:00,0.83335,1.5338822,0.8829701999999999,0.9133424,0.146787,0.011067600000000002,0.7089236,0.68095
2003/1/27 0:00,0.834,1.5571208,0.8829701999999999,0.913772,0.146563,0.0106248,0.7093904,0.68405
2003/1/28 0:00,0.8343,1.5338822,0.8829701999999999,0.9133424,0.146619,0.0110676,0.7089236,0.68335
2003/1/29 0:00,0.8327,1.508344,0.8130422000000002,0.8668216,0.14609,0.011038599999999999,0.6773355999999999,0.68605
2003/1/30 0:00,0.813165,1.5902549999999998,0.8392656000000001,0.913587,0.14609,0.010378799999999999,0.7032665999999999,0.7033862000000001
2003/1/31 0:00,0.79157,1.5810526,0.699368,0.7282293999999999,0.14609,0.009407,0.6174564,0.6308478
2003/2/1 0:00,0.793865,1.5775,0.7333122000000001,0.693076,0.14609,0.009444,0.6759502000000001,0.66106
2003/2/2 0:00,0.776965,1.5902549999999998,0.8392655999999998,0.913587,0.14609,0.010378799999999999,0.7032665999999999,0.7033862000000001
2003/2/3 0:00,0.7736,1.7456600000000002,0.8454822,0.886957,0.14609,0.0084796,0.6798706000000001,0.7337416
2003/2/4 0:00,0.713855,1.6422726,0.8849992,0.872981,0.146137,0.010377800000000001,0.7161983999999999,0.7091016
2003/2/5 0:00,0.72095,1.7130442,0.8633162000000001,0.876724,0.146731,0.0102768,0.7395872000000001,0.7623399999999999
2003/2/6 0:00,0.66966,1.7130442,0.8633162000000001,0.887619,0.146763,0.0102768,0.7395872000000001,0.7623399999999999
2003/2/7 0:00,0.700955,1.6162641999999998,0.8633162000000001,0.883939,0.146617,0.0102768,0.7079772,0.6693711999999999
2003/2/8 0:00,0.6768,1.6404058,0.8832972,0.884486,0.146287,0.010412000000000001,0.6959752,0.6680834
2003/2/9 0:00,0.6752,1.6421198000000001,0.8824542,0.881018,0.146306,0.0104294,0.696265,0.6625112
2003/2/10 0:00,0.70475,1.6377028000000002,0.8885984,0.881135,0.146387,0.0106678,0.7139439999999999,0.68157
2003/2/11 0:00,0.68355,1.641141,0.8985330000000001,0.881523,0.146331,0.010382800000000001,0.6888973999999999,0.6525464
2003/2/12 0:00,0.6711,1.641141,0.8985329999999999,0.882321,0.146329,0.010382800000000001,0.6888973999999999,0.6525464
2003/2/13 0:00,0.69595,1.6492909999999998,0.846238,0.881446,0.146323,0.0104894,0.676911,0.6745432
2003/2/14 0:00,0.69625,1.6391424,0.834986,0.868546,0.146419,0.0107458,0.676453,0.6834754000000001
2003/2/15 0:00,0.6828,1.6528634,0.819605,0.863968,0.146338,0.010487,0.673945,0.6761448
2003/2/16 0:00,0.61325,1.6447468,0.781891,0.855103,0.146111,0.0105238,0.66379,0.6709615999999999
2003/2/17 0:00,0.612,1.6447468,0.776572,0.86494,0.145951,0.0105238,0.662559,0.6709615999999999
2003/2/18 0:00,0.628235,1.6447468,0.772022,0.859114,0.146224,0.0105238,0.665292,0.6709615999999999
2003/2/19 0:00,0.666565,1.6447468,0.812447,0.880708,0.146167,0.0105238,0.667668,0.6709615999999999
2003/2/20 0:00,0.6723,1.6447468,0.82203,0.877155,0.146237,0.010523800000000002,0.679579,0.6709615999999999
2003/2/21 0:00,0.681612,1.6447468,0.842801,0.856142,0.146235,0.010523800000000002,0.675986,0.6709615999999999
2003/2/22 0:00,0.700505,1.6447468,0.869405,0.859767,0.146257,0.0105238,0.679262,0.6709615999999999
2003/2/23 0:00,0.69296,1.6447468,0.867058,0.858155,0.146252,0.0105238,0.679902,0.6709615999999999
2003/2/24 0:00,0.67165,1.6391424,0.851172,0.857898,0.146447,0.0107458,0.673083,0.6834754000000001
2003/2/25 0:00,0.6789,1.6391423999999997,0.84832,0.852515,0.146557,0.0107848,0.670511,0.6834754000000001
2003/2/26 0:00,0.6844,1.6391424,0.848824,0.851245,0.146505,0.0107848,0.668494,0.6834754000000001
2003/2/27 0:00,0.6765,1.6391424,0.836925,0.848752,0.146488,0.0107848,0.670264,0.6834754000000001
2003/2/28 0:00,0.65595,1.6391423999999997,0.829666,0.843135,0.146604,0.0107848,0.664717,0.6834754000000001
2003/3/1 0:00,0.850949,1.6278647999999998,0.8142,0.845155,0.146419,0.0107754,0.662603,0.684253
2003/3/2 0:00,0.850949,1.6278648,0.81103,0.833924,0.146413,0.010755200000000001,0.658458,0.6845256
2003/3/3 0:00,0.8541698,1.6262031999999997,0.807885,0.83455,0.146535,0.0108902,0.659283,0.6834408000000001
2003/3/4 0:00,0.8635046,1.6272925999999999,0.81707,0.836037,0.146477,0.0108902,0.657117,0.6840532000000001
2003/3/5 0:00,0.8599542,1.6272926,0.81641,0.833021,0.146512,0.0108902,0.654279,0.6834408000000001
2003/3/6 0:00,0.850949,1.6278648,0.808483,0.830361,0.146413,0.010755200000000001,0.655351,0.6834754000000001
2003/3/7 0:00,0.8468756000000001,1.6471101999999997,0.779114,0.819608,0.146291,0.0104628,0.653445,0.671974
2003/3/8 0:00,0.8468756000000001,1.6522734,0.789397,0.818733,0.146359,0.0104138,0.654151,0.6773338
2003/3/9 0:00,0.8599542,1.6262031999999997,0.811359,0.832563,0.146512,0.0108902,0.661726,0.6826632
2003/3/10 0:00,0.8599542,1.6262031999999997,0.814067,0.840513,0.146516,0.0108902,0.662383,0.6826632
2003/3/11 0:00,0.8635046,1.6265741999999999,0.811392,0.833542,0.146441,0.0108902,0.661857,0.684253
2003/3/12 0:00,0.8628397999999999,1.6262031999999997,0.809776,0.832626,0.146436,0.0108902,0.662778,0.684253
2003/3/13 0:00,0.8599542,1.6265741999999999,0.808211,0.823011,0.146501,0.0108902,0.661419,0.6837806000000002
2003/3/14 0:00,0.801653,1.6447468,0.807852,0.827695,0.145243,0.0101002,0.652997,0.6742534
2003/3/15 0:00,0.8409376,1.6464148,0.804473,0.829731,0.145311,0.01069,0.653381,0.6782155999999999
2003/3/16 0:00,0.8222060000000001,1.6464148,0.798276,0.827198,0.145448,0.010718,0.65703,0.6782155999999999
2003/3/17 0:00,0.8448445999999998,1.6511192000000001,0.783177,0.83633,0.145279,0.010817,0.655136,0.6795914
2003/3/18 0:00,0.8228346,1.6511192000000001,0.786906,0.82021,0.14545,0.010779,0.656556,0.6795914
2003/3/19 0:00,0.8222060000000001,1.48581,0.795732,0.831324,0.145349,0.010745,0.664099,0.6495000000000001
2003/3/20 0:00,0.8228346,1.47775,0.794123,0.828706,0.145486,0.010812,0.664894,0.67642
2003/3/21 0:00,0.8228346,1.483,0.796273,0.83633,0.145666,0.010767,0.667958,0.68358
2003/3/22 0:00,0.8228346,1.49385,0.814697,0.840866,0.145966,0.010901,0.672789,0.68358
2003/3/23 0:00,0.8262446000000001,1.49565,0.802439,0.84987,0.146145,0.010948,0.671547,0.68358
2003/3/24 0:00,0.8262446000000001,1.529695,0.810898,0.863353,0.146,0.01102,0.677415,0.68358
2003/3/25 0:00,0.8268612000000001,1.526975,0.814538,0.872372,0.146092,0.011104,0.679995,0.6835800000000001
2003/3/26 0:00,0.8046070000000001,1.545015,0.828552,0.921082,0.146257,0.011385,0.693193,0.68688
2003/3/27 0:00,0.8268612000000001,1.5063,0.835579,0.927803,0.146316,0.011131,0.698227,0.68358
2003/3/28 0:00,0.8268612000000001,1.49555,0.822639,0.907647,0.146109,0.01122,0.684932,0.68358
2003/3/29 0:00,0.8300188000000001,1.4811,0.820698,0.913977,0.145988,0.011104,0.69056,0.57465
2003/3/30 0:00,0.8300188000000001,1.47145,0.82149,0.921065,0.146017,0.011045,0.692473,0.5683
2003/3/31 0:00,0.8300188000000001,1.474975,0.823079,0.930735,0.146017,0.01104,0.691324,0.5744
2003/4/1 0:00,0.8300188000000001,1.47405,0.823147,0.927128,0.146017,0.011059,0.691372,0.57405
2003/4/2 0:00,0.8300188000000001,1.46645,0.818398,0.936637,0.146017,0.011033,0.690322,0.57995
2003/4/3 0:00,0.8300188000000001,1.45975,0.819874,0.9602,0.146066,0.011101,0.694782,0.5822
2003/4/4 0:00,0.8520287999999999,1.44191,0.818404,0.947733,0.146342,0.011063,0.69541,0.5769
2003/4/5 0:00,0.8520287999999999,1.446605,0.813256,0.938685,0.146342,0.011015,0.694203,0.5797
2003/4/6 0:00,0.8520287999999999,1.459,0.819504,0.940424,0.146342,0.011022,0.69541,0.58015
2003/4/7 0:00,0.8520287999999999,1.45345,0.829119,0.92554,0.146563,0.01086,0.687049,0.58875
2003/4/8 0:00,0.8520287999999999,1.467805,0.839983,0.900617,0.146381,0.01072,0.679163,0.58835
2003/4/9 0:00,0.8336976,1.49275,0.844096,0.896298,0.146274,0.010662,0.680133,0.59745
2003/4/10 0:00,0.8520287999999999,1.51395,0.839137,0.909178,0.146346,0.010789,0.679302,0.5954
2003/4/11 0:00,0.8520287999999999,1.5191,0.843942,0.912326,0.146312,0.01096,0.676361,0.59315
2003/4/12 0:00,0.8520287999999999,1.51465,0.841468,0.897545,0.1464104,0.011091,0.673355,0.58855
2003/4/13 0:00,0.8520287999999999,1.4838,0.830634,0.895977,0.1464104,0.011212,0.672563,0.57975
2003/4/14 0:00,0.8520287999999999,1.45565,0.814531,0.889798,0.1464104,0.011162,0.671727,0.5503
2003/4/15 0:00,0.8520287999999999,1.46085,0.806354,0.894534,0.1464104,0.011197,0.669882,0.54275
2003/4/16 0:00,0.8200432,1.4604,0.792343,0.890468,0.1518148,0.011162,0.667379,0.53125
2003/4/17 0:00,0.8300188000000001,1.4739,0.802761,0.895175,0.146263,0.011021,0.671276,0.5416
2003/4/18 0:00,0.8611086,1.5731226,0.79923,0.885347,0.14634,0.011064,0.668986,0.544565
2003/4/19 0:00,0.8385358,1.5731226,0.790061,0.871498,0.14618,0.011133,0.663262,0.52113
2003/4/20 0:00,0.8385358,1.5731226,0.786968,0.870815,0.146205,0.011342,0.664231,0.5203
2003/4/21 0:00,0.8385358,1.5731226,0.791838,0.866326,0.146261,0.01127,0.666667,0.5254
2003/4/22 0:00,0.8385358,1.5731226,0.819368,0.874279,0.146203,0.011204,0.667065,0.530383
2003/4/23 0:00,0.730726,1.6708862,0.818599,0.881294,0.146205,0.011226,0.667067,0.52865
2003/4/24 0:00,0.8300188000000001,1.4169,0.814133,0.878002,0.146205,0.011261,0.663614,0.5283
2003/4/25 0:00,0.8300188000000001,1.42945,0.827044,0.872334,0.146205,0.011146,0.667289,0.534235
2003/4/26 0:00,0.8300188000000001,1.42855,0.818331,0.86847,0.146205,0.011139,0.663174,0.51425
2003/4/27 0:00,0.8300188000000001,1.44725,0.813802,0.859882,0.146205,0.01111,0.662208,0.5078
2003/4/28 0:00,0.8300188000000001,1.416285,0.808483,0.858575,0.146007,0.01113,0.660284,0.50205
2003/4/29 0:00,0.8300188000000001,1.4432,0.812018,0.873859,0.146192,0.011186,0.664408,0.513355
2003/4/30 0:00,0.8520287999999999,1.446775,0.814797,0.863625,0.146383,0.011152,0.664099,0.51145
2003/5/1 0:00,0.8520287999999999,1.464925,0.815461,0.85859,0.146306,0.010917,0.665292,0.51845
2003/5/2 0:00,0.8520287999999999,1.47895,0.818666,0.861809,0.146355,0.010888,0.66912,0.53115
2003/5/3 0:00,0.8094146,1.490575,0.82021,0.860811,0.146205,0.010942,0.669075,0.53875
2003/5/4 0:00,0.8520287999999999,1.435996,0.804793,0.861946,0.146323,0.011028,0.664302,0.525209
2003/5/5 0:00,0.8300188000000001,1.424471,0.802067,0.859732,0.146295,0.011042,0.661626,0.520059
2003/5/6 0:00,0.8520287999999999,1.42615,0.80289,0.859919,0.146351,0.011004,0.661419,0.5222
2003/5/7 0:00,0.8520287999999999,1.426519,0.80371,0.860047,0.146501,0.010892,0.659333,0.516516
2003/5/8 0:00,0.8520287999999999,1.42615,0.804441,0.859956,0.146462,0.010906,0.659087,0.5196
2003/5/9 0:00,0.8160046,1.4256,0.792487,0.849907,0.14640000000000003,0.010821,0.653702,0.50945
2003/5/10 0:00,0.8165046,1.41925,0.793084,0.847565,0.1464,0.010678,0.652955,0.50815
2003/5/11 0:00,0.8343770000000001,1.43245,0.796972,0.9590590000000001,0.1412872,0.010607,0.65505,0.51247
2003/5/12 0:00,0.8520287999999999,1.4437,0.798531,0.865688,0.1464,0.010714,0.653211,0.5069
2003/5/13 0:00,0.8335946,1.4506,0.799424,0.85706,0.1412856,0.010557,0.654493,0.50925
2003/5/14 0:00,0.8520287999999999,1.448485,0.805338,0.861991,0.1412856,0.010327,0.657354,0.514165
2003/5/15 0:00,0.6478,1.42605,0.795982,0.858516,0.1259384,0.010282,0.653894,0.51165
2003/5/16 0:00,0.6506,1.43075,0.800138,0.858185,0.146272,0.010167,0.650195,0.5095
2003/5/17 0:00,0.642,1.427,0.785053,0.854518,0.146222,0.01025,0.647207,0.5025
2003/5/18 0:00,0.62985,1.3978,0.775624,0.852232,0.146084,0.010292,0.642302,0.49225
2003/5/19 0:00,0.6409,1.40755,0.774644,0.850847,0.146152,0.010176,0.645328,0.49765
2003/5/20 0:00,0.65015,1.4148,0.78232,0.850304,0.146126,0.010069,0.647165,0.5065
2003/5/21 0:00,0.6366,1.41265,0.775585,0.854555,0.146169,0.010219,0.643376,0.49755
2003/5/22 0:00,0.64055,1.4068,0.78061,0.863148,0.146199,0.010174,0.647124,0.5023
2003/5/23 0:00,0.6321,1.37685,0.7585903999999999,0.862999,0.146165,0.010112,0.645619,0.4932
2003/5/24 0:00,0.6448,1.37685,0.7585903999999999,0.864715,0.146195,0.010137,0.651042,0.50115
2003/5/25 0:00,0.647765,1.37871,0.7585903999999999,0.864383,0.146173,0.010254,0.653467,0.50615
2003/5/26 0:00,0.65196,1.391705,0.7585903999999999,0.841885,0.146224,0.010242,0.653637,0.51904
2003/5/27 0:00,0.656196,1.40249,0.7585903999999999,0.840822,0.146214,0.010176,0.600799,0.523574
2003/5/28 0:00,0.65905,1.40705,0.7585904000000001,0.84311,0.146235,0.010168,0.651593,0.5295
2003/5/29 0:00,0.6604,1.4035,0.7585904000000001,0.845523,0.146261,0.010146,0.653189,0.5298
2003/5/30 0:00,0.6778,1.4289,0.7585903999999999,0.877116,0.14631,0.010414,0.660502,0.54435
2003/5/31 0:00,0.6856,1.4474,0.7495404000000001,0.889442,0.14649,0.010555,0.661879,0.5553
2003/6/1 0:00,0.696,1.45095,0.7310448,0.889442,0.146484,0.010369,0.661682,0.5639
2003/6/2 0:00,0.7076,1.46315,0.8325416000000001,0.890076,0.146331,0.010277,0.6906778,0.5733
2003/6/3 0:00,0.6964,1.46785,0.812282,0.884212,0.146428,0.010232,0.6662413999999999,0.56015
2003/6/4 0:00,0.7006,1.4595,0.813504,0.891186,0.146394,0.010229,0.6675122,0.5707
2003/6/5 0:00,0.70205,1.4498,0.811227,0.887154,0.146372,0.010144,0.6640484,0.579
2003/6/6 0:00,0.68565,1.42115,0.803161,0.871612,0.146372,0.010278,0.6635722000000001,0.562845
2003/6/7 0:00,0.6806,1.42485,0.792258,0.86904,0.146293,0.010263,0.6855642,0.5617
2003/6/8 0:00,0.6924,1.42995,0.793399,0.877443,0.146278,0.010086,0.657419,0.5687
2003/6/9 0:00,0.693,1.4392,0.789733,0.871042,0.146327,0.010151,0.657009,0.5612
2003/6/10 0:00,0.7165,1.472585,0.807754,0.881718,0.146316,0.010061,0.666178,0.58063
2003/6/11 0:00,0.7174,1.4887,0.81473,0.886918,0.146295,0.009954,0.664408,0.5927
2003/6/12 0:00,0.71265,1.47465,0.806842,0.879662,0.14631,0.009896,0.66357,0.5874
2003/6/13 0:00,0.712655,1.475115,0.807696,0.874967,0.146299,0.009951,0.66072,0.575965
2003/6/14 0:00,0.716306,1.461265,0.814759,0.86297,0.146306,0.009954,0.659804,0.580112
2003/6/15 0:00,0.7198,1.46575,0.813339,0.866213,0.146295,0.009978,0.6595,0.58085
2003/6/16 0:00,0.728371,1.490237,0.826898,0.878162,0.146349,0.010093,0.668165,0.585391
2003/6/17 0:00,0.722773,1.499019,0.830595,0.87311,0.146346,0.010062,0.665642,0.575507
2003/6/18 0:00,0.7284,1.4996,0.830875,0.874814,0.146359,0.010064,0.666311,0.58105
2003/6/19 0:00,0.7236,1.480475,0.824776,0.857339,0.146357,0.010077,0.665735,0.5701
2003/6/20 0:00,0.6963,1.454,0.807396,0.855395,0.146349,0.010215,0.662011,0.5504
2003/6/21 0:00,0.71237,1.46988,0.81077,0.858141,0.146479,0.010135,0.664452,0.5651
2003/6/22 0:00,0.70527,1.4489,0.806699,0.859321,0.146424,0.010203,0.663438,0.5554
2003/6/23 0:00,0.7195,1.46625,0.825457,0.879624,0.146479,0.010333,0.669882,0.56695
2003/6/24 0:00,0.71144,1.4636,0.819884,0.864827,0.146494,0.010334,0.668226,0.5661
2003/6/25 0:00,0.7067,1.4633,0.820412,0.875051,0.146464,0.01037,0.668092,0.55885
2003/6/26 0:00,0.725455,1.47701,0.831241,0.8284953999999999,0.14652,0.01026,0.673673,0.5717
2003/6/27 0:00,0.7264,1.478595,0.837065,0.8284953999999999,0.146638,0.01013,0.674263,0.564735
2003/6/28 0:00,0.73015,1.49125,0.843384,0.7212472,0.146638,0.010074,0.674992,0.57
2003/6/29 0:00,0.73875,1.497115,0.849542,0.6859306000000001,0.146531,0.010103,0.678841,0.57415
2003/6/30 0:00,0.7418,1.5089,0.850568,0.6859306000000001,0.146656,0.010116,0.678771,0.5807
2003/7/1 0:00,0.75425,1.5012,0.854555,0.6859306000000001,0.146589,0.01009,0.679394,0.5909
2003/7/2 0:00,0.695973,1.5241,0.868961,0.882188,0.146606,0.010156,0.685448,0.5978
2003/7/3 0:00,0.695973,1.521685,0.869452,0.882188,0.146606,0.010127,0.684697,0.6066
2003/7/4 0:00,0.695973,1.5149,0.861401,0.882188,0.146593,0.010255,0.683667,0.6057
2003/7/5 0:00,0.695973,1.530936,0.863306,0.8821879999999999,0.146606,0.010402,0.687654,0.606306
2003/7/6 0:00,0.695973,1.5225,0.853461,0.882188,0.146548,0.010444,0.68292,0.5937
2003/7/7 0:00,0.68228,1.516751,0.849474,0.8820966,0.146402,0.010525,0.679781,0.585209
2003/7/8 0:00,0.687111,1.5477,0.864521,0.8819872,0.146518,0.010406,0.68362,0.60205
2003/7/9 0:00,0.6822800000000001,1.573377,0.875937,0.8820966,0.146424,0.010523,0.685628,0.605657
2003/7/10 0:00,0.7924538,1.588889,0.890025,0.9083631999999999,0.146533,0.010587,0.693849,0.620973
2003/7/11 0:00,0.7924538,1.592,0.892061,0.8933078,0.146533,0.010551,0.693289,0.6213
2003/7/12 0:00,0.7924538,1.5908,0.88851,0.8933078,0.146544,0.010558,0.691085,0.6196
2003/7/13 0:00,0.6822799999999999,1.59341,0.892303,0.8820966,0.146426,0.010537,0.690274,0.62303
2003/7/14 0:00,0.6822800000000001,1.6055,0.899535,0.8820966,0.146424,0.010522,0.689037,0.6216
2003/7/15 0:00,0.6822800000000001,1.5882,0.894779,0.8820966,0.146449,0.010309,0.6879,0.620935
2003/7/16 0:00,0.687111,1.621386,0.919604,0.8819872,0.146455,0.010491,0.694011,0.643275
2003/7/17 0:00,0.6822800000000001,1.643815,0.916632,0.8820966,0.146449,0.010379,0.694469,0.64735
2003/7/18 0:00,0.6822800000000001,1.65855,0.924471,0.8820966,0.146417,0.010458,0.696108,0.6556
2003/7/19 0:00,0.6822800000000001,1.628585,0.904895,0.8820966,0.146449,0.010414,0.692185,0.63175
2003/7/20 0:00,0.6822800000000001,1.61,0.908802,0.8820966,0.14634,0.010351,0.691136,0.6309
2003/7/21 0:00,0.6822800000000001,1.598,0.893575,0.8820966,0.146359,0.010119,0.685977,0.6323
2003/7/22 0:00,0.6822800000000001,1.60905,0.897585,0.8820966,0.146291,0.010197,0.683264,0.62283
2003/7/23 0:00,0.6822800000000001,1.630808,0.90559,0.8820966,0.146348,0.01028,0.68919,0.629049
2003/7/24 0:00,0.6822799999999999,1.63329,0.901969,0.8820966,0.146346,0.010192,0.687474,0.6296
2003/7/25 0:00,0.684101,1.6546,0.90996,0.8804658,0.146252,0.010221,0.689275,0.64435
2003/7/26 0:00,0.6822799999999999,1.64295,0.894614,0.8820966,0.14634,0.010164,0.689085,0.6427
2003/7/27 0:00,0.684101,1.6256,0.880359,0.8804658,0.14625,0.010196,0.684229,0.62855
2003/7/28 0:00,0.6822799999999999,1.641885,0.88169,0.8820965999999999,0.146327,0.010353,0.687602,0.6329
2003/7/29 0:00,0.6822799999999999,1.63669,0.887057,0.8820966,0.146295,0.010377,0.687803,0.643173
2003/7/30 0:00,0.6951799999999999,1.653783,0.885905,0.8669392,0.146263,0.010401,0.688204,0.647395
2003/7/31 0:00,0.6822800000000001,1.64718,0.879275,0.8820966,0.146272,0.010435,0.686153,0.6384
2003/8/1 0:00,0.6822799999999999,1.6308,0.866664,0.8820966,0.146306,0.010483,0.684322,0.6277
2003/8/2 0:00,0.684101,1.64515,0.869497,0.8804658,0.146252,0.010472,0.687015,0.6384
2003/8/3 0:00,0.8283761999999999,1.64235,0.865643,0.911162,0.146338,0.010435,0.685918,0.63875
2003/8/4 0:00,0.8283761999999999,1.63505,0.862813,0.913684,0.146308,0.010401,0.686059,0.6421
2003/8/5 0:00,0.8336976,1.65265,0.867227,0.922126,0.146323,0.010499,0.684932,0.644
2003/8/6 0:00,0.8336976,1.65265,0.867227,0.922637,0.146323,0.010499,0.684932,0.64525
2003/8/7 0:00,0.8283761999999999,1.654205,0.864192,0.921799,0.14631,0.010423,0.688184,0.650555
2003/8/8 0:00,0.8283761999999999,1.641913,0.870097,0.928175,0.146302,0.010353,0.691162,0.638633
2003/8/9 0:00,0.8283761999999999,1.641849,0.86385,0.922657,0.146332,0.01041,0.689479,0.632245
2003/8/10 0:00,0.8520287999999999,1.628,0.860733,0.920107,0.146364,0.0107842,0.687403,0.627
2003/8/11 0:00,0.8520287999999999,1.60759,0.857229,0.91781,0.146334,0.0107842,0.684104,0.628223
2003/8/12 0:00,0.8520287999999999,1.60078,0.855176,0.91529,0.146334,0.010784199999999999,0.684135,0.621345
2003/8/13 0:00,0.8520287999999999,1.634014,0.861289,0.928203,0.14634,0.0107842,0.685871,0.630855
2003/8/14 0:00,0.8520287999999999,1.619355,0.860748,0.921999,0.146355,0.0107842,0.683807,0.629148
2003/8/15 0:00,0.8520287999999999,1.621547,0.859402,0.920429,0.146355,0.0107842,0.683527,0.629604
2003/8/16 0:00,0.8520287999999999,1.61535,0.859753,0.920768,0.146355,0.0107842,0.68362,0.62616
2003/8/17 0:00,0.8520287999999999,1.62091,0.867769,0.922552,0.14634,0.0107842,0.684135,0.6335
2003/8/18 0:00,0.8520287999999999,1.63191,0.881679,0.918493,0.146351,0.0107842,0.684744,0.63955
2003/8/19 0:00,0.8520287999999999,1.641699,0.896298,0.929627,0.146359,0.0107842,0.688468,0.647605
2003/8/20 0:00,0.8520287999999999,1.645116,0.893815,0.929774,0.146381,0.0107842,0.688658,0.644538
2003/8/21 0:00,0.8520287999999999,1.633947,0.896146,0.930233,0.146385,0.010612,0.689489,0.644496
2003/8/22 0:00,0.8520287999999999,1.6332,0.897022,0.928893,0.146385,0.010618,0.689417,0.643087
2003/8/23 0:00,0.8520287999999999,1.633747,0.89674,0.929152,0.146385,0.010611,0.689227,0.645494
2003/8/24 0:00,0.8520287999999999,1.652114,0.903628,0.93576,0.146355,0.010617,0.694155,0.65505
2003/8/25 0:00,0.8520287999999999,1.640891,0.901555,0.934964,0.146376,0.01069,0.692881,0.651954
2003/8/26 0:00,0.8520287999999999,1.647487,0.910486,0.939086,0.146379,0.010678,0.693626,0.661748
2003/8/27 0:00,0.8336976,1.652101,0.919709,0.932053,0.146376,0.010497,0.6943,0.657592
2003/8/28 0:00,0.8336976,1.645292,0.921786,0.935252,0.146359,0.010549,0.694806,0.65783
2003/8/29 0:00,0.8336976,1.643007,0.920387,0.932966,0.146359,0.01055,0.694469,0.656491
2003/8/30 0:00,0.8336976,1.643007,0.920387,0.932966,0.146359,0.01055,0.694469,0.656491
2003/8/31 0:00,0.8336976,1.649253,0.923745,0.933228,0.146383,0.01051,0.694203,0.655437
2003/9/1 0:00,0.8520287999999999,1.641915,0.919299,0.929316,0.146394,0.010583,0.693698,0.657484
2003/9/2 0:00,0.8336976,1.636996,0.916884,0.917204,0.146361,0.010528,0.690799,0.654151
2003/9/3 0:00,0.8336976,1.650002,0.923873,0.919587,0.146357,0.010449,0.69365,0.653253
2003/9/4 0:00,0.8336976,1.670551,0.927515,0.936812,0.146368,0.010555,0.694975,0.660458
2003/9/5 0:00,0.8520287999999999,1.671305,0.9572828,0.935979,0.146368,0.010563,0.69483,0.664231
2003/9/6 0:00,0.8520287999999999,1.671305,0.9572828,0.935979,0.146368,0.010563,0.69483,0.664209
2003/9/7 0:00,0.8336976,1.69608,0.9572828,0.943931,0.146391,0.010499,0.697934,0.667468
2003/9/8 0:00,0.8495813999999999,1.692391,0.9572828000000001,0.943009,0.146406,0.010505,0.697739,0.666289
2003/9/9 0:00,0.8495813999999999,1.702751,0.9572828,0.943352,0.146376,0.010552,0.729506,0.673605
2003/9/10 0:00,0.68769,1.677501,0.8116192,0.8418616,0.146385,0.010463,0.6614032,0.669635
2003/9/11 0:00,0.68769,1.668001,0.8127002000000001,0.8456241999999999,0.146374,0.010244,0.6609016000000001,0.672721
2003/9/12 0:00,0.68769,1.669254,0.8085429999999999,0.8456242000000002,0.146374,0.010262,0.6609016000000001,0.672495
2003/9/13 0:00,0.68769,1.669254,0.8085429999999999,0.8456241999999999,0.146374,0.010262,0.6609016000000001,0.67365
2003/9/14 0:00,0.68052,1.644047,0.8207518,0.8691831999999999,0.146312,0.010294,0.6675428,0.673197
2003/9/15 0:00,0.68052,1.647446,0.8207518,0.8697758,0.146306,0.010423,0.6675428,0.669098
2003/9/16 0:00,0.6805199999999999,1.653357,0.836284,0.8697758,0.146304,0.010401,0.672693,0.67297
2003/9/17 0:00,0.68172,1.658059,0.8085674,0.8655982,0.146338,0.010512,0.6627606,0.678633
2003/9/18 0:00,0.68172,1.652811,0.8090768,0.8655982,0.14634,0.010534,0.663382,0.677599
2003/9/19 0:00,0.68172,1.652811,0.8090768,0.8655982,0.14634,0.010534,0.663382,0.677599
2003/9/20 0:00,0.6848354,1.63223,0.8360816,0.8598341999999999,0.146267,0.010599,0.6736348000000001,0.668135
2003/9/21 0:00,0.68052,1.634949,0.8207518,0.8697758,0.146308,0.010546,0.6675428,0.669591
2003/9/22 0:00,0.68172,1.656589,0.8207518,0.8780552,0.146316,0.010561,0.6675428,0.673696
2003/9/23 0:00,0.6835530000000001,1.655752,0.8360816,0.8606067999999999,0.146276,0.01065,0.6736348000000001,0.675014
2003/9/24 0:00,0.8495813999999999,1.650219,0.7819503999999999,0.8513373999999999,0.1459938,0.010626,0.6408012000000001,0.675836
2003/9/25 0:00,0.8495813999999999,1.648805,0.8067129999999999,0.8513373999999999,0.1459938,0.010597,0.6675334,0.682105
2003/9/26 0:00,0.8495813999999999,1.65041,0.8212225999999999,0.8513374,0.14149520000000002,0.010595,0.6675334,0.682501
2003/9/27 0:00,0.8495813999999999,1.65041,0.8212225999999999,0.8513374,0.14149520000000002,0.010595,0.6675334,0.682501
2003/9/28 0:00,0.7231628,1.640406,0.8116192,0.8465398000000001,0.146381,0.010586,0.6614032,0.686153
2003/9/29 0:00,0.68769,1.634414,0.808543,0.8456241999999999,0.146376,0.010631,0.6609016000000001,0.684346
2003/9/30 0:00,0.68769,1.621652,0.8116192000000002,0.8418616,0.146383,0.010608,0.6614032,0.680342
2003/10/1 0:00,0.68769,1.620444,0.8127002000000001,0.8456241999999999,0.146374,0.01067,0.6609016000000001,0.683457
2003/10/2 0:00,0.756796,1.629208,0.8116192,0.8418616,0.146387,0.010691,0.6614032000000001,0.685049
2003/10/3 0:00,0.7567959999999999,1.627353,0.8116192,0.8418616,0.146387,0.010691,0.6614032,0.686412
2003/10/4 0:00,0.7620492,1.6328,0.8116192,0.8418616,0.146387,0.010886,0.6614032000000001,0.686412
2003/10/5 0:00,0.8225769999999999,1.62885,0.8156950000000001,0.8667586,0.146402,0.010756,0.6631286000000001,0.685354
2003/10/6 0:00,0.820877,1.539822,0.8156950000000001,0.8642407999999999,0.146404,0.010747,0.6631286000000001,0.67415
2003/10/7 0:00,0.8121434000000001,1.4467852,0.9497424000000001,0.8904028,0.146396,0.010844,0.7104366000000001,0.6788881999999999
2003/10/8 0:00,0.839772,1.7387211999999999,0.824003,0.8578241999999999,0.146398,0.010804,0.6950336,0.6571866
2003/10/9 0:00,0.851752,1.7473322,0.8335022000000001,0.8679662,0.146402,0.010757,0.6898226000000001,0.7017974
2003/10/10 0:00,0.848428,1.7473322,0.8335022000000001,0.8679662,0.146402,0.010753,0.6898226,0.7017974
2003/10/11 0:00,0.851571,1.7473322,0.8335022000000001,0.8679662,0.146402,0.010763,0.6898226,0.7017974
2003/10/12 0:00,0.856384,1.8470086,0.9694100000000001,0.943218,0.146406,0.010761,0.7282926,0.7209698
2003/10/13 0:00,0.863483,1.4667302,0.9735813999999999,0.9568,0.146464,0.01086,0.7214102,0.703856
2003/10/14 0:00,0.862515,1.5689997999999998,0.9694099999999999,0.959785,0.146451,0.010867,0.7222126,0.7075806
2003/10/15 0:00,0.863931,1.8096058,0.9694100000000001,0.964288,0.146426,0.01091,0.7267292,0.7196847999999999
2003/10/16 0:00,0.863894,1.4655096,0.9737,0.963428,0.146471,0.011057,0.7200244,0.6989378
2003/10/17 0:00,0.86285,1.4547906,0.9737,0.963855,0.146471,0.011029,0.7200244,0.7042612
2003/10/18 0:00,0.862589,1.4655096,0.9737,0.964041,0.146471,0.011031,0.7200244,0.7042612
2003/10/19 0:00,0.859107,1.5689997999999998,0.9694099999999999,0.965531,0.146441,0.010989,0.7222126,0.7067012
2003/10/20 0:00,0.863632,1.7825275999999999,0.9694100000000001,0.967165,0.146434,0.010993,0.7282926,0.7210986
2003/10/21 0:00,0.873401,1.4667302000000002,0.9735813999999999,0.96918,0.146469,0.010988,0.7214102,0.703856
2003/10/22 0:00,0.871004,1.5660014000000002,0.9636042,0.971204,0.146486,0.010967,0.7236303999999999,0.716834
2003/10/23 0:00,0.868621,1.4986492,0.9791874,0.9117618000000001,0.146454,0.010942,0.7247596,0.7020726
2003/10/24 0:00,0.866964,1.62685,0.8126936,0.8579202,0.146454,0.010949,0.671667,0.7031729999999999
2003/10/25 0:00,0.866964,1.62685,0.8126936,0.8579202,0.146454,0.010949,0.671667,0.7031729999999999
2003/10/26 0:00,0.863222,1.621113,0.8109762,0.8351216000000001,0.146436,0.010864,0.6602094000000001,0.6755530000000001
2003/10/27 0:00,0.8271050000000001,1.636193,0.9639972,0.976563,0.146477,0.010972,0.6854469999999999,0.6589932000000001
2003/10/28 0:00,0.8611774000000001,1.641457,0.9653829999999999,0.976944,0.146497,0.010943,0.7087214000000002,0.6917511999999999
2003/10/29 0:00,0.8617100000000001,1.603849,0.9653829999999999,0.969086,0.146482,0.010925,0.7087214000000002,0.6917511999999999
2003/10/30 0:00,0.8320726,1.594451,0.9520848000000001,0.971487,0.146436,0.011131,0.7087214,0.6743888
2003/10/31 0:00,0.8320726,1.597444,0.9520848000000001,0.973236,0.146436,0.011156,0.7087214,0.6743888
2003/11/1 0:00,0.8320726,1.597444,0.9520848000000001,0.973236,0.146436,0.011156,0.7087214,0.6743888
2003/11/2 0:00,0.8439095999999999,1.587591,0.919244,0.968664,0.146451,0.011174,0.7549624,0.7343
2003/11/3 0:00,0.8439095999999999,1.595202,0.922016,0.964841,0.146464,0.011095,0.7393134,0.7187699999999999
2003/11/4 0:00,0.8439095999999999,1.600256,0.93541,0.96493,0.14649,0.011147,0.7561172,0.7187699999999999
2003/11/5 0:00,0.8484581999999999,1.594896,0.925583,0.960108,0.146488,0.01115,0.7499404000000001,0.7187699999999999
2003/11/6 0:00,0.8439095999999999,1.595202,0.925283,0.968476,0.146488,0.011173,0.7561172,0.7187699999999999
2003/11/7 0:00,0.8946308000000001,1.587654,0.923788,0.963206,0.1464242,0.011143,0.7961825999999999,0.7966224000000001
2003/11/8 0:00,0.855122,1.587654,0.923788,0.963206,0.1464242,0.011143,0.706714,0.66831
2003/11/9 0:00,0.8578279999999999,1.594795,0.931749,0.96857,0.1464104,0.011155,0.709522,0.6750805999999999
2003/11/10 0:00,0.7983727999999999,1.592902,0.945104,0.974991,0.1464104,0.011265,0.71375,0.6683100000000001
2003/11/11 0:00,0.8280192,1.59052,0.941531,0.967165,0.1464168,0.011259,0.713419,0.66831
2003/11/12 0:00,0.7479442,1.610397,0.949834,0.976796,0.1464104,0.011324,0.719735,0.66831
2003/11/13 0:00,0.8550696,1.58715,0.958359,0.967258,0.1464168,0.011135,0.71736,0.66831
2003/11/14 0:00,0.8520287999999999,1.589547,0.959693,0.972668,0.1464104,0.011138,0.716435,0.66831
2003/11/15 0:00,0.8520287999999999,1.589547,0.959693,0.972668,0.1464104,0.011138,0.716435,0.66831
2003/11/16 0:00,0.8520287999999999,1.579317,0.967413,0.975229,0.1464104,0.011137,0.715564,0.66831
2003/11/17 0:00,0.8520287999999999,1.5886,0.970167,0.97766,0.1410974,0.011148,0.715333,0.66975
2003/11/18 0:00,0.854861,1.596857,0.973047,0.983043,0.14639839999999998,0.011188,0.718571,0.6740828000000001
2003/11/19 0:00,0.8520287999999999,1.625303,0.968335,0.984882,0.1464104,0.011043,0.719709,0.7137698
2003/11/20 0:00,0.8520287999999999,1.634454,0.963855,0.981595,0.1464104,0.011006,0.718184,0.6719374
2003/11/21 0:00,0.857092,1.635256,0.964878,0.981981,0.1465756,0.011002,0.71821,0.6905924000000001
2003/11/22 0:00,0.857092,1.635256,0.964878,0.981981,0.1465756,0.011002,0.71821,0.6905924000000001
2003/11/23 0:00,0.8520287999999999,1.641591,0.970403,0.988093,0.1464104,0.01103,0.719891,0.69234
2003/11/24 0:00,0.920471,1.634949,0.953039,0.986145,0.1490472,0.011008,0.71623,0.7419610000000001
2003/11/25 0:00,0.929109,1.660247,0.961677,0.994481,0.145126,0.010987,0.719062,0.758754
2003/11/26 0:00,0.92366,1.661406,0.953698,0.993345,0.1449396,0.010944,0.717026,0.75429
2003/11/27 0:00,0.925198,1.632693,0.95143,0.993789,0.1452692,0.010879,0.717824,0.756344
2003/11/28 0:00,0.921999,1.630803,0.949307,0.991375,0.145655,0.010862,0.716872,0.754546
2003/11/29 0:00,0.921999,1.630803,0.949307,0.991375,0.145655,0.010862,0.716872,0.754546
2003/11/30 0:00,0.91878,1.633547,0.940468,0.984204,0.1464658,0.010862,0.715896,0.748811
2003/12/1 0:00,0.915206,1.634548,0.939161,0.97682,0.1463922,0.010856,0.71495,0.711669
2003/12/2 0:00,0.896861,1.640595,0.927394,0.973743,0.15180599999999997,0.011037,0.712301,0.7752378
2003/12/3 0:00,0.915793,1.656493,0.936847,0.983043,0.1490288,0.010945,0.715461,0.7090678
2003/12/4 0:00,0.901469,1.645508,0.926097,0.974754,0.1546084,0.011069,0.714286,0.7726466000000001
2003/12/5 0:00,0.900739,1.644548,0.921956,0.974042,0.1517922,0.011101,0.713623,0.7726466000000001
2003/12/6 0:00,0.900739,1.644548,0.921956,0.974042,0.1517922,0.011101,0.713623,0.7726466000000001
2003/12/7 0:00,0.908637,1.640541,0.930925,0.982555,0.15180600000000002,0.011042,0.715896,0.7752378
2003/12/8 0:00,0.897787,1.638391,0.934492,0.970261,0.1546084,0.011075,0.713012,0.7752378
2003/12/9 0:00,0.90905,1.657097,0.938835,0.982463,0.1490412,0.010996,0.716332,0.7090678
2003/12/10 0:00,0.908843,1.656658,0.938394,0.983236,0.1490288,0.011058,0.716692,0.7090678
2003/12/11 0:00,0.917726,1.659903,0.934798,0.984804,0.1546084,0.011135,0.717875,0.7737338
2003/12/12 0:00,0.918274,1.661709,0.92993,0.982994,0.1546084,0.011127,0.718004,0.7764172
2003/12/13 0:00,0.918274,1.661709,0.92993,0.982994,0.1546084,0.011127,0.718004,0.7764172
2003/12/14 0:00,0.929195,1.671794,0.946566,0.992211,0.1449396,0.011123,0.721293,0.740796
2003/12/15 0:00,0.92829,1.668599,0.950927,0.991036,0.1449396,0.011129,0.720202,0.74118
2003/12/16 0:00,0.927472,1.656918,0.9547,0.990982,0.14526080000000002,0.011125,0.720487,0.738853
2003/12/17 0:00,0.924599,1.652961,0.949478,0.983807,0.14612340000000001,0.011062,0.719683,0.733595
2003/12/18 0:00,0.931272,1.6665,0.951665,0.986047,0.1449396,0.011169,0.721293,0.742198
2003/12/19 0:00,0.93362,1.667195,0.950525,0.987459,0.1449396,0.011153,0.721631,0.743467
2003/12/20 0:00,0.93362,1.667195,0.950525,0.987459,0.1449396,0.011153,0.721631,0.743467
2003/12/21 0:00,0.937075,1.679148,0.956206,0.992226,0.1449396,0.011194,0.722022,0.746965
2003/12/22 0:00,0.925883,1.677712,0.943841,0.980623,0.1449396,0.011188,0.720305,0.741757
2003/12/23 0:00,0.930146,1.675603,0.95249,0.991606,0.1449396,0.011189,0.722883,0.746352
2003/12/24 0:00,0.916296,1.664281,0.938394,0.983623,0.1342646,0.011241,0.719217,0.728651
2003/12/25 0:00,0.915751,1.65266,0.934012,0.982371,0.1359028,0.011245,0.720305,0.724822
2003/12/26 0:00,0.915248,1.652852,0.934754,0.983961,0.1359028,0.01125,0.720124,0.725189
2003/12/27 0:00,0.915248,1.652852,0.934754,0.983961,0.1359028,0.01125,0.720124,0.725189
2003/12/28 0:00,0.924471,1.662193,0.94767,0.990334,0.14512580000000003,0.011216,0.721839,0.734241
2003/12/29 0:00,0.916884,1.65788,0.942774,0.988377,0.1253376,0.011291,0.721553,0.723641
2003/12/30 0:00,0.927773,1.665986,0.9522,0.99956,0.13509200000000002,0.011406,0.72469,0.729341
2003/12/31 0:00,0.911369,1.649553,0.942551,0.994431,0.1253376,0.011561,0.722361,0.71449
2004/1/1 0:00,0.908554,1.64875,0.941349,0.993838,0.1253376,0.011505,0.720825,0.710454
2004/1/2 0:00,0.907606,1.647162,0.942063,0.994431,0.1253376,0.011551,0.720461,0.709799
2004/1/3 0:00,0.907606,1.647162,0.942063,0.994431,0.1253376,0.011551,0.720461,0.709799
2004/1/4 0:00,0.913743,1.639801,0.944724,0.994392,0.1253376,0.01161,0.7221,0.713547
2004/1/5 0:00,0.924556,1.661585,0.7989366,1.001452,0.1253928,0.011544,0.72469,0.728147
2004/1/6 0:00,0.925969,1.664752,0.7585903999999999,0.998602,0.1253928,0.011466,0.724664,0.723956
2004/1/7 0:00,0.927042,1.65799,0.7585903999999999,1.000951,0.1253928,0.011342,0.724244,0.722961
2004/1/8 0:00,0.914662,1.652401,0.7585903999999999,0.986242,0.1253928,0.011132,0.720721,0.716102
2004/1/9 0:00,0.914829,1.65165,0.7585903999999999,0.985707,0.1253928,0.011045,0.720072,0.717
2004/1/10 0:00,0.915332,1.646443,0.7585903999999999,0.982608,0.1253928,0.011055,0.71958,0.716255
2004/1/11 0:00,0.912825,1.642225,0.7585904000000001,0.980435,0.13066899999999998,0.011182,0.719891,0.712555
2004/1/12 0:00,0.907812,1.629208,0.7585903999999999,0.976038,0.1253496,0.011313,0.717772,0.710227
2004/1/13 0:00,0.907441,1.623996,0.7585904000000001,0.974251,0.1253928,0.011378,0.719088,0.712504
2004/1/14 0:00,0.9168,1.625395,0.7585903999999999,0.973947,0.1253928,0.011336,0.719709,0.729607
2004/1/15 0:00,0.91166,1.624207,0.7585903999999999,0.966137,0.1253928,0.011212,0.718107,0.724297
2004/1/16 0:00,0.910913,1.623838,0.7585903999999999,0.965065,0.1253928,0.011229,0.718494,0.72372
2004/1/17 0:00,0.910913,1.623838,0.7585903999999999,0.965065,0.1253928,0.011229,0.718494,0.72372
2004/1/18 0:00,0.915039,1.628346,0.7585903999999999,0.968335,0.1253928,0.011271,0.718701,0.728518
2004/1/19 0:00,0.906618,1.623548,0.7585903999999999,0.959509,0.1253928,0.011124,0.717154,0.721735
2004/1/20 0:00,0.901226,1.6378,0.8002768,0.965624,0.1253928,0.011159,0.716076,0.721996
2004/1/21 0:00,0.885465,1.613372,0.7456685999999999,0.952971,0.125348,0.011068,0.712124,0.710152
2004/1/22 0:00,0.885975,1.607278,0.7365782000000001,0.956448,0.125342,0.011049,0.712479,0.708617
2004/1/23 0:00,0.890591,1.614296,0.7845875999999999,0.959141,0.134027,0.011058,0.713267,0.711541
2004/1/24 0:00,0.890591,1.614296,0.764236,0.8938159999999999,0.14473699999999998,0.011058,0.713267,0.711541
2004/1/25 0:00,0.883158,1.608105,0.7802505999999999,0.8713496,0.1253052,0.010994,0.711465,0.707814
2004/1/26 0:00,0.877424,1.594489,0.9030994,0.9200815999999999,0.1413202,0.010904,0.710076,0.701853
2004/1/27 0:00,0.881018,1.595316,0.954818,0.8626648000000001,0.1310594,0.010925,0.710026,0.705368
2004/1/28 0:00,0.882535,1.594007,0.953516,0.8363689999999998,0.131058,0.010907,0.710606,0.704399
2004/1/29 0:00,0.884525,1.595991,0.953016,0.9047518,0.1413042,0.010958,0.710581,0.706215
2004/1/30 0:00,0.884525,1.601653,0.953062,0.8741095999999999,0.12448300000000001,0.010975,0.710581,0.706215
2004/1/31 0:00,0.884525,1.601653,0.953062,0.8741095999999999,0.12448300000000001,0.010975,0.710581,0.706215
2004/2/1 0:00,0.887469,1.599974,0.958603,0.8676753999999999,0.1259384,0.010918,0.711136,0.708567
2004/2/2 0:00,0.895736,1.588903,0.959417,0.8676754000000001,0.1259384,0.010874,0.71182,0.718546
2004/2/3 0:00,0.894374,1.605214,0.949208,0.895626,0.1301034,0.01079,0.711592,0.721007
2004/2/4 0:00,0.89815,1.61845,0.955311,0.8676753999999999,0.1259384,0.010749,0.712403,0.725453
2004/2/5 0:00,0.897948,1.613007,0.949532,0.8676753999999999,0.1259384,0.010742,0.711845,0.723432
2004/2/6 0:00,0.897948,1.613046,0.949532,0.8676753999999999,0.1259384,0.010742,0.711845,0.723432
2004/2/7 0:00,0.897948,1.613046,0.949532,0.8676753999999999,0.1259384,0.010742,0.711845,0.723432
2004/2/8 0:00,0.912575,1.610954,0.963377,0.9408311999999999,0.1413442,0.010803,0.715692,0.732654
2004/2/9 0:00,0.912242,1.596704,0.961904,0.9473493999999999,0.1464514,0.010914,0.715512,0.732359
2004/2/10 0:00,0.919244,1.601422,0.96767,0.9360086000000001,0.146449,0.010807,0.716974,0.735294
2004/2/11 0:00,0.916716,1.591115,0.9192506,0.9413627999999999,0.14646,0.010716,0.715743,0.732601
2004/2/12 0:00,0.921022,1.598261,0.8383391999999998,0.9424382,0.146466,0.010778,0.716538,0.733299
2004/2/13 0:00,0.924513,1.602153,0.7955786,0.9416081999999999,0.146466,0.010793,0.716923,0.736594
2004/2/14 0:00,0.924513,1.602153,0.7955786,0.9416081999999999,0.146466,0.010793,0.716923,0.736594
2004/2/15 0:00,0.929454,1.614479,0.7585904000000001,0.937532,0.146488,0.010881,0.720513,0.742005
2004/2/16 0:00,0.924129,1.618202,0.7585903999999999,0.9413005999999999,0.146486,0.010992,0.720202,0.74129
2004/2/17 0:00,0.921022,1.627194,0.8021635999999999,0.9483181999999999,0.146482,0.010933,0.720098,0.738525
2004/2/18 0:00,0.930189,1.632307,0.8012675999999999,0.9476607999999999,0.146477,0.010984,0.720357,0.742308
2004/2/19 0:00,0.923404,1.623851,0.8021635999999999,0.9413006000000002,0.146477,0.011019,0.71883,0.738416
2004/2/20 0:00,0.922892,1.626558,0.8021635999999999,0.9483181999999999,0.146477,0.011009,0.719192,0.737844
2004/2/21 0:00,0.922509,1.626545,0.8021635999999999,0.9483181999999999,0.146477,0.011013,0.719166,0.737844
2004/2/22 0:00,0.927042,1.632786,0.8720756,0.9476607999999999,0.1465124,0.011018,0.719476,0.739098
2004/2/23 0:00,0.923105,1.63709,0.968429,0.9491138000000001,0.14649679999999998,0.010971,0.718597,0.737898
2004/2/24 0:00,0.908265,1.628691,0.954381,0.912882,0.13620480000000001,0.01096,0.713929,0.719528
2004/2/25 0:00,0.904977,1.620247,0.953998,0.912882,0.13620480000000001,0.011079,0.714031,0.713318
2004/2/26 0:00,0.904977,1.611214,0.947508,0.912882,0.13620480000000001,0.011093,0.713318,0.712504
2004/2/27 0:00,0.904486,1.611863,0.945626,0.8676754000000001,0.1259384,0.011128,0.711896,0.712809
2004/2/28 0:00,0.900739,1.611084,0.945626,0.9101986,0.1259384,0.01113,0.711896,0.709572
2004/2/29 0:00,0.903996,1.624431,0.9441,0.9428746,0.1464962,0.010433199999999998,0.714541,0.714694
2004/3/1 0:00,0.900901,1.615587,0.94304,0.9392384,0.1304534,0.009106600000000001,0.712758,0.709069
2004/3/2 0:00,0.89662,1.62022,0.938086,0.9194522,0.13063980000000003,0.0088474,0.711997,0.706764
2004/3/3 0:00,0.896459,1.613944,0.939496,0.8885218,0.1255048,0.0086066,0.712251,0.706564
2004/3/4 0:00,0.888336,1.600897,0.93835,0.9219951999999999,0.12469060000000001,0.009137000000000001,0.711845,0.704871
2004/3/5 0:00,0.883783,1.600845,0.93423,0.9130562000000001,0.12435180000000001,0.010099799999999999,0.710278,0.704275
2004/3/6 0:00,0.883783,1.59821,0.93423,0.9407218,0.1362438,0.010742400000000001,0.710278,0.700967
2004/3/7 0:00,0.887705,1.59261,0.938632,0.8527281999999999,0.13040159999999998,0.009853,0.708065,0.706215
2004/3/8 0:00,0.884095,1.596297,0.942685,0.91304,0.14120459999999999,0.010331799999999999,0.709572,0.711238
2004/3/9 0:00,0.881834,1.591672,0.942578,0.8165585999999999,0.13040159999999998,0.009853,0.707965,0.707764
2004/3/10 0:00,0.865651,1.576541,0.932244,0.8840961999999999,0.1367292,0.0103726,0.70373,0.687947
2004/3/11 0:00,0.861623,1.561646,0.932149,0.8561186000000001,0.1310742,0.0103406,0.702889,0.683901
2004/3/12 0:00,0.861623,1.561256,0.934317,0.904735,0.1362054,0.0103406,0.703136,0.683901
2004/3/13 0:00,0.861623,1.561256,0.934317,0.904735,0.1362054,0.0103406,0.703136,0.683901
2004/3/14 0:00,0.870019,1.564945,0.934842,0.776039,0.1367444,0.009696799999999998,0.703482,0.687947
2004/3/15 0:00,0.877039,1.567152,0.936417,0.8182372000000001,0.1234912,0.0094564,0.705965,0.694155
2004/3/16 0:00,0.873362,1.69094,0.937374,0.8347272,0.12809220000000002,0.009645200000000001,0.705069,0.691372
2004/3/17 0:00,0.888968,1.71313,0.95048,0.8293522,0.11984520000000001,0.0096524,0.707714,0.700722
2004/3/18 0:00,0.883783,1.68966,0.949487,0.8681134,0.1232084,0.0105786,0.708215,0.694734
2004/3/19 0:00,0.887075,1.5947,0.950968,0.835501,0.119395,0.010398000000000001,0.708682,0.696379
2004/3/20 0:00,0.887075,1.5767,0.950968,0.8629519999999999,0.12934779999999999,0.0104962,0.708682,0.6907458
2004/3/21 0:00,0.889601,1.56768,0.954016,0.8711795999999999,0.1296678,0.0096538,0.708366,0.68177
2004/3/22 0:00,0.899281,1.7241,0.958782,0.8800178000000001,0.1348168,0.009079,0.711187,0.6989500000000001
2004/3/23 0:00,0.899523,1.7231400000000001,0.956114,0.8638754000000001,0.1348684,0.0090864,0.710732,0.70284
2004/3/24 0:00,0.896861,1.5990604000000002,0.956764,0.8439458,0.13867539999999998,0.009193999999999999,0.710227,0.70539
2004/3/25 0:00,0.893655,1.58094,0.957488,0.9097466000000001,0.1384926,0.009910799999999999,0.707564,0.6762900000000001
2004/3/26 0:00,0.895175,1.5665799999999999,0.961908,0.8738648,0.12967040000000002,0.0095146,0.708265,0.67371
2004/3/27 0:00,0.895175,1.5665799999999999,0.961908,0.8738648,0.12967040000000002,0.0095146,0.708265,0.67371
2004/3/28 0:00,0.8992,1.5708472,0.958901,0.9926856000000001,0.15354179999999998,0.010945600000000002,0.7495472000000001,0.7704938
2004/3/29 0:00,0.894374,1.5632059999999999,0.951556,0.9686968,0.1507346,0.010694,0.737804,0.7542102
2004/3/30 0:00,0.893975,1.5883554,0.947867,1.0509374,0.157154,0.010572800000000002,0.7759252,0.7764618000000001
2004/3/31 0:00,0.880824,1.6425156,0.936672,0.9751112,0.153982,0.0103378,0.7466048000000001,0.7881874
2004/4/1 0:00,0.895736,1.6228089999999997,0.950561,0.9903787999999999,0.16411380000000003,0.009766399999999998,0.7893188,0.7890634000000001
2004/4/2 0:00,0.896138,1.6149372,0.950751,1.0189565999999999,0.15718300000000002,0.010000400000000001,0.7475998,0.7890634000000001
2004/4/3 0:00,0.896138,1.6149372,0.950751,1.0189565999999999,0.15718300000000002,0.010000400000000001,0.7475998,0.7890634000000001
2004/4/4 0:00,0.899928,1.6225606,0.9557688000000001,1.0174227999999998,0.15184979999999998,0.0105266,0.7404252,0.7591756
2004/4/5 0:00,0.903996,1.6238471999999997,0.9611616,1.0533964,0.1647246,0.009784199999999998,0.7597936,0.7737056
2004/4/6 0:00,0.907276,1.6107367999999997,0.9644793999999999,1.00724,0.1551958,0.010412800000000002,0.7476834,0.7565288
2004/4/7 0:00,0.899523,1.5890326,0.9557687999999999,1.0379728,0.1549954,0.010378000000000002,0.7304234,0.7624524
2004/4/8 0:00,0.906947,1.6612768,0.9644794000000001,1.0533858,0.15519580000000002,0.009827800000000001,0.769105,0.7807885999999999
2004/4/9 0:00,0.906372,1.7129287999999998,0.9708182000000001,0.9999633999999998,0.1551958,0.0100686,0.7482848,0.7682274
2004/4/10 0:00,0.906372,1.7129287999999998,0.9708182000000001,0.9999633999999998,0.1551958,0.0100686,0.7482848,0.7682274
2004/4/11 0:00,0.908265,1.6240118,0.9455183999999999,1.0452548,0.1587034,0.0107712,0.7494116,0.7516798
2004/4/12 0:00,0.912825,1.6592331999999999,0.9733056,0.9734432,0.1583724,0.010303799999999998,0.7304905999999999,0.7664898
2004/4/13 0:00,0.91617,1.5982311999999999,0.952545,0.9785862,0.14695240000000004,0.0104658,0.7341650000000001,0.7883352
2004/4/14 0:00,0.914746,1.6645873999999998,0.9484272,0.9605888,0.15277219999999997,0.010387999999999998,0.7341534000000001,0.7658921999999999
2004/4/15 0:00,0.915499,1.6088467999999998,0.943062,1.002825,0.1497722,0.011024799999999998,0.7554932000000001,0.7385923999999999
2004/4/16 0:00,0.914662,1.6645873999999998,0.9542436000000001,0.9698591999999999,0.15277219999999997,0.010388,0.7355356000000001,0.7658922
2004/4/17 0:00,0.914913,1.5572689999999998,0.9153209999999999,0.945269,0.14117039999999997,0.0103438,0.717257,0.7004788
2004/4/18 0:00,0.911577,1.5925708,0.8691402,0.940645,0.1306376,0.0096064,0.715389,0.7032285999999999
2004/4/19 0:00,0.914913,1.5488157999999999,0.8693004,0.947059,0.1359078,0.0095668,0.716759,0.705964
2004/4/20 0:00,0.922935,1.5915716,0.9188653999999999,0.949794,0.146474,0.010549199999999998,0.717875,0.7290965999999999
2004/4/21 0:00,0.920217,1.6483358,0.8701589999999999,0.941088,0.1463176,0.009645,0.716332,0.7107654
2004/4/22 0:00,0.91617,1.6044622,0.7768892000000001,0.941974,0.13591340000000002,0.009146600000000001,0.715384,0.7032769999999999
2004/4/23 0:00,0.91617,1.6044622,0.7768892000000001,0.941974,0.13591340000000002,0.009146600000000001,0.715384,0.7032769999999999
2004/4/24 0:00,0.916422,1.6182991999999998,0.733284,0.942152,0.1200774,0.008731,0.714796,0.7041400000000001
2004/4/25 0:00,0.916926,1.64846,0.7393031999999999,0.946468,0.1200786,0.0088156,0.713623,0.7085600000000001
2004/4/26 0:00,0.917431,1.6510200000000002,0.7366526,0.946208,0.1200766,0.0087576,0.714184,0.70396
2004/4/27 0:00,0.909835,1.5872996000000001,0.778876,0.935804,0.1253694,0.0086154,0.711389,0.7009544
2004/4/28 0:00,0.912825,1.5910614,0.778876,0.934684,0.1253694,0.008615399999999999,0.711339,0.7009544
2004/4/29 0:00,0.902201,1.5910356,0.7373576,0.937998,0.12536819999999999,0.0086998,0.712251,0.70784
2004/4/30 0:00,0.901713,1.5910356,0.7373576,0.936856,0.12536819999999999,0.008699799999999999,0.712454,0.7078399999999999
2004/5/1 0:00,0.901713,1.5910356,0.7373576,0.936856,0.12536819999999999,0.008699799999999999,0.712454,0.7078399999999999
2004/5/2 0:00,0.914913,1.6182991999999998,0.733284,0.938667,0.1200774,0.0087648,0.714694,0.70296
2004/5/3 0:00,0.91878,1.6570600000000002,0.7357919999999999,0.938113,0.1200766,0.008788800000000001,0.714286,0.70522
2004/5/4 0:00,0.917936,1.6182991999999998,0.7781386,0.951384,0.12535380000000002,0.008731,0.714847,0.6979568
2004/5/5 0:00,0.9045835999999999,1.567446,0.9752092000000001,0.947715,0.1411614,0.010374,0.71582,0.7254584000000001
2004/5/6 0:00,0.8693444000000001,1.5667034000000002,0.8159487999999999,0.940645,0.1311168,0.009282599999999998,0.714796,0.700771
2004/5/7 0:00,0.8689273999999999,1.6288276,0.9690818,0.942241,0.14649,0.010975799999999999,0.71398,0.7096108
2004/5/8 0:00,0.8689273999999999,1.6288276,0.9690818,0.942241,0.14649,0.010975799999999999,0.71398,0.7096108
2004/5/9 0:00,0.8689273999999999,1.6189556,0.9744448,0.941531,0.14649,0.010884,0.71582,0.7101295999999999
2004/5/10 0:00,0.8689273999999999,1.6265741999999999,0.9744448,0.93362,0.146499,0.0108902,0.715922,0.7004194
2004/5/11 0:00,0.8612529999999999,1.6211631999999998,0.9753033999999999,0.932853,0.146512,0.0108902,0.716769,0.7004194
2004/5/12 0:00,0.8617842,1.6265741999999999,0.9753033999999999,0.930951,0.146509,0.0108902,0.717154,0.7004194
2004/5/13 0:00,0.865854,1.6272897999999998,0.9772538000000001,0.937497,0.146555,0.0109444,0.719528,0.7033472
2004/5/14 0:00,0.8541697999999999,1.6268314,0.9772538000000001,0.938086,0.146555,0.0109444,0.719373,0.7033472
2004/5/15 0:00,0.8541697999999999,1.6268314,0.9772538000000001,0.938086,0.146555,0.0109444,0.719373,0.7033472
2004/5/16 0:00,0.8895899999999999,1.6255832,0.974429,0.94304,0.146501,0.0109724,0.719114,0.7181792
2004/5/17 0:00,0.8629608,1.538083,0.9282358,0.948317,0.146497,0.0107924,0.721943,0.7004194
2004/5/18 0:00,0.8629608,1.548107,0.9279896000000001,0.951077,0.146501,0.010792399999999999,0.727802,0.7004194
2004/5/19 0:00,0.8629608,1.547652,0.9279896000000001,0.945474,0.146503,0.0107924,0.727643,0.7004194
2004/5/20 0:00,0.8629608,1.538864,0.9772538,0.941708,0.146497,0.010792399999999999,0.726744,0.7004194
2004/5/21 0:00,0.8629608,1.538746,0.9772538000000001,0.943396,0.146497,0.010792399999999999,0.727167,0.7004194
2004/5/22 0:00,0.8629608,1.538746,0.9772538000000001,0.943396,0.146497,0.010792399999999999,0.727167,0.7004194
2004/5/23 0:00,0.8629608,1.530245,0.9772538000000001,0.940115,0.146499,0.0107924,0.724848,0.7004194
2004/5/24 0:00,0.8629608,1.536098,0.9772538000000001,0.935804,0.146501,0.0107924,0.727167,0.7004194
2004/5/25 0:00,0.8693960000000001,1.541212,0.9286878,0.934754,0.146475,0.0107924,0.728704,0.6984394
2004/5/26 0:00,0.8693960000000001,1.537823,0.9772538000000001,0.928781,0.14649,0.0107924,0.728651,0.7004194
2004/5/27 0:00,0.8520288,1.537255,0.997287,0.931966,0.146456,0.0107924,0.729395,0.6825600000000001
2004/5/28 0:00,0.8520287999999999,1.537894,1.000901,0.932053,0.146456,0.0107924,0.72982,0.6825600000000001
2004/5/29 0:00,0.8520287999999999,1.537894,1.000901,0.932053,0.146456,0.0107924,0.72982,0.6825600000000001
2004/5/30 0:00,0.8520288,1.544855,0.999001,0.929195,0.146464,0.0107924,0.730887,0.6825600000000001
2004/5/31 0:00,0.8508744,1.527861,0.987342,0.923276,0.146486,0.0107924,0.728863,0.6825600000000001
2004/6/1 0:00,0.8474202,1.517819,0.988054,0.918493,0.14652,0.0107924,0.727061,0.6825600000000001
2004/6/2 0:00,0.8508744,1.531652,0.995818,0.923276,0.146503,0.0107924,0.730567,0.6825600000000001
2004/6/3 0:00,0.8508744,1.527791,0.983942,0.92736,0.146499,0.0107924,0.729607,0.6825600000000001
2004/6/4 0:00,0.8508744,1.530643,0.982415,0.929973,0.146499,0.010792399999999999,0.729767,0.6825600000000001
2004/6/5 0:00,0.8508744,1.530643,0.982415,0.929973,0.146499,0.010792399999999999,0.729767,0.6825600000000001
2004/6/6 0:00,0.8474202,1.524181,0.988435,0.920641,0.14652,0.0107924,0.729395,0.6825600000000001
2004/6/7 0:00,0.8508744,1.516645,0.976944,0.908678,0.146492,0.0107924,0.724533,0.6825600000000001
2004/6/8 0:00,0.8520287999999999,1.512196,0.973151,0.897666,0.146475,0.010803799999999999,0.718959,0.717309
2004/6/9 0:00,0.8520287999999999,1.489847,0.954481,0.900763,0.146482,0.0108038,0.713725,0.711744
2004/6/10 0:00,0.8520288,1.47929,0.959978,0.900657,0.146505,0.010803799999999999,0.716897,0.715666
2004/6/11 0:00,0.8520288,1.47929,0.959978,0.900657,0.146505,0.010803799999999999,0.716897,0.715666
2004/6/12 0:00,0.8667476000000001,1.481613,0.966389,0.9663416,0.146505,0.011014399999999999,0.721085,0.717
2004/6/13 0:00,0.8667476000000001,1.485509,0.97561,0.9663416,0.146486,0.011014399999999999,0.72437,0.720565
2004/6/14 0:00,0.8664498,1.497409,0.984058,0.9634608,0.146462,0.0109752,0.725795,0.720098
2004/6/15 0:00,0.8652434,1.483437,0.980854,0.9634608,0.146464,0.010993,0.724323,0.71286
2004/6/16 0:00,0.8652434,1.468795,0.98529,0.9634608,0.146464,0.010993,0.723903,0.717257
2004/6/17 0:00,0.8667476000000001,1.455244,0.967773,0.9663416,0.146486,0.011014399999999999,0.720825,0.70932
2004/6/18 0:00,0.8667476000000001,1.453509,0.966314,0.9663416,0.146486,0.011014399999999999,0.720877,0.707214
2004/6/19 0:00,0.8667476000000001,1.455456,0.966314,0.9663416,0.146486,0.011014399999999999,0.720877,0.711086
2004/6/20 0:00,0.8663976,1.443814,0.962705,0.9634608,0.146462,0.010975599999999999,0.717978,0.693481
2004/6/21 0:00,0.8667476000000001,1.437711,0.963298,0.9663416,0.146477,0.011014399999999999,0.718866,0.695507
2004/6/22 0:00,0.8652434,1.440196,0.955,0.9634608,0.146466,0.010993,0.715052,0.675584
2004/6/23 0:00,0.8661217999999999,1.436389,0.934143,0.9626467999999999,0.146458,0.0109376,0.708968,0.666667
2004/6/24 0:00,0.8667476000000001,1.445609,0.94201,0.9663416,0.146492,0.011014399999999999,0.709019,0.676636
2004/6/25 0:00,0.8667476000000001,1.447807,0.943396,0.9663416,0.146492,0.011014399999999999,0.711693,0.678472
2004/6/26 0:00,0.829738,1.446153,0.943396,0.9400556,0.146492,0.0103192,0.711693,0.679902
2004/6/27 0:00,0.832085,1.444043,0.944947,0.9145878,0.146492,0.0099684,0.711916,0.674809
2004/6/28 0:00,0.81367,1.435029,0.925763,0.8826407999999999,0.146385,0.0096294,0.704637,0.664143
2004/6/29 0:00,0.832154,1.443689,0.942241,0.8886065999999999,0.146456,0.010245800000000001,0.711055,0.66836
2004/6/30 0:00,0.848752,1.458215,0.951728,0.9400556,0.146402,0.0104772,0.712962,0.683434
2004/7/1 0:00,0.844523,1.446299,0.951475,0.9400556,0.146406,0.010513,0.711794,0.677323
2004/7/2 0:00,0.847099,1.445045,0.948416,0.9400556,0.146406,0.010772799999999999,0.710581,0.678794
2004/7/3 0:00,0.849041,1.449338,0.948416,0.9400556,0.146406,0.010772799999999999,0.710581,0.679486
2004/7/4 0:00,0.844523,1.45389,0.955657,0.9400556,0.146454,0.0107822,0.714388,0.680041
2004/7/5 0:00,0.841114,1.467244,0.954927,0.9384971999999999,0.146439,0.0099494,0.709975,0.682175
2004/7/6 0:00,0.834028,1.46445,0.961076,0.9400556,0.146385,0.009873799999999999,0.711177,0.678012
2004/7/7 0:00,0.838715,1.6058762000000002,0.958212,0.9727216000000001,0.146413,0.0110518,0.710732,0.680457
2004/7/8 0:00,0.825083,1.6058762000000002,0.948407,0.9727216000000001,0.146441,0.011068,0.708065,0.670736
2004/7/9 0:00,0.827746,1.6058762000000002,0.941478,0.9727216000000001,0.146441,0.011068,0.707664,0.672812
2004/7/10 0:00,0.827746,1.6058762000000002,0.941478,0.9727216000000001,0.146441,0.011068,0.707664,0.672812
2004/7/11 0:00,0.817261,1.6058762000000002,0.948677,0.9727216000000001,0.1464,0.0110518,0.706265,0.662427
2004/7/12 0:00,0.82021,1.6058762000000002,0.948686,0.9412157999999999,0.146424,0.0107282,0.705278,0.662252
2004/7/13 0:00,0.831324,1.6058762000000002,0.959693,0.9727216000000001,0.14643,0.0110518,0.708115,0.669478
2004/7/14 0:00,0.848464,1.6131876000000003,0.969368,0.9727216000000001,0.146432,0.011008,0.712099,0.686106
2004/7/15 0:00,0.847242,1.6058762000000002,0.963391,0.9727216000000001,0.146364,0.0110518,0.712555,0.687663
2004/7/16 0:00,0.850557,1.6058762000000002,0.968429,0.9727216000000001,0.146364,0.0110518,0.713216,0.689798
2004/7/17 0:00,0.849329,1.6058762000000002,0.968054,0.9727216000000001,0.146364,0.0110518,0.713216,0.68899
2004/7/18 0:00,0.860363,1.6018063999999999,0.96965,0.8993233999999999,0.146342,0.0106408,0.71623,0.696379
2004/7/19 0:00,0.862589,1.6058762000000002,0.973217,0.9683569999999999,0.146342,0.0110108,0.718081,0.696864
2004/7/20 0:00,0.865276,1.5983264000000001,0.976276,0.9384193999999999,0.146342,0.0110518,0.717566,0.698812
2004/7/21 0:00,0.866176,1.5933488,0.971817,0.9658551999999998,0.146428,0.0110518,0.720227,0.702839
2004/7/22 0:00,0.869716,1.5933488,0.978636,0.9658551999999998,0.146443,0.011068,0.720227,0.705119
2004/7/23 0:00,0.870095,1.5933488,0.979154,0.9658551999999998,0.146443,0.011068,0.720227,0.70497
2004/7/24 0:00,0.872372,1.5933488,0.97924,0.9658551999999998,0.146443,0.011068,0.720227,0.705119
2004/7/25 0:00,0.878426,1.555937,0.977718,0.9379573999999999,0.147122,0.0112594,0.7340892,0.709371
2004/7/26 0:00,0.878194,1.5611203999999999,0.977422,0.9065617999999999,0.1468,0.0100884,0.7171348,0.708617
2004/7/27 0:00,0.872905,1.542157,0.961354,0.9471088,0.146834,0.0107268,0.7239068,0.712708
2004/7/28 0:00,0.871308,1.5464074,0.962455,0.9741882000000001,0.147037,0.0116806,0.7366910000000001,0.711491
2004/7/29 0:00,0.873744,1.582142,0.964878,0.9851225999999998,0.147228,0.0115044,0.7311912,0.715001
2004/7/30 0:00,0.874126,1.5500228,0.965792,0.9850646,0.147228,0.0118336,0.7393580000000001,0.713878
2004/7/31 0:00,0.874891,1.6466615999999998,0.965531,0.8654428000000001,0.1389688,0.009892399999999999,0.7143849999999999,0.709874
2004/8/1 0:00,0.87222,1.6908524,0.965717,0.8704630000000002,0.1448254,0.009813800000000001,0.7155806,0.708617
2004/8/2 0:00,0.851136,1.9065699999999999,0.947957,0.8285394,0.1361034,0.009476000000000002,0.6638151999999999,0.692617
2004/8/3 0:00,0.84674,1.9143446000000004,0.941265,0.92804,0.133271,0.0088558,0.7281594,0.68918
2004/8/4 0:00,0.842389,1.9123890000000003,0.943014,0.938615,0.13762159999999998,0.0086236,0.6939328,0.689227
2004/8/5 0:00,0.841822,1.5858688,0.939408,0.938791,0.147676,0.011685999999999998,0.7393918,0.688279
2004/8/6 0:00,0.843313,1.5858688,0.940291,0.940893,0.147676,0.01139,0.7393918,0.689655
2004/8/7 0:00,0.843313,1.5858688,0.940734,0.940893,0.147676,0.011396,0.7393918,0.689655
2004/8/8 0:00,0.838715,1.5779422,0.938967,0.938967,0.147571,0.011396,0.7376426,0.687616
2004/8/9 0:00,0.849979,1.5793544000000002,0.947885,0.943752,0.147482,0.011437,0.7378078,0.693001
2004/8/10 0:00,0.864528,1.5793544000000002,0.953198,0.950661,0.147536,0.011453,0.7378078,0.703977
2004/8/11 0:00,0.872905,1.5779422,0.956929,0.951565,0.147588,0.01131,0.7376426,0.706764
2004/8/12 0:00,0.875427,1.506115,0.967867,0.945537,0.147628,0.011296,0.7213077999999999,0.709371
2004/8/13 0:00,0.877809,1.506501,0.967212,0.945269,0.147628,0.011288,0.724165,0.710934
2004/8/14 0:00,0.877809,1.506501,0.967212,0.945269,0.147628,0.011288,0.724165,0.710934
2004/8/15 0:00,0.874661,1.501502,0.8727036000000001,0.942863,0.147673,0.011284,0.723275,0.709774
2004/8/16 0:00,0.879894,1.516116,0.795831,0.948317,0.14766,0.011312,0.726586,0.718339
2004/8/17 0:00,0.882457,1.526554,0.795831,0.948317,0.147643,0.011325,0.727934,0.722596
2004/8/18 0:00,0.880669,1.537894,0.7958310000000001,0.957598,0.147591,0.011444,0.727167,0.724113
2004/8/19 0:00,0.868659,1.530081,0.8009876,0.952835,0.14761,0.011533,0.726069,0.710429
2004/8/20 0:00,0.870398,1.529239,0.9223248,0.951475,0.14761,0.011534,0.726216,0.711187
2004/8/21 0:00,0.870398,1.529239,0.9223248,0.951475,0.14761,0.011534,0.726216,0.711187
2004/8/22 0:00,0.86881,1.522394,0.9694314,0.95039,0.147514,0.01153,0.725742,0.705816
2004/8/23 0:00,0.882613,1.65245,0.7747839999999999,0.95429,0.147525,0.011455,0.727537,0.715461
2004/8/24 0:00,0.884095,1.5023632,0.8345086,0.951303,0.147525,0.011467,0.727141,0.717978
2004/8/25 0:00,0.892937,1.525786,0.8731120000000001,0.959111,0.147534,0.011498,0.728279,0.725058
2004/8/26 0:00,0.894534,1.54069,0.9488022,0.949713,0.147504,0.01144,0.729395,0.725058
2004/8/27 0:00,0.893975,1.541949,0.946569,0.948317,0.147504,0.011426,0.729874,0.728597
2004/8/28 0:00,0.7222000000000001,1.546225,0.9572828,0.949271,0.147517,0.011411,0.732198,0.72768
2004/8/29 0:00,0.7222000000000001,1.54916,0.9572828,0.953044,0.147569,0.011489,0.735037,0.73455
2004/8/30 0:00,0.7222000000000001,1.556251,0.9572828,0.941708,0.147545,0.011376,0.733891,0.731797
2004/8/31 0:00,0.7222000000000001,1.559697,0.9572828,0.946074,0.14753,0.011425,0.731582,0.729341
2004/9/1 0:00,0.7222000000000001,1.56128,0.9572828,0.960919,0.147558,0.011513,0.73381,0.725111
2004/9/2 0:00,0.7222000000000001,1.569834,0.9572828,0.961844,0.147597,0.011578,0.735132,0.723956
2004/9/3 0:00,0.7222000000000001,1.569563,0.9572828,0.959693,0.147597,0.011571,0.735359,0.7259
2004/9/4 0:00,0.7222000000000001,1.57124,0.9572828,0.959693,0.147597,0.011565,0.735359,0.726375
2004/9/5 0:00,0.7222000000000001,1.588588,0.9500216,0.962052,0.147617,0.011565,0.740521,0.731689
2004/9/6 0:00,0.7222000000000001,1.593219,0.9503806000000001,0.961686,0.14763,0.011654,0.740631,0.7347
2004/9/7 0:00,0.7222000000000001,1.586596,0.9572828,0.947544,0.147645,0.011597,0.739317,0.733783
2004/9/8 0:00,0.71562,1.588411,0.7299633999999999,0.8649954,0.147678,0.011646,0.738989,0.727749
2004/9/9 0:00,0.71702,1.596449,0.7286318,0.8668038000000001,0.147748,0.011727,0.742005,0.728916
2004/9/10 0:00,0.7168599999999999,1.597265,0.7712173999999999,0.8800419999999999,0.147748,0.01171,0.742556,0.6711358000000001
2004/9/11 0:00,0.7421444,1.597265,0.7712173999999999,0.8800419999999999,0.147748,0.011686,0.742556,0.6711358000000001
2004/9/12 0:00,0.7168599999999999,1.590204,0.7722634,0.8649954,0.147809,0.01165,0.74173,0.6711358000000001
2004/9/13 0:00,0.7421444,1.578881,0.7722633999999999,0.8800419999999999,0.147645,0.011652,0.737409,0.6783312
2004/9/14 0:00,0.7160200000000001,1.565729,0.7712173999999999,0.882519,0.14763,0.011732,0.732708,0.6711358000000001
2004/9/15 0:00,0.71692,1.557632,0.7299633999999999,0.8649954,0.147388,0.011648,0.73381,0.6856557999999999
2004/9/16 0:00,0.896379,1.560379,0.9493789999999999,0.9207466,0.147145,0.011596,0.734538,0.7347998
2004/9/17 0:00,0.893017,1.560842,0.8731120000000001,0.949487,0.147145,0.011587,0.733676,0.7414900000000001
2004/9/18 0:00,0.895255,1.558458,0.9502972,0.949487,0.147145,0.011587,0.733676,0.7414900000000001
2004/9/19 0:00,0.89815,1.566318,0.9508479999999999,0.962371,0.14697,0.01172,0.7347,0.7419298000000001
2004/9/20 0:00,0.907441,1.557511,0.7585903999999999,0.958865,0.147226,0.011686,0.738716,0.746984
2004/9/21 0:00,0.901226,1.561744,0.8002768,0.95984,0.147059,0.011718,0.740466,0.749104
2004/9/22 0:00,0.891742,1.560014,0.8341381999999999,0.968804,0.147059,0.011731,0.738334,0.7449399999999999
2004/9/23 0:00,0.890789,1.553157,0.7964135999999999,0.966894,0.147258,0.011669,0.7373,0.74799
2004/9/24 0:00,0.894374,1.55434,0.9488022,0.966464,0.147258,0.011681,0.737354,0.74799
2004/9/25 0:00,0.887626,1.551229,0.7585903999999999,0.96432,0.147258,0.01168,0.737354,0.74799
2004/9/26 0:00,0.890076,1.549163,0.7964135999999999,0.960061,0.147059,0.011741,0.736757,0.7464406
2004/9/27 0:00,0.884251,1.546886,0.7585903999999999,0.971034,0.147126,0.011879,0.734349,0.7585052000000001
2004/9/28 0:00,0.88098,1.544783,0.8836728,0.972573,0.14707,0.011802,0.735998,0.7457936000000001
2004/9/29 0:00,0.88739,1.553977,0.7585903999999999,0.97561,0.147054,0.011819,0.737898,0.74799
2004/9/30 0:00,0.897263,1.550628,0.950848,0.972488,0.147102,0.011707,0.739098,0.7469840000000001
2004/10/1 0:00,0.899038,1.551422,0.8002768,0.970874,0.147102,0.011716,0.739229,0.746984
2004/10/2 0:00,0.897827,1.552554,0.9508479999999999,0.971817,0.147102,0.011734,0.739229,0.746984
2004/10/3 0:00,0.893735,1.546408,0.946569,0.97561,0.146987,0.011805,0.737463,0.74799
2004/10/4 0:00,0.890393,1.533883,0.7964135999999999,0.982733,0.146869,0.011885,0.738443,0.7449399999999999
2004/10/5 0:00,0.908265,1.545308,0.7585904000000001,0.984465,0.146823,0.011833,0.742446,0.749104
2004/10/6 0:00,0.908843,1.538296,0.7585903999999999,0.986193,0.146929,0.011867,0.743052,0.749104
2004/10/7 0:00,0.915919,1.544998,0.7585904000000001,0.982801,0.146987,0.011852,0.744546,0.6949699999999999
2004/10/8 0:00,0.915667,1.545141,0.7585903999999999,0.982415,0.146987,0.011846,0.744435,0.6949699999999999
2004/10/9 0:00,0.91659,1.545141,0.7585903999999999,0.982415,0.146987,0.011846,0.744435,0.6949699999999999
2004/10/10 0:00,0.917095,1.540191,0.7585903999999999,0.987264,0.147341,0.011874,0.742942,0.749104
2004/10/11 0:00,0.781034,1.533883,0.9820688000000001,0.988377,0.147252,0.011944,0.741235,0.69481
2004/10/12 0:00,0.7511452000000001,1.548683,0.9735305999999999,0.989022,0.14713,0.011926,0.744491,0.7035482
2004/10/13 0:00,0.71976,1.544187,0.9820688000000001,0.984252,0.147432,0.011918,0.744546,0.6764802
2004/10/14 0:00,0.71976,1.535131,0.9994683999999999,0.981354,0.147697,0.011885,0.746213,0.6997242
2004/10/15 0:00,0.7197600000000002,1.538462,1.010136,0.982318,0.147697,0.011885,0.746324,0.6945496
2004/10/16 0:00,0.71976,1.538462,1.010136,0.982318,0.147697,0.011881,0.746324,0.6945496
2004/10/17 0:00,0.71976,1.540998,0.973245,0.992349,0.147936,0.011959,0.748279,0.6945496
2004/10/18 0:00,0.8625092000000001,1.55739,0.97371,1.00445,0.148236,0.012038,0.750863,0.775483
2004/10/19 0:00,0.71972,1.563233,0.974232,0.997765,0.148379,0.011686,0.74744,0.6945496
2004/10/20 0:00,0.71972,1.562354,0.972573,0.985736,0.14871,0.011662,0.746826,0.6945496
2004/10/21 0:00,0.71972,1.563844,0.970309,0.989609,0.148657,0.011652,0.748055,0.6945496
2004/10/22 0:00,0.7197199999999999,1.563551,0.96768,0.99108,0.148657,0.011648,0.748447,0.6945496
2004/10/23 0:00,0.71972,1.563551,0.969556,0.99108,0.148657,0.011641,0.748447,0.6945496
2004/10/24 0:00,0.71972,1.555162,0.972857,0.995025,0.148947,0.011658,0.749738,0.6945496
2004/10/25 0:00,0.71972,1.553615,0.969434,0.995758,0.149105,0.011718,0.75092,0.6945496
2004/10/26 0:00,0.71912,1.565607,0.968823,1.012863,0.149165,0.011842,0.754489,0.6945496
2004/10/27 0:00,0.71912,1.570549,0.970214,1.015744,0.149165,0.011855,0.753523,0.6945496
2004/10/28 0:00,0.71912,1.581153,0.973805,1.013993,0.149165,0.011851,0.756601,0.6945496
2004/10/29 0:00,0.71976,1.582654,0.976372,1.015074,0.149165,0.011875,0.756258,0.6945496
2004/10/30 0:00,0.71976,1.582955,0.976372,1.015259,0.149165,0.011875,0.756258,0.6945496
2004/10/31 0:00,0.71976,1.584861,0.974374,1.016777,0.149425,0.011879,0.756945,0.6945496
2004/11/1 0:00,0.71976,1.580878,0.971638,1.02459,0.149457,0.011942,0.758898,0.6945496
2004/11/2 0:00,0.71976,1.578208,0.96918,1.024485,0.149513,0.011959,0.759936,0.6945496
2004/11/3 0:00,0.71976,1.570574,0.97078,1.018288,0.149408,0.011976,0.759878,0.6945496
2004/11/4 0:00,0.71976,1.582804,0.979058,1.02351,0.149254,0.011993,0.762021,0.7203872
2004/11/5 0:00,0.7925364,1.583356,0.980008,1.025315,0.149254,0.012016,0.762253,0.7491707999999999
2004/11/6 0:00,0.7925364,1.581753,0.980008,1.024286,0.149254,0.012016,0.762253,0.7491707999999999
2004/11/7 0:00,0.71976,1.58446,0.977498,1.028955,0.149254,0.011995,0.760456,0.741125
2004/11/8 0:00,0.71976,1.590381,0.983091,1.034019,0.149254,0.012008,0.763359,0.747887
2004/11/9 0:00,0.71976,1.590381,0.990599,1.039933,0.149437,0.012067,0.764877,0.753012
2004/11/10 0:00,0.71976,1.586294,0.982685,1.032098,0.1464104,0.01213,0.764292,0.748223
2004/11/11 0:00,0.71976,1.59566,0.986991,1.040399,0.1464104,0.012206,0.76558,0.753012
2004/11/12 0:00,0.7729986,1.594947,0.989609,1.037065,0.1464104,0.012204,0.765287,0.754375
2004/11/13 0:00,0.986193,1.594947,0.989609,1.037065,0.14924939999999998,0.012204,0.765287,0.754375
2004/11/14 0:00,0.984931,1.588562,0.986952,1.037065,0.1491918,0.012188,0.765755,0.752615
2004/11/15 0:00,0.984252,1.578856,0.988631,1.044496,0.1491918,0.012223,0.765697,0.752729
2004/11/16 0:00,0.992162,1.588663,0.997009,1.041678,0.14944379999999996,0.012213,0.766871,0.762544
2004/11/17 0:00,0.992851,1.598491,0.995302,1.050045,0.150299,0.012277,0.770713,0.757978
2004/11/18 0:00,0.990491,1.603284,0.989286,1.045916,0.15058,0.0123,0.771605,0.757576
2004/11/19 0:00,0.987947,1.602461,0.990099,1.043732,0.15058,0.01227,0.77101,0.755572
2004/11/20 0:00,0.987947,1.602461,0.990099,1.043732,0.15058,0.01227,0.77101,0.755572
2004/11/21 0:00,0.990982,1.593092,0.984465,1.045653,0.150507,0.012314,0.769811,0.756716
2004/11/22 0:00,0.973331,1.572451,0.96965,1.030853,0.150498,0.012268,0.764468,0.748503
2004/11/23 0:00,0.986096,1.586798,0.977231,1.040431,0.150365,0.012337,0.768758,0.754318
2004/11/24 0:00,0.97924,1.572253,0.97334,1.03419,0.150403,0.012301,0.76864,0.746938
2004/11/25 0:00,0.979432,1.56789,0.974184,1.021826,0.150173,0.012276,0.770108,0.746102
2004/11/26 0:00,0.982898,1.568554,0.974659,1.021023,0.150173,0.012284,0.770832,0.746714
2004/11/27 0:00,0.978378,1.567152,0.974659,1.020106,0.150173,0.012284,0.770832,0.74499
2004/11/28 0:00,0.991277,1.573713,0.980363,1.030291,0.150191,0.012392,0.773395,0.75188
2004/11/29 0:00,0.985222,1.5229016,0.976486,1.015703,0.150116,0.012285,0.770416,0.749681
2004/11/30 0:00,0.968617,1.48242,0.968054,1.009846,0.149714,0.012246,0.765462,0.74239
2004/12/1 0:00,0.977613,1.4824199999999998,0.981374,1.017915,0.149555,0.01234,0.77101,0.753409
2004/12/2 0:00,0.981354,1.48242,0.982318,1.016105,0.149909,0.012422,0.772481,0.762951
2004/12/3 0:00,0.71976,1.6017228,0.981643,1.017915,0.149909,0.012432,0.772618,0.762486
2004/12/4 0:00,0.71976,1.6017228,0.981643,1.017915,0.149909,0.012439,0.772618,0.762369
2004/12/5 0:00,0.71976,1.6029094000000002,0.984998,1.006816,0.149412,0.012395,0.773694,0.766284
2004/12/6 0:00,0.7836084,1.6022708,0.990668,1.023227,0.1464388,0.012376,0.776699,0.772201
2004/12/7 0:00,0.7838128,1.6028375999999998,0.989727,1.021503,0.1485366,0.012299,0.775795,0.775555
2004/12/8 0:00,0.7899488,1.6105544000000003,0.997307,1.04145,0.15134999999999998,0.01239,0.779666,0.793588
2004/12/9 0:00,1.015198,1.5858687999999999,1.0006,1.042079,0.14771600000000001,0.012294,0.7393918,0.795608
2004/12/10 0:00,1.015754,1.5858687999999999,0.9998,1.039912,0.14771600000000001,0.012304,0.7466394000000001,0.795482
2004/12/11 0:00,1.015754,1.5112051999999998,0.9998,1.039912,0.1601336,0.012304,0.777968,0.795482
2004/12/12 0:00,1.012351,1.48242,0.997009,1.036592,0.158223,0.01232,0.776657,0.789391
2004/12/13 0:00,1.012945,1.48242,0.99989,1.039145,0.1613364,0.012334,0.778192,0.787402
2004/12/14 0:00,1.002828,1.48242,0.998074,1.026589,0.1566804,0.012112,0.775555,0.781067
2004/12/15 0:00,0.996711,1.48242,0.99455,1.023646,0.1566156,0.012129,0.775494,0.779059
2004/12/16 0:00,0.990001,1.48242,0.991473,1.02459,0.1548966,0.012123,0.772798,0.776337
2004/12/17 0:00,0.984252,1.611396,0.987849,1.019482,0.149107,0.012117,0.770416,0.773395
2004/12/18 0:00,0.984252,1.611655,0.987849,1.019649,0.149107,0.012117,0.770416,0.773395
2004/12/19 0:00,0.990099,1.605987,0.993552,1.016539,0.14910699999999996,0.012064,0.768297,0.77682
2004/12/20 0:00,0.974659,1.586798,0.97682,1.007557,0.14880939999999998,0.011985,0.766284,0.767165
2004/12/21 0:00,0.981836,1.594184,0.979336,1.010744,0.14910699999999996,0.012027,0.768049,0.771843
2004/12/22 0:00,0.988924,1.600897,0.982531,1.003613,0.1574428,0.011958,0.771129,0.8020358
2004/12/23 0:00,0.98464,1.596169,0.980017,1.002175,0.1546084,0.011976,0.770357,0.7730672000000001
2004/12/24 0:00,0.985707,1.598772,0.982444,1.008075,0.14923899999999998,0.01198,0.771921,0.7730672000000001
2004/12/25 0:00,0.98668,1.598133,0.983187,1.007689,0.14923899999999998,0.011967,0.771921,0.7730672000000001
2004/12/26 0:00,0.986388,1.594388,0.981296,1.008247,0.1546084,0.01198,0.770297,0.7923758000000001
2004/12/27 0:00,0.972384,1.582304,0.975343,1.005197,0.14935079999999998,0.012067,0.761499,0.7722672
2004/12/28 0:00,0.981836,1.576516,0.988621,1.005055,0.1546084,0.01199,0.764117,0.7764172
2004/12/29 0:00,0.980969,1.576591,0.991965,1.0,0.1546084,0.011951,0.764994,0.7764172
2004/12/30 0:00,0.963391,1.559454,0.97972,0.997437,0.1546084,0.011885,0.757691,0.7719072
2004/12/31 0:00,0.963391,1.559454,0.97972,0.997437,0.1546084,0.011885,0.757691,0.7719072
2005/1/1 0:00,0.96432,1.558749,0.979432,0.997307,0.1546084,0.011891,0.757576,0.7719072
2005/1/2 0:00,0.958589,1.554944,0.977231,0.998343,0.1546084,0.011854,0.756201,0.7719072
2005/1/3 0:00,0.959969,1.557244,0.973425,1.001201,0.1493806,0.011969,0.757002,0.7719072
2005/1/4 0:00,0.976427,1.55955,0.996419,1.00694,0.1546084,0.011928,0.764767,0.7719072
2005/1/5 0:00,0.977326,1.560257,0.99553,1.009224,0.1546084,0.011969,0.765638,0.7719072
2005/1/6 0:00,0.987752,1.571709,0.993907,1.02351,0.1494158,0.012085,0.766989,0.7704072
2005/1/7 0:00,0.987849,1.572253,0.997009,1.025326,0.14941580000000002,0.012112,0.766871,0.7704072
2005/1/8 0:00,0.993049,1.572253,0.997009,1.025326,0.1494158,0.012114,0.766871,0.7704072
2005/1/9 0:00,0.987167,1.567398,0.993453,1.015187,0.1546084,0.012089,0.765814,0.7703272
2005/1/10 0:00,0.988631,1.579654,0.7377194,1.017087,0.1546084,0.012037,0.766812,0.7372274
2005/1/11 0:00,0.977995,1.578956,0.7371832,1.013069,0.1546084,0.011888,0.760456,0.7372274
2005/1/12 0:00,0.982415,1.573193,0.7710847999999999,1.015847,0.1546084,0.011928,0.762021,0.7352786
2005/1/13 0:00,0.98464,1.6042684,0.7959166,1.019576,0.1603358,0.011916,0.763417,0.8333862
2005/1/14 0:00,0.985513,1.6042684,0.9230448000000001,1.020512,0.1603358,0.011912,0.764584,0.8333862
2005/1/15 0:00,0.985222,1.6042684,0.8610443999999999,1.020512,0.1603358,0.011912,0.764584,0.8333862
2005/1/16 0:00,0.993937,1.6042684,0.9825368000000001,1.033528,0.1603358,0.011956,0.76646,0.8333862
2005/1/17 0:00,0.999201,1.6048679999999997,0.9860087999999999,1.039944,0.1603358,0.011972,0.768049,0.8154788
2005/1/18 0:00,0.99167,1.6042684,0.8621513999999999,1.039566,0.1603358,0.0119,0.761731,0.8333862
2005/1/19 0:00,0.985902,1.6042684,0.7983594,1.032983,0.1603358,0.011861,0.759301,0.8333862
2005/1/20 0:00,0.985222,1.6042684,0.7972602,1.030397,0.1603358,0.011884,0.759359,0.8333862
2005/1/21 0:00,0.985222,1.6042684,0.9205078,1.030609,0.16033579999999997,0.011915,0.761267,0.8333862
2005/1/22 0:00,0.988533,1.6042684,0.9206704,1.030609,0.1603358,0.011909,0.761267,0.8333862
2005/1/23 0:00,0.993049,1.6042684,0.7385720000000001,1.036925,0.1603358,0.01194,0.759301,0.8333862
2005/1/24 0:00,0.997506,1.6042684,0.6875626,1.043079,0.1603358,0.011939,0.761905,0.8333862
2005/1/25 0:00,1.0,1.5584782000000001,0.8631677999999999,1.050818,0.1603358,0.01197,0.765052,0.8280763999999999
2005/1/26 0:00,1.004752,1.6042684,0.8631376,1.039566,0.16051179999999998,0.012053,0.76558,0.8333862
2005/1/27 0:00,1.00445,1.6042684,0.9197407999999999,1.039933,0.16051179999999998,0.012063,0.769586,0.8311933999999999
2005/1/28 0:00,1.005541,1.6042684,0.7972572,1.039177,0.16051179999999998,0.012063,0.769231,0.8311933999999999
2005/1/29 0:00,1.004894,1.6042684,0.7972572,1.039177,0.16051179999999998,0.012064,0.769231,0.8311933999999999
2005/1/30 0:00,1.002205,1.5893024,0.983028,1.039069,0.16051179999999998,0.01206,0.768817,0.8308612
2005/1/31 0:00,1.011143,1.6066580000000001,0.7360534000000001,1.050862,0.16052660000000002,0.012164,0.771004,0.8292184
2005/2/1 0:00,1.015672,1.6078997999999998,0.9857288000000001,1.053408,0.16052,0.012216,0.772678,0.8275292000000001
2005/2/2 0:00,1.012433,1.6078997999999998,0.9794658,1.067076,0.16052,0.012237,0.775976,0.8275292000000001
2005/2/3 0:00,1.023657,1.6078997999999998,0.9899787999999999,1.070939,0.16052,0.012329,0.780214,0.8275292000000001
2005/2/4 0:00,1.023227,1.6078997999999998,0.9855072,1.069519,0.16052,0.012326,0.779423,0.8166168
2005/2/5 0:00,1.023227,1.5500424,0.9890570000000001,1.069519,0.1550344,0.012321,0.779423,0.779606
2005/2/6 0:00,1.01995,1.5353210000000002,0.8850478,1.071582,0.15514500000000003,0.012259,0.778519,0.776096
2005/2/7 0:00,1.005005,1.48242,0.7828958,1.054786,0.13496740000000002,0.012202,0.77688,0.767224
2005/2/8 0:00,1.0001,1.5005844,0.7816432,1.036699,0.1483002,0.012013,0.773994,0.761673
2005/2/9 0:00,0.995421,1.48242,0.7340772,1.037883,0.1347924,0.012021,0.771486,0.758093
2005/2/10 0:00,0.995223,1.48242,0.7340772,1.035668,0.1347924,0.01204,0.77232,0.758495
2005/2/11 0:00,0.99691,1.48242,0.7340772,1.033912,0.128199,0.012019,0.772082,0.759821
2005/2/12 0:00,0.995818,1.48242,0.7340772,1.033912,0.128199,0.012013,0.772082,0.757576
2005/2/13 0:00,0.991867,1.4989204,0.7810248000000001,1.032418,0.1347924,0.01208,0.769704,0.762137
2005/2/14 0:00,0.987752,1.48242,0.7340772,1.025115,0.128199,0.011994,0.772678,0.760052
2005/2/15 0:00,0.993345,1.48242,0.7340772,1.028923,0.128199,0.012,0.775615,0.759301
2005/2/16 0:00,0.9994,1.48242,0.7340772,1.03867,0.1365396,0.01208,0.77821,0.769231
2005/2/17 0:00,0.988631,1.4972834,0.7340772,1.03509,0.13484780000000002,0.012047,0.776096,0.768226
2005/2/18 0:00,0.98912,1.4972834,0.7340772,1.036355,0.13484780000000002,0.012048,0.77682,0.76693
2005/2/19 0:00,0.988533,1.4972834,0.7340772,1.037883,0.13484780000000002,0.012055,0.77682,0.767695
2005/2/20 0:00,0.995025,1.499738,0.7340772,1.036699,0.1416002,0.012095,0.776699,0.773455
2005/2/21 0:00,0.997904,1.5945154000000001,0.9258616,0.9687439999999998,0.1464598,0.012101,0.779593,0.770179
2005/2/22 0:00,1.002858,1.48242,1.006137,1.042492,0.16133640000000002,0.012188,0.780214,0.771724
2005/2/23 0:00,0.986291,1.4824199999999998,0.99949,1.034875,0.1570192,0.012045,0.775494,0.755972
2005/2/24 0:00,0.988631,1.48242,1.005975,1.042644,0.16133640000000002,0.012101,0.779241,0.757691
2005/2/25 0:00,0.989022,1.48242,1.005834,1.043188,0.1613364,0.012111,0.778938,0.757805
2005/2/26 0:00,0.990884,1.48242,1.005834,1.043188,0.1613364,0.012108,0.778938,0.757805
2005/2/27 0:00,1.0,1.508429,1.006776,1.053519,0.1586886,0.012135,0.780762,0.763884
2005/2/28 0:00,0.989609,1.48242,1.000931,1.056636,0.1613364,0.012132,0.77991,0.76365
2005/3/1 0:00,0.994827,1.48242,1.00452,1.060041,0.1613364,0.012149,0.781616,0.766049
2005/3/2 0:00,0.989805,1.589952,1.005035,1.056078,0.16133640000000002,0.012044,0.781616,0.771188
2005/3/3 0:00,0.992063,1.583907,1.000891,1.060783,0.1613364,0.012194,0.778756,0.772857
2005/3/4 0:00,0.992063,1.583857,0.998901,1.061346,0.16133640000000002,0.012176,0.778271,0.772201
2005/3/5 0:00,0.995025,1.58705,0.998901,1.061346,0.1613364,0.01217,0.778271,0.772201
2005/3/6 0:00,0.997009,1.602744,0.996532,1.062394,0.1613364,0.012198,0.781494,0.772559
2005/3/7 0:00,1.012371,1.612565,1.007953,1.065417,0.16078959999999998,0.012271,0.786584,0.780214
2005/3/8 0:00,1.006847,1.617076,1.011542,1.062586,0.1605572,0.012227,0.78596,0.779788
2005/3/9 0:00,1.013397,1.615587,1.009591,1.059266,0.1605572,0.012267,0.784683,0.772917
2005/3/10 0:00,1.013767,1.607976,1.010611,1.046463,0.15578619999999999,0.012195,0.784314,0.76864
2005/3/11 0:00,1.013644,1.608648,1.012658,1.047559,0.152474,0.012165,0.784314,0.76858
2005/3/12 0:00,1.013644,1.608648,1.012658,1.047559,0.152474,0.012165,0.784314,0.76858
2005/3/13 0:00,1.013849,1.61111,1.012064,1.043623,0.152379,0.012132,0.784621,0.770179
2005/3/14 0:00,1.017439,1.608493,1.009184,1.04467,0.152567,0.012206,0.786349,0.777484
2005/3/15 0:00,1.009826,1.608933,1.00553,1.039825,0.15174,0.012119,0.785176,0.771426
2005/3/16 0:00,1.006036,1.612981,1.004823,1.035229,0.151872,0.012034,0.782779,0.76746
2005/3/17 0:00,0.9998,1.598593,1.009693,1.024443,0.15175,0.011967,0.779423,0.759071
2005/3/18 0:00,1.002546,1.600563,0.8104352,1.027538,0.15175,0.011985,0.780031,0.760167
2005/3/19 0:00,1.002546,1.600845,0.8599416,1.0214258,0.15175,0.011986,0.780031,0.760167
2005/3/20 0:00,1.002004,1.601948,0.8104352,1.0079032,0.151623,0.011995,0.77991,0.75643
2005/3/21 0:00,0.998702,1.613372,0.7585904000000001,0.6859306000000001,0.151713,0.011935,0.781128,0.752106
2005/3/22 0:00,0.997904,1.605961,0.7632154,0.8639248,0.1488002,0.011939,0.781384,0.751767
2005/3/23 0:00,1.011317,1.616371,0.8150402,0.9463540000000001,0.1521928,0.012003,0.783576,0.75884
2005/3/24 0:00,1.013592,1.623403,0.8227627999999999,0.9687576,0.1588938,0.012015,0.784929,0.762777
2005/3/25 0:00,1.014302,1.624168,0.8227627999999999,0.9687576,0.1588938,0.012034,0.785361,0.763359
2005/3/26 0:00,1.01495,1.625329,0.8227627999999999,0.9687576,0.1588938,0.012019,0.785361,0.763359
2005/3/27 0:00,1.007547,1.62285,0.7658572,0.8676753999999999,0.1608028,0.012021,0.783337,0.761035
2005/3/28 0:00,0.999001,1.612747,0.8245332,0.9580762000000002,0.14520899999999998,0.012059,0.7350610000000001,0.748335
2005/3/29 0:00,1.0003,1.622507,0.8282333999999999,0.9572742,0.1455768,0.012132,0.722722,0.745657
2005/3/30 0:00,1.008664,1.61098,0.76405,0.8843403999999999,0.1297858,0.0103646,0.7291194,0.747384
2005/3/31 0:00,1.015249,1.607433,0.7794829999999999,0.9895550000000002,0.136779,0.0105066,0.7309042,0.751145
2005/4/1 0:00,1.015249,1.607433,0.7794829999999999,0.9895550000000002,0.136779,0.0105066,0.7309042,0.751145
2005/4/2 0:00,1.018454,1.611552,0.8166448000000001,1.009716,0.1402704,0.0113882,0.7269831999999999,0.750807
2005/4/3 0:00,1.017128,1.624801,0.8306628,0.833588,0.13540860000000002,0.0095212,0.7372272,0.751428
2005/4/4 0:00,1.01656,1.631481,0.730306,0.7847222,0.130524,0.0091624,0.7117526,0.750694
2005/4/5 0:00,1.016405,1.63228,0.730306,0.8008624,0.120529,0.0092522,0.7046698,0.74239
2005/4/6 0:00,1.013284,1.626678,0.8305176,0.9138092,0.12746559999999998,0.0099174,0.7270868,0.740302
2005/4/7 0:00,1.011531,1.624616,0.8306628,0.9099846000000001,0.12732159999999998,0.010348199999999998,0.7494664,0.736377
2005/4/8 0:00,1.014507,1.626439,0.8305176,0.9715145999999999,0.12746559999999998,0.0105304,0.7270868,0.738662
2005/4/9 0:00,1.011051,1.624959,0.7729968,0.9099846000000001,0.1273216,0.0103482,0.7617195999999999,0.736594
2005/4/10 0:00,1.011051,1.619381,0.8361794,0.9314182000000001,0.1401934,0.012183,0.7133274000000001,0.735835
2005/4/11 0:00,1.010101,1.615404,0.7782032000000001,0.8703964000000001,0.1352682,0.01209,0.6899906000000001,0.740412
2005/4/12 0:00,1.010509,1.619486,0.8225353999999999,0.8834425999999999,0.1401934,0.012082,0.6895382,0.739262
2005/4/13 0:00,1.001001,1.606168,0.776632,0.9207502,0.129861,0.012045,0.7222454,0.735294
2005/4/14 0:00,1.014507,1.608234,0.8361794,0.991299,0.1422,0.012214,0.6990114000000001,0.744879
2005/4/15 0:00,1.007953,1.616998,0.7782032000000001,0.8256636,0.1352682,0.012245,0.666466,0.738007
2005/4/16 0:00,0.990884,1.608389,0.8245332,0.931807,0.1347756,0.012396,0.7173710000000001,0.731422
2005/4/17 0:00,0.985222,1.601204,0.8375160000000001,0.9684164000000001,0.12450000000000001,0.012468,0.741467,0.72998
2005/4/18 0:00,0.982029,1.613944,0.7782032000000001,0.8516746,0.140678,0.012671,0.677104,0.718391
2005/4/19 0:00,0.995025,1.623377,0.8282333999999999,0.9108381999999999,0.1455768,0.01234,0.6988966000000001,0.730407
2005/4/20 0:00,0.995025,1.623377,0.8282333999999999,0.9108381999999999,0.1455768,0.01234,0.6988966000000001,0.730407
2005/4/21 0:00,0.995025,1.623377,0.8282333999999999,0.9108381999999999,0.1455768,0.01234,0.6988966000000001,0.730407
2005/4/22 0:00,1.004853,1.629912,0.8225353999999999,0.9988366000000001,0.1455768,0.012344,0.7457528,0.73346
2005/4/23 0:00,1.010509,1.637197,0.8275419999999999,0.9502082,0.14581,0.012348,0.7031404,0.740521
2005/4/24 0:00,1.012545,1.625382,0.8689517999999999,1.0618852,0.147614,0.012366,0.7156762000000001,0.74173
2005/4/25 0:00,1.020721,1.611396,0.8582989999999999,1.031161,0.1477826,0.012357,0.734683,0.749963
2005/4/26 0:00,1.020721,1.611396,0.9181974,1.103022,0.1477826,0.012357,0.737224,0.749963
2005/4/27 0:00,1.020721,1.611396,0.9181974,1.103022,0.1477826,0.012357,0.737224,0.749963
2005/4/28 0:00,1.020721,1.611396,0.9181974,1.103022,0.1477826,0.012357,0.737224,0.749963
2005/4/29 0:00,1.028204,1.601845,0.9836852,1.089206,0.14841120000000002,0.012237,0.7389258000000001,0.754205
2005/4/30 0:00,1.025546,1.5989,0.9887636000000001,1.085541,0.15195240000000002,0.012132,0.7310308,0.755344
2005/5/1 0:00,1.03325,1.605549,0.9987206000000001,1.088258,0.1507924,0.012078,0.7709430000000002,0.763475
2005/5/2 0:00,1.035797,1.605703,0.9905766,1.091655,0.1524178,0.012073,0.7753278,0.764234
2005/5/3 0:00,1.037635,1.611136,0.9910816,1.078888,0.148268,0.011875,0.7548686,0.765755
2005/5/4 0:00,1.038001,1.611655,0.9989644,1.08135,0.151862,0.0127968,0.7614318000000001,0.767695
2005/5/5 0:00,1.038648,1.612851,0.9989644,1.082134,0.1513386,0.0127968,0.7444148,0.766989
2005/5/6 0:00,1.034233,1.611448,0.9987206000000001,1.083377,0.15435159999999998,0.012794400000000001,0.7624000000000001,0.766342
2005/5/7 0:00,1.034255,1.628903,0.9987206000000001,1.080264,0.15438639999999998,0.013025599999999998,0.7610064000000001,0.769053
2005/5/8 0:00,1.043047,1.6467278,1.0111886,1.088779,0.1535258,0.0129172,0.8031633999999999,0.778634
2005/5/9 0:00,1.043417,1.7241384,1.0111886,1.091227,0.15599159999999998,0.0120024,0.8222356000000002,0.776699
2005/5/10 0:00,1.054563,1.7727195999999998,1.0103798,1.097743,0.15199040000000003,0.012607000000000002,0.7833526,0.782411
2005/5/11 0:00,1.056546,1.7684571999999998,1.0201689999999999,1.103144,0.14855040000000003,0.012642200000000001,0.7729594000000001,0.783085
2005/5/12 0:00,1.056546,1.7684571999999998,1.0201689999999999,1.103144,0.14855040000000003,0.012642200000000001,0.7729594000000001,0.783085
2005/5/13 0:00,1.051901,1.6214102000000001,1.006879,1.104362,0.1544764,0.012892599999999999,0.7720368,0.781067
2005/5/14 0:00,1.047559,1.7687307999999997,0.9850177999999999,1.116071,0.1554898,0.0129468,0.774317,0.785731
2005/5/15 0:00,1.049318,1.8461725999999998,0.9913833999999999,1.115897,0.1570546,0.0126808,0.7863642,0.788333
2005/5/16 0:00,1.053264,1.7024346000000001,1.0071616,1.120649,0.156885,0.012564799999999997,0.8112603999999999,0.792707
2005/5/17 0:00,1.056848,1.6267108000000001,0.9945826,1.118944,0.157135,0.012754199999999999,0.8174222,0.798148
2005/5/18 0:00,1.05715,1.6267108000000001,0.9890875999999998,1.119946,0.15806040000000002,0.012754199999999999,0.8161346,0.799552
2005/5/19 0:00,1.056133,1.6267108000000001,1.0126144,1.122473,0.1564004,0.0127168,0.8174222,0.797067
2005/5/20 0:00,1.050641,1.5858687999999999,0.97905,1.112347,0.14771600000000001,0.012131,0.7393918,0.789079
2005/5/21 0:00,1.052709,1.664298,1.0098182000000002,1.110556,0.14771600000000001,0.012127,0.7378456,0.788022
2005/5/22 0:00,1.066758,1.593744,1.0220944,1.123141,0.1509098,0.012138,0.771568,0.795229
2005/5/23 0:00,1.075072,1.5858687999999999,1.0116554,1.13071,0.1512986,0.01222,0.7492862,0.801989
2005/5/24 0:00,1.073895,1.591368,1.0176992,1.128541,0.151719,0.012204,0.7572126,0.801475
2005/5/25 0:00,1.074229,1.591368,1.024235,1.128159,0.1539084,0.012217,0.7679712000000001,0.80186
2005/5/26 0:00,1.074645,1.5858687999999999,1.017444,1.128159,0.1512986,0.012217,0.7492862,0.802053
2005/5/27 0:00,1.071364,1.5751754,1.0024802,1.0191698,0.15121659999999998,0.012211,0.7703045999999999,0.799488
2005/5/28 0:00,1.077052,1.5751754,0.9910204,1.0523668000000002,0.1501306,0.01225,0.7594536,0.805218
2005/5/29 0:00,1.083882,1.5751754,0.9767127999999999,1.0191698,0.1490812,0.012164,0.7594536,0.805348
2005/5/30 0:00,1.089776,1.5751754,0.9767127999999999,1.0191698,0.1490812,0.012261,0.7594536,0.799361
2005/5/31 0:00,1.09595,1.5751754,0.9767127999999999,1.0266208,0.1512622,0.012312,0.7702384,0.808407
2005/6/1 0:00,1.093446,1.5751754,0.9767127999999999,1.0191698,0.1490812,0.012329,0.7594536,0.807103
2005/6/2 0:00,1.096948,1.5751754,0.9767127999999999,1.0191698,0.1490812,0.012317,0.7594536,0.807103
2005/6/3 0:00,1.096299,1.5751754,0.9767127999999999,1.0266208000000001,0.15126219999999999,0.012311,0.7702384,0.808865
2005/6/4 0:00,1.087016,1.5751754,0.9767127999999999,1.0191698,0.1490812,0.01235,0.7594536,0.800512
2005/6/5 0:00,1.077041,1.6555816,1.0074143999999998,1.0380486,0.1512108,0.012415,0.7653106,0.790826
2005/6/6 0:00,1.062045,1.7701341999999998,1.0145953999999997,0.9769202,0.14853500000000003,0.012477,0.757628,0.785484
2005/6/7 0:00,1.072444,1.5751754,1.020486,1.1308114,0.15230000000000002,0.012448,0.7634112,0.793021
2005/6/8 0:00,1.076345,1.5400692,1.034768,0.9850646,0.1474416,0.012407,0.7445618,0.795292
2005/6/9 0:00,1.06945,1.5400692,1.036055,0.9850646,0.1474416,0.012402,0.7445618,0.795292
2005/6/10 0:00,1.077052,1.5400692,1.037323,0.9850646,0.1474416,0.012435,0.7445618,0.793462
2005/6/11 0:00,1.07975,1.5400692,1.041764,1.0493462,0.14896199999999998,0.012376,0.7445618,0.792267
2005/6/12 0:00,1.068262,1.5400692,1.038745,0.9850646,0.1474416,0.012369,0.7445618,0.788333
2005/6/13 0:00,1.068285,1.5400692,1.039501,0.9850646,0.1474416,0.012361,0.7445618,0.797957
2005/6/14 0:00,1.056669,1.8165900000000001,1.030524,0.7636858,0.153846,0.012389,0.7057114,0.786906
2005/6/15 0:00,1.057899,1.7253900000000002,1.032951,0.8507866,0.153846,0.012364,0.6910308000000001,0.787154
2005/6/16 0:00,1.056145,1.64044,1.032951,0.8995988,0.153929,0.012378,0.676328,0.785176
2005/6/17 0:00,1.060637,1.64044,1.027876,0.7636858,0.153641,0.012381,0.676328,0.78284
2005/6/18 0:00,1.057944,1.5566600000000002,1.025431,0.8995988,0.153704,0.012268,0.6613152,0.782473
2005/6/19 0:00,1.061594,1.8155900000000003,1.028912,0.7636858,0.153768,0.01227,0.7053554,0.788333
2005/6/20 0:00,1.064951,1.6394399999999998,1.032951,0.8500598,0.153735,0.012232,0.7059333999999999,0.78964
2005/6/21 0:00,1.070435,1.5566600000000002,1.029866,0.7636858,0.153984,0.012262,0.6613152,0.799041
2005/6/22 0:00,1.064623,1.5566600000000002,1.026799,0.8353504,0.153984,0.012238,0.7207316,0.793399
2005/6/23 0:00,1.066109,1.4824199999999998,1.026799,0.8766348,0.153984,0.012238,0.807559,0.793399
2005/6/24 0:00,1.051049,1.5208587999999998,1.022171,1.1702152,0.153728,0.012225,0.80032,0.789889
2005/6/25 0:00,1.054541,1.48242,1.022401,1.173918,0.153882,0.01221,0.801667,0.796495
2005/6/26 0:00,1.05148,1.5208587999999998,1.022966,1.1541068,0.153988,0.012198,0.801732,0.797957
2005/6/27 0:00,1.061402,1.48242,1.021242,0.7620729999999999,0.154059,0.012299,0.803342,0.809717
2005/6/28 0:00,1.069393,1.5831244,1.023856,1.0637286,0.154012,0.012361,0.808865,0.817394
2005/6/29 0:00,1.071249,1.5856938,1.023123,1.0659123999999998,0.154055,0.012372,0.808931,0.818599
2005/6/30 0:00,1.071249,1.5856938,1.023123,1.0659123999999998,0.154055,0.012372,0.808931,0.818599
2005/7/1 0:00,1.068536,1.5831244,1.023541,1.0637286,0.154231,0.012357,0.809454,0.817394
2005/7/2 0:00,1.066496,1.5290523999999999,1.032077,1.0958131999999998,0.154323,0.012286,0.809979,0.823316
2005/7/3 0:00,1.0676,1.5406214,1.026357,1.0581634000000002,0.154321,0.012362,0.809717,0.820816
2005/7/4 0:00,1.066416,1.6073834000000002,1.02459,1.0692064000000001,0.154242,0.012367,0.810787,0.816393
2005/7/5 0:00,1.075847,1.6081202,1.024821,1.070271,0.154321,0.012452,0.814863,0.817528
2005/7/6 0:00,1.071846,1.6067386,1.022599,1.0701576000000002,0.154321,0.012469,0.813471,0.815794
2005/7/7 0:00,1.071145,1.6067386,1.022599,1.0701576000000002,0.154326,0.012453,0.813471,0.815262
2005/7/8 0:00,1.071593,1.5825168,1.020179,1.0693112,0.154338,0.012473,0.812876,0.814266
2005/7/9 0:00,1.072547,1.5428582,1.026589,1.0619672000000002,0.154273,0.012475,0.814863,0.821423
2005/7/10 0:00,1.062575,1.639452,1.021211,1.0631144000000001,0.15444,0.012528,0.811214,0.816127
2005/7/11 0:00,1.063445,1.636688,1.026778,1.0617204,0.154395,0.01244,0.812678,0.827198
2005/7/12 0:00,1.053941,1.622481,1.021952,1.1662018,0.154266,0.012456,0.80844,0.822436
2005/7/13 0:00,1.056446,1.62525,1.020408,1.1661785999999998,0.154266,0.01245,0.808146,0.823588
2005/7/14 0:00,1.053741,1.623535,1.020408,1.1661785999999998,0.154266,0.012449,0.808146,0.823588
2005/7/15 0:00,1.056524,1.631215,1.022296,1.1600224,0.154226,0.012458,0.808846,0.813008
2005/7/16 0:00,1.070492,1.5865408,1.033143,1.0672262,0.154328,0.012423,0.813537,0.819269
2005/7/17 0:00,1.055654,1.4824199999999998,1.017915,1.0697728,0.154269,0.012353,0.807233,0.806127
2005/7/18 0:00,1.052942,1.501887,1.014837,1.0747762,0.15444,0.012385,0.805471,0.801218
2005/7/19 0:00,1.059547,1.5473934,1.018953,1.0708708,0.154536,0.012491,0.81011,0.810898
2005/7/20 0:00,1.061751,1.5473934,1.021138,1.0628104,0.154512,0.012495,0.810241,0.810504
2005/7/21 0:00,1.0634,1.5161504000000001,1.021138,1.0628104,0.154512,0.012492,0.810241,0.810504
2005/7/22 0:00,1.057597,1.5145030000000002,1.020939,1.157689,0.154488,0.012467,0.809389,0.809389
2005/7/23 0:00,1.057988,1.5396132000000002,1.027327,1.0644452000000002,0.154631,0.012481,0.811754,0.811688
2005/7/24 0:00,1.062699,1.6081202000000006,1.028595,1.0702710000000002,0.154722,0.012457,0.812612,0.817929
2005/7/25 0:00,1.047867,1.5218208,1.018745,1.135983,0.154607,0.012408,0.807689,0.81011
2005/7/26 0:00,1.052233,1.5216543999999999,1.015022,1.0271572,0.15444,0.012441,0.808081,0.81182
2005/7/27 0:00,1.052244,1.5412423999999998,1.011941,1.0408968,0.154466,0.012422,0.807494,0.811886
2005/7/28 0:00,1.050045,1.5549469999999999,1.011941,1.0271572,0.154466,0.012433,0.807494,0.811886
2005/7/29 0:00,1.042894,1.6144545999999997,1.012043,1.074932,0.154297,0.012353,0.804829,0.8134048000000001
2005/7/30 0:00,1.051348,1.6052822,1.01686,1.0621361999999999,0.15456,0.012312,0.806517,0.8235154
2005/7/31 0:00,1.066144,1.6144545999999997,1.030184,1.0705027999999999,0.154703,0.012372,0.810833,0.8235154
2005/8/1 0:00,1.071524,1.6125022000000002,1.037355,1.0712334000000001,0.154708,0.012399,0.814133,0.8157589999999999
2005/8/2 0:00,1.077528,1.6144545999999997,1.041526,1.0940308,0.154655,0.012369,0.815295,0.8113102
2005/8/3 0:00,1.07535,1.6121936,1.043188,1.064303,0.154672,0.012373,0.8174764,0.8251419999999999
2005/8/4 0:00,1.077993,1.6121936,1.043188,1.064303,0.154672,0.012372,0.8174764,0.8251419999999999
2005/8/5 0:00,1.073146,1.6121936,1.041309,1.0643030000000002,0.154777,0.012375,0.8174764,0.8251419999999999
2005/8/6 0:00,1.0711,1.6121936,1.04132,1.064303,0.154631,0.01233,0.8174764,0.8251419999999999
2005/8/7 0:00,1.068034,1.6121936,1.03584,1.064303,0.154607,0.012357,0.8174764,0.8251419999999999
2005/8/8 0:00,1.077354,1.6347688000000002,1.042318,1.184273,0.154655,0.012313,0.8189126,0.8213723999999999
2005/8/9 0:00,1.073042,1.6347688000000002,1.038853,1.193317,0.154679,0.012398,0.8200214000000001,0.8254718000000001
2005/8/10 0:00,1.075731,1.6347688000000002,1.04015,1.195886,0.154679,0.012404,0.8200214000000001,0.8342176
2005/8/11 0:00,1.072651,1.6347688000000002,1.04015,1.193645,0.15465,0.012401,0.8200214000000001,0.8254718000000001
2005/8/12 0:00,1.065825,1.6347688000000002,1.032642,1.196688,0.154624,0.012453,0.8178494000000001,0.8315308
2005/8/13 0:00,1.060952,1.6347688000000002,1.035572,1.200322,0.154799,0.012581,0.8200214000000001,0.8342176
2005/8/14 0:00,1.075708,1.6347688000000002,1.041764,1.220852,0.153998,0.012656,0.8200214000000001,0.8342176
2005/8/15 0:00,1.073111,1.6347688000000002,1.042459,1.224995,0.155446,0.012651,0.8200214000000001,0.8254718000000001
2005/8/16 0:00,1.064396,1.6347688000000002,1.047449,1.226392,0.155424,0.012653,0.8200214000000001,0.8342176
2005/8/17 0:00,1.06553,1.6347688000000002,1.048768,1.231497,0.155412,0.012637,0.8200214000000001,0.8342176
2005/8/18 0:00,1.06553,1.6347688000000002,1.048768,1.230663,0.155412,0.012639,0.8200214000000001,0.8342176
2005/8/19 0:00,1.059344,1.6347688000000002,1.041732,1.221747,0.15456,0.012647,0.8200214000000001,0.8342176
2005/8/20 0:00,1.072996,1.6347688000000002,1.05241,1.221195,0.154681,0.012668,0.8200214000000001,0.8254718000000001
2005/8/21 0:00,1.074345,1.6347688000000002,1.056089,1.219854,0.154878,0.012698,0.8200214000000001,0.8342176
2005/8/22 0:00,1.08387,1.6347688000000002,1.058291,1.221299,0.154871,0.012729,0.8200214000000001,0.8279372
2005/8/23 0:00,1.085352,1.6347688000000002,1.053297,1.224035,0.155101,0.012744,0.8200214000000001,0.8342176
2005/8/24 0:00,1.085446,1.6347688000000002,1.054407,1.221404,0.155101,0.01274,0.8200214000000001,0.8342176
2005/8/25 0:00,1.084599,1.6347688000000002,1.054407,1.222793,0.155121,0.012734,0.8200214000000001,0.8279372
2005/8/26 0:00,1.086449,1.6347688000000002,1.058067,1.240941,0.155135,0.012778,0.8200214000000001,0.82697
2005/8/27 0:00,1.096467,1.6347688000000002,1.06076,1.248439,0.155316,0.012825,0.8200214000000001,0.822165
2005/8/28 0:00,1.102536,1.6347688000000002,1.053952,1.245439,0.155183,0.012809,0.8200214000000001,0.8342176
2005/8/29 0:00,1.101698,1.6347688000000002,1.05363,1.246153,0.155183,0.012852,0.8200214000000001,0.8342176
2005/8/30 0:00,1.099626,1.6347688000000002,1.046124,1.267427,0.155352,0.012964,0.8200214000000001,0.8342176
2005/8/31 0:00,1.10005,1.6347688000000002,1.047011,1.274665,0.155311,0.013004,0.8200214000000001,0.8342176
2005/9/1 0:00,1.099699,1.6347688000000002,1.047011,1.272119,0.155311,0.013028,0.8200214000000001,0.8342176
2005/9/2 0:00,1.094895,1.6347688000000002,1.044517,1.279541,0.155386,0.012953,0.8200214000000001,0.828549
2005/9/3 0:00,1.079914,1.6347688000000002,1.041515,1.302762,0.155299,0.012974,0.8200214000000001,0.8253210000000001
2005/9/4 0:00,1.074968,1.6347688000000002,1.039361,1.301999,0.155352,0.013004,0.8200214000000001,0.8342176
2005/9/5 0:00,1.052454,1.6239192000000002,1.023206,1.302983,0.155333,0.012687,0.8200214000000001,0.8342176
2005/9/6 0:00,1.050851,1.6101544,1.02373,1.30039,0.155263,0.01273,0.8161999999999999,0.826459
2005/9/7 0:00,1.037947,1.6359645999999999,1.01916,1.302762,0.155263,0.012755,0.8193458,0.8310442
2005/9/8 0:00,1.037947,1.6359645999999999,1.01916,1.302762,0.155263,0.012755,0.8193458,0.8310442
2005/9/9 0:00,1.031555,1.6358034,1.010785,1.328021,0.155393,0.012867,0.8200214000000001,0.8342176
2005/9/10 0:00,1.014302,1.6215146,1.008065,1.370276,0.155497,0.012977,0.79939,0.7546072
2005/9/11 0:00,1.026252,1.606545,1.011941,1.067274,0.155819,0.013028,0.8143136,0.8221491999999999
2005/9/12 0:00,1.025873,1.6065450000000001,1.010305,1.067274,0.156441,0.01301,0.8143136,0.8221491999999999
2005/9/13 0:00,1.03569,1.606545,1.010622,1.067274,0.156463,0.013031,0.8143136,0.8221491999999999
2005/9/14 0:00,1.035047,1.5850556,1.009082,1.0750124,0.156463,0.013017,0.8136106000000002,0.8347481999999999
2005/9/15 0:00,1.035047,1.6144545999999997,1.009082,1.0705027999999999,0.156463,0.01304,0.824402,0.8235154
2005/9/16 0:00,1.048944,1.6053245999999999,1.017294,1.0592924,0.156487,0.013021,0.831324,0.8235154
2005/9/17 0:00,1.04665,1.643605,1.017656,1.0857414,0.156504,0.013042,0.830806,0.8141158000000001
2005/9/18 0:00,1.053652,1.656287,1.019493,1.1472586000000002,0.156548,0.013077,0.832556,0.7866572
2005/9/19 0:00,1.03436,1.64788,1.008787,1.1238066,0.156556,0.013011,0.822842,0.803009
2005/9/20 0:00,1.041439,1.650247,1.012443,1.0679646,0.156446,0.013077,0.827643,0.7192342
2005/9/21 0:00,1.044147,1.654451,1.009897,1.0679646,0.156446,0.013063,0.826515,0.8092224
2005/9/22 0:00,1.044147,1.654451,1.009897,1.0679646,0.156446,0.013063,0.826515,0.8092224
2005/9/23 0:00,1.042209,1.646687,1.009907,1.0679646,0.156299,0.01303,0.827712,0.778069
2005/9/24 0:00,1.048229,1.649308,1.009469,1.0820998,0.156348,0.013053,0.830289,0.7712424
2005/9/25 0:00,1.045992,1.636983,1.012023,1.0724521999999999,0.156544,0.012465599999999999,0.828981,0.7922178000000001
2005/9/26 0:00,1.043972,1.627803,1.014199,1.0695964,0.15647,0.012475,0.825607,0.8035064000000001
2005/9/27 0:00,1.057463,1.634868,1.01626,1.1135302,0.156568,0.012117999999999999,0.831594,0.7921874000000001
2005/9/28 0:00,1.057899,1.634975,1.017315,1.1135302,0.156588,0.012117999999999999,0.831421,0.7921873999999999
2005/9/29 0:00,1.062157,1.639613,1.021263,1.0697934,0.15706,0.0121856,0.829531,0.8193858
2005/9/30 0:00,1.066974,1.62958,1.021315,1.0790738,0.15672,0.012117800000000001,0.829187,0.8213348
2005/10/1 0:00,1.07404,1.6177,1.023887,1.1181721999999998,0.156704,0.0122612,0.830834,0.8000795999999999
2005/10/2 0:00,1.065644,1.621297,1.01657,1.0790343999999998,0.156703,0.0122962,0.83091,0.817014
2005/10/3 0:00,1.054741,1.610643,1.008888,1.1094306,0.156551,0.012275600000000001,0.827643,0.7876709999999999
2005/10/4 0:00,1.062643,1.596704,1.012658,1.0739604,0.156397,0.0121856,0.826836,0.8193858
2005/10/5 0:00,1.059648,1.596781,1.011736,1.0971778,0.156656,0.0121306,0.822774,0.8194453999999999
2005/10/6 0:00,1.046047,1.588941,1.003583,1.0632325999999999,0.156537,0.012312199999999999,0.816193,0.8210713999999999
2005/10/7 0:00,1.028045,1.579854,1.003391,1.0194927999999999,0.156177,0.0115966,0.807572,0.82995
2005/10/8 0:00,1.033805,1.581703,1.011429,1.0769502000000002,0.156274,0.0121072,0.806452,0.8013908000000001
2005/10/9 0:00,1.025147,1.577884,1.009693,1.1130988,0.156323,0.012573400000000002,0.803419,0.8219442000000001
2005/10/10 0:00,1.036452,1.579979,1.020387,1.1744480000000002,0.156666,0.011706,0.805477,0.8378691999999999
2005/10/11 0:00,1.019202,1.567693,1.008369,0.9007764,0.156482,0.011003200000000001,0.791452,0.7388473999999999
2005/10/12 0:00,1.022809,1.567951,1.001753,0.8984120000000001,0.15674,0.0115252,0.785114,0.7406008
2005/10/13 0:00,0.974944,1.535721,0.969556,1.0697934,0.156482,0.012117999999999999,0.76386,0.8291226
2005/10/14 0:00,0.981451,1.545189,0.972384,1.0252598000000002,0.156492,0.0119404,0.771605,0.778816
2005/10/15 0:00,0.972763,1.551663,0.968326,1.0184046,0.156201,0.012224200000000001,0.769254,0.772618
2005/10/16 0:00,0.997506,1.567742,0.984441,1.0451814,0.156355,0.009789999999999998,0.781067,0.793903
2005/10/17 0:00,0.982029,1.557899,0.972016,1.0267146,0.156397,0.011968399999999999,0.773874,0.778634
2005/10/18 0:00,0.974184,1.561768,0.964711,1.0183502,0.156311,0.0119116,0.769882,0.76746
2005/10/19 0:00,0.961169,1.547389,0.954745,0.9960158,0.156348,0.010297400000000002,0.762195,0.759013
2005/10/20 0:00,0.959601,1.542401,0.956283,0.9942882000000001,0.156863,0.0101634,0.765896,0.762486
2005/10/21 0:00,0.970214,1.538746,0.959039,1.0270242,0.156764,0.0117156,0.768462,0.766754
2005/10/22 0:00,0.975657,1.555984,0.962742,1.0300704,0.157282,0.0119948,0.771915,0.76929
2005/10/23 0:00,1.0,1.567509,0.97352,1.0441363999999997,0.157518,0.009777600000000001,0.784191,0.78456
2005/10/24 0:00,0.995124,1.558798,0.970751,1.0392510000000001,0.156838,0.0107276,0.778816,0.780457
2005/10/25 0:00,1.019098,1.575821,0.985513,1.0561816,0.157277,0.0102994,0.785731,0.798148
2005/10/26 0:00,1.014199,1.573391,0.977316,1.0631442,0.156666,0.011391199999999999,0.780354,0.791703
2005/10/27 0:00,1.02239,1.578059,0.982898,1.0561816,0.156863,0.010313999999999999,0.78796,0.796369
2005/10/28 0:00,1.023646,1.569982,0.984049,1.0561816,0.156759,0.010314,0.788644,0.794786
2005/10/29 0:00,1.022809,1.579105,0.984426,1.0624856,0.156674,0.010810799999999999,0.784498,0.793336
2005/10/30 0:00,1.03325,1.593194,0.990207,1.0692826,0.156654,0.0110858,0.783576,0.801603
2005/10/31 0:00,1.044746,1.600768,0.985902,1.0559178,0.15706,0.012296199999999998,0.791954,0.797194
2005/11/1 0:00,1.034672,1.590508,0.990609,1.0610903999999999,0.157406,0.0104378,0.784991,0.79277
2005/11/2 0:00,1.07087,1.612513,1.006016,1.0753768,0.157233,0.01217,0.805088,0.821693
2005/11/3 0:00,1.058503,1.613372,1.003402,1.0676418,0.157351,0.011271,0.797766,0.810898
2005/11/4 0:00,1.032546,1.594515,0.981532,1.0722276000000002,0.157324,0.013017400000000002,0.781769,0.793462
2005/11/5 0:00,1.032311,1.595329,0.986412,1.0649406000000001,0.157304,0.0104354,0.785176,0.788955
2005/11/6 0:00,1.037797,1.599744,0.990197,1.0635708000000001,0.157485,0.0123004,0.788271,0.791766
2005/11/7 0:00,1.034383,1.602102,0.980854,1.0744371999999998,0.157704,0.009802,0.789092,0.791515
2005/11/8 0:00,1.033464,1.602089,0.982434,1.0744371999999998,0.157456,0.0104378,0.78672,0.795229
2005/11/9 0:00,1.033122,1.607355,0.986466,1.0649406,0.15758,0.0104378,0.787154,0.79466
2005/11/10 0:00,1.020794,1.595825,0.98356,1.0619476,0.157604,0.012591,0.778634,0.785762
2005/11/11 0:00,1.013818,1.593473,0.98121,1.0528862,0.1575,0.012235,0.775074,0.776398
2005/11/12 0:00,1.028807,1.608286,0.987752,1.0705296,0.157659,0.0127438,0.780823,0.786411
2005/11/13 0:00,1.018849,1.589193,0.982241,1.0615876,0.157344,0.012402,0.774455,0.778634
2005/11/14 0:00,1.013644,1.580903,0.97683,1.0471228,0.15756,0.012521,0.772917,0.76864
2005/11/15 0:00,1.013644,1.577163,0.979681,1.0607038,0.157592,0.012143999999999999,0.773814,0.8160170000000001
2005/11/16 0:00,1.005399,1.579704,0.977231,1.0473512,0.157458,0.0120862,0.773096,0.8157338000000001
2005/11/17 0:00,1.003452,1.578208,0.97426,1.0442078000000001,0.157292,0.0120438,0.77104,0.8291226
2005/11/18 0:00,1.001402,1.578906,0.97353,1.0389644,0.157292,0.012025600000000001,0.770297,0.8146236
2005/11/19 0:00,0.983574,1.565693,0.962385,0.7992758,0.157206,0.0101754,0.767766,0.6976
2005/11/20 0:00,0.982994,1.564798,0.964218,0.7992758,0.157191,0.0095972,0.768182,0.6976
2005/11/21 0:00,0.968804,1.55212,0.953834,1.0697934,0.157295,0.012117999999999999,0.763068,0.8291226
2005/11/22 0:00,0.973331,1.550147,0.954727,1.0697934,0.157171,0.012117999999999999,0.764234,0.8291226
2005/11/23 0:00,0.973331,1.547185,0.953834,1.0697934,0.156686,0.012117999999999999,0.762428,0.8291226
2005/11/24 0:00,0.992063,1.553302,0.967876,1.0414150000000002,0.156583,0.012013200000000002,0.768965,0.7760294
2005/11/25 0:00,1.001603,1.561622,0.970968,0.8470504,0.15686,0.0096254,0.772439,0.7117545999999999
2005/11/26 0:00,1.024548,1.570007,0.980657,1.0157378000000001,0.156791,0.012215799999999999,0.779727,0.787324
2005/11/27 0:00,1.022349,1.569908,0.982415,1.0157378000000001,0.156961,0.0122408,0.780153,0.787324
2005/11/28 0:00,1.021899,1.558895,0.983961,1.0075248,0.157171,0.0116682,0.778756,0.7492776
2005/11/29 0:00,1.029962,1.568652,0.985989,0.9582888,0.157555,0.012117999999999999,0.782656,0.778883
2005/11/30 0:00,1.021503,1.557002,0.987947,0.9556824000000003,0.157853,0.0110228,0.778513,0.7492776000000001
2005/12/1 0:00,1.018641,1.562988,0.98058,0.7987938000000001,0.157188,0.009666,0.77226,0.6978600000000001
2005/12/2 0:00,1.018807,1.565068,0.97995,0.7992758,0.157828,0.0103628,0.773395,0.6976
2005/12/3 0:00,1.01915,1.563942,0.982608,0.8876278,0.139685,0.0103862,0.773515,0.723031
2005/12/4 0:00,1.02215,1.566342,0.982608,1.082626,0.14987440000000002,0.0130144,0.773515,0.773691
2005/12/5 0:00,1.005834,1.559381,0.972838,1.068513,0.15164919999999998,0.012171999999999999,0.767931,0.7867782
2005/12/6 0:00,1.009296,1.553036,0.971808,1.061447,0.15122839999999999,0.012321200000000001,0.768049,0.775641
2005/12/7 0:00,0.990884,1.544926,0.961955,1.049406,0.1423152,0.0119442,0.764,0.6462597999999999
2005/12/8 0:00,0.99453,1.548851,0.966128,1.063536,0.1588392,0.012257200000000001,0.765111,0.798583
2005/12/9 0:00,0.997506,1.551687,0.963215,1.067464,0.1515938,0.012171999999999999,0.767106,0.7867782
2005/12/10 0:00,0.991473,1.552494,0.964785,1.067578,0.1515938,0.012171999999999999,0.765023,0.7867782
2005/12/11 0:00,1.006999,1.567152,0.971912,1.074737,0.15256580000000003,0.0121656,0.769823,0.79069
2005/12/12 0:00,1.006451,1.567496,0.97144,1.065303,0.14443319999999998,0.0123152,0.77022,0.7530162
2005/12/13 0:00,1.014055,1.566551,0.979048,1.067384,0.1514896,0.012315199999999998,0.773455,0.7530162
2005/12/14 0:00,1.014961,1.5615,0.98056,1.066098,0.1592274,0.012315199999999998,0.772917,0.7545162
2005/12/15 0:00,1.016043,1.563795,0.977422,1.069061,0.150841,0.0124934,0.774114,0.777458
2005/12/16 0:00,1.015692,1.566502,0.979912,1.070435,0.158203,0.012849,0.771188,0.8307452
2005/12/17 0:00,1.009296,1.548036,0.976849,1.060108,0.158278,0.012826,0.769941,0.8284874
2005/12/18 0:00,1.010795,1.537492,0.978751,1.060176,0.158328,0.012864,0.768344,0.8284874
2005/12/19 0:00,1.025347,1.554291,0.983091,1.068034,0.158856,0.012992,0.772171,0.828514
2005/12/20 0:00,1.020752,1.552337,0.978857,1.065871,0.158856,0.012992,0.771307,0.8284874
2005/12/21 0:00,1.020752,1.552337,0.978857,1.065871,0.158856,0.012992,0.771307,0.8284874
2005/12/22 0:00,1.022098,1.549691,0.979528,1.06349,0.158881,0.013002,0.770713,0.8284874
2005/12/23 0:00,1.037463,1.56519,0.990099,1.072501,0.158781,0.013043,0.779606,0.8319696000000001
2005/12/24 0:00,1.023447,1.610846,0.977135,1.046353,0.158328,0.012977,0.773294,0.8273556000000001
2005/12/25 0:00,1.0235,1.6144545999999997,0.973047,1.0705027999999999,0.158494,0.012975,0.77232,0.8235154
2005/12/26 0:00,1.021649,1.6144545999999997,0.973302,1.0705028,0.158378,0.013011,0.770939,0.8235154
2005/12/27 0:00,1.032652,1.6144545999999997,0.984252,1.0705027999999999,0.158403,0.013009,0.775916,0.8235154
2005/12/28 0:00,1.029506,1.6144545999999997,0.981258,1.0705028,0.158303,0.013002,0.773575,0.8235154
2005/12/29 0:00,1.030949,1.5965426,0.980565,1.0700834000000001,0.158295,0.013031,0.774833,0.8274134
2005/12/30 0:00,1.029569,1.6144545999999997,0.976811,1.0705028,0.158381,0.013004,0.773527,0.8235154
2005/12/31 0:00,1.030758,1.6144545999999997,0.982222,1.0705028,0.158326,0.013024,0.774563,0.8235154
2006/1/1 0:00,1.039501,1.6050340000000003,0.986777,1.0598911999999998,0.158278,0.013021,0.778756,0.8235154
2006/1/2 0:00,1.046343,1.6164397999999998,0.985707,1.069868,0.157878,0.012988,0.785204,0.8258956
2006/1/3 0:00,1.053541,1.6144545999999997,0.992359,1.0794446,0.158353,0.013,0.789266,0.8183102
2006/1/4 0:00,1.046901,1.6144545999999997,0.989981,1.0705027999999999,0.158153,0.012858,0.787774,0.8235154000000001
2006/1/5 0:00,1.047603,1.6144545999999997,0.987567,1.0785289999999998,0.158366,0.012793,0.78703,0.8169150000000001
2006/1/6 0:00,1.065099,1.6144545999999997,1.001292,1.0705028,0.158353,0.01291,0.796514,0.8235154
2006/1/7 0:00,1.064339,1.6144545999999997,0.999016,1.0705028,0.158353,0.013038,0.797512,0.8235154
2006/1/8 0:00,1.05838,1.6144545999999997,0.995847,1.0705028,0.158368,0.013099,0.794786,0.8235154
2006/1/9 0:00,1.0593,1.6062830000000001,0.994926,1.0697204,0.158509,0.0104164,0.795229,0.8210972
2006/1/10 0:00,1.073065,1.6144545999999997,1.0031,1.0705028,0.158562,0.013134,0.800564,0.8264910000000001
2006/1/11 0:00,1.071501,1.6144545999999997,1.001001,1.0705028,0.158609,0.01313,0.802311,0.8235154
2006/1/12 0:00,1.076623,1.6144545999999997,1.00545,1.0705027999999999,0.158572,0.013065,0.804878,0.8235154
2006/1/13 0:00,1.076195,1.5823255999999999,1.00634,0.8537652,0.158584,0.013053,0.805153,0.835946
2006/1/14 0:00,1.073353,1.5841998,1.003714,1.0781361999999999,0.158418,0.013055,0.801025,0.833611
2006/1/15 0:00,1.079564,1.62095,1.005237,0.8537652,0.158479,0.013006,0.802697,0.83612
2006/1/16 0:00,1.078481,1.62095,1.002366,1.0773730000000001,0.158705,0.012999,0.802381,0.833889
2006/1/17 0:00,1.08045,1.62095,1.005733,0.7769294,0.158707,0.012908,0.801539,0.83647
2006/1/18 0:00,1.067236,1.5524575999999999,0.998891,1.0655319999999997,0.158957,0.01289,0.793714,0.8285
2006/1/19 0:00,1.067395,1.5685103999999999,0.998602,1.0666335999999998,0.158874,0.012882,0.792896,0.826583
2006/1/20 0:00,1.074345,1.62095,1.00068,0.9275155999999999,0.158798,0.0129,0.796686,0.835213
2006/1/21 0:00,1.069301,1.5841998,1.000811,1.0634272,0.158781,0.012753,0.790983,0.832085
2006/1/22 0:00,1.074045,1.5352484,1.003402,0.7769294,0.158758,0.012784,0.792896,0.837802
2006/1/23 0:00,1.074552,1.6144545999999997,1.001904,1.0705027999999999,0.158695,0.012686,0.791202,0.8235154
2006/1/24 0:00,1.069244,1.6144545999999997,1.002808,1.0705027999999999,0.158786,0.012601,0.793997,0.8235154
2006/1/25 0:00,1.075998,1.6144545999999997,1.007354,1.0705027999999999,0.158821,0.012578,0.798977,0.8235154
2006/1/26 0:00,1.069336,1.6144545999999997,1.004631,1.0705027999999999,0.158798,0.012541,0.795862,0.8235154
2006/1/27 0:00,1.062496,1.6144545999999997,0.9998,1.0705027999999999,0.158783,0.012454,0.794155,0.8147748
2006/1/28 0:00,1.068593,1.6144545999999997,1.001904,1.0705027999999999,0.15875,0.012468,0.795798,0.8235154
2006/1/29 0:00,1.070664,1.6144545999999997,1.001492,1.0705027999999999,0.158844,0.012361,0.796305,0.8235154
2006/1/30 0:00,1.069496,1.6144545999999997,1.0004,1.0705027999999999,0.158768,0.012314,0.796369,0.8235154
2006/1/31 0:00,1.07631,1.6144545999999997,1.001512,1.0705027999999999,0.158697,0.012433,0.797067,0.8235154
2006/2/1 0:00,1.076334,1.6121936,1.004319,1.0643030000000002,0.158748,0.01243,0.8174764,0.8251419999999999
2006/2/2 0:00,1.077935,1.6218375999999999,1.013582,1.0724170000000002,0.158854,0.0117912,0.8146169999999999,0.8201558
2006/2/3 0:00,1.080287,1.6062830000000001,1.015022,1.0573228000000001,0.15873,0.0122068,0.8190594000000001,0.8330960000000001
2006/2/4 0:00,1.073952,1.606283,1.010887,1.1145191999999997,0.158765,0.0121654,0.8190593999999999,0.8102446000000001
2006/2/5 0:00,1.073295,1.6062830000000001,1.010509,1.099281,0.15875,0.0122752,0.8190593999999999,0.811399
2006/2/6 0:00,1.067236,1.6062830000000001,1.006563,1.0692756,0.158526,0.0122396,0.8190593999999999,0.8228726
2006/2/7 0:00,1.054285,1.6046912,0.998208,1.0911035999999998,0.158413,0.0112254,0.8162545999999999,0.8268039999999999
2006/2/8 0:00,1.058279,1.574803,1.00061,1.090941,0.158358,0.0111572,0.7741212,0.7673628
2006/2/9 0:00,1.061391,1.581803,1.00775,1.099904,0.158288,0.011629200000000001,0.749002,0.7945544
2006/2/10 0:00,1.058941,1.568898,1.010428,1.08724,0.158514,0.011565,0.7727812000000001,0.805932
2006/2/11 0:00,1.055487,1.567054,1.009591,1.08724,0.158469,0.0120042,0.7938305999999999,0.8437011999999999
2006/2/12 0:00,1.057899,1.567054,1.009591,1.08724,0.158469,0.0120042,0.7938305999999999,0.8437011999999999
2006/2/13 0:00,1.04835,1.563233,1.005834,1.09075,0.158035,0.0118734,0.797583,0.8412027999999999
2006/2/14 0:00,1.053574,1.57344,1.010203,1.087382,0.158018,0.010750800000000001,0.7505151999999999,0.7313883999999999
2006/2/15 0:00,1.045938,1.568627,1.008542,1.076844,0.157888,0.011851,0.7959104,0.791579
2006/2/16 0:00,1.054741,1.571722,1.009184,1.084128,0.157965,0.0115976,0.7727812000000001,0.8077268
2006/2/17 0:00,1.058952,1.583281,1.008776,1.09218,0.158135,0.0120042,0.7720362,0.8437011999999999
2006/2/18 0:00,1.059401,1.584359,1.008065,1.092478,0.158163,0.0120042,0.7720362,0.8437011999999999
2006/2/19 0:00,1.059547,1.584359,1.008065,1.092478,0.158163,0.0120042,0.7720362,0.8437011999999999
2006/2/20 0:00,1.060648,1.58932,1.013685,1.097574,0.158215,0.0120728,0.7931063999999999,0.8315287999999998
2006/2/21 0:00,1.048493,1.586345,1.007973,1.097574,0.158198,0.011141599999999998,0.79186,0.8233188
2006/2/22 0:00,1.04455,1.584811,1.007435,1.09493,0.158258,0.011177199999999998,0.790826,0.8142438000000001
2006/2/23 0:00,1.038465,1.581153,1.0005,1.093972,0.15864,0.011177199999999998,0.789952,0.8241278
2006/2/24 0:00,1.044998,1.586798,1.0006,1.100485,0.158647,0.011141599999999998,0.792393,0.8294448000000001
2006/2/25 0:00,1.046397,1.58705,1.001803,1.102086,0.158707,0.011141599999999998,0.792959,0.8294448000000001
2006/2/26 0:00,1.046594,1.586798,1.002004,1.101977,0.158707,0.011141599999999998,0.793147,0.8294448000000001
2006/2/27 0:00,1.051348,1.594134,1.007475,1.106072,0.158521,0.0101904,0.794723,0.8138584
2006/2/28 0:00,1.048669,1.596679,1.006745,1.106317,0.158851,0.010190399999999999,0.796242,0.8210972
2006/3/1 0:00,1.036764,1.586169,1.001282,1.103789,0.158695,0.010665999999999998,0.79466,0.8252193999999999
2006/3/2 0:00,1.033944,1.6135386,1.001001,1.100837,0.158763,0.01211,0.793273,0.8305348
2006/3/3 0:00,1.038044,1.6094566000000001,1.001402,1.108156,0.158791,0.0101904,0.795735,0.8151546000000002
2006/3/4 0:00,1.034704,1.6098767999999999,1.001402,1.10882,0.158808,0.010190399999999999,0.795165,0.8206708
2006/3/5 0:00,1.043242,1.6102454000000002,1.008654,1.106709,0.158793,0.0106912,0.797575,0.8247042
2006/3/6 0:00,1.036957,1.6065906,1.009255,1.108033,0.158889,0.0111678,0.799303,0.8225438
2006/3/7 0:00,1.025999,1.588815,1.003673,1.091381,0.158773,0.011141599999999998,0.794092,0.8294448000000001
2006/3/8 0:00,1.030195,1.582654,1.006249,1.086484,0.158433,0.011141599999999998,0.793588,0.8294448000000001
2006/3/9 0:00,1.031151,1.588991,1.002808,1.090513,0.158559,0.011141599999999998,0.793336,0.8294448000000001
2006/3/10 0:00,1.029898,1.582754,1.002808,1.090988,0.158562,0.011141599999999998,0.793242,0.8294448000000001
2006/3/11 0:00,1.029898,1.582754,1.002707,1.089918,0.158564,0.0111416,0.793116,0.8294448000000001
2006/3/12 0:00,1.031981,1.590457,1.003412,1.091822,0.158489,0.011141599999999998,0.792644,0.8294448000000001
2006/3/13 0:00,1.026863,1.586169,0.996314,1.089681,0.158431,0.011141599999999998,0.792519,0.8294448000000001
2006/3/14 0:00,1.031353,1.59071,0.997307,1.091286,0.158539,0.0101904,0.795545,0.8210972
2006/3/15 0:00,1.043787,1.597049,1.004722,1.098696,0.158624,0.0111678,0.79885,0.8322345999999999
2006/3/16 0:00,1.037312,1.585289,1.001693,1.087417,0.158707,0.0111678,0.80186,0.8323952
2006/3/17 0:00,1.037291,1.58461,1.0003,1.0780374,0.158781,0.0121656,0.801218,0.823045
2006/3/18 0:00,1.037646,1.58461,1.0005,1.0780374,0.158778,0.0121656,0.801218,0.823045
2006/3/19 0:00,1.037129,1.589572,0.9455297999999999,1.0971752000000001,0.158376,0.011354,0.800769,0.821018
2006/3/20 0:00,1.040702,1.594032,0.9402332,1.086076,0.15867,0.011188600000000002,0.801603,0.822504
2006/3/21 0:00,1.035165,1.602051,0.9455297999999999,1.093416,0.158682,0.0113542,0.799361,0.816127
2006/3/22 0:00,1.032695,1.605394,0.9278968000000001,1.0945794,0.158642,0.0111792,0.799361,0.81314
2006/3/23 0:00,1.037344,1.611941,0.9455297999999999,1.113339,0.158589,0.011512999999999999,0.800737,0.817595
2006/3/24 0:00,1.0285,1.613684,0.9205260000000001,1.1046456,0.158574,0.0115172,0.802375,0.811162
2006/3/25 0:00,1.033912,1.614596,0.9382591999999998,1.0945794,0.158569,0.012507599999999999,0.803277,0.813074
2006/3/26 0:00,1.038551,1.619433,0.9672718,1.0876608,0.158796,0.0115408,0.8008666,0.814133
2006/3/27 0:00,1.047153,1.627472,0.960436,1.0882258,0.158692,0.01259,0.7996019999999999,0.822504
2006/3/28 0:00,1.041645,1.623377,0.9205260000000001,1.0795286000000002,0.159218,0.0119914,0.8138982,0.817127
2006/3/29 0:00,1.033645,1.621534,0.9651159999999999,1.0891826,0.159264,0.012242399999999997,0.8084214,0.815129
2006/3/30 0:00,1.031449,1.619564,0.9571928,1.0923524,0.159041,0.012737599999999998,0.7910748,0.80952
2006/3/31 0:00,1.024601,1.617783,0.9420394,1.0923880000000001,0.159013,0.012723400000000001,0.7752380000000001,0.799233
2006/4/1 0:00,1.018641,1.614726,0.9359042000000001,1.1000223999999998,0.158975,0.0124606,0.7870644,0.794849
2006/4/2 0:00,1.01805,1.615535,0.9205260000000001,1.1149966,0.158912,0.0113962,0.803794,0.795735
2006/4/3 0:00,1.021127,1.618909,0.9205260000000001,1.1149966,0.158629,0.011549599999999998,0.802955,0.795672
2006/4/4 0:00,1.012494,1.615796,0.9278968000000001,1.1149966,0.158501,0.0113962,0.801603,0.788146
2006/4/5 0:00,1.008258,1.614205,0.9278967999999999,1.1149966,0.158476,0.0113762,0.799488,0.786473
2006/4/6 0:00,1.010938,1.616044,0.9278968000000001,1.1149966,0.158348,0.011396199999999999,0.800576,0.786658
2006/4/7 0:00,1.003915,1.607446,0.9278967999999999,1.1149966,0.158446,0.010899200000000001,0.798639,0.785608
2006/4/8 0:00,0.998901,1.610254,0.9205260000000001,1.1149966,0.158168,0.010718799999999999,0.796242,0.779423
2006/4/9 0:00,0.995818,1.601409,0.9205260000000001,1.1149966,0.15816,0.0107264,0.792896,0.770921
2006/4/10 0:00,0.99167,1.59261,0.9205260000000001,1.1149966,0.158193,0.010980799999999999,0.788333,0.765111
2006/4/11 0:00,0.994233,1.581528,0.9205260000000001,1.1149966,0.158135,0.010277999999999999,0.789391,0.767224
2006/4/12 0:00,0.982029,1.57903,0.9205260000000001,1.1149966,0.15809,0.009777600000000001,0.784252,0.752729
2006/4/13 0:00,0.984349,1.582153,0.9205260000000001,1.1149966,0.15808,0.0102538,0.784191,0.756716
2006/4/14 0:00,0.984349,1.582153,0.9205260000000001,1.1149966,0.15808,0.0102538,0.784191,0.756716
2006/4/15 0:00,0.986875,1.579904,0.9205260000000001,1.1149966,0.158098,0.01026,0.786596,0.762021
2006/4/16 0:00,0.984446,1.57679,0.9205260000000001,1.1149966,0.158218,0.0102538,0.786411,0.75815
2006/4/17 0:00,0.972668,1.569612,0.9205260000000001,1.1149966,0.157893,0.009789999999999998,0.782228,0.749344
2006/4/18 0:00,0.972384,1.566318,0.9205260000000001,1.1149966,0.157858,0.009789999999999998,0.782362,0.750751
2006/4/19 0:00,0.977804,1.565607,0.9205260000000001,1.1149966,0.157761,0.009789999999999998,0.781494,0.755401
2006/4/20 0:00,0.976372,1.566097,0.9205260000000001,1.1149966,0.157788,0.009789999999999998,0.780396,0.75375
2006/4/21 0:00,0.984543,1.568135,0.9205260000000001,1.1149966,0.157761,0.011203399999999999,0.782736,0.760861
2006/4/22 0:00,0.982222,1.5625,0.9205260000000001,1.1149966,0.15754,0.0111996,0.781616,0.760803
2006/4/23 0:00,0.973236,1.549667,0.9205260000000001,1.1149966,0.157255,0.011883000000000001,0.776337,0.755116
2006/4/24 0:00,0.973141,1.541663,0.9205260000000001,1.1149966,0.156996,0.011352399999999999,0.776337,0.753807
2006/4/25 0:00,0.96768,1.535862,0.9205260000000001,1.1149966,0.156969,0.0118466,0.772917,0.752955
2006/4/26 0:00,0.970591,1.534637,0.9205260000000001,1.1149966,0.156969,0.012375800000000001,0.773694,0.754262
2006/4/27 0:00,0.970874,1.537279,0.9205260000000001,1.1149966,0.157107,0.0113524,0.776156,0.755658
2006/4/28 0:00,0.972763,1.53709,0.9205260000000001,1.1149966,0.157023,0.011373,0.777303,0.755344
2006/4/29 0:00,0.990491,1.548467,0.9373467999999999,1.1037406,0.157109,0.0120862,0.78376,0.768344
2006/4/30 0:00,0.993345,1.556299,0.9205260000000001,1.1149966,0.157112,0.0111912,0.784357,0.77098
2006/5/1 0:00,0.988631,1.545117,0.9503228,1.0491464000000001,0.15686,0.012131600000000001,0.778513,0.76929
2006/5/2 0:00,0.990933,1.550364,0.9345763999999999,1.0809148,0.157337,0.012174399999999998,0.779302,0.772618
2006/5/3 0:00,0.992753,1.55739,0.9580141999999998,1.0616606000000002,0.156946,0.0122044,0.779126,0.775675
2006/5/4 0:00,0.998403,1.55642,0.930593,1.1149966,0.157473,0.010736599999999999,0.781861,0.779545
2006/5/5 0:00,0.997705,1.55259,0.9450631999999999,1.0803986,0.156944,0.011703999999999999,0.780945,0.77991
2006/5/6 0:00,1.005955,1.566661,0.9311468000000002,1.0861938,0.156991,0.009802,0.786702,0.787836
2006/5/7 0:00,1.011644,1.566048,0.9380558000000001,1.1657876,0.15727,0.0114372,0.787154,0.791515
2006/5/8 0:00,1.019399,1.575051,0.9890509999999999,1.059288,0.157337,0.011098199999999999,0.790514,0.797957
2006/5/9 0:00,1.01915,1.57208,0.9925163999999999,1.057418,0.15721,0.011098199999999999,0.788656,0.795862
2006/5/10 0:00,1.005662,1.561768,0.9852252,1.046496,0.1648306,0.0097854,0.782632,0.788581
2006/5/11 0:00,1.00634,1.558652,0.9911516,1.045916,0.16405140000000001,0.0097776,0.784191,0.791264
2006/5/12 0:00,1.006401,1.558944,0.9911516,1.046835,0.1648306,0.0097854,0.782411,0.790576
2006/5/13 0:00,1.006644,1.558944,0.988457,1.046835,0.1648306,0.0097854,0.782105,0.790576
2006/5/14 0:00,0.999151,1.556178,0.9793974000000001,1.040691,0.16355179999999997,0.0097854,0.77997,0.786596
2006/5/15 0:00,1.005753,1.563233,0.9904334,1.039825,0.157141,0.0108332,0.782819,0.791327
2006/5/16 0:00,1.006857,1.556711,0.9987612,1.03799,0.15727,0.0113434,0.783208,0.791202
2006/5/17 0:00,1.00065,1.548947,0.9915382000000001,1.033699,0.15727,0.010256,0.779989,0.784929
2006/5/18 0:00,1.024233,1.568874,1.0012658,1.053674,0.157354,0.011098199999999999,0.789204,0.802504
2006/5/19 0:00,1.023898,1.570549,1.0032834,1.055264,0.157356,0.011098199999999999,0.790264,0.801475
2006/5/20 0:00,1.024149,1.570549,1.0032834,1.055264,0.157356,0.011098199999999999,0.790264,0.801475
2006/5/21 0:00,1.024296,1.568874,1.0012658,1.047186,0.157488,0.011098199999999999,0.789141,0.8036
2006/5/22 0:00,1.028352,1.568874,0.9889246,1.049571,0.157391,0.0123856,0.792205,0.804376
2006/5/23 0:00,1.027897,1.560087,0.9889246,1.043667,0.157515,0.0123856,0.789827,0.804441
2006/5/24 0:00,1.029431,1.552506,0.9959488000000001,1.031247,0.157297,0.0123856,0.79098,0.803988
2006/5/25 0:00,1.01916,1.547988,0.9917436000000001,1.022495,0.157089,0.0104356,0.785669,0.796749
2006/5/26 0:00,1.021096,1.549043,0.9917436000000001,1.02416,0.157089,0.011087399999999999,0.786287,0.797957
2006/5/27 0:00,1.019742,1.552072,0.9857124,1.025431,0.156929,0.0123818,0.7787456,0.796622
2006/5/28 0:00,1.021221,1.55147,0.9913084000000001,1.020721,0.157065,0.0130052,0.7787456,0.795545
2006/5/29 0:00,1.025946,1.552795,0.9906724,1.020669,0.156993,0.0130038,0.7753296000000001,0.798531
2006/5/30 0:00,1.013541,1.54271,0.7810132,1.015981,0.15687,0.010494600000000001,0.7358802000000001,0.790202
2006/5/31 0:00,1.022537,1.557147,0.9857123999999999,1.019119,0.156443,0.0130052,0.7745576,0.794786
2006/6/1 0:00,1.023604,1.563233,0.9905112,1.021513,0.156745,0.0130052,0.7758778,0.797067
2006/6/2 0:00,1.030142,1.563502,0.9810216,1.021409,0.15688,0.013014000000000001,0.7744828,0.797703
2006/6/3 0:00,1.035626,1.564945,0.9999629999999999,1.021138,0.156974,0.0130236,0.7856940000000001,0.800064
2006/6/4 0:00,1.041764,1.570969,0.8305228,1.021398,0.156885,0.0107696,0.690252,0.6692926
2006/6/5 0:00,1.036731,1.562012,0.764296,1.012422,0.1264092,0.0111176,0.7658782000000001,0.7168064
2006/6/6 0:00,1.03799,1.562256,0.7595270000000001,1.01273,0.1267722,0.010819600000000002,0.7660515999999999,0.7187054
2006/6/7 0:00,1.037947,1.562256,0.7595270000000001,1.01273,0.1267722,0.010819600000000002,0.7660515999999999,0.7187053999999999
2006/6/8 0:00,1.026694,1.551831,0.8506384,1.009479,0.1464746,0.010948799999999998,0.6832772,0.7248484000000001
2006/6/9 0:00,1.022735,1.549883,0.785369,1.003804,0.13531400000000002,0.011095400000000002,0.7194954,0.6414099999999999
2006/6/10 0:00,1.0318,1.550676,0.8849176,1.011869,0.15138979999999996,0.0117376,0.7342801999999999,0.6864429999999999
2006/6/11 0:00,1.039242,1.568406,0.8659254000000001,1.022882,0.1282738,0.0115724,0.7553762,0.6802754
2006/6/12 0:00,1.046704,1.572945,0.8413693999999999,1.026905,0.1407834,0.011144999999999999,0.708883,0.5437350000000001
2006/6/13 0:00,1.048944,1.569859,0.7834428000000001,1.019888,0.1522096,0.0106398,0.7033012,0.654404
2006/6/14 0:00,1.051834,1.568135,0.9495408000000001,1.0248,0.14765040000000001,0.0117514,0.7615434000000001,0.6793228
2006/6/15 0:00,1.052532,1.561524,0.998682,1.02417,0.1601512,0.012799,0.8203587999999999,0.8417656000000001
2006/6/16 0:00,1.044965,1.550652,0.992847,1.012699,0.1601512,0.01278,0.8203587999999999,0.8417656000000001
2006/6/17 0:00,1.055153,1.563477,1.000981,1.029654,0.1562348,0.012722,0.7922666,0.818264
2006/6/18 0:00,1.056803,1.564456,0.998901,1.030503,0.15515380000000004,0.012745,0.7862404,0.819001
2006/6/19 0:00,1.056803,1.564333,0.998901,1.030503,0.15515380000000004,0.012742,0.7862404,0.819001
2006/6/20 0:00,1.057641,1.560915,1.00021,1.032098,0.1551054,0.012791,0.8086776,0.821153
2006/6/21 0:00,1.056145,1.563966,1.00318,1.033699,0.15755280000000002,0.012708,0.785281,0.816127
2006/6/22 0:00,1.056535,1.566661,1.005429,1.028828,0.15755280000000002,0.012742,0.7877877999999999,0.815328
2006/6/23 0:00,1.056948,1.562256,1.007557,1.022735,0.15755280000000002,0.012729,0.779573,0.811162
2006/6/24 0:00,1.056368,1.567152,1.008065,1.024013,0.1554482,0.012784,0.7900294000000001,0.81215
2006/6/25 0:00,1.050873,1.568824,1.006948,1.027158,0.15755280000000002,0.012768,0.7743838000000001,0.808538
2006/6/26 0:00,1.049748,1.568627,1.008471,1.026589,0.15755280000000002,0.012695,0.7743838000000001,0.805802
2006/6/27 0:00,1.050045,1.568504,1.010918,1.022809,0.1554482,0.012673,0.7840738,0.806712
2006/6/28 0:00,1.051735,1.573837,1.013674,1.029749,0.1528656,0.012598,0.8051656000000001,0.81103
2006/6/29 0:00,1.042546,1.569563,1.01101,1.025704,0.1572654,0.012573,0.7888079999999998,0.807233
2006/6/30 0:00,1.042199,1.569908,1.010816,1.02681,0.15888620000000003,0.012568,0.7888080000000001,0.807624
2006/7/1 0:00,1.042199,1.569957,1.010816,1.026842,0.15888620000000003,0.012568,0.7888080000000001,0.807624
2006/7/2 0:00,1.044899,1.6138322000000003,1.011235,1.027644,0.1512036,0.012597,0.77417,0.809061
2006/7/3 0:00,1.048647,1.5858687999999999,1.012043,1.03854,0.1490474,0.012607,0.7525446,0.810964
2006/7/4 0:00,1.043656,1.579529,1.00712,1.038476,0.1575558,0.012633,0.7078088,0.808865
2006/7/5 0:00,1.044605,1.586546,1.006178,1.046518,0.1558982,0.012742,0.7855291999999999,0.814001
2006/7/6 0:00,1.041829,1.582479,1.008888,1.043907,0.1554174,0.01271,0.7204786000000001,0.811952
2006/7/7 0:00,1.038206,1.579754,1.009693,1.041667,0.15268600000000002,0.012706,0.732486,0.809454
2006/7/8 0:00,1.037549,1.582604,1.012658,1.046572,0.15441180000000002,0.012739,0.7208032,0.804117
2006/7/9 0:00,1.036592,1.584058,1.012474,1.04346,0.15441180000000002,0.012704,0.762889,0.802826
2006/7/10 0:00,1.029039,1.577387,1.007293,1.040734,0.15259640000000002,0.012726,0.7504314,0.798276
2006/7/11 0:00,1.032748,1.586169,1.014188,1.047011,0.15588339999999998,0.012768,0.7428178,0.803084
2006/7/12 0:00,1.032493,1.586647,1.01389,1.047395,0.1558834,0.012757,0.7428178,0.803729
2006/7/13 0:00,1.025115,1.58932,1.01424,1.04901,0.1540476,0.012776,0.7585198,0.797575
2006/7/14 0:00,1.022171,1.588058,1.013315,1.045774,0.1540476,0.012752,0.7585198,0.793462
2006/7/15 0:00,1.018558,1.590331,1.009082,1.046353,0.15758860000000002,0.012758,0.7585198,0.79447
2006/7/16 0:00,1.029548,1.593752,1.017832,1.048471,0.1506948,0.012669,0.759903,0.802761
2006/7/17 0:00,1.039242,1.601409,1.022589,1.058022,0.1574836,0.012786,0.8083741999999999,0.812018
2006/7/18 0:00,1.035047,1.600115,1.023646,1.057753,0.1550532,0.012776,0.7863816,0.809389
2006/7/19 0:00,1.044539,1.606942,1.028278,1.065076,0.15849660000000002,0.012853,0.8136532000000001,0.818666
2006/7/20 0:00,1.045741,1.610825,1.02501,1.066405,0.15851140000000002,0.012837,0.8124914000000001,0.819471
2006/7/21 0:00,1.053408,1.614544,1.03146,1.067498,0.1610084,0.012907,0.8060188,0.829325
2006/7/22 0:00,1.0561,1.622336,1.030174,1.078702,0.1610084,0.012774,0.7867436,0.829119
2006/7/23 0:00,1.046244,1.625752,1.026388,1.077087,0.1581894,0.012698,0.8086893999999999,0.825832
2006/7/24 0:00,1.044452,1.624431,1.026062,1.075963,0.1594352,0.012711,0.8070498,0.826925
2006/7/25 0:00,1.047779,1.621534,0.9934458000000002,1.077656,0.158474,0.012761,0.7960697999999999,0.827883
2006/7/26 0:00,1.041547,1.619433,0.9715924000000001,1.07048,0.1570336,0.012771,0.8081244,0.827541
2006/7/27 0:00,1.046452,1.625435,0.9931405999999999,1.072766,0.1584066,0.012798,0.8021672000000001,0.830634
2006/7/28 0:00,1.041049,1.62022,0.9718823999999999,1.067578,0.15703080000000003,0.012842,0.8080304,0.820075
2006/7/29 0:00,1.041916,1.622192,0.9715923999999999,1.069084,0.1570336,0.012846,0.8080842,0.825627
2006/7/30 0:00,1.036055,1.615248,0.9999629999999999,1.063988,0.1548376,0.012862,0.8194991999999999,0.823859
2006/7/31 0:00,1.045446,1.623298,0.9985184,1.067566,0.1578174,0.012877,0.7970766000000001,0.831808
2006/8/1 0:00,1.038637,1.616005,0.9910816,1.063909,0.15481260000000002,0.012807,0.8108192000000001,0.830392
2006/8/2 0:00,1.0515310000000002,1.613997,0.9907581999999999,1.066633,0.1584122,0.012817,0.786968,0.829187
2006/8/3 0:00,1.0515310000000002,1.615613,0.9907581999999999,1.069119,0.1584122,0.012803,0.786968,0.827883
2006/8/4 0:00,1.0628596000000001,1.607459,0.9979228000000001,1.06553,0.1585642,0.012737,0.7917959999999999,0.819135
2006/8/5 0:00,1.0606798000000002,1.619695,0.9967104000000001,1.075292,0.1584706,0.012763,0.7913034,0.822639
2006/8/6 0:00,1.0628596000000001,1.615509,0.9979228000000001,1.07594,0.1585642,0.012714,0.7917959999999999,0.818733
2006/8/7 0:00,1.0398391999999999,1.613398,1.0092538,1.075882,0.1567868,0.012713,0.813339,0.818063
2006/8/8 0:00,1.0358449999999997,1.602564,0.9998516000000001,1.071938,0.158284,0.012789,0.81322,0.821288
2006/8/9 0:00,1.0398391999999999,1.6,1.0092538,1.063717,0.1567868,0.012783,0.812942,0.816927
2006/8/10 0:00,1.0398392,1.600551,1.0092538,1.064963,0.1567868,0.01278,0.812876,0.815461
2006/8/11 0:00,1.0388772000000002,1.604235,1.015861,1.070286,0.15597880000000003,0.012755,0.814266,0.8188
2006/8/12 0:00,1.0398391999999999,1.607149,1.0092538,1.071455,0.1567868,0.012763,0.818264,0.816993
2006/8/13 0:00,1.0398392,1.607446,1.0092538,1.071019,0.1567868,0.012752,0.81813,0.81686
2006/8/14 0:00,1.0320918000000001,1.6072,1.0056676,1.070859,0.1572792,0.012753,0.81813,0.81686
2006/8/15 0:00,1.0495994,1.606813,1.0102806,1.070526,0.1575278,0.012697,0.818424,0.819001
2006/8/16 0:00,1.0741714,1.611733,1.0335687999999998,1.079214,0.1554952,0.012674,0.819672,0.813603
2006/8/17 0:00,1.05715,1.6156,1.0216406,1.083893,0.1562202,0.012695,0.822368,0.822301
2006/8/18 0:00,1.0741714,1.613424,1.0335687999999998,1.084222,0.1554952,0.012622,0.821271,0.821693
2006/8/19 0:00,1.0741714,1.6111794,1.0335688,1.077354,0.1554952,0.012606,0.819169,0.816593
2006/8/20 0:00,1.0741714,1.6104242,1.0335687999999998,1.077261,0.1554952,0.012607,0.819001,0.815927
2006/8/21 0:00,1.0741714,1.6220687999999999,1.0335688,1.079226,0.1554952,0.012527,0.818398,0.816593
2006/8/22 0:00,1.0697740000000002,1.6166636,1.0271173999999998,1.071708,0.1558812,0.012528,0.816127,0.811688
2006/8/23 0:00,1.0688936,1.610397,1.0236783999999999,1.070859,0.15641739999999998,0.01253,0.818043,0.817127
2006/8/24 0:00,1.0680840000000003,1.6144691999999998,1.0236784,1.070778,0.1568158,0.012473,0.819807,0.821625
2006/8/25 0:00,1.0741714,1.6131432,1.0335687999999998,1.06889,0.1554952,0.012549,0.818867,0.82149
2006/8/26 0:00,1.0741714,1.592774,1.0335688,1.067156,0.1554952,0.012531,0.818867,0.818867
2006/8/27 0:00,1.0703974,1.5978044,1.0234315999999999,1.073077,0.1568036,0.012559,0.820075,0.820749
2006/8/28 0:00,1.0680938,1.5945664,1.0221138,1.074587,0.1569044,0.012522,0.819403,0.821828
2006/8/29 0:00,1.0664614000000001,1.6025952,1.0212679999999998,1.07257,0.15695140000000002,0.012483,0.819504,0.827404
2006/8/30 0:00,1.0741714,1.5872498,1.0335687999999998,1.064147,0.1554952,0.012423,0.817528,0.82631
2006/8/31 0:00,1.0741714,1.610128,1.0335687999999998,1.065496,0.1554952,0.012427,0.816526,0.825287
2006/9/1 0:00,1.069774,1.5683192,1.0271173999999998,1.05994,0.1558812,0.012475,0.81626,0.82481
2006/9/2 0:00,1.0741714,1.5713178,1.0335687999999998,1.061154,0.1554952,0.012456,0.817261,0.827678
2006/9/3 0:00,1.0741714,1.5645684000000002,1.0335688,1.057865,0.1554952,0.012519,0.817511,0.8259
2006/9/4 0:00,0.8469977999999999,1.5993306,0.9999124,1.057027,0.159933,0.012538,0.817595,0.816793
2006/9/5 0:00,0.71976,1.6194904,0.9879334,1.054519,0.16009,0.012582,0.817207,0.814399
2006/9/6 0:00,0.7840142,1.6194904,0.9879334,1.054419,0.160123,0.012579,0.816393,0.814067
2006/9/7 0:00,0.8477492,1.5802662,0.9861712,1.054841,0.160411,0.012591,0.817528,0.817394
2006/9/8 0:00,0.8367125999999999,1.5734536,0.9890976,1.056,0.160421,0.01259,0.817641,0.819471
2006/9/9 0:00,0.8473146,1.6108391999999998,0.9988084,1.058313,0.160555,0.012469,0.818264,0.811293
2006/9/10 0:00,0.7950198,1.616673,0.9904868,1.061571,0.160346,0.012319,0.81626,0.809389
2006/9/11 0:00,0.8699098,1.594036,0.9962822000000001,1.055543,0.160313,0.012305,0.813802,0.808571
2006/9/12 0:00,0.71976,1.6118090000000003,0.9969044,1.057272,0.160254,0.0123,0.81473,0.812546
2006/9/13 0:00,0.71976,1.5926288,1.0013055999999998,1.063377,0.160303,0.012321,0.81706,0.81813
2006/9/14 0:00,0.774366,1.588012,0.9881780000000001,1.063683,0.160308,0.012237,0.7924932,0.814797
2006/9/15 0:00,0.71976,1.5541424,0.9893628,1.064566,0.160431,0.012142,0.7853964,0.811754
2006/9/16 0:00,0.7766268000000001,1.5697782,0.9718766000000001,1.06849,0.160382,0.012111,0.7807904000000001,0.81493
2006/9/17 0:00,0.7743363999999999,1.5871304,0.983179,1.075489,0.160439,0.012146,0.8045392,0.823859
2006/9/18 0:00,0.7743363999999999,1.5988504000000001,1.0022868,1.076739,0.160444,0.012135,0.81037,0.824029
2006/9/19 0:00,0.71976,1.606945,0.9792332,1.076855,0.160601,0.012177,0.8140734000000001,0.821895
2006/9/20 0:00,0.71976,1.6001244,0.9799405999999999,1.074114,0.160679,0.012156,0.8091190000000001,0.821052
2006/9/21 0:00,0.71976,1.5763704,0.9803498000000002,1.073687,0.160663,0.012214,0.8091654,0.82291
2006/9/22 0:00,0.71976,1.602564,0.9970482,1.076374,0.160434,0.012182,0.8141202,0.821625
2006/9/23 0:00,0.71976,1.602256,0.9965212000000001,1.079331,0.160475,0.012116,0.8052612,0.819706
2006/9/24 0:00,0.71976,1.601255,0.9845994000000001,1.078423,0.160576,0.012123,0.8097540000000001,0.820143
2006/9/25 0:00,1.0056466,1.601255,0.9199219999999999,1.0495144,0.160576,0.012119,0.7695738,0.820143
2006/9/26 0:00,0.9794813999999998,1.609956,0.919922,1.081795,0.160514,0.012157,0.78352,0.821659
2006/9/27 0:00,1.0172263999999998,1.609852,0.919922,1.0623608,0.160599,0.012215,0.775859,0.824436
2006/9/28 0:00,1.00834,1.609749,0.919922,1.0445114,0.16056,0.012142,0.770346,0.824674
2006/9/29 0:00,1.0099366,1.60689,0.919922,1.0500912,0.160534,0.012151,0.771695,0.832709
2006/9/30 0:00,1.0056466,1.603052,0.9324762,1.0416436,0.160632,0.012137,0.7695738,0.832882
2006/10/1 0:00,1.0056466,1.603643,0.9324762,1.0416436,0.160627,0.012123,0.7695738,0.832535
2006/10/2 0:00,1.0056466,1.603643,0.9324762,1.0416436,0.160627,0.012123,0.7695738,0.832535
2006/10/3 0:00,0.9700925999999999,1.5731834,0.9504471999999999,1.0680018,0.160393,0.012139,0.780546,0.834168
2006/10/4 0:00,0.9933919999999998,1.5731834,0.9802598,1.0460796,0.160097,0.012134,0.7675098000000001,0.837872
2006/10/5 0:00,0.9846351999999999,1.5825399999999998,0.9829206000000001,1.0217752,0.159752,0.011969,0.7655323999999999,0.843846
2006/10/6 0:00,0.7180000000000001,1.5594272,0.8044034,0.9190014,0.160072,0.011971,0.819941,0.844096
2006/10/7 0:00,0.7180000000000001,1.5851309999999998,0.8048206,0.9190014,0.160097,0.011973,0.820277,0.846346
2006/10/8 0:00,0.7180000000000001,1.5851309999999998,0.8048206,0.9190014,0.160097,0.011974,0.820277,0.846346
2006/10/9 0:00,0.718,1.5945154000000001,0.7286317999999999,0.8689736,0.1567434,0.011942,0.819907,0.844238
2006/10/10 0:00,0.7180000000000001,1.5945154000000001,0.7286317999999999,0.8689736,0.15464740000000002,0.011902,0.821392,0.842212
2006/10/11 0:00,0.72096,1.5814870000000003,0.7286317999999999,0.8689736,0.15464740000000002,0.011859,0.820839,0.83675
2006/10/12 0:00,0.72096,1.6009638,0.7286317999999999,0.8689736,0.15701179999999998,0.011856,0.820546,0.833229
2006/10/13 0:00,0.7180000000000001,1.5527856,0.7286317999999999,0.9107048000000001,0.1593394,0.011888,0.8188,0.824368
2006/10/14 0:00,0.7196,1.5669988,0.7286317999999999,0.8691227999999999,0.1569552,0.011872,0.819169,0.82352
2006/10/15 0:00,0.7162,1.5620387999999998,0.7286317999999999,0.8682654,0.1578484,0.011789,0.818599,0.822571
2006/10/16 0:00,0.7162,1.5567921999999998,0.7286317999999999,0.8682654,0.1593766,0.011788,0.818833,0.821558
2006/10/17 0:00,0.71702,1.5945154000000001,0.7286318,0.8668037999999999,0.1464598,0.011675,0.817461,0.815894
2006/10/18 0:00,1.036044,1.5945154000000001,0.9258616,0.9687439999999998,0.1464598,0.011623,0.817799,0.817361
2006/10/19 0:00,1.038152,1.5809498,0.9377037999999999,1.0280444,0.152257,0.011613,0.817461,0.820883
2006/10/20 0:00,1.036801,1.5717762,0.9258616,1.0374665999999997,0.15491319999999997,0.01163,0.817194,0.81984
2006/10/21 0:00,1.03895,1.5704262000000002,0.9369558,1.021139,0.149512,0.011551,0.818666,0.826856
2006/10/22 0:00,1.039501,1.5704262000000002,0.9460984,1.041359,0.15246900000000002,0.01153,0.818867,0.827369
2006/10/23 0:00,1.049296,1.5945154000000001,0.9381347999999999,0.9913319999999999,0.14939200000000002,0.01148,0.819205,0.833854
2006/10/24 0:00,1.051431,1.614857,0.9477154000000001,1.1026514,0.1490894,0.011501,0.818264,0.832258
2006/10/25 0:00,1.045538,1.604235,0.8801544,0.9622075999999999,0.14718599999999998,0.011345,0.813739,0.828844
2006/10/26 0:00,1.048196,1.607149,0.8608439999999999,0.9228083999999999,0.1500322,0.011345,0.81473,0.831843
2006/10/27 0:00,1.0483,1.607149,0.8960068,0.9647114,0.1500322,0.011345,0.814598,0.831843
2006/10/28 0:00,1.048141,1.608493,0.9152904,0.9847382,0.1580378,0.011402,0.812546,0.835143
2006/10/29 0:00,1.048647,1.603849,0.9938694000000001,1.0957064,0.1551374,0.011475,0.81314,0.834376
2006/10/30 0:00,1.051668,1.602436,0.9911606000000001,1.1454568,0.1529924,0.011376,0.815106,0.83956
2006/10/31 0:00,1.0573,1.612123,0.7585903999999999,1.091167,0.1572828,0.01134,0.817631,0.842212
2006/11/1 0:00,1.054241,1.613476,0.8081381999999999,1.096792,0.14908439999999998,0.01121,0.816263,0.837311
2006/11/2 0:00,1.053497,1.613254,0.8081381999999999,1.094751,0.1490844,0.011214,0.816093,0.836645
2006/11/3 0:00,1.053497,1.613254,0.8081381999999999,1.094691,0.14908439999999998,0.011214,0.816193,0.836645
2006/11/4 0:00,1.056067,1.607071,0.8081381999999999,1.090162,0.1489562,0.011195,0.815498,0.839701
2006/11/5 0:00,1.0562,1.609269,0.8081381999999999,1.077818,0.1492754,0.011275,0.816163,0.839137
2006/11/6 0:00,1.05605,1.600986,0.8997818000000001,1.073693,0.15747499999999998,0.011286,0.817498,0.841043
2006/11/7 0:00,1.053769,1.598849,0.8532755999999999,1.071541,0.1572198,0.011183,0.817595,0.841008
2006/11/8 0:00,1.049362,1.587352,0.7585903999999999,1.070034,0.1569144,0.011125,0.8149,0.834829
2006/11/9 0:00,1.050801,1.586848,0.7585903999999999,1.069862,0.1579002,0.011097,0.814531,0.837135
2006/11/10 0:00,1.050801,1.586848,0.7585903999999999,1.069976,0.1579002,0.011094,0.814531,0.837135
2006/11/11 0:00,1.051353,1.582003,0.8506648,1.072685,0.1579002,0.011139,0.8142,0.836645
2006/11/12 0:00,1.055554,1.586294,0.854133,1.077122,0.15720119999999999,0.011291,0.814531,0.839772
2006/11/13 0:00,1.055147,1.584623,0.854133,1.075697,0.157475,0.011306,0.815129,0.842851
2006/11/14 0:00,1.046501,1.578233,0.7585903999999999,1.076032,0.14984959999999997,0.011108,0.814001,0.838891
2006/11/15 0:00,1.042063,1.579654,0.7585903999999999,1.080824,0.1482612,0.010986,0.808996,0.837416
2006/11/16 0:00,1.0424,1.580353,0.7585903999999999,1.079447,0.1414402,0.011004,0.810241,0.837276
2006/11/17 0:00,1.04215,1.580353,0.7585904000000001,1.079214,0.1414402,0.011007,0.810964,0.837276
2006/11/18 0:00,1.040161,1.568874,0.7585904000000001,1.078464,0.1402802,0.011022,0.807689,0.830875
2006/11/19 0:00,1.046507,1.575051,0.7585903999999999,1.08481,0.1414402,0.011033,0.810373,0.837521
2006/11/20 0:00,1.042449,1.579405,0.7585903999999999,1.096191,0.1334482,0.010979,0.809848,0.831497
2006/11/21 0:00,1.042731,1.585376,0.7585903999999999,1.099155,0.14022099999999998,0.010951,0.807764,0.839137
2006/11/22 0:00,1.041536,1.574456,0.8109052,1.107168,0.140152,0.010813,0.806517,0.846776
2006/11/23 0:00,1.040101,1.5696,0.7585903999999999,1.102828,0.140152,0.010778,0.806062,0.845309
2006/11/24 0:00,1.040599,1.569551,1.0099312,1.102791,0.1571728,0.011788799999999999,0.806062,0.84513
2006/11/25 0:00,1.042503,1.574307,0.9841106,1.100722,0.1568136,0.011372799999999999,0.806452,0.845916
2006/11/26 0:00,1.038707,1.564749,1.0066042000000002,1.100897,0.1574144,0.012229599999999998,0.807833,0.844309
2006/11/27 0:00,1.032002,1.565423,0.9884001999999998,1.098961,0.15927200000000002,0.0121858,0.807983,0.842673
2006/11/28 0:00,1.028542,1.569206,0.9889246,1.089799,0.15953820000000002,0.0115246,0.806192,0.830392
2006/11/29 0:00,1.031662,1.580815,1.0036946,1.089253,0.1589496,0.0126698,0.808016,0.835178
2006/11/30 0:00,1.031848,1.579854,1.0036946,1.088613,0.1589496,0.0126698,0.807689,0.836225
2006/12/1 0:00,1.031848,1.579854,1.0036946,1.08885,0.1589496,0.0126698,0.807624,0.836225
2006/12/2 0:00,1.028627,1.566747,0.9889246,1.088074,0.15920779999999998,0.012,0.80612,0.8371
2006/12/3 0:00,1.03105,1.565435,0.9884002000000001,1.090477,0.15999880000000002,0.012635799999999999,0.807233,0.84207
2006/12/4 0:00,1.034244,1.553688,0.9894757999999999,1.089437,0.1589048,0.012458,0.80796,0.840407
2006/12/5 0:00,1.035084,1.549799,0.9925914,1.082497,0.159287,0.0124624,0.809389,0.847099
2006/12/6 0:00,1.030174,1.552373,0.9794623999999998,1.084175,0.1615824,0.012811,0.807823,0.84563
2006/12/7 0:00,1.029999,1.551699,0.9775798000000002,1.084952,0.1615824,0.012811,0.808342,0.845166
2006/12/8 0:00,1.029999,1.551735,0.9775798000000002,1.085187,0.1615824,0.012811,0.808277,0.844916
2006/12/9 0:00,1.029601,1.547149,0.9775798000000002,1.083072,0.1615824,0.012811,0.806793,0.845309
2006/12/10 0:00,1.035047,1.543305,0.9925914,1.084875,0.159287,0.0120118,0.8081,0.848284
2006/12/11 0:00,1.028373,1.529754,0.9284966000000001,1.081888,0.16009259999999997,0.0119644,0.7565746000000001,0.8364
2006/12/12 0:00,1.025336,1.525716,0.9530103999999999,1.073572,0.1549744,0.0117824,0.7469824,0.834864
2006/12/13 0:00,1.031151,1.525949,0.941135,1.073843,0.1543102,0.0117854,0.7382884,0.838223
2006/12/14 0:00,1.032098,1.516438,0.9791292,1.076137,0.15937059999999997,0.0126114,0.7839356000000001,0.837977
2006/12/15 0:00,1.033053,1.516438,0.9930405999999999,1.076195,0.15794419999999998,0.012611800000000001,0.7941106,0.837977
2006/12/16 0:00,1.028748,1.512173,0.9762677999999999,1.074905,0.16009259999999997,0.012604599999999999,0.7834674,0.838399
2006/12/17 0:00,0.9246166,1.512493,0.9246162,1.072214,0.1448256,0.0100966,0.7668455999999999,0.8243
2006/12/18 0:00,0.8588124,1.513145,0.8961604000000001,1.073768,0.137609,0.0099632,0.7722401999999999,0.823316
2006/12/19 0:00,1.0197778,1.51873,0.9721888,1.071237,0.161557,0.0109438,0.7929312000000001,0.828672
2006/12/20 0:00,0.9314878,1.50263,0.9672656,1.057921,0.15160639999999997,0.0102856,0.804616,0.824606
2006/12/21 0:00,0.9085192000000001,1.50385,0.9632506,1.060333,0.1358824,0.0104606,0.804108,0.825151
2006/12/22 0:00,0.8863984,1.508182,0.9521894,1.061104,0.1528016,0.0112132,0.8094357999999999,0.822774
2006/12/23 0:00,0.8628422,1.51046,0.8837648,1.060327,0.1378512,0.00963,0.7948834,0.829738
2006/12/24 0:00,0.8932728000000001,1.503771,0.9829101999999998,1.055754,0.14615799999999998,0.0097298,0.7921429999999999,0.830599
2006/12/25 0:00,0.9670240000000001,1.503488,0.9569222,1.060344,0.1456744,0.0104836,0.80257,0.827096
2006/12/26 0:00,0.9967018,1.492103,0.8427876,1.048493,0.15766080000000002,0.010054,0.8057596,0.819672
2006/12/27 0:00,1.0103544,1.492103,0.8352755999999999,1.050806,0.16045979999999999,0.0110838,0.7937702,0.821794
2006/12/28 0:00,1.0103544,1.491747,0.8352755999999999,1.050696,0.1623514,0.0106152,0.7945173999999999,0.822064
2006/12/29 0:00,0.9852188,1.489758,0.9669838000000001,1.05287,0.1521982,0.010394,0.7983439999999999,0.825423
2006/12/30 0:00,0.9440006000000001,1.489203,0.9554792000000001,1.056028,0.1464,0.010425,0.7957666,0.825219
2006/12/31 0:00,0.9486706,1.492203,0.9572828,1.049489,0.1464,0.01041,0.7957029999999999,0.825593
2007/1/1 0:00,0.9486706,1.508569,0.9572828000000001,1.056022,0.160923,0.010435,0.7999238,0.822571
2007/1/2 0:00,0.9486706,1.512459,0.9572828,1.063994,0.160927,0.010485,0.803904,0.827198
2007/1/3 0:00,0.9486706,1.511544,0.9572828,1.065303,0.160928,0.010494,0.803904,0.827438
2007/1/4 0:00,0.9486706,1.511544,0.9572828,1.065303,0.16116,0.010496,0.803904,0.827438
2007/1/5 0:00,1.039933,1.51167,0.9139304000000001,1.058896,0.16088,0.010506,0.8072817999999999,0.825866
2007/1/6 0:00,1.036549,1.510551,0.8325416000000001,1.054841,0.160896,0.010517,0.8073689999999999,0.823791
2007/1/7 0:00,1.039393,1.512745,0.974431,1.059305,0.160932,0.010468,0.8144038,0.822571
2007/1/8 0:00,1.043776,1.516369,0.975976,1.056267,0.160898,0.010678799999999999,0.7912576,0.831878
2007/1/9 0:00,1.044403,1.6051441999999998,0.977804,1.061954,0.16105,0.0120812,0.8043998,0.83462
2007/1/10 0:00,1.044299,1.6051441999999998,0.977565,1.062248,0.160974,0.012084000000000001,0.7970733999999999,0.836225
2007/1/11 0:00,1.044299,1.6051441999999998,0.977565,1.062248,0.160974,0.012084000000000001,0.7970733999999999,0.836225
2007/1/12 0:00,1.044998,1.5867194,0.978378,1.054118,0.161071,0.012081200000000002,0.8101951999999999,0.83462
2007/1/13 0:00,1.047554,1.6049440000000001,0.98256,1.053752,0.160984,0.011801800000000001,0.8101868000000001,0.837381
2007/1/14 0:00,1.04383,1.5824586,0.98341,1.048273,0.160904,0.0121434,0.8118876,0.8284119999999999
2007/1/15 0:00,1.041271,1.604289,0.983961,1.053852,0.16097,0.0121434,0.8183364,0.8285062
2007/1/16 0:00,1.04094,1.5819896,0.982772,1.052964,0.160871,0.0117984,0.8188190000000001,0.8295622
2007/1/17 0:00,1.041499,1.5819896,0.982898,1.052798,0.160914,0.0117984,0.8188190000000001,0.8295622
2007/1/18 0:00,1.041499,1.604289,0.982898,1.053463,0.161093,0.0121434,0.8188190000000001,0.8285062
2007/1/19 0:00,1.042949,1.5616219999999998,0.983768,1.056585,0.161423,0.0114486,0.8162557999999999,0.8291484
2007/1/20 0:00,1.045402,1.6048850000000001,0.985717,1.054396,0.161324,0.0120638,0.8157338,0.828838
2007/1/21 0:00,1.047861,1.5856945999999998,0.987006,1.057608,0.161267,0.0117496,0.8155298,0.8298669999999999
2007/1/22 0:00,1.040031,1.5863720000000001,0.98684,1.058604,0.16126,0.011753000000000001,0.818717,0.8259890000000001
2007/1/23 0:00,1.038346,1.5857801999999999,0.982999,1.071984,0.161231,0.0124352,0.8169152000000001,0.8190304000000002
2007/1/24 0:00,1.042753,1.604289,0.986388,1.062727,0.161232,0.0121434,0.8173632,0.8285062
2007/1/25 0:00,1.037597,1.5888848,0.986388,1.070687,0.16121,0.012641,0.8185068000000001,0.8182946000000001
2007/1/26 0:00,1.039679,1.6071605999999998,0.981123,1.069576,0.161221,0.012143200000000002,0.8178179999999999,0.8306408000000001
2007/1/27 0:00,1.049164,1.6048078000000001,0.985154,1.073048,0.161149,0.0120268,0.8173043999999999,0.829853
2007/1/28 0:00,1.053707,1.5679569999999998,0.984931,1.072035,0.161466,0.0123492,0.8169420000000001,0.8251376
2007/1/29 0:00,1.054902,1.6029311999999998,0.989218,1.075032,0.161348,0.0121748,0.8171292000000001,0.8288118000000001
2007/1/30 0:00,1.050547,1.6076332,0.986777,1.076542,0.161483,0.0124692,0.8169758,0.8197293999999999
2007/1/31 0:00,1.050001,1.6046652000000001,0.98668,1.0784,0.161486,0.0121882,0.819089,0.823415
2007/2/1 0:00,1.0509,1.6050486,0.98668,1.078283,0.161488,0.011852000000000001,0.8181217999999999,0.8314755999999999
2007/2/2 0:00,1.037646,1.5886356,0.978565,1.07461,0.161653,0.0121368,0.8172126000000001,0.8219436
2007/2/3 0:00,1.039301,1.6067228,0.979259,1.085329,0.161749,0.0119926,0.8197265999999999,0.828267
2007/2/4 0:00,1.029898,1.5516564,0.973753,1.073341,0.161983,0.0123868,0.8176658,0.8265204
2007/2/5 0:00,1.030137,1.5548027999999998,0.974854,1.074281,0.161732,0.012358400000000002,0.8186742,0.8254658000000001
2007/2/6 0:00,1.029484,1.5676805999999999,0.974336,1.072685,0.161888,0.0125146,0.8174379999999999,0.8210858
2007/2/7 0:00,1.0294,1.53486,0.974184,1.0776662000000001,0.161807,0.0108132,0.8074709999999999,0.8402455999999999
2007/2/8 0:00,1.027802,1.5558192000000002,0.974232,1.082854,0.161875,0.0108294,0.7933576,0.817107
2007/2/9 0:00,1.025546,1.5320326,0.973961,1.0707426,0.161749,0.0108084,0.7976528,0.8182143999999999
2007/2/10 0:00,1.025452,1.5320326,0.974564,1.0707426,0.161849,0.0108084,0.7976528,0.8182143999999999
2007/2/11 0:00,1.026388,1.5598542,0.973881,1.0425658,0.161801,0.0118096,0.7997946,0.845988
2007/2/12 0:00,1.0313,1.5537509999999999,0.9807,1.063664,0.162008,0.0104398,0.782115,0.852515
2007/2/13 0:00,1.028468,1.5514686000000002,0.983294,1.0659424000000002,0.162261,0.0102282,0.7912038,0.849005
2007/2/14 0:00,1.02805,1.5514686000000002,0.982801,1.0659424,0.162242,0.0102284,0.7912038,0.847925
2007/2/15 0:00,1.02805,1.5514686000000002,0.982801,1.0659424,0.162236,0.0102284,0.7912038,0.847925
2007/2/16 0:00,1.035299,1.550748,0.987928,0.9310332000000001,0.16229,0.0099254,0.7350344000000001,0.856751
2007/2/17 0:00,1.036001,1.553193,0.992462,0.9310331999999999,0.162181,0.0098498,0.7593624,0.856898
2007/2/18 0:00,1.028849,1.559211,0.992019,0.892368,0.162194,0.0098724,0.7593536000000001,0.849618
2007/2/19 0:00,1.025925,1.553398,0.991881,0.9820342,0.162495,0.0098498,0.7593624,0.849654
2007/2/20 0:00,1.031199,1.555658,0.99167,0.922074,0.162454,0.0098724,0.7593536000000001,0.853898
2007/2/21 0:00,1.032002,1.557244,0.992113,0.9243402,0.162464,0.0098724,0.7593536000000001,0.853279
2007/2/22 0:00,1.026252,1.557244,0.992113,0.8316882,0.1328234,0.0103558,0.6921428,0.853279
2007/2/23 0:00,1.024711,1.554497,0.992556,0.937159,0.14168339999999996,0.0109362,0.7193968,0.851644
2007/2/24 0:00,1.01775,1.548479,0.994743,0.9393114,0.15206559999999997,0.0115924,0.7364666000000001,0.845309
2007/2/25 0:00,1.01818,1.555125,0.997108,0.8253931999999999,0.132401,0.0111604,0.7354116,0.838785
2007/2/26 0:00,1.017636,1.548827,0.99681,0.9393114,0.15199159999999998,0.011591,0.7548522,0.843241
2007/2/27 0:00,1.002195,1.534919,0.988426,0.9990843999999999,0.1496666,0.011943,0.7607956,0.831221
2007/2/28 0:00,1.001101,1.536452,0.989462,0.9871652,0.1414166,0.0119544,0.74718,0.830254
2007/3/1 0:00,1.001101,1.536452,0.989462,0.9871652,0.1414166,0.0119544,0.74718,0.830254
2007/3/2 0:00,0.994382,1.529204,0.989423,1.0399116,0.1497736,0.011999400000000002,0.7854794,0.823757
2007/3/3 0:00,0.989462,1.524111,0.984678,0.9936264000000001,0.145176,0.0114192,0.76971,0.819706
2007/3/4 0:00,0.987752,1.522684,0.982994,0.8632512,0.1645956,0.009773,0.7831482,0.821895
2007/3/5 0:00,0.9843,1.531054,0.983768,0.8676753999999999,0.16482000000000002,0.009802,0.7830499999999999,0.818398
2007/3/6 0:00,0.974042,1.517393,0.973146,0.8676753999999999,0.1557626,0.009705,0.7834266,0.807461
2007/3/7 0:00,0.97281,1.517048,0.972701,0.8676754000000001,0.138255,0.009685,0.7857352000000001,0.806354
2007/3/8 0:00,0.97281,1.517048,0.972701,0.8676753999999999,0.120824,0.009685,0.794095,0.806354
2007/3/9 0:00,0.981306,1.524402,0.975686,0.8676754000000001,0.120824,0.009774,0.79694,0.81626
2007/3/10 0:00,0.981884,1.516059,0.974564,0.8676753999999999,0.120824,0.009753,0.793966,0.817595
2007/3/11 0:00,0.969415,1.505899,0.964958,0.8676753999999999,0.120824,0.009678,0.789515,0.807657
2007/3/12 0:00,0.974469,1.511156,0.969833,0.8676753999999999,0.120824,0.009828,0.791452,0.814332
2007/3/13 0:00,0.964041,1.512653,0.967586,0.8676754000000001,0.120824,0.009904,0.790611,0.808309
2007/3/14 0:00,0.964785,1.512642,0.96903,0.8676754000000001,0.120824,0.009869,0.79107,0.809848
2007/3/15 0:00,0.967492,1.512642,0.96903,0.8676754000000001,0.120824,0.009869,0.79107,0.809848
2007/3/16 0:00,0.963066,1.50981,0.967394,0.8676754000000001,0.120824,0.009892,0.792707,0.808407
2007/3/17 0:00,0.963577,1.505197,0.962473,1.026446,0.1607978,0.009795,0.787929,0.809029
2007/3/18 0:00,0.962881,1.511453,0.965517,1.037398,0.16079780000000002,0.009902,0.789394,0.812381
2007/3/19 0:00,0.966978,1.521398,0.970214,1.048878,0.1605064,0.009908,0.795102,0.808211
2007/3/20 0:00,0.959739,1.517658,0.965978,1.041694,0.163004,0.009918,0.789917,0.796242
2007/3/21 0:00,0.978809,1.534601,0.8325416000000001,1.060209,0.163087,0.010092,0.800163,0.810701
2007/3/22 0:00,0.961862,1.529099,0.7585903999999999,1.055014,0.163167,0.009994,0.797547,0.797416
2007/3/23 0:00,0.953334,1.539788,0.8325416000000001,1.060547,0.163191,0.010074,0.800644,0.793588
2007/3/24 0:00,0.959923,1.561183,0.7585903999999999,1.074737,0.162967,0.010288,0.803052,0.802343
2007/3/25 0:00,0.948092,1.554847,0.9495236,1.070131,0.163039,0.010246,0.801029,0.787247
2007/3/26 0:00,0.949487,1.555839,0.9495236,1.068262,0.163039,0.010252,0.800644,0.788768
2007/3/27 0:00,0.950029,1.555839,0.950431,1.068262,0.163039,0.010252,0.800644,0.788768
2007/3/28 0:00,0.946647,1.557608,0.8001308,1.071444,0.163039,0.01014,0.794906,0.789858
2007/3/29 0:00,0.941886,1.560281,0.8004058000000001,1.078912,0.163039,0.010387,0.795843,0.785793
2007/3/30 0:00,0.950074,1.567644,0.9186824,1.084305,0.163039,0.010426,0.79783,0.798244
2007/3/31 0:00,0.960108,1.568627,0.8325416000000001,1.084287,0.163015,0.010554,0.799392,0.804182
2007/4/1 0:00,0.958819,1.569477,0.8325416000000001,1.08537,0.163111,0.010616,0.798891,0.805445
2007/4/2 0:00,0.956892,1.570648,0.8325416000000001,1.085464,0.163111,0.010628,0.798993,0.805056
2007/4/3 0:00,0.956892,1.570648,0.8325416000000001,1.085464,0.163111,0.010628,0.798993,0.805056
2007/4/4 0:00,0.953971,1.570389,0.7585903999999999,1.08045,0.1253928,0.010536,0.797057,0.799456
2007/4/5 0:00,0.949532,1.565043,0.9186824,1.088198,0.1253928,0.010501,0.792519,0.800833
2007/4/6 0:00,0.95388,1.566551,0.7585904000000001,1.088678,0.1253928,0.010498,0.795988,0.804182
2007/4/7 0:00,0.919794,1.547748,0.7585903999999999,1.077737,0.1605572,0.010204,0.785093,0.774054
2007/4/8 0:00,0.922765,1.543615,0.7585903999999999,1.071541,0.1640514,0.010244,0.784446,0.775104
2007/4/9 0:00,0.926698,1.544103,0.7585903999999999,1.072179,0.1642864,0.010238,0.783374,0.775795
2007/4/10 0:00,0.926655,1.541307,0.7585903999999999,1.065769,0.1343648,0.010232,0.788967,0.773994
2007/4/11 0:00,0.926741,1.530925,0.7585904000000001,1.060013,0.1605572,0.010236,0.784899,0.778665
2007/4/12 0:00,0.928031,1.525483,0.7585903999999999,1.056954,0.1343648,0.010165,0.789833,0.778938
2007/4/13 0:00,0.913826,1.519387,0.7585903999999999,1.057479,0.1343648,0.010074,0.788597,0.773694
2007/4/14 0:00,0.913993,1.521248,0.7585904000000001,1.058369,0.1343648,0.010086,0.789163,0.774353
2007/4/15 0:00,0.914244,1.521248,0.7585903999999999,1.058369,0.1343648,0.010086,0.789163,0.774353
2007/4/16 0:00,0.923404,1.521514,0.7585903999999999,1.056848,0.1343648,0.010035,0.790648,0.781158
2007/4/17 0:00,0.914119,1.515014,0.7585903999999999,1.052615,0.15205960000000002,0.009933,0.78646,0.774893
2007/4/18 0:00,0.907153,1.528129,0.7585903999999999,1.055922,0.1605572,0.010007,0.78533,0.777091
2007/4/19 0:00,0.915961,1.507523,0.7585903999999999,1.044343,0.16055719999999998,0.009994,0.785416,0.784037
2007/4/20 0:00,0.90551,1.490957,0.7585903999999999,1.038972,0.1434038,0.0099,0.780783,0.769675
2007/4/21 0:00,0.906906,1.489048,0.7585903999999999,1.037075,0.1434038,0.009883,0.780363,0.770951
2007/4/22 0:00,0.906906,1.489048,0.7585903999999999,1.037075,0.1434038,0.009883,0.780363,0.770951
2007/4/23 0:00,0.912492,1.494199,0.7501624,1.037092,0.16133640000000002,0.009908,0.78139,0.780183
2007/4/24 0:00,0.917473,1.485696,0.7585903999999999,1.028029,0.1613364,0.009902,0.782298,0.786102
2007/4/25 0:00,0.914955,1.493083,0.7447874,1.035449,0.1640514,0.009963,0.784778,0.780457
2007/4/26 0:00,0.913784,1.512814,0.7585903999999999,1.054035,0.1253928,0.010071,0.792302,0.779484
2007/4/27 0:00,0.9051,1.510951,0.7585903999999999,1.056798,0.1611332,0.010062,0.792176,0.778119
2007/4/28 0:00,0.904895,1.511042,0.7585903999999999,1.056524,0.1611332,0.010078,0.792079,0.777968
2007/4/29 0:00,0.904895,1.511042,0.7585903999999999,1.056524,0.1611332,0.010078,0.792079,0.777968
2007/4/30 0:00,0.908884,1.508944,0.7585903999999999,1.053569,0.1253928,0.010009,0.79154,0.780671
2007/5/1 0:00,0.923788,1.512436,0.7585903999999999,1.062524,0.1253928,0.010087,0.793692,0.788675
2007/5/2 0:00,0.923233,1.521954,0.7585903999999999,1.064566,0.1253928,0.01005,0.79377,0.789952
2007/5/3 0:00,0.916842,1.522244,0.7585903999999999,1.058957,0.1343648,0.009952,0.78973,0.790014
2007/5/4 0:00,0.919413,1.526321,0.7585903999999999,1.062473,0.1343648,0.009969,0.790611,0.794092
2007/5/5 0:00,0.917389,1.526951,0.7585903999999999,1.062756,0.1343648,0.009936,0.789621,0.793273
2007/5/6 0:00,0.918991,1.526951,0.7585903999999999,1.062756,0.1343648,0.009936,0.789621,0.793273
2007/5/7 0:00,0.925455,1.536098,0.7585903999999999,1.068959,0.1253928,0.010047,0.793188,0.796432
2007/5/8 0:00,0.928591,1.537752,0.7585903999999999,1.068753,0.1343648,0.010046,0.791434,0.799424
2007/5/9 0:00,0.914913,1.529953,0.7585903999999999,1.065871,0.1343648,0.009968,0.7876,0.79186
2007/5/10 0:00,0.922637,1.535851,0.7585904000000001,1.072961,0.1343648,0.010047,0.789048,0.807559
2007/5/11 0:00,0.925369,1.538651,0.7585904000000001,1.078109,0.1343648,0.010194,0.791014,0.808375
2007/5/12 0:00,0.926312,1.538355,0.7585903999999999,1.076948,0.1343648,0.010173,0.791011,0.808669
2007/5/13 0:00,0.926312,1.538355,0.7585903999999999,1.076948,0.1343648,0.010173,0.791011,0.808669
2007/5/14 0:00,0.919118,1.534295,0.7585903999999999,1.073641,0.1343648,0.010223,0.78954,0.801603
2007/5/15 0:00,0.905518,1.523206,0.7585904000000001,1.074824,0.16078960000000003,0.010199,0.786414,0.796972
2007/5/16 0:00,0.89658,1.519099,0.9480071999999999,1.077993,0.1642198,0.010175,0.784274,0.796147
2007/5/17 0:00,0.893895,1.513203,0.8365324,1.068616,0.1642864,0.010056,0.783475,0.788208
2007/5/18 0:00,0.891504,1.528269,0.946569,1.077522,0.1646878,0.009611,0.786513,0.784806
2007/5/19 0:00,0.890591,1.528748,0.946569,1.076206,0.1646336,0.0096054,0.786565,0.783331
2007/5/20 0:00,0.890591,1.528748,0.946569,1.076206,0.1646336,0.0096054,0.786565,0.783331
2007/5/21 0:00,0.890948,1.535108,0.946569,1.077058,0.1646852,0.009664,0.787299,0.780122
2007/5/22 0:00,0.898957,1.53657,0.9496752,1.07996,0.1643246,0.009706999999999999,0.78883,0.790701
2007/5/23 0:00,0.900293,1.550099,0.9506249999999999,1.08593,0.1646068,0.009723,0.789238,0.796686
2007/5/24 0:00,0.911785,1.554569,0.8988586,0.8310306000000001,0.14724920000000002,0.009758,0.794199,0.802858
2007/5/25 0:00,0.919667,1.551362,0.8175230000000001,0.8479981999999999,0.13664340000000003,0.0097302,0.795535,0.803859
2007/5/26 0:00,0.919033,1.550604,0.7630154,0.8479981999999999,0.1366434,0.009746399999999999,0.795267,0.803859
2007/5/27 0:00,0.919033,1.550604,0.972039,1.0752523999999997,0.16401079999999998,0.009867200000000001,0.795267,0.803859
2007/5/28 0:00,0.91529,1.546946,0.970436,1.08118,0.1648844,0.010041999999999999,0.79261,0.801507
2007/5/29 0:00,0.909298,1.544747,0.96651,1.071381,0.1642732,0.0097506,0.788815,0.795355
2007/5/30 0:00,0.9132,1.550556,0.967853,1.068644,0.1642732,0.0097922,0.786739,0.803213
2007/5/31 0:00,0.913034,1.562988,0.969749,0.9271908,0.1556816,0.0097922,0.787997,0.80694
2007/6/1 0:00,0.917557,1.561853,0.966277,0.9972311999999999,0.1547726,0.0102522,0.786225,0.809487
2007/6/2 0:00,0.918358,1.562805,0.967459,0.9972311999999999,0.155005,0.010243599999999999,0.78725,0.810307
2007/6/3 0:00,0.918358,1.562842,0.967459,0.9972311999999999,0.155005,0.010243599999999999,0.78725,0.810143
2007/6/4 0:00,0.912284,1.565889,0.966931,0.9271908,0.1642864,0.009808399999999998,0.783331,0.807005
2007/6/5 0:00,0.908637,1.567226,0.962543,0.8643192000000001,0.16405140000000001,0.0097776,0.784541,0.798085
2007/6/6 0:00,0.903261,1.569095,0.957446,0.8541284000000001,0.1487864,0.010244,0.782353,0.68079
2007/6/7 0:00,0.902772,1.559649,0.95057,0.8676753999999999,0.120824,0.010138,0.780485,0.6751
2007/6/8 0:00,0.903138,1.556772,0.950841,0.8676754000000001,0.120824,0.010129,0.781458,0.6751600000000001
2007/6/9 0:00,0.902731,1.556953,0.952549,0.8676754000000001,0.129723,0.010127,0.781803,0.6748500000000001
2007/6/10 0:00,0.903424,1.556953,0.952549,0.8676754000000001,0.129723,0.010127,0.781803,0.6748500000000001
2007/6/11 0:00,0.902161,1.556905,0.951506,0.8676753999999999,0.120824,0.010135,0.780537,0.6748500000000001
2007/6/12 0:00,0.89674,1.553543,0.952585,0.8676753999999999,0.13105440000000002,0.010299,0.779581,0.6751600000000001
2007/6/13 0:00,0.894374,1.551747,0.954249,0.8676754000000001,0.16080440000000001,0.010232,0.783211,0.6751
2007/6/14 0:00,0.892977,1.550135,0.949492,0.8676753999999999,0.15544280000000002,0.010181,0.784504,0.6751
2007/6/15 0:00,0.890234,1.548551,0.950706,0.8676754000000001,0.1640514,0.010186,0.784369,0.6751600000000001
2007/6/16 0:00,0.890076,1.550207,0.949028,0.8676754000000001,0.15196079999999998,0.010185,0.784621,0.6751
2007/6/17 0:00,0.890036,1.550953,0.949028,0.8676753999999999,0.15196079999999998,0.010187,0.784621,0.6751600000000001
2007/6/18 0:00,0.897787,1.5544,0.948025,0.8676754000000001,0.129657,0.01007,0.784855,0.6744800000000001
2007/6/19 0:00,0.904773,1.557075,0.949221,0.8676753999999999,0.138556,0.010075,0.782546,0.67417
2007/6/20 0:00,0.9168,1.562891,0.953062,0.838857,0.12965520000000003,0.010024,0.784775,0.6802100000000001
2007/6/21 0:00,0.911993,1.558992,0.952082,0.8676754000000001,0.120824,0.00999,0.780756,0.6744800000000001
2007/6/22 0:00,0.919498,1.562659,0.961358,0.8246012,0.13825320000000002,0.010088,0.784606,0.68083
2007/6/23 0:00,0.918949,1.563355,0.960919,0.8539128,0.129657,0.010089,0.784772,0.67939
2007/6/24 0:00,0.918949,1.563355,0.960919,0.8539128,0.129657,0.010089,0.784772,0.67939
2007/6/25 0:00,0.923702,1.57124,0.964655,0.8381744,0.1207454,0.010044,0.787941,0.6216200000000001
2007/6/26 0:00,0.930795,1.573849,0.966095,0.8676754000000001,0.15613180000000002,0.009971,0.788746,0.7657624000000001
2007/6/27 0:00,0.93314,1.582166,0.969171,0.8676753999999999,0.120824,0.01001,0.789712,0.7058808
2007/6/28 0:00,0.926398,1.580853,0.968631,0.8676754000000001,0.15613180000000002,0.010065,0.788715,0.7657624000000001
2007/6/29 0:00,0.924813,1.588083,0.967258,0.8676753999999999,0.14711500000000002,0.010076,0.788243,0.7657924
2007/6/30 0:00,0.924599,1.587554,0.966081,0.8676753999999999,0.120824,0.010065,0.787585,0.6744800000000001
2007/7/1 0:00,0.924599,1.587554,0.966081,0.8676753999999999,0.120824,0.010065,0.787585,0.6744800000000001
2007/7/2 0:00,0.93214,1.590419,0.969119,1.078807,0.1321146,0.010101,0.792974,0.60815
2007/7/3 0:00,0.935454,1.591039,0.971062,1.079914,0.1321146,0.010076,0.794117,0.7370776000000001
2007/7/4 0:00,0.937207,1.597112,0.971402,1.083212,0.139902,0.010116,0.795387,0.7871580000000001
2007/7/5 0:00,0.943352,1.603348,0.975134,1.098581,0.14007699999999998,0.010071,0.801957,0.743824
2007/7/6 0:00,0.941531,1.602513,0.971794,1.099662,0.140625,0.010065,0.799424,0.7398674000000001
2007/7/7 0:00,0.939408,1.600551,0.970403,1.098605,0.140625,0.010067,0.798607,0.7398674000000001
2007/7/8 0:00,0.939408,1.600551,0.970403,1.098605,0.163367,0.010067,0.798607,0.8177260000000001
2007/7/9 0:00,0.944153,1.604261,0.972455,1.097984,0.162101,0.010109,0.799811,0.8286478
2007/7/10 0:00,0.940513,1.601653,0.971109,1.096215,0.163372,0.010109,0.79796,0.8177260000000001
2007/7/11 0:00,0.936505,1.607291,0.97004,1.099662,0.163412,0.010152,0.797435,0.8177260000000001
2007/7/12 0:00,0.934536,1.602307,0.9688,1.097936,0.163412,0.010108,0.796746,0.8164574
2007/7/13 0:00,0.932184,1.613254,0.970097,1.104204,0.163412,0.010185,0.796258,0.8164574
2007/7/14 0:00,0.931489,1.613788,0.970294,1.103875,0.163401,0.01018,0.795782,0.8164574
2007/7/15 0:00,0.931793,1.613944,0.970294,1.103875,0.163401,0.010176,0.795782,0.8164574
2007/7/16 0:00,0.933489,1.619695,0.971341,1.105871,0.163385,0.010168,0.797346,0.8177260000000001
2007/7/17 0:00,0.939276,1.62001,0.968148,1.103826,0.163532,0.010199,0.798681,0.8177260000000001
2007/7/18 0:00,0.937075,1.621324,0.96827,1.107493,0.163532,0.010258,0.800493,0.6260274
2007/7/19 0:00,0.940513,1.616109,0.969053,1.111618,0.163532,0.010284,0.800384,0.6260274
2007/7/20 0:00,0.943174,1.603502,0.970332,1.102354,0.162866,0.010267,0.802211,0.6969304000000001
2007/7/21 0:00,0.943085,1.600948,0.971308,1.102189,0.163359,0.010257,0.802166,0.5603786
2007/7/22 0:00,0.943352,1.600948,0.971308,1.102189,0.163359,0.010257,0.802166,0.5603786000000001
2007/7/23 0:00,0.943886,1.609503,0.969659,1.106195,0.163359,0.010315,0.801038,0.6267919999999999
2007/7/24 0:00,0.943174,1.607433,0.966945,0.808524,0.163345,0.010315,0.8004,0.6656799999999998
2007/7/25 0:00,0.942818,1.594299,0.961973,0.808524,0.163372,0.010281,0.799252,0.7005979999999999
2007/7/26 0:00,0.946387,1.596602,0.963373,0.808524,0.163372,0.010193,0.801269,0.6656799999999998
2007/7/27 0:00,0.946925,1.593207,0.963289,0.808524,0.163506,0.010152,0.802182,0.6656799999999998
2007/7/28 0:00,0.946701,1.595558,0.965974,0.808524,0.163383,0.010145,0.802861,0.66568
2007/7/29 0:00,0.946701,1.595558,0.965974,0.808524,0.163383,0.010145,0.802861,0.66568
2007/7/30 0:00,0.947912,1.599616,0.965908,0.808524,0.163722,0.010177,0.804146,0.6656799999999998
2007/7/31 0:00,0.952336,1.597304,0.964167,0.808524,0.163506,0.010141,0.804285,0.6656799999999998
2007/8/1 0:00,0.953652,1.591976,0.966744,0.808524,0.163961,0.010119,0.802658,0.6656799999999998
2007/8/2 0:00,0.963948,1.616606,0.971902,0.808524,0.164015,0.010214,0.806712,0.6656799999999998
2007/8/3 0:00,0.967024,1.616763,0.972162,0.8676753999999999,0.12558640000000001,0.010223,0.807921,0.6746200000000001
2007/8/4 0:00,0.967212,1.616554,0.971987,0.8737214,0.1305768,0.01023,0.807174,0.67462
2007/8/5 0:00,0.967586,1.616554,0.971987,0.8737214,0.1305768,0.01023,0.807174,0.67462
2007/8/6 0:00,0.965997,1.614765,0.971426,0.8676753999999999,0.12594,0.010187,0.805568,0.67531
2007/8/7 0:00,0.970591,1.623693,0.972006,0.8676754000000001,0.12594,0.010201,0.809471,0.6751
2007/8/8 0:00,0.961908,1.617442,0.963558,0.8676753999999999,0.1307008,0.010282,0.807041,0.6761900000000001
2007/8/9 0:00,0.960984,1.619617,0.959187,0.871819,0.13568560000000002,0.010274,0.808679,0.6771914000000001
2007/8/10 0:00,0.957717,1.616462,0.957181,0.8782102,0.16473520000000003,0.01026,0.7896438,0.7931417999999999
2007/8/11 0:00,0.958589,1.616554,0.956814,0.8782102,0.16473520000000003,0.010264,0.7896438,0.7940718
2007/8/12 0:00,0.958543,1.616554,0.956814,0.8782102,0.16473520000000003,0.010264,0.7896438,0.7940718
2007/8/13 0:00,0.957579,1.614231,0.957698,0.8723221999999999,0.155424,0.010237,0.7896438,0.7936018
2007/8/14 0:00,0.948452,1.5546000000000002,0.955557,0.7611812,0.1407102,0.010186,0.6613325999999999,0.6706126
2007/8/15 0:00,0.949487,1.55096,0.955521,0.7583157999999999,0.14969459999999998,0.010181,0.6614637999999999,0.6961662000000001
2007/8/16 0:00,0.945716,1.5473,0.958171,0.7570072000000001,0.1407102,0.010174,0.6614199999999999,0.6706126
2007/8/17 0:00,0.94402,1.5428,0.957932,0.7512161999999999,0.1241482,0.010126,0.6621112,0.6677732000000001
2007/8/18 0:00,0.943797,1.5428,0.959546,0.7512161999999999,0.1241482,0.010132,0.6621112,0.6677732000000001
2007/8/19 0:00,0.943129,1.5428,0.959546,0.7512161999999999,0.1241482,0.010132,0.6621112,0.6677732000000001
2007/8/20 0:00,0.950796,1.5486999999999997,0.960094,0.7560315999999999,0.1298128,0.010138,0.6616562,0.6875096
2007/8/21 0:00,0.948902,1.5486999999999997,0.957071,0.7560315999999999,0.1297866,0.010138,0.6616562,0.6677732000000001
2007/8/22 0:00,0.951973,1.5486999999999997,0.959693,0.7560316,0.117924,0.010141,0.6616562,0.838504
2007/8/23 0:00,0.94697,1.5486999999999997,0.957625,0.7560316,0.117924,0.010146,0.6616562,0.833959
2007/8/24 0:00,0.938218,1.5358014,0.953812,1.0728750000000002,0.1287722,0.010102,0.802214,0.825014
2007/8/25 0:00,0.93813,1.5337159999999999,0.954335,1.0711886,0.1287722,0.010095,0.801973,0.825287
2007/8/26 0:00,0.93813,1.5403483999999998,0.954335,1.0767438,0.1287722,0.010092,0.801973,0.824742
2007/8/27 0:00,0.935366,1.5328816,0.954522,0.9615959999999999,0.12877220000000003,0.01008,0.800333,0.823418
2007/8/28 0:00,0.92993,1.4900300000000002,0.952404,0.9415874000000001,0.120824,0.010039,0.799099,0.821963
2007/8/29 0:00,0.932618,1.4896522,0.955169,0.9417588,0.120824,0.010075,0.801655,0.825968
2007/8/30 0:00,0.932053,1.48242,0.952821,0.8676753999999999,0.120824,0.010004,0.801349,0.827952
2007/8/31 0:00,0.936154,1.527931,0.955721,0.9236008,0.12878260000000002,0.009977,0.802108,0.832466
2007/9/1 0:00,0.937251,1.48242,0.958111,0.909562,0.120824,0.009984,0.802266,0.832952
2007/9/2 0:00,0.936988,1.48242,0.958111,0.8676753999999999,0.120824,0.009982,0.802266,0.834272
2007/9/3 0:00,0.939761,1.48242,0.959049,0.8676753999999999,0.120824,0.009996,0.802533,0.83689
2007/9/4 0:00,0.941309,1.48242,0.955384,0.8676754000000001,0.120824,0.009986,0.803445,0.83375
2007/9/5 0:00,0.937119,1.4903520000000001,0.957249,0.9067678000000001,0.120824,0.01,0.803277,0.829703
2007/9/6 0:00,0.924727,1.48242,0.95152,0.8676754000000001,0.120824,0.009905,0.800186,0.820883
2007/9/7 0:00,0.91617,1.48242,0.949758,0.8664794,0.120824,0.009875,0.799885,0.816593
2007/9/8 0:00,0.917389,1.4900406,0.8115508,0.8390498,0.117112,0.009876,0.800141,0.819538
2007/9/9 0:00,0.914997,1.4900406,0.8115508,0.8390498,0.117112,0.009876,0.800141,0.819538
2007/9/10 0:00,0.914746,1.4867199999999998,0.7600033999999999,0.7700180000000001,0.117112,0.009832,0.798521,0.818599
2007/9/11 0:00,0.912201,1.48672,0.7600034,0.770018,0.117112,0.009862,0.797785,0.819236
2007/9/12 0:00,0.907606,1.48672,0.7600033999999999,0.7700180000000001,0.117112,0.009789,0.796905,0.813074
2007/9/13 0:00,0.909215,1.48672,0.7600033999999999,0.7700180000000001,0.117112,0.009778,0.796511,0.811754
2007/9/14 0:00,0.912284,1.48672,0.7600033999999999,0.770018,0.117112,0.00976,0.79693,0.815328
2007/9/15 0:00,0.9248482000000001,1.5931659999999999,0.9121354,0.8506145999999999,0.1533022,0.009761,0.796242,0.813041
2007/9/16 0:00,0.9248482000000001,1.5931659999999999,0.9121354,0.8506145999999999,0.1533022,0.009761,0.796242,0.813041
2007/9/17 0:00,0.8940184,1.5734688000000001,0.8994416000000001,0.9080776,0.1544684,0.009705,0.796045,0.818297
2007/9/18 0:00,0.9455894,1.6354496,0.8994416000000001,1.0347234,0.16175920000000002,0.009776,0.79812,0.82464
2007/9/19 0:00,0.9248482000000001,1.5931659999999999,0.9121354,0.9030282,0.1533022,0.009756,0.796286,0.817261
2007/9/20 0:00,0.9454056000000002,1.6607068000000003,0.8994416000000001,1.0503526,0.16171640000000004,0.009821,0.797957,0.820647
2007/9/21 0:00,0.9009178,1.5774002,0.938174,0.9216051999999999,0.15469059999999998,0.009729,0.799479,0.827335
2007/9/22 0:00,0.8906051999999999,1.5774002,0.939845,0.8676753999999999,0.15523979999999998,0.009717,0.800362,0.828466
2007/9/23 0:00,0.8906051999999999,1.5774002,0.939845,0.8664794,0.15523979999999998,0.009717,0.800362,0.7522032000000001
2007/9/24 0:00,0.8918786000000001,1.5774002,0.939624,0.8676753999999999,0.15523979999999998,0.009689,0.800394,0.7522032000000001
2007/9/25 0:00,0.91529,1.48242,0.941354,0.8664794,0.120824,0.009723,0.800717,0.6980999999999999
2007/9/26 0:00,0.906495,1.48242,0.942405,0.8664794,0.120824,0.00977,0.799108,0.6980999999999999
2007/9/27 0:00,0.892538,1.5621199999999997,0.939585,0.8676754000000001,0.1377488,0.009699,0.7405416,0.6876594
2007/9/28 0:00,0.895817,1.5621199999999997,0.943276,0.8664794,0.1377488,0.009685,0.724922,0.6876594
2007/9/29 0:00,0.896338,1.5347892,0.944697,0.8250127999999999,0.164709,0.00969,0.7605902,0.7511198000000001
2007/9/30 0:00,0.896338,1.629846,0.944697,0.846181,0.164709,0.00969,0.7965869999999999,0.8172560000000001
2007/10/1 0:00,0.8967,1.631002,0.9385962000000001,1.0330616,0.164684,0.009713,0.7993283999999999,0.82088
2007/10/2 0:00,0.889996,1.626003,0.9385962000000001,0.9974869999999999,0.163613,0.009743,0.7977222000000002,0.8198288
2007/10/3 0:00,0.888178,1.639196,0.9385962000000001,0.9974869999999999,0.163586,0.009688,0.7993283999999999,0.82088
2007/10/4 0:00,0.886171,1.638498,0.8863324,0.8229105999999999,0.164704,0.009601,0.7993283999999999,0.82088
2007/10/5 0:00,0.891981,1.5136455999999998,0.698448,0.6755618,0.163492,0.00961,0.6381863999999999,0.5229046
2007/10/6 0:00,0.892618,1.4778800000000003,0.7416038,0.658801,0.164707,0.009608,0.789721,0.5691550000000001
2007/10/7 0:00,0.892618,1.4778800000000003,0.7416038,0.658801,0.164707,0.009608,0.789721,0.5691550000000001
2007/10/8 0:00,0.893695,1.4778800000000003,0.7009947999999999,0.658801,0.163492,0.009608,0.788656,0.5691550000000001
2007/10/9 0:00,0.8921,1.47788,0.7009947999999999,0.658801,0.164718,0.009591,0.788432,0.5691550000000001
2007/10/10 0:00,0.892299,1.4803799999999998,0.7009947999999999,0.658801,0.164704,0.009578,0.788924,0.5691550000000001
2007/10/11 0:00,0.888455,1.516603,0.7009947999999999,0.658801,0.164718,0.00955,0.787954,0.5691550000000001
2007/10/12 0:00,0.888455,1.514783,0.7119484,0.6913378,0.164718,0.009522,0.788861,0.5985398
2007/10/13 0:00,0.886525,1.4856200000000002,0.7001122,0.778379,0.1195368,0.009509,0.787985,0.5241758
2007/10/14 0:00,0.886525,1.4856200000000002,0.7001122,0.778379,0.1195368,0.009509,0.787985,0.5241758
2007/10/15 0:00,0.891941,1.6561949999999999,0.937238,1.106783,0.164611,0.009734799999999998,0.789154,0.8202892
2007/10/16 0:00,0.893136,1.6462668,0.946569,1.090055,0.16333199999999998,0.0093656,0.792158,0.8219776
2007/10/17 0:00,0.891305,1.637845,0.9340912000000001,1.0924694000000001,0.16349719999999998,0.0095648,0.791982,0.8174648
2007/10/18 0:00,0.892339,1.6561949999999999,0.9374518000000001,1.106783,0.1640894,0.009620600000000002,0.789665,0.8202892
2007/10/19 0:00,0.897787,1.6318476,0.9499594,1.1093018000000001,0.1637768,0.009645200000000001,0.789765,0.82455
2007/10/20 0:00,0.893855,1.6566388,0.946569,1.1068846,0.1637766,0.0096444,0.789219,0.8203023999999999
2007/10/21 0:00,0.893855,1.6566388,0.946569,1.1068846,0.1637766,0.0096444,0.789219,0.8203023999999999
2007/10/22 0:00,0.895456,1.6524458,0.9480071999999999,1.1337678,0.1649524,0.009813,0.788762,0.8269664000000001
2007/10/23 0:00,0.891981,1.5985824,0.9369645999999999,1.0830874,0.1634818,0.0095842,0.786513,0.7948286
2007/10/24 0:00,0.890908,1.5493752,0.9372074000000001,1.0729346,0.1637964,0.0096084,0.786513,0.7853322
2007/10/25 0:00,0.888573,1.587255,0.927964,1.0699124,0.1640538,0.0095502,0.786671,0.7906428
2007/10/26 0:00,0.898029,1.6318476,0.9499594,1.1012448000000001,0.16381320000000002,0.0096486,0.78984,0.8172642
2007/10/27 0:00,0.891782,1.48218,0.7045831999999999,0.8330665999999999,0.119586,0.009601,0.79113,0.5292548
2007/10/28 0:00,0.899726,1.48218,0.7043902000000001,0.8330665999999999,0.119586,0.009601,0.79113,0.5292547999999999
2007/10/29 0:00,0.9051,1.4780600000000002,0.7245706000000001,0.6968949999999999,0.1145856,0.009677,0.790695,0.5448948
2007/10/30 0:00,0.897666,1.5107949999999999,0.7009947999999999,0.658801,0.164101,0.00963,0.788606,0.5691550000000001
2007/10/31 0:00,0.892459,1.4803800000000003,0.7416038,0.658801,0.165536,0.009577,0.785614,0.5691550000000001
2007/11/1 0:00,0.880165,1.48038,0.7009947999999999,0.658801,0.163834,0.009586,0.785799,0.5691550000000001
2007/11/2 0:00,0.878156,1.48038,0.7009947999999999,0.658801,0.163881,0.009587,0.78472,0.5691550000000001
2007/11/3 0:00,0.87831,1.48038,0.7009947999999999,0.658801,0.165281,0.009585,0.783656,0.5691550000000001
2007/11/4 0:00,0.87831,1.48038,0.7009947999999999,0.658801,0.165281,0.009585,0.783656,0.5691550000000001
2007/11/5 0:00,0.879933,1.47788,0.7009947999999999,0.658801,0.165213,0.009602,0.783843,0.5691550000000001
2007/11/6 0:00,0.880398,1.47788,0.7009947999999999,0.658801,0.165317,0.009612,0.782249,0.5691550000000001
2007/11/7 0:00,0.884408,1.4803799999999998,0.7009947999999999,0.658801,0.163741,0.009581,0.781803,0.5691550000000001
2007/11/8 0:00,0.877193,1.5107950000000003,0.7009947999999999,0.658801,0.16524,0.009648,0.782243,0.5691550000000001
2007/11/9 0:00,0.871004,1.5107950000000003,0.7009947999999999,0.658801,0.163869,0.009771,0.781427,0.5691550000000001
2007/11/10 0:00,0.868395,1.5107949999999999,0.7009947999999999,0.658801,0.165319,0.009776,0.782246,0.5691550000000001
2007/11/11 0:00,0.9294242,1.6424288,0.9299122000000001,0.9716837999999999,0.165319,0.009776,0.782246,0.842436
2007/11/12 0:00,0.9429242,1.6400320000000002,0.9302308,1.0004388,0.163867,0.009769,0.78376,0.8429285999999999
2007/11/13 0:00,0.9310554,1.6464592,0.91618,0.99182,0.163814,0.009726,0.784163,0.8488941999999999
2007/11/14 0:00,0.9294088,1.6831831999999998,0.9154983999999999,1.0004388,0.163814,0.009788,0.783914,0.8470184
2007/11/15 0:00,0.9319146,1.6464592,0.9323537999999999,1.0004388,0.164989,0.00972,0.784412,0.8400214
2007/11/16 0:00,0.9399704,1.6470466000000001,0.9290516,0.9838514,0.164989,0.009782,0.782552,0.8416743999999999
2007/11/17 0:00,0.9404836,1.6517015999999998,0.9267416,0.9963599999999999,0.164989,0.0098,0.783269,0.8410360000000001
2007/11/18 0:00,0.9404836,1.6517015999999998,0.9267416,0.9963599999999999,0.164989,0.0098,0.783269,0.8410360000000001
2007/11/19 0:00,0.939025,1.6937584,0.9230052000000001,0.99182,0.163773,0.009885,0.783905,0.8536176000000001
2007/11/20 0:00,0.9311392,1.6644999999999999,0.9230052000000001,0.9891496,0.164976,0.009842,0.788768,0.8495520000000001
2007/11/21 0:00,0.9082008,1.58199,0.9524568,0.9450944,0.164962,0.009865,0.78883,0.820378
2007/11/22 0:00,0.9082008,1.529798,0.9524568,0.933873,0.164976,0.009818,0.788759,0.82713
2007/11/23 0:00,0.8945944000000001,1.5142292,0.9476700000000001,0.9202961999999999,0.164921,0.009779,0.789017,0.828054
2007/11/24 0:00,0.895696,1.4903520000000001,0.8194064000000001,0.9173796000000001,0.164924,0.00977,0.788532,0.829635
2007/11/25 0:00,0.895696,1.4903520000000001,0.8194064000000001,0.9173796000000001,0.164924,0.00977,0.788532,0.829635
2007/11/26 0:00,0.894174,1.48242,0.8205236000000001,0.9316720000000001,0.165003,0.00979,0.787079,0.827438
2007/11/27 0:00,0.904364,1.48242,0.7340772,0.9312598,0.165003,0.009744,0.78907,0.833681
2007/11/28 0:00,0.902812,1.48242,0.7340772,0.9482953999999999,0.164969,0.009759,0.789391,0.831739
2007/11/29 0:00,0.897747,1.48242,0.7340772,0.926573,0.164944,0.009785,0.789986,0.83375
2007/11/30 0:00,0.90212,1.48242,0.7340772,0.7478258,0.164929,0.00982,0.79338,0.836575
2007/12/1 0:00,0.903669,1.5107949999999999,0.7009947999999999,0.658801,0.164829,0.009823,0.794234,0.5691550000000001
2007/12/2 0:00,0.903669,1.5107949999999999,0.7009947999999999,0.658801,0.164829,0.009823,0.794234,0.5691550000000001
2007/12/3 0:00,0.903204,1.5107949999999999,0.7009947999999999,0.658801,0.164905,0.009814,0.794316,0.5691550000000001
2007/12/4 0:00,0.90371,1.5107949999999999,0.7009947999999999,0.658801,0.164799,0.009771,0.793399,0.5691550000000001
2007/12/5 0:00,0.903138,1.5107950000000003,0.7009947999999999,0.658801,0.164813,0.00977,0.793358,0.5691550000000001
2007/12/6 0:00,0.898311,1.5107949999999999,0.7009947999999999,0.658801,0.164345,0.009772,0.790529,0.5691550000000001
2007/12/7 0:00,0.895937,1.662662,0.8939026,0.7613468,0.164163,0.009733,0.788811,0.6162895999999999
2007/12/8 0:00,0.897706,1.661751,0.6725014,0.7613468,0.164163,0.009755,0.788905,0.6162895999999999
2007/12/9 0:00,0.897706,1.661751,0.6725014,0.7613468,0.164163,0.009755,0.788905,0.6162895999999999
2007/12/10 0:00,0.904037,1.663935,0.6725014,0.7613468,0.164163,0.00976,0.791327,0.6162896
2007/12/11 0:00,0.902649,1.669156,0.6725014,0.7613468,0.163975,0.009786,0.791618,0.6162895999999999
2007/12/12 0:00,0.895736,1.66435,0.8939026,0.7613468,0.163279,0.00977,0.789752,0.6162895999999999
2007/12/13 0:00,0.895696,1.668196,0.9121016,1.126215,0.163279,0.009789,0.790967,0.5631
2007/12/14 0:00,0.893695,1.674369,0.8365324000000001,1.134945,0.162721,0.009793,0.789207,0.6924524
2007/12/15 0:00,0.892897,1.674453,0.7964135999999999,1.136616,0.162731,0.009823,0.788827,0.6924524
2007/12/16 0:00,0.892897,1.674453,0.7964135999999999,1.136616,0.162731,0.009823,0.788827,0.6924524
2007/12/17 0:00,0.892698,1.671835,0.7964135999999999,1.135119,0.162707,0.009864,0.78651,0.5618376
2007/12/18 0:00,0.893815,1.665848,0.8365324,1.127199,0.162784,0.009787,0.787839,0.75932
2007/12/19 0:00,0.89819,1.672451,0.7585903999999999,1.12678,0.162787,0.009769,0.787454,0.49632
2007/12/20 0:00,0.909298,1.673752,0.7585903999999999,1.134687,0.163159,0.009705,0.791546,0.49632
2007/12/21 0:00,0.907359,1.672604,0.7585903999999999,1.138278,0.163199,0.009676,0.788519,0.6924524
2007/12/22 0:00,0.906988,1.671444,0.7585903999999999,1.139121,0.163236,0.009683,0.788342,0.6924524
2007/12/23 0:00,0.906906,1.671444,0.7585903999999999,1.139121,0.163236,0.009683,0.788342,0.6924524
2007/12/24 0:00,0.902079,1.664669,0.7585903999999999,1.138887,0.162981,0.009684,0.788246,0.7601802
2007/12/25 0:00,0.900584,1.662524,0.7585903999999999,1.138563,0.16286,0.0097,0.789341,0.6924524
2007/12/26 0:00,0.897908,1.662331,0.7585903999999999,1.143864,0.162734,0.009735,0.789051,0.7605823999999999
2007/12/27 0:00,0.904691,1.665542,0.7585903999999999,1.146257,0.162721,0.009824,0.789578,0.7605685999999999
2007/12/28 0:00,0.903506,1.662054,0.7585903999999999,1.147256,0.16292,0.009858,0.790654,0.6960348
2007/12/29 0:00,0.903098,1.664752,0.7585904000000001,1.146526,0.162594,0.009866,0.790454,0.630054
2007/12/30 0:00,0.903098,1.664752,0.7585904000000001,1.146526,0.162594,0.009866,0.790454,0.630054
2007/12/31 0:00,0.909132,1.664143,0.7585903999999999,1.145751,0.163106,0.009841,0.790648,0.6266563999999999
2008/1/1 0:00,0.913159,1.657427,0.7585903999999999,1.143596,0.16146,0.009866,0.791361,0.49632
2008/1/2 0:00,0.911868,1.663921,0.7585903999999999,1.143694,0.161394,0.009845,0.78955,0.49632
2008/1/3 0:00,0.904773,1.651637,0.7585903999999999,1.132144,0.160578,0.009762,0.783217,0.6055076
2008/1/4 0:00,0.909174,1.648709,0.7585903999999999,1.132708,0.160581,0.009775,0.784701,0.6433085999999999
2008/1/5 0:00,0.908306,1.648655,0.7585903999999999,1.132708,0.16064,0.009779,0.784929,0.6433085999999999
2008/1/6 0:00,0.908306,1.648655,0.7585903999999999,1.132708,0.16064,0.009779,0.784929,0.6433085999999999
2008/1/7 0:00,0.911785,1.649104,0.7585903999999999,1.131036,0.160581,0.009785,0.786408,0.6433085999999999
2008/1/8 0:00,0.915039,1.65165,0.7585903999999999,1.130825,0.16144,0.009778,0.78801,0.6055075999999999
2008/1/9 0:00,0.922382,1.655862,0.7585904000000001,1.129305,0.16197,0.009769,0.788756,0.49632
2008/1/10 0:00,0.925412,1.661861,0.7585903999999999,1.128643,0.160875,0.009791,0.79088,0.49632
2008/1/11 0:00,0.924129,1.663658,0.7585903999999999,1.126888,0.160875,0.00972,0.794246,0.5600094
2008/1/12 0:00,0.924684,1.66435,0.7585903999999999,1.127949,0.160974,0.009726,0.794565,0.7510479999999999
2008/1/13 0:00,0.924684,1.66435,0.7585903999999999,1.127949,0.160974,0.009726,0.794565,0.7510479999999999
2008/1/14 0:00,0.92687,1.667389,0.7585903999999999,1.130288,0.16081,0.009702,0.79477,0.7510479999999999
2008/1/15 0:00,0.924684,1.663631,0.7585903999999999,1.132464,0.161147,0.00966,0.794237,0.5600094
2008/1/16 0:00,0.923916,1.663022,0.7585904000000001,1.127434,0.161142,0.009636,0.792073,0.49632
2008/1/17 0:00,0.922084,1.65865,0.7585903999999999,1.12163,0.161012,0.009621,0.791399,0.49632
2008/1/18 0:00,0.928505,1.657646,0.7585903999999999,1.121114,0.16094,0.009679,0.794101,0.7017044
2008/1/19 0:00,0.928376,1.657949,0.7585904000000001,1.120574,0.160971,0.009682,0.794508,0.8306319999999999
2008/1/20 0:00,0.929411,1.657949,0.8212124,1.121453,0.160971,0.009682,0.794508,0.8362112000000002
2008/1/21 0:00,0.926055,1.660647,0.7585904000000001,1.126335,0.161031,0.009702,0.793707,0.49632
2008/1/22 0:00,0.935804,1.674439,0.79163,1.132035,0.160979,0.009813,0.798136,0.8286996
2008/1/23 0:00,0.934973,1.673458,0.7585903999999999,1.133144,0.161368,0.009802,0.801475,0.865164
2008/1/24 0:00,0.942196,1.678556,0.8731134,1.140862,0.161264,0.009851,0.801211,0.869679
2008/1/25 0:00,0.939673,1.674467,0.8325416000000001,1.14319,0.161005,0.009846,0.801298,0.868093
2008/1/26 0:00,0.939452,1.673346,0.8325416000000001,1.141748,0.160994,0.009838,0.801022,0.86915
2008/1/27 0:00,0.939496,1.673346,0.8325416000000001,1.141748,0.160994,0.009838,0.801022,0.86915
2008/1/28 0:00,0.941531,1.67259,0.7585903999999999,1.137482,0.160798,0.009828,0.798467,0.867679
2008/1/29 0:00,0.934885,1.672353,0.79163,1.136067,0.160765,0.009829,0.797986,0.8274682
2008/1/30 0:00,0.937734,1.679642,0.9045314000000001,1.134514,0.160746,0.009779,0.799626,0.825166
2008/1/31 0:00,0.933358,1.679529,0.8276098,1.133189,0.160798,0.009763,0.798917,0.8307278
2008/2/1 0:00,0.933315,1.67874,0.7918238000000001,1.132189,0.160378,0.009765,0.798282,0.8345262000000002
2008/2/2 0:00,0.932749,1.679346,0.7918238000000001,1.132182,0.160795,0.009766,0.798327,0.8353996
2008/2/3 0:00,0.932879,1.679346,0.7918238000000001,1.132182,0.160795,0.009766,0.798327,0.8353996
2008/2/4 0:00,0.933576,1.679769,0.7918238000000001,1.130007,0.160449,0.009749,0.798324,0.8345262000000002
2008/2/5 0:00,0.936549,1.682949,0.7585903999999999,1.129944,0.160269,0.009744,0.795928,0.8218195999999999
2008/2/6 0:00,0.92829,1.677107,0.852165,1.132573,0.160308,0.009773,0.795957,0.8215828000000001
2008/2/7 0:00,0.925583,1.679741,0.7915144,1.134102,0.160179,0.009778,0.79466,0.8214970000000001
2008/2/8 0:00,0.926784,1.679924,0.7585903999999999,1.134996,0.159987,0.009789,0.795779,0.8210616
2008/2/9 0:00,0.92687,1.679896,0.7585903999999999,1.134514,0.159905,0.009786,0.795776,0.8210616
2008/2/10 0:00,0.92687,1.680545,0.7912383999999999,1.134893,0.159905,0.009785,0.795776,0.8210616
2008/2/11 0:00,0.924813,1.680743,0.7585903999999999,1.136396,0.159898,0.009769,0.795589,0.8214969999999999
2008/2/12 0:00,0.926999,1.682539,0.7915738000000001,1.130953,0.159885,0.00975,0.796464,0.8219920000000001
2008/2/13 0:00,0.927601,1.687393,0.7585903999999999,1.135654,0.159744,0.009791,0.796648,0.8164574
2008/2/14 0:00,0.927429,1.689417,0.7585903999999999,1.137165,0.15976,0.009779,0.798422,0.7589376
2008/2/15 0:00,0.926398,1.686952,0.7585903999999999,1.139328,0.159757,0.00978,0.797747,0.8177260000000001
2008/2/16 0:00,1.07776,1.687522,0.8112130000000001,1.138848,0.15976,0.009784,0.798065,0.8205848000000001
2008/2/17 0:00,0.927687,1.686654,0.7585903999999999,1.138848,0.15976,0.009785,0.798065,0.8205848000000001
2008/2/18 0:00,0.927558,1.687038,0.9045314000000001,1.139556,0.159751,0.009795,0.799824,0.7589376
2008/2/19 0:00,0.936373,1.698355,0.8796990000000001,1.144492,0.160617,0.009847,0.801831,0.830827
2008/2/20 0:00,0.93423,1.69595,0.9000300000000001,1.141683,0.160403,0.009832,0.8009,0.8358456000000001
2008/2/21 0:00,0.938571,1.693566,0.909918,1.137223,0.160565,0.00985,0.802291,0.8324618000000001
2008/2/22 0:00,0.935673,1.684963,0.9379006000000001,1.127777,0.160565,0.009822,0.800974,0.8318286
2008/2/23 0:00,0.936505,1.685346,0.8691732000000002,1.128426,0.160573,0.009817,0.800891,0.8303148
2008/2/24 0:00,0.936505,1.685346,0.8691732000000002,1.128426,0.160573,0.009817,0.800891,0.8303148
2008/2/25 0:00,0.936461,1.686853,0.9045314000000001,1.126323,0.160333,0.00979,0.799725,0.8302634000000001
2008/2/26 0:00,0.934929,1.682539,0.8235372,1.122927,0.160527,0.009775,0.798394,0.8341274000000001
2008/2/27 0:00,0.93813,1.48242,0.919481,1.123255,0.160527,0.009822,0.799907,0.60328
2008/2/28 0:00,0.934667,1.48242,0.91878,1.123867,0.160539,0.009857,0.798531,0.7045774
2008/2/29 0:00,0.936593,1.6075404,0.920001,1.121189,0.160378,0.012141599999999999,0.799469,0.8266705999999999
2008/3/1 0:00,0.93633,1.6075404,0.920696,1.120247,0.160424,0.012141599999999999,0.799456,0.8266705999999999
2008/3/2 0:00,0.93633,1.6075404,0.920696,1.120323,0.160424,0.012141599999999999,0.799456,0.8266705999999999
2008/3/3 0:00,0.933532,1.6075404,0.919625,1.121497,0.160276,0.012144600000000002,0.800266,0.8302164
2008/3/4 0:00,0.924684,1.6075404,0.916876,1.120762,0.160276,0.012144600000000002,0.798429,0.8302164
2008/3/5 0:00,0.921999,1.6075404,0.914716,1.117356,0.160333,0.0121446,0.798397,0.8302164
2008/3/6 0:00,0.921829,1.6075404,0.917987,1.117306,0.160424,0.012141599999999999,0.798486,0.8266705999999999
2008/3/7 0:00,0.923745,1.6075404,0.92023,1.116695,0.160424,0.012141599999999999,0.798515,0.8266705999999999
2008/3/8 0:00,0.923105,1.6075404,0.920416,1.116321,0.160344,0.012141599999999999,0.811251,0.8266705999999999
2008/3/9 0:00,0.9296631999999999,1.6919546,0.920416,1.116321,0.160344,0.010856600000000001,0.7823078,0.8103082
2008/3/10 0:00,0.9093188,1.6075404,0.92109,1.117774,0.160269,0.0120382,0.7823078,0.8417656000000001
2008/3/11 0:00,0.9721292,1.6919546,0.919921,1.113697,0.160051,0.0120042,0.7823555999999999,0.8437011999999999
2008/3/12 0:00,0.9977995999999999,1.6402138000000002,0.919004,1.113177,0.159898,0.0120042,0.8126085999999999,0.8437011999999999
2008/3/13 0:00,0.8898002,1.6244984000000002,0.922199,1.114014,0.160308,0.0120754,0.8122382,0.8372782000000001
2008/3/14 0:00,0.9316338,1.6714749999999998,0.921888,1.11818,0.159987,0.0106206,0.7983834000000001,0.849329
2008/3/15 0:00,0.9287335999999999,1.6769039999999997,0.922024,1.116757,0.160054,0.0097448,0.797245,0.849618
2008/3/16 0:00,0.9287335999999999,1.6769039999999997,0.922024,1.116757,0.160054,0.0097448,0.797245,0.849618
2008/3/17 0:00,0.9311337999999999,1.676097,0.917263,1.11291,0.160102,0.0102142,0.795776,0.845059
2008/3/18 0:00,0.9265437999999999,1.6675138,0.916271,1.115567,0.159859,0.0101458,0.796067,0.842637
2008/3/19 0:00,0.9309168,1.6596518,0.914185,1.115032,0.159859,0.009654800000000002,0.795254,0.841361
2008/3/20 0:00,0.9306338000000001,1.6753651999999999,0.915047,1.121881,0.159878,0.009761999999999998,0.797502,0.850557
2008/3/21 0:00,0.9273224000000001,1.6790772,0.914662,1.118844,0.159962,0.0097606,0.79899,0.850123
2008/3/22 0:00,0.9273224000000001,1.6790772,0.914938,1.119251,0.159987,0.0097606,0.798843,0.850051
2008/3/23 0:00,0.9273224000000001,1.6790772,0.914938,1.119251,0.159987,0.0097606,0.798843,0.850051
2008/3/24 0:00,0.931137,1.676278,0.916393,1.113865,0.159955,0.009761200000000001,0.799834,0.84886
2008/3/25 0:00,0.9318108,1.6792749999999999,0.915835,1.111019,0.159955,0.0097538,0.800118,0.8511
2008/3/26 0:00,0.9034009999999999,1.6715686,0.919879,1.111537,0.160565,0.0097358,0.799747,0.855871
2008/3/27 0:00,0.9097676,1.7036398000000001,0.921128,1.114045,0.160643,0.009671,0.801089,0.867905
2008/3/28 0:00,0.903401,1.7036398000000001,0.92081,1.110692,0.160813,0.009671,0.799808,0.866476
2008/3/29 0:00,0.903401,1.7036398000000001,0.921065,1.110741,0.161044,0.009671,0.799338,0.866363
2008/3/30 0:00,0.903401,1.7036398,0.921065,1.110389,0.161044,0.009670999999999999,0.799338,0.866363
2008/3/31 0:00,0.9097676,1.7036398,0.921328,1.114144,0.160559,0.009671,0.799607,0.867227
2008/4/1 0:00,0.9114783999999998,1.7344378000000003,0.920437,1.111074,0.16057000000000002,0.0098002,0.797324,0.865014
2008/4/2 0:00,0.9254016,1.7279165999999997,0.919709,1.11415,0.160315,0.0098106,0.798754,0.868432
2008/4/3 0:00,0.9078519999999999,1.7279166,0.92412,1.118143,0.160377,0.009436,0.799808,0.870777
2008/4/4 0:00,0.8531221999999999,1.9288406000000002,0.929891,1.116451,0.1488084,0.0084898,0.800061,0.869641
2008/4/5 0:00,0.8768582,1.8744124,0.929558,1.11715,0.1488084,0.008820999999999999,0.800673,0.869754
2008/4/6 0:00,0.8768582,1.8744124,0.929558,1.11715,0.1488084,0.008820999999999999,0.800673,0.869754
2008/4/7 0:00,0.8531221999999999,1.9288405999999998,0.931945,1.118137,0.1370012,0.0084898,0.800711,0.87108
2008/4/8 0:00,0.8534560000000001,1.9283218000000002,0.931129,1.117518,0.1429676,0.008497600000000001,0.800641,0.868697
2008/4/9 0:00,0.8528157999999999,1.9226978,0.932644,1.120825,0.1370012,0.008799600000000001,0.79984,0.873248
2008/4/10 0:00,0.8906052000000001,1.5774002,0.935493,1.119376,0.1640158,0.009834,0.800362,0.876962
2008/4/11 0:00,0.8906051999999999,1.5774002,0.937647,1.122013,0.1640158,0.009864,0.800307,0.87677
2008/4/12 0:00,0.8906052000000001,1.6188212,0.937576,1.122334,0.1640158,0.009861,0.800083,0.877732
2008/4/13 0:00,0.8082787999999999,1.703505,0.937576,1.122334,0.1496952,0.009861,0.800083,0.877732
2008/4/14 0:00,0.814758,1.710542,0.937339,1.127351,0.1496952,0.009874,0.802066,0.875197
2008/4/15 0:00,0.8171008000000001,1.716075,0.940278,1.127714,0.1450712,0.009849,0.802813,0.878002
2008/4/16 0:00,0.8147580000000001,1.715854,0.937501,1.124638,0.1450712,0.00982,0.801446,0.876539
2008/4/17 0:00,0.935148,1.715295,0.940813,1.119188,0.1585494,0.009784,0.801777,0.875388
2008/4/18 0:00,0.936417,1.716208,0.938734,1.118137,0.15766200000000002,0.009797,0.802542,0.874317
2008/4/19 0:00,0.936724,1.715943,0.938861,1.118074,0.15766200000000002,0.009794,0.80271,0.873935
2008/4/20 0:00,0.93633,1.715943,0.938861,1.118074,0.15766200000000002,0.009794,0.80271,0.873935
2008/4/21 0:00,0.937163,1.713341,0.937036,1.119319,0.15766200000000002,0.009816,0.802401,0.876463
2008/4/22 0:00,0.940203,1.712974,0.936812,0.8676754000000001,0.120824,0.009846,0.804635,0.879121
2008/4/23 0:00,0.939408,1.712153,0.938254,0.8676753999999999,0.120824,0.009827,0.805302,0.880049
2008/4/24 0:00,0.93932,1.713135,0.93832,0.8676754000000001,0.120824,0.009869,0.805373,0.882379
2008/4/25 0:00,0.938262,1.711347,0.93201,0.8676754000000001,0.120824,0.009868,0.80588,0.881057
2008/4/26 0:00,0.939099,1.711552,0.931589,0.8676754000000001,0.120824,0.009868,0.805867,0.881057
2008/4/27 0:00,0.939099,1.711552,0.931589,0.8676754000000001,0.120824,0.009868,0.805867,0.881057
2008/4/28 0:00,0.938879,1.707461,0.933489,0.8676754000000001,0.120824,0.009843,0.805477,0.879701
2008/4/29 0:00,0.93668,1.71456,0.929588,0.8676753999999999,0.120824,0.009836,0.804263,0.876463
2008/4/30 0:00,0.936461,1.713253,0.930613,0.8676754000000001,0.120824,0.009833,0.804644,0.870928
2008/5/1 0:00,0.93813,1.710659,0.931016,0.8676753999999999,0.120824,0.009872,0.804832,0.869981
2008/5/2 0:00,0.939629,1.708657,0.931315,0.8676754000000001,0.120824,0.009866,0.805958,0.868923
2008/5/3 0:00,0.939276,1.708847,0.931532,0.8676754000000001,0.120824,0.009868,0.805876,0.868998
2008/5/4 0:00,0.93932,1.708847,0.931532,0.8676754000000001,0.120824,0.009868,0.805876,0.869943
2008/5/5 0:00,0.937603,1.706659,0.931793,0.8676754000000001,0.120824,0.009864,0.806725,0.868998
2008/5/6 0:00,0.93932,1.705975,0.931246,0.8676753999999999,0.120824,0.009854,0.806715,0.866401
2008/5/7 0:00,0.945001,1.703737,0.931736,0.8676754000000001,0.120824,0.009852,0.808398,0.868583
2008/5/8 0:00,0.941487,1.698846,0.93028,0.8676754000000001,0.120824,0.009819,0.806032,0.858406
2008/5/9 0:00,0.940115,1.697346,0.925091,0.8676754000000001,0.16475140000000002,0.009827,0.7843544,0.855139
2008/5/10 0:00,0.939541,1.697649,0.924411,0.8676753999999999,0.16475140000000002,0.009819,0.7843544,0.855322
2008/5/11 0:00,0.939585,1.697649,0.924411,0.8676753999999999,0.16475140000000002,0.009819,0.7843544,0.855322
2008/5/12 0:00,0.940999,1.698802,0.925446,0.8676754000000001,0.16475140000000002,0.009817,0.7843544,0.854847
2008/5/13 0:00,0.938659,1.694642,0.921939,0.8676753999999999,0.16482,0.009795,0.7830499999999999,0.850376
2008/5/14 0:00,0.931966,1.690588,0.916969,0.8676753999999999,0.1645956,0.009718,0.7834266,0.84832
2008/5/15 0:00,0.930362,1.689189,0.918497,0.8676753999999999,0.1645956,0.009725,0.7834266,0.849473
2008/5/16 0:00,0.931272,1.683445,0.916376,0.8451348,0.1643606,0.009754,0.7833270000000001,0.851209
2008/5/17 0:00,0.931142,1.5157200000000002,0.915931,0.8262818000000001,0.1645956,0.009744,0.7834266,0.851825
2008/5/18 0:00,0.931142,1.5157200000000002,0.915931,0.8262818000000001,0.1645956,0.009744,0.7834266,0.851825
2008/5/19 0:00,0.933097,1.51572,0.916636,0.8062844,0.1643606,0.009759,0.783327,0.852551
2008/5/20 0:00,0.929627,1.5157200000000002,0.912101,0.8262818000000001,0.1645956,0.009746,0.7834266,0.846059
2008/5/21 0:00,0.934885,1.6061384,0.915667,0.9102266,0.16390920000000003,0.009803,0.786198,0.847458
2008/5/22 0:00,0.927515,1.683388,0.915386,0.8451348,0.16482,0.009793,0.7830499999999999,0.84832
2008/5/23 0:00,0.927687,1.677965,0.911369,0.8676753999999999,0.16482000000000002,0.0098,0.7830499999999999,0.846883
2008/5/24 0:00,0.927773,1.677501,0.911452,0.8676753999999999,0.16482,0.009801,0.7830499999999999,0.846167
2008/5/25 0:00,0.927773,1.677346,0.911452,0.8676754000000001,0.16482000000000002,0.009802,0.7830499999999999,0.846274
2008/5/26 0:00,0.926012,1.678655,0.915089,0.8676753999999999,0.16482,0.009789,0.7830499999999999,0.845845
2008/5/27 0:00,0.927171,1.681266,0.913709,0.8676753999999999,0.1645956,0.009781,0.7831482,0.843668
2008/5/28 0:00,0.930665,1.669282,0.915302,0.8676753999999999,0.16436060000000002,0.009762,0.783327,0.846131
2008/5/29 0:00,0.931402,1.66846,0.916964,0.8676753999999999,0.16436060000000002,0.009759,0.783327,0.848284
2008/5/30 0:00,0.931402,1.66924,0.91808,0.8676753999999999,0.1645956,0.009774,0.7831482,0.848644
2008/5/31 0:00,0.932401,1.669505,0.917389,0.8676754000000001,0.1645956,0.009768,0.7831482,0.849401
2008/6/1 0:00,0.932401,1.669449,0.917389,0.8676753999999999,0.1645956,0.009768,0.7831482,0.848572
2008/6/2 0:00,0.932705,1.6735,0.918485,0.8676753999999999,0.1645956,0.009748,0.7834266000000001,0.847673
2008/6/3 0:00,0.930665,1.661626,0.913572,0.8676753999999999,0.1645956,0.009721,0.7834266,0.843028
2008/6/4 0:00,0.931099,1.662552,0.912863,0.8676753999999999,0.138255,0.009674,0.7834266,0.840654
2008/6/5 0:00,0.930319,1.65876,0.913517,0.8676753999999999,0.120824,0.009638,0.7834266,0.84076
2008/6/6 0:00,0.931446,1.658059,0.913943,0.8676753999999999,0.120824,0.009621,0.7834266,0.840089
2008/6/7 0:00,0.931055,1.657262,0.913601,0.8676753999999999,0.120824,0.00962,0.7834266,0.840937
2008/6/8 0:00,0.929843,1.658059,0.910722,0.8676754000000001,0.120824,0.009618,0.7834266,0.835003
2008/6/9 0:00,0.930579,1.654944,0.91285,0.8653728,0.120824,0.009603,0.7834266,0.83257
2008/6/10 0:00,0.933707,1.658141,0.92154,0.8676753999999999,0.120824,0.009621,0.7834266,0.83724
2008/6/11 0:00,0.935235,1.657742,0.92182,0.8676754000000001,0.120824,0.009638,0.7834266,0.837556
2008/6/12 0:00,0.933707,1.657578,0.920247,0.8653728,0.120824,0.00961,0.7834266000000001,0.836155
2008/6/13 0:00,0.933968,1.659903,0.919261,1.089206,0.1645956,0.009608,0.7834266,0.836225
2008/6/14 0:00,0.933968,1.659847,0.919261,1.088998,0.1645956,0.009608,0.7834266000000001,0.836225
2008/6/15 0:00,0.93375,1.66095,0.920251,1.087258,0.1645956,0.009589,0.7834266,0.838047
2008/6/16 0:00,0.92773,1.648546,0.915839,1.087843,0.1645956,0.009513,0.7834266,0.831255
2008/6/17 0:00,0.934187,1.645468,0.8325416000000001,1.08901,0.1645956,0.009538,0.7906182,0.831947
2008/6/18 0:00,0.935629,1.634855,0.8325416000000001,1.073918,0.1645956,0.009504,0.7906182,0.830944
2008/6/19 0:00,0.937647,1.631947,0.8728263999999999,1.074298,0.1645956,0.009522,0.7906182,0.832709
2008/6/20 0:00,0.937822,1.63268,0.8325416000000001,1.073704,0.1645956,0.009516,0.7906181999999999,0.832917
2008/6/21 0:00,0.929023,1.611655,0.868839,1.07032,0.1645956,0.009444,0.7937620000000001,0.827575
2008/6/22 0:00,0.919794,1.609049,0.7964214000000001,1.070034,0.1645956,0.009396,0.7906182,0.823282
2008/6/23 0:00,0.915919,1.617861,0.7585903999999999,1.066428,0.1645956,0.009367,0.7906182,0.823995
2008/6/24 0:00,0.910871,1.622955,0.7585903999999999,1.068604,0.1645956,0.00935,0.7930752,0.817862
2008/6/25 0:00,0.90464,1.624145,0.7585903999999999,1.070928,0.16419979999999998,0.009325,0.7920052,0.815508
2008/6/26 0:00,0.90464,1.624145,0.7585903999999999,1.070928,0.16301,0.009325,0.7155811999999999,0.815508
2008/6/27 0:00,0.90266,1.623725,0.7585903999999999,1.070051,0.162813,0.00933,0.7166994000000001,0.816395
2008/6/28 0:00,0.90872,1.627215,0.7585903999999999,1.073094,0.162707,0.00935,0.7170336,0.820105
2008/6/29 0:00,0.90872,1.627215,0.7585903999999999,1.073094,0.162707,0.00935,0.7170336,0.820105
2008/6/30 0:00,0.903383,1.630936,0.7585903999999999,1.070017,0.162866,0.009293,0.7142748,0.815694
2008/7/1 0:00,0.897714,1.636835,0.7585903999999999,1.06969,0.16288,0.009196,0.7124604,0.813438
2008/7/2 0:00,0.893495,1.631069,0.7585903999999999,1.063377,0.162787,0.009177,0.6950792,0.813008
2008/7/3 0:00,0.892897,1.62885,0.7585903999999999,1.062869,0.162837,0.009171,0.7142194,0.812942
2008/7/4 0:00,0.892897,1.62885,0.7585903999999999,1.062869,0.162837,0.009171,0.7142194,0.812942
2008/7/5 0:00,0.886682,1.635443,0.7585904000000001,1.062411,0.162866,0.009182,0.6942214,0.811359
2008/7/6 0:00,0.883923,1.636688,0.7585903999999999,1.064509,0.162866,0.009182,0.7138028000000001,0.806452
2008/7/7 0:00,0.879391,1.630643,0.7585903999999999,1.05591,0.162986,0.009202,0.7142748,0.793556
2008/7/8 0:00,0.876271,1.624656,0.7569686,1.051353,0.163145,0.009144,0.7142748,0.787092
2008/7/9 0:00,0.876578,1.624445,0.896539,1.051027,0.163209,0.00915,0.7840923999999999,0.786658
2008/7/10 0:00,0.876578,1.62455,0.896539,1.051094,0.163209,0.00915,0.7840924,0.786751
2008/7/11 0:00,0.873057,1.62455,0.897106,1.051359,0.162615,0.009134,0.7834338,0.777273
2008/7/12 0:00,0.873897,1.620667,0.892252,1.047268,0.162536,0.009119,0.774478,0.779029
2008/7/13 0:00,0.872106,1.618254,0.894562,1.044812,0.162893,0.00915,0.774478,0.779849
2008/7/14 0:00,0.86742,1.596005,0.888557,1.034132,0.162893,0.009115,0.7840307999999999,0.777015
2008/7/15 0:00,0.86742,1.596005,0.888557,1.034132,0.162893,0.009115,0.7840307999999999,0.777015
2008/7/16 0:00,0.86742,1.596005,0.888557,1.034132,0.162893,0.009115,0.7840307999999999,0.777015
2008/7/17 0:00,0.87382,1.601685,0.894262,1.037662,0.162893,0.009161,0.782834,0.77984
2008/7/18 0:00,0.88118,1.609035,0.89439,1.041499,0.162893,0.009233,0.78346,0.784625
2008/7/19 0:00,0.88118,1.609035,0.89439,1.041499,0.162893,0.009233,0.78346,0.784625
2008/7/20 0:00,0.875312,1.606593,0.893455,1.045205,0.162853,0.009223,0.782173,0.780762
2008/7/21 0:00,0.87777,1.6115,0.895291,1.047011,0.163052,0.009263,0.786096,0.785793
2008/7/22 0:00,0.872791,1.606452,0.894843,1.045697,0.163103,0.00927,0.785453,0.784375
2008/7/23 0:00,0.868508,1.607652,0.89306,1.044386,0.163103,0.00929,0.783276,0.781739
2008/7/24 0:00,0.868508,1.607652,0.89306,1.044386,0.163103,0.00929,0.783276,0.781739
2008/7/25 0:00,0.87558,1.605871,0.892423,1.048867,0.163292,0.009305,0.785648,0.786875
2008/7/26 0:00,0.873019,1.592699,0.889075,1.049208,0.163292,0.009336,0.784434,0.785731
2008/7/27 0:00,0.879856,1.594489,0.886407,1.061492,0.163292,0.009462,0.785694,0.797194
2008/7/28 0:00,0.876962,1.606555,0.888001,1.061571,0.163292,0.00943,0.785546,0.795862
2008/7/29 0:00,0.877078,1.609347,0.888759,1.057625,0.163359,0.009377,0.784314,0.793179
2008/7/30 0:00,0.874508,1.609049,0.886556,1.057138,0.163292,0.009356,0.784068,0.792142
2008/7/31 0:00,0.874508,1.609049,0.886556,1.057138,0.163292,0.009356,0.784068,0.792142
2008/8/1 0:00,0.878735,1.614101,0.886167,1.059906,0.163359,0.009357,0.786983,0.797099
2008/8/2 0:00,0.879585,1.613359,0.891695,1.055353,0.163319,0.009376,0.786711,0.79713
2008/8/3 0:00,0.878503,1.607084,0.891691,1.049698,0.163332,0.009323,0.786028,0.794218
2008/8/4 0:00,0.876194,1.603553,0.890266,1.04785,0.163452,0.009236,0.783659,0.782228
2008/8/5 0:00,0.880669,1.608855,0.890416,1.050459,0.163452,0.009254,0.783914,0.785268
2008/8/6 0:00,0.879314,1.609049,0.890099,1.050398,0.163476,0.009244,0.784025,0.785546
2008/8/7 0:00,0.879314,1.609049,0.890099,1.050398,0.163476,0.009244,0.784025,0.785546
2008/8/8 0:00,0.881096,1.61315,0.889882,1.054852,0.163492,0.009292,0.78448,0.790202
2008/8/9 0:00,0.885112,1.615561,0.893368,1.056334,0.163578,0.009252,0.785799,0.792739
2008/8/10 0:00,0.889324,1.61358,0.89769,1.057681,0.163634,0.009248,0.786451,0.795071
2008/8/11 0:00,0.883041,1.602461,0.893871,1.046518,0.163546,0.009176,0.783177,0.784806
2008/8/12 0:00,0.880049,1.599552,0.886643,1.039285,0.163594,0.008926,0.778452,0.779302
2008/8/13 0:00,0.879624,1.599501,0.887599,1.038761,0.163594,0.008902,0.777484,0.779089
2008/8/14 0:00,0.879624,1.599501,0.887599,1.038761,0.163594,0.008902,0.777484,0.779089
2008/8/15 0:00,0.869792,1.597559,0.883342,1.035701,0.163444,0.008778,0.774617,0.772947
2008/8/16 0:00,0.872753,1.599399,0.877012,1.041938,0.163524,0.008815,0.775696,0.777454
2008/8/17 0:00,0.858959,1.597955,0.878542,1.037237,0.163559,0.008724,0.772803,0.772738
2008/8/18 0:00,0.858369,1.585339,0.874814,1.030503,0.163613,0.008706,0.772801,0.771873
2008/8/19 0:00,0.861958,1.58505,0.880305,1.033181,0.163324,0.008717,0.774171,0.773545
2008/8/20 0:00,0.863297,1.586999,0.882722,1.035025,0.163324,0.00873,0.776036,0.775164
2008/8/21 0:00,0.863297,1.586999,0.882722,1.035025,0.163324,0.00873,0.776036,0.775164
2008/8/22 0:00,0.862627,1.587415,0.881916,1.033538,0.163412,0.008712,0.774311,0.776669
2008/8/23 0:00,0.867303,1.587654,0.881329,1.035143,0.163279,0.008654,0.774084,0.780244
2008/8/24 0:00,0.873782,1.581753,0.885936,1.036973,0.163233,0.00867,0.775768,0.789733
2008/8/25 0:00,0.872638,1.572686,0.88041,1.038152,0.163271,0.008649,0.774461,0.789983
2008/8/26 0:00,0.873477,1.565153,0.884756,1.03929,0.163145,0.00858,0.770093,0.790576
2008/8/27 0:00,0.874508,1.566956,0.885736,1.042693,0.163145,0.008599,0.770567,0.790952
2008/8/28 0:00,0.875848,1.566956,0.885736,1.042693,0.163145,0.008599,0.770567,0.790952
2008/8/29 0:00,0.871802,1.564933,0.883896,1.036221,0.163284,0.00859,0.770377,0.793714
2008/8/30 0:00,0.872486,1.564872,0.883822,1.043929,0.163364,0.008567,0.771438,0.793934
2008/8/31 0:00,0.862738,1.566735,0.881457,1.04455,0.163412,0.008495,0.765882,0.785947
2008/9/1 0:00,0.860696,1.568332,0.883911,1.041829,0.163305,0.00846,0.768489,0.785268
2008/9/2 0:00,0.867303,1.56741,0.889711,1.031087,0.163268,0.008497,0.770238,0.788364
2008/9/3 0:00,0.867002,1.566048,0.890258,1.031029,0.163268,0.008486,0.769707,0.788457
2008/9/4 0:00,0.867002,1.566048,0.890258,1.031029,0.163268,0.008486,0.769707,0.788457
2008/9/5 0:00,0.86192,1.570265,0.886713,1.033912,0.162821,0.008446,0.767154,0.786133
2008/9/6 0:00,0.852406,1.571771,0.888273,1.036823,0.162959,0.008477,0.768267,0.78064
2008/9/7 0:00,0.853424,1.578432,0.889787,1.040242,0.16289,0.008502,0.770214,0.788022
2008/9/8 0:00,0.854555,1.571709,0.881418,1.038044,0.16289,0.008489,0.769734,0.786565
2008/9/9 0:00,0.852479,1.563551,0.875603,1.035368,0.162782,0.008425,0.766912,0.784037
2008/9/10 0:00,0.850738,1.565398,0.875833,1.036216,0.162782,0.008429,0.766762,0.784314
2008/9/11 0:00,0.850738,1.565398,0.875833,1.03621,0.162782,0.008429,0.766762,0.784314
2008/9/12 0:00,0.851499,1.573119,0.880324,1.037813,0.162549,0.008458,0.766075,0.789141
2008/9/13 0:00,0.845201,1.563942,0.877281,1.028278,0.162615,0.008391,0.763601,0.779757
2008/9/14 0:00,0.841857,1.5705,0.880398,1.023353,0.162596,0.00835,0.762492,0.777726
2008/9/15 0:00,0.840795,1.57087,0.879388,1.033864,0.16248,0.008363,0.762809,0.781158
2008/9/16 0:00,0.832882,1.55977,0.875542,1.023086,0.162596,0.00824,0.756544,0.771933
2008/9/17 0:00,0.832605,1.558348,0.874653,1.021774,0.162596,0.008236,0.756004,0.771159
2008/9/18 0:00,0.832605,1.558348,0.874653,1.021774,0.162596,0.008236,0.756004,0.771159
2008/9/19 0:00,0.829841,1.563453,0.8716,1.02317,0.161996,0.008272,0.757504,0.766342
2008/9/20 0:00,0.833507,1.569034,0.875197,1.032509,0.161608,0.0084,0.760237,0.772022
2008/9/21 0:00,0.830358,1.569058,0.87028,1.032871,0.161901,0.008432,0.762558,0.771099
2008/9/22 0:00,0.826788,1.571907,0.867062,1.032866,0.161587,0.008381,0.760931,0.780244
2008/9/23 0:00,0.826105,1.572401,0.866356,1.038157,0.161632,0.008441,0.761603,0.778059
2008/9/24 0:00,0.824198,1.571759,0.863334,1.037457,0.161632,0.008417,0.761102,0.777756
2008/9/25 0:00,0.824198,1.571759,0.863334,1.037457,0.161632,0.008417,0.761102,0.777756
2008/9/26 0:00,0.822301,1.56497,0.85955,1.037807,0.161538,0.008482,0.76169,0.774863
2008/9/27 0:00,0.822064,1.572747,0.860537,1.040599,0.161564,0.008518,0.766407,0.778816
2008/9/28 0:00,0.816627,1.564847,0.858111,1.033106,0.161368,0.008503,0.764894,0.772648
2008/9/29 0:00,0.816593,1.566833,0.861427,1.02096,0.160914,0.008419,0.761736,0.775314
2008/9/30 0:00,0.812909,1.56167,0.860215,1.016725,0.160774,0.008362,0.759192,0.774653
2008/10/1 0:00,0.814332,1.562598,0.861813,1.016002,0.160774,0.008367,0.760537,0.774803
2008/10/2 0:00,0.814332,1.562598,0.861813,1.016002,0.160774,0.008367,0.760537,0.774803
2008/10/3 0:00,0.814166,1.561902,0.858738,1.018434,0.16073,0.008344,0.758032,0.773904
2008/10/4 0:00,0.80954,1.551494,0.860733,1.012387,0.160619,0.008285,0.755884,0.77104
2008/10/5 0:00,0.810964,1.555004,0.860659,1.013988,0.160893,0.008302,0.755635,0.771873
2008/10/6 0:00,0.811129,1.5559,0.860289,1.01916,0.160893,0.0083,0.755858,0.772917
2008/10/7 0:00,0.811326,1.555573,0.861326,1.012105,0.160893,0.008304,0.755173,0.775976
2008/10/8 0:00,0.81075,1.555948,0.859771,1.012792,0.160893,0.008298,0.755601,0.772857
2008/10/9 0:00,0.81075,1.555948,0.859771,1.012792,0.160893,0.008298,0.755601,0.772857
2008/10/10 0:00,0.814863,1.55218,0.859513,1.01251,0.160707,0.008292,0.755886,0.778998
2008/10/11 0:00,0.820008,1.556723,0.862199,1.012043,0.161238,0.008376,0.756853,0.784468
2008/10/12 0:00,0.808931,1.532743,0.848497,0.998418,0.161132,0.008298,0.75112,0.769882
2008/10/13 0:00,0.808931,1.532743,0.848497,0.998418,0.161132,0.008298,0.75112,0.769882
2008/10/14 0:00,0.80952,1.52345,0.848353,0.992093,0.160813,0.008355,0.748803,0.770268
2008/10/15 0:00,0.811524,1.517554,0.846736,0.993789,0.160979,0.00845,0.750413,0.779545
2008/10/16 0:00,0.804732,1.507034,0.843754,0.98417,0.160927,0.008372,0.745618,0.772529
2008/10/17 0:00,0.812645,1.511362,0.846633,0.983294,0.16094,0.008364,0.748383,0.782656
2008/10/18 0:00,0.819236,1.514933,0.843313,0.985328,0.161023,0.00843,0.749695,0.783147
2008/10/19 0:00,0.820311,1.515909,0.842783,0.985804,0.161023,0.008436,0.750033,0.783392
2008/10/20 0:00,0.820311,1.515909,0.842783,0.985804,0.161023,0.008436,0.750033,0.783392
2008/10/21 0:00,0.816127,1.515852,0.837767,0.984868,0.161202,0.008451,0.749224,0.777122
2008/10/22 0:00,0.81616,1.517232,0.837574,0.980584,0.161353,0.008456,0.749403,0.773365
2008/10/23 0:00,0.816127,1.522939,0.836736,0.982574,0.161447,0.008563,0.749754,0.774114
2008/10/24 0:00,0.821389,1.515278,0.838487,1.114914,0.161616,0.008549,0.752298,0.778907
2008/10/25 0:00,0.819807,1.513145,0.83469,1.174978,0.161108,0.008518,0.753509,0.777847
2008/10/26 0:00,0.822707,1.515048,0.834324,1.164551,0.161108,0.008501,0.753608,0.77915
2008/10/27 0:00,0.822707,1.515048,0.834324,1.164551,0.161108,0.008501,0.753608,0.77915
2008/10/28 0:00,0.821085,1.513638,0.835628,1.142707,0.160823,0.00851,0.749887,0.777393
2008/10/29 0:00,0.817929,1.516162,0.827431,1.142387,0.160904,0.008445,0.747387,0.769349
2008/10/30 0:00,0.810373,1.511933,0.809258,1.163284,0.160987,0.008483,0.749395,0.757146
2008/10/31 0:00,0.810143,1.5048,0.808398,1.148501,0.161057,0.008481,0.748509,0.755687
2008/11/1 0:00,0.793493,1.50237,0.806367,1.144335,0.160568,0.00849,0.743992,0.7473
2008/11/2 0:00,0.791954,1.498801,0.804972,1.161744,0.160568,0.008489,0.743619,0.745684
2008/11/3 0:00,0.791954,1.498801,0.804972,1.161744,0.160568,0.008489,0.743619,0.745684
2008/11/4 0:00,0.79255,1.507898,0.805542,1.112223,0.159852,0.008444,0.745101,0.742363
2008/11/5 0:00,0.794281,1.519584,0.806348,1.104649,0.160126,0.008496,0.746712,0.746018
2008/11/6 0:00,0.797416,1.516749,0.803052,1.104362,0.16009,0.008492,0.739905,0.745796
2008/11/7 0:00,0.775645,1.504121,0.791233,1.083365,0.160087,0.008451,0.738558,0.725716
2008/11/8 0:00,0.776066,1.502404,0.786624,1.08616,0.159974,0.008519,0.738681,0.724743
2008/11/9 0:00,0.778483,1.506852,0.785605,1.085835,0.159974,0.008513,0.738334,0.726137
2008/11/10 0:00,0.778483,1.506852,0.785605,1.085835,0.159974,0.008513,0.738334,0.726137
2008/11/11 0:00,0.781494,1.501907,0.794051,1.080666,0.159757,0.008516,0.739503,0.729341
2008/11/12 0:00,0.772887,1.512505,0.802446,1.082474,0.159854,0.008511,0.742357,0.729341
2008/11/13 0:00,0.776669,1.521757,0.79747,1.083113,0.160059,0.008506,0.742352,0.737246
2008/11/14 0:00,0.779423,1.528842,0.804848,1.08114,0.159946,0.008516,0.743301,0.738253
2008/11/15 0:00,0.780671,1.525541,0.798725,1.08121,0.160169,0.008397,0.73993,0.736947
2008/11/16 0:00,0.779636,1.524402,0.798569,1.079447,0.160169,0.008394,0.739027,0.736675
2008/11/17 0:00,0.779636,1.524402,0.798569,1.079447,0.160169,0.008394,0.739027,0.736675
2008/11/18 0:00,0.781616,1.52178,0.803258,1.080573,0.160031,0.008424,0.73846,0.741482
2008/11/19 0:00,0.777817,1.525251,0.798614,1.079057,0.16021,0.00838,0.737673,0.741043
2008/11/20 0:00,0.770654,1.522441,0.790926,1.07826,0.160197,0.008307,0.734681,0.737708
2008/11/21 0:00,0.77691,1.53813,0.802826,1.078976,0.160141,0.00843,0.737659,0.74744
2008/11/22 0:00,0.777091,1.538604,0.803306,1.074258,0.160249,0.008423,0.738653,0.746687
2008/11/23 0:00,0.776699,1.539954,0.803139,1.073019,0.160249,0.008421,0.738552,0.745601
2008/11/24 0:00,0.777212,1.539954,0.803139,1.073019,0.160249,0.008421,0.738552,0.745573
2008/11/25 0:00,0.777212,1.537551,0.801944,1.073595,0.160036,0.008442,0.737314,0.750694
2008/11/26 0:00,0.781372,1.53406,0.806257,1.069319,0.159895,0.008402,0.737104,0.752049
2008/11/27 0:00,0.77818,1.543698,0.803084,1.058481,0.159895,0.00839,0.735354,0.75253
2008/11/28 0:00,0.780975,1.544974,0.801247,1.055989,0.159895,0.008414,0.736323,0.754233
2008/11/29 0:00,0.782503,1.537468,0.798317,1.06094,0.159895,0.008426,0.735619,0.75304
2008/11/30 0:00,0.784468,1.5398,0.797852,1.06553,0.159895,0.008402,0.735091,0.752474
2008/12/1 0:00,0.784468,1.5398,0.797852,1.06553,0.159895,0.008402,0.735091,0.752474
2008/12/2 0:00,0.781317,1.546946,0.79576,1.052964,0.15987,0.008411,0.736079,0.754489
2008/12/3 0:00,0.781067,1.544736,0.793937,1.052261,0.15987,0.008398,0.736008,0.746659
2008/12/4 0:00,0.789297,1.549151,0.804865,1.053463,0.159757,0.008411,0.738482,0.754432
2008/12/5 0:00,0.782258,1.54164,0.800189,1.048405,0.159757,0.00838,0.737371,0.755316
2008/12/6 0:00,0.781097,1.544032,0.799619,1.051193,0.159525,0.008354,0.734533,0.755601
2008/12/7 0:00,0.781555,1.543508,0.799523,1.048163,0.159525,0.008363,0.733975,0.756086
2008/12/8 0:00,0.781555,1.543508,0.799523,1.048163,0.159525,0.008363,0.733975,0.756086
2008/12/9 0:00,0.777635,1.537374,0.797378,1.046457,0.159396,0.008326,0.732539,0.752049
2008/12/10 0:00,0.783976,1.5389,0.802887,1.042535,0.159396,0.008371,0.734125,0.756888
2008/12/11 0:00,0.782014,1.525879,0.80402,1.036264,0.159474,0.008351,0.730986,0.758208
2008/12/12 0:00,0.776609,1.522847,0.801343,1.02757,0.159556,0.008318,0.729171,0.746352
2008/12/13 0:00,0.772171,1.506728,0.793109,1.016209,0.159647,0.008274,0.72531,0.737137
2008/12/14 0:00,0.771635,1.503703,0.792117,1.014456,0.159647,0.008277,0.726077,0.736241
2008/12/15 0:00,0.771635,1.503703,0.792117,1.014456,0.159647,0.008277,0.726077,0.736241
2008/12/16 0:00,0.771426,1.511327,0.794682,1.013859,0.159617,0.008251,0.724984,0.736675
2008/12/17 0:00,0.761644,1.508751,0.790242,1.002461,0.159693,0.008248,0.720433,0.726296
2008/12/18 0:00,0.758409,1.494545,0.783573,0.992324,0.159693,0.008234,0.721079,0.721501
2008/12/19 0:00,0.768374,1.487763,0.78681,0.994683,0.159693,0.008242,0.723733,0.738062
2008/12/20 0:00,0.763679,1.474502,0.782081,0.995461,0.159778,0.008248,0.718768,0.732789
2008/12/21 0:00,0.763913,1.474144,0.78231,0.994382,0.159778,0.008238,0.718053,0.734835
2008/12/22 0:00,0.763913,1.474144,0.78231,0.994382,0.159778,0.008238,0.718053,0.734835
2008/12/23 0:00,0.766078,1.48236,0.783647,0.995421,0.159698,0.008244,0.719784,0.739946
2008/12/24 0:00,0.76147,1.473405,0.783447,0.99454,0.160013,0.008242,0.720103,0.731368
2008/12/25 0:00,0.766195,1.471021,0.783665,1.006421,0.160547,0.008274,0.720064,0.737599
2008/12/26 0:00,0.762515,1.473405,0.784837,1.008491,0.161394,0.008272,0.719994,0.738716
2008/12/27 0:00,0.777756,1.495663,0.795703,1.025773,0.161134,0.008325,0.724045,0.757031
2008/12/28 0:00,0.777454,1.495294,0.796594,1.025957,0.161134,0.008331,0.725247,0.756659
2008/12/29 0:00,0.777454,1.495294,0.796594,1.025957,0.161134,0.008331,0.725247,0.756659
2008/12/30 0:00,0.786318,1.494199,0.798965,1.033426,0.160901,0.00835,0.731957,0.763271
2008/12/31 0:00,0.786813,1.487298,0.799914,1.045058,0.161153,0.008351,0.731553,0.763592
2009/1/1 0:00,0.783914,1.489115,0.797992,1.042123,0.161005,0.008371,0.730327,0.76147
2009/1/2 0:00,0.783177,1.4852,0.801565,1.039182,0.160994,0.008403,0.73018,0.758898
2009/1/3 0:00,0.776036,1.489492,0.79564,1.042579,0.160896,0.008388,0.730679,0.757203
2009/1/4 0:00,0.775194,1.487509,0.792773,1.039231,0.160896,0.008393,0.730183,0.756659
2009/1/5 0:00,0.775194,1.487509,0.792773,1.039231,0.160896,0.008393,0.730183,0.756659
2009/1/6 0:00,0.764614,1.480823,0.787749,1.032434,0.161121,0.008329,0.726934,0.751625
2009/1/7 0:00,0.76176,1.483944,0.788311,1.027501,0.161355,0.008339,0.728218,0.747524
2009/1/8 0:00,0.761702,1.483349,0.794701,1.036216,0.161366,0.008368,0.734409,0.74744
2009/1/9 0:00,0.757232,1.485222,0.795162,1.043313,0.161368,0.008353,0.736974,0.748503
2009/1/10 0:00,0.763942,1.490302,0.80141,1.050895,0.161368,0.008402,0.740774,0.759619
2009/1/11 0:00,0.763009,1.482844,0.800993,1.0502,0.161368,0.008353,0.740472,0.759157
2009/1/12 0:00,0.763009,1.482844,0.800993,1.0502,0.161368,0.008353,0.740472,0.759157
2009/1/13 0:00,0.762602,1.492504,0.80234,1.047066,0.161368,0.008387,0.739426,0.758236
2009/1/14 0:00,0.764994,1.48573,0.800253,1.038168,0.161337,0.00831,0.735505,0.750948
2009/1/15 0:00,0.77009,1.490313,0.798352,1.036823,0.161254,0.00834,0.737762,0.75663
2009/1/16 0:00,0.769497,1.471454,0.794344,1.023222,0.161168,0.008295,0.735781,0.755059
2009/1/17 0:00,0.767666,1.464654,0.794641,1.021049,0.161054,0.008322,0.731307,0.753665
2009/1/18 0:00,0.768285,1.463358,0.795554,1.021315,0.161054,0.008318,0.730906,0.753324
2009/1/19 0:00,0.768285,1.463358,0.795554,1.022025,0.161054,0.008318,0.730906,0.753324
2009/1/20 0:00,0.757892,1.467136,0.793808,1.023594,0.160909,0.008327,0.728239,0.744048
2009/1/21 0:00,0.763301,1.479804,0.800916,1.028965,0.160976,0.00838,0.735743,0.752842
2009/1/22 0:00,0.768935,1.483349,0.812232,1.036645,0.161194,0.00841,0.737833,0.75933
2009/1/23 0:00,0.780975,1.494768,0.822135,1.046841,0.161371,0.008405,0.739672,0.767872
2009/1/24 0:00,0.777333,1.495886,0.816993,1.049434,0.161379,0.00841,0.742639,0.768433
2009/1/25 0:00,0.778331,1.496401,0.81692,1.050332,0.161379,0.008409,0.742978,0.768344
2009/1/26 0:00,0.778331,1.496401,0.81692,1.050332,0.161379,0.008409,0.742978,0.768344
2009/1/27 0:00,0.770844,1.490535,0.817588,1.046479,0.161241,0.008374,0.740999,0.764614
2009/1/28 0:00,0.772111,1.494768,0.81415,1.049334,0.161241,0.008359,0.740338,0.767902
2009/1/29 0:00,0.777514,1.503974,0.817361,1.033437,0.161402,0.008343,0.742727,0.76743
2009/1/30 0:00,0.778513,1.506069,0.823649,1.048037,0.161324,0.008364,0.744269,0.758581
2009/1/31 0:00,0.782258,1.517681,0.821659,1.04734,0.161426,0.008407,0.749934,0.759561
2009/2/1 0:00,0.782197,1.518799,0.820853,1.048328,0.161426,0.008405,0.750582,0.760109
2009/2/2 0:00,0.782197,1.518799,0.820853,1.048328,0.161426,0.008405,0.750582,0.760109
2009/2/3 0:00,0.785639,1.523229,0.825689,1.046627,0.160798,0.008401,0.753069,0.764526
2009/2/4 0:00,0.801603,1.532238,0.831082,1.047982,0.161121,0.008409,0.758271,0.772768
2009/2/5 0:00,0.806322,1.546193,0.835303,1.066951,0.161285,0.008427,0.759474,0.773575
2009/2/6 0:00,0.789609,1.532414,0.826173,1.064985,0.161264,0.008361,0.754168,0.761934
2009/2/7 0:00,0.782871,1.514234,0.822044,1.070819,0.161264,0.008316,0.751781,0.752984
2009/2/8 0:00,0.785145,1.535249,0.822453,1.072386,0.161264,0.008377,0.751608,0.754148
2009/2/9 0:00,0.785145,1.535249,0.822453,1.08659,0.161264,0.008377,0.751608,0.754148
2009/2/10 0:00,0.784652,1.51183,0.82543,1.069891,0.161072,0.008321,0.750621,0.753324
2009/2/11 0:00,0.794913,1.519503,0.829772,1.081034,0.161155,0.008339,0.750993,0.756544
2009/2/12 0:00,0.797385,1.524623,0.830379,1.09162,0.161316,0.008373,0.75423,0.750554
2009/2/13 0:00,0.790389,1.522533,0.822673,1.084987,0.161082,0.008346,0.750368,0.744352
2009/2/14 0:00,0.793116,1.546922,0.828339,1.075899,0.161082,0.008356,0.752842,0.749457
2009/2/15 0:00,0.793399,1.544056,0.827928,1.075153,0.161082,0.008347,0.752734,0.749092
2009/2/16 0:00,0.793399,1.544056,0.827928,1.075153,0.161082,0.008347,0.752734,0.749092
2009/2/17 0:00,0.791296,1.560062,0.827082,1.0711,0.160957,0.008332,0.748497,0.735727
2009/2/18 0:00,0.798499,1.568,0.833653,1.077041,0.161059,0.008339,0.749524,0.73654
2009/2/19 0:00,0.810767,1.574134,0.836999,1.090905,0.161171,0.008396,0.75464,0.747915
2009/2/20 0:00,0.807983,1.576044,0.833792,1.094571,0.161249,0.008391,0.757389,0.749541
2009/2/21 0:00,0.804117,1.575461,0.83149,1.090435,0.161132,0.008378,0.757564,0.748447
2009/2/22 0:00,0.803342,1.572599,0.832362,1.091703,0.161132,0.00838,0.757088,0.74744
2009/2/23 0:00,0.803342,1.572599,0.832362,1.091703,0.161132,0.00838,0.757088,0.74744
2009/2/24 0:00,0.798945,1.56546,0.823215,1.082099,0.161179,0.008338,0.753208,0.737599
2009/2/25 0:00,0.791734,1.550207,0.817367,1.066041,0.161116,0.008285,0.74866,0.734322
2009/2/26 0:00,0.787929,1.553036,0.819642,1.068913,0.161194,0.008249,0.747328,0.7303
2009/2/27 0:00,0.788799,1.567619,0.819548,1.070051,0.161374,0.008262,0.74845,0.732064
2009/2/28 0:00,0.781891,1.547748,0.812051,1.059305,0.161358,0.008227,0.747929,0.730327
2009/3/1 0:00,0.78232,1.548947,0.814399,1.059827,0.161358,0.008226,0.748083,0.731208
2009/3/2 0:00,0.78232,1.548947,0.814399,1.059827,0.161358,0.008226,0.748083,0.731208
2009/3/3 0:00,0.782718,1.54691,0.81211,1.057809,0.161238,0.008231,0.745234,0.731449
2009/3/4 0:00,0.774293,1.539646,0.804855,1.051912,0.161189,0.008133,0.740922,0.723563
2009/3/5 0:00,0.772052,1.533472,0.801439,1.052776,0.161257,0.008076,0.739809,0.722752
2009/3/6 0:00,0.764614,1.531311,0.803426,1.060249,0.161259,0.008081,0.741367,0.716589
2009/3/7 0:00,0.765961,1.52952,0.802761,1.064254,0.161335,0.008063,0.741801,0.710682
2009/3/8 0:00,0.764409,1.529403,0.80289,1.063536,0.161335,0.008055,0.741966,0.710707
2009/3/9 0:00,0.764088,1.529157,0.80289,1.063536,0.161335,0.008055,0.741966,0.71053
2009/3/10 0:00,0.76063,1.5206,0.797474,1.057725,0.161303,0.008013,0.737572,0.709421
2009/3/11 0:00,0.77824,1.535756,0.806985,1.072754,0.161337,0.00807,0.742429,0.718933
2009/3/12 0:00,0.777877,1.53225,0.802407,1.068639,0.161348,0.008038,0.744158,0.714566
2009/3/13 0:00,0.767695,1.537279,0.800541,1.070813,0.161262,0.008037,0.742057,0.711136
2009/3/14 0:00,0.762282,1.52744,0.80234,1.063751,0.161202,0.007963,0.73733,0.704771
2009/3/15 0:00,0.762515,1.526694,0.804072,1.064271,0.161202,0.00796,0.736602,0.704573
2009/3/16 0:00,0.762515,1.526694,0.804072,1.064271,0.161202,0.00796,0.736602,0.704573
2009/3/17 0:00,0.767106,1.53306,0.804787,1.075899,0.161145,0.008009,0.737564,0.71144
2009/3/18 0:00,0.767312,1.537551,0.810599,1.073906,0.161142,0.008037,0.739656,0.713572
2009/3/19 0:00,0.776096,1.55159,0.81412,1.072731,0.16114,0.008152,0.744954,0.72015
2009/3/20 0:00,0.773305,1.549667,0.812239,1.067851,0.161119,0.008089,0.741867,0.699496
2009/3/21 0:00,0.774503,1.555936,0.812196,1.078743,0.161075,0.008104,0.74412,0.699374
2009/3/22 0:00,0.773096,1.555851,0.812097,1.077238,0.161075,0.008105,0.744192,0.698348
2009/3/23 0:00,0.773096,1.555851,0.812097,1.077238,0.161075,0.008105,0.744192,0.698348
2009/3/24 0:00,0.776488,1.558834,0.812552,1.070721,0.161057,0.0081,0.743119,0.700084
2009/3/25 0:00,0.774563,1.563893,0.811682,1.072271,0.161067,0.008105,0.744399,0.698666
2009/3/26 0:00,0.766783,1.57208,0.811458,1.078888,0.161041,0.008051,0.741776,0.691587
2009/3/27 0:00,0.780366,1.586244,0.817037,1.083424,0.161085,0.008132,0.749642,0.692353
2009/3/28 0:00,0.776699,1.588272,0.815428,1.08904,0.161044,0.008157,0.748935,0.689941
2009/3/29 0:00,0.776609,1.58836,0.814959,1.089562,0.161044,0.008152,0.749662,0.691252
2009/3/30 0:00,0.776609,1.58836,0.814959,1.091048,0.161044,0.008152,0.749662,0.691252
2009/3/31 0:00,0.772768,1.581565,0.81151,1.085028,0.161044,0.008105,0.748632,0.686554
2009/4/1 0:00,0.773007,1.57208,0.810396,1.069919,0.161114,0.008076,0.745632,0.684791
2009/4/2 0:00,0.771605,1.570105,0.807582,1.071409,0.161106,0.008077,0.744363,0.689608
2009/4/3 0:00,0.774863,1.574555,0.810222,1.067703,0.161046,0.008094,0.744568,0.691276
2009/4/4 0:00,0.764438,1.572203,0.810895,1.069679,0.161057,0.008072,0.741128,0.683317
2009/4/5 0:00,0.765404,1.57515,0.811761,1.071524,0.161057,0.008073,0.741098,0.684346
2009/4/6 0:00,0.765404,1.57515,0.811761,1.071524,0.161057,0.008073,0.741098,0.684346
2009/4/7 0:00,0.771159,1.575548,0.807852,1.081028,0.161062,0.008166,0.743003,0.687592
2009/4/8 0:00,0.770505,1.573317,0.800596,1.068781,0.161264,0.008172,0.742002,0.677553
2009/4/9 0:00,0.765667,1.560598,0.794218,1.055493,0.161251,0.008119,0.739527,0.675014
2009/4/10 0:00,0.762689,1.560342,0.796308,1.057977,0.161168,0.008121,0.741375,0.672359
2009/4/11 0:00,0.752219,1.5583,0.795735,1.061199,0.161142,0.008146,0.742261,0.669142
2009/4/12 0:00,0.751682,1.55705,0.795437,1.063321,0.161142,0.008142,0.742986,0.669232
2009/4/13 0:00,0.751004,1.55705,0.795437,1.063321,0.161142,0.008142,0.742986,0.669546
2009/4/14 0:00,0.751004,1.561524,0.790604,1.06089,0.161051,0.008167,0.741455,0.669456
2009/4/15 0:00,0.743384,1.543925,0.784572,1.053907,0.161031,0.008167,0.737583,0.665181
2009/4/16 0:00,0.743329,1.534213,0.785268,1.054902,0.161057,0.00828,0.740286,0.672699
2009/4/17 0:00,0.743191,1.534684,0.785426,1.053519,0.161062,0.008242,0.739776,0.671953
2009/4/18 0:00,0.741592,1.548947,0.785642,1.062327,0.161049,0.008142,0.740165,0.669299
2009/4/19 0:00,0.744629,1.551699,0.789868,1.065269,0.161049,0.008146,0.740102,0.671637
2009/4/20 0:00,0.744518,1.552554,0.789868,1.065269,0.161049,0.008146,0.740102,0.67245
2009/4/21 0:00,0.740302,1.549187,0.78416,1.05413,0.161072,0.008105,0.736865,0.669411
2009/4/22 0:00,0.744907,1.562012,0.784464,1.058151,0.161059,0.008109,0.734584,0.670983
2009/4/23 0:00,0.737137,1.564211,0.773066,1.049533,0.161051,0.008078,0.731818,0.659914
2009/4/24 0:00,0.740988,1.560793,0.77241,1.044005,0.161044,0.008057,0.731965,0.652039
2009/4/25 0:00,0.737654,1.560306,0.76955,1.040929,0.161044,0.00806,0.731486,0.652337
2009/4/26 0:00,0.737436,1.560196,0.770719,1.039571,0.161044,0.00806,0.731074,0.652167
2009/4/27 0:00,0.737436,1.560196,0.770719,1.039571,0.161044,0.00806,0.731074,0.652167
2009/4/28 0:00,0.737681,1.55739,0.769506,1.0375,0.161036,0.008048,0.729448,0.657203
2009/4/29 0:00,0.74366,1.556263,0.772061,1.044659,0.161041,0.008077,0.733832,0.664518
2009/4/30 0:00,0.737599,1.55926,0.768049,1.040637,0.161046,0.008062,0.732338,0.65835
2009/5/1 0:00,0.737327,1.551037,0.768412,1.045227,0.161044,0.008079,0.731101,0.664253
2009/5/2 0:00,0.727352,1.551145,0.765131,1.038497,0.161041,0.008084,0.728263,0.656944
2009/5/3 0:00,0.727352,1.551001,0.766507,1.038368,0.161041,0.008077,0.729102,0.657657
2009/5/4 0:00,0.728704,1.551049,0.766507,1.038368,0.161041,0.008077,0.729102,0.657657
2009/5/5 0:00,0.72889,1.556541,0.767548,1.039215,0.161044,0.008118,0.730762,0.661726
2009/5/6 0:00,0.733837,1.561037,0.773829,1.04002,0.161046,0.008093,0.733353,0.669949
2009/5/7 0:00,0.732225,1.562988,0.775705,1.038028,0.161057,0.008077,0.73266,0.670309
2009/5/8 0:00,0.728412,1.558701,0.76861,1.030609,0.161038,0.008045,0.726786,0.659304
2009/5/9 0:00,0.731556,1.563404,0.765433,1.036162,0.161036,0.008072,0.729528,0.660677
2009/5/10 0:00,0.730594,1.562195,0.76398,1.035095,0.161036,0.008069,0.728704,0.659348
2009/5/11 0:00,0.730594,1.562195,0.76398,1.035095,0.161036,0.008069,0.728704,0.659348
2009/5/12 0:00,0.726797,1.558895,0.760835,1.033218,0.161038,0.008071,0.725971,0.659914
2009/5/13 0:00,0.739399,1.558361,0.759379,1.025746,0.161041,0.008054,0.724546,0.655351
2009/5/14 0:00,0.735916,1.561524,0.758702,1.021555,0.161038,0.008015,0.722596,0.651742
2009/5/15 0:00,0.734889,1.55135,0.761797,1.019565,0.161038,0.008017,0.722791,0.6549
2009/5/16 0:00,0.741537,1.548467,0.762352,1.019145,0.161038,0.008054,0.722525,0.661266
2009/5/17 0:00,0.741895,1.549391,0.761354,1.017553,0.161038,0.008049,0.722173,0.662076
2009/5/18 0:00,0.740796,1.549391,0.761354,1.017553,0.161038,0.008049,0.722173,0.662076
2009/5/19 0:00,0.741043,1.559248,0.767471,1.017791,0.161038,0.008028,0.724008,0.661638
2009/5/20 0:00,0.729102,1.557147,0.761641,1.011695,0.158105,0.007991,0.713012,0.653061
2009/5/21 0:00,0.737599,1.562988,0.769853,1.027971,0.156568,0.008057,0.712076,0.662515
2009/5/22 0:00,0.73551,1.560184,0.764532,1.023107,0.156277,0.008039,0.715487,0.656362
2009/5/23 0:00,0.738062,1.564443,0.765026,1.023144,0.15645,0.00805,0.711642,0.654729
2009/5/24 0:00,0.73711,1.564248,0.763545,1.02438,0.15645,0.008045,0.710856,0.654151
2009/5/25 0:00,0.73711,1.564248,0.763545,1.02438,0.15645,0.008045,0.710856,0.654151
2009/5/26 0:00,0.738525,1.5596,0.764935,1.023594,0.15638,0.008041,0.710462,0.65796
2009/5/27 0:00,0.733192,1.565374,0.764968,1.023405,0.156402,0.008039,0.711157,0.657635
2009/5/28 0:00,0.734997,1.568135,0.761913,1.034447,0.156353,0.00807,0.712911,0.659718
2009/5/29 0:00,0.734592,1.567521,0.763857,1.03868,0.156519,0.008094,0.711615,0.66335
2009/5/30 0:00,0.733272,1.570105,0.759824,1.053419,0.156521,0.008188,0.711399,0.668963
2009/5/31 0:00,0.731904,1.569403,0.758285,1.05658,0.156521,0.008194,0.710076,0.668606
2009/6/1 0:00,0.731904,1.569403,0.758285,1.05658,0.156521,0.008194,0.710076,0.668606
2009/6/2 0:00,0.720747,1.575796,0.75685,1.067954,0.156143,0.008394,0.710411,0.653253
2009/6/3 0:00,0.716127,1.5688,0.749552,1.058481,0.155936,0.008356,0.711997,0.650893
2009/6/4 0:00,0.709396,1.547748,0.749763,1.053802,0.155982,0.008358,0.710323,0.642261
2009/6/5 0:00,0.715768,1.540393,0.755715,1.036162,0.156121,0.008259,0.714235,0.645599
2009/6/6 0:00,0.715692,1.539836,0.756144,1.041667,0.156531,0.008247,0.711061,0.645494
2009/6/7 0:00,0.716512,1.539101,0.757355,1.038961,0.156531,0.008216,0.709816,0.64635
2009/6/8 0:00,0.716512,1.539101,0.757355,1.038961,0.156531,0.008216,0.709816,0.64635
2009/6/9 0:00,0.71182,1.534743,0.758093,1.035438,0.156828,0.008254,0.708572,0.635445
2009/6/10 0:00,0.704151,1.530702,0.758676,1.040583,0.157122,0.008352,0.708097,0.634296
2009/6/11 0:00,0.70368,1.53191,0.753659,1.03163,0.157334,0.008326,0.706599,0.635001
2009/6/12 0:00,0.701311,1.52645,0.757369,1.027063,0.157334,0.00834,0.705403,0.639304
2009/6/13 0:00,0.692185,1.519099,0.755316,1.027723,0.157334,0.008413,0.702168,0.629287
2009/6/14 0:00,0.691085,1.516898,0.753125,1.027961,0.157334,0.008402,0.702006,0.627943
2009/6/15 0:00,0.691085,1.516898,0.753125,1.027961,0.157334,0.008402,0.702006,0.627943
2009/6/16 0:00,0.692881,1.528666,0.75149,1.025152,0.157087,0.008379,0.700349,0.625645
2009/6/17 0:00,0.702593,1.537622,0.757538,1.019747,0.157055,0.008338,0.70501,0.633955
2009/6/18 0:00,0.702099,1.536098,0.756095,1.024433,0.156794,0.008268,0.706314,0.64
2009/6/19 0:00,0.708617,1.545523,0.757263,1.02976,0.156809,0.008288,0.707789,0.630656
2009/6/20 0:00,0.707514,1.542639,0.75373,1.030556,0.156863,0.008297,0.707584,0.631512
2009/6/21 0:00,0.709019,1.542948,0.754068,1.031646,0.156863,0.008294,0.707714,0.631752
2009/6/22 0:00,0.712758,1.542948,0.754068,1.031646,0.156863,0.008294,0.707714,0.631752
2009/6/23 0:00,0.713852,1.542246,0.753829,1.032258,0.157038,0.008327,0.710896,0.633052
2009/6/24 0:00,0.712454,1.534649,0.754119,1.024643,0.156986,0.008301,0.713012,0.633032
2009/6/25 0:00,0.719011,1.549295,0.758524,1.032397,0.156964,0.008295,0.716178,0.635344
2009/6/26 0:00,0.716794,1.553398,0.758208,1.031726,0.157085,0.008274,0.715774,0.633874
2009/6/27 0:00,0.722752,1.556965,0.760488,1.03778,0.157126,0.008346,0.715415,0.641746
2009/6/28 0:00,0.723746,1.553253,0.756029,1.032525,0.157126,0.008334,0.714549,0.640061
2009/6/29 0:00,0.718701,1.553253,0.756029,1.032525,0.157126,0.008334,0.714549,0.639754
2009/6/30 0:00,0.713063,1.550207,0.754649,1.03146,0.157008,0.008301,0.708911,0.631453
2009/7/1 0:00,0.708567,1.536842,0.753438,1.026552,0.156838,0.008335,0.705699,0.629545
2009/7/2 0:00,0.701164,1.525437,0.750272,1.02296,0.156649,0.00832,0.701533,0.625156
2009/7/3 0:00,0.701459,1.524472,0.749709,1.025378,0.156659,0.008354,0.702543,0.634659
2009/7/4 0:00,0.701902,1.51676,0.750466,1.020408,0.156885,0.008272,0.701461,0.637308
2009/7/5 0:00,0.702741,1.518211,0.750112,1.021242,0.156885,0.008292,0.701582,0.638325
2009/7/6 0:00,0.702741,1.518211,0.750112,1.021242,0.156885,0.008292,0.701582,0.638325
2009/7/7 0:00,0.698934,1.517048,0.748024,1.026647,0.157015,0.008347,0.699837,0.633633
2009/7/8 0:00,0.699741,1.51607,0.744543,1.028807,0.157144,0.008344,0.700199,0.635364
2009/7/9 0:00,0.701213,1.513546,0.748083,1.025504,0.157304,0.008338,0.702395,0.639509
2009/7/10 0:00,0.702395,1.513546,0.753491,1.023908,0.157329,0.00835,0.699218,0.639795
2009/7/11 0:00,0.702691,1.519099,0.757401,1.028854,0.157329,0.008344,0.697569,0.642653
2009/7/12 0:00,0.706664,1.517796,0.760193,1.029548,0.157329,0.00834,0.697958,0.644517
2009/7/13 0:00,0.706664,1.517796,0.760193,1.029548,0.157329,0.00834,0.697958,0.644517
2009/7/14 0:00,0.708215,1.514234,0.763234,1.024685,0.157329,0.0083,0.703413,0.649393
2009/7/15 0:00,0.714975,1.523252,0.766568,1.032844,0.157329,0.008318,0.703524,0.653531
2009/7/16 0:00,0.720929,1.531745,0.76683,1.027163,0.157329,0.008337,0.709165,0.661835
2009/7/17 0:00,0.723066,1.532567,0.767816,1.034158,0.157394,0.008341,0.709371,0.66368
2009/7/18 0:00,0.733057,1.532849,0.773647,1.041857,0.157597,0.008315,0.716391,0.670399
2009/7/19 0:00,0.733595,1.530843,0.772487,1.039771,0.157597,0.008315,0.717072,0.669232
2009/7/20 0:00,0.733595,1.530843,0.772487,1.039771,0.157597,0.008315,0.717072,0.669232
2009/7/21 0:00,0.7373,1.536216,0.771563,1.040431,0.158153,0.008339,0.715436,0.673446
2009/7/22 0:00,0.727934,1.524193,0.769515,1.043656,0.157672,0.008347,0.713725,0.66865
2009/7/23 0:00,0.726586,1.544449,0.77104,1.050751,0.157537,0.008389,0.723,0.676613
2009/7/24 0:00,0.733487,1.550388,0.777345,1.052964,0.157575,0.00845,0.725961,0.687002
2009/7/25 0:00,0.727114,1.545058,0.773754,1.05148,0.157416,0.008372,0.72275,0.680156
2009/7/26 0:00,0.726296,1.543555,0.774042,1.048218,0.157416,0.008371,0.722413,0.680944
2009/7/27 0:00,0.726296,1.543555,0.774042,1.048218,0.157416,0.008371,0.722413,0.680944
2009/7/28 0:00,0.726111,1.547353,0.769408,1.045642,0.15723,0.00837,0.720648,0.680064
2009/7/29 0:00,0.726507,1.546001,0.771001,1.046737,0.15752,0.008346,0.7193,0.675858
2009/7/30 0:00,0.722517,1.543925,0.762675,1.04455,0.157498,0.008333,0.71746,0.673151
2009/7/31 0:00,0.721996,1.537953,0.763388,1.028965,0.157282,0.008286,0.717255,0.678058
2009/8/1 0:00,0.722074,1.534213,0.75944,1.022599,0.157503,0.00825,0.715789,0.674787
2009/8/2 0:00,0.721839,1.531394,0.759538,1.021889,0.157503,0.008233,0.715359,0.675151
2009/8/3 0:00,0.721501,1.531452,0.759538,1.021889,0.157503,0.008233,0.715359,0.675333
2009/8/4 0:00,0.725953,1.535709,0.761702,1.018392,0.157401,0.008266,0.718871,0.679117
2009/8/5 0:00,0.721163,1.530948,0.754404,1.013223,0.157401,0.008307,0.716332,0.678702
2009/8/6 0:00,0.714286,1.532555,0.761589,1.015538,0.15725,0.008296,0.718288,0.671795
2009/8/7 0:00,0.707564,1.529988,0.759091,1.008217,0.157314,0.008253,0.712058,0.668047
2009/8/8 0:00,0.713954,1.544879,0.764848,1.013716,0.158275,0.008284,0.713671,0.676201
2009/8/9 0:00,0.71375,1.542603,0.765052,1.012248,0.158275,0.00829,0.713521,0.677438
2009/8/10 0:00,0.71375,1.542603,0.765052,1.012248,0.158275,0.00829,0.713521,0.677438
2009/8/11 0:00,0.714031,1.542972,0.763796,1.015321,0.157793,0.008285,0.713526,0.67465
2009/8/12 0:00,0.717051,1.539883,0.762864,1.008522,0.157826,0.008249,0.71449,0.667401
2009/8/13 0:00,0.714158,1.53657,0.75963,1.00593,0.157831,0.008225,0.712421,0.657787
2009/8/14 0:00,0.714796,1.523693,0.759642,1.00394,0.157575,0.008218,0.710755,0.662647
2009/8/15 0:00,0.70326,1.506648,0.751484,0.994481,0.157403,0.008117,0.704166,0.65136
2009/8/16 0:00,0.704498,1.504948,0.751654,0.994135,0.157403,0.00812,0.704104,0.652443
2009/8/17 0:00,0.704498,1.504948,0.751654,0.994135,0.157403,0.00812,0.704104,0.652443
2009/8/18 0:00,0.705144,1.512402,0.753367,0.998712,0.157178,0.008128,0.703334,0.653787
2009/8/19 0:00,0.702938,1.510951,0.753886,0.992635,0.157188,0.008114,0.703059,0.652891
2009/8/20 0:00,0.70594,1.520797,0.753551,0.996115,0.157048,0.008135,0.70402,0.65606
2009/8/21 0:00,0.711541,1.520994,0.751247,0.998752,0.157003,0.00814,0.704622,0.653659
2009/8/22 0:00,0.71144,1.521375,0.749783,0.991719,0.156892,0.00814,0.702144,0.652699
2009/8/23 0:00,0.713216,1.52345,0.7505,0.994085,0.156892,0.008154,0.70222,0.654643
2009/8/24 0:00,0.713216,1.52345,0.7505,0.994085,0.156892,0.008154,0.70222,0.654643
2009/8/25 0:00,0.708767,1.519526,0.748637,0.992,0.156956,0.008122,0.703069,0.648887
2009/8/26 0:00,0.711845,1.521607,0.750751,0.984426,0.156774,0.008099,0.702889,0.646057
2009/8/27 0:00,0.707714,1.519757,0.74912,0.980037,0.15662,0.008094,0.702282,0.643646
2009/8/28 0:00,0.720565,1.531628,0.753395,0.98595,0.156666,0.008147,0.707631,0.65796
2009/8/29 0:00,0.723432,1.520207,0.750075,0.982053,0.156617,0.008143,0.707709,0.655996
2009/8/30 0:00,0.723772,1.519203,0.749055,0.981894,0.156617,0.008144,0.707967,0.656319
2009/8/31 0:00,0.723772,1.519203,0.749055,0.981894,0.156617,0.008144,0.707967,0.656319
2009/9/1 0:00,0.718597,1.512402,0.747963,0.97995,0.156512,0.00813,0.704804,0.65119
2009/9/2 0:00,0.724034,1.505571,0.750413,0.984107,0.156499,0.008166,0.70807,0.653232
2009/9/3 0:00,0.724664,1.510802,0.752095,0.977986,0.156514,0.00815,0.712119,0.657052
2009/9/4 0:00,0.722961,1.512104,0.751936,0.975991,0.156504,0.008156,0.710376,0.657397
2009/9/5 0:00,0.719011,1.504212,0.748167,0.970261,0.156372,0.00814,0.707414,0.653296
2009/9/6 0:00,0.719502,1.503748,0.747664,0.970921,0.156372,0.00814,0.707169,0.653445
2009/9/7 0:00,0.719502,1.503748,0.747664,0.970921,0.156372,0.00814,0.707169,0.653445
2009/9/8 0:00,0.723563,1.504902,0.750356,0.973179,0.156294,0.008116,0.709358,0.657592
2009/9/9 0:00,0.732198,1.506932,0.748315,0.971062,0.156279,0.008138,0.710578,0.667646
2009/9/10 0:00,0.731101,1.493607,0.74871,0.973757,0.156279,0.008098,0.70813,0.66335
2009/9/11 0:00,0.731101,1.510118,0.747423,1.000555,0.156311,0.008127,0.715154,0.663416
2009/9/12 0:00,0.734808,1.510574,0.748119,1.001532,0.156223,0.008126,0.71635,0.675402
2009/9/13 0:00,0.734403,1.511156,0.748419,1.003764,0.156223,0.008119,0.715231,0.674559
2009/9/14 0:00,0.734403,1.511156,0.748419,1.003764,0.156223,0.008119,0.715231,0.674559
2009/9/15 0:00,0.726691,1.507613,0.740094,0.99785,0.15605,0.00811,0.711794,0.664651
2009/9/16 0:00,0.720903,1.500499,0.735478,1.00595,0.155831,0.008133,0.709615,0.66368
2009/9/17 0:00,0.720955,1.51699,0.73537,1.014091,0.155569,0.008211,0.711974,0.662537
2009/9/18 0:00,0.730407,1.51676,0.735727,1.011675,0.155333,0.008234,0.713638,0.676521
2009/9/19 0:00,0.721553,1.521375,0.7303,1.015847,0.154911,0.008261,0.708541,0.672382
2009/9/20 0:00,0.718856,1.521757,0.726911,1.016984,0.154911,0.008274,0.707489,0.671862
2009/9/21 0:00,0.718856,1.521757,0.726911,1.016984,0.154911,0.008274,0.707489,0.671862
2009/9/22 0:00,0.724638,1.513317,0.727596,1.019784,0.154823,0.008302,0.710227,0.677094
2009/9/23 0:00,0.717412,1.504698,0.728343,1.008654,0.154775,0.008223,0.709706,0.6749
2009/9/24 0:00,0.720513,1.501389,0.723893,1.015332,0.154481,0.008209,0.709403,0.677048
2009/9/25 0:00,0.710581,1.487431,0.715937,1.000951,0.154233,0.008147,0.703485,0.669411
2009/9/26 0:00,0.719865,1.490802,0.721428,1.005895,0.154285,0.008244,0.70807,0.675105
2009/9/27 0:00,0.717283,1.489225,0.716509,1.008014,0.154285,0.008254,0.707689,0.672721
2009/9/28 0:00,0.717283,1.489225,0.716509,1.008014,0.154285,0.008254,0.707689,0.672721
2009/9/29 0:00,0.717077,1.488982,0.714896,1.009591,0.154302,0.008268,0.710399,0.676956
2009/9/30 0:00,0.722961,1.481043,0.717793,1.012915,0.15435,0.00827,0.712365,0.680944
2009/10/1 0:00,0.72197,1.486768,0.720606,1.006897,0.154373,0.008268,0.710919,0.678656
2009/10/2 0:00,0.727088,1.494322,0.723215,1.013223,0.154385,0.008314,0.711896,0.684065
2009/10/3 0:00,0.727061,1.491157,0.723,1.013813,0.154385,0.00831,0.710381,0.682827
2009/10/4 0:00,0.7282,1.491647,0.724375,1.014101,0.154385,0.008303,0.710381,0.684065
2009/10/5 0:00,0.7282,1.491647,0.724375,1.014101,0.154385,0.008303,0.710381,0.684065
2009/10/6 0:00,0.726111,1.488317,0.720189,1.012417,0.154114,0.008312,0.710182,0.685096
2009/10/7 0:00,0.729235,1.480166,0.721917,1.007765,0.154207,0.008303,0.707772,0.687238
2009/10/8 0:00,0.728412,1.483459,0.720106,1.01126,0.154055,0.008294,0.706317,0.683644
2009/10/9 0:00,0.728306,1.473839,0.721709,0.998707,0.153995,0.008316,0.704493,0.684018
2009/10/10 0:00,0.728491,1.474448,0.721813,0.999001,0.153995,0.008315,0.704493,0.68465
2009/10/11 0:00,0.728491,1.474448,0.721813,0.999001,0.153995,0.008315,0.704493,0.684252
2009/10/12 0:00,0.728491,1.474448,0.721813,0.999001,0.153995,0.008315,0.704493,0.684252
2009/10/13 0:00,0.716281,1.468321,0.716145,0.995124,0.153013,0.00838,0.700827,0.673197
2009/10/14 0:00,0.714847,1.466706,0.714921,0.990251,0.153315,0.008404,0.700329,0.66986
2009/10/15 0:00,0.706964,1.462202,0.710043,0.991616,0.152516,0.008433,0.69633,0.663812
2009/10/16 0:00,0.702001,1.457513,0.71097,0.997705,0.151678,0.008472,0.698592,0.665048
2009/10/17 0:00,0.697301,1.451379,0.706989,1.003794,0.151596,0.008494,0.69346,0.65563
2009/10/18 0:00,0.695241,1.452064,0.705604,1.005177,0.151596,0.008529,0.693142,0.654322
2009/10/19 0:00,0.695241,1.452064,0.705604,1.005177,0.151596,0.008529,0.693142,0.654322
2009/10/20 0:00,0.698617,1.454757,0.703665,1.000996,0.152219,0.008514,0.696976,0.6546
2009/10/21 0:00,0.69735,1.439201,0.699611,0.996458,0.152149,0.008488,0.695287,0.651742
2009/10/22 0:00,0.699692,1.446299,0.700363,0.992856,0.152082,0.008464,0.69763,0.656146
2009/10/23 0:00,0.69701,1.439885,0.695096,0.992319,0.15174,0.008473,0.695434,0.646392
2009/10/24 0:00,0.687096,1.429797,0.688919,1.001252,0.151863,0.008557,0.694203,0.643211
2009/10/25 0:00,0.687498,1.425588,0.687959,0.998642,0.151863,0.008547,0.694601,0.64658
2009/10/26 0:00,0.687498,1.425588,0.687959,0.998642,0.151863,0.008547,0.694601,0.64658
2009/10/27 0:00,0.687002,1.427144,0.68861,0.994347,0.152001,0.00852,0.69469,0.644247
2009/10/28 0:00,0.692689,1.416631,0.688852,0.996557,0.152008,0.008497,0.696328,0.648803
2009/10/29 0:00,0.685895,1.416631,0.68526,0.997138,0.152013,0.008595,0.695016,0.639039
2009/10/30 0:00,0.699154,1.41844,0.701277,0.987947,0.151976,0.0085,0.696597,0.649625
2009/10/31 0:00,0.700992,1.430615,0.706285,0.985202,0.151996,0.00845,0.70031,0.647941
2009/11/1 0:00,0.702494,1.426544,0.707872,0.984199,0.151996,0.008419,0.699347,0.649266
2009/11/2 0:00,0.702494,1.426544,0.707872,0.984199,0.151996,0.008419,0.699347,0.649266
2009/11/3 0:00,0.697156,1.424806,0.701828,0.984688,0.15199,0.008432,0.700101,0.647249
2009/11/4 0:00,0.70055,1.433897,0.710959,0.981066,0.151918,0.008439,0.70124,0.649393
2009/11/5 0:00,0.707539,1.427348,0.712545,0.983168,0.152027,0.008413,0.700138,0.652933
2009/11/6 0:00,0.708316,1.43575,0.709892,0.986826,0.152087,0.008433,0.700864,0.646998
2009/11/7 0:00,0.706714,1.417635,0.709348,0.977608,0.152066,0.00826,0.702092,0.6466
2009/11/8 0:00,0.708416,1.424501,0.715802,0.977522,0.152066,0.008256,0.702235,0.648424
2009/11/9 0:00,0.708416,1.424501,0.715802,0.977522,0.152066,0.008256,0.702235,0.648424
2009/11/10 0:00,0.70824,1.436101,0.714133,0.979965,0.152013,0.008258,0.702319,0.651232
2009/11/11 0:00,0.705617,1.439346,0.712352,0.98174,0.15198,0.00831,0.700749,0.649161
2009/11/12 0:00,0.713267,1.457853,0.722282,0.992654,0.152045,0.008476,0.703151,0.665624
2009/11/13 0:00,0.722256,1.457938,0.729448,1.007125,0.152328,0.008561,0.716589,0.673106
2009/11/14 0:00,0.708567,1.446288,0.72097,1.006203,0.152117,0.008545,0.710886,0.662361
2009/11/15 0:00,0.707214,1.450148,0.718639,1.009184,0.152117,0.008555,0.710273,0.662954
2009/11/16 0:00,0.707214,1.450148,0.718639,1.009184,0.152117,0.008555,0.710273,0.662954
2009/11/17 0:00,0.709522,1.441203,0.717417,1.012299,0.152117,0.008659,0.711936,0.663504
2009/11/18 0:00,0.708215,1.450747,0.724344,1.029628,0.152117,0.008696,0.716127,0.666045
2009/11/19 0:00,0.707814,1.447387,0.71564,1.023568,0.152117,0.008766,0.7168,0.664386
2009/11/20 0:00,0.709019,1.4454,0.717026,1.030822,0.152117,0.008959,0.719994,0.668248
2009/11/21 0:00,0.709925,1.446132,0.72294,1.023667,0.152117,0.008849,0.71614,0.662888
2009/11/22 0:00,0.710631,1.450705,0.722204,1.023489,0.152117,0.008832,0.715392,0.662669
2009/11/23 0:00,0.710328,1.450705,0.722204,1.023489,0.152117,0.008832,0.715392,0.662669
2009/11/24 0:00,0.714235,1.444252,0.72338,1.012402,0.153936,0.00873,0.713809,0.665447
2009/11/25 0:00,0.70995,1.429184,0.721061,1.011225,0.153447,0.008785,0.711506,0.656534
2009/11/26 0:00,0.716949,1.431844,0.730388,1.007521,0.153179,0.008754,0.711389,0.662888
2009/11/27 0:00,0.713827,1.432203,0.727738,1.005788,0.153402,0.008806,0.71203,0.661704
2009/11/28 0:00,0.712251,1.433692,0.725021,1.010152,0.153318,0.008885,0.71141,0.661354
2009/11/29 0:00,0.715103,1.440652,0.726361,1.01005,0.153318,0.008884,0.711592,0.662954
2009/11/30 0:00,0.715103,1.440652,0.726361,1.01005,0.153318,0.008884,0.711592,0.662954
2009/12/1 0:00,0.724165,1.414627,0.730506,1.001151,0.153332,0.008845,0.714648,0.672156
2009/12/2 0:00,0.720877,1.405383,0.725168,1.0081,0.153207,0.008917,0.710126,0.666333
2009/12/3 0:00,0.717901,1.394797,0.726538,1.013187,0.153099,0.008981,0.711035,0.663196
2009/12/4 0:00,0.719891,1.3947,0.735294,1.011291,0.153057,0.008882,0.71272,0.669411
2009/12/5 0:00,0.713216,1.386578,0.737964,1.003543,0.152896,0.008785,0.710182,0.66368
2009/12/6 0:00,0.712149,1.387203,0.739982,1.00314,0.152896,0.008773,0.710101,0.662954
2009/12/7 0:00,0.712149,1.387203,0.739982,1.00314,0.152896,0.008773,0.710101,0.662954
2009/12/8 0:00,0.714796,1.392157,0.738989,1.003251,0.152579,0.008851,0.711283,0.6595
2009/12/9 0:00,0.717257,1.393922,0.745851,1.00045,0.152623,0.008782,0.713297,0.661967
2009/12/10 0:00,0.726903,1.405057,0.742914,1.001492,0.152648,0.008784,0.71438,0.664253
2009/12/11 0:00,0.73616,1.41616,0.746274,1.008776,0.153104,0.008813,0.719644,0.674445
2009/12/12 0:00,0.742942,1.423589,0.749738,1.008832,0.153688,0.008788,0.727643,0.680342
2009/12/13 0:00,0.743771,1.423396,0.751092,1.00713,0.153655,0.008788,0.727397,0.682035
2009/12/14 0:00,0.743771,1.423396,0.751092,1.00713,0.153655,0.008788,0.727397,0.682035
2009/12/15 0:00,0.746491,1.423548,0.752021,1.002074,0.15345,0.008799,0.725005,0.679856
2009/12/16 0:00,0.744158,1.420697,0.746408,1.006391,0.153735,0.008885,0.7227,0.67595
2009/12/17 0:00,0.752021,1.422677,0.754606,1.004319,0.153539,0.008853,0.725163,0.67974
2009/12/18 0:00,0.744158,1.430001,0.747161,1.013721,0.153643,0.00884,0.723249,0.666045
2009/12/19 0:00,0.757662,1.44321,0.757857,1.019108,0.153957,0.008798,0.729198,0.676659
2009/12/20 0:00,0.758035,1.438445,0.756578,1.017294,0.153957,0.008786,0.728194,0.674491
2009/12/21 0:00,0.758035,1.438445,0.756578,1.017294,0.153957,0.008786,0.728194,0.674491
2009/12/22 0:00,0.751061,1.432049,0.752842,1.01388,0.153846,0.008804,0.726335,0.668025
2009/12/23 0:00,0.745295,1.415028,0.747887,1.01292,0.153504,0.008853,0.723851,0.659304
2009/12/24 0:00,0.743246,1.409245,0.748433,1.010356,0.153327,0.008796,0.722721,0.659391
2009/12/25 0:00,0.764088,1.448551,0.769394,1.03576,0.15444,0.009008,0.740922,0.684838
2009/12/26 0:00,0.761064,1.448121,0.769405,1.032258,0.154521,0.008967,0.737218,0.680342
2009/12/27 0:00,0.760398,1.448153,0.76892,1.031683,0.154521,0.008963,0.735781,0.679648
2009/12/28 0:00,0.760398,1.448153,0.76892,1.031683,0.154521,0.008963,0.735781,0.679648
2009/12/29 0:00,0.758323,1.437401,0.764921,1.03114,0.154212,0.008952,0.735202,0.67506
2009/12/30 0:00,0.761789,1.421,0.765838,1.028463,0.154081,0.008925,0.734311,0.674514
2009/12/31 0:00,0.753381,1.409245,0.757688,1.024223,0.153697,0.008873,0.731261,0.66986
2010/1/1 0:00,0.751908,1.414827,0.754148,1.024874,0.153499,0.008874,0.730148,0.669591
2010/1/2 0:00,0.751287,1.412659,0.753838,1.022945,0.153499,0.008838,0.729203,0.668405
2010/1/3 0:00,0.750835,1.415458,0.75358,1.02239,0.153499,0.008843,0.728674,0.668695
2010/1/4 0:00,0.750835,1.415458,0.75358,1.02239,0.153499,0.008843,0.728674,0.668695
2010/1/5 0:00,0.754006,1.4237,0.758492,1.026589,0.154089,0.00882,0.729695,0.671885
2010/1/6 0:00,0.761296,1.436678,0.76328,1.031475,0.153727,0.008856,0.736901,0.684556
2010/1/7 0:00,0.766372,1.438849,0.77044,1.037404,0.154677,0.008888,0.740247,0.691085
2010/1/8 0:00,0.767489,1.439263,0.77098,1.043368,0.155063,0.00889,0.742572,0.692113
2010/1/9 0:00,0.768079,1.422273,0.767654,1.044147,0.154354,0.00895,0.741743,0.690179
2010/1/10 0:00,0.767843,1.4229,0.768504,1.044277,0.154354,0.00896,0.740316,0.690417
2010/1/11 0:00,0.767077,1.422647,0.768504,1.044277,0.154354,0.008956,0.740316,0.69025
2010/1/12 0:00,0.762166,1.428571,0.767098,1.043188,0.154354,0.008998,0.740132,0.684627
2010/1/13 0:00,0.752078,1.414827,0.75863,1.045369,0.154385,0.009071,0.736855,0.67891
2010/1/14 0:00,0.759878,1.413428,0.763895,1.046627,0.1543,0.009118,0.742115,0.682198
2010/1/15 0:00,0.750779,1.405877,0.759714,1.045478,0.154727,0.009236,0.739388,0.677209
2010/1/16 0:00,0.755059,1.411632,0.768941,1.048889,0.15466,0.009223,0.741526,0.680897
2010/1/17 0:00,0.755715,1.412659,0.769776,1.048696,0.15466,0.009255,0.741485,0.680851
2010/1/18 0:00,0.755715,1.412659,0.769776,1.048696,0.15466,0.009255,0.741485,0.680851
2010/1/19 0:00,0.760023,1.423356,0.774156,1.047982,0.154811,0.009257,0.744114,0.686059
2010/1/20 0:00,0.766812,1.425344,0.782748,1.045648,0.154665,0.009202,0.743025,0.69056
2010/1/21 0:00,0.764848,1.420596,0.780628,1.034501,0.154359,0.009148,0.739519,0.691611
2010/1/22 0:00,0.770594,1.41623,0.779256,1.034784,0.154259,0.009161,0.733848,0.687002
2010/1/23 0:00,0.771873,1.421201,0.778474,1.034046,0.154426,0.009198,0.736757,0.691491
2010/1/24 0:00,0.771337,1.420202,0.779879,1.033037,0.154426,0.009195,0.736578,0.69197
2010/1/25 0:00,0.771337,1.420202,0.779879,1.033037,0.154426,0.009195,0.736578,0.69197
2010/1/26 0:00,0.774863,1.4285,0.780573,1.037673,0.154435,0.009189,0.739765,0.694686
2010/1/27 0:00,0.781097,1.439367,0.789974,1.0419,0.154844,0.009169,0.748374,0.703878
2010/1/28 0:00,0.781494,1.437815,0.792242,1.030434,0.15454,0.00911,0.744352,0.698812
2010/1/29 0:00,0.774084,1.433045,0.785376,1.027364,0.154276,0.00913,0.741065,0.690989
2010/1/30 0:00,0.770564,1.439678,0.788271,1.021659,0.153822,0.008951,0.738299,0.684767
2010/1/31 0:00,0.771129,1.4406,0.789456,1.021805,0.153822,0.008945,0.738514,0.685307
2010/2/1 0:00,0.771129,1.4406,0.789456,1.021805,0.153822,0.008945,0.738514,0.685307
2010/2/2 0:00,0.771647,1.449748,0.789017,1.025851,0.154012,0.008993,0.739555,0.684744
2010/2/3 0:00,0.774383,1.458396,0.792629,1.026973,0.154,0.008977,0.739284,0.68861
2010/2/4 0:00,0.75985,1.455699,0.791728,1.030641,0.153965,0.008982,0.740826,0.685495
2010/2/5 0:00,0.764672,1.461646,0.798308,1.034768,0.154419,0.009256,0.743273,0.697934
2010/2/6 0:00,0.759446,1.459801,0.795339,1.041775,0.154462,0.009373,0.7423,0.697107
2010/2/7 0:00,0.760485,1.46155,0.796632,1.042275,0.154462,0.009402,0.743901,0.697739
2010/2/8 0:00,0.760485,1.46155,0.796632,1.042275,0.154462,0.009402,0.743901,0.697739
2010/2/9 0:00,0.766313,1.467998,0.798062,1.047834,0.154462,0.009389,0.745443,0.701705
2010/2/10 0:00,0.750244,1.456876,0.788668,1.050525,0.15404,0.009416,0.740881,0.693433
2010/2/11 0:00,0.745684,1.449485,0.776913,1.045041,0.153969,0.009337,0.73645,0.686908
2010/2/12 0:00,0.746408,1.447597,0.777626,1.032482,0.153763,0.009325,0.735713,0.68835
2010/2/13 0:00,0.736187,1.443501,0.773225,1.030344,0.153841,0.009359,0.734646,0.684346
2010/2/14 0:00,0.73673,1.442991,0.774671,1.028188,0.153841,0.009336,0.734422,0.683878
2010/2/15 0:00,0.73673,1.442991,0.774671,1.028188,0.153841,0.009336,0.734422,0.683878
2010/2/16 0:00,0.731154,1.439253,0.768882,1.029601,0.153447,0.009224,0.729703,0.676888
2010/2/17 0:00,0.735159,1.443408,0.773455,1.02511,0.153414,0.009146,0.730223,0.675083
2010/2/18 0:00,0.73929,1.446236,0.779189,1.02994,0.154036,0.009221,0.732595,0.683924
2010/2/19 0:00,0.732064,1.444356,0.778847,1.030992,0.15345,0.009177,0.728422,0.681199
2010/2/20 0:00,0.727511,1.436905,0.772944,1.025094,0.153092,0.009204,0.729004,0.678196
2010/2/21 0:00,0.730007,1.435925,0.772851,1.025131,0.153092,0.009204,0.728725,0.676842
2010/2/22 0:00,0.730007,1.435925,0.772851,1.025131,0.153092,0.009204,0.728725,0.676842
2010/2/23 0:00,0.728863,1.439802,0.775047,1.022809,0.153346,0.009172,0.730426,0.679509
2010/2/24 0:00,0.733756,1.446602,0.775434,1.022443,0.153348,0.009167,0.73042,0.682012
2010/2/25 0:00,0.729661,1.462887,0.774773,1.018984,0.152933,0.009121,0.726678,0.679833
2010/2/26 0:00,0.722308,1.463143,0.763983,1.010101,0.152742,0.009101,0.724635,0.674946
2010/2/27 0:00,0.722596,1.45218,0.762114,1.010152,0.152749,0.009073,0.723717,0.676842
2010/2/28 0:00,0.722517,1.450032,0.762454,1.009856,0.152749,0.009082,0.723783,0.676498
2010/3/1 0:00,0.723406,1.456452,0.762454,1.009856,0.152749,0.00907,0.723783,0.676247
2010/3/2 0:00,0.722204,1.448845,0.761774,1.010918,0.152539,0.009163,0.72584,0.676842
2010/3/3 0:00,0.71736,1.461732,0.760265,1.007425,0.152504,0.009088,0.723476,0.673197
2010/3/4 0:00,0.719632,1.470415,0.764965,1.008985,0.152576,0.009074,0.725189,0.676064
2010/3/5 0:00,0.721605,1.465438,0.769882,1.010285,0.152509,0.009112,0.727691,0.67365
2010/3/6 0:00,0.718649,1.462758,0.767519,1.007389,0.152362,0.009086,0.725718,0.670488
2010/3/7 0:00,0.719399,1.461913,0.76753,1.005394,0.152362,0.009072,0.724719,0.669411
2010/3/8 0:00,0.718494,1.462544,0.76753,1.005834,0.152362,0.009072,0.724719,0.669546
2010/3/9 0:00,0.718597,1.463486,0.765902,1.00777,0.1519,0.008999,0.723924,0.669905
2010/3/10 0:00,0.723301,1.449433,0.763213,1.00634,0.151909,0.00903,0.726187,0.676384
2010/3/11 0:00,0.725242,1.441774,0.764596,1.011736,0.152089,0.009128,0.725977,0.681849
2010/3/12 0:00,0.722596,1.443428,0.763586,1.010239,0.151872,0.009195,0.7275,0.681129
2010/3/13 0:00,0.734997,1.452992,0.772556,1.023788,0.152328,0.009379,0.736144,0.693914
2010/3/14 0:00,0.7259,1.451547,0.772863,1.024858,0.152328,0.009385,0.73714,0.695628
2010/3/15 0:00,0.7259,1.451547,0.772863,1.024858,0.152328,0.009385,0.73714,0.695628
2010/3/16 0:00,0.736648,1.444836,0.779059,1.029935,0.152351,0.009322,0.73724,0.693241
2010/3/17 0:00,0.744796,1.454948,0.782197,1.035411,0.152172,0.009316,0.739358,0.696961
2010/3/18 0:00,0.746798,1.451337,0.786473,1.042862,0.152381,0.009358,0.742341,0.702149
2010/3/19 0:00,0.743743,1.446341,0.785916,1.037436,0.152393,0.009373,0.739519,0.712555
2010/3/20 0:00,0.737463,1.426544,0.783368,1.036318,0.152393,0.009347,0.7347,0.704523
2010/3/21 0:00,0.740001,1.426198,0.782653,1.037086,0.152393,0.009352,0.73511,0.705567
2010/3/22 0:00,0.740001,1.426198,0.782653,1.037086,0.152393,0.009352,0.73511,0.705567
2010/3/23 0:00,0.739044,1.420959,0.782344,1.036474,0.151844,0.009411,0.73783,0.705517
2010/3/24 0:00,0.736052,1.41226,0.777823,1.038745,0.151596,0.009434,0.737732,0.699888
2010/3/25 0:00,0.741098,1.415719,0.774293,1.036828,0.151934,0.009441,0.738236,0.703087
2010/3/26 0:00,0.736079,1.420596,0.771953,1.035465,0.151699,0.0096,0.741095,0.704449
2010/3/27 0:00,0.739508,1.433384,0.776277,1.042085,0.151782,0.009595,0.741293,0.706414
2010/3/28 0:00,0.739618,1.435802,0.775588,1.04196,0.151782,0.009604,0.741592,0.705442
2010/3/29 0:00,0.739618,1.43575,0.775588,1.04196,0.151782,0.009604,0.741592,0.705069
2010/3/30 0:00,0.745657,1.466544,0.780214,1.039825,0.152043,0.009614,0.744419,0.711187
2010/3/31 0:00,0.746519,1.467233,0.780823,1.040843,0.151738,0.00955,0.745026,0.712911
2010/4/1 0:00,0.749288,1.464686,0.779089,1.042699,0.152033,0.009575,0.746361,0.71582
2010/4/2 0:00,0.759648,1.482701,0.782626,1.043705,0.152038,0.00945,0.747275,0.724113
2010/4/3 0:00,0.748744,1.37193,0.772386,1.029458,0.151016,0.009786,0.741576,0.713318
2010/4/4 0:00,0.748867,1.368045,0.769133,1.030721,0.151016,0.009782,0.739533,0.713318
2010/4/5 0:00,0.748867,1.368045,0.769133,1.030721,0.151016,0.009782,0.739533,0.713318
2010/4/6 0:00,0.733434,1.317592,0.762547,1.022411,0.15034,0.009812,0.733541,0.699399
2010/4/7 0:00,0.736269,1.332765,0.765313,1.017895,0.150419,0.009739,0.737762,0.702889
2010/4/8 0:00,0.742501,1.343616,0.768935,1.021607,0.150675,0.009751,0.741444,0.71048
2010/4/9 0:00,0.743246,1.32318,0.770336,1.020689,0.150419,0.009684,0.739916,0.711288
2010/4/10 0:00,0.748699,1.32633,0.774003,1.026694,0.150247,0.009759,0.74265,0.716435
2010/4/11 0:00,0.749991,1.326357,0.774554,1.027797,0.150247,0.009752,0.743163,0.717952
2010/4/12 0:00,0.749991,1.326357,0.774554,1.027797,0.150247,0.009752,0.743163,0.717952
2010/4/13 0:00,0.753949,1.329416,0.77818,1.029988,0.150031,0.009753,0.743262,0.722961
2010/4/14 0:00,0.745935,1.304351,0.772156,1.02501,0.149707,0.00985,0.740324,0.714235
2010/4/15 0:00,0.749738,1.291381,0.77006,1.024611,0.14941,0.009877,0.739875,0.711238
2010/4/16 0:00,0.747943,1.289898,0.768749,1.022286,0.149676,0.009932,0.740944,0.722648
2010/4/17 0:00,0.755829,1.294373,0.766069,1.016735,0.149519,0.009937,0.742785,0.72873
2010/4/18 0:00,0.756974,1.29475,0.766927,1.01717,0.149519,0.009942,0.743337,0.730647
2010/4/19 0:00,0.756974,1.29475,0.766927,1.01717,0.149519,0.009942,0.743337,0.730647
2010/4/20 0:00,0.753211,1.297597,0.761748,1.017718,0.14939,0.009721,0.739943,0.721917
2010/4/21 0:00,0.764263,1.32611,0.769083,1.013274,0.149508,0.009536,0.743152,0.731904
2010/4/22 0:00,0.761557,1.31572,0.771953,1.017232,0.14956,0.009584,0.742495,0.728651
2010/4/23 0:00,0.763621,1.33053,0.775795,1.019945,0.14962,0.009482,0.744549,0.720773
2010/4/24 0:00,0.75959,1.319131,0.771653,1.016963,0.149504,0.009471,0.742633,0.714235
2010/4/25 0:00,0.757892,1.319044,0.771159,1.017998,0.149504,0.009538,0.741961,0.711642
2010/4/26 0:00,0.757892,1.319044,0.771159,1.017998,0.149504,0.009538,0.741961,0.711642
2010/4/27 0:00,0.759532,1.326357,0.771245,1.018491,0.149077,0.009432,0.741741,0.710858
2010/4/28 0:00,0.750441,1.310298,0.76728,1.01493,0.149327,0.009427,0.738539,0.704597
2010/4/29 0:00,0.747999,1.316716,0.766424,1.012392,0.149724,0.009357,0.736675,0.702321
2010/4/30 0:00,0.748722,1.319192,0.764973,1.013294,0.149726,0.009447,0.737311,0.697569
2010/5/1 0:00,0.745573,1.311003,0.759059,1.011972,0.149867,0.009424,0.73609,0.699081
2010/5/2 0:00,0.746547,1.311329,0.761586,1.013212,0.149433,0.009427,0.735841,0.700158
2010/5/3 0:00,0.746547,1.311329,0.761586,1.013212,0.149433,0.009427,0.735841,0.700158
2010/5/4 0:00,0.746854,1.314147,0.75657,1.014291,0.14979,0.00945,0.734169,0.699252
2010/5/5 0:00,0.751343,1.315037,0.75755,1.008186,0.149881,0.00955,0.73567,0.703755
2010/5/6 0:00,0.746519,1.313396,0.756581,1.007384,0.149894,0.009465,0.736399,0.705069
2010/5/7 0:00,0.75092,1.315703,0.758947,1.019223,0.150267,0.009516,0.738967,0.707064
2010/5/8 0:00,0.759532,1.322655,0.765679,1.031779,0.15067,0.009797,0.745095,0.721527
2010/5/9 0:00,0.759676,1.322953,0.76678,1.031358,0.150661,0.009799,0.746347,0.720357
2010/5/10 0:00,0.759676,1.322953,0.76678,1.031358,0.150661,0.009799,0.746347,0.720357
2010/5/11 0:00,0.756573,1.319583,0.76356,1.032706,0.150519,0.009771,0.745865,0.719243
2010/5/12 0:00,0.760427,1.333814,0.763245,1.037027,0.150906,0.00992,0.747401,0.723615
2010/5/13 0:00,0.758697,1.332436,0.764526,1.028568,0.150744,0.009877,0.744951,0.714898
2010/5/14 0:00,0.76298,1.310839,0.768374,1.027079,0.15056,0.009881,0.744948,0.717901
2010/5/15 0:00,0.76205,1.308678,0.759382,1.021085,0.1502,0.009829,0.742937,0.714031
2010/5/16 0:00,0.761963,1.307096,0.758996,1.019581,0.14977,0.009822,0.742779,0.713801
2010/5/17 0:00,0.761963,1.307096,0.758996,1.019581,0.14977,0.009822,0.742779,0.713801
2010/5/18 0:00,0.765726,1.303025,0.760083,1.01703,0.150105,0.009756,0.742322,0.714184
2010/5/19 0:00,0.766842,1.300103,0.761432,1.018221,0.150288,0.00982,0.743989,0.715871
2010/5/20 0:00,0.77232,1.300483,0.766654,1.024737,0.150699,0.009867,0.746152,0.722022
2010/5/21 0:00,0.770564,1.295295,0.771394,1.025573,0.150897,0.009817,0.744688,0.72197
2010/5/22 0:00,0.764994,1.291047,0.771456,1.026257,0.150715,0.00989,0.742782,0.719476
2010/5/23 0:00,0.764643,1.291873,0.771819,1.02593,0.150431,0.009871,0.743387,0.719709
2010/5/24 0:00,0.764643,1.291873,0.771819,1.02593,0.150431,0.009871,0.743387,0.719709
2010/5/25 0:00,0.768197,1.28817,0.774084,1.028383,0.150684,0.009882,0.744358,0.721215
2010/5/26 0:00,0.770475,1.303781,0.778189,1.039393,0.151006,0.00998,0.746904,0.728465
2010/5/27 0:00,0.76298,1.300898,0.776811,1.03728,0.150774,0.009969,0.743912,0.722831
2010/5/28 0:00,0.768403,1.31406,0.782751,1.045484,0.150855,0.010014,0.746595,0.72873
2010/5/29 0:00,0.761644,1.30736,0.776609,1.041114,0.150301,0.009977,0.742424,0.726085
2010/5/30 0:00,0.762515,1.307677,0.777309,1.041341,0.15106,0.00998,0.742666,0.727405
2010/5/31 0:00,0.762602,1.307002,0.777152,1.040274,0.150351,0.009978,0.742666,0.727405
2010/6/1 0:00,0.762457,1.31337,0.771578,1.039669,0.150375,0.00997,0.740488,0.727379
2010/6/2 0:00,0.763184,1.319557,0.775188,1.039988,0.150577,0.009988,0.740357,0.730994
2010/6/3 0:00,0.761025,1.31765,0.773078,1.032455,0.150167,0.009941,0.73858,0.729625
2010/6/4 0:00,0.76118,1.317436,0.773156,1.033058,0.150225,0.009948,0.738836,0.729581
2010/6/5 0:00,0.758956,1.315097,0.769853,1.025126,0.149876,0.009853,0.737191,0.72619
2010/6/6 0:00,0.762515,1.313301,0.768876,1.022223,0.149882,0.009821,0.735835,0.723798
2010/6/7 0:00,0.756287,1.313845,0.769201,1.022688,0.149882,0.009821,0.735889,0.723956
2010/6/8 0:00,0.757834,1.310616,0.768678,1.023337,0.149793,0.009808,0.735727,0.7259
2010/6/9 0:00,0.750554,1.308216,0.76476,1.016518,0.149757,0.009702,0.732864,0.721189
2010/6/10 0:00,0.751597,1.31337,0.762079,1.017294,0.149723,0.009672,0.734101,0.7259
2010/6/11 0:00,0.75566,1.329699,0.769325,1.019924,0.149689,0.0096,0.735537,0.728412
2010/6/12 0:00,0.756344,1.329655,0.769595,1.01995,0.149689,0.009616,0.735586,0.729208
2010/6/13 0:00,0.756974,1.329442,0.769527,1.019981,0.149689,0.009617,0.73524,0.730353
2010/6/14 0:00,0.75706,1.329398,0.769556,1.019321,0.149649,0.009618,0.735132,0.729501
2010/6/15 0:00,0.758604,1.331026,0.773291,1.020408,0.149788,0.009674,0.736757,0.730807
2010/6/16 0:00,0.768167,1.343544,0.779226,1.030641,0.149565,0.009795,0.742611,0.741812
2010/6/17 0:00,0.766871,1.3328,0.775344,1.031109,0.150098,0.009826,0.742446,0.744685
2010/6/18 0:00,0.764643,1.330672,0.77444,1.028256,0.150054,0.009763,0.74042,0.739208
2010/6/19 0:00,0.754774,1.325908,0.766328,1.024018,0.149334,0.00974,0.735919,0.733192
2010/6/20 0:00,0.753892,1.3267,0.766348,1.02521,0.14933,0.009737,0.735841,0.732091
2010/6/21 0:00,0.752502,1.331203,0.764643,1.027063,0.149697,0.009807,0.735646,0.731957
2010/6/22 0:00,0.746854,1.318131,0.759532,1.027063,0.149715,0.00979,0.731957,0.726111
2010/6/23 0:00,0.747077,1.320481,0.759425,1.023913,0.149921,0.009742,0.731888,0.726348
2010/6/24 0:00,0.74758,1.322751,0.758593,1.027538,0.14999,0.009766,0.733703,0.729076
2010/6/25 0:00,0.750976,1.322401,0.761058,1.029564,0.149868,0.009802,0.733579,0.731074
2010/6/26 0:00,0.748559,1.302592,0.756885,1.020486,0.149784,0.009773,0.730762,0.726401
2010/6/27 0:00,0.749288,1.300001,0.756796,1.020039,0.14858,0.009777,0.730946,0.726559
2010/6/28 0:00,0.749176,1.3005,0.756802,1.018081,0.149851,0.009778,0.730941,0.726401
2010/6/29 0:00,0.75429,1.302932,0.757579,1.020273,0.150004,0.00983,0.734498,0.730007
2010/6/30 0:00,0.754205,1.297353,0.756024,1.021237,0.149813,0.009823,0.733708,0.730727
2010/7/1 0:00,0.758006,1.299545,0.757581,1.023133,0.149876,0.009914,0.736223,0.731609
2010/7/2 0:00,0.764,1.309415,0.766163,1.032338,0.150008,0.009921,0.7373,0.730994
2010/7/3 0:00,0.76147,1.29584,0.759175,1.031593,0.149751,0.009901,0.73567,0.723014
2010/7/4 0:00,0.762369,1.296899,0.758581,1.030923,0.150033,0.009898,0.735781,0.72469
2010/7/5 0:00,0.762369,1.296899,0.758581,1.030923,0.150033,0.009898,0.735781,0.72469
2010/7/6 0:00,0.764029,1.296344,0.75726,1.03197,0.149957,0.009971,0.735229,0.728226
2010/7/7 0:00,0.766577,1.301914,0.756621,1.03054,0.14994,0.009971,0.735478,0.730034
2010/7/8 0:00,0.767048,1.300728,0.757194,1.0294,0.149806,0.009941,0.73474,0.725426
2010/7/9 0:00,0.763796,1.296176,0.759717,1.033618,0.149979,0.009905,0.732963,0.725979
2010/7/10 0:00,0.766577,1.297859,0.762274,1.030551,0.149864,0.009865,0.733323,0.728783
2010/7/11 0:00,0.765961,1.297901,0.761748,1.029479,0.15076,0.009868,0.733563,0.728385
2010/7/12 0:00,0.765931,1.296294,0.761528,1.028235,0.150664,0.009868,0.733568,0.728518
2010/7/13 0:00,0.766489,1.284192,0.762041,1.026536,0.149896,0.009848,0.732145,0.726956
2010/7/14 0:00,0.761354,1.272678,0.757125,1.020882,0.149832,0.009714,0.729283,0.722308
2010/7/15 0:00,0.762137,1.27486,0.759532,1.024984,0.149925,0.009659,0.730058,0.717772
2010/7/16 0:00,0.757805,1.264542,0.756859,1.020867,0.149865,0.009618,0.728558,0.715359
2010/7/17 0:00,0.756916,1.243936,0.753429,1.020356,0.149876,0.009697,0.727794,0.71347
2010/7/18 0:00,0.75838,1.243495,0.752078,1.022955,0.149808,0.009719,0.72812,0.716307
2010/7/19 0:00,0.760774,1.235788,0.75914,1.017434,0.149065,0.009639,0.727146,0.713216
2010/7/20 0:00,0.753494,1.211534,0.753679,1.011056,0.148858,0.009691,0.725155,0.704945
2010/7/21 0:00,0.756916,1.223541,0.754996,1.011005,0.148754,0.009587,0.722001,0.707114
2010/7/22 0:00,0.757404,1.22549,0.757777,1.013839,0.148717,0.009658,0.724034,0.709698
2010/7/23 0:00,0.762747,1.221299,0.76246,1.012212,0.14861,0.009631,0.720448,0.710631
2010/7/24 0:00,0.761702,1.218851,0.761009,1.009928,0.14915,0.009599,0.71921,0.708667
2010/7/25 0:00,0.761731,1.218999,0.760832,1.009688,0.148591,0.009598,0.719321,0.708717
2010/7/26 0:00,0.762486,1.219401,0.761449,1.012002,0.148454,0.009622,0.719994,0.713267
2010/7/27 0:00,0.767254,1.229559,0.762858,1.010918,0.148298,0.009631,0.721662,0.720487
2010/7/28 0:00,0.77229,1.227295,0.76239,1.010714,0.148429,0.009681,0.721425,0.722961
2010/7/29 0:00,0.763213,1.226392,0.75745,1.008593,0.148182,0.009619,0.718435,0.720098
2010/7/30 0:00,0.759994,1.223391,0.750309,1.00548,0.147866,0.009624,0.716936,0.715922
2010/7/31 0:00,0.760572,1.224597,0.750103,1.007988,0.147927,0.009634,0.717257,0.716384
2010/8/1 0:00,0.760572,1.224597,0.750103,1.007988,0.147851,0.009634,0.717257,0.716384
2010/8/2 0:00,0.759965,1.220398,0.746857,1.006416,0.147615,0.009593,0.71719,0.71286
2010/8/3 0:00,0.764883,1.219512,0.750272,1.006421,0.14749,0.009592,0.719135,0.716435
2010/8/4 0:00,0.765257,1.222793,0.748646,1.006695,0.147639,0.009561,0.719391,0.715615
2010/8/5 0:00,0.759215,1.217137,0.74689,1.005237,0.147415,0.009498,0.716463,0.711642
2010/8/6 0:00,0.758783,1.215658,0.747189,1.007455,0.147508,0.00949,0.71803,0.714796
2010/8/7 0:00,0.759821,1.219096,0.746505,1.012397,0.148302,0.009549,0.718401,0.716692
2010/8/8 0:00,0.75884,1.2192,0.746519,1.012797,0.147096,0.009549,0.718546,0.716486
2010/8/9 0:00,0.760341,1.220703,0.745868,1.010392,0.147615,0.009512,0.718236,0.714439
2010/8/10 0:00,0.764175,1.222793,0.746182,1.023437,0.147855,0.009592,0.719834,0.715768
2010/8/11 0:00,0.767489,1.231967,0.74648,1.029071,0.147992,0.009698,0.72338,0.730407
2010/8/12 0:00,0.767548,1.245245,0.74643,1.026036,0.147796,0.009704,0.72235,0.732547
2010/8/13 0:00,0.767725,1.252348,0.746322,1.031933,0.147988,0.009706,0.723029,0.732493
2010/8/14 0:00,0.767371,1.251831,0.746088,1.032951,0.148006,0.009699,0.722953,0.732896
2010/8/15 0:00,0.767636,1.251799,0.745962,1.032578,0.147883,0.009699,0.722648,0.732789
2010/8/16 0:00,0.769853,1.239926,0.746938,1.024853,0.147538,0.009562,0.71922,0.732225
2010/8/17 0:00,0.773096,1.237011,0.749822,1.024795,0.14733,0.009525,0.719932,0.735889
2010/8/18 0:00,0.767283,1.246417,0.745595,1.017134,0.147486,0.009531,0.716607,0.729501
2010/8/19 0:00,0.759532,1.251564,0.74214,1.012279,0.146994,0.009378,0.709675,0.720409
2010/8/20 0:00,0.755287,1.259763,0.73993,1.011839,0.14686,0.00938,0.708153,0.713521
2010/8/21 0:00,0.755316,1.260152,0.738503,1.012187,0.146789,0.009375,0.707914,0.711845
2010/8/22 0:00,0.755316,1.260152,0.738503,1.012187,0.146789,0.009375,0.707914,0.711845
2010/8/23 0:00,0.754148,1.246572,0.736307,1.001989,0.14613,0.009234,0.705574,0.708265
2010/8/24 0:00,0.75375,1.242545,0.742016,0.998951,0.14577,0.009184,0.706437,0.708291
2010/8/25 0:00,0.748951,1.244787,0.745921,0.99782,0.145351,0.009162,0.706691,0.707364
2010/8/26 0:00,0.745712,1.245175,0.74443,0.994951,0.14537,0.009124,0.705378,0.705916
2010/8/27 0:00,0.734187,1.232742,0.739771,0.990119,0.145214,0.009045,0.701262,0.70279
2010/8/28 0:00,0.734187,1.234446,0.740362,0.990099,0.145165,0.009014,0.701066,0.701656
2010/8/29 0:00,0.733837,1.234499,0.740384,0.991129,0.145169,0.009015,0.701804,0.700795
2010/8/30 0:00,0.735537,1.246362,0.744056,0.988694,0.145007,0.009,0.701164,0.705393
2010/8/31 0:00,0.738907,1.243163,0.744604,0.98979,0.145245,0.009004,0.701644,0.704722
2010/9/1 0:00,0.738689,1.243626,0.742198,0.984737,0.144504,0.008884,0.698088,0.700697
2010/9/2 0:00,0.741372,1.24502,0.741466,0.984339,0.144523,0.008829,0.698373,0.70055
2010/9/3 0:00,0.742694,1.245601,0.740014,0.986952,0.144553,0.008844,0.699966,0.704399
2010/9/4 0:00,0.744518,1.247653,0.739593,0.985367,0.144513,0.008843,0.70043,0.704349
2010/9/5 0:00,0.743716,1.2477,0.739399,0.986047,0.144438,0.00883,0.700378,0.7043
2010/9/6 0:00,0.747831,1.240849,0.745476,0.985125,0.14468,0.008913,0.701508,0.706714
2010/9/7 0:00,0.746436,1.249531,0.743749,0.986295,0.144995,0.008858,0.700697,0.711288
2010/9/8 0:00,0.738662,1.248751,0.744081,0.98146,0.145258,0.008746,0.697297,0.708015
2010/9/9 0:00,0.741125,1.25897,0.750331,0.986787,0.145212,0.008743,0.700653,0.706814
2010/9/10 0:00,0.744546,1.268231,0.751933,0.989413,0.145212,0.008791,0.704126,0.713496
2010/9/11 0:00,0.745796,1.27331,0.752273,0.989609,0.145212,0.00881,0.704722,0.714184
2010/9/12 0:00,0.745045,1.273301,0.752361,0.98956,0.145212,0.00881,0.704622,0.714184
2010/9/13 0:00,0.747692,1.27081,0.753915,0.98959,0.145328,0.008761,0.702469,0.713216
2010/9/14 0:00,0.745601,1.271375,0.752615,0.990688,0.145307,0.008773,0.704722,0.711592
2010/9/15 0:00,0.74768,1.260923,0.754623,0.992812,0.145338,0.008806,0.705015,0.715615
2010/9/16 0:00,0.744602,1.256755,0.75637,0.984417,0.145351,0.008756,0.701971,0.716153
2010/9/17 0:00,0.744158,1.257703,0.759512,0.981691,0.144766,0.008682,0.6988,0.713903
2010/9/18 0:00,0.745184,1.257743,0.758708,0.983158,0.144766,0.008666,0.699088,0.713547
2010/9/19 0:00,0.74499,1.257498,0.758639,0.983187,0.144766,0.008666,0.699105,0.713598
2010/9/20 0:00,0.748951,1.267042,0.761023,0.98432,0.144783,0.008668,0.701223,0.718856
2010/9/21 0:00,0.749681,1.268553,0.762262,0.988685,0.144892,0.008676,0.702585,0.720617
2010/9/22 0:00,0.751654,1.271456,0.762367,0.990256,0.14482,0.008693,0.702938,0.723014
2010/9/23 0:00,0.733999,1.23839,0.746021,0.967123,0.144003,0.008445,0.690799,0.701238
2010/9/24 0:00,0.730567,1.247194,0.750379,0.9764,0.143684,0.00851,0.692502,0.698666
2010/9/25 0:00,0.729714,1.249001,0.749822,0.974137,0.143693,0.008481,0.692473,0.696088
2010/9/26 0:00,0.729714,1.249001,0.749822,0.974137,0.143693,0.008481,0.692473,0.696088
2010/9/27 0:00,0.726533,1.242236,0.746335,0.978043,0.14381,0.008579,0.691628,0.695217
2010/9/28 0:00,0.725058,1.235025,0.747552,0.97219,0.143868,0.008479,0.692521,0.691683
2010/9/29 0:00,0.724506,1.23533,0.746801,0.974721,0.144042,0.008493,0.692413,0.690322
2010/9/30 0:00,0.721553,1.229559,0.742209,0.9755,0.143879,0.008509,0.690534,0.690655
2010/10/1 0:00,0.717618,1.22519,0.739235,0.9738,0.143962,0.00853,0.691009,0.687191
2010/10/2 0:00,0.719114,1.2278,0.738089,0.973189,0.143962,0.008527,0.691133,0.687687
2010/10/3 0:00,0.719114,1.2278,0.738089,0.973189,0.143962,0.008527,0.691133,0.687687
2010/10/4 0:00,0.719735,1.228501,0.740384,0.973047,0.143972,0.008537,0.690978,0.690846
2010/10/5 0:00,0.718701,1.226001,0.737776,0.972479,0.143833,0.00851,0.690164,0.688753
2010/10/6 0:00,0.718494,1.222195,0.737485,0.969974,0.143697,0.0085,0.688565,0.690846
2010/10/7 0:00,0.721839,1.223459,0.741155,0.977297,0.143763,0.008595,0.690288,0.695701
2010/10/8 0:00,0.723197,1.234111,0.745184,0.984446,0.143997,0.008562,0.691419,0.695943
2010/10/9 0:00,0.720825,1.233905,0.744131,0.980344,0.143993,0.008555,0.690942,0.692689
2010/10/10 0:00,0.720825,1.233905,0.744131,0.980344,0.143993,0.008555,0.690942,0.692689
