timestamp,true_value,pred_value
1998/4/24 0:00,0.4351,0.43508184
1998/4/25 0:00,0.4371,0.43545386
1998/4/26 0:00,0.44295,0.43554688
1998/4/27 0:00,0.4406,0.4356399
1998/4/28 0:00,0.4391,0.43610492
1998/4/29 0:00,0.44095,0.43638393
1998/4/30 0:00,0.4456,0.43666294
1998/5/1 0:00,0.44605,0.43703496
1998/5/2 0:00,0.4472,0.43694195
1998/5/3 0:00,0.4466,0.43675596
1998/5/4 0:00,0.44565,0.43731397
1998/5/5 0:00,0.44935,0.437779
1998/5/6 0:00,0.4507,0.43796504
1998/5/7 0:00,0.44975,0.43768603
1998/5/8 0:00,0.448,0.43796504
1998/5/9 0:00,0.44755,0.43824404
1998/5/10 0:00,0.44805,0.43666294
1998/5/11 0:00,0.44515,0.43666294
1998/5/12 0:00,0.4489,0.43684897
1998/5/13 0:00,0.4487,0.43675596
1998/5/14 0:00,0.44835,0.43703496
1998/5/15 0:00,0.4493,0.43731397
1998/5/16 0:00,0.45135,0.43731397
1998/5/17 0:00,0.4533,0.4375
1998/5/18 0:00,0.45625,0.43787202
1998/5/19 0:00,0.4559,0.437593
1998/5/20 0:00,0.45815,0.43805805
1998/5/21 0:00,0.4605,0.43833706
1998/5/22 0:00,0.4637,0.43870908
1998/5/23 0:00,0.4668,0.43861607
1998/5/24 0:00,0.4682,0.43843007
1998/5/25 0:00,0.4729,0.43805805
1998/5/26 0:00,0.4683,0.43852305
1998/5/27 0:00,0.4711,0.43824404
1998/5/28 0:00,0.4738,0.43861607
1998/5/29 0:00,0.47645,0.43861607
1998/5/30 0:00,0.4768,0.4388021
1998/5/31 0:00,0.4749,0.4388021
1998/6/1 0:00,0.48595,0.43870908
1998/6/2 0:00,0.4896,0.43945312
1998/6/3 0:00,0.48865,0.4393601
1998/6/4 0:00,0.49115,0.43889508
1998/6/5 0:00,0.4873,0.4392671
1998/6/6 0:00,0.48665,0.43945312
1998/6/7 0:00,0.48865,0.44010416
1998/6/8 0:00,0.4928,0.4393601
1998/6/9 0:00,0.48765,0.43954614
1998/6/10 0:00,0.48415,0.43973213
1998/6/11 0:00,0.4842,0.43991816
1998/6/12 0:00,0.4877,0.43963915
1998/6/13 0:00,0.48695,0.43991816
1998/6/14 0:00,0.49105,0.43954614
1998/6/15 0:00,0.49665,0.44019717
1998/6/16 0:00,0.49255,0.4405692
1998/6/17 0:00,0.4932,0.44029018
1998/6/18 0:00,0.4895,0.44019717
1998/6/19 0:00,0.49095,0.4406622
1998/6/20 0:00,0.486,0.44029018
1998/6/21 0:00,0.48755,0.44075522
1998/6/22 0:00,0.4893,0.44122022
1998/6/23 0:00,0.4883,0.44159228
1998/6/24 0:00,0.4845,0.4409412
1998/6/25 0:00,0.49035,0.44112724
1998/6/26 0:00,0.49205,0.44159228
1998/6/27 0:00,0.4882,0.44149926
1998/6/28 0:00,0.4835,0.44131324
1998/6/29 0:00,0.4866,0.44140625
1998/6/30 0:00,0.4844,0.44177827
1998/7/1 0:00,0.482,0.44140625
1998/7/2 0:00,0.4827,0.4424293
1998/7/3 0:00,0.48775,0.4419643
1998/7/4 0:00,0.4805,0.44205728
1998/7/5 0:00,0.4742,0.4421503
1998/7/6 0:00,0.4693,0.44233632
1998/7/7 0:00,0.4682,0.44280133
1998/7/8 0:00,0.4695,0.44298735
1998/7/9 0:00,0.4678,0.44363838
1998/7/10 0:00,0.4651,0.44289434
1998/7/11 0:00,0.46195,0.44298735
1998/7/12 0:00,0.4636,0.44363838
1998/7/13 0:00,0.4574,0.4437314
1998/7/14 0:00,0.453,0.44438243
1998/7/15 0:00,0.45485,0.44363838
1998/7/16 0:00,0.4541,0.44363838
1998/7/17 0:00,0.4579,0.4440104
1998/7/18 0:00,0.46325,0.44447544
1998/7/19 0:00,0.4571,0.44447544
1998/7/20 0:00,0.46285,0.44428945
1998/7/21 0:00,0.4658,0.44475445
1998/7/22 0:00,0.468,0.4450335
1998/7/23 0:00,0.466,0.4453125
1998/7/24 0:00,0.4698,0.4452195
1998/7/25 0:00,0.46495,0.44614956
1998/7/26 0:00,0.4671,0.44494048
1998/7/27 0:00,0.4674,0.4453125
1998/7/28 0:00,0.4697,0.44633555
1998/7/29 0:00,0.47185,0.44577754
1998/7/30 0:00,0.46915,0.44614956
1998/7/31 0:00,0.46895,0.44605654
1998/8/1 0:00,0.47,0.44577754
1998/8/2 0:00,0.47,0.44642857
1998/8/3 0:00,0.4676,0.4466146
1998/8/4 0:00,0.4661,0.44642857
1998/8/5 0:00,0.46655,0.44633555
1998/8/6 0:00,0.47025,0.44642857
1998/8/7 0:00,0.46885,0.4468936
1998/8/8 0:00,0.47085,0.44698662
1998/8/9 0:00,0.4757,0.44754463
1998/8/10 0:00,0.4719,0.4481957
1998/8/11 0:00,0.4722,0.44763765
1998/8/12 0:00,0.4704,0.44782367
1998/8/13 0:00,0.47115,0.4487537
1998/8/14 0:00,0.4728,0.4481957
1998/8/15 0:00,0.4704,0.44828868
1998/8/16 0:00,0.46765,0.4483817
1998/8/17 0:00,0.4683,0.4484747
1998/8/18 0:00,0.4741,0.4487537
1998/8/19 0:00,0.4696,0.44903272
1998/8/20 0:00,0.47085,0.44903272
1998/8/21 0:00,0.46995,0.44884673
1998/8/22 0:00,0.47425,0.44912574
1998/8/23 0:00,0.47325,0.44949776
1998/8/24 0:00,0.4779,0.4500558
1998/8/25 0:00,0.47845,0.4502418
1998/8/26 0:00,0.4835,0.45070684
1998/8/27 0:00,0.48125,0.4499628
1998/8/28 0:00,0.48055,0.45052084
1998/8/29 0:00,0.47855,0.45098585
1998/8/30 0:00,0.4805,0.44986978
1998/8/31 0:00,0.4786,0.45033482
1998/9/1 0:00,0.48025,0.45042783
1998/9/2 0:00,0.48105,0.4500558
1998/9/3 0:00,0.48185,0.45089287
1998/9/4 0:00,0.4835,0.45061383
1998/9/5 0:00,0.4827,0.4513579
1998/9/6 0:00,0.4843,0.45107886
1998/9/7 0:00,0.48585,0.4513579
1998/9/8 0:00,0.48665,0.45172992
1998/9/9 0:00,0.48915,0.45219493
1998/9/10 0:00,0.48605,0.45200893
1998/9/11 0:00,0.48255,0.45265996
1998/9/12 0:00,0.4964,0.4516369
1998/9/13 0:00,0.49615,0.45238096
1998/9/14 0:00,0.4983,0.452846
1998/9/15 0:00,0.49895,0.45070684
1998/9/16 0:00,0.49815,0.45098585
1998/9/17 0:00,0.4936,0.45079985
1998/9/18 0:00,0.4931,0.45052084
1998/9/19 0:00,0.4969,0.45117188
1998/9/20 0:00,0.49985,0.45089287
1998/9/21 0:00,0.49965,0.4513579
1998/9/22 0:00,0.49765,0.45191592
1998/9/23 0:00,0.4963,0.45172992
1998/9/24 0:00,0.49735,0.45200893
1998/9/25 0:00,0.50215,0.45238096
1998/9/26 0:00,0.51415,0.45256695
1998/9/27 0:00,0.4995,0.45256695
1998/9/28 0:00,0.4956,0.45172992
1998/9/29 0:00,0.49455,0.45265996
1998/9/30 0:00,0.4951,0.453032
1998/10/1 0:00,0.4982,0.4515439
1998/10/2 0:00,0.49765,0.4518229
1998/10/3 0:00,0.498,0.45219493
1998/10/4 0:00,0.50105,0.4515439
1998/10/5 0:00,0.5012,0.45265996
1998/10/6 0:00,0.50385,0.45238096
1998/10/7 0:00,0.5029,0.453032
1998/10/8 0:00,0.5085,0.452846
1998/10/9 0:00,0.51265,0.452846
1998/10/10 0:00,0.51455,0.453125
1998/10/11 0:00,0.51765,0.45405507
1998/10/12 0:00,0.51655,0.45414805
1998/10/13 0:00,0.51655,0.45414805
1998/10/14 0:00,0.5217,0.45349702
1998/10/15 0:00,0.52335,0.45405507
1998/10/16 0:00,0.5228,0.45452008
1998/10/17 0:00,0.5284,0.45293897
1998/10/18 0:00,0.5314,0.453218
1998/10/19 0:00,0.53025,0.45331103
1998/10/20 0:00,0.5329,0.453032
1998/10/21 0:00,0.5325,0.45386904
1998/10/22 0:00,0.5394,0.453218
1998/10/23 0:00,0.54165,0.45433408
1998/10/24 0:00,0.5388,0.45414805
1998/10/25 0:00,0.53905,0.45405507
1998/10/26 0:00,0.54455,0.45452008
1998/10/27 0:00,0.5502,0.45526415
1998/10/28 0:00,0.5476,0.45545015
1998/10/29 0:00,0.54225,0.45563617
1998/10/30 0:00,0.54915,0.4549851
1998/10/31 0:00,0.5476,0.45610118
1998/11/1 0:00,0.54925,0.45610118
1998/11/2 0:00,0.5454,0.4560082
1998/11/3 0:00,0.54275,0.45638022
1998/11/4 0:00,0.542,0.45638022
1998/11/5 0:00,0.54945,0.45591518
1998/11/6 0:00,0.5479,0.45712426
1998/11/7 0:00,0.54935,0.45675224
1998/11/8 0:00,0.5498,0.45712426
1998/11/9 0:00,0.54925,0.45768228
1998/11/10 0:00,0.5522,0.45768228
1998/11/11 0:00,0.5488,0.4578683
1998/11/12 0:00,0.5541,0.45824033
1998/11/13 0:00,0.5512,0.45861235
1998/11/14 0:00,0.54935,0.45861235
1998/11/15 0:00,0.5499,0.4574963
1998/11/16 0:00,0.5532,0.4590774
1998/11/17 0:00,0.5586,0.45851934
1998/11/18 0:00,0.5586,0.45768228
1998/11/19 0:00,0.56555,0.4578683
1998/11/20 0:00,0.5645,0.4580543
1998/11/21 0:00,0.5657,0.4574963
1998/11/22 0:00,0.5593,0.4578683
1998/11/23 0:00,0.5619,0.4580543
1998/11/24 0:00,0.5605,0.45889136
1998/11/25 0:00,0.5645,0.45898438
1998/11/26 0:00,0.5626,0.4590774
1998/11/27 0:00,0.5594,0.4593564
1998/11/28 0:00,0.55365,0.45972842
1998/11/29 0:00,0.54685,0.45991445
1998/11/30 0:00,0.54835,0.45991445
1998/12/1 0:00,0.5485,0.4594494
1998/12/2 0:00,0.5533,0.4606585
1998/12/3 0:00,0.5526,0.46000743
1998/12/4 0:00,0.55035,0.45814732
1998/12/5 0:00,0.5537,0.45889136
1998/12/6 0:00,0.5547,0.45898438
1998/12/7 0:00,0.55565,0.45898438
1998/12/8 0:00,0.55225,0.4591704
1998/12/9 0:00,0.5483,0.4593564
1998/12/10 0:00,0.5397,0.45982143
1998/12/11 0:00,0.5481,0.45991445
1998/12/12 0:00,0.5474,0.46019346
1998/12/13 0:00,0.5457,0.45972842
1998/12/14 0:00,0.54715,0.4608445
1998/12/15 0:00,0.55245,0.4608445
1998/12/16 0:00,0.55465,0.4608445
1998/12/17 0:00,0.5602,0.46056548
1998/12/18 0:00,0.55545,0.46158853
1998/12/19 0:00,0.5596,0.46112353
1998/12/20 0:00,0.5615,0.4590774
1998/12/21 0:00,0.5673,0.45991445
1998/12/22 0:00,0.57455,0.45991445
1998/12/23 0:00,0.5673,0.45972842
1998/12/24 0:00,0.5744,0.46000743
1998/12/25 0:00,0.57595,0.46028647
1998/12/26 0:00,0.5795,0.46075147
1998/12/27 0:00,0.5764,0.46130952
1998/12/28 0:00,0.5746,0.46112353
1998/12/29 0:00,0.57105,0.4610305
1998/12/30 0:00,0.5776,0.46186757
1998/12/31 0:00,0.58505,0.46214658
1999/1/1 0:00,0.5868,0.46214658
1999/1/2 0:00,0.5809,0.46186757
1999/1/3 0:00,0.58295,0.4625186
1999/1/4 0:00,0.5845,0.4625186
1999/1/5 0:00,0.58275,0.46056548
1999/1/6 0:00,0.5862,0.4606585
1999/1/7 0:00,0.5749,0.4612165
1999/1/8 0:00,0.57735,0.46158853
1999/1/9 0:00,0.5766,0.46168154
1999/1/10 0:00,0.5754,0.46168154
1999/1/11 0:00,0.5801,0.46233258
1999/1/12 0:00,0.5808,0.4627046
1999/1/13 0:00,0.5829,0.46307665
1999/1/14 0:00,0.5784,0.46298364
1999/1/15 0:00,0.5729,0.46335566
1999/1/16 0:00,0.5744,0.46335566
1999/1/17 0:00,0.5776,0.46335566
1999/1/18 0:00,0.5793,0.46316963
1999/1/19 0:00,0.5803,0.46391368
1999/1/20 0:00,0.58315,0.46354166
1999/1/21 0:00,0.58505,0.46168154
1999/1/22 0:00,0.5851,0.46196055
1999/1/23 0:00,0.58645,0.46186757
1999/1/24 0:00,0.585,0.46233258
1999/1/25 0:00,0.5867,0.46298364
1999/1/26 0:00,0.5861,0.46289062
1999/1/27 0:00,0.5787,0.46298364
1999/1/28 0:00,0.5822,0.46326265
1999/1/29 0:00,0.58725,0.46344867
1999/1/30 0:00,0.59495,0.4627976
1999/1/31 0:00,0.59535,0.4640997
1999/2/1 0:00,0.59585,0.4638207
1999/2/2 0:00,0.59485,0.4640997
1999/2/3 0:00,0.59085,0.46344867
1999/2/4 0:00,0.5884,0.4640997
1999/2/5 0:00,0.58925,0.46354166
1999/2/6 0:00,0.5796,0.46186757
1999/2/7 0:00,0.5832,0.46261162
1999/2/8 0:00,0.5805,0.46261162
1999/2/9 0:00,0.5727,0.4627046
1999/2/10 0:00,0.5746,0.46335566
1999/2/11 0:00,0.57445,0.46326265
1999/2/12 0:00,0.58185,0.46326265
1999/2/13 0:00,0.5865,0.46344867
1999/2/14 0:00,0.5883,0.4640997
1999/2/15 0:00,0.5872,0.46344867
1999/2/16 0:00,0.5882,0.46391368
1999/2/17 0:00,0.5828,0.4640997
1999/2/18 0:00,0.583,0.46475074
1999/2/19 0:00,0.5864,0.4640997
1999/2/20 0:00,0.5835,0.46484375
1999/2/21 0:00,0.5833,0.46456474
1999/2/22 0:00,0.5789,0.46214658
1999/2/23 0:00,0.58035,0.46289062
1999/2/24 0:00,0.5823,0.46326265
1999/2/25 0:00,0.5872,0.46354166
1999/2/26 0:00,0.5891,0.4640067
1999/2/27 0:00,0.5869,0.46363467
1999/2/28 0:00,0.5898,0.4640997
1999/3/1 0:00,0.5856,0.46419272
1999/3/2 0:00,0.58435,0.4643787
1999/3/3 0:00,0.5895,0.46456474
1999/3/4 0:00,0.58535,0.46502978
1999/3/5 0:00,0.5864,0.46456474
1999/3/6 0:00,0.566,0.4655878
1999/3/7 0:00,0.572,0.46475074
1999/3/8 0:00,0.5782,0.4655878
1999/3/9 0:00,0.5782,0.4653088
1999/3/10 0:00,0.5742,0.46372768
1999/3/11 0:00,0.5654,0.46493676
1999/3/12 0:00,0.5688,0.46475074
1999/3/13 0:00,0.5741,0.46512276
1999/3/14 0:00,0.5766,0.4653088
1999/3/15 0:00,0.58225,0.4654018
1999/3/16 0:00,0.5858,0.46549478
1999/3/17 0:00,0.58395,0.4655878
1999/3/18 0:00,0.59805,0.46614584
1999/3/19 0:00,0.5962,0.46577382
1999/3/20 0:00,0.5887,0.4658668
1999/3/21 0:00,0.5914,0.46549478
1999/3/22 0:00,0.59695,0.46623883
1999/3/23 0:00,0.59815,0.46595982
1999/3/24 0:00,0.59725,0.46642485
1999/3/25 0:00,0.6009,0.46605283
1999/3/26 0:00,0.60005,0.4656808
1999/3/27 0:00,0.59705,0.46623883
1999/3/28 0:00,0.59615,0.46633184
1999/3/29 0:00,0.594,0.46642485
1999/3/30 0:00,0.59635,0.46707588
1999/3/31 0:00,0.59575,0.4668899
1999/4/1 0:00,0.5973,0.4672619
1999/4/2 0:00,0.6037,0.46707588
1999/4/3 0:00,0.6087,0.46754092
1999/4/4 0:00,0.6102,0.46707588
1999/4/5 0:00,0.61205,0.46735492
1999/4/6 0:00,0.61025,0.46707588
1999/4/7 0:00,0.61305,0.4674479
1999/4/8 0:00,0.61295,0.4672619
1999/4/9 0:00,0.6128,0.46763393
1999/4/10 0:00,0.6093,0.46763393
1999/4/11 0:00,0.6128,0.4654018
1999/4/12 0:00,0.61545,0.46595982
1999/4/13 0:00,0.61265,0.4658668
1999/4/14 0:00,0.61775,0.46633184
1999/4/15 0:00,0.6218,0.46661085
1999/4/16 0:00,0.6263,0.46670386
1999/4/17 0:00,0.62655,0.4668899
1999/4/18 0:00,0.6299,0.46679688
1999/4/19 0:00,0.63,0.4671689
1999/4/20 0:00,0.6298,0.46670386
1999/4/21 0:00,0.63435,0.46670386
1999/4/22 0:00,0.63905,0.46642485
1999/4/23 0:00,0.6397,0.46707588
1999/4/24 0:00,0.6407,0.4668899
1999/4/25 0:00,0.6374,0.46809897
1999/4/26 0:00,0.6396,0.46781993
1999/4/27 0:00,0.641,0.4672619
1999/4/28 0:00,0.6401,0.46837798
1999/4/29 0:00,0.64415,0.46819195
1999/4/30 0:00,0.64615,0.46819195
1999/5/1 0:00,0.6445,0.46912202
1999/5/2 0:00,0.64555,0.46875
1999/5/3 0:00,0.64745,0.46921504
1999/5/4 0:00,0.64705,0.46912202
1999/5/5 0:00,0.64815,0.46986607
1999/5/6 0:00,0.64405,0.46930805
1999/5/7 0:00,0.6492,0.46921504
1999/5/8 0:00,0.6479,0.468471
1999/5/9 0:00,0.65155,0.46921504
1999/5/10 0:00,0.648,0.46912202
1999/5/11 0:00,0.64635,0.4706101
1999/5/12 0:00,0.6438,0.46968007
1999/5/13 0:00,0.64195,0.4716332
1999/5/14 0:00,0.63995,0.47237724
1999/5/15 0:00,0.65005,0.47330728
1999/5/16 0:00,0.6551,0.47293526
1999/5/17 0:00,0.6622,0.4734933
1999/5/18 0:00,0.67105,0.4732143
1999/5/19 0:00,0.67425,0.4734933
1999/5/20 0:00,0.67085,0.47377232
1999/5/21 0:00,0.68295,0.47405133
1999/5/22 0:00,0.6841,0.47414434
1999/5/23 0:00,0.6821,0.47405133
1999/5/24 0:00,0.6761,0.4736793
1999/5/25 0:00,0.67075,0.47433037
1999/5/26 0:00,0.6591,0.47451636
1999/5/27 0:00,0.6656,0.47535342
1999/5/28 0:00,0.67265,0.47460938
1999/5/29 0:00,0.67735,0.47535342
1999/5/30 0:00,0.67505,0.4765625
1999/5/31 0:00,0.6782,0.47619048
1999/6/1 0:00,0.67555,0.4762835
1999/6/2 0:00,0.66955,0.4766555
1999/6/3 0:00,0.6727,0.4764695
1999/6/4 0:00,0.6838,0.47693452
1999/6/5 0:00,0.68665,0.47721353
1999/6/6 0:00,0.68945,0.4780506
1999/6/7 0:00,0.69955,0.47767857
1999/6/8 0:00,0.7006,0.47758555
1999/6/9 0:00,0.69945,0.47721353
1999/6/10 0:00,0.70145,0.4781436
1999/6/11 0:00,0.70625,0.4783296
1999/6/12 0:00,0.70955,0.47898066
1999/6/13 0:00,0.7,0.4784226
1999/6/14 0:00,0.70035,0.47693452
1999/6/15 0:00,0.68105,0.47823662
1999/6/16 0:00,0.692,0.47823662
1999/6/17 0:00,0.68775,0.4783296
1999/6/18 0:00,0.68735,0.47888765
1999/6/19 0:00,0.68635,0.47851562
1999/6/20 0:00,0.69065,0.47888765
1999/6/21 0:00,0.681,0.47907367
1999/6/22 0:00,0.6707,0.47925967
1999/6/23 0:00,0.6676,0.47935268
1999/6/24 0:00,0.67555,0.47953868
1999/6/25 0:00,0.6779,0.47907367
1999/6/26 0:00,0.6765,0.47953868
1999/6/27 0:00,0.64835,0.47953868
1999/6/28 0:00,0.64265,0.48037574
1999/6/29 0:00,0.6461,0.4799107
1999/6/30 0:00,0.65055,0.47591147
1999/7/1 0:00,0.64965,0.47721353
1999/7/2 0:00,0.6601,0.47702754
1999/7/3 0:00,0.65505,0.4766555
1999/7/4 0:00,0.6631,0.47721353
1999/7/5 0:00,0.65395,0.47702754
1999/7/6 0:00,0.645,0.4781436
1999/7/7 0:00,0.6553,0.47739956
1999/7/8 0:00,0.65705,0.4781436
1999/7/9 0:00,0.65705,0.47795758
1999/7/10 0:00,0.6691,0.47795758
1999/7/11 0:00,0.6558,0.47721353
1999/7/12 0:00,0.65015,0.47851562
1999/7/13 0:00,0.657,0.47870165
1999/7/14 0:00,0.66395,0.4796317
1999/7/15 0:00,0.64965,0.47870165
1999/7/16 0:00,0.63565,0.4753999
1999/7/17 0:00,0.63785,0.4765625
1999/7/18 0:00,0.64095,0.47623697
1999/7/19 0:00,0.6438,0.47623697
1999/7/20 0:00,0.6291,0.476981
1999/7/21 0:00,0.6215,0.47688803
1999/7/22 0:00,0.6283,0.47716704
1999/7/23 0:00,0.63135,0.47712055
1999/7/24 0:00,0.62565,0.47777158
1999/7/25 0:00,0.6247,0.4778646
1999/7/26 0:00,0.6332,0.4777251
1999/7/27 0:00,0.63675,0.47707403
1999/7/28 0:00,0.6299,0.47758555
1999/7/29 0:00,0.62675,0.4780041
1999/7/30 0:00,0.6055,0.47893414
1999/7/31 0:00,0.60655,0.47846913
1999/8/1 0:00,0.6132,0.4750744
1999/8/2 0:00,0.59835,0.47688803
1999/8/3 0:00,0.60455,0.47609746
1999/8/4 0:00,0.599,0.47600445
1999/8/5 0:00,0.59955,0.4768415
1999/8/6 0:00,0.60725,0.4764695
1999/8/7 0:00,0.60955,0.47749257
1999/8/8 0:00,0.6079,0.47726005
1999/8/9 0:00,0.6171,0.47795758
1999/8/10 0:00,0.62145,0.47749257
1999/8/11 0:00,0.63065,0.4778646
1999/8/12 0:00,0.6339,0.476609
1999/8/13 0:00,0.62665,0.47767857
1999/8/14 0:00,0.61695,0.47763208
1999/8/15 0:00,0.62495,0.47916666
1999/8/16 0:00,0.6322,0.47865513
1999/8/17 0:00,0.628,0.47739956
1999/8/18 0:00,0.6198,0.47925967
1999/8/19 0:00,0.63415,0.47874814
1999/8/20 0:00,0.6245,0.4780971
1999/8/21 0:00,0.6378,0.47981772
1999/8/22 0:00,0.62935,0.4781901
1999/8/23 0:00,0.6223,0.48028272
1999/8/24 0:00,0.62765,0.48005024
1999/8/25 0:00,0.62935,0.48056176
1999/8/26 0:00,0.62775,0.48023623
1999/8/27 0:00,0.62445,0.48014322
1999/8/28 0:00,0.63515,0.4794922
1999/8/29 0:00,0.63605,0.48014322
1999/8/30 0:00,0.64135,0.47995722
1999/8/31 0:00,0.6306,0.4810733
1999/9/1 0:00,0.63595,0.48060825
1999/9/2 0:00,0.6407,0.48023623
1999/9/3 0:00,0.6473,0.48302642
1999/9/4 0:00,0.6474,0.48218936
1999/9/5 0:00,0.64955,0.48172432
1999/9/6 0:00,0.6558,0.4826544
1999/9/7 0:00,0.65605,0.4814453
1999/9/8 0:00,0.65715,0.48358446
1999/9/9 0:00,0.66075,0.48330542
1999/9/10 0:00,0.65845,0.4826544
1999/9/11 0:00,0.6528,0.48386347
1999/9/12 0:00,0.65085,0.48377046
1999/9/13 0:00,0.6592,0.4828404
1999/9/14 0:00,0.656,0.4832124
1999/9/15 0:00,0.65245,0.48339844
1999/9/16 0:00,0.64015,0.4843285
1999/9/17 0:00,0.6408,0.48358446
1999/9/18 0:00,0.63535,0.4829334
1999/9/19 0:00,0.6359,0.48516554
1999/9/20 0:00,0.628,0.48488653
1999/9/21 0:00,0.62915,0.48507255
1999/9/22 0:00,0.63345,0.48507255
1999/9/23 0:00,0.6367,0.4842355
1999/9/24 0:00,0.63905,0.48637462
1999/9/25 0:00,0.63905,0.48572358
1999/9/26 0:00,0.6431,0.4855376
1999/9/27 0:00,0.64535,0.4860956
1999/9/28 0:00,0.6433,0.48628163
1999/9/29 0:00,0.65315,0.4858166
1999/9/30 0:00,0.65275,0.4860956
1999/10/1 0:00,0.65145,0.48674664
1999/10/2 0:00,0.6548,0.48786274
1999/10/3 0:00,0.65725,0.48665366
1999/10/4 0:00,0.66515,0.48470053
1999/10/5 0:00,0.66485,0.48618862
1999/10/6 0:00,0.66375,0.48525855
1999/10/7 0:00,0.6634,0.48572358
1999/10/8 0:00,0.6718,0.4860956
1999/10/9 0:00,0.673,0.48525855
1999/10/10 0:00,0.6626,0.4873047
1999/10/11 0:00,0.64725,0.48721167
1999/10/12 0:00,0.6503,0.4876767
1999/10/13 0:00,0.6515,0.48786274
1999/10/14 0:00,0.64965,0.48804873
1999/10/15 0:00,0.64965,0.48711866
1999/10/16 0:00,0.65555,0.48786274
1999/10/17 0:00,0.65335,0.4876767
1999/10/18 0:00,0.64675,0.4888858
1999/10/19 0:00,0.64685,0.48795572
1999/10/20 0:00,0.64825,0.48572358
1999/10/21 0:00,0.64605,0.4876767
1999/10/22 0:00,0.646049,0.48693267
1999/10/23 0:00,0.65305,0.4874907
1999/10/24 0:00,0.6562,0.4873977
1999/10/25 0:00,0.65965,0.48702568
1999/10/26 0:00,0.66145,0.4888858
1999/10/27 0:00,0.65725,0.48795572
1999/10/28 0:00,0.66015,0.48879278
1999/10/29 0:00,0.65995,0.48935083
1999/10/30 0:00,0.733665,0.48944384
1999/10/31 0:00,0.66395,0.48860678
1999/11/1 0:00,0.66205,0.48962983
1999/11/2 0:00,0.66645,0.48944384
1999/11/3 0:00,0.66605,0.49009487
1999/11/4 0:00,0.66635,0.4890718
1999/11/5 0:00,0.67015,0.484375
1999/11/6 0:00,0.66975,0.48665366
1999/11/7 0:00,0.670151,0.48530507
1999/11/8 0:00,0.669748,0.48632812
1999/11/9 0:00,0.671001,0.48642114
1999/11/10 0:00,0.6735,0.48521206
1999/11/11 0:00,0.673491,0.48707217
1999/11/12 0:00,0.67735,0.48670015
1999/11/13 0:00,0.6822,0.4874907
1999/11/14 0:00,0.6779,0.48716518
1999/11/15 0:00,0.6764,0.48707217
1999/11/16 0:00,0.68065,0.48702568
1999/11/17 0:00,0.68635,0.48702568
1999/11/18 0:00,0.68505,0.48809522
1999/11/19 0:00,0.68505,0.48776972
1999/11/20 0:00,0.6913,0.4876767
1999/11/21 0:00,0.6925,0.48214287
1999/11/22 0:00,0.69705,0.48474702
1999/11/23 0:00,0.7005,0.48297992
1999/11/24 0:00,0.6969,0.48349145
1999/11/25 0:00,0.68635,0.48381695
1999/11/26 0:00,0.6828,0.4826544
1999/11/27 0:00,0.6838,0.4842355
1999/11/28 0:00,0.68645,0.48372397
1999/11/29 0:00,0.6839,0.4845145
1999/11/30 0:00,0.6859,0.4845145
1999/12/1 0:00,0.6908,0.484282
1999/12/2 0:00,0.69065,0.48400298
1999/12/3 0:00,0.69385,0.48418897
1999/12/4 0:00,0.69135,0.48470053
1999/12/5 0:00,0.6882,0.48539805
1999/12/6 0:00,0.68455,0.4847935
1999/12/7 0:00,0.6875,0.48372397
1999/12/8 0:00,0.69395,0.4858631
1999/12/9 0:00,0.69745,0.48470053
1999/12/10 0:00,0.70095,0.4845145
1999/12/11 0:00,0.70835,0.48521206
1999/12/12 0:00,0.70275,0.48381695
1999/12/13 0:00,0.71055,0.4861421
1999/12/14 0:00,0.7094,0.48502603
1999/12/15 0:00,0.70965,0.4862351
1999/12/16 0:00,0.709673,0.4860956
1999/12/17 0:00,0.71765,0.48618862
1999/12/18 0:00,0.71675,0.48577008
1999/12/19 0:00,0.7136,0.48577008
1999/12/20 0:00,0.71855,0.4859561
1999/12/21 0:00,0.71745,0.48660713
1999/12/22 0:00,0.71595,0.48707217
1999/12/23 0:00,0.721,0.48539805
1999/12/24 0:00,0.72345,0.48823476
1999/12/25 0:00,0.7184,0.48735118
1999/12/26 0:00,0.7152,0.4874442
1999/12/27 0:00,0.70985,0.4878162
1999/12/28 0:00,0.70185,0.4862351
1999/12/29 0:00,0.7096,0.48828125
1999/12/30 0:00,0.70915,0.48818824
1999/12/31 0:00,0.7163,0.4890253
2000/1/1 0:00,0.70975,0.4888393
2000/1/2 0:00,0.71535,0.48879278
2000/1/3 0:00,0.715359,0.48837426
2000/1/4 0:00,0.71045,0.48809522
2000/1/5 0:00,0.71195,0.4887463
2000/1/6 0:00,0.7134,0.4891648
2000/1/7 0:00,0.71955,0.48967633
2000/1/8 0:00,0.71355,0.48837426
2000/1/9 0:00,0.713552,0.48967633
2000/1/10 0:00,0.7142,0.4889788
2000/1/11 0:00,0.7021,0.4891183
2000/1/12 0:00,0.70075,0.4891183
2000/1/13 0:00,0.698,0.48837426
2000/1/14 0:00,0.7041,0.49014136
2000/1/15 0:00,0.6943,0.48962983
2000/1/16 0:00,0.6943,0.49079242
2000/1/17 0:00,0.6955,0.4906064
2000/1/18 0:00,0.69905,0.4904669
2000/1/19 0:00,0.70385,0.4904669
2000/1/20 0:00,0.70575,0.49037388
2000/1/21 0:00,0.699,0.49079242
2000/1/22 0:00,0.69935,0.49139696
2000/1/23 0:00,0.6993,0.49172246
2000/1/24 0:00,0.6992,0.48949033
2000/1/25 0:00,0.6953,0.49125743
2000/1/26 0:00,0.70365,0.49079242
2000/1/27 0:00,0.70235,0.49051338
2000/1/28 0:00,0.71465,0.4908854
2000/1/29 0:00,0.71465,0.49004835
2000/1/30 0:00,0.7143,0.4919085
2000/1/31 0:00,0.71325,0.4922805
2000/2/1 0:00,0.71735,0.4921875
2000/2/2 0:00,0.71365,0.49237353
2000/2/3 0:00,0.7125,0.4919085
2000/2/4 0:00,0.7125,0.49195498
2000/2/5 0:00,0.71025,0.49148995
2000/2/6 0:00,0.70945,0.49172246
2000/2/7 0:00,0.71255,0.492327
2000/2/8 0:00,0.71115,0.4933501
2000/2/9 0:00,0.7104,0.49358258
2000/2/10 0:00,0.7123,0.49558222
2000/2/11 0:00,0.7047,0.49544272
2000/2/12 0:00,0.69915,0.49479166
2000/2/13 0:00,0.6993,0.49497768
2000/2/14 0:00,0.7054,0.49558222
2000/2/15 0:00,0.71295,0.49590772
2000/2/16 0:00,0.7128,0.49572173
2000/2/17 0:00,0.7128,0.49627978
2000/2/18 0:00,0.71735,0.4968843
2000/2/19 0:00,0.71605,0.4968378
2000/2/20 0:00,0.71325,0.49609375
2000/2/21 0:00,0.7161,0.49674478
2000/2/22 0:00,0.72355,0.49641928
2000/2/23 0:00,0.7251,0.49730283
2000/2/24 0:00,0.728,0.49739584
2000/2/25 0:00,0.72725,0.49753535
2000/2/26 0:00,0.72355,0.49911645
2000/2/27 0:00,0.7194,0.5
2000/2/28 0:00,0.7223,0.4984189
2000/2/29 0:00,0.7223,0.4983724
2000/3/1 0:00,0.72965,0.49893042
2000/3/2 0:00,0.7239,0.50041854
2000/3/3 0:00,0.7249,0.5002325
2000/3/4 0:00,0.72685,0.5014881
2000/3/5 0:00,0.73105,0.5011626
2000/3/6 0:00,0.7328,0.5014416
2000/3/7 0:00,0.7328,0.50190663
2000/3/8 0:00,0.73455,0.5011161
2000/3/9 0:00,0.73875,0.5018136
2000/3/10 0:00,0.73335,0.5017671
2000/3/11 0:00,0.73805,0.5030227
2000/3/12 0:00,0.7378,0.49939546
2000/3/13 0:00,0.741,0.5009301
2000/3/14 0:00,0.73975,0.50209266
2000/3/15 0:00,0.73855,0.5003255
2000/3/16 0:00,0.74165,0.50069755
2000/3/17 0:00,0.7444,0.5014881
2000/3/18 0:00,0.74235,0.50279015
2000/3/19 0:00,0.7404,0.5019996
2000/3/20 0:00,0.7449,0.50334823
2000/3/21 0:00,0.7449,0.5029297
2000/3/22 0:00,0.7384,0.5029297
2000/3/23 0:00,0.73895,0.5026042
2000/3/24 0:00,0.72175,0.5029762
2000/3/25 0:00,0.7154,0.5032552
2000/3/26 0:00,0.71325,0.50399923
2000/3/27 0:00,0.7141,0.50544083
2000/3/28 0:00,0.7141,0.50097656
2000/3/29 0:00,0.7087,0.5026042
2000/3/30 0:00,0.71125,0.5032087
2000/3/31 0:00,0.70975,0.50237167
2000/4/1 0:00,0.7134,0.50237167
2000/4/2 0:00,0.71,0.50237167
2000/4/3 0:00,0.7082,0.5031157
2000/4/4 0:00,0.711,0.5029762
2000/4/5 0:00,0.705,0.5047433
2000/4/6 0:00,0.70845,0.5040458
2000/4/7 0:00,0.71125,0.50413877
2000/4/8 0:00,0.71545,0.50446427
2000/4/9 0:00,0.7144,0.50439453
2000/4/10 0:00,0.7165,0.5047666
2000/4/11 0:00,0.7165,0.5053246
2000/4/12 0:00,0.7199,0.5061384
2000/4/13 0:00,0.71825,0.71875
2000/4/14 0:00,0.7263,0.718936
2000/4/15 0:00,0.7217,0.71800596
2000/4/16 0:00,0.7176,0.71875
2000/4/17 0:00,0.7161,0.71875
2000/4/18 0:00,0.7161,0.719308
2000/4/19 0:00,0.7147,0.71949404
2000/4/20 0:00,0.72055,0.71949404
2000/4/21 0:00,0.7272,0.7202381
2000/4/22 0:00,0.7288,0.72061014
2000/4/23 0:00,0.7328,0.7202381
2000/4/24 0:00,0.73115,0.72005206
2000/4/25 0:00,0.73115,0.719308
2000/4/26 0:00,0.7285,0.7198661
2000/4/27 0:00,0.7228,0.7204241
2000/4/28 0:00,0.72275,0.7217262
2000/4/29 0:00,0.7285,0.72116816
2000/4/30 0:00,0.73245,0.7207961
2000/5/1 0:00,0.7325,0.72098213
2000/5/2 0:00,0.7325,0.7213542
2000/5/3 0:00,0.7285,0.72098213
2000/5/4 0:00,0.72635,0.72005206
2000/5/5 0:00,0.73245,0.72116816
2000/5/6 0:00,0.7351,0.7217262
2000/5/7 0:00,0.73285,0.7213542
2000/5/8 0:00,0.7328,0.7213542
2000/5/9 0:00,0.7322,0.7217262
2000/5/10 0:00,0.7301,0.72154015
2000/5/11 0:00,0.73075,0.72116816
2000/5/12 0:00,0.73115,0.7204241
2000/5/13 0:00,0.7196,0.7222842
2000/5/14 0:00,0.71305,0.72265625
2000/5/15 0:00,0.7123,0.72116816
2000/5/16 0:00,0.71285,0.7202381
2000/5/17 0:00,0.70775,0.72005206
2000/5/18 0:00,0.70895,0.7207961
2000/5/19 0:00,0.71045,0.72061014
2000/5/20 0:00,0.71165,0.72005206
2000/5/21 0:00,0.70735,0.7198661
2000/5/22 0:00,0.7081,0.7202381
2000/5/23 0:00,0.7094,0.7204241
2000/5/24 0:00,0.70935,0.72061014
2000/5/25 0:00,0.71315,0.7204241
2000/5/26 0:00,0.71415,0.7204241
2000/5/27 0:00,0.7117,0.72061014
2000/5/28 0:00,0.7137,0.71912205
2000/5/29 0:00,0.71505,0.7204241
2000/5/30 0:00,0.71505,0.72116816
2000/5/31 0:00,0.7123,0.7213542
2000/6/1 0:00,0.7059,0.72098213
2000/6/2 0:00,0.7013,0.72061014
2000/6/3 0:00,0.70135,0.7204241
2000/6/4 0:00,0.70245,0.7207961
2000/6/5 0:00,0.6997,0.7204241
2000/6/6 0:00,0.6997,0.72061014
2000/6/7 0:00,0.70875,0.72098213
2000/6/8 0:00,0.71385,0.7204241
2000/6/9 0:00,0.7161,0.7204241
2000/6/10 0:00,0.71215,0.7202381
2000/6/11 0:00,0.70705,0.7207961
2000/6/12 0:00,0.7095,0.7202381
2000/6/13 0:00,0.7043,0.71949404
2000/6/14 0:00,0.70935,0.72005206
2000/6/15 0:00,0.71075,0.72005206
2000/6/16 0:00,0.71555,0.72154015
2000/6/17 0:00,0.7163,0.7204241
2000/6/18 0:00,0.7173,0.7204241
2000/6/19 0:00,0.7153,0.72061014
2000/6/20 0:00,0.71435,0.7204241
2000/6/21 0:00,0.71545,0.719308
2000/6/22 0:00,0.71635,0.719308
2000/6/23 0:00,0.7074,0.71949404
2000/6/24 0:00,0.70435,0.7196801
2000/6/25 0:00,0.70595,0.7196801
2000/6/26 0:00,0.7079,0.718936
2000/6/27 0:00,0.70145,0.719308
2000/6/28 0:00,0.6992,0.71875
2000/6/29 0:00,0.69195,0.7178199
2000/6/30 0:00,0.6843,0.718192
2000/7/1 0:00,0.6835,0.7176339
2000/7/2 0:00,0.68315,0.718564
2000/7/3 0:00,0.68,0.718192
2000/7/4 0:00,0.67535,0.7172619
2000/7/5 0:00,0.67635,0.7176339
2000/7/6 0:00,0.6733,0.71651787
2000/7/7 0:00,0.6735,0.71651787
2000/7/8 0:00,0.6735,0.71688986
2000/7/9 0:00,0.6851,0.71633184
2000/7/10 0:00,0.679306,0.71595985
2000/7/11 0:00,0.67685,0.71633184
2000/7/12 0:00,0.67435,0.71651787
2000/7/13 0:00,0.67315,0.71651787
2000/7/14 0:00,0.67725,0.7161458
2000/7/15 0:00,0.6739,0.7155878
2000/7/16 0:00,0.67405,0.71484375
2000/7/17 0:00,0.6844,0.7150298
2000/7/18 0:00,0.68725,0.71800596
2000/7/19 0:00,0.6864,0.71744794
2000/7/20 0:00,0.6864,0.7161458
2000/7/21 0:00,0.68305,0.71651787
2000/7/22 0:00,0.6829,0.7150298
2000/7/23 0:00,0.67935,0.7150298
2000/7/24 0:00,0.68085,0.7155878
2000/7/25 0:00,0.6831,0.71540177
2000/7/26 0:00,0.6803,0.7150298
2000/7/27 0:00,0.68395,0.7152158
2000/7/28 0:00,0.6879,0.71540177
2000/7/29 0:00,0.69145,0.71540177
2000/7/30 0:00,0.69165,0.7144717
2000/7/31 0:00,0.68975,0.7150298
2000/8/1 0:00,0.69295,0.7140997
2000/8/2 0:00,0.6914,0.7150298
2000/8/3 0:00,0.69505,0.7135417
2000/8/4 0:00,0.7047,0.71335566
2000/8/5 0:00,0.70675,0.7126116
2000/8/6 0:00,0.70825,0.71223956
2000/8/7 0:00,0.7076,0.7114955
2000/8/8 0:00,0.7057,0.7118676
2000/8/9 0:00,0.70365,0.7118676
2000/8/10 0:00,0.70085,0.71130955
2000/8/11 0:00,0.69645,0.7109375
2000/8/12 0:00,0.6966,0.71130955
2000/8/13 0:00,0.69635,0.7109375
2000/8/14 0:00,0.69605,0.7111235
2000/8/15 0:00,0.69895,0.7098214
2000/8/16 0:00,0.69715,0.70907736
2000/8/17 0:00,0.6951,0.71019346
2000/8/18 0:00,0.6951,0.71056545
2000/8/19 0:00,0.69465,0.7103795
2000/8/20 0:00,0.68785,0.7111235
2000/8/21 0:00,0.69205,0.7094494
2000/8/22 0:00,0.70425,0.71019346
2000/8/23 0:00,0.7062,0.70870537
2000/8/24 0:00,0.71025,0.70870537
2000/8/25 0:00,0.70755,0.7092634
2000/8/26 0:00,0.70575,0.70814735
2000/8/27 0:00,0.70435,0.7079613
2000/8/28 0:00,0.7078,0.70814735
2000/8/29 0:00,0.7077,0.7083333
2000/8/30 0:00,0.70785,0.7083333
2000/8/31 0:00,0.70465,0.70647323
2000/9/1 0:00,0.70275,0.70647323
2000/9/2 0:00,0.70925,0.7066592
2000/9/3 0:00,0.7055,0.7077753
2000/9/4 0:00,0.70375,0.7051711
2000/9/5 0:00,0.7046,0.7062872
2000/9/6 0:00,0.7006,0.7046131
2000/9/7 0:00,0.70175,0.7040551
2000/9/8 0:00,0.7014,0.70275295
2000/9/9 0:00,0.69965,0.70377606
2000/9/10 0:00,0.69405,0.7043341
2000/9/11 0:00,0.68705,0.703125
2000/9/12 0:00,0.68655,0.7020089
2000/9/13 0:00,0.68425,0.7019159
2000/9/14 0:00,0.6787,0.7011719
2000/9/15 0:00,0.6841,0.7014509
2000/9/16 0:00,0.69075,0.70070684
2000/9/17 0:00,0.69125,0.70033485
2000/9/18 0:00,0.6911,0.70089287
2000/9/19 0:00,0.691099,0.7005208
2000/9/20 0:00,0.69465,0.70070684
2000/9/21 0:00,0.69295,0.70247394
2000/9/22 0:00,0.6968,0.7001488
2000/9/23 0:00,0.696,0.69893974
2000/9/24 0:00,0.69565,0.69866073
2000/9/25 0:00,0.6956,0.6990327
2000/9/26 0:00,0.6973,0.6987537
2000/9/27 0:00,0.6919,0.69800967
2000/9/28 0:00,0.69605,0.69754463
2000/9/29 0:00,0.68985,0.69754463
2000/9/30 0:00,0.69495,0.6965216
2000/10/1 0:00,0.69665,0.6955915
2000/10/2 0:00,0.69665,0.6944755
2000/10/3 0:00,0.6974,0.69596356
2000/10/4 0:00,0.6951,0.6958705
2000/10/5 0:00,0.69795,0.69484746
2000/10/6 0:00,0.7007,0.6969866
2000/10/7 0:00,0.7001,0.6998698
2000/10/8 0:00,0.7002,0.69782364
2000/10/9 0:00,0.69965,0.6955915
2000/10/10 0:00,0.7018,0.69484746
2000/10/11 0:00,0.70455,0.6951265
2000/10/12 0:00,0.70295,0.6954985
2000/10/13 0:00,0.70665,0.69484746
2000/10/14 0:00,0.70465,0.69308037
2000/10/15 0:00,0.7037,0.6943824
2000/10/16 0:00,0.70345,0.6924293
2000/10/17 0:00,0.70065,0.6920573
2000/10/18 0:00,0.698,0.6909412
2000/10/19 0:00,0.69175,0.6920573
2000/10/20 0:00,0.69145,0.6921503
2000/10/21 0:00,0.68515,0.69168526
2000/10/22 0:00,0.68345,0.6898252
2000/10/23 0:00,0.68315,0.6922433
2000/10/24 0:00,0.6787,0.6909412
2000/10/25 0:00,0.68145,0.686663
2000/10/26 0:00,0.6832,0.687686
2000/10/27 0:00,0.68785,0.68647695
2000/10/28 0:00,0.687,0.6875
2000/10/29 0:00,0.68695,0.68647695
2000/10/30 0:00,0.68605,0.68536085
2000/10/31 0:00,0.68065,0.6863839
2000/11/1 0:00,0.68435,0.68415177
2000/11/2 0:00,0.68505,0.68350077
2000/11/3 0:00,0.68725,0.6826637
2000/11/4 0:00,0.6873,0.6839658
2000/11/5 0:00,0.68835,0.6857329
2000/11/6 0:00,0.68965,0.6845238
2000/11/7 0:00,0.69125,0.6828497
2000/11/8 0:00,0.69465,0.68508184
2000/11/9 0:00,0.6945,0.68415177
2000/11/10 0:00,0.69715,0.68033856
2000/11/11 0:00,0.69705,0.6808036
2000/11/12 0:00,0.69665,0.67903644
2000/11/13 0:00,0.70395,0.6799665
2000/11/14 0:00,0.7005,0.6795015
2000/11/15 0:00,0.70435,0.6777344
2000/11/16 0:00,0.70525,0.67931545
2000/11/17 0:00,0.71275,0.6779204
2000/11/18 0:00,0.71275,0.6767113
2000/11/19 0:00,0.71375,0.6755952
2000/11/20 0:00,0.7179,0.67587423
2000/11/21 0:00,0.71475,0.67838544
2000/11/22 0:00,0.7034,0.67578125
2000/11/23 0:00,0.7006,0.68043154
2000/11/24 0:00,0.7025,0.6828497
2000/11/25 0:00,0.7042,0.6814546
2000/11/26 0:00,0.70345,0.6780134
2000/11/27 0:00,0.71095,0.6781064
2000/11/28 0:00,0.7056,0.67754835
2000/11/29 0:00,0.70775,0.67745537
2000/11/30 0:00,0.69055,0.6779204
2000/12/1 0:00,0.69075,0.6766183
2000/12/2 0:00,0.69075,0.6765253
2000/12/3 0:00,0.69075,0.67568827
2000/12/4 0:00,0.68825,0.6750372
2000/12/5 0:00,0.68305,0.6739211
2000/12/6 0:00,0.674799,0.6739211
2000/12/7 0:00,0.6721,0.67689735
2000/12/8 0:00,0.67365,0.67457217
2000/12/9 0:00,0.67245,0.6703869
2000/12/10 0:00,0.68135,0.6739211
2000/12/11 0:00,0.6835,0.67261904
2000/12/12 0:00,0.6825,0.6699219
2000/12/13 0:00,0.6827,0.6689918
2000/12/14 0:00,0.6827,0.6672247
2000/12/15 0:00,0.68625,0.6669457
2000/12/16 0:00,0.68735,0.66796875
2000/12/17 0:00,0.68655,0.6687128
2000/12/18 0:00,0.6907,0.66787577
2000/12/19 0:00,0.69315,0.6671317
2000/12/20 0:00,0.69425,0.6652716
2000/12/21 0:00,0.6971,0.6646205
2000/12/22 0:00,0.69355,0.66443455
2000/12/23 0:00,0.69885,0.66768974
2000/12/24 0:00,0.6974,0.66536456
2000/12/25 0:00,0.7,0.6624814
2000/12/26 0:00,0.69525,0.66620165
2000/12/27 0:00,0.6883,0.66471356
2000/12/28 0:00,0.68685,0.66192335
2000/12/29 0:00,0.68175,0.6603423
2000/12/30 0:00,0.67905,0.65894717
2000/12/31 0:00,0.6783,0.65838915
2001/1/1 0:00,0.68165,0.6597842
2001/1/2 0:00,0.68375,0.66006327
2001/1/3 0:00,0.68295,0.6599702
2001/1/4 0:00,0.68635,0.66015625
2001/1/5 0:00,0.68405,0.65834266
2001/1/6 0:00,0.6818,0.65583146
2001/1/7 0:00,0.682,0.655692
2001/1/8 0:00,0.68775,0.6609468
2001/1/9 0:00,0.68535,0.65848213
2001/1/10 0:00,0.68985,0.6599702
2001/1/11 0:00,0.68785,0.66359746
2001/1/12 0:00,0.6863,0.66150486
2001/1/13 0:00,0.68375,0.6579241
2001/1/14 0:00,0.6814,0.656808
2001/1/15 0:00,0.681059,0.6553199
2001/1/16 0:00,0.67615,0.6557385
2001/1/17 0:00,0.676827,0.65834266
2001/1/18 0:00,0.67805,0.6576916
2001/1/19 0:00,0.6791,0.6579241
2001/1/20 0:00,0.67815,0.656436
2001/1/21 0:00,0.6747,0.65699404
2001/1/22 0:00,0.67705,0.6530878
2001/1/23 0:00,0.67425,0.6532738
2001/1/24 0:00,0.67095,0.6592262
2001/1/25 0:00,0.6684,0.656808
2001/1/26 0:00,0.6673,0.6528088
2001/1/27 0:00,0.66835,0.6573661
2001/1/28 0:00,0.6698,0.65578496
2001/1/29 0:00,0.66085,0.65345985
2001/1/30 0:00,0.658217,0.6503906
2001/1/31 0:00,0.6634,0.65029764
2001/2/1 0:00,0.65785,0.6515067
2001/2/2 0:00,0.66025,0.65122765
2001/2/3 0:00,0.66355,0.65206474
2001/2/4 0:00,0.66485,0.6533668
2001/2/5 0:00,0.6664,0.6503906
2001/2/6 0:00,0.66525,0.6521577
2001/2/7 0:00,0.66525,0.64806545
2001/2/8 0:00,0.66625,0.6475074
2001/2/9 0:00,0.65685,0.6547154
2001/2/10 0:00,0.65045,0.6515997
2001/2/11 0:00,0.648504,0.6429036
2001/2/12 0:00,0.651109,0.6468564
2001/2/13 0:00,0.6462,0.64867
2001/2/14 0:00,0.6462,0.6420201
2001/2/15 0:00,0.64285,0.6423921
2001/2/16 0:00,0.63765,0.64132255
2001/2/17 0:00,0.64245,0.6429036
2001/2/18 0:00,0.64485,0.64285713
2001/2/19 0:00,0.6407,0.64304316
2001/2/20 0:00,0.6342,0.6449033
2001/2/21 0:00,0.6342,0.640904
2001/2/22 0:00,0.63165,0.6429036
2001/2/23 0:00,0.6237,0.6382766
2001/2/24 0:00,0.62425,0.6408343
2001/2/25 0:00,0.6268,0.6438802
2001/2/26 0:00,0.6148,0.64241534
2001/2/27 0:00,0.60845,0.648205
2001/2/28 0:00,0.61005,0.6531808
2001/3/1 0:00,0.6074,0.655413
2001/3/2 0:00,0.6043,0.6489955
2001/3/3 0:00,0.60765,0.6475074
2001/3/4 0:00,0.605229,0.64597285
2001/3/5 0:00,0.61595,0.6493211
2001/3/6 0:00,0.61565,0.64941406
2001/3/7 0:00,0.61655,0.6504371
2001/3/8 0:00,0.60655,0.6518322
2001/3/9 0:00,0.61095,0.64941406
2001/3/10 0:00,0.61385,0.64962333
2001/3/11 0:00,0.61115,0.64553106
2001/3/12 0:00,0.60835,0.6465076
2001/3/13 0:00,0.60815,0.6519717
2001/3/14 0:00,0.60915,0.6500419
2001/3/15 0:00,0.6087,0.65266925
2001/3/16 0:00,0.611145,0.65866816
2001/3/17 0:00,0.62545,0.6585286
2001/3/18 0:00,0.62525,0.6546689
2001/3/19 0:00,0.6316,0.6510417
2001/3/20 0:00,0.63315,0.6525298
2001/3/21 0:00,0.62715,0.6534133
2001/3/22 0:00,0.6332,0.65411085
2001/3/23 0:00,0.6337,0.6550874
2001/3/24 0:00,0.63435,0.65625
2001/3/25 0:00,0.62965,0.6550874
2001/3/26 0:00,0.62615,0.65494794
2001/3/27 0:00,0.63125,0.6518787
2001/3/28 0:00,0.63385,0.6512742
2001/3/29 0:00,0.6384,0.65727305
2001/3/30 0:00,0.6383,0.656808
2001/3/31 0:00,0.637,0.64918154
2001/4/1 0:00,0.63545,0.65587795
2001/4/2 0:00,0.6404,0.6562965
2001/4/3 0:00,0.63995,0.6525298
2001/4/4 0:00,0.64,0.6492745
2001/4/5 0:00,0.64245,0.6501116
2001/4/6 0:00,0.64145,0.6518322
2001/4/7 0:00,0.6424,0.65118116
2001/4/8 0:00,0.6325,0.65178573
2001/4/9 0:00,0.63105,0.65350634
2001/4/10 0:00,0.6219,0.65225077
2001/4/11 0:00,0.63185,0.6531808
2001/4/12 0:00,0.62495,0.6515997
2001/4/13 0:00,0.621,0.6508324
2001/4/14 0:00,0.6259,0.6551339
2001/4/15 0:00,0.62265,0.65438986
2001/4/16 0:00,0.6226,0.64880955
2001/4/17 0:00,0.6183,0.6522275
2001/4/18 0:00,0.62245,0.6538086
2001/4/19 0:00,0.62445,0.6486003
2001/4/20 0:00,0.6341,0.6468331
2001/4/21 0:00,0.6397,0.64641464
2001/4/22 0:00,0.6329,0.6481585
2001/4/23 0:00,0.6329,0.64773995
2001/4/24 0:00,0.63455,0.6488793
2001/4/25 0:00,0.63535,0.65134394
2001/4/26 0:00,0.6391,0.6495536
2001/4/27 0:00,0.63325,0.6498791
2001/4/28 0:00,0.632053,0.64725167
2001/4/29 0:00,0.6303,0.6469029
2001/4/30 0:00,0.6303,0.6535993
2001/5/1 0:00,0.6324,0.65080917
2001/5/2 0:00,0.63225,0.63537014
2001/5/3 0:00,0.62845,0.6358584
2001/5/4 0:00,0.62975,0.6389044
2001/5/5 0:00,0.62605,0.632766
2001/5/6 0:00,0.6323,0.63378906
2001/5/7 0:00,0.62665,0.632487
2001/5/8 0:00,0.61975,0.6345331
2001/5/9 0:00,0.62295,0.6324754
2001/5/10 0:00,0.62415,0.6366025
2001/5/11 0:00,0.6171,0.6386254
2001/5/12 0:00,0.6171,0.63527715
2001/5/13 0:00,0.61745,0.6363002
2001/5/14 0:00,0.61645,0.63145226
2001/5/15 0:00,0.621425,0.63489354
2001/5/16 0:00,0.614575,0.636835
2001/5/17 0:00,0.61135,0.6358119
2001/5/18 0:00,0.60815,0.62751114
2001/5/19 0:00,0.606,0.6260492
2001/5/20 0:00,0.6078,0.6296038
2001/5/21 0:00,0.6059,0.6209077
2001/5/22 0:00,0.60205,0.6233259
2001/5/23 0:00,0.59565,0.62230283
2001/5/24 0:00,0.60565,0.62390065
2001/5/25 0:00,0.6095,0.62334913
2001/5/26 0:00,0.609,0.6272118
2001/5/27 0:00,0.60825,0.6268369
2001/5/28 0:00,0.60905,0.625279
2001/5/29 0:00,0.60425,0.6266741
2001/5/30 0:00,0.60425,0.6199254
2001/5/31 0:00,0.61055,0.62781346
2001/6/1 0:00,0.6113,0.6262498
2001/6/2 0:00,0.61725,0.6248372
2001/6/3 0:00,0.61795,0.6350795
2001/6/4 0:00,0.618375,0.63351005
2001/6/5 0:00,0.62215,0.63704425
2001/6/6 0:00,0.6217,0.6294178
2001/6/7 0:00,0.62335,0.6309989
2001/6/8 0:00,0.624625,0.62949914
2001/6/9 0:00,0.6223,0.6296038
2001/6/10 0:00,0.6225,0.6303362
2001/6/11 0:00,0.623325,0.6339751
2001/6/12 0:00,0.62465,0.63396347
2001/6/13 0:00,0.62195,0.6314639
2001/6/14 0:00,0.61855,0.6329404
2001/6/15 0:00,0.6183,0.6283831
2001/6/16 0:00,0.6171,0.63339376
2001/6/17 0:00,0.61815,0.6338704
2001/6/18 0:00,0.6185,0.6308826
2001/6/19 0:00,0.61975,0.6375093
2001/6/20 0:00,0.622,0.63848585
2001/6/21 0:00,0.618325,0.64076453
2001/6/22 0:00,0.6244,0.63367283
2001/6/23 0:00,0.62525,0.63518417
2001/6/24 0:00,0.627,0.6341611
2001/6/25 0:00,0.62455,0.6347889
2001/6/26 0:00,0.62495,0.633324
2001/6/27 0:00,0.63365,0.63781154
2001/6/28 0:00,0.634325,0.63897413
2001/6/29 0:00,0.63375,0.636928
2001/6/30 0:00,0.635,0.63788134
2001/7/1 0:00,0.63635,0.632859
2001/7/2 0:00,0.6309,0.6346261
2001/7/3 0:00,0.63595,0.63716054
2001/7/4 0:00,0.64095,0.6354632
2001/7/5 0:00,0.63975,0.64160156
2001/7/6 0:00,0.63925,0.64308965
2001/7/7 0:00,0.63925,0.6441127
2001/7/8 0:00,0.6384,0.63816035
2001/7/9 0:00,0.6402,0.63976467
2001/7/10 0:00,0.6384,0.63920665
2001/7/11 0:00,0.6354,0.6389974
2001/7/12 0:00,0.6335,0.6391834
2001/7/13 0:00,0.63665,0.64027625
2001/7/14 0:00,0.63685,0.64264786
2001/7/15 0:00,0.63635,0.64020646
2001/7/16 0:00,0.63905,0.6416248
2001/7/17 0:00,0.64455,0.6365792
2001/7/18 0:00,0.65135,0.63943917
2001/7/19 0:00,0.65665,0.64281064
2001/7/20 0:00,0.6556,0.6401135
2001/7/21 0:00,0.6556,0.63246375
2001/7/22 0:00,0.65745,0.6340681
2001/7/23 0:00,0.64765,0.6352655
2001/7/24 0:00,0.64755,0.6287667
2001/7/25 0:00,0.6492,0.6307082
2001/7/26 0:00,0.64445,0.6300456
2001/7/27 0:00,0.63755,0.6296038
2001/7/28 0:00,0.63755,0.62862724
2001/7/29 0:00,0.63665,0.6308129
2001/7/30 0:00,0.63845,0.6338704
2001/7/31 0:00,0.641025,0.63089424
2001/8/1 0:00,0.6536,0.6312547
2001/8/2 0:00,0.65805,0.62779015
2001/8/3 0:00,0.66235,0.62985957
2001/8/4 0:00,0.6628,0.6316034
2001/8/5 0:00,0.663125,0.6296503
2001/8/6 0:00,0.66265,0.6236805
2001/8/7 0:00,0.659,0.6239421
2001/8/8 0:00,0.6597,0.62600565
2001/8/9 0:00,0.66105,0.6187919
2001/8/10 0:00,0.66105,0.6225121
2001/8/11 0:00,0.66185,0.62027997
2001/8/12 0:00,0.66995,0.6190127
2001/8/13 0:00,0.65975,0.62023926
2001/8/14 0:00,0.6584,0.6229539
2001/8/15 0:00,0.65155,0.62558126
2001/8/16 0:00,0.6527,0.6231631
2001/8/17 0:00,0.6527,0.6243722
2001/8/18 0:00,0.65145,0.61879474
2001/8/19 0:00,0.65765,0.62222654
2001/8/20 0:00,0.6585,0.6217244
2001/8/21 0:00,0.66425,0.6214454
2001/8/22 0:00,0.662125,0.614438
2001/8/23 0:00,0.65885,0.613787
2001/8/24 0:00,0.6596,0.61490303
2001/8/25 0:00,0.65565,0.6075614
2001/8/26 0:00,0.6586,0.61281043
2001/8/27 0:00,0.6606,0.61015975
2001/8/28 0:00,0.65905,0.6080962
2001/8/29 0:00,0.658875,0.6108166
2001/8/30 0:00,0.6572,0.6126302
2001/8/31 0:00,0.66065,0.6146705
2001/9/1 0:00,0.66335,0.613537
2001/9/2 0:00,0.6637,0.6125779
2001/9/3 0:00,0.6675,0.60757303
2001/9/4 0:00,0.6674,0.61267674
2001/9/5 0:00,0.6674,0.6108166
2001/9/6 0:00,0.66835,0.6111886
2001/9/7 0:00,0.6636,0.61308944
2001/9/8 0:00,0.66095,0.6139323
2001/9/9 0:00,0.65745,0.6127465
2001/9/10 0:00,0.65755,0.6071661
2001/9/11 0:00,0.66025,0.61328125
2001/9/12 0:00,0.6618,0.609375
2001/9/13 0:00,0.6622,0.60686386
2001/9/14 0:00,0.66545,0.6087472
2001/9/15 0:00,0.67075,0.61065966
2001/9/16 0:00,0.67185,0.61265343
2001/9/17 0:00,0.67355,0.6105841
2001/9/18 0:00,0.67,0.60899717
2001/9/19 0:00,0.66975,0.6064395
2001/9/20 0:00,0.6696,0.61039805
2001/9/21 0:00,0.6678,0.6081659
2001/9/22 0:00,0.670482,0.6092006
2001/9/23 0:00,0.666325,0.61383927
2001/9/24 0:00,0.6657,0.61353046
2001/9/25 0:00,0.666,0.61297244
2001/9/26 0:00,0.666,0.60556173
2001/9/27 0:00,0.66635,0.6126302
2001/9/28 0:00,0.6605,0.608817
2001/9/29 0:00,0.6624,0.60683405
2001/9/30 0:00,0.6593,0.609096
2001/10/1 0:00,0.6647,0.6112584
2001/10/2 0:00,0.66605,0.6128424
2001/10/3 0:00,0.66505,0.6115403
2001/10/4 0:00,0.6655,0.60935175
2001/10/5 0:00,0.66925,0.60628253
2001/10/6 0:00,0.669625,0.6104678
2001/10/7 0:00,0.67095,0.6087007
2001/10/8 0:00,0.6695,0.6089042
2001/10/9 0:00,0.67395,0.6113078
2001/10/10 0:00,0.67255,0.61176336
2001/10/11 0:00,0.66935,0.6099032
2001/10/12 0:00,0.67945,0.60506696
2001/10/13 0:00,0.6783,0.6101823
2001/10/14 0:00,0.68355,0.6069735
2001/10/15 0:00,0.68795,0.6054949
2001/10/16 0:00,0.6844,0.60714287
2001/10/17 0:00,0.68685,0.6089332
2001/10/18 0:00,0.6901,0.61092633
2001/10/19 0:00,0.6884,0.60804313
2001/10/20 0:00,0.68675,0.6070964
2001/10/21 0:00,0.68765,0.6034459
2001/10/22 0:00,0.68595,0.6081136
2001/10/23 0:00,0.6898,0.6069045
2001/10/24 0:00,0.6858,0.6068115
2001/10/25 0:00,0.6891,0.6122582
2001/10/26 0:00,0.69085,0.6117002
2001/10/27 0:00,0.6937,0.6101888
2001/10/28 0:00,0.68905,0.60479444
2001/10/29 0:00,0.6908,0.6120257
2001/10/30 0:00,0.6908,0.6073754
2001/10/31 0:00,0.68935,0.6044922
2001/11/1 0:00,0.6914,0.60867745
2001/11/2 0:00,0.6971,0.6102876
2001/11/3 0:00,0.69345,0.6122749
2001/11/4 0:00,0.6972,0.6109728
2001/11/5 0:00,0.70055,0.60902625
2001/11/6 0:00,0.70185,0.6045794
2001/11/7 0:00,0.70515,0.6090611
2001/11/8 0:00,0.7045,0.60858446
2001/11/9 0:00,0.7045,0.60923547
2001/11/10 0:00,0.7045,0.61229885
2001/11/11 0:00,0.7056,0.61351377
2001/11/12 0:00,0.708,0.6129674
2001/11/13 0:00,0.7052,0.607945
2001/11/14 0:00,0.69265,0.6124093
2001/11/15 0:00,0.6872,0.6089681
2001/11/16 0:00,0.6872,0.6085961
2001/11/17 0:00,0.6852,0.61166525
2001/11/18 0:00,0.6925,0.61528087
2001/11/19 0:00,0.69065,0.6156529
2001/11/20 0:00,0.6884,0.6139788
2001/11/21 0:00,0.6892,0.61306036
2001/11/22 0:00,0.6914,0.6082124
2001/11/23 0:00,0.6914,0.6142578
2001/11/24 0:00,0.69065,0.6122117
2001/11/25 0:00,0.69515,0.6141648
2001/11/26 0:00,0.69115,0.6067243
2001/11/27 0:00,0.69255,0.60923547
2001/11/28 0:00,0.69445,0.6065383
2001/11/29 0:00,0.6953,0.60198104
2001/11/30 0:00,0.6953,0.6092471
2001/12/1 0:00,0.6955,0.60393417
2001/12/2 0:00,0.6994,0.60236466
2001/12/3 0:00,0.70025,0.60728234
2001/12/4 0:00,0.6988,0.6083461
2001/12/5 0:00,0.69755,0.60979354
2001/12/6 0:00,0.6969,0.6087821
2001/12/7 0:00,0.6951,0.60728234
2001/12/8 0:00,0.69585,0.60235304
2001/12/9 0:00,0.69605,0.60763115
2001/12/10 0:00,0.6875,0.60579425
2001/12/11 0:00,0.68875,0.60623604
2001/12/12 0:00,0.68255,0.6140195
2001/12/13 0:00,0.68095,0.61476356
2001/12/14 0:00,0.68125,0.6132754
2001/12/15 0:00,0.68415,0.6084217
2001/12/16 0:00,0.68425,0.61460656
2001/12/17 0:00,0.6796,0.61056083
2001/12/18 0:00,0.68865,0.6080962
2001/12/19 0:00,0.68565,0.6117873
2001/12/20 0:00,0.6837,0.61237735
2001/12/21 0:00,0.68485,0.61616445
2001/12/22 0:00,0.686704,0.61467636
2001/12/23 0:00,0.69435,0.6123454
2001/12/24 0:00,0.69685,0.6094215
2001/12/25 0:00,0.6973,0.61306036
2001/12/26 0:00,0.70075,0.61323476
2001/12/27 0:00,0.70135,0.61333936
2001/12/28 0:00,0.70505,0.6133975
2001/12/29 0:00,0.70575,0.6162807
2001/12/30 0:00,0.70675,0.6141416
2001/12/31 0:00,0.7106,0.60935754
2002/1/1 0:00,0.70475,0.61553663
2002/1/2 0:00,0.70085,0.6119094
2002/1/3 0:00,0.69405,0.6098633
2002/1/4 0:00,0.6886,0.6129848
2002/1/5 0:00,0.6768,0.6139323
2002/1/6 0:00,0.67995,0.616333
2002/1/7 0:00,0.68445,0.61553663
2002/1/8 0:00,0.68495,0.6133568
2002/1/9 0:00,0.6914,0.6101452
2002/1/10 0:00,0.6929,0.61332774
2002/1/11 0:00,0.69775,0.6151675
2002/1/12 0:00,0.69015,0.6147955
2002/1/13 0:00,0.6949,0.61242676
2002/1/14 0:00,0.69725,0.6146095
2002/1/15 0:00,0.70175,0.6128424
2002/1/16 0:00,0.70435,0.607355
2002/1/17 0:00,0.7043,0.6131214
2002/1/18 0:00,0.7145,0.6114037
2002/1/19 0:00,0.7126,0.6090785
2002/1/20 0:00,0.71635,0.6119494
2002/1/21 0:00,0.71215,0.6118513
2002/1/22 0:00,0.71555,0.6149379
2002/1/23 0:00,0.71445,0.6145136
2002/1/24 0:00,0.7217,0.6119494
2002/1/25 0:00,0.7198,0.6082124
2002/1/26 0:00,0.72025,0.6134905
2002/1/27 0:00,0.72075,0.6133445
2002/1/28 0:00,0.7282,0.6124442
2002/1/29 0:00,0.72815,0.6010045
2002/1/30 0:00,0.7288,0.60262626
2002/1/31 0:00,0.73805,0.59877235
2002/2/1 0:00,0.7396,0.59783643
2002/2/2 0:00,0.7443,0.6020217
2002/2/3 0:00,0.74565,0.598441
2002/2/4 0:00,0.74355,0.5953078
2002/2/5 0:00,0.7444,0.59914434
2002/2/6 0:00,0.73875,0.59939355
2002/2/7 0:00,0.74275,0.6016497
2002/2/8 0:00,0.74195,0.6008882
2002/2/9 0:00,0.74135,0.59955704
2002/2/10 0:00,0.73855,0.5971447
2002/2/11 0:00,0.731238,0.5983538
2002/2/12 0:00,0.7362,0.5998419
2002/2/13 0:00,0.7377,0.60170203
2002/2/14 0:00,0.73755,0.5832636
2002/2/15 0:00,0.73525,0.5846819
2002/2/16 0:00,0.7285,0.5787295
2002/2/17 0:00,0.73725,0.57705545
2002/2/18 0:00,0.73975,0.58314735
2002/2/19 0:00,0.73325,0.5778925
2002/2/20 0:00,0.7307,0.5746838
2002/2/21 0:00,0.72965,0.58212423
2002/2/22 0:00,0.72685,0.5795666
2002/2/23 0:00,0.73035,0.58179873
2002/2/24 0:00,0.7255,0.58082217
2002/2/25 0:00,0.7266,0.5777995
2002/2/26 0:00,0.72655,0.57854354
2002/2/27 0:00,0.7284,0.58049667
2002/2/28 0:00,0.73015,0.5792876
2002/3/1 0:00,0.7435,0.5796131
2002/3/2 0:00,0.7477,0.5764044
2002/3/3 0:00,0.74935,0.5783575
2002/3/4 0:00,0.75135,0.57287014
2002/3/5 0:00,0.7506,0.57249814
2002/3/6 0:00,0.75085,0.5776135
2002/3/7 0:00,0.75145,0.5725911
2002/3/8 0:00,0.75025,0.5690569
2002/3/9 0:00,0.75365,0.577288
2002/3/10 0:00,0.7581,0.57393974
2002/3/11 0:00,0.76275,0.5754743
2002/3/12 0:00,0.76235,0.5750093
2002/3/13 0:00,0.76445,0.57138205
2002/3/14 0:00,0.76645,0.5732422
2002/3/15 0:00,0.78185,0.5744048
2002/3/16 0:00,0.78165,0.5717541
2002/3/17 0:00,0.7818,0.5734747
2002/3/18 0:00,0.7826,0.57245165
2002/3/19 0:00,0.78275,0.57454425
2002/3/20 0:00,0.7799,0.5685454
2002/3/21 0:00,0.77955,0.5658947
2002/3/22 0:00,0.77945,0.570266
2002/3/23 0:00,0.78215,0.5671503
2002/3/24 0:00,0.78855,0.56356955
2002/3/25 0:00,0.79205,0.5704055
2002/3/26 0:00,0.79135,0.56840587
2002/3/27 0:00,0.79415,0.5689639
2002/3/28 0:00,0.79255,0.56952196
2002/3/29 0:00,0.7964,0.56617373
2002/3/30 0:00,0.80425,0.5667783
2002/3/31 0:00,0.80855,0.5701265
2002/4/1 0:00,0.8022,0.5655227
2002/4/2 0:00,0.79035,0.56668526
2002/4/3 0:00,0.7654,0.7959449
2002/4/4 0:00,0.76325,0.7959449
2002/4/5 0:00,0.77075,0.796875
2002/4/6 0:00,0.76175,0.796317
2002/4/7 0:00,0.7642,0.796317
2002/4/8 0:00,0.75945,0.7953869
2002/4/9 0:00,0.76735,0.79613096
2002/4/10 0:00,0.7561,0.797061
2002/4/11 0:00,0.73765,0.79761904
2002/4/12 0:00,0.72855,0.7979911
2002/4/13 0:00,0.71575,0.7985491
2002/4/14 0:00,0.6727,0.7985491
2002/4/15 0:00,0.6974,0.79817706
2002/4/16 0:00,0.6924,0.7983631
2002/4/17 0:00,0.696,0.80078125
2002/4/18 0:00,0.7004,0.80226934
2002/4/19 0:00,0.70935,0.80078125
2002/4/20 0:00,0.72299,0.8011533
2002/4/21 0:00,0.71815,0.8017113
2002/4/22 0:00,0.70485,0.8026414
2002/4/23 0:00,0.70615,0.8031994
2002/4/24 0:00,0.70455,0.8020833
2002/4/25 0:00,0.7023,0.8031994
2002/4/26 0:00,0.70225,0.8048735
2002/4/27 0:00,0.69615,0.8052455
2002/4/28 0:00,0.6905,0.8061756
2002/4/29 0:00,0.6919,0.80691963
2002/4/30 0:00,0.6888,0.8067336
2002/5/1 0:00,0.69375,0.8067336
2002/5/2 0:00,0.7033,0.80691963
2002/5/3 0:00,0.71455,0.8089658
2002/5/4 0:00,0.7176,0.81063986
2002/5/5 0:00,0.71335,0.8089658
2002/5/6 0:00,0.7063,0.80859375
2002/5/7 0:00,0.72515,0.8093378
2002/5/8 0:00,0.73315,0.8108259
2002/5/9 0:00,0.7393,0.8113839
2002/5/10 0:00,0.7415,0.81063986
2002/5/11 0:00,0.74525,0.8113839
2002/5/12 0:00,0.74015,0.81175596
2002/5/13 0:00,0.7449,0.8134301
2002/5/14 0:00,0.74825,0.81436014
2002/5/15 0:00,0.7566,0.81473213
2002/5/16 0:00,0.7649,0.81380206
2002/5/17 0:00,0.7593,0.81324404
2002/5/18 0:00,0.75745,0.8125
2002/5/19 0:00,0.75535,0.81529015
2002/5/20 0:00,0.7627,0.8171503
2002/5/21 0:00,0.76275,0.81584823
2002/5/22 0:00,0.76225,0.8173363
2002/5/23 0:00,0.76325,0.81584823
2002/5/24 0:00,0.77425,0.8177083
2002/5/25 0:00,0.7753,0.8173363
2002/5/26 0:00,0.76275,0.8160342
2002/5/27 0:00,0.74475,0.81808037
2002/5/28 0:00,0.75015,0.81901044
2002/5/29 0:00,0.7529,0.8203125
2002/5/30 0:00,0.74715,0.8204985
2002/5/31 0:00,0.74315,0.8208705
2002/6/1 0:00,0.75505,0.8208705
2002/6/2 0:00,0.7504,0.81994045
2002/6/3 0:00,0.76195,0.82068455
2002/6/4 0:00,0.7648,0.82310265
2002/6/5 0:00,0.76845,0.8238467
2002/6/6 0:00,0.76595,0.82161456
2002/6/7 0:00,0.769,0.82254463
2002/6/8 0:00,0.7625,0.8223586
2002/6/9 0:00,0.7643,0.8234747
2002/6/10 0:00,0.76775,0.8240327
2002/6/11 0:00,0.77415,0.82273066
2002/6/12 0:00,0.7854,0.8240327
2002/6/13 0:00,0.77635,0.8260789
2002/6/14 0:00,0.76,0.8271949
2002/6/15 0:00,0.74775,0.8271949
2002/6/16 0:00,0.75575,0.82682294
2002/6/17 0:00,0.7651,0.82738096
2002/6/18 0:00,0.75825,0.8271949
2002/6/19 0:00,0.7556,0.82682294
2002/6/20 0:00,0.75525,0.828311
2002/6/21 0:00,0.76255,0.83147323
2002/6/22 0:00,0.7506,0.82775295
2002/6/23 0:00,0.75235,0.828311
2002/6/24 0:00,0.7583,0.827939
2002/6/25 0:00,0.75525,0.8292411
2002/6/26 0:00,0.75905,0.82942706
2002/6/27 0:00,0.76975,0.82849705
2002/6/28 0:00,0.76895,0.83035713
2002/6/29 0:00,0.76235,0.8307292
2002/6/30 0:00,0.76815,0.8322173
2002/7/1 0:00,0.76255,0.8322173
2002/7/2 0:00,0.76505,0.8327753
2002/7/3 0:00,0.77315,0.8322173
2002/7/4 0:00,0.7769,0.8327753
2002/7/5 0:00,0.77955,0.8318452
2002/7/6 0:00,0.78345,0.83351934
2002/7/7 0:00,0.78855,0.8353795
2002/7/8 0:00,0.78195,0.83351934
2002/7/9 0:00,0.7674,0.8333333
2002/7/10 0:00,0.75415,0.8338914
2002/7/11 0:00,0.7547,0.83519346
2002/7/12 0:00,0.75715,0.83519346
2002/7/13 0:00,0.75655,0.83370537
2002/7/14 0:00,0.7665,0.83630955
2002/7/15 0:00,0.76605,0.83723956
2002/7/16 0:00,0.76845,0.8385417
2002/7/17 0:00,0.7688,0.83872765
2002/7/18 0:00,0.7727,0.83835566
2002/7/19 0:00,0.76965,0.83872765
2002/7/20 0:00,0.7656,0.8389137
2002/7/21 0:00,0.7715,0.83835566
2002/7/22 0:00,0.77615,0.8405878
2002/7/23 0:00,0.7707,0.84188986
2002/7/24 0:00,0.76415,0.84151787
2002/7/25 0:00,0.77275,0.8400298
2002/7/26 0:00,0.77225,0.84188986
2002/7/27 0:00,0.78125,0.8426339
2002/7/28 0:00,0.7843,0.84300596
2002/7/29 0:00,0.78985,0.84188986
2002/7/30 0:00,0.78375,0.8448661
2002/7/31 0:00,0.76955,0.8452381
2002/8/1 0:00,0.7729,0.8472842
2002/8/2 0:00,0.7575,0.8467262
2002/8/3 0:00,0.74675,0.84709823
2002/8/4 0:00,0.7637,0.8472842
2002/8/5 0:00,0.7591,0.8474702
2002/8/6 0:00,0.77325,0.8463542
2002/8/7 0:00,0.7703,0.84765625
2002/8/8 0:00,0.7767,0.8506324
2002/8/9 0:00,0.77845,0.84654015
2002/8/10 0:00,0.7813,0.8457961
2002/8/11 0:00,0.78435,0.8474702
2002/8/12 0:00,0.7948,0.8474702
2002/8/13 0:00,0.79555,0.8474702
2002/8/14 0:00,0.78385,0.8467262
2002/8/15 0:00,0.78545,0.84970236
2002/8/16 0:00,0.79065,0.8506324
2002/8/17 0:00,0.78845,0.8521205
2002/8/18 0:00,0.7896,0.8513765
2002/8/19 0:00,0.79465,0.85286456
2002/8/20 0:00,0.7838,0.85286456
2002/8/21 0:00,0.79165,0.85286456
2002/8/22 0:00,0.7886,0.8515625
2002/8/23 0:00,0.79485,0.8526786
2002/8/24 0:00,0.80015,0.85435265
2002/8/25 0:00,0.79355,0.8517485
2002/8/26 0:00,0.79935,0.8515625
2002/8/27 0:00,0.806,0.85286456
2002/8/28 0:00,0.81085,0.8536086
2002/8/29 0:00,0.8125,0.8532366
2002/8/30 0:00,0.81635,0.85193455
2002/8/31 0:00,0.81555,0.8547247
2002/9/1 0:00,0.79955,0.85546875
2002/9/2 0:00,0.8028,0.8567708
2002/9/3 0:00,0.80095,0.85714287
2002/9/4 0:00,0.80085,0.85695684
2002/9/5 0:00,0.80005,0.8582589
2002/9/6 0:00,0.79285,0.8578869
2002/9/7 0:00,0.7884,0.8573289
2002/9/8 0:00,0.80035,0.8584449
2002/9/9 0:00,0.80645,0.85900295
2002/9/10 0:00,0.8134,0.8556548
2002/9/11 0:00,0.8148,0.85435265
2002/9/12 0:00,0.80025,0.85714287
2002/9/13 0:00,0.80985,0.8562128
2002/9/14 0:00,0.80405,0.85546875
2002/9/15 0:00,0.78815,0.8541667
2002/9/16 0:00,0.7892,0.8584449
2002/9/17 0:00,0.79635,0.859933
2002/9/18 0:00,0.80475,0.8608631
2002/9/19 0:00,0.8037,0.859933
2002/9/20 0:00,0.80395,0.859933
2002/9/21 0:00,0.80395,0.85974705
2002/9/22 0:00,0.78545,0.859933
2002/9/23 0:00,0.78115,0.85900295
2002/9/24 0:00,0.78975,0.86067706
2002/9/25 0:00,0.7859,0.86067706
2002/9/26 0:00,0.7882,0.86011904
2002/9/27 0:00,0.7983,0.8584449
2002/9/28 0:00,0.7979,0.8604911
2002/9/29 0:00,0.79805,0.859561
2002/9/30 0:00,0.79795,0.8603051
2002/10/1 0:00,0.7937,0.8584449
2002/10/2 0:00,0.78795,0.8623512
2002/10/3 0:00,0.7843,0.8636533
2002/10/4 0:00,0.7899,0.86476934
2002/10/5 0:00,0.78925,0.8642113
2002/10/6 0:00,0.79242,0.8645833
2002/10/7 0:00,0.7925,0.8655134
2002/10/8 0:00,0.7971,0.8642113
2002/10/9 0:00,0.79876,0.86272323
2002/10/10 0:00,0.788135,0.86532736
2002/10/11 0:00,0.7822,0.8651414
2002/10/12 0:00,0.78345,0.8610491
2002/10/13 0:00,0.775535,0.859189
2002/10/14 0:00,0.78265,0.86123514
2002/10/15 0:00,0.7773,0.859933
2002/10/16 0:00,0.78145,0.86179316
2002/10/17 0:00,0.78533,0.859375
2002/10/18 0:00,0.79055,0.8614211
2002/10/19 0:00,0.78385,0.8629092
2002/10/20 0:00,0.77245,0.86588544
2002/10/21 0:00,0.7667,0.8651414
2002/10/22 0:00,0.77015,0.86495537
2002/10/23 0:00,0.76685,0.8656994
2002/10/24 0:00,0.76195,0.86439735
2002/10/25 0:00,0.7573,0.8642113
2002/10/26 0:00,0.77345,0.8662574
2002/10/27 0:00,0.773055,0.8662574
2002/10/28 0:00,0.7753,0.86495537
2002/10/29 0:00,0.7798,0.8630952
2002/10/30 0:00,0.78485,0.8655134
2002/10/31 0:00,0.7874,0.8651414
2002/11/1 0:00,0.7876,0.86532736
2002/11/2 0:00,0.79005,0.86439735
2002/11/3 0:00,0.7849,0.8677455
2002/11/4 0:00,0.77823,0.8683036
2002/11/5 0:00,0.7837,0.8723958
2002/11/6 0:00,0.78315,0.8697917
2002/11/7 0:00,0.785645,0.8701637
2002/11/8 0:00,0.78265,0.8714658
2002/11/9 0:00,0.76975,0.8709077
2002/11/10 0:00,0.76735,0.86941963
2002/11/11 0:00,0.75945,0.87165177
2002/11/12 0:00,0.75235,0.87165177
2002/11/13 0:00,0.755,0.86848956
2002/11/14 0:00,0.7494,0.8651414
2002/11/15 0:00,0.749604,0.86755955
2002/11/16 0:00,0.75337,0.86793154
2002/11/17 0:00,0.75395,0.86793154
2002/11/18 0:00,0.75635,0.8666295
2002/11/19 0:00,0.76135,0.8703497
2002/11/20 0:00,0.76055,0.8709077
2002/11/21 0:00,0.75765,0.87369794
2002/11/22 0:00,0.75905,0.87258184
2002/11/23 0:00,0.75615,0.87276787
2002/11/24 0:00,0.75475,0.87425596
2002/11/25 0:00,0.760761,0.8729539
2002/11/26 0:00,0.76045,0.87220985
2002/11/27 0:00,0.7577,0.8735119
2002/11/28 0:00,0.76073,0.8738839
2002/11/29 0:00,0.75585,0.8738839
2002/11/30 0:00,0.7593,0.87109375
2002/12/1 0:00,0.750981,0.87313986
2002/12/2 0:00,0.75123,0.87276787
2002/12/3 0:00,0.756523,0.87313986
2002/12/4 0:00,0.757765,0.87165177
2002/12/5 0:00,0.761,0.87462795
2002/12/6 0:00,0.76427,0.874442
2002/12/7 0:00,0.7716,0.8779762
2002/12/8 0:00,0.77095,0.87741816
2002/12/9 0:00,0.76455,0.8766741
2002/12/10 0:00,0.7627,0.87686014
2002/12/11 0:00,0.759745,0.8761161
2002/12/12 0:00,0.7585,0.875186
2002/12/13 0:00,0.7452,0.8781622
2002/12/14 0:00,0.7404,0.8779762
2002/12/15 0:00,0.7419,0.8792783
2002/12/16 0:00,0.735985,0.8764881
2002/12/17 0:00,0.73745,0.87890625
2002/12/18 0:00,0.73355,0.8792783
2002/12/19 0:00,0.73395,0.8787202
2002/12/20 0:00,0.7267,0.8770461
2002/12/21 0:00,0.7306,0.8813244
2002/12/22 0:00,0.72505,0.8822545
2002/12/23 0:00,0.71955,0.8848586
2002/12/24 0:00,0.71415,0.88411456
2002/12/25 0:00,0.70035,0.8843006
2002/12/26 0:00,0.69785,0.8839286
2002/12/27 0:00,0.6867,0.8843006
2002/12/28 0:00,0.6997,0.8828125
2002/12/29 0:00,0.6981,0.88616073
2002/12/30 0:00,0.7053,0.88467264
2002/12/31 0:00,0.71335,0.8837426
2003/1/1 0:00,0.71475,0.88095236
2003/1/2 0:00,0.71355,0.8822545
2003/1/3 0:00,0.71915,0.8829985
2003/1/4 0:00,0.708399,0.88355654
2003/1/5 0:00,0.70675,0.8811384
2003/1/6 0:00,0.69535,0.8859747
2003/1/7 0:00,0.69835,0.8857887
2003/1/8 0:00,0.70175,0.8895089
2003/1/9 0:00,0.694788,0.88616073
2003/1/10 0:00,0.6959,0.8876488
2003/1/11 0:00,0.6872,0.88783485
2003/1/12 0:00,0.6847,0.88616073
2003/1/13 0:00,0.6795,0.8857887
2003/1/14 0:00,0.67655,0.88876486
2003/1/15 0:00,0.66995,0.8869048
2003/1/16 0:00,0.67485,0.8937872
2003/1/17 0:00,0.6682,0.88839287
2003/1/18 0:00,0.6494,0.890067
2003/1/19 0:00,0.66795,0.89136904
2003/1/20 0:00,0.66,0.89285713
2003/1/21 0:00,0.6593,0.8915551
2003/1/22 0:00,0.655965,0.89508927
2003/1/23 0:00,0.673435,0.89397323
2003/1/24 0:00,0.68875,0.89769346
2003/1/25 0:00,0.6903,0.89620537
2003/1/26 0:00,0.68095,0.89769346
2003/1/27 0:00,0.68405,0.8982515
2003/1/28 0:00,0.68335,0.89713544
2003/1/29 0:00,0.68605,0.89601934
2003/1/30 0:00,0.67785,0.89918154
2003/1/31 0:00,0.6705,0.8982515
2003/2/1 0:00,0.67675,0.90029764
2003/2/2 0:00,0.664,0.8954613
2003/2/3 0:00,0.6622,0.89769346
2003/2/4 0:00,0.62625,0.8989955
2003/2/5 0:00,0.634865,0.90085566
2003/2/6 0:00,0.601365,0.89880955
2003/2/7 0:00,0.6169,0.9032738
2003/2/8 0:00,0.60784,0.9032738
2003/2/9 0:00,0.60415,0.906808
2003/2/10 0:00,0.623955,0.9045759
2003/2/11 0:00,0.61825,0.90662205
2003/2/12 0:00,0.6106,0.90625
2003/2/13 0:00,0.61635,0.9045759
2003/2/14 0:00,0.6191,0.9047619
2003/2/15 0:00,0.61255,0.9082961
2003/2/16 0:00,0.55535,0.9079241
2003/2/17 0:00,0.54465,0.9088542
2003/2/18 0:00,0.5523,0.90438986
2003/2/19 0:00,0.58465,0.90699404
2003/2/20 0:00,0.58805,0.90811014
2003/2/21 0:00,0.596442,0.9088542
2003/2/22 0:00,0.611649,0.906064
2003/2/23 0:00,0.60485,0.9097842
2003/2/24 0:00,0.59315,0.91071427
2003/2/25 0:00,0.5942,0.9146205
2003/2/26 0:00,0.59805,0.91276044
2003/2/27 0:00,0.5877,0.9129464
2003/2/28 0:00,0.57265,0.9140625
2003/3/1 0:00,0.5623,0.9129464
2003/3/2 0:00,0.55665,0.91220236
2003/3/3 0:00,0.55245,0.91592264
2003/3/4 0:00,0.55915,0.91480654
2003/3/5 0:00,0.5522,0.91908485
2003/3/6 0:00,0.55014,0.9142485
2003/3/7 0:00,0.5305,0.91852677
2003/3/8 0:00,0.53815,0.9170387
2003/3/9 0:00,0.5443,0.9192708
2003/3/10 0:00,0.5468,0.9172247
2003/3/11 0:00,0.54975,0.92113096
2003/3/12 0:00,0.55305,0.922433
2003/3/13 0:00,0.5449,0.92578125
2003/3/14 0:00,0.5353,0.9235491
2003/3/15 0:00,0.53035,0.92633927
2003/3/16 0:00,0.53425,0.9248512
2003/3/17 0:00,0.5331,0.92317706
2003/3/18 0:00,0.5249,0.922061
2003/3/19 0:00,0.541735,0.92838544
2003/3/20 0:00,0.54364,0.92410713
2003/3/21 0:00,0.5477,0.93043154
2003/3/22 0:00,0.55245,0.9248512
2003/3/23 0:00,0.54725,0.9291295
2003/3/24 0:00,0.5544,0.9298735
2003/3/25 0:00,0.56375,0.93005955
2003/3/26 0:00,0.5887,0.92745537
2003/3/27 0:00,0.59334,0.9322917
2003/3/28 0:00,0.57515,0.9339658
2003/3/29 0:00,0.57465,0.938058
2003/3/30 0:00,0.5683,0.9360119
2003/3/31 0:00,0.5744,0.937686
2003/4/1 0:00,0.57405,0.93880206
2003/4/2 0:00,0.57995,0.9358259
2003/4/3 0:00,0.5822,0.93508184
2003/4/4 0:00,0.5769,0.93936014
2003/4/5 0:00,0.5797,0.93824404
2003/4/6 0:00,0.58015,0.95089287
2003/4/7 0:00,0.58875,0.9454985
2003/4/8 0:00,0.58835,0.9494048
2003/4/9 0:00,0.59745,0.9505208
2003/4/10 0:00,0.5954,0.952567
2003/4/11 0:00,0.59315,0.9482887
2003/4/12 0:00,0.58855,0.95535713
2003/4/13 0:00,0.57975,0.9547991
2003/4/14 0:00,0.5503,0.9603795
2003/4/15 0:00,0.54275,0.95703125
2003/4/16 0:00,0.53125,0.9618676
2003/4/17 0:00,0.5416,0.96056545
2003/4/18 0:00,0.544565,0.95907736
2003/4/19 0:00,0.52113,0.9572173
2003/4/20 0:00,0.5203,0.9629836
2003/4/21 0:00,0.5254,0.9603795
2003/4/22 0:00,0.530383,0.97209823
2003/4/23 0:00,0.52865,0.9661458
2003/4/24 0:00,0.5283,0.968564
2003/4/25 0:00,0.534235,0.9704241
2003/4/26 0:00,0.51425,0.9728423
2003/4/27 0:00,0.5078,0.96875
2003/4/28 0:00,0.50205,0.9750744
2003/4/29 0:00,0.513355,0.97619045
2003/4/30 0:00,0.51145,0.9797247
2003/5/1 0:00,0.51845,0.97842264
2003/5/2 0:00,0.53115,0.9806548
2003/5/3 0:00,0.53875,0.9806548
2003/5/4 0:00,0.525209,0.97879463
2003/5/5 0:00,0.520059,0.9782366
2003/5/6 0:00,0.5222,0.9828869
2003/5/7 0:00,0.516516,0.9802827
2003/5/8 0:00,0.5196,0.9854911
2003/5/9 0:00,0.50945,0.97842264
2003/5/10 0:00,0.50815,0.98195684
2003/5/11 0:00,0.51247,0.98214287
2003/5/12 0:00,0.5069,0.98511904
2003/5/13 0:00,0.50925,0.9832589
2003/5/14 0:00,0.514165,0.98883927
2003/5/15 0:00,0.51165,0.9884673
2003/5/16 0:00,0.5095,0.99348956
2003/5/17 0:00,0.5025,0.9920015
2003/5/18 0:00,0.49225,0.99497765
2003/5/19 0:00,0.49765,0.99497765
2003/5/20 0:00,0.5065,0.9920015
2003/5/21 0:00,0.49755,0.9895833
2003/5/22 0:00,0.5023,0.9947917
2003/5/23 0:00,0.4932,0.9927455
2003/5/24 0:00,0.50115,1.0065104
2003/5/25 0:00,0.50615,0.99758184
2003/5/26 0:00,0.51904,1.0
2003/5/27 0:00,0.523574,1.0035342
2003/5/28 0:00,0.5295,1.0048363
2003/5/29 0:00,0.5298,1.0039062
2003/5/30 0:00,0.54435,1.0079985
2003/5/31 0:00,0.5553,1.0076265
2003/6/1 0:00,0.5639,1.0143229
2003/6/2 0:00,0.5733,1.0094866
2003/6/3 0:00,0.56015,1.0111607
2003/6/4 0:00,0.5707,1.0109746
2003/6/5 0:00,0.579,1.0072545
2003/6/6 0:00,0.562845,1.0052084
2003/6/7 0:00,0.5617,1.0115328
2003/6/8 0:00,0.5687,1.0079985
2003/6/9 0:00,0.5612,0.9959077
2003/6/10 0:00,0.58063,0.9854911
2003/6/11 0:00,0.5927,0.98567706
2003/6/12 0:00,0.5874,0.9890253
2003/6/13 0:00,0.575965,0.9910714
2003/6/14 0:00,0.580112,0.9858631
2003/6/15 0:00,0.58085,0.9927455
2003/6/16 0:00,0.585391,0.98995537
2003/6/17 0:00,0.575507,0.9951637
2003/6/18 0:00,0.58105,0.99348956
2003/6/19 0:00,0.5701,0.9931176
2003/6/20 0:00,0.5504,0.9938616
2003/6/21 0:00,0.5651,0.98883927
2003/6/22 0:00,0.5554,0.98772323
2003/6/23 0:00,0.56695,0.99441963
2003/6/24 0:00,0.5661,0.9912574
2003/6/25 0:00,0.55885,0.98251486
2003/6/26 0:00,0.5717,0.97377235
2003/6/27 0:00,0.564735,0.9739583
2003/6/28 0:00,0.57,0.97414434
2003/6/29 0:00,0.57415,0.9771205
2003/6/30 0:00,0.5807,0.97321427
2003/7/1 0:00,0.5909,0.97730654
2003/7/2 0:00,0.5978,0.9767485
2003/7/3 0:00,0.6066,0.9802827
2003/7/4 0:00,0.6057,0.97581846
2003/7/5 0:00,0.606306,0.97991073
2003/7/6 0:00,0.5937,0.9780506
2003/7/7 0:00,0.585209,0.97433037
2003/7/8 0:00,0.60205,0.9717262
2003/7/9 0:00,0.605657,0.97935265
2003/7/10 0:00,0.620973,0.9763765
2003/7/11 0:00,0.6213,0.98251486
2003/7/12 0:00,0.6196,0.97433037
2003/7/13 0:00,0.62303,0.97414434
2003/7/14 0:00,0.6216,0.97526044
2003/7/15 0:00,0.620935,0.9754464
2003/7/16 0:00,0.643275,0.9707961
2003/7/17 0:00,0.64735,0.9754464
2003/7/18 0:00,0.6556,0.97433037
2003/7/19 0:00,0.63175,0.97842264
2003/7/20 0:00,0.6309,0.9734003
2003/7/21 0:00,0.6323,0.9765625
2003/7/22 0:00,0.62283,0.9756324
2003/7/23 0:00,0.629049,0.97265625
2003/7/24 0:00,0.6296,0.9728423
2003/7/25 0:00,0.64435,0.97730654
2003/7/26 0:00,0.6427,0.9760045
2003/7/27 0:00,0.62855,0.9832589
2003/7/28 0:00,0.6329,0.9724702
2003/7/29 0:00,0.643173,0.9707961
2003/7/30 0:00,0.647395,0.97265625
2003/7/31 0:00,0.6384,0.97377235
2003/8/1 0:00,0.6277,0.97005206
2003/8/2 0:00,0.6384,0.97414434
2003/8/3 0:00,0.63875,0.97470236
2003/8/4 0:00,0.6421,0.9780506
2003/8/5 0:00,0.644,0.9739583
2003/8/6 0:00,0.64525,0.97693455
2003/8/7 0:00,0.650555,0.9756324
2003/8/8 0:00,0.638633,0.97209823
2003/8/9 0:00,0.632245,0.97116816
2003/8/10 0:00,0.627,0.9748884
2003/8/11 0:00,0.628223,0.9745164
2003/8/12 0:00,0.621345,0.9750744
2003/8/13 0:00,0.630855,0.9639137
2003/8/14 0:00,0.629148,0.96595985
2003/8/15 0:00,0.629604,0.9646577
2003/8/16 0:00,0.62616,0.9650298
2003/8/17 0:00,0.6335,0.96168154
2003/8/18 0:00,0.63955,0.96540177
2003/8/19 0:00,0.647605,0.9646577
2003/8/20 0:00,0.644538,0.96800596
2003/8/21 0:00,0.644496,0.9639137
2003/8/22 0:00,0.643087,0.968192
2003/8/23 0:00,0.645494,0.96633184
2003/8/24 0:00,0.65505,0.9614955
2003/8/25 0:00,0.651954,0.9614955
2003/8/26 0:00,0.661748,0.96800596
2003/8/27 0:00,0.657592,0.9655878
2003/8/28 0:00,0.65783,0.9724702
2003/8/29 0:00,0.656491,0.96372765
2003/8/30 0:00,0.656491,0.9635417
2003/8/31 0:00,0.655437,0.96279764
2003/9/1 0:00,0.657484,0.96335566
2003/9/2 0:00,0.654151,0.9611235
2003/9/3 0:00,0.653253,0.96279764
2003/9/4 0:00,0.660458,0.96168154
2003/9/5 0:00,0.664231,0.9655878
2003/9/6 0:00,0.664209,0.9614955
2003/9/7 0:00,0.667468,0.9640997
2003/9/8 0:00,0.666289,0.96316963
2003/9/9 0:00,0.673605,0.9598214
2003/9/10 0:00,0.669635,0.95907736
2003/9/11 0:00,0.672721,0.9644717
2003/9/12 0:00,0.672495,0.96130955
2003/9/13 0:00,0.67365,0.9639137
2003/9/14 0:00,0.673197,0.95498514
2003/9/15 0:00,0.669098,0.953125
2003/9/16 0:00,0.67297,0.9540551
2003/9/17 0:00,0.678633,0.9557292
2003/9/18 0:00,0.677599,0.952939
2003/9/19 0:00,0.677599,0.9557292
2003/9/20 0:00,0.668135,0.95535713
2003/9/21 0:00,0.669591,0.9572173
2003/9/22 0:00,0.673696,0.95498514
2003/9/23 0:00,0.675014,0.9551711
2003/9/24 0:00,0.675836,0.9540551
2003/9/25 0:00,0.682105,0.9516369
2003/9/26 0:00,0.682501,0.9510789
2003/9/27 0:00,0.682501,0.9540551
2003/9/28 0:00,0.686153,0.9542411
2003/9/29 0:00,0.684346,0.9499628
2003/9/30 0:00,0.680342,0.94029015
2003/10/1 0:00,0.683457,0.93991816
2003/10/2 0:00,0.685049,0.9384301
2003/10/3 0:00,0.686412,0.94029015
2003/10/4 0:00,0.686412,0.93712795
2003/10/5 0:00,0.685354,0.94252235
2003/10/6 0:00,0.67415,0.93991816
2003/10/7 0:00,0.674059,0.94401044
2003/10/8 0:00,0.677667,0.93880206
2003/10/9 0:00,0.68861,0.94308037
2003/10/10 0:00,0.686412,0.9415923
2003/10/11 0:00,0.686412,0.9384301
2003/10/12 0:00,0.693193,0.9375
2003/10/13 0:00,0.697058,0.94252235
2003/10/14 0:00,0.69604,0.9404762
2003/10/15 0:00,0.703655,0.9441964
2003/10/16 0:00,0.707164,0.93563986
2003/10/17 0:00,0.7043,0.93359375
2003/10/18 0:00,0.706015,0.9328497
2003/10/19 0:00,0.698763,0.93526787
2003/10/20 0:00,0.704151,0.9328497
2003/10/21 0:00,0.71375,0.9363839
2003/10/22 0:00,0.709673,0.9334077
2003/10/23 0:00,0.709849,0.9391741
2003/10/24 0:00,0.709019,0.93526787
2003/10/25 0:00,0.709019,0.9391741
2003/10/26 0:00,0.707664,0.93712795
2003/10/27 0:00,0.719554,0.93526787
2003/10/28 0:00,0.726137,0.9345238
2003/10/29 0:00,0.716794,0.9384301
2003/10/30 0:00,0.715564,0.9359189
2003/10/31 0:00,0.716794,0.9435454
2003/11/1 0:00,0.716794,0.937221
2003/11/2 0:00,0.718236,0.9359189
2003/11/3 0:00,0.716743,0.9334077
2003/11/4 0:00,0.72338,0.937779
2003/11/5 0:00,0.716589,0.93415177
2003/11/6 0:00,0.718184,0.93936014
2003/11/7 0:00,0.716589,0.9365699
2003/11/8 0:00,0.716589,0.9410342
2003/11/9 0:00,0.725953,0.9375
2003/11/10 0:00,0.734053,0.94168526
2003/11/11 0:00,0.732789,0.94112724
2003/11/12 0:00,0.745156,0.938058
2003/11/13 0:00,0.731689,0.93796504
2003/11/14 0:00,0.732091,0.9409412
2003/11/15 0:00,0.732091,0.93852305
2003/11/16 0:00,0.734754,0.9464286
2003/11/17 0:00,0.734754,0.94029015
2003/11/18 0:00,0.737436,0.93796504
2003/11/19 0:00,0.743688,0.93815106
2003/11/20 0:00,0.738634,0.94029015
2003/11/21 0:00,0.739317,0.936663
2003/11/22 0:00,0.739317,0.9421503
2003/11/23 0:00,0.753438,0.9398252
2003/11/24 0:00,0.746018,0.9436384
2003/11/25 0:00,0.758754,0.94131327
2003/11/26 0:00,0.75429,0.94568455
2003/11/27 0:00,0.756344,0.94280136
2003/11/28 0:00,0.754546,0.94252235
2003/11/29 0:00,0.754546,0.9409412
2003/11/30 0:00,0.748811,0.9453125
2003/12/1 0:00,0.744158,0.9429873
2003/12/2 0:00,0.728147,0.95870537
2003/12/3 0:00,0.734619,0.953032
2003/12/4 0:00,0.719011,0.9490327
2003/12/5 0:00,0.718985,0.95126486
2003/12/6 0:00,0.718985,0.95247394
2003/12/7 0:00,0.721761,0.94912577
2003/12/8 0:00,0.716692,0.9548921
2003/12/9 0:00,0.725058,0.95126486
2003/12/10 0:00,0.718546,0.9550781
2003/12/11 0:00,0.725742,0.952939
2003/12/12 0:00,0.725032,0.95582217
2003/12/13 0:00,0.725032,0.9561012
2003/12/14 0:00,0.740796,0.952846
2003/12/15 0:00,0.74118,0.9519159
2003/12/16 0:00,0.738853,0.9554502
2003/12/17 0:00,0.733595,0.95498514
2003/12/18 0:00,0.742198,0.96140254
2003/12/19 0:00,0.743467,0.95377606
2003/12/20 0:00,0.743467,0.95386904
2003/12/21 0:00,0.746965,0.953032
2003/12/22 0:00,0.741757,0.95535713
2003/12/23 0:00,0.746352,0.9511719
2003/12/24 0:00,0.728651,0.9557292
2003/12/25 0:00,0.724822,0.9551711
2003/12/26 0:00,0.725189,0.9579613
2003/12/27 0:00,0.725189,0.9561012
2003/12/28 0:00,0.734241,0.9597284
2003/12/29 0:00,0.723641,0.9601005
2003/12/30 0:00,0.729341,0.9547991
2003/12/31 0:00,0.71449,0.9554502
2004/1/1 0:00,0.710454,0.95814735
2004/1/2 0:00,0.709799,0.95647323
2004/1/3 0:00,0.709799,0.9563802
2004/1/4 0:00,0.713547,0.95033485
2004/1/5 0:00,0.728147,0.9490327
2004/1/6 0:00,0.723956,0.9482887
2004/1/7 0:00,0.722961,0.9494048
2004/1/8 0:00,0.716102,0.94800967
2004/1/9 0:00,0.717,0.953125
2004/1/10 0:00,0.716255,0.95061386
2004/1/11 0:00,0.712555,0.9542411
2004/1/12 0:00,0.710227,0.952567
2004/1/13 0:00,0.712504,0.95675224
2004/1/14 0:00,0.729607,0.95498514
2004/1/15 0:00,0.724297,0.95210195
2004/1/16 0:00,0.72372,0.9520089
2004/1/17 0:00,0.72372,0.95693827
2004/1/18 0:00,0.728518,0.9551711
2004/1/19 0:00,0.721735,0.9542411
2004/1/20 0:00,0.721996,0.9464286
2004/1/21 0:00,0.710152,0.9433594
2004/1/22 0:00,0.708617,0.9454985
2004/1/23 0:00,0.711541,0.9485677
2004/1/24 0:00,0.711541,0.94568455
2004/1/25 0:00,0.707814,0.9500558
2004/1/26 0:00,0.701853,0.9481957
2004/1/27 0:00,0.705368,0.95070684
2004/1/28 0:00,0.704399,0.95098585
2004/1/29 0:00,0.706215,0.9543341
2004/1/30 0:00,0.706215,0.953125
2004/1/31 0:00,0.706215,0.94931173
2004/2/1 0:00,0.708567,0.94921875
2004/2/2 0:00,0.718546,0.95377606
2004/2/3 0:00,0.721007,0.95247394
2004/2/4 0:00,0.725453,0.9563802
2004/2/5 0:00,0.723432,0.94931173
2004/2/6 0:00,0.723432,0.9494048
2004/2/7 0:00,0.723432,0.95098585
2004/2/8 0:00,0.732654,0.952846
2004/2/9 0:00,0.732359,0.94921875
2004/2/10 0:00,0.735294,0.9547991
2004/2/11 0:00,0.732601,0.9521949
2004/2/12 0:00,0.733299,0.9566592
2004/2/13 0:00,0.736594,0.953683
2004/2/14 0:00,0.736594,0.95591515
2004/2/15 0:00,0.742005,0.9560082
2004/2/16 0:00,0.74129,0.9546131
2004/2/17 0:00,0.738525,0.95265996
2004/2/18 0:00,0.742308,0.95870537
2004/2/19 0:00,0.738416,0.9566592
2004/2/20 0:00,0.737844,0.95842636
2004/2/21 0:00,0.737844,0.95042783
2004/2/22 0:00,0.739098,0.953125
2004/2/23 0:00,0.737898,0.9517299
2004/2/24 0:00,0.719528,0.9547061
2004/2/25 0:00,0.713318,0.95089287
2004/2/26 0:00,0.712504,0.9565662
2004/2/27 0:00,0.712809,0.95554316
2004/2/28 0:00,0.709572,0.95963544
2004/2/29 0:00,0.714694,0.9577753
2004/3/1 0:00,0.709069,0.9603795
2004/3/2 0:00,0.706764,0.9597284
2004/3/3 0:00,0.706564,0.9562872
2004/3/4 0:00,0.704871,0.9554502
2004/3/5 0:00,0.704275,0.96196055
2004/3/6 0:00,0.700967,0.95879835
2004/3/7 0:00,0.706215,0.9578683
2004/3/8 0:00,0.711238,0.95182294
2004/3/9 0:00,0.707764,0.9513579
2004/3/10 0:00,0.687947,0.95377606
2004/3/11 0:00,0.683901,0.9554502
2004/3/12 0:00,0.683901,0.952846
2004/3/13 0:00,0.683901,0.9568452
2004/3/14 0:00,0.687947,0.95526415
2004/3/15 0:00,0.694155,0.9603795
2004/3/16 0:00,0.691372,0.9572173
2004/3/17 0:00,0.700722,0.9595424
2004/3/18 0:00,0.694734,0.9611235
2004/3/19 0:00,0.696379,0.9563802
2004/3/20 0:00,0.696379,0.9548921
2004/3/21 0:00,0.698178,0.9610305
2004/3/22 0:00,0.704821,0.95824033
2004/3/23 0:00,0.703928,0.70442706
2004/3/24 0:00,0.701557,0.7042411
2004/3/25 0:00,0.694686,0.70498514
2004/3/26 0:00,0.695797,0.7057292
2004/3/27 0:00,0.695797,0.70591515
2004/3/28 0:00,0.700771,0.7061012
2004/3/29 0:00,0.695362,0.7068452
2004/3/30 0:00,0.693097,0.7066592
2004/3/31 0:00,0.686012,0.7068452
2004/4/1 0:00,0.699741,0.70758927
2004/4/2 0:00,0.699986,0.7074033
2004/4/3 0:00,0.699986,0.7079613
2004/4/4 0:00,0.698812,0.7079613
2004/4/5 0:00,0.695943,0.70814735
2004/4/6 0:00,0.694011,0.7088914
2004/4/7 0:00,0.686813,0.70870537
2004/4/8 0:00,0.695507,0.70851934
2004/4/9 0:00,0.695072,0.7094494
2004/4/10 0:00,0.695072,0.70907736
2004/4/11 0:00,0.69935,0.71019346
2004/4/12 0:00,0.701361,0.70963544
2004/4/13 0:00,0.707014,0.71019346
2004/4/14 0:00,0.699399,0.7107515
2004/4/15 0:00,0.700722,0.71056545
2004/4/16 0:00,0.701459,0.7107515
2004/4/17 0:00,0.700378,0.7111235
2004/4/18 0:00,0.699301,0.7107515
2004/4/19 0:00,0.707414,0.71168154
2004/4/20 0:00,0.716435,0.7111235
2004/4/21 0:00,0.714745,0.7103795
2004/4/22 0:00,0.708215,0.7107515
2004/4/23 0:00,0.708215,0.7111235
2004/4/24 0:00,0.709019,0.71168154
2004/4/25 0:00,0.705219,0.71168154
2004/4/26 0:00,0.705268,0.7118676
2004/4/27 0:00,0.702642,0.71335566
2004/4/28 0:00,0.707814,0.7111235
2004/4/29 0:00,0.703185,0.7118676
2004/4/30 0:00,0.702889,0.71223956
2004/5/1 0:00,0.702889,0.71168154
2004/5/2 0:00,0.707864,0.71279764
2004/5/3 0:00,0.709673,0.71335566
2004/5/4 0:00,0.70927,0.7126116
2004/5/5 0:00,0.707264,0.7129836
2004/5/6 0:00,0.705567,0.7126116
2004/5/7 0:00,0.705467,0.7126116
2004/5/8 0:00,0.705467,0.7126116
2004/5/9 0:00,0.702889,0.71335566
2004/5/10 0:00,0.703779,0.7152158
2004/5/11 0:00,0.708767,0.7144717
2004/5/12 0:00,0.706664,0.7150298
2004/5/13 0:00,0.714796,0.71540177
2004/5/14 0:00,0.715922,0.7140997
2004/5/15 0:00,0.715922,0.7155878
2004/5/16 0:00,0.712758,0.7152158
2004/5/17 0:00,0.710126,0.7150298
2004/5/18 0:00,0.714337,0.7150298
2004/5/19 0:00,0.710985,0.71484375
2004/5/20 0:00,0.707714,0.7150298
2004/5/21 0:00,0.707714,0.71540177
2004/5/22 0:00,0.707714,0.7152158
2004/5/23 0:00,0.708617,0.71540177
2004/5/24 0:00,0.710429,0.7155878
2004/5/25 0:00,0.71048,0.71595985
2004/5/26 0:00,0.711086,0.71595985
2004/5/27 0:00,0.714592,0.7167039
2004/5/28 0:00,0.717103,0.7161458
2004/5/29 0:00,0.717103,0.7170759
2004/5/30 0:00,0.722543,0.71633184
2004/5/31 0:00,0.714235,0.71651787
2004/6/1 0:00,0.717103,0.71633184
2004/6/2 0:00,0.724008,0.7167039
2004/6/3 0:00,0.727379,0.7167039
2004/6/4 0:00,0.731689,0.7167039
2004/6/5 0:00,0.731689,0.71688986
2004/6/6 0:00,0.730941,0.71744794
2004/6/7 0:00,0.720981,0.7170759
2004/6/8 0:00,0.717309,0.7178199
2004/6/9 0:00,0.711744,0.7167039
2004/6/10 0:00,0.715666,0.71800596
2004/6/11 0:00,0.715666,0.71688986
2004/6/12 0:00,0.717,0.71744794
2004/6/13 0:00,0.720565,0.71688986
2004/6/14 0:00,0.720098,0.7172619
2004/6/15 0:00,0.71286,0.7170759
2004/6/16 0:00,0.717257,0.718192
2004/6/17 0:00,0.70932,0.71800596
2004/6/18 0:00,0.707214,0.7176339
2004/6/19 0:00,0.711086,0.71744794
2004/6/20 0:00,0.693481,0.7176339
2004/6/21 0:00,0.695507,0.71800596
2004/6/22 0:00,0.675584,0.71837795
2004/6/23 0:00,0.666667,0.71800596
2004/6/24 0:00,0.676636,0.71800596
2004/6/25 0:00,0.678472,0.71800596
2004/6/26 0:00,0.679902,0.718936
2004/6/27 0:00,0.674809,0.7176339
2004/6/28 0:00,0.664143,0.718564
2004/6/29 0:00,0.66836,0.718192
2004/6/30 0:00,0.683434,0.718192
2004/7/1 0:00,0.677323,0.7176339
2004/7/2 0:00,0.678794,0.71912205
2004/7/3 0:00,0.679486,0.71875
2004/7/4 0:00,0.680041,0.71837795
2004/7/5 0:00,0.682175,0.71800596
2004/7/6 0:00,0.678012,0.718192
2004/7/7 0:00,0.680457,0.718936
2004/7/8 0:00,0.670736,0.718936
2004/7/9 0:00,0.672812,0.719308
2004/7/10 0:00,0.672812,0.7196801
2004/7/11 0:00,0.662427,0.71875
2004/7/12 0:00,0.662252,0.71912205
2004/7/13 0:00,0.669478,0.71633184
2004/7/14 0:00,0.686106,0.7178199
2004/7/15 0:00,0.687663,0.71800596
2004/7/16 0:00,0.689798,0.71837795
2004/7/17 0:00,0.68899,0.71744794
2004/7/18 0:00,0.696379,0.71800596
2004/7/19 0:00,0.696864,0.71837795
2004/7/20 0:00,0.698812,0.718564
2004/7/21 0:00,0.702839,0.7176339
2004/7/22 0:00,0.705119,0.7176339
2004/7/23 0:00,0.70497,0.718564
2004/7/24 0:00,0.705119,0.718564
2004/7/25 0:00,0.709371,0.718936
2004/7/26 0:00,0.708617,0.71912205
2004/7/27 0:00,0.712708,0.71912205
2004/7/28 0:00,0.711491,0.7198661
2004/7/29 0:00,0.715001,0.71633184
2004/7/30 0:00,0.713878,0.71688986
2004/7/31 0:00,0.709874,0.71651787
2004/8/1 0:00,0.708617,0.7178199
2004/8/2 0:00,0.692617,0.7167039
2004/8/3 0:00,0.68918,0.7176339
2004/8/4 0:00,0.689227,0.71837795
2004/8/5 0:00,0.688279,0.7178199
2004/8/6 0:00,0.689655,0.71744794
2004/8/7 0:00,0.689655,0.71744794
2004/8/8 0:00,0.687616,0.7176339
2004/8/9 0:00,0.693001,0.7178199
2004/8/10 0:00,0.703977,0.7178199
2004/8/11 0:00,0.706764,0.71800596
2004/8/12 0:00,0.709371,0.718192
2004/8/13 0:00,0.710934,0.718564
2004/8/14 0:00,0.710934,0.71595985
2004/8/15 0:00,0.709774,0.7176339
2004/8/16 0:00,0.718339,0.7167039
2004/8/17 0:00,0.722596,0.7172619
2004/8/18 0:00,0.724113,0.7170759
2004/8/19 0:00,0.710429,0.71744794
2004/8/20 0:00,0.711187,0.7178199
2004/8/21 0:00,0.711187,0.7178199
2004/8/22 0:00,0.705816,0.7167039
2004/8/23 0:00,0.715461,0.71651787
2004/8/24 0:00,0.717978,0.7167039
2004/8/25 0:00,0.725058,0.7167039
2004/8/26 0:00,0.725058,0.7172619
2004/8/27 0:00,0.728597,0.71744794
2004/8/28 0:00,0.72768,0.7176339
2004/8/29 0:00,0.73455,0.718192
2004/8/30 0:00,0.731797,0.7155878
2004/8/31 0:00,0.729341,0.71688986
2004/9/1 0:00,0.725111,0.71595985
2004/9/2 0:00,0.723956,0.7167039
2004/9/3 0:00,0.7259,0.71633184
2004/9/4 0:00,0.726375,0.71633184
2004/9/5 0:00,0.731689,0.7171689
2004/9/6 0:00,0.7347,0.7172619
2004/9/7 0:00,0.733783,0.7167969
2004/9/8 0:00,0.727749,0.7167039
2004/9/9 0:00,0.728916,0.7172619
2004/9/10 0:00,0.732601,0.7167969
2004/9/11 0:00,0.732601,0.71688986
2004/9/12 0:00,0.72881,0.7170759
2004/9/13 0:00,0.720669,0.7173549
2004/9/14 0:00,0.716743,0.71772695
2004/9/15 0:00,0.707714,0.7150298
2004/9/16 0:00,0.708215,0.71651787
2004/9/17 0:00,0.705219,0.7154948
2004/9/18 0:00,0.707814,0.7157738
2004/9/19 0:00,0.707814,0.7164248
2004/9/20 0:00,0.713929,0.7169829
2004/9/21 0:00,0.716692,0.7164248
2004/9/22 0:00,0.707314,0.7170759
2004/9/23 0:00,0.705716,0.71661085
2004/9/24 0:00,0.702198,0.71633184
2004/9/25 0:00,0.702198,0.7172619
2004/9/26 0:00,0.705517,0.7169829
2004/9/27 0:00,0.70502,0.7169829
2004/9/28 0:00,0.697107,0.7170759
2004/9/29 0:00,0.70373,0.7171689
2004/9/30 0:00,0.711187,0.7175409
2004/10/1 0:00,0.710278,0.71512276
2004/10/2 0:00,0.710278,0.71651787
2004/10/3 0:00,0.709019,0.7157738
2004/10/4 0:00,0.697739,0.7161458
2004/10/5 0:00,0.711845,0.71661085
2004/10/6 0:00,0.713419,0.71623886
2004/10/7 0:00,0.720773,0.71661085
2004/10/8 0:00,0.721033,0.71633184
2004/10/9 0:00,0.721033,0.71605283
2004/10/10 0:00,0.7227,0.7164248
2004/10/11 0:00,0.72197,0.71688986
2004/10/12 0:00,0.722074,0.7167039
2004/10/13 0:00,0.724795,0.71661085
2004/10/14 0:00,0.727431,0.7164248
2004/10/15 0:00,0.72759,0.7167969
2004/10/16 0:00,0.72759,0.71772695
2004/10/17 0:00,0.733245,0.7164248
2004/10/18 0:00,0.736757,0.71828496
2004/10/19 0:00,0.73303,0.718192
2004/10/20 0:00,0.723014,0.718471
2004/10/21 0:00,0.727114,0.718471
2004/10/22 0:00,0.726058,0.71744794
2004/10/23 0:00,0.726058,0.718192
2004/10/24 0:00,0.729182,0.718564
2004/10/25 0:00,0.728863,0.71800596
2004/10/26 0:00,0.735727,0.71837795
2004/10/27 0:00,0.73303,0.718936
2004/10/28 0:00,0.73346,0.718657
2004/10/29 0:00,0.734268,0.718564
2004/10/30 0:00,0.733568,0.718843
2004/10/31 0:00,0.735943,0.7199591
2004/11/1 0:00,0.740192,0.7201451
2004/11/2 0:00,0.737083,0.71912205
2004/11/3 0:00,0.73346,0.7222842
2004/11/4 0:00,0.743992,0.7213542
2004/11/5 0:00,0.744269,0.7219122
2004/11/6 0:00,0.74228,0.72154015
2004/11/7 0:00,0.741125,0.7213542
2004/11/8 0:00,0.747887,0.7220052
2004/11/9 0:00,0.753012,0.7222842
2004/11/10 0:00,0.748223,0.7224702
2004/11/11 0:00,0.753012,0.72274923
2004/11/12 0:00,0.754375,0.72274923
2004/11/13 0:00,0.754375,0.7216332
2004/11/14 0:00,0.752615,0.7216332
2004/11/15 0:00,0.752729,0.72256327
2004/11/16 0:00,0.762544,0.72414434
2004/11/17 0:00,0.757978,0.72442335
2004/11/18 0:00,0.757576,0.7291667
2004/11/19 0:00,0.755572,0.73167783
2004/11/20 0:00,0.755572,0.73158485
2004/11/21 0:00,0.756716,0.7327939
2004/11/22 0:00,0.748503,0.73167783
2004/11/23 0:00,0.754318,0.73167783
2004/11/24 0:00,0.746938,0.7332589
2004/11/25 0:00,0.746102,0.7329799
2004/11/26 0:00,0.746714,0.73307294
2004/11/27 0:00,0.74499,0.7328869
2004/11/28 0:00,0.75188,0.73335195
2004/11/29 0:00,0.749681,0.73186386
2004/11/30 0:00,0.74239,0.73195684
2004/12/1 0:00,0.753409,0.7328869
2004/12/2 0:00,0.762951,0.7374442
2004/12/3 0:00,0.762486,0.7364211
2004/12/4 0:00,0.762369,0.7355841
2004/12/5 0:00,0.766284,0.7379092
2004/12/6 0:00,0.772201,0.7361421
2004/12/7 0:00,0.775555,0.73856026
2004/12/8 0:00,0.793588,0.7363281
2004/12/9 0:00,0.795608,0.7355841
2004/12/10 0:00,0.795482,0.7379092
2004/12/11 0:00,0.795482,0.7380952
2004/12/12 0:00,0.789391,0.7376302
2004/12/13 0:00,0.787402,0.7386533
2004/12/14 0:00,0.781067,0.73949033
2004/12/15 0:00,0.779059,0.7374442
2004/12/16 0:00,0.776337,0.7360491
2004/12/17 0:00,0.773395,0.73939735
2004/12/18 0:00,0.773395,0.74293154
2004/12/19 0:00,0.77682,0.7419085
2004/12/20 0:00,0.767165,0.7462798
2004/12/21 0:00,0.771843,0.7464658
2004/12/22 0:00,0.777122,0.7456287
2004/12/23 0:00,0.777122,0.74730283
2004/12/24 0:00,0.77918,0.74488467
2004/12/25 0:00,0.77918,0.74581474
2004/12/26 0:00,0.771962,0.7469308
2004/12/27 0:00,0.761151,0.74962795
2004/12/28 0:00,0.762137,0.7464658
2004/12/29 0:00,0.761151,0.7471168
2004/12/30 0:00,0.749625,0.74758184
2004/12/31 0:00,0.749625,0.74637276
2005/1/1 0:00,0.750244,0.74488467
2005/1/2 0:00,0.744214,0.74758184
2005/1/3 0:00,0.744325,0.75251114
2005/1/4 0:00,0.755494,0.7520461
2005/1/5 0:00,0.755744,0.75995165
2005/1/6 0:00,0.762195,0.76148623
2005/1/7 0:00,0.762602,0.7598586
2005/1/8 0:00,0.762602,0.76353234
2005/1/9 0:00,0.759129,0.75999814
2005/1/10 0:00,0.761615,0.7601377
2005/1/11 0:00,0.747496,0.76353234
2005/1/12 0:00,0.745712,0.765067
2005/1/13 0:00,0.747775,0.7626953
2005/1/14 0:00,0.748111,0.76432294
2005/1/15 0:00,0.748111,0.76371837
2005/1/16 0:00,0.754774,0.76232326
2005/1/17 0:00,0.752842,0.76050967
2005/1/18 0:00,0.744435,0.76464844
2005/1/19 0:00,0.73616,0.77106583
2005/1/20 0:00,0.735727,0.7706008
2005/1/21 0:00,0.736106,0.7691592
2005/1/22 0:00,0.736106,0.7711123
2005/1/23 0:00,0.74217,0.76953125
2005/1/24 0:00,0.743826,0.77278644
2005/1/25 0:00,0.742942,0.76929873
2005/1/26 0:00,0.748727,0.76832217
2005/1/27 0:00,0.748727,0.7705078
2005/1/28 0:00,0.749064,0.7731585
2005/1/29 0:00,0.749064,0.7699963
2005/1/30 0:00,0.747887,0.77357703
2005/1/31 0:00,0.75523,0.7725074
2005/2/1 0:00,0.764877,0.77241445
2005/2/2 0:00,0.768403,0.7706008
2005/2/3 0:00,0.778634,0.77408856
2005/2/4 0:00,0.779606,0.781436
2005/2/5 0:00,0.779606,0.7789714
2005/2/6 0:00,0.776096,0.7696708
2005/2/7 0:00,0.767224,0.765904
2005/2/8 0:00,0.761673,0.7671131
2005/2/9 0:00,0.758093,0.76929873
2005/2/10 0:00,0.758495,0.7662295
2005/2/11 0:00,0.759821,0.76497394
2005/2/12 0:00,0.757576,0.7672526
2005/2/13 0:00,0.762137,0.7699963
2005/2/14 0:00,0.760052,0.7672526
2005/2/15 0:00,0.759301,0.7686012
2005/2/16 0:00,0.769231,0.76813614
2005/2/17 0:00,0.768226,0.7672991
2005/2/18 0:00,0.76693,0.765346
2005/2/19 0:00,0.767695,0.7690662
2005/2/20 0:00,0.773455,0.77580917
2005/2/21 0:00,0.770179,0.7737165
2005/2/22 0:00,0.771724,0.7579985
2005/2/23 0:00,0.755972,0.7547898
2005/2/24 0:00,0.757691,0.7546503
2005/2/25 0:00,0.757805,0.7569755
2005/2/26 0:00,0.757805,0.7532552
2005/2/27 0:00,0.763884,0.7516741
2005/2/28 0:00,0.76365,0.7543248
2005/3/1 0:00,0.766049,0.7576265
2005/3/2 0:00,0.771188,0.7540458
2005/3/3 0:00,0.772857,0.75502235
2005/3/4 0:00,0.772201,0.7540923
2005/3/5 0:00,0.772201,0.7542783
2005/3/6 0:00,0.772559,0.750186
2005/3/7 0:00,0.780214,0.75539434
2005/3/8 0:00,0.779788,0.7590681
2005/3/9 0:00,0.772917,0.75678945
2005/3/10 0:00,0.76864,0.7481864
2005/3/11 0:00,0.76858,0.74586123
2005/3/12 0:00,0.76858,0.7465588
2005/3/13 0:00,0.770179,0.74776787
2005/3/14 0:00,0.777484,0.7447917
2005/3/15 0:00,0.771426,0.7435826
2005/3/16 0:00,0.76746,0.7454427
2005/3/17 0:00,0.759071,0.7483724
2005/3/18 0:00,0.760167,0.74465215
2005/3/19 0:00,0.760167,0.74604726
2005/3/20 0:00,0.75643,0.74493116
2005/3/21 0:00,0.752106,0.74455917
2005/3/22 0:00,0.751767,0.7420945
2005/3/23 0:00,0.75884,0.7455822
2005/3/24 0:00,0.762777,0.74902344
2005/3/25 0:00,0.763359,0.74669826
2005/3/26 0:00,0.763359,0.7457217
2005/3/27 0:00,0.761035,0.7437686
2005/3/28 0:00,0.748335,0.74404764
2005/3/29 0:00,0.745657,0.7445127
2005/3/30 0:00,0.747384,0.7416295
2005/3/31 0:00,0.751145,0.74121094
2005/4/1 0:00,0.751145,0.7422805
2005/4/2 0:00,0.750807,0.74432665
2005/4/3 0:00,0.751428,0.7406064
2005/4/4 0:00,0.750694,0.7433036
2005/4/5 0:00,0.74239,0.7416295
2005/4/6 0:00,0.740302,0.7413505
2005/4/7 0:00,0.736377,0.7390253
2005/4/8 0:00,0.738662,0.7431176
2005/4/9 0:00,0.736594,0.74600077
2005/4/10 0:00,0.735835,0.7451637
2005/4/11 0:00,0.740412,0.7420945
2005/4/12 0:00,0.739262,0.7420945
2005/4/13 0:00,0.735294,0.7398623
2005/4/14 0:00,0.744879,0.74139696
2005/4/15 0:00,0.738007,0.73976934
2005/4/16 0:00,0.731422,0.73883927
2005/4/17 0:00,0.72998,0.73972285
2005/4/18 0:00,0.718391,0.74242
2005/4/19 0:00,0.730407,0.7392113
2005/4/20 0:00,0.730407,0.73972285
2005/4/21 0:00,0.730407,0.73944384
2005/4/22 0:00,0.73346,0.73823476
2005/4/23 0:00,0.740521,0.7373977
2005/4/24 0:00,0.74173,0.73967636
2005/4/25 0:00,0.749963,0.741862
2005/4/26 0:00,0.749963,0.7416295
2005/4/27 0:00,0.749963,0.7401414
2005/4/28 0:00,0.749963,0.7387463
2005/4/29 0:00,0.754205,0.73818827
2005/4/30 0:00,0.755344,0.7393043
2005/5/1 0:00,0.763475,0.7380952
2005/5/2 0:00,0.764234,0.73683965
2005/5/3 0:00,0.765755,0.7378627
2005/5/4 0:00,0.767695,0.7399089
2005/5/5 0:00,0.766989,0.7363746
2005/5/6 0:00,0.766342,0.7373512
2005/5/7 0:00,0.769053,0.7360026
2005/5/8 0:00,0.778634,0.73660713
2005/5/9 0:00,0.776699,0.7355841
2005/5/10 0:00,0.782411,0.7376302
2005/5/11 0:00,0.783085,0.7406994
2005/5/12 0:00,0.783085,0.7395368
2005/5/13 0:00,0.781067,0.73400295
2005/5/14 0:00,0.785731,0.7320964
2005/5/15 0:00,0.788333,0.7312128
2005/5/16 0:00,0.792707,0.73214287
2005/5/17 0:00,0.798148,0.7313988
2005/5/18 0:00,0.799552,0.7302827
2005/5/19 0:00,0.797067,0.7314918
2005/5/20 0:00,0.789079,0.7327939
2005/5/21 0:00,0.788022,0.7300502
2005/5/22 0:00,0.795229,0.7300967
2005/5/23 0:00,0.801989,0.72986424
2005/5/24 0:00,0.801475,0.73056173
2005/5/25 0:00,0.80186,0.7285156
2005/5/26 0:00,0.802053,0.7306548
2005/5/27 0:00,0.799488,0.73218936
2005/5/28 0:00,0.805218,0.7326079
2005/5/29 0:00,0.805348,0.72730654
2005/5/30 0:00,0.799361,0.72721356
2005/5/31 0:00,0.808407,0.7253534
2005/6/1 0:00,0.807103,0.7267485
2005/6/2 0:00,0.807103,0.7263765
2005/6/3 0:00,0.808865,0.7251674
2005/6/4 0:00,0.800512,0.72702754
2005/6/5 0:00,0.790826,0.7277716
2005/6/6 0:00,0.785484,0.72470236
2005/6/7 0:00,0.793021,0.72553945
2005/6/8 0:00,0.795292,0.7245164
2005/6/9 0:00,0.795292,0.7263765
2005/6/10 0:00,0.793462,0.7235863
2005/6/11 0:00,0.792267,0.72591144
2005/6/12 0:00,0.788333,0.72730654
2005/6/13 0:00,0.797957,0.7266555
2005/6/14 0:00,0.786906,0.7222842
2005/6/15 0:00,0.787154,0.7222842
2005/6/16 0:00,0.785176,0.72116816
2005/6/17 0:00,0.78284,0.72005206
2005/6/18 0:00,0.782473,0.72144717
2005/6/19 0:00,0.788333,0.7207031
2005/6/20 0:00,0.78964,0.7217262
2005/6/21 0:00,0.799041,0.7228423
2005/6/22 0:00,0.793399,0.7200056
2005/6/23 0:00,0.793399,0.72061014
2005/6/24 0:00,0.789889,0.7207961
2005/6/25 0:00,0.796495,0.72116816
2005/6/26 0:00,0.797957,0.719029
2005/6/27 0:00,0.809717,0.7210752
2005/6/28 0:00,0.817394,0.72377235
2005/6/29 0:00,0.818599,0.72386533
2005/6/30 0:00,0.818599,0.7222842
2005/7/1 0:00,0.817394,0.7228423
2005/7/2 0:00,0.823316,0.7210752
2005/7/3 0:00,0.820816,0.7213542
2005/7/4 0:00,0.816393,0.72088915
2005/7/5 0:00,0.817528,0.7210752
2005/7/6 0:00,0.815794,0.7219122
2005/7/7 0:00,0.815262,0.7228423
2005/7/8 0:00,0.814266,0.7202846
2005/7/9 0:00,0.821423,0.7218192
2005/7/10 0:00,0.816127,0.7204241
2005/7/11 0:00,0.827198,0.7205171
2005/7/12 0:00,0.822436,0.71940106
2005/7/13 0:00,0.823588,0.7221912
2005/7/14 0:00,0.823588,0.72377235
2005/7/15 0:00,0.813008,0.7239583
2005/7/16 0:00,0.819269,0.72237724
2005/7/17 0:00,0.806127,0.7221912
2005/7/18 0:00,0.801218,0.7199591
2005/7/19 0:00,0.810898,0.7201451
2005/7/20 0:00,0.810504,0.72088915
2005/7/21 0:00,0.810504,0.72061014
2005/7/22 0:00,0.809389,0.7217262
2005/7/23 0:00,0.811688,0.7216332
2005/7/24 0:00,0.817929,0.71916854
2005/7/25 0:00,0.81011,0.72088915
2005/7/26 0:00,0.81182,0.71949404
2005/7/27 0:00,0.811886,0.71940106
2005/7/28 0:00,0.811886,0.718471
2005/7/29 0:00,0.804829,0.72005206
2005/7/30 0:00,0.810504,0.72088915
2005/7/31 0:00,0.823181,0.7218192
2005/8/1 0:00,0.826583,0.7221912
2005/8/2 0:00,0.828226,0.7217262
2005/8/3 0:00,0.827061,0.72098213
2005/8/4 0:00,0.827061,0.72116816
2005/8/5 0:00,0.8296,0.72126114
2005/8/6 0:00,0.828157,0.7202381
2005/8/7 0:00,0.826856,0.72144717
2005/8/8 0:00,0.830979,0.72274923
2005/8/9 0:00,0.834446,0.719308
2005/8/10 0:00,0.837802,0.7204241
2005/8/11 0:00,0.833264,0.71977305
2005/8/12 0:00,0.829669,0.71977305
2005/8/13 0:00,0.819605,0.718564
2005/8/14 0:00,0.83682,0.7202381
2005/8/15 0:00,0.84317,0.7221912
2005/8/16 0:00,0.845094,0.72126114
2005/8/17 0:00,0.843597,0.7219122
2005/8/18 0:00,0.843597,0.7218192
2005/8/19 0:00,0.843811,0.72098213
2005/8/20 0:00,0.856238,0.7201451
2005/8/21 0:00,0.855798,0.7210752
2005/8/22 0:00,0.863334,0.72098213
2005/8/23 0:00,0.865127,0.7216332
2005/8/24 0:00,0.864678,0.7216332
2005/8/25 0:00,0.864379,0.71861047
2005/8/26 0:00,0.866176,0.7207031
2005/8/27 0:00,0.87146,0.7207961
2005/8/28 0:00,0.870019,0.72116816
2005/8/29 0:00,0.871536,0.718564
2005/8/30 0:00,0.877501,0.72098213
2005/8/31 0:00,0.87727,0.7219587
2005/9/1 0:00,0.87727,0.72209823
2005/9/2 0:00,0.874355,0.718843
2005/9/3 0:00,0.869036,0.71921504
2005/9/4 0:00,0.863856,0.71623886
2005/9/5 0:00,0.843811,0.7164248
2005/9/6 0:00,0.845237,0.7178199
2005/9/7 0:00,0.83167,0.7173549
2005/9/8 0:00,0.83167,0.718936
2005/9/9 0:00,0.830358,0.71837795
2005/9/10 0:00,0.816193,0.71637833
2005/9/11 0:00,0.817661,0.7167039
2005/9/12 0:00,0.824742,0.7171689
2005/9/13 0:00,0.833611,0.71661085
2005/9/14 0:00,0.831393,0.71544826
2005/9/15 0:00,0.831393,0.7178199
2005/9/16 0:00,0.829738,0.71861047
2005/9/17 0:00,0.8351,0.71949404
2005/9/18 0:00,0.837381,0.719029
2005/9/19 0:00,0.81974,0.7210752
2005/9/20 0:00,0.820681,0.718192
2005/9/21 0:00,0.823995,0.71912205
2005/9/22 0:00,0.823995,0.71949404
2005/9/23 0:00,0.825083,0.7198661
2005/9/24 0:00,0.832362,0.7205171
2005/9/25 0:00,0.827198,0.7199591
2005/9/26 0:00,0.829738,0.7170759
2005/9/27 0:00,0.840195,0.7189825
2005/9/28 0:00,0.839842,0.7172154
2005/9/29 0:00,0.843668,0.71833146
2005/9/30 0:00,0.851209,0.7164714
2005/10/1 0:00,0.85162,0.7189825
2005/10/2 0:00,0.84674,0.7202381
2005/10/3 0:00,0.831947,0.71944755
2005/10/4 0:00,0.831808,0.7207496
2005/10/5 0:00,0.832362,0.7214007
2005/10/6 0:00,0.822301,0.7190755
2005/10/7 0:00,0.818465,0.71921504
2005/10/8 0:00,0.825627,0.7204706
2005/10/9 0:00,0.822301,0.7204241
2005/10/10 0:00,0.830979,0.72116816
2005/10/11 0:00,0.819807,0.7213542
2005/10/12 0:00,0.816127,0.7181455
2005/10/13 0:00,0.778028,0.71981955
2005/10/14 0:00,0.778816,0.7196801
2005/10/15 0:00,0.772618,0.71912205
2005/10/16 0:00,0.793903,0.71772695
2005/10/17 0:00,0.778634,0.7199126
2005/10/18 0:00,0.76746,0.72088915
2005/10/19 0:00,0.759013,0.7210752
2005/10/20 0:00,0.762486,0.7239583
2005/10/21 0:00,0.766754,0.7254464
2005/10/22 0:00,0.76929,0.72293526
2005/10/23 0:00,0.78456,0.7227958
2005/10/24 0:00,0.780457,0.72414434
2005/10/25 0:00,0.798148,0.7248419
2005/10/26 0:00,0.791703,0.7250744
2005/10/27 0:00,0.796369,0.7252139
2005/10/28 0:00,0.794786,0.72149366
2005/10/29 0:00,0.793336,0.72326076
2005/10/30 0:00,0.801603,0.7234933
2005/10/31 0:00,0.797194,0.7228423
2005/11/1 0:00,0.79277,0.7216332
2005/11/2 0:00,0.821693,0.72446984
2005/11/3 0:00,0.810898,0.72465587
2005/11/4 0:00,0.793462,0.7250744
2005/11/5 0:00,0.788955,0.725958
2005/11/6 0:00,0.791766,0.7294457
2005/11/7 0:00,0.791515,0.72642297
2005/11/8 0:00,0.795229,0.72609746
2005/11/9 0:00,0.79466,0.7283761
2005/11/10 0:00,0.785762,0.7277716
2005/11/11 0:00,0.776398,0.7274926
2005/11/12 0:00,0.786411,0.7279576
2005/11/13 0:00,0.778634,0.72633
2005/11/14 0:00,0.76864,0.72633
2005/11/15 0:00,0.768699,0.726051
2005/11/16 0:00,0.761905,0.726609
2005/11/17 0:00,0.757031,0.7249814
2005/11/18 0:00,0.756487,0.7266555
2005/11/19 0:00,0.747105,0.7285156
2005/11/20 0:00,0.745629,0.72753906
2005/11/21 0:00,0.740357,0.7277251
2005/11/22 0:00,0.741565,0.73070127
2005/11/23 0:00,0.741785,0.726888
2005/11/24 0:00,0.755059,0.72642297
2005/11/25 0:00,0.762253,0.72726005
2005/11/26 0:00,0.776759,0.72865516
2005/11/27 0:00,0.777152,0.7267485
2005/11/28 0:00,0.777363,0.7276786
2005/11/29 0:00,0.78183,0.72581846
2005/11/30 0:00,0.778513,0.72558594
2005/12/1 0:00,0.773485,0.726609
2005/12/2 0:00,0.773156,0.7257255
2005/12/3 0:00,0.773395,0.72549295
2005/12/4 0:00,0.773395,0.7280041
2005/12/5 0:00,0.762021,0.72858536
2005/12/6 0:00,0.763534,0.7277716
2005/12/7 0:00,0.751174,0.73046875
2005/12/8 0:00,0.75392,0.7317708
2005/12/9 0:00,0.763009,0.72898066
2005/12/10 0:00,0.75706,0.7288411
2005/12/11 0:00,0.769112,0.7306548
2005/12/12 0:00,0.767401,0.73079425
2005/12/13 0:00,0.774893,0.7295387
2005/12/14 0:00,0.773814,0.73200333
2005/12/15 0:00,0.773994,0.72870165
2005/12/16 0:00,0.772022,0.7287714
2005/12/17 0:00,0.769172,0.72925967
2005/12/18 0:00,0.77006,0.7280506
2005/12/19 0:00,0.780457,0.7282366
2005/12/20 0:00,0.777484,0.7305385
2005/12/21 0:00,0.777484,0.7304455
2005/12/22 0:00,0.778816,0.73091054
2005/12/23 0:00,0.789889,0.7278181
2005/12/24 0:00,0.781616,0.73018974
2005/12/25 0:00,0.781433,0.7274926
2005/12/26 0:00,0.785176,0.72642297
2005/12/27 0:00,0.794976,0.7274926
2005/12/28 0:00,0.794597,0.726888
2005/12/29 0:00,0.792456,0.72663224
2005/12/30 0:00,0.792519,0.72802734
2005/12/31 0:00,0.793588,0.72570217
2006/1/1 0:00,0.800064,0.7246791
2006/1/2 0:00,0.805088,0.7271903
2006/1/3 0:00,0.810636,0.72505116
2006/1/4 0:00,0.809323,0.72442335
2006/1/5 0:00,0.805088,0.72842264
2006/1/6 0:00,0.821558,0.7282831
2006/1/7 0:00,0.823723,0.72793436
2006/1/8 0:00,0.819236,0.7264695
2006/1/9 0:00,0.824674,0.72846913
2006/1/10 0:00,0.834585,0.7251674
2006/1/11 0:00,0.835143,0.7238421
2006/1/12 0:00,0.83619,0.7263765
2006/1/13 0:00,0.835946,0.7250744
2006/1/14 0:00,0.833611,0.72365606
2006/1/15 0:00,0.83612,0.7252372
2006/1/16 0:00,0.833889,0.7235166
2006/1/17 0:00,0.83647,0.7235398
2006/1/18 0:00,0.8285,0.7247256
2006/1/19 0:00,0.826583,0.7242606
2006/1/20 0:00,0.835213,0.7234468
2006/1/21 0:00,0.832085,0.72537667
2006/1/22 0:00,0.837802,0.7263765
2006/1/23 0:00,0.831117,0.7247954
2006/1/24 0:00,0.832293,0.7313058
2006/1/25 0:00,0.840089,0.73295665
2006/1/26 0:00,0.83668,0.72914344
2006/1/27 0:00,0.829463,0.7278413
2006/1/28 0:00,0.833403,0.7301665
2006/1/29 0:00,0.83647,0.7293992
2006/1/30 0:00,0.835701,0.72793436
2006/1/31 0:00,0.840477,0.73018974
2006/2/1 0:00,0.837591,0.7273763
2006/2/2 0:00,0.840124,0.7272368
2006/2/3 0:00,0.840054,0.7284924
2006/2/4 0:00,0.83091,0.7272833
2006/2/5 0:00,0.828947,0.7273763
2006/2/6 0:00,0.821828,0.7307245
2006/2/7 0:00,0.810767,0.73174757
2006/2/8 0:00,0.819739,0.72942245
2006/2/9 0:00,0.824063,0.7308408
2006/2/10 0:00,0.82149,0.7319336
2006/2/11 0:00,0.821355,0.7305385
2006/2/12 0:00,0.821355,0.72807384
2006/2/13 0:00,0.816793,0.73118955
2006/2/14 0:00,0.821828,0.72821337
2006/2/15 0:00,0.809192,0.72774833
2006/2/16 0:00,0.819605,0.729934
2006/2/17 0:00,0.825014,0.7278413
2006/2/18 0:00,0.824402,0.72825986
2006/2/19 0:00,0.824402,0.72914344
2006/2/20 0:00,0.826583,0.7259638
2006/2/21 0:00,0.817528,0.7284459
2006/2/22 0:00,0.814399,0.72965497
2006/2/23 0:00,0.808767,0.7310791
2006/2/24 0:00,0.817127,0.72987
2006/2/25 0:00,0.819437,0.7329334
2006/2/26 0:00,0.819437,0.73611885
2006/2/27 0:00,0.820917,0.7329334
2006/2/28 0:00,0.821625,0.73102677
2006/3/1 0:00,0.81626,0.73318917
2006/3/2 0:00,0.813603,0.73146856
2006/3/3 0:00,0.820883,0.729033
2006/3/4 0:00,0.818465,0.73295665
2006/3/5 0:00,0.82464,0.73033506
2006/3/6 0:00,0.823452,0.7311721
2006/3/7 0:00,0.81473,0.7324742
2006/3/8 0:00,0.816327,0.7287234
2006/3/9 0:00,0.819403,0.730399
2006/3/10 0:00,0.81606,0.73293924
2006/3/11 0:00,0.81606,0.73445636
2006/3/12 0:00,0.82291,0.73187256
2006/3/13 0:00,0.814531,0.8186384
2006/3/14 0:00,0.818264,0.8188244
2006/3/15 0:00,0.827061,0.81808037
2006/3/16 0:00,0.824334,0.81808037
2006/3/17 0:00,0.823045,0.8186384
2006/3/18 0:00,0.823045,0.8191964
2006/3/19 0:00,0.821018,0.8201265
2006/3/20 0:00,0.822504,0.81901044
2006/3/21 0:00,0.816127,0.8203125
2006/3/22 0:00,0.81314,0.82105654
2006/3/23 0:00,0.817595,0.8201265
2006/3/24 0:00,0.811162,0.8201265
2006/3/25 0:00,0.813074,0.81901044
2006/3/26 0:00,0.814133,0.81956846
2006/3/27 0:00,0.822504,0.8214286
2006/3/28 0:00,0.817127,0.82254463
2006/3/29 0:00,0.815129,0.8201265
2006/3/30 0:00,0.80952,0.8201265
2006/3/31 0:00,0.799233,0.8193824
2006/4/1 0:00,0.794849,0.81994045
2006/4/2 0:00,0.795735,0.8204985
2006/4/3 0:00,0.795672,0.8197545
2006/4/4 0:00,0.788146,0.8208705
2006/4/5 0:00,0.786473,0.82068455
2006/4/6 0:00,0.786658,0.8219866
2006/4/7 0:00,0.785608,0.8218006
2006/4/8 0:00,0.779423,0.82217264
2006/4/9 0:00,0.770921,0.82161456
2006/4/10 0:00,0.765111,0.82161456
2006/4/11 0:00,0.767224,0.8212426
2006/4/12 0:00,0.752729,0.82217264
2006/4/13 0:00,0.756716,0.82310265
2006/4/14 0:00,0.756716,0.8212426
2006/4/15 0:00,0.762021,0.8204985
2006/4/16 0:00,0.75815,0.8201265
2006/4/17 0:00,0.749344,0.82068455
2006/4/18 0:00,0.750751,0.8212426
2006/4/19 0:00,0.755401,0.8208705
2006/4/20 0:00,0.75375,0.8214286
2006/4/21 0:00,0.760861,0.8219866
2006/4/22 0:00,0.760803,0.82217264
2006/4/23 0:00,0.755116,0.8219866
2006/4/24 0:00,0.753807,0.82217264
2006/4/25 0:00,0.752955,0.8223586
2006/4/26 0:00,0.754262,0.8212426
2006/4/27 0:00,0.755658,0.82105654
2006/4/28 0:00,0.755344,0.8223586
2006/4/29 0:00,0.768344,0.82310265
2006/4/30 0:00,0.77098,0.8218006
2006/5/1 0:00,0.76929,0.82161456
2006/5/2 0:00,0.772618,0.8214286
2006/5/3 0:00,0.775675,0.8214286
2006/5/4 0:00,0.779545,0.8218006
2006/5/5 0:00,0.77991,0.82105654
2006/5/6 0:00,0.787836,0.8219866
2006/5/7 0:00,0.791515,0.82161456
2006/5/8 0:00,0.797957,0.82217264
2006/5/9 0:00,0.795862,0.82217264
2006/5/10 0:00,0.788581,0.82217264
2006/5/11 0:00,0.791264,0.8219866
2006/5/12 0:00,0.790576,0.8218006
2006/5/13 0:00,0.790576,0.82161456
2006/5/14 0:00,0.786596,0.8219866
2006/5/15 0:00,0.791327,0.82310265
2006/5/16 0:00,0.791202,0.8214286
2006/5/17 0:00,0.784929,0.81994045
2006/5/18 0:00,0.802504,0.8212426
2006/5/19 0:00,0.801475,0.8214286
2006/5/20 0:00,0.801475,0.8214286
2006/5/21 0:00,0.8036,0.8218006
2006/5/22 0:00,0.804376,0.82217264
2006/5/23 0:00,0.804441,0.8223586
2006/5/24 0:00,0.803988,0.82273066
2006/5/25 0:00,0.796749,0.8223586
2006/5/26 0:00,0.797957,0.8223586
2006/5/27 0:00,0.796622,0.82310265
2006/5/28 0:00,0.795545,0.82273066
2006/5/29 0:00,0.798531,0.8214286
2006/5/30 0:00,0.790202,0.82217264
2006/5/31 0:00,0.794786,0.82254463
2006/6/1 0:00,0.797067,0.8223586
2006/6/2 0:00,0.797703,0.8214286
2006/6/3 0:00,0.800064,0.8218006
2006/6/4 0:00,0.802439,0.8214286
2006/6/5 0:00,0.798786,0.82217264
2006/6/6 0:00,0.799744,0.8219866
2006/6/7 0:00,0.799744,0.82254463
2006/6/8 0:00,0.788457,0.8218006
2006/6/9 0:00,0.785299,0.8229167
2006/6/10 0:00,0.790077,0.82254463
2006/6/11 0:00,0.80186,0.82366073
2006/6/12 0:00,0.809717,0.82366073
2006/6/13 0:00,0.808407,0.82310265
2006/6/14 0:00,0.810504,0.8212426
2006/6/15 0:00,0.813008,0.82273066
2006/6/16 0:00,0.808407,0.8223586
2006/6/17 0:00,0.818264,0.82217264
2006/6/18 0:00,0.819001,0.82105654
2006/6/19 0:00,0.819001,0.8218006
2006/6/20 0:00,0.821153,0.8229167
2006/6/21 0:00,0.816127,0.82217264
2006/6/22 0:00,0.815328,0.82217264
2006/6/23 0:00,0.811162,0.82310265
2006/6/24 0:00,0.81215,0.82254463
2006/6/25 0:00,0.808538,0.8240327
2006/6/26 0:00,0.805802,0.8238467
2006/6/27 0:00,0.806712,0.8232887
2006/6/28 0:00,0.81103,0.8238467
2006/6/29 0:00,0.807233,0.8240327
2006/6/30 0:00,0.807624,0.8229167
2006/7/1 0:00,0.807624,0.8244048
2006/7/2 0:00,0.809061,0.8232887
2006/7/3 0:00,0.810964,0.8249628
2006/7/4 0:00,0.808865,0.82310265
2006/7/5 0:00,0.814001,0.82421875
2006/7/6 0:00,0.811952,0.82421875
2006/7/7 0:00,0.809454,0.8234747
2006/7/8 0:00,0.804117,0.8238467
2006/7/9 0:00,0.802826,0.82533485
2006/7/10 0:00,0.798276,0.8251488
2006/7/11 0:00,0.803084,0.8264509
2006/7/12 0:00,0.803729,0.82589287
2006/7/13 0:00,0.797575,0.8264509
2006/7/14 0:00,0.793462,0.82626486
2006/7/15 0:00,0.79447,0.82682294
2006/7/16 0:00,0.802761,0.8260789
2006/7/17 0:00,0.812018,0.82682294
2006/7/18 0:00,0.809389,0.82570684
2006/7/19 0:00,0.818666,0.82682294
2006/7/20 0:00,0.819471,0.82570684
2006/7/21 0:00,0.829325,0.82589287
2006/7/22 0:00,0.829119,0.8264509
2006/7/23 0:00,0.825832,0.82570684
2006/7/24 0:00,0.826925,0.8260789
2006/7/25 0:00,0.827883,0.82738096
2006/7/26 0:00,0.827541,0.8266369
2006/7/27 0:00,0.830634,0.82775295
2006/7/28 0:00,0.820075,0.827567
2006/7/29 0:00,0.825627,0.82738096
2006/7/30 0:00,0.823859,0.82849705
2006/7/31 0:00,0.831808,0.827567
2006/8/1 0:00,0.830392,0.8271949
2006/8/2 0:00,0.829187,0.827939
2006/8/3 0:00,0.827883,0.8270089
2006/8/4 0:00,0.819135,0.828311
2006/8/5 0:00,0.822639,0.82626486
2006/8/6 0:00,0.818733,0.8271949
2006/8/7 0:00,0.818063,0.827567
2006/8/8 0:00,0.821288,0.8264509
2006/8/9 0:00,0.816927,0.8266369
2006/8/10 0:00,0.815461,0.82886904
2006/8/11 0:00,0.8188,0.82738096
2006/8/12 0:00,0.816993,0.82775295
2006/8/13 0:00,0.81686,0.828311
2006/8/14 0:00,0.81686,0.828683
2006/8/15 0:00,0.819001,0.828683
2006/8/16 0:00,0.813603,0.827567
2006/8/17 0:00,0.822301,0.828311
2006/8/18 0:00,0.821693,0.82886904
2006/8/19 0:00,0.816593,0.828125
2006/8/20 0:00,0.815927,0.8292411
2006/8/21 0:00,0.816593,0.82849705
2006/8/22 0:00,0.811688,0.82886904
2006/8/23 0:00,0.817127,0.82849705
2006/8/24 0:00,0.821625,0.82849705
2006/8/25 0:00,0.82149,0.8290551
2006/8/26 0:00,0.818867,0.83054316
2006/8/27 0:00,0.820749,0.82942706
2006/8/28 0:00,0.821828,0.8301711
2006/8/29 0:00,0.827404,0.8307292
2006/8/30 0:00,0.82631,0.83091515
2006/8/31 0:00,0.825287,0.8307292
2006/9/1 0:00,0.82481,0.8312872
2006/9/2 0:00,0.827678,0.8312872
2006/9/3 0:00,0.8259,0.8318452
2006/9/4 0:00,0.816793,0.82998514
2006/9/5 0:00,0.814399,0.83035713
2006/9/6 0:00,0.814067,0.8290551
2006/9/7 0:00,0.817394,0.828683
2006/9/8 0:00,0.819471,0.8290551
2006/9/9 0:00,0.811293,0.828683
2006/9/10 0:00,0.809389,0.8296131
2006/9/11 0:00,0.808571,0.8311012
2006/9/12 0:00,0.812546,0.8296131
2006/9/13 0:00,0.81813,0.83035713
2006/9/14 0:00,0.814797,0.8301711
2006/9/15 0:00,0.811754,0.8311012
2006/9/16 0:00,0.81493,0.83091515
2006/9/17 0:00,0.823859,0.83054316
2006/9/18 0:00,0.824029,0.8307292
2006/9/19 0:00,0.821895,0.83203125
2006/9/20 0:00,0.821052,0.8307292
2006/9/21 0:00,0.82291,0.8307292
2006/9/22 0:00,0.821625,0.8301711
2006/9/23 0:00,0.819706,0.83035713
2006/9/24 0:00,0.820143,0.83054316
2006/9/25 0:00,0.820143,0.8296131
2006/9/26 0:00,0.821659,0.8316592
2006/9/27 0:00,0.824436,0.83258927
2006/9/28 0:00,0.824674,0.83091515
2006/9/29 0:00,0.832709,0.8312872
2006/9/30 0:00,0.832882,0.8322173
2006/10/1 0:00,0.832535,0.83370537
2006/10/2 0:00,0.832535,0.8324033
2006/10/3 0:00,0.834168,0.83203125
2006/10/4 0:00,0.837872,0.8333333
2006/10/5 0:00,0.843846,0.8342634
2006/10/6 0:00,0.844096,0.83314735
2006/10/7 0:00,0.846346,0.83147323
2006/10/8 0:00,0.846346,0.8312872
2006/10/9 0:00,0.844238,0.83054316
2006/10/10 0:00,0.842212,0.83054316
2006/10/11 0:00,0.83675,0.83091515
2006/10/12 0:00,0.833229,0.8316592
2006/10/13 0:00,0.824368,0.83258927
2006/10/14 0:00,0.82352,0.83091515
2006/10/15 0:00,0.822571,0.83203125
2006/10/16 0:00,0.821558,0.8318452
2006/10/17 0:00,0.815894,0.83314735
2006/10/18 0:00,0.817361,0.8318452
2006/10/19 0:00,0.820883,0.8316592
2006/10/20 0:00,0.81984,0.83258927
2006/10/21 0:00,0.826856,0.8329613
2006/10/22 0:00,0.827369,0.83258927
2006/10/23 0:00,0.833854,0.83147323
2006/10/24 0:00,0.832258,0.83147323
2006/10/25 0:00,0.828844,0.83147323
2006/10/26 0:00,0.831843,0.83091515
2006/10/27 0:00,0.831843,0.83054316
2006/10/28 0:00,0.835143,0.8311012
2006/10/29 0:00,0.834376,0.8316592
2006/10/30 0:00,0.83956,0.83054316
2006/10/31 0:00,0.842212,0.8322173
2006/11/1 0:00,0.837311,0.8312872
2006/11/2 0:00,0.836645,0.83258927
2006/11/3 0:00,0.836645,0.8312872
2006/11/4 0:00,0.839701,0.83203125
2006/11/5 0:00,0.839137,0.83203125
2006/11/6 0:00,0.841043,0.8333333
2006/11/7 0:00,0.841008,0.8311012
2006/11/8 0:00,0.834829,0.83054316
2006/11/9 0:00,0.837135,0.8316592
2006/11/10 0:00,0.837135,0.8307292
2006/11/11 0:00,0.836645,0.8296131
2006/11/12 0:00,0.839772,0.82998514
2006/11/13 0:00,0.842851,0.8297991
2006/11/14 0:00,0.838891,0.8301711
2006/11/15 0:00,0.837416,0.8292411
2006/11/16 0:00,0.837276,0.82998514
2006/11/17 0:00,0.837276,0.8301711
2006/11/18 0:00,0.830875,0.8312872
2006/11/19 0:00,0.837521,0.8296131
2006/11/20 0:00,0.831497,0.8301711
2006/11/21 0:00,0.839137,0.82942706
2006/11/22 0:00,0.846776,0.83203125
2006/11/23 0:00,0.845309,0.83035713
2006/11/24 0:00,0.84513,0.83203125
2006/11/25 0:00,0.845916,0.8329613
2006/11/26 0:00,0.844309,0.8311012
2006/11/27 0:00,0.842673,0.83091515
2006/11/28 0:00,0.830392,0.8312872
2006/11/29 0:00,0.835178,0.8318452
2006/11/30 0:00,0.836225,0.8324033
2006/12/1 0:00,0.836225,0.8312872
2006/12/2 0:00,0.8371,0.8318452
2006/12/3 0:00,0.84207,0.8316592
2006/12/4 0:00,0.840407,0.8333333
2006/12/5 0:00,0.847099,0.83203125
2006/12/6 0:00,0.84563,0.83258927
2006/12/7 0:00,0.845166,0.8322173
2006/12/8 0:00,0.844916,0.8348214
2006/12/9 0:00,0.845309,0.8322173
2006/12/10 0:00,0.848284,0.83258927
2006/12/11 0:00,0.8364,0.8342634
2006/12/12 0:00,0.834864,0.8329613
2006/12/13 0:00,0.838223,0.83351934
2006/12/14 0:00,0.837977,0.8329613
2006/12/15 0:00,0.837977,0.83370537
2006/12/16 0:00,0.838399,0.8342634
2006/12/17 0:00,0.8243,0.83407736
2006/12/18 0:00,0.823316,0.8342634
2006/12/19 0:00,0.828672,0.83463544
2006/12/20 0:00,0.824606,0.83630955
2006/12/21 0:00,0.825151,0.83463544
2006/12/22 0:00,0.822774,0.8348214
2006/12/23 0:00,0.829738,0.8359375
2006/12/24 0:00,0.830599,0.8374256
2006/12/25 0:00,0.827096,0.83556545
2006/12/26 0:00,0.819672,0.8428199
2006/12/27 0:00,0.821794,0.84300596
2006/12/28 0:00,0.822064,0.84188986
2006/12/29 0:00,0.825423,0.8420759
2006/12/30 0:00,0.825219,0.84244794
2006/12/31 0:00,0.825593,0.84337795
2007/1/1 0:00,0.822571,0.844308
2007/1/2 0:00,0.827198,0.843192
2007/1/3 0:00,0.827438,0.8446801
2007/1/4 0:00,0.827438,0.84449404
2007/1/5 0:00,0.825866,0.8463542
2007/1/6 0:00,0.823791,0.8457961
2007/1/7 0:00,0.822571,0.84616816
2007/1/8 0:00,0.831878,0.8469122
2007/1/9 0:00,0.83462,0.8485863
2007/1/10 0:00,0.836225,0.8467262
2007/1/11 0:00,0.836225,0.8463542
2007/1/12 0:00,0.83462,0.8469122
2007/1/13 0:00,0.837381,0.8453311
2007/1/14 0:00,0.835981,0.8454241
2007/1/15 0:00,0.836715,0.8460752
2007/1/16 0:00,0.836225,0.84737724
2007/1/17 0:00,0.837205,0.8481213
2007/1/18 0:00,0.837205,0.8466332
2007/1/19 0:00,0.838434,0.8485863
2007/1/20 0:00,0.841999,0.8481213
2007/1/21 0:00,0.843811,0.84933037
2007/1/22 0:00,0.838153,0.8485863
2007/1/23 0:00,0.842957,0.84970236
2007/1/24 0:00,0.840619,0.8498884
2007/1/25 0:00,0.843064,0.8515625
2007/1/26 0:00,0.845952,0.85026044
2007/1/27 0:00,0.852115,0.8455171
2007/1/28 0:00,0.856788,0.8452381
2007/1/29 0:00,0.86326,0.84375
2007/1/30 0:00,0.858001,0.84440106
2007/1/31 0:00,0.858922,0.843843
2007/2/1 0:00,0.858848,0.8454241
2007/2/2 0:00,0.845666,0.8453311
2007/2/3 0:00,0.850593,0.8457961
2007/2/4 0:00,0.843917,0.84654015
2007/2/5 0:00,0.842495,0.8449591
2007/2/6 0:00,0.843526,0.8471912
2007/2/7 0:00,0.841928,0.8457031
2007/2/8 0:00,0.841751,0.84588915
2007/2/9 0:00,0.840795,0.8466332
2007/2/10 0:00,0.840407,0.84905136
2007/2/11 0:00,0.845988,0.8463542
2007/2/12 0:00,0.852515,0.843192
2007/2/13 0:00,0.849005,0.844308
2007/2/14 0:00,0.847925,0.8414248
2007/2/15 0:00,0.847925,0.84188986
2007/2/16 0:00,0.856751,0.8414248
2007/2/17 0:00,0.856898,0.8411458
2007/2/18 0:00,0.849618,0.8422619
2007/2/19 0:00,0.849654,0.84188986
2007/2/20 0:00,0.853898,0.8421689
2007/2/21 0:00,0.853279,0.8420759
2007/2/22 0:00,0.853279,0.84300596
2007/2/23 0:00,0.851644,0.8406808
2007/2/24 0:00,0.845309,0.8422619
2007/2/25 0:00,0.838785,0.843564
2007/2/26 0:00,0.843241,0.84644717
2007/2/27 0:00,0.831221,0.84244794
2007/2/28 0:00,0.830254,0.84123886
2007/3/1 0:00,0.830254,0.8417969
2007/3/2 0:00,0.823757,0.8391927
2007/3/3 0:00,0.819706,0.8393787
2007/3/4 0:00,0.821895,0.83975077
2007/3/5 0:00,0.818398,0.83993673
2007/3/6 0:00,0.807461,0.8403088
2007/3/7 0:00,0.806354,0.8404948
2007/3/8 0:00,0.806354,0.8404948
2007/3/9 0:00,0.81626,0.83975077
2007/3/10 0:00,0.817595,0.8411458
2007/3/11 0:00,0.807657,0.8390997
2007/3/12 0:00,0.814332,0.8396577
2007/3/13 0:00,0.808309,0.8408668
2007/3/14 0:00,0.809848,0.84309894
2007/3/15 0:00,0.809848,0.8403088
2007/3/16 0:00,0.808407,0.84244794
2007/3/17 0:00,0.809029,0.843192
2007/3/18 0:00,0.812381,0.83956474
2007/3/19 0:00,0.808211,0.84040177
2007/3/20 0:00,0.796242,0.84151787
2007/3/21 0:00,0.810701,0.8417969
2007/3/22 0:00,0.797416,0.84123886
2007/3/23 0:00,0.793588,0.8421689
2007/3/24 0:00,0.802343,0.8420759
2007/3/25 0:00,0.787247,0.84133184
2007/3/26 0:00,0.788768,0.843564
2007/3/27 0:00,0.788768,0.8405878
2007/3/28 0:00,0.789858,0.8404948
2007/3/29 0:00,0.785793,0.84328496
2007/3/30 0:00,0.798244,0.84375
2007/3/31 0:00,0.804182,0.8414248
2007/4/1 0:00,0.805445,0.8425409
2007/4/2 0:00,0.805056,0.843843
2007/4/3 0:00,0.805056,0.84095985
2007/4/4 0:00,0.799456,0.84309894
2007/4/5 0:00,0.800833,0.843657
2007/4/6 0:00,0.804182,0.8423549
2007/4/7 0:00,0.774054,0.843192
2007/4/8 0:00,0.775104,0.84449404
2007/4/9 0:00,0.775795,0.843564
2007/4/10 0:00,0.773994,0.84272695
2007/4/11 0:00,0.778665,0.844587
2007/4/12 0:00,0.778938,0.84272695
2007/4/13 0:00,0.773694,0.842913
2007/4/14 0:00,0.774353,0.8451451
2007/4/15 0:00,0.774353,0.84774923
2007/4/16 0:00,0.781158,0.8454241
2007/4/17 0:00,0.774893,0.84756327
2007/4/18 0:00,0.777091,0.8483073
2007/4/19 0:00,0.784037,0.8460752
2007/4/20 0:00,0.769675,0.84709823
2007/4/21 0:00,0.770951,0.8471912
2007/4/22 0:00,0.770951,0.84626114
2007/4/23 0:00,0.780183,0.84644717
2007/4/24 0:00,0.786102,0.84821427
2007/4/25 0:00,0.780457,0.8486793
2007/4/26 0:00,0.779484,0.84886533
2007/4/27 0:00,0.778119,0.84942335
2007/4/28 0:00,0.777968,0.84756327
2007/4/29 0:00,0.777968,0.8478423
2007/4/30 0:00,0.780671,0.8500744
2007/5/1 0:00,0.788675,0.8518415
2007/5/2 0:00,0.789952,0.84877235
2007/5/3 0:00,0.790014,0.8515625
2007/5/4 0:00,0.794092,0.85193455
2007/5/5 0:00,0.793273,0.84774923
2007/5/6 0:00,0.793273,0.84942335
2007/5/7 0:00,0.796432,0.85026044
2007/5/8 0:00,0.799424,0.85091144
2007/5/9 0:00,0.79186,0.8499814
2007/5/10 0:00,0.807559,0.85053945
2007/5/11 0:00,0.808375,0.8512835
2007/5/12 0:00,0.808669,0.85053945
2007/5/13 0:00,0.808669,0.85258555
2007/5/14 0:00,0.801603,0.8503534
2007/5/15 0:00,0.796972,0.85109746
2007/5/16 0:00,0.796147,0.8512835
2007/5/17 0:00,0.788208,0.8532366
2007/5/18 0:00,0.784806,0.8504464
2007/5/19 0:00,0.783331,0.8517485
2007/5/20 0:00,0.783331,0.8535156
2007/5/21 0:00,0.780122,0.8500744
2007/5/22 0:00,0.790701,0.8517485
2007/5/23 0:00,0.796686,0.8527716
2007/5/24 0:00,0.802858,0.85109746
2007/5/25 0:00,0.803859,0.85202754
2007/5/26 0:00,0.803859,0.85286456
2007/5/27 0:00,0.803859,0.8535156
2007/5/28 0:00,0.801507,0.85342264
2007/5/29 0:00,0.795355,0.8552827
2007/5/30 0:00,0.803213,0.8516555
2007/5/31 0:00,0.80694,0.8516555
2007/6/1 0:00,0.809487,0.8530506
2007/6/2 0:00,0.810307,0.8547247
2007/6/3 0:00,0.810143,0.8521205
2007/6/4 0:00,0.807005,0.8453311
2007/6/5 0:00,0.798085,0.8478423
2007/6/6 0:00,0.789484,0.84337795
2007/6/7 0:00,0.784652,0.8451451
2007/6/8 0:00,0.781403,0.8463542
2007/6/9 0:00,0.780244,0.8457031
2007/6/10 0:00,0.780244,0.84505206
2007/6/11 0:00,0.784745,0.84561014
2007/6/12 0:00,0.778847,0.8463542
2007/6/13 0:00,0.779606,0.8470052
2007/6/14 0:00,0.777333,0.8480283
2007/6/15 0:00,0.773754,0.8457031
2007/6/16 0:00,0.772618,0.84449404
2007/6/17 0:00,0.772738,0.84756327
2007/6/18 0:00,0.781036,0.84905136
2007/6/19 0:00,0.778695,0.84588915
2007/6/20 0:00,0.791014,0.8463542
2007/6/21 0:00,0.788395,0.8474702
2007/6/22 0:00,0.80016,0.843843
2007/6/23 0:00,0.800064,0.84449404
2007/6/24 0:00,0.800064,0.8457961
2007/6/25 0:00,0.802633,0.84505206
2007/6/26 0:00,0.806647,0.84505206
2007/6/27 0:00,0.808669,0.84588915
2007/6/28 0:00,0.814465,0.84654015
2007/6/29 0:00,0.814531,0.8466332
2007/6/30 0:00,0.813041,0.84942335
2007/7/1 0:00,0.813041,0.8452381
2007/7/2 0:00,0.81716,0.84561014
2007/7/3 0:00,0.824097,0.84765625
2007/7/4 0:00,0.823825,0.8495164
2007/7/5 0:00,0.835631,0.84765625
2007/7/6 0:00,0.838574,0.84133184
2007/7/7 0:00,0.83675,0.843192
2007/7/8 0:00,0.83675,0.83844864
2007/7/9 0:00,0.837907,0.8400298
2007/7/10 0:00,0.829153,0.84095985
2007/7/11 0:00,0.824844,0.84012276
2007/7/12 0:00,0.827301,0.83928573
2007/7/13 0:00,0.827404,0.84133184
2007/7/14 0:00,0.827952,0.84161085
2007/7/15 0:00,0.827849,0.84161085
2007/7/16 0:00,0.831808,0.84309894
2007/7/17 0:00,0.827198,0.8411458
2007/7/18 0:00,0.82672,0.8407738
2007/7/19 0:00,0.830082,0.8426339
2007/7/20 0:00,0.832743,0.84309894
2007/7/21 0:00,0.831635,0.8420759
2007/7/22 0:00,0.831635,0.8417039
2007/7/23 0:00,0.832952,0.84412205
2007/7/24 0:00,0.829325,0.8396577
2007/7/25 0:00,0.828981,0.8419829
2007/7/26 0:00,0.829256,0.84151787
2007/7/27 0:00,0.832743,0.8421689
2007/7/28 0:00,0.832258,0.84244794
2007/7/29 0:00,0.832258,0.844308
2007/7/30 0:00,0.83661,0.84244794
2007/7/31 0:00,0.836645,0.8425409
2007/8/1 0:00,0.841468,0.8422619
2007/8/2 0:00,0.850847,0.8400298
2007/8/3 0:00,0.849545,0.8388207
2007/8/4 0:00,0.850232,0.8411458
2007/8/5 0:00,0.850232,0.84421504
2007/8/6 0:00,0.846704,0.8408668
2007/8/7 0:00,0.851716,0.84123886
2007/8/8 0:00,0.838188,0.842913
2007/8/9 0:00,0.834934,0.8391927
2007/8/10 0:00,0.828157,0.8428199
2007/8/11 0:00,0.827952,0.84300596
2007/8/12 0:00,0.827952,0.8425409
2007/8/13 0:00,0.82905,0.84244794
2007/8/14 0:00,0.824674,0.84440106
2007/8/15 0:00,0.825866,0.843471
2007/8/16 0:00,0.82631,0.84421504
2007/8/17 0:00,0.822842,0.8452381
2007/8/18 0:00,0.826856,0.84328496
2007/8/19 0:00,0.826856,0.8417969
2007/8/20 0:00,0.828363,0.84421504
2007/8/21 0:00,0.830151,0.8460752
2007/8/22 0:00,0.838504,0.8421689
2007/8/23 0:00,0.833959,0.84654015
2007/8/24 0:00,0.825014,0.8478423
2007/8/25 0:00,0.825287,0.84412205
2007/8/26 0:00,0.824742,0.84886533
2007/8/27 0:00,0.823418,0.8467262
2007/8/28 0:00,0.821963,0.8470052
2007/8/29 0:00,0.825968,0.84793526
2007/8/30 0:00,0.827952,0.84886533
2007/8/31 0:00,0.832466,0.84877235
2007/9/1 0:00,0.832952,0.8496094
2007/9/2 0:00,0.834272,0.8492373
2007/9/3 0:00,0.83689,0.8466332
2007/9/4 0:00,0.83375,0.84626114
2007/9/5 0:00,0.829703,0.84821427
2007/9/6 0:00,0.820883,0.85109746
2007/9/7 0:00,0.816593,0.84821427
2007/9/8 0:00,0.819538,0.8552827
2007/9/9 0:00,0.819538,0.85518974
2007/9/10 0:00,0.818599,0.851795
2007/9/11 0:00,0.819236,0.85663134
2007/9/12 0:00,0.813074,0.8550037
2007/9/13 0:00,0.811754,0.8559803
2007/9/14 0:00,0.815328,0.8584449
2007/9/15 0:00,0.813041,0.8598865
2007/9/16 0:00,0.813041,0.85858446
2007/9/17 0:00,0.818297,0.85807294
2007/9/18 0:00,0.82464,0.8588635
2007/9/19 0:00,0.817261,0.8550037
2007/9/20 0:00,0.820647,0.8570498
2007/9/21 0:00,0.827335,0.8598865
2007/9/22 0:00,0.828466,0.86188614
2007/9/23 0:00,0.828466,0.85872394
2007/9/24 0:00,0.826856,0.87258184
2007/9/25 0:00,0.831843,0.87109375
2007/9/26 0:00,0.82247,0.8677455
2007/9/27 0:00,0.823452,0.8755115
2007/9/28 0:00,0.8259,0.87230283
2007/9/29 0:00,0.826754,0.87286085
2007/9/30 0:00,0.826754,0.87486047
2007/10/1 0:00,0.826549,0.87769717
2007/10/2 0:00,0.824606,0.87574404
2007/10/3 0:00,0.822538,0.8741164
2007/10/4 0:00,0.817461,0.87574404
2007/10/5 0:00,0.821355,0.875279
2007/10/6 0:00,0.820951,0.87313986
2007/10/7 0:00,0.820951,0.87713915
2007/10/8 0:00,0.82122,0.88234746
2007/10/9 0:00,0.818565,0.87862724
2007/10/10 0:00,0.818331,0.8865327
2007/10/11 0:00,0.81576,0.8859747
2007/10/12 0:00,0.81813,0.8819755
2007/10/13 0:00,0.814764,0.88876486
2007/10/14 0:00,0.814764,0.88616073
2007/10/15 0:00,0.821288,0.886463
2007/10/16 0:00,0.823249,0.88748604
2007/10/17 0:00,0.822233,0.89136904
2007/10/18 0:00,0.820244,0.8883696
2007/10/19 0:00,0.829531,0.8873698
2007/10/20 0:00,0.827438,0.8891369
2007/10/21 0:00,0.827438,0.88876486
2007/10/22 0:00,0.828535,0.88671875
2007/10/23 0:00,0.828432,0.89213634
2007/10/24 0:00,0.828569,0.8986235
2007/10/25 0:00,0.825014,0.8928339
2007/10/26 0:00,0.828706,0.88518417
2007/10/27 0:00,0.830461,0.8826265
2007/10/28 0:00,0.830461,0.87899923
2007/10/29 0:00,0.83605,0.8839286
2007/10/30 0:00,0.839208,0.88234746
2007/10/31 0:00,0.834794,0.88206846
2007/11/1 0:00,0.832154,0.88318455
2007/11/2 0:00,0.826276,0.8863467
2007/11/3 0:00,0.825934,0.8843006
2007/11/4 0:00,0.825934,0.8842541
2007/11/5 0:00,0.826241,0.8837426
2007/11/6 0:00,0.831635,0.8845796
2007/11/7 0:00,0.830979,0.88234746
2007/11/8 0:00,0.832154,0.88560265
2007/11/9 0:00,0.824844,0.8929502
2007/11/10 0:00,0.821355,0.88671875
2007/11/11 0:00,0.821355,0.88783485
2007/11/12 0:00,0.823486,0.8848586
2007/11/13 0:00,0.825355,0.88058037
2007/11/14 0:00,0.827609,0.88560265
2007/11/15 0:00,0.814034,0.8829985
2007/11/16 0:00,0.808931,0.88030136
2007/11/17 0:00,0.808669,0.8828125
2007/11/18 0:00,0.808669,0.8860677
2007/11/19 0:00,0.810931,0.8829287
2007/11/20 0:00,0.819336,0.88411456
2007/11/21 0:00,0.820378,0.8810454
2007/11/22 0:00,0.82713,0.8829055
2007/11/23 0:00,0.828054,0.8813244
2007/11/24 0:00,0.829635,0.88467264
2007/11/25 0:00,0.829635,0.8937872
2007/11/26 0:00,0.827438,0.88681173
2007/11/27 0:00,0.833681,0.8827195
2007/11/28 0:00,0.831739,0.8780692
2007/11/29 0:00,0.83375,0.874442
2007/11/30 0:00,0.836575,0.8812314
2007/12/1 0:00,0.836925,0.87781346
2007/12/2 0:00,0.836925,0.8743257
2007/12/3 0:00,0.83605,0.87723213
2007/12/4 0:00,0.830806,0.8786505
2007/12/5 0:00,0.83091,0.87758094
2007/12/6 0:00,0.828603,0.8764881
2007/12/7 0:00,0.82802,0.8751162
2007/12/8 0:00,0.828157,0.87679034
2007/12/9 0:00,0.828157,0.87353516
2007/12/10 0:00,0.83382,0.8786505
2007/12/11 0:00,0.833542,0.88776505
2007/12/12 0:00,0.829256,0.8804176
2007/12/13 0:00,0.837661,0.88116163
2007/12/14 0:00,0.838926,0.87774366
2007/12/15 0:00,0.838328,0.87630206
2007/12/16 0:00,0.838328,0.8806966
2007/12/17 0:00,0.836575,0.878325
2007/12/18 0:00,0.837802,0.8747907
2007/12/19 0:00,0.841928,0.8755348
2007/12/20 0:00,0.848644,0.8779297
2007/12/21 0:00,0.845666,0.8768369
2007/12/22 0:00,0.846848,0.87827843
2007/12/23 0:00,0.846848,0.87493026
2007/12/24 0:00,0.84631,0.8772786
2007/12/25 0:00,0.847889,0.8747675
2007/12/26 0:00,0.848896,0.8777204
2007/12/27 0:00,0.856678,0.8845331
2007/12/28 0:00,0.853825,0.87895274
2007/12/29 0:00,0.854664,0.88446337
2007/12/30 0:00,0.854664,0.87885976
2007/12/31 0:00,0.857412,0.87690663
2008/1/1 0:00,0.863558,0.8803711
2008/1/2 0:00,0.86285,0.879255
2008/1/3 0:00,0.854372,0.87508136
2008/1/4 0:00,0.854701,0.8759998
2008/1/5 0:00,0.853643,0.878697
2008/1/6 0:00,0.853643,0.8763253
2008/1/7 0:00,0.854117,0.8779297
2008/1/8 0:00,0.856091,0.8750465
2008/1/9 0:00,0.860067,0.87813896
2008/1/10 0:00,0.86734,0.8762788
2008/1/11 0:00,0.865202,0.8796038
2008/1/12 0:00,0.866138,0.88567245
2008/1/13 0:00,0.866138,0.87995255
2008/1/14 0:00,0.867528,0.8811849
2008/1/15 0:00,0.865576,0.8752093
2008/1/16 0:00,0.855688,0.87330264
2008/1/17 0:00,0.853752,0.87795293
2008/1/18 0:00,0.857927,0.8743955
2008/1/19 0:00,0.859956,0.87059385
2008/1/20 0:00,0.859956,0.8752674
2008/1/21 0:00,0.859734,0.8759533
2008/1/22 0:00,0.867453,0.8729597
2008/1/23 0:00,0.865164,0.8742327
2008/1/24 0:00,0.869679,0.870559
2008/1/25 0:00,0.868093,0.87458146
2008/1/26 0:00,0.86915,0.870745
2008/1/27 0:00,0.86915,0.8740002
2008/1/28 0:00,0.867679,0.88056874
2008/1/29 0:00,0.863819,0.8747675
2008/1/30 0:00,0.861772,0.87895274
2008/1/31 0:00,0.857817,0.87470937
2008/2/1 0:00,0.857412,0.8725121
2008/2/2 0:00,0.857155,0.87629044
2008/2/3 0:00,0.857155,0.8746861
2008/2/4 0:00,0.855761,0.8698091
2008/2/5 0:00,0.859919,0.8739421
2008/2/6 0:00,0.858222,0.8771275
2008/2/7 0:00,0.856311,0.8722156
2008/2/8 0:00,0.858222,0.87381417
2008/2/9 0:00,0.857596,0.86987305
2008/2/10 0:00,0.857964,0.87366307
2008/2/11 0:00,0.85317,0.86756533
2008/2/12 0:00,0.855542,0.8737037
2008/2/13 0:00,0.860919,0.8799177
2008/2/14 0:00,0.862664,0.87496513
2008/2/15 0:00,0.866664,0.8774414
2008/2/16 0:00,0.866439,0.8714832
2008/2/17 0:00,0.866852,0.86996603
2008/2/18 0:00,0.868357,0.8728492
2008/2/19 0:00,0.876501,0.87426174
2008/2/20 0:00,0.867754,0.86841255
2008/2/21 0:00,0.865202,0.87213427
2008/2/22 0:00,0.861289,0.8743664
2008/2/23 0:00,0.861364,0.8718262
2008/2/24 0:00,0.861364,0.87055314
2008/2/25 0:00,0.86218,0.86999655
2008/2/26 0:00,0.863558,0.8709252
2008/2/27 0:00,0.866889,0.8671003
2008/2/28 0:00,0.863894,0.8721357
2008/2/29 0:00,0.863371,0.87799215
2008/3/1 0:00,0.862589,0.87334335
2008/3/2 0:00,0.862776,0.86160713
2008/3/3 0:00,0.863036,0.86179316
2008/3/4 0:00,0.856348,0.8608631
2008/3/5 0:00,0.855103,0.8608631
2008/3/6 0:00,0.855578,0.86067706
2008/3/7 0:00,0.855066,0.8603051
2008/3/8 0:00,0.85492,0.8610491
2008/3/9 0:00,0.854153,0.8604911
2008/3/10 0:00,0.855359,0.86160713
2008/3/11 0:00,0.853352,0.8608631
2008/3/12 0:00,0.848608,0.86160713
2008/3/13 0:00,0.846024,0.8603051
2008/3/14 0:00,0.849329,0.85974705
2008/3/15 0:00,0.849618,0.8608631
2008/3/16 0:00,0.849618,0.86216515
2008/3/17 0:00,0.845059,0.86216515
2008/3/18 0:00,0.842637,0.8604911
2008/3/19 0:00,0.841361,0.8604911
2008/3/20 0:00,0.850557,0.86011904
2008/3/21 0:00,0.850123,0.859933
2008/3/22 0:00,0.850051,0.859561
2008/3/23 0:00,0.850051,0.85974705
2008/3/24 0:00,0.84886,0.859933
2008/3/25 0:00,0.8511,0.86067706
2008/3/26 0:00,0.855871,0.8603051
2008/3/27 0:00,0.867905,0.86123514
2008/3/28 0:00,0.866476,0.86067706
2008/3/29 0:00,0.866363,0.8603051
2008/3/30 0:00,0.866363,0.859561
2008/3/31 0:00,0.867227,0.859189
2008/4/1 0:00,0.865014,0.8603051
2008/4/2 0:00,0.868432,0.86123514
2008/4/3 0:00,0.870777,0.859375
2008/4/4 0:00,0.869641,0.859561
2008/4/5 0:00,0.869754,0.85863096
2008/4/6 0:00,0.869754,0.85863096
2008/4/7 0:00,0.87108,0.85863096
2008/4/8 0:00,0.868697,0.85807294
2008/4/9 0:00,0.873248,0.85900295
2008/4/10 0:00,0.876962,0.8582589
2008/4/11 0:00,0.87677,0.859189
2008/4/12 0:00,0.877732,0.85900295
2008/4/13 0:00,0.877732,0.8584449
2008/4/14 0:00,0.875197,0.85807294
2008/4/15 0:00,0.878002,0.85751486
2008/4/16 0:00,0.876539,0.8577009
2008/4/17 0:00,0.875388,0.8584449
2008/4/18 0:00,0.874317,0.859375
2008/4/19 0:00,0.873935,0.8584449
2008/4/20 0:00,0.873935,0.8584449
2008/4/21 0:00,0.876463,0.8577009
2008/4/22 0:00,0.879121,0.85900295
2008/4/23 0:00,0.880049,0.85807294
2008/4/24 0:00,0.882379,0.85807294
2008/4/25 0:00,0.881057,0.85900295
2008/4/26 0:00,0.881057,0.8584449
2008/4/27 0:00,0.881057,0.859561
2008/4/28 0:00,0.879701,0.85974705
2008/4/29 0:00,0.876463,0.85863096
2008/4/30 0:00,0.870928,0.85863096
2008/5/1 0:00,0.869981,0.85751486
2008/5/2 0:00,0.868923,0.8578869
2008/5/3 0:00,0.868998,0.859189
2008/5/4 0:00,0.869943,0.85974705
2008/5/5 0:00,0.868998,0.86011904
2008/5/6 0:00,0.866401,0.859561
2008/5/7 0:00,0.868583,0.859189
2008/5/8 0:00,0.858406,0.859375
2008/5/9 0:00,0.855139,0.86067706
2008/5/10 0:00,0.855322,0.859189
2008/5/11 0:00,0.855322,0.8603051
2008/5/12 0:00,0.854847,0.86067706
2008/5/13 0:00,0.850376,0.86067706
2008/5/14 0:00,0.84832,0.8604911
2008/5/15 0:00,0.849473,0.86011904
2008/5/16 0:00,0.851209,0.8603051
2008/5/17 0:00,0.851825,0.859375
2008/5/18 0:00,0.851825,0.859189
2008/5/19 0:00,0.852551,0.86011904
2008/5/20 0:00,0.846059,0.8610491
2008/5/21 0:00,0.847458,0.86067706
2008/5/22 0:00,0.84832,0.8608631
2008/5/23 0:00,0.846883,0.8603051
2008/5/24 0:00,0.846167,0.8603051
2008/5/25 0:00,0.846274,0.86123514
2008/5/26 0:00,0.845845,0.85974705
2008/5/27 0:00,0.843668,0.8608631
2008/5/28 0:00,0.846131,0.8604911
2008/5/29 0:00,0.848284,0.86067706
2008/5/30 0:00,0.848644,0.86067706
2008/5/31 0:00,0.849401,0.85974705
2008/6/1 0:00,0.848572,0.85974705
2008/6/2 0:00,0.847673,0.859189
2008/6/3 0:00,0.843028,0.8584449
2008/6/4 0:00,0.840654,0.85974705
2008/6/5 0:00,0.84076,0.8604911
2008/6/6 0:00,0.840089,0.8603051
2008/6/7 0:00,0.840937,0.85974705
2008/6/8 0:00,0.835003,0.859561
2008/6/9 0:00,0.83257,0.85974705
2008/6/10 0:00,0.83724,0.8603051
2008/6/11 0:00,0.837556,0.85974705
2008/6/12 0:00,0.836155,0.8604911
2008/6/13 0:00,0.836225,0.8604911
2008/6/14 0:00,0.836225,0.85974705
2008/6/15 0:00,0.838047,0.86067706
2008/6/16 0:00,0.831255,0.86011904
2008/6/17 0:00,0.831947,0.8604911
2008/6/18 0:00,0.830944,0.859561
2008/6/19 0:00,0.832709,0.85900295
2008/6/20 0:00,0.832917,0.8604911
2008/6/21 0:00,0.827575,0.8610491
2008/6/22 0:00,0.823282,0.8603051
2008/6/23 0:00,0.823995,0.859933
2008/6/24 0:00,0.817862,0.8603051
2008/6/25 0:00,0.815508,0.86011904
2008/6/26 0:00,0.815508,0.86067706
2008/6/27 0:00,0.816395,0.86011904
2008/6/28 0:00,0.820105,0.8610491
2008/6/29 0:00,0.820105,0.8608631
2008/6/30 0:00,0.815694,0.8610491
2008/7/1 0:00,0.813438,0.8608631
2008/7/2 0:00,0.813008,0.86067706
2008/7/3 0:00,0.812942,0.8608631
2008/7/4 0:00,0.812942,0.85974705
2008/7/5 0:00,0.811359,0.859375
2008/7/6 0:00,0.806452,0.8604911
2008/7/7 0:00,0.793556,0.8604911
2008/7/8 0:00,0.787092,0.86179316
2008/7/9 0:00,0.786658,0.8614211
2008/7/10 0:00,0.786751,0.8619792
2008/7/11 0:00,0.777273,0.86160713
2008/7/12 0:00,0.779029,0.86160713
2008/7/13 0:00,0.779849,0.8619792
2008/7/14 0:00,0.777015,0.8623512
2008/7/15 0:00,0.777015,0.86179316
2008/7/16 0:00,0.777015,0.8619792
2008/7/17 0:00,0.77984,0.86272323
2008/7/18 0:00,0.784625,0.8623512
2008/7/19 0:00,0.784625,0.8630952
2008/7/20 0:00,0.780762,0.8614211
2008/7/21 0:00,0.785793,0.86123514
2008/7/22 0:00,0.784375,0.8630952
2008/7/23 0:00,0.781739,0.8629092
2008/7/24 0:00,0.781739,0.86588544
2008/7/25 0:00,0.786875,0.86532736
2008/7/26 0:00,0.785731,0.86495537
2008/7/27 0:00,0.797194,0.8645833
2008/7/28 0:00,0.795862,0.8645833
2008/7/29 0:00,0.793179,0.8645833
2008/7/30 0:00,0.792142,0.8662574
2008/7/31 0:00,0.792142,0.8660714
2008/8/1 0:00,0.797099,0.86644346
2008/8/2 0:00,0.79713,0.8666295
2008/8/3 0:00,0.794218,0.8660714
2008/8/4 0:00,0.782228,0.8673735
2008/8/5 0:00,0.785268,0.8656994
2008/8/6 0:00,0.785546,0.8645833
2008/8/7 0:00,0.785546,0.8670015
2008/8/8 0:00,0.790202,0.86532736
2008/8/9 0:00,0.792739,0.8692336
2008/8/10 0:00,0.795071,0.86960566
2008/8/11 0:00,0.784806,0.8697917
2008/8/12 0:00,0.779302,0.8692336
2008/8/13 0:00,0.779089,0.8688616
2008/8/14 0:00,0.779089,0.86997765
2008/8/15 0:00,0.772947,0.87109375
2008/8/16 0:00,0.777454,0.8707217
2008/8/17 0:00,0.772738,0.8712798
2008/8/18 0:00,0.771873,0.87053573
2008/8/19 0:00,0.773545,0.8718378
2008/8/20 0:00,0.775164,0.8714658
2008/8/21 0:00,0.775164,0.87053573
2008/8/22 0:00,0.776669,0.8701637
2008/8/23 0:00,0.780244,0.8720238
2008/8/24 0:00,0.789733,0.8703497
2008/8/25 0:00,0.789983,0.87425596
2008/8/26 0:00,0.790576,0.8740699
2008/8/27 0:00,0.790952,0.87369794
2008/8/28 0:00,0.790952,0.8729539
2008/8/29 0:00,0.793714,0.87258184
2008/8/30 0:00,0.793934,0.8733259
2008/8/31 0:00,0.785947,0.875186
2008/9/1 0:00,0.785268,0.8740699
2008/9/2 0:00,0.788364,0.87425596
2008/9/3 0:00,0.788457,0.8738839
2008/9/4 0:00,0.788457,0.8738839
2008/9/5 0:00,0.786133,0.875186
2008/9/6 0:00,0.78064,0.8733259
2008/9/7 0:00,0.788022,0.87276787
2008/9/8 0:00,0.786565,0.8740699
2008/9/9 0:00,0.784037,0.8735119
2008/9/10 0:00,0.784314,0.8723958
2008/9/11 0:00,0.784314,0.87258184
2008/9/12 0:00,0.789141,0.8712798
2008/9/13 0:00,0.779757,0.86941963
2008/9/14 0:00,0.777726,0.86960566
2008/9/15 0:00,0.781158,0.8703497
2008/9/16 0:00,0.771933,0.87220985
2008/9/17 0:00,0.771159,0.8707217
2008/9/18 0:00,0.771159,0.8709077
2008/9/19 0:00,0.766342,0.8712798
2008/9/20 0:00,0.772022,0.8718378
2008/9/21 0:00,0.771099,0.87258184
2008/9/22 0:00,0.780244,0.8709077
2008/9/23 0:00,0.778059,0.8707217
2008/9/24 0:00,0.777756,0.87276787
2008/9/25 0:00,0.777756,0.8714658
2008/9/26 0:00,0.774863,0.87220985
2008/9/27 0:00,0.778816,0.8714658
2008/9/28 0:00,0.772648,0.8692336
2008/9/29 0:00,0.775314,0.8683036
2008/9/30 0:00,0.774653,0.8677455
2008/10/1 0:00,0.774803,0.86848956
2008/10/2 0:00,0.774803,0.8703497
2008/10/3 0:00,0.773904,0.8692336
2008/10/4 0:00,0.77104,0.8692336
2008/10/5 0:00,0.771873,0.86848956
2008/10/6 0:00,0.772917,0.86904764
2008/10/7 0:00,0.775976,0.8692336
2008/10/8 0:00,0.772857,0.86848956
2008/10/9 0:00,0.772857,0.8683036
2008/10/10 0:00,0.778998,0.86997765
2008/10/11 0:00,0.784468,0.8681176
2008/10/12 0:00,0.769882,0.8720238
2008/10/13 0:00,0.769882,0.8712798
2008/10/14 0:00,0.770268,0.8709077
2008/10/15 0:00,0.779545,0.8703497
2008/10/16 0:00,0.772529,0.86997765
2008/10/17 0:00,0.782656,0.86941963
2008/10/18 0:00,0.783147,0.8720238
2008/10/19 0:00,0.783392,0.87109375
2008/10/20 0:00,0.783392,0.87109375
2008/10/21 0:00,0.777122,0.86997765
2008/10/22 0:00,0.773365,0.8712798
2008/10/23 0:00,0.774114,0.8720238
2008/10/24 0:00,0.778907,0.8709077
2008/10/25 0:00,0.777847,0.8703497
2008/10/26 0:00,0.77915,0.87313986
2008/10/27 0:00,0.77915,0.8709077
2008/10/28 0:00,0.777393,0.8720238
2008/10/29 0:00,0.769349,0.8720238
2008/10/30 0:00,0.757146,0.87053573
2008/10/31 0:00,0.755687,0.86960566
2008/11/1 0:00,0.7473,0.86848956
2008/11/2 0:00,0.745684,0.8707217
2008/11/3 0:00,0.745684,0.87258184
2008/11/4 0:00,0.742363,0.8714658
2008/11/5 0:00,0.746018,0.8712798
2008/11/6 0:00,0.745796,0.86960566
2008/11/7 0:00,0.725716,0.8718378
2008/11/8 0:00,0.724743,0.8718378
2008/11/9 0:00,0.726137,0.8701637
2008/11/10 0:00,0.726137,0.8709077
2008/11/11 0:00,0.729341,0.87276787
2008/11/12 0:00,0.729341,0.8714658
2008/11/13 0:00,0.737246,0.8733259
2008/11/14 0:00,0.738253,0.8720238
2008/11/15 0:00,0.736947,0.8709077
2008/11/16 0:00,0.736675,0.8707217
2008/11/17 0:00,0.736675,0.8703497
2008/11/18 0:00,0.741482,0.8709077
2008/11/19 0:00,0.741043,0.87258184
2008/11/20 0:00,0.737708,0.8720238
2008/11/21 0:00,0.74744,0.87276787
2008/11/22 0:00,0.746687,0.8714658
2008/11/23 0:00,0.745601,0.87258184
2008/11/24 0:00,0.745573,0.87165177
2008/11/25 0:00,0.750694,0.8718378
2008/11/26 0:00,0.752049,0.8712798
2008/11/27 0:00,0.75253,0.87369794
2008/11/28 0:00,0.754233,0.8712798
2008/11/29 0:00,0.75304,0.8712798
2008/11/30 0:00,0.752474,0.87053573
2008/12/1 0:00,0.752474,0.8686756
2008/12/2 0:00,0.754489,0.8683036
2008/12/3 0:00,0.746659,0.8681176
2008/12/4 0:00,0.754432,0.86793154
2008/12/5 0:00,0.755316,0.8703497
2008/12/6 0:00,0.755601,0.86904764
2008/12/7 0:00,0.756086,0.8697917
2008/12/8 0:00,0.756086,0.8681176
2008/12/9 0:00,0.752049,0.8688616
2008/12/10 0:00,0.756888,0.86960566
2008/12/11 0:00,0.758208,0.8686756
2008/12/12 0:00,0.746352,0.8683036
2008/12/13 0:00,0.737137,0.87053573
2008/12/14 0:00,0.736241,0.86904764
2008/12/15 0:00,0.736241,0.8683036
2008/12/16 0:00,0.736675,0.86755955
2008/12/17 0:00,0.726296,0.8671875
2008/12/18 0:00,0.721501,0.86495537
2008/12/19 0:00,0.738062,0.8656994
2008/12/20 0:00,0.732789,0.8660714
2008/12/21 0:00,0.734835,0.86755955
2008/12/22 0:00,0.734835,0.8656994
2008/12/23 0:00,0.739946,0.8662574
2008/12/24 0:00,0.731368,0.8640253
2008/12/25 0:00,0.737599,0.8656994
2008/12/26 0:00,0.738716,0.8651414
2008/12/27 0:00,0.757031,0.8642113
2008/12/28 0:00,0.756659,0.86328125
2008/12/29 0:00,0.756659,0.86681545
2008/12/30 0:00,0.763271,0.86383927
2008/12/31 0:00,0.763592,0.8634673
2009/1/1 0:00,0.76147,0.8634673
2009/1/2 0:00,0.758898,0.8610491
2009/1/3 0:00,0.757203,0.859375
2009/1/4 0:00,0.756659,0.8604911
2009/1/5 0:00,0.756659,0.8604911
2009/1/6 0:00,0.751625,0.8629092
2009/1/7 0:00,0.747524,0.8619792
2009/1/8 0:00,0.74744,0.86123514
2009/1/9 0:00,0.748503,0.859933
2009/1/10 0:00,0.759619,0.8604911
2009/1/11 0:00,0.759157,0.86067706
2009/1/12 0:00,0.759157,0.8603051
2009/1/13 0:00,0.758236,0.859561
2009/1/14 0:00,0.750948,0.86272323
2009/1/15 0:00,0.75663,0.860212
2009/1/16 0:00,0.755059,0.86328125
2009/1/17 0:00,0.753665,0.8619792
2009/1/18 0:00,0.753324,0.8604911
2009/1/19 0:00,0.753324,0.859375
2009/1/20 0:00,0.744048,0.8604911
2009/1/21 0:00,0.752842,0.86160713
2009/1/22 0:00,0.75933,0.86439735
2009/1/23 0:00,0.767872,0.8623512
2009/1/24 0:00,0.768433,0.8617002
2009/1/25 0:00,0.768344,0.8604911
2009/1/26 0:00,0.768344,0.86207217
2009/1/27 0:00,0.764614,0.86123514
2009/1/28 0:00,0.767902,0.859654
2009/1/29 0:00,0.76743,0.859096
2009/1/30 0:00,0.758581,0.8625372
2009/1/31 0:00,0.759561,0.859933
2009/2/1 0:00,0.760109,0.86216515
2009/2/2 0:00,0.760109,0.8614211
2009/2/3 0:00,0.764526,0.859561
2009/2/4 0:00,0.772768,0.85863096
2009/2/5 0:00,0.773575,0.85900295
2009/2/6 0:00,0.761934,0.859561
2009/2/7 0:00,0.752984,0.8619792
2009/2/8 0:00,0.754148,0.85900295
2009/2/9 0:00,0.754148,0.86067706
2009/2/10 0:00,0.753324,0.859654
2009/2/11 0:00,0.756544,0.8611421
2009/2/12 0:00,0.750554,0.859654
2009/2/13 0:00,0.744352,0.85890996
2009/2/14 0:00,0.749457,0.8577009
2009/2/15 0:00,0.749092,0.8619792
2009/2/16 0:00,0.749092,0.859375
2009/2/17 0:00,0.735727,0.8626302
2009/2/18 0:00,0.73654,0.8634673
2009/2/19 0:00,0.747915,0.8610491
2009/2/20 0:00,0.749541,0.859561
2009/2/21 0:00,0.748447,0.86151415
2009/2/22 0:00,0.74744,0.8610491
2009/2/23 0:00,0.74744,0.86318827
2009/2/24 0:00,0.737599,0.8611421
2009/2/25 0:00,0.734322,0.8609561
2009/2/26 0:00,0.7303,0.8603051
2009/2/27 0:00,0.732064,0.8608631
2009/2/28 0:00,0.730327,0.8603051
2009/3/1 0:00,0.731208,0.859282
2009/3/2 0:00,0.731208,0.85863096
2009/3/3 0:00,0.731449,0.86151415
2009/3/4 0:00,0.723563,0.859561
2009/3/5 0:00,0.722752,0.8628162
2009/3/6 0:00,0.716589,0.86383927
2009/3/7 0:00,0.710682,0.86160713
2009/3/8 0:00,0.710707,0.86067706
2009/3/9 0:00,0.71053,0.8619792
2009/3/10 0:00,0.709421,0.8628162
2009/3/11 0:00,0.718933,0.8634673
2009/3/12 0:00,0.714566,0.86179316
2009/3/13 0:00,0.711136,0.8619792
2009/3/14 0:00,0.704771,0.8609561
2009/3/15 0:00,0.704573,0.8608631
2009/3/16 0:00,0.704573,0.8607701
2009/3/17 0:00,0.71144,0.86011904
2009/3/18 0:00,0.713572,0.859561
2009/3/19 0:00,0.72015,0.8624442
2009/3/20 0:00,0.699496,0.86188614
2009/3/21 0:00,0.699374,0.8652344
2009/3/22 0:00,0.698348,0.86653644
2009/3/23 0:00,0.698348,0.8637463
2009/3/24 0:00,0.700084,0.86337423
2009/3/25 0:00,0.698666,0.86449033
2009/3/26 0:00,0.691587,0.8643043
2009/3/27 0:00,0.692353,0.8651414
2009/3/28 0:00,0.689941,0.8637463
2009/3/29 0:00,0.691252,0.8639323
2009/3/30 0:00,0.691252,0.8628162
2009/3/31 0:00,0.686554,0.8639323
2009/4/1 0:00,0.684791,0.8623512
2009/4/2 0:00,0.689608,0.8609561
2009/4/3 0:00,0.691276,0.8603051
2009/4/4 0:00,0.683317,0.86439735
2009/4/5 0:00,0.684346,0.8624442
2009/4/6 0:00,0.684346,0.86532736
2009/4/7 0:00,0.687592,0.8663505
2009/4/8 0:00,0.677553,0.86356026
2009/4/9 0:00,0.675014,0.86337423
2009/4/10 0:00,0.672359,0.8642113
2009/4/11 0:00,0.669142,0.8628162
2009/4/12 0:00,0.669232,0.8656064
2009/4/13 0:00,0.669546,0.8645833
2009/4/14 0:00,0.669456,0.86467636
2009/4/15 0:00,0.665181,0.86300224
2009/4/16 0:00,0.672699,0.8645833
2009/4/17 0:00,0.671953,0.8630952
2009/4/18 0:00,0.669299,0.86272323
2009/4/19 0:00,0.671637,0.86300224
2009/4/20 0:00,0.67245,0.8659784
2009/4/21 0:00,0.669411,0.8648623
2009/4/22 0:00,0.670983,0.86941963
2009/4/23 0:00,0.659914,0.8701637
2009/4/24 0:00,0.652039,0.86681545
2009/4/25 0:00,0.652337,0.86755955
2009/4/26 0:00,0.652167,0.8673735
2009/4/27 0:00,0.652167,0.8683036
2009/4/28 0:00,0.657203,0.86941963
2009/4/29 0:00,0.664518,0.86793154
2009/4/30 0:00,0.65835,0.8677455
2009/5/1 0:00,0.664253,0.8670015
2009/5/2 0:00,0.656944,0.8683966
2009/5/3 0:00,0.657657,0.8670945
2009/5/4 0:00,0.657657,0.86653644
2009/5/5 0:00,0.661726,0.86765254
2009/5/6 0:00,0.669949,0.8717448
2009/5/7 0:00,0.670309,0.86997765
2009/5/8 0:00,0.659304,0.87276787
2009/5/9 0:00,0.660677,0.8735119
2009/5/10 0:00,0.659348,0.8695127
2009/5/11 0:00,0.659348,0.87118673
2009/5/12 0:00,0.659914,0.8729539
2009/5/13 0:00,0.655351,0.8729539
2009/5/14 0:00,0.651742,0.875
2009/5/15 0:00,0.6549,0.87286085
2009/5/16 0:00,0.661266,0.8734189
2009/5/17 0:00,0.662076,0.8721168
2009/5/18 0:00,0.662076,0.8734189
2009/5/19 0:00,0.661638,0.8712798
2009/5/20 0:00,0.653061,0.8706287
2009/5/21 0:00,0.662515,0.87053573
2009/5/22 0:00,0.656362,0.8740699
2009/5/23 0:00,0.654729,0.87425596
2009/5/24 0:00,0.654151,0.87546504
2009/5/25 0:00,0.654151,0.8765811
2009/5/26 0:00,0.65796,0.8726748
2009/5/27 0:00,0.657635,0.8732329
2009/5/28 0:00,0.659718,0.87537205
2009/5/29 0:00,0.66335,0.875186
2009/5/30 0:00,0.668963,0.8769531
2009/5/31 0:00,0.668606,0.87462795
2009/6/1 0:00,0.668606,0.8762091
2009/6/2 0:00,0.653253,0.874814
2009/6/3 0:00,0.650893,0.874721
2009/6/4 0:00,0.642261,0.87276787
2009/6/5 0:00,0.645599,0.87258184
2009/6/6 0:00,0.645494,0.87258184
2009/6/7 0:00,0.64635,0.87630206
2009/6/8 0:00,0.64635,0.87686014
2009/6/9 0:00,0.635445,0.8732329
2009/6/10 0:00,0.634296,0.874442
2009/6/11 0:00,0.635001,0.8718378
2009/6/12 0:00,0.639304,0.8714658
2009/6/13 0:00,0.629287,0.87248886
2009/6/14 0:00,0.627943,0.874163
2009/6/15 0:00,0.627943,0.87574404
2009/6/16 0:00,0.625645,0.874163
2009/6/17 0:00,0.633955,0.874721
2009/6/18 0:00,0.64,0.87230283
2009/6/19 0:00,0.630656,0.8738839
2009/6/20 0:00,0.631512,0.8719308
2009/6/21 0:00,0.631752,0.87100077
2009/6/22 0:00,0.631752,0.8715588
2009/6/23 0:00,0.633052,0.875093
2009/6/24 0:00,0.633032,0.874721
2009/6/25 0:00,0.635344,0.87109375
2009/6/26 0:00,0.633874,0.87258184
2009/6/27 0:00,0.641746,0.8680245
2009/6/28 0:00,0.640061,0.8688616
2009/6/29 0:00,0.639754,0.86969864
2009/6/30 0:00,0.631453,0.86960566
2009/7/1 0:00,0.629545,0.8715588
2009/7/2 0:00,0.625156,0.8704427
2009/7/3 0:00,0.634659,0.8720238
2009/7/4 0:00,0.637308,0.8677455
2009/7/5 0:00,0.638325,0.86932665
2009/7/6 0:00,0.638325,0.86755955
2009/7/7 0:00,0.633633,0.86672246
2009/7/8 0:00,0.635364,0.8673735
2009/7/9 0:00,0.639509,0.8715588
2009/7/10 0:00,0.639795,0.8702567
2009/7/11 0:00,0.642653,0.8695127
2009/7/12 0:00,0.644517,0.87230283
2009/7/13 0:00,0.644517,0.86616445
2009/7/14 0:00,0.649393,0.8680245
2009/7/15 0:00,0.653531,0.8691406
2009/7/16 0:00,0.661835,0.86969864
2009/7/17 0:00,0.66368,0.87081474
2009/7/18 0:00,0.670399,0.8701637
2009/7/19 0:00,0.669232,0.87109375
2009/7/20 0:00,0.669232,0.8692336
2009/7/21 0:00,0.673446,0.8704427
2009/7/22 0:00,0.66865,0.86848956
2009/7/23 0:00,0.676613,0.8680245
2009/7/24 0:00,0.687002,0.8670945
2009/7/25 0:00,0.680156,0.87118673
2009/7/26 0:00,0.680944,0.8704427
2009/7/27 0:00,0.680944,0.8704427
2009/7/28 0:00,0.680064,0.8717448
2009/7/29 0:00,0.675858,0.8666295
2009/7/30 0:00,0.673151,0.8687686
2009/7/31 0:00,0.678058,0.8704427
2009/8/1 0:00,0.674787,0.8703497
2009/8/2 0:00,0.675151,0.87230283
2009/8/3 0:00,0.675333,0.8703497
2009/8/4 0:00,0.679117,0.87220985
2009/8/5 0:00,0.678702,0.8707217
2009/8/6 0:00,0.671795,0.8704427
2009/8/7 0:00,0.668047,0.86755955
2009/8/8 0:00,0.676201,0.8687686
2009/8/9 0:00,0.677438,0.8680245
2009/8/10 0:00,0.677438,0.8738839
2009/8/11 0:00,0.67465,0.87313986
2009/8/12 0:00,0.667401,0.8732329
2009/8/13 0:00,0.657787,0.875093
2009/8/14 0:00,0.662647,0.8706287
2009/8/15 0:00,0.65136,0.8719308
2009/8/16 0:00,0.652443,0.87425596
2009/8/17 0:00,0.652443,0.875
2009/8/18 0:00,0.653787,0.8770461
2009/8/19 0:00,0.652891,0.8761161
2009/8/20 0:00,0.65606,0.8770461
2009/8/21 0:00,0.653659,0.8766741
2009/8/22 0:00,0.652699,0.875
2009/8/23 0:00,0.654643,0.8735119
2009/8/24 0:00,0.654643,0.87248886
2009/8/25 0:00,0.648887,0.87313986
2009/8/26 0:00,0.646057,0.8781622
2009/8/27 0:00,0.643646,0.87741816
2009/8/28 0:00,0.65796,0.874442
2009/8/29 0:00,0.655996,0.87723213
2009/8/30 0:00,0.656319,0.8701637
2009/8/31 0:00,0.656319,0.87276787
2009/9/1 0:00,0.65119,0.875186
2009/9/2 0:00,0.653232,0.8761161
2009/9/3 0:00,0.657052,0.8776042
2009/9/4 0:00,0.657397,0.87686014
2009/9/5 0:00,0.653296,0.8776042
2009/9/6 0:00,0.653445,0.87741816
2009/9/7 0:00,0.653445,0.8759301
2009/9/8 0:00,0.657592,0.8720238
2009/9/9 0:00,0.667646,0.8730469
2009/9/10 0:00,0.66335,0.8735119
2009/9/11 0:00,0.663416,0.87723213
2009/9/12 0:00,0.675402,0.8762091
2009/9/13 0:00,0.674559,0.86904764
2009/9/14 0:00,0.674559,0.8740699
2009/9/15 0:00,0.664651,0.8671875
2009/9/16 0:00,0.66368,0.86848956
2009/9/17 0:00,0.662537,0.8718378
2009/9/18 0:00,0.676521,0.8723958
2009/9/19 0:00,0.672382,0.8735119
2009/9/20 0:00,0.671862,0.87286085
2009/9/21 0:00,0.671862,0.8735119
2009/9/22 0:00,0.677094,0.8726748
2009/9/23 0:00,0.6749,0.8721168
2009/9/24 0:00,0.677048,0.8673735
2009/9/25 0:00,0.669411,0.8662574
2009/9/26 0:00,0.675105,0.867141
2009/9/27 0:00,0.672721,0.8709542
2009/9/28 0:00,0.672721,0.8718378
2009/9/29 0:00,0.676956,0.86765254
2009/9/30 0:00,0.680944,0.8721168
2009/10/1 0:00,0.678656,0.8663505
2009/10/2 0:00,0.684065,0.8692336
2009/10/3 0:00,0.682827,0.8692336
2009/10/4 0:00,0.684065,0.86997765
2009/10/5 0:00,0.684065,0.8707217
2009/10/6 0:00,0.685096,0.8714658
2009/10/7 0:00,0.687238,0.87118673
2009/10/8 0:00,0.683644,0.87109375
2009/10/9 0:00,0.684018,0.87165177
2009/10/10 0:00,0.68465,0.8683036
2009/10/11 0:00,0.684252,0.86681545
2009/10/12 0:00,0.684252,0.8674665
2009/10/13 0:00,0.673197,0.8714658
2009/10/14 0:00,0.66986,0.8717448
2009/10/15 0:00,0.663812,0.86588544
2009/10/16 0:00,0.665048,0.8691406
2009/10/17 0:00,0.65563,0.86318827
2009/10/18 0:00,0.654322,0.8670015
2009/10/19 0:00,0.654322,0.86681545
2009/10/20 0:00,0.6546,0.8662574
2009/10/21 0:00,0.651742,0.86681545
2009/10/22 0:00,0.656146,0.8674665
2009/10/23 0:00,0.646392,0.8683966
2009/10/24 0:00,0.643211,0.8681176
2009/10/25 0:00,0.64658,0.8670945
2009/10/26 0:00,0.64658,0.8639323
2009/10/27 0:00,0.644247,0.8628162
2009/10/28 0:00,0.648803,0.8636533
2009/10/29 0:00,0.639039,0.8680245
2009/10/30 0:00,0.649625,0.8669085
2009/10/31 0:00,0.647941,0.8641183
2009/11/1 0:00,0.649266,0.86644346
2009/11/2 0:00,0.649266,0.8604911
2009/11/3 0:00,0.647249,0.86337423
2009/11/4 0:00,0.649393,0.86318827
2009/11/5 0:00,0.652933,0.86207217
2009/11/6 0:00,0.646998,0.8645833
2009/11/7 0:00,0.6466,0.8643043
2009/11/8 0:00,0.648424,0.8645833
2009/11/9 0:00,0.648424,0.8639323
2009/11/10 0:00,0.651232,0.86318827
2009/11/11 0:00,0.649161,0.860212
2009/11/12 0:00,0.665624,0.85900295
2009/11/13 0:00,0.673106,0.859282
2009/11/14 0:00,0.662361,0.8636533
2009/11/15 0:00,0.662954,0.8640253
2009/11/16 0:00,0.662954,0.86011904
2009/11/17 0:00,0.663504,0.86300224
2009/11/18 0:00,0.666045,0.85835195
2009/11/19 0:00,0.664386,0.858817
2009/11/20 0:00,0.668248,0.8607701
2009/11/21 0:00,0.662888,0.859282
2009/11/22 0:00,0.662669,0.860212
2009/11/23 0:00,0.662669,0.86011904
2009/11/24 0:00,0.665447,0.85900295
2009/11/25 0:00,0.656534,0.859468
2009/11/26 0:00,0.662888,0.859096
2009/11/27 0:00,0.661704,0.8558408
2009/11/28 0:00,0.661354,0.85518974
2009/11/29 0:00,0.662954,0.8556548
2009/11/30 0:00,0.662954,0.85872394
2009/12/1 0:00,0.672156,0.859189
2009/12/2 0:00,0.666333,0.859561
2009/12/3 0:00,0.663196,0.86179316
2009/12/4 0:00,0.669411,0.85714287
2009/12/5 0:00,0.66368,0.8610491
2009/12/6 0:00,0.662954,0.86123514
2009/12/7 0:00,0.662954,0.8603051
2009/12/8 0:00,0.6595,0.8610491
2009/12/9 0:00,0.661967,0.8605841
2009/12/10 0:00,0.664253,0.8607701
2009/12/11 0:00,0.674445,0.8609561
2009/12/12 0:00,0.680342,0.8603051
2009/12/13 0:00,0.682035,0.85900295
2009/12/14 0:00,0.682035,0.85723585
2009/12/15 0:00,0.679856,0.8582589
2009/12/16 0:00,0.67595,0.860212
2009/12/17 0:00,0.67974,0.86039805
2009/12/18 0:00,0.666045,0.8567708
2009/12/19 0:00,0.676659,0.86067706
2009/12/20 0:00,0.674491,0.8547247
2009/12/21 0:00,0.674491,0.8578869
2009/12/22 0:00,0.668025,0.8573289
2009/12/23 0:00,0.659304,0.85714287
2009/12/24 0:00,0.659391,0.8576079
2009/12/25 0:00,0.684838,0.85667783
2009/12/26 0:00,0.680342,0.85872394
2009/12/27 0:00,0.679648,0.8570498
2009/12/28 0:00,0.679648,0.8563988
2009/12/29 0:00,0.67506,0.8550037
2009/12/30 0:00,0.674514,0.8541667
2009/12/31 0:00,0.66986,0.8546317
2010/1/1 0:00,0.669591,0.8574219
2010/1/2 0:00,0.668405,0.85686386
2010/1/3 0:00,0.668695,0.8562128
2010/1/4 0:00,0.668695,0.8584449
2010/1/5 0:00,0.671885,0.8547247
2010/1/6 0:00,0.684556,0.8556548
2010/1/7 0:00,0.691085,0.85714287
2010/1/8 0:00,0.692113,0.85686386
2010/1/9 0:00,0.690179,0.8574219
2010/1/10 0:00,0.690417,0.8574219
2010/1/11 0:00,0.69025,0.85751486
2010/1/12 0:00,0.684627,0.8573289
2010/1/13 0:00,0.67891,0.85723585
2010/1/14 0:00,0.682198,0.85518974
2010/1/15 0:00,0.677209,0.8526786
2010/1/16 0:00,0.680897,0.8526786
2010/1/17 0:00,0.680851,0.8570498
2010/1/18 0:00,0.680851,0.8556548
2010/1/19 0:00,0.686059,0.85602677
2010/1/20 0:00,0.69056,0.8570498
2010/1/21 0:00,0.691611,0.8523995
2010/1/22 0:00,0.687002,0.8545387
2010/1/23 0:00,0.691491,0.8548177
2010/1/24 0:00,0.69197,0.8536086
2010/1/25 0:00,0.69197,0.85556173
2010/1/26 0:00,0.694686,0.85425967
2010/1/27 0:00,0.703878,0.8550037
2010/1/28 0:00,0.698812,0.8546317
2010/1/29 0:00,0.690989,0.8538877
2010/1/30 0:00,0.684767,0.85286456
2010/1/31 0:00,0.685307,0.8501674
2010/2/1 0:00,0.685307,0.85091144
2010/2/2 0:00,0.684744,0.8533296
2010/2/3 0:00,0.68861,0.85202754
2010/2/4 0:00,0.685495,0.85091144
2010/2/5 0:00,0.697934,0.8546317
2010/2/6 0:00,0.697107,0.8481213
2010/2/7 0:00,0.697739,0.85053945
2010/2/8 0:00,0.697739,0.85091144
2010/2/9 0:00,0.701705,0.84914434
2010/2/10 0:00,0.693433,0.8526786
2010/2/11 0:00,0.686908,0.85053945
2010/2/12 0:00,0.68835,0.85109746
2010/2/13 0:00,0.684346,0.8512835
2010/2/14 0:00,0.683878,0.85193455
2010/2/15 0:00,0.683878,0.8492373
2010/2/16 0:00,0.676888,0.8472842
2010/2/17 0:00,0.675083,0.8469122
2010/2/18 0:00,0.683924,0.84970236
2010/2/19 0:00,0.681199,0.8501674
2010/2/20 0:00,0.678196,0.6796875
2010/2/21 0:00,0.676842,0.6796875
2010/2/22 0:00,0.676842,0.68005955
2010/2/23 0:00,0.679509,0.68043154
2010/2/24 0:00,0.682012,0.68005955
2010/2/25 0:00,0.679833,0.6806176
2010/2/26 0:00,0.674946,0.6806176
2010/2/27 0:00,0.676842,0.68043154
2010/2/28 0:00,0.676498,0.6798735
2010/3/1 0:00,0.676247,0.6796875
2010/3/2 0:00,0.676842,0.68043154
2010/3/3 0:00,0.673197,0.6802455
2010/3/4 0:00,0.676064,0.6796875
2010/3/5 0:00,0.67365,0.6798735
2010/3/6 0:00,0.670488,0.6813616
2010/3/7 0:00,0.669411,0.6808036
2010/3/8 0:00,0.669546,0.6813616
2010/3/9 0:00,0.669905,0.68154764
2010/3/10 0:00,0.676384,0.6808036
2010/3/11 0:00,0.681849,0.6806176
2010/3/12 0:00,0.681129,0.6808036
2010/3/13 0:00,0.693914,0.6813616
2010/3/14 0:00,0.695628,0.68154764
2010/3/15 0:00,0.695628,0.68191963
2010/3/16 0:00,0.693241,0.68098956
2010/3/17 0:00,0.696961,0.6808036
2010/3/18 0:00,0.702149,0.68154764
2010/3/19 0:00,0.712555,0.6811756
2010/3/20 0:00,0.704523,0.6813616
2010/3/21 0:00,0.705567,0.6811756
2010/3/22 0:00,0.705567,0.6817336
2010/3/23 0:00,0.705517,0.6811756
2010/3/24 0:00,0.699888,0.68154764
2010/3/25 0:00,0.703087,0.6817336
2010/3/26 0:00,0.704449,0.6811756
2010/3/27 0:00,0.706414,0.6811756
2010/3/28 0:00,0.705442,0.6813616
2010/3/29 0:00,0.705069,0.68191963
2010/3/30 0:00,0.711187,0.68154764
2010/3/31 0:00,0.712911,0.68154764
2010/4/1 0:00,0.71582,0.68098956
2010/4/2 0:00,0.724113,0.68154764
2010/4/3 0:00,0.713318,0.6817336
2010/4/4 0:00,0.713318,0.6811756
2010/4/5 0:00,0.713318,0.6811756
2010/4/6 0:00,0.699399,0.68098956
2010/4/7 0:00,0.702889,0.6817336
2010/4/8 0:00,0.71048,0.6811756
2010/4/9 0:00,0.711288,0.68154764
2010/4/10 0:00,0.716435,0.68098956
2010/4/11 0:00,0.717952,0.68098956
2010/4/12 0:00,0.717952,0.68098956
2010/4/13 0:00,0.722961,0.68154764
2010/4/14 0:00,0.714235,0.68154764
2010/4/15 0:00,0.711238,0.6811756
2010/4/16 0:00,0.722648,0.6808036
2010/4/17 0:00,0.72873,0.6808036
2010/4/18 0:00,0.730647,0.68098956
2010/4/19 0:00,0.730647,0.68154764
2010/4/20 0:00,0.721917,0.6806176
2010/4/21 0:00,0.731904,0.68043154
2010/4/22 0:00,0.728651,0.6806176
2010/4/23 0:00,0.720773,0.68210566
2010/4/24 0:00,0.714235,0.6811756
2010/4/25 0:00,0.711642,0.68191963
2010/4/26 0:00,0.711642,0.6817336
2010/4/27 0:00,0.710858,0.68154764
2010/4/28 0:00,0.704597,0.68154764
2010/4/29 0:00,0.702321,0.68191963
2010/4/30 0:00,0.697569,0.68210566
2010/5/1 0:00,0.699081,0.68191963
2010/5/2 0:00,0.700158,0.6811756
2010/5/3 0:00,0.700158,0.6813616
2010/5/4 0:00,0.699252,0.6811756
2010/5/5 0:00,0.703755,0.68191963
2010/5/6 0:00,0.705069,0.6811756
2010/5/7 0:00,0.707064,0.6808036
2010/5/8 0:00,0.721527,0.6811756
2010/5/9 0:00,0.720357,0.6817336
2010/5/10 0:00,0.720357,0.6813616
2010/5/11 0:00,0.719243,0.6813616
2010/5/12 0:00,0.723615,0.68098956
2010/5/13 0:00,0.714898,0.6813616
2010/5/14 0:00,0.717901,0.68098956
2010/5/15 0:00,0.714031,0.68098956
2010/5/16 0:00,0.713801,0.68154764
2010/5/17 0:00,0.713801,0.6808036
2010/5/18 0:00,0.714184,0.68043154
2010/5/19 0:00,0.715871,0.6806176
2010/5/20 0:00,0.722022,0.6808036
2010/5/21 0:00,0.72197,0.6817336
2010/5/22 0:00,0.719476,0.68043154
2010/5/23 0:00,0.719709,0.68098956
2010/5/24 0:00,0.719709,0.6808036
2010/5/25 0:00,0.721215,0.6811756
2010/5/26 0:00,0.728465,0.6811756
2010/5/27 0:00,0.722831,0.6808036
2010/5/28 0:00,0.72873,0.68098956
2010/5/29 0:00,0.726085,0.6813616
2010/5/30 0:00,0.727405,0.6808036
2010/5/31 0:00,0.727405,0.6811756
2010/6/1 0:00,0.727379,0.68154764
2010/6/2 0:00,0.730994,0.68098956
2010/6/3 0:00,0.729625,0.68005955
2010/6/4 0:00,0.729581,0.6808036
2010/6/5 0:00,0.72619,0.68005955
2010/6/6 0:00,0.723798,0.6811756
2010/6/7 0:00,0.723956,0.68098956
2010/6/8 0:00,0.7259,0.6802455
2010/6/9 0:00,0.721189,0.6806176
2010/6/10 0:00,0.7259,0.68098956
2010/6/11 0:00,0.728412,0.68098956
2010/6/12 0:00,0.729208,0.68043154
2010/6/13 0:00,0.730353,0.6802455
2010/6/14 0:00,0.729501,0.6808036
2010/6/15 0:00,0.730807,0.6802455
2010/6/16 0:00,0.741812,0.6808036
2010/6/17 0:00,0.744685,0.68098956
2010/6/18 0:00,0.739208,0.6806176
2010/6/19 0:00,0.733192,0.6795015
2010/6/20 0:00,0.732091,0.6806176
2010/6/21 0:00,0.731957,0.68005955
2010/6/22 0:00,0.726111,0.6808036
2010/6/23 0:00,0.726348,0.68043154
2010/6/24 0:00,0.729076,0.6802455
2010/6/25 0:00,0.731074,0.68005955
2010/6/26 0:00,0.726401,0.68043154
2010/6/27 0:00,0.726559,0.6808036
2010/6/28 0:00,0.726401,0.6787574
2010/6/29 0:00,0.730007,0.6796875
2010/6/30 0:00,0.730727,0.6798735
2010/7/1 0:00,0.731609,0.67931545
2010/7/2 0:00,0.730994,0.67931545
2010/7/3 0:00,0.723014,0.6798735
2010/7/4 0:00,0.72469,0.67931545
2010/7/5 0:00,0.72469,0.67894346
2010/7/6 0:00,0.728226,0.6798735
2010/7/7 0:00,0.730034,0.67931545
2010/7/8 0:00,0.725426,0.6796875
2010/7/9 0:00,0.725979,0.6795015
2010/7/10 0:00,0.728783,0.67931545
2010/7/11 0:00,0.728385,0.68043154
2010/7/12 0:00,0.728518,0.68005955
2010/7/13 0:00,0.726956,0.6806176
2010/7/14 0:00,0.722308,0.6791295
2010/7/15 0:00,0.717772,0.67894346
2010/7/16 0:00,0.715359,0.68043154
2010/7/17 0:00,0.71347,0.6796875
2010/7/18 0:00,0.716307,0.67931545
2010/7/19 0:00,0.713216,0.68005955
2010/7/20 0:00,0.704945,0.6795015
2010/7/21 0:00,0.707114,0.6785714
2010/7/22 0:00,0.709698,0.6795015
2010/7/23 0:00,0.710631,0.67894346
2010/7/24 0:00,0.708667,0.68005955
2010/7/25 0:00,0.708717,0.6796875
2010/7/26 0:00,0.713267,0.6787574
2010/7/27 0:00,0.720487,0.6795015
2010/7/28 0:00,0.722961,0.67931545
2010/7/29 0:00,0.720098,0.6798735
2010/7/30 0:00,0.715922,0.6791295
2010/7/31 0:00,0.716384,0.67931545
2010/8/1 0:00,0.716384,0.6798735
2010/8/2 0:00,0.71286,0.6787574
2010/8/3 0:00,0.716435,0.6791295
2010/8/4 0:00,0.715615,0.6791295
2010/8/5 0:00,0.711642,0.6791295
2010/8/6 0:00,0.714796,0.67838544
2010/8/7 0:00,0.716692,0.67931545
2010/8/8 0:00,0.716486,0.67894346
2010/8/9 0:00,0.714439,0.6795015
2010/8/10 0:00,0.715768,0.6798735
2010/8/11 0:00,0.730407,0.6787574
2010/8/12 0:00,0.732547,0.6798735
2010/8/13 0:00,0.732493,0.6785714
2010/8/14 0:00,0.732896,0.6802455
2010/8/15 0:00,0.732789,0.6791295
2010/8/16 0:00,0.732225,0.67931545
2010/8/17 0:00,0.735889,0.68043154
2010/8/18 0:00,0.729501,0.6785714
2010/8/19 0:00,0.720409,0.6787574
2010/8/20 0:00,0.713521,0.6791295
2010/8/21 0:00,0.711845,0.67894346
2010/8/22 0:00,0.711845,0.67838544
2010/8/23 0:00,0.708265,0.67931545
2010/8/24 0:00,0.708291,0.6785714
2010/8/25 0:00,0.707364,0.67931545
2010/8/26 0:00,0.705916,0.67931545
2010/8/27 0:00,0.70279,0.6785714
2010/8/28 0:00,0.701656,0.6791295
2010/8/29 0:00,0.700795,0.6780134
2010/8/30 0:00,0.705393,0.67931545
2010/8/31 0:00,0.704722,0.67894346
2010/9/1 0:00,0.700697,0.6787574
2010/9/2 0:00,0.70055,0.6791295
2010/9/3 0:00,0.704399,0.6785714
2010/9/4 0:00,0.704349,0.6787574
2010/9/5 0:00,0.7043,0.6787574
2010/9/6 0:00,0.706714,0.6785714
2010/9/7 0:00,0.711288,0.6785714
2010/9/8 0:00,0.708015,0.67894346
2010/9/9 0:00,0.706814,0.6785714
2010/9/10 0:00,0.713496,0.6791295
2010/9/11 0:00,0.714184,0.6791295
2010/9/12 0:00,0.714184,0.6780134
2010/9/13 0:00,0.713216,0.6791295
2010/9/14 0:00,0.711592,0.6781994
2010/9/15 0:00,0.715615,0.67931545
2010/9/16 0:00,0.716153,0.6781994
2010/9/17 0:00,0.713903,0.6787574
2010/9/18 0:00,0.713547,0.6791295
2010/9/19 0:00,0.713598,0.67782736
2010/9/20 0:00,0.718856,0.67838544
2010/9/21 0:00,0.720617,0.67838544
2010/9/22 0:00,0.723014,0.6780134
2010/9/23 0:00,0.701238,0.6780134
2010/9/24 0:00,0.698666,0.6781994
2010/9/25 0:00,0.696088,0.6785714
2010/9/26 0:00,0.696088,0.6791295
2010/9/27 0:00,0.695217,0.6791295
2010/9/28 0:00,0.691683,0.6776414
2010/9/29 0:00,0.690322,0.67894346
2010/9/30 0:00,0.690655,0.67782736
2010/10/1 0:00,0.687191,0.67931545
2010/10/2 0:00,0.687687,0.67782736
2010/10/3 0:00,0.687687,0.6780134
2010/10/4 0:00,0.690846,0.67894346
2010/10/5 0:00,0.688753,0.67726934
2010/10/6 0:00,0.690846,0.6776414
2010/10/7 0:00,0.695701,0.6780134
2010/10/8 0:00,0.695943,0.6776414
2010/10/9 0:00,0.692689,0.67726934
2010/10/10 0:00,0.692689,0.67782736
