timestamp,true_value,pred_value
1998/4/24 0:00,0.4351,0.43638524413108826
1998/4/25 0:00,0.4371,0.4362882971763611
1998/4/26 0:00,0.44295,0.4363693296909332
1998/4/27 0:00,0.4406,0.4362413287162781
1998/4/28 0:00,0.4391,0.4363148808479309
1998/4/29 0:00,0.44095,0.43642354011535645
1998/4/30 0:00,0.4456,0.4363808333873749
1998/5/1 0:00,0.44605,0.43652936816215515
1998/5/2 0:00,0.4472,0.43667787313461304
1998/5/3 0:00,0.4466,0.43673861026763916
1998/5/4 0:00,0.44565,0.43676069378852844
1998/5/5 0:00,0.44935,0.43678903579711914
1998/5/6 0:00,0.4507,0.4370080232620239
1998/5/7 0:00,0.44975,0.4369887113571167
1998/5/8 0:00,0.448,0.43715402483940125
1998/5/9 0:00,0.44755,0.43707704544067383
1998/5/10 0:00,0.44805,0.43706777691841125
1998/5/11 0:00,0.44515,0.4370464086532593
1998/5/12 0:00,0.4489,0.43697986006736755
1998/5/13 0:00,0.4487,0.43733537197113037
1998/5/14 0:00,0.44835,0.4371928572654724
1998/5/15 0:00,0.4493,0.43693214654922485
1998/5/16 0:00,0.45135,0.43691369891166687
1998/5/17 0:00,0.4533,0.43683862686157227
1998/5/18 0:00,0.45625,0.43644267320632935
1998/5/19 0:00,0.4559,0.4366203546524048
1998/5/20 0:00,0.45815,0.436972975730896
1998/5/21 0:00,0.4605,0.43708449602127075
1998/5/22 0:00,0.4637,0.4371403753757477
1998/5/23 0:00,0.4668,0.43714386224746704
1998/5/24 0:00,0.4682,0.4370395541191101
1998/5/25 0:00,0.4729,0.4370270371437073
1998/5/26 0:00,0.4683,0.4369186758995056
1998/5/27 0:00,0.4711,0.4368743300437927
1998/5/28 0:00,0.4738,0.4370005428791046
1998/5/29 0:00,0.47645,0.43709224462509155
1998/5/30 0:00,0.4768,0.4370761215686798
1998/5/31 0:00,0.4749,0.43676918745040894
1998/6/1 0:00,0.48595,0.4366849362850189
1998/6/2 0:00,0.4896,0.4367721676826477
1998/6/3 0:00,0.48865,0.4367707669734955
1998/6/4 0:00,0.49115,0.43644165992736816
1998/6/5 0:00,0.4873,0.4363660216331482
1998/6/6 0:00,0.48665,0.43678349256515503
1998/6/7 0:00,0.48865,0.4368969202041626
1998/6/8 0:00,0.4928,0.43651676177978516
1998/6/9 0:00,0.48765,0.4366554617881775
1998/6/10 0:00,0.48415,0.4366201162338257
1998/6/11 0:00,0.4842,0.4362936019897461
1998/6/12 0:00,0.4877,0.4362097382545471
1998/6/13 0:00,0.48695,0.43647831678390503
1998/6/14 0:00,0.49105,0.43656665086746216
1998/6/15 0:00,0.49665,0.4365256130695343
1998/6/16 0:00,0.49255,0.4364091753959656
1998/6/17 0:00,0.4932,0.4362514317035675
1998/6/18 0:00,0.4895,0.43635207414627075
1998/6/19 0:00,0.49095,0.43652185797691345
1998/6/20 0:00,0.486,0.4365300238132477
1998/6/21 0:00,0.48755,0.43645575642585754
1998/6/22 0:00,0.4893,0.4363549053668976
1998/6/23 0:00,0.4883,0.43605226278305054
1998/6/24 0:00,0.4845,0.4356529712677002
1998/6/25 0:00,0.49035,0.4357020854949951
1998/6/26 0:00,0.49205,0.4361717402935028
1998/6/27 0:00,0.4882,0.43667101860046387
1998/6/28 0:00,0.4835,0.43601518869400024
1998/6/29 0:00,0.4866,0.4360820949077606
1998/6/30 0:00,0.4844,0.43643879890441895
1998/7/1 0:00,0.482,0.4367883801460266
1998/7/2 0:00,0.4827,0.43639642000198364
1998/7/3 0:00,0.48775,0.4364488422870636
1998/7/4 0:00,0.4805,0.4365781545639038
1998/7/5 0:00,0.4742,0.43672388792037964
1998/7/6 0:00,0.4693,0.4367993175983429
1998/7/7 0:00,0.4682,0.4367406368255615
1998/7/8 0:00,0.4695,0.43658024072647095
1998/7/9 0:00,0.4678,0.43649303913116455
1998/7/10 0:00,0.4651,0.4365067481994629
1998/7/11 0:00,0.46195,0.4361805319786072
1998/7/12 0:00,0.4636,0.43644753098487854
1998/7/13 0:00,0.4574,0.436722069978714
1998/7/14 0:00,0.453,0.4364270567893982
1998/7/15 0:00,0.45485,0.43630164861679077
1998/7/16 0:00,0.4541,0.4363533854484558
1998/7/17 0:00,0.4579,0.43656647205352783
1998/7/18 0:00,0.46325,0.4362833797931671
1998/7/19 0:00,0.4571,0.4361748695373535
1998/7/20 0:00,0.46285,0.43568551540374756
1998/7/21 0:00,0.4658,0.4353574514389038
1998/7/22 0:00,0.468,0.4353753328323364
1998/7/23 0:00,0.466,0.4358038604259491
1998/7/24 0:00,0.4698,0.4367816150188446
1998/7/25 0:00,0.46495,0.4366667866706848
1998/7/26 0:00,0.4671,0.4361136555671692
1998/7/27 0:00,0.4674,0.43597182631492615
1998/7/28 0:00,0.4697,0.43640148639678955
1998/7/29 0:00,0.47185,0.43661263585090637
1998/7/30 0:00,0.46915,0.4364255666732788
1998/7/31 0:00,0.46895,0.43628135323524475
1998/8/1 0:00,0.47,0.43556472659111023
1998/8/2 0:00,0.47,0.4356507658958435
1998/8/3 0:00,0.4676,0.4355508089065552
1998/8/4 0:00,0.4661,0.43565186858177185
1998/8/5 0:00,0.46655,0.43561333417892456
1998/8/6 0:00,0.47025,0.43543994426727295
1998/8/7 0:00,0.46885,0.43495485186576843
1998/8/8 0:00,0.47085,0.4349752962589264
1998/8/9 0:00,0.4757,0.4356197714805603
1998/8/10 0:00,0.4719,0.4361332952976227
1998/8/11 0:00,0.4722,0.43609100580215454
1998/8/12 0:00,0.4704,0.43617743253707886
1998/8/13 0:00,0.47115,0.43575525283813477
1998/8/14 0:00,0.4728,0.43552491068840027
1998/8/15 0:00,0.4704,0.4348694086074829
1998/8/16 0:00,0.46765,0.43548116087913513
1998/8/17 0:00,0.4683,0.4361078441143036
1998/8/18 0:00,0.4741,0.43630343675613403
1998/8/19 0:00,0.4696,0.43565207719802856
1998/8/20 0:00,0.47085,0.4356360137462616
1998/8/21 0:00,0.46995,0.4360958933830261
1998/8/22 0:00,0.47425,0.4362092614173889
1998/8/23 0:00,0.47325,0.43637555837631226
1998/8/24 0:00,0.4779,0.4361531734466553
1998/8/25 0:00,0.47845,0.4356541931629181
1998/8/26 0:00,0.4835,0.4355764389038086
1998/8/27 0:00,0.48125,0.435244619846344
1998/8/28 0:00,0.48055,0.43492358922958374
1998/8/29 0:00,0.47855,0.43695011734962463
1998/8/30 0:00,0.4805,0.43953368067741394
1998/8/31 0:00,0.4786,0.4394190311431885
1998/9/1 0:00,0.48025,0.43941015005111694
1998/9/2 0:00,0.48105,0.4392916262149811
1998/9/3 0:00,0.48185,0.4394477605819702
1998/9/4 0:00,0.4835,0.4394039511680603
1998/9/5 0:00,0.4827,0.4393993020057678
1998/9/6 0:00,0.4843,0.43959999084472656
1998/9/7 0:00,0.48585,0.439718097448349
1998/9/8 0:00,0.48665,0.43981266021728516
1998/9/9 0:00,0.48915,0.439929723739624
1998/9/10 0:00,0.48605,0.4400928020477295
1998/9/11 0:00,0.48255,0.4401731491088867
1998/9/12 0:00,0.4964,0.44019731879234314
1998/9/13 0:00,0.49615,0.44028693437576294
1998/9/14 0:00,0.4983,0.44022300839424133
1998/9/15 0:00,0.49895,0.44041144847869873
1998/9/16 0:00,0.49815,0.44014447927474976
1998/9/17 0:00,0.4936,0.43994247913360596
1998/9/18 0:00,0.4931,0.44027361273765564
1998/9/19 0:00,0.4969,0.44030076265335083
1998/9/20 0:00,0.49985,0.4399888217449188
1998/9/21 0:00,0.49965,0.4399518668651581
1998/9/22 0:00,0.49765,0.43999993801116943
1998/9/23 0:00,0.4963,0.43956297636032104
1998/9/24 0:00,0.49735,0.4397003948688507
1998/9/25 0:00,0.50215,0.4398972690105438
1998/9/26 0:00,0.51415,0.4401586949825287
1998/9/27 0:00,0.4995,0.4402509331703186
1998/9/28 0:00,0.4956,0.44022831320762634
1998/9/29 0:00,0.49455,0.4401889145374298
1998/9/30 0:00,0.4951,0.44021251797676086
1998/10/1 0:00,0.4982,0.4401164948940277
1998/10/2 0:00,0.49765,0.43996259570121765
1998/10/3 0:00,0.498,0.44023483991622925
1998/10/4 0:00,0.50105,0.4402877390384674
1998/10/5 0:00,0.5012,0.4402509927749634
1998/10/6 0:00,0.50385,0.4399963915348053
1998/10/7 0:00,0.5029,0.4397938549518585
1998/10/8 0:00,0.5085,0.4398440420627594
1998/10/9 0:00,0.51265,0.4400266706943512
1998/10/10 0:00,0.51455,0.43981117010116577
1998/10/11 0:00,0.51765,0.43969887495040894
1998/10/12 0:00,0.51655,0.44006574153900146
1998/10/13 0:00,0.51655,0.4401707053184509
1998/10/14 0:00,0.5217,0.4396611452102661
1998/10/15 0:00,0.52335,0.4397038221359253
1998/10/16 0:00,0.5228,0.43977704644203186
1998/10/17 0:00,0.5284,0.4395294189453125
1998/10/18 0:00,0.5314,0.4393160939216614
1998/10/19 0:00,0.53025,0.4394596815109253
1998/10/20 0:00,0.5329,0.4395630955696106
1998/10/21 0:00,0.5325,0.4395708739757538
1998/10/22 0:00,0.5394,0.4394231140613556
1998/10/23 0:00,0.54165,0.4393197298049927
1998/10/24 0:00,0.5388,0.43967053294181824
1998/10/25 0:00,0.53905,0.4398152828216553
1998/10/26 0:00,0.54455,0.43987998366355896
1998/10/27 0:00,0.5502,0.4399259388446808
1998/10/28 0:00,0.5476,0.4398646354675293
1998/10/29 0:00,0.54225,0.4395332932472229
1998/10/30 0:00,0.54915,0.4391215443611145
1998/10/31 0:00,0.5476,0.4392695724964142
1998/11/1 0:00,0.54925,0.43959829211235046
1998/11/2 0:00,0.5454,0.43997079133987427
1998/11/3 0:00,0.54275,0.43949198722839355
1998/11/4 0:00,0.542,0.4396100640296936
1998/11/5 0:00,0.54945,0.43984413146972656
1998/11/6 0:00,0.5479,0.4403860569000244
1998/11/7 0:00,0.54935,0.439984530210495
1998/11/8 0:00,0.5498,0.44000500440597534
1998/11/9 0:00,0.54925,0.44023555517196655
1998/11/10 0:00,0.5522,0.4404134750366211
1998/11/11 0:00,0.5488,0.4406079053878784
1998/11/12 0:00,0.5541,0.4405803680419922
1998/11/13 0:00,0.5512,0.4405662417411804
1998/11/14 0:00,0.54935,0.44047677516937256
1998/11/15 0:00,0.5499,0.440390408039093
1998/11/16 0:00,0.5532,0.44009754061698914
1998/11/17 0:00,0.5586,0.44040369987487793
1998/11/18 0:00,0.5586,0.4408712089061737
1998/11/19 0:00,0.56555,0.4402025043964386
1998/11/20 0:00,0.5645,0.4401269853115082
1998/11/21 0:00,0.5657,0.4402605891227722
1998/11/22 0:00,0.5593,0.4404892325401306
1998/11/23 0:00,0.5619,0.440242201089859
1998/11/24 0:00,0.5605,0.44016793370246887
1998/11/25 0:00,0.5645,0.43972498178482056
1998/11/26 0:00,0.5626,0.439351886510849
1998/11/27 0:00,0.5594,0.4394438862800598
1998/11/28 0:00,0.55365,0.4398474395275116
1998/11/29 0:00,0.54685,0.4406948685646057
1998/11/30 0:00,0.54835,0.44068601727485657
1998/12/1 0:00,0.5485,0.4401090741157532
1998/12/2 0:00,0.5533,0.44013524055480957
1998/12/3 0:00,0.5526,0.44055843353271484
1998/12/4 0:00,0.55035,0.4407779574394226
1998/12/5 0:00,0.5537,0.4404715299606323
1998/12/6 0:00,0.5547,0.44029349088668823
1998/12/7 0:00,0.55565,0.4395908713340759
1998/12/8 0:00,0.55225,0.4396187663078308
1998/12/9 0:00,0.5483,0.43971678614616394
1998/12/10 0:00,0.5397,0.4398242235183716
1998/12/11 0:00,0.5481,0.43988898396492004
1998/12/12 0:00,0.5474,0.43980100750923157
1998/12/13 0:00,0.5457,0.4391814172267914
1998/12/14 0:00,0.54715,0.43940818309783936
1998/12/15 0:00,0.55245,0.4401038587093353
1998/12/16 0:00,0.55465,0.4407098889350891
1998/12/17 0:00,0.5602,0.4405042231082916
1998/12/18 0:00,0.55545,0.44060051441192627
1998/12/19 0:00,0.5596,0.4401460289955139
1998/12/20 0:00,0.5615,0.43998509645462036
1998/12/21 0:00,0.5673,0.43941742181777954
1998/12/22 0:00,0.57455,0.43989717960357666
1998/12/23 0:00,0.5673,0.4406231641769409
1998/12/24 0:00,0.5744,0.44083237648010254
1998/12/25 0:00,0.57595,0.44023144245147705
1998/12/26 0:00,0.5795,0.4402398467063904
1998/12/27 0:00,0.5764,0.44076699018478394
1998/12/28 0:00,0.5746,0.44086554646492004
1998/12/29 0:00,0.57105,0.4409407675266266
1998/12/30 0:00,0.5776,0.440951943397522
1998/12/31 0:00,0.58505,0.44055652618408203
1999/1/1 0:00,0.5868,0.44063234329223633
1999/1/2 0:00,0.5809,0.44049519300460815
1999/1/3 0:00,0.58295,0.4402667284011841
1999/1/4 0:00,0.5845,0.4419355094432831
1999/1/5 0:00,0.58275,0.4428464472293854
1999/1/6 0:00,0.5862,0.4426494538784027
1999/1/7 0:00,0.5749,0.44270336627960205
1999/1/8 0:00,0.57735,0.4425094425678253
1999/1/9 0:00,0.5766,0.4426308870315552
1999/1/10 0:00,0.5754,0.4425669312477112
1999/1/11 0:00,0.5801,0.4425599277019501
1999/1/12 0:00,0.5808,0.4426400065422058
1999/1/13 0:00,0.5829,0.44274961948394775
1999/1/14 0:00,0.5784,0.4428400993347168
1999/1/15 0:00,0.5729,0.4430024027824402
1999/1/16 0:00,0.5744,0.44305935502052307
1999/1/17 0:00,0.5776,0.44311797618865967
1999/1/18 0:00,0.5793,0.4431101679801941
1999/1/19 0:00,0.5803,0.44323503971099854
1999/1/20 0:00,0.58315,0.44308581948280334
1999/1/21 0:00,0.58505,0.44326865673065186
1999/1/22 0:00,0.5851,0.4430582821369171
1999/1/23 0:00,0.58645,0.44290629029273987
1999/1/24 0:00,0.585,0.4431048333644867
1999/1/25 0:00,0.5867,0.4431036412715912
1999/1/26 0:00,0.5861,0.44274118542671204
1999/1/27 0:00,0.5787,0.4427432715892792
1999/1/28 0:00,0.5822,0.4427289366722107
1999/1/29 0:00,0.58725,0.4423297941684723
1999/1/30 0:00,0.59495,0.44236770272254944
1999/1/31 0:00,0.59535,0.4425642192363739
1999/2/1 0:00,0.59585,0.4426826238632202
1999/2/2 0:00,0.59485,0.4427280128002167
1999/2/3 0:00,0.59085,0.44262993335723877
1999/2/4 0:00,0.5884,0.4426683187484741
1999/2/5 0:00,0.58925,0.44263362884521484
1999/2/6 0:00,0.5796,0.44258058071136475
1999/2/7 0:00,0.5832,0.4424649775028229
1999/2/8 0:00,0.5805,0.4427882730960846
1999/2/9 0:00,0.5727,0.4427356421947479
1999/2/10 0:00,0.5746,0.4426473081111908
1999/2/11 0:00,0.57445,0.4424038529396057
1999/2/12 0:00,0.58185,0.44227007031440735
1999/2/13 0:00,0.5865,0.44215986132621765
1999/2/14 0:00,0.5883,0.4422985911369324
1999/2/15 0:00,0.5872,0.44209954142570496
1999/2/16 0:00,0.5882,0.44191774725914
1999/2/17 0:00,0.5828,0.44210511445999146
1999/2/18 0:00,0.583,0.44219106435775757
1999/2/19 0:00,0.5864,0.4417847990989685
1999/2/20 0:00,0.5835,0.44184228777885437
1999/2/21 0:00,0.5833,0.4418349862098694
1999/2/22 0:00,0.5789,0.4415961802005768
1999/2/23 0:00,0.58035,0.4412711560726166
1999/2/24 0:00,0.5823,0.44127070903778076
1999/2/25 0:00,0.5872,0.44127362966537476
1999/2/26 0:00,0.5891,0.44126877188682556
1999/2/27 0:00,0.5869,0.4410257637500763
1999/2/28 0:00,0.5898,0.4408527612686157
1999/3/1 0:00,0.5856,0.44112277030944824
1999/3/2 0:00,0.58435,0.44135206937789917
1999/3/3 0:00,0.5895,0.44149136543273926
1999/3/4 0:00,0.58535,0.44174444675445557
1999/3/5 0:00,0.5864,0.44166243076324463
1999/3/6 0:00,0.566,0.4413330554962158
1999/3/7 0:00,0.572,0.44096001982688904
1999/3/8 0:00,0.5782,0.44120895862579346
1999/3/9 0:00,0.5782,0.44147929549217224
1999/3/10 0:00,0.5742,0.44227877259254456
1999/3/11 0:00,0.5654,0.4417981207370758
1999/3/12 0:00,0.5688,0.4419606029987335
1999/3/13 0:00,0.5741,0.44211888313293457
1999/3/14 0:00,0.5766,0.44264087080955505
1999/3/15 0:00,0.58225,0.44240522384643555
1999/3/16 0:00,0.5858,0.44254225492477417
1999/3/17 0:00,0.58395,0.4426684081554413
1999/3/18 0:00,0.59805,0.4427843689918518
1999/3/19 0:00,0.5962,0.44305670261383057
1999/3/20 0:00,0.5887,0.44311439990997314
1999/3/21 0:00,0.5914,0.4431019127368927
1999/3/22 0:00,0.59695,0.4430084228515625
1999/3/23 0:00,0.59815,0.4429358243942261
1999/3/24 0:00,0.59725,0.44277510046958923
1999/3/25 0:00,0.6009,0.44296398758888245
1999/3/26 0:00,0.60005,0.443304181098938
1999/3/27 0:00,0.59705,0.44276633858680725
1999/3/28 0:00,0.59615,0.44289469718933105
1999/3/29 0:00,0.594,0.44293537735939026
1999/3/30 0:00,0.59635,0.4430875778198242
1999/3/31 0:00,0.59575,0.4429347515106201
1999/4/1 0:00,0.5973,0.4429141581058502
1999/4/2 0:00,0.6037,0.4424998462200165
1999/4/3 0:00,0.6087,0.44214528799057007
1999/4/4 0:00,0.6102,0.4421590566635132
1999/4/5 0:00,0.61205,0.4425181448459625
1999/4/6 0:00,0.61025,0.44316235184669495
1999/4/7 0:00,0.61305,0.44311001896858215
1999/4/8 0:00,0.61295,0.44259893894195557
1999/4/9 0:00,0.6128,0.4428993761539459
1999/4/10 0:00,0.6093,0.4432198405265808
1999/4/11 0:00,0.6128,0.4433143734931946
1999/4/12 0:00,0.61545,0.443118155002594
1999/4/13 0:00,0.61265,0.4430781900882721
1999/4/14 0:00,0.61775,0.44240546226501465
1999/4/15 0:00,0.6218,0.44236868619918823
1999/4/16 0:00,0.6263,0.44243305921554565
1999/4/17 0:00,0.62655,0.44256120920181274
1999/4/18 0:00,0.6299,0.4424828290939331
1999/4/19 0:00,0.63,0.4422740936279297
1999/4/20 0:00,0.6298,0.441874623298645
1999/4/21 0:00,0.63435,0.4422047734260559
1999/4/22 0:00,0.63905,0.442836731672287
1999/4/23 0:00,0.6397,0.4433484375476837
1999/4/24 0:00,0.6407,0.4432699382305145
1999/4/25 0:00,0.6374,0.4433682858943939
1999/4/26 0:00,0.6396,0.4428361654281616
1999/4/27 0:00,0.641,0.44267576932907104
1999/4/28 0:00,0.6401,0.4422033429145813
1999/4/29 0:00,0.64415,0.4427589178085327
1999/4/30 0:00,0.64615,0.4433801770210266
1999/5/1 0:00,0.6445,0.4434204697608948
1999/5/2 0:00,0.64555,0.44290515780448914
1999/5/3 0:00,0.64745,0.44307613372802734
1999/5/4 0:00,0.64705,0.4435151219367981
1999/5/5 0:00,0.64815,0.44339844584465027
1999/5/6 0:00,0.64405,0.44349053502082825
1999/5/7 0:00,0.6492,0.4436083734035492
1999/5/8 0:00,0.6479,0.4431438148021698
1999/5/9 0:00,0.65155,0.44313710927963257
1999/5/10 0:00,0.648,0.4429536461830139
1999/5/11 0:00,0.64635,0.4429871439933777
1999/5/12 0:00,0.6438,0.44445279240608215
1999/5/13 0:00,0.64195,0.4444066286087036
1999/5/14 0:00,0.63995,0.4442814588546753
1999/5/15 0:00,0.65005,0.4443451166152954
1999/5/16 0:00,0.6551,0.4441121816635132
1999/5/17 0:00,0.6622,0.4443455934524536
1999/5/18 0:00,0.67105,0.44430023431777954
1999/5/19 0:00,0.67425,0.44417524337768555
1999/5/20 0:00,0.67085,0.44425666332244873
1999/5/21 0:00,0.68295,0.44439926743507385
1999/5/22 0:00,0.6841,0.44450268149375916
1999/5/23 0:00,0.6821,0.4446294903755188
1999/5/24 0:00,0.6761,0.4446689486503601
1999/5/25 0:00,0.67075,0.4447683095932007
1999/5/26 0:00,0.6591,0.4447600245475769
1999/5/27 0:00,0.6656,0.44488680362701416
1999/5/28 0:00,0.67265,0.4446447491645813
1999/5/29 0:00,0.67735,0.44504812359809875
1999/5/30 0:00,0.67505,0.4448177218437195
1999/5/31 0:00,0.6782,0.444558709859848
1999/6/1 0:00,0.67555,0.4447329044342041
1999/6/2 0:00,0.66955,0.44490379095077515
1999/6/3 0:00,0.6727,0.44464510679244995
1999/6/4 0:00,0.6838,0.4444929361343384
1999/6/5 0:00,0.68665,0.44442665576934814
1999/6/6 0:00,0.68945,0.4441588521003723
1999/6/7 0:00,0.69955,0.4442800283432007
1999/6/8 0:00,0.7006,0.44449180364608765
1999/6/9 0:00,0.69945,0.4445268511772156
1999/6/10 0:00,0.70145,0.4447137117385864
1999/6/11 0:00,0.70625,0.4445589482784271
1999/6/12 0:00,0.70955,0.4445929527282715
1999/6/13 0:00,0.7,0.44450467824935913
1999/6/14 0:00,0.70035,0.44452333450317383
1999/6/15 0:00,0.68105,0.4444192051887512
1999/6/16 0:00,0.692,0.444612979888916
1999/6/17 0:00,0.68775,0.4445508122444153
1999/6/18 0:00,0.68735,0.4444754421710968
1999/6/19 0:00,0.68635,0.4444097876548767
1999/6/20 0:00,0.69065,0.44420090317726135
1999/6/21 0:00,0.681,0.44396230578422546
1999/6/22 0:00,0.6707,0.44430190324783325
1999/6/23 0:00,0.6676,0.44410866498947144
1999/6/24 0:00,0.67555,0.4437686800956726
1999/6/25 0:00,0.6779,0.4439045488834381
1999/6/26 0:00,0.6765,0.4441946744918823
1999/6/27 0:00,0.64835,0.44387856125831604
1999/6/28 0:00,0.64265,0.4438002109527588
1999/6/29 0:00,0.6461,0.4437929391860962
1999/6/30 0:00,0.65055,0.4437009394168854
1999/7/1 0:00,0.64965,0.4435901641845703
1999/7/2 0:00,0.6601,0.44360029697418213
1999/7/3 0:00,0.65505,0.44360119104385376
1999/7/4 0:00,0.6631,0.4435552954673767
1999/7/5 0:00,0.65395,0.44322431087493896
1999/7/6 0:00,0.645,0.44305863976478577
1999/7/7 0:00,0.6553,0.4433058798313141
1999/7/8 0:00,0.65705,0.4435042142868042
1999/7/9 0:00,0.65705,0.4435720443725586
1999/7/10 0:00,0.6691,0.4437987506389618
1999/7/11 0:00,0.6558,0.4436603784561157
1999/7/12 0:00,0.65015,0.44343310594558716
1999/7/13 0:00,0.657,0.44321608543395996
1999/7/14 0:00,0.66395,0.4434014558792114
1999/7/15 0:00,0.64965,0.44354039430618286
1999/7/16 0:00,0.63565,0.4437582492828369
1999/7/17 0:00,0.63785,0.4432487487792969
1999/7/18 0:00,0.64095,0.44339826703071594
1999/7/19 0:00,0.6438,0.44346287846565247
1999/7/20 0:00,0.6291,0.44397640228271484
1999/7/21 0:00,0.6215,0.44386929273605347
1999/7/22 0:00,0.6283,0.4438428580760956
1999/7/23 0:00,0.63135,0.44396817684173584
1999/7/24 0:00,0.62565,0.4441332519054413
1999/7/25 0:00,0.6247,0.4443863034248352
1999/7/26 0:00,0.6332,0.44431233406066895
1999/7/27 0:00,0.63675,0.4442654848098755
1999/7/28 0:00,0.6299,0.44426804780960083
1999/7/29 0:00,0.62675,0.44408929347991943
1999/7/30 0:00,0.6055,0.44400960206985474
1999/7/31 0:00,0.60655,0.4440208375453949
1999/8/1 0:00,0.6132,0.444507896900177
1999/8/2 0:00,0.59835,0.4440692663192749
1999/8/3 0:00,0.60455,0.4438752233982086
1999/8/4 0:00,0.599,0.4439132809638977
1999/8/5 0:00,0.59955,0.44423335790634155
1999/8/6 0:00,0.60725,0.44420450925827026
1999/8/7 0:00,0.60955,0.4438904821872711
1999/8/8 0:00,0.6079,0.4435464143753052
1999/8/9 0:00,0.6171,0.4433914124965668
1999/8/10 0:00,0.62145,0.4433881342411041
1999/8/11 0:00,0.63065,0.4437367916107178
1999/8/12 0:00,0.6339,0.4441613256931305
1999/8/13 0:00,0.62665,0.4442562460899353
1999/8/14 0:00,0.61695,0.44377052783966064
1999/8/15 0:00,0.62495,0.44398435950279236
1999/8/16 0:00,0.6322,0.4441027045249939
1999/8/17 0:00,0.628,0.4443187713623047
1999/8/18 0:00,0.6198,0.44419020414352417
1999/8/19 0:00,0.63415,0.44398605823516846
1999/8/20 0:00,0.6245,0.44355833530426025
1999/8/21 0:00,0.6378,0.44346392154693604
1999/8/22 0:00,0.62935,0.44353243708610535
1999/8/23 0:00,0.6223,0.44337165355682373
1999/8/24 0:00,0.62765,0.44306764006614685
1999/8/25 0:00,0.62935,0.4431579113006592
1999/8/26 0:00,0.62775,0.4428376853466034
1999/8/27 0:00,0.62445,0.4428003430366516
1999/8/28 0:00,0.63515,0.4431084394454956
1999/8/29 0:00,0.63605,0.4438440203666687
1999/8/30 0:00,0.64135,0.44385167956352234
1999/8/31 0:00,0.6306,0.4437542259693146
1999/9/1 0:00,0.63595,0.4435073137283325
1999/9/2 0:00,0.6407,0.4434412121772766
1999/9/3 0:00,0.6473,0.4430462121963501
1999/9/4 0:00,0.6474,0.44325879216194153
1999/9/5 0:00,0.64955,0.4437445104122162
1999/9/6 0:00,0.6558,0.443737268447876
1999/9/7 0:00,0.65605,0.4432132840156555
1999/9/8 0:00,0.65715,0.4431757926940918
1999/9/9 0:00,0.66075,0.44342541694641113
1999/9/10 0:00,0.65845,0.44358399510383606
1999/9/11 0:00,0.6528,0.4437595307826996
1999/9/12 0:00,0.65085,0.4438803493976593
1999/9/13 0:00,0.6592,0.4434524476528168
1999/9/14 0:00,0.656,0.44339776039123535
1999/9/15 0:00,0.65245,0.44321054220199585
1999/9/16 0:00,0.64015,0.4431212544441223
1999/9/17 0:00,0.6408,0.44443225860595703
1999/9/18 0:00,0.63535,0.443475604057312
1999/9/19 0:00,0.6359,0.4434788227081299
1999/9/20 0:00,0.628,0.44359177350997925
1999/9/21 0:00,0.62915,0.4433504343032837
1999/9/22 0:00,0.63345,0.443611741065979
1999/9/23 0:00,0.6367,0.44360771775245667
1999/9/24 0:00,0.63905,0.44347313046455383
1999/9/25 0:00,0.63905,0.4435350298881531
1999/9/26 0:00,0.6431,0.44369643926620483
1999/9/27 0:00,0.64535,0.4437406063079834
1999/9/28 0:00,0.6433,0.44390371441841125
1999/9/29 0:00,0.65315,0.4438244104385376
1999/9/30 0:00,0.65275,0.4439350366592407
1999/10/1 0:00,0.65145,0.4438991844654083
1999/10/2 0:00,0.6548,0.4440460205078125
1999/10/3 0:00,0.65725,0.4436803460121155
1999/10/4 0:00,0.66515,0.4441273808479309
1999/10/5 0:00,0.66485,0.44397181272506714
1999/10/6 0:00,0.66375,0.4436436891555786
1999/10/7 0:00,0.6634,0.4437194764614105
1999/10/8 0:00,0.6718,0.4439191222190857
1999/10/9 0:00,0.673,0.44370970129966736
1999/10/10 0:00,0.6626,0.44357830286026
1999/10/11 0:00,0.64725,0.4434444308280945
1999/10/12 0:00,0.6503,0.44329598546028137
1999/10/13 0:00,0.6515,0.44335636496543884
1999/10/14 0:00,0.64965,0.44350218772888184
1999/10/15 0:00,0.64965,0.4433632493019104
1999/10/16 0:00,0.65555,0.44370049238204956
1999/10/17 0:00,0.65335,0.4436018466949463
1999/10/18 0:00,0.64675,0.4436302185058594
1999/10/19 0:00,0.64685,0.4435046315193176
1999/10/20 0:00,0.64825,0.4435420632362366
1999/10/21 0:00,0.64605,0.4434574842453003
1999/10/22 0:00,0.646049,0.4436545968055725
1999/10/23 0:00,0.65305,0.4436183571815491
1999/10/24 0:00,0.6562,0.4435427486896515
1999/10/25 0:00,0.65965,0.44347476959228516
1999/10/26 0:00,0.66145,0.443216472864151
1999/10/27 0:00,0.65725,0.44275304675102234
1999/10/28 0:00,0.66015,0.4431905746459961
1999/10/29 0:00,0.65995,0.44310879707336426
1999/10/30 0:00,0.733665,0.44281005859375
1999/10/31 0:00,0.66395,0.44276338815689087
1999/11/1 0:00,0.66205,0.44307515025138855
1999/11/2 0:00,0.66645,0.4428308308124542
1999/11/3 0:00,0.66605,0.4428113102912903
1999/11/4 0:00,0.66635,0.44285133481025696
1999/11/5 0:00,0.67015,0.4427622854709625
1999/11/6 0:00,0.66975,0.4426279664039612
1999/11/7 0:00,0.670151,0.4424551725387573
1999/11/8 0:00,0.669748,0.4423285722732544
1999/11/9 0:00,0.671001,0.4425029158592224
1999/11/10 0:00,0.6735,0.4422762393951416
1999/11/11 0:00,0.673491,0.44218361377716064
1999/11/12 0:00,0.67735,0.4423099458217621
1999/11/13 0:00,0.6822,0.4425645172595978
1999/11/14 0:00,0.6779,0.4426354765892029
1999/11/15 0:00,0.6764,0.4428701400756836
1999/11/16 0:00,0.68065,0.4427015483379364
1999/11/17 0:00,0.68635,0.4425550401210785
1999/11/18 0:00,0.68505,0.4424934983253479
1999/11/19 0:00,0.68505,0.4425729811191559
1999/11/20 0:00,0.6913,0.4425167441368103
1999/11/21 0:00,0.6925,0.44251394271850586
1999/11/22 0:00,0.69705,0.44209927320480347
1999/11/23 0:00,0.7005,0.44223999977111816
1999/11/24 0:00,0.6969,0.44218671321868896
1999/11/25 0:00,0.68635,0.4427211880683899
1999/11/26 0:00,0.6828,0.44264793395996094
1999/11/27 0:00,0.6838,0.44255852699279785
1999/11/28 0:00,0.68645,0.4425709843635559
1999/11/29 0:00,0.6839,0.4427158832550049
1999/11/30 0:00,0.6859,0.4428612291812897
1999/12/1 0:00,0.6908,0.44286561012268066
1999/12/2 0:00,0.69065,0.4426902234554291
1999/12/3 0:00,0.69385,0.442772775888443
1999/12/4 0:00,0.69135,0.44264525175094604
1999/12/5 0:00,0.6882,0.44266653060913086
1999/12/6 0:00,0.68455,0.44254812598228455
1999/12/7 0:00,0.6875,0.44302991032600403
1999/12/8 0:00,0.69395,0.44264209270477295
1999/12/9 0:00,0.69745,0.4423905909061432
1999/12/10 0:00,0.70095,0.4424062967300415
1999/12/11 0:00,0.70835,0.44272756576538086
1999/12/12 0:00,0.70275,0.44268906116485596
1999/12/13 0:00,0.71055,0.44244489073753357
1999/12/14 0:00,0.7094,0.44201117753982544
1999/12/15 0:00,0.70965,0.44191303849220276
1999/12/16 0:00,0.709673,0.44190317392349243
1999/12/17 0:00,0.71765,0.44218409061431885
1999/12/18 0:00,0.71675,0.4423350393772125
1999/12/19 0:00,0.7136,0.4426228404045105
1999/12/20 0:00,0.71855,0.44226640462875366
1999/12/21 0:00,0.71745,0.4424669146537781
1999/12/22 0:00,0.71595,0.44242578744888306
1999/12/23 0:00,0.721,0.44254082441329956
1999/12/24 0:00,0.72345,0.4424078166484833
1999/12/25 0:00,0.7184,0.44230756163597107
1999/12/26 0:00,0.7152,0.44192659854888916
1999/12/27 0:00,0.70985,0.4418712854385376
1999/12/28 0:00,0.70185,0.44192585349082947
1999/12/29 0:00,0.7096,0.44173160195350647
1999/12/30 0:00,0.70915,0.4412428140640259
1999/12/31 0:00,0.7163,0.44143879413604736
2000/1/1 0:00,0.70975,0.4411620497703552
2000/1/2 0:00,0.71535,0.44109177589416504
2000/1/3 0:00,0.715359,0.4412580728530884
2000/1/4 0:00,0.71045,0.44190874695777893
2000/1/5 0:00,0.71195,0.44187256693840027
2000/1/6 0:00,0.7134,0.44180190563201904
2000/1/7 0:00,0.71955,0.4416050910949707
2000/1/8 0:00,0.71355,0.44147202372550964
2000/1/9 0:00,0.713552,0.44104066491127014
2000/1/10 0:00,0.7142,0.4409935474395752
2000/1/11 0:00,0.7021,0.44121772050857544
2000/1/12 0:00,0.70075,0.44141554832458496
2000/1/13 0:00,0.698,0.44096997380256653
2000/1/14 0:00,0.7041,0.44090700149536133
2000/1/15 0:00,0.6943,0.4409548044204712
2000/1/16 0:00,0.6943,0.44112566113471985
2000/1/17 0:00,0.6955,0.44129854440689087
2000/1/18 0:00,0.69905,0.441466748714447
2000/1/19 0:00,0.70385,0.4409519135951996
2000/1/20 0:00,0.70575,0.4407113194465637
2000/1/21 0:00,0.699,0.4404086768627167
2000/1/22 0:00,0.69935,0.4402581453323364
2000/1/23 0:00,0.6993,0.4413526654243469
2000/1/24 0:00,0.6992,0.4402256906032562
2000/1/25 0:00,0.6953,0.44021075963974
2000/1/26 0:00,0.70365,0.440388947725296
2000/1/27 0:00,0.70235,0.4401341378688812
2000/1/28 0:00,0.71465,0.44045892357826233
2000/1/29 0:00,0.71465,0.44043436646461487
2000/1/30 0:00,0.7143,0.44034579396247864
2000/1/31 0:00,0.71325,0.440299391746521
2000/2/1 0:00,0.71735,0.4404924511909485
2000/2/2 0:00,0.71365,0.4404497742652893
2000/2/3 0:00,0.7125,0.4406593441963196
2000/2/4 0:00,0.7125,0.44049182534217834
2000/2/5 0:00,0.71025,0.4406721591949463
2000/2/6 0:00,0.70945,0.44061151146888733
2000/2/7 0:00,0.71255,0.4407550096511841
2000/2/8 0:00,0.71115,0.44033756852149963
2000/2/9 0:00,0.7104,0.44084030389785767
2000/2/10 0:00,0.7123,0.440685510635376
2000/2/11 0:00,0.7047,0.440376877784729
2000/2/12 0:00,0.69915,0.4404052793979645
2000/2/13 0:00,0.6993,0.4406982660293579
2000/2/14 0:00,0.7054,0.4404141306877136
2000/2/15 0:00,0.71295,0.4403526186943054
2000/2/16 0:00,0.7128,0.44022658467292786
2000/2/17 0:00,0.7128,0.44023221731185913
2000/2/18 0:00,0.71735,0.44016358256340027
2000/2/19 0:00,0.71605,0.4402766227722168
2000/2/20 0:00,0.71325,0.4400879144668579
2000/2/21 0:00,0.7161,0.44050332903862
2000/2/22 0:00,0.72355,0.4403879642486572
2000/2/23 0:00,0.7251,0.4404219090938568
2000/2/24 0:00,0.728,0.44023528695106506
2000/2/25 0:00,0.72725,0.44029638171195984
2000/2/26 0:00,0.72355,0.4401375651359558
2000/2/27 0:00,0.7194,0.44041556119918823
2000/2/28 0:00,0.7223,0.44032779335975647
2000/2/29 0:00,0.7223,0.44032880663871765
2000/3/1 0:00,0.72965,0.44026315212249756
2000/3/2 0:00,0.7239,0.44005486369132996
2000/3/3 0:00,0.7249,0.439527690410614
2000/3/4 0:00,0.72685,0.44004136323928833
2000/3/5 0:00,0.73105,0.43998581171035767
2000/3/6 0:00,0.7328,0.4397628605365753
2000/3/7 0:00,0.7328,0.4396088123321533
2000/3/8 0:00,0.73455,0.4399705231189728
2000/3/9 0:00,0.73875,0.4397338628768921
2000/3/10 0:00,0.73335,0.43979889154434204
2000/3/11 0:00,0.73805,0.4398261606693268
2000/3/12 0:00,0.7378,0.43990522623062134
2000/3/13 0:00,0.741,0.43977823853492737
2000/3/14 0:00,0.73975,0.4396429657936096
2000/3/15 0:00,0.73855,0.4395110309123993
2000/3/16 0:00,0.74165,0.4397946894168854
2000/3/17 0:00,0.7444,0.43947499990463257
2000/3/18 0:00,0.74235,0.43938568234443665
2000/3/19 0:00,0.7404,0.4394097328186035
2000/3/20 0:00,0.7449,0.43970149755477905
2000/3/21 0:00,0.7449,0.4396708607673645
2000/3/22 0:00,0.7384,0.4399307072162628
2000/3/23 0:00,0.73895,0.4397372901439667
2000/3/24 0:00,0.72175,0.43964406847953796
2000/3/25 0:00,0.7154,0.4395715594291687
2000/3/26 0:00,0.71325,0.43968355655670166
2000/3/27 0:00,0.7141,0.4394785463809967
2000/3/28 0:00,0.7141,0.4391603171825409
2000/3/29 0:00,0.7087,0.4388212561607361
2000/3/30 0:00,0.71125,0.43903204798698425
2000/3/31 0:00,0.70975,0.4389462471008301
2000/4/1 0:00,0.7134,0.4394277036190033
2000/4/2 0:00,0.71,0.4393680989742279
2000/4/3 0:00,0.7082,0.43935227394104004
2000/4/4 0:00,0.711,0.4392004907131195
2000/4/5 0:00,0.705,0.43934905529022217
2000/4/6 0:00,0.70845,0.43942511081695557
2000/4/7 0:00,0.71125,0.43954673409461975
2000/4/8 0:00,0.71545,0.4392755627632141
2000/4/9 0:00,0.7144,0.4394618570804596
2000/4/10 0:00,0.7165,0.4394046664237976
2000/4/11 0:00,0.7165,0.4394131302833557
2000/4/12 0:00,0.7199,0.43919801712036133
2000/4/13 0:00,0.71825,0.7168564796447754
2000/4/14 0:00,0.7263,0.7167787551879883
2000/4/15 0:00,0.7217,0.7171207666397095
2000/4/16 0:00,0.7176,0.7171454429626465
2000/4/17 0:00,0.7161,0.7172330617904663
2000/4/18 0:00,0.7161,0.717035174369812
2000/4/19 0:00,0.7147,0.7173152565956116
2000/4/20 0:00,0.72055,0.7170354127883911
2000/4/21 0:00,0.7272,0.7171832919120789
2000/4/22 0:00,0.7288,0.7170644402503967
2000/4/23 0:00,0.7328,0.7173799872398376
2000/4/24 0:00,0.73115,0.7176251411437988
2000/4/25 0:00,0.73115,0.7177733778953552
2000/4/26 0:00,0.7285,0.7179593443870544
2000/4/27 0:00,0.7228,0.7180821895599365
2000/4/28 0:00,0.72275,0.7179273366928101
2000/4/29 0:00,0.7285,0.7179374694824219
2000/4/30 0:00,0.73245,0.7178653478622437
2000/5/1 0:00,0.7325,0.7180280089378357
2000/5/2 0:00,0.7325,0.7176998853683472
2000/5/3 0:00,0.7285,0.7179276943206787
2000/5/4 0:00,0.72635,0.7180675864219666
2000/5/5 0:00,0.73245,0.7186012268066406
2000/5/6 0:00,0.7351,0.7187098264694214
2000/5/7 0:00,0.73285,0.7186020612716675
2000/5/8 0:00,0.7328,0.7189839482307434
2000/5/9 0:00,0.7322,0.7193677425384521
2000/5/10 0:00,0.7301,0.7192264199256897
2000/5/11 0:00,0.73075,0.7188853025436401
2000/5/12 0:00,0.73115,0.7186332941055298
2000/5/13 0:00,0.7196,0.7188373804092407
2000/5/14 0:00,0.71305,0.7187947034835815
2000/5/15 0:00,0.7123,0.7188166975975037
2000/5/16 0:00,0.71285,0.7187564969062805
2000/5/17 0:00,0.70775,0.719136655330658
2000/5/18 0:00,0.70895,0.719214677810669
2000/5/19 0:00,0.71045,0.7193092107772827
2000/5/20 0:00,0.71165,0.7196027040481567
2000/5/21 0:00,0.70735,0.7201114296913147
2000/5/22 0:00,0.7081,0.7199336886405945
2000/5/23 0:00,0.7094,0.720143735408783
2000/5/24 0:00,0.70935,0.720118522644043
2000/5/25 0:00,0.71315,0.7200762033462524
2000/5/26 0:00,0.71415,0.7198864817619324
2000/5/27 0:00,0.7117,0.7198102474212646
2000/5/28 0:00,0.7137,0.7200325131416321
2000/5/29 0:00,0.71505,0.7205646634101868
2000/5/30 0:00,0.71505,0.7206519842147827
2000/5/31 0:00,0.7123,0.7205448150634766
2000/6/1 0:00,0.7059,0.7208507061004639
2000/6/2 0:00,0.7013,0.7212185859680176
2000/6/3 0:00,0.70135,0.7211771607398987
2000/6/4 0:00,0.70245,0.7213801741600037
2000/6/5 0:00,0.6997,0.7215020060539246
2000/6/6 0:00,0.6997,0.722078800201416
2000/6/7 0:00,0.70875,0.7221924066543579
2000/6/8 0:00,0.71385,0.7216688394546509
2000/6/9 0:00,0.7161,0.721244752407074
2000/6/10 0:00,0.71215,0.7211387157440186
2000/6/11 0:00,0.70705,0.7206919193267822
2000/6/12 0:00,0.7095,0.7205115556716919
2000/6/13 0:00,0.7043,0.720625102519989
2000/6/14 0:00,0.70935,0.7209734320640564
2000/6/15 0:00,0.71075,0.7202262878417969
2000/6/16 0:00,0.71555,0.7235051393508911
2000/6/17 0:00,0.7163,0.7236349582672119
2000/6/18 0:00,0.7173,0.7241232395172119
2000/6/19 0:00,0.7153,0.723937451839447
2000/6/20 0:00,0.71435,0.723355233669281
2000/6/21 0:00,0.71545,0.7225561141967773
2000/6/22 0:00,0.71635,0.7227600812911987
2000/6/23 0:00,0.7074,0.7223285436630249
2000/6/24 0:00,0.70435,0.7225360870361328
2000/6/25 0:00,0.70595,0.7220172882080078
2000/6/26 0:00,0.7079,0.7221130728721619
2000/6/27 0:00,0.70145,0.7223020195960999
2000/6/28 0:00,0.6992,0.7228600978851318
2000/6/29 0:00,0.69195,0.723077118396759
2000/6/30 0:00,0.6843,0.7229560017585754
2000/7/1 0:00,0.6835,0.7228215932846069
2000/7/2 0:00,0.68315,0.7225531339645386
2000/7/3 0:00,0.68,0.7223997116088867
2000/7/4 0:00,0.67535,0.722095251083374
2000/7/5 0:00,0.67635,0.7219268679618835
2000/7/6 0:00,0.6733,0.7221860885620117
2000/7/7 0:00,0.6735,0.7216839790344238
2000/7/8 0:00,0.6735,0.7220670580863953
2000/7/9 0:00,0.6851,0.7218209505081177
2000/7/10 0:00,0.679306,0.721769392490387
2000/7/11 0:00,0.67685,0.7216721773147583
2000/7/12 0:00,0.67435,0.721835732460022
2000/7/13 0:00,0.67315,0.7216235399246216
2000/7/14 0:00,0.67725,0.720862865447998
2000/7/15 0:00,0.6739,0.7206333875656128
2000/7/16 0:00,0.67405,0.7208831906318665
2000/7/17 0:00,0.6844,0.7210338115692139
2000/7/18 0:00,0.68725,0.7204653024673462
2000/7/19 0:00,0.6864,0.7203459143638611
2000/7/20 0:00,0.6864,0.7204468250274658
2000/7/21 0:00,0.68305,0.720391035079956
2000/7/22 0:00,0.6829,0.7212405800819397
2000/7/23 0:00,0.67935,0.72145676612854
2000/7/24 0:00,0.68085,0.7219848036766052
2000/7/25 0:00,0.6831,0.7213006019592285
2000/7/26 0:00,0.6803,0.7213243246078491
2000/7/27 0:00,0.68395,0.7211505174636841
2000/7/28 0:00,0.6879,0.7209122776985168
2000/7/29 0:00,0.69145,0.7208041548728943
2000/7/30 0:00,0.69165,0.7204007506370544
2000/7/31 0:00,0.68975,0.7203941941261292
2000/8/1 0:00,0.69295,0.7207082509994507
2000/8/2 0:00,0.6914,0.7212313413619995
2000/8/3 0:00,0.69505,0.7212203741073608
2000/8/4 0:00,0.7047,0.7211161851882935
2000/8/5 0:00,0.70675,0.7216010093688965
2000/8/6 0:00,0.70825,0.7212716341018677
2000/8/7 0:00,0.7076,0.7215574979782104
2000/8/8 0:00,0.7057,0.7213269472122192
2000/8/9 0:00,0.70365,0.7226123809814453
2000/8/10 0:00,0.70085,0.7235226035118103
2000/8/11 0:00,0.69645,0.7231541275978088
2000/8/12 0:00,0.6966,0.7228904962539673
2000/8/13 0:00,0.69635,0.7226408123970032
2000/8/14 0:00,0.69605,0.7228028774261475
2000/8/15 0:00,0.69895,0.722981333732605
2000/8/16 0:00,0.69715,0.7235633134841919
2000/8/17 0:00,0.6951,0.7241791486740112
2000/8/18 0:00,0.6951,0.7251569032669067
2000/8/19 0:00,0.69465,0.7227323055267334
2000/8/20 0:00,0.68785,0.7225853204727173
2000/8/21 0:00,0.69205,0.722804844379425
2000/8/22 0:00,0.70425,0.7228975296020508
2000/8/23 0:00,0.7062,0.7227778434753418
2000/8/24 0:00,0.71025,0.7226760387420654
2000/8/25 0:00,0.70755,0.7228058576583862
2000/8/26 0:00,0.70575,0.7226898670196533
2000/8/27 0:00,0.70435,0.7227678298950195
2000/8/28 0:00,0.7078,0.7224718928337097
2000/8/29 0:00,0.7077,0.7226412296295166
2000/8/30 0:00,0.70785,0.7228008508682251
2000/8/31 0:00,0.70465,0.7229868769645691
2000/9/1 0:00,0.70275,0.7230129837989807
2000/9/2 0:00,0.70925,0.7232686281204224
2000/9/3 0:00,0.7055,0.7234621644020081
2000/9/4 0:00,0.70375,0.7231200337409973
2000/9/5 0:00,0.7046,0.7231086492538452
2000/9/6 0:00,0.7006,0.7231053709983826
2000/9/7 0:00,0.70175,0.722895622253418
2000/9/8 0:00,0.7014,0.7229184508323669
2000/9/9 0:00,0.69965,0.7229784727096558
2000/9/10 0:00,0.69405,0.7232645153999329
2000/9/11 0:00,0.68705,0.7232489585876465
2000/9/12 0:00,0.68655,0.7232536673545837
2000/9/13 0:00,0.68425,0.7233388423919678
2000/9/14 0:00,0.6787,0.7236596941947937
2000/9/15 0:00,0.6841,0.7235050201416016
2000/9/16 0:00,0.69075,0.7230014801025391
2000/9/17 0:00,0.69125,0.7226788997650146
2000/9/18 0:00,0.6911,0.7227131724357605
2000/9/19 0:00,0.691099,0.7228254675865173
2000/9/20 0:00,0.69465,0.7226595282554626
2000/9/21 0:00,0.69295,0.7226806879043579
2000/9/22 0:00,0.6968,0.7228137254714966
2000/9/23 0:00,0.696,0.7228277325630188
2000/9/24 0:00,0.69565,0.722545325756073
2000/9/25 0:00,0.6956,0.7224826812744141
2000/9/26 0:00,0.6973,0.722962498664856
2000/9/27 0:00,0.6919,0.7227561473846436
2000/9/28 0:00,0.69605,0.7225036025047302
2000/9/29 0:00,0.68985,0.7222011685371399
2000/9/30 0:00,0.69495,0.7221494913101196
2000/10/1 0:00,0.69665,0.7219417095184326
2000/10/2 0:00,0.69665,0.7217057347297668
2000/10/3 0:00,0.6974,0.7218408584594727
2000/10/4 0:00,0.6951,0.7219669818878174
2000/10/5 0:00,0.69795,0.7221964597702026
2000/10/6 0:00,0.7007,0.7219536304473877
2000/10/7 0:00,0.7001,0.7222097516059875
2000/10/8 0:00,0.7002,0.7224218845367432
2000/10/9 0:00,0.69965,0.7223201990127563
2000/10/10 0:00,0.7018,0.722293496131897
2000/10/11 0:00,0.70455,0.7222813367843628
2000/10/12 0:00,0.70295,0.7229278683662415
2000/10/13 0:00,0.70665,0.7230324745178223
2000/10/14 0:00,0.70465,0.7226850390434265
2000/10/15 0:00,0.7037,0.7225056886672974
2000/10/16 0:00,0.70345,0.7224045991897583
2000/10/17 0:00,0.70065,0.7220548391342163
2000/10/18 0:00,0.698,0.7215492129325867
2000/10/19 0:00,0.69175,0.7216325998306274
2000/10/20 0:00,0.69145,0.7218101024627686
2000/10/21 0:00,0.68515,0.7212954759597778
2000/10/22 0:00,0.68345,0.7218211889266968
2000/10/23 0:00,0.68315,0.722018837928772
2000/10/24 0:00,0.6787,0.722165584564209
2000/10/25 0:00,0.68145,0.7218785285949707
2000/10/26 0:00,0.6832,0.7212626934051514
2000/10/27 0:00,0.68785,0.7205312848091125
2000/10/28 0:00,0.687,0.7203891277313232
2000/10/29 0:00,0.68695,0.7200087308883667
2000/10/30 0:00,0.68605,0.7197568416595459
2000/10/31 0:00,0.68065,0.7192553281784058
2000/11/1 0:00,0.68435,0.7192438840866089
2000/11/2 0:00,0.68505,0.7193874716758728
2000/11/3 0:00,0.68725,0.7200402021408081
2000/11/4 0:00,0.6873,0.7201465964317322
2000/11/5 0:00,0.68835,0.7201336622238159
2000/11/6 0:00,0.68965,0.7200486660003662
2000/11/7 0:00,0.69125,0.719567060470581
2000/11/8 0:00,0.69465,0.7194982767105103
2000/11/9 0:00,0.6945,0.7191232442855835
2000/11/10 0:00,0.69715,0.718957245349884
2000/11/11 0:00,0.69705,0.718906044960022
2000/11/12 0:00,0.69665,0.7186774611473083
2000/11/13 0:00,0.70395,0.7183977961540222
2000/11/14 0:00,0.7005,0.7180066704750061
2000/11/15 0:00,0.70435,0.7184562087059021
2000/11/16 0:00,0.70525,0.7182396650314331
2000/11/17 0:00,0.71275,0.7179461121559143
2000/11/18 0:00,0.71275,0.7175711393356323
2000/11/19 0:00,0.71375,0.7170424461364746
2000/11/20 0:00,0.7179,0.7166488170623779
2000/11/21 0:00,0.71475,0.7167161107063293
2000/11/22 0:00,0.7034,0.716784656047821
2000/11/23 0:00,0.7006,0.7160824537277222
2000/11/24 0:00,0.7025,0.7162429690361023
2000/11/25 0:00,0.7042,0.7162790298461914
2000/11/26 0:00,0.70345,0.7162818908691406
2000/11/27 0:00,0.71095,0.7166330814361572
2000/11/28 0:00,0.7056,0.7166206240653992
2000/11/29 0:00,0.70775,0.7169294357299805
2000/11/30 0:00,0.69055,0.7165228724479675
2000/12/1 0:00,0.69075,0.7162339091300964
2000/12/2 0:00,0.69075,0.7160059213638306
2000/12/3 0:00,0.69075,0.7158149480819702
2000/12/4 0:00,0.68825,0.7154911756515503
2000/12/5 0:00,0.68305,0.714961051940918
2000/12/6 0:00,0.674799,0.7149432301521301
2000/12/7 0:00,0.6721,0.7146825194358826
2000/12/8 0:00,0.67365,0.7150787711143494
2000/12/9 0:00,0.67245,0.7153158187866211
2000/12/10 0:00,0.68135,0.7152557373046875
2000/12/11 0:00,0.6835,0.714880108833313
2000/12/12 0:00,0.6825,0.7142013311386108
2000/12/13 0:00,0.6827,0.7139534950256348
2000/12/14 0:00,0.6827,0.7133655548095703
2000/12/15 0:00,0.68625,0.7140017151832581
2000/12/16 0:00,0.68735,0.71455979347229
2000/12/17 0:00,0.68655,0.7140835523605347
2000/12/18 0:00,0.6907,0.714012086391449
2000/12/19 0:00,0.69315,0.7140703201293945
2000/12/20 0:00,0.69425,0.7141383290290833
2000/12/21 0:00,0.6971,0.7142045497894287
2000/12/22 0:00,0.69355,0.7144685983657837
2000/12/23 0:00,0.69885,0.7146061658859253
2000/12/24 0:00,0.6974,0.7158545255661011
2000/12/25 0:00,0.7,0.7116544842720032
2000/12/26 0:00,0.69525,0.7114244699478149
2000/12/27 0:00,0.6883,0.7114124894142151
2000/12/28 0:00,0.68685,0.7115727066993713
2000/12/29 0:00,0.68175,0.7115703225135803
2000/12/30 0:00,0.67905,0.7113535404205322
2000/12/31 0:00,0.6783,0.7115172147750854
2001/1/1 0:00,0.68165,0.7113919258117676
2001/1/2 0:00,0.68375,0.7110337018966675
2001/1/3 0:00,0.68295,0.7109240293502808
2001/1/4 0:00,0.68635,0.7111140489578247
2001/1/5 0:00,0.68405,0.7114450335502625
2001/1/6 0:00,0.6818,0.7114393711090088
2001/1/7 0:00,0.682,0.7114435434341431
2001/1/8 0:00,0.68775,0.7115278244018555
2001/1/9 0:00,0.68535,0.7117589712142944
2001/1/10 0:00,0.68985,0.7114567160606384
2001/1/11 0:00,0.68785,0.7114028334617615
2001/1/12 0:00,0.6863,0.711535632610321
2001/1/13 0:00,0.68375,0.7112849950790405
2001/1/14 0:00,0.6814,0.7110646963119507
2001/1/15 0:00,0.681059,0.7112111449241638
2001/1/16 0:00,0.67615,0.7114416360855103
2001/1/17 0:00,0.676827,0.7115426063537598
2001/1/18 0:00,0.67805,0.711429238319397
2001/1/19 0:00,0.6791,0.7113673686981201
2001/1/20 0:00,0.67815,0.7113227844238281
2001/1/21 0:00,0.6747,0.7113503217697144
2001/1/22 0:00,0.67705,0.7108414769172668
2001/1/23 0:00,0.67425,0.7103795409202576
2001/1/24 0:00,0.67095,0.7104470729827881
2001/1/25 0:00,0.6684,0.7105077505111694
2001/1/26 0:00,0.6673,0.7101153135299683
2001/1/27 0:00,0.66835,0.710586667060852
2001/1/28 0:00,0.6698,0.7108781933784485
2001/1/29 0:00,0.66085,0.7109860777854919
2001/1/30 0:00,0.658217,0.710768461227417
2001/1/31 0:00,0.6634,0.7108200192451477
2001/2/1 0:00,0.65785,0.7110660672187805
2001/2/2 0:00,0.66025,0.7110503911972046
2001/2/3 0:00,0.66355,0.7107499837875366
2001/2/4 0:00,0.66485,0.7103198766708374
2001/2/5 0:00,0.6664,0.7099299430847168
2001/2/6 0:00,0.66525,0.7097827196121216
2001/2/7 0:00,0.66525,0.7091657519340515
2001/2/8 0:00,0.66625,0.7091355323791504
2001/2/9 0:00,0.65685,0.7092246413230896
2001/2/10 0:00,0.65045,0.7094021439552307
2001/2/11 0:00,0.648504,0.7091693878173828
2001/2/12 0:00,0.651109,0.7091966867446899
2001/2/13 0:00,0.6462,0.7094823122024536
2001/2/14 0:00,0.6462,0.7096591591835022
2001/2/15 0:00,0.64285,0.7095767259597778
2001/2/16 0:00,0.63765,0.7096046805381775
2001/2/17 0:00,0.64245,0.7100395560264587
2001/2/18 0:00,0.64485,0.7100773453712463
2001/2/19 0:00,0.6407,0.709194004535675
2001/2/20 0:00,0.6342,0.7094343900680542
2001/2/21 0:00,0.6342,0.709260106086731
2001/2/22 0:00,0.63165,0.7087092399597168
2001/2/23 0:00,0.6237,0.708128035068512
2001/2/24 0:00,0.62425,0.708149790763855
2001/2/25 0:00,0.6268,0.7081093788146973
2001/2/26 0:00,0.6148,0.7073216438293457
2001/2/27 0:00,0.60845,0.7085323333740234
2001/2/28 0:00,0.61005,0.7086994647979736
2001/3/1 0:00,0.6074,0.7089264392852783
2001/3/2 0:00,0.6043,0.7089921832084656
2001/3/3 0:00,0.60765,0.7087762355804443
2001/3/4 0:00,0.605229,0.7083932161331177
2001/3/5 0:00,0.61595,0.7087082266807556
2001/3/6 0:00,0.61565,0.7086066007614136
2001/3/7 0:00,0.61655,0.7078341841697693
2001/3/8 0:00,0.60655,0.707522988319397
2001/3/9 0:00,0.61095,0.7075048089027405
2001/3/10 0:00,0.61385,0.7075445055961609
2001/3/11 0:00,0.61115,0.7079498171806335
2001/3/12 0:00,0.60835,0.7081106305122375
2001/3/13 0:00,0.60815,0.7084228992462158
2001/3/14 0:00,0.60915,0.7085528373718262
2001/3/15 0:00,0.6087,0.7081961631774902
2001/3/16 0:00,0.611145,0.7081308364868164
2001/3/17 0:00,0.62545,0.708034098148346
2001/3/18 0:00,0.62525,0.7077628970146179
2001/3/19 0:00,0.6316,0.7074628472328186
2001/3/20 0:00,0.63315,0.7075807452201843
2001/3/21 0:00,0.62715,0.7075154781341553
2001/3/22 0:00,0.6332,0.7073451280593872
2001/3/23 0:00,0.6337,0.7078835964202881
2001/3/24 0:00,0.63435,0.7078022360801697
2001/3/25 0:00,0.62965,0.7074720859527588
2001/3/26 0:00,0.62615,0.707094669342041
2001/3/27 0:00,0.63125,0.7064729332923889
2001/3/28 0:00,0.63385,0.7057416439056396
2001/3/29 0:00,0.6384,0.7059792280197144
2001/3/30 0:00,0.6383,0.7058969140052795
2001/3/31 0:00,0.637,0.7050275802612305
2001/4/1 0:00,0.63545,0.7056522965431213
2001/4/2 0:00,0.6404,0.7061015367507935
2001/4/3 0:00,0.63995,0.7061713337898254
2001/4/4 0:00,0.64,0.7062634229660034
2001/4/5 0:00,0.64245,0.7064063549041748
2001/4/6 0:00,0.64145,0.7066330313682556
2001/4/7 0:00,0.6424,0.7062671184539795
2001/4/8 0:00,0.6325,0.7055180072784424
2001/4/9 0:00,0.63105,0.705042839050293
2001/4/10 0:00,0.6219,0.7047789096832275
2001/4/11 0:00,0.63185,0.7044739723205566
2001/4/12 0:00,0.62495,0.7038931846618652
2001/4/13 0:00,0.621,0.7041569948196411
2001/4/14 0:00,0.6259,0.7043236494064331
2001/4/15 0:00,0.62265,0.7045353651046753
2001/4/16 0:00,0.6226,0.704810380935669
2001/4/17 0:00,0.6183,0.7047582864761353
2001/4/18 0:00,0.62245,0.7045495510101318
2001/4/19 0:00,0.62445,0.704251766204834
2001/4/20 0:00,0.6341,0.7039844393730164
2001/4/21 0:00,0.6397,0.7036387920379639
2001/4/22 0:00,0.6329,0.7041463255882263
2001/4/23 0:00,0.6329,0.7044928669929504
2001/4/24 0:00,0.63455,0.7035397291183472
2001/4/25 0:00,0.63535,0.7037500143051147
2001/4/26 0:00,0.6391,0.7039910554885864
2001/4/27 0:00,0.63325,0.7038608193397522
2001/4/28 0:00,0.632053,0.7040766477584839
2001/4/29 0:00,0.6303,0.7046322822570801
2001/4/30 0:00,0.6303,0.7052263617515564
2001/5/1 0:00,0.6324,0.7070685029029846
2001/5/2 0:00,0.63225,0.7048519849777222
2001/5/3 0:00,0.62845,0.704703688621521
2001/5/4 0:00,0.62975,0.7048982977867126
2001/5/5 0:00,0.62605,0.7050571441650391
2001/5/6 0:00,0.6323,0.7051328420639038
2001/5/7 0:00,0.62665,0.7051914930343628
2001/5/8 0:00,0.61975,0.705557644367218
2001/5/9 0:00,0.62295,0.7055854797363281
2001/5/10 0:00,0.62415,0.7050399780273438
2001/5/11 0:00,0.6171,0.705171525478363
2001/5/12 0:00,0.6171,0.7054192423820496
2001/5/13 0:00,0.61745,0.7058823704719543
2001/5/14 0:00,0.61645,0.7057631015777588
2001/5/15 0:00,0.621425,0.7059414386749268
2001/5/16 0:00,0.614575,0.7065200805664062
2001/5/17 0:00,0.61135,0.7066405415534973
2001/5/18 0:00,0.60815,0.7063983678817749
2001/5/19 0:00,0.606,0.706414520740509
2001/5/20 0:00,0.6078,0.7068240642547607
2001/5/21 0:00,0.6059,0.706487774848938
2001/5/22 0:00,0.60205,0.7064401507377625
2001/5/23 0:00,0.59565,0.7069225907325745
2001/5/24 0:00,0.60565,0.707013726234436
2001/5/25 0:00,0.6095,0.7071136236190796
2001/5/26 0:00,0.609,0.7069742679595947
2001/5/27 0:00,0.60825,0.7072340250015259
2001/5/28 0:00,0.60905,0.7072931528091431
2001/5/29 0:00,0.60425,0.7071905732154846
2001/5/30 0:00,0.60425,0.7068367004394531
2001/5/31 0:00,0.61055,0.70643150806427
2001/6/1 0:00,0.6113,0.7067894339561462
2001/6/2 0:00,0.61725,0.7066947817802429
2001/6/3 0:00,0.61795,0.7063919901847839
2001/6/4 0:00,0.618375,0.7068544626235962
2001/6/5 0:00,0.62215,0.7072393894195557
2001/6/6 0:00,0.6217,0.7074699401855469
2001/6/7 0:00,0.62335,0.7070349454879761
2001/6/8 0:00,0.624625,0.7073436975479126
2001/6/9 0:00,0.6223,0.7077739834785461
2001/6/10 0:00,0.6225,0.707805871963501
2001/6/11 0:00,0.623325,0.7072135806083679
2001/6/12 0:00,0.62465,0.7070364356040955
2001/6/13 0:00,0.62195,0.707118809223175
2001/6/14 0:00,0.61855,0.7069947719573975
2001/6/15 0:00,0.6183,0.706706702709198
2001/6/16 0:00,0.6171,0.7069882750511169
2001/6/17 0:00,0.61815,0.7072893381118774
2001/6/18 0:00,0.6185,0.7072489261627197
2001/6/19 0:00,0.61975,0.707111120223999
2001/6/20 0:00,0.622,0.707464337348938
2001/6/21 0:00,0.618325,0.7076152563095093
2001/6/22 0:00,0.6244,0.7075867056846619
2001/6/23 0:00,0.62525,0.7072553038597107
2001/6/24 0:00,0.627,0.7075958251953125
2001/6/25 0:00,0.62455,0.7080256342887878
2001/6/26 0:00,0.62495,0.7080447673797607
2001/6/27 0:00,0.63365,0.7073317170143127
2001/6/28 0:00,0.634325,0.7074350714683533
2001/6/29 0:00,0.63375,0.7072750329971313
2001/6/30 0:00,0.635,0.7069478034973145
2001/7/1 0:00,0.63635,0.706621527671814
2001/7/2 0:00,0.6309,0.7070510387420654
2001/7/3 0:00,0.63595,0.7078276872634888
2001/7/4 0:00,0.64095,0.7078279256820679
2001/7/5 0:00,0.63975,0.7063838839530945
2001/7/6 0:00,0.63925,0.706642210483551
2001/7/7 0:00,0.63925,0.7072542309761047
2001/7/8 0:00,0.6384,0.7076244950294495
2001/7/9 0:00,0.6402,0.7076692581176758
2001/7/10 0:00,0.6384,0.7072460651397705
2001/7/11 0:00,0.6354,0.7077200412750244
2001/7/12 0:00,0.6335,0.7079041004180908
2001/7/13 0:00,0.63665,0.7069505453109741
2001/7/14 0:00,0.63685,0.7071945071220398
2001/7/15 0:00,0.63635,0.707249641418457
2001/7/16 0:00,0.63905,0.7076336145401001
2001/7/17 0:00,0.64455,0.7078688740730286
2001/7/18 0:00,0.65135,0.7082745432853699
2001/7/19 0:00,0.65665,0.7088054418563843
2001/7/20 0:00,0.6556,0.7089493870735168
2001/7/21 0:00,0.6556,0.7089197039604187
2001/7/22 0:00,0.65745,0.7087535262107849
2001/7/23 0:00,0.64765,0.7090857028961182
2001/7/24 0:00,0.64755,0.7087655067443848
2001/7/25 0:00,0.6492,0.7085567712783813
2001/7/26 0:00,0.64445,0.7090263366699219
2001/7/27 0:00,0.63755,0.7089250683784485
2001/7/28 0:00,0.63755,0.7089889645576477
2001/7/29 0:00,0.63665,0.7092685103416443
2001/7/30 0:00,0.63845,0.7095669507980347
2001/7/31 0:00,0.641025,0.7092680931091309
2001/8/1 0:00,0.6536,0.7092618942260742
2001/8/2 0:00,0.65805,0.7088527679443359
2001/8/3 0:00,0.66235,0.7081108093261719
2001/8/4 0:00,0.6628,0.7088422775268555
2001/8/5 0:00,0.663125,0.7088724374771118
2001/8/6 0:00,0.66265,0.7081056237220764
2001/8/7 0:00,0.659,0.7086979150772095
2001/8/8 0:00,0.6597,0.7091425061225891
2001/8/9 0:00,0.66105,0.7089614868164062
2001/8/10 0:00,0.66105,0.7084883451461792
2001/8/11 0:00,0.66185,0.7088319659233093
2001/8/12 0:00,0.66995,0.708930492401123
2001/8/13 0:00,0.65975,0.7087962031364441
2001/8/14 0:00,0.6584,0.7079620361328125
2001/8/15 0:00,0.65155,0.7077847123146057
2001/8/16 0:00,0.6527,0.7078518867492676
2001/8/17 0:00,0.6527,0.7076009511947632
2001/8/18 0:00,0.65145,0.7071992754936218
2001/8/19 0:00,0.65765,0.7075181603431702
2001/8/20 0:00,0.6585,0.7079169154167175
2001/8/21 0:00,0.66425,0.7078763842582703
2001/8/22 0:00,0.662125,0.7081766128540039
2001/8/23 0:00,0.65885,0.7083530426025391
2001/8/24 0:00,0.6596,0.7081460952758789
2001/8/25 0:00,0.65565,0.7082104682922363
2001/8/26 0:00,0.6586,0.7075953483581543
2001/8/27 0:00,0.6606,0.7073850035667419
2001/8/28 0:00,0.65905,0.7076125144958496
2001/8/29 0:00,0.658875,0.7079094648361206
2001/8/30 0:00,0.6572,0.7067239284515381
2001/8/31 0:00,0.66065,0.7069636583328247
2001/9/1 0:00,0.66335,0.707435131072998
2001/9/2 0:00,0.6637,0.707106351852417
2001/9/3 0:00,0.6675,0.707362711429596
2001/9/4 0:00,0.6674,0.7078214883804321
2001/9/5 0:00,0.6674,0.7085959911346436
2001/9/6 0:00,0.66835,0.7100367546081543
2001/9/7 0:00,0.6636,0.7080109715461731
2001/9/8 0:00,0.66095,0.7079046964645386
2001/9/9 0:00,0.65745,0.7083184719085693
2001/9/10 0:00,0.65755,0.7085009813308716
2001/9/11 0:00,0.66025,0.708588719367981
2001/9/12 0:00,0.6618,0.7087277173995972
2001/9/13 0:00,0.6622,0.7091080546379089
2001/9/14 0:00,0.66545,0.7094635963439941
2001/9/15 0:00,0.67075,0.7089963555335999
2001/9/16 0:00,0.67185,0.7092117071151733
2001/9/17 0:00,0.67355,0.7096284627914429
2001/9/18 0:00,0.67,0.7101163268089294
2001/9/19 0:00,0.66975,0.7100471258163452
2001/9/20 0:00,0.6696,0.7101757526397705
2001/9/21 0:00,0.6678,0.710902750492096
2001/9/22 0:00,0.670482,0.7108756303787231
2001/9/23 0:00,0.666325,0.7108167409896851
2001/9/24 0:00,0.6657,0.7109638452529907
2001/9/25 0:00,0.666,0.7114206552505493
2001/9/26 0:00,0.666,0.7111508250236511
2001/9/27 0:00,0.66635,0.7110820412635803
2001/9/28 0:00,0.6605,0.7116132378578186
2001/9/29 0:00,0.6624,0.7116678953170776
2001/9/30 0:00,0.6593,0.7119152545928955
2001/10/1 0:00,0.6647,0.711868166923523
2001/10/2 0:00,0.66605,0.7122340202331543
2001/10/3 0:00,0.66505,0.7124447226524353
2001/10/4 0:00,0.6655,0.7121865749359131
2001/10/5 0:00,0.66925,0.7119649648666382
2001/10/6 0:00,0.669625,0.7115479707717896
2001/10/7 0:00,0.67095,0.7121284604072571
2001/10/8 0:00,0.6695,0.7121812105178833
2001/10/9 0:00,0.67395,0.7119665741920471
2001/10/10 0:00,0.67255,0.7123819589614868
2001/10/11 0:00,0.66935,0.7127232551574707
2001/10/12 0:00,0.67945,0.71296226978302
2001/10/13 0:00,0.6783,0.7122530341148376
2001/10/14 0:00,0.68355,0.7125934362411499
2001/10/15 0:00,0.68795,0.7129964232444763
2001/10/16 0:00,0.6844,0.7129512429237366
2001/10/17 0:00,0.68685,0.7125231027603149
2001/10/18 0:00,0.6901,0.7124385237693787
2001/10/19 0:00,0.6884,0.7127695679664612
2001/10/20 0:00,0.68675,0.7126226425170898
2001/10/21 0:00,0.68765,0.712722897529602
2001/10/22 0:00,0.68595,0.7130211591720581
2001/10/23 0:00,0.6898,0.7133999466896057
2001/10/24 0:00,0.6858,0.7133629322052002
2001/10/25 0:00,0.6891,0.7129794359207153
2001/10/26 0:00,0.69085,0.7134335041046143
2001/10/27 0:00,0.6937,0.7135438323020935
2001/10/28 0:00,0.68905,0.7136386036872864
2001/10/29 0:00,0.6908,0.713329553604126
2001/10/30 0:00,0.6908,0.7137688994407654
2001/10/31 0:00,0.68935,0.7143286466598511
2001/11/1 0:00,0.6914,0.7144609093666077
2001/11/2 0:00,0.6971,0.7141400575637817
2001/11/3 0:00,0.69345,0.7142230272293091
2001/11/4 0:00,0.6972,0.7144046425819397
2001/11/5 0:00,0.70055,0.7140846848487854
2001/11/6 0:00,0.70185,0.7138063907623291
2001/11/7 0:00,0.70515,0.7142952680587769
2001/11/8 0:00,0.7045,0.7151153683662415
2001/11/9 0:00,0.7045,0.7152698040008545
2001/11/10 0:00,0.7045,0.7129104733467102
2001/11/11 0:00,0.7056,0.7130573987960815
2001/11/12 0:00,0.708,0.713759183883667
2001/11/13 0:00,0.7052,0.7139340043067932
2001/11/14 0:00,0.69265,0.7139842510223389
2001/11/15 0:00,0.6872,0.7135862112045288
2001/11/16 0:00,0.6872,0.7138991355895996
2001/11/17 0:00,0.6852,0.7142937183380127
2001/11/18 0:00,0.6925,0.7134671807289124
2001/11/19 0:00,0.69065,0.7137925028800964
2001/11/20 0:00,0.6884,0.7139290571212769
2001/11/21 0:00,0.6892,0.7142327427864075
2001/11/22 0:00,0.6914,0.7143799066543579
2001/11/23 0:00,0.6914,0.7146600484848022
2001/11/24 0:00,0.69065,0.7153007388114929
2001/11/25 0:00,0.69515,0.7153013944625854
2001/11/26 0:00,0.69115,0.7155022621154785
2001/11/27 0:00,0.69255,0.715474545955658
2001/11/28 0:00,0.69445,0.7159210443496704
2001/11/29 0:00,0.6953,0.7156471014022827
2001/11/30 0:00,0.6953,0.7154673933982849
2001/12/1 0:00,0.6955,0.7162106037139893
2001/12/2 0:00,0.6994,0.7162787914276123
2001/12/3 0:00,0.70025,0.7164735794067383
2001/12/4 0:00,0.6988,0.7167276740074158
2001/12/5 0:00,0.69755,0.7171777486801147
2001/12/6 0:00,0.6969,0.7170067429542542
2001/12/7 0:00,0.6951,0.7167441844940186
2001/12/8 0:00,0.69585,0.716564416885376
2001/12/9 0:00,0.69605,0.7159479856491089
2001/12/10 0:00,0.6875,0.7169130444526672
2001/12/11 0:00,0.68875,0.7170562148094177
2001/12/12 0:00,0.68255,0.7166150808334351
2001/12/13 0:00,0.68095,0.7171393632888794
2001/12/14 0:00,0.68125,0.7174169421195984
2001/12/15 0:00,0.68415,0.7172733545303345
2001/12/16 0:00,0.68425,0.7166231870651245
2001/12/17 0:00,0.6796,0.7170988321304321
2001/12/18 0:00,0.68865,0.7173141241073608
2001/12/19 0:00,0.68565,0.7173452377319336
2001/12/20 0:00,0.6837,0.7168896198272705
2001/12/21 0:00,0.68485,0.7168697118759155
2001/12/22 0:00,0.686704,0.7172831296920776
2001/12/23 0:00,0.69435,0.7169265747070312
2001/12/24 0:00,0.69685,0.716948926448822
2001/12/25 0:00,0.6973,0.7174297571182251
2001/12/26 0:00,0.70075,0.7180788516998291
2001/12/27 0:00,0.70135,0.7180060744285583
2001/12/28 0:00,0.70505,0.7178963422775269
2001/12/29 0:00,0.70575,0.7181099653244019
2001/12/30 0:00,0.70675,0.7177881002426147
2001/12/31 0:00,0.7106,0.7179756760597229
2002/1/1 0:00,0.70475,0.717551589012146
2002/1/2 0:00,0.70085,0.7178305983543396
2002/1/3 0:00,0.69405,0.7185293436050415
2002/1/4 0:00,0.6886,0.7190225124359131
2002/1/5 0:00,0.6768,0.7185203433036804
2002/1/6 0:00,0.67995,0.7187044620513916
2002/1/7 0:00,0.68445,0.7192310094833374
2002/1/8 0:00,0.68495,0.7186787724494934
2002/1/9 0:00,0.6914,0.7188655734062195
2002/1/10 0:00,0.6929,0.719404935836792
2002/1/11 0:00,0.69775,0.7202842831611633
2002/1/12 0:00,0.69015,0.7218421101570129
2002/1/13 0:00,0.6949,0.720337450504303
2002/1/14 0:00,0.69725,0.7202149629592896
2002/1/15 0:00,0.70175,0.72060227394104
2002/1/16 0:00,0.70435,0.7208747863769531
2002/1/17 0:00,0.7043,0.7210733294487
2002/1/18 0:00,0.7145,0.7211652398109436
2002/1/19 0:00,0.7126,0.7214292287826538
2002/1/20 0:00,0.71635,0.7218883633613586
2002/1/21 0:00,0.71215,0.7214059233665466
2002/1/22 0:00,0.71555,0.7217312455177307
2002/1/23 0:00,0.71445,0.7222040891647339
2002/1/24 0:00,0.7217,0.7226700782775879
2002/1/25 0:00,0.7198,0.7225966453552246
2002/1/26 0:00,0.72025,0.7226908206939697
2002/1/27 0:00,0.72075,0.7233133316040039
2002/1/28 0:00,0.7282,0.7233312129974365
2002/1/29 0:00,0.72815,0.7234646677970886
2002/1/30 0:00,0.7288,0.7236661314964294
2002/1/31 0:00,0.73805,0.7241722941398621
2002/2/1 0:00,0.7396,0.724005937576294
2002/2/2 0:00,0.7443,0.7238768935203552
2002/2/3 0:00,0.74565,0.7244737148284912
2002/2/4 0:00,0.74355,0.7245497107505798
2002/2/5 0:00,0.7444,0.7248418927192688
2002/2/6 0:00,0.73875,0.7247481346130371
2002/2/7 0:00,0.74275,0.725001335144043
2002/2/8 0:00,0.74195,0.7251625657081604
2002/2/9 0:00,0.74135,0.7249789237976074
2002/2/10 0:00,0.73855,0.7249277830123901
2002/2/11 0:00,0.731238,0.7245606184005737
2002/2/12 0:00,0.7362,0.7252095341682434
2002/2/13 0:00,0.7377,0.7253142595291138
2002/2/14 0:00,0.73755,0.7250447273254395
2002/2/15 0:00,0.73525,0.7255184650421143
2002/2/16 0:00,0.7285,0.7258853316307068
2002/2/17 0:00,0.73725,0.7262014150619507
2002/2/18 0:00,0.73975,0.7256520986557007
2002/2/19 0:00,0.73325,0.7262269258499146
2002/2/20 0:00,0.7307,0.7266913652420044
2002/2/21 0:00,0.72965,0.7268298268318176
2002/2/22 0:00,0.72685,0.7267351150512695
2002/2/23 0:00,0.73035,0.7266296148300171
2002/2/24 0:00,0.7255,0.7268825173377991
2002/2/25 0:00,0.7266,0.7267186641693115
2002/2/26 0:00,0.72655,0.7269193530082703
2002/2/27 0:00,0.7284,0.7272093892097473
2002/2/28 0:00,0.73015,0.7277195453643799
2002/3/1 0:00,0.7435,0.727790355682373
2002/3/2 0:00,0.7477,0.727311909198761
2002/3/3 0:00,0.74935,0.7277343273162842
2002/3/4 0:00,0.75135,0.7277153134346008
2002/3/5 0:00,0.7506,0.7278829216957092
2002/3/6 0:00,0.75085,0.7275749444961548
2002/3/7 0:00,0.75145,0.7279435992240906
2002/3/8 0:00,0.75025,0.7284359335899353
2002/3/9 0:00,0.75365,0.7284947633743286
2002/3/10 0:00,0.7581,0.7281891703605652
2002/3/11 0:00,0.76275,0.7283704280853271
2002/3/12 0:00,0.76235,0.7287425994873047
2002/3/13 0:00,0.76445,0.7284315228462219
2002/3/14 0:00,0.76645,0.7282208800315857
2002/3/15 0:00,0.78185,0.7287828326225281
2002/3/16 0:00,0.78165,0.7294809222221375
2002/3/17 0:00,0.7818,0.7297766208648682
2002/3/18 0:00,0.7826,0.7260122299194336
2002/3/19 0:00,0.78275,0.726068913936615
2002/3/20 0:00,0.7799,0.726722776889801
2002/3/21 0:00,0.77955,0.7268862128257751
2002/3/22 0:00,0.77945,0.7268717288970947
2002/3/23 0:00,0.78215,0.7266356348991394
2002/3/24 0:00,0.78855,0.7269812822341919
2002/3/25 0:00,0.79205,0.727409839630127
2002/3/26 0:00,0.79135,0.7266620397567749
2002/3/27 0:00,0.79415,0.7271268963813782
2002/3/28 0:00,0.79255,0.7274002432823181
2002/3/29 0:00,0.7964,0.7276798486709595
2002/3/30 0:00,0.80425,0.7280100584030151
2002/3/31 0:00,0.80855,0.7282391786575317
2002/4/1 0:00,0.8022,0.7288588285446167
2002/4/2 0:00,0.79035,0.7289719581604004
2002/4/3 0:00,0.7654,0.7898055911064148
2002/4/4 0:00,0.76325,0.789821207523346
2002/4/5 0:00,0.77075,0.790306806564331
2002/4/6 0:00,0.76175,0.7907698154449463
2002/4/7 0:00,0.7642,0.7908405661582947
2002/4/8 0:00,0.75945,0.7917433381080627
2002/4/9 0:00,0.76735,0.7919929623603821
2002/4/10 0:00,0.7561,0.7925847172737122
2002/4/11 0:00,0.73765,0.7924537658691406
2002/4/12 0:00,0.72855,0.7928995490074158
2002/4/13 0:00,0.71575,0.793159008026123
2002/4/14 0:00,0.6727,0.7932390570640564
2002/4/15 0:00,0.6974,0.7934156656265259
2002/4/16 0:00,0.6924,0.7936146259307861
2002/4/17 0:00,0.696,0.7942248582839966
2002/4/18 0:00,0.7004,0.7943243384361267
2002/4/19 0:00,0.70935,0.7942735552787781
2002/4/20 0:00,0.72299,0.7950546741485596
2002/4/21 0:00,0.71815,0.7952538728713989
2002/4/22 0:00,0.70485,0.7955297231674194
2002/4/23 0:00,0.70615,0.7954882383346558
2002/4/24 0:00,0.70455,0.7960850596427917
2002/4/25 0:00,0.7023,0.7961801886558533
2002/4/26 0:00,0.70225,0.7963438034057617
2002/4/27 0:00,0.69615,0.7963071465492249
2002/4/28 0:00,0.6905,0.7965011596679688
2002/4/29 0:00,0.6919,0.7972080707550049
2002/4/30 0:00,0.6888,0.7973780632019043
2002/5/1 0:00,0.69375,0.7974809408187866
2002/5/2 0:00,0.7033,0.7977796792984009
2002/5/3 0:00,0.71455,0.7978566884994507
2002/5/4 0:00,0.7176,0.7981702089309692
2002/5/5 0:00,0.71335,0.7981910109519958
2002/5/6 0:00,0.7063,0.7989686727523804
2002/5/7 0:00,0.72515,0.7991698980331421
2002/5/8 0:00,0.73315,0.7994452714920044
2002/5/9 0:00,0.7393,0.79868483543396
2002/5/10 0:00,0.7415,0.7989407181739807
2002/5/11 0:00,0.74525,0.7995365858078003
2002/5/12 0:00,0.74015,0.7996256351470947
2002/5/13 0:00,0.7449,0.7997718453407288
2002/5/14 0:00,0.74825,0.7999581694602966
2002/5/15 0:00,0.7566,0.7998183369636536
2002/5/16 0:00,0.7649,0.7993940711021423
2002/5/17 0:00,0.7593,0.7993546724319458
2002/5/18 0:00,0.75745,0.7999688386917114
2002/5/19 0:00,0.75535,0.8003922700881958
2002/5/20 0:00,0.7627,0.801113486289978
2002/5/21 0:00,0.76275,0.8006465435028076
2002/5/22 0:00,0.76225,0.8009564280509949
2002/5/23 0:00,0.76325,0.8007897138595581
2002/5/24 0:00,0.77425,0.8011858463287354
2002/5/25 0:00,0.7753,0.8013875484466553
2002/5/26 0:00,0.76275,0.8022440075874329
2002/5/27 0:00,0.74475,0.8027617335319519
2002/5/28 0:00,0.75015,0.802659273147583
2002/5/29 0:00,0.7529,0.8024425506591797
2002/5/30 0:00,0.74715,0.8026926517486572
2002/5/31 0:00,0.74315,0.8031502366065979
2002/6/1 0:00,0.75505,0.8028256893157959
2002/6/2 0:00,0.7504,0.8022077679634094
2002/6/3 0:00,0.76195,0.8025130033493042
2002/6/4 0:00,0.7648,0.8027560710906982
2002/6/5 0:00,0.76845,0.8028115630149841
2002/6/6 0:00,0.76595,0.8023821711540222
2002/6/7 0:00,0.769,0.8032791018486023
2002/6/8 0:00,0.7625,0.8042892217636108
2002/6/9 0:00,0.7643,0.8047069311141968
2002/6/10 0:00,0.76775,0.8047439455986023
2002/6/11 0:00,0.77415,0.804893434047699
2002/6/12 0:00,0.7854,0.805256724357605
2002/6/13 0:00,0.77635,0.8053847551345825
2002/6/14 0:00,0.76,0.8053278923034668
2002/6/15 0:00,0.74775,0.806084394454956
2002/6/16 0:00,0.75575,0.8062431216239929
2002/6/17 0:00,0.7651,0.8066629767417908
2002/6/18 0:00,0.75825,0.80718994140625
2002/6/19 0:00,0.7556,0.8074668645858765
2002/6/20 0:00,0.75525,0.8075087666511536
2002/6/21 0:00,0.76255,0.8075284957885742
2002/6/22 0:00,0.7506,0.8075004816055298
2002/6/23 0:00,0.75235,0.8078755140304565
2002/6/24 0:00,0.7583,0.8077553510665894
2002/6/25 0:00,0.75525,0.8075623512268066
2002/6/26 0:00,0.75905,0.8083094358444214
2002/6/27 0:00,0.76975,0.8092613816261292
2002/6/28 0:00,0.76895,0.8094050884246826
2002/6/29 0:00,0.76235,0.8092103600502014
2002/6/30 0:00,0.76815,0.809418797492981
2002/7/1 0:00,0.76255,0.8095598816871643
2002/7/2 0:00,0.76505,0.809680700302124
2002/7/3 0:00,0.77315,0.8099138140678406
2002/7/4 0:00,0.7769,0.8097168207168579
2002/7/5 0:00,0.77955,0.8102762699127197
2002/7/6 0:00,0.78345,0.8106975555419922
2002/7/7 0:00,0.78855,0.8105159401893616
2002/7/8 0:00,0.78195,0.8102084994316101
2002/7/9 0:00,0.7674,0.8114579916000366
2002/7/10 0:00,0.75415,0.8118071556091309
2002/7/11 0:00,0.7547,0.8114845752716064
2002/7/12 0:00,0.75715,0.8112912774085999
2002/7/13 0:00,0.75655,0.8113722205162048
2002/7/14 0:00,0.7665,0.8117094039916992
2002/7/15 0:00,0.76605,0.8115741610527039
2002/7/16 0:00,0.76845,0.8116484880447388
2002/7/17 0:00,0.7688,0.8119940757751465
2002/7/18 0:00,0.7727,0.8114802241325378
2002/7/19 0:00,0.76965,0.8107417821884155
2002/7/20 0:00,0.7656,0.8107926845550537
2002/7/21 0:00,0.7715,0.8119394183158875
2002/7/22 0:00,0.77615,0.8126887083053589
2002/7/23 0:00,0.7707,0.8134080767631531
2002/7/24 0:00,0.76415,0.8135203123092651
2002/7/25 0:00,0.77275,0.8134350180625916
2002/7/26 0:00,0.77225,0.8135198354721069
2002/7/27 0:00,0.78125,0.8139533996582031
2002/7/28 0:00,0.7843,0.8141759634017944
2002/7/29 0:00,0.78985,0.8148757219314575
2002/7/30 0:00,0.78375,0.8152364492416382
2002/7/31 0:00,0.76955,0.8149129152297974
2002/8/1 0:00,0.7729,0.8137620687484741
2002/8/2 0:00,0.7575,0.8144351243972778
2002/8/3 0:00,0.74675,0.8150168061256409
2002/8/4 0:00,0.7637,0.8144846558570862
2002/8/5 0:00,0.7591,0.8143333196640015
2002/8/6 0:00,0.77325,0.8142228126525879
2002/8/7 0:00,0.7703,0.8142774701118469
2002/8/8 0:00,0.7767,0.8159434795379639
2002/8/9 0:00,0.77845,0.8148559331893921
2002/8/10 0:00,0.7813,0.8145899772644043
2002/8/11 0:00,0.78435,0.8148593902587891
2002/8/12 0:00,0.7948,0.8152592778205872
2002/8/13 0:00,0.79555,0.8152590990066528
2002/8/14 0:00,0.78385,0.8154979348182678
2002/8/15 0:00,0.78545,0.815678596496582
2002/8/16 0:00,0.79065,0.8161255121231079
2002/8/17 0:00,0.78845,0.8161938786506653
2002/8/18 0:00,0.7896,0.8164379000663757
2002/8/19 0:00,0.79465,0.8169496059417725
2002/8/20 0:00,0.7838,0.8172817230224609
2002/8/21 0:00,0.79165,0.8169205784797668
2002/8/22 0:00,0.7886,0.8166798949241638
2002/8/23 0:00,0.79485,0.816601037979126
2002/8/24 0:00,0.80015,0.8165326714515686
2002/8/25 0:00,0.79355,0.8165832757949829
2002/8/26 0:00,0.79935,0.8169220089912415
2002/8/27 0:00,0.806,0.8169106245040894
2002/8/28 0:00,0.81085,0.8170075416564941
2002/8/29 0:00,0.8125,0.8170573115348816
2002/8/30 0:00,0.81635,0.8173407912254333
2002/8/31 0:00,0.81555,0.8178308010101318
2002/9/1 0:00,0.79955,0.8181241154670715
2002/9/2 0:00,0.8028,0.8174867033958435
2002/9/3 0:00,0.80095,0.8172804713249207
2002/9/4 0:00,0.80085,0.8174356818199158
2002/9/5 0:00,0.80005,0.8176246881484985
2002/9/6 0:00,0.79285,0.8173049688339233
2002/9/7 0:00,0.7884,0.8174034357070923
2002/9/8 0:00,0.80035,0.8175961375236511
2002/9/9 0:00,0.80645,0.8178964257240295
2002/9/10 0:00,0.8134,0.8177353143692017
2002/9/11 0:00,0.8148,0.8177880048751831
2002/9/12 0:00,0.80025,0.8179259300231934
2002/9/13 0:00,0.80985,0.8177576065063477
2002/9/14 0:00,0.80405,0.8167895078659058
2002/9/15 0:00,0.78815,0.8166749477386475
2002/9/16 0:00,0.7892,0.8167744278907776
2002/9/17 0:00,0.79635,0.8167283535003662
2002/9/18 0:00,0.80475,0.8170348405838013
2002/9/19 0:00,0.8037,0.817095160484314
2002/9/20 0:00,0.80395,0.8166202306747437
2002/9/21 0:00,0.80395,0.8163166046142578
2002/9/22 0:00,0.78545,0.8163368701934814
2002/9/23 0:00,0.78115,0.8162938356399536
2002/9/24 0:00,0.78975,0.8168783187866211
2002/9/25 0:00,0.7859,0.8171091079711914
2002/9/26 0:00,0.7882,0.8161030411720276
2002/9/27 0:00,0.7983,0.8159182667732239
2002/9/28 0:00,0.7979,0.8158667683601379
2002/9/29 0:00,0.79805,0.8162265419960022
2002/9/30 0:00,0.79795,0.8160894513130188
2002/10/1 0:00,0.7937,0.8165073394775391
2002/10/2 0:00,0.78795,0.8168030381202698
2002/10/3 0:00,0.7843,0.8168414831161499
2002/10/4 0:00,0.7899,0.8160632848739624
2002/10/5 0:00,0.78925,0.8159835934638977
2002/10/6 0:00,0.79242,0.8165949583053589
2002/10/7 0:00,0.7925,0.8162107467651367
2002/10/8 0:00,0.7971,0.8155305981636047
2002/10/9 0:00,0.79876,0.8154299855232239
2002/10/10 0:00,0.788135,0.8152441382408142
2002/10/11 0:00,0.7822,0.8146576881408691
2002/10/12 0:00,0.78345,0.8142136931419373
2002/10/13 0:00,0.775535,0.8147501945495605
2002/10/14 0:00,0.78265,0.8153549432754517
2002/10/15 0:00,0.7773,0.8153624534606934
2002/10/16 0:00,0.78145,0.8147821426391602
2002/10/17 0:00,0.78533,0.8139820098876953
2002/10/18 0:00,0.79055,0.8136988282203674
2002/10/19 0:00,0.78385,0.8135881423950195
2002/10/20 0:00,0.77245,0.8137814998626709
2002/10/21 0:00,0.7667,0.8139097094535828
2002/10/22 0:00,0.77015,0.8141976594924927
2002/10/23 0:00,0.76685,0.8143492937088013
2002/10/24 0:00,0.76195,0.81502765417099
2002/10/25 0:00,0.7573,0.8147438764572144
2002/10/26 0:00,0.77345,0.813978910446167
2002/10/27 0:00,0.773055,0.8136427402496338
2002/10/28 0:00,0.7753,0.8136234879493713
2002/10/29 0:00,0.7798,0.8137210011482239
2002/10/30 0:00,0.78485,0.8136556148529053
2002/10/31 0:00,0.7874,0.8133553862571716
2002/11/1 0:00,0.7876,0.8133424520492554
2002/11/2 0:00,0.79005,0.8137614727020264
2002/11/3 0:00,0.7849,0.8145927786827087
2002/11/4 0:00,0.77823,0.814106822013855
2002/11/5 0:00,0.7837,0.8136206865310669
2002/11/6 0:00,0.78315,0.812890887260437
2002/11/7 0:00,0.785645,0.812598705291748
2002/11/8 0:00,0.78265,0.8125009536743164
2002/11/9 0:00,0.76975,0.8119276762008667
2002/11/10 0:00,0.76735,0.8118174076080322
2002/11/11 0:00,0.75945,0.8122948408126831
2002/11/12 0:00,0.75235,0.8122653961181641
2002/11/13 0:00,0.755,0.8120779395103455
2002/11/14 0:00,0.7494,0.8125867247581482
2002/11/15 0:00,0.749604,0.8126522302627563
2002/11/16 0:00,0.75337,0.8123210668563843
2002/11/17 0:00,0.75395,0.812759518623352
2002/11/18 0:00,0.75635,0.8126829862594604
2002/11/19 0:00,0.76135,0.8124676942825317
2002/11/20 0:00,0.76055,0.8122926950454712
2002/11/21 0:00,0.75765,0.8128402829170227
2002/11/22 0:00,0.75905,0.8132978081703186
2002/11/23 0:00,0.75615,0.8129845857620239
2002/11/24 0:00,0.75475,0.8122578263282776
2002/11/25 0:00,0.760761,0.8119031190872192
2002/11/26 0:00,0.76045,0.8121792674064636
2002/11/27 0:00,0.7577,0.8132227063179016
2002/11/28 0:00,0.76073,0.8132201433181763
2002/11/29 0:00,0.75585,0.8124539256095886
2002/11/30 0:00,0.7593,0.8116386532783508
2002/12/1 0:00,0.750981,0.8116232752799988
2002/12/2 0:00,0.75123,0.8120332360267639
2002/12/3 0:00,0.756523,0.8123637437820435
2002/12/4 0:00,0.757765,0.8126322627067566
2002/12/5 0:00,0.761,0.8127495646476746
2002/12/6 0:00,0.76427,0.8123744130134583
2002/12/7 0:00,0.7716,0.8107713460922241
2002/12/8 0:00,0.77095,0.8103762865066528
2002/12/9 0:00,0.76455,0.8111367225646973
2002/12/10 0:00,0.7627,0.8107672929763794
2002/12/11 0:00,0.759745,0.8113700747489929
2002/12/12 0:00,0.7585,0.8117886781692505
2002/12/13 0:00,0.7452,0.81199711561203
2002/12/14 0:00,0.7404,0.8148448467254639
2002/12/15 0:00,0.7419,0.8108790516853333
2002/12/16 0:00,0.735985,0.8102115392684937
2002/12/17 0:00,0.73745,0.8101422786712646
2002/12/18 0:00,0.73355,0.8101605772972107
2002/12/19 0:00,0.73395,0.8098318576812744
2002/12/20 0:00,0.7267,0.8095592260360718
2002/12/21 0:00,0.7306,0.8094529509544373
2002/12/22 0:00,0.72505,0.809365451335907
2002/12/23 0:00,0.71955,0.8096705079078674
2002/12/24 0:00,0.71415,0.8093618750572205
2002/12/25 0:00,0.70035,0.8095945119857788
2002/12/26 0:00,0.69785,0.809922456741333
2002/12/27 0:00,0.6867,0.8096634149551392
2002/12/28 0:00,0.6997,0.8089696764945984
2002/12/29 0:00,0.6981,0.808252215385437
2002/12/30 0:00,0.7053,0.8078207969665527
2002/12/31 0:00,0.71335,0.8074870705604553
2003/1/1 0:00,0.71475,0.8073123693466187
2003/1/2 0:00,0.71355,0.806992769241333
2003/1/3 0:00,0.71915,0.8066240549087524
2003/1/4 0:00,0.708399,0.8067486882209778
2003/1/5 0:00,0.70675,0.8066258430480957
2003/1/6 0:00,0.69535,0.807158887386322
2003/1/7 0:00,0.69835,0.8070813417434692
2003/1/8 0:00,0.70175,0.8060940504074097
2003/1/9 0:00,0.694788,0.8052352070808411
2003/1/10 0:00,0.6959,0.8050224781036377
2003/1/11 0:00,0.6872,0.8049789667129517
2003/1/12 0:00,0.6847,0.8042563199996948
2003/1/13 0:00,0.6795,0.803989052772522
2003/1/14 0:00,0.67655,0.8038778305053711
2003/1/15 0:00,0.66995,0.8037782907485962
2003/1/16 0:00,0.67485,0.8037719130516052
2003/1/17 0:00,0.6682,0.8036148548126221
2003/1/18 0:00,0.6494,0.8038599491119385
2003/1/19 0:00,0.66795,0.8040066957473755
2003/1/20 0:00,0.66,0.8035421371459961
2003/1/21 0:00,0.6593,0.8029866218566895
2003/1/22 0:00,0.655965,0.8027281165122986
2003/1/23 0:00,0.673435,0.8023439049720764
2003/1/24 0:00,0.68875,0.8021104335784912
2003/1/25 0:00,0.6903,0.8017219305038452
2003/1/26 0:00,0.68095,0.8008373975753784
2003/1/27 0:00,0.68405,0.8002627491950989
2003/1/28 0:00,0.68335,0.8000680208206177
2003/1/29 0:00,0.68605,0.7998172640800476
2003/1/30 0:00,0.67785,0.8004190921783447
2003/1/31 0:00,0.6705,0.8004328012466431
2003/2/1 0:00,0.67675,0.7993782758712769
2003/2/2 0:00,0.664,0.7987172603607178
2003/2/3 0:00,0.6622,0.7987736463546753
2003/2/4 0:00,0.62625,0.7988026142120361
2003/2/5 0:00,0.634865,0.798772394657135
2003/2/6 0:00,0.601365,0.7990859150886536
2003/2/7 0:00,0.6169,0.7991856932640076
2003/2/8 0:00,0.60784,0.7994173765182495
2003/2/9 0:00,0.60415,0.7989441156387329
2003/2/10 0:00,0.623955,0.7988044023513794
2003/2/11 0:00,0.61825,0.7991008758544922
2003/2/12 0:00,0.6106,0.7990974187850952
2003/2/13 0:00,0.61635,0.7985004782676697
2003/2/14 0:00,0.6191,0.7978536486625671
2003/2/15 0:00,0.61255,0.7973738312721252
2003/2/16 0:00,0.55535,0.7964792251586914
2003/2/17 0:00,0.54465,0.8003759384155273
2003/2/18 0:00,0.5523,0.7995685338973999
2003/2/19 0:00,0.58465,0.7994563579559326
2003/2/20 0:00,0.58805,0.7992553114891052
2003/2/21 0:00,0.596442,0.7986563444137573
2003/2/22 0:00,0.611649,0.7974019646644592
2003/2/23 0:00,0.60485,0.7964773774147034
2003/2/24 0:00,0.59315,0.7961706519126892
2003/2/25 0:00,0.5942,0.7959855794906616
2003/2/26 0:00,0.59805,0.7954113483428955
2003/2/27 0:00,0.5877,0.7957687377929688
2003/2/28 0:00,0.57265,0.7959659099578857
2003/3/1 0:00,0.5623,0.796566903591156
2003/3/2 0:00,0.55665,0.79574054479599
2003/3/3 0:00,0.55245,0.7950915098190308
2003/3/4 0:00,0.55915,0.7942265868186951
2003/3/5 0:00,0.5522,0.7937888503074646
2003/3/6 0:00,0.55014,0.7935823798179626
2003/3/7 0:00,0.5305,0.7932852506637573
2003/3/8 0:00,0.53815,0.7928025722503662
2003/3/9 0:00,0.5443,0.7926634550094604
2003/3/10 0:00,0.5468,0.7927510142326355
2003/3/11 0:00,0.54975,0.7932797074317932
2003/3/12 0:00,0.55305,0.7928679585456848
2003/3/13 0:00,0.5449,0.7927812337875366
2003/3/14 0:00,0.5353,0.7916858196258545
2003/3/15 0:00,0.53035,0.791113018989563
2003/3/16 0:00,0.53425,0.7906531691551208
2003/3/17 0:00,0.5331,0.7903065085411072
2003/3/18 0:00,0.5249,0.7896215319633484
2003/3/19 0:00,0.541735,0.7898908257484436
2003/3/20 0:00,0.54364,0.7903873920440674
2003/3/21 0:00,0.5477,0.7904665470123291
2003/3/22 0:00,0.55245,0.7903188467025757
2003/3/23 0:00,0.54725,0.7903056740760803
2003/3/24 0:00,0.5544,0.7902354001998901
2003/3/25 0:00,0.56375,0.7904347777366638
2003/3/26 0:00,0.5887,0.7894435524940491
2003/3/27 0:00,0.59334,0.7888606786727905
2003/3/28 0:00,0.57515,0.7883176207542419
2003/3/29 0:00,0.57465,0.7881341576576233
2003/3/30 0:00,0.5683,0.7880479097366333
2003/3/31 0:00,0.5744,0.7876906394958496
2003/4/1 0:00,0.57405,0.7867758274078369
2003/4/2 0:00,0.57995,0.786512017250061
2003/4/3 0:00,0.5822,0.7862066626548767
2003/4/4 0:00,0.5769,0.786724328994751
2003/4/5 0:00,0.5797,0.7863353490829468
2003/4/6 0:00,0.58015,0.785628080368042
2003/4/7 0:00,0.58875,0.7844734191894531
2003/4/8 0:00,0.58835,0.7838559746742249
2003/4/9 0:00,0.59745,0.7835882902145386
2003/4/10 0:00,0.5954,0.7837805151939392
2003/4/11 0:00,0.59315,0.7836711406707764
2003/4/12 0:00,0.58855,0.7836904525756836
2003/4/13 0:00,0.57975,0.7841780781745911
2003/4/14 0:00,0.5503,0.7837451696395874
2003/4/15 0:00,0.54275,0.7830348014831543
2003/4/16 0:00,0.53125,0.7839083075523376
2003/4/17 0:00,0.5416,0.7840642929077148
2003/4/18 0:00,0.544565,0.7847402095794678
2003/4/19 0:00,0.52113,0.7847652435302734
2003/4/20 0:00,0.5203,0.7851042747497559
2003/4/21 0:00,0.5254,0.7884335517883301
2003/4/22 0:00,0.530383,0.7877553701400757
2003/4/23 0:00,0.52865,0.7874306440353394
2003/4/24 0:00,0.5283,0.7873351573944092
2003/4/25 0:00,0.534235,0.7873857021331787
2003/4/26 0:00,0.51425,0.7874511480331421
2003/4/27 0:00,0.5078,0.787175178527832
2003/4/28 0:00,0.50205,0.787003219127655
2003/4/29 0:00,0.513355,0.7870638966560364
2003/4/30 0:00,0.51145,0.7870470881462097
2003/5/1 0:00,0.51845,0.7867695093154907
2003/5/2 0:00,0.53115,0.7870773077011108
2003/5/3 0:00,0.53875,0.7874141931533813
2003/5/4 0:00,0.525209,0.7873569130897522
2003/5/5 0:00,0.520059,0.7870851159095764
2003/5/6 0:00,0.5222,0.7866196036338806
2003/5/7 0:00,0.516516,0.7862707376480103
2003/5/8 0:00,0.5196,0.7861868739128113
2003/5/9 0:00,0.50945,0.7858778238296509
2003/5/10 0:00,0.50815,0.785773754119873
2003/5/11 0:00,0.51247,0.7857511639595032
2003/5/12 0:00,0.5069,0.7858465909957886
2003/5/13 0:00,0.50925,0.7858101725578308
2003/5/14 0:00,0.514165,0.7861456871032715
2003/5/15 0:00,0.51165,0.7859203815460205
2003/5/16 0:00,0.5095,0.7851782441139221
2003/5/17 0:00,0.5025,0.7847622036933899
2003/5/18 0:00,0.49225,0.784205436706543
2003/5/19 0:00,0.49765,0.7839093208312988
2003/5/20 0:00,0.5065,0.7835074067115784
2003/5/21 0:00,0.49755,0.782996416091919
2003/5/22 0:00,0.5023,0.7827486395835876
2003/5/23 0:00,0.4932,0.7826026678085327
2003/5/24 0:00,0.50115,0.7822571396827698
2003/5/25 0:00,0.50615,0.7819234132766724
2003/5/26 0:00,0.51904,0.7821062803268433
2003/5/27 0:00,0.523574,0.7823335528373718
2003/5/28 0:00,0.5295,0.7819110155105591
2003/5/29 0:00,0.5298,0.7817420363426208
2003/5/30 0:00,0.54435,0.7814580202102661
2003/5/31 0:00,0.5553,0.7811417579650879
2003/6/1 0:00,0.5639,0.7807089686393738
2003/6/2 0:00,0.5733,0.7801171541213989
2003/6/3 0:00,0.56015,0.7796139717102051
2003/6/4 0:00,0.5707,0.7795909643173218
2003/6/5 0:00,0.579,0.7794974446296692
2003/6/6 0:00,0.562845,0.779289722442627
2003/6/7 0:00,0.5617,0.779649555683136
2003/6/8 0:00,0.5687,0.7792693972587585
2003/6/9 0:00,0.5612,0.7785264849662781
2003/6/10 0:00,0.58063,0.7784209847450256
2003/6/11 0:00,0.5927,0.7782120108604431
2003/6/12 0:00,0.5874,0.7781087756156921
2003/6/13 0:00,0.575965,0.7781057953834534
2003/6/14 0:00,0.580112,0.7781609892845154
2003/6/15 0:00,0.58085,0.7780362963676453
2003/6/16 0:00,0.585391,0.7784247398376465
2003/6/17 0:00,0.575507,0.7781216502189636
2003/6/18 0:00,0.58105,0.7778418064117432
2003/6/19 0:00,0.5701,0.7779143452644348
2003/6/20 0:00,0.5504,0.7779479026794434
2003/6/21 0:00,0.5651,0.7776964902877808
2003/6/22 0:00,0.5554,0.7777227163314819
2003/6/23 0:00,0.56695,0.7778715491294861
2003/6/24 0:00,0.5661,0.7778608798980713
2003/6/25 0:00,0.55885,0.7760651111602783
2003/6/26 0:00,0.5717,0.7761520743370056
2003/6/27 0:00,0.564735,0.7766860723495483
2003/6/28 0:00,0.57,0.7770298719406128
2003/6/29 0:00,0.57415,0.777167797088623
2003/6/30 0:00,0.5807,0.7760871648788452
2003/7/1 0:00,0.5909,0.7753603458404541
2003/7/2 0:00,0.5978,0.7755511999130249
2003/7/3 0:00,0.6066,0.7752205729484558
2003/7/4 0:00,0.6057,0.7747309803962708
2003/7/5 0:00,0.606306,0.7753128409385681
2003/7/6 0:00,0.5937,0.7752640247344971
2003/7/7 0:00,0.585209,0.7756714224815369
2003/7/8 0:00,0.60205,0.7752976417541504
2003/7/9 0:00,0.605657,0.7750488519668579
2003/7/10 0:00,0.620973,0.7743721008300781
2003/7/11 0:00,0.6213,0.7742874622344971
2003/7/12 0:00,0.6196,0.7738752365112305
2003/7/13 0:00,0.62303,0.7736075520515442
2003/7/14 0:00,0.6216,0.7732373476028442
2003/7/15 0:00,0.620935,0.773102343082428
2003/7/16 0:00,0.643275,0.7731233835220337
2003/7/17 0:00,0.64735,0.773669958114624
2003/7/18 0:00,0.6556,0.773228645324707
2003/7/19 0:00,0.63175,0.7733386158943176
2003/7/20 0:00,0.6309,0.7729002237319946
2003/7/21 0:00,0.6323,0.772408664226532
2003/7/22 0:00,0.62283,0.7718950510025024
2003/7/23 0:00,0.629049,0.7720437049865723
2003/7/24 0:00,0.6296,0.7713030576705933
2003/7/25 0:00,0.64435,0.7718919515609741
2003/7/26 0:00,0.6427,0.772830069065094
2003/7/27 0:00,0.62855,0.7729170918464661
2003/7/28 0:00,0.6329,0.7727028131484985
2003/7/29 0:00,0.643173,0.7730419635772705
2003/7/30 0:00,0.647395,0.7728558778762817
2003/7/31 0:00,0.6384,0.7727360725402832
2003/8/1 0:00,0.6277,0.7725017070770264
2003/8/2 0:00,0.6384,0.7722512483596802
2003/8/3 0:00,0.63875,0.7718290090560913
2003/8/4 0:00,0.6421,0.7716640830039978
2003/8/5 0:00,0.644,0.771317183971405
2003/8/6 0:00,0.64525,0.7711928486824036
2003/8/7 0:00,0.650555,0.7709866166114807
2003/8/8 0:00,0.638633,0.7713844776153564
2003/8/9 0:00,0.632245,0.7713724970817566
2003/8/10 0:00,0.627,0.772065281867981
2003/8/11 0:00,0.628223,0.7715277671813965
2003/8/12 0:00,0.621345,0.7710803747177124
2003/8/13 0:00,0.630855,0.7707235217094421
2003/8/14 0:00,0.629148,0.7704372406005859
2003/8/15 0:00,0.629604,0.7703225612640381
2003/8/16 0:00,0.62616,0.770737886428833
2003/8/17 0:00,0.6335,0.7704391479492188
2003/8/18 0:00,0.63955,0.7704580426216125
2003/8/19 0:00,0.647605,0.771318793296814
2003/8/20 0:00,0.644538,0.7714231610298157
2003/8/21 0:00,0.644496,0.7711676955223083
2003/8/22 0:00,0.643087,0.7727231979370117
2003/8/23 0:00,0.645494,0.7727574110031128
2003/8/24 0:00,0.65505,0.7731039524078369
2003/8/25 0:00,0.651954,0.7733615636825562
2003/8/26 0:00,0.661748,0.7737497687339783
2003/8/27 0:00,0.657592,0.7765030860900879
2003/8/28 0:00,0.65783,0.7748676538467407
2003/8/29 0:00,0.656491,0.7748450040817261
2003/8/30 0:00,0.656491,0.7750038504600525
2003/8/31 0:00,0.655437,0.775210976600647
2003/9/1 0:00,0.657484,0.7755074501037598
2003/9/2 0:00,0.654151,0.7755072116851807
2003/9/3 0:00,0.653253,0.7755608558654785
2003/9/4 0:00,0.660458,0.775814950466156
2003/9/5 0:00,0.664231,0.7756273150444031
2003/9/6 0:00,0.664209,0.7754677534103394
2003/9/7 0:00,0.667468,0.7757594585418701
2003/9/8 0:00,0.666289,0.7760926485061646
2003/9/9 0:00,0.673605,0.776100754737854
2003/9/10 0:00,0.669635,0.7759628891944885
2003/9/11 0:00,0.672721,0.7759535908699036
2003/9/12 0:00,0.672495,0.7756226658821106
2003/9/13 0:00,0.67365,0.7755399346351624
2003/9/14 0:00,0.673197,0.7754603624343872
2003/9/15 0:00,0.669098,0.7754519581794739
2003/9/16 0:00,0.67297,0.775528609752655
2003/9/17 0:00,0.678633,0.7756468057632446
2003/9/18 0:00,0.677599,0.7757105231285095
2003/9/19 0:00,0.677599,0.7758336067199707
2003/9/20 0:00,0.668135,0.775976300239563
2003/9/21 0:00,0.669591,0.7756730914115906
2003/9/22 0:00,0.673696,0.7757789492607117
2003/9/23 0:00,0.675014,0.7756831645965576
2003/9/24 0:00,0.675836,0.7756035327911377
2003/9/25 0:00,0.682105,0.7754995226860046
2003/9/26 0:00,0.682501,0.7751335501670837
2003/9/27 0:00,0.682501,0.7750083208084106
2003/9/28 0:00,0.686153,0.7749325633049011
2003/9/29 0:00,0.684346,0.7745237946510315
2003/9/30 0:00,0.680342,0.7743115425109863
2003/10/1 0:00,0.683457,0.7746058702468872
2003/10/2 0:00,0.685049,0.7749840021133423
2003/10/3 0:00,0.686412,0.7744625210762024
2003/10/4 0:00,0.686412,0.7744244337081909
2003/10/5 0:00,0.685354,0.7743085026741028
2003/10/6 0:00,0.67415,0.7740217447280884
2003/10/7 0:00,0.674059,0.7736985087394714
2003/10/8 0:00,0.677667,0.7734635472297668
2003/10/9 0:00,0.68861,0.7732979655265808
2003/10/10 0:00,0.686412,0.7734208703041077
2003/10/11 0:00,0.686412,0.7734896540641785
2003/10/12 0:00,0.693193,0.773438572883606
2003/10/13 0:00,0.697058,0.773611307144165
2003/10/14 0:00,0.69604,0.7734025120735168
2003/10/15 0:00,0.703655,0.7728186845779419
2003/10/16 0:00,0.707164,0.7730547785758972
2003/10/17 0:00,0.7043,0.7730442881584167
2003/10/18 0:00,0.706015,0.7731949090957642
2003/10/19 0:00,0.698763,0.7732961177825928
2003/10/20 0:00,0.704151,0.7734520435333252
2003/10/21 0:00,0.71375,0.7734320163726807
2003/10/22 0:00,0.709673,0.7735875248908997
2003/10/23 0:00,0.709849,0.7732865810394287
2003/10/24 0:00,0.709019,0.7729777693748474
2003/10/25 0:00,0.709019,0.7732834815979004
2003/10/26 0:00,0.707664,0.7735738158226013
2003/10/27 0:00,0.719554,0.7734360694885254
2003/10/28 0:00,0.726137,0.7736653685569763
2003/10/29 0:00,0.716794,0.7741270661354065
2003/10/30 0:00,0.715564,0.7743070721626282
2003/10/31 0:00,0.716794,0.7722692489624023
2003/11/1 0:00,0.716794,0.772891104221344
2003/11/2 0:00,0.718236,0.7736226320266724
2003/11/3 0:00,0.716743,0.7739502191543579
2003/11/4 0:00,0.72338,0.7740299105644226
2003/11/5 0:00,0.716589,0.7736692428588867
2003/11/6 0:00,0.718184,0.7734425067901611
2003/11/7 0:00,0.716589,0.7736456394195557
2003/11/8 0:00,0.716589,0.7731844186782837
2003/11/9 0:00,0.725953,0.7729639410972595
2003/11/10 0:00,0.734053,0.7731626033782959
2003/11/11 0:00,0.732789,0.7733414173126221
2003/11/12 0:00,0.745156,0.7736915349960327
2003/11/13 0:00,0.731689,0.7735977172851562
2003/11/14 0:00,0.732091,0.7737202644348145
2003/11/15 0:00,0.732091,0.773334801197052
2003/11/16 0:00,0.734754,0.7730764150619507
2003/11/17 0:00,0.734754,0.7731049656867981
2003/11/18 0:00,0.737436,0.773220419883728
2003/11/19 0:00,0.743688,0.7730759978294373
2003/11/20 0:00,0.738634,0.7729957103729248
2003/11/21 0:00,0.739317,0.7732152938842773
2003/11/22 0:00,0.739317,0.7734020352363586
2003/11/23 0:00,0.753438,0.7733203768730164
2003/11/24 0:00,0.746018,0.7732148766517639
2003/11/25 0:00,0.758754,0.7733010649681091
2003/11/26 0:00,0.75429,0.7731836438179016
2003/11/27 0:00,0.756344,0.7727006077766418
2003/11/28 0:00,0.754546,0.7724389433860779
2003/11/29 0:00,0.754546,0.7719075679779053
2003/11/30 0:00,0.748811,0.7722853422164917
2003/12/1 0:00,0.744158,0.7726346254348755
2003/12/2 0:00,0.728147,0.7723540663719177
2003/12/3 0:00,0.734619,0.7724202275276184
2003/12/4 0:00,0.719011,0.7726409435272217
2003/12/5 0:00,0.718985,0.7727053165435791
2003/12/6 0:00,0.718985,0.7722966074943542
2003/12/7 0:00,0.721761,0.7720475196838379
2003/12/8 0:00,0.716692,0.7717757225036621
2003/12/9 0:00,0.725058,0.7713034749031067
2003/12/10 0:00,0.718546,0.7707998752593994
2003/12/11 0:00,0.725742,0.7707972526550293
2003/12/12 0:00,0.725032,0.7708908319473267
2003/12/13 0:00,0.725032,0.7708788514137268
2003/12/14 0:00,0.740796,0.7710239887237549
2003/12/15 0:00,0.74118,0.7711634635925293
2003/12/16 0:00,0.738853,0.7715091109275818
2003/12/17 0:00,0.733595,0.7711765170097351
2003/12/18 0:00,0.742198,0.770602285861969
2003/12/19 0:00,0.743467,0.7706682682037354
2003/12/20 0:00,0.743467,0.7707447409629822
2003/12/21 0:00,0.746965,0.7709193229675293
2003/12/22 0:00,0.741757,0.7711068987846375
2003/12/23 0:00,0.746352,0.7713337540626526
2003/12/24 0:00,0.728651,0.7712730765342712
2003/12/25 0:00,0.724822,0.7713606357574463
2003/12/26 0:00,0.725189,0.7710314989089966
2003/12/27 0:00,0.725189,0.7707773447036743
2003/12/28 0:00,0.734241,0.7717940211296082
2003/12/29 0:00,0.723641,0.772050678730011
2003/12/30 0:00,0.729341,0.7724155187606812
2003/12/31 0:00,0.71449,0.7730476260185242
2004/1/1 0:00,0.710454,0.7738877534866333
2004/1/2 0:00,0.709799,0.7765336036682129
2004/1/3 0:00,0.709799,0.7748127579689026
2004/1/4 0:00,0.713547,0.7747029662132263
2004/1/5 0:00,0.728147,0.7747819423675537
2004/1/6 0:00,0.723956,0.7749907970428467
2004/1/7 0:00,0.722961,0.7750394940376282
2004/1/8 0:00,0.716102,0.7750641703605652
2004/1/9 0:00,0.717,0.7751442790031433
2004/1/10 0:00,0.716255,0.7753249406814575
2004/1/11 0:00,0.712555,0.7750479578971863
2004/1/12 0:00,0.710227,0.7749199271202087
2004/1/13 0:00,0.712504,0.7751014828681946
2004/1/14 0:00,0.729607,0.7754517197608948
2004/1/15 0:00,0.724297,0.7754331827163696
2004/1/16 0:00,0.72372,0.7753105163574219
2004/1/17 0:00,0.72372,0.7752941250801086
2004/1/18 0:00,0.728518,0.7750009298324585
2004/1/19 0:00,0.721735,0.774951159954071
2004/1/20 0:00,0.721996,0.7750438451766968
2004/1/21 0:00,0.710152,0.774993896484375
2004/1/22 0:00,0.708617,0.775138795375824
2004/1/23 0:00,0.711541,0.7752878665924072
2004/1/24 0:00,0.711541,0.7753229737281799
2004/1/25 0:00,0.707814,0.7751959562301636
2004/1/26 0:00,0.701853,0.7755070328712463
2004/1/27 0:00,0.705368,0.7753772139549255
2004/1/28 0:00,0.704399,0.775503396987915
2004/1/29 0:00,0.706215,0.7755911946296692
2004/1/30 0:00,0.706215,0.7755371332168579
2004/1/31 0:00,0.706215,0.7752619981765747
2004/2/1 0:00,0.708567,0.7749142050743103
2004/2/2 0:00,0.718546,0.7748739719390869
2004/2/3 0:00,0.721007,0.7748520970344543
2004/2/4 0:00,0.725453,0.7744712829589844
2004/2/5 0:00,0.723432,0.7743656039237976
2004/2/6 0:00,0.723432,0.7744593620300293
2004/2/7 0:00,0.723432,0.7747890949249268
2004/2/8 0:00,0.732654,0.7742745280265808
2004/2/9 0:00,0.732359,0.7742588520050049
2004/2/10 0:00,0.735294,0.7741848826408386
2004/2/11 0:00,0.732601,0.7739744186401367
2004/2/12 0:00,0.733299,0.7739005088806152
2004/2/13 0:00,0.736594,0.7737966179847717
2004/2/14 0:00,0.736594,0.7736629843711853
2004/2/15 0:00,0.742005,0.773804783821106
2004/2/16 0:00,0.74129,0.7740161418914795
2004/2/17 0:00,0.738525,0.7741727232933044
2004/2/18 0:00,0.742308,0.7742823362350464
2004/2/19 0:00,0.738416,0.774470329284668
2004/2/20 0:00,0.737844,0.7740259766578674
2004/2/21 0:00,0.737844,0.7741937041282654
2004/2/22 0:00,0.739098,0.7741820812225342
2004/2/23 0:00,0.737898,0.7742754220962524
2004/2/24 0:00,0.719528,0.7742149829864502
2004/2/25 0:00,0.713318,0.7743494510650635
2004/2/26 0:00,0.712504,0.7745199203491211
2004/2/27 0:00,0.712809,0.7746805548667908
2004/2/28 0:00,0.709572,0.7744590044021606
2004/2/29 0:00,0.714694,0.7741917371749878
2004/3/1 0:00,0.709069,0.774179220199585
2004/3/2 0:00,0.706764,0.7744829058647156
2004/3/3 0:00,0.706564,0.7742695212364197
2004/3/4 0:00,0.704871,0.7745004296302795
2004/3/5 0:00,0.704275,0.7748304605484009
2004/3/6 0:00,0.700967,0.774938702583313
2004/3/7 0:00,0.706215,0.7746033668518066
2004/3/8 0:00,0.711238,0.7750773429870605
2004/3/9 0:00,0.707764,0.7757042050361633
2004/3/10 0:00,0.687947,0.7760336399078369
2004/3/11 0:00,0.683901,0.7760223746299744
2004/3/12 0:00,0.683901,0.7758892178535461
2004/3/13 0:00,0.683901,0.7758529782295227
2004/3/14 0:00,0.687947,0.7760220170021057
2004/3/15 0:00,0.694155,0.7754862308502197
2004/3/16 0:00,0.691372,0.7753795981407166
2004/3/17 0:00,0.700722,0.7755602598190308
2004/3/18 0:00,0.694734,0.7758504152297974
2004/3/19 0:00,0.696379,0.7761156558990479
2004/3/20 0:00,0.696379,0.7760441899299622
2004/3/21 0:00,0.698178,0.7761629819869995
2004/3/22 0:00,0.704821,0.7758487462997437
2004/3/23 0:00,0.703928,0.704793393611908
2004/3/24 0:00,0.701557,0.7052510380744934
2004/3/25 0:00,0.694686,0.7054807543754578
2004/3/26 0:00,0.695797,0.7056460976600647
2004/3/27 0:00,0.695797,0.7058565616607666
2004/3/28 0:00,0.700771,0.7057702541351318
2004/3/29 0:00,0.695362,0.705707311630249
2004/3/30 0:00,0.693097,0.7059398889541626
2004/3/31 0:00,0.686012,0.7062404751777649
2004/4/1 0:00,0.699741,0.7061987519264221
2004/4/2 0:00,0.699986,0.7062371373176575
2004/4/3 0:00,0.699986,0.7062042951583862
2004/4/4 0:00,0.698812,0.7063379883766174
2004/4/5 0:00,0.695943,0.7062773108482361
2004/4/6 0:00,0.694011,0.7061518430709839
2004/4/7 0:00,0.686813,0.705984354019165
2004/4/8 0:00,0.695507,0.7060521245002747
2004/4/9 0:00,0.695072,0.7063555717468262
2004/4/10 0:00,0.695072,0.7065415978431702
2004/4/11 0:00,0.69935,0.7063920497894287
2004/4/12 0:00,0.701361,0.7064265012741089
2004/4/13 0:00,0.707014,0.7062755823135376
2004/4/14 0:00,0.699399,0.7060744166374207
2004/4/15 0:00,0.700722,0.7058939933776855
2004/4/16 0:00,0.701459,0.7059476375579834
2004/4/17 0:00,0.700378,0.7060246467590332
2004/4/18 0:00,0.699301,0.7060001492500305
2004/4/19 0:00,0.707414,0.7060933709144592
2004/4/20 0:00,0.716435,0.7063403129577637
2004/4/21 0:00,0.714745,0.7064203023910522
2004/4/22 0:00,0.708215,0.7065191268920898
2004/4/23 0:00,0.708215,0.7069472074508667
2004/4/24 0:00,0.709019,0.7070693373680115
2004/4/25 0:00,0.705219,0.7068729996681213
2004/4/26 0:00,0.705268,0.7067562341690063
2004/4/27 0:00,0.702642,0.7065955400466919
2004/4/28 0:00,0.707814,0.7065353393554688
2004/4/29 0:00,0.703185,0.7063373923301697
2004/4/30 0:00,0.702889,0.7064831256866455
2004/5/1 0:00,0.702889,0.7065568566322327
2004/5/2 0:00,0.707864,0.706928014755249
2004/5/3 0:00,0.709673,0.7072411179542542
2004/5/4 0:00,0.70927,0.7073279619216919
2004/5/5 0:00,0.707264,0.707263708114624
2004/5/6 0:00,0.705567,0.7072717547416687
2004/5/7 0:00,0.705467,0.7075176239013672
2004/5/8 0:00,0.705467,0.7076851725578308
2004/5/9 0:00,0.702889,0.7078558206558228
2004/5/10 0:00,0.703779,0.7077794075012207
2004/5/11 0:00,0.708767,0.7071302533149719
2004/5/12 0:00,0.706664,0.7063971161842346
2004/5/13 0:00,0.714796,0.705729067325592
2004/5/14 0:00,0.715922,0.7056602835655212
2004/5/15 0:00,0.715922,0.705224335193634
2004/5/16 0:00,0.712758,0.7052832841873169
2004/5/17 0:00,0.710126,0.7055414319038391
2004/5/18 0:00,0.714337,0.7052440643310547
2004/5/19 0:00,0.710985,0.7047234773635864
2004/5/20 0:00,0.707714,0.7041153311729431
2004/5/21 0:00,0.707714,0.7035411596298218
2004/5/22 0:00,0.707714,0.7032178044319153
2004/5/23 0:00,0.708617,0.7033050656318665
2004/5/24 0:00,0.710429,0.70340496301651
2004/5/25 0:00,0.71048,0.702888011932373
2004/5/26 0:00,0.711086,0.7028294801712036
2004/5/27 0:00,0.714592,0.7032958269119263
2004/5/28 0:00,0.717103,0.7035512328147888
2004/5/29 0:00,0.717103,0.7036789655685425
2004/5/30 0:00,0.722543,0.7041668891906738
2004/5/31 0:00,0.714235,0.7048185467720032
2004/6/1 0:00,0.717103,0.705148458480835
2004/6/2 0:00,0.724008,0.7056452631950378
2004/6/3 0:00,0.727379,0.7058579325675964
2004/6/4 0:00,0.731689,0.7061017751693726
2004/6/5 0:00,0.731689,0.7062000036239624
2004/6/6 0:00,0.730941,0.7060979604721069
2004/6/7 0:00,0.720981,0.7057951092720032
2004/6/8 0:00,0.717309,0.7055398225784302
2004/6/9 0:00,0.711744,0.7055960893630981
2004/6/10 0:00,0.715666,0.705528736114502
2004/6/11 0:00,0.715666,0.705122172832489
2004/6/12 0:00,0.717,0.7048982381820679
2004/6/13 0:00,0.720565,0.7044966816902161
2004/6/14 0:00,0.720098,0.7036541104316711
2004/6/15 0:00,0.71286,0.7031625509262085
2004/6/16 0:00,0.717257,0.7030014991760254
2004/6/17 0:00,0.70932,0.7025598287582397
2004/6/18 0:00,0.707214,0.7025909423828125
2004/6/19 0:00,0.711086,0.7031651735305786
2004/6/20 0:00,0.693481,0.7037199139595032
2004/6/21 0:00,0.695507,0.7039260268211365
2004/6/22 0:00,0.675584,0.7039170265197754
2004/6/23 0:00,0.666667,0.7046682834625244
2004/6/24 0:00,0.676636,0.7048851251602173
2004/6/25 0:00,0.678472,0.7050870060920715
2004/6/26 0:00,0.679902,0.7057563662528992
2004/6/27 0:00,0.674809,0.7057451605796814
2004/6/28 0:00,0.664143,0.7056561708450317
2004/6/29 0:00,0.66836,0.7056704759597778
2004/6/30 0:00,0.683434,0.7058398127555847
2004/7/1 0:00,0.677323,0.7056215405464172
2004/7/2 0:00,0.678794,0.7053341865539551
2004/7/3 0:00,0.679486,0.7052916884422302
2004/7/4 0:00,0.680041,0.7055221796035767
2004/7/5 0:00,0.682175,0.7056583762168884
2004/7/6 0:00,0.678012,0.705687403678894
2004/7/7 0:00,0.680457,0.7052503228187561
2004/7/8 0:00,0.670736,0.7045584917068481
2004/7/9 0:00,0.672812,0.7046172618865967
2004/7/10 0:00,0.672812,0.7050583958625793
2004/7/11 0:00,0.662427,0.7049044966697693
2004/7/12 0:00,0.662252,0.7046259045600891
2004/7/13 0:00,0.669478,0.7047509551048279
2004/7/14 0:00,0.686106,0.7044385075569153
2004/7/15 0:00,0.687663,0.7037150263786316
2004/7/16 0:00,0.689798,0.7036468386650085
2004/7/17 0:00,0.68899,0.7046947479248047
2004/7/18 0:00,0.696379,0.705522358417511
2004/7/19 0:00,0.696864,0.7056423425674438
2004/7/20 0:00,0.698812,0.7058637142181396
2004/7/21 0:00,0.702839,0.7057437896728516
2004/7/22 0:00,0.705119,0.7051143050193787
2004/7/23 0:00,0.70497,0.7055360674858093
2004/7/24 0:00,0.705119,0.705781102180481
2004/7/25 0:00,0.709371,0.7061478495597839
2004/7/26 0:00,0.708617,0.7068555355072021
2004/7/27 0:00,0.712708,0.7076179385185242
2004/7/28 0:00,0.711491,0.7103968858718872
2004/7/29 0:00,0.715001,0.7097365856170654
2004/7/30 0:00,0.713878,0.7097432017326355
2004/7/31 0:00,0.709874,0.7096693515777588
2004/8/1 0:00,0.708617,0.7097939848899841
2004/8/2 0:00,0.692617,0.7098725438117981
2004/8/3 0:00,0.68918,0.710210919380188
2004/8/4 0:00,0.689227,0.7103399634361267
2004/8/5 0:00,0.688279,0.7104389667510986
2004/8/6 0:00,0.689655,0.7108774781227112
2004/8/7 0:00,0.689655,0.7110558748245239
2004/8/8 0:00,0.687616,0.7112453579902649
2004/8/9 0:00,0.693001,0.7115241885185242
2004/8/10 0:00,0.703977,0.7118452787399292
2004/8/11 0:00,0.706764,0.711798906326294
2004/8/12 0:00,0.709371,0.7118974924087524
2004/8/13 0:00,0.710934,0.7121555209159851
2004/8/14 0:00,0.710934,0.7122577428817749
2004/8/15 0:00,0.709774,0.7125072479248047
2004/8/16 0:00,0.718339,0.7125613689422607
2004/8/17 0:00,0.722596,0.7125675678253174
2004/8/18 0:00,0.724113,0.7127795219421387
2004/8/19 0:00,0.710429,0.7128291130065918
2004/8/20 0:00,0.711187,0.712935745716095
2004/8/21 0:00,0.711187,0.7130966186523438
2004/8/22 0:00,0.705816,0.7131797671318054
2004/8/23 0:00,0.715461,0.713238537311554
2004/8/24 0:00,0.717978,0.7134636044502258
2004/8/25 0:00,0.725058,0.7136973738670349
2004/8/26 0:00,0.725058,0.7138069868087769
2004/8/27 0:00,0.728597,0.7141653299331665
2004/8/28 0:00,0.72768,0.7141507863998413
2004/8/29 0:00,0.73455,0.7141839265823364
2004/8/30 0:00,0.731797,0.7144520282745361
2004/8/31 0:00,0.729341,0.7146645784378052
2004/9/1 0:00,0.725111,0.71468186378479
2004/9/2 0:00,0.723956,0.7149717807769775
2004/9/3 0:00,0.7259,0.7152354717254639
2004/9/4 0:00,0.726375,0.7152252793312073
2004/9/5 0:00,0.731689,0.715385377407074
2004/9/6 0:00,0.7347,0.715769350528717
2004/9/7 0:00,0.733783,0.7161420583724976
2004/9/8 0:00,0.727749,0.7162498235702515
2004/9/9 0:00,0.728916,0.7161176204681396
2004/9/10 0:00,0.732601,0.7160006761550903
2004/9/11 0:00,0.732601,0.715977668762207
2004/9/12 0:00,0.72881,0.716022789478302
2004/9/13 0:00,0.720669,0.716001570224762
2004/9/14 0:00,0.716743,0.7163829803466797
2004/9/15 0:00,0.707714,0.7161818146705627
2004/9/16 0:00,0.708215,0.7160695195198059
2004/9/17 0:00,0.705219,0.7161504626274109
2004/9/18 0:00,0.707814,0.7161556482315063
2004/9/19 0:00,0.707814,0.7163094282150269
2004/9/20 0:00,0.713929,0.7165384888648987
2004/9/21 0:00,0.716692,0.7169153690338135
2004/9/22 0:00,0.707314,0.7168513536453247
2004/9/23 0:00,0.705716,0.717073380947113
2004/9/24 0:00,0.702198,0.7174158096313477
2004/9/25 0:00,0.702198,0.7176607251167297
2004/9/26 0:00,0.705517,0.7182679772377014
2004/9/27 0:00,0.70502,0.7187648415565491
2004/9/28 0:00,0.697107,0.719243586063385
2004/9/29 0:00,0.70373,0.7194548845291138
2004/9/30 0:00,0.711187,0.7195767760276794
2004/10/1 0:00,0.710278,0.7188946008682251
2004/10/2 0:00,0.710278,0.7189908623695374
2004/10/3 0:00,0.709019,0.7191237211227417
2004/10/4 0:00,0.697739,0.7189115285873413
2004/10/5 0:00,0.711845,0.7189734578132629
2004/10/6 0:00,0.713419,0.7191486358642578
2004/10/7 0:00,0.720773,0.7189908027648926
2004/10/8 0:00,0.721033,0.7188332080841064
2004/10/9 0:00,0.721033,0.7190536856651306
2004/10/10 0:00,0.7227,0.7190495133399963
2004/10/11 0:00,0.72197,0.7190969586372375
2004/10/12 0:00,0.722074,0.7190908789634705
2004/10/13 0:00,0.724795,0.7191885113716125
2004/10/14 0:00,0.727431,0.7192001342773438
2004/10/15 0:00,0.72759,0.719398558139801
2004/10/16 0:00,0.72759,0.7193499803543091
2004/10/17 0:00,0.733245,0.7193799018859863
2004/10/18 0:00,0.736757,0.7196457982063293
2004/10/19 0:00,0.73303,0.7200276851654053
2004/10/20 0:00,0.723014,0.7202025651931763
2004/10/21 0:00,0.727114,0.720365583896637
2004/10/22 0:00,0.726058,0.7202739119529724
2004/10/23 0:00,0.726058,0.7206816673278809
2004/10/24 0:00,0.729182,0.7208084464073181
2004/10/25 0:00,0.728863,0.720720112323761
2004/10/26 0:00,0.735727,0.7205899953842163
2004/10/27 0:00,0.73303,0.7208709120750427
2004/10/28 0:00,0.73346,0.720945417881012
2004/10/29 0:00,0.734268,0.721320390701294
2004/10/30 0:00,0.733568,0.7214099764823914
2004/10/31 0:00,0.735943,0.7211903929710388
2004/11/1 0:00,0.740192,0.7212372422218323
2004/11/2 0:00,0.737083,0.7214466333389282
2004/11/3 0:00,0.73346,0.7211686968803406
2004/11/4 0:00,0.743992,0.7209749817848206
2004/11/5 0:00,0.744269,0.7208390235900879
2004/11/6 0:00,0.74228,0.720755934715271
2004/11/7 0:00,0.741125,0.7206829786300659
2004/11/8 0:00,0.747887,0.7207145690917969
2004/11/9 0:00,0.753012,0.7209393978118896
2004/11/10 0:00,0.748223,0.7213100790977478
2004/11/11 0:00,0.753012,0.7215123772621155
2004/11/12 0:00,0.754375,0.7213242650032043
2004/11/13 0:00,0.754375,0.7210816144943237
2004/11/14 0:00,0.752615,0.7213441729545593
2004/11/15 0:00,0.752729,0.7214537858963013
2004/11/16 0:00,0.762544,0.7220240235328674
2004/11/17 0:00,0.757978,0.7223294973373413
2004/11/18 0:00,0.757576,0.7222557067871094
2004/11/19 0:00,0.755572,0.7220718264579773
2004/11/20 0:00,0.755572,0.7220471501350403
2004/11/21 0:00,0.756716,0.7219460606575012
2004/11/22 0:00,0.748503,0.7222539782524109
2004/11/23 0:00,0.754318,0.7227563261985779
2004/11/24 0:00,0.746938,0.7226496338844299
2004/11/25 0:00,0.746102,0.7224623560905457
2004/11/26 0:00,0.746714,0.7225781679153442
2004/11/27 0:00,0.74499,0.722472071647644
2004/11/28 0:00,0.75188,0.72294020652771
2004/11/29 0:00,0.749681,0.72285395860672
2004/11/30 0:00,0.74239,0.7231192588806152
2004/12/1 0:00,0.753409,0.7234829068183899
2004/12/2 0:00,0.762951,0.723642885684967
2004/12/3 0:00,0.762486,0.7248322367668152
2004/12/4 0:00,0.762369,0.7257806062698364
2004/12/5 0:00,0.766284,0.7256598472595215
2004/12/6 0:00,0.772201,0.7255777716636658
2004/12/7 0:00,0.775555,0.7255955934524536
2004/12/8 0:00,0.793588,0.7255551218986511
2004/12/9 0:00,0.795608,0.7255768775939941
2004/12/10 0:00,0.795482,0.725617527961731
2004/12/11 0:00,0.795482,0.7254456281661987
2004/12/12 0:00,0.789391,0.7257315516471863
2004/12/13 0:00,0.787402,0.7257028818130493
2004/12/14 0:00,0.781067,0.7258539199829102
2004/12/15 0:00,0.779059,0.7257723808288574
2004/12/16 0:00,0.776337,0.7258537411689758
2004/12/17 0:00,0.773395,0.725706160068512
2004/12/18 0:00,0.773395,0.7255728244781494
2004/12/19 0:00,0.77682,0.7255063652992249
2004/12/20 0:00,0.767165,0.7255132794380188
2004/12/21 0:00,0.771843,0.7256584167480469
2004/12/22 0:00,0.777122,0.7255540490150452
2004/12/23 0:00,0.777122,0.7253304123878479
2004/12/24 0:00,0.77918,0.7255687117576599
2004/12/25 0:00,0.77918,0.7254165410995483
2004/12/26 0:00,0.771962,0.7254721522331238
2004/12/27 0:00,0.761151,0.7253859043121338
2004/12/28 0:00,0.762137,0.7254597544670105
2004/12/29 0:00,0.761151,0.7253028154373169
2004/12/30 0:00,0.749625,0.7253397107124329
2004/12/31 0:00,0.749625,0.7252823710441589
2005/1/1 0:00,0.750244,0.7251476049423218
2005/1/2 0:00,0.744214,0.7251641750335693
2005/1/3 0:00,0.744325,0.7249013185501099
2005/1/4 0:00,0.755494,0.7246642708778381
2005/1/5 0:00,0.755744,0.7247915863990784
2005/1/6 0:00,0.762195,0.724814236164093
2005/1/7 0:00,0.762602,0.7248545289039612
2005/1/8 0:00,0.762602,0.7247340083122253
2005/1/9 0:00,0.759129,0.724720299243927
2005/1/10 0:00,0.761615,0.7244690656661987
2005/1/11 0:00,0.747496,0.7245644927024841
2005/1/12 0:00,0.745712,0.7246997356414795
2005/1/13 0:00,0.747775,0.7250257134437561
2005/1/14 0:00,0.748111,0.725204348564148
2005/1/15 0:00,0.748111,0.7250243425369263
2005/1/16 0:00,0.754774,0.7247985005378723
2005/1/17 0:00,0.752842,0.7247719764709473
2005/1/18 0:00,0.744435,0.7247865796089172
2005/1/19 0:00,0.73616,0.7247413992881775
2005/1/20 0:00,0.735727,0.7247132658958435
2005/1/21 0:00,0.736106,0.724468469619751
2005/1/22 0:00,0.736106,0.7241451740264893
2005/1/23 0:00,0.74217,0.724193811416626
2005/1/24 0:00,0.743826,0.723956823348999
2005/1/25 0:00,0.742942,0.7240257859230042
2005/1/26 0:00,0.748727,0.7240187525749207
2005/1/27 0:00,0.748727,0.7239643931388855
2005/1/28 0:00,0.749064,0.7234675884246826
2005/1/29 0:00,0.749064,0.7232717275619507
2005/1/30 0:00,0.747887,0.7232608199119568
2005/1/31 0:00,0.75523,0.7231136560440063
2005/2/1 0:00,0.764877,0.7231737971305847
2005/2/2 0:00,0.768403,0.7232202887535095
2005/2/3 0:00,0.778634,0.7231706380844116
2005/2/4 0:00,0.779606,0.7230678796768188
2005/2/5 0:00,0.779606,0.7226881384849548
2005/2/6 0:00,0.776096,0.725045919418335
2005/2/7 0:00,0.767224,0.7250826954841614
2005/2/8 0:00,0.761673,0.7252963781356812
2005/2/9 0:00,0.758093,0.7249299883842468
2005/2/10 0:00,0.758495,0.7250574231147766
2005/2/11 0:00,0.759821,0.7252190709114075
2005/2/12 0:00,0.757576,0.7249767780303955
2005/2/13 0:00,0.762137,0.7250868082046509
2005/2/14 0:00,0.760052,0.7254085540771484
2005/2/15 0:00,0.759301,0.7256370186805725
2005/2/16 0:00,0.769231,0.7256651520729065
2005/2/17 0:00,0.768226,0.725421130657196
2005/2/18 0:00,0.76693,0.72554612159729
2005/2/19 0:00,0.767695,0.7251587510108948
2005/2/20 0:00,0.773455,0.725580096244812
2005/2/21 0:00,0.770179,0.7253696322441101
2005/2/22 0:00,0.771724,0.7253495454788208
2005/2/23 0:00,0.755972,0.7253758907318115
2005/2/24 0:00,0.757691,0.7254344820976257
2005/2/25 0:00,0.757805,0.7252577543258667
2005/2/26 0:00,0.757805,0.7249172329902649
2005/2/27 0:00,0.763884,0.7249671816825867
2005/2/28 0:00,0.76365,0.7249498963356018
2005/3/1 0:00,0.766049,0.7248226404190063
2005/3/2 0:00,0.771188,0.7248034477233887
2005/3/3 0:00,0.772857,0.7244730591773987
2005/3/4 0:00,0.772201,0.7245385646820068
2005/3/5 0:00,0.772201,0.7238922715187073
2005/3/6 0:00,0.772559,0.7243419885635376
2005/3/7 0:00,0.780214,0.7242552638053894
2005/3/8 0:00,0.779788,0.7240729331970215
2005/3/9 0:00,0.772917,0.7239397764205933
2005/3/10 0:00,0.76864,0.7242789268493652
2005/3/11 0:00,0.76858,0.7246890068054199
2005/3/12 0:00,0.76858,0.7247464656829834
2005/3/13 0:00,0.770179,0.7249292135238647
2005/3/14 0:00,0.777484,0.7249996066093445
2005/3/15 0:00,0.771426,0.7248966693878174
2005/3/16 0:00,0.76746,0.7247440218925476
2005/3/17 0:00,0.759071,0.7245368957519531
2005/3/18 0:00,0.760167,0.7245848774909973
2005/3/19 0:00,0.760167,0.7244057655334473
2005/3/20 0:00,0.75643,0.7243210673332214
2005/3/21 0:00,0.752106,0.723696231842041
2005/3/22 0:00,0.751767,0.7238331437110901
2005/3/23 0:00,0.75884,0.7238806486129761
2005/3/24 0:00,0.762777,0.7239845991134644
2005/3/25 0:00,0.763359,0.7236723899841309
2005/3/26 0:00,0.763359,0.7231920957565308
2005/3/27 0:00,0.761035,0.7227523326873779
2005/3/28 0:00,0.748335,0.722415030002594
2005/3/29 0:00,0.745657,0.7220562100410461
2005/3/30 0:00,0.747384,0.7222545742988586
2005/3/31 0:00,0.751145,0.7227374315261841
2005/4/1 0:00,0.751145,0.7224501967430115
2005/4/2 0:00,0.750807,0.7216512560844421
2005/4/3 0:00,0.751428,0.7218273878097534
2005/4/4 0:00,0.750694,0.7218385934829712
2005/4/5 0:00,0.74239,0.7224576473236084
2005/4/6 0:00,0.740302,0.722229540348053
2005/4/7 0:00,0.736377,0.7225334048271179
2005/4/8 0:00,0.738662,0.7226911783218384
2005/4/9 0:00,0.736594,0.7226129174232483
2005/4/10 0:00,0.735835,0.7242617011070251
2005/4/11 0:00,0.740412,0.7242704033851624
2005/4/12 0:00,0.739262,0.724208652973175
2005/4/13 0:00,0.735294,0.7241060137748718
2005/4/14 0:00,0.744879,0.7240789532661438
2005/4/15 0:00,0.738007,0.7242114543914795
2005/4/16 0:00,0.731422,0.7243384122848511
2005/4/17 0:00,0.72998,0.7243764400482178
2005/4/18 0:00,0.718391,0.7242397665977478
2005/4/19 0:00,0.730407,0.7245218753814697
2005/4/20 0:00,0.730407,0.7246029376983643
2005/4/21 0:00,0.730407,0.724755048751831
2005/4/22 0:00,0.73346,0.7246838808059692
2005/4/23 0:00,0.740521,0.7247212529182434
2005/4/24 0:00,0.74173,0.7247358560562134
2005/4/25 0:00,0.749963,0.724669873714447
2005/4/26 0:00,0.749963,0.7246536612510681
2005/4/27 0:00,0.749963,0.7249584197998047
2005/4/28 0:00,0.749963,0.7251217365264893
2005/4/29 0:00,0.754205,0.7250819802284241
2005/4/30 0:00,0.755344,0.7249801754951477
2005/5/1 0:00,0.763475,0.7252198457717896
2005/5/2 0:00,0.764234,0.725125789642334
2005/5/3 0:00,0.765755,0.7251667976379395
2005/5/4 0:00,0.767695,0.7252118587493896
2005/5/5 0:00,0.766989,0.7252945899963379
2005/5/6 0:00,0.766342,0.7253150343894958
2005/5/7 0:00,0.769053,0.7254027128219604
2005/5/8 0:00,0.778634,0.7252907156944275
2005/5/9 0:00,0.776699,0.7253946661949158
2005/5/10 0:00,0.782411,0.7255633473396301
2005/5/11 0:00,0.783085,0.7254894375801086
2005/5/12 0:00,0.783085,0.7252791523933411
2005/5/13 0:00,0.781067,0.7253831028938293
2005/5/14 0:00,0.785731,0.7255221009254456
2005/5/15 0:00,0.788333,0.7256408929824829
2005/5/16 0:00,0.792707,0.7256237864494324
2005/5/17 0:00,0.798148,0.7258023023605347
2005/5/18 0:00,0.799552,0.7259593605995178
2005/5/19 0:00,0.797067,0.7260568737983704
2005/5/20 0:00,0.789079,0.7261267900466919
2005/5/21 0:00,0.788022,0.726593554019928
2005/5/22 0:00,0.795229,0.7266639471054077
2005/5/23 0:00,0.801989,0.7264488935470581
2005/5/24 0:00,0.801475,0.7264397144317627
2005/5/25 0:00,0.80186,0.7266788482666016
2005/5/26 0:00,0.802053,0.7268092632293701
2005/5/27 0:00,0.799488,0.7269718050956726
2005/5/28 0:00,0.805218,0.7271869778633118
2005/5/29 0:00,0.805348,0.7270401120185852
2005/5/30 0:00,0.799361,0.7268657684326172
2005/5/31 0:00,0.808407,0.7268221974372864
2005/6/1 0:00,0.807103,0.7264857888221741
2005/6/2 0:00,0.807103,0.7265692353248596
2005/6/3 0:00,0.808865,0.7266179323196411
2005/6/4 0:00,0.800512,0.7266284823417664
2005/6/5 0:00,0.790826,0.7262080907821655
2005/6/6 0:00,0.785484,0.7261324524879456
2005/6/7 0:00,0.793021,0.7262682318687439
2005/6/8 0:00,0.795292,0.7262621521949768
2005/6/9 0:00,0.795292,0.7264042496681213
2005/6/10 0:00,0.793462,0.7266253232955933
2005/6/11 0:00,0.792267,0.7269008755683899
2005/6/12 0:00,0.788333,0.7269613742828369
2005/6/13 0:00,0.797957,0.7268739938735962
2005/6/14 0:00,0.786906,0.7269538044929504
2005/6/15 0:00,0.787154,0.7270292043685913
2005/6/16 0:00,0.785176,0.7273069024085999
2005/6/17 0:00,0.78284,0.727461576461792
2005/6/18 0:00,0.782473,0.7275441288948059
2005/6/19 0:00,0.788333,0.7275373935699463
2005/6/20 0:00,0.78964,0.727374255657196
2005/6/21 0:00,0.799041,0.7273935079574585
2005/6/22 0:00,0.793399,0.7272323369979858
2005/6/23 0:00,0.793399,0.7273576259613037
2005/6/24 0:00,0.789889,0.7274201512336731
2005/6/25 0:00,0.796495,0.7273358106613159
2005/6/26 0:00,0.797957,0.7276382446289062
2005/6/27 0:00,0.809717,0.727444052696228
2005/6/28 0:00,0.817394,0.7274723052978516
2005/6/29 0:00,0.818599,0.7272285223007202
2005/6/30 0:00,0.818599,0.7273247241973877
2005/7/1 0:00,0.817394,0.7274088859558105
2005/7/2 0:00,0.823316,0.7275189161300659
2005/7/3 0:00,0.820816,0.7274957299232483
2005/7/4 0:00,0.816393,0.7273703813552856
2005/7/5 0:00,0.817528,0.727504551410675
2005/7/6 0:00,0.815794,0.7272650003433228
2005/7/7 0:00,0.815262,0.7271280288696289
2005/7/8 0:00,0.814266,0.7272754311561584
2005/7/9 0:00,0.821423,0.7273605465888977
2005/7/10 0:00,0.816127,0.7275540828704834
2005/7/11 0:00,0.827198,0.7274652719497681
2005/7/12 0:00,0.822436,0.7278171181678772
2005/7/13 0:00,0.823588,0.7278416156768799
2005/7/14 0:00,0.823588,0.7281602621078491
2005/7/15 0:00,0.813008,0.7282216548919678
2005/7/16 0:00,0.819269,0.7282183170318604
2005/7/17 0:00,0.806127,0.728441596031189
2005/7/18 0:00,0.801218,0.7284496426582336
2005/7/19 0:00,0.810898,0.7284165620803833
2005/7/20 0:00,0.810504,0.7284999489784241
2005/7/21 0:00,0.810504,0.728472113609314
2005/7/22 0:00,0.809389,0.7283422350883484
2005/7/23 0:00,0.811688,0.7283657789230347
2005/7/24 0:00,0.817929,0.7286616563796997
2005/7/25 0:00,0.81011,0.7285706996917725
2005/7/26 0:00,0.81182,0.7286531925201416
2005/7/27 0:00,0.811886,0.7283360958099365
2005/7/28 0:00,0.811886,0.7285080552101135
2005/7/29 0:00,0.804829,0.7285536527633667
2005/7/30 0:00,0.810504,0.7286551594734192
2005/7/31 0:00,0.823181,0.7287673950195312
2005/8/1 0:00,0.826583,0.7286468744277954
2005/8/2 0:00,0.828226,0.7286317944526672
2005/8/3 0:00,0.827061,0.7284460067749023
2005/8/4 0:00,0.827061,0.7283912897109985
2005/8/5 0:00,0.8296,0.7283777594566345
2005/8/6 0:00,0.828157,0.7284321784973145
2005/8/7 0:00,0.826856,0.7286226749420166
2005/8/8 0:00,0.830979,0.7283331751823425
2005/8/9 0:00,0.834446,0.7282688617706299
2005/8/10 0:00,0.837802,0.7282845973968506
2005/8/11 0:00,0.833264,0.7287457585334778
2005/8/12 0:00,0.829669,0.7286210656166077
2005/8/13 0:00,0.819605,0.7289952039718628
2005/8/14 0:00,0.83682,0.7292176485061646
2005/8/15 0:00,0.84317,0.7291033267974854
2005/8/16 0:00,0.845094,0.7300060987472534
2005/8/17 0:00,0.843597,0.7300438284873962
2005/8/18 0:00,0.843597,0.7300510406494141
2005/8/19 0:00,0.843811,0.7299997210502625
2005/8/20 0:00,0.856238,0.7300249338150024
2005/8/21 0:00,0.855798,0.7301689982414246
2005/8/22 0:00,0.863334,0.7301705479621887
2005/8/23 0:00,0.865127,0.7301875948905945
2005/8/24 0:00,0.864678,0.7301769256591797
2005/8/25 0:00,0.864379,0.7303709387779236
2005/8/26 0:00,0.866176,0.7304065227508545
2005/8/27 0:00,0.87146,0.7305228114128113
2005/8/28 0:00,0.870019,0.7304779887199402
2005/8/29 0:00,0.871536,0.7305286526679993
2005/8/30 0:00,0.877501,0.7304893136024475
2005/8/31 0:00,0.87727,0.7303754687309265
2005/9/1 0:00,0.87727,0.7303684949874878
2005/9/2 0:00,0.874355,0.7305174469947815
2005/9/3 0:00,0.869036,0.7305629253387451
2005/9/4 0:00,0.863856,0.7305340766906738
2005/9/5 0:00,0.843811,0.7303450107574463
2005/9/6 0:00,0.845237,0.7304071187973022
2005/9/7 0:00,0.83167,0.730381965637207
2005/9/8 0:00,0.83167,0.7304161190986633
2005/9/9 0:00,0.830358,0.7303270697593689
2005/9/10 0:00,0.816193,0.7303451895713806
2005/9/11 0:00,0.817661,0.7303789258003235
2005/9/12 0:00,0.824742,0.7304377555847168
2005/9/13 0:00,0.833611,0.7304645776748657
2005/9/14 0:00,0.831393,0.7305705547332764
2005/9/15 0:00,0.831393,0.7306647896766663
2005/9/16 0:00,0.829738,0.7306562662124634
2005/9/17 0:00,0.8351,0.7305321097373962
2005/9/18 0:00,0.837381,0.7306224703788757
2005/9/19 0:00,0.81974,0.7306719422340393
2005/9/20 0:00,0.820681,0.7307732105255127
2005/9/21 0:00,0.823995,0.7307328581809998
2005/9/22 0:00,0.823995,0.7308666706085205
2005/9/23 0:00,0.825083,0.7308964133262634
2005/9/24 0:00,0.832362,0.7309105396270752
2005/9/25 0:00,0.827198,0.7310448884963989
2005/9/26 0:00,0.829738,0.731303334236145
2005/9/27 0:00,0.840195,0.7312639951705933
2005/9/28 0:00,0.839842,0.7310600280761719
2005/9/29 0:00,0.843668,0.7310183048248291
2005/9/30 0:00,0.851209,0.7311428785324097
2005/10/1 0:00,0.85162,0.7312882542610168
2005/10/2 0:00,0.84674,0.7315114736557007
2005/10/3 0:00,0.831947,0.7315531373023987
2005/10/4 0:00,0.831808,0.7313770055770874
2005/10/5 0:00,0.832362,0.7311338186264038
2005/10/6 0:00,0.822301,0.7310632467269897
2005/10/7 0:00,0.818465,0.7307952046394348
2005/10/8 0:00,0.825627,0.7307664155960083
2005/10/9 0:00,0.822301,0.7307880520820618
2005/10/10 0:00,0.830979,0.7308327555656433
2005/10/11 0:00,0.819807,0.7306022644042969
2005/10/12 0:00,0.816127,0.7305278182029724
2005/10/13 0:00,0.778028,0.7306709289550781
2005/10/14 0:00,0.778816,0.7307195067405701
2005/10/15 0:00,0.772618,0.7307916879653931
2005/10/16 0:00,0.793903,0.7310022711753845
2005/10/17 0:00,0.778634,0.7310861349105835
2005/10/18 0:00,0.76746,0.7311147451400757
2005/10/19 0:00,0.759013,0.7309886813163757
2005/10/20 0:00,0.762486,0.7309078574180603
2005/10/21 0:00,0.766754,0.730962336063385
2005/10/22 0:00,0.76929,0.7310487031936646
2005/10/23 0:00,0.78456,0.7310070991516113
2005/10/24 0:00,0.780457,0.7310255765914917
2005/10/25 0:00,0.798148,0.7308319211006165
2005/10/26 0:00,0.791703,0.7306009531021118
2005/10/27 0:00,0.796369,0.7305620312690735
2005/10/28 0:00,0.794786,0.7304078936576843
2005/10/29 0:00,0.793336,0.7303588390350342
2005/10/30 0:00,0.801603,0.7302995324134827
2005/10/31 0:00,0.797194,0.7302380204200745
2005/11/1 0:00,0.79277,0.7304964065551758
2005/11/2 0:00,0.821693,0.7302986979484558
2005/11/3 0:00,0.810898,0.7302892208099365
2005/11/4 0:00,0.793462,0.7300368547439575
2005/11/5 0:00,0.788955,0.7299222350120544
2005/11/6 0:00,0.791766,0.7299448847770691
2005/11/7 0:00,0.791515,0.7301263809204102
2005/11/8 0:00,0.795229,0.7299544811248779
2005/11/9 0:00,0.79466,0.7298523783683777
2005/11/10 0:00,0.785762,0.7299792766571045
2005/11/11 0:00,0.776398,0.729652464389801
2005/11/12 0:00,0.786411,0.7292997241020203
2005/11/13 0:00,0.778634,0.7295075058937073
2005/11/14 0:00,0.76864,0.7296435832977295
2005/11/15 0:00,0.768699,0.7295993566513062
2005/11/16 0:00,0.761905,0.7293893098831177
2005/11/17 0:00,0.757031,0.7296472191810608
2005/11/18 0:00,0.756487,0.7296606302261353
2005/11/19 0:00,0.747105,0.7298674583435059
2005/11/20 0:00,0.745629,0.7297462821006775
2005/11/21 0:00,0.740357,0.7297734022140503
2005/11/22 0:00,0.741565,0.7297844886779785
2005/11/23 0:00,0.741785,0.7297073006629944
2005/11/24 0:00,0.755059,0.7297106981277466
2005/11/25 0:00,0.762253,0.7300019860267639
2005/11/26 0:00,0.776759,0.7299900054931641
2005/11/27 0:00,0.777152,0.7300149202346802
2005/11/28 0:00,0.777363,0.7301393747329712
2005/11/29 0:00,0.78183,0.7301144599914551
2005/11/30 0:00,0.778513,0.7300055027008057
2005/12/1 0:00,0.773485,0.7302324771881104
2005/12/2 0:00,0.773156,0.7300508618354797
2005/12/3 0:00,0.773395,0.730225682258606
2005/12/4 0:00,0.773395,0.7303975820541382
2005/12/5 0:00,0.762021,0.7304677963256836
2005/12/6 0:00,0.763534,0.7302475571632385
2005/12/7 0:00,0.751174,0.7301299571990967
2005/12/8 0:00,0.75392,0.7299525141716003
2005/12/9 0:00,0.763009,0.7296562790870667
2005/12/10 0:00,0.75706,0.7293112874031067
2005/12/11 0:00,0.769112,0.7291646003723145
2005/12/12 0:00,0.767401,0.7292209267616272
2005/12/13 0:00,0.774893,0.7292007207870483
2005/12/14 0:00,0.773814,0.7287726998329163
2005/12/15 0:00,0.773994,0.7285533547401428
2005/12/16 0:00,0.772022,0.7283546328544617
2005/12/17 0:00,0.769172,0.7284146547317505
2005/12/18 0:00,0.77006,0.7282021641731262
2005/12/19 0:00,0.780457,0.7287460565567017
2005/12/20 0:00,0.777484,0.7289114594459534
2005/12/21 0:00,0.777484,0.7289983034133911
2005/12/22 0:00,0.778816,0.7298843264579773
2005/12/23 0:00,0.789889,0.7305536270141602
2005/12/24 0:00,0.781616,0.7305991649627686
2005/12/25 0:00,0.781433,0.7304351329803467
2005/12/26 0:00,0.785176,0.7305219173431396
2005/12/27 0:00,0.794976,0.730676531791687
2005/12/28 0:00,0.794597,0.7307800054550171
2005/12/29 0:00,0.792456,0.730828046798706
2005/12/30 0:00,0.792519,0.730838418006897
2005/12/31 0:00,0.793588,0.7309213280677795
2006/1/1 0:00,0.800064,0.730898916721344
2006/1/2 0:00,0.805088,0.7309744358062744
2006/1/3 0:00,0.810636,0.7309257388114929
2006/1/4 0:00,0.809323,0.7308784127235413
2006/1/5 0:00,0.805088,0.7309600710868835
2006/1/6 0:00,0.821558,0.7307751774787903
2006/1/7 0:00,0.823723,0.7307595014572144
2006/1/8 0:00,0.819236,0.7309054136276245
2006/1/9 0:00,0.824674,0.7310570478439331
2006/1/10 0:00,0.834585,0.7310259342193604
2006/1/11 0:00,0.835143,0.7309186458587646
2006/1/12 0:00,0.83619,0.7310439348220825
2006/1/13 0:00,0.835946,0.7310495376586914
2006/1/14 0:00,0.833611,0.7310786843299866
2006/1/15 0:00,0.83612,0.7310513854026794
2006/1/16 0:00,0.833889,0.7310380935668945
2006/1/17 0:00,0.83647,0.7311519980430603
2006/1/18 0:00,0.8285,0.7311369180679321
2006/1/19 0:00,0.826583,0.7312389016151428
2006/1/20 0:00,0.835213,0.7313857078552246
2006/1/21 0:00,0.832085,0.7315975427627563
2006/1/22 0:00,0.837802,0.7315148115158081
2006/1/23 0:00,0.831117,0.7314063906669617
2006/1/24 0:00,0.832293,0.7314284443855286
2006/1/25 0:00,0.840089,0.7313985824584961
2006/1/26 0:00,0.83668,0.731475830078125
2006/1/27 0:00,0.829463,0.7314907908439636
2006/1/28 0:00,0.833403,0.7315905094146729
2006/1/29 0:00,0.83647,0.7317787408828735
2006/1/30 0:00,0.835701,0.7317940592765808
2006/1/31 0:00,0.840477,0.7318869233131409
2006/2/1 0:00,0.837591,0.7321192026138306
2006/2/2 0:00,0.840124,0.7322258949279785
2006/2/3 0:00,0.840054,0.732045590877533
2006/2/4 0:00,0.83091,0.7320971488952637
2006/2/5 0:00,0.828947,0.7322151064872742
2006/2/6 0:00,0.821828,0.7323865294456482
2006/2/7 0:00,0.810767,0.7326071858406067
2006/2/8 0:00,0.819739,0.7327006459236145
2006/2/9 0:00,0.824063,0.7325726747512817
2006/2/10 0:00,0.82149,0.7325206995010376
2006/2/11 0:00,0.821355,0.7324474453926086
2006/2/12 0:00,0.821355,0.7322462797164917
2006/2/13 0:00,0.816793,0.7322496771812439
2006/2/14 0:00,0.821828,0.7323094010353088
2006/2/15 0:00,0.809192,0.7321552634239197
2006/2/16 0:00,0.819605,0.7318238615989685
2006/2/17 0:00,0.825014,0.7316904067993164
2006/2/18 0:00,0.824402,0.7317602634429932
2006/2/19 0:00,0.824402,0.7317407727241516
2006/2/20 0:00,0.826583,0.7319434285163879
2006/2/21 0:00,0.817528,0.7322297692298889
2006/2/22 0:00,0.814399,0.7326019406318665
2006/2/23 0:00,0.808767,0.7327970266342163
2006/2/24 0:00,0.817127,0.7329562306404114
2006/2/25 0:00,0.819437,0.7331327795982361
2006/2/26 0:00,0.819437,0.7333676815032959
2006/2/27 0:00,0.820917,0.7335652112960815
2006/2/28 0:00,0.821625,0.7335760593414307
2006/3/1 0:00,0.81626,0.7336814403533936
2006/3/2 0:00,0.813603,0.7335665225982666
2006/3/3 0:00,0.820883,0.733282744884491
2006/3/4 0:00,0.818465,0.7334948778152466
2006/3/5 0:00,0.82464,0.7332283854484558
2006/3/6 0:00,0.823452,0.7332655191421509
2006/3/7 0:00,0.81473,0.7331349849700928
2006/3/8 0:00,0.816327,0.7331640124320984
2006/3/9 0:00,0.819403,0.7333644032478333
2006/3/10 0:00,0.81606,0.7332507967948914
2006/3/11 0:00,0.81606,0.7333241701126099
2006/3/12 0:00,0.82291,0.7329572439193726
2006/3/13 0:00,0.814531,0.8217899799346924
2006/3/14 0:00,0.818264,0.8216084837913513
2006/3/15 0:00,0.827061,0.8216271996498108
2006/3/16 0:00,0.824334,0.8212854862213135
2006/3/17 0:00,0.823045,0.8207905888557434
2006/3/18 0:00,0.823045,0.82056725025177
2006/3/19 0:00,0.821018,0.8200504779815674
2006/3/20 0:00,0.822504,0.8196008205413818
2006/3/21 0:00,0.816127,0.8192455172538757
2006/3/22 0:00,0.81314,0.818562924861908
2006/3/23 0:00,0.817595,0.8181755542755127
2006/3/24 0:00,0.811162,0.8181435465812683
2006/3/25 0:00,0.813074,0.8177438974380493
2006/3/26 0:00,0.814133,0.8174816966056824
2006/3/27 0:00,0.822504,0.8173510432243347
2006/3/28 0:00,0.817127,0.8166584968566895
2006/3/29 0:00,0.815129,0.816228449344635
2006/3/30 0:00,0.80952,0.8163501620292664
2006/3/31 0:00,0.799233,0.8157023191452026
2006/4/1 0:00,0.794849,0.8152758479118347
2006/4/2 0:00,0.795735,0.814987301826477
2006/4/3 0:00,0.795672,0.814408540725708
2006/4/4 0:00,0.788146,0.8138937950134277
2006/4/5 0:00,0.786473,0.8136892318725586
2006/4/6 0:00,0.786658,0.8127626180648804
2006/4/7 0:00,0.785608,0.8121011257171631
2006/4/8 0:00,0.779423,0.8120076060295105
2006/4/9 0:00,0.770921,0.8115591406822205
2006/4/10 0:00,0.765111,0.8109750747680664
2006/4/11 0:00,0.767224,0.8104881048202515
2006/4/12 0:00,0.752729,0.8095168471336365
2006/4/13 0:00,0.756716,0.8088024258613586
2006/4/14 0:00,0.756716,0.808122456073761
2006/4/15 0:00,0.762021,0.8077579736709595
2006/4/16 0:00,0.75815,0.8077949285507202
2006/4/17 0:00,0.749344,0.808295488357544
2006/4/18 0:00,0.750751,0.8080502152442932
2006/4/19 0:00,0.755401,0.8079150915145874
2006/4/20 0:00,0.75375,0.8079221844673157
2006/4/21 0:00,0.760861,0.8067806959152222
2006/4/22 0:00,0.760803,0.8060473799705505
2006/4/23 0:00,0.755116,0.8056251406669617
2006/4/24 0:00,0.753807,0.8048276901245117
2006/4/25 0:00,0.752955,0.8044087886810303
2006/4/26 0:00,0.754262,0.8041081428527832
2006/4/27 0:00,0.755658,0.80366051197052
2006/4/28 0:00,0.755344,0.8029411435127258
2006/4/29 0:00,0.768344,0.802500307559967
2006/4/30 0:00,0.77098,0.8010311126708984
2006/5/1 0:00,0.76929,0.8002684116363525
2006/5/2 0:00,0.772618,0.8000826239585876
2006/5/3 0:00,0.775675,0.7999439835548401
2006/5/4 0:00,0.779545,0.8000819683074951
2006/5/5 0:00,0.77991,0.8001911044120789
2006/5/6 0:00,0.787836,0.7997545599937439
2006/5/7 0:00,0.791515,0.7991973757743835
2006/5/8 0:00,0.797957,0.7984302043914795
2006/5/9 0:00,0.795862,0.7980331182479858
2006/5/10 0:00,0.788581,0.7980644702911377
2006/5/11 0:00,0.791264,0.7985803484916687
2006/5/12 0:00,0.790576,0.7985358834266663
2006/5/13 0:00,0.790576,0.7990214824676514
2006/5/14 0:00,0.786596,0.7992712259292603
2006/5/15 0:00,0.791327,0.7986235618591309
2006/5/16 0:00,0.791202,0.8076291084289551
2006/5/17 0:00,0.784929,0.8072770237922668
2006/5/18 0:00,0.802504,0.8071779608726501
2006/5/19 0:00,0.801475,0.806494951248169
2006/5/20 0:00,0.801475,0.8062277436256409
2006/5/21 0:00,0.8036,0.8056702613830566
2006/5/22 0:00,0.804376,0.8047966957092285
2006/5/23 0:00,0.804441,0.804753839969635
2006/5/24 0:00,0.803988,0.8040732145309448
2006/5/25 0:00,0.796749,0.8035851120948792
2006/5/26 0:00,0.797957,0.8037266731262207
2006/5/27 0:00,0.796622,0.8037394881248474
2006/5/28 0:00,0.795545,0.8032647371292114
2006/5/29 0:00,0.798531,0.8031964302062988
2006/5/30 0:00,0.790202,0.8037072420120239
2006/5/31 0:00,0.794786,0.8029288649559021
2006/6/1 0:00,0.797067,0.8024721741676331
2006/6/2 0:00,0.797703,0.8027198314666748
2006/6/3 0:00,0.800064,0.8027677536010742
2006/6/4 0:00,0.802439,0.8025974035263062
2006/6/5 0:00,0.798786,0.8018999099731445
2006/6/6 0:00,0.799744,0.8016785383224487
2006/6/7 0:00,0.799744,0.8016812205314636
2006/6/8 0:00,0.788457,0.801810085773468
2006/6/9 0:00,0.785299,0.8013288378715515
2006/6/10 0:00,0.790077,0.8007950186729431
2006/6/11 0:00,0.80186,0.800799548625946
2006/6/12 0:00,0.809717,0.8000220656394958
2006/6/13 0:00,0.808407,0.8006412982940674
2006/6/14 0:00,0.810504,0.8001696467399597
2006/6/15 0:00,0.813008,0.7998258471488953
2006/6/16 0:00,0.808407,0.800275444984436
2006/6/17 0:00,0.818264,0.800032913684845
2006/6/18 0:00,0.819001,0.7998413443565369
2006/6/19 0:00,0.819001,0.800274670124054
2006/6/20 0:00,0.821153,0.8013155460357666
2006/6/21 0:00,0.816127,0.8016848564147949
2006/6/22 0:00,0.815328,0.8026967644691467
2006/6/23 0:00,0.811162,0.8033474087715149
2006/6/24 0:00,0.81215,0.8027434349060059
2006/6/25 0:00,0.808538,0.8026549220085144
2006/6/26 0:00,0.805802,0.8027721047401428
2006/6/27 0:00,0.806712,0.8028454184532166
2006/6/28 0:00,0.81103,0.8028883934020996
2006/6/29 0:00,0.807233,0.803518533706665
2006/6/30 0:00,0.807624,0.8038920760154724
2006/7/1 0:00,0.807624,0.8043964505195618
2006/7/2 0:00,0.809061,0.8042683601379395
2006/7/3 0:00,0.810964,0.803462028503418
2006/7/4 0:00,0.808865,0.8028972148895264
2006/7/5 0:00,0.814001,0.8026279211044312
2006/7/6 0:00,0.811952,0.8027865886688232
2006/7/7 0:00,0.809454,0.803804874420166
2006/7/8 0:00,0.804117,0.8046689629554749
2006/7/9 0:00,0.802826,0.8043361902236938
2006/7/10 0:00,0.798276,0.804280698299408
2006/7/11 0:00,0.803084,0.804182231426239
2006/7/12 0:00,0.803729,0.8036147952079773
2006/7/13 0:00,0.797575,0.8047515749931335
2006/7/14 0:00,0.793462,0.8052465319633484
2006/7/15 0:00,0.79447,0.8057339191436768
2006/7/16 0:00,0.802761,0.8068771362304688
2006/7/17 0:00,0.812018,0.8079882860183716
2006/7/18 0:00,0.809389,0.8105835914611816
2006/7/19 0:00,0.818666,0.8100146055221558
2006/7/20 0:00,0.819471,0.8103445172309875
2006/7/21 0:00,0.829325,0.8108989000320435
2006/7/22 0:00,0.829119,0.8112196326255798
2006/7/23 0:00,0.825832,0.8112171292304993
2006/7/24 0:00,0.826925,0.8111451864242554
2006/7/25 0:00,0.827883,0.8111512064933777
2006/7/26 0:00,0.827541,0.8114482760429382
2006/7/27 0:00,0.830634,0.8113846182823181
2006/7/28 0:00,0.820075,0.8115058541297913
2006/7/29 0:00,0.825627,0.8117160797119141
2006/7/30 0:00,0.823859,0.8120947480201721
2006/7/31 0:00,0.831808,0.8120124340057373
2006/8/1 0:00,0.830392,0.811896026134491
2006/8/2 0:00,0.829187,0.8121719360351562
2006/8/3 0:00,0.827883,0.8122542500495911
2006/8/4 0:00,0.819135,0.8125101923942566
2006/8/5 0:00,0.822639,0.8128461241722107
2006/8/6 0:00,0.818733,0.8129552006721497
2006/8/7 0:00,0.818063,0.8127344250679016
2006/8/8 0:00,0.821288,0.8125008344650269
2006/8/9 0:00,0.816927,0.8128342032432556
2006/8/10 0:00,0.815461,0.8130558729171753
2006/8/11 0:00,0.8188,0.8133600950241089
2006/8/12 0:00,0.816993,0.8132177591323853
2006/8/13 0:00,0.81686,0.8134496808052063
2006/8/14 0:00,0.81686,0.8138335943222046
2006/8/15 0:00,0.819001,0.8139247894287109
2006/8/16 0:00,0.813603,0.8139880895614624
2006/8/17 0:00,0.822301,0.8138163089752197
2006/8/18 0:00,0.821693,0.8138329982757568
2006/8/19 0:00,0.816593,0.813660204410553
2006/8/20 0:00,0.815927,0.8133264183998108
2006/8/21 0:00,0.816593,0.8132832646369934
2006/8/22 0:00,0.811688,0.8133975267410278
2006/8/23 0:00,0.817127,0.8139891028404236
2006/8/24 0:00,0.821625,0.8139547109603882
2006/8/25 0:00,0.82149,0.8143026232719421
2006/8/26 0:00,0.818867,0.8143613338470459
2006/8/27 0:00,0.820749,0.8142258524894714
2006/8/28 0:00,0.821828,0.8141095042228699
2006/8/29 0:00,0.827404,0.8138512969017029
2006/8/30 0:00,0.82631,0.8137573003768921
2006/8/31 0:00,0.825287,0.8136143088340759
2006/9/1 0:00,0.82481,0.8136488199234009
2006/9/2 0:00,0.827678,0.8137928247451782
2006/9/3 0:00,0.8259,0.8140121698379517
2006/9/4 0:00,0.816793,0.8140684962272644
2006/9/5 0:00,0.814399,0.8133946061134338
2006/9/6 0:00,0.814067,0.8132767081260681
2006/9/7 0:00,0.817394,0.8132602572441101
2006/9/8 0:00,0.819471,0.8136553764343262
2006/9/9 0:00,0.811293,0.8138967156410217
2006/9/10 0:00,0.809389,0.8143001794815063
2006/9/11 0:00,0.808571,0.8148655891418457
2006/9/12 0:00,0.812546,0.8152188062667847
2006/9/13 0:00,0.81813,0.8153012990951538
2006/9/14 0:00,0.814797,0.8152974843978882
2006/9/15 0:00,0.811754,0.8154219388961792
2006/9/16 0:00,0.81493,0.8154397010803223
2006/9/17 0:00,0.823859,0.8153185248374939
2006/9/18 0:00,0.824029,0.815600574016571
2006/9/19 0:00,0.821895,0.8157854080200195
2006/9/20 0:00,0.821052,0.8155486583709717
2006/9/21 0:00,0.82291,0.8133814334869385
2006/9/22 0:00,0.821625,0.8138178586959839
2006/9/23 0:00,0.819706,0.8146116733551025
2006/9/24 0:00,0.820143,0.814724326133728
2006/9/25 0:00,0.820143,0.8151842951774597
2006/9/26 0:00,0.821659,0.8149323463439941
2006/9/27 0:00,0.824436,0.8151574730873108
2006/9/28 0:00,0.824674,0.8152278661727905
2006/9/29 0:00,0.832709,0.8149731755256653
2006/9/30 0:00,0.832882,0.8149398565292358
2006/10/1 0:00,0.832535,0.814950704574585
2006/10/2 0:00,0.832535,0.8154546022415161
2006/10/3 0:00,0.834168,0.8156833648681641
2006/10/4 0:00,0.837872,0.8157976865768433
2006/10/5 0:00,0.843846,0.8164791464805603
2006/10/6 0:00,0.844096,0.8165905475616455
2006/10/7 0:00,0.846346,0.8170710802078247
2006/10/8 0:00,0.846346,0.8170070052146912
2006/10/9 0:00,0.844238,0.8173877000808716
2006/10/10 0:00,0.842212,0.8171218037605286
2006/10/11 0:00,0.83675,0.8170603513717651
2006/10/12 0:00,0.833229,0.8174246549606323
2006/10/13 0:00,0.824368,0.8178356289863586
2006/10/14 0:00,0.82352,0.818464994430542
2006/10/15 0:00,0.822571,0.818412721157074
2006/10/16 0:00,0.821558,0.8185681700706482
2006/10/17 0:00,0.815894,0.8186662793159485
2006/10/18 0:00,0.817361,0.8185431957244873
2006/10/19 0:00,0.820883,0.8187568187713623
2006/10/20 0:00,0.81984,0.8184130191802979
2006/10/21 0:00,0.826856,0.8187368512153625
2006/10/22 0:00,0.827369,0.8181816339492798
2006/10/23 0:00,0.833854,0.8178122043609619
2006/10/24 0:00,0.832258,0.8175667524337769
2006/10/25 0:00,0.828844,0.8180955648422241
2006/10/26 0:00,0.831843,0.8188189268112183
2006/10/27 0:00,0.831843,0.8191033005714417
2006/10/28 0:00,0.835143,0.8194544911384583
2006/10/29 0:00,0.834376,0.8193708658218384
2006/10/30 0:00,0.83956,0.8191812038421631
2006/10/31 0:00,0.842212,0.8188797235488892
2006/11/1 0:00,0.837311,0.8184567093849182
2006/11/2 0:00,0.836645,0.818321943283081
2006/11/3 0:00,0.836645,0.8182247877120972
2006/11/4 0:00,0.839701,0.8186067342758179
2006/11/5 0:00,0.839137,0.8187239766120911
2006/11/6 0:00,0.841043,0.8195493221282959
2006/11/7 0:00,0.841008,0.8198800683021545
2006/11/8 0:00,0.834829,0.8196505308151245
2006/11/9 0:00,0.837135,0.8192228674888611
2006/11/10 0:00,0.837135,0.8188730478286743
2006/11/11 0:00,0.836645,0.8191003203392029
2006/11/12 0:00,0.839772,0.8190664649009705
2006/11/13 0:00,0.842851,0.8193893432617188
2006/11/14 0:00,0.838891,0.8195021152496338
2006/11/15 0:00,0.837416,0.819677472114563
2006/11/16 0:00,0.837276,0.819301187992096
2006/11/17 0:00,0.837276,0.8189743161201477
2006/11/18 0:00,0.830875,0.8198277950286865
2006/11/19 0:00,0.837521,0.8199878334999084
2006/11/20 0:00,0.831497,0.8204570412635803
2006/11/21 0:00,0.839137,0.8206296563148499
2006/11/22 0:00,0.846776,0.821253776550293
2006/11/23 0:00,0.845309,0.8224296569824219
2006/11/24 0:00,0.84513,0.8216053247451782
2006/11/25 0:00,0.845916,0.8214646577835083
2006/11/26 0:00,0.844309,0.821806788444519
2006/11/27 0:00,0.842673,0.8217763900756836
2006/11/28 0:00,0.830392,0.8216010332107544
2006/11/29 0:00,0.835178,0.8213014602661133
2006/11/30 0:00,0.836225,0.821312665939331
2006/12/1 0:00,0.836225,0.8215359449386597
2006/12/2 0:00,0.8371,0.8214657306671143
2006/12/3 0:00,0.84207,0.8214294910430908
2006/12/4 0:00,0.840407,0.8215609192848206
2006/12/5 0:00,0.847099,0.8217992186546326
2006/12/6 0:00,0.84563,0.8214513659477234
2006/12/7 0:00,0.845166,0.8212976455688477
2006/12/8 0:00,0.844916,0.8213252425193787
2006/12/9 0:00,0.845309,0.8209630250930786
2006/12/10 0:00,0.848284,0.8212552070617676
2006/12/11 0:00,0.8364,0.8215651512145996
2006/12/12 0:00,0.834864,0.8215116858482361
2006/12/13 0:00,0.838223,0.8212156295776367
2006/12/14 0:00,0.837977,0.8211586475372314
2006/12/15 0:00,0.837977,0.8209261894226074
2006/12/16 0:00,0.838399,0.8205072283744812
2006/12/17 0:00,0.8243,0.8205345869064331
2006/12/18 0:00,0.823316,0.8203775882720947
2006/12/19 0:00,0.828672,0.8204793334007263
2006/12/20 0:00,0.824606,0.8208376169204712
2006/12/21 0:00,0.825151,0.8205763101577759
2006/12/22 0:00,0.822774,0.820305585861206
2006/12/23 0:00,0.829738,0.819839358329773
2006/12/24 0:00,0.830599,0.8197792172431946
2006/12/25 0:00,0.827096,0.8196260929107666
2006/12/26 0:00,0.819672,0.8193246126174927
2006/12/27 0:00,0.821794,0.8191086053848267
2006/12/28 0:00,0.822064,0.8193439245223999
2006/12/29 0:00,0.825423,0.8196249604225159
2006/12/30 0:00,0.825219,0.8192341327667236
2006/12/31 0:00,0.825593,0.8192887902259827
2007/1/1 0:00,0.822571,0.8192123770713806
2007/1/2 0:00,0.827198,0.8185462951660156
2007/1/3 0:00,0.827438,0.8184600472450256
2007/1/4 0:00,0.827438,0.8182177543640137
2007/1/5 0:00,0.825866,0.8177926540374756
2007/1/6 0:00,0.823791,0.817608118057251
2007/1/7 0:00,0.822571,0.8177030682563782
2007/1/8 0:00,0.831878,0.8175603747367859
2007/1/9 0:00,0.83462,0.8175241351127625
2007/1/10 0:00,0.836225,0.8175073862075806
2007/1/11 0:00,0.836225,0.8170678615570068
2007/1/12 0:00,0.83462,0.8169028162956238
2007/1/13 0:00,0.837381,0.8168621063232422
2007/1/14 0:00,0.835981,0.816636323928833
2007/1/15 0:00,0.836715,0.8163385987281799
2007/1/16 0:00,0.836225,0.8161736130714417
2007/1/17 0:00,0.837205,0.8162388205528259
2007/1/18 0:00,0.837205,0.8164254426956177
2007/1/19 0:00,0.838434,0.8163321018218994
2007/1/20 0:00,0.841999,0.8164326548576355
2007/1/21 0:00,0.843811,0.817059338092804
2007/1/22 0:00,0.838153,0.8174771070480347
2007/1/23 0:00,0.842957,0.817600429058075
2007/1/24 0:00,0.840619,0.8178723454475403
2007/1/25 0:00,0.843064,0.8178043365478516
2007/1/26 0:00,0.845952,0.8169004917144775
2007/1/27 0:00,0.852115,0.8181910514831543
2007/1/28 0:00,0.856788,0.8179720640182495
2007/1/29 0:00,0.86326,0.8181395530700684
2007/1/30 0:00,0.858001,0.8179027438163757
2007/1/31 0:00,0.858922,0.8176133632659912
2007/2/1 0:00,0.858848,0.8173847198486328
2007/2/2 0:00,0.845666,0.8173996210098267
2007/2/3 0:00,0.850593,0.8175703883171082
2007/2/4 0:00,0.843917,0.8170531392097473
2007/2/5 0:00,0.842495,0.8168296217918396
2007/2/6 0:00,0.843526,0.8168679475784302
2007/2/7 0:00,0.841928,0.8168351054191589
2007/2/8 0:00,0.841751,0.8169003129005432
2007/2/9 0:00,0.840795,0.8170322179794312
2007/2/10 0:00,0.840407,0.8171106576919556
2007/2/11 0:00,0.845988,0.8165111541748047
2007/2/12 0:00,0.852515,0.8166078329086304
2007/2/13 0:00,0.849005,0.8167193531990051
2007/2/14 0:00,0.847925,0.8162579536437988
2007/2/15 0:00,0.847925,0.8159341812133789
2007/2/16 0:00,0.856751,0.815371036529541
2007/2/17 0:00,0.856898,0.8150773644447327
2007/2/18 0:00,0.849618,0.814763069152832
2007/2/19 0:00,0.849654,0.8147761821746826
2007/2/20 0:00,0.853898,0.8146225214004517
2007/2/21 0:00,0.853279,0.8147333860397339
2007/2/22 0:00,0.853279,0.8150683641433716
2007/2/23 0:00,0.851644,0.8145426511764526
2007/2/24 0:00,0.845309,0.8142402768135071
2007/2/25 0:00,0.838785,0.8132789134979248
2007/2/26 0:00,0.843241,0.8130029439926147
2007/2/27 0:00,0.831221,0.8126818537712097
2007/2/28 0:00,0.830254,0.8118250370025635
2007/3/1 0:00,0.830254,0.8114940524101257
2007/3/2 0:00,0.823757,0.8116081953048706
2007/3/3 0:00,0.819706,0.8117856979370117
2007/3/4 0:00,0.821895,0.8115209341049194
2007/3/5 0:00,0.818398,0.8116216063499451
2007/3/6 0:00,0.807461,0.8110256195068359
2007/3/7 0:00,0.806354,0.8097580671310425
2007/3/8 0:00,0.806354,0.8093440532684326
2007/3/9 0:00,0.81626,0.8087472915649414
2007/3/10 0:00,0.817595,0.8082458972930908
2007/3/11 0:00,0.807657,0.808168351650238
2007/3/12 0:00,0.814332,0.8085333108901978
2007/3/13 0:00,0.808309,0.8085587620735168
2007/3/14 0:00,0.809848,0.8085260987281799
2007/3/15 0:00,0.809848,0.8081583380699158
2007/3/16 0:00,0.808407,0.807257354259491
2007/3/17 0:00,0.809029,0.80667644739151
2007/3/18 0:00,0.812381,0.8062828779220581
2007/3/19 0:00,0.808211,0.8060747385025024
2007/3/20 0:00,0.796242,0.8059265613555908
2007/3/21 0:00,0.810701,0.8055294752120972
2007/3/22 0:00,0.797416,0.8050777912139893
2007/3/23 0:00,0.793588,0.8047602772712708
2007/3/24 0:00,0.802343,0.8038905262947083
2007/3/25 0:00,0.787247,0.8033171892166138
2007/3/26 0:00,0.788768,0.8040313124656677
2007/3/27 0:00,0.788768,0.8041365742683411
2007/3/28 0:00,0.789858,0.8043634295463562
2007/3/29 0:00,0.785793,0.8048081398010254
2007/3/30 0:00,0.798244,0.8044310212135315
2007/3/31 0:00,0.804182,0.8044030666351318
2007/4/1 0:00,0.805445,0.8045517206192017
2007/4/2 0:00,0.805056,0.8043603897094727
2007/4/3 0:00,0.805056,0.8042612075805664
2007/4/4 0:00,0.799456,0.8037684559822083
2007/4/5 0:00,0.800833,0.8035228252410889
2007/4/6 0:00,0.804182,0.8029495477676392
2007/4/7 0:00,0.774054,0.8025826811790466
2007/4/8 0:00,0.775104,0.8023074865341187
2007/4/9 0:00,0.775795,0.802080512046814
2007/4/10 0:00,0.773994,0.8014988899230957
2007/4/11 0:00,0.778665,0.8012280464172363
2007/4/12 0:00,0.778938,0.8007703423500061
2007/4/13 0:00,0.773694,0.800022304058075
2007/4/14 0:00,0.774353,0.7998129725456238
2007/4/15 0:00,0.774353,0.7994623184204102
2007/4/16 0:00,0.781158,0.7985390424728394
2007/4/17 0:00,0.774893,0.7982578277587891
2007/4/18 0:00,0.777091,0.7981048226356506
2007/4/19 0:00,0.784037,0.7975184321403503
2007/4/20 0:00,0.769675,0.7968162894248962
2007/4/21 0:00,0.770951,0.7965702414512634
2007/4/22 0:00,0.770951,0.7958014011383057
2007/4/23 0:00,0.780183,0.7951614260673523
2007/4/24 0:00,0.786102,0.7945106029510498
2007/4/25 0:00,0.780457,0.793810248374939
2007/4/26 0:00,0.779484,0.7932928800582886
2007/4/27 0:00,0.778119,0.7928820252418518
2007/4/28 0:00,0.777968,0.7922084927558899
2007/4/29 0:00,0.777968,0.7915595173835754
2007/4/30 0:00,0.780671,0.7906811237335205
2007/5/1 0:00,0.788675,0.7896777391433716
2007/5/2 0:00,0.789952,0.7888666391372681
2007/5/3 0:00,0.790014,0.7881690263748169
2007/5/4 0:00,0.794092,0.7875159978866577
2007/5/5 0:00,0.793273,0.7874825596809387
2007/5/6 0:00,0.793273,0.7873015999794006
2007/5/7 0:00,0.796432,0.7868132591247559
2007/5/8 0:00,0.799424,0.7863789200782776
2007/5/9 0:00,0.79186,0.7859262228012085
2007/5/10 0:00,0.807559,0.7845067381858826
2007/5/11 0:00,0.808375,0.7836723327636719
2007/5/12 0:00,0.808669,0.783053994178772
2007/5/13 0:00,0.808669,0.7822437286376953
2007/5/14 0:00,0.801603,0.7816104292869568
2007/5/15 0:00,0.796972,0.7812092900276184
2007/5/16 0:00,0.796147,0.7805735468864441
2007/5/17 0:00,0.788208,0.7801536321640015
2007/5/18 0:00,0.784806,0.7793700695037842
2007/5/19 0:00,0.783331,0.778448224067688
2007/5/20 0:00,0.783331,0.7773550748825073
2007/5/21 0:00,0.780122,0.7767950296401978
2007/5/22 0:00,0.790701,0.7758545875549316
2007/5/23 0:00,0.796686,0.7755988240242004
2007/5/24 0:00,0.802858,0.7750793695449829
2007/5/25 0:00,0.803859,0.774497389793396
2007/5/26 0:00,0.803859,0.7739837169647217
2007/5/27 0:00,0.803859,0.7732176780700684
2007/5/28 0:00,0.801507,0.7724441289901733
2007/5/29 0:00,0.795355,0.7720307111740112
2007/5/30 0:00,0.803213,0.7714307308197021
2007/5/31 0:00,0.80694,0.7708768248558044
2007/6/1 0:00,0.809487,0.7705147862434387
2007/6/2 0:00,0.810307,0.769863486289978
2007/6/3 0:00,0.810143,0.7686426043510437
2007/6/4 0:00,0.807005,0.7852837443351746
2007/6/5 0:00,0.798085,0.7851777672767639
2007/6/6 0:00,0.789484,0.7854692935943604
2007/6/7 0:00,0.784652,0.7852795124053955
2007/6/8 0:00,0.781403,0.785608172416687
2007/6/9 0:00,0.780244,0.7855297327041626
2007/6/10 0:00,0.780244,0.7856650948524475
2007/6/11 0:00,0.784745,0.7861920595169067
2007/6/12 0:00,0.778847,0.7863754034042358
2007/6/13 0:00,0.779606,0.7864525318145752
2007/6/14 0:00,0.777333,0.7870070338249207
2007/6/15 0:00,0.773754,0.7869802713394165
2007/6/16 0:00,0.772618,0.7870980501174927
2007/6/17 0:00,0.772738,0.7873587012290955
2007/6/18 0:00,0.781036,0.7878662943840027
2007/6/19 0:00,0.778695,0.7877495884895325
2007/6/20 0:00,0.791014,0.7883766889572144
2007/6/21 0:00,0.788395,0.7886139154434204
2007/6/22 0:00,0.80016,0.7888880372047424
2007/6/23 0:00,0.800064,0.7890046238899231
2007/6/24 0:00,0.800064,0.7890992164611816
2007/6/25 0:00,0.802633,0.7892180681228638
2007/6/26 0:00,0.806647,0.7895981073379517
2007/6/27 0:00,0.808669,0.7897810935974121
2007/6/28 0:00,0.814465,0.789610743522644
2007/6/29 0:00,0.814531,0.7899878025054932
2007/6/30 0:00,0.813041,0.7906611561775208
2007/7/1 0:00,0.813041,0.7905125617980957
2007/7/2 0:00,0.81716,0.7913541793823242
2007/7/3 0:00,0.824097,0.7911393046379089
2007/7/4 0:00,0.823825,0.7913699746131897
2007/7/5 0:00,0.835631,0.7915359139442444
2007/7/6 0:00,0.838574,0.791466236114502
2007/7/7 0:00,0.83675,0.7915202379226685
2007/7/8 0:00,0.83675,0.7926080822944641
2007/7/9 0:00,0.837907,0.7931604981422424
2007/7/10 0:00,0.829153,0.7933250069618225
2007/7/11 0:00,0.824844,0.7936869263648987
2007/7/12 0:00,0.827301,0.7936177849769592
2007/7/13 0:00,0.827404,0.7932488322257996
2007/7/14 0:00,0.827952,0.7935812473297119
2007/7/15 0:00,0.827849,0.7933448553085327
2007/7/16 0:00,0.831808,0.7934262156486511
2007/7/17 0:00,0.827198,0.7935038208961487
2007/7/18 0:00,0.82672,0.7940133810043335
2007/7/19 0:00,0.830082,0.7940618395805359
2007/7/20 0:00,0.832743,0.7950728535652161
2007/7/21 0:00,0.831635,0.7954711318016052
2007/7/22 0:00,0.831635,0.795325517654419
2007/7/23 0:00,0.832952,0.795106053352356
2007/7/24 0:00,0.829325,0.7952160239219666
2007/7/25 0:00,0.828981,0.7952249050140381
2007/7/26 0:00,0.829256,0.7960811257362366
2007/7/27 0:00,0.832743,0.7967010736465454
2007/7/28 0:00,0.832258,0.797415554523468
2007/7/29 0:00,0.832258,0.7979903221130371
2007/7/30 0:00,0.83661,0.7983489036560059
2007/7/31 0:00,0.836645,0.798194169998169
2007/8/1 0:00,0.841468,0.7991868853569031
2007/8/2 0:00,0.850847,0.7992579936981201
2007/8/3 0:00,0.849545,0.799638569355011
2007/8/4 0:00,0.850232,0.8002607822418213
2007/8/5 0:00,0.850232,0.8005602955818176
2007/8/6 0:00,0.846704,0.8014553785324097
2007/8/7 0:00,0.851716,0.8013197183609009
2007/8/8 0:00,0.838188,0.8014975786209106
2007/8/9 0:00,0.834934,0.8017648458480835
2007/8/10 0:00,0.828157,0.8019221425056458
2007/8/11 0:00,0.827952,0.8021857142448425
2007/8/12 0:00,0.827952,0.8019779324531555
2007/8/13 0:00,0.82905,0.8019049763679504
2007/8/14 0:00,0.824674,0.8020778298377991
2007/8/15 0:00,0.825866,0.8022109866142273
2007/8/16 0:00,0.82631,0.802157998085022
2007/8/17 0:00,0.822842,0.8024601340293884
2007/8/18 0:00,0.826856,0.8021485805511475
2007/8/19 0:00,0.826856,0.8019437789916992
2007/8/20 0:00,0.828363,0.8018553256988525
2007/8/21 0:00,0.830151,0.8020143508911133
2007/8/22 0:00,0.838504,0.8016443252563477
2007/8/23 0:00,0.833959,0.8019590377807617
2007/8/24 0:00,0.825014,0.8021930456161499
2007/8/25 0:00,0.825287,0.802299976348877
2007/8/26 0:00,0.824742,0.8021706342697144
2007/8/27 0:00,0.823418,0.8023858070373535
2007/8/28 0:00,0.821963,0.8023065328598022
2007/8/29 0:00,0.825968,0.8021500110626221
2007/8/30 0:00,0.827952,0.8019170165061951
2007/8/31 0:00,0.832466,0.802088737487793
2007/9/1 0:00,0.832952,0.8023247122764587
2007/9/2 0:00,0.834272,0.8026801347732544
2007/9/3 0:00,0.83689,0.8025406002998352
2007/9/4 0:00,0.83375,0.8028109669685364
2007/9/5 0:00,0.829703,0.8023639917373657
2007/9/6 0:00,0.820883,0.8021015524864197
2007/9/7 0:00,0.816593,0.8019413352012634
2007/9/8 0:00,0.819538,0.8019412755966187
2007/9/9 0:00,0.819538,0.8018741011619568
2007/9/10 0:00,0.818599,0.8022481799125671
2007/9/11 0:00,0.819236,0.802056610584259
2007/9/12 0:00,0.813074,0.8018495440483093
2007/9/13 0:00,0.811754,0.8020737767219543
2007/9/14 0:00,0.815328,0.8022153377532959
2007/9/15 0:00,0.813041,0.801939070224762
2007/9/16 0:00,0.813041,0.80214524269104
2007/9/17 0:00,0.818297,0.8020896911621094
2007/9/18 0:00,0.82464,0.8020814061164856
2007/9/19 0:00,0.817261,0.8020089268684387
2007/9/20 0:00,0.820647,0.8023269772529602
2007/9/21 0:00,0.827335,0.802428126335144
2007/9/22 0:00,0.828466,0.8026599287986755
2007/9/23 0:00,0.828466,0.8023150563240051
2007/9/24 0:00,0.826856,0.8021799325942993
2007/9/25 0:00,0.831843,0.8022710084915161
2007/9/26 0:00,0.82247,0.8023123741149902
2007/9/27 0:00,0.823452,0.802165150642395
2007/9/28 0:00,0.8259,0.8022639751434326
2007/9/29 0:00,0.826754,0.8020227551460266
2007/9/30 0:00,0.826754,0.8018807768821716
2007/10/1 0:00,0.826549,0.8016433715820312
2007/10/2 0:00,0.824606,0.8016922473907471
2007/10/3 0:00,0.822538,0.8016076683998108
2007/10/4 0:00,0.817461,0.8018044829368591
2007/10/5 0:00,0.821355,0.8013792634010315
2007/10/6 0:00,0.820951,0.801230251789093
2007/10/7 0:00,0.820951,0.8013102412223816
2007/10/8 0:00,0.82122,0.8013815879821777
2007/10/9 0:00,0.818565,0.8009408712387085
2007/10/10 0:00,0.818331,0.8012567758560181
2007/10/11 0:00,0.81576,0.8010696172714233
2007/10/12 0:00,0.81813,0.8014046549797058
2007/10/13 0:00,0.814764,0.8010221719741821
2007/10/14 0:00,0.814764,0.8013396263122559
2007/10/15 0:00,0.821288,0.8010832667350769
2007/10/16 0:00,0.823249,0.8008319735527039
2007/10/17 0:00,0.822233,0.8009810447692871
2007/10/18 0:00,0.820244,0.8009806275367737
2007/10/19 0:00,0.829531,0.8005734086036682
2007/10/20 0:00,0.827438,0.8004835247993469
2007/10/21 0:00,0.827438,0.8004262447357178
2007/10/22 0:00,0.828535,0.8004089593887329
2007/10/23 0:00,0.828432,0.8000494241714478
2007/10/24 0:00,0.828569,0.800468921661377
2007/10/25 0:00,0.825014,0.799776554107666
2007/10/26 0:00,0.828706,0.8000874519348145
2007/10/27 0:00,0.830461,0.8002744913101196
2007/10/28 0:00,0.830461,0.8003782629966736
2007/10/29 0:00,0.83605,0.799877405166626
2007/10/30 0:00,0.839208,0.800086259841919
2007/10/31 0:00,0.834794,0.800136387348175
2007/11/1 0:00,0.832154,0.799788236618042
2007/11/2 0:00,0.826276,0.7993639707565308
2007/11/3 0:00,0.825934,0.7990648746490479
2007/11/4 0:00,0.825934,0.799096941947937
2007/11/5 0:00,0.826241,0.7992737889289856
2007/11/6 0:00,0.831635,0.7985014319419861
2007/11/7 0:00,0.830979,0.7987799048423767
2007/11/8 0:00,0.832154,0.7982001900672913
2007/11/9 0:00,0.824844,0.7977569103240967
2007/11/10 0:00,0.821355,0.7970299124717712
2007/11/11 0:00,0.821355,0.797193169593811
2007/11/12 0:00,0.823486,0.7967808842658997
2007/11/13 0:00,0.825355,0.7970156669616699
2007/11/14 0:00,0.827609,0.7971261739730835
2007/11/15 0:00,0.814034,0.7970835566520691
2007/11/16 0:00,0.808931,0.7967942953109741
2007/11/17 0:00,0.808669,0.7966960668563843
2007/11/18 0:00,0.808669,0.7961467504501343
2007/11/19 0:00,0.810931,0.7960988283157349
2007/11/20 0:00,0.819336,0.7961044311523438
2007/11/21 0:00,0.820378,0.7960812449455261
2007/11/22 0:00,0.82713,0.7957180142402649
2007/11/23 0:00,0.828054,0.796212911605835
2007/11/24 0:00,0.829635,0.7960237264633179
2007/11/25 0:00,0.829635,0.7963011860847473
2007/11/26 0:00,0.827438,0.7955368757247925
2007/11/27 0:00,0.833681,0.7949213981628418
2007/11/28 0:00,0.831739,0.7944604158401489
2007/11/29 0:00,0.83375,0.7944796681404114
2007/11/30 0:00,0.836575,0.7943689227104187
2007/12/1 0:00,0.836925,0.7948823571205139
2007/12/2 0:00,0.836925,0.7953953742980957
2007/12/3 0:00,0.83605,0.7947584390640259
2007/12/4 0:00,0.830806,0.7941670417785645
2007/12/5 0:00,0.83091,0.7939596176147461
2007/12/6 0:00,0.828603,0.7931643724441528
2007/12/7 0:00,0.82802,0.7932695150375366
2007/12/8 0:00,0.828157,0.7925845980644226
2007/12/9 0:00,0.828157,0.7929251790046692
2007/12/10 0:00,0.83382,0.792793333530426
2007/12/11 0:00,0.833542,0.7930912375450134
2007/12/12 0:00,0.829256,0.7935276031494141
2007/12/13 0:00,0.837661,0.793984055519104
2007/12/14 0:00,0.838926,0.7941803932189941
2007/12/15 0:00,0.838328,0.7940530180931091
2007/12/16 0:00,0.838328,0.794165849685669
2007/12/17 0:00,0.836575,0.7943856120109558
2007/12/18 0:00,0.837802,0.7944214940071106
2007/12/19 0:00,0.841928,0.7944942712783813
2007/12/20 0:00,0.848644,0.7945392727851868
2007/12/21 0:00,0.845666,0.7946929931640625
2007/12/22 0:00,0.846848,0.7944874167442322
2007/12/23 0:00,0.846848,0.7945383191108704
2007/12/24 0:00,0.84631,0.79440838098526
2007/12/25 0:00,0.847889,0.7944605350494385
2007/12/26 0:00,0.848896,0.7944748401641846
2007/12/27 0:00,0.856678,0.7945090532302856
2007/12/28 0:00,0.853825,0.7943645715713501
2007/12/29 0:00,0.854664,0.7945640683174133
2007/12/30 0:00,0.854664,0.7948130965232849
2007/12/31 0:00,0.857412,0.7949138879776001
2008/1/1 0:00,0.863558,0.7947492003440857
2008/1/2 0:00,0.86285,0.7951046228408813
2008/1/3 0:00,0.854372,0.7951229810714722
2008/1/4 0:00,0.854701,0.7949985265731812
2008/1/5 0:00,0.853643,0.7949030995368958
2008/1/6 0:00,0.853643,0.7953026294708252
2008/1/7 0:00,0.854117,0.7955437898635864
2008/1/8 0:00,0.856091,0.795647144317627
2008/1/9 0:00,0.860067,0.7956469058990479
2008/1/10 0:00,0.86734,0.7960624098777771
2008/1/11 0:00,0.865202,0.7962754964828491
2008/1/12 0:00,0.866138,0.796268105506897
2008/1/13 0:00,0.866138,0.7961073517799377
2008/1/14 0:00,0.867528,0.7961007356643677
2008/1/15 0:00,0.865576,0.7958303689956665
2008/1/16 0:00,0.855688,0.795768678188324
2008/1/17 0:00,0.853752,0.795622706413269
2008/1/18 0:00,0.857927,0.7956928014755249
2008/1/19 0:00,0.859956,0.7959263324737549
2008/1/20 0:00,0.859956,0.7961594462394714
2008/1/21 0:00,0.859734,0.7961170673370361
2008/1/22 0:00,0.867453,0.7964781522750854
2008/1/23 0:00,0.865164,0.7965691089630127
2008/1/24 0:00,0.869679,0.79659104347229
2008/1/25 0:00,0.868093,0.7964841723442078
2008/1/26 0:00,0.86915,0.7967100143432617
2008/1/27 0:00,0.86915,0.7967779040336609
2008/1/28 0:00,0.867679,0.7968108654022217
2008/1/29 0:00,0.863819,0.7968453764915466
2008/1/30 0:00,0.861772,0.7970445156097412
2008/1/31 0:00,0.857817,0.7973105907440186
2008/2/1 0:00,0.857412,0.7974334359169006
2008/2/2 0:00,0.857155,0.797302782535553
2008/2/3 0:00,0.857155,0.7975452542304993
2008/2/4 0:00,0.855761,0.7975271344184875
2008/2/5 0:00,0.859919,0.7973228693008423
2008/2/6 0:00,0.858222,0.7968466281890869
2008/2/7 0:00,0.856311,0.7967928647994995
2008/2/8 0:00,0.858222,0.7966256141662598
2008/2/9 0:00,0.857596,0.7964816093444824
2008/2/10 0:00,0.857964,0.7965289354324341
2008/2/11 0:00,0.85317,0.7966417074203491
2008/2/12 0:00,0.855542,0.7967398762702942
2008/2/13 0:00,0.860919,0.7966728806495667
2008/2/14 0:00,0.862664,0.7963497638702393
2008/2/15 0:00,0.866664,0.7972894906997681
2008/2/16 0:00,0.866439,0.7973787188529968
2008/2/17 0:00,0.866852,0.7975077033042908
2008/2/18 0:00,0.868357,0.7974918484687805
2008/2/19 0:00,0.876501,0.7977206110954285
2008/2/20 0:00,0.867754,0.7976506352424622
2008/2/21 0:00,0.865202,0.7977281808853149
2008/2/22 0:00,0.861289,0.7978776693344116
2008/2/23 0:00,0.861364,0.7979745864868164
2008/2/24 0:00,0.861364,0.7975841760635376
2008/2/25 0:00,0.86218,0.7974156141281128
2008/2/26 0:00,0.863558,0.7973241806030273
2008/2/27 0:00,0.866889,0.797529935836792
2008/2/28 0:00,0.863894,0.7973741888999939
2008/2/29 0:00,0.863371,0.7974212169647217
2008/3/1 0:00,0.862589,0.7972235083580017
2008/3/2 0:00,0.862776,0.864535927772522
2008/3/3 0:00,0.863036,0.8642906546592712
2008/3/4 0:00,0.856348,0.8641641139984131
2008/3/5 0:00,0.855103,0.8640630841255188
2008/3/6 0:00,0.855578,0.8638882637023926
2008/3/7 0:00,0.855066,0.8637478351593018
2008/3/8 0:00,0.85492,0.863676905632019
2008/3/9 0:00,0.854153,0.863864541053772
2008/3/10 0:00,0.855359,0.8639364838600159
2008/3/11 0:00,0.853352,0.8637867569923401
2008/3/12 0:00,0.848608,0.8637394309043884
2008/3/13 0:00,0.846024,0.863947331905365
2008/3/14 0:00,0.849329,0.8636652827262878
2008/3/15 0:00,0.849618,0.8635258078575134
2008/3/16 0:00,0.849618,0.8636822700500488
2008/3/17 0:00,0.845059,0.8636566996574402
2008/3/18 0:00,0.842637,0.863961935043335
2008/3/19 0:00,0.841361,0.864270806312561
2008/3/20 0:00,0.850557,0.8638774156570435
2008/3/21 0:00,0.850123,0.8635587096214294
2008/3/22 0:00,0.850051,0.8634653091430664
2008/3/23 0:00,0.850051,0.8633896112442017
2008/3/24 0:00,0.84886,0.8633353114128113
2008/3/25 0:00,0.8511,0.8635826706886292
2008/3/26 0:00,0.855871,0.8637918829917908
2008/3/27 0:00,0.867905,0.8638797998428345
2008/3/28 0:00,0.866476,0.8638758063316345
2008/3/29 0:00,0.866363,0.8636894226074219
2008/3/30 0:00,0.866363,0.863547146320343
2008/3/31 0:00,0.867227,0.8632306456565857
2008/4/1 0:00,0.865014,0.8628547191619873
2008/4/2 0:00,0.868432,0.8627347350120544
2008/4/3 0:00,0.870777,0.8625510334968567
2008/4/4 0:00,0.869641,0.8624222278594971
2008/4/5 0:00,0.869754,0.8624676465988159
2008/4/6 0:00,0.869754,0.8627259731292725
2008/4/7 0:00,0.87108,0.8622767329216003
2008/4/8 0:00,0.868697,0.8621084690093994
2008/4/9 0:00,0.873248,0.8620364665985107
2008/4/10 0:00,0.876962,0.8617169857025146
2008/4/11 0:00,0.87677,0.8619124889373779
2008/4/12 0:00,0.877732,0.8616760969161987
2008/4/13 0:00,0.877732,0.8611498475074768
2008/4/14 0:00,0.875197,0.8610191941261292
2008/4/15 0:00,0.878002,0.8610227704048157
2008/4/16 0:00,0.876539,0.8610647320747375
2008/4/17 0:00,0.875388,0.8611912131309509
2008/4/18 0:00,0.874317,0.8614304065704346
2008/4/19 0:00,0.873935,0.8609672784805298
2008/4/20 0:00,0.873935,0.8606814742088318
2008/4/21 0:00,0.876463,0.8603312373161316
2008/4/22 0:00,0.879121,0.8600883483886719
2008/4/23 0:00,0.880049,0.8602389097213745
2008/4/24 0:00,0.882379,0.8604421615600586
2008/4/25 0:00,0.881057,0.86061692237854
2008/4/26 0:00,0.881057,0.860754668712616
2008/4/27 0:00,0.881057,0.8606289625167847
2008/4/28 0:00,0.879701,0.8603811264038086
2008/4/29 0:00,0.876463,0.8601723909378052
2008/4/30 0:00,0.870928,0.8601146340370178
2008/5/1 0:00,0.869981,0.859661340713501
2008/5/2 0:00,0.868923,0.8593963980674744
2008/5/3 0:00,0.868998,0.8590055108070374
2008/5/4 0:00,0.869943,0.8583625555038452
2008/5/5 0:00,0.868998,0.8594045042991638
2008/5/6 0:00,0.866401,0.8585754632949829
2008/5/7 0:00,0.868583,0.8581042885780334
2008/5/8 0:00,0.858406,0.8576747179031372
2008/5/9 0:00,0.855139,0.8569288849830627
2008/5/10 0:00,0.855322,0.856353759765625
2008/5/11 0:00,0.855322,0.8557252883911133
2008/5/12 0:00,0.854847,0.8552001118659973
2008/5/13 0:00,0.850376,0.854322612285614
2008/5/14 0:00,0.84832,0.8534269332885742
2008/5/15 0:00,0.849473,0.8522898554801941
2008/5/16 0:00,0.851209,0.8516585826873779
2008/5/17 0:00,0.851825,0.8510251641273499
2008/5/18 0:00,0.851825,0.850160539150238
2008/5/19 0:00,0.852551,0.8500416278839111
2008/5/20 0:00,0.846059,0.8498757481575012
2008/5/21 0:00,0.847458,0.8492299318313599
2008/5/22 0:00,0.84832,0.8487985730171204
2008/5/23 0:00,0.846883,0.8481251001358032
2008/5/24 0:00,0.846167,0.8473363518714905
2008/5/25 0:00,0.846274,0.8464933037757874
2008/5/26 0:00,0.845845,0.8464673757553101
2008/5/27 0:00,0.843668,0.8463984727859497
2008/5/28 0:00,0.846131,0.8463055491447449
2008/5/29 0:00,0.848284,0.8459455370903015
2008/5/30 0:00,0.848644,0.8452833294868469
2008/5/31 0:00,0.849401,0.8447788953781128
2008/6/1 0:00,0.848572,0.8442022204399109
2008/6/2 0:00,0.847673,0.843575119972229
2008/6/3 0:00,0.843028,0.842698335647583
2008/6/4 0:00,0.840654,0.8420839905738831
2008/6/5 0:00,0.84076,0.8410664200782776
2008/6/6 0:00,0.840089,0.8401371240615845
2008/6/7 0:00,0.840937,0.8394142985343933
2008/6/8 0:00,0.835003,0.8386566638946533
2008/6/9 0:00,0.83257,0.8384447693824768
2008/6/10 0:00,0.83724,0.8378722667694092
2008/6/11 0:00,0.837556,0.8369669914245605
2008/6/12 0:00,0.836155,0.8362698554992676
2008/6/13 0:00,0.836225,0.835854172706604
2008/6/14 0:00,0.836225,0.8351484537124634
2008/6/15 0:00,0.838047,0.8344367742538452
2008/6/16 0:00,0.831255,0.8339259624481201
2008/6/17 0:00,0.831947,0.8332066535949707
2008/6/18 0:00,0.830944,0.8328210711479187
2008/6/19 0:00,0.832709,0.8325793147087097
2008/6/20 0:00,0.832917,0.8323899507522583
2008/6/21 0:00,0.827575,0.8318424820899963
2008/6/22 0:00,0.823282,0.8309551477432251
2008/6/23 0:00,0.823995,0.8297742605209351
2008/6/24 0:00,0.817862,0.8291216492652893
2008/6/25 0:00,0.815508,0.8290841579437256
2008/6/26 0:00,0.815508,0.8286803364753723
2008/6/27 0:00,0.816395,0.8285204172134399
2008/6/28 0:00,0.820105,0.8280143737792969
2008/6/29 0:00,0.820105,0.8275786638259888
2008/6/30 0:00,0.815694,0.8266711235046387
2008/7/1 0:00,0.813438,0.8258199095726013
2008/7/2 0:00,0.813008,0.8255864977836609
2008/7/3 0:00,0.812942,0.8250996470451355
2008/7/4 0:00,0.812942,0.8252359628677368
2008/7/5 0:00,0.811359,0.8252819776535034
2008/7/6 0:00,0.806452,0.8258721828460693
2008/7/7 0:00,0.793556,0.8278168439865112
2008/7/8 0:00,0.787092,0.8272520899772644
2008/7/9 0:00,0.786658,0.8270339369773865
2008/7/10 0:00,0.786751,0.826798141002655
2008/7/11 0:00,0.777273,0.8260182738304138
2008/7/12 0:00,0.779029,0.8255266547203064
2008/7/13 0:00,0.779849,0.8248779773712158
2008/7/14 0:00,0.777015,0.824201226234436
2008/7/15 0:00,0.777015,0.8231180310249329
2008/7/16 0:00,0.777015,0.8226075768470764
2008/7/17 0:00,0.77984,0.8211308717727661
2008/7/18 0:00,0.784625,0.8202059864997864
2008/7/19 0:00,0.784625,0.8192890286445618
2008/7/20 0:00,0.780762,0.8183059692382812
2008/7/21 0:00,0.785793,0.8170269131660461
2008/7/22 0:00,0.784375,0.8157021999359131
2008/7/23 0:00,0.781739,0.8146646022796631
2008/7/24 0:00,0.781739,0.813774585723877
2008/7/25 0:00,0.786875,0.8127387166023254
2008/7/26 0:00,0.785731,0.8114960789680481
2008/7/27 0:00,0.797194,0.8104251027107239
2008/7/28 0:00,0.795862,0.810120701789856
2008/7/29 0:00,0.793179,0.8088307976722717
2008/7/30 0:00,0.792142,0.8081590533256531
2008/7/31 0:00,0.792142,0.8072883486747742
2008/8/1 0:00,0.797099,0.8063192963600159
2008/8/2 0:00,0.79713,0.8050283789634705
2008/8/3 0:00,0.794218,0.8038532733917236
2008/8/4 0:00,0.782228,0.8024724721908569
2008/8/5 0:00,0.785268,0.8012401461601257
2008/8/6 0:00,0.785546,0.8005467653274536
2008/8/7 0:00,0.785546,0.7994517087936401
2008/8/8 0:00,0.790202,0.7982146143913269
2008/8/9 0:00,0.792739,0.7973287105560303
2008/8/10 0:00,0.795071,0.7959989905357361
2008/8/11 0:00,0.784806,0.7949373126029968
2008/8/12 0:00,0.779302,0.7940738797187805
2008/8/13 0:00,0.779089,0.793210506439209
2008/8/14 0:00,0.779089,0.7914057374000549
2008/8/15 0:00,0.772947,0.7903943061828613
2008/8/16 0:00,0.777454,0.7892775535583496
2008/8/17 0:00,0.772738,0.7884421348571777
2008/8/18 0:00,0.771873,0.7873091101646423
2008/8/19 0:00,0.773545,0.7854471206665039
2008/8/20 0:00,0.775164,0.7838914394378662
2008/8/21 0:00,0.775164,0.7826470732688904
2008/8/22 0:00,0.776669,0.7816579341888428
2008/8/23 0:00,0.780244,0.7808407545089722
2008/8/24 0:00,0.789733,0.7799496054649353
2008/8/25 0:00,0.789983,0.7787309885025024
2008/8/26 0:00,0.790576,0.7767575979232788
2008/8/27 0:00,0.790952,0.7757781744003296
2008/8/28 0:00,0.790952,0.7743817567825317
2008/8/29 0:00,0.793714,0.7739864587783813
2008/8/30 0:00,0.793934,0.7733936309814453
2008/8/31 0:00,0.785947,0.7725794911384583
2008/9/1 0:00,0.785268,0.771842360496521
2008/9/2 0:00,0.788364,0.770643413066864
2008/9/3 0:00,0.788457,0.7690977454185486
2008/9/4 0:00,0.788457,0.7675787806510925
2008/9/5 0:00,0.786133,0.7668935060501099
2008/9/6 0:00,0.78064,0.7661271095275879
2008/9/7 0:00,0.788022,0.765118420124054
2008/9/8 0:00,0.786565,0.7646018862724304
2008/9/9 0:00,0.784037,0.7641008496284485
2008/9/10 0:00,0.784314,0.7690061926841736
2008/9/11 0:00,0.784314,0.7677880525588989
2008/9/12 0:00,0.789141,0.7670174837112427
2008/9/13 0:00,0.779757,0.7661905884742737
2008/9/14 0:00,0.777726,0.7666627764701843
2008/9/15 0:00,0.781158,0.7667665481567383
2008/9/16 0:00,0.771933,0.7665908932685852
2008/9/17 0:00,0.771159,0.767518937587738
2008/9/18 0:00,0.771159,0.7674336433410645
2008/9/19 0:00,0.766342,0.7673215270042419
2008/9/20 0:00,0.772022,0.7677461504936218
2008/9/21 0:00,0.771099,0.766792893409729
2008/9/22 0:00,0.780244,0.7666119337081909
2008/9/23 0:00,0.778059,0.7659192085266113
2008/9/24 0:00,0.777756,0.7657483816146851
2008/9/25 0:00,0.777756,0.7654358148574829
2008/9/26 0:00,0.774863,0.7661593556404114
2008/9/27 0:00,0.778816,0.7654687166213989
2008/9/28 0:00,0.772648,0.7650343179702759
2008/9/29 0:00,0.775314,0.765485942363739
2008/9/30 0:00,0.774653,0.7653225660324097
2008/10/1 0:00,0.774803,0.7661960124969482
2008/10/2 0:00,0.774803,0.7672457695007324
2008/10/3 0:00,0.773904,0.76678067445755
2008/10/4 0:00,0.77104,0.7662473917007446
2008/10/5 0:00,0.771873,0.7665087580680847
2008/10/6 0:00,0.772917,0.7664673328399658
2008/10/7 0:00,0.775976,0.7652453780174255
2008/10/8 0:00,0.772857,0.766407310962677
2008/10/9 0:00,0.772857,0.7656811475753784
2008/10/10 0:00,0.778998,0.7656413316726685
2008/10/11 0:00,0.784468,0.7665973901748657
2008/10/12 0:00,0.769882,0.7662416696548462
2008/10/13 0:00,0.769882,0.766463041305542
2008/10/14 0:00,0.770268,0.7675937414169312
2008/10/15 0:00,0.779545,0.7678868174552917
2008/10/16 0:00,0.772529,0.7678076028823853
2008/10/17 0:00,0.782656,0.7681117057800293
2008/10/18 0:00,0.783147,0.7676998376846313
2008/10/19 0:00,0.783392,0.7678375244140625
2008/10/20 0:00,0.783392,0.7687134742736816
2008/10/21 0:00,0.777122,0.7673155665397644
2008/10/22 0:00,0.773365,0.7662799954414368
2008/10/23 0:00,0.774114,0.7661929130554199
2008/10/24 0:00,0.778907,0.767349898815155
2008/10/25 0:00,0.777847,0.7685307264328003
2008/10/26 0:00,0.77915,0.7705658674240112
2008/10/27 0:00,0.77915,0.7709599137306213
2008/10/28 0:00,0.777393,0.770732581615448
2008/10/29 0:00,0.769349,0.7701931595802307
2008/10/30 0:00,0.757146,0.7694602608680725
2008/10/31 0:00,0.755687,0.7699152827262878
2008/11/1 0:00,0.7473,0.7717974781990051
2008/11/2 0:00,0.745684,0.7725934386253357
2008/11/3 0:00,0.745684,0.7732129693031311
2008/11/4 0:00,0.742363,0.7741435766220093
2008/11/5 0:00,0.746018,0.7739350199699402
2008/11/6 0:00,0.745796,0.7730522155761719
2008/11/7 0:00,0.725716,0.7744245529174805
2008/11/8 0:00,0.724743,0.7735655307769775
2008/11/9 0:00,0.726137,0.7736794948577881
2008/11/10 0:00,0.726137,0.7747846245765686
2008/11/11 0:00,0.729341,0.7754825949668884
2008/11/12 0:00,0.729341,0.7796756625175476
2008/11/13 0:00,0.737246,0.7783620953559875
2008/11/14 0:00,0.738253,0.7780551910400391
2008/11/15 0:00,0.736947,0.7779971361160278
2008/11/16 0:00,0.736675,0.7775947451591492
2008/11/17 0:00,0.736675,0.7777094841003418
2008/11/18 0:00,0.741482,0.7774519920349121
2008/11/19 0:00,0.741043,0.7772326469421387
2008/11/20 0:00,0.737708,0.7770689725875854
2008/11/21 0:00,0.74744,0.7769021987915039
2008/11/22 0:00,0.746687,0.7766915559768677
2008/11/23 0:00,0.745601,0.7763693928718567
2008/11/24 0:00,0.745573,0.7760282754898071
2008/11/25 0:00,0.750694,0.7758971452713013
2008/11/26 0:00,0.752049,0.7755602598190308
2008/11/27 0:00,0.75253,0.7752975225448608
2008/11/28 0:00,0.754233,0.7748010754585266
2008/11/29 0:00,0.75304,0.7748358845710754
2008/11/30 0:00,0.752474,0.7742354273796082
2008/12/1 0:00,0.752474,0.7741273045539856
2008/12/2 0:00,0.754489,0.7740328907966614
2008/12/3 0:00,0.746659,0.7740703225135803
2008/12/4 0:00,0.754432,0.7738569974899292
2008/12/5 0:00,0.755316,0.7734864354133606
2008/12/6 0:00,0.755601,0.7729708552360535
2008/12/7 0:00,0.756086,0.7721577286720276
2008/12/8 0:00,0.756086,0.7717971801757812
2008/12/9 0:00,0.752049,0.7712785601615906
2008/12/10 0:00,0.756888,0.7706503868103027
2008/12/11 0:00,0.758208,0.7704959511756897
2008/12/12 0:00,0.746352,0.7698583602905273
2008/12/13 0:00,0.737137,0.7695887684822083
2008/12/14 0:00,0.736241,0.7691197395324707
2008/12/15 0:00,0.736241,0.7690366506576538
2008/12/16 0:00,0.736675,0.7686947584152222
2008/12/17 0:00,0.726296,0.7683119177818298
2008/12/18 0:00,0.721501,0.7680107951164246
2008/12/19 0:00,0.738062,0.7676765322685242
2008/12/20 0:00,0.732789,0.7675325274467468
2008/12/21 0:00,0.734835,0.7671178579330444
2008/12/22 0:00,0.734835,0.7670696973800659
2008/12/23 0:00,0.739946,0.7669304013252258
2008/12/24 0:00,0.731368,0.7664269804954529
2008/12/25 0:00,0.737599,0.7659677267074585
2008/12/26 0:00,0.738716,0.7655766010284424
2008/12/27 0:00,0.757031,0.7654910683631897
2008/12/28 0:00,0.756659,0.7652350664138794
2008/12/29 0:00,0.756659,0.7650336027145386
2008/12/30 0:00,0.763271,0.76468425989151
2008/12/31 0:00,0.763592,0.7643511891365051
2009/1/1 0:00,0.76147,0.764072060585022
2009/1/2 0:00,0.758898,0.7635893225669861
2009/1/3 0:00,0.757203,0.7632063031196594
2009/1/4 0:00,0.756659,0.763084352016449
2009/1/5 0:00,0.756659,0.762880265712738
2009/1/6 0:00,0.751625,0.7623999714851379
2009/1/7 0:00,0.747524,0.7622551321983337
2009/1/8 0:00,0.74744,0.7622460126876831
2009/1/9 0:00,0.748503,0.7620555758476257
2009/1/10 0:00,0.759619,0.7621834874153137
2009/1/11 0:00,0.759157,0.7619391679763794
2009/1/12 0:00,0.759157,0.7622533440589905
2009/1/13 0:00,0.758236,0.7623845338821411
2009/1/14 0:00,0.750948,0.7624736428260803
2009/1/15 0:00,0.75663,0.7626612782478333
2009/1/16 0:00,0.755059,0.7623094916343689
2009/1/17 0:00,0.753665,0.7619752287864685
2009/1/18 0:00,0.753324,0.7622800469398499
2009/1/19 0:00,0.753324,0.7621893882751465
2009/1/20 0:00,0.744048,0.7628763914108276
2009/1/21 0:00,0.752842,0.7632173895835876
2009/1/22 0:00,0.75933,0.7633266448974609
2009/1/23 0:00,0.767872,0.7638140320777893
2009/1/24 0:00,0.768433,0.7642488479614258
2009/1/25 0:00,0.768344,0.7647868394851685
2009/1/26 0:00,0.768344,0.7649416923522949
2009/1/27 0:00,0.764614,0.7649362087249756
2009/1/28 0:00,0.767902,0.7651306986808777
2009/1/29 0:00,0.76743,0.7651100158691406
2009/1/30 0:00,0.758581,0.7655271887779236
2009/1/31 0:00,0.759561,0.7655297517776489
2009/2/1 0:00,0.760109,0.7660923600196838
2009/2/2 0:00,0.760109,0.7656882405281067
2009/2/3 0:00,0.764526,0.7658369541168213
2009/2/4 0:00,0.772768,0.7661094665527344
2009/2/5 0:00,0.773575,0.7661325335502625
2009/2/6 0:00,0.761934,0.766299843788147
2009/2/7 0:00,0.752984,0.7665079832077026
2009/2/8 0:00,0.754148,0.7664426565170288
2009/2/9 0:00,0.754148,0.7655258774757385
2009/2/10 0:00,0.753324,0.7656357884407043
2009/2/11 0:00,0.756544,0.7656309008598328
2009/2/12 0:00,0.750554,0.7652370929718018
2009/2/13 0:00,0.744352,0.765696108341217
2009/2/14 0:00,0.749457,0.7654369473457336
2009/2/15 0:00,0.749092,0.7654595375061035
2009/2/16 0:00,0.749092,0.7653477191925049
2009/2/17 0:00,0.735727,0.7656794786453247
2009/2/18 0:00,0.73654,0.7655560374259949
2009/2/19 0:00,0.747915,0.7655121684074402
2009/2/20 0:00,0.749541,0.7653152346611023
2009/2/21 0:00,0.748447,0.7651320099830627
2009/2/22 0:00,0.74744,0.7654045224189758
2009/2/23 0:00,0.74744,0.7650717496871948
2009/2/24 0:00,0.737599,0.7654077410697937
2009/2/25 0:00,0.734322,0.7657357454299927
2009/2/26 0:00,0.7303,0.7651709318161011
2009/2/27 0:00,0.732064,0.7646684646606445
2009/2/28 0:00,0.730327,0.7645718455314636
2009/3/1 0:00,0.731208,0.7647503018379211
2009/3/2 0:00,0.731208,0.7643955945968628
2009/3/3 0:00,0.731449,0.7648687958717346
2009/3/4 0:00,0.723563,0.7648160457611084
2009/3/5 0:00,0.722752,0.7643197178840637
2009/3/6 0:00,0.716589,0.76414954662323
2009/3/7 0:00,0.710682,0.7639866471290588
2009/3/8 0:00,0.710707,0.7641923427581787
2009/3/9 0:00,0.71053,0.7646049857139587
2009/3/10 0:00,0.709421,0.7649977207183838
2009/3/11 0:00,0.718933,0.7644163966178894
2009/3/12 0:00,0.714566,0.764142632484436
2009/3/13 0:00,0.711136,0.7642561197280884
2009/3/14 0:00,0.704771,0.7639341950416565
2009/3/15 0:00,0.704573,0.7645114064216614
2009/3/16 0:00,0.704573,0.7640783190727234
2009/3/17 0:00,0.71144,0.7647076845169067
2009/3/18 0:00,0.713572,0.7656441330909729
2009/3/19 0:00,0.72015,0.7662885785102844
2009/3/20 0:00,0.699496,0.768687903881073
2009/3/21 0:00,0.699374,0.7688535451889038
2009/3/22 0:00,0.698348,0.7680219411849976
2009/3/23 0:00,0.698348,0.7675372958183289
2009/3/24 0:00,0.700084,0.7664147019386292
2009/3/25 0:00,0.698666,0.7657541036605835
2009/3/26 0:00,0.691587,0.7650333046913147
2009/3/27 0:00,0.692353,0.7644068002700806
2009/3/28 0:00,0.689941,0.763920783996582
2009/3/29 0:00,0.691252,0.7634361982345581
2009/3/30 0:00,0.691252,0.7626542448997498
2009/3/31 0:00,0.686554,0.7622020244598389
2009/4/1 0:00,0.684791,0.7610594630241394
2009/4/2 0:00,0.689608,0.7603273987770081
2009/4/3 0:00,0.691276,0.7592911720275879
2009/4/4 0:00,0.683317,0.7586584091186523
2009/4/5 0:00,0.684346,0.7576309442520142
2009/4/6 0:00,0.684346,0.7569854259490967
2009/4/7 0:00,0.687592,0.7559773325920105
2009/4/8 0:00,0.677553,0.7554464936256409
2009/4/9 0:00,0.675014,0.7549440264701843
2009/4/10 0:00,0.672359,0.7541647553443909
2009/4/11 0:00,0.669142,0.7531625032424927
2009/4/12 0:00,0.669232,0.7524114847183228
2009/4/13 0:00,0.669546,0.7513737678527832
2009/4/14 0:00,0.669456,0.7505108118057251
2009/4/15 0:00,0.665181,0.7498200535774231
2009/4/16 0:00,0.672699,0.7492114305496216
2009/4/17 0:00,0.671953,0.7479901313781738
2009/4/18 0:00,0.669299,0.7472154498100281
2009/4/19 0:00,0.671637,0.7459602952003479
2009/4/20 0:00,0.67245,0.7453902959823608
2009/4/21 0:00,0.669411,0.7448844909667969
2009/4/22 0:00,0.670983,0.744604229927063
2009/4/23 0:00,0.659914,0.7438054084777832
2009/4/24 0:00,0.652039,0.7430539727210999
2009/4/25 0:00,0.652337,0.742021381855011
2009/4/26 0:00,0.652167,0.7410443425178528
2009/4/27 0:00,0.652167,0.7404401898384094
2009/4/28 0:00,0.657203,0.7399150133132935
2009/4/29 0:00,0.664518,0.73945552110672
2009/4/30 0:00,0.65835,0.7384730577468872
2009/5/1 0:00,0.664253,0.7371239066123962
2009/5/2 0:00,0.656944,0.7364746928215027
2009/5/3 0:00,0.657657,0.7354521155357361
2009/5/4 0:00,0.657657,0.7347155809402466
2009/5/5 0:00,0.661726,0.7337964177131653
2009/5/6 0:00,0.669949,0.7328387498855591
2009/5/7 0:00,0.670309,0.7314864993095398
2009/5/8 0:00,0.659304,0.7303030490875244
2009/5/9 0:00,0.660677,0.7291266918182373
2009/5/10 0:00,0.659348,0.7279362678527832
2009/5/11 0:00,0.659348,0.7269487977027893
2009/5/12 0:00,0.659914,0.7268292307853699
2009/5/13 0:00,0.655351,0.7259212136268616
2009/5/14 0:00,0.651742,0.7251805067062378
2009/5/15 0:00,0.6549,0.7245522737503052
2009/5/16 0:00,0.661266,0.7245017886161804
2009/5/17 0:00,0.662076,0.7237867712974548
2009/5/18 0:00,0.662076,0.7234609127044678
2009/5/19 0:00,0.661638,0.7225454449653625
2009/5/20 0:00,0.653061,0.7217233180999756
2009/5/21 0:00,0.662515,0.7209227681159973
2009/5/22 0:00,0.656362,0.7204865217208862
2009/5/23 0:00,0.654729,0.7201460599899292
2009/5/24 0:00,0.654151,0.7169332504272461
2009/5/25 0:00,0.654151,0.7159289121627808
2009/5/26 0:00,0.65796,0.7156969904899597
2009/5/27 0:00,0.657635,0.7156404256820679
2009/5/28 0:00,0.659718,0.7156336307525635
2009/5/29 0:00,0.66335,0.7159141898155212
2009/5/30 0:00,0.668963,0.7154873609542847
2009/5/31 0:00,0.668606,0.7151229381561279
2009/6/1 0:00,0.668606,0.7148897051811218
2009/6/2 0:00,0.653253,0.7148048877716064
2009/6/3 0:00,0.650893,0.7148611545562744
2009/6/4 0:00,0.642261,0.7144932746887207
2009/6/5 0:00,0.645599,0.7146791219711304
2009/6/6 0:00,0.645494,0.7145364880561829
2009/6/7 0:00,0.64635,0.7152542471885681
2009/6/8 0:00,0.64635,0.7153881192207336
2009/6/9 0:00,0.635445,0.7154462933540344
2009/6/10 0:00,0.634296,0.7158054113388062
2009/6/11 0:00,0.635001,0.7156488299369812
2009/6/12 0:00,0.639304,0.7157037258148193
2009/6/13 0:00,0.629287,0.7157748937606812
2009/6/14 0:00,0.627943,0.7158182859420776
2009/6/15 0:00,0.627943,0.7153843641281128
2009/6/16 0:00,0.625645,0.7149448990821838
2009/6/17 0:00,0.633955,0.7147692441940308
2009/6/18 0:00,0.64,0.7148347496986389
2009/6/19 0:00,0.630656,0.71556556224823
2009/6/20 0:00,0.631512,0.7154139876365662
2009/6/21 0:00,0.631752,0.7159706354141235
2009/6/22 0:00,0.631752,0.7165969610214233
2009/6/23 0:00,0.633052,0.7168992757797241
2009/6/24 0:00,0.633032,0.7171702980995178
2009/6/25 0:00,0.635344,0.7172488570213318
2009/6/26 0:00,0.633874,0.7176544666290283
2009/6/27 0:00,0.641746,0.7174062728881836
2009/6/28 0:00,0.640061,0.7173426747322083
2009/6/29 0:00,0.639754,0.7174994945526123
2009/6/30 0:00,0.631453,0.7177817821502686
2009/7/1 0:00,0.629545,0.7185578346252441
2009/7/2 0:00,0.625156,0.7186360955238342
2009/7/3 0:00,0.634659,0.7188754081726074
2009/7/4 0:00,0.637308,0.7192223072052002
2009/7/5 0:00,0.638325,0.7200264930725098
2009/7/6 0:00,0.638325,0.720118522644043
2009/7/7 0:00,0.633633,0.7209022641181946
2009/7/8 0:00,0.635364,0.721520721912384
2009/7/9 0:00,0.639509,0.7216833233833313
2009/7/10 0:00,0.639795,0.7224795818328857
2009/7/11 0:00,0.642653,0.7230033874511719
2009/7/12 0:00,0.644517,0.7230401039123535
2009/7/13 0:00,0.644517,0.7230361700057983
2009/7/14 0:00,0.649393,0.7229027152061462
2009/7/15 0:00,0.653531,0.7231491208076477
2009/7/16 0:00,0.661835,0.723604679107666
2009/7/17 0:00,0.66368,0.7242879271507263
2009/7/18 0:00,0.670399,0.7242675423622131
2009/7/19 0:00,0.669232,0.7253280878067017
2009/7/20 0:00,0.669232,0.7254493832588196
2009/7/21 0:00,0.673446,0.7252761721611023
2009/7/22 0:00,0.66865,0.725287675857544
2009/7/23 0:00,0.676613,0.7257223725318909
2009/7/24 0:00,0.687002,0.7269864678382874
2009/7/25 0:00,0.680156,0.7279868125915527
2009/7/26 0:00,0.680944,0.7306147217750549
2009/7/27 0:00,0.680944,0.7273998856544495
2009/7/28 0:00,0.680064,0.7275173664093018
2009/7/29 0:00,0.675858,0.7277297973632812
2009/7/30 0:00,0.673151,0.7276594638824463
2009/7/31 0:00,0.678058,0.7274665236473083
2009/8/1 0:00,0.674787,0.7274459600448608
2009/8/2 0:00,0.675151,0.7277013063430786
2009/8/3 0:00,0.675333,0.7275918126106262
2009/8/4 0:00,0.679117,0.7278540134429932
2009/8/5 0:00,0.678702,0.7279692888259888
2009/8/6 0:00,0.671795,0.7278910279273987
2009/8/7 0:00,0.668047,0.7275996804237366
2009/8/8 0:00,0.676201,0.7272658348083496
2009/8/9 0:00,0.677438,0.727148175239563
2009/8/10 0:00,0.677438,0.727250874042511
2009/8/11 0:00,0.67465,0.7274426221847534
2009/8/12 0:00,0.667401,0.7276929020881653
2009/8/13 0:00,0.657787,0.7276904582977295
2009/8/14 0:00,0.662647,0.7272061705589294
2009/8/15 0:00,0.65136,0.7268552184104919
2009/8/16 0:00,0.652443,0.7270578742027283
2009/8/17 0:00,0.652443,0.7271518707275391
2009/8/18 0:00,0.653787,0.7271330952644348
2009/8/19 0:00,0.652891,0.7271482944488525
2009/8/20 0:00,0.65606,0.7269322276115417
2009/8/21 0:00,0.653659,0.7265981435775757
2009/8/22 0:00,0.652699,0.7266648411750793
2009/8/23 0:00,0.654643,0.72658771276474
2009/8/24 0:00,0.654643,0.7262352108955383
2009/8/25 0:00,0.648887,0.7260779142379761
2009/8/26 0:00,0.646057,0.7258302569389343
2009/8/27 0:00,0.643646,0.7256237864494324
2009/8/28 0:00,0.65796,0.7252197861671448
2009/8/29 0:00,0.655996,0.7250373959541321
2009/8/30 0:00,0.656319,0.7249075770378113
2009/8/31 0:00,0.656319,0.7247143387794495
2009/9/1 0:00,0.65119,0.7247171401977539
2009/9/2 0:00,0.653232,0.724700391292572
2009/9/3 0:00,0.657052,0.7248148918151855
2009/9/4 0:00,0.657397,0.7248179912567139
2009/9/5 0:00,0.653296,0.724912166595459
2009/9/6 0:00,0.653445,0.7250214219093323
2009/9/7 0:00,0.653445,0.7247974872589111
2009/9/8 0:00,0.657592,0.7247321605682373
2009/9/9 0:00,0.667646,0.7250098586082458
2009/9/10 0:00,0.66335,0.725172221660614
2009/9/11 0:00,0.663416,0.7248258590698242
2009/9/12 0:00,0.675402,0.7247525453567505
2009/9/13 0:00,0.674559,0.7247260212898254
2009/9/14 0:00,0.674559,0.7243785858154297
2009/9/15 0:00,0.664651,0.7245316505432129
2009/9/16 0:00,0.66368,0.7245436310768127
2009/9/17 0:00,0.662537,0.724429190158844
2009/9/18 0:00,0.676521,0.7242153286933899
2009/9/19 0:00,0.672382,0.7241091728210449
2009/9/20 0:00,0.671862,0.7240875959396362
2009/9/21 0:00,0.671862,0.7238844633102417
2009/9/22 0:00,0.677094,0.7235907316207886
2009/9/23 0:00,0.6749,0.7230892777442932
2009/9/24 0:00,0.677048,0.7228313088417053
2009/9/25 0:00,0.669411,0.7225692272186279
2009/9/26 0:00,0.675105,0.7224210500717163
2009/9/27 0:00,0.672721,0.7225723266601562
2009/9/28 0:00,0.672721,0.7228524088859558
2009/9/29 0:00,0.676956,0.718257486820221
2009/9/30 0:00,0.680944,0.7174413204193115
2009/10/1 0:00,0.678656,0.7173373699188232
2009/10/2 0:00,0.684065,0.7171880006790161
2009/10/3 0:00,0.682827,0.7166621088981628
2009/10/4 0:00,0.684065,0.7165212035179138
2009/10/5 0:00,0.684065,0.7161158323287964
2009/10/6 0:00,0.685096,0.7157282829284668
2009/10/7 0:00,0.687238,0.7154752612113953
2009/10/8 0:00,0.683644,0.7153592705726624
2009/10/9 0:00,0.684018,0.7150405049324036
2009/10/10 0:00,0.68465,0.7147566080093384
2009/10/11 0:00,0.684252,0.7144491672515869
2009/10/12 0:00,0.684252,0.7138790488243103
2009/10/13 0:00,0.673197,0.7138369083404541
2009/10/14 0:00,0.66986,0.7137647867202759
2009/10/15 0:00,0.663812,0.7134240865707397
2009/10/16 0:00,0.665048,0.7134479284286499
2009/10/17 0:00,0.65563,0.7127126455307007
2009/10/18 0:00,0.654322,0.7123426198959351
2009/10/19 0:00,0.654322,0.7119079828262329
2009/10/20 0:00,0.6546,0.7118743062019348
2009/10/21 0:00,0.651742,0.7114978432655334
2009/10/22 0:00,0.656146,0.7113398313522339
2009/10/23 0:00,0.646392,0.7109697461128235
2009/10/24 0:00,0.643211,0.7103854417800903
2009/10/25 0:00,0.64658,0.7104590535163879
2009/10/26 0:00,0.64658,0.710016667842865
2009/10/27 0:00,0.644247,0.7094343900680542
2009/10/28 0:00,0.648803,0.7093471884727478
2009/10/29 0:00,0.639039,0.7088778018951416
2009/10/30 0:00,0.649625,0.708942174911499
2009/10/31 0:00,0.647941,0.7086778283119202
2009/11/1 0:00,0.649266,0.708518385887146
2009/11/2 0:00,0.649266,0.7079358100891113
2009/11/3 0:00,0.647249,0.7077920436859131
2009/11/4 0:00,0.649393,0.7075098156929016
2009/11/5 0:00,0.652933,0.7072231769561768
2009/11/6 0:00,0.646998,0.7073652744293213
2009/11/7 0:00,0.6466,0.7072458863258362
2009/11/8 0:00,0.648424,0.7073323130607605
2009/11/9 0:00,0.648424,0.7073546648025513
2009/11/10 0:00,0.651232,0.7071901559829712
2009/11/11 0:00,0.649161,0.7071598768234253
2009/11/12 0:00,0.665624,0.7072482109069824
2009/11/13 0:00,0.673106,0.7074381709098816
2009/11/14 0:00,0.662361,0.7069422006607056
2009/11/15 0:00,0.662954,0.7067862749099731
2009/11/16 0:00,0.662954,0.7061696648597717
2009/11/17 0:00,0.663504,0.7057421207427979
2009/11/18 0:00,0.666045,0.7061569690704346
2009/11/19 0:00,0.664386,0.7063706517219543
2009/11/20 0:00,0.668248,0.7063660621643066
2009/11/21 0:00,0.662888,0.7063491344451904
2009/11/22 0:00,0.662669,0.7063193321228027
2009/11/23 0:00,0.662669,0.7061105370521545
2009/11/24 0:00,0.665447,0.7061173915863037
2009/11/25 0:00,0.656534,0.7058133482933044
2009/11/26 0:00,0.662888,0.7051633596420288
2009/11/27 0:00,0.661704,0.7047620415687561
2009/11/28 0:00,0.661354,0.7040193676948547
2009/11/29 0:00,0.662954,0.7035341262817383
2009/11/30 0:00,0.662954,0.7030152678489685
2009/12/1 0:00,0.672156,0.7042115926742554
2009/12/2 0:00,0.666333,0.7018125653266907
2009/12/3 0:00,0.663196,0.7015801668167114
2009/12/4 0:00,0.669411,0.7015129327774048
2009/12/5 0:00,0.66368,0.7014299631118774
2009/12/6 0:00,0.662954,0.701506495475769
2009/12/7 0:00,0.662954,0.7014952301979065
2009/12/8 0:00,0.6595,0.701513409614563
2009/12/9 0:00,0.661967,0.7014569640159607
2009/12/10 0:00,0.664253,0.7017753720283508
2009/12/11 0:00,0.674445,0.7017031311988831
2009/12/12 0:00,0.680342,0.7015891671180725
2009/12/13 0:00,0.682035,0.7013129591941833
2009/12/14 0:00,0.682035,0.7011620402336121
2009/12/15 0:00,0.679856,0.701130747795105
2009/12/16 0:00,0.67595,0.7011499404907227
2009/12/17 0:00,0.67974,0.70107501745224
2009/12/18 0:00,0.666045,0.7009787559509277
2009/12/19 0:00,0.676659,0.7010859251022339
2009/12/20 0:00,0.674491,0.701251745223999
2009/12/21 0:00,0.674491,0.7014211416244507
2009/12/22 0:00,0.668025,0.701443076133728
2009/12/23 0:00,0.659304,0.7012876868247986
2009/12/24 0:00,0.659391,0.7013893723487854
2009/12/25 0:00,0.684838,0.701470136642456
2009/12/26 0:00,0.680342,0.7014610767364502
2009/12/27 0:00,0.679648,0.7012915015220642
2009/12/28 0:00,0.679648,0.7013042569160461
2009/12/29 0:00,0.67506,0.7011087536811829
2009/12/30 0:00,0.674514,0.7009663581848145
2009/12/31 0:00,0.66986,0.7008743286132812
2010/1/1 0:00,0.669591,0.700617253780365
2010/1/2 0:00,0.668405,0.7007177472114563
2010/1/3 0:00,0.668695,0.7008362412452698
2010/1/4 0:00,0.668695,0.7006193399429321
2010/1/5 0:00,0.671885,0.7006092071533203
2010/1/6 0:00,0.684556,0.7005189061164856
2010/1/7 0:00,0.691085,0.7006454467773438
2010/1/8 0:00,0.692113,0.7007710933685303
2010/1/9 0:00,0.690179,0.7011067271232605
2010/1/10 0:00,0.690417,0.7011828422546387
2010/1/11 0:00,0.69025,0.7009201049804688
2010/1/12 0:00,0.684627,0.7006061673164368
2010/1/13 0:00,0.67891,0.7006199359893799
2010/1/14 0:00,0.682198,0.7008633613586426
2010/1/15 0:00,0.677209,0.7009062767028809
2010/1/16 0:00,0.680897,0.7009310722351074
2010/1/17 0:00,0.680851,0.7009415626525879
2010/1/18 0:00,0.680851,0.7008073925971985
2010/1/19 0:00,0.686059,0.7006956934928894
2010/1/20 0:00,0.69056,0.7004470229148865
2010/1/21 0:00,0.691611,0.7005165815353394
2010/1/22 0:00,0.687002,0.7004473209381104
2010/1/23 0:00,0.691491,0.7006880640983582
2010/1/24 0:00,0.69197,0.7006727457046509
2010/1/25 0:00,0.69197,0.7005078792572021
2010/1/26 0:00,0.694686,0.7004809975624084
2010/1/27 0:00,0.703878,0.7003816366195679
2010/1/28 0:00,0.698812,0.6996515393257141
2010/1/29 0:00,0.690989,0.6992329955101013
2010/1/30 0:00,0.684767,0.6992092728614807
2010/1/31 0:00,0.685307,0.6994904279708862
2010/2/1 0:00,0.685307,0.6996421217918396
2010/2/2 0:00,0.684744,0.6997717618942261
2010/2/3 0:00,0.68861,0.6997537016868591
2010/2/4 0:00,0.685495,0.6919503808021545
2010/2/5 0:00,0.697934,0.690952479839325
2010/2/6 0:00,0.697107,0.6907857656478882
2010/2/7 0:00,0.697739,0.6904298663139343
2010/2/8 0:00,0.697739,0.689646303653717
2010/2/9 0:00,0.701705,0.6896805167198181
2010/2/10 0:00,0.693433,0.6894953846931458
2010/2/11 0:00,0.686908,0.6885927319526672
2010/2/12 0:00,0.68835,0.688552737236023
2010/2/13 0:00,0.684346,0.6879028677940369
2010/2/14 0:00,0.683878,0.6869879961013794
2010/2/15 0:00,0.683878,0.6862192749977112
2010/2/16 0:00,0.676888,0.6856419444084167
2010/2/17 0:00,0.675083,0.6849385499954224
2010/2/18 0:00,0.683924,0.6841456890106201
2010/2/19 0:00,0.681199,0.6841111183166504
2010/2/20 0:00,0.678196,0.6846057772636414
2010/2/21 0:00,0.676842,0.6853276491165161
2010/2/22 0:00,0.676842,0.6855159997940063
2010/2/23 0:00,0.679509,0.6860792636871338
2010/2/24 0:00,0.682012,0.6871058344841003
2010/2/25 0:00,0.679833,0.6872268915176392
2010/2/26 0:00,0.674946,0.688413679599762
2010/2/27 0:00,0.676842,0.6891324520111084
2010/2/28 0:00,0.676498,0.6898763179779053
2010/3/1 0:00,0.676247,0.6900209188461304
2010/3/2 0:00,0.676842,0.6901795864105225
2010/3/3 0:00,0.673197,0.690454363822937
2010/3/4 0:00,0.676064,0.6907221078872681
2010/3/5 0:00,0.67365,0.691574215888977
2010/3/6 0:00,0.670488,0.6915875673294067
2010/3/7 0:00,0.669411,0.6924523115158081
2010/3/8 0:00,0.669546,0.6933515071868896
2010/3/9 0:00,0.669905,0.693929135799408
2010/3/10 0:00,0.676384,0.6945894956588745
2010/3/11 0:00,0.681849,0.694992184638977
2010/3/12 0:00,0.681129,0.69588702917099
2010/3/13 0:00,0.693914,0.696334183216095
2010/3/14 0:00,0.695628,0.6970846056938171
2010/3/15 0:00,0.695628,0.6976867914199829
2010/3/16 0:00,0.693241,0.6983606815338135
2010/3/17 0:00,0.696961,0.6992977261543274
2010/3/18 0:00,0.702149,0.6995738744735718
2010/3/19 0:00,0.712555,0.7005640864372253
2010/3/20 0:00,0.704523,0.7012791037559509
2010/3/21 0:00,0.705567,0.7018771767616272
2010/3/22 0:00,0.705567,0.7024418711662292
2010/3/23 0:00,0.705517,0.7036586999893188
2010/3/24 0:00,0.699888,0.7043216228485107
2010/3/25 0:00,0.703087,0.7043392658233643
2010/3/26 0:00,0.704449,0.7049800157546997
2010/3/27 0:00,0.706414,0.7051598429679871
2010/3/28 0:00,0.705442,0.7060831785202026
2010/3/29 0:00,0.705069,0.7065606117248535
2010/3/30 0:00,0.711187,0.7069471478462219
2010/3/31 0:00,0.712911,0.7079135179519653
2010/4/1 0:00,0.71582,0.708373486995697
2010/4/2 0:00,0.724113,0.7082673907279968
2010/4/3 0:00,0.713318,0.7079867720603943
2010/4/4 0:00,0.713318,0.7090684175491333
2010/4/5 0:00,0.713318,0.7097280621528625
2010/4/6 0:00,0.699399,0.7104609608650208
2010/4/7 0:00,0.702889,0.7110158801078796
2010/4/8 0:00,0.71048,0.7108535766601562
2010/4/9 0:00,0.711288,0.7113713622093201
2010/4/10 0:00,0.716435,0.7108423709869385
2010/4/11 0:00,0.717952,0.7107149958610535
2010/4/12 0:00,0.717952,0.7108972668647766
2010/4/13 0:00,0.722961,0.7115414142608643
2010/4/14 0:00,0.714235,0.7119783163070679
2010/4/15 0:00,0.711238,0.7122601270675659
2010/4/16 0:00,0.722648,0.7133622169494629
2010/4/17 0:00,0.72873,0.7130805850028992
2010/4/18 0:00,0.730647,0.7127156853675842
2010/4/19 0:00,0.730647,0.7125489711761475
2010/4/20 0:00,0.721917,0.7125420570373535
2010/4/21 0:00,0.731904,0.7130693197250366
2010/4/22 0:00,0.728651,0.7134789824485779
2010/4/23 0:00,0.720773,0.7138950824737549
2010/4/24 0:00,0.714235,0.7138431668281555
2010/4/25 0:00,0.711642,0.7170706987380981
2010/4/26 0:00,0.711642,0.7168024778366089
2010/4/27 0:00,0.710858,0.7162954211235046
2010/4/28 0:00,0.704597,0.7163925170898438
2010/4/29 0:00,0.702321,0.7173095941543579
2010/4/30 0:00,0.697569,0.7163972854614258
2010/5/1 0:00,0.699081,0.7163394093513489
2010/5/2 0:00,0.700158,0.7158251404762268
2010/5/3 0:00,0.700158,0.716254472732544
2010/5/4 0:00,0.699252,0.7156115174293518
2010/5/5 0:00,0.703755,0.7156144380569458
2010/5/6 0:00,0.705069,0.7153300642967224
2010/5/7 0:00,0.707064,0.7155484557151794
2010/5/8 0:00,0.721527,0.7156178951263428
2010/5/9 0:00,0.720357,0.715336799621582
2010/5/10 0:00,0.720357,0.7154834866523743
2010/5/11 0:00,0.719243,0.7160125970840454
2010/5/12 0:00,0.723615,0.7161688208580017
2010/5/13 0:00,0.714898,0.7163670063018799
2010/5/14 0:00,0.717901,0.716926097869873
2010/5/15 0:00,0.714031,0.7183569669723511
2010/5/16 0:00,0.713801,0.717592716217041
2010/5/17 0:00,0.713801,0.7180478572845459
2010/5/18 0:00,0.714184,0.7184524536132812
2010/5/19 0:00,0.715871,0.7200869917869568
2010/5/20 0:00,0.722022,0.7198069095611572
2010/5/21 0:00,0.72197,0.7197439670562744
2010/5/22 0:00,0.719476,0.7202746868133545
2010/5/23 0:00,0.719709,0.7213347554206848
2010/5/24 0:00,0.719709,0.7213581800460815
2010/5/25 0:00,0.721215,0.7208994030952454
2010/5/26 0:00,0.728465,0.7213823795318604
2010/5/27 0:00,0.722831,0.7216310501098633
2010/5/28 0:00,0.72873,0.7201688885688782
2010/5/29 0:00,0.726085,0.7201641201972961
2010/5/30 0:00,0.727405,0.7197099924087524
2010/5/31 0:00,0.727405,0.7203475832939148
2010/6/1 0:00,0.727379,0.7202942967414856
2010/6/2 0:00,0.730994,0.7211224436759949
2010/6/3 0:00,0.729625,0.7211087346076965
2010/6/4 0:00,0.729581,0.7214339375495911
2010/6/5 0:00,0.72619,0.7208800315856934
2010/6/6 0:00,0.723798,0.7195141315460205
2010/6/7 0:00,0.723956,0.719659686088562
2010/6/8 0:00,0.7259,0.7204398512840271
2010/6/9 0:00,0.721189,0.7205363512039185
2010/6/10 0:00,0.7259,0.7209537029266357
2010/6/11 0:00,0.728412,0.7211739420890808
2010/6/12 0:00,0.729208,0.722797691822052
2010/6/13 0:00,0.730353,0.7216069102287292
2010/6/14 0:00,0.729501,0.7211139798164368
2010/6/15 0:00,0.730807,0.7211874723434448
2010/6/16 0:00,0.741812,0.723264217376709
2010/6/17 0:00,0.744685,0.7236339449882507
2010/6/18 0:00,0.739208,0.7238785028457642
2010/6/19 0:00,0.733192,0.7247750759124756
2010/6/20 0:00,0.732091,0.724947452545166
2010/6/21 0:00,0.731957,0.7240413427352905
2010/6/22 0:00,0.726111,0.7245209217071533
2010/6/23 0:00,0.726348,0.7248036861419678
2010/6/24 0:00,0.729076,0.7251648902893066
2010/6/25 0:00,0.731074,0.7251843214035034
2010/6/26 0:00,0.726401,0.7253810167312622
2010/6/27 0:00,0.726559,0.725749671459198
2010/6/28 0:00,0.726401,0.7249526381492615
2010/6/29 0:00,0.730007,0.7251083850860596
2010/6/30 0:00,0.730727,0.7247940897941589
2010/7/1 0:00,0.731609,0.7244738936424255
2010/7/2 0:00,0.730994,0.7248082756996155
2010/7/3 0:00,0.723014,0.7242704033851624
2010/7/4 0:00,0.72469,0.723692774772644
2010/7/5 0:00,0.72469,0.7230327725410461
2010/7/6 0:00,0.728226,0.7229143381118774
2010/7/7 0:00,0.730034,0.7222705483436584
2010/7/8 0:00,0.725426,0.7215679287910461
2010/7/9 0:00,0.725979,0.7206137180328369
2010/7/10 0:00,0.728783,0.7202524542808533
2010/7/11 0:00,0.728385,0.7197474837303162
2010/7/12 0:00,0.728518,0.718898355960846
2010/7/13 0:00,0.726956,0.7183935642242432
2010/7/14 0:00,0.722308,0.7183629274368286
2010/7/15 0:00,0.717772,0.718119204044342
2010/7/16 0:00,0.715359,0.7175489068031311
2010/7/17 0:00,0.71347,0.717108964920044
2010/7/18 0:00,0.716307,0.7170116901397705
2010/7/19 0:00,0.713216,0.7164080739021301
2010/7/20 0:00,0.704945,0.7163337469100952
2010/7/21 0:00,0.707114,0.716076672077179
2010/7/22 0:00,0.709698,0.7162713408470154
2010/7/23 0:00,0.710631,0.716205358505249
2010/7/24 0:00,0.708667,0.7156215906143188
2010/7/25 0:00,0.708717,0.7155756950378418
2010/7/26 0:00,0.713267,0.7161717414855957
2010/7/27 0:00,0.720487,0.7164084315299988
2010/7/28 0:00,0.722961,0.7162635922431946
2010/7/29 0:00,0.720098,0.7167888879776001
2010/7/30 0:00,0.715922,0.7172730565071106
2010/7/31 0:00,0.716384,0.7166292667388916
2010/8/1 0:00,0.716384,0.7163621187210083
2010/8/2 0:00,0.71286,0.7159079313278198
2010/8/3 0:00,0.716435,0.7163981199264526
2010/8/4 0:00,0.715615,0.7163376212120056
2010/8/5 0:00,0.711642,0.7162055373191833
2010/8/6 0:00,0.714796,0.716217041015625
2010/8/7 0:00,0.716692,0.7163279056549072
2010/8/8 0:00,0.716486,0.7161859273910522
2010/8/9 0:00,0.714439,0.7159096002578735
2010/8/10 0:00,0.715768,0.716020941734314
2010/8/11 0:00,0.730407,0.7163211703300476
2010/8/12 0:00,0.732547,0.7165921926498413
2010/8/13 0:00,0.732493,0.7168773412704468
2010/8/14 0:00,0.732896,0.7170640826225281
2010/8/15 0:00,0.732789,0.7178480625152588
2010/8/16 0:00,0.732225,0.7176138758659363
2010/8/17 0:00,0.735889,0.7170013189315796
2010/8/18 0:00,0.729501,0.7169849276542664
2010/8/19 0:00,0.720409,0.7182270288467407
2010/8/20 0:00,0.713521,0.7187012434005737
2010/8/21 0:00,0.711845,0.7186177372932434
2010/8/22 0:00,0.711845,0.7193640470504761
2010/8/23 0:00,0.708265,0.7201141715049744
2010/8/24 0:00,0.708291,0.720118522644043
2010/8/25 0:00,0.707364,0.7203894257545471
2010/8/26 0:00,0.705916,0.720721423625946
2010/8/27 0:00,0.70279,0.7213555574417114
2010/8/28 0:00,0.701656,0.721834123134613
2010/8/29 0:00,0.700795,0.7224113941192627
2010/8/30 0:00,0.705393,0.7228705286979675
2010/8/31 0:00,0.704722,0.7127208113670349
2010/9/1 0:00,0.700697,0.712846040725708
2010/9/2 0:00,0.70055,0.712894082069397
2010/9/3 0:00,0.704399,0.7126603722572327
2010/9/4 0:00,0.704349,0.7127954959869385
2010/9/5 0:00,0.7043,0.7124581336975098
2010/9/6 0:00,0.706714,0.7119100093841553
2010/9/7 0:00,0.711288,0.7115119695663452
2010/9/8 0:00,0.708015,0.7115838527679443
2010/9/9 0:00,0.706814,0.7112722396850586
2010/9/10 0:00,0.713496,0.7107793688774109
2010/9/11 0:00,0.714184,0.7100822925567627
2010/9/12 0:00,0.714184,0.7102982997894287
2010/9/13 0:00,0.713216,0.7102029323577881
2010/9/14 0:00,0.711592,0.7097522020339966
2010/9/15 0:00,0.715615,0.70966637134552
2010/9/16 0:00,0.716153,0.7099694609642029
2010/9/17 0:00,0.713903,0.7102404236793518
2010/9/18 0:00,0.713547,0.709748387336731
2010/9/19 0:00,0.713598,0.7094556093215942
2010/9/20 0:00,0.718856,0.7096220850944519
2010/9/21 0:00,0.720617,0.7095353603363037
2010/9/22 0:00,0.723014,0.7094938158988953
2010/9/23 0:00,0.701238,0.7092581391334534
2010/9/24 0:00,0.698666,0.7096073031425476
2010/9/25 0:00,0.696088,0.7097252011299133
2010/9/26 0:00,0.696088,0.7095066905021667
2010/9/27 0:00,0.695217,0.7093231081962585
2010/9/28 0:00,0.691683,0.7097364664077759
2010/9/29 0:00,0.690322,0.7097644805908203
2010/9/30 0:00,0.690655,0.7093474268913269
2010/10/1 0:00,0.687191,0.7096732258796692
2010/10/2 0:00,0.687687,0.7098495960235596
2010/10/3 0:00,0.687687,0.7093871831893921
2010/10/4 0:00,0.690846,0.7089444994926453
2010/10/5 0:00,0.688753,0.7084252834320068
2010/10/6 0:00,0.690846,0.7088850140571594
2010/10/7 0:00,0.695701,0.708981990814209
2010/10/8 0:00,0.695943,0.7093266248703003
2010/10/9 0:00,0.692689,0.7096110582351685
2010/10/10 0:00,0.692689,0.7099876999855042
