timestamp,true_value,pred_value
1998/4/24 0:00,0.4351,0.4346373677253723
1998/4/25 0:00,0.4371,0.43471473455429077
1998/4/26 0:00,0.44295,0.4346577525138855
1998/4/27 0:00,0.4406,0.43443840742111206
1998/4/28 0:00,0.4391,0.4344504475593567
1998/4/29 0:00,0.44095,0.4340391457080841
1998/4/30 0:00,0.4456,0.4341331720352173
1998/5/1 0:00,0.44605,0.43460389971733093
1998/5/2 0:00,0.4472,0.43450623750686646
1998/5/3 0:00,0.4466,0.43414247035980225
1998/5/4 0:00,0.44565,0.4345429837703705
1998/5/5 0:00,0.44935,0.43437981605529785
1998/5/6 0:00,0.4507,0.43454834818840027
1998/5/7 0:00,0.44975,0.4347250461578369
1998/5/8 0:00,0.448,0.4347078204154968
1998/5/9 0:00,0.44755,0.4346938729286194
1998/5/10 0:00,0.44805,0.43437111377716064
1998/5/11 0:00,0.44515,0.434950590133667
1998/5/12 0:00,0.4489,0.4352964460849762
1998/5/13 0:00,0.4487,0.43488383293151855
1998/5/14 0:00,0.44835,0.43477728962898254
1998/5/15 0:00,0.4493,0.4352041482925415
1998/5/16 0:00,0.45135,0.4354482889175415
1998/5/17 0:00,0.4533,0.4355515241622925
1998/5/18 0:00,0.45625,0.43558239936828613
1998/5/19 0:00,0.4559,0.4351730942726135
1998/5/20 0:00,0.45815,0.4360696077346802
1998/5/21 0:00,0.4605,0.436080664396286
1998/5/22 0:00,0.4637,0.4364994168281555
1998/5/23 0:00,0.4668,0.43648040294647217
1998/5/24 0:00,0.4682,0.4364835321903229
1998/5/25 0:00,0.4729,0.43664324283599854
1998/5/26 0:00,0.4683,0.4371050000190735
1998/5/27 0:00,0.4711,0.4367334246635437
1998/5/28 0:00,0.4738,0.43710845708847046
1998/5/29 0:00,0.47645,0.4371678829193115
1998/5/30 0:00,0.4768,0.4371771812438965
1998/5/31 0:00,0.4749,0.4377143979072571
1998/6/1 0:00,0.48595,0.43749719858169556
1998/6/2 0:00,0.4896,0.4373263716697693
1998/6/3 0:00,0.48865,0.4380590319633484
1998/6/4 0:00,0.49115,0.43848681449890137
1998/6/5 0:00,0.4873,0.43828922510147095
1998/6/6 0:00,0.48665,0.4382059574127197
1998/6/7 0:00,0.48865,0.43822917342185974
1998/6/8 0:00,0.4928,0.438513845205307
1998/6/9 0:00,0.48765,0.43875959515571594
1998/6/10 0:00,0.48415,0.4380839467048645
1998/6/11 0:00,0.4842,0.4384937584400177
1998/6/12 0:00,0.4877,0.43835097551345825
1998/6/13 0:00,0.48695,0.4386042058467865
1998/6/14 0:00,0.49105,0.4388502836227417
1998/6/15 0:00,0.49665,0.43859636783599854
1998/6/16 0:00,0.49255,0.4385433793067932
1998/6/17 0:00,0.4932,0.43850889801979065
1998/6/18 0:00,0.4895,0.439411461353302
1998/6/19 0:00,0.49095,0.43914127349853516
1998/6/20 0:00,0.486,0.4386022090911865
1998/6/21 0:00,0.48755,0.439264178276062
1998/6/22 0:00,0.4893,0.4394005835056305
1998/6/23 0:00,0.4883,0.439708411693573
1998/6/24 0:00,0.4845,0.43974360823631287
1998/6/25 0:00,0.49035,0.4401242733001709
1998/6/26 0:00,0.49205,0.43940025568008423
1998/6/27 0:00,0.4882,0.4393461346626282
1998/6/28 0:00,0.4835,0.43925508856773376
1998/6/29 0:00,0.4866,0.439616322517395
1998/6/30 0:00,0.4844,0.44017934799194336
1998/7/1 0:00,0.482,0.4400012195110321
1998/7/2 0:00,0.4827,0.4404292702674866
1998/7/3 0:00,0.48775,0.44037121534347534
1998/7/4 0:00,0.4805,0.44022271037101746
1998/7/5 0:00,0.4742,0.4404575824737549
1998/7/6 0:00,0.4693,0.44119590520858765
1998/7/7 0:00,0.4682,0.44122517108917236
1998/7/8 0:00,0.4695,0.4409044682979584
1998/7/9 0:00,0.4678,0.4413014054298401
1998/7/10 0:00,0.4651,0.4416029453277588
1998/7/11 0:00,0.46195,0.44140753149986267
1998/7/12 0:00,0.4636,0.44176995754241943
1998/7/13 0:00,0.4574,0.4412423372268677
1998/7/14 0:00,0.453,0.44204655289649963
1998/7/15 0:00,0.45485,0.4419402480125427
1998/7/16 0:00,0.4541,0.44205883145332336
1998/7/17 0:00,0.4579,0.4418128728866577
1998/7/18 0:00,0.46325,0.4423048496246338
1998/7/19 0:00,0.4571,0.4430525600910187
1998/7/20 0:00,0.46285,0.4422624111175537
1998/7/21 0:00,0.4658,0.44223034381866455
1998/7/22 0:00,0.468,0.4429502487182617
1998/7/23 0:00,0.466,0.4429028332233429
1998/7/24 0:00,0.4698,0.4421136677265167
1998/7/25 0:00,0.46495,0.44296473264694214
1998/7/26 0:00,0.4671,0.44295743107795715
1998/7/27 0:00,0.4674,0.4423476755619049
1998/7/28 0:00,0.4697,0.4425418972969055
1998/7/29 0:00,0.47185,0.4432058334350586
1998/7/30 0:00,0.46915,0.44214245676994324
1998/7/31 0:00,0.46895,0.44238173961639404
1998/8/1 0:00,0.47,0.4421904683113098
1998/8/2 0:00,0.47,0.44316089153289795
1998/8/3 0:00,0.4676,0.44259655475616455
1998/8/4 0:00,0.4661,0.4424782395362854
1998/8/5 0:00,0.46655,0.4430818259716034
1998/8/6 0:00,0.47025,0.4427764415740967
1998/8/7 0:00,0.46885,0.4427522122859955
1998/8/8 0:00,0.47085,0.44274041056632996
1998/8/9 0:00,0.4757,0.4423770308494568
1998/8/10 0:00,0.4719,0.44231486320495605
1998/8/11 0:00,0.4722,0.44302815198898315
1998/8/12 0:00,0.4704,0.4429566562175751
1998/8/13 0:00,0.47115,0.4429091215133667
1998/8/14 0:00,0.4728,0.44277888536453247
1998/8/15 0:00,0.4704,0.44301849603652954
1998/8/16 0:00,0.46765,0.44297683238983154
1998/8/17 0:00,0.4683,0.44325384497642517
1998/8/18 0:00,0.4741,0.4436492323875427
1998/8/19 0:00,0.4696,0.44394591450691223
1998/8/20 0:00,0.47085,0.4431176483631134
1998/8/21 0:00,0.46995,0.44289371371269226
1998/8/22 0:00,0.47425,0.44350218772888184
1998/8/23 0:00,0.47325,0.4433262348175049
1998/8/24 0:00,0.4779,0.4430730640888214
1998/8/25 0:00,0.47845,0.4438092112541199
1998/8/26 0:00,0.4835,0.44411441683769226
1998/8/27 0:00,0.48125,0.444691926240921
1998/8/28 0:00,0.48055,0.4442044794559479
1998/8/29 0:00,0.47855,0.44468754529953003
1998/8/30 0:00,0.4805,0.4446977376937866
1998/8/31 0:00,0.4786,0.4445670545101166
1998/9/1 0:00,0.48025,0.4448090195655823
1998/9/2 0:00,0.48105,0.4450392425060272
1998/9/3 0:00,0.48185,0.44490131735801697
1998/9/4 0:00,0.4835,0.4450490176677704
1998/9/5 0:00,0.4827,0.44500061869621277
1998/9/6 0:00,0.4843,0.44512951374053955
1998/9/7 0:00,0.48585,0.4449375867843628
1998/9/8 0:00,0.48665,0.44504445791244507
1998/9/9 0:00,0.48915,0.4453548192977905
1998/9/10 0:00,0.48605,0.4453076720237732
1998/9/11 0:00,0.48255,0.4448360800743103
1998/9/12 0:00,0.4964,0.4451288878917694
1998/9/13 0:00,0.49615,0.44503727555274963
1998/9/14 0:00,0.4983,0.44529566168785095
1998/9/15 0:00,0.49895,0.4451083540916443
1998/9/16 0:00,0.49815,0.44522348046302795
1998/9/17 0:00,0.4936,0.44523999094963074
1998/9/18 0:00,0.4931,0.4453945457935333
1998/9/19 0:00,0.4969,0.4453907608985901
1998/9/20 0:00,0.49985,0.44534412026405334
1998/9/21 0:00,0.49965,0.4457240104675293
1998/9/22 0:00,0.49765,0.4454485774040222
1998/9/23 0:00,0.4963,0.4452098608016968
1998/9/24 0:00,0.49735,0.4455164968967438
1998/9/25 0:00,0.50215,0.44564834237098694
1998/9/26 0:00,0.51415,0.4456181526184082
1998/9/27 0:00,0.4995,0.4457836151123047
1998/9/28 0:00,0.4956,0.4455103874206543
1998/9/29 0:00,0.49455,0.4457295536994934
1998/9/30 0:00,0.4951,0.4454757571220398
1998/10/1 0:00,0.4982,0.4453136920928955
1998/10/2 0:00,0.49765,0.4455919563770294
1998/10/3 0:00,0.498,0.44598388671875
1998/10/4 0:00,0.50105,0.445751428604126
1998/10/5 0:00,0.5012,0.44562116265296936
1998/10/6 0:00,0.50385,0.4457446336746216
1998/10/7 0:00,0.5029,0.4457050561904907
1998/10/8 0:00,0.5085,0.44570642709732056
1998/10/9 0:00,0.51265,0.44580820202827454
1998/10/10 0:00,0.51455,0.4456595480442047
1998/10/11 0:00,0.51765,0.4459385275840759
1998/10/12 0:00,0.51655,0.4459550380706787
1998/10/13 0:00,0.51655,0.4457766115665436
1998/10/14 0:00,0.5217,0.44575008749961853
1998/10/15 0:00,0.52335,0.44602635502815247
1998/10/16 0:00,0.5228,0.4458189904689789
1998/10/17 0:00,0.5284,0.4458319842815399
1998/10/18 0:00,0.5314,0.4459146559238434
1998/10/19 0:00,0.53025,0.44608452916145325
1998/10/20 0:00,0.5329,0.4458339512348175
1998/10/21 0:00,0.5325,0.44584932923316956
1998/10/22 0:00,0.5394,0.44592025876045227
1998/10/23 0:00,0.54165,0.44591888785362244
1998/10/24 0:00,0.5388,0.44602006673812866
1998/10/25 0:00,0.53905,0.44607511162757874
1998/10/26 0:00,0.54455,0.44579553604125977
1998/10/27 0:00,0.5502,0.44601309299468994
1998/10/28 0:00,0.5476,0.4462786614894867
1998/10/29 0:00,0.54225,0.4460812211036682
1998/10/30 0:00,0.54915,0.44623836874961853
1998/10/31 0:00,0.5476,0.4460916519165039
1998/11/1 0:00,0.54925,0.44600561261177063
1998/11/2 0:00,0.5454,0.4461899995803833
1998/11/3 0:00,0.54275,0.4463765621185303
1998/11/4 0:00,0.542,0.4464799463748932
1998/11/5 0:00,0.54945,0.44642284512519836
1998/11/6 0:00,0.5479,0.4463289678096771
1998/11/7 0:00,0.54935,0.44623851776123047
1998/11/8 0:00,0.5498,0.44627851247787476
1998/11/9 0:00,0.54925,0.44638970494270325
1998/11/10 0:00,0.5522,0.44620174169540405
1998/11/11 0:00,0.5488,0.4464593231678009
1998/11/12 0:00,0.5541,0.4464198052883148
1998/11/13 0:00,0.5512,0.4465198516845703
1998/11/14 0:00,0.54935,0.44636061787605286
1998/11/15 0:00,0.5499,0.4462227523326874
1998/11/16 0:00,0.5532,0.4464452266693115
1998/11/17 0:00,0.5586,0.44625094532966614
1998/11/18 0:00,0.5586,0.44637399911880493
1998/11/19 0:00,0.56555,0.4462542235851288
1998/11/20 0:00,0.5645,0.4465920329093933
1998/11/21 0:00,0.5657,0.4463268220424652
1998/11/22 0:00,0.5593,0.44639289379119873
1998/11/23 0:00,0.5619,0.44629767537117004
1998/11/24 0:00,0.5605,0.4463494122028351
1998/11/25 0:00,0.5645,0.4465636909008026
1998/11/26 0:00,0.5626,0.44658827781677246
1998/11/27 0:00,0.5594,0.44665753841400146
1998/11/28 0:00,0.55365,0.4464964270591736
1998/11/29 0:00,0.54685,0.4466190040111542
1998/11/30 0:00,0.54835,0.44635695219039917
1998/12/1 0:00,0.5485,0.4463513195514679
1998/12/2 0:00,0.5533,0.44634491205215454
1998/12/3 0:00,0.5526,0.4467293918132782
1998/12/4 0:00,0.55035,0.4464684724807739
1998/12/5 0:00,0.5537,0.44632863998413086
1998/12/6 0:00,0.5547,0.4463249444961548
1998/12/7 0:00,0.55565,0.44622713327407837
1998/12/8 0:00,0.55225,0.44640886783599854
1998/12/9 0:00,0.5483,0.44649311900138855
1998/12/10 0:00,0.5397,0.44636857509613037
1998/12/11 0:00,0.5481,0.4463772773742676
1998/12/12 0:00,0.5474,0.44659146666526794
1998/12/13 0:00,0.5457,0.44652560353279114
1998/12/14 0:00,0.54715,0.44648754596710205
1998/12/15 0:00,0.55245,0.4466803967952728
1998/12/16 0:00,0.55465,0.4467560350894928
1998/12/17 0:00,0.5602,0.4465586245059967
1998/12/18 0:00,0.55545,0.44647324085235596
1998/12/19 0:00,0.5596,0.44645291566848755
1998/12/20 0:00,0.5615,0.4464816749095917
1998/12/21 0:00,0.5673,0.44667771458625793
1998/12/22 0:00,0.57455,0.44635385274887085
1998/12/23 0:00,0.5673,0.4463919699192047
1998/12/24 0:00,0.5744,0.44633182883262634
1998/12/25 0:00,0.57595,0.44646427035331726
1998/12/26 0:00,0.5795,0.4463411867618561
1998/12/27 0:00,0.5764,0.44628486037254333
1998/12/28 0:00,0.5746,0.44620442390441895
1998/12/29 0:00,0.57105,0.4463210701942444
1998/12/30 0:00,0.5776,0.4463646411895752
1998/12/31 0:00,0.58505,0.446388840675354
1999/1/1 0:00,0.5868,0.4463444948196411
1999/1/2 0:00,0.5809,0.4463862180709839
1999/1/3 0:00,0.58295,0.446271151304245
1999/1/4 0:00,0.5845,0.4465380311012268
1999/1/5 0:00,0.58275,0.4463745653629303
1999/1/6 0:00,0.5862,0.4464229941368103
1999/1/7 0:00,0.5749,0.4464598596096039
1999/1/8 0:00,0.57735,0.446416437625885
1999/1/9 0:00,0.5766,0.44647109508514404
1999/1/10 0:00,0.5754,0.4465208351612091
1999/1/11 0:00,0.5801,0.4463749825954437
1999/1/12 0:00,0.5808,0.4465116560459137
1999/1/13 0:00,0.5829,0.4464501142501831
1999/1/14 0:00,0.5784,0.44650956988334656
1999/1/15 0:00,0.5729,0.44651758670806885
1999/1/16 0:00,0.5744,0.446351021528244
1999/1/17 0:00,0.5776,0.4463098645210266
1999/1/18 0:00,0.5793,0.4464922845363617
1999/1/19 0:00,0.5803,0.4463997483253479
1999/1/20 0:00,0.58315,0.4464350938796997
1999/1/21 0:00,0.58505,0.44641274213790894
1999/1/22 0:00,0.5851,0.44647398591041565
1999/1/23 0:00,0.58645,0.4464053511619568
1999/1/24 0:00,0.585,0.446524977684021
1999/1/25 0:00,0.5867,0.4464816451072693
1999/1/26 0:00,0.5861,0.4464532434940338
1999/1/27 0:00,0.5787,0.44649311900138855
1999/1/28 0:00,0.5822,0.4464191794395447
1999/1/29 0:00,0.58725,0.44643425941467285
1999/1/30 0:00,0.59495,0.4465070366859436
1999/1/31 0:00,0.59535,0.44652146100997925
1999/2/1 0:00,0.59585,0.4464778006076813
1999/2/2 0:00,0.59485,0.4466654658317566
1999/2/3 0:00,0.59085,0.4465378224849701
1999/2/4 0:00,0.5884,0.4466783106327057
1999/2/5 0:00,0.58925,0.4464768171310425
1999/2/6 0:00,0.5796,0.44663530588150024
1999/2/7 0:00,0.5832,0.4465474784374237
1999/2/8 0:00,0.5805,0.4464462101459503
1999/2/9 0:00,0.5727,0.4464266300201416
1999/2/10 0:00,0.5746,0.4463963806629181
1999/2/11 0:00,0.57445,0.44644084572792053
1999/2/12 0:00,0.58185,0.44642776250839233
1999/2/13 0:00,0.5865,0.4464160203933716
1999/2/14 0:00,0.5883,0.4465097188949585
1999/2/15 0:00,0.5872,0.4464554190635681
1999/2/16 0:00,0.5882,0.44648870825767517
1999/2/17 0:00,0.5828,0.4465881586074829
1999/2/18 0:00,0.583,0.4464346766471863
1999/2/19 0:00,0.5864,0.446503609418869
1999/2/20 0:00,0.5835,0.4465557336807251
1999/2/21 0:00,0.5833,0.4463578164577484
1999/2/22 0:00,0.5789,0.44645926356315613
1999/2/23 0:00,0.58035,0.4464859366416931
1999/2/24 0:00,0.5823,0.44648921489715576
1999/2/25 0:00,0.5872,0.4464338719844818
1999/2/26 0:00,0.5891,0.44646525382995605
1999/2/27 0:00,0.5869,0.4463895559310913
1999/2/28 0:00,0.5898,0.4464629590511322
1999/3/1 0:00,0.5856,0.44649580121040344
1999/3/2 0:00,0.58435,0.4465399980545044
1999/3/3 0:00,0.5895,0.44636261463165283
1999/3/4 0:00,0.58535,0.44651123881340027
1999/3/5 0:00,0.5864,0.4464881718158722
1999/3/6 0:00,0.566,0.44654038548469543
1999/3/7 0:00,0.572,0.4464375376701355
1999/3/8 0:00,0.5782,0.44632214307785034
1999/3/9 0:00,0.5782,0.4463309347629547
1999/3/10 0:00,0.5742,0.4464925527572632
1999/3/11 0:00,0.5654,0.4463844299316406
1999/3/12 0:00,0.5688,0.44638338685035706
1999/3/13 0:00,0.5741,0.44648778438568115
1999/3/14 0:00,0.5766,0.4464471638202667
1999/3/15 0:00,0.58225,0.4464101791381836
1999/3/16 0:00,0.5858,0.446492999792099
1999/3/17 0:00,0.58395,0.44638311862945557
1999/3/18 0:00,0.59805,0.4464017450809479
1999/3/19 0:00,0.5962,0.44636300206184387
1999/3/20 0:00,0.5887,0.44641992449760437
1999/3/21 0:00,0.5914,0.4465014934539795
1999/3/22 0:00,0.59695,0.44634687900543213
1999/3/23 0:00,0.59815,0.4464116096496582
1999/3/24 0:00,0.59725,0.4464627206325531
1999/3/25 0:00,0.6009,0.44645312428474426
1999/3/26 0:00,0.60005,0.4464193880558014
1999/3/27 0:00,0.59705,0.44648879766464233
1999/3/28 0:00,0.59615,0.44646579027175903
1999/3/29 0:00,0.594,0.44631561636924744
1999/3/30 0:00,0.59635,0.446384459733963
1999/3/31 0:00,0.59575,0.4463702440261841
1999/4/1 0:00,0.5973,0.446392297744751
1999/4/2 0:00,0.6037,0.44651034474372864
1999/4/3 0:00,0.6087,0.44646772742271423
1999/4/4 0:00,0.6102,0.4464600682258606
1999/4/5 0:00,0.61205,0.446431428194046
1999/4/6 0:00,0.61025,0.44634538888931274
1999/4/7 0:00,0.61305,0.44625943899154663
1999/4/8 0:00,0.61295,0.44631296396255493
1999/4/9 0:00,0.6128,0.44635307788848877
1999/4/10 0:00,0.6093,0.44649940729141235
1999/4/11 0:00,0.6128,0.4464196562767029
1999/4/12 0:00,0.61545,0.4463540017604828
1999/4/13 0:00,0.61265,0.4464622437953949
1999/4/14 0:00,0.61775,0.4464198350906372
1999/4/15 0:00,0.6218,0.4464133083820343
1999/4/16 0:00,0.6263,0.44657304883003235
1999/4/17 0:00,0.62655,0.4465712904930115
1999/4/18 0:00,0.6299,0.4465641975402832
1999/4/19 0:00,0.63,0.4465261399745941
1999/4/20 0:00,0.6298,0.4464941918849945
1999/4/21 0:00,0.63435,0.44647663831710815
1999/4/22 0:00,0.63905,0.4465278387069702
1999/4/23 0:00,0.6397,0.4465830624103546
1999/4/24 0:00,0.6407,0.4464109241962433
1999/4/25 0:00,0.6374,0.44637900590896606
1999/4/26 0:00,0.6396,0.44636377692222595
1999/4/27 0:00,0.641,0.44635653495788574
1999/4/28 0:00,0.6401,0.44633498787879944
1999/4/29 0:00,0.64415,0.4463934302330017
1999/4/30 0:00,0.64615,0.44651350378990173
1999/5/1 0:00,0.6445,0.44648492336273193
1999/5/2 0:00,0.64555,0.4465436339378357
1999/5/3 0:00,0.64745,0.44644567370414734
1999/5/4 0:00,0.64705,0.44632554054260254
1999/5/5 0:00,0.64815,0.4464133679866791
1999/5/6 0:00,0.64405,0.446544349193573
1999/5/7 0:00,0.6492,0.4463115632534027
1999/5/8 0:00,0.6479,0.4463580846786499
1999/5/9 0:00,0.65155,0.4465407133102417
1999/5/10 0:00,0.648,0.44630590081214905
1999/5/11 0:00,0.64635,0.44641315937042236
1999/5/12 0:00,0.6438,0.4463687539100647
1999/5/13 0:00,0.64195,0.4463668167591095
1999/5/14 0:00,0.63995,0.44641080498695374
1999/5/15 0:00,0.65005,0.4463912844657898
1999/5/16 0:00,0.6551,0.44633644819259644
1999/5/17 0:00,0.6622,0.4463869035243988
1999/5/18 0:00,0.67105,0.44638749957084656
1999/5/19 0:00,0.67425,0.4463145136833191
1999/5/20 0:00,0.67085,0.44639599323272705
1999/5/21 0:00,0.68295,0.4464207887649536
1999/5/22 0:00,0.6841,0.44644200801849365
1999/5/23 0:00,0.6821,0.4464113712310791
1999/5/24 0:00,0.6761,0.4463532269001007
1999/5/25 0:00,0.67075,0.4462974965572357
1999/5/26 0:00,0.6591,0.44639331102371216
1999/5/27 0:00,0.6656,0.44630250334739685
1999/5/28 0:00,0.67265,0.44634386897087097
1999/5/29 0:00,0.67735,0.44630786776542664
1999/5/30 0:00,0.67505,0.4463459253311157
1999/5/31 0:00,0.6782,0.44627925753593445
1999/6/1 0:00,0.67555,0.44629523158073425
1999/6/2 0:00,0.66955,0.4463843107223511
1999/6/3 0:00,0.6727,0.4463029205799103
1999/6/4 0:00,0.6838,0.44632795453071594
1999/6/5 0:00,0.68665,0.4462823271751404
1999/6/6 0:00,0.68945,0.4463183879852295
1999/6/7 0:00,0.69955,0.4463466703891754
1999/6/8 0:00,0.7006,0.4463924169540405
1999/6/9 0:00,0.69945,0.4463459849357605
1999/6/10 0:00,0.70145,0.4464084208011627
1999/6/11 0:00,0.70625,0.4463517367839813
1999/6/12 0:00,0.70955,0.4463920593261719
1999/6/13 0:00,0.7,0.446321964263916
1999/6/14 0:00,0.70035,0.4464067220687866
1999/6/15 0:00,0.68105,0.4463442265987396
1999/6/16 0:00,0.692,0.44628268480300903
1999/6/17 0:00,0.68775,0.44626402854919434
1999/6/18 0:00,0.68735,0.4463139474391937
1999/6/19 0:00,0.68635,0.44637152552604675
1999/6/20 0:00,0.69065,0.4463370442390442
1999/6/21 0:00,0.681,0.4462834894657135
1999/6/22 0:00,0.6707,0.44633930921554565
1999/6/23 0:00,0.6676,0.44635772705078125
1999/6/24 0:00,0.67555,0.4463408887386322
1999/6/25 0:00,0.6779,0.44638004899024963
1999/6/26 0:00,0.6765,0.4463132619857788
1999/6/27 0:00,0.64835,0.4463503956794739
1999/6/28 0:00,0.64265,0.44634512066841125
1999/6/29 0:00,0.6461,0.44623303413391113
1999/6/30 0:00,0.65055,0.44629380106925964
1999/7/1 0:00,0.64965,0.44635722041130066
1999/7/2 0:00,0.6601,0.4463251233100891
1999/7/3 0:00,0.65505,0.4463012218475342
1999/7/4 0:00,0.6631,0.44626522064208984
1999/7/5 0:00,0.65395,0.44624799489974976
1999/7/6 0:00,0.645,0.44629234075546265
1999/7/7 0:00,0.6553,0.44631433486938477
1999/7/8 0:00,0.65705,0.44636157155036926
1999/7/9 0:00,0.65705,0.44622477889060974
1999/7/10 0:00,0.6691,0.44624531269073486
1999/7/11 0:00,0.6558,0.4462870657444
1999/7/12 0:00,0.65015,0.44634386897087097
1999/7/13 0:00,0.657,0.44625094532966614
1999/7/14 0:00,0.66395,0.44621288776397705
1999/7/15 0:00,0.64965,0.44622448086738586
1999/7/16 0:00,0.63565,0.4462687373161316
1999/7/17 0:00,0.63785,0.44626733660697937
1999/7/18 0:00,0.64095,0.4462800621986389
1999/7/19 0:00,0.6438,0.4463203251361847
1999/7/20 0:00,0.6291,0.44623231887817383
1999/7/21 0:00,0.6215,0.4461953639984131
1999/7/22 0:00,0.6283,0.44624489545822144
1999/7/23 0:00,0.63135,0.4462257921695709
1999/7/24 0:00,0.62565,0.4462740123271942
1999/7/25 0:00,0.6247,0.44622132182121277
1999/7/26 0:00,0.6332,0.4462440609931946
1999/7/27 0:00,0.63675,0.44626384973526
1999/7/28 0:00,0.6299,0.446207195520401
1999/7/29 0:00,0.62675,0.44617030024528503
1999/7/30 0:00,0.6055,0.44623175263404846
1999/7/31 0:00,0.60655,0.44626927375793457
1999/8/1 0:00,0.6132,0.4461999833583832
1999/8/2 0:00,0.59835,0.4462420344352722
1999/8/3 0:00,0.60455,0.4462430775165558
1999/8/4 0:00,0.599,0.44622859358787537
1999/8/5 0:00,0.59955,0.44617828726768494
1999/8/6 0:00,0.60725,0.4462134540081024
1999/8/7 0:00,0.60955,0.44624221324920654
1999/8/8 0:00,0.6079,0.44622328877449036
1999/8/9 0:00,0.6171,0.4462205767631531
1999/8/10 0:00,0.62145,0.44620266556739807
1999/8/11 0:00,0.63065,0.4462243914604187
1999/8/12 0:00,0.6339,0.4461279511451721
1999/8/13 0:00,0.62665,0.446169376373291
1999/8/14 0:00,0.61695,0.44615113735198975
1999/8/15 0:00,0.62495,0.44612810015678406
1999/8/16 0:00,0.6322,0.44623425602912903
1999/8/17 0:00,0.628,0.4461815059185028
1999/8/18 0:00,0.6198,0.4461894631385803
1999/8/19 0:00,0.63415,0.4461926817893982
1999/8/20 0:00,0.6245,0.44620174169540405
1999/8/21 0:00,0.6378,0.44612911343574524
1999/8/22 0:00,0.62935,0.4462370276451111
1999/8/23 0:00,0.6223,0.44622907042503357
1999/8/24 0:00,0.62765,0.44621971249580383
1999/8/25 0:00,0.62935,0.4462003707885742
1999/8/26 0:00,0.62775,0.44617700576782227
1999/8/27 0:00,0.62445,0.44611939787864685
1999/8/28 0:00,0.63515,0.446125328540802
1999/8/29 0:00,0.63605,0.44622668623924255
1999/8/30 0:00,0.64135,0.4461408853530884
1999/8/31 0:00,0.6306,0.4460980296134949
1999/9/1 0:00,0.63595,0.4460431635379791
1999/9/2 0:00,0.6407,0.4461216628551483
1999/9/3 0:00,0.6473,0.4460885226726532
1999/9/4 0:00,0.6474,0.44608044624328613
1999/9/5 0:00,0.64955,0.4460894763469696
1999/9/6 0:00,0.6558,0.44613951444625854
1999/9/7 0:00,0.65605,0.44615232944488525
1999/9/8 0:00,0.65715,0.44606590270996094
1999/9/9 0:00,0.66075,0.44605526328086853
1999/9/10 0:00,0.65845,0.4461384415626526
1999/9/11 0:00,0.6528,0.44613316655158997
1999/9/12 0:00,0.65085,0.4460705518722534
1999/9/13 0:00,0.6592,0.44605913758277893
1999/9/14 0:00,0.656,0.44611331820487976
1999/9/15 0:00,0.65245,0.4460139572620392
1999/9/16 0:00,0.64015,0.44607070088386536
1999/9/17 0:00,0.6408,0.4460619390010834
1999/9/18 0:00,0.63535,0.4460761845111847
1999/9/19 0:00,0.6359,0.4460965692996979
1999/9/20 0:00,0.628,0.4460448920726776
1999/9/21 0:00,0.62915,0.4460422396659851
1999/9/22 0:00,0.63345,0.4461183249950409
1999/9/23 0:00,0.6367,0.4460773169994354
1999/9/24 0:00,0.63905,0.4459763765335083
1999/9/25 0:00,0.63905,0.44604018330574036
1999/9/26 0:00,0.6431,0.446042001247406
1999/9/27 0:00,0.64535,0.4460832178592682
1999/9/28 0:00,0.6433,0.44601643085479736
1999/9/29 0:00,0.65315,0.44598785042762756
1999/9/30 0:00,0.65275,0.4459695816040039
1999/10/1 0:00,0.65145,0.44607359170913696
1999/10/2 0:00,0.6548,0.4459795355796814
1999/10/3 0:00,0.65725,0.44600212574005127
1999/10/4 0:00,0.66515,0.4459572732448578
1999/10/5 0:00,0.66485,0.4460028111934662
1999/10/6 0:00,0.66375,0.44594717025756836
1999/10/7 0:00,0.6634,0.4459652900695801
1999/10/8 0:00,0.6718,0.4459988474845886
1999/10/9 0:00,0.673,0.4459614157676697
1999/10/10 0:00,0.6626,0.44597968459129333
1999/10/11 0:00,0.64725,0.4459548592567444
1999/10/12 0:00,0.6503,0.4459749758243561
1999/10/13 0:00,0.6515,0.4459797739982605
1999/10/14 0:00,0.64965,0.4460331201553345
1999/10/15 0:00,0.64965,0.44603684544563293
1999/10/16 0:00,0.65555,0.4460333287715912
1999/10/17 0:00,0.65335,0.4459836184978485
1999/10/18 0:00,0.64675,0.4459526240825653
1999/10/19 0:00,0.64685,0.4459551274776459
1999/10/20 0:00,0.64825,0.4459882080554962
1999/10/21 0:00,0.64605,0.44594618678092957
1999/10/22 0:00,0.646049,0.4459115266799927
1999/10/23 0:00,0.65305,0.4458927512168884
1999/10/24 0:00,0.6562,0.44592681527137756
1999/10/25 0:00,0.65965,0.445966899394989
1999/10/26 0:00,0.66145,0.4459035396575928
1999/10/27 0:00,0.65725,0.44585752487182617
1999/10/28 0:00,0.66015,0.4459340572357178
1999/10/29 0:00,0.65995,0.4459487497806549
1999/10/30 0:00,0.733665,0.4459336996078491
1999/10/31 0:00,0.66395,0.4459712505340576
1999/11/1 0:00,0.66205,0.4459083378314972
1999/11/2 0:00,0.66645,0.4459441006183624
1999/11/3 0:00,0.66605,0.44594699144363403
1999/11/4 0:00,0.66635,0.4458400309085846
1999/11/5 0:00,0.67015,0.44592058658599854
1999/11/6 0:00,0.66975,0.4459449052810669
1999/11/7 0:00,0.670151,0.44591864943504333
1999/11/8 0:00,0.669748,0.445968359708786
1999/11/9 0:00,0.671001,0.4458853006362915
1999/11/10 0:00,0.6735,0.44587811827659607
1999/11/11 0:00,0.673491,0.44589272141456604
1999/11/12 0:00,0.67735,0.44589197635650635
1999/11/13 0:00,0.6822,0.4459100365638733
1999/11/14 0:00,0.6779,0.4458407163619995
1999/11/15 0:00,0.6764,0.4458483159542084
1999/11/16 0:00,0.68065,0.4458748698234558
1999/11/17 0:00,0.68635,0.44591856002807617
1999/11/18 0:00,0.68505,0.4458768963813782
1999/11/19 0:00,0.68505,0.44583284854888916
1999/11/20 0:00,0.6913,0.4458276927471161
1999/11/21 0:00,0.6925,0.44586536288261414
1999/11/22 0:00,0.69705,0.4458308517932892
1999/11/23 0:00,0.7005,0.445821076631546
1999/11/24 0:00,0.6969,0.4458973705768585
1999/11/25 0:00,0.68635,0.4458227753639221
1999/11/26 0:00,0.6828,0.44581443071365356
1999/11/27 0:00,0.6838,0.44583216309547424
1999/11/28 0:00,0.68645,0.4458099603652954
1999/11/29 0:00,0.6839,0.4458039700984955
1999/11/30 0:00,0.6859,0.44582605361938477
1999/12/1 0:00,0.6908,0.445842981338501
1999/12/2 0:00,0.69065,0.44584423303604126
1999/12/3 0:00,0.69385,0.44579094648361206
1999/12/4 0:00,0.69135,0.4457565248012543
1999/12/5 0:00,0.6882,0.44581663608551025
1999/12/6 0:00,0.68455,0.4458342492580414
1999/12/7 0:00,0.6875,0.4457610249519348
1999/12/8 0:00,0.69395,0.4457993507385254
1999/12/9 0:00,0.69745,0.4457892179489136
1999/12/10 0:00,0.70095,0.44584032893180847
1999/12/11 0:00,0.70835,0.4457704722881317
1999/12/12 0:00,0.70275,0.4457801580429077
1999/12/13 0:00,0.71055,0.4458059072494507
1999/12/14 0:00,0.7094,0.44579264521598816
1999/12/15 0:00,0.70965,0.4457658529281616
1999/12/16 0:00,0.709673,0.4457535445690155
1999/12/17 0:00,0.71765,0.4457562565803528
1999/12/18 0:00,0.71675,0.4457109570503235
1999/12/19 0:00,0.7136,0.445705384016037
1999/12/20 0:00,0.71855,0.44572505354881287
1999/12/21 0:00,0.71745,0.445687860250473
1999/12/22 0:00,0.71595,0.44576114416122437
1999/12/23 0:00,0.721,0.4457557499408722
1999/12/24 0:00,0.72345,0.44575366377830505
1999/12/25 0:00,0.7184,0.4457387328147888
1999/12/26 0:00,0.7152,0.4457804262638092
1999/12/27 0:00,0.70985,0.4457004964351654
1999/12/28 0:00,0.70185,0.4457835257053375
1999/12/29 0:00,0.7096,0.44574570655822754
1999/12/30 0:00,0.70915,0.4457341134548187
1999/12/31 0:00,0.7163,0.44572243094444275
2000/1/1 0:00,0.70975,0.445720374584198
2000/1/2 0:00,0.71535,0.4456864893436432
2000/1/3 0:00,0.715359,0.44569462537765503
2000/1/4 0:00,0.71045,0.4457467496395111
2000/1/5 0:00,0.71195,0.44569626450538635
2000/1/6 0:00,0.7134,0.4456541836261749
2000/1/7 0:00,0.71955,0.4455983340740204
2000/1/8 0:00,0.71355,0.4456133246421814
2000/1/9 0:00,0.713552,0.4456619918346405
2000/1/10 0:00,0.7142,0.44563722610473633
2000/1/11 0:00,0.7021,0.4456358850002289
2000/1/12 0:00,0.70075,0.4456680417060852
2000/1/13 0:00,0.698,0.4456740617752075
2000/1/14 0:00,0.7041,0.4456164240837097
2000/1/15 0:00,0.6943,0.4456027150154114
2000/1/16 0:00,0.6943,0.4456574022769928
2000/1/17 0:00,0.6955,0.4456595182418823
2000/1/18 0:00,0.69905,0.4455898106098175
2000/1/19 0:00,0.70385,0.44563496112823486
2000/1/20 0:00,0.70575,0.445660263299942
2000/1/21 0:00,0.699,0.4455842971801758
2000/1/22 0:00,0.69935,0.445611834526062
2000/1/23 0:00,0.6993,0.44563692808151245
2000/1/24 0:00,0.6992,0.4456309974193573
2000/1/25 0:00,0.6953,0.44570833444595337
2000/1/26 0:00,0.70365,0.4456205666065216
2000/1/27 0:00,0.70235,0.4455993175506592
2000/1/28 0:00,0.71465,0.4456857442855835
2000/1/29 0:00,0.71465,0.445648729801178
2000/1/30 0:00,0.7143,0.4455362856388092
2000/1/31 0:00,0.71325,0.44560664892196655
2000/2/1 0:00,0.71735,0.4456050395965576
2000/2/2 0:00,0.71365,0.445618212223053
2000/2/3 0:00,0.7125,0.44560497999191284
2000/2/4 0:00,0.7125,0.44558924436569214
2000/2/5 0:00,0.71025,0.4455470144748688
2000/2/6 0:00,0.70945,0.44561052322387695
2000/2/7 0:00,0.71255,0.4455392360687256
2000/2/8 0:00,0.71115,0.4455609619617462
2000/2/9 0:00,0.7104,0.4454745650291443
2000/2/10 0:00,0.7123,0.44555822014808655
2000/2/11 0:00,0.7047,0.4455203115940094
2000/2/12 0:00,0.69915,0.44552525877952576
2000/2/13 0:00,0.6993,0.4455418288707733
2000/2/14 0:00,0.7054,0.4455184042453766
2000/2/15 0:00,0.71295,0.44548743963241577
2000/2/16 0:00,0.7128,0.44547712802886963
2000/2/17 0:00,0.7128,0.44548818469047546
2000/2/18 0:00,0.71735,0.4455025792121887
2000/2/19 0:00,0.71605,0.44555607438087463
2000/2/20 0:00,0.71325,0.44553399085998535
2000/2/21 0:00,0.7161,0.4455183744430542
2000/2/22 0:00,0.72355,0.44549864530563354
2000/2/23 0:00,0.7251,0.44547802209854126
2000/2/24 0:00,0.728,0.4454694390296936
2000/2/25 0:00,0.72725,0.4454679787158966
2000/2/26 0:00,0.72355,0.4454559087753296
2000/2/27 0:00,0.7194,0.4454241991043091
2000/2/28 0:00,0.7223,0.44542115926742554
2000/2/29 0:00,0.7223,0.44541794061660767
2000/3/1 0:00,0.72965,0.4454863369464874
2000/3/2 0:00,0.7239,0.4454115927219391
2000/3/3 0:00,0.7249,0.4453682601451874
2000/3/4 0:00,0.72685,0.4453987777233124
2000/3/5 0:00,0.73105,0.4454309642314911
2000/3/6 0:00,0.7328,0.44541454315185547
2000/3/7 0:00,0.7328,0.445441335439682
2000/3/8 0:00,0.73455,0.44540512561798096
2000/3/9 0:00,0.73875,0.445437490940094
2000/3/10 0:00,0.73335,0.44544607400894165
2000/3/11 0:00,0.73805,0.44533419609069824
2000/3/12 0:00,0.7378,0.4454006254673004
2000/3/13 0:00,0.741,0.44542476534843445
2000/3/14 0:00,0.73975,0.445431113243103
2000/3/15 0:00,0.73855,0.44544026255607605
2000/3/16 0:00,0.74165,0.445374995470047
2000/3/17 0:00,0.7444,0.445382684469223
2000/3/18 0:00,0.74235,0.44534724950790405
2000/3/19 0:00,0.7404,0.44536808133125305
2000/3/20 0:00,0.7449,0.4453820288181305
2000/3/21 0:00,0.7449,0.4453100264072418
2000/3/22 0:00,0.7384,0.44530874490737915
2000/3/23 0:00,0.73895,0.44533443450927734
2000/3/24 0:00,0.72175,0.4453725218772888
2000/3/25 0:00,0.7154,0.44534119963645935
2000/3/26 0:00,0.71325,0.4453253149986267
2000/3/27 0:00,0.7141,0.4453096091747284
2000/3/28 0:00,0.7141,0.44535279273986816
2000/3/29 0:00,0.7087,0.4453146159648895
2000/3/30 0:00,0.71125,0.4452846348285675
2000/3/31 0:00,0.70975,0.4453747570514679
2000/4/1 0:00,0.7134,0.44528278708457947
2000/4/2 0:00,0.71,0.4453202486038208
2000/4/3 0:00,0.7082,0.44529229402542114
2000/4/4 0:00,0.711,0.44526374340057373
2000/4/5 0:00,0.705,0.44529712200164795
2000/4/6 0:00,0.70845,0.44531556963920593
2000/4/7 0:00,0.71125,0.44531184434890747
2000/4/8 0:00,0.71545,0.4453023076057434
2000/4/9 0:00,0.7144,0.4452683627605438
2000/4/10 0:00,0.7165,0.4451987147331238
2000/4/11 0:00,0.7165,0.4452592730522156
2000/4/12 0:00,0.7199,0.4452926814556122
2000/4/13 0:00,0.71825,0.7194386720657349
2000/4/14 0:00,0.7263,0.718665361404419
2000/4/15 0:00,0.7217,0.7192796468734741
2000/4/16 0:00,0.7176,0.7201625108718872
2000/4/17 0:00,0.7161,0.7194058895111084
2000/4/18 0:00,0.7161,0.7194067239761353
2000/4/19 0:00,0.7147,0.720433235168457
2000/4/20 0:00,0.72055,0.7190812826156616
2000/4/21 0:00,0.7272,0.719487190246582
2000/4/22 0:00,0.7288,0.7190377116203308
2000/4/23 0:00,0.7328,0.7191736698150635
2000/4/24 0:00,0.73115,0.7200633883476257
2000/4/25 0:00,0.73115,0.7208972573280334
2000/4/26 0:00,0.7285,0.7197864651679993
2000/4/27 0:00,0.7228,0.7213037014007568
2000/4/28 0:00,0.72275,0.7201895713806152
2000/4/29 0:00,0.7285,0.7217388153076172
2000/4/30 0:00,0.73245,0.72087562084198
2000/5/1 0:00,0.7325,0.7206152677536011
2000/5/2 0:00,0.7325,0.7218961119651794
2000/5/3 0:00,0.7285,0.7218557596206665
2000/5/4 0:00,0.72635,0.7226371169090271
2000/5/5 0:00,0.73245,0.7223511934280396
2000/5/6 0:00,0.7351,0.7228250503540039
2000/5/7 0:00,0.73285,0.7230424880981445
2000/5/8 0:00,0.7328,0.722163736820221
2000/5/9 0:00,0.7322,0.7221900820732117
2000/5/10 0:00,0.7301,0.7224439382553101
2000/5/11 0:00,0.73075,0.7229446768760681
2000/5/12 0:00,0.73115,0.722184419631958
2000/5/13 0:00,0.7196,0.7224401235580444
2000/5/14 0:00,0.71305,0.7220268249511719
2000/5/15 0:00,0.7123,0.7219343185424805
2000/5/16 0:00,0.71285,0.7230445146560669
2000/5/17 0:00,0.70775,0.7227962613105774
2000/5/18 0:00,0.70895,0.722550094127655
2000/5/19 0:00,0.71045,0.7230987548828125
2000/5/20 0:00,0.71165,0.7222869396209717
2000/5/21 0:00,0.70735,0.7227262258529663
2000/5/22 0:00,0.7081,0.7225741147994995
2000/5/23 0:00,0.7094,0.7216384410858154
2000/5/24 0:00,0.70935,0.7226537466049194
2000/5/25 0:00,0.71315,0.7229191064834595
2000/5/26 0:00,0.71415,0.7218655943870544
2000/5/27 0:00,0.7117,0.7237842679023743
2000/5/28 0:00,0.7137,0.7230252027511597
2000/5/29 0:00,0.71505,0.7234688997268677
2000/5/30 0:00,0.71505,0.7240155339241028
2000/5/31 0:00,0.7123,0.7237794995307922
2000/6/1 0:00,0.7059,0.7234518527984619
2000/6/2 0:00,0.7013,0.723822295665741
2000/6/3 0:00,0.70135,0.7236757278442383
2000/6/4 0:00,0.70245,0.7248134613037109
2000/6/5 0:00,0.6997,0.7247661352157593
2000/6/6 0:00,0.6997,0.7240124940872192
2000/6/7 0:00,0.70875,0.7248364686965942
2000/6/8 0:00,0.71385,0.7241390943527222
2000/6/9 0:00,0.7161,0.7247060537338257
2000/6/10 0:00,0.71215,0.723946750164032
2000/6/11 0:00,0.70705,0.7244312167167664
2000/6/12 0:00,0.7095,0.7244440317153931
2000/6/13 0:00,0.7043,0.7239391803741455
2000/6/14 0:00,0.70935,0.7248748540878296
2000/6/15 0:00,0.71075,0.724648118019104
2000/6/16 0:00,0.71555,0.7246082425117493
2000/6/17 0:00,0.7163,0.7256544828414917
2000/6/18 0:00,0.7173,0.7244526147842407
2000/6/19 0:00,0.7153,0.724628746509552
2000/6/20 0:00,0.71435,0.7261202335357666
2000/6/21 0:00,0.71545,0.7255913019180298
2000/6/22 0:00,0.71635,0.7254910469055176
2000/6/23 0:00,0.7074,0.7256872057914734
2000/6/24 0:00,0.70435,0.7262033820152283
2000/6/25 0:00,0.70595,0.726367175579071
2000/6/26 0:00,0.7079,0.7246074080467224
2000/6/27 0:00,0.70145,0.7254080772399902
2000/6/28 0:00,0.6992,0.7258833646774292
2000/6/29 0:00,0.69195,0.7255005240440369
2000/6/30 0:00,0.6843,0.7253398299217224
2000/7/1 0:00,0.6835,0.7253519892692566
2000/7/2 0:00,0.68315,0.7252802848815918
2000/7/3 0:00,0.68,0.7246230840682983
2000/7/4 0:00,0.67535,0.7238960266113281
2000/7/5 0:00,0.67635,0.7246690988540649
2000/7/6 0:00,0.6733,0.7251038551330566
2000/7/7 0:00,0.6735,0.7252023220062256
2000/7/8 0:00,0.6735,0.7248762845993042
2000/7/9 0:00,0.6851,0.724056601524353
2000/7/10 0:00,0.679306,0.7251304388046265
2000/7/11 0:00,0.67685,0.7247720956802368
2000/7/12 0:00,0.67435,0.7240304946899414
2000/7/13 0:00,0.67315,0.7237151265144348
2000/7/14 0:00,0.67725,0.7243649959564209
2000/7/15 0:00,0.6739,0.7246978282928467
2000/7/16 0:00,0.67405,0.72517991065979
2000/7/17 0:00,0.6844,0.7233968377113342
2000/7/18 0:00,0.68725,0.7235907316207886
2000/7/19 0:00,0.6864,0.7247844934463501
2000/7/20 0:00,0.6864,0.7248495817184448
2000/7/21 0:00,0.68305,0.7253594398498535
2000/7/22 0:00,0.6829,0.7255762219429016
2000/7/23 0:00,0.67935,0.7256448864936829
2000/7/24 0:00,0.68085,0.7251413464546204
2000/7/25 0:00,0.6831,0.725438117980957
2000/7/26 0:00,0.6803,0.7251681685447693
2000/7/27 0:00,0.68395,0.7256722450256348
2000/7/28 0:00,0.6879,0.7248915433883667
2000/7/29 0:00,0.69145,0.7252523899078369
2000/7/30 0:00,0.69165,0.7251896262168884
2000/7/31 0:00,0.68975,0.7254665493965149
2000/8/1 0:00,0.69295,0.7255405783653259
2000/8/2 0:00,0.6914,0.726373553276062
2000/8/3 0:00,0.69505,0.7257357835769653
2000/8/4 0:00,0.7047,0.7278228998184204
2000/8/5 0:00,0.70675,0.7262551784515381
2000/8/6 0:00,0.70825,0.7261982560157776
2000/8/7 0:00,0.7076,0.7264370918273926
2000/8/8 0:00,0.7057,0.7273722887039185
2000/8/9 0:00,0.70365,0.727124810218811
2000/8/10 0:00,0.70085,0.7267261743545532
2000/8/11 0:00,0.69645,0.7270998358726501
2000/8/12 0:00,0.6966,0.7272571325302124
2000/8/13 0:00,0.69635,0.7261935472488403
2000/8/14 0:00,0.69605,0.7272717952728271
2000/8/15 0:00,0.69895,0.7266170978546143
2000/8/16 0:00,0.69715,0.7268037796020508
2000/8/17 0:00,0.6951,0.7263734936714172
2000/8/18 0:00,0.6951,0.7260633111000061
2000/8/19 0:00,0.69465,0.7267340421676636
2000/8/20 0:00,0.68785,0.7261027097702026
2000/8/21 0:00,0.69205,0.726219654083252
2000/8/22 0:00,0.70425,0.7267100811004639
2000/8/23 0:00,0.7062,0.7259626388549805
2000/8/24 0:00,0.71025,0.7265235185623169
2000/8/25 0:00,0.70755,0.7268775701522827
2000/8/26 0:00,0.70575,0.7255992889404297
2000/8/27 0:00,0.70435,0.7263894081115723
2000/8/28 0:00,0.7078,0.7267755270004272
2000/8/29 0:00,0.7077,0.7263294458389282
2000/8/30 0:00,0.70785,0.7271317839622498
2000/8/31 0:00,0.70465,0.727295994758606
2000/9/1 0:00,0.70275,0.7267929315567017
2000/9/2 0:00,0.70925,0.7270488142967224
2000/9/3 0:00,0.7055,0.7269231081008911
2000/9/4 0:00,0.70375,0.7273951172828674
2000/9/5 0:00,0.7046,0.7271897792816162
2000/9/6 0:00,0.7006,0.7269436717033386
2000/9/7 0:00,0.70175,0.7266183495521545
2000/9/8 0:00,0.7014,0.7272074222564697
2000/9/9 0:00,0.69965,0.7271533012390137
2000/9/10 0:00,0.69405,0.7275360226631165
2000/9/11 0:00,0.68705,0.7272311449050903
2000/9/12 0:00,0.68655,0.7272167205810547
2000/9/13 0:00,0.68425,0.7275394201278687
2000/9/14 0:00,0.6787,0.7266316413879395
2000/9/15 0:00,0.6841,0.727203905582428
2000/9/16 0:00,0.69075,0.7269735336303711
2000/9/17 0:00,0.69125,0.727601170539856
2000/9/18 0:00,0.6911,0.7277019619941711
2000/9/19 0:00,0.691099,0.7277888059616089
2000/9/20 0:00,0.69465,0.7276723384857178
2000/9/21 0:00,0.69295,0.7284502983093262
2000/9/22 0:00,0.6968,0.7285736799240112
2000/9/23 0:00,0.696,0.7271530628204346
2000/9/24 0:00,0.69565,0.728095293045044
2000/9/25 0:00,0.6956,0.7276923656463623
2000/9/26 0:00,0.6973,0.7278394103050232
2000/9/27 0:00,0.6919,0.7279556393623352
2000/9/28 0:00,0.69605,0.7283385992050171
2000/9/29 0:00,0.68985,0.7282611727714539
2000/9/30 0:00,0.69495,0.727480411529541
2000/10/1 0:00,0.69665,0.7271775007247925
2000/10/2 0:00,0.69665,0.7279238700866699
2000/10/3 0:00,0.6974,0.727385401725769
2000/10/4 0:00,0.6951,0.7273426651954651
2000/10/5 0:00,0.69795,0.7280615568161011
2000/10/6 0:00,0.7007,0.7275065779685974
2000/10/7 0:00,0.7001,0.7272834777832031
2000/10/8 0:00,0.7002,0.7278107404708862
2000/10/9 0:00,0.69965,0.7276662588119507
2000/10/10 0:00,0.7018,0.7283856868743896
2000/10/11 0:00,0.70455,0.7278732657432556
2000/10/12 0:00,0.70295,0.7279789447784424
2000/10/13 0:00,0.70665,0.7275123596191406
2000/10/14 0:00,0.70465,0.7277899384498596
2000/10/15 0:00,0.7037,0.7281410694122314
2000/10/16 0:00,0.70345,0.7280458807945251
2000/10/17 0:00,0.70065,0.7277722358703613
2000/10/18 0:00,0.698,0.727730393409729
2000/10/19 0:00,0.69175,0.7284461259841919
2000/10/20 0:00,0.69145,0.7283062934875488
2000/10/21 0:00,0.68515,0.7279905676841736
2000/10/22 0:00,0.68345,0.7279679775238037
2000/10/23 0:00,0.68315,0.728123128414154
2000/10/24 0:00,0.6787,0.7279579043388367
2000/10/25 0:00,0.68145,0.727246880531311
2000/10/26 0:00,0.6832,0.728176474571228
2000/10/27 0:00,0.68785,0.7286279797554016
2000/10/28 0:00,0.687,0.7285276651382446
2000/10/29 0:00,0.68695,0.7282953262329102
2000/10/30 0:00,0.68605,0.728611409664154
2000/10/31 0:00,0.68065,0.7288246750831604
2000/11/1 0:00,0.68435,0.7282569408416748
2000/11/2 0:00,0.68505,0.727977991104126
2000/11/3 0:00,0.68725,0.7283340692520142
2000/11/4 0:00,0.6873,0.7285259366035461
2000/11/5 0:00,0.68835,0.7281728982925415
2000/11/6 0:00,0.68965,0.7277154326438904
2000/11/7 0:00,0.69125,0.7280612587928772
2000/11/8 0:00,0.69465,0.7280119061470032
2000/11/9 0:00,0.6945,0.7279527187347412
2000/11/10 0:00,0.69715,0.7275249361991882
2000/11/11 0:00,0.69705,0.7279340624809265
2000/11/12 0:00,0.69665,0.7281628847122192
2000/11/13 0:00,0.70395,0.7278376817703247
2000/11/14 0:00,0.7005,0.7278532981872559
2000/11/15 0:00,0.70435,0.7278465032577515
2000/11/16 0:00,0.70525,0.7281054258346558
2000/11/17 0:00,0.71275,0.7271063327789307
2000/11/18 0:00,0.71275,0.7278110980987549
2000/11/19 0:00,0.71375,0.7278469204902649
2000/11/20 0:00,0.7179,0.7279685139656067
2000/11/21 0:00,0.71475,0.72777259349823
2000/11/22 0:00,0.7034,0.7271917462348938
2000/11/23 0:00,0.7006,0.7275473475456238
2000/11/24 0:00,0.7025,0.7276054620742798
2000/11/25 0:00,0.7042,0.7278081178665161
2000/11/26 0:00,0.70345,0.7279218435287476
2000/11/27 0:00,0.71095,0.7277549505233765
2000/11/28 0:00,0.7056,0.7279319763183594
2000/11/29 0:00,0.70775,0.7277163863182068
2000/11/30 0:00,0.69055,0.7273537516593933
2000/12/1 0:00,0.69075,0.7271353006362915
2000/12/2 0:00,0.69075,0.7277868986129761
2000/12/3 0:00,0.69075,0.7270997762680054
2000/12/4 0:00,0.68825,0.727553129196167
2000/12/5 0:00,0.68305,0.7273951768875122
2000/12/6 0:00,0.674799,0.7278310656547546
2000/12/7 0:00,0.6721,0.728309690952301
2000/12/8 0:00,0.67365,0.7278047800064087
2000/12/9 0:00,0.67245,0.7283145785331726
2000/12/10 0:00,0.68135,0.7281990647315979
2000/12/11 0:00,0.6835,0.7277567982673645
2000/12/12 0:00,0.6825,0.727278470993042
2000/12/13 0:00,0.6827,0.7271106839179993
2000/12/14 0:00,0.6827,0.7270786762237549
2000/12/15 0:00,0.68625,0.7269873023033142
2000/12/16 0:00,0.68735,0.7272026538848877
2000/12/17 0:00,0.68655,0.726382851600647
2000/12/18 0:00,0.6907,0.7271487712860107
2000/12/19 0:00,0.69315,0.7263332605361938
2000/12/20 0:00,0.69425,0.7269178628921509
2000/12/21 0:00,0.6971,0.7267063856124878
2000/12/22 0:00,0.69355,0.7268416285514832
2000/12/23 0:00,0.69885,0.727060079574585
2000/12/24 0:00,0.6974,0.7266037464141846
2000/12/25 0:00,0.7,0.7268379926681519
2000/12/26 0:00,0.69525,0.7264615893363953
2000/12/27 0:00,0.6883,0.7266608476638794
2000/12/28 0:00,0.68685,0.7271920442581177
2000/12/29 0:00,0.68175,0.7268779873847961
2000/12/30 0:00,0.67905,0.7268185615539551
2000/12/31 0:00,0.6783,0.7270605564117432
2001/1/1 0:00,0.68165,0.7263404130935669
2001/1/2 0:00,0.68375,0.7267872095108032
2001/1/3 0:00,0.68295,0.7264471650123596
2001/1/4 0:00,0.68635,0.726329505443573
2001/1/5 0:00,0.68405,0.7271933555603027
2001/1/6 0:00,0.6818,0.7269966006278992
2001/1/7 0:00,0.682,0.7264793515205383
2001/1/8 0:00,0.68775,0.726596474647522
2001/1/9 0:00,0.68535,0.7263725996017456
2001/1/10 0:00,0.68985,0.7268926501274109
2001/1/11 0:00,0.68785,0.726338267326355
2001/1/12 0:00,0.6863,0.726485013961792
2001/1/13 0:00,0.68375,0.7262418270111084
2001/1/14 0:00,0.6814,0.7263851165771484
2001/1/15 0:00,0.681059,0.7262726426124573
2001/1/16 0:00,0.67615,0.726363480091095
2001/1/17 0:00,0.676827,0.726688027381897
2001/1/18 0:00,0.67805,0.7266290187835693
2001/1/19 0:00,0.6791,0.7271082401275635
2001/1/20 0:00,0.67815,0.7261152863502502
2001/1/21 0:00,0.6747,0.7263602614402771
2001/1/22 0:00,0.67705,0.72621750831604
2001/1/23 0:00,0.67425,0.7265013456344604
2001/1/24 0:00,0.67095,0.7264479398727417
2001/1/25 0:00,0.6684,0.72663414478302
2001/1/26 0:00,0.6673,0.7270200848579407
2001/1/27 0:00,0.66835,0.726744532585144
2001/1/28 0:00,0.6698,0.726875901222229
2001/1/29 0:00,0.66085,0.7263875007629395
2001/1/30 0:00,0.658217,0.7263187170028687
2001/1/31 0:00,0.6634,0.7262473702430725
2001/2/1 0:00,0.65785,0.7264583706855774
2001/2/2 0:00,0.66025,0.7265497446060181
2001/2/3 0:00,0.66355,0.7265760898590088
2001/2/4 0:00,0.66485,0.7267557382583618
2001/2/5 0:00,0.6664,0.7260264754295349
2001/2/6 0:00,0.66525,0.7261229753494263
2001/2/7 0:00,0.66525,0.7261777520179749
2001/2/8 0:00,0.66625,0.7255146503448486
2001/2/9 0:00,0.65685,0.725668728351593
2001/2/10 0:00,0.65045,0.7262479662895203
2001/2/11 0:00,0.648504,0.7259942293167114
2001/2/12 0:00,0.651109,0.7257504463195801
2001/2/13 0:00,0.6462,0.7258683443069458
2001/2/14 0:00,0.6462,0.7259146571159363
2001/2/15 0:00,0.64285,0.7261536121368408
2001/2/16 0:00,0.63765,0.7256100177764893
2001/2/17 0:00,0.64245,0.7258429527282715
2001/2/18 0:00,0.64485,0.7258247137069702
2001/2/19 0:00,0.6407,0.7256624698638916
2001/2/20 0:00,0.6342,0.7258991003036499
2001/2/21 0:00,0.6342,0.7258603572845459
2001/2/22 0:00,0.63165,0.7257615327835083
2001/2/23 0:00,0.6237,0.7253182530403137
2001/2/24 0:00,0.62425,0.7257322072982788
2001/2/25 0:00,0.6268,0.7261351346969604
2001/2/26 0:00,0.6148,0.7258126139640808
2001/2/27 0:00,0.60845,0.7254112958908081
2001/2/28 0:00,0.61005,0.7258490920066833
2001/3/1 0:00,0.6074,0.7260547876358032
2001/3/2 0:00,0.6043,0.7252236008644104
2001/3/3 0:00,0.60765,0.7258557677268982
2001/3/4 0:00,0.605229,0.7259829640388489
2001/3/5 0:00,0.61595,0.7260018587112427
2001/3/6 0:00,0.61565,0.7258895039558411
2001/3/7 0:00,0.61655,0.726052463054657
2001/3/8 0:00,0.60655,0.7258158922195435
2001/3/9 0:00,0.61095,0.7260280251502991
2001/3/10 0:00,0.61385,0.7257170677185059
2001/3/11 0:00,0.61115,0.7256507873535156
2001/3/12 0:00,0.60835,0.7259764075279236
2001/3/13 0:00,0.60815,0.7254694700241089
2001/3/14 0:00,0.60915,0.72554612159729
2001/3/15 0:00,0.6087,0.7256917357444763
2001/3/16 0:00,0.611145,0.725509524345398
2001/3/17 0:00,0.62545,0.7254127264022827
2001/3/18 0:00,0.62525,0.7252006530761719
2001/3/19 0:00,0.6316,0.724972665309906
2001/3/20 0:00,0.63315,0.725443959236145
2001/3/21 0:00,0.62715,0.7249158024787903
2001/3/22 0:00,0.6332,0.7249797582626343
2001/3/23 0:00,0.6337,0.7248448729515076
2001/3/24 0:00,0.63435,0.7250201106071472
2001/3/25 0:00,0.62965,0.7249984741210938
2001/3/26 0:00,0.62615,0.7250102162361145
2001/3/27 0:00,0.63125,0.7247663736343384
2001/3/28 0:00,0.63385,0.7250175476074219
2001/3/29 0:00,0.6384,0.7251030802726746
2001/3/30 0:00,0.6383,0.724635124206543
2001/3/31 0:00,0.637,0.7244529724121094
2001/4/1 0:00,0.63545,0.7247759103775024
2001/4/2 0:00,0.6404,0.7248913049697876
2001/4/3 0:00,0.63995,0.7249701619148254
2001/4/4 0:00,0.64,0.7245864868164062
2001/4/5 0:00,0.64245,0.7249485850334167
2001/4/6 0:00,0.64145,0.7244048714637756
2001/4/7 0:00,0.6424,0.7247104048728943
2001/4/8 0:00,0.6325,0.7247464656829834
2001/4/9 0:00,0.63105,0.7247933149337769
2001/4/10 0:00,0.6219,0.7241390943527222
2001/4/11 0:00,0.63185,0.7247603535652161
2001/4/12 0:00,0.62495,0.7242163419723511
2001/4/13 0:00,0.621,0.7247591614723206
2001/4/14 0:00,0.6259,0.724906325340271
2001/4/15 0:00,0.62265,0.7250404953956604
2001/4/16 0:00,0.6226,0.7247920036315918
2001/4/17 0:00,0.6183,0.7249274849891663
2001/4/18 0:00,0.62245,0.725213348865509
2001/4/19 0:00,0.62445,0.724359393119812
2001/4/20 0:00,0.6341,0.7245897650718689
2001/4/21 0:00,0.6397,0.7245191335678101
2001/4/22 0:00,0.6329,0.7244388461112976
2001/4/23 0:00,0.6329,0.7248833179473877
2001/4/24 0:00,0.63455,0.7239832282066345
2001/4/25 0:00,0.63535,0.7245049476623535
2001/4/26 0:00,0.6391,0.7243763208389282
2001/4/27 0:00,0.63325,0.7244914770126343
2001/4/28 0:00,0.632053,0.724368691444397
2001/4/29 0:00,0.6303,0.7243049740791321
2001/4/30 0:00,0.6303,0.7242786884307861
2001/5/1 0:00,0.6324,0.7240409255027771
2001/5/2 0:00,0.63225,0.7242234945297241
2001/5/3 0:00,0.62845,0.7240167856216431
2001/5/4 0:00,0.62975,0.7240464687347412
2001/5/5 0:00,0.62605,0.7245689630508423
2001/5/6 0:00,0.6323,0.7242515683174133
2001/5/7 0:00,0.62665,0.7241508960723877
2001/5/8 0:00,0.61975,0.7245036959648132
2001/5/9 0:00,0.62295,0.7239805459976196
2001/5/10 0:00,0.62415,0.7243270874023438
2001/5/11 0:00,0.6171,0.7241436243057251
2001/5/12 0:00,0.6171,0.7238109707832336
2001/5/13 0:00,0.61745,0.7245830297470093
2001/5/14 0:00,0.61645,0.7245237827301025
2001/5/15 0:00,0.621425,0.723962664604187
2001/5/16 0:00,0.614575,0.7241613864898682
2001/5/17 0:00,0.61135,0.7241674661636353
2001/5/18 0:00,0.60815,0.7244774699211121
2001/5/19 0:00,0.606,0.724128782749176
2001/5/20 0:00,0.6078,0.7241612076759338
2001/5/21 0:00,0.6059,0.7239434719085693
2001/5/22 0:00,0.60205,0.7242987751960754
2001/5/23 0:00,0.59565,0.7241334319114685
2001/5/24 0:00,0.60565,0.7240242958068848
2001/5/25 0:00,0.6095,0.7243993878364563
2001/5/26 0:00,0.609,0.7243180274963379
2001/5/27 0:00,0.60825,0.7246601581573486
2001/5/28 0:00,0.60905,0.7236832976341248
2001/5/29 0:00,0.60425,0.7237990498542786
2001/5/30 0:00,0.60425,0.7236751317977905
2001/5/31 0:00,0.61055,0.7239094376564026
2001/6/1 0:00,0.6113,0.7240698337554932
2001/6/2 0:00,0.61725,0.724300742149353
2001/6/3 0:00,0.61795,0.7244352102279663
2001/6/4 0:00,0.618375,0.7241333723068237
2001/6/5 0:00,0.62215,0.7243812680244446
2001/6/6 0:00,0.6217,0.724219799041748
2001/6/7 0:00,0.62335,0.7239524126052856
2001/6/8 0:00,0.624625,0.7239755392074585
2001/6/9 0:00,0.6223,0.7243940234184265
2001/6/10 0:00,0.6225,0.7243111729621887
2001/6/11 0:00,0.623325,0.7241398692131042
2001/6/12 0:00,0.62465,0.7242627739906311
2001/6/13 0:00,0.62195,0.7238597869873047
2001/6/14 0:00,0.61855,0.7238384485244751
2001/6/15 0:00,0.6183,0.72388756275177
2001/6/16 0:00,0.6171,0.7237266898155212
2001/6/17 0:00,0.61815,0.7235846519470215
2001/6/18 0:00,0.6185,0.7239158153533936
2001/6/19 0:00,0.61975,0.7236075401306152
2001/6/20 0:00,0.622,0.7235754132270813
2001/6/21 0:00,0.618325,0.72319096326828
2001/6/22 0:00,0.6244,0.7234504222869873
2001/6/23 0:00,0.62525,0.7238144874572754
2001/6/24 0:00,0.627,0.7234587669372559
2001/6/25 0:00,0.62455,0.7234007120132446
2001/6/26 0:00,0.62495,0.7233134508132935
2001/6/27 0:00,0.63365,0.7233827114105225
2001/6/28 0:00,0.634325,0.7237541079521179
2001/6/29 0:00,0.63375,0.7233906984329224
2001/6/30 0:00,0.635,0.7235101461410522
2001/7/1 0:00,0.63635,0.7228490114212036
2001/7/2 0:00,0.6309,0.7234029173851013
2001/7/3 0:00,0.63595,0.7234581708908081
2001/7/4 0:00,0.64095,0.7237223982810974
2001/7/5 0:00,0.63975,0.7231293320655823
2001/7/6 0:00,0.63925,0.7235328555107117
2001/7/7 0:00,0.63925,0.7236036062240601
2001/7/8 0:00,0.6384,0.7225342988967896
2001/7/9 0:00,0.6402,0.7233737707138062
2001/7/10 0:00,0.6384,0.7232538461685181
2001/7/11 0:00,0.6354,0.7233620882034302
2001/7/12 0:00,0.6335,0.7235939502716064
2001/7/13 0:00,0.63665,0.7237991094589233
2001/7/14 0:00,0.63685,0.7236210107803345
2001/7/15 0:00,0.63635,0.7237197160720825
2001/7/16 0:00,0.63905,0.7233167886734009
2001/7/17 0:00,0.64455,0.7234833240509033
2001/7/18 0:00,0.65135,0.7237552404403687
2001/7/19 0:00,0.65665,0.7233961820602417
2001/7/20 0:00,0.6556,0.7231577038764954
2001/7/21 0:00,0.6556,0.7237080335617065
2001/7/22 0:00,0.65745,0.7235405445098877
2001/7/23 0:00,0.64765,0.7234680652618408
2001/7/24 0:00,0.64755,0.7228879928588867
2001/7/25 0:00,0.6492,0.7233489155769348
2001/7/26 0:00,0.64445,0.7235273718833923
2001/7/27 0:00,0.63755,0.7228793501853943
2001/7/28 0:00,0.63755,0.7229671478271484
2001/7/29 0:00,0.63665,0.7229272723197937
2001/7/30 0:00,0.63845,0.7230727672576904
2001/7/31 0:00,0.641025,0.723065972328186
2001/8/1 0:00,0.6536,0.7230249643325806
2001/8/2 0:00,0.65805,0.722903311252594
2001/8/3 0:00,0.66235,0.7231059074401855
2001/8/4 0:00,0.6628,0.7230222821235657
2001/8/5 0:00,0.663125,0.7228596210479736
2001/8/6 0:00,0.66265,0.7227024435997009
2001/8/7 0:00,0.659,0.7228456139564514
2001/8/8 0:00,0.6597,0.7226063013076782
2001/8/9 0:00,0.66105,0.7230724096298218
2001/8/10 0:00,0.66105,0.7227979898452759
2001/8/11 0:00,0.66185,0.7228097319602966
2001/8/12 0:00,0.66995,0.7225094437599182
2001/8/13 0:00,0.65975,0.7226526737213135
2001/8/14 0:00,0.6584,0.7226098775863647
2001/8/15 0:00,0.65155,0.7228099703788757
2001/8/16 0:00,0.6527,0.722317099571228
2001/8/17 0:00,0.6527,0.7227996587753296
2001/8/18 0:00,0.65145,0.7224677801132202
2001/8/19 0:00,0.65765,0.7228839993476868
2001/8/20 0:00,0.6585,0.7230767607688904
2001/8/21 0:00,0.66425,0.7230467796325684
2001/8/22 0:00,0.662125,0.7230384349822998
2001/8/23 0:00,0.65885,0.7229717373847961
2001/8/24 0:00,0.6596,0.7230154275894165
2001/8/25 0:00,0.65565,0.7223123908042908
2001/8/26 0:00,0.6586,0.7224491834640503
2001/8/27 0:00,0.6606,0.7223223447799683
2001/8/28 0:00,0.65905,0.7223305702209473
2001/8/29 0:00,0.658875,0.723100483417511
2001/8/30 0:00,0.6572,0.7224303483963013
2001/8/31 0:00,0.66065,0.7226091623306274
2001/9/1 0:00,0.66335,0.7226320505142212
2001/9/2 0:00,0.6637,0.7222693562507629
2001/9/3 0:00,0.6675,0.722339928150177
2001/9/4 0:00,0.6674,0.7220646142959595
2001/9/5 0:00,0.6674,0.7220470309257507
2001/9/6 0:00,0.66835,0.7218798995018005
2001/9/7 0:00,0.6636,0.7220392823219299
2001/9/8 0:00,0.66095,0.7218889594078064
2001/9/9 0:00,0.65745,0.7219444513320923
2001/9/10 0:00,0.65755,0.722427487373352
2001/9/11 0:00,0.66025,0.7220460772514343
2001/9/12 0:00,0.6618,0.7220667004585266
2001/9/13 0:00,0.6622,0.7222985625267029
2001/9/14 0:00,0.66545,0.7217655181884766
2001/9/15 0:00,0.67075,0.7220519781112671
2001/9/16 0:00,0.67185,0.7220001220703125
2001/9/17 0:00,0.67355,0.7217477560043335
2001/9/18 0:00,0.67,0.7223069667816162
2001/9/19 0:00,0.66975,0.7223040461540222
2001/9/20 0:00,0.6696,0.7216482162475586
2001/9/21 0:00,0.6678,0.7218621969223022
2001/9/22 0:00,0.670482,0.7219769358634949
2001/9/23 0:00,0.666325,0.7221915125846863
2001/9/24 0:00,0.6657,0.721642255783081
2001/9/25 0:00,0.666,0.7218759655952454
2001/9/26 0:00,0.666,0.7218116521835327
2001/9/27 0:00,0.66635,0.7220339775085449
2001/9/28 0:00,0.6605,0.7216655611991882
2001/9/29 0:00,0.6624,0.7217546701431274
2001/9/30 0:00,0.6593,0.7220964431762695
2001/10/1 0:00,0.6647,0.7220023274421692
2001/10/2 0:00,0.66605,0.7222641110420227
2001/10/3 0:00,0.66505,0.7214750051498413
2001/10/4 0:00,0.6655,0.7215867638587952
2001/10/5 0:00,0.66925,0.7217023372650146
2001/10/6 0:00,0.669625,0.7218070030212402
2001/10/7 0:00,0.67095,0.7218799591064453
2001/10/8 0:00,0.6695,0.7220802307128906
2001/10/9 0:00,0.67395,0.7221394777297974
2001/10/10 0:00,0.67255,0.7220064401626587
2001/10/11 0:00,0.66935,0.7223279476165771
2001/10/12 0:00,0.67945,0.7220497727394104
2001/10/13 0:00,0.6783,0.7217758297920227
2001/10/14 0:00,0.68355,0.7217931151390076
2001/10/15 0:00,0.68795,0.7221144437789917
2001/10/16 0:00,0.6844,0.7221180200576782
2001/10/17 0:00,0.68685,0.7221511006355286
2001/10/18 0:00,0.6901,0.7222382426261902
2001/10/19 0:00,0.6884,0.7217574119567871
2001/10/20 0:00,0.68675,0.7218235731124878
2001/10/21 0:00,0.68765,0.7218896150588989
2001/10/22 0:00,0.68595,0.7216589450836182
2001/10/23 0:00,0.6898,0.7215659618377686
2001/10/24 0:00,0.6858,0.7219880819320679
2001/10/25 0:00,0.6891,0.7216736674308777
2001/10/26 0:00,0.69085,0.721640408039093
2001/10/27 0:00,0.6937,0.7214258909225464
2001/10/28 0:00,0.68905,0.7215994596481323
2001/10/29 0:00,0.6908,0.7220381498336792
2001/10/30 0:00,0.6908,0.7215932607650757
2001/10/31 0:00,0.68935,0.7215656638145447
2001/11/1 0:00,0.6914,0.7214938402175903
2001/11/2 0:00,0.6971,0.7214879989624023
2001/11/3 0:00,0.69345,0.7216386795043945
2001/11/4 0:00,0.6972,0.7216224670410156
2001/11/5 0:00,0.70055,0.7215710878372192
2001/11/6 0:00,0.70185,0.7214070558547974
2001/11/7 0:00,0.70515,0.7214450836181641
2001/11/8 0:00,0.7045,0.7216132879257202
2001/11/9 0:00,0.7045,0.7218227386474609
2001/11/10 0:00,0.7045,0.7212477326393127
2001/11/11 0:00,0.7056,0.7214532494544983
2001/11/12 0:00,0.708,0.7216230034828186
2001/11/13 0:00,0.7052,0.7208955883979797
2001/11/14 0:00,0.69265,0.7216832637786865
2001/11/15 0:00,0.6872,0.7214244604110718
2001/11/16 0:00,0.6872,0.7214993834495544
2001/11/17 0:00,0.6852,0.72169029712677
2001/11/18 0:00,0.6925,0.7219093441963196
2001/11/19 0:00,0.69065,0.7215707898139954
2001/11/20 0:00,0.6884,0.7216927409172058
2001/11/21 0:00,0.6892,0.7215420007705688
2001/11/22 0:00,0.6914,0.7214648723602295
2001/11/23 0:00,0.6914,0.7218579053878784
2001/11/24 0:00,0.69065,0.7214646339416504
2001/11/25 0:00,0.69515,0.7213772535324097
2001/11/26 0:00,0.69115,0.7217078804969788
2001/11/27 0:00,0.69255,0.7215473651885986
2001/11/28 0:00,0.69445,0.7215355634689331
2001/11/29 0:00,0.6953,0.7210866212844849
2001/11/30 0:00,0.6953,0.7214545607566833
2001/12/1 0:00,0.6955,0.7216090559959412
2001/12/2 0:00,0.6994,0.7211984992027283
2001/12/3 0:00,0.70025,0.7213245630264282
2001/12/4 0:00,0.6988,0.7212665677070618
2001/12/5 0:00,0.69755,0.7212232947349548
2001/12/6 0:00,0.6969,0.7213095426559448
2001/12/7 0:00,0.6951,0.7213339805603027
2001/12/8 0:00,0.69585,0.7212954163551331
2001/12/9 0:00,0.69605,0.7214337587356567
2001/12/10 0:00,0.6875,0.7213487029075623
2001/12/11 0:00,0.68875,0.72110915184021
2001/12/12 0:00,0.68255,0.7212494611740112
2001/12/13 0:00,0.68095,0.720995306968689
2001/12/14 0:00,0.68125,0.721218466758728
2001/12/15 0:00,0.68415,0.7213923931121826
2001/12/16 0:00,0.68425,0.7212027907371521
2001/12/17 0:00,0.6796,0.7212952971458435
2001/12/18 0:00,0.68865,0.7208273410797119
2001/12/19 0:00,0.68565,0.7210280299186707
2001/12/20 0:00,0.6837,0.7211155295372009
2001/12/21 0:00,0.68485,0.7212554812431335
2001/12/22 0:00,0.686704,0.7207788228988647
2001/12/23 0:00,0.69435,0.721350371837616
2001/12/24 0:00,0.69685,0.7207249402999878
2001/12/25 0:00,0.6973,0.7210957407951355
2001/12/26 0:00,0.70075,0.7213844060897827
2001/12/27 0:00,0.70135,0.7214985489845276
2001/12/28 0:00,0.70505,0.7214797139167786
2001/12/29 0:00,0.70575,0.721373438835144
2001/12/30 0:00,0.70675,0.7214114665985107
2001/12/31 0:00,0.7106,0.721051812171936
2002/1/1 0:00,0.70475,0.7209237217903137
2002/1/2 0:00,0.70085,0.7210046648979187
2002/1/3 0:00,0.69405,0.721077561378479
2002/1/4 0:00,0.6886,0.721239447593689
2002/1/5 0:00,0.6768,0.7209715843200684
2002/1/6 0:00,0.67995,0.7213450074195862
2002/1/7 0:00,0.68445,0.721044659614563
2002/1/8 0:00,0.68495,0.7210546135902405
2002/1/9 0:00,0.6914,0.7211841940879822
2002/1/10 0:00,0.6929,0.7210226058959961
2002/1/11 0:00,0.69775,0.7209563851356506
2002/1/12 0:00,0.69015,0.7210521697998047
2002/1/13 0:00,0.6949,0.7210013270378113
2002/1/14 0:00,0.69725,0.7208460569381714
2002/1/15 0:00,0.70175,0.7209596037864685
2002/1/16 0:00,0.70435,0.7213627099990845
2002/1/17 0:00,0.7043,0.7210295796394348
2002/1/18 0:00,0.7145,0.7210779190063477
2002/1/19 0:00,0.7126,0.7214938402175903
2002/1/20 0:00,0.71635,0.7208772897720337
2002/1/21 0:00,0.71215,0.7209680676460266
2002/1/22 0:00,0.71555,0.7209490537643433
2002/1/23 0:00,0.71445,0.7208037376403809
2002/1/24 0:00,0.7217,0.7211145758628845
2002/1/25 0:00,0.7198,0.7213178873062134
2002/1/26 0:00,0.72025,0.7209212183952332
2002/1/27 0:00,0.72075,0.7209749817848206
2002/1/28 0:00,0.7282,0.7210124135017395
2002/1/29 0:00,0.72815,0.7211931943893433
2002/1/30 0:00,0.7288,0.7208595275878906
2002/1/31 0:00,0.73805,0.7209855318069458
2002/2/1 0:00,0.7396,0.7211286425590515
2002/2/2 0:00,0.7443,0.7210589647293091
2002/2/3 0:00,0.74565,0.7208704352378845
2002/2/4 0:00,0.74355,0.7210099697113037
2002/2/5 0:00,0.7444,0.7211753726005554
2002/2/6 0:00,0.73875,0.7211490273475647
2002/2/7 0:00,0.74275,0.7213011980056763
2002/2/8 0:00,0.74195,0.720659613609314
2002/2/9 0:00,0.74135,0.7207556962966919
2002/2/10 0:00,0.73855,0.7207908034324646
2002/2/11 0:00,0.731238,0.7208232879638672
2002/2/12 0:00,0.7362,0.7211148738861084
2002/2/13 0:00,0.7377,0.7210239171981812
2002/2/14 0:00,0.73755,0.7209925651550293
2002/2/15 0:00,0.73525,0.7210155129432678
2002/2/16 0:00,0.7285,0.7212662696838379
2002/2/17 0:00,0.73725,0.7211834192276001
2002/2/18 0:00,0.73975,0.7208396196365356
2002/2/19 0:00,0.73325,0.7208541035652161
2002/2/20 0:00,0.7307,0.7212031483650208
2002/2/21 0:00,0.72965,0.7212506532669067
2002/2/22 0:00,0.72685,0.721072793006897
2002/2/23 0:00,0.73035,0.7210400700569153
2002/2/24 0:00,0.7255,0.7208012342453003
2002/2/25 0:00,0.7266,0.7208046913146973
2002/2/26 0:00,0.72655,0.720764696598053
2002/2/27 0:00,0.7284,0.7207685708999634
2002/2/28 0:00,0.73015,0.7207035422325134
2002/3/1 0:00,0.7435,0.7211520671844482
2002/3/2 0:00,0.7477,0.7208322286605835
2002/3/3 0:00,0.74935,0.7208059430122375
2002/3/4 0:00,0.75135,0.720461368560791
2002/3/5 0:00,0.7506,0.720727264881134
2002/3/6 0:00,0.75085,0.7209761738777161
2002/3/7 0:00,0.75145,0.7207944989204407
2002/3/8 0:00,0.75025,0.7206689119338989
2002/3/9 0:00,0.75365,0.7206912040710449
2002/3/10 0:00,0.7581,0.7205809354782104
2002/3/11 0:00,0.76275,0.7208802700042725
2002/3/12 0:00,0.76235,0.72086501121521
2002/3/13 0:00,0.76445,0.7208328247070312
2002/3/14 0:00,0.76645,0.7207555770874023
2002/3/15 0:00,0.78185,0.7206218242645264
2002/3/16 0:00,0.78165,0.7208026647567749
2002/3/17 0:00,0.7818,0.7209746837615967
2002/3/18 0:00,0.7826,0.7205190658569336
2002/3/19 0:00,0.78275,0.7208261489868164
2002/3/20 0:00,0.7799,0.720757007598877
2002/3/21 0:00,0.77955,0.7202242016792297
2002/3/22 0:00,0.77945,0.7209017872810364
2002/3/23 0:00,0.78215,0.7206369638442993
2002/3/24 0:00,0.78855,0.7206370830535889
2002/3/25 0:00,0.79205,0.720994234085083
2002/3/26 0:00,0.79135,0.7210069298744202
2002/3/27 0:00,0.79415,0.7208200693130493
2002/3/28 0:00,0.79255,0.7206631898880005
2002/3/29 0:00,0.7964,0.720733106136322
2002/3/30 0:00,0.80425,0.7207524180412292
2002/3/31 0:00,0.80855,0.7208767533302307
2002/4/1 0:00,0.8022,0.7206934690475464
2002/4/2 0:00,0.79035,0.7206143140792847
2002/4/3 0:00,0.7654,0.7904199361801147
2002/4/4 0:00,0.76325,0.7894943356513977
2002/4/5 0:00,0.77075,0.7894881963729858
2002/4/6 0:00,0.76175,0.7896220684051514
2002/4/7 0:00,0.7642,0.7894382476806641
2002/4/8 0:00,0.75945,0.7890003323554993
2002/4/9 0:00,0.76735,0.7897618412971497
2002/4/10 0:00,0.7561,0.7896152138710022
2002/4/11 0:00,0.73765,0.7900453209877014
2002/4/12 0:00,0.72855,0.789361834526062
2002/4/13 0:00,0.71575,0.789818525314331
2002/4/14 0:00,0.6727,0.7899634838104248
2002/4/15 0:00,0.6974,0.7899518013000488
2002/4/16 0:00,0.6924,0.7896289825439453
2002/4/17 0:00,0.696,0.7914034128189087
2002/4/18 0:00,0.7004,0.7912200689315796
2002/4/19 0:00,0.70935,0.7919436693191528
2002/4/20 0:00,0.72299,0.7916129231452942
2002/4/21 0:00,0.71815,0.7923324704170227
2002/4/22 0:00,0.70485,0.7920477986335754
2002/4/23 0:00,0.70615,0.7926507592201233
2002/4/24 0:00,0.70455,0.7931196093559265
2002/4/25 0:00,0.7023,0.793056845664978
2002/4/26 0:00,0.70225,0.7928658127784729
2002/4/27 0:00,0.69615,0.7933658957481384
2002/4/28 0:00,0.6905,0.7924896478652954
2002/4/29 0:00,0.6919,0.7925981283187866
2002/4/30 0:00,0.6888,0.7931210994720459
2002/5/1 0:00,0.69375,0.7929539680480957
2002/5/2 0:00,0.7033,0.7923906445503235
2002/5/3 0:00,0.71455,0.7926316857337952
2002/5/4 0:00,0.7176,0.7936963438987732
2002/5/5 0:00,0.71335,0.7930571436882019
2002/5/6 0:00,0.7063,0.7940822839736938
2002/5/7 0:00,0.72515,0.7944615483283997
2002/5/8 0:00,0.73315,0.7939785122871399
2002/5/9 0:00,0.7393,0.7941329479217529
2002/5/10 0:00,0.7415,0.7930252552032471
2002/5/11 0:00,0.74525,0.7930424213409424
2002/5/12 0:00,0.74015,0.7941032648086548
2002/5/13 0:00,0.7449,0.7943187355995178
2002/5/14 0:00,0.74825,0.7944216728210449
2002/5/15 0:00,0.7566,0.7935928702354431
2002/5/16 0:00,0.7649,0.7938348054885864
2002/5/17 0:00,0.7593,0.7948132157325745
2002/5/18 0:00,0.75745,0.7940369844436646
2002/5/19 0:00,0.75535,0.7939912676811218
2002/5/20 0:00,0.7627,0.7945138812065125
2002/5/21 0:00,0.76275,0.7944566011428833
2002/5/22 0:00,0.76225,0.7943007946014404
2002/5/23 0:00,0.76325,0.7942681312561035
2002/5/24 0:00,0.77425,0.7946685552597046
2002/5/25 0:00,0.7753,0.7950606346130371
2002/5/26 0:00,0.76275,0.7941935062408447
2002/5/27 0:00,0.74475,0.7947906851768494
2002/5/28 0:00,0.75015,0.7950245141983032
2002/5/29 0:00,0.7529,0.7945436239242554
2002/5/30 0:00,0.74715,0.7952286005020142
2002/5/31 0:00,0.74315,0.7953754663467407
2002/6/1 0:00,0.75505,0.7952497005462646
2002/6/2 0:00,0.7504,0.7961277961730957
2002/6/3 0:00,0.76195,0.7958176136016846
2002/6/4 0:00,0.7648,0.7960761785507202
2002/6/5 0:00,0.76845,0.7964037656784058
2002/6/6 0:00,0.76595,0.7961528897285461
2002/6/7 0:00,0.769,0.7957077622413635
2002/6/8 0:00,0.7625,0.7962848544120789
2002/6/9 0:00,0.7643,0.7957262396812439
2002/6/10 0:00,0.76775,0.7964830994606018
2002/6/11 0:00,0.77415,0.7968941330909729
2002/6/12 0:00,0.7854,0.7971888780593872
2002/6/13 0:00,0.77635,0.7968771457672119
2002/6/14 0:00,0.76,0.7970519661903381
2002/6/15 0:00,0.74775,0.7972623109817505
2002/6/16 0:00,0.75575,0.7969084978103638
2002/6/17 0:00,0.7651,0.7966921329498291
2002/6/18 0:00,0.75825,0.7971504330635071
2002/6/19 0:00,0.7556,0.7968494296073914
2002/6/20 0:00,0.75525,0.7967931032180786
2002/6/21 0:00,0.76255,0.7971927523612976
2002/6/22 0:00,0.7506,0.7972829341888428
2002/6/23 0:00,0.75235,0.7966853380203247
2002/6/24 0:00,0.7583,0.7967117428779602
2002/6/25 0:00,0.75525,0.7966776490211487
2002/6/26 0:00,0.75905,0.7961450815200806
2002/6/27 0:00,0.76975,0.7964429259300232
2002/6/28 0:00,0.76895,0.7967156171798706
2002/6/29 0:00,0.76235,0.7967213988304138
2002/6/30 0:00,0.76815,0.7970461249351501
2002/7/1 0:00,0.76255,0.7966046929359436
2002/7/2 0:00,0.76505,0.7972707152366638
2002/7/3 0:00,0.77315,0.7970324754714966
2002/7/4 0:00,0.7769,0.7968366742134094
2002/7/5 0:00,0.77955,0.7968855500221252
2002/7/6 0:00,0.78345,0.7972907423973083
2002/7/7 0:00,0.78855,0.7962841987609863
2002/7/8 0:00,0.78195,0.797190248966217
2002/7/9 0:00,0.7674,0.7970082759857178
2002/7/10 0:00,0.75415,0.7966315150260925
2002/7/11 0:00,0.7547,0.7972267270088196
2002/7/12 0:00,0.75715,0.7978134155273438
2002/7/13 0:00,0.75655,0.7968448400497437
2002/7/14 0:00,0.7665,0.7974997162818909
2002/7/15 0:00,0.76605,0.7979273796081543
2002/7/16 0:00,0.76845,0.7970102429389954
2002/7/17 0:00,0.7688,0.7973123788833618
2002/7/18 0:00,0.7727,0.7980828285217285
2002/7/19 0:00,0.76965,0.7972670793533325
2002/7/20 0:00,0.7656,0.7978208661079407
2002/7/21 0:00,0.7715,0.7982619404792786
2002/7/22 0:00,0.77615,0.7981635332107544
2002/7/23 0:00,0.7707,0.7987614274024963
2002/7/24 0:00,0.76415,0.7989814281463623
2002/7/25 0:00,0.77275,0.7997596859931946
2002/7/26 0:00,0.77225,0.799653172492981
2002/7/27 0:00,0.78125,0.7991933822631836
2002/7/28 0:00,0.7843,0.799826443195343
2002/7/29 0:00,0.78985,0.7992632985115051
2002/7/30 0:00,0.78375,0.7993003129959106
2002/7/31 0:00,0.76955,0.7996407151222229
2002/8/1 0:00,0.7729,0.7999968528747559
2002/8/2 0:00,0.7575,0.7996872067451477
2002/8/3 0:00,0.74675,0.7994095087051392
2002/8/4 0:00,0.7637,0.8000181913375854
2002/8/5 0:00,0.7591,0.7995731830596924
2002/8/6 0:00,0.77325,0.7993696928024292
2002/8/7 0:00,0.7703,0.800696849822998
2002/8/8 0:00,0.7767,0.7997269630432129
2002/8/9 0:00,0.77845,0.7999787926673889
2002/8/10 0:00,0.7813,0.7994652390480042
2002/8/11 0:00,0.78435,0.7997583150863647
2002/8/12 0:00,0.7948,0.8000946044921875
2002/8/13 0:00,0.79555,0.7999477386474609
2002/8/14 0:00,0.78385,0.8000001907348633
2002/8/15 0:00,0.78545,0.8002126216888428
2002/8/16 0:00,0.79065,0.7997980713844299
2002/8/17 0:00,0.78845,0.8001042604446411
2002/8/18 0:00,0.7896,0.799817681312561
2002/8/19 0:00,0.79465,0.799754798412323
2002/8/20 0:00,0.7838,0.799873948097229
2002/8/21 0:00,0.79165,0.7999680042266846
2002/8/22 0:00,0.7886,0.7993110418319702
2002/8/23 0:00,0.79485,0.7997426390647888
2002/8/24 0:00,0.80015,0.7996335029602051
2002/8/25 0:00,0.79355,0.8000977039337158
2002/8/26 0:00,0.79935,0.7996377944946289
2002/8/27 0:00,0.806,0.799565851688385
2002/8/28 0:00,0.81085,0.7999666333198547
2002/8/29 0:00,0.8125,0.7998197674751282
2002/8/30 0:00,0.81635,0.7996764779090881
2002/8/31 0:00,0.81555,0.7997690439224243
2002/9/1 0:00,0.79955,0.799608588218689
2002/9/2 0:00,0.8028,0.7999024391174316
2002/9/3 0:00,0.80095,0.7994648218154907
2002/9/4 0:00,0.80085,0.7994539141654968
2002/9/5 0:00,0.80005,0.7995688319206238
2002/9/6 0:00,0.79285,0.7997869849205017
2002/9/7 0:00,0.7884,0.799550473690033
2002/9/8 0:00,0.80035,0.7999825477600098
2002/9/9 0:00,0.80645,0.7997308969497681
2002/9/10 0:00,0.8134,0.7995085716247559
2002/9/11 0:00,0.8148,0.7997700572013855
2002/9/12 0:00,0.80025,0.8002085089683533
2002/9/13 0:00,0.80985,0.7999318838119507
2002/9/14 0:00,0.80405,0.7997393608093262
2002/9/15 0:00,0.78815,0.7993531823158264
2002/9/16 0:00,0.7892,0.7999947667121887
2002/9/17 0:00,0.79635,0.7996498346328735
2002/9/18 0:00,0.80475,0.7997875213623047
2002/9/19 0:00,0.8037,0.7999261021614075
2002/9/20 0:00,0.80395,0.7994604110717773
2002/9/21 0:00,0.80395,0.7995980381965637
2002/9/22 0:00,0.78545,0.799756646156311
2002/9/23 0:00,0.78115,0.7996479272842407
2002/9/24 0:00,0.78975,0.7997332811355591
2002/9/25 0:00,0.7859,0.8000481128692627
2002/9/26 0:00,0.7882,0.7995566129684448
2002/9/27 0:00,0.7983,0.7996469736099243
2002/9/28 0:00,0.7979,0.799778938293457
2002/9/29 0:00,0.79805,0.7996893525123596
2002/9/30 0:00,0.79795,0.800012469291687
2002/10/1 0:00,0.7937,0.7995721697807312
2002/10/2 0:00,0.78795,0.7997454404830933
2002/10/3 0:00,0.7843,0.7995539903640747
2002/10/4 0:00,0.7899,0.7994977235794067
2002/10/5 0:00,0.78925,0.7998449802398682
2002/10/6 0:00,0.79242,0.8000559210777283
2002/10/7 0:00,0.7925,0.7998400330543518
2002/10/8 0:00,0.7971,0.7996243834495544
2002/10/9 0:00,0.79876,0.7996608018875122
2002/10/10 0:00,0.788135,0.7998151779174805
2002/10/11 0:00,0.7822,0.7994647026062012
2002/10/12 0:00,0.78345,0.7997652888298035
2002/10/13 0:00,0.775535,0.7998530864715576
2002/10/14 0:00,0.78265,0.7996190786361694
2002/10/15 0:00,0.7773,0.7991111278533936
2002/10/16 0:00,0.78145,0.7998523712158203
2002/10/17 0:00,0.78533,0.7999228239059448
2002/10/18 0:00,0.79055,0.7996363043785095
2002/10/19 0:00,0.78385,0.7996350526809692
2002/10/20 0:00,0.77245,0.8000946044921875
2002/10/21 0:00,0.7667,0.7996678948402405
2002/10/22 0:00,0.77015,0.7999006509780884
2002/10/23 0:00,0.76685,0.7997426986694336
2002/10/24 0:00,0.76195,0.7995668649673462
2002/10/25 0:00,0.7573,0.7997212409973145
2002/10/26 0:00,0.77345,0.7999134063720703
2002/10/27 0:00,0.773055,0.8001183867454529
2002/10/28 0:00,0.7753,0.7999973297119141
2002/10/29 0:00,0.7798,0.7994730472564697
2002/10/30 0:00,0.78485,0.7998841404914856
2002/10/31 0:00,0.7874,0.7994409203529358
2002/11/1 0:00,0.7876,0.7994318604469299
2002/11/2 0:00,0.79005,0.7993890047073364
2002/11/3 0:00,0.7849,0.7993441820144653
2002/11/4 0:00,0.77823,0.7995970249176025
2002/11/5 0:00,0.7837,0.7992021441459656
2002/11/6 0:00,0.78315,0.79964679479599
2002/11/7 0:00,0.785645,0.7993576526641846
2002/11/8 0:00,0.78265,0.7995001673698425
2002/11/9 0:00,0.76975,0.7993963956832886
2002/11/10 0:00,0.76735,0.7993468046188354
2002/11/11 0:00,0.75945,0.7998995184898376
2002/11/12 0:00,0.75235,0.7991145253181458
2002/11/13 0:00,0.755,0.7993460297584534
2002/11/14 0:00,0.7494,0.7991132736206055
2002/11/15 0:00,0.749604,0.7993298768997192
2002/11/16 0:00,0.75337,0.7997452020645142
2002/11/17 0:00,0.75395,0.7997363209724426
2002/11/18 0:00,0.75635,0.7992082238197327
2002/11/19 0:00,0.76135,0.7993924021720886
2002/11/20 0:00,0.76055,0.7990577816963196
2002/11/21 0:00,0.75765,0.7992663383483887
2002/11/22 0:00,0.75905,0.7990283370018005
2002/11/23 0:00,0.75615,0.7991225719451904
2002/11/24 0:00,0.75475,0.7994470000267029
2002/11/25 0:00,0.760761,0.7991608381271362
2002/11/26 0:00,0.76045,0.7992162108421326
2002/11/27 0:00,0.7577,0.7994080781936646
2002/11/28 0:00,0.76073,0.7991757392883301
2002/11/29 0:00,0.75585,0.7991161346435547
2002/11/30 0:00,0.7593,0.7994495630264282
2002/12/1 0:00,0.750981,0.7994619011878967
2002/12/2 0:00,0.75123,0.7987747192382812
2002/12/3 0:00,0.756523,0.7987717390060425
2002/12/4 0:00,0.757765,0.7990172505378723
2002/12/5 0:00,0.761,0.7987658381462097
2002/12/6 0:00,0.76427,0.7987830638885498
2002/12/7 0:00,0.7716,0.7986165285110474
2002/12/8 0:00,0.77095,0.7989102602005005
2002/12/9 0:00,0.76455,0.7985594868659973
2002/12/10 0:00,0.7627,0.7984154224395752
2002/12/11 0:00,0.759745,0.7984893321990967
2002/12/12 0:00,0.7585,0.7983569502830505
2002/12/13 0:00,0.7452,0.7984426617622375
2002/12/14 0:00,0.7404,0.7987030148506165
2002/12/15 0:00,0.7419,0.7991548180580139
2002/12/16 0:00,0.735985,0.7987345457077026
2002/12/17 0:00,0.73745,0.7988133430480957
2002/12/18 0:00,0.73355,0.7991971373558044
2002/12/19 0:00,0.73395,0.7988935708999634
2002/12/20 0:00,0.7267,0.799100399017334
2002/12/21 0:00,0.7306,0.7992343902587891
2002/12/22 0:00,0.72505,0.7987279295921326
2002/12/23 0:00,0.71955,0.7989363670349121
2002/12/24 0:00,0.71415,0.7988036870956421
2002/12/25 0:00,0.70035,0.7985283136367798
2002/12/26 0:00,0.69785,0.7990081906318665
2002/12/27 0:00,0.6867,0.7988346815109253
2002/12/28 0:00,0.6997,0.7985421419143677
2002/12/29 0:00,0.6981,0.7988267540931702
2002/12/30 0:00,0.7053,0.7988502383232117
2002/12/31 0:00,0.71335,0.7990900278091431
2003/1/1 0:00,0.71475,0.7984726428985596
2003/1/2 0:00,0.71355,0.7986974716186523
2003/1/3 0:00,0.71915,0.7988160252571106
2003/1/4 0:00,0.708399,0.7986360788345337
2003/1/5 0:00,0.70675,0.7987279891967773
2003/1/6 0:00,0.69535,0.7988800406455994
2003/1/7 0:00,0.69835,0.7988811135292053
2003/1/8 0:00,0.70175,0.7987297773361206
2003/1/9 0:00,0.694788,0.7986974120140076
2003/1/10 0:00,0.6959,0.798642098903656
2003/1/11 0:00,0.6872,0.7986865639686584
2003/1/12 0:00,0.6847,0.7986540198326111
2003/1/13 0:00,0.6795,0.7983914017677307
2003/1/14 0:00,0.67655,0.7989039421081543
2003/1/15 0:00,0.66995,0.7988854646682739
2003/1/16 0:00,0.67485,0.7985309958457947
2003/1/17 0:00,0.6682,0.7986569404602051
2003/1/18 0:00,0.6494,0.7991195917129517
2003/1/19 0:00,0.66795,0.7989457845687866
2003/1/20 0:00,0.66,0.7985485792160034
2003/1/21 0:00,0.6593,0.7983649969100952
2003/1/22 0:00,0.655965,0.7989001870155334
2003/1/23 0:00,0.673435,0.7987040281295776
2003/1/24 0:00,0.68875,0.7987802624702454
2003/1/25 0:00,0.6903,0.798737645149231
2003/1/26 0:00,0.68095,0.798305332660675
2003/1/27 0:00,0.68405,0.7984005808830261
2003/1/28 0:00,0.68335,0.798582136631012
2003/1/29 0:00,0.68605,0.798285961151123
2003/1/30 0:00,0.67785,0.7984297871589661
2003/1/31 0:00,0.6705,0.798795223236084
2003/2/1 0:00,0.67675,0.7984419465065002
2003/2/2 0:00,0.664,0.7986354827880859
2003/2/3 0:00,0.6622,0.7986389994621277
2003/2/4 0:00,0.62625,0.7985481023788452
2003/2/5 0:00,0.634865,0.79865562915802
2003/2/6 0:00,0.601365,0.7983949184417725
2003/2/7 0:00,0.6169,0.7984833121299744
2003/2/8 0:00,0.60784,0.7983870506286621
2003/2/9 0:00,0.60415,0.7982459664344788
2003/2/10 0:00,0.623955,0.798420250415802
2003/2/11 0:00,0.61825,0.7985007166862488
2003/2/12 0:00,0.6106,0.7986542582511902
2003/2/13 0:00,0.61635,0.7982839941978455
2003/2/14 0:00,0.6191,0.7983812093734741
2003/2/15 0:00,0.61255,0.7986307740211487
2003/2/16 0:00,0.55535,0.7985924482345581
2003/2/17 0:00,0.54465,0.7986538410186768
2003/2/18 0:00,0.5523,0.7985835671424866
2003/2/19 0:00,0.58465,0.7987394332885742
2003/2/20 0:00,0.58805,0.7980656027793884
2003/2/21 0:00,0.596442,0.7988429665565491
2003/2/22 0:00,0.611649,0.7986204624176025
2003/2/23 0:00,0.60485,0.7984159588813782
2003/2/24 0:00,0.59315,0.7988376617431641
2003/2/25 0:00,0.5942,0.7988107800483704
2003/2/26 0:00,0.59805,0.7988736033439636
2003/2/27 0:00,0.5877,0.7986453771591187
2003/2/28 0:00,0.57265,0.798539400100708
2003/3/1 0:00,0.5623,0.7985126972198486
2003/3/2 0:00,0.55665,0.7985656261444092
2003/3/3 0:00,0.55245,0.7984361052513123
2003/3/4 0:00,0.55915,0.7985747456550598
2003/3/5 0:00,0.5522,0.7985295653343201
2003/3/6 0:00,0.55014,0.7982168197631836
2003/3/7 0:00,0.5305,0.7982988953590393
2003/3/8 0:00,0.53815,0.7981669902801514
2003/3/9 0:00,0.5443,0.798096776008606
2003/3/10 0:00,0.5468,0.7981119155883789
2003/3/11 0:00,0.54975,0.7981306314468384
2003/3/12 0:00,0.55305,0.7983341813087463
2003/3/13 0:00,0.5449,0.7981714606285095
2003/3/14 0:00,0.5353,0.7981919646263123
2003/3/15 0:00,0.53035,0.798141598701477
2003/3/16 0:00,0.53425,0.7983019351959229
2003/3/17 0:00,0.5331,0.7981516718864441
2003/3/18 0:00,0.5249,0.7982867360115051
2003/3/19 0:00,0.541735,0.798481822013855
2003/3/20 0:00,0.54364,0.7980923652648926
2003/3/21 0:00,0.5477,0.7979615926742554
2003/3/22 0:00,0.55245,0.7980620265007019
2003/3/23 0:00,0.54725,0.7982703447341919
2003/3/24 0:00,0.5544,0.7984610199928284
2003/3/25 0:00,0.56375,0.7982718348503113
2003/3/26 0:00,0.5887,0.7979999780654907
2003/3/27 0:00,0.59334,0.7979481220245361
2003/3/28 0:00,0.57515,0.7979400753974915
2003/3/29 0:00,0.57465,0.7981387972831726
2003/3/30 0:00,0.5683,0.7979024648666382
2003/3/31 0:00,0.5744,0.7978256940841675
2003/4/1 0:00,0.57405,0.7980419993400574
2003/4/2 0:00,0.57995,0.7979758977890015
2003/4/3 0:00,0.5822,0.7980639338493347
2003/4/4 0:00,0.5769,0.7982143759727478
2003/4/5 0:00,0.5797,0.7979770302772522
2003/4/6 0:00,0.58015,0.7981526255607605
2003/4/7 0:00,0.58875,0.7981994152069092
2003/4/8 0:00,0.58835,0.7982465028762817
2003/4/9 0:00,0.59745,0.7975249290466309
2003/4/10 0:00,0.5954,0.7975517511367798
2003/4/11 0:00,0.59315,0.7976019978523254
2003/4/12 0:00,0.58855,0.7977222800254822
2003/4/13 0:00,0.57975,0.7977144718170166
2003/4/14 0:00,0.5503,0.7974245548248291
2003/4/15 0:00,0.54275,0.7974550724029541
2003/4/16 0:00,0.53125,0.7973521947860718
2003/4/17 0:00,0.5416,0.7973242998123169
2003/4/18 0:00,0.544565,0.7970353364944458
2003/4/19 0:00,0.52113,0.797203004360199
2003/4/20 0:00,0.5203,0.7970501780509949
2003/4/21 0:00,0.5254,0.797305166721344
2003/4/22 0:00,0.530383,0.7976839542388916
2003/4/23 0:00,0.52865,0.7973726987838745
2003/4/24 0:00,0.5283,0.7973247766494751
2003/4/25 0:00,0.534235,0.7978479862213135
2003/4/26 0:00,0.51425,0.7972511649131775
2003/4/27 0:00,0.5078,0.7974830865859985
2003/4/28 0:00,0.50205,0.7976396083831787
2003/4/29 0:00,0.513355,0.7974024415016174
2003/4/30 0:00,0.51145,0.7976351976394653
2003/5/1 0:00,0.51845,0.79753577709198
2003/5/2 0:00,0.53115,0.7974944114685059
2003/5/3 0:00,0.53875,0.7978110313415527
2003/5/4 0:00,0.525209,0.7974798083305359
2003/5/5 0:00,0.520059,0.7973499894142151
2003/5/6 0:00,0.5222,0.7975872755050659
2003/5/7 0:00,0.516516,0.7975137233734131
2003/5/8 0:00,0.5196,0.7976474165916443
2003/5/9 0:00,0.50945,0.7972543835639954
2003/5/10 0:00,0.50815,0.7972379326820374
2003/5/11 0:00,0.51247,0.7971726655960083
2003/5/12 0:00,0.5069,0.7972415089607239
2003/5/13 0:00,0.50925,0.7969809770584106
2003/5/14 0:00,0.514165,0.7971876859664917
2003/5/15 0:00,0.51165,0.7971304655075073
2003/5/16 0:00,0.5095,0.796968400478363
2003/5/17 0:00,0.5025,0.7970514893531799
2003/5/18 0:00,0.49225,0.7969276905059814
2003/5/19 0:00,0.49765,0.7970371246337891
2003/5/20 0:00,0.5065,0.7969154715538025
2003/5/21 0:00,0.49755,0.7968212366104126
2003/5/22 0:00,0.5023,0.797074019908905
2003/5/23 0:00,0.4932,0.7970736622810364
2003/5/24 0:00,0.50115,0.7968258261680603
2003/5/25 0:00,0.50615,0.796770453453064
2003/5/26 0:00,0.51904,0.7969504594802856
2003/5/27 0:00,0.523574,0.7970200181007385
2003/5/28 0:00,0.5295,0.7967045307159424
2003/5/29 0:00,0.5298,0.796492874622345
2003/5/30 0:00,0.54435,0.7965834140777588
2003/5/31 0:00,0.5553,0.7965580224990845
2003/6/1 0:00,0.5639,0.7965828776359558
2003/6/2 0:00,0.5733,0.7964001297950745
2003/6/3 0:00,0.56015,0.796129047870636
2003/6/4 0:00,0.5707,0.7960989475250244
2003/6/5 0:00,0.579,0.7962706089019775
2003/6/6 0:00,0.562845,0.7957203984260559
2003/6/7 0:00,0.5617,0.7959736585617065
2003/6/8 0:00,0.5687,0.7962369918823242
2003/6/9 0:00,0.5612,0.7958558797836304
2003/6/10 0:00,0.58063,0.7960278987884521
2003/6/11 0:00,0.5927,0.7959743142127991
2003/6/12 0:00,0.5874,0.795841634273529
2003/6/13 0:00,0.575965,0.7960339784622192
2003/6/14 0:00,0.580112,0.7957638502120972
2003/6/15 0:00,0.58085,0.7958003878593445
2003/6/16 0:00,0.585391,0.7956356406211853
2003/6/17 0:00,0.575507,0.795300304889679
2003/6/18 0:00,0.58105,0.7954784631729126
2003/6/19 0:00,0.5701,0.7954230308532715
2003/6/20 0:00,0.5504,0.7955744862556458
2003/6/21 0:00,0.5651,0.7949572205543518
2003/6/22 0:00,0.5554,0.7949234247207642
2003/6/23 0:00,0.56695,0.7952464818954468
2003/6/24 0:00,0.5661,0.7951408624649048
2003/6/25 0:00,0.55885,0.7949920892715454
2003/6/26 0:00,0.5717,0.7947898507118225
2003/6/27 0:00,0.564735,0.794822096824646
2003/6/28 0:00,0.57,0.7940616607666016
2003/6/29 0:00,0.57415,0.7947394251823425
2003/6/30 0:00,0.5807,0.7944902777671814
2003/7/1 0:00,0.5909,0.7944526076316833
2003/7/2 0:00,0.5978,0.794177770614624
2003/7/3 0:00,0.6066,0.7942429780960083
2003/7/4 0:00,0.6057,0.7941464185714722
2003/7/5 0:00,0.606306,0.7941088080406189
2003/7/6 0:00,0.5937,0.7937007546424866
2003/7/7 0:00,0.585209,0.7938303351402283
2003/7/8 0:00,0.60205,0.7941561937332153
2003/7/9 0:00,0.605657,0.7936157584190369
2003/7/10 0:00,0.620973,0.7937114238739014
2003/7/11 0:00,0.6213,0.7937318682670593
2003/7/12 0:00,0.6196,0.7931194305419922
2003/7/13 0:00,0.62303,0.7933908700942993
2003/7/14 0:00,0.6216,0.7930314540863037
2003/7/15 0:00,0.620935,0.7930729985237122
2003/7/16 0:00,0.643275,0.7930181622505188
2003/7/17 0:00,0.64735,0.7928959131240845
2003/7/18 0:00,0.6556,0.7929830551147461
2003/7/19 0:00,0.63175,0.7926392555236816
2003/7/20 0:00,0.6309,0.7926458716392517
2003/7/21 0:00,0.6323,0.7925378084182739
2003/7/22 0:00,0.62283,0.7925220727920532
2003/7/23 0:00,0.629049,0.7925010919570923
2003/7/24 0:00,0.6296,0.792585015296936
2003/7/25 0:00,0.64435,0.7926598191261292
2003/7/26 0:00,0.6427,0.7921324968338013
2003/7/27 0:00,0.62855,0.7923364043235779
2003/7/28 0:00,0.6329,0.7924019694328308
2003/7/29 0:00,0.643173,0.7923833727836609
2003/7/30 0:00,0.647395,0.7926941514015198
2003/7/31 0:00,0.6384,0.7924982309341431
2003/8/1 0:00,0.6277,0.7922331690788269
2003/8/2 0:00,0.6384,0.7920742630958557
2003/8/3 0:00,0.63875,0.792249321937561
2003/8/4 0:00,0.6421,0.7923694252967834
2003/8/5 0:00,0.644,0.7921736240386963
2003/8/6 0:00,0.64525,0.7919827699661255
2003/8/7 0:00,0.650555,0.7923811674118042
2003/8/8 0:00,0.638633,0.7921633124351501
2003/8/9 0:00,0.632245,0.7922680974006653
2003/8/10 0:00,0.627,0.7925218343734741
2003/8/11 0:00,0.628223,0.79242342710495
2003/8/12 0:00,0.621345,0.7926611304283142
2003/8/13 0:00,0.630855,0.7924409508705139
2003/8/14 0:00,0.629148,0.7925012707710266
2003/8/15 0:00,0.629604,0.791878342628479
2003/8/16 0:00,0.62616,0.7921953797340393
2003/8/17 0:00,0.6335,0.7920575737953186
2003/8/18 0:00,0.63955,0.7922903895378113
2003/8/19 0:00,0.647605,0.7922134399414062
2003/8/20 0:00,0.644538,0.7922090888023376
2003/8/21 0:00,0.644496,0.7922115921974182
2003/8/22 0:00,0.643087,0.7920923233032227
2003/8/23 0:00,0.645494,0.7920933365821838
2003/8/24 0:00,0.65505,0.7919657826423645
2003/8/25 0:00,0.651954,0.792325496673584
2003/8/26 0:00,0.661748,0.7920325398445129
2003/8/27 0:00,0.657592,0.792406439781189
2003/8/28 0:00,0.65783,0.7926400303840637
2003/8/29 0:00,0.656491,0.7923150658607483
2003/8/30 0:00,0.656491,0.7921932339668274
2003/8/31 0:00,0.655437,0.7926766872406006
2003/9/1 0:00,0.657484,0.7925323247909546
2003/9/2 0:00,0.654151,0.7924718856811523
2003/9/3 0:00,0.653253,0.7928497791290283
2003/9/4 0:00,0.660458,0.7924624085426331
2003/9/5 0:00,0.664231,0.7925639152526855
2003/9/6 0:00,0.664209,0.7925835847854614
2003/9/7 0:00,0.667468,0.7922574877738953
2003/9/8 0:00,0.666289,0.7927155494689941
2003/9/9 0:00,0.673605,0.7925900220870972
2003/9/10 0:00,0.669635,0.7924524545669556
2003/9/11 0:00,0.672721,0.7926807999610901
2003/9/12 0:00,0.672495,0.7930277585983276
2003/9/13 0:00,0.67365,0.7928709387779236
2003/9/14 0:00,0.673197,0.7926382422447205
2003/9/15 0:00,0.669098,0.792714536190033
2003/9/16 0:00,0.67297,0.7931042909622192
2003/9/17 0:00,0.678633,0.7928860783576965
2003/9/18 0:00,0.677599,0.7929519414901733
2003/9/19 0:00,0.677599,0.7932037115097046
2003/9/20 0:00,0.668135,0.7932180762290955
2003/9/21 0:00,0.669591,0.7928639650344849
2003/9/22 0:00,0.673696,0.7931222915649414
2003/9/23 0:00,0.675014,0.7929850816726685
2003/9/24 0:00,0.675836,0.7930610179901123
2003/9/25 0:00,0.682105,0.7930043339729309
2003/9/26 0:00,0.682501,0.7930793166160583
2003/9/27 0:00,0.682501,0.7934016585350037
2003/9/28 0:00,0.686153,0.7931986451148987
2003/9/29 0:00,0.684346,0.7930421829223633
2003/9/30 0:00,0.680342,0.7932058572769165
2003/10/1 0:00,0.683457,0.793616771697998
2003/10/2 0:00,0.685049,0.7936394810676575
2003/10/3 0:00,0.686412,0.7932661771774292
2003/10/4 0:00,0.686412,0.7933668494224548
2003/10/5 0:00,0.685354,0.7936105728149414
2003/10/6 0:00,0.67415,0.7938910722732544
2003/10/7 0:00,0.674059,0.7937403917312622
2003/10/8 0:00,0.677667,0.7937057018280029
2003/10/9 0:00,0.68861,0.7933735847473145
2003/10/10 0:00,0.686412,0.7933713793754578
2003/10/11 0:00,0.686412,0.7937705516815186
2003/10/12 0:00,0.693193,0.7935817837715149
2003/10/13 0:00,0.697058,0.7937490344047546
2003/10/14 0:00,0.69604,0.7940499782562256
2003/10/15 0:00,0.703655,0.7936922311782837
2003/10/16 0:00,0.707164,0.7939650416374207
2003/10/17 0:00,0.7043,0.7936081886291504
2003/10/18 0:00,0.706015,0.7937237620353699
2003/10/19 0:00,0.698763,0.7940393090248108
2003/10/20 0:00,0.704151,0.7939640283584595
2003/10/21 0:00,0.71375,0.7941328883171082
2003/10/22 0:00,0.709673,0.7940423488616943
2003/10/23 0:00,0.709849,0.7938203811645508
2003/10/24 0:00,0.709019,0.7943074107170105
2003/10/25 0:00,0.709019,0.7941802740097046
2003/10/26 0:00,0.707664,0.794480562210083
2003/10/27 0:00,0.719554,0.7942060232162476
2003/10/28 0:00,0.726137,0.7941460609436035
2003/10/29 0:00,0.716794,0.794605016708374
2003/10/30 0:00,0.715564,0.7944037914276123
2003/10/31 0:00,0.716794,0.794608473777771
2003/11/1 0:00,0.716794,0.7946598529815674
2003/11/2 0:00,0.718236,0.7946767807006836
2003/11/3 0:00,0.716743,0.7942776679992676
2003/11/4 0:00,0.72338,0.7944532036781311
2003/11/5 0:00,0.716589,0.7944121956825256
2003/11/6 0:00,0.718184,0.794349193572998
2003/11/7 0:00,0.716589,0.794708788394928
2003/11/8 0:00,0.716589,0.7946821451187134
2003/11/9 0:00,0.725953,0.7946932911872864
2003/11/10 0:00,0.734053,0.7945093512535095
2003/11/11 0:00,0.732789,0.7942176461219788
2003/11/12 0:00,0.745156,0.7944061756134033
2003/11/13 0:00,0.731689,0.7942839860916138
2003/11/14 0:00,0.732091,0.7943160533905029
2003/11/15 0:00,0.732091,0.7943077087402344
2003/11/16 0:00,0.734754,0.794546365737915
2003/11/17 0:00,0.734754,0.7940669655799866
2003/11/18 0:00,0.737436,0.7942670583724976
2003/11/19 0:00,0.743688,0.7940671443939209
2003/11/20 0:00,0.738634,0.7939941883087158
2003/11/21 0:00,0.739317,0.7942032814025879
2003/11/22 0:00,0.739317,0.7942421436309814
2003/11/23 0:00,0.753438,0.7942020893096924
2003/11/24 0:00,0.746018,0.7939382791519165
2003/11/25 0:00,0.758754,0.7939903140068054
2003/11/26 0:00,0.75429,0.7940839529037476
2003/11/27 0:00,0.756344,0.7938286066055298
2003/11/28 0:00,0.754546,0.7938835620880127
2003/11/29 0:00,0.754546,0.793971061706543
2003/11/30 0:00,0.748811,0.7940019369125366
2003/12/1 0:00,0.744158,0.7934280633926392
2003/12/2 0:00,0.728147,0.7935511469841003
2003/12/3 0:00,0.734619,0.7934515476226807
2003/12/4 0:00,0.719011,0.7933902740478516
2003/12/5 0:00,0.718985,0.7937547564506531
2003/12/6 0:00,0.718985,0.7937950491905212
2003/12/7 0:00,0.721761,0.793707549571991
2003/12/8 0:00,0.716692,0.7935248017311096
2003/12/9 0:00,0.725058,0.7934779524803162
2003/12/10 0:00,0.718546,0.7938027381896973
2003/12/11 0:00,0.725742,0.7936122417449951
2003/12/12 0:00,0.725032,0.7936517000198364
2003/12/13 0:00,0.725032,0.7938060760498047
2003/12/14 0:00,0.740796,0.7938859462738037
2003/12/15 0:00,0.74118,0.7936511039733887
2003/12/16 0:00,0.738853,0.7940015196800232
2003/12/17 0:00,0.733595,0.7940427660942078
2003/12/18 0:00,0.742198,0.7939169406890869
2003/12/19 0:00,0.743467,0.7939608693122864
2003/12/20 0:00,0.743467,0.794211208820343
2003/12/21 0:00,0.746965,0.79373699426651
2003/12/22 0:00,0.741757,0.7937918901443481
2003/12/23 0:00,0.746352,0.7935351729393005
2003/12/24 0:00,0.728651,0.7938055992126465
2003/12/25 0:00,0.724822,0.7939519286155701
2003/12/26 0:00,0.725189,0.7938714623451233
2003/12/27 0:00,0.725189,0.7936897277832031
2003/12/28 0:00,0.734241,0.7937739491462708
2003/12/29 0:00,0.723641,0.7938216328620911
2003/12/30 0:00,0.729341,0.7937492728233337
2003/12/31 0:00,0.71449,0.7940438985824585
2004/1/1 0:00,0.710454,0.7933570146560669
2004/1/2 0:00,0.709799,0.793807864189148
2004/1/3 0:00,0.709799,0.7939241528511047
2004/1/4 0:00,0.713547,0.7937101125717163
2004/1/5 0:00,0.728147,0.7937149405479431
2004/1/6 0:00,0.723956,0.7940658926963806
2004/1/7 0:00,0.722961,0.7937377691268921
2004/1/8 0:00,0.716102,0.7939110398292542
2004/1/9 0:00,0.717,0.7942184209823608
2004/1/10 0:00,0.716255,0.7940304279327393
2004/1/11 0:00,0.712555,0.7940938472747803
2004/1/12 0:00,0.710227,0.7938018441200256
2004/1/13 0:00,0.712504,0.7939413189888
2004/1/14 0:00,0.729607,0.7940875291824341
2004/1/15 0:00,0.724297,0.7940597534179688
2004/1/16 0:00,0.72372,0.793859601020813
2004/1/17 0:00,0.72372,0.7941434383392334
2004/1/18 0:00,0.728518,0.7940624356269836
2004/1/19 0:00,0.721735,0.7943210005760193
2004/1/20 0:00,0.721996,0.7940058708190918
2004/1/21 0:00,0.710152,0.7941834330558777
2004/1/22 0:00,0.708617,0.7941203117370605
2004/1/23 0:00,0.711541,0.7940926551818848
2004/1/24 0:00,0.711541,0.7940393686294556
2004/1/25 0:00,0.707814,0.7941844463348389
2004/1/26 0:00,0.701853,0.7942344546318054
2004/1/27 0:00,0.705368,0.7941882610321045
2004/1/28 0:00,0.704399,0.7941656708717346
2004/1/29 0:00,0.706215,0.7939693927764893
2004/1/30 0:00,0.706215,0.7942020893096924
2004/1/31 0:00,0.706215,0.7940309047698975
2004/2/1 0:00,0.708567,0.7940288782119751
2004/2/2 0:00,0.718546,0.7942301034927368
2004/2/3 0:00,0.721007,0.7941608428955078
2004/2/4 0:00,0.725453,0.7940948009490967
2004/2/5 0:00,0.723432,0.7941074371337891
2004/2/6 0:00,0.723432,0.7942750453948975
2004/2/7 0:00,0.723432,0.7943329215049744
2004/2/8 0:00,0.732654,0.794193685054779
2004/2/9 0:00,0.732359,0.7940024733543396
2004/2/10 0:00,0.735294,0.7941176891326904
2004/2/11 0:00,0.732601,0.7943384647369385
2004/2/12 0:00,0.733299,0.7942472100257874
2004/2/13 0:00,0.736594,0.7943242192268372
2004/2/14 0:00,0.736594,0.794015645980835
2004/2/15 0:00,0.742005,0.7939443588256836
2004/2/16 0:00,0.74129,0.794247031211853
2004/2/17 0:00,0.738525,0.7941908240318298
2004/2/18 0:00,0.742308,0.794110119342804
2004/2/19 0:00,0.738416,0.7943370342254639
2004/2/20 0:00,0.737844,0.794084906578064
2004/2/21 0:00,0.737844,0.7942726016044617
2004/2/22 0:00,0.739098,0.7940214276313782
2004/2/23 0:00,0.737898,0.7941867709159851
2004/2/24 0:00,0.719528,0.7944344878196716
2004/2/25 0:00,0.713318,0.7942078113555908
2004/2/26 0:00,0.712504,0.7942824363708496
2004/2/27 0:00,0.712809,0.7940943837165833
2004/2/28 0:00,0.709572,0.7939795255661011
2004/2/29 0:00,0.714694,0.7942245006561279
2004/3/1 0:00,0.709069,0.7942270040512085
2004/3/2 0:00,0.706764,0.7943036556243896
2004/3/3 0:00,0.706564,0.7940964698791504
2004/3/4 0:00,0.704871,0.7940821647644043
2004/3/5 0:00,0.704275,0.7941983938217163
2004/3/6 0:00,0.700967,0.794278085231781
2004/3/7 0:00,0.706215,0.7943120002746582
2004/3/8 0:00,0.711238,0.7941937446594238
2004/3/9 0:00,0.707764,0.7941689491271973
2004/3/10 0:00,0.687947,0.7938681840896606
2004/3/11 0:00,0.683901,0.7942439317703247
2004/3/12 0:00,0.683901,0.7942255139350891
2004/3/13 0:00,0.683901,0.7941323518753052
2004/3/14 0:00,0.687947,0.7942096590995789
2004/3/15 0:00,0.694155,0.7941806316375732
2004/3/16 0:00,0.691372,0.7942554354667664
2004/3/17 0:00,0.700722,0.7940712571144104
2004/3/18 0:00,0.694734,0.7939910888671875
2004/3/19 0:00,0.696379,0.7941302061080933
2004/3/20 0:00,0.696379,0.7942711114883423
2004/3/21 0:00,0.698178,0.7941141724586487
2004/3/22 0:00,0.704821,0.7940685749053955
2004/3/23 0:00,0.703928,0.7051815986633301
2004/3/24 0:00,0.701557,0.7053860425949097
2004/3/25 0:00,0.694686,0.705631673336029
2004/3/26 0:00,0.695797,0.7060129046440125
2004/3/27 0:00,0.695797,0.7065635323524475
2004/3/28 0:00,0.700771,0.7074827551841736
2004/3/29 0:00,0.695362,0.7078152894973755
2004/3/30 0:00,0.693097,0.7069879770278931
2004/3/31 0:00,0.686012,0.7075303196907043
2004/4/1 0:00,0.699741,0.7080483436584473
2004/4/2 0:00,0.699986,0.7074450254440308
2004/4/3 0:00,0.699986,0.7068377733230591
2004/4/4 0:00,0.698812,0.7075353860855103
2004/4/5 0:00,0.695943,0.7073172330856323
2004/4/6 0:00,0.694011,0.7068491578102112
2004/4/7 0:00,0.686813,0.7068343758583069
2004/4/8 0:00,0.695507,0.707292377948761
2004/4/9 0:00,0.695072,0.7077251672744751
2004/4/10 0:00,0.695072,0.7081300616264343
2004/4/11 0:00,0.69935,0.7093836665153503
2004/4/12 0:00,0.701361,0.710252046585083
2004/4/13 0:00,0.707014,0.7101830244064331
2004/4/14 0:00,0.699399,0.7096924781799316
2004/4/15 0:00,0.700722,0.7104513645172119
2004/4/16 0:00,0.701459,0.7103936076164246
2004/4/17 0:00,0.700378,0.7110709547996521
2004/4/18 0:00,0.699301,0.7101225852966309
2004/4/19 0:00,0.707414,0.7105749845504761
2004/4/20 0:00,0.716435,0.7105106711387634
2004/4/21 0:00,0.714745,0.7110380530357361
2004/4/22 0:00,0.708215,0.710601806640625
2004/4/23 0:00,0.708215,0.7100105285644531
2004/4/24 0:00,0.709019,0.7109150290489197
2004/4/25 0:00,0.705219,0.7107358574867249
2004/4/26 0:00,0.705268,0.710774838924408
2004/4/27 0:00,0.702642,0.709877073764801
2004/4/28 0:00,0.707814,0.7100456357002258
2004/4/29 0:00,0.703185,0.710712194442749
2004/4/30 0:00,0.702889,0.7095762491226196
2004/5/1 0:00,0.702889,0.7100396752357483
2004/5/2 0:00,0.707864,0.7104548811912537
2004/5/3 0:00,0.709673,0.7105008363723755
2004/5/4 0:00,0.70927,0.7104844450950623
2004/5/5 0:00,0.707264,0.7104650139808655
2004/5/6 0:00,0.705567,0.7106900215148926
2004/5/7 0:00,0.705467,0.7110039591789246
2004/5/8 0:00,0.705467,0.7115267515182495
2004/5/9 0:00,0.702889,0.7113010287284851
2004/5/10 0:00,0.703779,0.7116963267326355
2004/5/11 0:00,0.708767,0.7116332054138184
2004/5/12 0:00,0.706664,0.7117710709571838
2004/5/13 0:00,0.714796,0.7110723853111267
2004/5/14 0:00,0.715922,0.7122665047645569
2004/5/15 0:00,0.715922,0.7112149000167847
2004/5/16 0:00,0.712758,0.7117036581039429
2004/5/17 0:00,0.710126,0.7117388248443604
2004/5/18 0:00,0.714337,0.7116100192070007
2004/5/19 0:00,0.710985,0.7113941311836243
2004/5/20 0:00,0.707714,0.7110611200332642
2004/5/21 0:00,0.707714,0.711201548576355
2004/5/22 0:00,0.707714,0.7117496728897095
2004/5/23 0:00,0.708617,0.7121562957763672
2004/5/24 0:00,0.710429,0.7111209630966187
2004/5/25 0:00,0.71048,0.7119283080101013
2004/5/26 0:00,0.711086,0.7123212218284607
2004/5/27 0:00,0.714592,0.7121629118919373
2004/5/28 0:00,0.717103,0.7115582823753357
2004/5/29 0:00,0.717103,0.712040901184082
2004/5/30 0:00,0.722543,0.7126133441925049
2004/5/31 0:00,0.714235,0.7126867771148682
2004/6/1 0:00,0.717103,0.712852954864502
2004/6/2 0:00,0.724008,0.7129160165786743
2004/6/3 0:00,0.727379,0.7136385440826416
2004/6/4 0:00,0.731689,0.7128449082374573
2004/6/5 0:00,0.731689,0.7126176357269287
2004/6/6 0:00,0.730941,0.7123954892158508
2004/6/7 0:00,0.720981,0.7127387523651123
2004/6/8 0:00,0.717309,0.7129331231117249
2004/6/9 0:00,0.711744,0.7129524350166321
2004/6/10 0:00,0.715666,0.7122863531112671
2004/6/11 0:00,0.715666,0.713015079498291
2004/6/12 0:00,0.717,0.7142991423606873
2004/6/13 0:00,0.720565,0.7132629752159119
2004/6/14 0:00,0.720098,0.7127050161361694
2004/6/15 0:00,0.71286,0.7132307887077332
2004/6/16 0:00,0.717257,0.7122501134872437
2004/6/17 0:00,0.70932,0.712235152721405
2004/6/18 0:00,0.707214,0.7120710015296936
2004/6/19 0:00,0.711086,0.7129302024841309
2004/6/20 0:00,0.693481,0.7121155858039856
2004/6/21 0:00,0.695507,0.7124794721603394
2004/6/22 0:00,0.675584,0.7121832370758057
2004/6/23 0:00,0.666667,0.7127889394760132
2004/6/24 0:00,0.676636,0.7118608355522156
2004/6/25 0:00,0.678472,0.712042510509491
2004/6/26 0:00,0.679902,0.7124815583229065
2004/6/27 0:00,0.674809,0.7117314338684082
2004/6/28 0:00,0.664143,0.7119354605674744
2004/6/29 0:00,0.66836,0.7118244171142578
2004/6/30 0:00,0.683434,0.7121108174324036
2004/7/1 0:00,0.677323,0.711925208568573
2004/7/2 0:00,0.678794,0.7119396328926086
2004/7/3 0:00,0.679486,0.712015688419342
2004/7/4 0:00,0.680041,0.7122303247451782
2004/7/5 0:00,0.682175,0.7124906182289124
2004/7/6 0:00,0.678012,0.7132151126861572
2004/7/7 0:00,0.680457,0.7124679088592529
2004/7/8 0:00,0.670736,0.7121080756187439
2004/7/9 0:00,0.672812,0.7113227248191833
2004/7/10 0:00,0.672812,0.7124563455581665
2004/7/11 0:00,0.662427,0.711595356464386
2004/7/12 0:00,0.662252,0.7117393016815186
2004/7/13 0:00,0.669478,0.711793839931488
2004/7/14 0:00,0.686106,0.7117931246757507
2004/7/15 0:00,0.687663,0.7111260890960693
2004/7/16 0:00,0.689798,0.712023138999939
2004/7/17 0:00,0.68899,0.7119694948196411
2004/7/18 0:00,0.696379,0.7123078107833862
2004/7/19 0:00,0.696864,0.7119602560997009
2004/7/20 0:00,0.698812,0.7113185524940491
2004/7/21 0:00,0.702839,0.7113785743713379
2004/7/22 0:00,0.705119,0.7115756869316101
2004/7/23 0:00,0.70497,0.7110105156898499
2004/7/24 0:00,0.705119,0.7110656499862671
2004/7/25 0:00,0.709371,0.7124454379081726
2004/7/26 0:00,0.708617,0.7111356258392334
2004/7/27 0:00,0.712708,0.7118585705757141
2004/7/28 0:00,0.711491,0.7119866013526917
2004/7/29 0:00,0.715001,0.7117789387702942
2004/7/30 0:00,0.713878,0.7111748456954956
2004/7/31 0:00,0.709874,0.7119001746177673
2004/8/1 0:00,0.708617,0.7120592594146729
2004/8/2 0:00,0.692617,0.7119830846786499
2004/8/3 0:00,0.68918,0.7118516564369202
2004/8/4 0:00,0.689227,0.7122128009796143
2004/8/5 0:00,0.688279,0.7120595574378967
2004/8/6 0:00,0.689655,0.7122635245323181
2004/8/7 0:00,0.689655,0.7122923731803894
2004/8/8 0:00,0.687616,0.7123668193817139
2004/8/9 0:00,0.693001,0.7120539546012878
2004/8/10 0:00,0.703977,0.7120662331581116
2004/8/11 0:00,0.706764,0.7118678092956543
2004/8/12 0:00,0.709371,0.7119640111923218
2004/8/13 0:00,0.710934,0.7116405963897705
2004/8/14 0:00,0.710934,0.7125816941261292
2004/8/15 0:00,0.709774,0.7122731804847717
2004/8/16 0:00,0.718339,0.7119466662406921
2004/8/17 0:00,0.722596,0.7123066186904907
2004/8/18 0:00,0.724113,0.7119172811508179
2004/8/19 0:00,0.710429,0.7117887735366821
2004/8/20 0:00,0.711187,0.711848258972168
2004/8/21 0:00,0.711187,0.7121838927268982
2004/8/22 0:00,0.705816,0.7124217748641968
2004/8/23 0:00,0.715461,0.712175190448761
2004/8/24 0:00,0.717978,0.7118253707885742
2004/8/25 0:00,0.725058,0.712134063243866
2004/8/26 0:00,0.725058,0.7122220993041992
2004/8/27 0:00,0.728597,0.7119261622428894
2004/8/28 0:00,0.72768,0.7125875353813171
2004/8/29 0:00,0.73455,0.7120948433876038
2004/8/30 0:00,0.731797,0.7125051021575928
2004/8/31 0:00,0.729341,0.7121523022651672
2004/9/1 0:00,0.725111,0.7122735381126404
2004/9/2 0:00,0.723956,0.7119887471199036
2004/9/3 0:00,0.7259,0.7120572328567505
2004/9/4 0:00,0.726375,0.7119495868682861
2004/9/5 0:00,0.731689,0.7120914459228516
2004/9/6 0:00,0.7347,0.7121433615684509
2004/9/7 0:00,0.733783,0.7122374773025513
2004/9/8 0:00,0.727749,0.712283194065094
2004/9/9 0:00,0.728916,0.7119227647781372
2004/9/10 0:00,0.732601,0.7119694948196411
2004/9/11 0:00,0.732601,0.712142825126648
2004/9/12 0:00,0.72881,0.7122153043746948
2004/9/13 0:00,0.720669,0.711870551109314
2004/9/14 0:00,0.716743,0.7121008634567261
2004/9/15 0:00,0.707714,0.7120996713638306
2004/9/16 0:00,0.708215,0.711927056312561
2004/9/17 0:00,0.705219,0.7120903730392456
2004/9/18 0:00,0.707814,0.71213698387146
2004/9/19 0:00,0.707814,0.7119154334068298
2004/9/20 0:00,0.713929,0.711753785610199
2004/9/21 0:00,0.716692,0.712480902671814
2004/9/22 0:00,0.707314,0.7120565176010132
2004/9/23 0:00,0.705716,0.7122071981430054
2004/9/24 0:00,0.702198,0.7115204930305481
2004/9/25 0:00,0.702198,0.7120217680931091
2004/9/26 0:00,0.705517,0.7120221257209778
2004/9/27 0:00,0.70502,0.7120843529701233
2004/9/28 0:00,0.697107,0.7118747234344482
2004/9/29 0:00,0.70373,0.7120403051376343
2004/9/30 0:00,0.711187,0.7117323875427246
2004/10/1 0:00,0.710278,0.712070643901825
2004/10/2 0:00,0.710278,0.71197509765625
2004/10/3 0:00,0.709019,0.7119356989860535
2004/10/4 0:00,0.697739,0.7122716307640076
2004/10/5 0:00,0.711845,0.7116811871528625
2004/10/6 0:00,0.713419,0.7119715213775635
2004/10/7 0:00,0.720773,0.7118880152702332
2004/10/8 0:00,0.721033,0.7120137810707092
2004/10/9 0:00,0.721033,0.7118757367134094
2004/10/10 0:00,0.7227,0.7115246653556824
2004/10/11 0:00,0.72197,0.711962878704071
2004/10/12 0:00,0.722074,0.7117856740951538
2004/10/13 0:00,0.724795,0.7116440534591675
2004/10/14 0:00,0.727431,0.7118189334869385
2004/10/15 0:00,0.72759,0.7117957472801208
2004/10/16 0:00,0.72759,0.7119513154029846
2004/10/17 0:00,0.733245,0.712189257144928
2004/10/18 0:00,0.736757,0.7120950222015381
2004/10/19 0:00,0.73303,0.7118326425552368
2004/10/20 0:00,0.723014,0.7121058702468872
2004/10/21 0:00,0.727114,0.7118626236915588
2004/10/22 0:00,0.726058,0.7115399241447449
2004/10/23 0:00,0.726058,0.711976170539856
2004/10/24 0:00,0.729182,0.7117594480514526
2004/10/25 0:00,0.728863,0.7122052907943726
2004/10/26 0:00,0.735727,0.7123344540596008
2004/10/27 0:00,0.73303,0.7115074396133423
2004/10/28 0:00,0.73346,0.7120031714439392
2004/10/29 0:00,0.734268,0.7119889259338379
2004/10/30 0:00,0.733568,0.7119271755218506
2004/10/31 0:00,0.735943,0.7122538089752197
2004/11/1 0:00,0.740192,0.7123913764953613
2004/11/2 0:00,0.737083,0.7123587727546692
2004/11/3 0:00,0.73346,0.7120596170425415
2004/11/4 0:00,0.743992,0.7118584513664246
2004/11/5 0:00,0.744269,0.7117749452590942
2004/11/6 0:00,0.74228,0.7117269039154053
2004/11/7 0:00,0.741125,0.7121296525001526
2004/11/8 0:00,0.747887,0.7120295763015747
2004/11/9 0:00,0.753012,0.7120900750160217
2004/11/10 0:00,0.748223,0.7121686339378357
2004/11/11 0:00,0.753012,0.7122492790222168
2004/11/12 0:00,0.754375,0.7119969725608826
2004/11/13 0:00,0.754375,0.711773693561554
2004/11/14 0:00,0.752615,0.7118415832519531
2004/11/15 0:00,0.752729,0.7115709185600281
2004/11/16 0:00,0.762544,0.7120791077613831
2004/11/17 0:00,0.757978,0.7115681767463684
2004/11/18 0:00,0.757576,0.7117375135421753
2004/11/19 0:00,0.755572,0.7116909623146057
2004/11/20 0:00,0.755572,0.712000846862793
2004/11/21 0:00,0.756716,0.7120649218559265
2004/11/22 0:00,0.748503,0.7124374508857727
2004/11/23 0:00,0.754318,0.7124537825584412
2004/11/24 0:00,0.746938,0.7123503088951111
2004/11/25 0:00,0.746102,0.7117911577224731
2004/11/26 0:00,0.746714,0.7117987871170044
2004/11/27 0:00,0.74499,0.7121064066886902
2004/11/28 0:00,0.75188,0.7117379903793335
2004/11/29 0:00,0.749681,0.7126364707946777
2004/11/30 0:00,0.74239,0.7122204303741455
2004/12/1 0:00,0.753409,0.7120230793952942
2004/12/2 0:00,0.762951,0.7128122448921204
2004/12/3 0:00,0.762486,0.7120107412338257
2004/12/4 0:00,0.762369,0.7124658823013306
2004/12/5 0:00,0.766284,0.7123550772666931
2004/12/6 0:00,0.772201,0.712384045124054
2004/12/7 0:00,0.775555,0.7123356461524963
2004/12/8 0:00,0.793588,0.7123982310295105
2004/12/9 0:00,0.795608,0.7124407887458801
2004/12/10 0:00,0.795482,0.7124380469322205
2004/12/11 0:00,0.795482,0.7123912572860718
2004/12/12 0:00,0.789391,0.7125223875045776
2004/12/13 0:00,0.787402,0.7125131487846375
2004/12/14 0:00,0.781067,0.7125640511512756
2004/12/15 0:00,0.779059,0.7125285863876343
2004/12/16 0:00,0.776337,0.7126571536064148
2004/12/17 0:00,0.773395,0.712651789188385
2004/12/18 0:00,0.773395,0.7126702666282654
2004/12/19 0:00,0.77682,0.7125850319862366
2004/12/20 0:00,0.767165,0.7125158309936523
2004/12/21 0:00,0.771843,0.7126198410987854
2004/12/22 0:00,0.777122,0.7124736309051514
2004/12/23 0:00,0.777122,0.7126063108444214
2004/12/24 0:00,0.77918,0.7126128673553467
2004/12/25 0:00,0.77918,0.7123411893844604
2004/12/26 0:00,0.771962,0.7121942043304443
2004/12/27 0:00,0.761151,0.7123763561248779
2004/12/28 0:00,0.762137,0.7123357057571411
2004/12/29 0:00,0.761151,0.7126603722572327
2004/12/30 0:00,0.749625,0.7122712135314941
2004/12/31 0:00,0.749625,0.7122372388839722
2005/1/1 0:00,0.750244,0.712284505367279
2005/1/2 0:00,0.744214,0.7123300433158875
2005/1/3 0:00,0.744325,0.7125913500785828
2005/1/4 0:00,0.755494,0.7122888565063477
2005/1/5 0:00,0.755744,0.7125412225723267
2005/1/6 0:00,0.762195,0.7123826146125793
2005/1/7 0:00,0.762602,0.712248682975769
2005/1/8 0:00,0.762602,0.7123588919639587
2005/1/9 0:00,0.759129,0.7122890949249268
2005/1/10 0:00,0.761615,0.7122607827186584
2005/1/11 0:00,0.747496,0.7123165726661682
2005/1/12 0:00,0.745712,0.7123393416404724
2005/1/13 0:00,0.747775,0.712326169013977
2005/1/14 0:00,0.748111,0.7123972177505493
2005/1/15 0:00,0.748111,0.712390661239624
2005/1/16 0:00,0.754774,0.7122803330421448
2005/1/17 0:00,0.752842,0.712274968624115
2005/1/18 0:00,0.744435,0.7123675346374512
2005/1/19 0:00,0.73616,0.7122443914413452
2005/1/20 0:00,0.735727,0.7121616005897522
2005/1/21 0:00,0.736106,0.7123225927352905
2005/1/22 0:00,0.736106,0.7122334837913513
2005/1/23 0:00,0.74217,0.7124065160751343
2005/1/24 0:00,0.743826,0.7122595310211182
2005/1/25 0:00,0.742942,0.7123991250991821
2005/1/26 0:00,0.748727,0.7123728394508362
2005/1/27 0:00,0.748727,0.7122717499732971
2005/1/28 0:00,0.749064,0.7125937938690186
2005/1/29 0:00,0.749064,0.7126143574714661
2005/1/30 0:00,0.747887,0.7124322056770325
2005/1/31 0:00,0.75523,0.7121883034706116
2005/2/1 0:00,0.764877,0.7124248147010803
2005/2/2 0:00,0.768403,0.7121784687042236
2005/2/3 0:00,0.778634,0.7119446992874146
2005/2/4 0:00,0.779606,0.7120946645736694
2005/2/5 0:00,0.779606,0.7123872637748718
2005/2/6 0:00,0.776096,0.7122510671615601
2005/2/7 0:00,0.767224,0.7125791907310486
2005/2/8 0:00,0.761673,0.7124152779579163
2005/2/9 0:00,0.758093,0.7123749852180481
2005/2/10 0:00,0.758495,0.7122119069099426
2005/2/11 0:00,0.759821,0.7120143175125122
2005/2/12 0:00,0.757576,0.7123326063156128
2005/2/13 0:00,0.762137,0.7122407555580139
2005/2/14 0:00,0.760052,0.7125078439712524
2005/2/15 0:00,0.759301,0.7121457457542419
2005/2/16 0:00,0.769231,0.7124214768409729
2005/2/17 0:00,0.768226,0.7121078968048096
2005/2/18 0:00,0.76693,0.7119382619857788
2005/2/19 0:00,0.767695,0.7124801874160767
2005/2/20 0:00,0.773455,0.7124435901641846
2005/2/21 0:00,0.770179,0.7122576832771301
2005/2/22 0:00,0.771724,0.7123232483863831
2005/2/23 0:00,0.755972,0.7124296426773071
2005/2/24 0:00,0.757691,0.7123835682868958
2005/2/25 0:00,0.757805,0.7122897505760193
2005/2/26 0:00,0.757805,0.7123402953147888
2005/2/27 0:00,0.763884,0.7121471762657166
2005/2/28 0:00,0.76365,0.7121967673301697
2005/3/1 0:00,0.766049,0.7123352885246277
2005/3/2 0:00,0.771188,0.7124468684196472
2005/3/3 0:00,0.772857,0.7122759819030762
2005/3/4 0:00,0.772201,0.7124073505401611
2005/3/5 0:00,0.772201,0.7124388217926025
2005/3/6 0:00,0.772559,0.7124015688896179
2005/3/7 0:00,0.780214,0.7123265862464905
2005/3/8 0:00,0.779788,0.7122600674629211
2005/3/9 0:00,0.772917,0.712448239326477
2005/3/10 0:00,0.76864,0.7122818231582642
2005/3/11 0:00,0.76858,0.7122726440429688
2005/3/12 0:00,0.76858,0.7121766209602356
2005/3/13 0:00,0.770179,0.7122849225997925
2005/3/14 0:00,0.777484,0.7121805548667908
2005/3/15 0:00,0.771426,0.7124538421630859
2005/3/16 0:00,0.76746,0.7121168375015259
2005/3/17 0:00,0.759071,0.7123073935508728
2005/3/18 0:00,0.760167,0.7123233675956726
2005/3/19 0:00,0.760167,0.7125833034515381
2005/3/20 0:00,0.75643,0.7121697068214417
2005/3/21 0:00,0.752106,0.7124043107032776
2005/3/22 0:00,0.751767,0.7121038436889648
2005/3/23 0:00,0.75884,0.7120703458786011
2005/3/24 0:00,0.762777,0.7121708989143372
2005/3/25 0:00,0.763359,0.7124245762825012
2005/3/26 0:00,0.763359,0.7123991250991821
2005/3/27 0:00,0.761035,0.7123915553092957
2005/3/28 0:00,0.748335,0.7125722169876099
2005/3/29 0:00,0.745657,0.7125517725944519
2005/3/30 0:00,0.747384,0.7124607563018799
2005/3/31 0:00,0.751145,0.712546706199646
2005/4/1 0:00,0.751145,0.7123850584030151
2005/4/2 0:00,0.750807,0.7125943899154663
2005/4/3 0:00,0.751428,0.7123903632164001
2005/4/4 0:00,0.750694,0.712552011013031
2005/4/5 0:00,0.74239,0.7126340270042419
2005/4/6 0:00,0.740302,0.7124871015548706
2005/4/7 0:00,0.736377,0.7124080061912537
2005/4/8 0:00,0.738662,0.7123435139656067
2005/4/9 0:00,0.736594,0.7124377489089966
2005/4/10 0:00,0.735835,0.71231609582901
2005/4/11 0:00,0.740412,0.7125168442726135
2005/4/12 0:00,0.739262,0.7124286890029907
2005/4/13 0:00,0.735294,0.7124439477920532
2005/4/14 0:00,0.744879,0.7125341296195984
2005/4/15 0:00,0.738007,0.7125293016433716
2005/4/16 0:00,0.731422,0.7124762535095215
2005/4/17 0:00,0.72998,0.7125540971755981
2005/4/18 0:00,0.718391,0.7125145196914673
2005/4/19 0:00,0.730407,0.7127164602279663
2005/4/20 0:00,0.730407,0.7125558853149414
2005/4/21 0:00,0.730407,0.7126255631446838
2005/4/22 0:00,0.73346,0.7126161456108093
2005/4/23 0:00,0.740521,0.7126592993736267
2005/4/24 0:00,0.74173,0.7126179337501526
2005/4/25 0:00,0.749963,0.7126380205154419
2005/4/26 0:00,0.749963,0.7125144600868225
2005/4/27 0:00,0.749963,0.7125566601753235
2005/4/28 0:00,0.749963,0.7126376032829285
2005/4/29 0:00,0.754205,0.7126398086547852
2005/4/30 0:00,0.755344,0.7124928832054138
2005/5/1 0:00,0.763475,0.7126417756080627
2005/5/2 0:00,0.764234,0.7125334143638611
2005/5/3 0:00,0.765755,0.7124825119972229
2005/5/4 0:00,0.767695,0.7124451994895935
2005/5/5 0:00,0.766989,0.7125629186630249
2005/5/6 0:00,0.766342,0.7123280167579651
2005/5/7 0:00,0.769053,0.7122824192047119
2005/5/8 0:00,0.778634,0.712318480014801
2005/5/9 0:00,0.776699,0.7123771905899048
2005/5/10 0:00,0.782411,0.7124139070510864
2005/5/11 0:00,0.783085,0.7124972939491272
2005/5/12 0:00,0.783085,0.7124541401863098
2005/5/13 0:00,0.781067,0.7125449776649475
2005/5/14 0:00,0.785731,0.7124751210212708
2005/5/15 0:00,0.788333,0.7125203609466553
2005/5/16 0:00,0.792707,0.7123703360557556
2005/5/17 0:00,0.798148,0.7124514579772949
2005/5/18 0:00,0.799552,0.7123196125030518
2005/5/19 0:00,0.797067,0.712381899356842
2005/5/20 0:00,0.789079,0.7123076319694519
2005/5/21 0:00,0.788022,0.7124468088150024
2005/5/22 0:00,0.795229,0.7124968767166138
2005/5/23 0:00,0.801989,0.7124199867248535
2005/5/24 0:00,0.801475,0.712290346622467
2005/5/25 0:00,0.80186,0.7124518752098083
2005/5/26 0:00,0.802053,0.7122855186462402
2005/5/27 0:00,0.799488,0.712324321269989
2005/5/28 0:00,0.805218,0.712372362613678
2005/5/29 0:00,0.805348,0.7123771905899048
2005/5/30 0:00,0.799361,0.712209165096283
2005/5/31 0:00,0.808407,0.7123056650161743
2005/6/1 0:00,0.807103,0.7122336626052856
2005/6/2 0:00,0.807103,0.7122542262077332
2005/6/3 0:00,0.808865,0.7124128341674805
2005/6/4 0:00,0.800512,0.7122489213943481
2005/6/5 0:00,0.790826,0.7123358845710754
2005/6/6 0:00,0.785484,0.7123591899871826
2005/6/7 0:00,0.793021,0.7123430967330933
2005/6/8 0:00,0.795292,0.7122376561164856
2005/6/9 0:00,0.795292,0.7122528553009033
2005/6/10 0:00,0.793462,0.7122341394424438
2005/6/11 0:00,0.792267,0.7122741341590881
2005/6/12 0:00,0.788333,0.7123088836669922
2005/6/13 0:00,0.797957,0.7122756242752075
2005/6/14 0:00,0.786906,0.7121968865394592
2005/6/15 0:00,0.787154,0.7121356725692749
2005/6/16 0:00,0.785176,0.7122118473052979
2005/6/17 0:00,0.78284,0.7121231555938721
2005/6/18 0:00,0.782473,0.7122429609298706
2005/6/19 0:00,0.788333,0.7123336791992188
2005/6/20 0:00,0.78964,0.7124073505401611
2005/6/21 0:00,0.799041,0.7122675180435181
2005/6/22 0:00,0.793399,0.7123887538909912
2005/6/23 0:00,0.793399,0.7121676206588745
2005/6/24 0:00,0.789889,0.7124227285385132
2005/6/25 0:00,0.796495,0.7122853994369507
2005/6/26 0:00,0.797957,0.7122659683227539
2005/6/27 0:00,0.809717,0.7123740911483765
2005/6/28 0:00,0.817394,0.7123149037361145
2005/6/29 0:00,0.818599,0.7123430967330933
2005/6/30 0:00,0.818599,0.7123804688453674
2005/7/1 0:00,0.817394,0.7122453451156616
2005/7/2 0:00,0.823316,0.7123045921325684
2005/7/3 0:00,0.820816,0.7122284770011902
2005/7/4 0:00,0.816393,0.7122363448143005
2005/7/5 0:00,0.817528,0.7122249603271484
2005/7/6 0:00,0.815794,0.7122066020965576
2005/7/7 0:00,0.815262,0.7122312784194946
2005/7/8 0:00,0.814266,0.7123521566390991
2005/7/9 0:00,0.821423,0.7121447324752808
2005/7/10 0:00,0.816127,0.7121820449829102
2005/7/11 0:00,0.827198,0.7123837471008301
2005/7/12 0:00,0.822436,0.7122584581375122
2005/7/13 0:00,0.823588,0.7122039794921875
2005/7/14 0:00,0.823588,0.7121769189834595
2005/7/15 0:00,0.813008,0.7121407985687256
2005/7/16 0:00,0.819269,0.7122548818588257
2005/7/17 0:00,0.806127,0.712128221988678
2005/7/18 0:00,0.801218,0.712000846862793
2005/7/19 0:00,0.810898,0.7120979428291321
2005/7/20 0:00,0.810504,0.7122055888175964
2005/7/21 0:00,0.810504,0.7121104001998901
2005/7/22 0:00,0.809389,0.7120782136917114
2005/7/23 0:00,0.811688,0.7120587229728699
2005/7/24 0:00,0.817929,0.7120877504348755
2005/7/25 0:00,0.81011,0.7120653390884399
2005/7/26 0:00,0.81182,0.7119573950767517
2005/7/27 0:00,0.811886,0.7120123505592346
2005/7/28 0:00,0.811886,0.7118990421295166
2005/7/29 0:00,0.804829,0.7118755578994751
2005/7/30 0:00,0.810504,0.7119010090827942
2005/7/31 0:00,0.823181,0.712063193321228
2005/8/1 0:00,0.826583,0.7121293544769287
2005/8/2 0:00,0.828226,0.7118919491767883
2005/8/3 0:00,0.827061,0.7119840979576111
2005/8/4 0:00,0.827061,0.7120516896247864
2005/8/5 0:00,0.8296,0.711976170539856
2005/8/6 0:00,0.828157,0.711966335773468
2005/8/7 0:00,0.826856,0.7120497226715088
2005/8/8 0:00,0.830979,0.7120805382728577
2005/8/9 0:00,0.834446,0.7118887305259705
2005/8/10 0:00,0.837802,0.7119657397270203
2005/8/11 0:00,0.833264,0.7119264602661133
2005/8/12 0:00,0.829669,0.7118515372276306
2005/8/13 0:00,0.819605,0.711881160736084
2005/8/14 0:00,0.83682,0.7120071649551392
2005/8/15 0:00,0.84317,0.7118479013442993
2005/8/16 0:00,0.845094,0.711874783039093
2005/8/17 0:00,0.843597,0.7116400003433228
2005/8/18 0:00,0.843597,0.7117526531219482
2005/8/19 0:00,0.843811,0.7118414640426636
2005/8/20 0:00,0.856238,0.7117887139320374
2005/8/21 0:00,0.855798,0.7118489146232605
2005/8/22 0:00,0.863334,0.7117404937744141
2005/8/23 0:00,0.865127,0.7118118405342102
2005/8/24 0:00,0.864678,0.7119068503379822
2005/8/25 0:00,0.864379,0.7118932604789734
2005/8/26 0:00,0.866176,0.7116588950157166
2005/8/27 0:00,0.87146,0.711776077747345
2005/8/28 0:00,0.870019,0.7117490768432617
2005/8/29 0:00,0.871536,0.7116262912750244
2005/8/30 0:00,0.877501,0.711675226688385
2005/8/31 0:00,0.87727,0.7117215394973755
2005/9/1 0:00,0.87727,0.7114386558532715
2005/9/2 0:00,0.874355,0.7117553353309631
2005/9/3 0:00,0.869036,0.7117363214492798
2005/9/4 0:00,0.863856,0.7117279767990112
2005/9/5 0:00,0.843811,0.7114949822425842
2005/9/6 0:00,0.845237,0.7116526365280151
2005/9/7 0:00,0.83167,0.7117279767990112
2005/9/8 0:00,0.83167,0.711601734161377
2005/9/9 0:00,0.830358,0.7115626931190491
2005/9/10 0:00,0.816193,0.7117038369178772
2005/9/11 0:00,0.817661,0.7114974856376648
2005/9/12 0:00,0.824742,0.7116075754165649
2005/9/13 0:00,0.833611,0.7115606665611267
2005/9/14 0:00,0.831393,0.7116215825080872
2005/9/15 0:00,0.831393,0.7116795778274536
2005/9/16 0:00,0.829738,0.7115216255187988
2005/9/17 0:00,0.8351,0.7115640640258789
2005/9/18 0:00,0.837381,0.7116842269897461
2005/9/19 0:00,0.81974,0.7114756107330322
2005/9/20 0:00,0.820681,0.7116055488586426
2005/9/21 0:00,0.823995,0.7114924192428589
2005/9/22 0:00,0.823995,0.7115676999092102
2005/9/23 0:00,0.825083,0.7113571763038635
2005/9/24 0:00,0.832362,0.711373507976532
2005/9/25 0:00,0.827198,0.7113457918167114
2005/9/26 0:00,0.829738,0.711428165435791
2005/9/27 0:00,0.840195,0.7115077972412109
2005/9/28 0:00,0.839842,0.7113220691680908
2005/9/29 0:00,0.843668,0.7113397717475891
2005/9/30 0:00,0.851209,0.711438000202179
2005/10/1 0:00,0.85162,0.7112531065940857
2005/10/2 0:00,0.84674,0.7112846374511719
2005/10/3 0:00,0.831947,0.7112957835197449
2005/10/4 0:00,0.831808,0.711330235004425
2005/10/5 0:00,0.832362,0.7113021612167358
2005/10/6 0:00,0.822301,0.7112240791320801
2005/10/7 0:00,0.818465,0.7112812995910645
2005/10/8 0:00,0.825627,0.711276650428772
2005/10/9 0:00,0.822301,0.7114030718803406
2005/10/10 0:00,0.830979,0.7112482786178589
2005/10/11 0:00,0.819807,0.711331844329834
2005/10/12 0:00,0.816127,0.7113649845123291
2005/10/13 0:00,0.778028,0.7113578915596008
2005/10/14 0:00,0.778816,0.7113325595855713
2005/10/15 0:00,0.772618,0.7112868428230286
2005/10/16 0:00,0.793903,0.7112612128257751
2005/10/17 0:00,0.778634,0.7113330364227295
2005/10/18 0:00,0.76746,0.7114141583442688
2005/10/19 0:00,0.759013,0.7112508416175842
2005/10/20 0:00,0.762486,0.7112231254577637
2005/10/21 0:00,0.766754,0.7110642790794373
2005/10/22 0:00,0.76929,0.7111591696739197
2005/10/23 0:00,0.78456,0.7110005021095276
2005/10/24 0:00,0.780457,0.7111213207244873
2005/10/25 0:00,0.798148,0.7113220691680908
2005/10/26 0:00,0.791703,0.7113161087036133
2005/10/27 0:00,0.796369,0.7110288143157959
2005/10/28 0:00,0.794786,0.7112049460411072
2005/10/29 0:00,0.793336,0.7109784483909607
2005/10/30 0:00,0.801603,0.7113311290740967
2005/10/31 0:00,0.797194,0.7112051248550415
2005/11/1 0:00,0.79277,0.7112607359886169
2005/11/2 0:00,0.821693,0.711275041103363
2005/11/3 0:00,0.810898,0.7112902998924255
2005/11/4 0:00,0.793462,0.7112838625907898
2005/11/5 0:00,0.788955,0.7111396193504333
2005/11/6 0:00,0.791766,0.7110057473182678
2005/11/7 0:00,0.791515,0.7111384272575378
2005/11/8 0:00,0.795229,0.7111108899116516
2005/11/9 0:00,0.79466,0.7110542058944702
2005/11/10 0:00,0.785762,0.7109701037406921
2005/11/11 0:00,0.776398,0.7109230756759644
2005/11/12 0:00,0.786411,0.7110027074813843
2005/11/13 0:00,0.778634,0.7109863758087158
2005/11/14 0:00,0.76864,0.7108625173568726
2005/11/15 0:00,0.768699,0.7108455300331116
2005/11/16 0:00,0.761905,0.7109358310699463
2005/11/17 0:00,0.757031,0.7109087705612183
2005/11/18 0:00,0.756487,0.7109217047691345
2005/11/19 0:00,0.747105,0.7107874155044556
2005/11/20 0:00,0.745629,0.7107651233673096
2005/11/21 0:00,0.740357,0.7109400033950806
2005/11/22 0:00,0.741565,0.7108154296875
2005/11/23 0:00,0.741785,0.7105770707130432
2005/11/24 0:00,0.755059,0.7107199430465698
2005/11/25 0:00,0.762253,0.7108678221702576
2005/11/26 0:00,0.776759,0.7106915712356567
2005/11/27 0:00,0.777152,0.7107837796211243
2005/11/28 0:00,0.777363,0.7107490301132202
2005/11/29 0:00,0.78183,0.7107185125350952
2005/11/30 0:00,0.778513,0.7106233835220337
2005/12/1 0:00,0.773485,0.7106161117553711
2005/12/2 0:00,0.773156,0.7104609608650208
2005/12/3 0:00,0.773395,0.7105843424797058
2005/12/4 0:00,0.773395,0.7104923129081726
2005/12/5 0:00,0.762021,0.7103518843650818
2005/12/6 0:00,0.763534,0.710543692111969
2005/12/7 0:00,0.751174,0.7106228470802307
2005/12/8 0:00,0.75392,0.7103320360183716
2005/12/9 0:00,0.763009,0.7104657888412476
2005/12/10 0:00,0.75706,0.7103555798530579
2005/12/11 0:00,0.769112,0.7104324102401733
2005/12/12 0:00,0.767401,0.7104501724243164
2005/12/13 0:00,0.774893,0.7105571627616882
2005/12/14 0:00,0.773814,0.7104603052139282
2005/12/15 0:00,0.773994,0.7103371024131775
2005/12/16 0:00,0.772022,0.7103901505470276
2005/12/17 0:00,0.769172,0.7104151248931885
2005/12/18 0:00,0.77006,0.7103009223937988
2005/12/19 0:00,0.780457,0.7104721069335938
2005/12/20 0:00,0.777484,0.7105492949485779
2005/12/21 0:00,0.777484,0.7104748487472534
2005/12/22 0:00,0.778816,0.7103887796401978
2005/12/23 0:00,0.789889,0.7103363275527954
2005/12/24 0:00,0.781616,0.7102788686752319
2005/12/25 0:00,0.781433,0.7103946805000305
2005/12/26 0:00,0.785176,0.7103559970855713
2005/12/27 0:00,0.794976,0.7102996706962585
2005/12/28 0:00,0.794597,0.7101975083351135
2005/12/29 0:00,0.792456,0.7104495167732239
2005/12/30 0:00,0.792519,0.7104408144950867
2005/12/31 0:00,0.793588,0.7102208733558655
2006/1/1 0:00,0.800064,0.7101239562034607
2006/1/2 0:00,0.805088,0.7102276086807251
2006/1/3 0:00,0.810636,0.7103353142738342
2006/1/4 0:00,0.809323,0.7103856205940247
2006/1/5 0:00,0.805088,0.7103938460350037
2006/1/6 0:00,0.821558,0.7104800939559937
2006/1/7 0:00,0.823723,0.7103408575057983
2006/1/8 0:00,0.819236,0.7102783918380737
2006/1/9 0:00,0.824674,0.7102888226509094
2006/1/10 0:00,0.834585,0.7103481292724609
2006/1/11 0:00,0.835143,0.7102158069610596
2006/1/12 0:00,0.83619,0.71021968126297
2006/1/13 0:00,0.835946,0.7102339267730713
2006/1/14 0:00,0.833611,0.7100095748901367
2006/1/15 0:00,0.83612,0.7100527286529541
2006/1/16 0:00,0.833889,0.710090696811676
2006/1/17 0:00,0.83647,0.7099817991256714
2006/1/18 0:00,0.8285,0.7099640369415283
2006/1/19 0:00,0.826583,0.7101130485534668
2006/1/20 0:00,0.835213,0.7101423740386963
2006/1/21 0:00,0.832085,0.709992527961731
2006/1/22 0:00,0.837802,0.7100688219070435
2006/1/23 0:00,0.831117,0.7098180055618286
2006/1/24 0:00,0.832293,0.7100149393081665
2006/1/25 0:00,0.840089,0.7099010944366455
2006/1/26 0:00,0.83668,0.7099303603172302
2006/1/27 0:00,0.829463,0.7100874185562134
2006/1/28 0:00,0.833403,0.7099851965904236
2006/1/29 0:00,0.83647,0.709822952747345
2006/1/30 0:00,0.835701,0.7098731994628906
2006/1/31 0:00,0.840477,0.7099182605743408
2006/2/1 0:00,0.837591,0.7098115086555481
2006/2/2 0:00,0.840124,0.7098199725151062
2006/2/3 0:00,0.840054,0.7098682522773743
2006/2/4 0:00,0.83091,0.7097253799438477
2006/2/5 0:00,0.828947,0.7096973657608032
2006/2/6 0:00,0.821828,0.7097446322441101
2006/2/7 0:00,0.810767,0.709652304649353
2006/2/8 0:00,0.819739,0.709794282913208
2006/2/9 0:00,0.824063,0.709743857383728
2006/2/10 0:00,0.82149,0.7097166776657104
2006/2/11 0:00,0.821355,0.7096475958824158
2006/2/12 0:00,0.821355,0.7095720171928406
2006/2/13 0:00,0.816793,0.7096537351608276
2006/2/14 0:00,0.821828,0.7097876071929932
2006/2/15 0:00,0.809192,0.7096659541130066
2006/2/16 0:00,0.819605,0.7097960114479065
2006/2/17 0:00,0.825014,0.7097033858299255
2006/2/18 0:00,0.824402,0.7098411917686462
2006/2/19 0:00,0.824402,0.7096697092056274
2006/2/20 0:00,0.826583,0.7097203135490417
2006/2/21 0:00,0.817528,0.709618091583252
2006/2/22 0:00,0.814399,0.7096027135848999
2006/2/23 0:00,0.808767,0.709664523601532
2006/2/24 0:00,0.817127,0.7095553278923035
2006/2/25 0:00,0.819437,0.7095586061477661
2006/2/26 0:00,0.819437,0.7095494270324707
2006/2/27 0:00,0.820917,0.7095529437065125
2006/2/28 0:00,0.821625,0.7094857096672058
2006/3/1 0:00,0.81626,0.7095378041267395
2006/3/2 0:00,0.813603,0.7095984816551208
2006/3/3 0:00,0.820883,0.7096227407455444
2006/3/4 0:00,0.818465,0.7094239592552185
2006/3/5 0:00,0.82464,0.7095868587493896
2006/3/6 0:00,0.823452,0.7094298601150513
2006/3/7 0:00,0.81473,0.7094863057136536
2006/3/8 0:00,0.816327,0.7094147205352783
2006/3/9 0:00,0.819403,0.7094252109527588
2006/3/10 0:00,0.81606,0.7093144655227661
2006/3/11 0:00,0.81606,0.709439218044281
2006/3/12 0:00,0.82291,0.709282398223877
2006/3/13 0:00,0.814531,0.8231354355812073
2006/3/14 0:00,0.818264,0.8223129510879517
2006/3/15 0:00,0.827061,0.8230088353157043
2006/3/16 0:00,0.824334,0.823388397693634
2006/3/17 0:00,0.823045,0.8233497738838196
2006/3/18 0:00,0.823045,0.8240882158279419
2006/3/19 0:00,0.821018,0.8255696296691895
2006/3/20 0:00,0.822504,0.8250092267990112
2006/3/21 0:00,0.816127,0.8249644041061401
2006/3/22 0:00,0.81314,0.8252215385437012
2006/3/23 0:00,0.817595,0.8253921866416931
2006/3/24 0:00,0.811162,0.8260314464569092
2006/3/25 0:00,0.813074,0.8263082504272461
2006/3/26 0:00,0.814133,0.8261359930038452
2006/3/27 0:00,0.822504,0.8266713619232178
2006/3/28 0:00,0.817127,0.8267271518707275
2006/3/29 0:00,0.815129,0.827937126159668
2006/3/30 0:00,0.80952,0.8272915482521057
2006/3/31 0:00,0.799233,0.8277026414871216
2006/4/1 0:00,0.794849,0.8280807137489319
2006/4/2 0:00,0.795735,0.8285103440284729
2006/4/3 0:00,0.795672,0.8284212350845337
2006/4/4 0:00,0.788146,0.829116702079773
2006/4/5 0:00,0.786473,0.8295068144798279
2006/4/6 0:00,0.786658,0.8296534419059753
2006/4/7 0:00,0.785608,0.8303501009941101
2006/4/8 0:00,0.779423,0.829750657081604
2006/4/9 0:00,0.770921,0.8294355273246765
2006/4/10 0:00,0.765111,0.8300061821937561
2006/4/11 0:00,0.767224,0.830858588218689
2006/4/12 0:00,0.752729,0.8305780291557312
2006/4/13 0:00,0.756716,0.830803632736206
2006/4/14 0:00,0.756716,0.8304364681243896
2006/4/15 0:00,0.762021,0.8309969902038574
2006/4/16 0:00,0.75815,0.8307434916496277
2006/4/17 0:00,0.749344,0.8315317630767822
2006/4/18 0:00,0.750751,0.8312225341796875
2006/4/19 0:00,0.755401,0.8307380080223083
2006/4/20 0:00,0.75375,0.8307527303695679
2006/4/21 0:00,0.760861,0.8312264680862427
2006/4/22 0:00,0.760803,0.8314604759216309
2006/4/23 0:00,0.755116,0.8313870429992676
2006/4/24 0:00,0.753807,0.831102728843689
2006/4/25 0:00,0.752955,0.8314530849456787
2006/4/26 0:00,0.754262,0.8324277400970459
2006/4/27 0:00,0.755658,0.83173006772995
2006/4/28 0:00,0.755344,0.8318347930908203
2006/4/29 0:00,0.768344,0.832746148109436
2006/4/30 0:00,0.77098,0.8328845500946045
2006/5/1 0:00,0.76929,0.8331446647644043
2006/5/2 0:00,0.772618,0.8335297107696533
2006/5/3 0:00,0.775675,0.8334929943084717
2006/5/4 0:00,0.779545,0.8342142701148987
2006/5/5 0:00,0.77991,0.8338527679443359
2006/5/6 0:00,0.787836,0.8343714475631714
2006/5/7 0:00,0.791515,0.83448326587677
2006/5/8 0:00,0.797957,0.834402322769165
2006/5/9 0:00,0.795862,0.8352643251419067
2006/5/10 0:00,0.788581,0.8354179263114929
2006/5/11 0:00,0.791264,0.8358051180839539
2006/5/12 0:00,0.790576,0.8356777429580688
2006/5/13 0:00,0.790576,0.8357127904891968
2006/5/14 0:00,0.786596,0.8360342979431152
2006/5/15 0:00,0.791327,0.8362700343132019
2006/5/16 0:00,0.791202,0.8362036347389221
2006/5/17 0:00,0.784929,0.8363801836967468
2006/5/18 0:00,0.802504,0.8372688293457031
2006/5/19 0:00,0.801475,0.8370388150215149
2006/5/20 0:00,0.801475,0.8370688557624817
2006/5/21 0:00,0.8036,0.836999773979187
2006/5/22 0:00,0.804376,0.8379563093185425
2006/5/23 0:00,0.804441,0.8376493453979492
2006/5/24 0:00,0.803988,0.8376519083976746
2006/5/25 0:00,0.796749,0.8375416994094849
2006/5/26 0:00,0.797957,0.837777316570282
2006/5/27 0:00,0.796622,0.8382717967033386
2006/5/28 0:00,0.795545,0.8381651043891907
2006/5/29 0:00,0.798531,0.8380292654037476
2006/5/30 0:00,0.790202,0.8382675051689148
2006/5/31 0:00,0.794786,0.8382518291473389
2006/6/1 0:00,0.797067,0.8383533954620361
2006/6/2 0:00,0.797703,0.8384847044944763
2006/6/3 0:00,0.800064,0.8389067649841309
2006/6/4 0:00,0.802439,0.8396255970001221
2006/6/5 0:00,0.798786,0.8395911455154419
2006/6/6 0:00,0.799744,0.8399463891983032
2006/6/7 0:00,0.799744,0.8398652076721191
2006/6/8 0:00,0.788457,0.8405521512031555
2006/6/9 0:00,0.785299,0.8408666253089905
2006/6/10 0:00,0.790077,0.8409906625747681
2006/6/11 0:00,0.80186,0.8418681025505066
2006/6/12 0:00,0.809717,0.8416535258293152
2006/6/13 0:00,0.808407,0.8422291278839111
2006/6/14 0:00,0.810504,0.8425015807151794
2006/6/15 0:00,0.813008,0.842994213104248
2006/6/16 0:00,0.808407,0.8431218862533569
2006/6/17 0:00,0.818264,0.8430410027503967
2006/6/18 0:00,0.819001,0.844097375869751
2006/6/19 0:00,0.819001,0.84477698802948
2006/6/20 0:00,0.821153,0.8448495268821716
2006/6/21 0:00,0.816127,0.8457154631614685
2006/6/22 0:00,0.815328,0.8461450338363647
2006/6/23 0:00,0.811162,0.8472519516944885
2006/6/24 0:00,0.81215,0.8469163179397583
2006/6/25 0:00,0.808538,0.8475910425186157
2006/6/26 0:00,0.805802,0.847906231880188
2006/6/27 0:00,0.806712,0.8488134741783142
2006/6/28 0:00,0.81103,0.8486425280570984
2006/6/29 0:00,0.807233,0.8486649394035339
2006/6/30 0:00,0.807624,0.849717915058136
2006/7/1 0:00,0.807624,0.8501612544059753
2006/7/2 0:00,0.809061,0.850799560546875
2006/7/3 0:00,0.810964,0.8513564467430115
2006/7/4 0:00,0.808865,0.8526269197463989
2006/7/5 0:00,0.814001,0.8520718216896057
2006/7/6 0:00,0.811952,0.8522708415985107
2006/7/7 0:00,0.809454,0.8525339365005493
2006/7/8 0:00,0.804117,0.8532319068908691
2006/7/9 0:00,0.802826,0.8538676500320435
2006/7/10 0:00,0.798276,0.85383540391922
2006/7/11 0:00,0.803084,0.8543503284454346
2006/7/12 0:00,0.803729,0.8550019264221191
2006/7/13 0:00,0.797575,0.855011522769928
2006/7/14 0:00,0.793462,0.8553506135940552
2006/7/15 0:00,0.79447,0.8557044267654419
2006/7/16 0:00,0.802761,0.855995774269104
2006/7/17 0:00,0.812018,0.8566779494285583
2006/7/18 0:00,0.809389,0.8570732474327087
2006/7/19 0:00,0.818666,0.8572171926498413
2006/7/20 0:00,0.819471,0.8571719527244568
2006/7/21 0:00,0.829325,0.8570525050163269
2006/7/22 0:00,0.829119,0.8579775094985962
2006/7/23 0:00,0.825832,0.8578048348426819
2006/7/24 0:00,0.826925,0.8585900664329529
2006/7/25 0:00,0.827883,0.8589639067649841
2006/7/26 0:00,0.827541,0.8585726618766785
2006/7/27 0:00,0.830634,0.859173059463501
2006/7/28 0:00,0.820075,0.8594046235084534
2006/7/29 0:00,0.825627,0.8594666123390198
2006/7/30 0:00,0.823859,0.8597370386123657
2006/7/31 0:00,0.831808,0.8595550656318665
2006/8/1 0:00,0.830392,0.8594032526016235
2006/8/2 0:00,0.829187,0.8600650429725647
2006/8/3 0:00,0.827883,0.8599773049354553
2006/8/4 0:00,0.819135,0.8604782819747925
2006/8/5 0:00,0.822639,0.8604193329811096
2006/8/6 0:00,0.818733,0.8600760102272034
2006/8/7 0:00,0.818063,0.8602911829948425
2006/8/8 0:00,0.821288,0.8601384162902832
2006/8/9 0:00,0.816927,0.8606691956520081
2006/8/10 0:00,0.815461,0.8605551719665527
2006/8/11 0:00,0.8188,0.8604244589805603
2006/8/12 0:00,0.816993,0.8605562448501587
2006/8/13 0:00,0.81686,0.8607041239738464
2006/8/14 0:00,0.81686,0.860323965549469
2006/8/15 0:00,0.819001,0.8606582880020142
2006/8/16 0:00,0.813603,0.86000657081604
2006/8/17 0:00,0.822301,0.860550582408905
2006/8/18 0:00,0.821693,0.8603489995002747
2006/8/19 0:00,0.816593,0.86069655418396
2006/8/20 0:00,0.815927,0.8606774210929871
2006/8/21 0:00,0.816593,0.8607028126716614
2006/8/22 0:00,0.811688,0.8610326051712036
2006/8/23 0:00,0.817127,0.8607053756713867
2006/8/24 0:00,0.821625,0.8605020642280579
2006/8/25 0:00,0.82149,0.8602808713912964
2006/8/26 0:00,0.818867,0.8605712056159973
2006/8/27 0:00,0.820749,0.860503077507019
2006/8/28 0:00,0.821828,0.8608540296554565
2006/8/29 0:00,0.827404,0.8609392642974854
2006/8/30 0:00,0.82631,0.8603537082672119
2006/8/31 0:00,0.825287,0.8603611588478088
2006/9/1 0:00,0.82481,0.8608084917068481
2006/9/2 0:00,0.827678,0.8605098724365234
2006/9/3 0:00,0.8259,0.8603762984275818
2006/9/4 0:00,0.816793,0.8607147932052612
2006/9/5 0:00,0.814399,0.8605930209159851
2006/9/6 0:00,0.814067,0.8606582283973694
2006/9/7 0:00,0.817394,0.8613821864128113
2006/9/8 0:00,0.819471,0.8610694408416748
2006/9/9 0:00,0.811293,0.8612180948257446
2006/9/10 0:00,0.809389,0.8610137104988098
2006/9/11 0:00,0.808571,0.8613066673278809
2006/9/12 0:00,0.812546,0.8615473508834839
2006/9/13 0:00,0.81813,0.8617397546768188
2006/9/14 0:00,0.814797,0.8619341850280762
2006/9/15 0:00,0.811754,0.8618898391723633
2006/9/16 0:00,0.81493,0.861416220664978
2006/9/17 0:00,0.823859,0.8614773750305176
2006/9/18 0:00,0.824029,0.8617750406265259
2006/9/19 0:00,0.821895,0.8622130751609802
2006/9/20 0:00,0.821052,0.8620696663856506
2006/9/21 0:00,0.82291,0.8615524768829346
2006/9/22 0:00,0.821625,0.8619332313537598
2006/9/23 0:00,0.819706,0.8617401719093323
2006/9/24 0:00,0.820143,0.8614757061004639
2006/9/25 0:00,0.820143,0.8622589707374573
2006/9/26 0:00,0.821659,0.8627400994300842
2006/9/27 0:00,0.824436,0.8624186515808105
2006/9/28 0:00,0.824674,0.8623759746551514
2006/9/29 0:00,0.832709,0.8625475168228149
2006/9/30 0:00,0.832882,0.8631287813186646
2006/10/1 0:00,0.832535,0.8633222579956055
2006/10/2 0:00,0.832535,0.862677812576294
2006/10/3 0:00,0.834168,0.8630377054214478
2006/10/4 0:00,0.837872,0.8635997772216797
2006/10/5 0:00,0.843846,0.862718939781189
2006/10/6 0:00,0.844096,0.8628559112548828
2006/10/7 0:00,0.846346,0.8629831075668335
2006/10/8 0:00,0.846346,0.8627828359603882
2006/10/9 0:00,0.844238,0.8622819185256958
2006/10/10 0:00,0.842212,0.8628730177879333
2006/10/11 0:00,0.83675,0.863160252571106
2006/10/12 0:00,0.833229,0.8629552721977234
2006/10/13 0:00,0.824368,0.8628640174865723
2006/10/14 0:00,0.82352,0.8624098896980286
2006/10/15 0:00,0.822571,0.8626253008842468
2006/10/16 0:00,0.821558,0.8624205589294434
2006/10/17 0:00,0.815894,0.8623807430267334
2006/10/18 0:00,0.817361,0.8623997569084167
2006/10/19 0:00,0.820883,0.8628814816474915
2006/10/20 0:00,0.81984,0.8639005422592163
2006/10/21 0:00,0.826856,0.8635750412940979
2006/10/22 0:00,0.827369,0.8633087873458862
2006/10/23 0:00,0.833854,0.8634655475616455
2006/10/24 0:00,0.832258,0.8634483814239502
2006/10/25 0:00,0.828844,0.8635951280593872
2006/10/26 0:00,0.831843,0.8635571002960205
2006/10/27 0:00,0.831843,0.8642515540122986
2006/10/28 0:00,0.835143,0.8637691736221313
2006/10/29 0:00,0.834376,0.8642041683197021
2006/10/30 0:00,0.83956,0.8643298745155334
2006/10/31 0:00,0.842212,0.8638455271720886
2006/11/1 0:00,0.837311,0.8646602034568787
2006/11/2 0:00,0.836645,0.8647962212562561
2006/11/3 0:00,0.836645,0.864150881767273
2006/11/4 0:00,0.839701,0.8641418218612671
2006/11/5 0:00,0.839137,0.8645132780075073
2006/11/6 0:00,0.841043,0.8649141192436218
2006/11/7 0:00,0.841008,0.8651520013809204
2006/11/8 0:00,0.834829,0.864722728729248
2006/11/9 0:00,0.837135,0.8654485940933228
2006/11/10 0:00,0.837135,0.8655930757522583
2006/11/11 0:00,0.836645,0.8646830320358276
2006/11/12 0:00,0.839772,0.8649702668190002
2006/11/13 0:00,0.842851,0.8655218482017517
2006/11/14 0:00,0.838891,0.8650982975959778
2006/11/15 0:00,0.837416,0.8647929430007935
2006/11/16 0:00,0.837276,0.8649075031280518
2006/11/17 0:00,0.837276,0.8652750849723816
2006/11/18 0:00,0.830875,0.8645802736282349
2006/11/19 0:00,0.837521,0.8652140498161316
2006/11/20 0:00,0.831497,0.8651874661445618
2006/11/21 0:00,0.839137,0.8655307292938232
2006/11/22 0:00,0.846776,0.8655118942260742
2006/11/23 0:00,0.845309,0.865307092666626
2006/11/24 0:00,0.84513,0.8655134439468384
2006/11/25 0:00,0.845916,0.8648219704627991
2006/11/26 0:00,0.844309,0.8649658560752869
2006/11/27 0:00,0.842673,0.865189254283905
2006/11/28 0:00,0.830392,0.8651589155197144
2006/11/29 0:00,0.835178,0.8655210137367249
2006/11/30 0:00,0.836225,0.8658688068389893
2006/12/1 0:00,0.836225,0.8648392558097839
2006/12/2 0:00,0.8371,0.8650698661804199
2006/12/3 0:00,0.84207,0.8654937744140625
2006/12/4 0:00,0.840407,0.865559458732605
2006/12/5 0:00,0.847099,0.8654089570045471
2006/12/6 0:00,0.84563,0.8654717206954956
2006/12/7 0:00,0.845166,0.8655593395233154
2006/12/8 0:00,0.844916,0.8659677505493164
2006/12/9 0:00,0.845309,0.8654586672782898
2006/12/10 0:00,0.848284,0.8657783269882202
2006/12/11 0:00,0.8364,0.8658030033111572
2006/12/12 0:00,0.834864,0.8656728863716125
2006/12/13 0:00,0.838223,0.866073727607727
2006/12/14 0:00,0.837977,0.8654218912124634
2006/12/15 0:00,0.837977,0.8658488988876343
2006/12/16 0:00,0.838399,0.8659586906433105
2006/12/17 0:00,0.8243,0.8660168647766113
2006/12/18 0:00,0.823316,0.866011381149292
2006/12/19 0:00,0.828672,0.8660296201705933
2006/12/20 0:00,0.824606,0.8655057549476624
2006/12/21 0:00,0.825151,0.8657526969909668
2006/12/22 0:00,0.822774,0.8658306002616882
2006/12/23 0:00,0.829738,0.865909218788147
2006/12/24 0:00,0.830599,0.8665034174919128
2006/12/25 0:00,0.827096,0.8657854199409485
2006/12/26 0:00,0.819672,0.8661973476409912
2006/12/27 0:00,0.821794,0.8666075468063354
2006/12/28 0:00,0.822064,0.8664556741714478
2006/12/29 0:00,0.825423,0.8663774132728577
2006/12/30 0:00,0.825219,0.8661239147186279
2006/12/31 0:00,0.825593,0.866263747215271
2007/1/1 0:00,0.822571,0.8666115999221802
2007/1/2 0:00,0.827198,0.8663846850395203
2007/1/3 0:00,0.827438,0.8665229082107544
2007/1/4 0:00,0.827438,0.8664482831954956
2007/1/5 0:00,0.825866,0.8659018278121948
2007/1/6 0:00,0.823791,0.8662651777267456
2007/1/7 0:00,0.822571,0.8668610453605652
2007/1/8 0:00,0.831878,0.8666174411773682
2007/1/9 0:00,0.83462,0.8662072420120239
2007/1/10 0:00,0.836225,0.8666234016418457
2007/1/11 0:00,0.836225,0.8666887879371643
2007/1/12 0:00,0.83462,0.8662768006324768
2007/1/13 0:00,0.837381,0.8665332198143005
2007/1/14 0:00,0.835981,0.8665515184402466
2007/1/15 0:00,0.836715,0.8670493960380554
2007/1/16 0:00,0.836225,0.8664436340332031
2007/1/17 0:00,0.837205,0.8668535947799683
2007/1/18 0:00,0.837205,0.8667894601821899
2007/1/19 0:00,0.838434,0.8667303919792175
2007/1/20 0:00,0.841999,0.8669767379760742
2007/1/21 0:00,0.843811,0.8674450516700745
2007/1/22 0:00,0.838153,0.8669176697731018
2007/1/23 0:00,0.842957,0.8671974539756775
2007/1/24 0:00,0.840619,0.8668032884597778
2007/1/25 0:00,0.843064,0.8673538565635681
2007/1/26 0:00,0.845952,0.8671115040779114
2007/1/27 0:00,0.852115,0.8671748638153076
2007/1/28 0:00,0.856788,0.8674967288970947
2007/1/29 0:00,0.86326,0.867333173751831
2007/1/30 0:00,0.858001,0.8672175407409668
2007/1/31 0:00,0.858922,0.8673069477081299
2007/2/1 0:00,0.858848,0.8676154613494873
2007/2/2 0:00,0.845666,0.8676420450210571
2007/2/3 0:00,0.850593,0.8678629994392395
2007/2/4 0:00,0.843917,0.867734432220459
2007/2/5 0:00,0.842495,0.8676931858062744
2007/2/6 0:00,0.843526,0.8679009079933167
2007/2/7 0:00,0.841928,0.8676148653030396
2007/2/8 0:00,0.841751,0.8681887984275818
2007/2/9 0:00,0.840795,0.8682999014854431
2007/2/10 0:00,0.840407,0.8676823377609253
2007/2/11 0:00,0.845988,0.867778480052948
2007/2/12 0:00,0.852515,0.8678432703018188
2007/2/13 0:00,0.849005,0.8677070140838623
2007/2/14 0:00,0.847925,0.8676080107688904
2007/2/15 0:00,0.847925,0.8677737712860107
2007/2/16 0:00,0.856751,0.867769718170166
2007/2/17 0:00,0.856898,0.8676102161407471
2007/2/18 0:00,0.849618,0.867650032043457
2007/2/19 0:00,0.849654,0.8675111532211304
2007/2/20 0:00,0.853898,0.8674147129058838
2007/2/21 0:00,0.853279,0.867637038230896
2007/2/22 0:00,0.853279,0.867361307144165
2007/2/23 0:00,0.851644,0.8676208853721619
2007/2/24 0:00,0.845309,0.867480456829071
2007/2/25 0:00,0.838785,0.867505669593811
2007/2/26 0:00,0.843241,0.867802619934082
2007/2/27 0:00,0.831221,0.867699384689331
2007/2/28 0:00,0.830254,0.8675755262374878
2007/3/1 0:00,0.830254,0.8672058582305908
2007/3/2 0:00,0.823757,0.8673773407936096
2007/3/3 0:00,0.819706,0.8675395250320435
2007/3/4 0:00,0.821895,0.8677458763122559
2007/3/5 0:00,0.818398,0.8681202530860901
2007/3/6 0:00,0.807461,0.8677505850791931
2007/3/7 0:00,0.806354,0.8677546977996826
2007/3/8 0:00,0.806354,0.8678677082061768
2007/3/9 0:00,0.81626,0.8679566383361816
2007/3/10 0:00,0.817595,0.8675975203514099
2007/3/11 0:00,0.807657,0.8675872683525085
2007/3/12 0:00,0.814332,0.8673813343048096
2007/3/13 0:00,0.808309,0.8676248788833618
2007/3/14 0:00,0.809848,0.8679336905479431
2007/3/15 0:00,0.809848,0.8674440979957581
2007/3/16 0:00,0.808407,0.8674609661102295
2007/3/17 0:00,0.809029,0.8675968050956726
2007/3/18 0:00,0.812381,0.8679442405700684
2007/3/19 0:00,0.808211,0.8673216700553894
2007/3/20 0:00,0.796242,0.8675128817558289
2007/3/21 0:00,0.810701,0.8678907752037048
2007/3/22 0:00,0.797416,0.8676733374595642
2007/3/23 0:00,0.793588,0.8673460483551025
2007/3/24 0:00,0.802343,0.8675152063369751
2007/3/25 0:00,0.787247,0.867684006690979
2007/3/26 0:00,0.788768,0.8673120141029358
2007/3/27 0:00,0.788768,0.8678514361381531
2007/3/28 0:00,0.789858,0.867845892906189
2007/3/29 0:00,0.785793,0.8676592111587524
2007/3/30 0:00,0.798244,0.8677157759666443
2007/3/31 0:00,0.804182,0.866984486579895
2007/4/1 0:00,0.805445,0.8670393228530884
2007/4/2 0:00,0.805056,0.8666343092918396
2007/4/3 0:00,0.805056,0.8665677309036255
2007/4/4 0:00,0.799456,0.8668444752693176
2007/4/5 0:00,0.800833,0.8666227459907532
2007/4/6 0:00,0.804182,0.866916298866272
2007/4/7 0:00,0.774054,0.8672116994857788
2007/4/8 0:00,0.775104,0.8667486906051636
2007/4/9 0:00,0.775795,0.8670477867126465
2007/4/10 0:00,0.773994,0.8669785261154175
2007/4/11 0:00,0.778665,0.867142379283905
2007/4/12 0:00,0.778938,0.8671475648880005
2007/4/13 0:00,0.773694,0.8671367168426514
2007/4/14 0:00,0.774353,0.8668584227561951
2007/4/15 0:00,0.774353,0.8673850893974304
2007/4/16 0:00,0.781158,0.8671949505805969
2007/4/17 0:00,0.774893,0.867569625377655
2007/4/18 0:00,0.777091,0.8670756220817566
2007/4/19 0:00,0.784037,0.8669072985649109
2007/4/20 0:00,0.769675,0.8672893643379211
2007/4/21 0:00,0.770951,0.8674204349517822
2007/4/22 0:00,0.770951,0.867111086845398
2007/4/23 0:00,0.780183,0.8670839667320251
2007/4/24 0:00,0.786102,0.867201566696167
2007/4/25 0:00,0.780457,0.8672247529029846
2007/4/26 0:00,0.779484,0.8674979209899902
2007/4/27 0:00,0.778119,0.8667430877685547
2007/4/28 0:00,0.777968,0.8667929768562317
2007/4/29 0:00,0.777968,0.8670485615730286
2007/4/30 0:00,0.780671,0.8670403957366943
2007/5/1 0:00,0.788675,0.8672603368759155
2007/5/2 0:00,0.789952,0.8673310875892639
2007/5/3 0:00,0.790014,0.8672743439674377
2007/5/4 0:00,0.794092,0.8671389222145081
2007/5/5 0:00,0.793273,0.8672981858253479
2007/5/6 0:00,0.793273,0.867068886756897
2007/5/7 0:00,0.796432,0.8669291138648987
2007/5/8 0:00,0.799424,0.8668941259384155
2007/5/9 0:00,0.79186,0.8669382929801941
2007/5/10 0:00,0.807559,0.8670773506164551
2007/5/11 0:00,0.808375,0.8671619892120361
2007/5/12 0:00,0.808669,0.8670177459716797
2007/5/13 0:00,0.808669,0.8665785789489746
2007/5/14 0:00,0.801603,0.8666589260101318
2007/5/15 0:00,0.796972,0.8666286468505859
2007/5/16 0:00,0.796147,0.8664969205856323
2007/5/17 0:00,0.788208,0.8662285804748535
2007/5/18 0:00,0.784806,0.8665854930877686
2007/5/19 0:00,0.783331,0.8663256168365479
2007/5/20 0:00,0.783331,0.866389274597168
2007/5/21 0:00,0.780122,0.8665974140167236
2007/5/22 0:00,0.790701,0.8662097454071045
2007/5/23 0:00,0.796686,0.866561770439148
2007/5/24 0:00,0.802858,0.866096556186676
2007/5/25 0:00,0.803859,0.8660081028938293
2007/5/26 0:00,0.803859,0.8658490180969238
2007/5/27 0:00,0.803859,0.865520715713501
2007/5/28 0:00,0.801507,0.8660575151443481
2007/5/29 0:00,0.795355,0.8656923174858093
2007/5/30 0:00,0.803213,0.8656777143478394
2007/5/31 0:00,0.80694,0.8654038906097412
2007/6/1 0:00,0.809487,0.8651690483093262
2007/6/2 0:00,0.810307,0.8653577566146851
2007/6/3 0:00,0.810143,0.8653959631919861
2007/6/4 0:00,0.807005,0.8649522662162781
2007/6/5 0:00,0.798085,0.8650538325309753
2007/6/6 0:00,0.789484,0.8650318384170532
2007/6/7 0:00,0.784652,0.8645521998405457
2007/6/8 0:00,0.781403,0.8646062016487122
2007/6/9 0:00,0.780244,0.8645346760749817
2007/6/10 0:00,0.780244,0.8642340302467346
2007/6/11 0:00,0.784745,0.864533007144928
2007/6/12 0:00,0.778847,0.8641515970230103
2007/6/13 0:00,0.779606,0.8639482855796814
2007/6/14 0:00,0.777333,0.8638163208961487
2007/6/15 0:00,0.773754,0.8637850284576416
2007/6/16 0:00,0.772618,0.8634839057922363
2007/6/17 0:00,0.772738,0.8640351295471191
2007/6/18 0:00,0.781036,0.8634374141693115
2007/6/19 0:00,0.778695,0.8634510040283203
2007/6/20 0:00,0.791014,0.8633795976638794
2007/6/21 0:00,0.788395,0.8635802865028381
2007/6/22 0:00,0.80016,0.8632813692092896
2007/6/23 0:00,0.800064,0.8628867268562317
2007/6/24 0:00,0.800064,0.8625921010971069
2007/6/25 0:00,0.802633,0.8629504442214966
2007/6/26 0:00,0.806647,0.8621407151222229
2007/6/27 0:00,0.808669,0.8622182011604309
2007/6/28 0:00,0.814465,0.8620069622993469
2007/6/29 0:00,0.814531,0.8620328903198242
2007/6/30 0:00,0.813041,0.8619186282157898
2007/7/1 0:00,0.813041,0.861634373664856
2007/7/2 0:00,0.81716,0.8613548278808594
2007/7/3 0:00,0.824097,0.861175537109375
2007/7/4 0:00,0.823825,0.8613239526748657
2007/7/5 0:00,0.835631,0.8608717918395996
2007/7/6 0:00,0.838574,0.8603811264038086
2007/7/7 0:00,0.83675,0.8600612878799438
2007/7/8 0:00,0.83675,0.8600667715072632
2007/7/9 0:00,0.837907,0.8599460124969482
2007/7/10 0:00,0.829153,0.8595775365829468
2007/7/11 0:00,0.824844,0.859545886516571
2007/7/12 0:00,0.827301,0.8588852286338806
2007/7/13 0:00,0.827404,0.858603835105896
2007/7/14 0:00,0.827952,0.8586986660957336
2007/7/15 0:00,0.827849,0.8581395149230957
2007/7/16 0:00,0.831808,0.8572631478309631
2007/7/17 0:00,0.827198,0.857030987739563
2007/7/18 0:00,0.82672,0.8563053011894226
2007/7/19 0:00,0.830082,0.8561605215072632
2007/7/20 0:00,0.832743,0.8557756543159485
2007/7/21 0:00,0.831635,0.8552402853965759
2007/7/22 0:00,0.831635,0.854614794254303
2007/7/23 0:00,0.832952,0.8545792698860168
2007/7/24 0:00,0.829325,0.8540472984313965
2007/7/25 0:00,0.828981,0.8527428507804871
2007/7/26 0:00,0.829256,0.8527922630310059
2007/7/27 0:00,0.832743,0.8520890474319458
2007/7/28 0:00,0.832258,0.8516571521759033
2007/7/29 0:00,0.832258,0.8515247106552124
2007/7/30 0:00,0.83661,0.8506372570991516
2007/7/31 0:00,0.836645,0.8502185940742493
2007/8/1 0:00,0.841468,0.8496052622795105
2007/8/2 0:00,0.850847,0.849338173866272
2007/8/3 0:00,0.849545,0.8488332033157349
2007/8/4 0:00,0.850232,0.8485873937606812
2007/8/5 0:00,0.850232,0.8480778336524963
2007/8/6 0:00,0.846704,0.8476520776748657
2007/8/7 0:00,0.851716,0.8472936749458313
2007/8/8 0:00,0.838188,0.8463186025619507
2007/8/9 0:00,0.834934,0.8458102941513062
2007/8/10 0:00,0.828157,0.8452367186546326
2007/8/11 0:00,0.827952,0.8446105122566223
2007/8/12 0:00,0.827952,0.8442440032958984
2007/8/13 0:00,0.82905,0.8440021872520447
2007/8/14 0:00,0.824674,0.8428739309310913
2007/8/15 0:00,0.825866,0.8427169322967529
2007/8/16 0:00,0.82631,0.8427067399024963
2007/8/17 0:00,0.822842,0.8413730263710022
2007/8/18 0:00,0.826856,0.8409472703933716
2007/8/19 0:00,0.826856,0.8404432535171509
2007/8/20 0:00,0.828363,0.8405603170394897
2007/8/21 0:00,0.830151,0.8397753834724426
2007/8/22 0:00,0.838504,0.8392592668533325
2007/8/23 0:00,0.833959,0.8391302824020386
2007/8/24 0:00,0.825014,0.8387001156806946
2007/8/25 0:00,0.825287,0.8379679918289185
2007/8/26 0:00,0.824742,0.8380641937255859
2007/8/27 0:00,0.823418,0.8375884890556335
2007/8/28 0:00,0.821963,0.8371137976646423
2007/8/29 0:00,0.825968,0.8363768458366394
2007/8/30 0:00,0.827952,0.8373243808746338
2007/8/31 0:00,0.832466,0.835913360118866
2007/9/1 0:00,0.832952,0.8361590504646301
2007/9/2 0:00,0.834272,0.83549565076828
2007/9/3 0:00,0.83689,0.8351815342903137
2007/9/4 0:00,0.83375,0.8351738452911377
2007/9/5 0:00,0.829703,0.8348693251609802
2007/9/6 0:00,0.820883,0.8346354961395264
2007/9/7 0:00,0.816593,0.8342794179916382
2007/9/8 0:00,0.819538,0.8339957594871521
2007/9/9 0:00,0.819538,0.8340190649032593
2007/9/10 0:00,0.818599,0.8337127566337585
2007/9/11 0:00,0.819236,0.833735466003418
2007/9/12 0:00,0.813074,0.8328853845596313
2007/9/13 0:00,0.811754,0.8337918519973755
2007/9/14 0:00,0.815328,0.8334917426109314
2007/9/15 0:00,0.813041,0.8334841728210449
2007/9/16 0:00,0.813041,0.8334884643554688
2007/9/17 0:00,0.818297,0.8335578441619873
2007/9/18 0:00,0.82464,0.8327953219413757
2007/9/19 0:00,0.817261,0.8324758410453796
2007/9/20 0:00,0.820647,0.8329679369926453
2007/9/21 0:00,0.827335,0.8328073620796204
2007/9/22 0:00,0.828466,0.8323564529418945
2007/9/23 0:00,0.828466,0.8328198790550232
2007/9/24 0:00,0.826856,0.8322311043739319
2007/9/25 0:00,0.831843,0.8328431844711304
2007/9/26 0:00,0.82247,0.8330780267715454
2007/9/27 0:00,0.823452,0.8324680924415588
2007/9/28 0:00,0.8259,0.832973062992096
2007/9/29 0:00,0.826754,0.8325983285903931
2007/9/30 0:00,0.826754,0.832747757434845
2007/10/1 0:00,0.826549,0.8334738612174988
2007/10/2 0:00,0.824606,0.8324098587036133
2007/10/3 0:00,0.822538,0.8328337073326111
2007/10/4 0:00,0.817461,0.8330450654029846
2007/10/5 0:00,0.821355,0.832942545413971
2007/10/6 0:00,0.820951,0.8327720165252686
2007/10/7 0:00,0.820951,0.8328251242637634
2007/10/8 0:00,0.82122,0.8333744406700134
2007/10/9 0:00,0.818565,0.8333324193954468
2007/10/10 0:00,0.818331,0.8340410590171814
2007/10/11 0:00,0.81576,0.8340058326721191
2007/10/12 0:00,0.81813,0.8339383602142334
2007/10/13 0:00,0.814764,0.832789421081543
2007/10/14 0:00,0.814764,0.8331394195556641
2007/10/15 0:00,0.821288,0.833884596824646
2007/10/16 0:00,0.823249,0.8335894346237183
2007/10/17 0:00,0.822233,0.8344039916992188
2007/10/18 0:00,0.820244,0.8342816829681396
2007/10/19 0:00,0.829531,0.8343791365623474
2007/10/20 0:00,0.827438,0.8349810838699341
2007/10/21 0:00,0.827438,0.8342594504356384
2007/10/22 0:00,0.828535,0.8342880606651306
2007/10/23 0:00,0.828432,0.8349809646606445
2007/10/24 0:00,0.828569,0.8348575830459595
2007/10/25 0:00,0.825014,0.8349329233169556
2007/10/26 0:00,0.828706,0.8352978825569153
2007/10/27 0:00,0.830461,0.8343793749809265
2007/10/28 0:00,0.830461,0.8345478773117065
2007/10/29 0:00,0.83605,0.8349104523658752
2007/10/30 0:00,0.839208,0.8348884582519531
2007/10/31 0:00,0.834794,0.834862232208252
2007/11/1 0:00,0.832154,0.8349050879478455
2007/11/2 0:00,0.826276,0.8355259895324707
2007/11/3 0:00,0.825934,0.8357219696044922
2007/11/4 0:00,0.825934,0.8355832099914551
2007/11/5 0:00,0.826241,0.8357182145118713
2007/11/6 0:00,0.831635,0.8356431722640991
2007/11/7 0:00,0.830979,0.8355845212936401
2007/11/8 0:00,0.832154,0.8363350629806519
2007/11/9 0:00,0.824844,0.8364384174346924
2007/11/10 0:00,0.821355,0.8365042805671692
2007/11/11 0:00,0.821355,0.8365694284439087
2007/11/12 0:00,0.823486,0.8362535834312439
2007/11/13 0:00,0.825355,0.8371174931526184
2007/11/14 0:00,0.827609,0.8369669914245605
2007/11/15 0:00,0.814034,0.8366158604621887
2007/11/16 0:00,0.808931,0.8373628258705139
2007/11/17 0:00,0.808669,0.8376793265342712
2007/11/18 0:00,0.808669,0.8377324342727661
2007/11/19 0:00,0.810931,0.8376666307449341
2007/11/20 0:00,0.819336,0.8383212685585022
2007/11/21 0:00,0.820378,0.8381982445716858
2007/11/22 0:00,0.82713,0.8392203450202942
2007/11/23 0:00,0.828054,0.8391658663749695
2007/11/24 0:00,0.829635,0.8394865989685059
2007/11/25 0:00,0.829635,0.8394412994384766
2007/11/26 0:00,0.827438,0.8403121829032898
2007/11/27 0:00,0.833681,0.8408642411231995
2007/11/28 0:00,0.831739,0.8411471843719482
2007/11/29 0:00,0.83375,0.8408523797988892
2007/11/30 0:00,0.836575,0.8405582308769226
2007/12/1 0:00,0.836925,0.8411808609962463
2007/12/2 0:00,0.836925,0.8421266078948975
2007/12/3 0:00,0.83605,0.8422976732254028
2007/12/4 0:00,0.830806,0.841633677482605
2007/12/5 0:00,0.83091,0.8422585725784302
2007/12/6 0:00,0.828603,0.8428749442100525
2007/12/7 0:00,0.82802,0.8420113921165466
2007/12/8 0:00,0.828157,0.8422505855560303
2007/12/9 0:00,0.828157,0.8421074748039246
2007/12/10 0:00,0.83382,0.8424555063247681
2007/12/11 0:00,0.833542,0.8422730565071106
2007/12/12 0:00,0.829256,0.8424213528633118
2007/12/13 0:00,0.837661,0.8420018553733826
2007/12/14 0:00,0.838926,0.841719925403595
2007/12/15 0:00,0.838328,0.842118501663208
2007/12/16 0:00,0.838328,0.8419046998023987
2007/12/17 0:00,0.836575,0.8421187400817871
2007/12/18 0:00,0.837802,0.8417596817016602
2007/12/19 0:00,0.841928,0.8418363928794861
2007/12/20 0:00,0.848644,0.8417828679084778
2007/12/21 0:00,0.845666,0.841778576374054
2007/12/22 0:00,0.846848,0.841873288154602
2007/12/23 0:00,0.846848,0.841361403465271
2007/12/24 0:00,0.84631,0.8416974544525146
2007/12/25 0:00,0.847889,0.8415112495422363
2007/12/26 0:00,0.848896,0.8412437438964844
2007/12/27 0:00,0.856678,0.8409337401390076
2007/12/28 0:00,0.853825,0.8405126333236694
2007/12/29 0:00,0.854664,0.8408204913139343
2007/12/30 0:00,0.854664,0.8406112194061279
2007/12/31 0:00,0.857412,0.8399035930633545
2008/1/1 0:00,0.863558,0.8397859334945679
2008/1/2 0:00,0.86285,0.8393637537956238
2008/1/3 0:00,0.854372,0.839352011680603
2008/1/4 0:00,0.854701,0.8391634225845337
2008/1/5 0:00,0.853643,0.8388444185256958
2008/1/6 0:00,0.853643,0.8387420177459717
2008/1/7 0:00,0.854117,0.8386513590812683
2008/1/8 0:00,0.856091,0.8382386565208435
2008/1/9 0:00,0.860067,0.8380678296089172
2008/1/10 0:00,0.86734,0.8381487131118774
2008/1/11 0:00,0.865202,0.8377672433853149
2008/1/12 0:00,0.866138,0.8376375436782837
2008/1/13 0:00,0.866138,0.8369667530059814
2008/1/14 0:00,0.867528,0.837264358997345
2008/1/15 0:00,0.865576,0.8367254734039307
2008/1/16 0:00,0.855688,0.8368233442306519
2008/1/17 0:00,0.853752,0.8366641998291016
2008/1/18 0:00,0.857927,0.8367087841033936
2008/1/19 0:00,0.859956,0.8364338278770447
2008/1/20 0:00,0.859956,0.8365100026130676
2008/1/21 0:00,0.859734,0.8362514972686768
2008/1/22 0:00,0.867453,0.8360556364059448
2008/1/23 0:00,0.865164,0.8360031843185425
2008/1/24 0:00,0.869679,0.8356460928916931
2008/1/25 0:00,0.868093,0.8352239727973938
2008/1/26 0:00,0.86915,0.8352749347686768
2008/1/27 0:00,0.86915,0.8347570896148682
2008/1/28 0:00,0.867679,0.8350273370742798
2008/1/29 0:00,0.863819,0.8347666263580322
2008/1/30 0:00,0.861772,0.8342669010162354
2008/1/31 0:00,0.857817,0.8344776034355164
2008/2/1 0:00,0.857412,0.8343782424926758
2008/2/2 0:00,0.857155,0.8342071175575256
2008/2/3 0:00,0.857155,0.8343498110771179
2008/2/4 0:00,0.855761,0.8343616127967834
2008/2/5 0:00,0.859919,0.8343722820281982
2008/2/6 0:00,0.858222,0.8339493870735168
2008/2/7 0:00,0.856311,0.8337514400482178
2008/2/8 0:00,0.858222,0.8343065977096558
2008/2/9 0:00,0.857596,0.8335885405540466
2008/2/10 0:00,0.857964,0.8336713910102844
2008/2/11 0:00,0.85317,0.8337445855140686
2008/2/12 0:00,0.855542,0.8338249921798706
2008/2/13 0:00,0.860919,0.8343565464019775
2008/2/14 0:00,0.862664,0.8335188627243042
2008/2/15 0:00,0.866664,0.8337749242782593
2008/2/16 0:00,0.866439,0.8335420489311218
2008/2/17 0:00,0.866852,0.8336755037307739
2008/2/18 0:00,0.868357,0.8332404494285583
2008/2/19 0:00,0.876501,0.8332723379135132
2008/2/20 0:00,0.867754,0.8338096141815186
2008/2/21 0:00,0.865202,0.8337451815605164
2008/2/22 0:00,0.861289,0.83375084400177
2008/2/23 0:00,0.861364,0.8339471817016602
2008/2/24 0:00,0.861364,0.8337184190750122
2008/2/25 0:00,0.86218,0.8338192701339722
2008/2/26 0:00,0.863558,0.8337733745574951
2008/2/27 0:00,0.866889,0.834078311920166
2008/2/28 0:00,0.863894,0.8341245651245117
2008/2/29 0:00,0.863371,0.8339468836784363
2008/3/1 0:00,0.862589,0.8342399597167969
2008/3/2 0:00,0.862776,0.8626183271408081
2008/3/3 0:00,0.863036,0.8623265027999878
2008/3/4 0:00,0.856348,0.8621811270713806
2008/3/5 0:00,0.855103,0.8624702095985413
2008/3/6 0:00,0.855578,0.8620727062225342
2008/3/7 0:00,0.855066,0.8620111346244812
2008/3/8 0:00,0.85492,0.8620421886444092
2008/3/9 0:00,0.854153,0.861828088760376
2008/3/10 0:00,0.855359,0.8621155023574829
2008/3/11 0:00,0.853352,0.8620027303695679
2008/3/12 0:00,0.848608,0.8621674180030823
2008/3/13 0:00,0.846024,0.8623386025428772
2008/3/14 0:00,0.849329,0.862094521522522
2008/3/15 0:00,0.849618,0.8620281219482422
2008/3/16 0:00,0.849618,0.8618456125259399
2008/3/17 0:00,0.845059,0.8615089654922485
2008/3/18 0:00,0.842637,0.861251950263977
2008/3/19 0:00,0.841361,0.8608587384223938
2008/3/20 0:00,0.850557,0.860385537147522
2008/3/21 0:00,0.850123,0.8598566055297852
2008/3/22 0:00,0.850051,0.8595541715621948
2008/3/23 0:00,0.850051,0.8593874573707581
2008/3/24 0:00,0.84886,0.8594830632209778
2008/3/25 0:00,0.8511,0.8587809205055237
2008/3/26 0:00,0.855871,0.8584948778152466
2008/3/27 0:00,0.867905,0.8580970168113708
2008/3/28 0:00,0.866476,0.857646107673645
2008/3/29 0:00,0.866363,0.8576061725616455
2008/3/30 0:00,0.866363,0.8571063876152039
2008/3/31 0:00,0.867227,0.8569933772087097
2008/4/1 0:00,0.865014,0.8567346930503845
2008/4/2 0:00,0.868432,0.8569057583808899
2008/4/3 0:00,0.870777,0.856647789478302
2008/4/4 0:00,0.869641,0.8569265604019165
2008/4/5 0:00,0.869754,0.8566451668739319
2008/4/6 0:00,0.869754,0.8565469980239868
2008/4/7 0:00,0.87108,0.8565813899040222
2008/4/8 0:00,0.868697,0.8561786413192749
2008/4/9 0:00,0.873248,0.8560621738433838
2008/4/10 0:00,0.876962,0.8560935854911804
2008/4/11 0:00,0.87677,0.8557964563369751
2008/4/12 0:00,0.877732,0.8554584980010986
2008/4/13 0:00,0.877732,0.8551832437515259
2008/4/14 0:00,0.875197,0.8549001812934875
2008/4/15 0:00,0.878002,0.8549954295158386
2008/4/16 0:00,0.876539,0.8545774221420288
2008/4/17 0:00,0.875388,0.8544014096260071
2008/4/18 0:00,0.874317,0.8543885946273804
2008/4/19 0:00,0.873935,0.8539415001869202
2008/4/20 0:00,0.873935,0.8533387184143066
2008/4/21 0:00,0.876463,0.8532412052154541
2008/4/22 0:00,0.879121,0.853245735168457
2008/4/23 0:00,0.880049,0.8529379963874817
2008/4/24 0:00,0.882379,0.8525328636169434
2008/4/25 0:00,0.881057,0.8526519536972046
2008/4/26 0:00,0.881057,0.8525104522705078
2008/4/27 0:00,0.881057,0.852003812789917
2008/4/28 0:00,0.879701,0.8523192405700684
2008/4/29 0:00,0.876463,0.8522318601608276
2008/4/30 0:00,0.870928,0.8520223498344421
2008/5/1 0:00,0.869981,0.8520082831382751
2008/5/2 0:00,0.868923,0.8519275784492493
2008/5/3 0:00,0.868998,0.8519384264945984
2008/5/4 0:00,0.869943,0.8520375490188599
2008/5/5 0:00,0.868998,0.8516731262207031
2008/5/6 0:00,0.866401,0.8514273166656494
2008/5/7 0:00,0.868583,0.8514636158943176
2008/5/8 0:00,0.858406,0.8512587547302246
2008/5/9 0:00,0.855139,0.8515950441360474
2008/5/10 0:00,0.855322,0.8515453338623047
2008/5/11 0:00,0.855322,0.8513876795768738
2008/5/12 0:00,0.854847,0.8512969017028809
2008/5/13 0:00,0.850376,0.8509737253189087
2008/5/14 0:00,0.84832,0.8511624336242676
2008/5/15 0:00,0.849473,0.8510189652442932
2008/5/16 0:00,0.851209,0.8509091138839722
2008/5/17 0:00,0.851825,0.8509741425514221
2008/5/18 0:00,0.851825,0.8509335517883301
2008/5/19 0:00,0.852551,0.8506695032119751
2008/5/20 0:00,0.846059,0.8509742617607117
2008/5/21 0:00,0.847458,0.8512820601463318
2008/5/22 0:00,0.84832,0.8511888980865479
2008/5/23 0:00,0.846883,0.8513128757476807
2008/5/24 0:00,0.846167,0.8515093326568604
2008/5/25 0:00,0.846274,0.8517068028450012
2008/5/26 0:00,0.845845,0.8518680334091187
2008/5/27 0:00,0.843668,0.8519444465637207
2008/5/28 0:00,0.846131,0.8520510196685791
2008/5/29 0:00,0.848284,0.8521546125411987
2008/5/30 0:00,0.848644,0.8523321747779846
2008/5/31 0:00,0.849401,0.8521937131881714
2008/6/1 0:00,0.848572,0.8523364663124084
2008/6/2 0:00,0.847673,0.852637529373169
2008/6/3 0:00,0.843028,0.8527109622955322
2008/6/4 0:00,0.840654,0.8528062105178833
2008/6/5 0:00,0.84076,0.8526870608329773
2008/6/6 0:00,0.840089,0.8527902960777283
2008/6/7 0:00,0.840937,0.8527309894561768
2008/6/8 0:00,0.835003,0.8527017831802368
2008/6/9 0:00,0.83257,0.8525347113609314
2008/6/10 0:00,0.83724,0.8526933193206787
2008/6/11 0:00,0.837556,0.8520925045013428
2008/6/12 0:00,0.836155,0.8522965312004089
2008/6/13 0:00,0.836225,0.8521146774291992
2008/6/14 0:00,0.836225,0.8519988656044006
2008/6/15 0:00,0.838047,0.8520362973213196
2008/6/16 0:00,0.831255,0.8519716262817383
2008/6/17 0:00,0.831947,0.8517937064170837
2008/6/18 0:00,0.830944,0.8517138361930847
2008/6/19 0:00,0.832709,0.8519282937049866
2008/6/20 0:00,0.832917,0.8516936302185059
2008/6/21 0:00,0.827575,0.851462185382843
2008/6/22 0:00,0.823282,0.8515716195106506
2008/6/23 0:00,0.823995,0.8514757752418518
2008/6/24 0:00,0.817862,0.8512604832649231
2008/6/25 0:00,0.815508,0.850877583026886
2008/6/26 0:00,0.815508,0.8508724570274353
2008/6/27 0:00,0.816395,0.8511866927146912
2008/6/28 0:00,0.820105,0.8509183526039124
2008/6/29 0:00,0.820105,0.8504259586334229
2008/6/30 0:00,0.815694,0.8502570986747742
2008/7/1 0:00,0.813438,0.8501555323600769
2008/7/2 0:00,0.813008,0.8497254252433777
2008/7/3 0:00,0.812942,0.8497825860977173
2008/7/4 0:00,0.812942,0.8495208621025085
2008/7/5 0:00,0.811359,0.84931480884552
2008/7/6 0:00,0.806452,0.8493586182594299
2008/7/7 0:00,0.793556,0.8488880395889282
2008/7/8 0:00,0.787092,0.8487571477890015
2008/7/9 0:00,0.786658,0.8485900163650513
2008/7/10 0:00,0.786751,0.8487111330032349
2008/7/11 0:00,0.777273,0.8486663699150085
2008/7/12 0:00,0.779029,0.8485131859779358
2008/7/13 0:00,0.779849,0.8486108183860779
2008/7/14 0:00,0.777015,0.8484253883361816
2008/7/15 0:00,0.777015,0.8484200239181519
2008/7/16 0:00,0.777015,0.8484799265861511
2008/7/17 0:00,0.77984,0.8483879566192627
2008/7/18 0:00,0.784625,0.8482029438018799
2008/7/19 0:00,0.784625,0.8483166098594666
2008/7/20 0:00,0.780762,0.8482541441917419
2008/7/21 0:00,0.785793,0.8480271100997925
2008/7/22 0:00,0.784375,0.8480554223060608
2008/7/23 0:00,0.781739,0.848147988319397
2008/7/24 0:00,0.781739,0.8483121395111084
2008/7/25 0:00,0.786875,0.8481504917144775
2008/7/26 0:00,0.785731,0.8480525016784668
2008/7/27 0:00,0.797194,0.8480218648910522
2008/7/28 0:00,0.795862,0.8479993939399719
2008/7/29 0:00,0.793179,0.8479506373405457
2008/7/30 0:00,0.792142,0.8479124307632446
2008/7/31 0:00,0.792142,0.8480371832847595
2008/8/1 0:00,0.797099,0.8480797410011292
2008/8/2 0:00,0.79713,0.8478110432624817
2008/8/3 0:00,0.794218,0.8477980494499207
2008/8/4 0:00,0.782228,0.8477673530578613
2008/8/5 0:00,0.785268,0.8478363752365112
2008/8/6 0:00,0.785546,0.847750723361969
2008/8/7 0:00,0.785546,0.8478954434394836
2008/8/8 0:00,0.790202,0.8477113246917725
2008/8/9 0:00,0.792739,0.8477550745010376
2008/8/10 0:00,0.795071,0.8477327823638916
2008/8/11 0:00,0.784806,0.8477498292922974
2008/8/12 0:00,0.779302,0.8476129770278931
2008/8/13 0:00,0.779089,0.8476229906082153
2008/8/14 0:00,0.779089,0.8474513292312622
2008/8/15 0:00,0.772947,0.8475042581558228
2008/8/16 0:00,0.777454,0.8475291728973389
2008/8/17 0:00,0.772738,0.8477377891540527
2008/8/18 0:00,0.771873,0.847707211971283
2008/8/19 0:00,0.773545,0.8474020957946777
2008/8/20 0:00,0.775164,0.8474913239479065
2008/8/21 0:00,0.775164,0.84747314453125
2008/8/22 0:00,0.776669,0.8473702073097229
2008/8/23 0:00,0.780244,0.8472598791122437
2008/8/24 0:00,0.789733,0.8473342061042786
2008/8/25 0:00,0.789983,0.8473120927810669
2008/8/26 0:00,0.790576,0.8472445011138916
2008/8/27 0:00,0.790952,0.8472656607627869
2008/8/28 0:00,0.790952,0.847273051738739
2008/8/29 0:00,0.793714,0.8473037481307983
2008/8/30 0:00,0.793934,0.8471717238426208
2008/8/31 0:00,0.785947,0.8473103642463684
2008/9/1 0:00,0.785268,0.8470800518989563
2008/9/2 0:00,0.788364,0.8471936583518982
2008/9/3 0:00,0.788457,0.8472333550453186
2008/9/4 0:00,0.788457,0.8473145365715027
2008/9/5 0:00,0.786133,0.8471897840499878
2008/9/6 0:00,0.78064,0.8471046090126038
2008/9/7 0:00,0.788022,0.8474063277244568
2008/9/8 0:00,0.786565,0.8472285866737366
2008/9/9 0:00,0.784037,0.8471967577934265
2008/9/10 0:00,0.784314,0.8472940325737
2008/9/11 0:00,0.784314,0.8470795154571533
2008/9/12 0:00,0.789141,0.8471211791038513
2008/9/13 0:00,0.779757,0.8471394181251526
2008/9/14 0:00,0.777726,0.8472331166267395
2008/9/15 0:00,0.781158,0.8471671342849731
2008/9/16 0:00,0.771933,0.8471641540527344
2008/9/17 0:00,0.771159,0.8469889760017395
2008/9/18 0:00,0.771159,0.8471141457557678
2008/9/19 0:00,0.766342,0.8469851613044739
2008/9/20 0:00,0.772022,0.8470718860626221
2008/9/21 0:00,0.771099,0.8468811511993408
2008/9/22 0:00,0.780244,0.8469342589378357
2008/9/23 0:00,0.778059,0.8468586802482605
2008/9/24 0:00,0.777756,0.8466598391532898
2008/9/25 0:00,0.777756,0.8469440340995789
2008/9/26 0:00,0.774863,0.8468250632286072
2008/9/27 0:00,0.778816,0.8466905951499939
2008/9/28 0:00,0.772648,0.8465745449066162
2008/9/29 0:00,0.775314,0.8466469049453735
2008/9/30 0:00,0.774653,0.8466567397117615
2008/10/1 0:00,0.774803,0.8466196656227112
2008/10/2 0:00,0.774803,0.8465959429740906
2008/10/3 0:00,0.773904,0.8467186093330383
2008/10/4 0:00,0.77104,0.8466140627861023
2008/10/5 0:00,0.771873,0.8466511368751526
2008/10/6 0:00,0.772917,0.8466120362281799
2008/10/7 0:00,0.775976,0.8465622663497925
2008/10/8 0:00,0.772857,0.8464791178703308
2008/10/9 0:00,0.772857,0.8466320037841797
2008/10/10 0:00,0.778998,0.846749484539032
2008/10/11 0:00,0.784468,0.8465437889099121
2008/10/12 0:00,0.769882,0.8465842604637146
2008/10/13 0:00,0.769882,0.8465595245361328
2008/10/14 0:00,0.770268,0.8465439677238464
2008/10/15 0:00,0.779545,0.8464081287384033
2008/10/16 0:00,0.772529,0.8465308547019958
2008/10/17 0:00,0.782656,0.8464796543121338
2008/10/18 0:00,0.783147,0.8463921546936035
2008/10/19 0:00,0.783392,0.8464682102203369
2008/10/20 0:00,0.783392,0.8465024828910828
2008/10/21 0:00,0.777122,0.8465117812156677
2008/10/22 0:00,0.773365,0.8463364839553833
2008/10/23 0:00,0.774114,0.8463271260261536
2008/10/24 0:00,0.778907,0.8464660048484802
2008/10/25 0:00,0.777847,0.8464012742042542
2008/10/26 0:00,0.77915,0.84632807970047
2008/10/27 0:00,0.77915,0.8463831543922424
2008/10/28 0:00,0.777393,0.84639573097229
2008/10/29 0:00,0.769349,0.8463399410247803
2008/10/30 0:00,0.757146,0.8465038537979126
2008/10/31 0:00,0.755687,0.8465612530708313
2008/11/1 0:00,0.7473,0.8466463088989258
2008/11/2 0:00,0.745684,0.8466813564300537
2008/11/3 0:00,0.745684,0.8466145992279053
2008/11/4 0:00,0.742363,0.8465225100517273
2008/11/5 0:00,0.746018,0.8467496037483215
2008/11/6 0:00,0.745796,0.8467578887939453
2008/11/7 0:00,0.725716,0.8465092182159424
2008/11/8 0:00,0.724743,0.8467309474945068
2008/11/9 0:00,0.726137,0.8468980193138123
2008/11/10 0:00,0.726137,0.846877932548523
2008/11/11 0:00,0.729341,0.8468309044837952
2008/11/12 0:00,0.729341,0.8467840552330017
2008/11/13 0:00,0.737246,0.84681636095047
2008/11/14 0:00,0.738253,0.8465896248817444
2008/11/15 0:00,0.736947,0.8466857671737671
2008/11/16 0:00,0.736675,0.8467601537704468
2008/11/17 0:00,0.736675,0.8467738032341003
2008/11/18 0:00,0.741482,0.8467075824737549
2008/11/19 0:00,0.741043,0.8467553853988647
2008/11/20 0:00,0.737708,0.8467733263969421
2008/11/21 0:00,0.74744,0.8467385768890381
2008/11/22 0:00,0.746687,0.8466663360595703
2008/11/23 0:00,0.745601,0.8467321395874023
2008/11/24 0:00,0.745573,0.8468711972236633
2008/11/25 0:00,0.750694,0.8469362258911133
2008/11/26 0:00,0.752049,0.846767008304596
2008/11/27 0:00,0.75253,0.8468999862670898
2008/11/28 0:00,0.754233,0.8469086289405823
2008/11/29 0:00,0.75304,0.8468722105026245
2008/11/30 0:00,0.752474,0.8469327688217163
2008/12/1 0:00,0.752474,0.8468393683433533
2008/12/2 0:00,0.754489,0.8468449711799622
2008/12/3 0:00,0.746659,0.84688401222229
2008/12/4 0:00,0.754432,0.8468689918518066
2008/12/5 0:00,0.755316,0.8468027710914612
2008/12/6 0:00,0.755601,0.8468467593193054
2008/12/7 0:00,0.756086,0.8469902873039246
2008/12/8 0:00,0.756086,0.8468247056007385
2008/12/9 0:00,0.752049,0.8468512296676636
2008/12/10 0:00,0.756888,0.8468917608261108
2008/12/11 0:00,0.758208,0.8468051552772522
2008/12/12 0:00,0.746352,0.8468020558357239
2008/12/13 0:00,0.737137,0.8468008041381836
2008/12/14 0:00,0.736241,0.84687340259552
2008/12/15 0:00,0.736241,0.8468578457832336
2008/12/16 0:00,0.736675,0.846735954284668
2008/12/17 0:00,0.726296,0.8467628955841064
2008/12/18 0:00,0.721501,0.846790075302124
2008/12/19 0:00,0.738062,0.8469138741493225
2008/12/20 0:00,0.732789,0.846753716468811
2008/12/21 0:00,0.734835,0.8469029664993286
2008/12/22 0:00,0.734835,0.846871554851532
2008/12/23 0:00,0.739946,0.8467751741409302
2008/12/24 0:00,0.731368,0.8468375205993652
2008/12/25 0:00,0.737599,0.8467149138450623
2008/12/26 0:00,0.738716,0.8466856479644775
2008/12/27 0:00,0.757031,0.8467456698417664
2008/12/28 0:00,0.756659,0.8466235995292664
2008/12/29 0:00,0.756659,0.8466671109199524
2008/12/30 0:00,0.763271,0.8466756343841553
2008/12/31 0:00,0.763592,0.8466159701347351
2009/1/1 0:00,0.76147,0.8465873003005981
2009/1/2 0:00,0.758898,0.8465626239776611
2009/1/3 0:00,0.757203,0.8466156721115112
2009/1/4 0:00,0.756659,0.8466229438781738
2009/1/5 0:00,0.756659,0.8466666340827942
2009/1/6 0:00,0.751625,0.8466256260871887
2009/1/7 0:00,0.747524,0.8466050028800964
2009/1/8 0:00,0.74744,0.846589982509613
2009/1/9 0:00,0.748503,0.8466973304748535
2009/1/10 0:00,0.759619,0.8466585278511047
2009/1/11 0:00,0.759157,0.8466196656227112
2009/1/12 0:00,0.759157,0.8465793132781982
2009/1/13 0:00,0.758236,0.8465747237205505
2009/1/14 0:00,0.750948,0.8465525507926941
2009/1/15 0:00,0.75663,0.84675133228302
2009/1/16 0:00,0.755059,0.8465778827667236
2009/1/17 0:00,0.753665,0.8466469049453735
2009/1/18 0:00,0.753324,0.8466323018074036
2009/1/19 0:00,0.753324,0.8465753793716431
2009/1/20 0:00,0.744048,0.8465524315834045
2009/1/21 0:00,0.752842,0.8466410040855408
2009/1/22 0:00,0.75933,0.8466822504997253
2009/1/23 0:00,0.767872,0.8466008305549622
2009/1/24 0:00,0.768433,0.8466154932975769
2009/1/25 0:00,0.768344,0.8465656042098999
2009/1/26 0:00,0.768344,0.8466205596923828
2009/1/27 0:00,0.764614,0.8464387655258179
2009/1/28 0:00,0.767902,0.8465149402618408
2009/1/29 0:00,0.76743,0.8464813828468323
2009/1/30 0:00,0.758581,0.8464825749397278
2009/1/31 0:00,0.759561,0.8465145230293274
2009/2/1 0:00,0.760109,0.8464803099632263
2009/2/2 0:00,0.760109,0.8464725017547607
2009/2/3 0:00,0.764526,0.8464661240577698
2009/2/4 0:00,0.772768,0.84660804271698
2009/2/5 0:00,0.773575,0.8466927409172058
2009/2/6 0:00,0.761934,0.8466095924377441
2009/2/7 0:00,0.752984,0.8465265035629272
2009/2/8 0:00,0.754148,0.8465314507484436
2009/2/9 0:00,0.754148,0.8464674949645996
2009/2/10 0:00,0.753324,0.8465886116027832
2009/2/11 0:00,0.756544,0.8465450406074524
2009/2/12 0:00,0.750554,0.8466199040412903
2009/2/13 0:00,0.744352,0.8465214967727661
2009/2/14 0:00,0.749457,0.8465673327445984
2009/2/15 0:00,0.749092,0.8465756177902222
2009/2/16 0:00,0.749092,0.8463941812515259
2009/2/17 0:00,0.735727,0.8464362621307373
2009/2/18 0:00,0.73654,0.8463283777236938
2009/2/19 0:00,0.747915,0.846325695514679
2009/2/20 0:00,0.749541,0.8463995456695557
2009/2/21 0:00,0.748447,0.8464246988296509
2009/2/22 0:00,0.74744,0.8463387489318848
2009/2/23 0:00,0.74744,0.846354067325592
2009/2/24 0:00,0.737599,0.8463249206542969
2009/2/25 0:00,0.734322,0.8463824391365051
2009/2/26 0:00,0.7303,0.846356987953186
2009/2/27 0:00,0.732064,0.8462603688240051
2009/2/28 0:00,0.730327,0.8462781310081482
2009/3/1 0:00,0.731208,0.8462550044059753
2009/3/2 0:00,0.731208,0.8463162183761597
2009/3/3 0:00,0.731449,0.8462986350059509
2009/3/4 0:00,0.723563,0.8464187383651733
2009/3/5 0:00,0.722752,0.8464019894599915
2009/3/6 0:00,0.716589,0.8462986946105957
2009/3/7 0:00,0.710682,0.8462663292884827
2009/3/8 0:00,0.710707,0.8463165760040283
2009/3/9 0:00,0.71053,0.8463668823242188
2009/3/10 0:00,0.709421,0.8462690711021423
2009/3/11 0:00,0.718933,0.8462936878204346
2009/3/12 0:00,0.714566,0.8462137579917908
2009/3/13 0:00,0.711136,0.8462663888931274
2009/3/14 0:00,0.704771,0.8462184071540833
2009/3/15 0:00,0.704573,0.8462477326393127
2009/3/16 0:00,0.704573,0.8462260961532593
2009/3/17 0:00,0.71144,0.846193253993988
2009/3/18 0:00,0.713572,0.8462506532669067
2009/3/19 0:00,0.72015,0.8462235927581787
2009/3/20 0:00,0.699496,0.846264660358429
2009/3/21 0:00,0.699374,0.8462567329406738
2009/3/22 0:00,0.698348,0.8461894392967224
2009/3/23 0:00,0.698348,0.8462197780609131
2009/3/24 0:00,0.700084,0.8462932705879211
2009/3/25 0:00,0.698666,0.8462503552436829
2009/3/26 0:00,0.691587,0.8462084531784058
2009/3/27 0:00,0.692353,0.8462921380996704
2009/3/28 0:00,0.689941,0.8462489247322083
2009/3/29 0:00,0.691252,0.8462274074554443
2009/3/30 0:00,0.691252,0.8462008237838745
2009/3/31 0:00,0.686554,0.8461693525314331
2009/4/1 0:00,0.684791,0.8462404608726501
2009/4/2 0:00,0.689608,0.8462347388267517
2009/4/3 0:00,0.691276,0.8461914658546448
2009/4/4 0:00,0.683317,0.8462510704994202
2009/4/5 0:00,0.684346,0.8462182283401489
2009/4/6 0:00,0.684346,0.8462308049201965
2009/4/7 0:00,0.687592,0.8462216854095459
2009/4/8 0:00,0.677553,0.846203625202179
2009/4/9 0:00,0.675014,0.8462040424346924
2009/4/10 0:00,0.672359,0.8461860418319702
2009/4/11 0:00,0.669142,0.8462156057357788
2009/4/12 0:00,0.669232,0.8461805582046509
2009/4/13 0:00,0.669546,0.8462496995925903
2009/4/14 0:00,0.669456,0.8462848663330078
2009/4/15 0:00,0.665181,0.8462605476379395
2009/4/16 0:00,0.672699,0.8462543487548828
2009/4/17 0:00,0.671953,0.8462530374526978
2009/4/18 0:00,0.669299,0.8462443351745605
2009/4/19 0:00,0.671637,0.8462076783180237
2009/4/20 0:00,0.67245,0.8462764620780945
2009/4/21 0:00,0.669411,0.8462454676628113
2009/4/22 0:00,0.670983,0.8462358713150024
2009/4/23 0:00,0.659914,0.8462401032447815
2009/4/24 0:00,0.652039,0.8462244272232056
2009/4/25 0:00,0.652337,0.8462678790092468
2009/4/26 0:00,0.652167,0.8462536334991455
2009/4/27 0:00,0.652167,0.8461816310882568
2009/4/28 0:00,0.657203,0.8462632298469543
2009/4/29 0:00,0.664518,0.8462491035461426
2009/4/30 0:00,0.65835,0.8462503552436829
2009/5/1 0:00,0.664253,0.8462778925895691
2009/5/2 0:00,0.656944,0.8461707234382629
2009/5/3 0:00,0.657657,0.8462045788764954
2009/5/4 0:00,0.657657,0.8461864590644836
2009/5/5 0:00,0.661726,0.8461551666259766
2009/5/6 0:00,0.669949,0.8461610078811646
2009/5/7 0:00,0.670309,0.8461899757385254
2009/5/8 0:00,0.659304,0.8461528420448303
2009/5/9 0:00,0.660677,0.8461399078369141
2009/5/10 0:00,0.659348,0.8460910320281982
2009/5/11 0:00,0.659348,0.8461825847625732
2009/5/12 0:00,0.659914,0.8461858630180359
2009/5/13 0:00,0.655351,0.8461533188819885
2009/5/14 0:00,0.651742,0.8461369276046753
2009/5/15 0:00,0.6549,0.8461337089538574
2009/5/16 0:00,0.661266,0.8461178541183472
2009/5/17 0:00,0.662076,0.8462513089179993
2009/5/18 0:00,0.662076,0.8462266325950623
2009/5/19 0:00,0.661638,0.8461891412734985
2009/5/20 0:00,0.653061,0.8461432456970215
2009/5/21 0:00,0.662515,0.8461284637451172
2009/5/22 0:00,0.656362,0.8461766242980957
2009/5/23 0:00,0.654729,0.8461790084838867
2009/5/24 0:00,0.654151,0.8461592197418213
2009/5/25 0:00,0.654151,0.8461455702781677
2009/5/26 0:00,0.65796,0.8461706042289734
2009/5/27 0:00,0.657635,0.8460803031921387
2009/5/28 0:00,0.659718,0.8461283445358276
2009/5/29 0:00,0.66335,0.8461514115333557
2009/5/30 0:00,0.668963,0.8461911678314209
2009/5/31 0:00,0.668606,0.8462172746658325
2009/6/1 0:00,0.668606,0.8461434841156006
2009/6/2 0:00,0.653253,0.8461557626724243
2009/6/3 0:00,0.650893,0.8461493253707886
2009/6/4 0:00,0.642261,0.8461714386940002
2009/6/5 0:00,0.645599,0.846159815788269
2009/6/6 0:00,0.645494,0.8461475968360901
2009/6/7 0:00,0.64635,0.8461329340934753
2009/6/8 0:00,0.64635,0.8462132215499878
2009/6/9 0:00,0.635445,0.8462084531784058
2009/6/10 0:00,0.634296,0.8461995720863342
2009/6/11 0:00,0.635001,0.8461857438087463
2009/6/12 0:00,0.639304,0.846189022064209
2009/6/13 0:00,0.629287,0.8462072610855103
2009/6/14 0:00,0.627943,0.8461993336677551
2009/6/15 0:00,0.627943,0.8462032675743103
2009/6/16 0:00,0.625645,0.846185028553009
2009/6/17 0:00,0.633955,0.8461564183235168
2009/6/18 0:00,0.64,0.8461564779281616
2009/6/19 0:00,0.630656,0.8461564183235168
2009/6/20 0:00,0.631512,0.8461390733718872
2009/6/21 0:00,0.631752,0.8461400270462036
2009/6/22 0:00,0.631752,0.8461958765983582
2009/6/23 0:00,0.633052,0.8462433815002441
2009/6/24 0:00,0.633032,0.8460745215415955
2009/6/25 0:00,0.635344,0.8461477756500244
2009/6/26 0:00,0.633874,0.8460837602615356
2009/6/27 0:00,0.641746,0.8461812734603882
2009/6/28 0:00,0.640061,0.8461019396781921
2009/6/29 0:00,0.639754,0.8462093472480774
2009/6/30 0:00,0.631453,0.846078097820282
2009/7/1 0:00,0.629545,0.8461264371871948
2009/7/2 0:00,0.625156,0.8460636734962463
2009/7/3 0:00,0.634659,0.8461154103279114
2009/7/4 0:00,0.637308,0.8460801839828491
2009/7/5 0:00,0.638325,0.8460899591445923
2009/7/6 0:00,0.638325,0.8461312055587769
2009/7/7 0:00,0.633633,0.8460947275161743
2009/7/8 0:00,0.635364,0.8461334705352783
2009/7/9 0:00,0.639509,0.8461490869522095
2009/7/10 0:00,0.639795,0.846190333366394
2009/7/11 0:00,0.642653,0.8461991548538208
2009/7/12 0:00,0.644517,0.8461673259735107
2009/7/13 0:00,0.644517,0.8461889624595642
2009/7/14 0:00,0.649393,0.8461481332778931
2009/7/15 0:00,0.653531,0.8460984230041504
2009/7/16 0:00,0.661835,0.8460789918899536
2009/7/17 0:00,0.66368,0.846177875995636
2009/7/18 0:00,0.670399,0.8460813164710999
2009/7/19 0:00,0.669232,0.8460826873779297
2009/7/20 0:00,0.669232,0.8461358547210693
2009/7/21 0:00,0.673446,0.846120297908783
2009/7/22 0:00,0.66865,0.8461341261863708
2009/7/23 0:00,0.676613,0.8461279273033142
2009/7/24 0:00,0.687002,0.8461971879005432
2009/7/25 0:00,0.680156,0.8461567759513855
2009/7/26 0:00,0.680944,0.8462345600128174
2009/7/27 0:00,0.680944,0.8462416529655457
2009/7/28 0:00,0.680064,0.8461873531341553
2009/7/29 0:00,0.675858,0.8462303876876831
2009/7/30 0:00,0.673151,0.8462802767753601
2009/7/31 0:00,0.678058,0.8462245464324951
2009/8/1 0:00,0.674787,0.8462029695510864
2009/8/2 0:00,0.675151,0.8462788462638855
2009/8/3 0:00,0.675333,0.8462599515914917
2009/8/4 0:00,0.679117,0.8462063074111938
2009/8/5 0:00,0.678702,0.8462097644805908
2009/8/6 0:00,0.671795,0.8462094664573669
2009/8/7 0:00,0.668047,0.8462905287742615
2009/8/8 0:00,0.676201,0.8462532162666321
2009/8/9 0:00,0.677438,0.8462181091308594
2009/8/10 0:00,0.677438,0.8462652564048767
2009/8/11 0:00,0.67465,0.8462070822715759
2009/8/12 0:00,0.667401,0.8462454676628113
2009/8/13 0:00,0.657787,0.8462367057800293
2009/8/14 0:00,0.662647,0.8462361693382263
2009/8/15 0:00,0.65136,0.8462469577789307
2009/8/16 0:00,0.652443,0.8461731672286987
2009/8/17 0:00,0.652443,0.8461933135986328
2009/8/18 0:00,0.653787,0.846221923828125
2009/8/19 0:00,0.652891,0.8462828993797302
2009/8/20 0:00,0.65606,0.846278965473175
2009/8/21 0:00,0.653659,0.8462603688240051
2009/8/22 0:00,0.652699,0.8462421894073486
2009/8/23 0:00,0.654643,0.8462125658988953
2009/8/24 0:00,0.654643,0.8461881875991821
2009/8/25 0:00,0.648887,0.8462133407592773
2009/8/26 0:00,0.646057,0.8462585806846619
2009/8/27 0:00,0.643646,0.8462107181549072
2009/8/28 0:00,0.65796,0.8462033867835999
2009/8/29 0:00,0.655996,0.8462351560592651
2009/8/30 0:00,0.656319,0.8462417125701904
2009/8/31 0:00,0.656319,0.8462420701980591
2009/9/1 0:00,0.65119,0.8462213277816772
2009/9/2 0:00,0.653232,0.8462212085723877
2009/9/3 0:00,0.657052,0.8462528586387634
2009/9/4 0:00,0.657397,0.8462416529655457
2009/9/5 0:00,0.653296,0.8462203145027161
2009/9/6 0:00,0.653445,0.8462560772895813
2009/9/7 0:00,0.653445,0.8461549282073975
2009/9/8 0:00,0.657592,0.8461816906929016
2009/9/9 0:00,0.667646,0.8461900949478149
2009/9/10 0:00,0.66335,0.8461741209030151
2009/9/11 0:00,0.663416,0.8461916446685791
2009/9/12 0:00,0.675402,0.8462266325950623
2009/9/13 0:00,0.674559,0.8461667895317078
2009/9/14 0:00,0.674559,0.8461850881576538
2009/9/15 0:00,0.664651,0.8461703658103943
2009/9/16 0:00,0.66368,0.8461988568305969
2009/9/17 0:00,0.662537,0.8461986780166626
2009/9/18 0:00,0.676521,0.8462141156196594
2009/9/19 0:00,0.672382,0.846210241317749
2009/9/20 0:00,0.671862,0.8462015390396118
2009/9/21 0:00,0.671862,0.8461850881576538
2009/9/22 0:00,0.677094,0.8462567329406738
2009/9/23 0:00,0.6749,0.8462628722190857
2009/9/24 0:00,0.677048,0.8462405204772949
2009/9/25 0:00,0.669411,0.8461924195289612
2009/9/26 0:00,0.675105,0.8462006449699402
2009/9/27 0:00,0.672721,0.846244215965271
2009/9/28 0:00,0.672721,0.846222460269928
2009/9/29 0:00,0.676956,0.8461988568305969
2009/9/30 0:00,0.680944,0.8462473750114441
2009/10/1 0:00,0.678656,0.8462315797805786
2009/10/2 0:00,0.684065,0.8461530208587646
2009/10/3 0:00,0.682827,0.8462336659431458
2009/10/4 0:00,0.684065,0.8462154865264893
2009/10/5 0:00,0.684065,0.8462592363357544
2009/10/6 0:00,0.685096,0.8462591767311096
2009/10/7 0:00,0.687238,0.8462384939193726
2009/10/8 0:00,0.683644,0.8462637066841125
2009/10/9 0:00,0.684018,0.8462229371070862
2009/10/10 0:00,0.68465,0.8462068438529968
2009/10/11 0:00,0.684252,0.8462820649147034
2009/10/12 0:00,0.684252,0.846260130405426
2009/10/13 0:00,0.673197,0.8462143540382385
2009/10/14 0:00,0.66986,0.8462588787078857
2009/10/15 0:00,0.663812,0.8462610244750977
2009/10/16 0:00,0.665048,0.8462303280830383
2009/10/17 0:00,0.65563,0.8462350964546204
2009/10/18 0:00,0.654322,0.8462165594100952
2009/10/19 0:00,0.654322,0.8462554216384888
2009/10/20 0:00,0.6546,0.8462575674057007
2009/10/21 0:00,0.651742,0.846230685710907
2009/10/22 0:00,0.656146,0.846258819103241
2009/10/23 0:00,0.646392,0.8462435007095337
2009/10/24 0:00,0.643211,0.8462736010551453
2009/10/25 0:00,0.64658,0.8462325930595398
2009/10/26 0:00,0.64658,0.8462639451026917
2009/10/27 0:00,0.644247,0.846244215965271
2009/10/28 0:00,0.648803,0.8462752103805542
2009/10/29 0:00,0.639039,0.8463000059127808
2009/10/30 0:00,0.649625,0.8461827635765076
2009/10/31 0:00,0.647941,0.8462204337120056
2009/11/1 0:00,0.649266,0.8461898565292358
2009/11/2 0:00,0.649266,0.8462445735931396
2009/11/3 0:00,0.647249,0.8462005853652954
2009/11/4 0:00,0.649393,0.8462868928909302
2009/11/5 0:00,0.652933,0.8462240099906921
2009/11/6 0:00,0.646998,0.8462272882461548
2009/11/7 0:00,0.6466,0.8462125658988953
2009/11/8 0:00,0.648424,0.8461968302726746
2009/11/9 0:00,0.648424,0.8462035059928894
2009/11/10 0:00,0.651232,0.8461831212043762
2009/11/11 0:00,0.649161,0.8462128043174744
2009/11/12 0:00,0.665624,0.8461535573005676
2009/11/13 0:00,0.673106,0.8462275862693787
2009/11/14 0:00,0.662361,0.846231997013092
2009/11/15 0:00,0.662954,0.8462639451026917
2009/11/16 0:00,0.662954,0.8462785482406616
2009/11/17 0:00,0.663504,0.8462775349617004
2009/11/18 0:00,0.666045,0.846271812915802
2009/11/19 0:00,0.664386,0.8462569713592529
2009/11/20 0:00,0.668248,0.8462280631065369
2009/11/21 0:00,0.662888,0.8462186455726624
2009/11/22 0:00,0.662669,0.8462713956832886
2009/11/23 0:00,0.662669,0.8462340235710144
2009/11/24 0:00,0.665447,0.8462414145469666
2009/11/25 0:00,0.656534,0.8462705612182617
2009/11/26 0:00,0.662888,0.8462294340133667
2009/11/27 0:00,0.661704,0.8462313413619995
2009/11/28 0:00,0.661354,0.846258819103241
2009/11/29 0:00,0.662954,0.8462843298912048
2009/11/30 0:00,0.662954,0.8462680578231812
2009/12/1 0:00,0.672156,0.8463103175163269
2009/12/2 0:00,0.666333,0.8462938070297241
2009/12/3 0:00,0.663196,0.8462128043174744
2009/12/4 0:00,0.669411,0.8462772369384766
2009/12/5 0:00,0.66368,0.846318244934082
2009/12/6 0:00,0.662954,0.8462525010108948
2009/12/7 0:00,0.662954,0.8462401628494263
2009/12/8 0:00,0.6595,0.8463062047958374
2009/12/9 0:00,0.661967,0.846311628818512
2009/12/10 0:00,0.664253,0.8462868332862854
2009/12/11 0:00,0.674445,0.8462527990341187
2009/12/12 0:00,0.680342,0.8462641835212708
2009/12/13 0:00,0.682035,0.846300482749939
2009/12/14 0:00,0.682035,0.846278727054596
2009/12/15 0:00,0.679856,0.8462177515029907
2009/12/16 0:00,0.67595,0.8462956547737122
2009/12/17 0:00,0.67974,0.8462609648704529
2009/12/18 0:00,0.666045,0.8463156223297119
2009/12/19 0:00,0.676659,0.8462894558906555
2009/12/20 0:00,0.674491,0.846280574798584
2009/12/21 0:00,0.674491,0.846304178237915
2009/12/22 0:00,0.668025,0.8462598919868469
2009/12/23 0:00,0.659304,0.8462553024291992
2009/12/24 0:00,0.659391,0.8462595343589783
2009/12/25 0:00,0.684838,0.8463001847267151
2009/12/26 0:00,0.680342,0.8463172316551208
2009/12/27 0:00,0.679648,0.8463118672370911
2009/12/28 0:00,0.679648,0.8462498188018799
2009/12/29 0:00,0.67506,0.8462725877761841
2009/12/30 0:00,0.674514,0.8462713956832886
2009/12/31 0:00,0.66986,0.8462792038917542
2010/1/1 0:00,0.669591,0.8463261127471924
2010/1/2 0:00,0.668405,0.8462889194488525
2010/1/3 0:00,0.668695,0.8462771773338318
2010/1/4 0:00,0.668695,0.8462874293327332
2010/1/5 0:00,0.671885,0.8463307619094849
2010/1/6 0:00,0.684556,0.8463254570960999
2010/1/7 0:00,0.691085,0.846274733543396
2010/1/8 0:00,0.692113,0.8462823033332825
2010/1/9 0:00,0.690179,0.846336305141449
2010/1/10 0:00,0.690417,0.846331775188446
2010/1/11 0:00,0.69025,0.846290647983551
2010/1/12 0:00,0.684627,0.8463112115859985
2010/1/13 0:00,0.67891,0.8462475538253784
2010/1/14 0:00,0.682198,0.8462551832199097
2010/1/15 0:00,0.677209,0.8462941646575928
2010/1/16 0:00,0.680897,0.8462746739387512
2010/1/17 0:00,0.680851,0.8462882041931152
2010/1/18 0:00,0.680851,0.8463249206542969
2010/1/19 0:00,0.686059,0.8462571501731873
2010/1/20 0:00,0.69056,0.846262514591217
2010/1/21 0:00,0.691611,0.8462759256362915
2010/1/22 0:00,0.687002,0.8462701439857483
2010/1/23 0:00,0.691491,0.846299409866333
2010/1/24 0:00,0.69197,0.8462786674499512
2010/1/25 0:00,0.69197,0.8462857604026794
2010/1/26 0:00,0.694686,0.8462944030761719
2010/1/27 0:00,0.703878,0.8462737798690796
2010/1/28 0:00,0.698812,0.846327006816864
2010/1/29 0:00,0.690989,0.8463422656059265
2010/1/30 0:00,0.684767,0.8463283777236938
2010/1/31 0:00,0.685307,0.8462768793106079
2010/2/1 0:00,0.685307,0.8462738394737244
2010/2/2 0:00,0.684744,0.8463448882102966
2010/2/3 0:00,0.68861,0.8463166952133179
2010/2/4 0:00,0.685495,0.846288800239563
2010/2/5 0:00,0.697934,0.846347987651825
2010/2/6 0:00,0.697107,0.8463178873062134
2010/2/7 0:00,0.697739,0.8462722301483154
2010/2/8 0:00,0.697739,0.8463164567947388
2010/2/9 0:00,0.701705,0.8462905883789062
2010/2/10 0:00,0.693433,0.8463276028633118
2010/2/11 0:00,0.686908,0.8463164567947388
2010/2/12 0:00,0.68835,0.8463090062141418
2010/2/13 0:00,0.684346,0.8462973237037659
2010/2/14 0:00,0.683878,0.84629225730896
2010/2/15 0:00,0.683878,0.8462594151496887
2010/2/16 0:00,0.676888,0.8463431000709534
2010/2/17 0:00,0.675083,0.8463634848594666
2010/2/18 0:00,0.683924,0.8463236689567566
2010/2/19 0:00,0.681199,0.8463267087936401
2010/2/20 0:00,0.678196,0.6798540949821472
2010/2/21 0:00,0.676842,0.6801584959030151
2010/2/22 0:00,0.676842,0.6798880696296692
2010/2/23 0:00,0.679509,0.6788881421089172
2010/2/24 0:00,0.682012,0.6797877550125122
2010/2/25 0:00,0.679833,0.6797584295272827
2010/2/26 0:00,0.674946,0.6792317628860474
2010/2/27 0:00,0.676842,0.679512083530426
2010/2/28 0:00,0.676498,0.6792923212051392
2010/3/1 0:00,0.676247,0.679843544960022
2010/3/2 0:00,0.676842,0.679908037185669
2010/3/3 0:00,0.673197,0.6794515252113342
2010/3/4 0:00,0.676064,0.679729163646698
2010/3/5 0:00,0.67365,0.6801227331161499
2010/3/6 0:00,0.670488,0.6797007918357849
2010/3/7 0:00,0.669411,0.6800182461738586
2010/3/8 0:00,0.669546,0.6796755790710449
2010/3/9 0:00,0.669905,0.6799263954162598
2010/3/10 0:00,0.676384,0.6799768805503845
2010/3/11 0:00,0.681849,0.6800450682640076
2010/3/12 0:00,0.681129,0.6797842383384705
2010/3/13 0:00,0.693914,0.679911732673645
2010/3/14 0:00,0.695628,0.6801379919052124
2010/3/15 0:00,0.695628,0.679735541343689
2010/3/16 0:00,0.693241,0.6799619197845459
2010/3/17 0:00,0.696961,0.6802969574928284
2010/3/18 0:00,0.702149,0.6807655096054077
2010/3/19 0:00,0.712555,0.6803999543190002
2010/3/20 0:00,0.704523,0.6805619597434998
2010/3/21 0:00,0.705567,0.680797278881073
2010/3/22 0:00,0.705567,0.6807414889335632
2010/3/23 0:00,0.705517,0.6802309155464172
2010/3/24 0:00,0.699888,0.6805450916290283
2010/3/25 0:00,0.703087,0.6804850697517395
2010/3/26 0:00,0.704449,0.6803246140480042
2010/3/27 0:00,0.706414,0.6806545853614807
2010/3/28 0:00,0.705442,0.6804985404014587
2010/3/29 0:00,0.705069,0.6809590458869934
2010/3/30 0:00,0.711187,0.6804791688919067
2010/3/31 0:00,0.712911,0.6809034943580627
2010/4/1 0:00,0.71582,0.6812179684638977
2010/4/2 0:00,0.724113,0.681036651134491
2010/4/3 0:00,0.713318,0.6811890006065369
2010/4/4 0:00,0.713318,0.6811587810516357
2010/4/5 0:00,0.713318,0.6809614300727844
2010/4/6 0:00,0.699399,0.6814740896224976
2010/4/7 0:00,0.702889,0.681439220905304
2010/4/8 0:00,0.71048,0.6810799837112427
2010/4/9 0:00,0.711288,0.6812422275543213
2010/4/10 0:00,0.716435,0.6814004778862
2010/4/11 0:00,0.717952,0.6815889477729797
2010/4/12 0:00,0.717952,0.681660532951355
2010/4/13 0:00,0.722961,0.681540846824646
2010/4/14 0:00,0.714235,0.6814729571342468
2010/4/15 0:00,0.711238,0.6817598938941956
2010/4/16 0:00,0.722648,0.6817248463630676
2010/4/17 0:00,0.72873,0.6820318102836609
2010/4/18 0:00,0.730647,0.6814510226249695
2010/4/19 0:00,0.730647,0.6820293664932251
2010/4/20 0:00,0.721917,0.6818656921386719
2010/4/21 0:00,0.731904,0.6821334362030029
2010/4/22 0:00,0.728651,0.6823293566703796
2010/4/23 0:00,0.720773,0.6820369958877563
2010/4/24 0:00,0.714235,0.6822996735572815
2010/4/25 0:00,0.711642,0.682327926158905
2010/4/26 0:00,0.711642,0.681979238986969
2010/4/27 0:00,0.710858,0.6820142269134521
2010/4/28 0:00,0.704597,0.68215012550354
2010/4/29 0:00,0.702321,0.6818175315856934
2010/4/30 0:00,0.697569,0.6824483275413513
2010/5/1 0:00,0.699081,0.6820478439331055
2010/5/2 0:00,0.700158,0.6820711493492126
2010/5/3 0:00,0.700158,0.6820142865180969
2010/5/4 0:00,0.699252,0.682303249835968
2010/5/5 0:00,0.703755,0.6823732852935791
2010/5/6 0:00,0.705069,0.6826174259185791
2010/5/7 0:00,0.707064,0.6825869083404541
2010/5/8 0:00,0.721527,0.6823928356170654
2010/5/9 0:00,0.720357,0.6824150085449219
2010/5/10 0:00,0.720357,0.6823651790618896
2010/5/11 0:00,0.719243,0.6827386021614075
2010/5/12 0:00,0.723615,0.6830682158470154
2010/5/13 0:00,0.714898,0.6833091974258423
2010/5/14 0:00,0.717901,0.6831353902816772
2010/5/15 0:00,0.714031,0.6831033825874329
2010/5/16 0:00,0.713801,0.6832824945449829
2010/5/17 0:00,0.713801,0.6835607290267944
2010/5/18 0:00,0.714184,0.6836228370666504
2010/5/19 0:00,0.715871,0.6833918690681458
2010/5/20 0:00,0.722022,0.6838220953941345
2010/5/21 0:00,0.72197,0.6835466027259827
2010/5/22 0:00,0.719476,0.6837306022644043
2010/5/23 0:00,0.719709,0.6836404800415039
2010/5/24 0:00,0.719709,0.6840230822563171
2010/5/25 0:00,0.721215,0.6836705207824707
2010/5/26 0:00,0.728465,0.684356689453125
2010/5/27 0:00,0.722831,0.6845248937606812
2010/5/28 0:00,0.72873,0.6843898892402649
2010/5/29 0:00,0.726085,0.6843863725662231
2010/5/30 0:00,0.727405,0.6844090819358826
2010/5/31 0:00,0.727405,0.6844114661216736
2010/6/1 0:00,0.727379,0.6841510534286499
2010/6/2 0:00,0.730994,0.683700680732727
2010/6/3 0:00,0.729625,0.6841421723365784
2010/6/4 0:00,0.729581,0.6842585802078247
2010/6/5 0:00,0.72619,0.6843663454055786
2010/6/6 0:00,0.723798,0.6844097971916199
2010/6/7 0:00,0.723956,0.6844406127929688
2010/6/8 0:00,0.7259,0.6849417686462402
2010/6/9 0:00,0.721189,0.6843135356903076
2010/6/10 0:00,0.7259,0.6846392750740051
2010/6/11 0:00,0.728412,0.6845740675926208
2010/6/12 0:00,0.729208,0.6844677329063416
2010/6/13 0:00,0.730353,0.684463381767273
2010/6/14 0:00,0.729501,0.6848868727684021
2010/6/15 0:00,0.730807,0.6848578453063965
2010/6/16 0:00,0.741812,0.6848512291908264
2010/6/17 0:00,0.744685,0.6850955486297607
2010/6/18 0:00,0.739208,0.6849795579910278
2010/6/19 0:00,0.733192,0.6847805380821228
2010/6/20 0:00,0.732091,0.6854318976402283
2010/6/21 0:00,0.731957,0.6853935718536377
2010/6/22 0:00,0.726111,0.684891939163208
2010/6/23 0:00,0.726348,0.6851954460144043
2010/6/24 0:00,0.729076,0.6859056949615479
2010/6/25 0:00,0.731074,0.6860135793685913
2010/6/26 0:00,0.726401,0.685692548751831
2010/6/27 0:00,0.726559,0.685727059841156
2010/6/28 0:00,0.726401,0.6857224106788635
2010/6/29 0:00,0.730007,0.6858922243118286
2010/6/30 0:00,0.730727,0.6857320070266724
2010/7/1 0:00,0.731609,0.6859843134880066
2010/7/2 0:00,0.730994,0.6856987476348877
2010/7/3 0:00,0.723014,0.6860769391059875
2010/7/4 0:00,0.72469,0.6857467293739319
2010/7/5 0:00,0.72469,0.6863378286361694
2010/7/6 0:00,0.728226,0.686139702796936
2010/7/7 0:00,0.730034,0.6861789226531982
2010/7/8 0:00,0.725426,0.686236560344696
2010/7/9 0:00,0.725979,0.686244547367096
2010/7/10 0:00,0.728783,0.6861651539802551
2010/7/11 0:00,0.728385,0.6866410970687866
2010/7/12 0:00,0.728518,0.6863342523574829
2010/7/13 0:00,0.726956,0.6868362426757812
2010/7/14 0:00,0.722308,0.6863176822662354
2010/7/15 0:00,0.717772,0.6864947080612183
2010/7/16 0:00,0.715359,0.6870290040969849
2010/7/17 0:00,0.71347,0.6868128776550293
2010/7/18 0:00,0.716307,0.6871089935302734
2010/7/19 0:00,0.713216,0.6868426203727722
2010/7/20 0:00,0.704945,0.6869896650314331
2010/7/21 0:00,0.707114,0.6869840621948242
2010/7/22 0:00,0.709698,0.6868429183959961
2010/7/23 0:00,0.710631,0.6868218183517456
2010/7/24 0:00,0.708667,0.6871086955070496
2010/7/25 0:00,0.708717,0.6871246099472046
2010/7/26 0:00,0.713267,0.6870129108428955
2010/7/27 0:00,0.720487,0.6870579719543457
2010/7/28 0:00,0.722961,0.6871035695075989
2010/7/29 0:00,0.720098,0.6871264576911926
2010/7/30 0:00,0.715922,0.6868937015533447
2010/7/31 0:00,0.716384,0.687023937702179
2010/8/1 0:00,0.716384,0.6874511241912842
2010/8/2 0:00,0.71286,0.6874089241027832
2010/8/3 0:00,0.716435,0.6873524785041809
2010/8/4 0:00,0.715615,0.6875157356262207
2010/8/5 0:00,0.711642,0.6873125433921814
2010/8/6 0:00,0.714796,0.6872174143791199
2010/8/7 0:00,0.716692,0.687401294708252
2010/8/8 0:00,0.716486,0.6872753500938416
2010/8/9 0:00,0.714439,0.6879041194915771
2010/8/10 0:00,0.715768,0.6878838539123535
2010/8/11 0:00,0.730407,0.6874374151229858
2010/8/12 0:00,0.732547,0.6879993081092834
2010/8/13 0:00,0.732493,0.6877880096435547
2010/8/14 0:00,0.732896,0.6875097155570984
2010/8/15 0:00,0.732789,0.6880915760993958
2010/8/16 0:00,0.732225,0.6877988576889038
2010/8/17 0:00,0.735889,0.6881827712059021
2010/8/18 0:00,0.729501,0.688086211681366
2010/8/19 0:00,0.720409,0.6879218220710754
2010/8/20 0:00,0.713521,0.6879710555076599
2010/8/21 0:00,0.711845,0.6882926821708679
2010/8/22 0:00,0.711845,0.6882734894752502
2010/8/23 0:00,0.708265,0.6884403824806213
2010/8/24 0:00,0.708291,0.6880545616149902
2010/8/25 0:00,0.707364,0.6884950399398804
2010/8/26 0:00,0.705916,0.6886160373687744
2010/8/27 0:00,0.70279,0.6885536909103394
2010/8/28 0:00,0.701656,0.6888073682785034
2010/8/29 0:00,0.700795,0.6881957650184631
2010/8/30 0:00,0.705393,0.6887098550796509
2010/8/31 0:00,0.704722,0.6883959770202637
2010/9/1 0:00,0.700697,0.6885203123092651
2010/9/2 0:00,0.70055,0.6885735392570496
2010/9/3 0:00,0.704399,0.6889285445213318
2010/9/4 0:00,0.704349,0.6888568997383118
2010/9/5 0:00,0.7043,0.6885349154472351
2010/9/6 0:00,0.706714,0.6887948513031006
2010/9/7 0:00,0.711288,0.688711404800415
2010/9/8 0:00,0.708015,0.6886948943138123
2010/9/9 0:00,0.706814,0.6890773773193359
2010/9/10 0:00,0.713496,0.688800573348999
2010/9/11 0:00,0.714184,0.6890191435813904
2010/9/12 0:00,0.714184,0.6887408494949341
2010/9/13 0:00,0.713216,0.6889358162879944
2010/9/14 0:00,0.711592,0.6892852187156677
2010/9/15 0:00,0.715615,0.6892374753952026
2010/9/16 0:00,0.716153,0.6889243721961975
2010/9/17 0:00,0.713903,0.6889821887016296
2010/9/18 0:00,0.713547,0.6895107626914978
2010/9/19 0:00,0.713598,0.6894128918647766
2010/9/20 0:00,0.718856,0.6891108155250549
2010/9/21 0:00,0.720617,0.6892048716545105
2010/9/22 0:00,0.723014,0.6893426179885864
2010/9/23 0:00,0.701238,0.6894775032997131
2010/9/24 0:00,0.698666,0.6892557144165039
2010/9/25 0:00,0.696088,0.6892436742782593
2010/9/26 0:00,0.696088,0.6894887685775757
2010/9/27 0:00,0.695217,0.6894035339355469
2010/9/28 0:00,0.691683,0.6893911957740784
2010/9/29 0:00,0.690322,0.6892522573471069
2010/9/30 0:00,0.690655,0.689446210861206
2010/10/1 0:00,0.687191,0.6898040771484375
2010/10/2 0:00,0.687687,0.689700186252594
2010/10/3 0:00,0.687687,0.689257025718689
2010/10/4 0:00,0.690846,0.6894505023956299
2010/10/5 0:00,0.688753,0.6899715065956116
2010/10/6 0:00,0.690846,0.6897927522659302
2010/10/7 0:00,0.695701,0.6897229552268982
2010/10/8 0:00,0.695943,0.6902283430099487
2010/10/9 0:00,0.692689,0.6900516152381897
2010/10/10 0:00,0.692689,0.6900081038475037
