timestamp,true_value,pred_value
1998/4/24 0:00,0.4351,0.4390518367290497
1998/4/25 0:00,0.4371,0.4387426972389221
1998/4/26 0:00,0.44295,0.43900343775749207
1998/4/27 0:00,0.4406,0.43903350830078125
1998/4/28 0:00,0.4391,0.4391070008277893
1998/4/29 0:00,0.44095,0.4392012357711792
1998/4/30 0:00,0.4456,0.43949127197265625
1998/5/1 0:00,0.44605,0.4391016364097595
1998/5/2 0:00,0.4472,0.43935978412628174
1998/5/3 0:00,0.4466,0.4397422671318054
1998/5/4 0:00,0.44565,0.440412700176239
1998/5/5 0:00,0.44935,0.4402931332588196
1998/5/6 0:00,0.4507,0.4401934742927551
1998/5/7 0:00,0.44975,0.44038307666778564
1998/5/8 0:00,0.448,0.4404469430446625
1998/5/9 0:00,0.44755,0.43997639417648315
1998/5/10 0:00,0.44805,0.43987756967544556
1998/5/11 0:00,0.44515,0.4405561685562134
1998/5/12 0:00,0.4489,0.4410250186920166
1998/5/13 0:00,0.4487,0.4405801594257355
1998/5/14 0:00,0.44835,0.4400802254676819
1998/5/15 0:00,0.4493,0.4400264620780945
1998/5/16 0:00,0.45135,0.4406810700893402
1998/5/17 0:00,0.4533,0.4409809708595276
1998/5/18 0:00,0.45625,0.4408705234527588
1998/5/19 0:00,0.4559,0.4404744505882263
1998/5/20 0:00,0.45815,0.4406413733959198
1998/5/21 0:00,0.4605,0.44050872325897217
1998/5/22 0:00,0.4637,0.44024309515953064
1998/5/23 0:00,0.4668,0.44003260135650635
1998/5/24 0:00,0.4682,0.43996161222457886
1998/5/25 0:00,0.4729,0.4400542080402374
1998/5/26 0:00,0.4683,0.4401628077030182
1998/5/27 0:00,0.4711,0.4395856261253357
1998/5/28 0:00,0.4738,0.4393466114997864
1998/5/29 0:00,0.47645,0.43941763043403625
1998/5/30 0:00,0.4768,0.43981894850730896
1998/5/31 0:00,0.4749,0.440618097782135
1998/6/1 0:00,0.48595,0.4414302408695221
1998/6/2 0:00,0.4896,0.44078826904296875
1998/6/3 0:00,0.48865,0.4404338598251343
1998/6/4 0:00,0.49115,0.4409392476081848
1998/6/5 0:00,0.4873,0.4416502118110657
1998/6/6 0:00,0.48665,0.4414500892162323
1998/6/7 0:00,0.48865,0.4410790801048279
1998/6/8 0:00,0.4928,0.44127804040908813
1998/6/9 0:00,0.48765,0.44192028045654297
1998/6/10 0:00,0.48415,0.4424161911010742
1998/6/11 0:00,0.4842,0.4421517252922058
1998/6/12 0:00,0.4877,0.44142216444015503
1998/6/13 0:00,0.48695,0.44153234362602234
1998/6/14 0:00,0.49105,0.4413580596446991
1998/6/15 0:00,0.49665,0.44139203429222107
1998/6/16 0:00,0.49255,0.4413719177246094
1998/6/17 0:00,0.4932,0.441761314868927
1998/6/18 0:00,0.4895,0.4421069025993347
1998/6/19 0:00,0.49095,0.44225502014160156
1998/6/20 0:00,0.486,0.44209590554237366
1998/6/21 0:00,0.48755,0.44234609603881836
1998/6/22 0:00,0.4893,0.4422852694988251
1998/6/23 0:00,0.4883,0.4417065382003784
1998/6/24 0:00,0.4845,0.44179946184158325
1998/6/25 0:00,0.49035,0.4428224265575409
1998/6/26 0:00,0.49205,0.44252756237983704
1998/6/27 0:00,0.4882,0.439355731010437
1998/6/28 0:00,0.4835,0.43904179334640503
1998/6/29 0:00,0.4866,0.43909695744514465
1998/6/30 0:00,0.4844,0.43917742371559143
1998/7/1 0:00,0.482,0.4392572045326233
1998/7/2 0:00,0.4827,0.4393884837627411
1998/7/3 0:00,0.48775,0.43959692120552063
1998/7/4 0:00,0.4805,0.43927881121635437
1998/7/5 0:00,0.4742,0.4394480884075165
1998/7/6 0:00,0.4693,0.43988966941833496
1998/7/7 0:00,0.4682,0.4406108856201172
1998/7/8 0:00,0.4695,0.4405768811702728
1998/7/9 0:00,0.4678,0.4403860569000244
1998/7/10 0:00,0.4651,0.440611332654953
1998/7/11 0:00,0.46195,0.44066908955574036
1998/7/12 0:00,0.4636,0.4402458667755127
1998/7/13 0:00,0.4574,0.43993768095970154
1998/7/14 0:00,0.453,0.44061797857284546
1998/7/15 0:00,0.45485,0.44118982553482056
1998/7/16 0:00,0.4541,0.4408431649208069
1998/7/17 0:00,0.4579,0.44024816155433655
1998/7/18 0:00,0.46325,0.44036921858787537
1998/7/19 0:00,0.4571,0.44103002548217773
1998/7/20 0:00,0.46285,0.4413462281227112
1998/7/21 0:00,0.4658,0.44119545817375183
1998/7/22 0:00,0.468,0.4409533143043518
1998/7/23 0:00,0.466,0.4410324990749359
1998/7/24 0:00,0.4698,0.44089019298553467
1998/7/25 0:00,0.46495,0.4405943751335144
1998/7/26 0:00,0.4671,0.4404679834842682
1998/7/27 0:00,0.4674,0.44038888812065125
1998/7/28 0:00,0.4697,0.4405849277973175
1998/7/29 0:00,0.47185,0.44070571660995483
1998/7/30 0:00,0.46915,0.44023844599723816
1998/7/31 0:00,0.46895,0.43995141983032227
1998/8/1 0:00,0.47,0.4400947391986847
1998/8/2 0:00,0.47,0.44055360555648804
1998/8/3 0:00,0.4676,0.44148144125938416
1998/8/4 0:00,0.4661,0.44226938486099243
1998/8/5 0:00,0.46655,0.4417509436607361
1998/8/6 0:00,0.47025,0.4412747621536255
1998/8/7 0:00,0.46885,0.4417199194431305
1998/8/8 0:00,0.47085,0.44251590967178345
1998/8/9 0:00,0.4757,0.44241970777511597
1998/8/10 0:00,0.4719,0.44192296266555786
1998/8/11 0:00,0.4722,0.44216638803482056
1998/8/12 0:00,0.4704,0.44280552864074707
1998/8/13 0:00,0.47115,0.4432647228240967
1998/8/14 0:00,0.4728,0.44284698367118835
1998/8/15 0:00,0.4704,0.44218575954437256
1998/8/16 0:00,0.46765,0.4422586262226105
1998/8/17 0:00,0.4683,0.4421299695968628
1998/8/18 0:00,0.4741,0.4421578347682953
1998/8/19 0:00,0.4696,0.44228237867355347
1998/8/20 0:00,0.47085,0.44269615411758423
1998/8/21 0:00,0.46995,0.4430425465106964
1998/8/22 0:00,0.47425,0.44315898418426514
1998/8/23 0:00,0.47325,0.44313299655914307
1998/8/24 0:00,0.4779,0.4433627724647522
1998/8/25 0:00,0.47845,0.44330474734306335
1998/8/26 0:00,0.4835,0.4427560865879059
1998/8/27 0:00,0.48125,0.4430203437805176
1998/8/28 0:00,0.48055,0.4440162181854248
1998/8/29 0:00,0.47855,0.4439888000488281
1998/8/30 0:00,0.4805,0.4467017948627472
1998/8/31 0:00,0.4786,0.4465559124946594
1998/9/1 0:00,0.48025,0.4471079409122467
1998/9/2 0:00,0.48105,0.44716450572013855
1998/9/3 0:00,0.48185,0.44731953740119934
1998/9/4 0:00,0.4835,0.4474157691001892
1998/9/5 0:00,0.4827,0.4477662742137909
1998/9/6 0:00,0.4843,0.447341650724411
1998/9/7 0:00,0.48585,0.44753795862197876
1998/9/8 0:00,0.48665,0.4478996992111206
1998/9/9 0:00,0.48915,0.44855210185050964
1998/9/10 0:00,0.48605,0.44847989082336426
1998/9/11 0:00,0.48255,0.4483838379383087
1998/9/12 0:00,0.4964,0.44858497381210327
1998/9/13 0:00,0.49615,0.44879698753356934
1998/9/14 0:00,0.4983,0.4486115574836731
1998/9/15 0:00,0.49895,0.44853630661964417
1998/9/16 0:00,0.49815,0.44863611459732056
1998/9/17 0:00,0.4936,0.44899943470954895
1998/9/18 0:00,0.4931,0.4489426016807556
1998/9/19 0:00,0.4969,0.4485805034637451
1998/9/20 0:00,0.49985,0.44839197397232056
1998/9/21 0:00,0.49965,0.4490259885787964
1998/9/22 0:00,0.49765,0.4494798481464386
1998/9/23 0:00,0.4963,0.44923168420791626
1998/9/24 0:00,0.49735,0.44909942150115967
1998/9/25 0:00,0.50215,0.4494650065898895
1998/9/26 0:00,0.51415,0.4493197798728943
1998/9/27 0:00,0.4995,0.44893503189086914
1998/9/28 0:00,0.4956,0.4488142728805542
1998/9/29 0:00,0.49455,0.44914084672927856
1998/9/30 0:00,0.4951,0.4491002559661865
1998/10/1 0:00,0.4982,0.4490828216075897
1998/10/2 0:00,0.49765,0.4489912986755371
1998/10/3 0:00,0.498,0.449265718460083
1998/10/4 0:00,0.50105,0.44921350479125977
1998/10/5 0:00,0.5012,0.4493342339992523
1998/10/6 0:00,0.50385,0.45000937581062317
1998/10/7 0:00,0.5029,0.45074889063835144
1998/10/8 0:00,0.5085,0.45028218626976013
1998/10/9 0:00,0.51265,0.4501076340675354
1998/10/10 0:00,0.51455,0.45022639632225037
1998/10/11 0:00,0.51765,0.45069509744644165
1998/10/12 0:00,0.51655,0.45078936219215393
1998/10/13 0:00,0.51655,0.4506042003631592
1998/10/14 0:00,0.5217,0.4504597783088684
1998/10/15 0:00,0.52335,0.45085543394088745
1998/10/16 0:00,0.5228,0.45104676485061646
1998/10/17 0:00,0.5284,0.45063555240631104
1998/10/18 0:00,0.5314,0.4500628113746643
1998/10/19 0:00,0.53025,0.45057305693626404
1998/10/20 0:00,0.5329,0.4504789710044861
1998/10/21 0:00,0.5325,0.45041424036026
1998/10/22 0:00,0.5394,0.4504227042198181
1998/10/23 0:00,0.54165,0.4510013461112976
1998/10/24 0:00,0.5388,0.45093539357185364
1998/10/25 0:00,0.53905,0.45079612731933594
1998/10/26 0:00,0.54455,0.4508819878101349
1998/10/27 0:00,0.5502,0.45135340094566345
1998/10/28 0:00,0.5476,0.45090579986572266
1998/10/29 0:00,0.54225,0.4503609836101532
1998/10/30 0:00,0.54915,0.4505715072154999
1998/10/31 0:00,0.5476,0.4514835476875305
1998/11/1 0:00,0.54925,0.4513972997665405
1998/11/2 0:00,0.5454,0.4468265771865845
1998/11/3 0:00,0.54275,0.446668803691864
1998/11/4 0:00,0.542,0.447296142578125
1998/11/5 0:00,0.54945,0.4474337697029114
1998/11/6 0:00,0.5479,0.4475729465484619
1998/11/7 0:00,0.54935,0.4477007985115051
1998/11/8 0:00,0.5498,0.4480554461479187
1998/11/9 0:00,0.54925,0.44763636589050293
1998/11/10 0:00,0.5522,0.4478379487991333
1998/11/11 0:00,0.5488,0.44824129343032837
1998/11/12 0:00,0.5541,0.4488934576511383
1998/11/13 0:00,0.5512,0.4487999379634857
1998/11/14 0:00,0.54935,0.4487576484680176
1998/11/15 0:00,0.5499,0.4490082561969757
1998/11/16 0:00,0.5532,0.4492305517196655
1998/11/17 0:00,0.5586,0.4490503966808319
1998/11/18 0:00,0.5586,0.44904381036758423
1998/11/19 0:00,0.56555,0.4491564631462097
1998/11/20 0:00,0.5645,0.44940492510795593
1998/11/21 0:00,0.5657,0.44939878582954407
1998/11/22 0:00,0.5593,0.44912928342819214
1998/11/23 0:00,0.5619,0.44894182682037354
1998/11/24 0:00,0.5605,0.44952288269996643
1998/11/25 0:00,0.5645,0.45000407099723816
1998/11/26 0:00,0.5626,0.4497709274291992
1998/11/27 0:00,0.5594,0.44958746433258057
1998/11/28 0:00,0.55365,0.45002979040145874
1998/11/29 0:00,0.54685,0.44999080896377563
1998/11/30 0:00,0.54835,0.4496065378189087
1998/12/1 0:00,0.5485,0.44942134618759155
1998/12/2 0:00,0.5533,0.4497334063053131
1998/12/3 0:00,0.5526,0.4497157037258148
1998/12/4 0:00,0.55035,0.44967666268348694
1998/12/5 0:00,0.5537,0.4496349096298218
1998/12/6 0:00,0.5547,0.4499409794807434
1998/12/7 0:00,0.55565,0.44993722438812256
1998/12/8 0:00,0.55225,0.4500614106655121
1998/12/9 0:00,0.5483,0.4507671892642975
1998/12/10 0:00,0.5397,0.451535701751709
1998/12/11 0:00,0.5481,0.4510205090045929
1998/12/12 0:00,0.5474,0.4508795142173767
1998/12/13 0:00,0.5457,0.451002836227417
1998/12/14 0:00,0.54715,0.45140573382377625
1998/12/15 0:00,0.55245,0.4514639973640442
1998/12/16 0:00,0.55465,0.45139962434768677
1998/12/17 0:00,0.5602,0.4513017535209656
1998/12/18 0:00,0.55545,0.4516255557537079
1998/12/19 0:00,0.5596,0.4518417418003082
1998/12/20 0:00,0.5615,0.45143812894821167
1998/12/21 0:00,0.5673,0.4508548378944397
1998/12/22 0:00,0.57455,0.45136409997940063
1998/12/23 0:00,0.5673,0.4513974189758301
1998/12/24 0:00,0.5744,0.4513885974884033
1998/12/25 0:00,0.57595,0.45133596658706665
1998/12/26 0:00,0.5795,0.451909601688385
1998/12/27 0:00,0.5764,0.45187240839004517
1998/12/28 0:00,0.5746,0.4517526626586914
1998/12/29 0:00,0.57105,0.4517706036567688
1998/12/30 0:00,0.5776,0.4522544741630554
1998/12/31 0:00,0.58505,0.45187702775001526
1999/1/1 0:00,0.5868,0.4513200521469116
1999/1/2 0:00,0.5809,0.45157623291015625
1999/1/3 0:00,0.58295,0.4525640606880188
1999/1/4 0:00,0.5845,0.4525144696235657
1999/1/5 0:00,0.58275,0.4543856084346771
1999/1/6 0:00,0.5862,0.4544469118118286
1999/1/7 0:00,0.5749,0.45449820160865784
1999/1/8 0:00,0.57735,0.45469725131988525
1999/1/9 0:00,0.5766,0.45485037565231323
1999/1/10 0:00,0.5754,0.45482754707336426
1999/1/11 0:00,0.5801,0.4549151659011841
1999/1/12 0:00,0.5808,0.45469075441360474
1999/1/13 0:00,0.5829,0.45485296845436096
1999/1/14 0:00,0.5784,0.45498448610305786
1999/1/15 0:00,0.5729,0.4554181396961212
1999/1/16 0:00,0.5744,0.4556531310081482
1999/1/17 0:00,0.5776,0.4554487466812134
1999/1/18 0:00,0.5793,0.45534610748291016
1999/1/19 0:00,0.5803,0.4554702639579773
1999/1/20 0:00,0.58315,0.45569002628326416
1999/1/21 0:00,0.58505,0.45543864369392395
1999/1/22 0:00,0.5851,0.4553868770599365
1999/1/23 0:00,0.58645,0.45555955171585083
1999/1/24 0:00,0.585,0.45562368631362915
1999/1/25 0:00,0.5867,0.45528799295425415
1999/1/26 0:00,0.5861,0.4551888108253479
1999/1/27 0:00,0.5787,0.45540851354599
1999/1/28 0:00,0.5822,0.4554256200790405
1999/1/29 0:00,0.58725,0.4552305340766907
1999/1/30 0:00,0.59495,0.45522844791412354
1999/1/31 0:00,0.59535,0.4554690420627594
1999/2/1 0:00,0.59585,0.4555077850818634
1999/2/2 0:00,0.59485,0.4553350806236267
1999/2/3 0:00,0.59085,0.4552529454231262
1999/2/4 0:00,0.5884,0.45511510968208313
1999/2/5 0:00,0.58925,0.4550231397151947
1999/2/6 0:00,0.5796,0.45506012439727783
1999/2/7 0:00,0.5832,0.4552406072616577
1999/2/8 0:00,0.5805,0.45545679330825806
1999/2/9 0:00,0.5727,0.4556829333305359
1999/2/10 0:00,0.5746,0.45573270320892334
1999/2/11 0:00,0.57445,0.4557405114173889
1999/2/12 0:00,0.58185,0.4562491774559021
1999/2/13 0:00,0.5865,0.45611605048179626
1999/2/14 0:00,0.5883,0.456155002117157
1999/2/15 0:00,0.5872,0.45596370100975037
1999/2/16 0:00,0.5882,0.45616644620895386
1999/2/17 0:00,0.5828,0.4564588665962219
1999/2/18 0:00,0.583,0.456126868724823
1999/2/19 0:00,0.5864,0.45590996742248535
1999/2/20 0:00,0.5835,0.45586976408958435
1999/2/21 0:00,0.5833,0.4560762345790863
1999/2/22 0:00,0.5789,0.45594412088394165
1999/2/23 0:00,0.58035,0.45575636625289917
1999/2/24 0:00,0.5823,0.4562845230102539
1999/2/25 0:00,0.5872,0.4560965597629547
1999/2/26 0:00,0.5891,0.45606255531311035
1999/2/27 0:00,0.5869,0.45602181553840637
1999/2/28 0:00,0.5898,0.4562591314315796
1999/3/1 0:00,0.5856,0.4558429718017578
1999/3/2 0:00,0.58435,0.4557509422302246
1999/3/3 0:00,0.5895,0.4561614990234375
1999/3/4 0:00,0.58535,0.45635733008384705
1999/3/5 0:00,0.5864,0.45624691247940063
1999/3/6 0:00,0.566,0.4559679329395294
1999/3/7 0:00,0.572,0.45612677931785583
1999/3/8 0:00,0.5782,0.4567594528198242
1999/3/9 0:00,0.5782,0.45720967650413513
1999/3/10 0:00,0.5742,0.4565999507904053
1999/3/11 0:00,0.5654,0.45717188715934753
1999/3/12 0:00,0.5688,0.45759105682373047
1999/3/13 0:00,0.5741,0.45730146765708923
1999/3/14 0:00,0.5766,0.45692193508148193
1999/3/15 0:00,0.58225,0.4569861590862274
1999/3/16 0:00,0.5858,0.45717594027519226
1999/3/17 0:00,0.58395,0.45706233382225037
1999/3/18 0:00,0.59805,0.4574568569660187
1999/3/19 0:00,0.5962,0.45775991678237915
1999/3/20 0:00,0.5887,0.45784905552864075
1999/3/21 0:00,0.5914,0.45757970213890076
1999/3/22 0:00,0.59695,0.45799747109413147
1999/3/23 0:00,0.59815,0.45862317085266113
1999/3/24 0:00,0.59725,0.4590141177177429
1999/3/25 0:00,0.6009,0.4587327539920807
1999/3/26 0:00,0.60005,0.4585912823677063
1999/3/27 0:00,0.59705,0.45828336477279663
1999/3/28 0:00,0.59615,0.4584134519100189
1999/3/29 0:00,0.594,0.4590899646282196
1999/3/30 0:00,0.59635,0.4591940641403198
1999/3/31 0:00,0.59575,0.4587165117263794
1999/4/1 0:00,0.5973,0.4587783217430115
1999/4/2 0:00,0.6037,0.45910754799842834
1999/4/3 0:00,0.6087,0.4592111110687256
1999/4/4 0:00,0.6102,0.45934832096099854
1999/4/5 0:00,0.61205,0.46001699566841125
1999/4/6 0:00,0.61025,0.4599182903766632
1999/4/7 0:00,0.61305,0.4594951272010803
1999/4/8 0:00,0.61295,0.45930081605911255
1999/4/9 0:00,0.6128,0.4590601921081543
1999/4/10 0:00,0.6093,0.45916929841041565
1999/4/11 0:00,0.6128,0.45944806933403015
1999/4/12 0:00,0.61545,0.4595259726047516
1999/4/13 0:00,0.61265,0.45931047201156616
1999/4/14 0:00,0.61775,0.4590319097042084
1999/4/15 0:00,0.6218,0.45922937989234924
1999/4/16 0:00,0.6263,0.45986270904541016
1999/4/17 0:00,0.62655,0.46069008111953735
1999/4/18 0:00,0.6299,0.4602009356021881
1999/4/19 0:00,0.63,0.4601801931858063
1999/4/20 0:00,0.6298,0.4600762724876404
1999/4/21 0:00,0.63435,0.46012550592422485
1999/4/22 0:00,0.63905,0.46048519015312195
1999/4/23 0:00,0.6397,0.46044373512268066
1999/4/24 0:00,0.6407,0.45971816778182983
1999/4/25 0:00,0.6374,0.4597870111465454
1999/4/26 0:00,0.6396,0.46055397391319275
1999/4/27 0:00,0.641,0.46090951561927795
1999/4/28 0:00,0.6401,0.4605340361595154
1999/4/29 0:00,0.64415,0.46109047532081604
1999/4/30 0:00,0.64615,0.46093523502349854
1999/5/1 0:00,0.6445,0.46104177832603455
1999/5/2 0:00,0.64555,0.46092504262924194
1999/5/3 0:00,0.64745,0.46137142181396484
1999/5/4 0:00,0.64705,0.4615420401096344
1999/5/5 0:00,0.64815,0.4621402621269226
1999/5/6 0:00,0.64405,0.46188029646873474
1999/5/7 0:00,0.6492,0.4620901346206665
1999/5/8 0:00,0.6479,0.46175962686538696
1999/5/9 0:00,0.65155,0.4620021879673004
1999/5/10 0:00,0.648,0.4627027213573456
1999/5/11 0:00,0.64635,0.4639362394809723
1999/5/12 0:00,0.6438,0.4637088477611542
1999/5/13 0:00,0.64195,0.4639716148376465
1999/5/14 0:00,0.63995,0.46415525674819946
1999/5/15 0:00,0.65005,0.46396559476852417
1999/5/16 0:00,0.6551,0.46411874890327454
1999/5/17 0:00,0.6622,0.46417954564094543
1999/5/18 0:00,0.67105,0.4643365144729614
1999/5/19 0:00,0.67425,0.4643658995628357
1999/5/20 0:00,0.67085,0.4641931653022766
1999/5/21 0:00,0.68295,0.4641796350479126
1999/5/22 0:00,0.6841,0.46427786350250244
1999/5/23 0:00,0.6821,0.46469545364379883
1999/5/24 0:00,0.6761,0.4649880826473236
1999/5/25 0:00,0.67075,0.4646148383617401
1999/5/26 0:00,0.6591,0.4644201397895813
1999/5/27 0:00,0.6656,0.4645276665687561
1999/5/28 0:00,0.67265,0.46482324600219727
1999/5/29 0:00,0.67735,0.46475809812545776
1999/5/30 0:00,0.67505,0.4649811089038849
1999/5/31 0:00,0.6782,0.4650624990463257
1999/6/1 0:00,0.67555,0.46504080295562744
1999/6/2 0:00,0.66955,0.46483033895492554
1999/6/3 0:00,0.6727,0.46500760316848755
1999/6/4 0:00,0.6838,0.46498042345046997
1999/6/5 0:00,0.68665,0.465157687664032
1999/6/6 0:00,0.68945,0.4650978744029999
1999/6/7 0:00,0.69955,0.46524977684020996
1999/6/8 0:00,0.7006,0.46529078483581543
1999/6/9 0:00,0.69945,0.46524155139923096
1999/6/10 0:00,0.70145,0.46517521142959595
1999/6/11 0:00,0.70625,0.46533405780792236
1999/6/12 0:00,0.70955,0.4652045965194702
1999/6/13 0:00,0.7,0.46516162157058716
1999/6/14 0:00,0.70035,0.46525833010673523
1999/6/15 0:00,0.68105,0.4655423164367676
1999/6/16 0:00,0.692,0.4658740162849426
1999/6/17 0:00,0.68775,0.4663085341453552
1999/6/18 0:00,0.68735,0.465989887714386
1999/6/19 0:00,0.68635,0.4657934308052063
1999/6/20 0:00,0.69065,0.4661337733268738
1999/6/21 0:00,0.681,0.46604621410369873
1999/6/22 0:00,0.6707,0.46600785851478577
1999/6/23 0:00,0.6676,0.4659572243690491
1999/6/24 0:00,0.67555,0.46605122089385986
1999/6/25 0:00,0.6779,0.4661206007003784
1999/6/26 0:00,0.6765,0.4659062623977661
1999/6/27 0:00,0.64835,0.4659295678138733
1999/6/28 0:00,0.64265,0.46585962176322937
1999/6/29 0:00,0.6461,0.46616142988204956
1999/6/30 0:00,0.65055,0.46609628200531006
1999/7/1 0:00,0.64965,0.4661807119846344
1999/7/2 0:00,0.6601,0.4664602279663086
1999/7/3 0:00,0.65505,0.46630725264549255
1999/7/4 0:00,0.6631,0.46631622314453125
1999/7/5 0:00,0.65395,0.46643179655075073
1999/7/6 0:00,0.645,0.4663833975791931
1999/7/7 0:00,0.6553,0.46587371826171875
1999/7/8 0:00,0.65705,0.4658047556877136
1999/7/9 0:00,0.65705,0.4660702645778656
1999/7/10 0:00,0.6691,0.46631744503974915
1999/7/11 0:00,0.6558,0.4664257764816284
1999/7/12 0:00,0.65015,0.4659263491630554
1999/7/13 0:00,0.657,0.46581485867500305
1999/7/14 0:00,0.66395,0.46626633405685425
1999/7/15 0:00,0.64965,0.4666708707809448
1999/7/16 0:00,0.63565,0.4652377963066101
1999/7/17 0:00,0.63785,0.46583303809165955
1999/7/18 0:00,0.64095,0.4658238887786865
1999/7/19 0:00,0.6438,0.4658603370189667
1999/7/20 0:00,0.6291,0.4657173156738281
1999/7/21 0:00,0.6215,0.465707004070282
1999/7/22 0:00,0.6283,0.4655603766441345
1999/7/23 0:00,0.63135,0.46548494696617126
1999/7/24 0:00,0.62565,0.46569669246673584
1999/7/25 0:00,0.6247,0.4659477472305298
1999/7/26 0:00,0.6332,0.4659976363182068
1999/7/27 0:00,0.63675,0.4658682942390442
1999/7/28 0:00,0.6299,0.46600136160850525
1999/7/29 0:00,0.62675,0.46644657850265503
1999/7/30 0:00,0.6055,0.4668082892894745
1999/7/31 0:00,0.60655,0.4667467176914215
1999/8/1 0:00,0.6132,0.4664335548877716
1999/8/2 0:00,0.59835,0.4662572741508484
1999/8/3 0:00,0.60455,0.46665728092193604
1999/8/4 0:00,0.599,0.46711409091949463
1999/8/5 0:00,0.59955,0.4670272171497345
1999/8/6 0:00,0.60725,0.46682703495025635
1999/8/7 0:00,0.60955,0.4667391777038574
1999/8/8 0:00,0.6079,0.46711117029190063
1999/8/9 0:00,0.6171,0.4673154652118683
1999/8/10 0:00,0.62145,0.4676899313926697
1999/8/11 0:00,0.63065,0.4679437279701233
1999/8/12 0:00,0.6339,0.46774929761886597
1999/8/13 0:00,0.62665,0.46745145320892334
1999/8/14 0:00,0.61695,0.46751517057418823
1999/8/15 0:00,0.62495,0.4671659469604492
1999/8/16 0:00,0.6322,0.4671361744403839
1999/8/17 0:00,0.628,0.467581570148468
1999/8/18 0:00,0.6198,0.46777305006980896
1999/8/19 0:00,0.63415,0.4674881100654602
1999/8/20 0:00,0.6245,0.4673117399215698
1999/8/21 0:00,0.6378,0.46748003363609314
1999/8/22 0:00,0.62935,0.46796396374702454
1999/8/23 0:00,0.6223,0.46865782141685486
1999/8/24 0:00,0.62765,0.4684394299983978
1999/8/25 0:00,0.62935,0.4681357741355896
1999/8/26 0:00,0.62775,0.46787258982658386
1999/8/27 0:00,0.62445,0.4680830240249634
1999/8/28 0:00,0.63515,0.4685846269130707
1999/8/29 0:00,0.63605,0.46856817603111267
1999/8/30 0:00,0.64135,0.4681243896484375
1999/8/31 0:00,0.6306,0.4682038426399231
1999/9/1 0:00,0.63595,0.46892109513282776
1999/9/2 0:00,0.6407,0.46925243735313416
1999/9/3 0:00,0.6473,0.4691699147224426
1999/9/4 0:00,0.6474,0.4695250391960144
1999/9/5 0:00,0.64955,0.4693831205368042
1999/9/6 0:00,0.6558,0.4695172905921936
1999/9/7 0:00,0.65605,0.4696975648403168
1999/9/8 0:00,0.65715,0.4697812795639038
1999/9/9 0:00,0.66075,0.4696047902107239
1999/9/10 0:00,0.65845,0.47006967663764954
1999/9/11 0:00,0.6528,0.4702267646789551
1999/9/12 0:00,0.65085,0.4704759418964386
1999/9/13 0:00,0.6592,0.47035354375839233
1999/9/14 0:00,0.656,0.4705979824066162
1999/9/15 0:00,0.65245,0.47107017040252686
1999/9/16 0:00,0.64015,0.47194957733154297
1999/9/17 0:00,0.6408,0.4718301594257355
1999/9/18 0:00,0.63535,0.4715781509876251
1999/9/19 0:00,0.6359,0.47221317887306213
1999/9/20 0:00,0.628,0.47212210297584534
1999/9/21 0:00,0.62915,0.47221389412879944
1999/9/22 0:00,0.63345,0.4721882939338684
1999/9/23 0:00,0.6367,0.47250768542289734
1999/9/24 0:00,0.63905,0.47274249792099
1999/9/25 0:00,0.63905,0.472809374332428
1999/9/26 0:00,0.6431,0.4727218747138977
1999/9/27 0:00,0.64535,0.47277989983558655
1999/9/28 0:00,0.6433,0.47319459915161133
1999/9/29 0:00,0.65315,0.4735831618309021
1999/9/30 0:00,0.65275,0.4733562767505646
1999/10/1 0:00,0.65145,0.47322800755500793
1999/10/2 0:00,0.6548,0.47329238057136536
1999/10/3 0:00,0.65725,0.47364699840545654
1999/10/4 0:00,0.66515,0.47360074520111084
1999/10/5 0:00,0.66485,0.4738104045391083
1999/10/6 0:00,0.66375,0.4739933907985687
1999/10/7 0:00,0.6634,0.47397327423095703
1999/10/8 0:00,0.6718,0.47375059127807617
1999/10/9 0:00,0.673,0.47407829761505127
1999/10/10 0:00,0.6626,0.4740251302719116
1999/10/11 0:00,0.64725,0.47401100397109985
1999/10/12 0:00,0.6503,0.4739258587360382
1999/10/13 0:00,0.6515,0.4743121564388275
1999/10/14 0:00,0.64965,0.4744291305541992
1999/10/15 0:00,0.64965,0.47429928183555603
1999/10/16 0:00,0.65555,0.474144846200943
1999/10/17 0:00,0.65335,0.4745893180370331
1999/10/18 0:00,0.64675,0.4745608866214752
1999/10/19 0:00,0.64685,0.4744923412799835
1999/10/20 0:00,0.64825,0.4745221734046936
1999/10/21 0:00,0.64605,0.4748402535915375
1999/10/22 0:00,0.646049,0.4751463234424591
1999/10/23 0:00,0.65305,0.47563785314559937
1999/10/24 0:00,0.6562,0.47534576058387756
1999/10/25 0:00,0.65965,0.4751609265804291
1999/10/26 0:00,0.66145,0.47526729106903076
1999/10/27 0:00,0.65725,0.4752904772758484
1999/10/28 0:00,0.66015,0.4752105474472046
1999/10/29 0:00,0.65995,0.4751070737838745
1999/10/30 0:00,0.733665,0.4751168191432953
1999/10/31 0:00,0.66395,0.47520965337753296
1999/11/1 0:00,0.66205,0.47503599524497986
1999/11/2 0:00,0.66645,0.4752753973007202
1999/11/3 0:00,0.66605,0.47529369592666626
1999/11/4 0:00,0.66635,0.4754177927970886
1999/11/5 0:00,0.67015,0.4753642678260803
1999/11/6 0:00,0.66975,0.4756081700325012
1999/11/7 0:00,0.670151,0.4758777618408203
1999/11/8 0:00,0.669748,0.47572946548461914
1999/11/9 0:00,0.671001,0.4757251441478729
1999/11/10 0:00,0.6735,0.47624027729034424
1999/11/11 0:00,0.673491,0.4764648675918579
1999/11/12 0:00,0.67735,0.4761371910572052
1999/11/13 0:00,0.6822,0.47592681646347046
1999/11/14 0:00,0.6779,0.4761344790458679
1999/11/15 0:00,0.6764,0.4763634502887726
1999/11/16 0:00,0.68065,0.4765297770500183
1999/11/17 0:00,0.68635,0.4761345386505127
1999/11/18 0:00,0.68505,0.4760923981666565
1999/11/19 0:00,0.68505,0.476470947265625
1999/11/20 0:00,0.6913,0.4768524765968323
1999/11/21 0:00,0.6925,0.47763434052467346
1999/11/22 0:00,0.69705,0.4781285524368286
1999/11/23 0:00,0.7005,0.47790101170539856
1999/11/24 0:00,0.6969,0.47816020250320435
1999/11/25 0:00,0.68635,0.4781036972999573
1999/11/26 0:00,0.6828,0.4782117009162903
1999/11/27 0:00,0.6838,0.4781442880630493
1999/11/28 0:00,0.68645,0.47814059257507324
1999/11/29 0:00,0.6839,0.4779856503009796
1999/11/30 0:00,0.6859,0.4779469668865204
1999/12/1 0:00,0.6908,0.47801509499549866
1999/12/2 0:00,0.69065,0.47821909189224243
1999/12/3 0:00,0.69385,0.47812092304229736
1999/12/4 0:00,0.69135,0.4782203137874603
1999/12/5 0:00,0.6882,0.4785196781158447
1999/12/6 0:00,0.68455,0.47872257232666016
1999/12/7 0:00,0.6875,0.47844403982162476
1999/12/8 0:00,0.69395,0.47847604751586914
1999/12/9 0:00,0.69745,0.47880786657333374
1999/12/10 0:00,0.70095,0.47880399227142334
1999/12/11 0:00,0.70835,0.478590190410614
1999/12/12 0:00,0.70275,0.4786732792854309
1999/12/13 0:00,0.71055,0.47855329513549805
1999/12/14 0:00,0.7094,0.478920042514801
1999/12/15 0:00,0.70965,0.4791737496852875
1999/12/16 0:00,0.709673,0.47973212599754333
1999/12/17 0:00,0.71765,0.47994497418403625
1999/12/18 0:00,0.71675,0.4798738360404968
1999/12/19 0:00,0.7136,0.47968629002571106
1999/12/20 0:00,0.71855,0.4801098704338074
1999/12/21 0:00,0.71745,0.47998321056365967
1999/12/22 0:00,0.71595,0.4799620509147644
1999/12/23 0:00,0.721,0.4802214801311493
1999/12/24 0:00,0.72345,0.4803197681903839
1999/12/25 0:00,0.7184,0.48005789518356323
1999/12/26 0:00,0.7152,0.4801706075668335
1999/12/27 0:00,0.70985,0.480083703994751
1999/12/28 0:00,0.70185,0.48023927211761475
1999/12/29 0:00,0.7096,0.4808289408683777
1999/12/30 0:00,0.70915,0.4809595048427582
1999/12/31 0:00,0.7163,0.4805952310562134
2000/1/1 0:00,0.70975,0.4802972674369812
2000/1/2 0:00,0.71535,0.48038429021835327
2000/1/3 0:00,0.715359,0.48058024048805237
2000/1/4 0:00,0.71045,0.4805128574371338
2000/1/5 0:00,0.71195,0.4805721342563629
2000/1/6 0:00,0.7134,0.4805759787559509
2000/1/7 0:00,0.71955,0.48096171021461487
2000/1/8 0:00,0.71355,0.4810135066509247
2000/1/9 0:00,0.713552,0.4811023473739624
2000/1/10 0:00,0.7142,0.4815533459186554
2000/1/11 0:00,0.7021,0.4817582666873932
2000/1/12 0:00,0.70075,0.48219189047813416
2000/1/13 0:00,0.698,0.482991486787796
2000/1/14 0:00,0.7041,0.48338720202445984
2000/1/15 0:00,0.6943,0.4831882417201996
2000/1/16 0:00,0.6943,0.48323318362236023
2000/1/17 0:00,0.6955,0.48327144980430603
2000/1/18 0:00,0.69905,0.4832508862018585
2000/1/19 0:00,0.70385,0.48327159881591797
2000/1/20 0:00,0.70575,0.4832208454608917
2000/1/21 0:00,0.699,0.48352929949760437
2000/1/22 0:00,0.69935,0.48446112871170044
2000/1/23 0:00,0.6993,0.4847862720489502
2000/1/24 0:00,0.6992,0.4855394661426544
2000/1/25 0:00,0.6953,0.4859294295310974
2000/1/26 0:00,0.70365,0.48587527871131897
2000/1/27 0:00,0.70235,0.4860702157020569
2000/1/28 0:00,0.71465,0.48606446385383606
2000/1/29 0:00,0.71465,0.4864461421966553
2000/1/30 0:00,0.7143,0.4866320788860321
2000/1/31 0:00,0.71325,0.4867548942565918
2000/2/1 0:00,0.71735,0.48659148812294006
2000/2/2 0:00,0.71365,0.4862837791442871
2000/2/3 0:00,0.7125,0.48630428314208984
2000/2/4 0:00,0.7125,0.48665913939476013
2000/2/5 0:00,0.71025,0.48649507761001587
2000/2/6 0:00,0.70945,0.4864508807659149
2000/2/7 0:00,0.71255,0.4862365424633026
2000/2/8 0:00,0.71115,0.4865513741970062
2000/2/9 0:00,0.7104,0.4866541624069214
2000/2/10 0:00,0.7123,0.48705920577049255
2000/2/11 0:00,0.7047,0.4872759282588959
2000/2/12 0:00,0.69915,0.4872796833515167
2000/2/13 0:00,0.6993,0.48702889680862427
2000/2/14 0:00,0.7054,0.48711538314819336
2000/2/15 0:00,0.71295,0.48709484934806824
2000/2/16 0:00,0.7128,0.4873713254928589
2000/2/17 0:00,0.7128,0.48732924461364746
2000/2/18 0:00,0.71735,0.48778071999549866
2000/2/19 0:00,0.71605,0.4879107177257538
2000/2/20 0:00,0.71325,0.4879200756549835
2000/2/21 0:00,0.7161,0.4877743124961853
2000/2/22 0:00,0.72355,0.48844826221466064
2000/2/23 0:00,0.7251,0.4885232150554657
2000/2/24 0:00,0.728,0.4886436462402344
2000/2/25 0:00,0.72725,0.4886389672756195
2000/2/26 0:00,0.72355,0.4887661039829254
2000/2/27 0:00,0.7194,0.48862379789352417
2000/2/28 0:00,0.7223,0.48892056941986084
2000/2/29 0:00,0.7223,0.4886188507080078
2000/3/1 0:00,0.72965,0.48868870735168457
2000/3/2 0:00,0.7239,0.48875492811203003
2000/3/3 0:00,0.7249,0.4889346659183502
2000/3/4 0:00,0.72685,0.4888436794281006
2000/3/5 0:00,0.73105,0.4888169467449188
2000/3/6 0:00,0.7328,0.4885941445827484
2000/3/7 0:00,0.7328,0.4888416528701782
2000/3/8 0:00,0.73455,0.4887748062610626
2000/3/9 0:00,0.73875,0.4890879690647125
2000/3/10 0:00,0.73335,0.48891061544418335
2000/3/11 0:00,0.73805,0.48882436752319336
2000/3/12 0:00,0.7378,0.48843255639076233
2000/3/13 0:00,0.741,0.4885890483856201
2000/3/14 0:00,0.73975,0.4888446629047394
2000/3/15 0:00,0.73855,0.48902568221092224
2000/3/16 0:00,0.74165,0.4893091022968292
2000/3/17 0:00,0.7444,0.4902551472187042
2000/3/18 0:00,0.74235,0.4906189739704132
2000/3/19 0:00,0.7404,0.4906826615333557
2000/3/20 0:00,0.7449,0.4902409315109253
2000/3/21 0:00,0.7449,0.49014806747436523
2000/3/22 0:00,0.7384,0.4899478852748871
2000/3/23 0:00,0.73895,0.4901331067085266
2000/3/24 0:00,0.72175,0.4898250102996826
2000/3/25 0:00,0.7154,0.49014684557914734
2000/3/26 0:00,0.71325,0.4905754327774048
2000/3/27 0:00,0.7141,0.49084171652793884
2000/3/28 0:00,0.7141,0.49028581380844116
2000/3/29 0:00,0.7087,0.49053797125816345
2000/3/30 0:00,0.71125,0.4903847873210907
2000/3/31 0:00,0.70975,0.49074631929397583
2000/4/1 0:00,0.7134,0.49068623781204224
2000/4/2 0:00,0.71,0.4907881021499634
2000/4/3 0:00,0.7082,0.49068379402160645
2000/4/4 0:00,0.711,0.4910101890563965
2000/4/5 0:00,0.705,0.4906659722328186
2000/4/6 0:00,0.70845,0.4901367425918579
2000/4/7 0:00,0.71125,0.48978275060653687
2000/4/8 0:00,0.71545,0.4901507794857025
2000/4/9 0:00,0.7144,0.49014636874198914
2000/4/10 0:00,0.7165,0.4900435209274292
2000/4/11 0:00,0.7165,0.490081787109375
2000/4/12 0:00,0.7199,0.49039870500564575
2000/4/13 0:00,0.71825,0.7201415300369263
2000/4/14 0:00,0.7263,0.7203332781791687
2000/4/15 0:00,0.7217,0.7203819751739502
2000/4/16 0:00,0.7176,0.7205337285995483
2000/4/17 0:00,0.7161,0.7204874157905579
2000/4/18 0:00,0.7161,0.7205387949943542
2000/4/19 0:00,0.7147,0.7208702564239502
2000/4/20 0:00,0.72055,0.7205736637115479
2000/4/21 0:00,0.7272,0.7201184034347534
2000/4/22 0:00,0.7288,0.720587432384491
2000/4/23 0:00,0.7328,0.7210255265235901
2000/4/24 0:00,0.73115,0.7212560176849365
2000/4/25 0:00,0.73115,0.7206758856773376
2000/4/26 0:00,0.7285,0.7206841111183167
2000/4/27 0:00,0.7228,0.7207490801811218
2000/4/28 0:00,0.72275,0.7210348844528198
2000/4/29 0:00,0.7285,0.7206548452377319
2000/4/30 0:00,0.73245,0.720490574836731
2000/5/1 0:00,0.7325,0.7201226353645325
2000/5/2 0:00,0.7325,0.7200126647949219
2000/5/3 0:00,0.7285,0.7204555869102478
2000/5/4 0:00,0.72635,0.7206038236618042
2000/5/5 0:00,0.73245,0.7206361889839172
2000/5/6 0:00,0.7351,0.7215313911437988
2000/5/7 0:00,0.73285,0.7215217351913452
2000/5/8 0:00,0.7328,0.7215737104415894
2000/5/9 0:00,0.7322,0.7211687564849854
2000/5/10 0:00,0.7301,0.7213965058326721
2000/5/11 0:00,0.73075,0.7206878066062927
2000/5/12 0:00,0.73115,0.7204081416130066
2000/5/13 0:00,0.7196,0.720339298248291
2000/5/14 0:00,0.71305,0.7202011346817017
2000/5/15 0:00,0.7123,0.7200168371200562
2000/5/16 0:00,0.71285,0.7204463481903076
2000/5/17 0:00,0.70775,0.7211999893188477
2000/5/18 0:00,0.70895,0.7215266227722168
2000/5/19 0:00,0.71045,0.7202062606811523
2000/5/20 0:00,0.71165,0.7201048135757446
2000/5/21 0:00,0.70735,0.7203221321105957
2000/5/22 0:00,0.7081,0.7211785316467285
2000/5/23 0:00,0.7094,0.7213210463523865
2000/5/24 0:00,0.70935,0.7221629023551941
2000/5/25 0:00,0.71315,0.7222123146057129
2000/5/26 0:00,0.71415,0.721968948841095
2000/5/27 0:00,0.7117,0.7218912243843079
2000/5/28 0:00,0.7137,0.721805214881897
2000/5/29 0:00,0.71505,0.7214661240577698
2000/5/30 0:00,0.71505,0.7217105627059937
2000/5/31 0:00,0.7123,0.7222131490707397
2000/6/1 0:00,0.7059,0.722169041633606
2000/6/2 0:00,0.7013,0.7213916778564453
2000/6/3 0:00,0.70135,0.7213979959487915
2000/6/4 0:00,0.70245,0.7215258479118347
2000/6/5 0:00,0.6997,0.7220060229301453
2000/6/6 0:00,0.6997,0.7223161458969116
2000/6/7 0:00,0.70875,0.7225214242935181
2000/6/8 0:00,0.71385,0.7219973802566528
2000/6/9 0:00,0.7161,0.7225884795188904
2000/6/10 0:00,0.71215,0.7227588295936584
2000/6/11 0:00,0.70705,0.7230285406112671
2000/6/12 0:00,0.7095,0.7219319343566895
2000/6/13 0:00,0.7043,0.7214992642402649
2000/6/14 0:00,0.70935,0.7219961881637573
2000/6/15 0:00,0.71075,0.722164511680603
2000/6/16 0:00,0.71555,0.720734715461731
2000/6/17 0:00,0.7163,0.7209983468055725
2000/6/18 0:00,0.7173,0.7211397886276245
2000/6/19 0:00,0.7153,0.7213590741157532
2000/6/20 0:00,0.71435,0.7212430238723755
2000/6/21 0:00,0.71545,0.7214463353157043
2000/6/22 0:00,0.71635,0.7217975854873657
2000/6/23 0:00,0.7074,0.7215762734413147
2000/6/24 0:00,0.70435,0.7209283709526062
2000/6/25 0:00,0.70595,0.7214125990867615
2000/6/26 0:00,0.7079,0.721968412399292
2000/6/27 0:00,0.70145,0.7221646308898926
2000/6/28 0:00,0.6992,0.7214919328689575
2000/6/29 0:00,0.69195,0.7214377522468567
2000/6/30 0:00,0.6843,0.7215147614479065
2000/7/1 0:00,0.6835,0.7218347191810608
2000/7/2 0:00,0.68315,0.7215326428413391
2000/7/3 0:00,0.68,0.7214255928993225
2000/7/4 0:00,0.67535,0.7208890318870544
2000/7/5 0:00,0.67635,0.7207897305488586
2000/7/6 0:00,0.6733,0.7212166786193848
2000/7/7 0:00,0.6735,0.7214709520339966
2000/7/8 0:00,0.6735,0.7214722633361816
2000/7/9 0:00,0.6851,0.7222194671630859
2000/7/10 0:00,0.679306,0.7220110297203064
2000/7/11 0:00,0.67685,0.7220805883407593
2000/7/12 0:00,0.67435,0.7216999530792236
2000/7/13 0:00,0.67315,0.7219550013542175
2000/7/14 0:00,0.67725,0.7212439775466919
2000/7/15 0:00,0.6739,0.7210020422935486
2000/7/16 0:00,0.67405,0.7209621071815491
2000/7/17 0:00,0.6844,0.7209041118621826
2000/7/18 0:00,0.68725,0.7206174731254578
2000/7/19 0:00,0.6864,0.7211264371871948
2000/7/20 0:00,0.6864,0.721933126449585
2000/7/21 0:00,0.68305,0.7221601009368896
2000/7/22 0:00,0.6829,0.7204961776733398
2000/7/23 0:00,0.67935,0.7202616333961487
2000/7/24 0:00,0.68085,0.720455527305603
2000/7/25 0:00,0.6831,0.7213827967643738
2000/7/26 0:00,0.6803,0.72158282995224
2000/7/27 0:00,0.68395,0.7223364114761353
2000/7/28 0:00,0.6879,0.7220930457115173
2000/7/29 0:00,0.69145,0.7216918468475342
2000/7/30 0:00,0.69165,0.7216011881828308
2000/7/31 0:00,0.68975,0.7216090559959412
2000/8/1 0:00,0.69295,0.7212364673614502
2000/8/2 0:00,0.6914,0.7214068174362183
2000/8/3 0:00,0.69505,0.7217954397201538
2000/8/4 0:00,0.7047,0.7217753529548645
2000/8/5 0:00,0.70675,0.7209570407867432
2000/8/6 0:00,0.70825,0.7209521532058716
2000/8/7 0:00,0.7076,0.7210516333580017
2000/8/8 0:00,0.7057,0.7215900421142578
2000/8/9 0:00,0.70365,0.7219409942626953
2000/8/10 0:00,0.70085,0.7222158312797546
2000/8/11 0:00,0.69645,0.7216312289237976
2000/8/12 0:00,0.6966,0.7222208976745605
2000/8/13 0:00,0.69635,0.7224301099777222
2000/8/14 0:00,0.69605,0.722578763961792
2000/8/15 0:00,0.69895,0.7211271524429321
2000/8/16 0:00,0.69715,0.7205135226249695
2000/8/17 0:00,0.6951,0.7208638787269592
2000/8/18 0:00,0.6951,0.7210444211959839
2000/8/19 0:00,0.69465,0.7279423475265503
2000/8/20 0:00,0.68785,0.7279354929924011
2000/8/21 0:00,0.69205,0.7271822094917297
2000/8/22 0:00,0.70425,0.7278389930725098
2000/8/23 0:00,0.7062,0.7281443476676941
2000/8/24 0:00,0.71025,0.7287282347679138
2000/8/25 0:00,0.70755,0.728309690952301
2000/8/26 0:00,0.70575,0.728879451751709
2000/8/27 0:00,0.70435,0.728206217288971
2000/8/28 0:00,0.7078,0.7282323837280273
2000/8/29 0:00,0.7077,0.7282071709632874
2000/8/30 0:00,0.70785,0.7287616729736328
2000/8/31 0:00,0.70465,0.7278613448143005
2000/9/1 0:00,0.70275,0.7275235056877136
2000/9/2 0:00,0.70925,0.7283658385276794
2000/9/3 0:00,0.7055,0.7293590307235718
2000/9/4 0:00,0.70375,0.7287172079086304
2000/9/5 0:00,0.7046,0.7289659976959229
2000/9/6 0:00,0.7006,0.7285944223403931
2000/9/7 0:00,0.70175,0.7287887334823608
2000/9/8 0:00,0.7014,0.728886067867279
2000/9/9 0:00,0.69965,0.7296276688575745
2000/9/10 0:00,0.69405,0.7297614812850952
2000/9/11 0:00,0.68705,0.7309129238128662
2000/9/12 0:00,0.68655,0.7310088276863098
2000/9/13 0:00,0.68425,0.730940043926239
2000/9/14 0:00,0.6787,0.7299360036849976
2000/9/15 0:00,0.6841,0.7299611568450928
2000/9/16 0:00,0.69075,0.7300330400466919
2000/9/17 0:00,0.69125,0.730291485786438
2000/9/18 0:00,0.6911,0.7294275760650635
2000/9/19 0:00,0.691099,0.7294829487800598
2000/9/20 0:00,0.69465,0.729000449180603
2000/9/21 0:00,0.69295,0.7293550372123718
2000/9/22 0:00,0.6968,0.7296589612960815
2000/9/23 0:00,0.696,0.7308284640312195
2000/9/24 0:00,0.69565,0.7290843725204468
2000/9/25 0:00,0.6956,0.728404700756073
2000/9/26 0:00,0.6973,0.7288192510604858
2000/9/27 0:00,0.6919,0.7300852537155151
2000/9/28 0:00,0.69605,0.7296572327613831
2000/9/29 0:00,0.68985,0.7294402122497559
2000/9/30 0:00,0.69495,0.7295550107955933
2000/10/1 0:00,0.69665,0.7300004363059998
2000/10/2 0:00,0.69665,0.7298259139060974
2000/10/3 0:00,0.6974,0.7301877737045288
2000/10/4 0:00,0.6951,0.7299462556838989
2000/10/5 0:00,0.69795,0.7306204438209534
2000/10/6 0:00,0.7007,0.7304523587226868
2000/10/7 0:00,0.7001,0.7303968667984009
2000/10/8 0:00,0.7002,0.7294298410415649
2000/10/9 0:00,0.69965,0.7294831871986389
2000/10/10 0:00,0.7018,0.7300757765769958
2000/10/11 0:00,0.70455,0.7311399579048157
2000/10/12 0:00,0.70295,0.7310957312583923
2000/10/13 0:00,0.70665,0.7311067581176758
2000/10/14 0:00,0.70465,0.7307121753692627
2000/10/15 0:00,0.7037,0.7309602499008179
2000/10/16 0:00,0.70345,0.7305690050125122
2000/10/17 0:00,0.70065,0.731027364730835
2000/10/18 0:00,0.698,0.7294762134552002
2000/10/19 0:00,0.69175,0.728844940662384
2000/10/20 0:00,0.69145,0.7289907932281494
2000/10/21 0:00,0.68515,0.7301767468452454
2000/10/22 0:00,0.68345,0.7226322293281555
2000/10/23 0:00,0.68315,0.7227957248687744
2000/10/24 0:00,0.6787,0.7223415374755859
2000/10/25 0:00,0.68145,0.7228725552558899
2000/10/26 0:00,0.6832,0.7234475016593933
2000/10/27 0:00,0.68785,0.7238032817840576
2000/10/28 0:00,0.687,0.7235066890716553
2000/10/29 0:00,0.68695,0.7236958742141724
2000/10/30 0:00,0.68605,0.7234482765197754
2000/10/31 0:00,0.68065,0.7235118746757507
2000/11/1 0:00,0.68435,0.7238129377365112
2000/11/2 0:00,0.68505,0.7243254780769348
2000/11/3 0:00,0.68725,0.7235793471336365
2000/11/4 0:00,0.6873,0.7232055068016052
2000/11/5 0:00,0.68835,0.723798930644989
2000/11/6 0:00,0.68965,0.7246993780136108
2000/11/7 0:00,0.69125,0.7242985963821411
2000/11/8 0:00,0.69465,0.7244774699211121
2000/11/9 0:00,0.6945,0.7243125438690186
2000/11/10 0:00,0.69715,0.7244284152984619
2000/11/11 0:00,0.69705,0.7244832515716553
2000/11/12 0:00,0.69665,0.7250304222106934
2000/11/13 0:00,0.70395,0.7255104780197144
2000/11/14 0:00,0.7005,0.7264388203620911
2000/11/15 0:00,0.70435,0.7264496088027954
2000/11/16 0:00,0.70525,0.726188600063324
2000/11/17 0:00,0.71275,0.7253218293190002
2000/11/18 0:00,0.71275,0.7251692414283752
2000/11/19 0:00,0.71375,0.725079357624054
2000/11/20 0:00,0.7179,0.7252281308174133
2000/11/21 0:00,0.71475,0.724604606628418
2000/11/22 0:00,0.7034,0.7247075438499451
2000/11/23 0:00,0.7006,0.7245486974716187
2000/11/24 0:00,0.7025,0.7248292565345764
2000/11/25 0:00,0.7042,0.7252000570297241
2000/11/26 0:00,0.70345,0.7259637713432312
2000/11/27 0:00,0.71095,0.72454434633255
2000/11/28 0:00,0.7056,0.7238606810569763
2000/11/29 0:00,0.70775,0.724220335483551
2000/11/30 0:00,0.69055,0.7252940535545349
2000/12/1 0:00,0.69075,0.7251927256584167
2000/12/2 0:00,0.69075,0.725083589553833
2000/12/3 0:00,0.69075,0.7252390384674072
2000/12/4 0:00,0.68825,0.7256165146827698
2000/12/5 0:00,0.68305,0.7253215909004211
2000/12/6 0:00,0.674799,0.7256082892417908
2000/12/7 0:00,0.6721,0.7255789637565613
2000/12/8 0:00,0.67365,0.7259894013404846
2000/12/9 0:00,0.67245,0.7257722020149231
2000/12/10 0:00,0.68135,0.7255710363388062
2000/12/11 0:00,0.6835,0.7249372005462646
2000/12/12 0:00,0.6825,0.7249602675437927
2000/12/13 0:00,0.6827,0.7256914377212524
2000/12/14 0:00,0.6827,0.7265979051589966
2000/12/15 0:00,0.68625,0.7267346382141113
2000/12/16 0:00,0.68735,0.726637601852417
2000/12/17 0:00,0.68655,0.7263107299804688
2000/12/18 0:00,0.6907,0.7268587350845337
2000/12/19 0:00,0.69315,0.7267469167709351
2000/12/20 0:00,0.69425,0.7272107601165771
2000/12/21 0:00,0.6971,0.72581547498703
2000/12/22 0:00,0.69355,0.7252252101898193
2000/12/23 0:00,0.69885,0.7251805067062378
2000/12/24 0:00,0.6974,0.7257599830627441
2000/12/25 0:00,0.7,0.7246167063713074
2000/12/26 0:00,0.69525,0.7248871326446533
2000/12/27 0:00,0.6883,0.7245600819587708
2000/12/28 0:00,0.68685,0.7251026034355164
2000/12/29 0:00,0.68175,0.7251509428024292
2000/12/30 0:00,0.67905,0.7252269983291626
2000/12/31 0:00,0.6783,0.7247557044029236
2001/1/1 0:00,0.68165,0.724972665309906
2001/1/2 0:00,0.68375,0.7248555421829224
2001/1/3 0:00,0.68295,0.7247002124786377
2001/1/4 0:00,0.68635,0.7244671583175659
2001/1/5 0:00,0.68405,0.7249454855918884
2001/1/6 0:00,0.6818,0.7246320843696594
2001/1/7 0:00,0.682,0.7244766354560852
2001/1/8 0:00,0.68775,0.7243455648422241
2001/1/9 0:00,0.68535,0.7251452207565308
2001/1/10 0:00,0.68985,0.7245709896087646
2001/1/11 0:00,0.68785,0.7245825529098511
2001/1/12 0:00,0.6863,0.7241995334625244
2001/1/13 0:00,0.68375,0.7245333194732666
2001/1/14 0:00,0.6814,0.7245920896530151
2001/1/15 0:00,0.681059,0.7248465418815613
2001/1/16 0:00,0.67615,0.7248459458351135
2001/1/17 0:00,0.676827,0.7255299687385559
2001/1/18 0:00,0.67805,0.725082278251648
2001/1/19 0:00,0.6791,0.7247483134269714
2001/1/20 0:00,0.67815,0.724530041217804
2001/1/21 0:00,0.6747,0.7251258492469788
2001/1/22 0:00,0.67705,0.7250236868858337
2001/1/23 0:00,0.67425,0.725189208984375
2001/1/24 0:00,0.67095,0.7245205640792847
2001/1/25 0:00,0.6684,0.724723756313324
2001/1/26 0:00,0.6673,0.7244638800621033
2001/1/27 0:00,0.66835,0.7246363162994385
2001/1/28 0:00,0.6698,0.7245437502861023
2001/1/29 0:00,0.66085,0.7254257798194885
2001/1/30 0:00,0.658217,0.7248325347900391
2001/1/31 0:00,0.6634,0.7244137525558472
2001/2/1 0:00,0.65785,0.7243372201919556
2001/2/2 0:00,0.66025,0.7251037955284119
2001/2/3 0:00,0.66355,0.7252489328384399
2001/2/4 0:00,0.66485,0.7254902720451355
2001/2/5 0:00,0.6664,0.725483775138855
2001/2/6 0:00,0.66525,0.7259171009063721
2001/2/7 0:00,0.66525,0.7254502773284912
2001/2/8 0:00,0.66625,0.7255061864852905
2001/2/9 0:00,0.65685,0.724794864654541
2001/2/10 0:00,0.65045,0.7252801656723022
2001/2/11 0:00,0.648504,0.7249978184700012
2001/2/12 0:00,0.651109,0.7247171401977539
2001/2/13 0:00,0.6462,0.7244375348091125
2001/2/14 0:00,0.6462,0.7247876524925232
2001/2/15 0:00,0.64285,0.725248396396637
2001/2/16 0:00,0.63765,0.7255576252937317
2001/2/17 0:00,0.64245,0.7255838513374329
2001/2/18 0:00,0.64485,0.7256080508232117
2001/2/19 0:00,0.6407,0.7249858379364014
2001/2/20 0:00,0.6342,0.7253620624542236
2001/2/21 0:00,0.6342,0.7246718406677246
2001/2/22 0:00,0.63165,0.7254585027694702
2001/2/23 0:00,0.6237,0.7248191833496094
2001/2/24 0:00,0.62425,0.7249864339828491
2001/2/25 0:00,0.6268,0.7248044610023499
2001/2/26 0:00,0.6148,0.7252463102340698
2001/2/27 0:00,0.60845,0.7271155118942261
2001/2/28 0:00,0.61005,0.7273316383361816
2001/3/1 0:00,0.6074,0.7274277210235596
2001/3/2 0:00,0.6043,0.7280671000480652
2001/3/3 0:00,0.60765,0.7278832197189331
2001/3/4 0:00,0.605229,0.727790117263794
2001/3/5 0:00,0.61595,0.727502167224884
2001/3/6 0:00,0.61565,0.7283892631530762
2001/3/7 0:00,0.61655,0.7273710370063782
2001/3/8 0:00,0.60655,0.7270998954772949
2001/3/9 0:00,0.61095,0.7268638610839844
2001/3/10 0:00,0.61385,0.7271058559417725
2001/3/11 0:00,0.61115,0.7268732786178589
2001/3/12 0:00,0.60835,0.7266302108764648
2001/3/13 0:00,0.60815,0.7267457246780396
2001/3/14 0:00,0.60915,0.7273542284965515
2001/3/15 0:00,0.6087,0.7269747257232666
2001/3/16 0:00,0.611145,0.7269060611724854
2001/3/17 0:00,0.62545,0.7265040278434753
2001/3/18 0:00,0.62525,0.7269275188446045
2001/3/19 0:00,0.6316,0.7268890142440796
2001/3/20 0:00,0.63315,0.727452278137207
2001/3/21 0:00,0.62715,0.7271298766136169
2001/3/22 0:00,0.6332,0.7272629141807556
2001/3/23 0:00,0.6337,0.7266795635223389
2001/3/24 0:00,0.63435,0.726721465587616
2001/3/25 0:00,0.62965,0.7264145016670227
2001/3/26 0:00,0.62615,0.7268079519271851
2001/3/27 0:00,0.63125,0.7266145944595337
2001/3/28 0:00,0.63385,0.7263688445091248
2001/3/29 0:00,0.6384,0.7260309457778931
2001/3/30 0:00,0.6383,0.7268338799476624
2001/3/31 0:00,0.637,0.7264004945755005
2001/4/1 0:00,0.63545,0.7262991070747375
2001/4/2 0:00,0.6404,0.7266485095024109
2001/4/3 0:00,0.63995,0.7276890873908997
2001/4/4 0:00,0.64,0.7268143892288208
2001/4/5 0:00,0.64245,0.7264201641082764
2001/4/6 0:00,0.64145,0.7262919545173645
2001/4/7 0:00,0.6424,0.7271642088890076
2001/4/8 0:00,0.6325,0.7270680665969849
2001/4/9 0:00,0.63105,0.7267398238182068
2001/4/10 0:00,0.6219,0.7265730500221252
2001/4/11 0:00,0.63185,0.7269675731658936
2001/4/12 0:00,0.62495,0.7270147800445557
2001/4/13 0:00,0.621,0.7274367809295654
2001/4/14 0:00,0.6259,0.7267710566520691
2001/4/15 0:00,0.62265,0.7269108891487122
2001/4/16 0:00,0.6226,0.7263445854187012
2001/4/17 0:00,0.6183,0.7260110378265381
2001/4/18 0:00,0.62245,0.7253755331039429
2001/4/19 0:00,0.62445,0.7253068089485168
2001/4/20 0:00,0.6341,0.7254525423049927
2001/4/21 0:00,0.6397,0.7262735962867737
2001/4/22 0:00,0.6329,0.7271596193313599
2001/4/23 0:00,0.6329,0.7284111976623535
2001/4/24 0:00,0.63455,0.7278116941452026
2001/4/25 0:00,0.63535,0.7277497053146362
2001/4/26 0:00,0.6391,0.7271680235862732
2001/4/27 0:00,0.63325,0.7272318601608276
2001/4/28 0:00,0.632053,0.726166307926178
2001/4/29 0:00,0.6303,0.7247124314308167
2001/4/30 0:00,0.6303,0.7234154343605042
2001/5/1 0:00,0.6324,0.723534882068634
2001/5/2 0:00,0.63225,0.723076581954956
2001/5/3 0:00,0.62845,0.723373532295227
2001/5/4 0:00,0.62975,0.723266065120697
2001/5/5 0:00,0.62605,0.7237667441368103
2001/5/6 0:00,0.6323,0.7235168814659119
2001/5/7 0:00,0.62665,0.7236695289611816
2001/5/8 0:00,0.61975,0.7232208847999573
2001/5/9 0:00,0.62295,0.7234069108963013
2001/5/10 0:00,0.62415,0.7230978608131409
2001/5/11 0:00,0.6171,0.722943127155304
2001/5/12 0:00,0.6171,0.7227239608764648
2001/5/13 0:00,0.61745,0.7233818173408508
2001/5/14 0:00,0.61645,0.7231157422065735
2001/5/15 0:00,0.621425,0.7230343818664551
2001/5/16 0:00,0.614575,0.7230705618858337
2001/5/17 0:00,0.61135,0.7238572239875793
2001/5/18 0:00,0.60815,0.7232109308242798
2001/5/19 0:00,0.606,0.7233378887176514
2001/5/20 0:00,0.6078,0.7229868769645691
2001/5/21 0:00,0.6059,0.7233086824417114
2001/5/22 0:00,0.60205,0.7234617471694946
2001/5/23 0:00,0.59565,0.723635733127594
2001/5/24 0:00,0.60565,0.7232468724250793
2001/5/25 0:00,0.6095,0.7237132787704468
2001/5/26 0:00,0.609,0.7231287956237793
2001/5/27 0:00,0.60825,0.7229283452033997
2001/5/28 0:00,0.60905,0.7230440378189087
2001/5/29 0:00,0.60425,0.7238889932632446
2001/5/30 0:00,0.60425,0.7236760854721069
2001/5/31 0:00,0.61055,0.7238619327545166
2001/6/1 0:00,0.6113,0.7230916619300842
2001/6/2 0:00,0.61725,0.7229021787643433
2001/6/3 0:00,0.61795,0.7222940325737
2001/6/4 0:00,0.618375,0.7222415208816528
2001/6/5 0:00,0.62215,0.7223545908927917
2001/6/6 0:00,0.6217,0.723518967628479
2001/6/7 0:00,0.62335,0.7230916023254395
2001/6/8 0:00,0.624625,0.7228325605392456
2001/6/9 0:00,0.6223,0.7230445146560669
2001/6/10 0:00,0.6225,0.7239260077476501
2001/6/11 0:00,0.623325,0.7239522337913513
2001/6/12 0:00,0.62465,0.7242552042007446
2001/6/13 0:00,0.62195,0.7241231203079224
2001/6/14 0:00,0.61855,0.7243683338165283
2001/6/15 0:00,0.6183,0.7239952087402344
2001/6/16 0:00,0.6171,0.7240250706672668
2001/6/17 0:00,0.61815,0.7231490015983582
2001/6/18 0:00,0.6185,0.7235784530639648
2001/6/19 0:00,0.61975,0.7232845425605774
2001/6/20 0:00,0.622,0.7230613827705383
2001/6/21 0:00,0.618325,0.7230679392814636
2001/6/22 0:00,0.6244,0.7236198782920837
2001/6/23 0:00,0.62525,0.7239487767219543
2001/6/24 0:00,0.627,0.7245134115219116
2001/6/25 0:00,0.62455,0.7245765924453735
2001/6/26 0:00,0.62495,0.7245299816131592
2001/6/27 0:00,0.63365,0.7236664295196533
2001/6/28 0:00,0.634325,0.7238279581069946
2001/6/29 0:00,0.63375,0.7232652902603149
2001/6/30 0:00,0.635,0.7243480086326599
2001/7/1 0:00,0.63635,0.7239598035812378
2001/7/2 0:00,0.6309,0.7242355346679688
2001/7/3 0:00,0.63595,0.7245099544525146
2001/7/4 0:00,0.64095,0.7252160310745239
2001/7/5 0:00,0.63975,0.726376473903656
2001/7/6 0:00,0.63925,0.7266672253608704
2001/7/7 0:00,0.63925,0.726936936378479
2001/7/8 0:00,0.6384,0.7274972200393677
2001/7/9 0:00,0.6402,0.7271162867546082
2001/7/10 0:00,0.6384,0.7272554636001587
2001/7/11 0:00,0.6354,0.7269976735115051
2001/7/12 0:00,0.6335,0.7278492450714111
2001/7/13 0:00,0.63665,0.7269219756126404
2001/7/14 0:00,0.63685,0.726842999458313
2001/7/15 0:00,0.63635,0.7266067862510681
2001/7/16 0:00,0.63905,0.7267978191375732
2001/7/17 0:00,0.64455,0.7265718579292297
2001/7/18 0:00,0.65135,0.7264515161514282
2001/7/19 0:00,0.65665,0.7264640927314758
2001/7/20 0:00,0.6556,0.7268446683883667
2001/7/21 0:00,0.6556,0.7264458537101746
2001/7/22 0:00,0.65745,0.7264310121536255
2001/7/23 0:00,0.64765,0.7258580327033997
2001/7/24 0:00,0.64755,0.7263520956039429
2001/7/25 0:00,0.6492,0.7264934778213501
2001/7/26 0:00,0.64445,0.726926326751709
2001/7/27 0:00,0.63755,0.7264447212219238
2001/7/28 0:00,0.63755,0.7264674305915833
2001/7/29 0:00,0.63665,0.7255449295043945
2001/7/30 0:00,0.63845,0.7256319522857666
2001/7/31 0:00,0.641025,0.7258256077766418
2001/8/1 0:00,0.6536,0.7265448570251465
2001/8/2 0:00,0.65805,0.7262982130050659
2001/8/3 0:00,0.66235,0.7260705828666687
2001/8/4 0:00,0.6628,0.7256507873535156
2001/8/5 0:00,0.663125,0.7261875867843628
2001/8/6 0:00,0.66265,0.725532054901123
2001/8/7 0:00,0.659,0.725499153137207
2001/8/8 0:00,0.6597,0.7259773015975952
2001/8/9 0:00,0.66105,0.7270436882972717
2001/8/10 0:00,0.66105,0.7262742519378662
2001/8/11 0:00,0.66185,0.7262477874755859
2001/8/12 0:00,0.66995,0.726415753364563
2001/8/13 0:00,0.65975,0.7271324396133423
2001/8/14 0:00,0.6584,0.727141261100769
2001/8/15 0:00,0.65155,0.7268930673599243
2001/8/16 0:00,0.6527,0.7264585494995117
2001/8/17 0:00,0.6527,0.7265828847885132
2001/8/18 0:00,0.65145,0.7266046404838562
2001/8/19 0:00,0.65765,0.7268797159194946
2001/8/20 0:00,0.6585,0.7260556221008301
2001/8/21 0:00,0.66425,0.7261942028999329
2001/8/22 0:00,0.662125,0.7254208922386169
2001/8/23 0:00,0.65885,0.7250800728797913
2001/8/24 0:00,0.6596,0.7247323989868164
2001/8/25 0:00,0.65565,0.7249581813812256
2001/8/26 0:00,0.6586,0.7251899242401123
2001/8/27 0:00,0.6606,0.7259596586227417
2001/8/28 0:00,0.65905,0.7267674803733826
2001/8/29 0:00,0.658875,0.7277460098266602
2001/8/30 0:00,0.6572,0.7269611358642578
2001/8/31 0:00,0.66065,0.7267001271247864
2001/9/1 0:00,0.66335,0.7262818813323975
2001/9/2 0:00,0.6637,0.7265692949295044
2001/9/3 0:00,0.6675,0.7257150411605835
2001/9/4 0:00,0.6674,0.7249521017074585
2001/9/5 0:00,0.6674,0.7243539690971375
2001/9/6 0:00,0.66835,0.7246334552764893
2001/9/7 0:00,0.6636,0.7246405482292175
2001/9/8 0:00,0.66095,0.7251474857330322
2001/9/9 0:00,0.65745,0.7251605987548828
2001/9/10 0:00,0.65755,0.7254441976547241
2001/9/11 0:00,0.66025,0.7254118323326111
2001/9/12 0:00,0.6618,0.7255436182022095
2001/9/13 0:00,0.6622,0.7250546216964722
2001/9/14 0:00,0.66545,0.7249693870544434
2001/9/15 0:00,0.67075,0.7247281670570374
2001/9/16 0:00,0.67185,0.7248023152351379
2001/9/17 0:00,0.67355,0.7246512174606323
2001/9/18 0:00,0.67,0.7250831723213196
2001/9/19 0:00,0.66975,0.725125789642334
2001/9/20 0:00,0.6696,0.7253082990646362
2001/9/21 0:00,0.6678,0.7252675890922546
2001/9/22 0:00,0.670482,0.7258840203285217
2001/9/23 0:00,0.666325,0.725612223148346
2001/9/24 0:00,0.6657,0.7261892557144165
2001/9/25 0:00,0.666,0.7264875769615173
2001/9/26 0:00,0.666,0.7268356084823608
2001/9/27 0:00,0.66635,0.7267441153526306
2001/9/28 0:00,0.6605,0.7269352674484253
2001/9/29 0:00,0.6624,0.7266823053359985
2001/9/30 0:00,0.6593,0.7267333269119263
2001/10/1 0:00,0.6647,0.7260349988937378
2001/10/2 0:00,0.66605,0.7261909246444702
2001/10/3 0:00,0.66505,0.7265603542327881
2001/10/4 0:00,0.6655,0.7275291681289673
2001/10/5 0:00,0.66925,0.7276362776756287
2001/10/6 0:00,0.669625,0.727902352809906
2001/10/7 0:00,0.67095,0.7275019288063049
2001/10/8 0:00,0.6695,0.7272469401359558
2001/10/9 0:00,0.67395,0.7265957593917847
2001/10/10 0:00,0.67255,0.7266008853912354
2001/10/11 0:00,0.66935,0.7266212105751038
2001/10/12 0:00,0.67945,0.7271063327789307
2001/10/13 0:00,0.6783,0.726905882358551
2001/10/14 0:00,0.68355,0.7270073890686035
2001/10/15 0:00,0.68795,0.7271072864532471
2001/10/16 0:00,0.6844,0.7276071310043335
2001/10/17 0:00,0.68685,0.727655827999115
2001/10/18 0:00,0.6901,0.7279949188232422
2001/10/19 0:00,0.6884,0.727810263633728
2001/10/20 0:00,0.68675,0.7278649806976318
2001/10/21 0:00,0.68765,0.7273039817810059
2001/10/22 0:00,0.68595,0.7273961305618286
2001/10/23 0:00,0.6898,0.7267322540283203
2001/10/24 0:00,0.6858,0.726925253868103
2001/10/25 0:00,0.6891,0.7266915440559387
2001/10/26 0:00,0.69085,0.7266362309455872
2001/10/27 0:00,0.6937,0.7269577383995056
2001/10/28 0:00,0.68905,0.727602481842041
2001/10/29 0:00,0.6908,0.7280387282371521
2001/10/30 0:00,0.6908,0.7285248041152954
2001/10/31 0:00,0.68935,0.728601336479187
2001/11/1 0:00,0.6914,0.7284117937088013
2001/11/2 0:00,0.6971,0.7272579073905945
2001/11/3 0:00,0.69345,0.7275857329368591
2001/11/4 0:00,0.6972,0.7271544933319092
2001/11/5 0:00,0.70055,0.7276656627655029
2001/11/6 0:00,0.70185,0.7274223566055298
2001/11/7 0:00,0.70515,0.727907121181488
2001/11/8 0:00,0.7045,0.727868914604187
2001/11/9 0:00,0.7045,0.727950930595398
2001/11/10 0:00,0.7045,0.7248300313949585
2001/11/11 0:00,0.7056,0.725315511226654
2001/11/12 0:00,0.708,0.7252569198608398
2001/11/13 0:00,0.7052,0.7254801392555237
2001/11/14 0:00,0.69265,0.7253525257110596
2001/11/15 0:00,0.6872,0.7254302501678467
2001/11/16 0:00,0.6872,0.7248705625534058
2001/11/17 0:00,0.6852,0.7247293591499329
2001/11/18 0:00,0.6925,0.7244445085525513
2001/11/19 0:00,0.69065,0.7246206998825073
2001/11/20 0:00,0.6884,0.7244225740432739
2001/11/21 0:00,0.6892,0.7248328328132629
2001/11/22 0:00,0.6914,0.7248483300209045
2001/11/23 0:00,0.6914,0.7250715494155884
2001/11/24 0:00,0.69065,0.7250235080718994
2001/11/25 0:00,0.69515,0.7256019115447998
2001/11/26 0:00,0.69115,0.7252575159072876
2001/11/27 0:00,0.69255,0.7258181571960449
2001/11/28 0:00,0.69445,0.726014256477356
2001/11/29 0:00,0.6953,0.7263303995132446
2001/11/30 0:00,0.6953,0.7262342572212219
2001/12/1 0:00,0.6955,0.7264584302902222
2001/12/2 0:00,0.6994,0.7260944843292236
2001/12/3 0:00,0.70025,0.7262002229690552
2001/12/4 0:00,0.6988,0.7255808115005493
2001/12/5 0:00,0.69755,0.7258377075195312
2001/12/6 0:00,0.6969,0.7262192964553833
2001/12/7 0:00,0.6951,0.7272356748580933
2001/12/8 0:00,0.69585,0.7273287773132324
2001/12/9 0:00,0.69605,0.7275487184524536
2001/12/10 0:00,0.6875,0.7270960211753845
2001/12/11 0:00,0.68875,0.726769208908081
2001/12/12 0:00,0.68255,0.7261078953742981
2001/12/13 0:00,0.68095,0.7261658906936646
2001/12/14 0:00,0.68125,0.7261586785316467
2001/12/15 0:00,0.68415,0.7266132235527039
2001/12/16 0:00,0.68425,0.7263672351837158
2001/12/17 0:00,0.6796,0.7265832424163818
2001/12/18 0:00,0.68865,0.726711630821228
2001/12/19 0:00,0.68565,0.7272847294807434
2001/12/20 0:00,0.6837,0.727286696434021
2001/12/21 0:00,0.68485,0.7276435494422913
2001/12/22 0:00,0.686704,0.727372407913208
2001/12/23 0:00,0.69435,0.7273152470588684
2001/12/24 0:00,0.69685,0.7267946004867554
2001/12/25 0:00,0.6973,0.7268893718719482
2001/12/26 0:00,0.70075,0.7261329889297485
2001/12/27 0:00,0.70135,0.7262816429138184
2001/12/28 0:00,0.70505,0.7261108160018921
2001/12/29 0:00,0.70575,0.7260736227035522
2001/12/30 0:00,0.70675,0.7262719869613647
2001/12/31 0:00,0.7106,0.7269451022148132
2002/1/1 0:00,0.70475,0.7273241281509399
2002/1/2 0:00,0.70085,0.7278249263763428
2002/1/3 0:00,0.69405,0.7278465032577515
2002/1/4 0:00,0.6886,0.7276005148887634
2002/1/5 0:00,0.6768,0.7264367938041687
2002/1/6 0:00,0.67995,0.7267516255378723
2002/1/7 0:00,0.68445,0.7263283133506775
2002/1/8 0:00,0.68495,0.7268226146697998
2002/1/9 0:00,0.6914,0.7266267538070679
2002/1/10 0:00,0.6929,0.7272539734840393
2002/1/11 0:00,0.69775,0.7273396253585815
2002/1/12 0:00,0.69015,0.727580726146698
2002/1/13 0:00,0.6949,0.7269533276557922
2002/1/14 0:00,0.69725,0.7277664542198181
2002/1/15 0:00,0.70175,0.7277215719223022
2002/1/16 0:00,0.70435,0.7278568744659424
2002/1/17 0:00,0.7043,0.7277518510818481
2002/1/18 0:00,0.7145,0.7279061675071716
2002/1/19 0:00,0.7126,0.7272965908050537
2002/1/20 0:00,0.71635,0.7270866632461548
2002/1/21 0:00,0.71215,0.7268185615539551
2002/1/22 0:00,0.71555,0.7269080877304077
2002/1/23 0:00,0.71445,0.7265635132789612
2002/1/24 0:00,0.7217,0.7268956899642944
2002/1/25 0:00,0.7198,0.7267829179763794
2002/1/26 0:00,0.72025,0.7271052598953247
2002/1/27 0:00,0.72075,0.7271336913108826
2002/1/28 0:00,0.7282,0.7276409864425659
2002/1/29 0:00,0.72815,0.7270503044128418
2002/1/30 0:00,0.7288,0.7276554703712463
2002/1/31 0:00,0.73805,0.7280310988426208
2002/2/1 0:00,0.7396,0.7282559871673584
2002/2/2 0:00,0.7443,0.7278851866722107
2002/2/3 0:00,0.74565,0.7281449437141418
2002/2/4 0:00,0.74355,0.7280247211456299
2002/2/5 0:00,0.7444,0.7282940149307251
2002/2/6 0:00,0.73875,0.7277806401252747
2002/2/7 0:00,0.74275,0.7283018231391907
2002/2/8 0:00,0.74195,0.7286577820777893
2002/2/9 0:00,0.74135,0.729372501373291
2002/2/10 0:00,0.73855,0.7293168306350708
2002/2/11 0:00,0.731238,0.7296616435050964
2002/2/12 0:00,0.7362,0.7291976809501648
2002/2/13 0:00,0.7377,0.7288052439689636
2002/2/14 0:00,0.73755,0.7281520366668701
2002/2/15 0:00,0.73525,0.7281516790390015
2002/2/16 0:00,0.7285,0.7279887199401855
2002/2/17 0:00,0.73725,0.7282906770706177
2002/2/18 0:00,0.73975,0.7281208038330078
2002/2/19 0:00,0.73325,0.7284795641899109
2002/2/20 0:00,0.7307,0.7285640239715576
2002/2/21 0:00,0.72965,0.7289649248123169
2002/2/22 0:00,0.72685,0.728552520275116
2002/2/23 0:00,0.73035,0.7287710905075073
2002/2/24 0:00,0.7255,0.7286620140075684
2002/2/25 0:00,0.7266,0.7287610769271851
2002/2/26 0:00,0.72655,0.7281339168548584
2002/2/27 0:00,0.7284,0.7282393574714661
2002/2/28 0:00,0.73015,0.7278460264205933
2002/3/1 0:00,0.7435,0.7281091809272766
2002/3/2 0:00,0.7477,0.7279266119003296
2002/3/3 0:00,0.74935,0.7281233072280884
2002/3/4 0:00,0.75135,0.7284575700759888
2002/3/5 0:00,0.7506,0.7287904024124146
2002/3/6 0:00,0.75085,0.7287672758102417
2002/3/7 0:00,0.75145,0.7291384935379028
2002/3/8 0:00,0.75025,0.7290272116661072
2002/3/9 0:00,0.75365,0.7285163402557373
2002/3/10 0:00,0.7581,0.7272071838378906
2002/3/11 0:00,0.76275,0.727475643157959
2002/3/12 0:00,0.76235,0.727056086063385
2002/3/13 0:00,0.76445,0.7273765802383423
2002/3/14 0:00,0.76645,0.7271419167518616
2002/3/15 0:00,0.78185,0.7277668118476868
2002/3/16 0:00,0.78165,0.727676272392273
2002/3/17 0:00,0.7818,0.7275275588035583
2002/3/18 0:00,0.7826,0.726594865322113
2002/3/19 0:00,0.78275,0.7273995876312256
2002/3/20 0:00,0.7799,0.7274255752563477
2002/3/21 0:00,0.77955,0.7275442481040955
2002/3/22 0:00,0.77945,0.7274231910705566
2002/3/23 0:00,0.78215,0.7276022434234619
2002/3/24 0:00,0.78855,0.7270991802215576
2002/3/25 0:00,0.79205,0.7268581390380859
2002/3/26 0:00,0.79135,0.7265899181365967
2002/3/27 0:00,0.79415,0.7267138957977295
2002/3/28 0:00,0.79255,0.7264136075973511
2002/3/29 0:00,0.7964,0.726704478263855
2002/3/30 0:00,0.80425,0.7266315221786499
2002/3/31 0:00,0.80855,0.7270167469978333
2002/4/1 0:00,0.8022,0.72706538438797
2002/4/2 0:00,0.79035,0.727502703666687
2002/4/3 0:00,0.7654,0.7973607778549194
2002/4/4 0:00,0.76325,0.7977147102355957
2002/4/5 0:00,0.77075,0.7980886101722717
2002/4/6 0:00,0.76175,0.7978760004043579
2002/4/7 0:00,0.7642,0.7988243103027344
2002/4/8 0:00,0.75945,0.7994827628135681
2002/4/9 0:00,0.76735,0.799446165561676
2002/4/10 0:00,0.7561,0.7991800308227539
2002/4/11 0:00,0.73765,0.7999358177185059
2002/4/12 0:00,0.72855,0.8010371923446655
2002/4/13 0:00,0.71575,0.8013267517089844
2002/4/14 0:00,0.6727,0.8011519312858582
2002/4/15 0:00,0.6974,0.800722599029541
2002/4/16 0:00,0.6924,0.8012171983718872
2002/4/17 0:00,0.696,0.8026505708694458
2002/4/18 0:00,0.7004,0.8027185201644897
2002/4/19 0:00,0.70935,0.8027828335762024
2002/4/20 0:00,0.72299,0.8033779263496399
2002/4/21 0:00,0.71815,0.8042547702789307
2002/4/22 0:00,0.70485,0.8039632439613342
2002/4/23 0:00,0.70615,0.8042142391204834
2002/4/24 0:00,0.70455,0.8050277829170227
2002/4/25 0:00,0.7023,0.8056563138961792
2002/4/26 0:00,0.70225,0.805920422077179
2002/4/27 0:00,0.69615,0.8061497211456299
2002/4/28 0:00,0.6905,0.8074305653572083
2002/4/29 0:00,0.6919,0.8077907562255859
2002/4/30 0:00,0.6888,0.8074476718902588
2002/5/1 0:00,0.69375,0.8079396486282349
2002/5/2 0:00,0.7033,0.8083666563034058
2002/5/3 0:00,0.71455,0.8085682988166809
2002/5/4 0:00,0.7176,0.8079304099082947
2002/5/5 0:00,0.71335,0.809680163860321
2002/5/6 0:00,0.7063,0.8109067678451538
2002/5/7 0:00,0.72515,0.8112096190452576
2002/5/8 0:00,0.73315,0.811299741268158
2002/5/9 0:00,0.7393,0.8108625411987305
2002/5/10 0:00,0.7415,0.8119146227836609
2002/5/11 0:00,0.74525,0.8123178482055664
2002/5/12 0:00,0.74015,0.8124995231628418
2002/5/13 0:00,0.7449,0.8118224143981934
2002/5/14 0:00,0.74825,0.8123956322669983
2002/5/15 0:00,0.7566,0.812731146812439
2002/5/16 0:00,0.7649,0.812404453754425
2002/5/17 0:00,0.7593,0.812930166721344
2002/5/18 0:00,0.75745,0.8130714893341064
2002/5/19 0:00,0.75535,0.813310980796814
2002/5/20 0:00,0.7627,0.8129462003707886
2002/5/21 0:00,0.76275,0.8135751485824585
2002/5/22 0:00,0.76225,0.8150320649147034
2002/5/23 0:00,0.76325,0.8155282735824585
2002/5/24 0:00,0.77425,0.8158459663391113
2002/5/25 0:00,0.7753,0.8164834976196289
2002/5/26 0:00,0.76275,0.8176802396774292
2002/5/27 0:00,0.74475,0.8169281482696533
2002/5/28 0:00,0.75015,0.8161346316337585
2002/5/29 0:00,0.7529,0.8168418407440186
2002/5/30 0:00,0.74715,0.8184045553207397
2002/5/31 0:00,0.74315,0.819258451461792
2002/6/1 0:00,0.75505,0.819031834602356
2002/6/2 0:00,0.7504,0.8190450072288513
2002/6/3 0:00,0.76195,0.8196752071380615
2002/6/4 0:00,0.7648,0.8204867839813232
2002/6/5 0:00,0.76845,0.8200893402099609
2002/6/6 0:00,0.76595,0.7966265678405762
2002/6/7 0:00,0.769,0.7967987656593323
2002/6/8 0:00,0.7625,0.797081708908081
2002/6/9 0:00,0.7643,0.7966983318328857
2002/6/10 0:00,0.76775,0.7977535724639893
2002/6/11 0:00,0.77415,0.7983039021492004
2002/6/12 0:00,0.7854,0.798391580581665
2002/6/13 0:00,0.77635,0.7981975078582764
2002/6/14 0:00,0.76,0.7990801334381104
2002/6/15 0:00,0.74775,0.8000186681747437
2002/6/16 0:00,0.75575,0.8003188371658325
2002/6/17 0:00,0.7651,0.8000962734222412
2002/6/18 0:00,0.75825,0.7995820641517639
2002/6/19 0:00,0.7556,0.7998770475387573
2002/6/20 0:00,0.75525,0.8013051748275757
2002/6/21 0:00,0.76255,0.8013675212860107
2002/6/22 0:00,0.7506,0.8015727400779724
2002/6/23 0:00,0.75235,0.8019548654556274
2002/6/24 0:00,0.7583,0.8028745651245117
2002/6/25 0:00,0.75525,0.8026204109191895
2002/6/26 0:00,0.75905,0.8027747869491577
2002/6/27 0:00,0.76975,0.8032135963439941
2002/6/28 0:00,0.76895,0.8038084506988525
2002/6/29 0:00,0.76235,0.8039464354515076
2002/6/30 0:00,0.76815,0.8039302825927734
2002/7/1 0:00,0.76255,0.8049271702766418
2002/7/2 0:00,0.76505,0.805244505405426
2002/7/3 0:00,0.77315,0.8048063516616821
2002/7/4 0:00,0.7769,0.8053171038627625
2002/7/5 0:00,0.77955,0.8055724501609802
2002/7/6 0:00,0.78345,0.8060135841369629
2002/7/7 0:00,0.78855,0.805411159992218
2002/7/8 0:00,0.78195,0.8071129322052002
2002/7/9 0:00,0.7674,0.8080328702926636
2002/7/10 0:00,0.75415,0.8083842396736145
2002/7/11 0:00,0.7547,0.8084144592285156
2002/7/12 0:00,0.75715,0.807978630065918
2002/7/13 0:00,0.75655,0.8089728355407715
2002/7/14 0:00,0.7665,0.8092837333679199
2002/7/15 0:00,0.76605,0.8094173669815063
2002/7/16 0:00,0.76845,0.808783769607544
2002/7/17 0:00,0.7688,0.8092142939567566
2002/7/18 0:00,0.7727,0.8097144365310669
2002/7/19 0:00,0.76965,0.8095320463180542
2002/7/20 0:00,0.7656,0.810085654258728
2002/7/21 0:00,0.7715,0.809819221496582
2002/7/22 0:00,0.77615,0.8101364970207214
2002/7/23 0:00,0.7707,0.8097161650657654
2002/7/24 0:00,0.76415,0.8102200627326965
2002/7/25 0:00,0.77275,0.8114581108093262
2002/7/26 0:00,0.77225,0.8119326829910278
2002/7/27 0:00,0.78125,0.8122109770774841
2002/7/28 0:00,0.7843,0.8127012848854065
2002/7/29 0:00,0.78985,0.8136515617370605
2002/7/30 0:00,0.78375,0.813022792339325
2002/7/31 0:00,0.76955,0.8123031854629517
2002/8/1 0:00,0.7729,0.8129490613937378
2002/8/2 0:00,0.7575,0.8142715096473694
2002/8/3 0:00,0.74675,0.8153799176216125
2002/8/4 0:00,0.7637,0.8151462078094482
2002/8/5 0:00,0.7591,0.8151724934577942
2002/8/6 0:00,0.77325,0.8156827092170715
2002/8/7 0:00,0.7703,0.8165258765220642
2002/8/8 0:00,0.7767,0.8160290718078613
2002/8/9 0:00,0.77845,0.8221251964569092
2002/8/10 0:00,0.7813,0.8223679661750793
2002/8/11 0:00,0.78435,0.8222526907920837
2002/8/12 0:00,0.7948,0.8224540948867798
2002/8/13 0:00,0.79555,0.8234889507293701
2002/8/14 0:00,0.78385,0.8243705630302429
2002/8/15 0:00,0.78545,0.8247169256210327
2002/8/16 0:00,0.79065,0.824266791343689
2002/8/17 0:00,0.78845,0.8244422078132629
2002/8/18 0:00,0.7896,0.8247114419937134
2002/8/19 0:00,0.79465,0.8249292373657227
2002/8/20 0:00,0.7838,0.8250036835670471
2002/8/21 0:00,0.79165,0.8245478272438049
2002/8/22 0:00,0.7886,0.8244767189025879
2002/8/23 0:00,0.79485,0.8247784376144409
2002/8/24 0:00,0.80015,0.8251346349716187
2002/8/25 0:00,0.79355,0.8247575163841248
2002/8/26 0:00,0.79935,0.8251394033432007
2002/8/27 0:00,0.806,0.8259015083312988
2002/8/28 0:00,0.81085,0.82601398229599
2002/8/29 0:00,0.8125,0.8262618780136108
2002/8/30 0:00,0.81635,0.8260771036148071
2002/8/31 0:00,0.81555,0.826061487197876
2002/9/1 0:00,0.79955,0.826170802116394
2002/9/2 0:00,0.8028,0.8259332776069641
2002/9/3 0:00,0.80095,0.8259475827217102
2002/9/4 0:00,0.80085,0.8257736563682556
2002/9/5 0:00,0.80005,0.8257563710212708
2002/9/6 0:00,0.79285,0.8260255455970764
2002/9/7 0:00,0.7884,0.8262086510658264
2002/9/8 0:00,0.80035,0.8261823654174805
2002/9/9 0:00,0.80645,0.8256060481071472
2002/9/10 0:00,0.8134,0.825941801071167
2002/9/11 0:00,0.8148,0.8263518810272217
2002/9/12 0:00,0.80025,0.8267244696617126
2002/9/13 0:00,0.80985,0.8268548846244812
2002/9/14 0:00,0.80405,0.8262060284614563
2002/9/15 0:00,0.78815,0.8262898325920105
2002/9/16 0:00,0.7892,0.8267449140548706
2002/9/17 0:00,0.79635,0.8275412321090698
2002/9/18 0:00,0.80475,0.827596127986908
2002/9/19 0:00,0.8037,0.8280548453330994
2002/9/20 0:00,0.80395,0.828345537185669
2002/9/21 0:00,0.80395,0.8282516598701477
2002/9/22 0:00,0.78545,0.827724814414978
2002/9/23 0:00,0.78115,0.8271301984786987
2002/9/24 0:00,0.78975,0.8269842863082886
2002/9/25 0:00,0.7859,0.8274607062339783
2002/9/26 0:00,0.7882,0.8283148407936096
2002/9/27 0:00,0.7983,0.828525185585022
2002/9/28 0:00,0.7979,0.8285080194473267
2002/9/29 0:00,0.79805,0.8284794092178345
2002/9/30 0:00,0.79795,0.8292433023452759
2002/10/1 0:00,0.7937,0.829977810382843
2002/10/2 0:00,0.78795,0.8304876089096069
2002/10/3 0:00,0.7843,0.830489456653595
2002/10/4 0:00,0.7899,0.8302772045135498
2002/10/5 0:00,0.78925,0.8311089277267456
2002/10/6 0:00,0.79242,0.8313078284263611
2002/10/7 0:00,0.7925,0.8313842415809631
2002/10/8 0:00,0.7971,0.8304426074028015
2002/10/9 0:00,0.79876,0.8298156261444092
2002/10/10 0:00,0.788135,0.8295521140098572
2002/10/11 0:00,0.7822,0.8282436728477478
2002/10/12 0:00,0.78345,0.8221315145492554
2002/10/13 0:00,0.775535,0.8223139047622681
2002/10/14 0:00,0.78265,0.8230260610580444
2002/10/15 0:00,0.7773,0.8234855532646179
2002/10/16 0:00,0.78145,0.8244228363037109
2002/10/17 0:00,0.78533,0.8249917030334473
2002/10/18 0:00,0.79055,0.8256982564926147
2002/10/19 0:00,0.78385,0.8256245255470276
2002/10/20 0:00,0.77245,0.8257507085800171
2002/10/21 0:00,0.7667,0.8258800506591797
2002/10/22 0:00,0.77015,0.8258301019668579
2002/10/23 0:00,0.76685,0.825997531414032
2002/10/24 0:00,0.76195,0.8260700106620789
2002/10/25 0:00,0.7573,0.8257463574409485
2002/10/26 0:00,0.77345,0.8261660933494568
2002/10/27 0:00,0.773055,0.8264250755310059
2002/10/28 0:00,0.7753,0.8263031244277954
2002/10/29 0:00,0.7798,0.8264173269271851
2002/10/30 0:00,0.78485,0.8272799253463745
2002/10/31 0:00,0.7874,0.8271071910858154
2002/11/1 0:00,0.7876,0.8267918825149536
2002/11/2 0:00,0.79005,0.8267830610275269
2002/11/3 0:00,0.7849,0.8274259567260742
2002/11/4 0:00,0.77823,0.827515184879303
2002/11/5 0:00,0.7837,0.8269975185394287
2002/11/6 0:00,0.78315,0.8271051049232483
2002/11/7 0:00,0.785645,0.8275595903396606
2002/11/8 0:00,0.78265,0.8278152942657471
2002/11/9 0:00,0.76975,0.8280404806137085
2002/11/10 0:00,0.76735,0.8278357982635498
2002/11/11 0:00,0.75945,0.8279538154602051
2002/11/12 0:00,0.75235,0.8274587988853455
2002/11/13 0:00,0.755,0.8277179598808289
2002/11/14 0:00,0.7494,0.82779461145401
2002/11/15 0:00,0.749604,0.828063428401947
2002/11/16 0:00,0.75337,0.8285138607025146
2002/11/17 0:00,0.75395,0.8284257054328918
2002/11/18 0:00,0.75635,0.828804075717926
2002/11/19 0:00,0.76135,0.8293136358261108
2002/11/20 0:00,0.76055,0.8301911354064941
2002/11/21 0:00,0.75765,0.8305536508560181
2002/11/22 0:00,0.75905,0.8308609127998352
2002/11/23 0:00,0.75615,0.830807089805603
2002/11/24 0:00,0.75475,0.8301725387573242
2002/11/25 0:00,0.760761,0.8295222520828247
2002/11/26 0:00,0.76045,0.829096257686615
2002/11/27 0:00,0.7577,0.8294907808303833
2002/11/28 0:00,0.76073,0.8301711678504944
2002/11/29 0:00,0.75585,0.8305549025535583
2002/11/30 0:00,0.7593,0.8301481008529663
2002/12/1 0:00,0.750981,0.830061674118042
2002/12/2 0:00,0.75123,0.8297564387321472
2002/12/3 0:00,0.756523,0.8297138810157776
2002/12/4 0:00,0.757765,0.829923152923584
2002/12/5 0:00,0.761,0.8305724859237671
2002/12/6 0:00,0.76427,0.8307830691337585
2002/12/7 0:00,0.7716,0.8299152851104736
2002/12/8 0:00,0.77095,0.8298801183700562
2002/12/9 0:00,0.76455,0.8294352293014526
2002/12/10 0:00,0.7627,0.8286923170089722
2002/12/11 0:00,0.759745,0.827602744102478
2002/12/12 0:00,0.7585,0.8259615302085876
2002/12/13 0:00,0.7452,0.824984610080719
2002/12/14 0:00,0.7404,0.8234034180641174
2002/12/15 0:00,0.7419,0.8268200159072876
2002/12/16 0:00,0.735985,0.8265457153320312
2002/12/17 0:00,0.73745,0.8264740109443665
2002/12/18 0:00,0.73355,0.8263579607009888
2002/12/19 0:00,0.73395,0.8267905712127686
2002/12/20 0:00,0.7267,0.8268179893493652
2002/12/21 0:00,0.7306,0.826919674873352
2002/12/22 0:00,0.72505,0.8258218765258789
2002/12/23 0:00,0.71955,0.825904130935669
2002/12/24 0:00,0.71415,0.8258652687072754
2002/12/25 0:00,0.70035,0.8260247707366943
2002/12/26 0:00,0.69785,0.8256065845489502
2002/12/27 0:00,0.6867,0.8254401683807373
2002/12/28 0:00,0.6997,0.8253021836280823
2002/12/29 0:00,0.6981,0.825198769569397
2002/12/30 0:00,0.7053,0.8254589438438416
2002/12/31 0:00,0.71335,0.8253984451293945
2003/1/1 0:00,0.71475,0.825370192527771
2003/1/2 0:00,0.71355,0.8255780935287476
2003/1/3 0:00,0.71915,0.8254839777946472
2003/1/4 0:00,0.708399,0.8258464336395264
2003/1/5 0:00,0.70675,0.824957013130188
2003/1/6 0:00,0.69535,0.8247897028923035
2003/1/7 0:00,0.69835,0.8251174688339233
2003/1/8 0:00,0.70175,0.8252910375595093
2003/1/9 0:00,0.694788,0.8249520659446716
2003/1/10 0:00,0.6959,0.8250902891159058
2003/1/11 0:00,0.6872,0.8254365921020508
2003/1/12 0:00,0.6847,0.8253517150878906
2003/1/13 0:00,0.6795,0.8251290321350098
2003/1/14 0:00,0.67655,0.8251348733901978
2003/1/15 0:00,0.66995,0.8245306015014648
2003/1/16 0:00,0.67485,0.8245865702629089
2003/1/17 0:00,0.6682,0.8247495889663696
2003/1/18 0:00,0.6494,0.8252472877502441
2003/1/19 0:00,0.66795,0.8250554800033569
2003/1/20 0:00,0.66,0.8245342969894409
2003/1/21 0:00,0.6593,0.8243303894996643
2003/1/22 0:00,0.655965,0.8245071172714233
2003/1/23 0:00,0.673435,0.8247175216674805
2003/1/24 0:00,0.68875,0.8249316811561584
2003/1/25 0:00,0.6903,0.8252919316291809
2003/1/26 0:00,0.68095,0.8252339363098145
2003/1/27 0:00,0.68405,0.8251507878303528
2003/1/28 0:00,0.68335,0.8250564336776733
2003/1/29 0:00,0.68605,0.8242686986923218
2003/1/30 0:00,0.67785,0.8235015869140625
2003/1/31 0:00,0.6705,0.8237414360046387
2003/2/1 0:00,0.67675,0.8247581124305725
2003/2/2 0:00,0.664,0.8244255781173706
2003/2/3 0:00,0.6622,0.8245077133178711
2003/2/4 0:00,0.62625,0.824625551700592
2003/2/5 0:00,0.634865,0.8253127336502075
2003/2/6 0:00,0.601365,0.8251925706863403
2003/2/7 0:00,0.6169,0.8255317211151123
2003/2/8 0:00,0.60784,0.8253800868988037
2003/2/9 0:00,0.60415,0.8247955441474915
2003/2/10 0:00,0.623955,0.8254613876342773
2003/2/11 0:00,0.61825,0.8257851600646973
2003/2/12 0:00,0.6106,0.8259295225143433
2003/2/13 0:00,0.61635,0.8249295353889465
2003/2/14 0:00,0.6191,0.8240353465080261
2003/2/15 0:00,0.61255,0.8237225413322449
2003/2/16 0:00,0.55535,0.8219131231307983
2003/2/17 0:00,0.54465,0.8269813656806946
2003/2/18 0:00,0.5523,0.8266202211380005
2003/2/19 0:00,0.58465,0.8264617919921875
2003/2/20 0:00,0.58805,0.8262338042259216
2003/2/21 0:00,0.596442,0.8266698122024536
2003/2/22 0:00,0.611649,0.8265684843063354
2003/2/23 0:00,0.60485,0.8267191648483276
2003/2/24 0:00,0.59315,0.8254234790802002
2003/2/25 0:00,0.5942,0.8255103826522827
2003/2/26 0:00,0.59805,0.8253269791603088
2003/2/27 0:00,0.5877,0.8255391120910645
2003/2/28 0:00,0.57265,0.8250713348388672
2003/3/1 0:00,0.5623,0.8250709772109985
2003/3/2 0:00,0.55665,0.8249715566635132
2003/3/3 0:00,0.55245,0.8246946930885315
2003/3/4 0:00,0.55915,0.8247772455215454
2003/3/5 0:00,0.5522,0.8248991370201111
2003/3/6 0:00,0.55014,0.825042724609375
2003/3/7 0:00,0.5305,0.8252798914909363
2003/3/8 0:00,0.53815,0.8250470161437988
2003/3/9 0:00,0.5443,0.8254817724227905
2003/3/10 0:00,0.5468,0.8244202136993408
2003/3/11 0:00,0.54975,0.8242061734199524
2003/3/12 0:00,0.55305,0.8244662284851074
2003/3/13 0:00,0.5449,0.8247350454330444
2003/3/14 0:00,0.5353,0.8243076801300049
2003/3/15 0:00,0.53035,0.8245095014572144
2003/3/16 0:00,0.53425,0.8249964714050293
2003/3/17 0:00,0.5331,0.8250223398208618
2003/3/18 0:00,0.5249,0.8247891664505005
2003/3/19 0:00,0.541735,0.8249175548553467
2003/3/20 0:00,0.54364,0.8243228197097778
2003/3/21 0:00,0.5477,0.8243442177772522
2003/3/22 0:00,0.55245,0.8242939114570618
2003/3/23 0:00,0.54725,0.8247861266136169
2003/3/24 0:00,0.5544,0.8244392275810242
2003/3/25 0:00,0.56375,0.8240081071853638
2003/3/26 0:00,0.5887,0.8237242102622986
2003/3/27 0:00,0.59334,0.823705792427063
2003/3/28 0:00,0.57515,0.8235952854156494
2003/3/29 0:00,0.57465,0.8238447904586792
2003/3/30 0:00,0.5683,0.8243868350982666
2003/3/31 0:00,0.5744,0.8243083953857422
2003/4/1 0:00,0.57405,0.8240509033203125
2003/4/2 0:00,0.57995,0.8239871859550476
2003/4/3 0:00,0.5822,0.8231737613677979
2003/4/4 0:00,0.5769,0.8223681449890137
2003/4/5 0:00,0.5797,0.8225729465484619
2003/4/6 0:00,0.58015,0.8238192200660706
2003/4/7 0:00,0.58875,0.823305606842041
2003/4/8 0:00,0.58835,0.8232555985450745
2003/4/9 0:00,0.59745,0.8232471346855164
2003/4/10 0:00,0.5954,0.8239778280258179
2003/4/11 0:00,0.59315,0.8236825466156006
2003/4/12 0:00,0.58855,0.8240238428115845
2003/4/13 0:00,0.57975,0.8239033818244934
2003/4/14 0:00,0.5503,0.8233078718185425
2003/4/15 0:00,0.54275,0.8237951993942261
2003/4/16 0:00,0.53125,0.824107825756073
2003/4/17 0:00,0.5416,0.8242784142494202
2003/4/18 0:00,0.544565,0.8232705593109131
2003/4/19 0:00,0.52113,0.8221452832221985
2003/4/20 0:00,0.5203,0.8215972185134888
2003/4/21 0:00,0.5254,0.8193320035934448
2003/4/22 0:00,0.530383,0.8221943974494934
2003/4/23 0:00,0.52865,0.8216153979301453
2003/4/24 0:00,0.5283,0.8214335441589355
2003/4/25 0:00,0.534235,0.821409285068512
2003/4/26 0:00,0.51425,0.8213663101196289
2003/4/27 0:00,0.5078,0.8211736083030701
2003/4/28 0:00,0.50205,0.8209800124168396
2003/4/29 0:00,0.513355,0.8203216195106506
2003/4/30 0:00,0.51145,0.8199228048324585
2003/5/1 0:00,0.51845,0.8198190927505493
2003/5/2 0:00,0.53115,0.8200309872627258
2003/5/3 0:00,0.53875,0.8199335336685181
2003/5/4 0:00,0.525209,0.8198197484016418
2003/5/5 0:00,0.520059,0.8197267055511475
2003/5/6 0:00,0.5222,0.8196473121643066
2003/5/7 0:00,0.516516,0.8200930953025818
2003/5/8 0:00,0.5196,0.8201354742050171
2003/5/9 0:00,0.50945,0.8202176094055176
2003/5/10 0:00,0.50815,0.8202670216560364
2003/5/11 0:00,0.51247,0.8203949928283691
2003/5/12 0:00,0.5069,0.8204127550125122
2003/5/13 0:00,0.50925,0.8196330666542053
2003/5/14 0:00,0.514165,0.8192781209945679
2003/5/15 0:00,0.51165,0.8196898698806763
2003/5/16 0:00,0.5095,0.8194952011108398
2003/5/17 0:00,0.5025,0.8191601037979126
2003/5/18 0:00,0.49225,0.8193163275718689
2003/5/19 0:00,0.49765,0.819939136505127
2003/5/20 0:00,0.5065,0.8197094798088074
2003/5/21 0:00,0.49755,0.8192286491394043
2003/5/22 0:00,0.5023,0.8190555572509766
2003/5/23 0:00,0.4932,0.818634033203125
2003/5/24 0:00,0.50115,0.81816565990448
2003/5/25 0:00,0.50615,0.8181483745574951
2003/5/26 0:00,0.51904,0.8187076449394226
2003/5/27 0:00,0.523574,0.818820059299469
2003/5/28 0:00,0.5295,0.8181474208831787
2003/5/29 0:00,0.5298,0.8179588913917542
2003/5/30 0:00,0.54435,0.8179910182952881
2003/5/31 0:00,0.5553,0.8182900547981262
2003/6/1 0:00,0.5639,0.8184283375740051
2003/6/2 0:00,0.5733,0.8187534809112549
2003/6/3 0:00,0.56015,0.8186894655227661
2003/6/4 0:00,0.5707,0.818787693977356
2003/6/5 0:00,0.579,0.8187160491943359
2003/6/6 0:00,0.562845,0.8180665373802185
2003/6/7 0:00,0.5617,0.8172733783721924
2003/6/8 0:00,0.5687,0.8174529671669006
2003/6/9 0:00,0.5612,0.8177664279937744
2003/6/10 0:00,0.58063,0.8172929883003235
2003/6/11 0:00,0.5927,0.8173564672470093
2003/6/12 0:00,0.5874,0.8179367184638977
2003/6/13 0:00,0.575965,0.8184490203857422
2003/6/14 0:00,0.580112,0.8183155059814453
2003/6/15 0:00,0.58085,0.8185887336730957
2003/6/16 0:00,0.585391,0.8187182545661926
2003/6/17 0:00,0.575507,0.8178871870040894
2003/6/18 0:00,0.58105,0.818251371383667
2003/6/19 0:00,0.5701,0.8186599612236023
2003/6/20 0:00,0.5504,0.8189775943756104
2003/6/21 0:00,0.5651,0.817887544631958
2003/6/22 0:00,0.5554,0.8170384168624878
2003/6/23 0:00,0.56695,0.8164044618606567
2003/6/24 0:00,0.5661,0.8150804042816162
2003/6/25 0:00,0.55885,0.8225529789924622
2003/6/26 0:00,0.5717,0.8219398260116577
2003/6/27 0:00,0.564735,0.8217566013336182
2003/6/28 0:00,0.57,0.8216242790222168
2003/6/29 0:00,0.57415,0.8216490149497986
2003/6/30 0:00,0.5807,0.821331799030304
2003/7/1 0:00,0.5909,0.821279764175415
2003/7/2 0:00,0.5978,0.8204848766326904
2003/7/3 0:00,0.6066,0.8201611638069153
2003/7/4 0:00,0.6057,0.8199394941329956
2003/7/5 0:00,0.606306,0.8202042579650879
2003/7/6 0:00,0.5937,0.8200668692588806
2003/7/7 0:00,0.585209,0.8201233148574829
2003/7/8 0:00,0.60205,0.8201248645782471
2003/7/9 0:00,0.605657,0.8200541734695435
2003/7/10 0:00,0.620973,0.8203954696655273
2003/7/11 0:00,0.6213,0.8205162882804871
2003/7/12 0:00,0.6196,0.8207012414932251
2003/7/13 0:00,0.62303,0.8209316730499268
2003/7/14 0:00,0.6216,0.8209344744682312
2003/7/15 0:00,0.620935,0.8210346102714539
2003/7/16 0:00,0.643275,0.8201382160186768
2003/7/17 0:00,0.64735,0.8198037147521973
2003/7/18 0:00,0.6556,0.820050835609436
2003/7/19 0:00,0.63175,0.8199368715286255
2003/7/20 0:00,0.6309,0.8195899724960327
2003/7/21 0:00,0.6323,0.8198326826095581
2003/7/22 0:00,0.62283,0.8204891085624695
2003/7/23 0:00,0.629049,0.8202409148216248
2003/7/24 0:00,0.6296,0.8196696043014526
2003/7/25 0:00,0.64435,0.8195986747741699
2003/7/26 0:00,0.6427,0.8191755414009094
2003/7/27 0:00,0.62855,0.8187797665596008
2003/7/28 0:00,0.6329,0.8186153769493103
2003/7/29 0:00,0.643173,0.8192479014396667
2003/7/30 0:00,0.647395,0.8191656470298767
2003/7/31 0:00,0.6384,0.8186250329017639
2003/8/1 0:00,0.6277,0.8183919787406921
2003/8/2 0:00,0.6384,0.8183925747871399
2003/8/3 0:00,0.63875,0.8184763193130493
2003/8/4 0:00,0.6421,0.8185238242149353
2003/8/5 0:00,0.644,0.8188852667808533
2003/8/6 0:00,0.64525,0.8188374638557434
2003/8/7 0:00,0.650555,0.8188351392745972
2003/8/8 0:00,0.638633,0.818815290927887
2003/8/9 0:00,0.632245,0.818221926689148
2003/8/10 0:00,0.627,0.8175382614135742
2003/8/11 0:00,0.628223,0.8176437020301819
2003/8/12 0:00,0.621345,0.818187415599823
2003/8/13 0:00,0.630855,0.8175853490829468
2003/8/14 0:00,0.629148,0.8176604509353638
2003/8/15 0:00,0.629604,0.8180445432662964
2003/8/16 0:00,0.62616,0.8184933662414551
2003/8/17 0:00,0.6335,0.8181822896003723
2003/8/18 0:00,0.63955,0.8184410929679871
2003/8/19 0:00,0.647605,0.8185405731201172
2003/8/20 0:00,0.644538,0.8176611661911011
2003/8/21 0:00,0.644496,0.8179452419281006
2003/8/22 0:00,0.643087,0.818328320980072
2003/8/23 0:00,0.645494,0.8185845017433167
2003/8/24 0:00,0.65505,0.8175647258758545
2003/8/25 0:00,0.651954,0.8165348172187805
2003/8/26 0:00,0.661748,0.8158060312271118
2003/8/27 0:00,0.657592,0.8140090107917786
2003/8/28 0:00,0.65783,0.8176916837692261
2003/8/29 0:00,0.656491,0.8176122307777405
2003/8/30 0:00,0.656491,0.8176330327987671
2003/8/31 0:00,0.655437,0.8179593086242676
2003/9/1 0:00,0.657484,0.817681074142456
2003/9/2 0:00,0.654151,0.817731499671936
2003/9/3 0:00,0.653253,0.8173600435256958
2003/9/4 0:00,0.660458,0.8171372413635254
2003/9/5 0:00,0.664231,0.8165010213851929
2003/9/6 0:00,0.664209,0.8166062235832214
2003/9/7 0:00,0.667468,0.8169881105422974
2003/9/8 0:00,0.666289,0.8171643614768982
2003/9/9 0:00,0.673605,0.8170145750045776
2003/9/10 0:00,0.669635,0.8168378472328186
2003/9/11 0:00,0.672721,0.8164824843406677
2003/9/12 0:00,0.672495,0.8169565200805664
2003/9/13 0:00,0.67365,0.8173072338104248
2003/9/14 0:00,0.673197,0.8178224563598633
2003/9/15 0:00,0.669098,0.8175341486930847
2003/9/16 0:00,0.67297,0.8177449107170105
2003/9/17 0:00,0.678633,0.8176621198654175
2003/9/18 0:00,0.677599,0.8174030780792236
2003/9/19 0:00,0.677599,0.8169292211532593
2003/9/20 0:00,0.668135,0.8173515796661377
2003/9/21 0:00,0.669591,0.8171827793121338
2003/9/22 0:00,0.673696,0.8169087171554565
2003/9/23 0:00,0.675014,0.8168433904647827
2003/9/24 0:00,0.675836,0.8175103664398193
2003/9/25 0:00,0.682105,0.8173526525497437
2003/9/26 0:00,0.682501,0.816948652267456
2003/9/27 0:00,0.682501,0.8165750503540039
2003/9/28 0:00,0.686153,0.8163256645202637
2003/9/29 0:00,0.684346,0.815463125705719
2003/9/30 0:00,0.680342,0.8155504465103149
2003/10/1 0:00,0.683457,0.8161807060241699
2003/10/2 0:00,0.685049,0.8167574405670166
2003/10/3 0:00,0.686412,0.8160710334777832
2003/10/4 0:00,0.686412,0.815788209438324
2003/10/5 0:00,0.685354,0.8155322074890137
2003/10/6 0:00,0.67415,0.8157817125320435
2003/10/7 0:00,0.674059,0.8162218332290649
2003/10/8 0:00,0.677667,0.8167363405227661
2003/10/9 0:00,0.68861,0.8164657354354858
2003/10/10 0:00,0.686412,0.8164788484573364
2003/10/11 0:00,0.686412,0.8164447546005249
2003/10/12 0:00,0.693193,0.816314160823822
2003/10/13 0:00,0.697058,0.8154115080833435
2003/10/14 0:00,0.69604,0.8156186938285828
2003/10/15 0:00,0.703655,0.8158031105995178
2003/10/16 0:00,0.707164,0.815724790096283
2003/10/17 0:00,0.7043,0.8157098889350891
2003/10/18 0:00,0.706015,0.816484808921814
2003/10/19 0:00,0.698763,0.8170179724693298
2003/10/20 0:00,0.704151,0.8170605897903442
2003/10/21 0:00,0.71375,0.817190408706665
2003/10/22 0:00,0.709673,0.817310631275177
2003/10/23 0:00,0.709849,0.8163008689880371
2003/10/24 0:00,0.709019,0.8164119720458984
2003/10/25 0:00,0.709019,0.8167329430580139
2003/10/26 0:00,0.707664,0.8173300623893738
2003/10/27 0:00,0.719554,0.8161948323249817
2003/10/28 0:00,0.726137,0.8154416084289551
2003/10/29 0:00,0.716794,0.8145242929458618
2003/10/30 0:00,0.715564,0.8138783574104309
2003/10/31 0:00,0.716794,0.8199511170387268
2003/11/1 0:00,0.716794,0.8196443319320679
2003/11/2 0:00,0.718236,0.8196101188659668
2003/11/3 0:00,0.716743,0.8199315667152405
2003/11/4 0:00,0.72338,0.8193726539611816
2003/11/5 0:00,0.716589,0.8193302750587463
2003/11/6 0:00,0.718184,0.8187718391418457
2003/11/7 0:00,0.716589,0.8186247944831848
2003/11/8 0:00,0.716589,0.8176202178001404
2003/11/9 0:00,0.725953,0.8178990483283997
2003/11/10 0:00,0.734053,0.8183115720748901
2003/11/11 0:00,0.732789,0.8184375762939453
2003/11/12 0:00,0.745156,0.8181163668632507
2003/11/13 0:00,0.731689,0.817818284034729
2003/11/14 0:00,0.732091,0.8177198767662048
2003/11/15 0:00,0.732091,0.8181411623954773
2003/11/16 0:00,0.734754,0.8180952072143555
2003/11/17 0:00,0.734754,0.8183115720748901
2003/11/18 0:00,0.737436,0.8178255558013916
2003/11/19 0:00,0.743688,0.8181548118591309
2003/11/20 0:00,0.738634,0.8181700110435486
2003/11/21 0:00,0.739317,0.8182317018508911
2003/11/22 0:00,0.739317,0.8175915479660034
2003/11/23 0:00,0.753438,0.8178490400314331
2003/11/24 0:00,0.746018,0.8174847364425659
2003/11/25 0:00,0.758754,0.817472517490387
2003/11/26 0:00,0.75429,0.8175725936889648
2003/11/27 0:00,0.756344,0.818236231803894
2003/11/28 0:00,0.754546,0.8179652690887451
2003/11/29 0:00,0.754546,0.8174098134040833
2003/11/30 0:00,0.748811,0.8168787360191345
2003/12/1 0:00,0.744158,0.8165339231491089
2003/12/2 0:00,0.728147,0.8156074285507202
2003/12/3 0:00,0.734619,0.815980851650238
2003/12/4 0:00,0.719011,0.8168061375617981
2003/12/5 0:00,0.718985,0.8175616264343262
2003/12/6 0:00,0.718985,0.8165372610092163
2003/12/7 0:00,0.721761,0.8163586854934692
2003/12/8 0:00,0.716692,0.8164626359939575
2003/12/9 0:00,0.725058,0.8169890642166138
2003/12/10 0:00,0.718546,0.8171113729476929
2003/12/11 0:00,0.725742,0.8172013759613037
2003/12/12 0:00,0.725032,0.8167745471000671
2003/12/13 0:00,0.725032,0.8167798519134521
2003/12/14 0:00,0.740796,0.8169319033622742
2003/12/15 0:00,0.74118,0.8169657588005066
2003/12/16 0:00,0.738853,0.8159815073013306
2003/12/17 0:00,0.733595,0.816030740737915
2003/12/18 0:00,0.742198,0.816005527973175
2003/12/19 0:00,0.743467,0.8160879611968994
2003/12/20 0:00,0.743467,0.8159903883934021
2003/12/21 0:00,0.746965,0.8167350888252258
2003/12/22 0:00,0.741757,0.8170754909515381
2003/12/23 0:00,0.746352,0.8172075748443604
2003/12/24 0:00,0.728651,0.817365288734436
2003/12/25 0:00,0.724822,0.8175514936447144
2003/12/26 0:00,0.725189,0.8168155550956726
2003/12/27 0:00,0.725189,0.8171365261077881
2003/12/28 0:00,0.734241,0.8177491426467896
2003/12/29 0:00,0.723641,0.8183777332305908
2003/12/30 0:00,0.729341,0.8171771764755249
2003/12/31 0:00,0.71449,0.8163737058639526
2004/1/1 0:00,0.710454,0.8155888915061951
2004/1/2 0:00,0.709799,0.8150556087493896
2004/1/3 0:00,0.709799,0.81732177734375
2004/1/4 0:00,0.713547,0.8173819780349731
2004/1/5 0:00,0.728147,0.817507266998291
2004/1/6 0:00,0.723956,0.8177576065063477
2004/1/7 0:00,0.722961,0.8175912499427795
2004/1/8 0:00,0.716102,0.8176682591438293
2004/1/9 0:00,0.717,0.8175244331359863
2004/1/10 0:00,0.716255,0.8174508213996887
2004/1/11 0:00,0.712555,0.8168927431106567
2004/1/12 0:00,0.710227,0.8167101144790649
2004/1/13 0:00,0.712504,0.8169283866882324
2004/1/14 0:00,0.729607,0.817260205745697
2004/1/15 0:00,0.724297,0.8173726201057434
2004/1/16 0:00,0.72372,0.8172866106033325
2004/1/17 0:00,0.72372,0.817011833190918
2004/1/18 0:00,0.728518,0.8175832629203796
2004/1/19 0:00,0.721735,0.818021833896637
2004/1/20 0:00,0.721996,0.8183740973472595
2004/1/21 0:00,0.710152,0.8181300163269043
2004/1/22 0:00,0.708617,0.8184834718704224
2004/1/23 0:00,0.711541,0.8184019923210144
2004/1/24 0:00,0.711541,0.8180276155471802
2004/1/25 0:00,0.707814,0.8178428411483765
2004/1/26 0:00,0.701853,0.8184502124786377
2004/1/27 0:00,0.705368,0.8181915283203125
2004/1/28 0:00,0.704399,0.8178756237030029
2004/1/29 0:00,0.706215,0.8179651498794556
2004/1/30 0:00,0.706215,0.8186542987823486
2004/1/31 0:00,0.706215,0.8184946179389954
2004/2/1 0:00,0.708567,0.818189263343811
2004/2/2 0:00,0.718546,0.8180354833602905
2004/2/3 0:00,0.721007,0.8179311156272888
2004/2/4 0:00,0.725453,0.8169985413551331
2004/2/5 0:00,0.723432,0.8168267011642456
2004/2/6 0:00,0.723432,0.8173378705978394
2004/2/7 0:00,0.723432,0.8179316520690918
2004/2/8 0:00,0.732654,0.8174649477005005
2004/2/9 0:00,0.732359,0.8171362280845642
2004/2/10 0:00,0.735294,0.8168562650680542
2004/2/11 0:00,0.732601,0.8171514868736267
2004/2/12 0:00,0.733299,0.817686915397644
2004/2/13 0:00,0.736594,0.8180745840072632
2004/2/14 0:00,0.736594,0.8177383542060852
2004/2/15 0:00,0.742005,0.8178790211677551
2004/2/16 0:00,0.74129,0.8178277611732483
2004/2/17 0:00,0.738525,0.8175555467605591
2004/2/18 0:00,0.742308,0.816932737827301
2004/2/19 0:00,0.738416,0.8173602819442749
2004/2/20 0:00,0.737844,0.817501425743103
2004/2/21 0:00,0.737844,0.8172419667243958
2004/2/22 0:00,0.739098,0.8172702789306641
2004/2/23 0:00,0.737898,0.8180180788040161
2004/2/24 0:00,0.719528,0.8184099793434143
2004/2/25 0:00,0.713318,0.8184089064598083
2004/2/26 0:00,0.712504,0.8186390399932861
2004/2/27 0:00,0.712809,0.8188109397888184
2004/2/28 0:00,0.709572,0.8177125453948975
2004/2/29 0:00,0.714694,0.8175352215766907
2004/3/1 0:00,0.709069,0.8178375363349915
2004/3/2 0:00,0.706764,0.8185132741928101
2004/3/3 0:00,0.706564,0.8177247047424316
2004/3/4 0:00,0.704871,0.8172102570533752
2004/3/5 0:00,0.704275,0.8165777921676636
2004/3/6 0:00,0.700967,0.8161587715148926
2004/3/7 0:00,0.706215,0.8192205429077148
2004/3/8 0:00,0.711238,0.8190691471099854
2004/3/9 0:00,0.707764,0.8190667629241943
2004/3/10 0:00,0.687947,0.8192377686500549
2004/3/11 0:00,0.683901,0.8188729286193848
2004/3/12 0:00,0.683901,0.8188486695289612
2004/3/13 0:00,0.683901,0.8185794949531555
2004/3/14 0:00,0.687947,0.8185079097747803
2004/3/15 0:00,0.694155,0.8177014589309692
2004/3/16 0:00,0.691372,0.8176271915435791
2004/3/17 0:00,0.700722,0.8179249167442322
2004/3/18 0:00,0.694734,0.8182168006896973
2004/3/19 0:00,0.696379,0.8181923627853394
2004/3/20 0:00,0.696379,0.8180385828018188
2004/3/21 0:00,0.698178,0.8180384635925293
2004/3/22 0:00,0.704821,0.8185582756996155
2004/3/23 0:00,0.703928,0.7045143842697144
2004/3/24 0:00,0.701557,0.7047430872917175
2004/3/25 0:00,0.694686,0.7050052881240845
2004/3/26 0:00,0.695797,0.7049339413642883
2004/3/27 0:00,0.695797,0.7052631378173828
2004/3/28 0:00,0.700771,0.7057752013206482
2004/3/29 0:00,0.695362,0.706662654876709
2004/3/30 0:00,0.693097,0.7065970301628113
2004/3/31 0:00,0.686012,0.7065287828445435
2004/4/1 0:00,0.699741,0.7061153054237366
2004/4/2 0:00,0.699986,0.7066472172737122
2004/4/3 0:00,0.699986,0.7069510817527771
2004/4/4 0:00,0.698812,0.7071213722229004
2004/4/5 0:00,0.695943,0.7072246074676514
2004/4/6 0:00,0.694011,0.7076444625854492
2004/4/7 0:00,0.686813,0.7079399824142456
2004/4/8 0:00,0.695507,0.7079895734786987
2004/4/9 0:00,0.695072,0.7085902690887451
2004/4/10 0:00,0.695072,0.7094288468360901
2004/4/11 0:00,0.69935,0.7095678448677063
2004/4/12 0:00,0.701361,0.7096779942512512
2004/4/13 0:00,0.707014,0.7096364498138428
2004/4/14 0:00,0.699399,0.709694504737854
2004/4/15 0:00,0.700722,0.7090997099876404
2004/4/16 0:00,0.701459,0.7087697982788086
2004/4/17 0:00,0.700378,0.7090972661972046
2004/4/18 0:00,0.699301,0.7096484899520874
2004/4/19 0:00,0.707414,0.7097195982933044
2004/4/20 0:00,0.716435,0.709882378578186
2004/4/21 0:00,0.714745,0.7102802395820618
2004/4/22 0:00,0.708215,0.7106621861457825
2004/4/23 0:00,0.708215,0.710323691368103
2004/4/24 0:00,0.709019,0.70998615026474
2004/4/25 0:00,0.705219,0.7100371718406677
2004/4/26 0:00,0.705268,0.7105525732040405
2004/4/27 0:00,0.702642,0.7106670141220093
2004/4/28 0:00,0.707814,0.7105527520179749
2004/4/29 0:00,0.703185,0.7102136015892029
2004/4/30 0:00,0.702889,0.710256040096283
2004/5/1 0:00,0.702889,0.7102407217025757
2004/5/2 0:00,0.707864,0.7106618285179138
2004/5/3 0:00,0.709673,0.7114915251731873
2004/5/4 0:00,0.70927,0.7124106287956238
2004/5/5 0:00,0.707264,0.7125281691551208
2004/5/6 0:00,0.705567,0.7120327353477478
2004/5/7 0:00,0.705467,0.7121136784553528
2004/5/8 0:00,0.705467,0.7120829820632935
2004/5/9 0:00,0.702889,0.7118353843688965
2004/5/10 0:00,0.703779,0.7114434838294983
2004/5/11 0:00,0.708767,0.7112675905227661
2004/5/12 0:00,0.706664,0.7110898494720459
2004/5/13 0:00,0.714796,0.710271954536438
2004/5/14 0:00,0.715922,0.709886372089386
2004/5/15 0:00,0.715922,0.7102657556533813
2004/5/16 0:00,0.712758,0.7112007737159729
2004/5/17 0:00,0.710126,0.7112171649932861
2004/5/18 0:00,0.714337,0.7109582424163818
2004/5/19 0:00,0.710985,0.7110520005226135
2004/5/20 0:00,0.707714,0.7112783193588257
2004/5/21 0:00,0.707714,0.7111950516700745
2004/5/22 0:00,0.707714,0.7106239199638367
2004/5/23 0:00,0.708617,0.7102212309837341
2004/5/24 0:00,0.710429,0.7100206613540649
2004/5/25 0:00,0.71048,0.7091645002365112
2004/5/26 0:00,0.711086,0.7044211030006409
2004/5/27 0:00,0.714592,0.7048133611679077
2004/5/28 0:00,0.717103,0.7051376700401306
2004/5/29 0:00,0.717103,0.7052149176597595
2004/5/30 0:00,0.722543,0.7055777311325073
2004/5/31 0:00,0.714235,0.7061832547187805
2004/6/1 0:00,0.717103,0.7070953845977783
2004/6/2 0:00,0.724008,0.7071592807769775
2004/6/3 0:00,0.727379,0.7070757746696472
2004/6/4 0:00,0.731689,0.7067664861679077
2004/6/5 0:00,0.731689,0.7073514461517334
2004/6/6 0:00,0.730941,0.7077342867851257
2004/6/7 0:00,0.720981,0.7079555988311768
2004/6/8 0:00,0.717309,0.7080627083778381
2004/6/9 0:00,0.711744,0.708404541015625
2004/6/10 0:00,0.715666,0.7086666822433472
2004/6/11 0:00,0.715666,0.7085171937942505
2004/6/12 0:00,0.717,0.709010899066925
2004/6/13 0:00,0.720565,0.7098274827003479
2004/6/14 0:00,0.720098,0.7100416421890259
2004/6/15 0:00,0.71286,0.710044264793396
2004/6/16 0:00,0.717257,0.7100620865821838
2004/6/17 0:00,0.70932,0.7102381587028503
2004/6/18 0:00,0.707214,0.7097551226615906
2004/6/19 0:00,0.711086,0.7094134092330933
2004/6/20 0:00,0.693481,0.7097476720809937
2004/6/21 0:00,0.695507,0.7103948593139648
2004/6/22 0:00,0.675584,0.710584282875061
2004/6/23 0:00,0.666667,0.7107307314872742
2004/6/24 0:00,0.676636,0.7111181020736694
2004/6/25 0:00,0.678472,0.7114726305007935
2004/6/26 0:00,0.679902,0.7111961841583252
2004/6/27 0:00,0.674809,0.7107813358306885
2004/6/28 0:00,0.664143,0.7109854817390442
2004/6/29 0:00,0.66836,0.7115745544433594
2004/6/30 0:00,0.683434,0.7117478251457214
2004/7/1 0:00,0.677323,0.7115882635116577
2004/7/2 0:00,0.678794,0.7111660838127136
2004/7/3 0:00,0.679486,0.7111022472381592
2004/7/4 0:00,0.680041,0.7109706401824951
2004/7/5 0:00,0.682175,0.7112007737159729
2004/7/6 0:00,0.678012,0.7118048071861267
2004/7/7 0:00,0.680457,0.7125996351242065
2004/7/8 0:00,0.670736,0.7127668857574463
2004/7/9 0:00,0.672812,0.7122066020965576
2004/7/10 0:00,0.672812,0.7123662233352661
2004/7/11 0:00,0.662427,0.7124743461608887
2004/7/12 0:00,0.662252,0.7125651240348816
2004/7/13 0:00,0.669478,0.7123115062713623
2004/7/14 0:00,0.686106,0.7122539281845093
2004/7/15 0:00,0.687663,0.7122051119804382
2004/7/16 0:00,0.689798,0.7115519046783447
2004/7/17 0:00,0.68899,0.7111862897872925
2004/7/18 0:00,0.696379,0.7116100192070007
2004/7/19 0:00,0.696864,0.7127003073692322
2004/7/20 0:00,0.698812,0.7128639221191406
2004/7/21 0:00,0.702839,0.712643027305603
2004/7/22 0:00,0.705119,0.7128908634185791
2004/7/23 0:00,0.70497,0.7132739424705505
2004/7/24 0:00,0.705119,0.7133152484893799
2004/7/25 0:00,0.709371,0.7127452492713928
2004/7/26 0:00,0.708617,0.7123745679855347
2004/7/27 0:00,0.712708,0.7120398879051208
2004/7/28 0:00,0.711491,0.7110233306884766
2004/7/29 0:00,0.715001,0.7107318043708801
2004/7/30 0:00,0.713878,0.7106299996376038
2004/7/31 0:00,0.709874,0.7104548811912537
2004/8/1 0:00,0.708617,0.7105487585067749
2004/8/2 0:00,0.692617,0.7105820775032043
2004/8/3 0:00,0.68918,0.7107942700386047
2004/8/4 0:00,0.689227,0.7109981775283813
2004/8/5 0:00,0.688279,0.7112919688224792
2004/8/6 0:00,0.689655,0.7111135721206665
2004/8/7 0:00,0.689655,0.7110043168067932
2004/8/8 0:00,0.687616,0.7113881707191467
2004/8/9 0:00,0.693001,0.7114370465278625
2004/8/10 0:00,0.703977,0.7114832997322083
2004/8/11 0:00,0.706764,0.7115644812583923
2004/8/12 0:00,0.709371,0.7116997241973877
2004/8/13 0:00,0.710934,0.7118305563926697
2004/8/14 0:00,0.710934,0.7119114398956299
2004/8/15 0:00,0.709774,0.7122539281845093
2004/8/16 0:00,0.718339,0.712247908115387
2004/8/17 0:00,0.722596,0.7123299241065979
2004/8/18 0:00,0.724113,0.7119395136833191
2004/8/19 0:00,0.710429,0.711742639541626
2004/8/20 0:00,0.711187,0.7117046117782593
2004/8/21 0:00,0.711187,0.7119268178939819
2004/8/22 0:00,0.705816,0.7124170064926147
2004/8/23 0:00,0.715461,0.7126243710517883
2004/8/24 0:00,0.717978,0.7126505374908447
2004/8/25 0:00,0.725058,0.712742805480957
2004/8/26 0:00,0.725058,0.7128847241401672
2004/8/27 0:00,0.728597,0.7128636240959167
2004/8/28 0:00,0.72768,0.7130690217018127
2004/8/29 0:00,0.73455,0.7133477926254272
2004/8/30 0:00,0.731797,0.7128697037696838
2004/8/31 0:00,0.729341,0.712858259677887
2004/9/1 0:00,0.725111,0.7129753232002258
2004/9/2 0:00,0.723956,0.7132401466369629
2004/9/3 0:00,0.7259,0.7130950689315796
2004/9/4 0:00,0.726375,0.7130676507949829
2004/9/5 0:00,0.731689,0.7129986882209778
2004/9/6 0:00,0.7347,0.7129000425338745
2004/9/7 0:00,0.733783,0.7130420804023743
2004/9/8 0:00,0.727749,0.7132318615913391
2004/9/9 0:00,0.728916,0.7135879397392273
2004/9/10 0:00,0.732601,0.7137568593025208
2004/9/11 0:00,0.732601,0.7134453654289246
2004/9/12 0:00,0.72881,0.7136476635932922
2004/9/13 0:00,0.720669,0.7137287855148315
2004/9/14 0:00,0.716743,0.7140448093414307
2004/9/15 0:00,0.707714,0.7141103148460388
2004/9/16 0:00,0.708215,0.7142861485481262
2004/9/17 0:00,0.705219,0.7138760685920715
2004/9/18 0:00,0.707814,0.7136549353599548
2004/9/19 0:00,0.707814,0.7134361267089844
2004/9/20 0:00,0.713929,0.7131410241127014
2004/9/21 0:00,0.716692,0.7133551836013794
2004/9/22 0:00,0.707314,0.7136616706848145
2004/9/23 0:00,0.705716,0.7137541770935059
2004/9/24 0:00,0.702198,0.7140443921089172
2004/9/25 0:00,0.702198,0.7146175503730774
2004/9/26 0:00,0.705517,0.7150300741195679
2004/9/27 0:00,0.70502,0.7147536277770996
2004/9/28 0:00,0.697107,0.7147336006164551
2004/9/29 0:00,0.70373,0.7145421504974365
2004/9/30 0:00,0.711187,0.7143874168395996
2004/10/1 0:00,0.710278,0.7108311653137207
2004/10/2 0:00,0.710278,0.7107356190681458
2004/10/3 0:00,0.709019,0.710603654384613
2004/10/4 0:00,0.697739,0.7107414603233337
2004/10/5 0:00,0.711845,0.7107853293418884
2004/10/6 0:00,0.713419,0.7109291553497314
2004/10/7 0:00,0.720773,0.7110543847084045
2004/10/8 0:00,0.721033,0.7112771272659302
2004/10/9 0:00,0.721033,0.711101770401001
2004/10/10 0:00,0.7227,0.7110346555709839
2004/10/11 0:00,0.72197,0.7114317417144775
2004/10/12 0:00,0.722074,0.7114537358283997
2004/10/13 0:00,0.724795,0.7114795446395874
2004/10/14 0:00,0.727431,0.7115883231163025
2004/10/15 0:00,0.72759,0.7117615938186646
2004/10/16 0:00,0.72759,0.7117272019386292
2004/10/17 0:00,0.733245,0.7116841077804565
2004/10/18 0:00,0.736757,0.7120769619941711
2004/10/19 0:00,0.73303,0.7120583057403564
2004/10/20 0:00,0.723014,0.7119506001472473
2004/10/21 0:00,0.727114,0.7115525603294373
2004/10/22 0:00,0.726058,0.7113969922065735
2004/10/23 0:00,0.726058,0.711332380771637
2004/10/24 0:00,0.729182,0.7115321755409241
2004/10/25 0:00,0.728863,0.7121065258979797
2004/10/26 0:00,0.735727,0.712339460849762
2004/10/27 0:00,0.73303,0.7123757004737854
2004/10/28 0:00,0.73346,0.7125051617622375
2004/10/29 0:00,0.734268,0.7127141356468201
2004/10/30 0:00,0.733568,0.7126634120941162
2004/10/31 0:00,0.735943,0.7128080129623413
2004/11/1 0:00,0.740192,0.713066577911377
2004/11/2 0:00,0.737083,0.7126537561416626
2004/11/3 0:00,0.73346,0.7126379013061523
2004/11/4 0:00,0.743992,0.712774395942688
2004/11/5 0:00,0.744269,0.7130702137947083
2004/11/6 0:00,0.74228,0.7129898071289062
2004/11/7 0:00,0.741125,0.7130298018455505
2004/11/8 0:00,0.747887,0.7130920886993408
2004/11/9 0:00,0.753012,0.7129281759262085
2004/11/10 0:00,0.748223,0.7130146026611328
2004/11/11 0:00,0.753012,0.7133234143257141
2004/11/12 0:00,0.754375,0.7137569785118103
2004/11/13 0:00,0.754375,0.7137767672538757
2004/11/14 0:00,0.752615,0.7133711576461792
2004/11/15 0:00,0.752729,0.7135651111602783
2004/11/16 0:00,0.762544,0.7135249972343445
2004/11/17 0:00,0.757978,0.7137088179588318
2004/11/18 0:00,0.757576,0.7137961983680725
2004/11/19 0:00,0.755572,0.7140238285064697
2004/11/20 0:00,0.755572,0.7136672139167786
2004/11/21 0:00,0.756716,0.713439404964447
2004/11/22 0:00,0.748503,0.7132856845855713
2004/11/23 0:00,0.754318,0.7130160927772522
2004/11/24 0:00,0.746938,0.7131872177124023
2004/11/25 0:00,0.746102,0.7134943604469299
2004/11/26 0:00,0.746714,0.7137289643287659
2004/11/27 0:00,0.74499,0.7140854597091675
2004/11/28 0:00,0.75188,0.7147139310836792
2004/11/29 0:00,0.749681,0.7152600884437561
2004/11/30 0:00,0.74239,0.7151161432266235
2004/12/1 0:00,0.753409,0.7151457667350769
2004/12/2 0:00,0.762951,0.7150330543518066
2004/12/3 0:00,0.762486,0.7148159742355347
2004/12/4 0:00,0.762369,0.714048445224762
2004/12/5 0:00,0.766284,0.7146561741828918
2004/12/6 0:00,0.772201,0.7148040533065796
2004/12/7 0:00,0.775555,0.7150372862815857
2004/12/8 0:00,0.793588,0.7150306701660156
2004/12/9 0:00,0.795608,0.7153136730194092
2004/12/10 0:00,0.795482,0.7152297496795654
2004/12/11 0:00,0.795482,0.7157508730888367
2004/12/12 0:00,0.789391,0.71574467420578
2004/12/13 0:00,0.787402,0.7157478928565979
2004/12/14 0:00,0.781067,0.715852677822113
2004/12/15 0:00,0.779059,0.7160972356796265
2004/12/16 0:00,0.776337,0.7160775661468506
2004/12/17 0:00,0.773395,0.7162526249885559
2004/12/18 0:00,0.773395,0.716193437576294
2004/12/19 0:00,0.77682,0.7160530090332031
2004/12/20 0:00,0.767165,0.7160030007362366
2004/12/21 0:00,0.771843,0.7162217497825623
2004/12/22 0:00,0.777122,0.7159432172775269
2004/12/23 0:00,0.777122,0.7157859802246094
2004/12/24 0:00,0.77918,0.7152749300003052
2004/12/25 0:00,0.77918,0.7152337431907654
2004/12/26 0:00,0.771962,0.7154718637466431
2004/12/27 0:00,0.761151,0.7161648273468018
2004/12/28 0:00,0.762137,0.7165049314498901
2004/12/29 0:00,0.761151,0.7169544100761414
2004/12/30 0:00,0.749625,0.7171030044555664
2004/12/31 0:00,0.749625,0.7171264886856079
2005/1/1 0:00,0.750244,0.7170450091362
2005/1/2 0:00,0.744214,0.7169724702835083
2005/1/3 0:00,0.744325,0.7167691588401794
2005/1/4 0:00,0.755494,0.7169236540794373
2005/1/5 0:00,0.755744,0.7166041135787964
2005/1/6 0:00,0.762195,0.7165818214416504
2005/1/7 0:00,0.762602,0.7166466116905212
2005/1/8 0:00,0.762602,0.7167949676513672
2005/1/9 0:00,0.759129,0.7163950800895691
2005/1/10 0:00,0.761615,0.7163906693458557
2005/1/11 0:00,0.747496,0.7162438035011292
2005/1/12 0:00,0.745712,0.7161529660224915
2005/1/13 0:00,0.747775,0.7164755463600159
2005/1/14 0:00,0.748111,0.7170129418373108
2005/1/15 0:00,0.748111,0.7174078226089478
2005/1/16 0:00,0.754774,0.7175072431564331
2005/1/17 0:00,0.752842,0.7172263860702515
2005/1/18 0:00,0.744435,0.7174211144447327
2005/1/19 0:00,0.73616,0.7176387906074524
2005/1/20 0:00,0.735727,0.7181336283683777
2005/1/21 0:00,0.736106,0.717961311340332
2005/1/22 0:00,0.736106,0.718085765838623
2005/1/23 0:00,0.74217,0.7176945209503174
2005/1/24 0:00,0.743826,0.717310905456543
2005/1/25 0:00,0.742942,0.7168359160423279
2005/1/26 0:00,0.748727,0.7165330648422241
2005/1/27 0:00,0.748727,0.7165439128875732
2005/1/28 0:00,0.749064,0.7170524001121521
2005/1/29 0:00,0.749064,0.7174083590507507
2005/1/30 0:00,0.747887,0.7176101207733154
2005/1/31 0:00,0.75523,0.7181584239006042
2005/2/1 0:00,0.764877,0.7184571623802185
2005/2/2 0:00,0.768403,0.7180996537208557
2005/2/3 0:00,0.778634,0.7180601358413696
2005/2/4 0:00,0.779606,0.7177694439888
2005/2/5 0:00,0.779606,0.717338502407074
2005/2/6 0:00,0.776096,0.7146015167236328
2005/2/7 0:00,0.767224,0.7151485085487366
2005/2/8 0:00,0.761673,0.7153058648109436
2005/2/9 0:00,0.758093,0.7156702280044556
2005/2/10 0:00,0.758495,0.7157594561576843
2005/2/11 0:00,0.759821,0.7160587906837463
2005/2/12 0:00,0.757576,0.7159795165061951
2005/2/13 0:00,0.762137,0.716525673866272
2005/2/14 0:00,0.760052,0.716514527797699
2005/2/15 0:00,0.759301,0.7164813876152039
2005/2/16 0:00,0.769231,0.7166635990142822
2005/2/17 0:00,0.768226,0.7169579267501831
2005/2/18 0:00,0.76693,0.7167901992797852
2005/2/19 0:00,0.767695,0.7168699502944946
2005/2/20 0:00,0.773455,0.7169229984283447
2005/2/21 0:00,0.770179,0.7168490886688232
2005/2/22 0:00,0.771724,0.7166615724563599
2005/2/23 0:00,0.755972,0.7168769240379333
2005/2/24 0:00,0.757691,0.7166033387184143
2005/2/25 0:00,0.757805,0.7163625955581665
2005/2/26 0:00,0.757805,0.7157570719718933
2005/2/27 0:00,0.763884,0.7156696319580078
2005/2/28 0:00,0.76365,0.7158986330032349
2005/3/1 0:00,0.766049,0.7166396975517273
2005/3/2 0:00,0.771188,0.7170928120613098
2005/3/3 0:00,0.772857,0.7175639867782593
2005/3/4 0:00,0.772201,0.7176210284233093
2005/3/5 0:00,0.772201,0.7176429629325867
2005/3/6 0:00,0.772559,0.7175987362861633
2005/3/7 0:00,0.780214,0.7175153493881226
2005/3/8 0:00,0.779788,0.717278003692627
2005/3/9 0:00,0.772917,0.7175081372261047
2005/3/10 0:00,0.76864,0.7172906398773193
2005/3/11 0:00,0.76858,0.7172431349754333
2005/3/12 0:00,0.76858,0.7172865867614746
2005/3/13 0:00,0.770179,0.7175096869468689
2005/3/14 0:00,0.777484,0.7170308232307434
2005/3/15 0:00,0.771426,0.7169098854064941
2005/3/16 0:00,0.76746,0.7168444991111755
2005/3/17 0:00,0.759071,0.7168232202529907
2005/3/18 0:00,0.760167,0.7169787287712097
2005/3/19 0:00,0.760167,0.7173753380775452
2005/3/20 0:00,0.75643,0.7178301215171814
2005/3/21 0:00,0.752106,0.7179856896400452
2005/3/22 0:00,0.751767,0.7176651954650879
2005/3/23 0:00,0.75884,0.7178094983100891
2005/3/24 0:00,0.762777,0.7180511355400085
2005/3/25 0:00,0.763359,0.7185641527175903
2005/3/26 0:00,0.763359,0.7184394001960754
2005/3/27 0:00,0.761035,0.7186485528945923
2005/3/28 0:00,0.748335,0.718313455581665
2005/3/29 0:00,0.745657,0.7179795503616333
2005/3/30 0:00,0.747384,0.7175517678260803
2005/3/31 0:00,0.751145,0.7172808647155762
2005/4/1 0:00,0.751145,0.7171986103057861
2005/4/2 0:00,0.750807,0.7176260948181152
2005/4/3 0:00,0.751428,0.718072235584259
2005/4/4 0:00,0.750694,0.7183260321617126
2005/4/5 0:00,0.74239,0.718877911567688
2005/4/6 0:00,0.740302,0.7192538380622864
2005/4/7 0:00,0.736377,0.7188441753387451
2005/4/8 0:00,0.738662,0.7187097668647766
2005/4/9 0:00,0.736594,0.7184626460075378
2005/4/10 0:00,0.735835,0.7181400060653687
2005/4/11 0:00,0.740412,0.7189326286315918
2005/4/12 0:00,0.739262,0.719144880771637
2005/4/13 0:00,0.735294,0.7190791368484497
2005/4/14 0:00,0.744879,0.7190252542495728
2005/4/15 0:00,0.738007,0.7188587784767151
2005/4/16 0:00,0.731422,0.7189791798591614
2005/4/17 0:00,0.72998,0.7189488410949707
2005/4/18 0:00,0.718391,0.7193813323974609
2005/4/19 0:00,0.730407,0.7193318605422974
2005/4/20 0:00,0.730407,0.719098687171936
2005/4/21 0:00,0.730407,0.7190402150154114
2005/4/22 0:00,0.73346,0.7192507386207581
2005/4/23 0:00,0.740521,0.7192496061325073
2005/4/24 0:00,0.74173,0.719355046749115
2005/4/25 0:00,0.749963,0.7195067405700684
2005/4/26 0:00,0.749963,0.719619631767273
2005/4/27 0:00,0.749963,0.7195501327514648
2005/4/28 0:00,0.749963,0.719732403755188
2005/4/29 0:00,0.754205,0.7196868658065796
2005/4/30 0:00,0.755344,0.7197410464286804
2005/5/1 0:00,0.763475,0.7193261384963989
2005/5/2 0:00,0.764234,0.7191482782363892
2005/5/3 0:00,0.765755,0.7191930413246155
2005/5/4 0:00,0.767695,0.7197715044021606
2005/5/5 0:00,0.766989,0.7201915383338928
2005/5/6 0:00,0.766342,0.7206659913063049
2005/5/7 0:00,0.769053,0.7207722067832947
2005/5/8 0:00,0.778634,0.7206664085388184
2005/5/9 0:00,0.776699,0.7204633355140686
2005/5/10 0:00,0.782411,0.7203190326690674
2005/5/11 0:00,0.783085,0.7201535701751709
2005/5/12 0:00,0.783085,0.7203779220581055
2005/5/13 0:00,0.781067,0.7202193140983582
2005/5/14 0:00,0.785731,0.7200537919998169
2005/5/15 0:00,0.788333,0.719910204410553
2005/5/16 0:00,0.792707,0.7200450897216797
2005/5/17 0:00,0.798148,0.7196717858314514
2005/5/18 0:00,0.799552,0.7194989919662476
2005/5/19 0:00,0.797067,0.7193809747695923
2005/5/20 0:00,0.789079,0.7194309830665588
2005/5/21 0:00,0.788022,0.7195630073547363
2005/5/22 0:00,0.795229,0.719861626625061
2005/5/23 0:00,0.801989,0.7202665209770203
2005/5/24 0:00,0.801475,0.7205989956855774
2005/5/25 0:00,0.80186,0.7204687595367432
2005/5/26 0:00,0.802053,0.7204396724700928
2005/5/27 0:00,0.799488,0.7204869985580444
2005/5/28 0:00,0.805218,0.7208477258682251
2005/5/29 0:00,0.805348,0.7208712100982666
2005/5/30 0:00,0.799361,0.7210185527801514
2005/5/31 0:00,0.808407,0.7208406329154968
2005/6/1 0:00,0.807103,0.7204490303993225
2005/6/2 0:00,0.807103,0.719860851764679
2005/6/3 0:00,0.808865,0.7195350527763367
2005/6/4 0:00,0.800512,0.719496488571167
2005/6/5 0:00,0.790826,0.7198621034622192
2005/6/6 0:00,0.785484,0.7199484705924988
2005/6/7 0:00,0.793021,0.7198693156242371
2005/6/8 0:00,0.795292,0.7200096249580383
2005/6/9 0:00,0.795292,0.7201487421989441
2005/6/10 0:00,0.793462,0.7198927998542786
2005/6/11 0:00,0.792267,0.7197902798652649
2005/6/12 0:00,0.788333,0.7196603417396545
2005/6/13 0:00,0.797957,0.7193422317504883
2005/6/14 0:00,0.786906,0.7182525396347046
2005/6/15 0:00,0.787154,0.7184070348739624
2005/6/16 0:00,0.785176,0.7183096408843994
2005/6/17 0:00,0.78284,0.7183470129966736
2005/6/18 0:00,0.782473,0.7183168530464172
2005/6/19 0:00,0.788333,0.7183954119682312
2005/6/20 0:00,0.78964,0.7183620929718018
2005/6/21 0:00,0.799041,0.7186874747276306
2005/6/22 0:00,0.793399,0.7185450792312622
2005/6/23 0:00,0.793399,0.7183197736740112
2005/6/24 0:00,0.789889,0.718455970287323
2005/6/25 0:00,0.796495,0.7186742424964905
2005/6/26 0:00,0.797957,0.7185372114181519
2005/6/27 0:00,0.809717,0.7186053991317749
2005/6/28 0:00,0.817394,0.7188193202018738
2005/6/29 0:00,0.818599,0.7189951539039612
2005/6/30 0:00,0.818599,0.7189657688140869
2005/7/1 0:00,0.817394,0.7191458940505981
2005/7/2 0:00,0.823316,0.7190342545509338
2005/7/3 0:00,0.820816,0.7189981937408447
2005/7/4 0:00,0.816393,0.7186858654022217
2005/7/5 0:00,0.817528,0.7185337543487549
2005/7/6 0:00,0.815794,0.7184755802154541
2005/7/7 0:00,0.815262,0.7188519835472107
2005/7/8 0:00,0.814266,0.7193081974983215
2005/7/9 0:00,0.821423,0.7197133898735046
2005/7/10 0:00,0.816127,0.7196568846702576
2005/7/11 0:00,0.827198,0.719550609588623
2005/7/12 0:00,0.822436,0.7194470167160034
2005/7/13 0:00,0.823588,0.7193573713302612
2005/7/14 0:00,0.823588,0.7192367315292358
2005/7/15 0:00,0.813008,0.7195616364479065
2005/7/16 0:00,0.819269,0.7194599509239197
2005/7/17 0:00,0.806127,0.7193496227264404
2005/7/18 0:00,0.801218,0.7193902730941772
2005/7/19 0:00,0.810898,0.7196063995361328
2005/7/20 0:00,0.810504,0.7192018032073975
2005/7/21 0:00,0.810504,0.7189944982528687
2005/7/22 0:00,0.809389,0.7190300822257996
2005/7/23 0:00,0.811688,0.7191891670227051
2005/7/24 0:00,0.817929,0.7192991971969604
2005/7/25 0:00,0.81011,0.7195063829421997
2005/7/26 0:00,0.81182,0.7198953628540039
2005/7/27 0:00,0.811886,0.7202790975570679
2005/7/28 0:00,0.811886,0.7202391624450684
2005/7/29 0:00,0.804829,0.7203392386436462
2005/7/30 0:00,0.810504,0.7203971147537231
2005/7/31 0:00,0.823181,0.7205206155776978
2005/8/1 0:00,0.826583,0.7205289602279663
2005/8/2 0:00,0.828226,0.7206927537918091
2005/8/3 0:00,0.827061,0.7204668521881104
2005/8/4 0:00,0.827061,0.7200334072113037
2005/8/5 0:00,0.8296,0.7195906639099121
2005/8/6 0:00,0.828157,0.7193248271942139
2005/8/7 0:00,0.826856,0.7192010879516602
2005/8/8 0:00,0.830979,0.7195243835449219
2005/8/9 0:00,0.834446,0.7196442484855652
2005/8/10 0:00,0.837802,0.7197203636169434
2005/8/11 0:00,0.833264,0.7200186252593994
2005/8/12 0:00,0.829669,0.7203586101531982
2005/8/13 0:00,0.819605,0.7201355695724487
2005/8/14 0:00,0.83682,0.7200356125831604
2005/8/15 0:00,0.84317,0.720025897026062
2005/8/16 0:00,0.845094,0.7198021411895752
2005/8/17 0:00,0.843597,0.7209147810935974
2005/8/18 0:00,0.843597,0.7210327386856079
2005/8/19 0:00,0.843811,0.721072793006897
2005/8/20 0:00,0.856238,0.721106767654419
2005/8/21 0:00,0.855798,0.7211803793907166
2005/8/22 0:00,0.863334,0.7213760614395142
2005/8/23 0:00,0.865127,0.72147536277771
2005/8/24 0:00,0.864678,0.7217093706130981
2005/8/25 0:00,0.864379,0.7217541337013245
2005/8/26 0:00,0.866176,0.7215351462364197
2005/8/27 0:00,0.87146,0.7215970754623413
2005/8/28 0:00,0.870019,0.7217768430709839
2005/8/29 0:00,0.871536,0.7218084335327148
2005/8/30 0:00,0.877501,0.7218203544616699
2005/8/31 0:00,0.87727,0.7219617962837219
2005/9/1 0:00,0.87727,0.7221546173095703
2005/9/2 0:00,0.874355,0.7221880555152893
2005/9/3 0:00,0.869036,0.7222321629524231
2005/9/4 0:00,0.863856,0.7220848798751831
2005/9/5 0:00,0.843811,0.7219960689544678
2005/9/6 0:00,0.845237,0.7218261361122131
2005/9/7 0:00,0.83167,0.7215825319290161
2005/9/8 0:00,0.83167,0.7215431928634644
2005/9/9 0:00,0.830358,0.7218127250671387
2005/9/10 0:00,0.816193,0.722126841545105
2005/9/11 0:00,0.817661,0.7224178910255432
2005/9/12 0:00,0.824742,0.7224245071411133
2005/9/13 0:00,0.833611,0.7221848368644714
2005/9/14 0:00,0.831393,0.7219716310501099
2005/9/15 0:00,0.831393,0.7219219207763672
2005/9/16 0:00,0.829738,0.7218543291091919
2005/9/17 0:00,0.8351,0.7221505045890808
2005/9/18 0:00,0.837381,0.7222456932067871
2005/9/19 0:00,0.81974,0.7222936749458313
2005/9/20 0:00,0.820681,0.7223517894744873
2005/9/21 0:00,0.823995,0.7225081324577332
2005/9/22 0:00,0.823995,0.722309410572052
2005/9/23 0:00,0.825083,0.7220945358276367
2005/9/24 0:00,0.832362,0.7221022248268127
2005/9/25 0:00,0.827198,0.7221880555152893
2005/9/26 0:00,0.829738,0.7223957777023315
2005/9/27 0:00,0.840195,0.7225006222724915
2005/9/28 0:00,0.839842,0.7226378917694092
2005/9/29 0:00,0.843668,0.7229069471359253
2005/9/30 0:00,0.851209,0.7229538559913635
2005/10/1 0:00,0.85162,0.7230079174041748
2005/10/2 0:00,0.84674,0.722926676273346
2005/10/3 0:00,0.831947,0.7229552865028381
2005/10/4 0:00,0.831808,0.7229524254798889
2005/10/5 0:00,0.832362,0.7229084968566895
2005/10/6 0:00,0.822301,0.7228156328201294
2005/10/7 0:00,0.818465,0.7223224639892578
2005/10/8 0:00,0.825627,0.7219133973121643
2005/10/9 0:00,0.822301,0.7217164039611816
2005/10/10 0:00,0.830979,0.7217180132865906
2005/10/11 0:00,0.819807,0.7219650149345398
2005/10/12 0:00,0.816127,0.7219717502593994
2005/10/13 0:00,0.778028,0.7219929695129395
2005/10/14 0:00,0.778816,0.7220912575721741
2005/10/15 0:00,0.772618,0.7222733497619629
2005/10/16 0:00,0.793903,0.7220829725265503
2005/10/17 0:00,0.778634,0.7219305038452148
2005/10/18 0:00,0.76746,0.7218920588493347
2005/10/19 0:00,0.759013,0.7215883731842041
2005/10/20 0:00,0.762486,0.7193774580955505
2005/10/21 0:00,0.766754,0.7194054126739502
2005/10/22 0:00,0.76929,0.7193387150764465
2005/10/23 0:00,0.78456,0.7193728685379028
2005/10/24 0:00,0.780457,0.7195146083831787
2005/10/25 0:00,0.798148,0.7196411490440369
2005/10/26 0:00,0.791703,0.7196590900421143
2005/10/27 0:00,0.796369,0.7197028398513794
2005/10/28 0:00,0.794786,0.7196720838546753
2005/10/29 0:00,0.793336,0.7195461392402649
2005/10/30 0:00,0.801603,0.719783365726471
2005/10/31 0:00,0.797194,0.7198185324668884
2005/11/1 0:00,0.79277,0.719563901424408
2005/11/2 0:00,0.821693,0.719620943069458
2005/11/3 0:00,0.810898,0.7198871970176697
2005/11/4 0:00,0.793462,0.7199639081954956
2005/11/5 0:00,0.788955,0.7199321389198303
2005/11/6 0:00,0.791766,0.7201055884361267
2005/11/7 0:00,0.791515,0.7200015783309937
2005/11/8 0:00,0.795229,0.7197858095169067
2005/11/9 0:00,0.79466,0.7197074890136719
2005/11/10 0:00,0.785762,0.7195687294006348
2005/11/11 0:00,0.776398,0.7195064425468445
2005/11/12 0:00,0.786411,0.7197971940040588
2005/11/13 0:00,0.778634,0.7203056216239929
2005/11/14 0:00,0.76864,0.7206147909164429
2005/11/15 0:00,0.768699,0.7204081416130066
2005/11/16 0:00,0.761905,0.7201533913612366
2005/11/17 0:00,0.757031,0.7200913429260254
2005/11/18 0:00,0.756487,0.720090389251709
2005/11/19 0:00,0.747105,0.7199079990386963
2005/11/20 0:00,0.745629,0.7200278043746948
2005/11/21 0:00,0.740357,0.7200201749801636
2005/11/22 0:00,0.741565,0.7199941873550415
2005/11/23 0:00,0.741785,0.7201132774353027
2005/11/24 0:00,0.755059,0.7202001214027405
2005/11/25 0:00,0.762253,0.7197404503822327
2005/11/26 0:00,0.776759,0.7195396423339844
2005/11/27 0:00,0.777152,0.719717800617218
2005/11/28 0:00,0.777363,0.7198331356048584
2005/11/29 0:00,0.78183,0.719900906085968
2005/11/30 0:00,0.778513,0.7201545238494873
2005/12/1 0:00,0.773485,0.7205078601837158
2005/12/2 0:00,0.773156,0.720748245716095
2005/12/3 0:00,0.773395,0.7207576036453247
2005/12/4 0:00,0.773395,0.7208831310272217
2005/12/5 0:00,0.762021,0.7208580374717712
2005/12/6 0:00,0.763534,0.720710813999176
2005/12/7 0:00,0.751174,0.7207232117652893
2005/12/8 0:00,0.75392,0.7207854986190796
2005/12/9 0:00,0.763009,0.720535397529602
2005/12/10 0:00,0.75706,0.7199899554252625
2005/12/11 0:00,0.769112,0.7197728157043457
2005/12/12 0:00,0.767401,0.7196952700614929
2005/12/13 0:00,0.774893,0.7195619344711304
2005/12/14 0:00,0.773814,0.7197219729423523
2005/12/15 0:00,0.773994,0.7199180126190186
2005/12/16 0:00,0.772022,0.7201557755470276
2005/12/17 0:00,0.769172,0.720420777797699
2005/12/18 0:00,0.77006,0.7206413149833679
2005/12/19 0:00,0.780457,0.7202966809272766
2005/12/20 0:00,0.777484,0.7200292348861694
2005/12/21 0:00,0.777484,0.7200859189033508
2005/12/22 0:00,0.778816,0.7197868227958679
2005/12/23 0:00,0.789889,0.719622015953064
2005/12/24 0:00,0.781616,0.7198108434677124
2005/12/25 0:00,0.781433,0.7198916077613831
2005/12/26 0:00,0.785176,0.7199603915214539
2005/12/27 0:00,0.794976,0.7200320363044739
2005/12/28 0:00,0.794597,0.7202016711235046
2005/12/29 0:00,0.792456,0.7202297449111938
2005/12/30 0:00,0.792519,0.7203121781349182
2005/12/31 0:00,0.793588,0.7201666831970215
2006/1/1 0:00,0.800064,0.7201058864593506
2006/1/2 0:00,0.805088,0.7203330993652344
2006/1/3 0:00,0.810636,0.7203044295310974
2006/1/4 0:00,0.809323,0.7201604247093201
2006/1/5 0:00,0.805088,0.7202211022377014
2006/1/6 0:00,0.821558,0.7203887701034546
2006/1/7 0:00,0.823723,0.7203168272972107
2006/1/8 0:00,0.819236,0.7204969525337219
2006/1/9 0:00,0.824674,0.7209329605102539
2006/1/10 0:00,0.834585,0.7208613753318787
2006/1/11 0:00,0.835143,0.7204967141151428
2006/1/12 0:00,0.83619,0.7202423810958862
2006/1/13 0:00,0.835946,0.7201467156410217
2006/1/14 0:00,0.833611,0.7200285196304321
2006/1/15 0:00,0.83612,0.7203232645988464
2006/1/16 0:00,0.833889,0.7207773923873901
2006/1/17 0:00,0.83647,0.720951497554779
2006/1/18 0:00,0.8285,0.7207722067832947
2006/1/19 0:00,0.826583,0.7206065058708191
2006/1/20 0:00,0.835213,0.7207741141319275
2006/1/21 0:00,0.832085,0.7208620309829712
2006/1/22 0:00,0.837802,0.7208143472671509
2006/1/23 0:00,0.831117,0.7208893895149231
2006/1/24 0:00,0.832293,0.7206883430480957
2006/1/25 0:00,0.840089,0.720603883266449
2006/1/26 0:00,0.83668,0.7207149267196655
2006/1/27 0:00,0.829463,0.7207842469215393
2006/1/28 0:00,0.833403,0.7203466892242432
2006/1/29 0:00,0.83647,0.7202165722846985
2006/1/30 0:00,0.835701,0.7202972769737244
2006/1/31 0:00,0.840477,0.7201769948005676
2006/2/1 0:00,0.837591,0.7202590107917786
2006/2/2 0:00,0.840124,0.7205951809883118
2006/2/3 0:00,0.840054,0.7209092974662781
2006/2/4 0:00,0.83091,0.7208073735237122
2006/2/5 0:00,0.828947,0.7206500768661499
2006/2/6 0:00,0.821828,0.7208431363105774
2006/2/7 0:00,0.810767,0.7208669781684875
2006/2/8 0:00,0.819739,0.720935046672821
2006/2/9 0:00,0.824063,0.7212330102920532
2006/2/10 0:00,0.82149,0.7214240431785583
2006/2/11 0:00,0.821355,0.721121072769165
2006/2/12 0:00,0.821355,0.7206602692604065
2006/2/13 0:00,0.816793,0.7205307483673096
2006/2/14 0:00,0.821828,0.7204495072364807
2006/2/15 0:00,0.809192,0.720315158367157
2006/2/16 0:00,0.819605,0.7203187942504883
2006/2/17 0:00,0.825014,0.7202080488204956
2006/2/18 0:00,0.824402,0.7199602127075195
2006/2/19 0:00,0.824402,0.7199493050575256
2006/2/20 0:00,0.826583,0.7198944091796875
2006/2/21 0:00,0.817528,0.7193856239318848
2006/2/22 0:00,0.814399,0.719045877456665
2006/2/23 0:00,0.808767,0.7189438939094543
2006/2/24 0:00,0.817127,0.7186006903648376
2006/2/25 0:00,0.819437,0.719350278377533
2006/2/26 0:00,0.819437,0.7194791436195374
2006/2/27 0:00,0.820917,0.7194692492485046
2006/2/28 0:00,0.821625,0.7195256352424622
2006/3/1 0:00,0.81626,0.7197021245956421
2006/3/2 0:00,0.813603,0.7198434472084045
2006/3/3 0:00,0.820883,0.719851016998291
2006/3/4 0:00,0.818465,0.7198417782783508
2006/3/5 0:00,0.82464,0.7197852730751038
2006/3/6 0:00,0.823452,0.7197551727294922
2006/3/7 0:00,0.81473,0.7200329303741455
2006/3/8 0:00,0.816327,0.7199286222457886
2006/3/9 0:00,0.819403,0.7196378111839294
2006/3/10 0:00,0.81606,0.7196283936500549
2006/3/11 0:00,0.81606,0.7198836207389832
2006/3/12 0:00,0.82291,0.7198770642280579
2006/3/13 0:00,0.814531,0.8239041566848755
2006/3/14 0:00,0.818264,0.8237655162811279
2006/3/15 0:00,0.827061,0.8232144117355347
2006/3/16 0:00,0.824334,0.8235766887664795
2006/3/17 0:00,0.823045,0.8231091499328613
2006/3/18 0:00,0.823045,0.8230360150337219
2006/3/19 0:00,0.821018,0.8223560452461243
2006/3/20 0:00,0.822504,0.8230103254318237
2006/3/21 0:00,0.816127,0.8229104280471802
2006/3/22 0:00,0.81314,0.8225598931312561
2006/3/23 0:00,0.817595,0.8220924735069275
2006/3/24 0:00,0.811162,0.8223273158073425
2006/3/25 0:00,0.813074,0.8219542503356934
2006/3/26 0:00,0.814133,0.821685791015625
2006/3/27 0:00,0.822504,0.8216997385025024
2006/3/28 0:00,0.817127,0.8221085667610168
2006/3/29 0:00,0.815129,0.8218715786933899
2006/3/30 0:00,0.80952,0.8223530054092407
2006/3/31 0:00,0.799233,0.8222893476486206
2006/4/1 0:00,0.794849,0.8222136497497559
2006/4/2 0:00,0.795735,0.8217639923095703
2006/4/3 0:00,0.795672,0.8220085501670837
2006/4/4 0:00,0.788146,0.8218376040458679
2006/4/5 0:00,0.786473,0.8221302032470703
2006/4/6 0:00,0.786658,0.8223881721496582
2006/4/7 0:00,0.785608,0.8227399587631226
2006/4/8 0:00,0.779423,0.8224273324012756
2006/4/9 0:00,0.770921,0.8226832151412964
2006/4/10 0:00,0.765111,0.8227617144584656
2006/4/11 0:00,0.767224,0.8225612044334412
2006/4/12 0:00,0.752729,0.8220985531806946
2006/4/13 0:00,0.756716,0.8224850296974182
2006/4/14 0:00,0.756716,0.8224868178367615
2006/4/15 0:00,0.762021,0.8221505880355835
2006/4/16 0:00,0.75815,0.8216174840927124
2006/4/17 0:00,0.749344,0.8222285509109497
2006/4/18 0:00,0.750751,0.8221560716629028
2006/4/19 0:00,0.755401,0.8219663500785828
2006/4/20 0:00,0.75375,0.8215794563293457
2006/4/21 0:00,0.760861,0.8216105103492737
2006/4/22 0:00,0.760803,0.8213198781013489
2006/4/23 0:00,0.755116,0.8218180537223816
2006/4/24 0:00,0.753807,0.8220681548118591
2006/4/25 0:00,0.752955,0.8222516179084778
2006/4/26 0:00,0.754262,0.8222396373748779
2006/4/27 0:00,0.755658,0.8229995369911194
2006/4/28 0:00,0.755344,0.8228029012680054
2006/4/29 0:00,0.768344,0.8234905004501343
2006/4/30 0:00,0.77098,0.8233919739723206
2006/5/1 0:00,0.76929,0.8236033916473389
2006/5/2 0:00,0.772618,0.8233989477157593
2006/5/3 0:00,0.775675,0.8234719634056091
2006/5/4 0:00,0.779545,0.8236119747161865
2006/5/5 0:00,0.77991,0.823802649974823
2006/5/6 0:00,0.787836,0.8237686157226562
2006/5/7 0:00,0.791515,0.8240386843681335
2006/5/8 0:00,0.797957,0.8240870833396912
2006/5/9 0:00,0.795862,0.8239369988441467
2006/5/10 0:00,0.788581,0.8231877088546753
2006/5/11 0:00,0.791264,0.8237597942352295
2006/5/12 0:00,0.790576,0.8239112496376038
2006/5/13 0:00,0.790576,0.8238276839256287
2006/5/14 0:00,0.786596,0.8233844637870789
2006/5/15 0:00,0.791327,0.8237455487251282
2006/5/16 0:00,0.791202,0.8222575187683105
2006/5/17 0:00,0.784929,0.8226104974746704
2006/5/18 0:00,0.802504,0.8222638368606567
2006/5/19 0:00,0.801475,0.8227701187133789
2006/5/20 0:00,0.801475,0.8225878477096558
2006/5/21 0:00,0.8036,0.8221378922462463
2006/5/22 0:00,0.804376,0.8213324546813965
2006/5/23 0:00,0.804441,0.8213191628456116
2006/5/24 0:00,0.803988,0.8212887048721313
2006/5/25 0:00,0.796749,0.8211581110954285
2006/5/26 0:00,0.797957,0.8212722539901733
2006/5/27 0:00,0.796622,0.821686863899231
2006/5/28 0:00,0.795545,0.8210757374763489
2006/5/29 0:00,0.798531,0.82084059715271
2006/5/30 0:00,0.790202,0.8209267854690552
2006/5/31 0:00,0.794786,0.8212510943412781
2006/6/1 0:00,0.797067,0.8208373785018921
2006/6/2 0:00,0.797703,0.8210206031799316
2006/6/3 0:00,0.800064,0.820623517036438
2006/6/4 0:00,0.802439,0.8203575015068054
2006/6/5 0:00,0.798786,0.8204433917999268
2006/6/6 0:00,0.799744,0.8209545016288757
2006/6/7 0:00,0.799744,0.8213320970535278
2006/6/8 0:00,0.788457,0.8217154145240784
2006/6/9 0:00,0.785299,0.8220854997634888
2006/6/10 0:00,0.790077,0.8222551345825195
2006/6/11 0:00,0.80186,0.8215571641921997
2006/6/12 0:00,0.809717,0.8216896057128906
2006/6/13 0:00,0.808407,0.8217480182647705
2006/6/14 0:00,0.810504,0.8214462399482727
2006/6/15 0:00,0.813008,0.8206662535667419
2006/6/16 0:00,0.808407,0.8208513259887695
2006/6/17 0:00,0.818264,0.8211830258369446
2006/6/18 0:00,0.819001,0.8210676908493042
2006/6/19 0:00,0.819001,0.8208519220352173
2006/6/20 0:00,0.821153,0.8212436437606812
2006/6/21 0:00,0.816127,0.8209006786346436
2006/6/22 0:00,0.815328,0.820568323135376
2006/6/23 0:00,0.811162,0.820605993270874
2006/6/24 0:00,0.81215,0.8208270072937012
2006/6/25 0:00,0.808538,0.8205967545509338
2006/6/26 0:00,0.805802,0.8210961222648621
2006/6/27 0:00,0.806712,0.8211787343025208
2006/6/28 0:00,0.81103,0.8212328553199768
2006/6/29 0:00,0.807233,0.8209125399589539
2006/6/30 0:00,0.807624,0.8215451836585999
2006/7/1 0:00,0.807624,0.8217682838439941
2006/7/2 0:00,0.809061,0.8221608996391296
2006/7/3 0:00,0.810964,0.8220827579498291
2006/7/4 0:00,0.808865,0.8223156332969666
2006/7/5 0:00,0.814001,0.8220757842063904
2006/7/6 0:00,0.811952,0.8222012519836426
2006/7/7 0:00,0.809454,0.8229252099990845
2006/7/8 0:00,0.804117,0.8230185508728027
2006/7/9 0:00,0.802826,0.8224037885665894
2006/7/10 0:00,0.798276,0.8220970630645752
2006/7/11 0:00,0.803084,0.822173535823822
2006/7/12 0:00,0.803729,0.8226204514503479
2006/7/13 0:00,0.797575,0.8221892714500427
2006/7/14 0:00,0.793462,0.8230175971984863
2006/7/15 0:00,0.79447,0.8228080868721008
2006/7/16 0:00,0.802761,0.8229268789291382
2006/7/17 0:00,0.812018,0.8229475021362305
2006/7/18 0:00,0.809389,0.8231264352798462
2006/7/19 0:00,0.818666,0.8288194537162781
2006/7/20 0:00,0.819471,0.8287273049354553
2006/7/21 0:00,0.829325,0.8278903961181641
2006/7/22 0:00,0.829119,0.8281154632568359
2006/7/23 0:00,0.825832,0.8275733590126038
2006/7/24 0:00,0.826925,0.8277152180671692
2006/7/25 0:00,0.827883,0.8269345164299011
2006/7/26 0:00,0.827541,0.8274013996124268
2006/7/27 0:00,0.830634,0.8269971609115601
2006/7/28 0:00,0.820075,0.8270235061645508
2006/7/29 0:00,0.825627,0.8267860412597656
2006/7/30 0:00,0.823859,0.8272726535797119
2006/7/31 0:00,0.831808,0.8271894454956055
2006/8/1 0:00,0.830392,0.8272820115089417
2006/8/2 0:00,0.829187,0.827100396156311
2006/8/3 0:00,0.827883,0.8273347616195679
2006/8/4 0:00,0.819135,0.8272308111190796
2006/8/5 0:00,0.822639,0.8277646899223328
2006/8/6 0:00,0.818733,0.8274421691894531
2006/8/7 0:00,0.818063,0.8277891874313354
2006/8/8 0:00,0.821288,0.8275739550590515
2006/8/9 0:00,0.816927,0.8280104994773865
2006/8/10 0:00,0.815461,0.827720046043396
2006/8/11 0:00,0.8188,0.8281233906745911
2006/8/12 0:00,0.816993,0.8282224535942078
2006/8/13 0:00,0.81686,0.828537106513977
2006/8/14 0:00,0.81686,0.8281567096710205
2006/8/15 0:00,0.819001,0.8285415172576904
2006/8/16 0:00,0.813603,0.8288078308105469
2006/8/17 0:00,0.822301,0.8289059400558472
2006/8/18 0:00,0.821693,0.8283258676528931
2006/8/19 0:00,0.816593,0.8284927606582642
2006/8/20 0:00,0.815927,0.8279375433921814
2006/8/21 0:00,0.816593,0.8277609348297119
2006/8/22 0:00,0.811688,0.8273676633834839
2006/8/23 0:00,0.817127,0.8281363844871521
2006/8/24 0:00,0.821625,0.8279895782470703
2006/8/25 0:00,0.82149,0.828037440776825
2006/8/26 0:00,0.818867,0.82736736536026
2006/8/27 0:00,0.820749,0.827226996421814
2006/8/28 0:00,0.821828,0.8272228240966797
2006/8/29 0:00,0.827404,0.8278628587722778
2006/8/30 0:00,0.82631,0.8281248211860657
2006/8/31 0:00,0.825287,0.8287146687507629
2006/9/1 0:00,0.82481,0.8288908004760742
2006/9/2 0:00,0.827678,0.8296059370040894
2006/9/3 0:00,0.8259,0.8292071223258972
2006/9/4 0:00,0.816793,0.8298873901367188
2006/9/5 0:00,0.814399,0.8298463821411133
2006/9/6 0:00,0.814067,0.8302128314971924
2006/9/7 0:00,0.817394,0.8298056721687317
2006/9/8 0:00,0.819471,0.8299630284309387
2006/9/9 0:00,0.811293,0.8300455212593079
2006/9/10 0:00,0.809389,0.8302051424980164
2006/9/11 0:00,0.808571,0.8300578594207764
2006/9/12 0:00,0.812546,0.8303836584091187
2006/9/13 0:00,0.81813,0.8301587104797363
2006/9/14 0:00,0.814797,0.8301630020141602
2006/9/15 0:00,0.811754,0.8296048045158386
2006/9/16 0:00,0.81493,0.830047607421875
2006/9/17 0:00,0.823859,0.829679012298584
2006/9/18 0:00,0.824029,0.8294917941093445
2006/9/19 0:00,0.821895,0.8285796046257019
2006/9/20 0:00,0.821052,0.828384280204773
2006/9/21 0:00,0.82291,0.8248682022094727
2006/9/22 0:00,0.821625,0.8249623775482178
2006/9/23 0:00,0.819706,0.8243528604507446
2006/9/24 0:00,0.820143,0.8246499300003052
2006/9/25 0:00,0.820143,0.8244438767433167
2006/9/26 0:00,0.821659,0.8243864178657532
2006/9/27 0:00,0.824436,0.8236235976219177
2006/9/28 0:00,0.824674,0.8236063718795776
2006/9/29 0:00,0.832709,0.8232101798057556
2006/9/30 0:00,0.832882,0.8234734535217285
2006/10/1 0:00,0.832535,0.8237107396125793
2006/10/2 0:00,0.832535,0.8243752717971802
2006/10/3 0:00,0.834168,0.8238651156425476
2006/10/4 0:00,0.837872,0.8239515423774719
2006/10/5 0:00,0.843846,0.8241698741912842
2006/10/6 0:00,0.844096,0.824459969997406
2006/10/7 0:00,0.846346,0.8242896795272827
2006/10/8 0:00,0.846346,0.8248599171638489
2006/10/9 0:00,0.844238,0.8246275186538696
2006/10/10 0:00,0.842212,0.8245819807052612
2006/10/11 0:00,0.83675,0.8247047662734985
2006/10/12 0:00,0.833229,0.825359582901001
2006/10/13 0:00,0.824368,0.8252846598625183
2006/10/14 0:00,0.82352,0.8257995843887329
2006/10/15 0:00,0.822571,0.8260939717292786
2006/10/16 0:00,0.821558,0.8263399004936218
2006/10/17 0:00,0.815894,0.8255541920661926
2006/10/18 0:00,0.817361,0.8258575201034546
2006/10/19 0:00,0.820883,0.8261336088180542
2006/10/20 0:00,0.81984,0.8261847496032715
2006/10/21 0:00,0.826856,0.8255077004432678
2006/10/22 0:00,0.827369,0.8252623081207275
2006/10/23 0:00,0.833854,0.8248800039291382
2006/10/24 0:00,0.832258,0.8246355652809143
2006/10/25 0:00,0.828844,0.8246396780014038
2006/10/26 0:00,0.831843,0.8253059387207031
2006/10/27 0:00,0.831843,0.8248862028121948
2006/10/28 0:00,0.835143,0.8249051570892334
2006/10/29 0:00,0.834376,0.8248357772827148
2006/10/30 0:00,0.83956,0.8251237869262695
2006/10/31 0:00,0.842212,0.8248579502105713
2006/11/1 0:00,0.837311,0.8257527351379395
2006/11/2 0:00,0.836645,0.8261902332305908
2006/11/3 0:00,0.836645,0.8266213536262512
2006/11/4 0:00,0.839701,0.8267126083374023
2006/11/5 0:00,0.839137,0.8273378014564514
2006/11/6 0:00,0.841043,0.8272345066070557
2006/11/7 0:00,0.841008,0.8274239301681519
2006/11/8 0:00,0.834829,0.8275330066680908
2006/11/9 0:00,0.837135,0.8278001546859741
2006/11/10 0:00,0.837135,0.8272824883460999
2006/11/11 0:00,0.836645,0.8274304270744324
2006/11/12 0:00,0.839772,0.827703058719635
2006/11/13 0:00,0.842851,0.8279953598976135
2006/11/14 0:00,0.838891,0.8272616863250732
2006/11/15 0:00,0.837416,0.8270156979560852
2006/11/16 0:00,0.837276,0.8267292380332947
2006/11/17 0:00,0.837276,0.8272059559822083
2006/11/18 0:00,0.830875,0.8272202014923096
2006/11/19 0:00,0.837521,0.828020453453064
2006/11/20 0:00,0.831497,0.8276616930961609
2006/11/21 0:00,0.839137,0.827617347240448
2006/11/22 0:00,0.846776,0.8275279998779297
2006/11/23 0:00,0.845309,0.8276301026344299
2006/11/24 0:00,0.84513,0.8321508765220642
2006/11/25 0:00,0.845916,0.8319400548934937
2006/11/26 0:00,0.844309,0.8307688236236572
2006/11/27 0:00,0.842673,0.8311161398887634
2006/11/28 0:00,0.830392,0.8307143449783325
2006/11/29 0:00,0.835178,0.830877959728241
2006/11/30 0:00,0.836225,0.8300082683563232
2006/12/1 0:00,0.836225,0.8306759595870972
2006/12/2 0:00,0.8371,0.8303032517433167
2006/12/3 0:00,0.84207,0.8301848769187927
2006/12/4 0:00,0.840407,0.8298526406288147
2006/12/5 0:00,0.847099,0.8306655287742615
2006/12/6 0:00,0.84563,0.8303837180137634
2006/12/7 0:00,0.845166,0.8302850723266602
2006/12/8 0:00,0.844916,0.8300818204879761
2006/12/9 0:00,0.845309,0.8303035497665405
2006/12/10 0:00,0.848284,0.8298609256744385
2006/12/11 0:00,0.8364,0.8303585648536682
2006/12/12 0:00,0.834864,0.8300106525421143
2006/12/13 0:00,0.838223,0.830357015132904
2006/12/14 0:00,0.837977,0.8302379250526428
2006/12/15 0:00,0.837977,0.8307685256004333
2006/12/16 0:00,0.838399,0.8303971290588379
2006/12/17 0:00,0.8243,0.8310900926589966
2006/12/18 0:00,0.823316,0.8312577605247498
2006/12/19 0:00,0.828672,0.8314149975776672
2006/12/20 0:00,0.824606,0.8306819796562195
2006/12/21 0:00,0.825151,0.831169843673706
2006/12/22 0:00,0.822774,0.8314562439918518
2006/12/23 0:00,0.829738,0.8314313292503357
2006/12/24 0:00,0.830599,0.8304167985916138
2006/12/25 0:00,0.827096,0.8306311368942261
2006/12/26 0:00,0.819672,0.830233097076416
2006/12/27 0:00,0.821794,0.8298768997192383
2006/12/28 0:00,0.822064,0.8292973637580872
2006/12/29 0:00,0.825423,0.8302080035209656
2006/12/30 0:00,0.825219,0.8298767805099487
2006/12/31 0:00,0.825593,0.829708456993103
2007/1/1 0:00,0.822571,0.8292670845985413
2007/1/2 0:00,0.827198,0.8295906186103821
2007/1/3 0:00,0.827438,0.8294932842254639
2007/1/4 0:00,0.827438,0.8299424648284912
2007/1/5 0:00,0.825866,0.829997181892395
2007/1/6 0:00,0.823791,0.8303141593933105
2007/1/7 0:00,0.822571,0.830105185508728
2007/1/8 0:00,0.831878,0.8305571675300598
2007/1/9 0:00,0.83462,0.8302609324455261
2007/1/10 0:00,0.836225,0.831273078918457
2007/1/11 0:00,0.836225,0.8314589262008667
2007/1/12 0:00,0.83462,0.831853985786438
2007/1/13 0:00,0.837381,0.8312928676605225
2007/1/14 0:00,0.835981,0.8316268920898438
2007/1/15 0:00,0.836715,0.8319135308265686
2007/1/16 0:00,0.836225,0.8322349190711975
2007/1/17 0:00,0.837205,0.8317925930023193
2007/1/18 0:00,0.837205,0.8320325613021851
2007/1/19 0:00,0.838434,0.8317789435386658
2007/1/20 0:00,0.841999,0.8315907120704651
2007/1/21 0:00,0.843811,0.830786943435669
2007/1/22 0:00,0.838153,0.8312423825263977
2007/1/23 0:00,0.842957,0.8308606147766113
2007/1/24 0:00,0.840619,0.8304057121276855
2007/1/25 0:00,0.843064,0.8295139670372009
2007/1/26 0:00,0.845952,0.8294823169708252
2007/1/27 0:00,0.852115,0.8294745087623596
2007/1/28 0:00,0.856788,0.8294143676757812
2007/1/29 0:00,0.86326,0.8284153938293457
2007/1/30 0:00,0.858001,0.8287051916122437
2007/1/31 0:00,0.858922,0.828734815120697
2007/2/1 0:00,0.858848,0.8287801146507263
2007/2/2 0:00,0.845666,0.82801353931427
2007/2/3 0:00,0.850593,0.8282469511032104
2007/2/4 0:00,0.843917,0.827986478805542
2007/2/5 0:00,0.842495,0.8280048370361328
2007/2/6 0:00,0.843526,0.8283251523971558
2007/2/7 0:00,0.841928,0.8294042348861694
2007/2/8 0:00,0.841751,0.8290225267410278
2007/2/9 0:00,0.840795,0.8287877440452576
2007/2/10 0:00,0.840407,0.8288124799728394
2007/2/11 0:00,0.845988,0.8290339708328247
2007/2/12 0:00,0.852515,0.8286339640617371
2007/2/13 0:00,0.849005,0.8291822671890259
2007/2/14 0:00,0.847925,0.8290137648582458
2007/2/15 0:00,0.847925,0.8290222883224487
2007/2/16 0:00,0.856751,0.829102635383606
2007/2/17 0:00,0.856898,0.8297505378723145
2007/2/18 0:00,0.849618,0.8295858502388
2007/2/19 0:00,0.849654,0.8301606178283691
2007/2/20 0:00,0.853898,0.8305495381355286
2007/2/21 0:00,0.853279,0.8306267261505127
2007/2/22 0:00,0.853279,0.8295586705207825
2007/2/23 0:00,0.851644,0.8298125267028809
2007/2/24 0:00,0.845309,0.8303114175796509
2007/2/25 0:00,0.838785,0.8304706811904907
2007/2/26 0:00,0.843241,0.8297137022018433
2007/2/27 0:00,0.831221,0.8298134207725525
2007/2/28 0:00,0.830254,0.8296889066696167
2007/3/1 0:00,0.830254,0.8292819857597351
2007/3/2 0:00,0.823757,0.8290412425994873
2007/3/3 0:00,0.819706,0.8298073410987854
2007/3/4 0:00,0.821895,0.8292502164840698
2007/3/5 0:00,0.818398,0.8287116885185242
2007/3/6 0:00,0.807461,0.8285048604011536
2007/3/7 0:00,0.806354,0.8289603590965271
2007/3/8 0:00,0.806354,0.8287463188171387
2007/3/9 0:00,0.81626,0.8293284773826599
2007/3/10 0:00,0.817595,0.8295886516571045
2007/3/11 0:00,0.807657,0.8297960758209229
2007/3/12 0:00,0.814332,0.8294671177864075
2007/3/13 0:00,0.808309,0.829863965511322
2007/3/14 0:00,0.809848,0.8297488689422607
2007/3/15 0:00,0.809848,0.8302059769630432
2007/3/16 0:00,0.808407,0.8305027484893799
2007/3/17 0:00,0.809029,0.8308267593383789
2007/3/18 0:00,0.812381,0.8301928639411926
2007/3/19 0:00,0.808211,0.8303765058517456
2007/3/20 0:00,0.796242,0.8309524059295654
2007/3/21 0:00,0.810701,0.8314967751502991
2007/3/22 0:00,0.797416,0.8308848142623901
2007/3/23 0:00,0.793588,0.8307125568389893
2007/3/24 0:00,0.802343,0.8304786086082458
2007/3/25 0:00,0.787247,0.8306975960731506
2007/3/26 0:00,0.788768,0.8304327726364136
2007/3/27 0:00,0.788768,0.8312638401985168
2007/3/28 0:00,0.789858,0.8308446407318115
2007/3/29 0:00,0.785793,0.8303402662277222
2007/3/30 0:00,0.798244,0.8297815918922424
2007/3/31 0:00,0.804182,0.8297922611236572
2007/4/1 0:00,0.805445,0.8315063714981079
2007/4/2 0:00,0.805056,0.8312637805938721
2007/4/3 0:00,0.805056,0.8305375576019287
2007/4/4 0:00,0.799456,0.8305677175521851
2007/4/5 0:00,0.800833,0.8303595781326294
2007/4/6 0:00,0.804182,0.8302381038665771
2007/4/7 0:00,0.774054,0.8296136856079102
2007/4/8 0:00,0.775104,0.8295499086380005
2007/4/9 0:00,0.775795,0.8290255069732666
2007/4/10 0:00,0.773994,0.8289243578910828
2007/4/11 0:00,0.778665,0.8292536735534668
2007/4/12 0:00,0.778938,0.830041229724884
2007/4/13 0:00,0.773694,0.8299360871315002
2007/4/14 0:00,0.774353,0.829770565032959
2007/4/15 0:00,0.774353,0.829693078994751
2007/4/16 0:00,0.781158,0.8298154473304749
2007/4/17 0:00,0.774893,0.8296172618865967
2007/4/18 0:00,0.777091,0.8300350904464722
2007/4/19 0:00,0.784037,0.8296195864677429
2007/4/20 0:00,0.769675,0.829724133014679
2007/4/21 0:00,0.770951,0.8300517201423645
2007/4/22 0:00,0.770951,0.8304136395454407
2007/4/23 0:00,0.780183,0.8300631046295166
2007/4/24 0:00,0.786102,0.8303214907646179
2007/4/25 0:00,0.780457,0.8305425643920898
2007/4/26 0:00,0.779484,0.8306096196174622
2007/4/27 0:00,0.778119,0.8301404118537903
2007/4/28 0:00,0.777968,0.8306430578231812
2007/4/29 0:00,0.777968,0.8309928774833679
2007/4/30 0:00,0.780671,0.831043004989624
2007/5/1 0:00,0.788675,0.8307127356529236
2007/5/2 0:00,0.789952,0.8309655785560608
2007/5/3 0:00,0.790014,0.8307421803474426
2007/5/4 0:00,0.794092,0.8304057121276855
2007/5/5 0:00,0.793273,0.8303605318069458
2007/5/6 0:00,0.793273,0.830971360206604
2007/5/7 0:00,0.796432,0.8304376602172852
2007/5/8 0:00,0.799424,0.8298839926719666
2007/5/9 0:00,0.79186,0.8297163248062134
2007/5/10 0:00,0.807559,0.8300716876983643
2007/5/11 0:00,0.808375,0.8300333619117737
2007/5/12 0:00,0.808669,0.8305504322052002
2007/5/13 0:00,0.808669,0.8305028676986694
2007/5/14 0:00,0.801603,0.8306578993797302
2007/5/15 0:00,0.796972,0.8306843638420105
2007/5/16 0:00,0.796147,0.8309053182601929
2007/5/17 0:00,0.788208,0.8304067850112915
2007/5/18 0:00,0.784806,0.8304822444915771
2007/5/19 0:00,0.783331,0.8307766914367676
2007/5/20 0:00,0.783331,0.8311052322387695
2007/5/21 0:00,0.780122,0.830716073513031
2007/5/22 0:00,0.790701,0.8309330940246582
2007/5/23 0:00,0.796686,0.8312191963195801
2007/5/24 0:00,0.802858,0.831311821937561
2007/5/25 0:00,0.803859,0.83079594373703
2007/5/26 0:00,0.803859,0.8306693434715271
2007/5/27 0:00,0.803859,0.8302602767944336
2007/5/28 0:00,0.801507,0.830213189125061
2007/5/29 0:00,0.795355,0.8303118944168091
2007/5/30 0:00,0.803213,0.8313000202178955
2007/5/31 0:00,0.80694,0.8310583233833313
2007/6/1 0:00,0.809487,0.830583930015564
2007/6/2 0:00,0.810307,0.8303267359733582
2007/6/3 0:00,0.810143,0.8303782939910889
2007/6/4 0:00,0.807005,0.8322678208351135
2007/6/5 0:00,0.798085,0.832125186920166
2007/6/6 0:00,0.789484,0.8314154744148254
2007/6/7 0:00,0.784652,0.8315587043762207
2007/6/8 0:00,0.781403,0.8313384056091309
2007/6/9 0:00,0.780244,0.8312562704086304
2007/6/10 0:00,0.780244,0.8305689692497253
2007/6/11 0:00,0.784745,0.8306227922439575
2007/6/12 0:00,0.778847,0.8300268054008484
2007/6/13 0:00,0.779606,0.8300501704216003
2007/6/14 0:00,0.777333,0.8302332162857056
2007/6/15 0:00,0.773754,0.8309599161148071
2007/6/16 0:00,0.772618,0.8308231830596924
2007/6/17 0:00,0.772738,0.8305788040161133
2007/6/18 0:00,0.781036,0.8304547667503357
2007/6/19 0:00,0.778695,0.8306434154510498
2007/6/20 0:00,0.791014,0.8303758502006531
2007/6/21 0:00,0.788395,0.8306560516357422
2007/6/22 0:00,0.80016,0.830094575881958
2007/6/23 0:00,0.800064,0.8302585482597351
2007/6/24 0:00,0.800064,0.8306280374526978
2007/6/25 0:00,0.802633,0.831179141998291
2007/6/26 0:00,0.806647,0.8306847810745239
2007/6/27 0:00,0.808669,0.8308109045028687
2007/6/28 0:00,0.814465,0.8308948278427124
2007/6/29 0:00,0.814531,0.8310939073562622
2007/6/30 0:00,0.813041,0.8307172656059265
2007/7/1 0:00,0.813041,0.8313415050506592
2007/7/2 0:00,0.81716,0.8317555785179138
2007/7/3 0:00,0.824097,0.8318119049072266
2007/7/4 0:00,0.823825,0.8314622044563293
2007/7/5 0:00,0.835631,0.8317279815673828
2007/7/6 0:00,0.838574,0.8315287828445435
2007/7/7 0:00,0.83675,0.8313794732093811
2007/7/8 0:00,0.83675,0.8312867283821106
2007/7/9 0:00,0.837907,0.8318922519683838
2007/7/10 0:00,0.829153,0.831272542476654
2007/7/11 0:00,0.824844,0.8307278752326965
2007/7/12 0:00,0.827301,0.8305062651634216
2007/7/13 0:00,0.827404,0.8309841156005859
2007/7/14 0:00,0.827952,0.8309046626091003
2007/7/15 0:00,0.827849,0.8312143087387085
2007/7/16 0:00,0.831808,0.8309545516967773
2007/7/17 0:00,0.827198,0.8311101794242859
2007/7/18 0:00,0.82672,0.8312606811523438
2007/7/19 0:00,0.830082,0.8316161036491394
2007/7/20 0:00,0.832743,0.8310264348983765
2007/7/21 0:00,0.831635,0.8310933113098145
2007/7/22 0:00,0.831635,0.8314425349235535
2007/7/23 0:00,0.832952,0.8319559693336487
2007/7/24 0:00,0.829325,0.831606924533844
2007/7/25 0:00,0.828981,0.8319681882858276
2007/7/26 0:00,0.829256,0.8322290778160095
2007/7/27 0:00,0.832743,0.8324158787727356
2007/7/28 0:00,0.832258,0.8319562673568726
2007/7/29 0:00,0.832258,0.8319282531738281
2007/7/30 0:00,0.83661,0.8316555619239807
2007/7/31 0:00,0.836645,0.8317497968673706
2007/8/1 0:00,0.841468,0.8318882584571838
2007/8/2 0:00,0.850847,0.8327975869178772
2007/8/3 0:00,0.849545,0.8325706720352173
2007/8/4 0:00,0.850232,0.8320775032043457
2007/8/5 0:00,0.850232,0.8316723108291626
2007/8/6 0:00,0.846704,0.8317312002182007
2007/8/7 0:00,0.851716,0.8322706818580627
2007/8/8 0:00,0.838188,0.8323699831962585
2007/8/9 0:00,0.834934,0.8318437337875366
2007/8/10 0:00,0.828157,0.831932783126831
2007/8/11 0:00,0.827952,0.8317946195602417
2007/8/12 0:00,0.827952,0.8317155838012695
2007/8/13 0:00,0.82905,0.8312342762947083
2007/8/14 0:00,0.824674,0.8312585353851318
2007/8/15 0:00,0.825866,0.8306032419204712
2007/8/16 0:00,0.82631,0.8303482532501221
2007/8/17 0:00,0.822842,0.8302941918373108
2007/8/18 0:00,0.826856,0.8310546875
2007/8/19 0:00,0.826856,0.8310537338256836
2007/8/20 0:00,0.828363,0.8311378359794617
2007/8/21 0:00,0.830151,0.8308485150337219
2007/8/22 0:00,0.838504,0.8310576677322388
2007/8/23 0:00,0.833959,0.8309342265129089
2007/8/24 0:00,0.825014,0.8312557339668274
2007/8/25 0:00,0.825287,0.8307182192802429
2007/8/26 0:00,0.824742,0.8308901190757751
2007/8/27 0:00,0.823418,0.8312804698944092
2007/8/28 0:00,0.821963,0.8315303325653076
2007/8/29 0:00,0.825968,0.8308923244476318
2007/8/30 0:00,0.827952,0.831245481967926
2007/8/31 0:00,0.832466,0.831457257270813
2007/9/1 0:00,0.832952,0.8317620754241943
2007/9/2 0:00,0.834272,0.8313748240470886
2007/9/3 0:00,0.83689,0.8320809602737427
2007/9/4 0:00,0.83375,0.8322687149047852
2007/9/5 0:00,0.829703,0.832345724105835
2007/9/6 0:00,0.820883,0.8320159316062927
2007/9/7 0:00,0.816593,0.8322789072990417
2007/9/8 0:00,0.819538,0.8318544626235962
2007/9/9 0:00,0.819538,0.8314023017883301
2007/9/10 0:00,0.818599,0.831330418586731
2007/9/11 0:00,0.819236,0.8319304585456848
2007/9/12 0:00,0.813074,0.8315751552581787
2007/9/13 0:00,0.811754,0.8310863375663757
2007/9/14 0:00,0.815328,0.8306133151054382
2007/9/15 0:00,0.813041,0.8310163021087646
2007/9/16 0:00,0.813041,0.8309779763221741
2007/9/17 0:00,0.818297,0.831506073474884
2007/9/18 0:00,0.82464,0.8311665058135986
2007/9/19 0:00,0.817261,0.8314210772514343
2007/9/20 0:00,0.820647,0.8314740061759949
2007/9/21 0:00,0.827335,0.8314823508262634
2007/9/22 0:00,0.828466,0.8306228518486023
2007/9/23 0:00,0.828466,0.8305356502532959
2007/9/24 0:00,0.826856,0.8308777809143066
2007/9/25 0:00,0.831843,0.8311725854873657
2007/9/26 0:00,0.82247,0.8307956457138062
2007/9/27 0:00,0.823452,0.8310412764549255
2007/9/28 0:00,0.8259,0.8311184048652649
2007/9/29 0:00,0.826754,0.8312631249427795
2007/9/30 0:00,0.826754,0.830776572227478
2007/10/1 0:00,0.826549,0.8309606313705444
2007/10/2 0:00,0.824606,0.8303288817405701
2007/10/3 0:00,0.822538,0.8302428722381592
2007/10/4 0:00,0.817461,0.8302173018455505
2007/10/5 0:00,0.821355,0.8310675621032715
2007/10/6 0:00,0.820951,0.8308850526809692
2007/10/7 0:00,0.820951,0.8302622437477112
2007/10/8 0:00,0.82122,0.829844057559967
2007/10/9 0:00,0.818565,0.8295801877975464
2007/10/10 0:00,0.818331,0.832767903804779
2007/10/11 0:00,0.81576,0.8327099084854126
2007/10/12 0:00,0.81813,0.8320986032485962
2007/10/13 0:00,0.814764,0.8322330713272095
2007/10/14 0:00,0.814764,0.8319991827011108
2007/10/15 0:00,0.821288,0.8319606781005859
2007/10/16 0:00,0.823249,0.8312828540802002
2007/10/17 0:00,0.822233,0.8312008380889893
2007/10/18 0:00,0.820244,0.8303219676017761
2007/10/19 0:00,0.829531,0.8301098942756653
2007/10/20 0:00,0.827438,0.8300415873527527
2007/10/21 0:00,0.827438,0.83073490858078
2007/10/22 0:00,0.828535,0.8305360078811646
2007/10/23 0:00,0.828432,0.8305023908615112
2007/10/24 0:00,0.828569,0.8303924202919006
2007/10/25 0:00,0.825014,0.8306754231452942
2007/10/26 0:00,0.828706,0.8304895758628845
2007/10/27 0:00,0.830461,0.8309023380279541
2007/10/28 0:00,0.830461,0.8302832841873169
2007/10/29 0:00,0.83605,0.83037269115448
2007/10/30 0:00,0.839208,0.830693244934082
2007/10/31 0:00,0.834794,0.8310638070106506
2007/11/1 0:00,0.832154,0.8302620053291321
2007/11/2 0:00,0.826276,0.8305189609527588
2007/11/3 0:00,0.825934,0.8306117057800293
2007/11/4 0:00,0.825934,0.8309517502784729
2007/11/5 0:00,0.826241,0.830656111240387
2007/11/6 0:00,0.831635,0.8313879370689392
2007/11/7 0:00,0.830979,0.8316513299942017
2007/11/8 0:00,0.832154,0.8317879438400269
2007/11/9 0:00,0.824844,0.8313249349594116
2007/11/10 0:00,0.821355,0.8313477039337158
2007/11/11 0:00,0.821355,0.8308166265487671
2007/11/12 0:00,0.823486,0.8304580450057983
2007/11/13 0:00,0.825355,0.8303690552711487
2007/11/14 0:00,0.827609,0.8310750722885132
2007/11/15 0:00,0.814034,0.8305333256721497
2007/11/16 0:00,0.808931,0.8300958871841431
2007/11/17 0:00,0.808669,0.8298951983451843
2007/11/18 0:00,0.808669,0.8304711580276489
2007/11/19 0:00,0.810931,0.8302810192108154
2007/11/20 0:00,0.819336,0.8306509852409363
2007/11/21 0:00,0.820378,0.830162525177002
2007/11/22 0:00,0.82713,0.8301804661750793
2007/11/23 0:00,0.828054,0.8301935195922852
2007/11/24 0:00,0.829635,0.8302692174911499
2007/11/25 0:00,0.829635,0.8293144702911377
2007/11/26 0:00,0.827438,0.8292843699455261
2007/11/27 0:00,0.833681,0.8295982480049133
2007/11/28 0:00,0.831739,0.8300341367721558
2007/11/29 0:00,0.83375,0.8295785188674927
2007/11/30 0:00,0.836575,0.8297864198684692
2007/12/1 0:00,0.836925,0.8298068642616272
2007/12/2 0:00,0.836925,0.8300418257713318
2007/12/3 0:00,0.83605,0.8294574022293091
2007/12/4 0:00,0.830806,0.8293852806091309
2007/12/5 0:00,0.83091,0.828811764717102
2007/12/6 0:00,0.828603,0.8287461400032043
2007/12/7 0:00,0.82802,0.8287932276725769
2007/12/8 0:00,0.828157,0.8297040462493896
2007/12/9 0:00,0.828157,0.8294118642807007
2007/12/10 0:00,0.83382,0.8287830948829651
2007/12/11 0:00,0.833542,0.8284846544265747
2007/12/12 0:00,0.829256,0.828477144241333
2007/12/13 0:00,0.837661,0.8283268809318542
2007/12/14 0:00,0.838926,0.8283348083496094
2007/12/15 0:00,0.838328,0.8279091119766235
2007/12/16 0:00,0.838328,0.8281802535057068
2007/12/17 0:00,0.836575,0.8281990885734558
2007/12/18 0:00,0.837802,0.8283616304397583
2007/12/19 0:00,0.841928,0.8281342387199402
2007/12/20 0:00,0.848644,0.8282811641693115
2007/12/21 0:00,0.845666,0.8277115225791931
2007/12/22 0:00,0.846848,0.8275610208511353
2007/12/23 0:00,0.846848,0.8276189565658569
2007/12/24 0:00,0.84631,0.8282074332237244
2007/12/25 0:00,0.847889,0.8281715512275696
2007/12/26 0:00,0.848896,0.8280220627784729
2007/12/27 0:00,0.856678,0.8277891874313354
2007/12/28 0:00,0.853825,0.8280587792396545
2007/12/29 0:00,0.854664,0.8278480768203735
2007/12/30 0:00,0.854664,0.8282098174095154
2007/12/31 0:00,0.857412,0.8280527591705322
2008/1/1 0:00,0.863558,0.8284200429916382
2008/1/2 0:00,0.86285,0.8286414742469788
2008/1/3 0:00,0.854372,0.828886091709137
2008/1/4 0:00,0.854701,0.8283571600914001
2008/1/5 0:00,0.853643,0.8287514448165894
2008/1/6 0:00,0.853643,0.828944206237793
2008/1/7 0:00,0.854117,0.8289604187011719
2008/1/8 0:00,0.856091,0.8286826610565186
2008/1/9 0:00,0.860067,0.8294479846954346
2008/1/10 0:00,0.86734,0.8297954797744751
2008/1/11 0:00,0.865202,0.8299815058708191
2008/1/12 0:00,0.866138,0.8297219276428223
2008/1/13 0:00,0.866138,0.8298285007476807
2008/1/14 0:00,0.867528,0.8291114568710327
2008/1/15 0:00,0.865576,0.8287518620491028
2008/1/16 0:00,0.855688,0.8286721706390381
2008/1/17 0:00,0.853752,0.829285740852356
2008/1/18 0:00,0.857927,0.8288282752037048
2008/1/19 0:00,0.859956,0.8282579183578491
2008/1/20 0:00,0.859956,0.8278867602348328
2008/1/21 0:00,0.859734,0.8282695412635803
2008/1/22 0:00,0.867453,0.8281600475311279
2008/1/23 0:00,0.865164,0.8284376263618469
2008/1/24 0:00,0.869679,0.8283912539482117
2008/1/25 0:00,0.868093,0.8286828398704529
2008/1/26 0:00,0.86915,0.8284473419189453
2008/1/27 0:00,0.86915,0.8283120393753052
2008/1/28 0:00,0.867679,0.8274660706520081
2008/1/29 0:00,0.863819,0.8276290893554688
2008/1/30 0:00,0.861772,0.8280469179153442
2008/1/31 0:00,0.857817,0.8283210396766663
2008/2/1 0:00,0.857412,0.8280486464500427
2008/2/2 0:00,0.857155,0.8283988237380981
2008/2/3 0:00,0.857155,0.8285672068595886
2008/2/4 0:00,0.855761,0.8287256360054016
2008/2/5 0:00,0.859919,0.8284940719604492
2008/2/6 0:00,0.858222,0.8284874558448792
2008/2/7 0:00,0.856311,0.8276596069335938
2008/2/8 0:00,0.858222,0.8274683952331543
2008/2/9 0:00,0.857596,0.8274092078208923
2008/2/10 0:00,0.857964,0.8281589150428772
2008/2/11 0:00,0.85317,0.827991247177124
2008/2/12 0:00,0.855542,0.8275928497314453
2008/2/13 0:00,0.860919,0.8274122476577759
2008/2/14 0:00,0.862664,0.8274588584899902
2008/2/15 0:00,0.866664,0.8287143111228943
2008/2/16 0:00,0.866439,0.8287644982337952
2008/2/17 0:00,0.866852,0.8285067677497864
2008/2/18 0:00,0.868357,0.82886803150177
2008/2/19 0:00,0.876501,0.8287445902824402
2008/2/20 0:00,0.867754,0.828809380531311
2008/2/21 0:00,0.865202,0.8284938335418701
2008/2/22 0:00,0.861289,0.8287346959114075
2008/2/23 0:00,0.861364,0.8281923532485962
2008/2/24 0:00,0.861364,0.8280750513076782
2008/2/25 0:00,0.86218,0.8279978036880493
2008/2/26 0:00,0.863558,0.8284292817115784
2008/2/27 0:00,0.866889,0.8283913135528564
2008/2/28 0:00,0.863894,0.8283620476722717
2008/2/29 0:00,0.863371,0.828303873538971
2008/3/1 0:00,0.862589,0.8286045789718628
2008/3/2 0:00,0.862776,0.8639214038848877
2008/3/3 0:00,0.863036,0.8641249537467957
2008/3/4 0:00,0.856348,0.8635785579681396
2008/3/5 0:00,0.855103,0.8634063601493835
2008/3/6 0:00,0.855578,0.8631534576416016
2008/3/7 0:00,0.855066,0.8630932569503784
2008/3/8 0:00,0.85492,0.8628426790237427
2008/3/9 0:00,0.854153,0.8626648783683777
2008/3/10 0:00,0.855359,0.8624701499938965
2008/3/11 0:00,0.853352,0.8622761964797974
2008/3/12 0:00,0.848608,0.8625218868255615
2008/3/13 0:00,0.846024,0.8629759550094604
2008/3/14 0:00,0.849329,0.8631018996238708
2008/3/15 0:00,0.849618,0.8629621267318726
2008/3/16 0:00,0.849618,0.8628816604614258
2008/3/17 0:00,0.845059,0.8632977604866028
2008/3/18 0:00,0.842637,0.8631231188774109
2008/3/19 0:00,0.841361,0.8632760047912598
2008/3/20 0:00,0.850557,0.8629597425460815
2008/3/21 0:00,0.850123,0.8628320097923279
2008/3/22 0:00,0.850051,0.8625701665878296
2008/3/23 0:00,0.850051,0.8626480102539062
2008/3/24 0:00,0.84886,0.862382173538208
2008/3/25 0:00,0.8511,0.8620660901069641
2008/3/26 0:00,0.855871,0.8623548746109009
2008/3/27 0:00,0.867905,0.8627628684043884
2008/3/28 0:00,0.866476,0.8627146482467651
2008/3/29 0:00,0.866363,0.8629235029220581
2008/3/30 0:00,0.866363,0.8631864190101624
2008/3/31 0:00,0.867227,0.8635179996490479
2008/4/1 0:00,0.865014,0.8635321855545044
2008/4/2 0:00,0.868432,0.8634989857673645
2008/4/3 0:00,0.870777,0.8632524013519287
2008/4/4 0:00,0.869641,0.8632777333259583
2008/4/5 0:00,0.869754,0.8631823062896729
2008/4/6 0:00,0.869754,0.8635913133621216
2008/4/7 0:00,0.87108,0.8637588024139404
2008/4/8 0:00,0.868697,0.863381028175354
2008/4/9 0:00,0.873248,0.8631021976470947
2008/4/10 0:00,0.876962,0.8631608486175537
2008/4/11 0:00,0.87677,0.8630863428115845
2008/4/12 0:00,0.877732,0.8632763624191284
2008/4/13 0:00,0.877732,0.863114058971405
2008/4/14 0:00,0.875197,0.8633339405059814
2008/4/15 0:00,0.878002,0.863099992275238
2008/4/16 0:00,0.876539,0.8633216023445129
2008/4/17 0:00,0.875388,0.8627210855484009
2008/4/18 0:00,0.874317,0.862740695476532
2008/4/19 0:00,0.873935,0.8630601167678833
2008/4/20 0:00,0.873935,0.8635095953941345
2008/4/21 0:00,0.876463,0.8633955717086792
2008/4/22 0:00,0.879121,0.8629851341247559
2008/4/23 0:00,0.880049,0.86273193359375
2008/4/24 0:00,0.882379,0.8623626232147217
2008/4/25 0:00,0.881057,0.8621553182601929
2008/4/26 0:00,0.881057,0.8619504570960999
2008/4/27 0:00,0.881057,0.8616322875022888
2008/4/28 0:00,0.879701,0.8626031875610352
2008/4/29 0:00,0.876463,0.8627913594245911
2008/4/30 0:00,0.870928,0.863720715045929
2008/5/1 0:00,0.869981,0.863601803779602
2008/5/2 0:00,0.868923,0.8636102676391602
2008/5/3 0:00,0.868998,0.8631904721260071
2008/5/4 0:00,0.869943,0.8629496693611145
2008/5/5 0:00,0.868998,0.8648003339767456
2008/5/6 0:00,0.866401,0.8650617599487305
2008/5/7 0:00,0.868583,0.8646678924560547
2008/5/8 0:00,0.858406,0.8646363615989685
2008/5/9 0:00,0.855139,0.8641461133956909
2008/5/10 0:00,0.855322,0.8640338778495789
2008/5/11 0:00,0.855322,0.8635926246643066
2008/5/12 0:00,0.854847,0.8636441230773926
2008/5/13 0:00,0.850376,0.8632681965827942
2008/5/14 0:00,0.84832,0.8631526231765747
2008/5/15 0:00,0.849473,0.8633406162261963
2008/5/16 0:00,0.851209,0.863926112651825
2008/5/17 0:00,0.851825,0.8639329671859741
2008/5/18 0:00,0.851825,0.863707959651947
2008/5/19 0:00,0.852551,0.8636761903762817
2008/5/20 0:00,0.846059,0.8640410900115967
2008/5/21 0:00,0.847458,0.8637223243713379
2008/5/22 0:00,0.84832,0.8638346195220947
2008/5/23 0:00,0.846883,0.863348662853241
2008/5/24 0:00,0.846167,0.8632863759994507
2008/5/25 0:00,0.846274,0.8629620671272278
2008/5/26 0:00,0.845845,0.8632770776748657
2008/5/27 0:00,0.843668,0.8629085421562195
2008/5/28 0:00,0.846131,0.8625292778015137
2008/5/29 0:00,0.848284,0.8625234961509705
2008/5/30 0:00,0.848644,0.8630830645561218
2008/5/31 0:00,0.849401,0.8631470203399658
2008/6/1 0:00,0.848572,0.8634601831436157
2008/6/2 0:00,0.847673,0.8636242151260376
2008/6/3 0:00,0.843028,0.863734245300293
2008/6/4 0:00,0.840654,0.8636176586151123
2008/6/5 0:00,0.84076,0.8636959791183472
2008/6/6 0:00,0.840089,0.8634507656097412
2008/6/7 0:00,0.840937,0.8634602427482605
2008/6/8 0:00,0.835003,0.8632832169532776
2008/6/9 0:00,0.83257,0.8638312816619873
2008/6/10 0:00,0.83724,0.8639074563980103
2008/6/11 0:00,0.837556,0.8636733293533325
2008/6/12 0:00,0.836155,0.8635311722755432
2008/6/13 0:00,0.836225,0.863845705986023
2008/6/14 0:00,0.836225,0.8638049960136414
2008/6/15 0:00,0.838047,0.8639501929283142
2008/6/16 0:00,0.831255,0.8635464906692505
2008/6/17 0:00,0.831947,0.8635715246200562
2008/6/18 0:00,0.830944,0.8633041381835938
2008/6/19 0:00,0.832709,0.8635391592979431
2008/6/20 0:00,0.832917,0.8628705143928528
2008/6/21 0:00,0.827575,0.8628989458084106
2008/6/22 0:00,0.823282,0.8630601763725281
2008/6/23 0:00,0.823995,0.8637605905532837
2008/6/24 0:00,0.817862,0.8638129234313965
2008/6/25 0:00,0.815508,0.8636820316314697
2008/6/26 0:00,0.815508,0.8633712530136108
2008/6/27 0:00,0.816395,0.8630854487419128
2008/6/28 0:00,0.820105,0.8628563284873962
2008/6/29 0:00,0.820105,0.8628565669059753
2008/6/30 0:00,0.815694,0.8626269698143005
2008/7/1 0:00,0.813438,0.8634598851203918
2008/7/2 0:00,0.813008,0.8635867834091187
2008/7/3 0:00,0.812942,0.8644495606422424
2008/7/4 0:00,0.812942,0.8642440438270569
2008/7/5 0:00,0.811359,0.8641812801361084
2008/7/6 0:00,0.806452,0.8636824488639832
2008/7/7 0:00,0.793556,0.8636801838874817
2008/7/8 0:00,0.787092,0.8640589118003845
2008/7/9 0:00,0.786658,0.864154577255249
2008/7/10 0:00,0.786751,0.8641183972358704
2008/7/11 0:00,0.777273,0.8644626140594482
2008/7/12 0:00,0.779029,0.8643802404403687
2008/7/13 0:00,0.779849,0.8645212054252625
2008/7/14 0:00,0.777015,0.8644420504570007
2008/7/15 0:00,0.777015,0.8643993735313416
2008/7/16 0:00,0.777015,0.8638789057731628
2008/7/17 0:00,0.77984,0.863758385181427
2008/7/18 0:00,0.784625,0.8639331459999084
2008/7/19 0:00,0.784625,0.8643399477005005
2008/7/20 0:00,0.780762,0.8643128275871277
2008/7/21 0:00,0.785793,0.8643893003463745
2008/7/22 0:00,0.784375,0.8644751310348511
2008/7/23 0:00,0.781739,0.8647490739822388
2008/7/24 0:00,0.781739,0.8646504282951355
2008/7/25 0:00,0.786875,0.8650909066200256
2008/7/26 0:00,0.785731,0.8648682832717896
2008/7/27 0:00,0.797194,0.86468905210495
2008/7/28 0:00,0.795862,0.8645418882369995
2008/7/29 0:00,0.793179,0.8646754026412964
2008/7/30 0:00,0.792142,0.8642797470092773
2008/7/31 0:00,0.792142,0.8643589615821838
2008/8/1 0:00,0.797099,0.864503026008606
2008/8/2 0:00,0.79713,0.8646838068962097
2008/8/3 0:00,0.794218,0.8645663261413574
2008/8/4 0:00,0.782228,0.864995539188385
2008/8/5 0:00,0.785268,0.8651397228240967
2008/8/6 0:00,0.785546,0.8651000261306763
2008/8/7 0:00,0.785546,0.8651259541511536
2008/8/8 0:00,0.790202,0.8652544021606445
2008/8/9 0:00,0.792739,0.8648521900177002
2008/8/10 0:00,0.795071,0.8647129535675049
2008/8/11 0:00,0.784806,0.8647538423538208
2008/8/12 0:00,0.779302,0.8653046488761902
2008/8/13 0:00,0.779089,0.8651651740074158
2008/8/14 0:00,0.779089,0.8650578856468201
2008/8/15 0:00,0.772947,0.8650118112564087
2008/8/16 0:00,0.777454,0.8652464151382446
2008/8/17 0:00,0.772738,0.8651584386825562
2008/8/18 0:00,0.771873,0.8656657934188843
2008/8/19 0:00,0.773545,0.8657079935073853
2008/8/20 0:00,0.775164,0.865503191947937
2008/8/21 0:00,0.775164,0.8652414083480835
2008/8/22 0:00,0.776669,0.8653597831726074
2008/8/23 0:00,0.780244,0.8648437261581421
2008/8/24 0:00,0.789733,0.8649359941482544
2008/8/25 0:00,0.789983,0.8653154373168945
2008/8/26 0:00,0.790576,0.8658171892166138
2008/8/27 0:00,0.790952,0.8656752705574036
2008/8/28 0:00,0.790952,0.8657991886138916
2008/8/29 0:00,0.793714,0.8656578063964844
2008/8/30 0:00,0.793934,0.8655427098274231
2008/8/31 0:00,0.785947,0.8654431104660034
2008/9/1 0:00,0.785268,0.8655046820640564
2008/9/2 0:00,0.788364,0.8650649785995483
2008/9/3 0:00,0.788457,0.8654385209083557
2008/9/4 0:00,0.788457,0.8656919002532959
2008/9/5 0:00,0.786133,0.8666288256645203
2008/9/6 0:00,0.78064,0.866603672504425
2008/9/7 0:00,0.788022,0.8666743636131287
2008/9/8 0:00,0.786565,0.8666189312934875
2008/9/9 0:00,0.784037,0.866631805896759
2008/9/10 0:00,0.784314,0.864879310131073
2008/9/11 0:00,0.784314,0.8649246692657471
2008/9/12 0:00,0.789141,0.864859938621521
2008/9/13 0:00,0.779757,0.865200400352478
2008/9/14 0:00,0.777726,0.8651479482650757
2008/9/15 0:00,0.781158,0.865373432636261
2008/9/16 0:00,0.771933,0.8652514815330505
2008/9/17 0:00,0.771159,0.8651746511459351
2008/9/18 0:00,0.771159,0.8645575642585754
2008/9/19 0:00,0.766342,0.8646080493927002
2008/9/20 0:00,0.772022,0.8648416996002197
2008/9/21 0:00,0.771099,0.8652084469795227
2008/9/22 0:00,0.780244,0.8651762008666992
2008/9/23 0:00,0.778059,0.8652166128158569
2008/9/24 0:00,0.777756,0.865331768989563
2008/9/25 0:00,0.777756,0.865583598613739
2008/9/26 0:00,0.774863,0.8654773831367493
2008/9/27 0:00,0.778816,0.8659016489982605
2008/9/28 0:00,0.772648,0.8656425476074219
2008/9/29 0:00,0.775314,0.8654963374137878
2008/9/30 0:00,0.774653,0.865414559841156
2008/10/1 0:00,0.774803,0.8657242655754089
2008/10/2 0:00,0.774803,0.8652752041816711
2008/10/3 0:00,0.773904,0.865301251411438
2008/10/4 0:00,0.77104,0.8654371500015259
2008/10/5 0:00,0.771873,0.8657097816467285
2008/10/6 0:00,0.772917,0.8656021356582642
2008/10/7 0:00,0.775976,0.8660237193107605
2008/10/8 0:00,0.772857,0.8662598729133606
2008/10/9 0:00,0.772857,0.8663256168365479
2008/10/10 0:00,0.778998,0.866338849067688
2008/10/11 0:00,0.784468,0.8663422465324402
2008/10/12 0:00,0.769882,0.865930438041687
2008/10/13 0:00,0.769882,0.8660202622413635
2008/10/14 0:00,0.770268,0.8661725521087646
2008/10/15 0:00,0.779545,0.8667584657669067
2008/10/16 0:00,0.772529,0.8665527701377869
2008/10/17 0:00,0.782656,0.8665234446525574
2008/10/18 0:00,0.783147,0.8664993643760681
2008/10/19 0:00,0.783392,0.8667513132095337
2008/10/20 0:00,0.783392,0.866621196269989
2008/10/21 0:00,0.777122,0.8670352101325989
2008/10/22 0:00,0.773365,0.8670154213905334
2008/10/23 0:00,0.774114,0.8667985200881958
2008/10/24 0:00,0.778907,0.8666874170303345
2008/10/25 0:00,0.777847,0.8669482469558716
2008/10/26 0:00,0.77915,0.8663696646690369
2008/10/27 0:00,0.77915,0.8663487434387207
2008/10/28 0:00,0.777393,0.8666761517524719
2008/10/29 0:00,0.769349,0.8672192692756653
2008/10/30 0:00,0.757146,0.8669653534889221
2008/10/31 0:00,0.755687,0.8670812249183655
2008/11/1 0:00,0.7473,0.8669662475585938
2008/11/2 0:00,0.745684,0.8670338988304138
2008/11/3 0:00,0.745684,0.8669694662094116
2008/11/4 0:00,0.742363,0.866960883140564
2008/11/5 0:00,0.746018,0.8665733933448792
2008/11/6 0:00,0.745796,0.8670998215675354
2008/11/7 0:00,0.725716,0.86748206615448
2008/11/8 0:00,0.724743,0.8683652877807617
2008/11/9 0:00,0.726137,0.8683288097381592
2008/11/10 0:00,0.726137,0.8683925271034241
2008/11/11 0:00,0.729341,0.8682391047477722
2008/11/12 0:00,0.729341,0.868191123008728
2008/11/13 0:00,0.737246,0.8735599517822266
2008/11/14 0:00,0.738253,0.8734392523765564
2008/11/15 0:00,0.736947,0.872848391532898
2008/11/16 0:00,0.736675,0.8731799721717834
2008/11/17 0:00,0.736675,0.8730046153068542
2008/11/18 0:00,0.741482,0.8736171722412109
2008/11/19 0:00,0.741043,0.8729884624481201
2008/11/20 0:00,0.737708,0.8730101585388184
2008/11/21 0:00,0.74744,0.8723829984664917
2008/11/22 0:00,0.746687,0.8724867701530457
2008/11/23 0:00,0.745601,0.8722439408302307
2008/11/24 0:00,0.745573,0.8725428581237793
2008/11/25 0:00,0.750694,0.8722624778747559
2008/11/26 0:00,0.752049,0.8723520040512085
2008/11/27 0:00,0.75253,0.8723644018173218
2008/11/28 0:00,0.754233,0.872550368309021
2008/11/29 0:00,0.75304,0.8721915483474731
2008/11/30 0:00,0.752474,0.8727502822875977
2008/12/1 0:00,0.752474,0.8725533485412598
2008/12/2 0:00,0.754489,0.8727296590805054
2008/12/3 0:00,0.746659,0.8724190592765808
2008/12/4 0:00,0.754432,0.8727144002914429
2008/12/5 0:00,0.755316,0.872473418712616
2008/12/6 0:00,0.755601,0.8731631636619568
2008/12/7 0:00,0.756086,0.87335604429245
2008/12/8 0:00,0.756086,0.8735653162002563
2008/12/9 0:00,0.752049,0.8731144070625305
2008/12/10 0:00,0.756888,0.873253345489502
2008/12/11 0:00,0.758208,0.8734142184257507
2008/12/12 0:00,0.746352,0.8737393021583557
2008/12/13 0:00,0.737137,0.8732144832611084
2008/12/14 0:00,0.736241,0.8731911182403564
2008/12/15 0:00,0.736241,0.8728832602500916
2008/12/16 0:00,0.736675,0.8731366991996765
2008/12/17 0:00,0.726296,0.8728435039520264
2008/12/18 0:00,0.721501,0.8733521103858948
2008/12/19 0:00,0.738062,0.8729048371315002
2008/12/20 0:00,0.732789,0.8730545043945312
2008/12/21 0:00,0.734835,0.8730015754699707
2008/12/22 0:00,0.734835,0.8730825185775757
2008/12/23 0:00,0.739946,0.8727179765701294
2008/12/24 0:00,0.731368,0.8729947209358215
2008/12/25 0:00,0.737599,0.872989296913147
2008/12/26 0:00,0.738716,0.8730824589729309
2008/12/27 0:00,0.757031,0.8728456497192383
2008/12/28 0:00,0.756659,0.8731355667114258
2008/12/29 0:00,0.756659,0.8727753162384033
2008/12/30 0:00,0.763271,0.8735507130622864
2008/12/31 0:00,0.763592,0.8736940026283264
2009/1/1 0:00,0.76147,0.873993456363678
2009/1/2 0:00,0.758898,0.873468816280365
2009/1/3 0:00,0.757203,0.8734583258628845
2009/1/4 0:00,0.756659,0.8735697269439697
2009/1/5 0:00,0.756659,0.8740760087966919
2009/1/6 0:00,0.751625,0.8739933967590332
2009/1/7 0:00,0.747524,0.873989462852478
2009/1/8 0:00,0.74744,0.8737612962722778
2009/1/9 0:00,0.748503,0.8741351962089539
2009/1/10 0:00,0.759619,0.8740560412406921
2009/1/11 0:00,0.759157,0.8747126460075378
2009/1/12 0:00,0.759157,0.87458336353302
2009/1/13 0:00,0.758236,0.8751124739646912
2009/1/14 0:00,0.750948,0.8751677870750427
2009/1/15 0:00,0.75663,0.8752833604812622
2009/1/16 0:00,0.755059,0.8696469068527222
2009/1/17 0:00,0.753665,0.8695629835128784
2009/1/18 0:00,0.753324,0.8690745830535889
2009/1/19 0:00,0.753324,0.8692154884338379
2009/1/20 0:00,0.744048,0.8692519664764404
2009/1/21 0:00,0.752842,0.8696616888046265
2009/1/22 0:00,0.75933,0.8690968751907349
2009/1/23 0:00,0.767872,0.8687870502471924
2009/1/24 0:00,0.768433,0.8682137131690979
2009/1/25 0:00,0.768344,0.8684316873550415
2009/1/26 0:00,0.768344,0.8687164187431335
2009/1/27 0:00,0.764614,0.8691693544387817
2009/1/28 0:00,0.767902,0.8688609600067139
2009/1/29 0:00,0.76743,0.8688338994979858
2009/1/30 0:00,0.758581,0.8688533902168274
2009/1/31 0:00,0.759561,0.8689483404159546
2009/2/1 0:00,0.760109,0.868821918964386
2009/2/2 0:00,0.760109,0.8694093227386475
2009/2/3 0:00,0.764526,0.8692848086357117
2009/2/4 0:00,0.772768,0.8692308664321899
2009/2/5 0:00,0.773575,0.8691260814666748
2009/2/6 0:00,0.761934,0.8695288300514221
2009/2/7 0:00,0.752984,0.8694114089012146
2009/2/8 0:00,0.754148,0.8699558973312378
2009/2/9 0:00,0.754148,0.8702878952026367
2009/2/10 0:00,0.753324,0.8704519271850586
2009/2/11 0:00,0.756544,0.8698497414588928
2009/2/12 0:00,0.750554,0.8699444532394409
2009/2/13 0:00,0.744352,0.8702473044395447
2009/2/14 0:00,0.749457,0.8705663681030273
2009/2/15 0:00,0.749092,0.8701490759849548
2009/2/16 0:00,0.749092,0.869840145111084
2009/2/17 0:00,0.735727,0.8694620728492737
2009/2/18 0:00,0.73654,0.8695679903030396
2009/2/19 0:00,0.747915,0.8697175979614258
2009/2/20 0:00,0.749541,0.870234489440918
2009/2/21 0:00,0.748447,0.8697289228439331
2009/2/22 0:00,0.74744,0.8696596622467041
2009/2/23 0:00,0.74744,0.8694994449615479
2009/2/24 0:00,0.737599,0.8695715665817261
2009/2/25 0:00,0.734322,0.8693121075630188
2009/2/26 0:00,0.7303,0.8697683215141296
2009/2/27 0:00,0.732064,0.8699350953102112
2009/2/28 0:00,0.730327,0.8700042366981506
2009/3/1 0:00,0.731208,0.8698837161064148
2009/3/2 0:00,0.731208,0.8701777458190918
2009/3/3 0:00,0.731449,0.8699001669883728
2009/3/4 0:00,0.723563,0.8701039552688599
2009/3/5 0:00,0.722752,0.8702507019042969
2009/3/6 0:00,0.716589,0.8705305457115173
2009/3/7 0:00,0.710682,0.8699584603309631
2009/3/8 0:00,0.710707,0.8699268698692322
2009/3/9 0:00,0.71053,0.8701714873313904
2009/3/10 0:00,0.709421,0.870676577091217
2009/3/11 0:00,0.718933,0.870430588722229
2009/3/12 0:00,0.714566,0.8701798319816589
2009/3/13 0:00,0.711136,0.8698699474334717
2009/3/14 0:00,0.704771,0.8704872131347656
2009/3/15 0:00,0.704573,0.870975911617279
2009/3/16 0:00,0.704573,0.8718626499176025
2009/3/17 0:00,0.71144,0.8716908097267151
2009/3/18 0:00,0.713572,0.8718667030334473
2009/3/19 0:00,0.72015,0.8717755079269409
2009/3/20 0:00,0.699496,0.8716749548912048
2009/3/21 0:00,0.699374,0.8733596205711365
2009/3/22 0:00,0.698348,0.8731833696365356
2009/3/23 0:00,0.698348,0.872981607913971
2009/3/24 0:00,0.700084,0.8731239438056946
2009/3/25 0:00,0.698666,0.8730180263519287
2009/3/26 0:00,0.691587,0.8731530904769897
2009/3/27 0:00,0.692353,0.8731772899627686
2009/3/28 0:00,0.689941,0.8731251358985901
2009/3/29 0:00,0.691252,0.872610330581665
2009/3/30 0:00,0.691252,0.8724799156188965
2009/3/31 0:00,0.686554,0.8726322650909424
2009/4/1 0:00,0.684791,0.8729239106178284
2009/4/2 0:00,0.689608,0.8726740479469299
2009/4/3 0:00,0.691276,0.8728105425834656
2009/4/4 0:00,0.683317,0.8729989528656006
2009/4/5 0:00,0.684346,0.8732006549835205
2009/4/6 0:00,0.684346,0.8729751706123352
2009/4/7 0:00,0.687592,0.8735582232475281
2009/4/8 0:00,0.677553,0.8736981153488159
2009/4/9 0:00,0.675014,0.8736487627029419
2009/4/10 0:00,0.672359,0.8732864856719971
2009/4/11 0:00,0.669142,0.8730529546737671
2009/4/12 0:00,0.669232,0.8728324770927429
2009/4/13 0:00,0.669546,0.8731350898742676
2009/4/14 0:00,0.669456,0.8730777502059937
2009/4/15 0:00,0.665181,0.8729949593544006
2009/4/16 0:00,0.672699,0.8730116486549377
2009/4/17 0:00,0.671953,0.8735626339912415
2009/4/18 0:00,0.669299,0.8737114071846008
2009/4/19 0:00,0.671637,0.873836100101471
2009/4/20 0:00,0.67245,0.8739792108535767
2009/4/21 0:00,0.669411,0.8741368055343628
2009/4/22 0:00,0.670983,0.873529314994812
2009/4/23 0:00,0.659914,0.8731930255889893
2009/4/24 0:00,0.652039,0.8733183145523071
2009/4/25 0:00,0.652337,0.8736684322357178
2009/4/26 0:00,0.652167,0.8733410835266113
2009/4/27 0:00,0.652167,0.873298704624176
2009/4/28 0:00,0.657203,0.8736727237701416
2009/4/29 0:00,0.664518,0.8739169239997864
2009/4/30 0:00,0.65835,0.873594343662262
2009/5/1 0:00,0.664253,0.8739779591560364
2009/5/2 0:00,0.656944,0.8740977048873901
2009/5/3 0:00,0.657657,0.8739970922470093
2009/5/4 0:00,0.657657,0.8733196258544922
2009/5/5 0:00,0.661726,0.8729421496391296
2009/5/6 0:00,0.669949,0.8725465536117554
2009/5/7 0:00,0.670309,0.872825562953949
2009/5/8 0:00,0.659304,0.8730627298355103
2009/5/9 0:00,0.660677,0.8732404708862305
2009/5/10 0:00,0.659348,0.8733701109886169
2009/5/11 0:00,0.659348,0.8737644553184509
2009/5/12 0:00,0.659914,0.8739186525344849
2009/5/13 0:00,0.655351,0.8740440607070923
2009/5/14 0:00,0.651742,0.8740823864936829
2009/5/15 0:00,0.6549,0.8742873072624207
2009/5/16 0:00,0.661266,0.8736693859100342
2009/5/17 0:00,0.662076,0.8737759590148926
2009/5/18 0:00,0.662076,0.8740982413291931
2009/5/19 0:00,0.661638,0.8748859167098999
2009/5/20 0:00,0.653061,0.8746309876441956
2009/5/21 0:00,0.662515,0.8745943903923035
2009/5/22 0:00,0.656362,0.8747763633728027
2009/5/23 0:00,0.654729,0.8744938969612122
2009/5/24 0:00,0.654151,0.8732725381851196
2009/5/25 0:00,0.654151,0.8731108903884888
2009/5/26 0:00,0.65796,0.8729364275932312
2009/5/27 0:00,0.657635,0.8730868697166443
2009/5/28 0:00,0.659718,0.8729977607727051
2009/5/29 0:00,0.66335,0.8731608986854553
2009/5/30 0:00,0.668963,0.8732398748397827
2009/5/31 0:00,0.668606,0.8732168078422546
2009/6/1 0:00,0.668606,0.8727170825004578
2009/6/2 0:00,0.653253,0.8725618124008179
2009/6/3 0:00,0.650893,0.8726740479469299
2009/6/4 0:00,0.642261,0.8729990720748901
2009/6/5 0:00,0.645599,0.8727936744689941
2009/6/6 0:00,0.645494,0.8729777336120605
2009/6/7 0:00,0.64635,0.873144268989563
2009/6/8 0:00,0.64635,0.8733265399932861
2009/6/9 0:00,0.635445,0.8731158375740051
2009/6/10 0:00,0.634296,0.873745858669281
2009/6/11 0:00,0.635001,0.873925507068634
2009/6/12 0:00,0.639304,0.8738754391670227
2009/6/13 0:00,0.629287,0.8735319375991821
2009/6/14 0:00,0.627943,0.8733041286468506
2009/6/15 0:00,0.627943,0.8730757832527161
2009/6/16 0:00,0.625645,0.8733423948287964
2009/6/17 0:00,0.633955,0.8732166290283203
2009/6/18 0:00,0.64,0.8731330633163452
2009/6/19 0:00,0.630656,0.873183012008667
2009/6/20 0:00,0.631512,0.8737451434135437
2009/6/21 0:00,0.631752,0.8738480806350708
2009/6/22 0:00,0.631752,0.8739742040634155
2009/6/23 0:00,0.633052,0.8741625547409058
2009/6/24 0:00,0.633032,0.874345600605011
2009/6/25 0:00,0.635344,0.8737241625785828
2009/6/26 0:00,0.633874,0.8733627796173096
2009/6/27 0:00,0.641746,0.8734785318374634
2009/6/28 0:00,0.640061,0.8738237619400024
2009/6/29 0:00,0.639754,0.8735426664352417
2009/6/30 0:00,0.631453,0.8735371232032776
2009/7/1 0:00,0.629545,0.8738906383514404
2009/7/2 0:00,0.625156,0.8741269707679749
2009/7/3 0:00,0.634659,0.8737826943397522
2009/7/4 0:00,0.637308,0.874183714389801
2009/7/5 0:00,0.638325,0.8742554187774658
2009/7/6 0:00,0.638325,0.8740952014923096
2009/7/7 0:00,0.633633,0.8734185099601746
2009/7/8 0:00,0.635364,0.873067319393158
2009/7/9 0:00,0.639509,0.8727036714553833
2009/7/10 0:00,0.639795,0.8729597926139832
2009/7/11 0:00,0.642653,0.8731658458709717
2009/7/12 0:00,0.644517,0.8732833862304688
2009/7/13 0:00,0.644517,0.8734084963798523
2009/7/14 0:00,0.649393,0.8737797737121582
2009/7/15 0:00,0.653531,0.8738709688186646
2009/7/16 0:00,0.661835,0.8740004301071167
2009/7/17 0:00,0.66368,0.8740626573562622
2009/7/18 0:00,0.670399,0.8742886781692505
2009/7/19 0:00,0.669232,0.8736119866371155
2009/7/20 0:00,0.669232,0.8736487627029419
2009/7/21 0:00,0.673446,0.8739291429519653
2009/7/22 0:00,0.66865,0.8746946454048157
2009/7/23 0:00,0.676613,0.8744567036628723
2009/7/24 0:00,0.687002,0.8743950128555298
2009/7/25 0:00,0.680156,0.8745114207267761
2009/7/26 0:00,0.680944,0.8741350769996643
2009/7/27 0:00,0.680944,0.8753951191902161
2009/7/28 0:00,0.680064,0.8753373622894287
2009/7/29 0:00,0.675858,0.8751143217086792
2009/7/30 0:00,0.673151,0.8752988576889038
2009/7/31 0:00,0.678058,0.8752117156982422
2009/8/1 0:00,0.674787,0.8753092288970947
2009/8/2 0:00,0.675151,0.8752557039260864
2009/8/3 0:00,0.675333,0.8753266930580139
2009/8/4 0:00,0.679117,0.8747912049293518
2009/8/5 0:00,0.678702,0.874665379524231
2009/8/6 0:00,0.671795,0.8745909333229065
2009/8/7 0:00,0.668047,0.8748891949653625
2009/8/8 0:00,0.676201,0.8747447729110718
2009/8/9 0:00,0.677438,0.8748627305030823
2009/8/10 0:00,0.677438,0.8748261332511902
2009/8/11 0:00,0.67465,0.8750359416007996
2009/8/12 0:00,0.667401,0.8749191164970398
2009/8/13 0:00,0.657787,0.8753766417503357
2009/8/14 0:00,0.662647,0.8753629326820374
2009/8/15 0:00,0.65136,0.8753812313079834
2009/8/16 0:00,0.652443,0.8751188516616821
2009/8/17 0:00,0.652443,0.8750061392784119
2009/8/18 0:00,0.653787,0.8747353553771973
2009/8/19 0:00,0.652891,0.8751256465911865
2009/8/20 0:00,0.65606,0.8751059770584106
2009/8/21 0:00,0.653659,0.8749752640724182
2009/8/22 0:00,0.652699,0.8748645782470703
2009/8/23 0:00,0.654643,0.8754372000694275
2009/8/24 0:00,0.654643,0.8755432367324829
2009/8/25 0:00,0.648887,0.8755282759666443
2009/8/26 0:00,0.646057,0.8755680322647095
2009/8/27 0:00,0.643646,0.8757213950157166
2009/8/28 0:00,0.65796,0.8750521540641785
2009/8/29 0:00,0.655996,0.8746881484985352
2009/8/30 0:00,0.656319,0.874686598777771
2009/8/31 0:00,0.656319,0.8750733137130737
2009/9/1 0:00,0.65119,0.8748577237129211
2009/9/2 0:00,0.653232,0.8747856616973877
2009/9/3 0:00,0.657052,0.8748364448547363
2009/9/4 0:00,0.657397,0.8751401901245117
2009/9/5 0:00,0.653296,0.875023365020752
2009/9/6 0:00,0.653445,0.8754132390022278
2009/9/7 0:00,0.653445,0.8754338622093201
2009/9/8 0:00,0.657592,0.8753848075866699
2009/9/9 0:00,0.667646,0.8749191761016846
2009/9/10 0:00,0.66335,0.8746126294136047
2009/9/11 0:00,0.663416,0.8741933703422546
2009/9/12 0:00,0.675402,0.8744587898254395
2009/9/13 0:00,0.674559,0.8747395277023315
2009/9/14 0:00,0.674559,0.8748045563697815
2009/9/15 0:00,0.664651,0.8747402429580688
2009/9/16 0:00,0.66368,0.8751396536827087
2009/9/17 0:00,0.662537,0.8751325607299805
2009/9/18 0:00,0.676521,0.8751294016838074
2009/9/19 0:00,0.672382,0.8750820159912109
2009/9/20 0:00,0.671862,0.8753127455711365
2009/9/21 0:00,0.671862,0.8745979070663452
2009/9/22 0:00,0.677094,0.8744916915893555
2009/9/23 0:00,0.6749,0.8746607303619385
2009/9/24 0:00,0.677048,0.875318706035614
2009/9/25 0:00,0.669411,0.8752318620681763
2009/9/26 0:00,0.675105,0.8752059936523438
2009/9/27 0:00,0.672721,0.8752446174621582
2009/9/28 0:00,0.672721,0.8751437664031982
2009/9/29 0:00,0.676956,0.875596821308136
2009/9/30 0:00,0.680944,0.8755027055740356
2009/10/1 0:00,0.678656,0.8752314448356628
2009/10/2 0:00,0.684065,0.8753769397735596
2009/10/3 0:00,0.682827,0.8752825856208801
2009/10/4 0:00,0.684065,0.8753958344459534
2009/10/5 0:00,0.684065,0.875324547290802
2009/10/6 0:00,0.685096,0.8753906488418579
2009/10/7 0:00,0.687238,0.8747872710227966
2009/10/8 0:00,0.683644,0.8746991753578186
2009/10/9 0:00,0.684018,0.8746795654296875
2009/10/10 0:00,0.68465,0.8749861717224121
2009/10/11 0:00,0.684252,0.8748233318328857
2009/10/12 0:00,0.684252,0.8748942017555237
2009/10/13 0:00,0.673197,0.8749187588691711
2009/10/14 0:00,0.66986,0.8751122951507568
2009/10/15 0:00,0.663812,0.8749397397041321
2009/10/16 0:00,0.665048,0.8753604888916016
2009/10/17 0:00,0.65563,0.8753423690795898
2009/10/18 0:00,0.654322,0.8753377199172974
2009/10/19 0:00,0.654322,0.8750611543655396
2009/10/20 0:00,0.6546,0.8750532865524292
2009/10/21 0:00,0.651742,0.8748260736465454
2009/10/22 0:00,0.656146,0.8752169609069824
2009/10/23 0:00,0.646392,0.875204861164093
2009/10/24 0:00,0.643211,0.8751001358032227
2009/10/25 0:00,0.64658,0.8749756813049316
2009/10/26 0:00,0.64658,0.8755020499229431
2009/10/27 0:00,0.644247,0.8756462335586548
2009/10/28 0:00,0.648803,0.8756563663482666
2009/10/29 0:00,0.639039,0.8757120370864868
2009/10/30 0:00,0.649625,0.8758074641227722
2009/10/31 0:00,0.647941,0.8751446008682251
2009/11/1 0:00,0.649266,0.8748519420623779
2009/11/2 0:00,0.649266,0.874912679195404
2009/11/3 0:00,0.647249,0.8753561973571777
2009/11/4 0:00,0.649393,0.8750795722007751
2009/11/5 0:00,0.652933,0.8749785423278809
2009/11/6 0:00,0.646998,0.875027596950531
2009/11/7 0:00,0.6466,0.8753321766853333
2009/11/8 0:00,0.648424,0.8751147389411926
2009/11/9 0:00,0.648424,0.8754061460494995
2009/11/10 0:00,0.651232,0.8754299283027649
2009/11/11 0:00,0.649161,0.8753423094749451
2009/11/12 0:00,0.665624,0.8748953938484192
2009/11/13 0:00,0.673106,0.8746328353881836
2009/11/14 0:00,0.662361,0.8742586970329285
2009/11/15 0:00,0.662954,0.8745052814483643
2009/11/16 0:00,0.662954,0.8747743964195251
2009/11/17 0:00,0.663504,0.8748918175697327
2009/11/18 0:00,0.666045,0.8748032450675964
2009/11/19 0:00,0.664386,0.8751994371414185
2009/11/20 0:00,0.668248,0.8751935958862305
2009/11/21 0:00,0.662888,0.87528395652771
2009/11/22 0:00,0.662669,0.8752654194831848
2009/11/23 0:00,0.662669,0.8754250407218933
2009/11/24 0:00,0.665447,0.8747372627258301
2009/11/25 0:00,0.656534,0.8746576309204102
2009/11/26 0:00,0.662888,0.874910295009613
2009/11/27 0:00,0.661704,0.8755419850349426
2009/11/28 0:00,0.661354,0.8754276037216187
2009/11/29 0:00,0.662954,0.8753485083580017
2009/11/30 0:00,0.662954,0.875353217124939
2009/12/1 0:00,0.672156,0.8752684593200684
2009/12/2 0:00,0.666333,0.8755370378494263
2009/12/3 0:00,0.663196,0.875281572341919
2009/12/4 0:00,0.669411,0.8750100135803223
2009/12/5 0:00,0.66368,0.8750919103622437
2009/12/6 0:00,0.662954,0.8749270439147949
2009/12/7 0:00,0.662954,0.8749127984046936
2009/12/8 0:00,0.6595,0.8748408555984497
2009/12/9 0:00,0.661967,0.874841570854187
2009/12/10 0:00,0.664253,0.8742685914039612
2009/12/11 0:00,0.674445,0.874134361743927
2009/12/12 0:00,0.680342,0.8741612434387207
2009/12/13 0:00,0.682035,0.8744274377822876
2009/12/14 0:00,0.682035,0.8743717670440674
2009/12/15 0:00,0.679856,0.8744496703147888
2009/12/16 0:00,0.67595,0.8744252920150757
2009/12/17 0:00,0.67974,0.8744834661483765
2009/12/18 0:00,0.666045,0.8743966221809387
2009/12/19 0:00,0.676659,0.8748807907104492
2009/12/20 0:00,0.674491,0.8749349117279053
2009/12/21 0:00,0.674491,0.8749657273292542
2009/12/22 0:00,0.668025,0.8747674822807312
2009/12/23 0:00,0.659304,0.8746933341026306
2009/12/24 0:00,0.659391,0.8745394945144653
2009/12/25 0:00,0.684838,0.8749843239784241
2009/12/26 0:00,0.680342,0.8749978542327881
2009/12/27 0:00,0.679648,0.8747365474700928
2009/12/28 0:00,0.679648,0.8746015429496765
2009/12/29 0:00,0.67506,0.8750966787338257
2009/12/30 0:00,0.674514,0.8751302361488342
2009/12/31 0:00,0.66986,0.8749876022338867
2010/1/1 0:00,0.669591,0.8750273585319519
2010/1/2 0:00,0.668405,0.8751412630081177
2010/1/3 0:00,0.668695,0.874523401260376
2010/1/4 0:00,0.668695,0.8742125630378723
2010/1/5 0:00,0.671885,0.8743693232536316
2010/1/6 0:00,0.684556,0.8748067617416382
2010/1/7 0:00,0.691085,0.8745745420455933
2010/1/8 0:00,0.692113,0.874453067779541
2010/1/9 0:00,0.690179,0.8744298219680786
2010/1/10 0:00,0.690417,0.8745219707489014
2010/1/11 0:00,0.69025,0.87432861328125
2010/1/12 0:00,0.684627,0.8747146129608154
2010/1/13 0:00,0.67891,0.8748384714126587
2010/1/14 0:00,0.682198,0.8746869564056396
2010/1/15 0:00,0.677209,0.8742106556892395
2010/1/16 0:00,0.680897,0.8738973140716553
2010/1/17 0:00,0.680851,0.8735679388046265
2010/1/18 0:00,0.680851,0.8738133311271667
2010/1/19 0:00,0.686059,0.8741018772125244
2010/1/20 0:00,0.69056,0.8741449117660522
2010/1/21 0:00,0.691611,0.874101996421814
2010/1/22 0:00,0.687002,0.8746113777160645
2010/1/23 0:00,0.691491,0.8747566342353821
2010/1/24 0:00,0.69197,0.8747991919517517
2010/1/25 0:00,0.69197,0.8747841119766235
2010/1/26 0:00,0.694686,0.8749347925186157
2010/1/27 0:00,0.703878,0.8743114471435547
2010/1/28 0:00,0.698812,0.8740888237953186
2010/1/29 0:00,0.690989,0.8743470907211304
2010/1/30 0:00,0.684767,0.8749760389328003
2010/1/31 0:00,0.685307,0.8748972415924072
2010/2/1 0:00,0.685307,0.8747764825820923
2010/2/2 0:00,0.684744,0.8748124837875366
2010/2/3 0:00,0.68861,0.8746614456176758
2010/2/4 0:00,0.685495,0.8757720589637756
2010/2/5 0:00,0.697934,0.8755079507827759
2010/2/6 0:00,0.697107,0.8751837015151978
2010/2/7 0:00,0.697739,0.8752166628837585
2010/2/8 0:00,0.697739,0.8750302791595459
2010/2/9 0:00,0.701705,0.8749643564224243
2010/2/10 0:00,0.693433,0.8748665452003479
2010/2/11 0:00,0.686908,0.8748283386230469
2010/2/12 0:00,0.68835,0.8742145299911499
2010/2/13 0:00,0.684346,0.8741388916969299
2010/2/14 0:00,0.683878,0.8743129372596741
2010/2/15 0:00,0.683878,0.8746233582496643
2010/2/16 0:00,0.676888,0.8745135068893433
2010/2/17 0:00,0.675083,0.8745285272598267
2010/2/18 0:00,0.683924,0.874606192111969
2010/2/19 0:00,0.681199,0.8746703863143921
2010/2/20 0:00,0.678196,0.6812319159507751
2010/2/21 0:00,0.676842,0.6813421249389648
2010/2/22 0:00,0.676842,0.6811158061027527
2010/2/23 0:00,0.679509,0.6805478930473328
2010/2/24 0:00,0.682012,0.6805635690689087
2010/2/25 0:00,0.679833,0.6806930303573608
2010/2/26 0:00,0.674946,0.6804397106170654
2010/2/27 0:00,0.676842,0.6801220178604126
2010/2/28 0:00,0.676498,0.6804910898208618
2010/3/1 0:00,0.676247,0.6802672147750854
2010/3/2 0:00,0.676842,0.6801465749740601
2010/3/3 0:00,0.673197,0.6802433133125305
2010/3/4 0:00,0.676064,0.680415689945221
2010/3/5 0:00,0.67365,0.6803140640258789
2010/3/6 0:00,0.670488,0.6801344156265259
2010/3/7 0:00,0.669411,0.6797388195991516
2010/3/8 0:00,0.669546,0.67945396900177
2010/3/9 0:00,0.669905,0.6795987486839294
2010/3/10 0:00,0.676384,0.680075466632843
2010/3/11 0:00,0.681849,0.6796851754188538
2010/3/12 0:00,0.681129,0.6790869832038879
2010/3/13 0:00,0.693914,0.6791167855262756
2010/3/14 0:00,0.695628,0.6795965433120728
2010/3/15 0:00,0.695628,0.6792788505554199
2010/3/16 0:00,0.693241,0.6788118481636047
2010/3/17 0:00,0.696961,0.6788860559463501
2010/3/18 0:00,0.702149,0.6791410446166992
2010/3/19 0:00,0.712555,0.6786142587661743
2010/3/20 0:00,0.704523,0.6786817312240601
2010/3/21 0:00,0.705567,0.678903341293335
2010/3/22 0:00,0.705567,0.6785287857055664
2010/3/23 0:00,0.705517,0.67828369140625
2010/3/24 0:00,0.699888,0.678839385509491
2010/3/25 0:00,0.703087,0.6787874102592468
2010/3/26 0:00,0.704449,0.678257405757904
2010/3/27 0:00,0.706414,0.6783733367919922
2010/3/28 0:00,0.705442,0.6788879036903381
2010/3/29 0:00,0.705069,0.6790528893470764
2010/3/30 0:00,0.711187,0.6790943145751953
2010/3/31 0:00,0.712911,0.678741991519928
2010/4/1 0:00,0.71582,0.6785458326339722
2010/4/2 0:00,0.724113,0.6783615350723267
2010/4/3 0:00,0.713318,0.6785011291503906
2010/4/4 0:00,0.713318,0.678613007068634
2010/4/5 0:00,0.713318,0.6784775853157043
2010/4/6 0:00,0.699399,0.6785941123962402
2010/4/7 0:00,0.702889,0.6794515252113342
2010/4/8 0:00,0.71048,0.679839015007019
2010/4/9 0:00,0.711288,0.6791940331459045
2010/4/10 0:00,0.716435,0.6787627935409546
2010/4/11 0:00,0.717952,0.6788855195045471
2010/4/12 0:00,0.717952,0.6781760454177856
2010/4/13 0:00,0.722961,0.677973747253418
2010/4/14 0:00,0.714235,0.6784173250198364
2010/4/15 0:00,0.711238,0.6786730289459229
2010/4/16 0:00,0.722648,0.6785120964050293
2010/4/17 0:00,0.72873,0.678837776184082
2010/4/18 0:00,0.730647,0.6789848208427429
2010/4/19 0:00,0.730647,0.679176926612854
2010/4/20 0:00,0.721917,0.67918860912323
2010/4/21 0:00,0.731904,0.6794745326042175
2010/4/22 0:00,0.728651,0.6795651912689209
2010/4/23 0:00,0.720773,0.6792504787445068
2010/4/24 0:00,0.714235,0.6783127784729004
2010/4/25 0:00,0.711642,0.6815670728683472
2010/4/26 0:00,0.711642,0.6816741228103638
2010/4/27 0:00,0.710858,0.6813660860061646
2010/4/28 0:00,0.704597,0.6808182001113892
2010/4/29 0:00,0.702321,0.6808773875236511
2010/4/30 0:00,0.697569,0.681006669998169
2010/5/1 0:00,0.699081,0.6807316541671753
2010/5/2 0:00,0.700158,0.6804584860801697
2010/5/3 0:00,0.700158,0.6808213591575623
2010/5/4 0:00,0.699252,0.6805440187454224
2010/5/5 0:00,0.703755,0.6804385781288147
2010/5/6 0:00,0.705069,0.6805428266525269
2010/5/7 0:00,0.707064,0.6807144284248352
2010/5/8 0:00,0.721527,0.6805363893508911
2010/5/9 0:00,0.720357,0.6803774237632751
2010/5/10 0:00,0.720357,0.6799464821815491
2010/5/11 0:00,0.719243,0.6795865893363953
2010/5/12 0:00,0.723615,0.6797037720680237
2010/5/13 0:00,0.714898,0.6802390813827515
2010/5/14 0:00,0.717901,0.6798412203788757
2010/5/15 0:00,0.714031,0.6792702674865723
2010/5/16 0:00,0.713801,0.6794074773788452
2010/5/17 0:00,0.713801,0.6798802614212036
2010/5/18 0:00,0.714184,0.6794900894165039
2010/5/19 0:00,0.715871,0.6790817975997925
2010/5/20 0:00,0.722022,0.6792436838150024
2010/5/21 0:00,0.72197,0.6795058846473694
2010/5/22 0:00,0.719476,0.6789370179176331
2010/5/23 0:00,0.719709,0.6790446639060974
2010/5/24 0:00,0.719709,0.6793402433395386
2010/5/25 0:00,0.721215,0.6789196729660034
2010/5/26 0:00,0.728465,0.6786753535270691
2010/5/27 0:00,0.722831,0.679300844669342
2010/5/28 0:00,0.72873,0.6792569160461426
2010/5/29 0:00,0.726085,0.6786577105522156
2010/5/30 0:00,0.727405,0.6787689328193665
2010/5/31 0:00,0.727405,0.6792700290679932
2010/6/1 0:00,0.727379,0.6793926954269409
2010/6/2 0:00,0.730994,0.6795322299003601
2010/6/3 0:00,0.729625,0.6792898178100586
2010/6/4 0:00,0.729581,0.6791377663612366
2010/6/5 0:00,0.72619,0.6788475513458252
2010/6/6 0:00,0.723798,0.6789941191673279
2010/6/7 0:00,0.723956,0.6790884137153625
2010/6/8 0:00,0.7259,0.678929328918457
2010/6/9 0:00,0.721189,0.6791216135025024
2010/6/10 0:00,0.7259,0.6800117492675781
2010/6/11 0:00,0.728412,0.6803568601608276
2010/6/12 0:00,0.729208,0.6797249913215637
2010/6/13 0:00,0.730353,0.6793570518493652
2010/6/14 0:00,0.729501,0.6795656681060791
2010/6/15 0:00,0.730807,0.6788420677185059
2010/6/16 0:00,0.741812,0.6787283420562744
2010/6/17 0:00,0.744685,0.6792808175086975
2010/6/18 0:00,0.739208,0.6794312000274658
2010/6/19 0:00,0.733192,0.6791074275970459
2010/6/20 0:00,0.732091,0.6794253587722778
2010/6/21 0:00,0.731957,0.6795851588249207
2010/6/22 0:00,0.726111,0.679698646068573
2010/6/23 0:00,0.726348,0.6797858476638794
2010/6/24 0:00,0.729076,0.6802154779434204
2010/6/25 0:00,0.731074,0.6803634762763977
2010/6/26 0:00,0.726401,0.6801036596298218
2010/6/27 0:00,0.726559,0.6793337464332581
2010/6/28 0:00,0.726401,0.679024875164032
2010/6/29 0:00,0.730007,0.6791890263557434
2010/6/30 0:00,0.730727,0.679100751876831
2010/7/1 0:00,0.731609,0.6786147952079773
2010/7/2 0:00,0.730994,0.6786829233169556
2010/7/3 0:00,0.723014,0.6787142157554626
2010/7/4 0:00,0.72469,0.6782801151275635
2010/7/5 0:00,0.72469,0.6779889464378357
2010/7/6 0:00,0.728226,0.6784044504165649
2010/7/7 0:00,0.730034,0.6782804131507874
2010/7/8 0:00,0.725426,0.6783398389816284
2010/7/9 0:00,0.725979,0.6782862544059753
2010/7/10 0:00,0.728783,0.6784424185752869
2010/7/11 0:00,0.728385,0.6782951354980469
2010/7/12 0:00,0.728518,0.678476095199585
2010/7/13 0:00,0.726956,0.6777269840240479
2010/7/14 0:00,0.722308,0.6770458817481995
2010/7/15 0:00,0.717772,0.6772662401199341
2010/7/16 0:00,0.715359,0.6781080365180969
2010/7/17 0:00,0.71347,0.6779009103775024
2010/7/18 0:00,0.716307,0.6772211194038391
2010/7/19 0:00,0.713216,0.6770790219306946
2010/7/20 0:00,0.704945,0.6775902509689331
2010/7/21 0:00,0.707114,0.6773478388786316
2010/7/22 0:00,0.709698,0.677070140838623
2010/7/23 0:00,0.710631,0.6772974729537964
2010/7/24 0:00,0.708667,0.6776936054229736
2010/7/25 0:00,0.708717,0.6770719885826111
2010/7/26 0:00,0.713267,0.6770904660224915
2010/7/27 0:00,0.720487,0.6772876977920532
2010/7/28 0:00,0.722961,0.6769360899925232
2010/7/29 0:00,0.720098,0.6767325401306152
2010/7/30 0:00,0.715922,0.6773222088813782
2010/7/31 0:00,0.716384,0.6770573854446411
2010/8/1 0:00,0.716384,0.6763495802879333
2010/8/2 0:00,0.71286,0.6763520240783691
2010/8/3 0:00,0.716435,0.6768777370452881
2010/8/4 0:00,0.715615,0.6772703528404236
2010/8/5 0:00,0.711642,0.6777814030647278
2010/8/6 0:00,0.714796,0.677330493927002
2010/8/7 0:00,0.716692,0.6768341064453125
2010/8/8 0:00,0.716486,0.6766786575317383
2010/8/9 0:00,0.714439,0.6773508787155151
2010/8/10 0:00,0.715768,0.677539050579071
2010/8/11 0:00,0.730407,0.6772651672363281
2010/8/12 0:00,0.732547,0.6770410537719727
2010/8/13 0:00,0.732493,0.6779488325119019
2010/8/14 0:00,0.732896,0.6782293319702148
2010/8/15 0:00,0.732789,0.6775407791137695
2010/8/16 0:00,0.732225,0.6772856116294861
2010/8/17 0:00,0.735889,0.6777359247207642
2010/8/18 0:00,0.729501,0.6770233511924744
2010/8/19 0:00,0.720409,0.6770194172859192
2010/8/20 0:00,0.713521,0.677645206451416
2010/8/21 0:00,0.711845,0.6779558062553406
2010/8/22 0:00,0.711845,0.6777297854423523
2010/8/23 0:00,0.708265,0.6782168745994568
2010/8/24 0:00,0.708291,0.6782617568969727
2010/8/25 0:00,0.707364,0.6783672571182251
2010/8/26 0:00,0.705916,0.6784247159957886
2010/8/27 0:00,0.70279,0.6788579225540161
2010/8/28 0:00,0.701656,0.6791449189186096
2010/8/29 0:00,0.700795,0.6790137887001038
2010/8/30 0:00,0.705393,0.6780833005905151
2010/8/31 0:00,0.704722,0.6756049394607544
2010/9/1 0:00,0.700697,0.6765462160110474
2010/9/2 0:00,0.70055,0.6768001914024353
2010/9/3 0:00,0.704399,0.6759793758392334
2010/9/4 0:00,0.704349,0.6754230856895447
2010/9/5 0:00,0.7043,0.6757802963256836
2010/9/6 0:00,0.706714,0.6760755777359009
2010/9/7 0:00,0.711288,0.6759673357009888
2010/9/8 0:00,0.708015,0.6764355897903442
2010/9/9 0:00,0.706814,0.6763342022895813
2010/9/10 0:00,0.713496,0.6760150790214539
2010/9/11 0:00,0.714184,0.6756575703620911
2010/9/12 0:00,0.714184,0.6758123636245728
2010/9/13 0:00,0.713216,0.6765459775924683
2010/9/14 0:00,0.711592,0.676937460899353
2010/9/15 0:00,0.715615,0.6761742830276489
2010/9/16 0:00,0.716153,0.675603985786438
2010/9/17 0:00,0.713903,0.6760188341140747
2010/9/18 0:00,0.713547,0.6764978170394897
2010/9/19 0:00,0.713598,0.6759830713272095
2010/9/20 0:00,0.718856,0.6752904057502747
2010/9/21 0:00,0.720617,0.674884021282196
2010/9/22 0:00,0.723014,0.6751340627670288
2010/9/23 0:00,0.701238,0.6752695441246033
2010/9/24 0:00,0.698666,0.6755489706993103
2010/9/25 0:00,0.696088,0.6761361360549927
2010/9/26 0:00,0.696088,0.6763749122619629
2010/9/27 0:00,0.695217,0.6754992008209229
2010/9/28 0:00,0.691683,0.6747658252716064
2010/9/29 0:00,0.690322,0.6752641201019287
2010/9/30 0:00,0.690655,0.675235390663147
2010/10/1 0:00,0.687191,0.6752766370773315
2010/10/2 0:00,0.687687,0.6760768890380859
2010/10/3 0:00,0.687687,0.675794780254364
2010/10/4 0:00,0.690846,0.67535400390625
2010/10/5 0:00,0.688753,0.6752157807350159
2010/10/6 0:00,0.690846,0.6756097078323364
2010/10/7 0:00,0.695701,0.6764736771583557
2010/10/8 0:00,0.695943,0.6771886944770813
2010/10/9 0:00,0.692689,0.676504373550415
2010/10/10 0:00,0.692689,0.6759040355682373
